precinct_key,district_num,area_weight
ANDREW - 000020,6,1.000000
ANDREW - 000017,6,1.000000
ANDREW - 000021,6,1.000000
ANDREW - 000012,6,1.000000
ANDREW - 000015,6,1.000000
ANDREW - 000010,6,1.000000
ANDREW - 000019,6,1.000000
ANDREW - 000016,6,1.000000
ANDREW - 000006,6,1.000000
ANDREW - 000007,6,1.000000
ANDREW - 000003,6,1.000000
ANDREW - 000002,6,1.000000
ANDREW - 000011,6,1.000000
ANDREW - 000005,6,1.000000
ANDREW - 000004,6,1.000000
ANDREW - 000013,6,1.000000
ANDREW - 000014,6,1.000000
ANDREW - 000009,6,1.000000
ANDREW - 000008,6,1.000000
ANDREW - 000018,6,1.000000
BUTLER - 000006,8,1.000000
BUTLER - 000021,8,1.000000
BUTLER - 000002,8,1.000000
BUTLER - 000008,8,1.000000
BUTLER - 000024,8,1.000000
BUTLER - 000013,8,1.000000
BUTLER - 000007,8,1.000000
BUTLER - 000026,8,1.000000
BUTLER - 000022,8,1.000000
BUTLER - 000025,8,1.000000
BUTLER - 000004,8,1.000000
BUTLER - 000011,8,1.000000
BUTLER - 000003,8,1.000000
BUTLER - 000005,8,1.000000
BUTLER - 000015,8,1.000000
BUTLER - 000012,8,1.000000
BUTLER - 000014,8,1.000000
BUTLER - 000023,8,1.000000
BUTLER - 000010,8,1.000000
BUTLER - 000019,8,1.000000
BUTLER - 000017,8,1.000000
BUTLER - 000020,8,1.000000
BUTLER - 000016,8,1.000000
BUTLER - 000009,8,1.000000
BUTLER - 000018,8,1.000000
ATCHISON - 000004,6,1.000000
ATCHISON - 000006,6,1.000000
ATCHISON - 000002,6,1.000000
ATCHISON - 000005,6,1.000000
ATCHISON - 000007,6,1.000000
JEFFERSON - 000029,3,1.000000
JEFFERSON - 000045,8,1.000000
JEFFERSON - 000051,3,1.000000
JEFFERSON - 000070,8,1.000000
DUNKLIN - 000021,8,1.000000
DUNKLIN - 000005,8,1.000000
DUNKLIN - 000010,8,1.000000
DUNKLIN - 000006,8,1.000000
DUNKLIN - 000011,8,1.000000
DUNKLIN - 000020,8,1.000000
DUNKLIN - 000002,8,1.000000
DUNKLIN - 000018,8,1.000000
DUNKLIN - 000004,8,1.000000
DUNKLIN - 000017,8,1.000000
DUNKLIN - 000008,8,1.000000
DUNKLIN - 000022,8,1.000000
DUNKLIN - 000003,8,1.000000
DUNKLIN - 000007,8,1.000000
DUNKLIN - 000009,8,1.000000
DUNKLIN - 000016,8,1.000000
DUNKLIN - 000014,8,1.000000
DUNKLIN - 000015,8,1.000000
DUNKLIN - 000013,8,1.000000
DUNKLIN - 000012,8,1.000000
WAYNE - 000007,8,1.000000
WAYNE - 000008,8,1.000000
WAYNE - 000019,8,1.000000
WAYNE - 000016,8,1.000000
WAYNE - 000012,8,1.000000
WAYNE - 000018,8,1.000000
WAYNE - 000015,8,1.000000
WAYNE - 000002,8,1.000000
WAYNE - 000021,8,1.000000
WAYNE - 000017,8,1.000000
WAYNE - 000009,8,1.000000
WAYNE - 000003,8,1.000000
WAYNE - 000005,8,1.000000
WAYNE - 000006,8,1.000000
WAYNE - 000011,8,1.000000
WAYNE - 000010,8,1.000000
WAYNE - 000013,8,1.000000
WAYNE - 000004,8,1.000000
WAYNE - 000020,8,1.000000
WAYNE - 000014,8,1.000000
WARREN - 000018,2,1.000000
WARREN - 000006,2,1.000000
WARREN - 000022,3,1.000000
WARREN - 000002,2,1.000000
WARREN - 000008,2,1.000000
WARREN - 000003,2,1.000000
WARREN - 000007,2,1.000000
WARREN - 000013,3,0.524444
WARREN - 000013,2,0.475556
WARREN - 000016,2,1.000000
WARREN - 000009,2,1.000000
WARREN - 000023,3,0.726667
WARREN - 000023,2,0.273333
WARREN - 000024,2,1.000000
WARREN - 000012,2,1.000000
WARREN - 000010,2,1.000000
WARREN - 000019,2,1.000000
WARREN - 000005,2,1.000000
WARREN - 000014,2,0.611111
WARREN - 000014,3,0.388889
WARREN - 000017,2,1.000000
WARREN - 000021,3,0.897778
WARREN - 000021,2,0.102222
WARREN - 000004,3,1.000000
WARREN - 000020,3,0.620000
WARREN - 000020,2,0.380000
WARREN - 000015,2,1.000000
WARREN - 000011,2,1.000000
WRIGHT - 000006,8,1.000000
WRIGHT - 000007,8,1.000000
WRIGHT - 000002,8,1.000000
WRIGHT - 000003,8,1.000000
WRIGHT - 000005,8,1.000000
WRIGHT - 000004,8,1.000000
WRIGHT - 000009,8,1.000000
WRIGHT - 000008,8,1.000000
VERNON - 000008,4,1.000000
VERNON - 000017,4,1.000000
VERNON - 000007,4,1.000000
VERNON - 000004,4,1.000000
VERNON - 000010,4,1.000000
VERNON - 000014,4,1.000000
VERNON - 000002,4,1.000000
VERNON - 000005,4,1.000000
VERNON - 000013,4,1.000000
VERNON - 000009,4,1.000000
VERNON - 000011,4,1.000000
VERNON - 000003,4,1.000000
VERNON - 000015,4,1.000000
VERNON - 000016,4,1.000000
VERNON - 000006,4,1.000000
VERNON - 000012,4,1.000000
BATES - 002814,4,1.000000
BATES - 002825,4,1.000000
BATES - 002847,4,1.000000
BATES - 002722,4,1.000000
BATES - 002705,4,1.000000
BATES - 002703,4,1.000000
BATES - 002767,4,1.000000
BATES - 002868,4,1.000000
BATES - 002849,4,1.000000
BATES - 002904,4,1.000000
BATES - 002892,4,1.000000
BATES - 002801,4,1.000000
BATES - 002850,4,1.000000
BATES - 002930,4,1.000000
BATES - 002701,4,1.000000
CARTER - 003611,8,1.000000
CARTER - 003668,8,1.000000
CARTER - 003694,8,1.000000
CARTER - 003628,8,1.000000
CARTER - 003789,8,1.000000
CARTER - 003731,8,1.000000
CARTER - 003756,8,1.000000
ST. LOUIS - 0WH202,2,1.000000
ST. LOUIS - SPL208,1,1.000000
AUDRAIN - 000513,6,1.000000
AUDRAIN - 000512,6,1.000000
AUDRAIN - 000658,6,1.000000
AUDRAIN - 000657,6,1.000000
AUDRAIN - 000506,6,1.000000
AUDRAIN - 000667,6,1.000000
AUDRAIN - 000502,6,1.000000
AUDRAIN - 000508,6,1.000000
AUDRAIN - 000545,6,1.000000
AUDRAIN - 000510,6,1.000000
AUDRAIN - 000623,6,1.000000
AUDRAIN - 000633,6,1.000000
AUDRAIN - 000641,6,1.000000
AUDRAIN - 000642,6,1.000000
AUDRAIN - 000632,6,1.000000
AUDRAIN - 000616,6,1.000000
CAMDEN - 000009,4,1.000000
CAMDEN - 000002,4,1.000000
CAMDEN - 000006,4,1.000000
CAMDEN - 000015,4,1.000000
CAMDEN - 000020,4,1.000000
CAMDEN - 000011,4,1.000000
CAMDEN - 000008,4,1.000000
CAMDEN - 000022,3,1.000000
CAMDEN - 000024,4,0.915556
CAMDEN - 000024,3,0.084444
CAMDEN - 000025,4,1.000000
CAMDEN - 000023,4,1.000000
CAMDEN - 000003,4,1.000000
CAMDEN - 000005,4,1.000000
CAMDEN - 000019,4,1.000000
CAMDEN - 000004,4,1.000000
CAMDEN - 000017,3,1.000000
CAMDEN - 000013,4,1.000000
CAMDEN - 000012,3,1.000000
CAMDEN - 000016,3,1.000000
CAMDEN - 000018,4,0.975556
CAMDEN - 000018,3,0.024444
CAMDEN - 000014,4,1.000000
CAMDEN - 000010,4,1.000000
CAMDEN - 000021,4,1.000000
CAMDEN - 000007,4,1.000000
ADAIR - 000007,6,1.000000
ADAIR - 000006,6,1.000000
ADAIR - 000010,6,1.000000
ADAIR - 000005,6,1.000000
ADAIR - 000003,6,1.000000
ADAIR - 000008,6,1.000000
ADAIR - 000009,6,1.000000
ADAIR - 000004,6,1.000000
ADAIR - 000011,6,1.000000
ADAIR - 000002,6,1.000000
COOPER - 000007,3,1.000000
COOPER - 000008,3,1.000000
COOPER - 000011,3,1.000000
COOPER - 000006,3,1.000000
COOPER - 000010,3,1.000000
COOPER - 000009,3,1.000000
COOPER - 000004,3,1.000000
COOPER - 000012,3,1.000000
COOPER - 000013,3,1.000000
COOPER - 000002,3,1.000000
COOPER - 000005,3,1.000000
JOHNSON - 000012,4,1.000000
JOHNSON - 000015,4,1.000000
JOHNSON - 000016,4,1.000000
JOHNSON - 000002,4,1.000000
JOHNSON - 000003,4,1.000000
JOHNSON - 000017,4,1.000000
JOHNSON - 000005,4,1.000000
JOHNSON - 000020,4,1.000000
JOHNSON - 000021,4,1.000000
JOHNSON - 000019,4,1.000000
JOHNSON - 000018,4,1.000000
JOHNSON - 000004,4,1.000000
JOHNSON - 000006,4,1.000000
JOHNSON - 000007,4,1.000000
JOHNSON - 000008,4,1.000000
JOHNSON - 000009,4,1.000000
JOHNSON - 000014,4,1.000000
JOHNSON - 000010,4,1.000000
JOHNSON - 000013,4,1.000000
JOHNSON - 000011,4,1.000000
GRUNDY - 000002,6,1.000000
GRUNDY - 000003,6,1.000000
GRUNDY - 000004,6,1.000000
GRUNDY - 000005,6,1.000000
GRUNDY - 000006,6,1.000000
GRUNDY - 000007,6,1.000000
GRUNDY - 000008,6,1.000000
GRUNDY - 000009,6,1.000000
GRUNDY - 000010,6,1.000000
GRUNDY - 000011,6,1.000000
GRUNDY - 000013,6,1.000000
GRUNDY - 000015,6,1.000000
GRUNDY - 000014,6,1.000000
GRUNDY - 000012,6,1.000000
GRUNDY - 000016,6,1.000000
GRUNDY - 000017,6,1.000000
GASCONADE - 000013,3,1.000000
GASCONADE - 000009,3,1.000000
GASCONADE - 000008,3,1.000000
GASCONADE - 000017,3,1.000000
GASCONADE - 000004,3,1.000000
GASCONADE - 000010,3,1.000000
GASCONADE - 000002,3,1.000000
GASCONADE - 000006,3,1.000000
GASCONADE - 000003,3,1.000000
GASCONADE - 000005,3,1.000000
GASCONADE - 000011,3,1.000000
GASCONADE - 000012,3,1.000000
GASCONADE - 000007,3,1.000000
GASCONADE - 000014,3,1.000000
GASCONADE - 000015,3,1.000000
GASCONADE - 000016,3,1.000000
HOLT - 000002,6,1.000000
HOLT - 000007,6,1.000000
HOLT - 000004,6,1.000000
HOLT - 000003,6,1.000000
HOLT - 000005,6,1.000000
HOLT - 000006,6,1.000000
DALLAS - 000009,4,1.000000
DALLAS - 000010,4,1.000000
DALLAS - 000011,4,1.000000
DALLAS - 000012,4,1.000000
DALLAS - 000002,4,1.000000
DALLAS - 000007,4,1.000000
DALLAS - 000003,4,1.000000
DALLAS - 000004,4,1.000000
DALLAS - 000008,4,1.000000
DALLAS - 000005,4,1.000000
DALLAS - 000006,4,1.000000
BARRY - 000020,7,1.000000
BARRY - 000002,7,1.000000
BARRY - 000003,7,1.000000
BARTON - 000010,4,1.000000
BARTON - 000011,4,1.000000
BARTON - 16-018,4,1.000000
BARTON - 000016,4,1.000000
BARTON - 16-021,4,1.000000
BARTON - 000004,4,1.000000
BARTON - 000008,4,1.000000
BARTON - 000015,4,1.000000
BARRY - 000004,7,1.000000
BARRY - 000023,7,1.000000
BARRY - 000018,7,1.000000
BARRY - 000007,7,1.000000
BARRY - 000008,7,1.000000
BARRY - 000006,7,1.000000
BARRY - 000005,7,1.000000
BARRY - 000010,7,1.000000
BARRY - 000011,7,1.000000
BARRY - 000022,7,1.000000
BARRY - 000012,7,1.000000
BARRY - 000013,7,1.000000
BARRY - 000017,7,1.000000
BARRY - 000016,7,1.000000
BARRY - 000021,7,1.000000
BARRY - 000014,7,1.000000
BARRY - 000015,7,1.000000
BARRY - 000019,7,1.000000
BARRY - 000009,7,1.000000
CLINTON - 000003,6,1.000000
CLINTON - 000007,6,1.000000
CLINTON - 000006,6,1.000000
CLINTON - 000005,6,1.000000
CLINTON - 000008,6,1.000000
CLINTON - 000002,6,1.000000
DEKALB - 000005,6,1.000000
DEKALB - 000006,6,1.000000
DEKALB - 000007,6,1.000000
DEKALB - 000008,6,1.000000
DEKALB - 000009,6,1.000000
DEKALB - 000010,6,1.000000
DEKALB - 000011,6,1.000000
DEKALB - 000012,6,1.000000
DEKALB - 000002,6,1.000000
DEKALB - 000004,6,1.000000
DEKALB - 000003,6,1.000000
HOWARD - 000005,4,1.000000
HOWARD - 000007,4,1.000000
HOWARD - 000004,4,1.000000
HOWARD - 000003,4,1.000000
HOWARD - 000008,4,1.000000
HOWARD - 000009,4,1.000000
HOWARD - 000006,4,1.000000
HOWARD - 000002,4,1.000000
IRON - 000002,8,1.000000
IRON - 000007,8,1.000000
IRON - 000010,8,1.000000
IRON - 000003,8,1.000000
IRON - 000006,8,1.000000
IRON - 000004,8,1.000000
IRON - 000009,8,1.000000
IRON - 000008,8,1.000000
IRON - 000005,8,1.000000
KNOX - 000003,6,1.000000
KNOX - 000002,6,1.000000
KNOX - 000006,6,1.000000
KNOX - 000007,6,1.000000
KNOX - 000004,6,1.000000
KNOX - 000005,6,1.000000
JACKSON - K16459,5,1.000000
JACKSON - K16463,5,1.000000
JACKSON - K16429,5,1.000000
JACKSON - K16439,5,1.000000
JACKSON - K16449,5,1.000000
JACKSON - K16457,5,1.000000
JACKSON - K16469,5,1.000000
JACKSON - K16467,5,1.000000
CRAWFORD - 000002,3,1.000000
CRAWFORD - 000003,3,1.000000
CRAWFORD - 000005,3,1.000000
CRAWFORD - 000018,3,1.000000
CRAWFORD - 000011,3,1.000000
CRAWFORD - 000012,3,1.000000
CRAWFORD - 000014,3,1.000000
CRAWFORD - 000006,3,1.000000
CRAWFORD - 000013,3,1.000000
CRAWFORD - 000007,3,1.000000
CRAWFORD - 000015,3,1.000000
CRAWFORD - 000016,3,1.000000
CRAWFORD - 000017,3,1.000000
CRAWFORD - 000019,3,1.000000
CRAWFORD - 000009,3,1.000000
CRAWFORD - 000008,3,1.000000
CRAWFORD - 000004,3,1.000000
CRAWFORD - 000010,3,1.000000
PULASKI - 000003,4,1.000000
PULASKI - 000008,4,1.000000
PULASKI - 000010,4,1.000000
PULASKI - 000006,4,1.000000
PULASKI - 000004,4,1.000000
PULASKI - 000007,4,1.000000
PULASKI - 000009,4,1.000000
PULASKI - 000002,4,1.000000
DAVIESS - 000012,6,1.000000
DAVIESS - 000016,6,1.000000
DAVIESS - 000008,6,1.000000
DAVIESS - 16-017,6,1.000000
DAVIESS - 000009,6,1.000000
DAVIESS - 000002,6,1.000000
LAFAYETTE - 000021,4,1.000000
LAFAYETTE - 000006,4,1.000000
LAFAYETTE - 000017,4,1.000000
LAFAYETTE - 000018,4,1.000000
LAFAYETTE - 000004,4,1.000000
LAFAYETTE - 000002,4,1.000000
LAFAYETTE - 000003,4,1.000000
LAFAYETTE - 000009,4,1.000000
LAFAYETTE - 000008,4,1.000000
LAFAYETTE - 000010,4,1.000000
LAFAYETTE - 000016,4,1.000000
LAFAYETTE - 000005,4,1.000000
LAFAYETTE - 000007,4,1.000000
LAFAYETTE - 000013,4,1.000000
LAFAYETTE - 000014,4,1.000000
LAFAYETTE - 000020,4,1.000000
LAFAYETTE - 000015,4,1.000000
LAFAYETTE - 000019,4,1.000000
LAFAYETTE - 000011,4,1.000000
LAFAYETTE - 000012,4,1.000000
ST. LOUIS - CH1605,2,1.000000
ST. LOUIS - CC1603,2,1.000000
ST. LOUIS - NW1604,1,1.000000
ST. LOUIS - 001600,1,1.000000
ST. LOUIS - CC1601,2,1.000000
ST. LOUIS - 0MR059,2,1.000000
ST. LOUIS - CHE600,2,1.000000
ST. LOUIS - CC1602,2,1.000000
CLARK - 000006,6,1.000000
CLARK - 000008,6,1.000000
CLARK - 000004,6,1.000000
CLARK - 000007,6,1.000000
CLARK - 000009,6,1.000000
CLARK - 000010,6,1.000000
CLARK - 000002,6,1.000000
CLARK - 000003,6,1.000000
CLARK - 000005,6,1.000000
CAPE GIRARDEAU - 000036,8,1.000000
CAPE GIRARDEAU - 000028,8,1.000000
CAPE GIRARDEAU - 000035,8,1.000000
CAPE GIRARDEAU - 000006,8,1.000000
CAPE GIRARDEAU - 000007,8,1.000000
CAPE GIRARDEAU - 000005,8,1.000000
CAPE GIRARDEAU - 000004,8,1.000000
CAPE GIRARDEAU - 000009,8,1.000000
CAPE GIRARDEAU - 000008,8,1.000000
CAPE GIRARDEAU - 000029,8,1.000000
CAPE GIRARDEAU - 000032,8,1.000000
CAPE GIRARDEAU - 000010,8,1.000000
CAPE GIRARDEAU - 000017,8,1.000000
CAPE GIRARDEAU - 000013,8,1.000000
CAPE GIRARDEAU - 000002,8,1.000000
CAPE GIRARDEAU - 000016,8,1.000000
CAPE GIRARDEAU - 000015,8,1.000000
CAPE GIRARDEAU - 000019,8,1.000000
CAPE GIRARDEAU - 000034,8,1.000000
CAPE GIRARDEAU - 000030,8,1.000000
CAPE GIRARDEAU - 000003,8,1.000000
CAPE GIRARDEAU - 000023,8,1.000000
CAPE GIRARDEAU - 000012,8,1.000000
CAPE GIRARDEAU - 000014,8,1.000000
CAPE GIRARDEAU - 000039,8,1.000000
CAPE GIRARDEAU - 000022,8,1.000000
CAPE GIRARDEAU - 000011,8,1.000000
CAPE GIRARDEAU - 000018,8,1.000000
CAPE GIRARDEAU - 000021,8,1.000000
CAPE GIRARDEAU - 000020,8,1.000000
CAPE GIRARDEAU - 000031,8,1.000000
CAPE GIRARDEAU - 000024,8,1.000000
CAPE GIRARDEAU - 000033,8,1.000000
CAPE GIRARDEAU - 000027,8,1.000000
CAPE GIRARDEAU - 000038,8,1.000000
CAPE GIRARDEAU - 000037,8,1.000000
CAPE GIRARDEAU - 000025,8,1.000000
CAPE GIRARDEAU - 000026,8,1.000000
GENTRY - 000002,6,1.000000
GENTRY - 000003,6,1.000000
GENTRY - 000009,6,1.000000
GENTRY - 000012,6,1.000000
GENTRY - 000004,6,1.000000
GENTRY - 000005,6,1.000000
GENTRY - 000007,6,1.000000
GENTRY - 000006,6,1.000000
GENTRY - 000008,6,1.000000
GENTRY - 000010,6,1.000000
GENTRY - 000011,6,1.000000
GENTRY - 000013,6,1.000000
GENTRY - 000014,6,1.000000
LINN - 000002,6,1.000000
LINN - 000003,6,1.000000
LINN - 000004,6,1.000000
LINN - 000005,6,1.000000
LINN - 000024,6,1.000000
LINN - 000008,6,1.000000
LINN - 000006,6,1.000000
LINN - 000007,6,1.000000
LINN - 000009,6,1.000000
LINN - 000016,6,1.000000
LINN - 000010,6,1.000000
LINN - 000011,6,1.000000
LINN - 000017,6,1.000000
LINN - 000015,6,1.000000
LINN - 000012,6,1.000000
LINN - 000013,6,1.000000
LINN - 000014,6,1.000000
LINN - 000023,6,1.000000
LINN - 000021,6,1.000000
LINN - 000018,6,1.000000
LINN - 000019,6,1.000000
LINN - 000022,6,1.000000
LINN - 000020,6,1.000000
MADISON - 000007,8,1.000000
MADISON - 000002,8,1.000000
MADISON - 000003,8,1.000000
MADISON - 000006,8,1.000000
MADISON - 000004,8,1.000000
MADISON - 000005,8,1.000000
MADISON - 000008,8,1.000000
LAWRENCE - 000012,7,1.000000
LAWRENCE - 000015,7,1.000000
LAWRENCE - 000014,7,1.000000
LAWRENCE - 000016,7,1.000000
LAWRENCE - 000005,7,1.000000
LAWRENCE - 000018,7,1.000000
LAWRENCE - 000013,7,1.000000
LAWRENCE - 000019,7,1.000000
LAWRENCE - 000020,7,1.000000
LAWRENCE - 000002,7,1.000000
LAWRENCE - 000003,7,1.000000
LAWRENCE - 000006,7,1.000000
LAWRENCE - 000004,7,1.000000
LAWRENCE - 000007,7,1.000000
LAWRENCE - 000008,7,1.000000
LAWRENCE - 000017,7,1.000000
LAWRENCE - 000009,7,1.000000
LAWRENCE - 000010,7,1.000000
LAWRENCE - 000011,7,1.000000
CHARITON - 000354,6,1.000000
CHARITON - 000424,6,1.000000
CHARITON - 000418,6,1.000000
CHARITON - 000503,6,1.000000
CHARITON - 000352,6,1.000000
CHARITON - 000392,6,1.000000
CHARITON - 000346,6,1.000000
CHARITON - 000431,6,1.000000
CHARITON - 000381,6,1.000000
CHARITON - 000386,6,1.000000
CHARITON - 000465,6,1.000000
CHARITON - 000344,6,1.000000
ST. LOUIS - FLO011,1,1.000000
DUNKLIN - 000019,8,1.000000
MILLER - 000018,3,1.000000
MILLER - 000029,3,1.000000
MILLER - 000008,3,1.000000
MILLER - 000013,3,1.000000
MILLER - 000019,3,1.000000
MILLER - 000005,3,1.000000
RANDOLPH - 000002,6,1.000000
RANDOLPH - 000007,6,1.000000
RANDOLPH - 000008,6,1.000000
RANDOLPH - 000015,6,1.000000
RANDOLPH - 000005,6,1.000000
RANDOLPH - 000004,6,1.000000
RANDOLPH - 000017,6,1.000000
RANDOLPH - 000006,6,1.000000
RANDOLPH - 000010,6,1.000000
RANDOLPH - 000013,6,1.000000
RANDOLPH - 000011,6,1.000000
RANDOLPH - 000012,6,1.000000
RANDOLPH - 000014,6,1.000000
RANDOLPH - 000016,6,1.000000
RANDOLPH - 000009,6,1.000000
RANDOLPH - 000003,6,1.000000
MILLER - 000012,3,1.000000
MILLER - 000016,3,1.000000
MILLER - 000020,3,1.000000
MILLER - 000011,3,1.000000
MILLER - 000023,3,1.000000
MILLER - 000009,3,1.000000
DOUGLAS - 000019,8,1.000000
DOUGLAS - 000012,8,1.000000
DOUGLAS - 000020,8,1.000000
DOUGLAS - 000021,8,1.000000
DOUGLAS - 000018,8,1.000000
DOUGLAS - 000022,8,1.000000
DOUGLAS - 000023,8,1.000000
DOUGLAS - 000024,8,1.000000
DOUGLAS - 000025,8,1.000000
DOUGLAS - 000002,8,1.000000
DOUGLAS - 000003,8,1.000000
DOUGLAS - 000004,8,1.000000
DOUGLAS - 000005,8,1.000000
DOUGLAS - 000006,8,1.000000
DOUGLAS - 000007,8,1.000000
DOUGLAS - 000008,8,1.000000
DOUGLAS - 000014,8,1.000000
DOUGLAS - 000009,8,1.000000
DOUGLAS - 000010,8,1.000000
DOUGLAS - 000011,8,1.000000
DOUGLAS - 000013,8,1.000000
DOUGLAS - 000015,8,1.000000
DOUGLAS - 000016,8,1.000000
DOUGLAS - 000017,8,1.000000
SCHUYLER - 000006,6,1.000000
SCHUYLER - 000007,6,1.000000
SCHUYLER - 000005,6,1.000000
SCHUYLER - 000010,6,1.000000
SCHUYLER - 000002,6,1.000000
SCHUYLER - 000004,6,1.000000
SCHUYLER - 000009,6,1.000000
SCHUYLER - 000008,6,1.000000
SCHUYLER - 000003,6,1.000000
MARIES - 000002,3,1.000000
MARIES - 000005,3,1.000000
MARIES - 000008,3,1.000000
MARIES - 000006,3,1.000000
MARIES - 000010,3,1.000000
MARIES - 000003,3,1.000000
MARIES - 000007,3,1.000000
MARIES - 000004,3,1.000000
MARIES - 000009,3,1.000000
NEW MADRID - 000002,8,1.000000
NEW MADRID - 000003,8,1.000000
NEW MADRID - 000006,8,1.000000
NEW MADRID - 000005,8,1.000000
NEW MADRID - 000004,8,1.000000
NEW MADRID - 000022,8,1.000000
NEW MADRID - 000011,8,1.000000
NEW MADRID - 000009,8,1.000000
NEW MADRID - 000010,8,1.000000
NEW MADRID - 000007,8,1.000000
NEW MADRID - 000008,8,1.000000
NEW MADRID - 000029,8,1.000000
NEW MADRID - 000028,8,1.000000
NEW MADRID - 000030,8,1.000000
NEW MADRID - 000031,8,1.000000
NEW MADRID - 000012,8,1.000000
NEW MADRID - 000014,8,1.000000
NEW MADRID - 000015,8,1.000000
NEW MADRID - 000013,8,1.000000
NEW MADRID - 000016,8,1.000000
NEW MADRID - 000018,8,1.000000
NEW MADRID - 000021,8,1.000000
NEW MADRID - 000020,8,1.000000
NEW MADRID - 000017,8,1.000000
NEW MADRID - 000026,8,1.000000
NEW MADRID - 000027,8,1.000000
NEW MADRID - 000024,8,1.000000
NEW MADRID - 000025,8,1.000000
NEW MADRID - 000023,8,1.000000
NEW MADRID - 000019,8,1.000000
MERCER - 000003,6,1.000000
MERCER - 000004,6,1.000000
MERCER - 000005,6,1.000000
MERCER - 000006,6,1.000000
MERCER - 000002,6,1.000000
MERCER - 000007,6,1.000000
MERCER - 000008,6,1.000000
MERCER - 000009,6,1.000000
MERCER - 000010,6,1.000000
HARRISON - 000010,6,1.000000
HARRISON - 16-012,6,1.000000
HARRISON - 000003,6,1.000000
HARRISON - 000009,6,1.000000
HARRISON - 000008,6,1.000000
HARRISON - 000004,6,1.000000
PUTNAM - 000009,6,1.000000
PUTNAM - 000005,6,1.000000
PUTNAM - 000006,6,1.000000
PUTNAM - 000004,6,1.000000
PUTNAM - 000010,6,1.000000
PUTNAM - 000002,6,1.000000
PUTNAM - 000003,6,1.000000
PUTNAM - 000007,6,1.000000
PUTNAM - 000008,6,1.000000
PUTNAM - 000011,6,1.000000
PUTNAM - 000012,6,1.000000
POLK - 000018,4,1.000000
POLK - 000019,4,1.000000
POLK - 000004,4,1.000000
POLK - 000009,4,1.000000
POLK - 000007,4,1.000000
POLK - 000006,4,1.000000
POLK - 000012,4,1.000000
POLK - 000008,4,1.000000
POLK - 000020,4,1.000000
POLK - 000023,4,1.000000
POLK - 000003,4,1.000000
POLK - 000002,4,1.000000
POLK - 000013,4,1.000000
POLK - 000014,4,1.000000
POLK - 000021,4,1.000000
POLK - 000017,4,1.000000
POLK - 000010,4,1.000000
POLK - 000011,4,1.000000
POLK - 000016,4,1.000000
POLK - 000022,4,1.000000
POLK - 000005,4,1.000000
POLK - 000015,4,1.000000
PEMISCOT - 000009,8,1.000000
PEMISCOT - 000003,8,1.000000
PEMISCOT - 000004,8,1.000000
PEMISCOT - 000006,8,1.000000
PEMISCOT - 000011,8,1.000000
PEMISCOT - 000012,8,1.000000
PEMISCOT - 000014,8,1.000000
PEMISCOT - 000021,8,1.000000
PEMISCOT - 000017,8,1.000000
PEMISCOT - 000002,8,1.000000
PEMISCOT - 000020,8,1.000000
PEMISCOT - 000018,8,1.000000
PEMISCOT - 000007,8,1.000000
PEMISCOT - 000010,8,1.000000
PEMISCOT - 000016,8,1.000000
PEMISCOT - 000005,8,1.000000
PEMISCOT - 000019,8,1.000000
PEMISCOT - 000008,8,1.000000
PEMISCOT - 000013,8,1.000000
PEMISCOT - 000015,8,1.000000
DENT - 000004,8,1.000000
DENT - 000003,8,1.000000
DENT - 000006,8,1.000000
DENT - 000002,8,1.000000
DENT - 000005,8,1.000000
DENT - 000007,8,1.000000
DENT - 000008,8,1.000000
MONITEAU - 000006,3,1.000000
MONITEAU - 000007,3,1.000000
MONITEAU - 000009,3,1.000000
MONITEAU - 000008,3,1.000000
MONITEAU - 000010,3,1.000000
MONITEAU - 000005,3,1.000000
MONITEAU - 000012,3,1.000000
MONITEAU - 000013,3,1.000000
MONITEAU - 000002,3,1.000000
MONITEAU - 000011,3,1.000000
MONITEAU - 000003,3,1.000000
MONITEAU - 000004,3,1.000000
OREGON - 000002,8,1.000000
OREGON - 000007,8,1.000000
OREGON - 000003,8,1.000000
OREGON - 000016,8,1.000000
OREGON - 000011,8,1.000000
OREGON - 000013,8,1.000000
OREGON - 000009,8,1.000000
OREGON - 000012,8,1.000000
OREGON - 000010,8,1.000000
OREGON - 000004,8,1.000000
OREGON - 000005,8,1.000000
OREGON - 000006,8,1.000000
OREGON - 000008,8,1.000000
OREGON - 000014,8,1.000000
OREGON - 000015,8,1.000000
CALDWELL - 000353,6,1.000000
CALDWELL - 000358,6,1.000000
CALDWELL - 000284,6,1.000000
CALDWELL - 000390,6,1.000000
CALDWELL - 000389,6,1.000000
RALLS - 000003,6,1.000000
RALLS - 000010,6,1.000000
RALLS - 000002,6,1.000000
RALLS - 000009,6,1.000000
RALLS - 000007,6,1.000000
RALLS - 000005,6,1.000000
RALLS - 000004,6,1.000000
HENRY - 000002,4,1.000000
HENRY - 000003,4,1.000000
HENRY - 000011,4,1.000000
HENRY - 000004,4,1.000000
HENRY - 16-020,4,1.000000
HENRY - 000015,4,1.000000
HENRY - 000009,4,1.000000
HENRY - 000010,4,1.000000
HENRY - 000013,4,1.000000
CALDWELL - 000281,6,1.000000
CALDWELL - 000357,6,1.000000
CALDWELL - 000280,6,1.000000
CALDWELL - 000356,6,1.000000
CALDWELL - 000277,6,1.000000
PLATTE - 000024,6,1.000000
PLATTE - 000039,6,1.000000
PLATTE - 000030,6,1.000000
PLATTE - 000038,6,1.000000
PLATTE - 000014,6,1.000000
PLATTE - 000021,6,1.000000
PLATTE - 000037,6,1.000000
PLATTE - 000042,6,1.000000
PLATTE - 000040,6,1.000000
PLATTE - 000033,6,1.000000
PLATTE - 000012,6,1.000000
PLATTE - 000020,6,1.000000
PLATTE - 000036,6,1.000000
PLATTE - 000041,6,1.000000
PLATTE - 000005,6,1.000000
PLATTE - 000007,6,1.000000
PLATTE - 000022,6,1.000000
PLATTE - 000006,6,1.000000
PLATTE - 000044,6,1.000000
PLATTE - 000043,6,1.000000
PLATTE - 000026,6,1.000000
PLATTE - 000027,6,1.000000
PLATTE - 000032,6,1.000000
PLATTE - 000015,6,1.000000
PLATTE - 000019,6,1.000000
PLATTE - 000013,6,1.000000
PLATTE - 000034,6,1.000000
PLATTE - 000009,6,1.000000
PLATTE - 000028,6,1.000000
PLATTE - 000011,6,1.000000
PLATTE - 000018,6,1.000000
PLATTE - 000029,6,1.000000
PLATTE - 000008,6,1.000000
PLATTE - 000002,6,1.000000
PLATTE - 000003,6,1.000000
PLATTE - 000023,6,1.000000
PLATTE - 000025,6,1.000000
PLATTE - 000004,6,1.000000
PLATTE - 000010,6,1.000000
PLATTE - 000035,6,1.000000
PLATTE - 000031,6,1.000000
PLATTE - 000017,6,1.000000
PLATTE - 000016,6,1.000000
STONE - 003898,7,1.000000
STONE - 003933,7,1.000000
STONE - 003938,7,1.000000
STONE - 003701,7,1.000000
STONE - 003723,7,1.000000
STONE - 003877,7,1.000000
STONE - 003842,7,1.000000
STONE - 003698,7,1.000000
STONE - 003751,7,1.000000
STONE - 003782,7,1.000000
STONE - 003800,7,1.000000
STONE - 003794,7,1.000000
STONE - 003814,7,1.000000
STONE - 003935,7,1.000000
STONE - 003889,7,1.000000
STONE - 003900,7,1.000000
STONE - 003730,7,1.000000
STONE - 003908,7,1.000000
STONE - 003903,7,1.000000
STONE - 003699,7,1.000000
SULLIVAN - 000008,6,1.000000
SULLIVAN - 000012,6,1.000000
SULLIVAN - 000016,6,1.000000
SULLIVAN - 000002,6,1.000000
SULLIVAN - 000013,6,1.000000
SULLIVAN - 000010,6,1.000000
SULLIVAN - 000007,6,1.000000
SULLIVAN - 000009,6,1.000000
SULLIVAN - 000004,6,1.000000
SULLIVAN - 000015,6,1.000000
SULLIVAN - 000003,6,1.000000
SULLIVAN - 000020,6,1.000000
SULLIVAN - 000014,6,1.000000
SULLIVAN - 000019,6,1.000000
SULLIVAN - 000011,6,1.000000
SULLIVAN - 000018,6,1.000000
SULLIVAN - 000006,6,1.000000
SULLIVAN - 000005,6,1.000000
SULLIVAN - 000017,6,1.000000
RIPLEY - 000010,8,1.000000
RIPLEY - 000002,8,1.000000
RIPLEY - 000012,8,1.000000
RIPLEY - 000007,8,1.000000
RIPLEY - 000005,8,1.000000
RIPLEY - 000006,8,1.000000
RIPLEY - 000011,8,1.000000
RIPLEY - 000008,8,1.000000
REYNOLDS - 000007,8,1.000000
REYNOLDS - 000004,8,1.000000
REYNOLDS - 000009,8,1.000000
REYNOLDS - 000010,8,1.000000
REYNOLDS - 000014,8,1.000000
REYNOLDS - 000012,8,1.000000
REYNOLDS - 000013,8,1.000000
REYNOLDS - 000005,8,1.000000
REYNOLDS - 000003,8,1.000000
REYNOLDS - 000002,8,1.000000
REYNOLDS - 000008,8,1.000000
REYNOLDS - 000011,8,1.000000
REYNOLDS - 000006,8,1.000000
SHELBY - 000002,6,1.000000
SHELBY - 000003,6,1.000000
SHELBY - 000004,6,1.000000
SHELBY - 000005,6,1.000000
SHELBY - 000008,6,1.000000
SHELBY - 000006,6,1.000000
SHELBY - 000007,6,1.000000
SHELBY - 000009,6,1.000000
ST. FRANCOIS - 000027,8,1.000000
ST. FRANCOIS - 000016,8,1.000000
ST. FRANCOIS - 000002,8,1.000000
ST. FRANCOIS - 000021,8,1.000000
ST. FRANCOIS - 000005,8,1.000000
ST. FRANCOIS - 000024,8,1.000000
ST. FRANCOIS - 000013,8,1.000000
ST. FRANCOIS - 000018,8,1.000000
ST. FRANCOIS - 000023,8,1.000000
ST. FRANCOIS - 000006,8,1.000000
ST. FRANCOIS - 000011,8,1.000000
ST. FRANCOIS - 000020,8,1.000000
ST. FRANCOIS - 000017,8,1.000000
ST. FRANCOIS - 000026,8,1.000000
ST. FRANCOIS - 000025,8,1.000000
ST. FRANCOIS - 000014,8,1.000000
ST. FRANCOIS - 000012,8,1.000000
ST. FRANCOIS - 000007,8,1.000000
ST. FRANCOIS - 000019,8,1.000000
ST. FRANCOIS - 000008,8,1.000000
ST. FRANCOIS - 000009,8,1.000000
ST. FRANCOIS - 000010,8,1.000000
RAY - 000007,6,1.000000
RAY - 000002,6,1.000000
RAY - 000012,6,1.000000
RAY - 000015,6,1.000000
RAY - 000006,6,1.000000
RAY - 000017,6,1.000000
RAY - 000018,6,1.000000
RAY - 000019,6,1.000000
RAY - 000008,6,1.000000
RAY - 000010,6,1.000000
RAY - 000004,6,1.000000
RAY - 000005,6,1.000000
RAY - 000011,6,1.000000
RAY - 000016,6,1.000000
RAY - 000013,6,1.000000
RAY - 000014,6,1.000000
RAY - 000009,6,1.000000
RAY - 000003,6,1.000000
SHANNON - 000005,8,1.000000
SHANNON - 000006,8,1.000000
SHANNON - 000007,8,1.000000
SHANNON - 000004,8,1.000000
SHANNON - 000008,8,1.000000
SHANNON - 000009,8,1.000000
SHANNON - 000010,8,1.000000
SHANNON - 000011,8,1.000000
SHANNON - 000003,8,1.000000
SHANNON - 000002,8,1.000000
STE. GENEVIEVE - 000014,8,1.000000
STE. GENEVIEVE - 000007,8,1.000000
STE. GENEVIEVE - 000010,8,1.000000
STE. GENEVIEVE - 000002,8,1.000000
STE. GENEVIEVE - 000005,8,1.000000
STE. GENEVIEVE - 000009,8,1.000000
STE. GENEVIEVE - 000006,8,1.000000
STE. GENEVIEVE - 000011,8,1.000000
STE. GENEVIEVE - 000013,8,1.000000
STE. GENEVIEVE - 000012,8,1.000000
STE. GENEVIEVE - 000003,8,1.000000
STE. GENEVIEVE - 000004,8,1.000000
PIKE - 000002,6,1.000000
PIKE - 000005,6,1.000000
PIKE - 000013,6,1.000000
PIKE - 000003,6,1.000000
PIKE - 000010,6,1.000000
PIKE - 000006,6,1.000000
PIKE - 000004,6,1.000000
PIKE - 000007,6,1.000000
PIKE - 000008,6,1.000000
PIKE - 000009,6,1.000000
PIKE - 000011,6,1.000000
PIKE - 000014,6,1.000000
PIKE - 000012,6,1.000000
PIKE - 000015,6,1.000000
ST. CLAIR - 000013,4,1.000000
ST. CLAIR - 000012,4,1.000000
ST. CLAIR - 000015,4,1.000000
ST. CLAIR - 000014,4,1.000000
ST. CLAIR - 000002,4,1.000000
ST. CLAIR - 000007,4,1.000000
ST. CLAIR - 000016,4,1.000000
ST. CLAIR - 000017,4,1.000000
ST. CLAIR - 000011,4,1.000000
ST. CLAIR - 000018,4,1.000000
ST. CLAIR - 000019,4,1.000000
ST. CLAIR - 000003,4,1.000000
ST. CLAIR - 000004,4,1.000000
ST. CLAIR - 000006,4,1.000000
ST. CLAIR - 000005,4,1.000000
ST. CLAIR - 000008,4,1.000000
ST. CLAIR - 000009,4,1.000000
ST. CLAIR - 000010,4,1.000000
CLAY - 000002,5,0.622222
CLAY - 000002,6,0.377778
CLAY - 000047,5,1.000000
CLAY - 000036,5,1.000000
CLAY - 000050,5,1.000000
CLAY - 000045,5,1.000000
CLAY - 000038,5,1.000000
CLAY - 000043,6,1.000000
CLAY - 000034,5,1.000000
CLAY - 000044,5,1.000000
CLAY - 000037,5,1.000000
CLAY - 162127,5,1.000000
CLAY - 000032,5,1.000000
CLAY - 000041,5,1.000000
CLAY - 000030,5,1.000000
CLAY - 000046,5,1.000000
CLAY - 000064,6,1.000000
CLAY - 000039,5,1.000000
CLAY - 000033,5,1.000000
CLAY - 000042,5,1.000000
CLAY - 000052,5,1.000000
CLAY - 000068,5,0.415556
CLAY - 000068,6,0.584444
CLAY - 000006,6,1.000000
CLAY - 000005,6,1.000000
CLAY - 000007,6,1.000000
CLAY - 000004,6,1.000000
CLAY - 000003,6,1.000000
CLAY - 000029,5,1.000000
CLAY - 000020,5,1.000000
CLAY - 000051,5,1.000000
CLAY - 000040,5,1.000000
CLAY - 000049,5,1.000000
CLAY - 000022,5,1.000000
CLAY - 000021,5,1.000000
CLAY - 000011,5,1.000000
CLAY - 000016,5,1.000000
CLAY - 000014,5,1.000000
CLAY - 000048,5,1.000000
CLAY - 000031,5,1.000000
CLAY - 000054,5,1.000000
CLAY - 000015,5,1.000000
CLAY - 000009,5,1.000000
CLAY - 000012,5,1.000000
CLAY - 000010,5,1.000000
CLAY - 000035,5,1.000000
CLAY - 000013,5,1.000000
CLAY - 000023,5,1.000000
CLAY - 000053,5,1.000000
CLAY - 000024,5,1.000000
CLAY - 000017,5,1.000000
CLAY - 000057,6,1.000000
CLAY - 000056,6,1.000000
CLAY - 000055,6,1.000000
CLAY - 000058,6,1.000000
CLAY - 000078,6,1.000000
CLAY - 000074,6,1.000000
CLAY - 000071,6,1.000000
CLAY - 000027,6,1.000000
CLAY - 000066,6,1.000000
CLAY - 000072,6,1.000000
CLAY - 000069,6,1.000000
CLAY - 000067,6,1.000000
CLAY - 000060,6,1.000000
CLAY - 000026,6,1.000000
CLAY - 000070,6,1.000000
CLAY - 16-216,6,1.000000
CLAY - 000062,6,1.000000
CLAY - 000061,6,1.000000
CLAY - 16-215,6,1.000000
CLAY - 16-214,6,1.000000
CLAY - 000063,6,1.000000
CLAY - 000059,6,1.000000
CLAY - 000025,6,1.000000
CLAY - 000065,6,1.000000
CLAY - 000028,5,1.000000
CLAY - 000073,6,1.000000
CLAY - 000075,6,1.000000
CLAY - 000077,6,1.000000
CLAY - 000076,6,1.000000
WASHINGTON - 000003,3,1.000000
WASHINGTON - 000005,3,1.000000
WASHINGTON - 000006,3,1.000000
WASHINGTON - 000007,3,1.000000
WASHINGTON - 000019,3,1.000000
WASHINGTON - 000011,3,1.000000
WASHINGTON - 000015,3,1.000000
WASHINGTON - 000002,3,1.000000
WASHINGTON - 000008,3,1.000000
WASHINGTON - 000013,3,1.000000
WASHINGTON - 000009,3,1.000000
WASHINGTON - 000016,3,1.000000
WASHINGTON - 000017,3,1.000000
PHELPS - 000008,8,1.000000
PHELPS - 000002,8,1.000000
PHELPS - 000003,8,1.000000
WORTH - 000002,6,1.000000
WORTH - 000004,6,1.000000
WORTH - 000003,6,1.000000
WORTH - 000005,6,1.000000
WORTH - 000006,6,1.000000
WORTH - 000007,6,1.000000
WORTH - 000008,6,1.000000
PHELPS - 000004,8,1.000000
PHELPS - 000005,8,1.000000
PHELPS - 000016,8,1.000000
PHELPS - 000015,8,1.000000
PHELPS - 000023,8,1.000000
PHELPS - 000012,8,1.000000
PHELPS - 000034,8,1.000000
PHELPS - 000036,8,1.000000
PHELPS - 000035,8,1.000000
PHELPS - 000020,8,1.000000
PHELPS - 000018,8,1.000000
PHELPS - 000037,8,1.000000
PHELPS - 000030,8,1.000000
PHELPS - 000019,8,1.000000
PHELPS - 000032,8,1.000000
PHELPS - 000009,8,1.000000
PHELPS - 000010,8,1.000000
PHELPS - 000011,8,1.000000
PHELPS - 000014,8,1.000000
PHELPS - 000013,8,1.000000
PHELPS - 000022,8,1.000000
PHELPS - 000024,8,1.000000
PHELPS - 000025,8,1.000000
PHELPS - 000017,8,1.000000
PHELPS - 000021,8,1.000000
PHELPS - 000031,8,1.000000
PHELPS - 000029,8,1.000000
PHELPS - 000028,8,1.000000
PHELPS - 000033,8,1.000000
PHELPS - 000026,8,1.000000
PHELPS - 000027,8,1.000000
PHELPS - 000007,8,1.000000
PHELPS - 000006,8,1.000000
TANEY - 000020,7,1.000000
TANEY - 000003,7,1.000000
TANEY - 000016,7,1.000000
TANEY - 000023,7,1.000000
TANEY - 000009,7,1.000000
TANEY - 000004,7,1.000000
TANEY - 000019,7,1.000000
TANEY - 000022,7,1.000000
TANEY - 000005,7,1.000000
TANEY - 000006,7,1.000000
TANEY - 000002,7,1.000000
TANEY - 000024,7,1.000000
TANEY - 000021,7,1.000000
TANEY - 000017,7,1.000000
TANEY - 000012,7,1.000000
TANEY - 000014,7,1.000000
TANEY - 000013,7,1.000000
TANEY - 000015,7,1.000000
TANEY - 000018,7,1.000000
TANEY - 000011,7,1.000000
TANEY - 000010,7,1.000000
STODDARD - 000017,8,1.000000
STODDARD - 000016,8,1.000000
STODDARD - 000015,8,1.000000
STODDARD - 000009,8,1.000000
STODDARD - 000008,8,1.000000
STODDARD - 000020,8,1.000000
STODDARD - 000021,8,1.000000
STODDARD - 000002,8,1.000000
STODDARD - 000007,8,1.000000
STODDARD - 000012,8,1.000000
STODDARD - 000011,8,1.000000
STODDARD - 000014,8,1.000000
STODDARD - 000003,8,1.000000
STODDARD - 000006,8,1.000000
STODDARD - 000004,8,1.000000
STODDARD - 000005,8,1.000000
STODDARD - 000013,8,1.000000
STODDARD - 000019,8,1.000000
STODDARD - 000018,8,1.000000
STODDARD - 000010,8,1.000000
PETTIS - 000004,4,1.000000
PETTIS - 000022,4,1.000000
PETTIS - 000024,4,1.000000
PETTIS - 000012,4,1.000000
PETTIS - 000025,4,1.000000
PETTIS - 000013,4,1.000000
PETTIS - 000009,4,1.000000
PETTIS - 000027,4,1.000000
PETTIS - 000026,4,1.000000
PETTIS - 000006,4,1.000000
PETTIS - 000002,4,1.000000
PETTIS - 000003,4,1.000000
PETTIS - 000005,4,1.000000
PETTIS - 000007,4,1.000000
PETTIS - 000021,4,1.000000
PETTIS - 000008,4,1.000000
PETTIS - 000011,4,1.000000
PETTIS - 000020,4,1.000000
PETTIS - 000015,4,1.000000
PETTIS - 000014,4,1.000000
PETTIS - 000016,4,1.000000
PETTIS - 000018,4,1.000000
PETTIS - 000019,4,1.000000
PETTIS - 000017,4,1.000000
PETTIS - 000023,4,1.000000
PETTIS - 000010,4,1.000000
HICKORY - 000002,4,1.000000
HICKORY - 000003,4,1.000000
HICKORY - 000006,4,1.000000
HICKORY - 000007,4,1.000000
HICKORY - 000004,4,1.000000
HICKORY - 000010,4,1.000000
HICKORY - 000011,4,1.000000
HICKORY - 000005,4,1.000000
HICKORY - 000008,4,1.000000
HICKORY - 000009,4,1.000000
MCDONALD - 000002,7,1.000000
MCDONALD - 000003,7,1.000000
MCDONALD - 000004,7,1.000000
MCDONALD - 000010,7,1.000000
MCDONALD - 000006,7,1.000000
MCDONALD - 000007,7,1.000000
MCDONALD - 000011,7,1.000000
MCDONALD - 000008,7,1.000000
MCDONALD - 000009,7,1.000000
MCDONALD - 000012,7,1.000000
MCDONALD - 000013,7,1.000000
MCDONALD - 000014,7,1.000000
MCDONALD - 000015,7,1.000000
MCDONALD - 000016,7,1.000000
MCDONALD - 000017,7,1.000000
MCDONALD - 000018,7,1.000000
MCDONALD - 000019,7,1.000000
MCDONALD - 000020,7,1.000000
ST. LOUIS - 000012,1,1.000000
ST. LOUIS - 000206,1,1.000000
ST. LOUIS - 000189,1,1.000000
ST. LOUIS - 000190,1,1.000000
ST. LOUIS - 000163,1,1.000000
ST. LOUIS - 000160,1,1.000000
ST. LOUIS - 000164,1,1.000000
ST. LOUIS - 000205,1,1.000000
ST. LOUIS - 000188,1,1.000000
ST. LOUIS - 000203,1,1.000000
ST. LOUIS - 000174,1,1.000000
ST. LOUIS - 16-241,1,1.000000
ST. LOUIS - 000175,1,1.000000
ST. LOUIS - 000179,1,1.000000
ST. LOUIS - 000178,1,1.000000
ST. LOUIS - 161012,1,1.000000
ST. LOUIS - 000075,1,1.000000
ST. LOUIS - 000078,1,1.000000
ST. LOUIS - 000176,1,1.000000
ST. LOUIS - 000086,1,1.000000
ST. LOUIS - 000074,1,1.000000
ST. LOUIS - 000073,1,1.000000
ST. LOUIS - 000057,1,1.000000
ST. LOUIS - 000126,1,1.000000
ST. LOUIS - 000084,1,1.000000
ST. LOUIS - 16-173,1,1.000000
ST. LOUIS - 16-218,1,1.000000
ST. LOUIS - 000006,1,1.000000
ST. LOUIS - 000008,1,1.000000
ST. LOUIS - 16-046,1,1.000000
ST. LOUIS - 16-041,1,1.000000
ST. LOUIS - 16-279,1,1.000000
ST. LOUIS - 000010,1,1.000000
ST. LOUIS - 000152,1,1.000000
ST. LOUIS - 000026,1,1.000000
ST. LOUIS - 000025,1,1.000000
ST. LOUIS - 16-219,1,1.000000
ST. LOUIS - 000153,1,1.000000
ST. LOUIS - 000079,1,1.000000
ST. LOUIS - 000017,1,1.000000
ST. LOUIS - 000125,1,1.000000
ST. LOUIS - 162811,1,1.000000
ST. LOUIS - 000131,1,1.000000
ST. LOUIS - 000119,1,1.000000
ST. LOUIS - 000060,1,1.000000
ST. LOUIS - 000122,1,1.000000
ST. LOUIS - 000059,1,1.000000
ST. LOUIS - 16-183,1,1.000000
ST. LOUIS - 000145,1,1.000000
ST. LOUIS - 16-206,1,1.000000
ST. LOUIS - 000097,1,1.000000
ST. LOUIS - 000094,1,1.000000
ST. LOUIS - 000035,1,1.000000
ST. LOUIS - 000036,1,1.000000
ST. LOUIS - 000052,1,1.000000
ST. LOUIS - 000141,1,1.000000
ST. LOUIS - 16-303,1,1.000000
ST. LOUIS - 000083,1,1.000000
ST. LOUIS - 000047,1,1.000000
ST. LOUIS - 000050,1,1.000000
ST. LOUIS - 000032,1,1.000000
ST. LOUIS - 000044,1,1.000000
ST. LOUIS - 000048,1,1.000000
ST. LOUIS - 000054,1,1.000000
ST. LOUIS - 000041,1,1.000000
ST. LOUIS - 000046,1,1.000000
ST. LOUIS - 000148,1,1.000000
ST. LOUIS - 000042,1,1.000000
ST. LOUIS - 000146,1,1.000000
ST. LOUIS - 000066,1,1.000000
ST. LOUIS - 000045,1,1.000000
ST. LOUIS - 000051,1,1.000000
ST. LOUIS - 16-099,1,1.000000
ST. LOUIS - 000067,1,1.000000
ST. LOUIS - 000072,1,1.000000
ST. LOUIS - 000172,1,1.000000
ST. LOUIS - 000118,1,1.000000
ST. LOUIS - 000116,1,1.000000
ST. LOUIS - 000103,1,1.000000
ST. LOUIS - 000170,1,1.000000
ST. LOUIS - 000168,1,1.000000
ST. LOUIS - 000112,1,1.000000
ST. LOUIS - 000090,1,1.000000
ST. LOUIS - 000020,1,1.000000
ST. LOUIS - 000162,1,1.000000
ST. LOUIS - 000087,1,1.000000
ST. LOUIS - 000085,1,1.000000
ST. LOUIS - 000077,1,1.000000
ST. LOUIS - 000098,1,1.000000
ST. LOUIS - 16-053,1,1.000000
ST. LOUIS - 000101,1,1.000000
ST. LOUIS - 16-149,1,1.000000
ST. LOUIS - 000104,1,1.000000
ST. LOUIS - 000088,1,1.000000
ST. LOUIS - 000033,1,1.000000
ST. LOUIS - 16-102,1,1.000000
ST. LOUIS - 16-156,1,1.000000
ST. LOUIS - 000106,1,1.000000
ST. LOUIS - 161410,1,1.000000
ST. LOUIS - 000184,1,1.000000
ST. LOUIS - 000064,1,1.000000
ST. LOUIS - 16-239,1,1.000000
ST. LOUIS - 16-014,1,1.000000
ST. LOUIS - 16-013,1,1.000000
ST. LOUIS - 000014,1,1.000000
ST. LOUIS - 000196,1,1.000000
ST. LOUIS - 000161,1,1.000000
ST. LOUIS - 000191,1,1.000000
ST. LOUIS - 000186,1,1.000000
ST. LOUIS - 000158,1,1.000000
ST. LOUIS - 000177,1,1.000000
ST. LOUIS - 000201,1,1.000000
ST. LOUIS - 000208,1,1.000000
ST. LOUIS - 000193,1,1.000000
ST. LOUIS - 000195,1,1.000000
ST. LOUIS - 000194,1,1.000000
ST. LOUIS - 000004,1,1.000000
ST. LOUIS - 000198,1,1.000000
ST. LOUIS - 16-024,1,1.000000
ST. LOUIS - 000011,1,1.000000
ST. LOUIS - 000003,1,1.000000
ST. LOUIS - 000187,1,1.000000
ST. LOUIS - 000204,1,1.000000
ST. LOUIS - 000202,1,1.000000
ST. LOUIS - 16-011,1,1.000000
ST. LOUIS - 000007,1,1.000000
ST. LOUIS - 000133,1,1.000000
ST. LOUIS - 000135,1,1.000000
ST. LOUIS - 000031,1,1.000000
ST. LOUIS - 16-049,1,1.000000
ST. LOUIS - 000156,1,1.000000
ST. LOUIS - 000151,1,1.000000
ST. LOUIS - 000209,1,1.000000
ST. LOUIS - 16-031,1,1.000000
ST. LOUIS - 000128,1,1.000000
ST. LOUIS - 16-192,1,1.000000
ST. LOUIS - 161010,1,1.000000
ST. LOUIS - 16-108,1,1.000000
ST. LOUIS - 16-097,1,1.000000
ST. LOUIS - 000113,1,1.000000
ST. LOUIS - 16-255,1,1.000000
ST. LOUIS - 000185,1,1.000000
ST. LOUIS - 16-257,1,1.000000
ST. LOUIS - 16-109,1,1.000000
ST. LOUIS - 000127,1,1.000000
ST. LOUIS - 000111,1,1.000000
ST. LOUIS - 000027,1,1.000000
ST. LOUIS - 16-207,1,1.000000
ST. LOUIS - 000081,1,1.000000
ST. LOUIS - 000091,1,1.000000
ST. LOUIS - 161013,1,1.000000
ST. LOUIS - 000154,1,1.000000
ST. LOUIS - 16-410,1,1.000000
ST. LOUIS - 16-157,1,1.000000
ST. LOUIS - 000099,1,1.000000
ST. LOUIS - 16-101,1,1.000000
ST. LOUIS - 000199,1,1.000000
ST. LOUIS - 16-137,1,1.000000
ST. LOUIS - 000096,1,1.000000
ST. LOUIS - 000200,1,1.000000
ST. LOUIS - 000061,1,1.000000
ST. LOUIS - 16-148,1,1.000000
ST. LOUIS - 16-256,1,1.000000
ST. LOUIS - 000157,1,1.000000
ST. LOUIS - 000030,1,1.000000
ST. LOUIS - 000028,1,1.000000
ST. LOUIS - 000005,1,1.000000
ST. LOUIS - 000155,1,1.000000
ST. LOUIS - 000165,1,1.000000
ST. LOUIS - 16-036,1,1.000000
ST. LOUIS - 000023,1,1.000000
ST. LOUIS - 000056,1,1.000000
ST. LOUIS - 000192,1,1.000000
ST. LOUIS - 16-202,1,1.000000
ST. LOUIS - 000134,1,1.000000
ST. LOUIS - 000124,1,1.000000
ST. LOUIS - 000130,1,1.000000
ST. LOUIS - 000136,1,1.000000
ST. LOUIS - 000063,1,1.000000
ST. LOUIS - 000058,1,1.000000
ST. LOUIS - 000144,1,1.000000
ST. LOUIS - 000108,1,1.000000
ST. LOUIS - 000182,1,1.000000
ST. LOUIS - 000093,1,1.000000
ST. LOUIS - 000037,1,1.000000
ST. LOUIS - 16-026,1,1.000000
ST. LOUIS - 000143,1,1.000000
ST. LOUIS - 000139,1,1.000000
ST. LOUIS - 16-116,1,1.000000
ST. LOUIS - 000082,1,1.000000
ST. LOUIS - 000053,1,1.000000
ST. LOUIS - 000142,1,1.000000
ST. LOUIS - 000140,1,1.000000
ST. LOUIS - 000070,1,1.000000
ST. LOUIS - 000043,1,1.000000
ST. LOUIS - 000062,1,1.000000
ST. LOUIS - 000049,1,1.000000
ST. LOUIS - 16-091,1,1.000000
ST. LOUIS - 000150,1,1.000000
ST. LOUIS - 000147,1,1.000000
ST. LOUIS - 000149,1,1.000000
ST. LOUIS - 000040,1,1.000000
ST. LOUIS - 000069,1,1.000000
ST. LOUIS - 000068,1,1.000000
ST. LOUIS - 000167,1,1.000000
ST. LOUIS - 000166,1,1.000000
ST. LOUIS - 16-164,1,1.000000
ST. LOUIS - 000080,1,1.000000
ST. LOUIS - 000117,1,1.000000
ST. LOUIS - 000115,1,1.000000
ST. LOUIS - 000089,1,1.000000
ST. LOUIS - 000022,1,1.000000
ST. LOUIS - 000159,1,1.000000
ST. LOUIS - 000169,1,1.000000
ST. LOUIS - 000171,1,1.000000
ST. LOUIS - 000076,1,1.000000
ST. LOUIS - 000092,1,1.000000
ST. LOUIS - 000019,1,1.000000
ST. LOUIS - 000100,1,1.000000
ST. LOUIS - 000102,1,1.000000
ST. LOUIS - 000095,1,1.000000
ST. LOUIS - 16-039,1,1.000000
ST. LOUIS - 16-057,1,1.000000
ST. LOUIS - 000107,1,1.000000
ST. LOUIS - 000109,1,1.000000
ST. LOUIS - 16-058,1,1.000000
ST. LOUIS - 000183,1,1.000000
ST. LOUIS - 000105,1,1.000000
ST. LOUIS - 000197,1,1.000000
ST. LOUIS - 000180,1,1.000000
ST. LOUIS - 16-228,1,1.000000
ST. LOUIS - 161011,1,1.000000
OSAGE - 000008,3,1.000000
OSAGE - 000005,3,1.000000
OSAGE - 000011,3,1.000000
OSAGE - 000019,3,1.000000
OSAGE - 000014,3,1.000000
OSAGE - 000010,3,1.000000
OSAGE - 000007,3,1.000000
OSAGE - 000012,3,1.000000
OSAGE - 000015,3,1.000000
OSAGE - 000003,3,1.000000
OSAGE - 000006,3,1.000000
OSAGE - 000013,3,1.000000
OSAGE - 000004,3,1.000000
OSAGE - 000018,3,1.000000
OSAGE - 000020,3,1.000000
OSAGE - 000009,3,1.000000
OSAGE - 000002,3,1.000000
OZARK - 000005,8,1.000000
OZARK - 000010,8,1.000000
OZARK - 000006,8,1.000000
OZARK - 000009,8,1.000000
OZARK - 000007,8,1.000000
OZARK - 000002,8,1.000000
OZARK - 000004,8,1.000000
OZARK - 000008,8,1.000000
OZARK - 000003,8,1.000000
OZARK - 000011,8,1.000000
BENTON - 000004,4,1.000000
BENTON - 000005,4,1.000000
BENTON - 000008,4,1.000000
BENTON - 0012-6,4,1.000000
BENTON - 000007,4,1.000000
BENTON - 000001,4,1.000000
BENTON - 000009,4,1.000000
BENTON - 000002,4,1.000000
CHRISTIAN - 000006,7,1.000000
CHRISTIAN - 000002,7,1.000000
CHRISTIAN - 000033,7,1.000000
CHRISTIAN - 000019,7,1.000000
CHRISTIAN - 000003,7,1.000000
CHRISTIAN - 000004,7,1.000000
CHRISTIAN - 000005,7,1.000000
CHRISTIAN - 000009,7,1.000000
CHRISTIAN - 000015,7,1.000000
CHRISTIAN - 000020,7,1.000000
CHRISTIAN - 000007,7,1.000000
CHRISTIAN - 000016,7,1.000000
CHRISTIAN - 000014,7,1.000000
CHRISTIAN - 000008,7,1.000000
CHRISTIAN - 000010,7,1.000000
CHRISTIAN - 000011,7,1.000000
CHRISTIAN - 000012,7,1.000000
CHRISTIAN - 000013,7,1.000000
CHRISTIAN - 000022,7,1.000000
CHRISTIAN - 000017,7,1.000000
CHRISTIAN - 000018,7,1.000000
CHRISTIAN - 000032,7,1.000000
CHRISTIAN - 000021,7,1.000000
CHRISTIAN - 000025,7,1.000000
CHRISTIAN - 000023,7,1.000000
CHRISTIAN - 000024,7,1.000000
CHRISTIAN - 000027,7,1.000000
CHRISTIAN - 000028,7,1.000000
WEBSTER - 000010,7,1.000000
WEBSTER - 12-020,7,1.000000
WEBSTER - 000005,4,1.000000
WEBSTER - 12-019,4,1.000000
WEBSTER - 000006,7,0.571111
WEBSTER - 000006,4,0.428889
WEBSTER - 000011,7,1.000000
WEBSTER - 000013,4,0.997778
WEBSTER - 000013,7,0.002222
WEBSTER - 16-015,4,1.000000
WEBSTER - 000012,7,1.000000
WEBSTER - 000002,4,1.000000
WEBSTER - 16-018,4,1.000000
WEBSTER - 000014,7,1.000000
WEBSTER - 000003,4,1.000000
WEBSTER - 16-016,4,1.000000
WEBSTER - 14-017,4,1.000000
WEBSTER - 000008,4,1.000000
CHRISTIAN - 000029,7,1.000000
CHRISTIAN - 000030,7,1.000000
CHRISTIAN - 000026,7,1.000000
CHRISTIAN - 000031,7,1.000000
CHRISTIAN - 000034,7,1.000000
MARION - 000019,6,1.000000
MARION - 16-034,6,1.000000
MARION - 16-032,6,1.000000
MARION - 16-031,6,1.000000
MARION - 16-033,6,1.000000
MARION - 000014,6,1.000000
MARION - 000016,6,1.000000
MARION - 16-020,6,1.000000
MARION - 000003,6,1.000000
MARION - 000009,6,1.000000
MARION - 000006,6,1.000000
MARION - 16-030,6,1.000000
MARION - 000004,6,1.000000
MARION - 000002,6,1.000000
MARION - 000023,6,1.000000
MARION - 000013,6,1.000000
MARION - 000022,6,1.000000
MARION - 000008,6,1.000000
MONROE - 000003,6,1.000000
MONROE - 000002,6,1.000000
MONROE - 000005,6,1.000000
MONROE - 000007,6,1.000000
MONROE - 16-015,6,1.000000
MONROE - 16-014,6,1.000000
MONROE - 000004,6,1.000000
MONROE - 000009,6,1.000000
MONROE - 16-021,6,1.000000
MONROE - 16-020,6,1.000000
MONROE - 000008,6,1.000000
MONROE - 000006,6,1.000000
COLE - 000003,3,1.000000
COLE - 000007,3,1.000000
COLE - 000016,3,1.000000
COLE - 16-513,3,1.000000
COLE - 000009,3,1.000000
COLE - 16-410,3,1.000000
COLE - 000002,3,1.000000
COLE - 000010,3,1.000000
COLE - 000004,3,1.000000
COLE - 000011,3,1.000000
COLE - 000040,3,1.000000
COLE - 000052,3,1.000000
COLE - 000032,3,1.000000
COLE - 000051,3,1.000000
COLE - 000008,3,1.000000
COLE - 000046,3,1.000000
COLE - 000005,3,1.000000
COLE - 000041,3,1.000000
COLE - 000006,3,1.000000
COLE - 000043,3,1.000000
COLE - 000042,3,1.000000
COLE - 000038,3,1.000000
COLE - 000034,3,1.000000
COLE - 000037,3,1.000000
COLE - 000039,3,1.000000
COLE - 000035,3,1.000000
COLE - 000036,3,1.000000
COLE - 000049,3,1.000000
COLE - 000044,3,1.000000
COLE - 000045,3,1.000000
COLE - 000050,3,1.000000
BOLLINGER - 000005,8,1.000000
BOLLINGER - 000009,8,1.000000
BOLLINGER - 000012,8,1.000000
BOLLINGER - 000015,8,1.000000
BOLLINGER - 000003,8,1.000000
BOLLINGER - 000007,8,1.000000
BOLLINGER - 000011,8,1.000000
BOLLINGER - 000006,8,1.000000
BOLLINGER - 000010,8,1.000000
PERRY - 000003,8,1.000000
PERRY - 000002,8,1.000000
PERRY - 000008,8,1.000000
PERRY - 16-019,8,1.000000
PERRY - 000012,8,1.000000
PERRY - 16-018,8,1.000000
PERRY - 16-020,8,1.000000
PERRY - 000006,8,1.000000
PERRY - 000007,8,1.000000
PERRY - 000013,8,1.000000
PERRY - 000010,8,1.000000
PERRY - 000005,8,1.000000
PERRY - 000011,8,1.000000
PERRY - 000016,8,1.000000
PERRY - 000004,8,1.000000
PERRY - 000009,8,1.000000
PERRY - 000017,8,1.000000
PERRY - 000015,8,1.000000
HOWELL - 000012,8,1.000000
HOWELL - 000015,8,1.000000
HOWELL - 000016,8,1.000000
HOWELL - 000017,8,1.000000
HOWELL - 000018,8,1.000000
HOWELL - 000003,8,1.000000
HOWELL - 000020,8,1.000000
HOWELL - 000004,8,1.000000
HOWELL - 000019,8,1.000000
HOWELL - 000002,8,1.000000
HOWELL - 000021,8,1.000000
HOWELL - 000005,8,1.000000
HOWELL - 000006,8,1.000000
HOWELL - 000009,8,1.000000
HOWELL - 000010,8,1.000000
HOWELL - 000011,8,1.000000
HOWELL - 000008,8,1.000000
HOWELL - 000013,8,1.000000
HOWELL - 000014,8,1.000000
HOWELL - 000007,8,1.000000
HOWELL - 012-22,8,1.000000
BOONE - 000007,4,1.000000
BOONE - 000008,4,1.000000
BOONE - 000039,4,1.000000
BOONE - 000031,3,1.000000
BOONE - 000032,3,1.000000
BOONE - 000042,3,1.000000
BOONE - 000035,3,1.000000
BOONE - 000009,4,1.000000
BOONE - 000012,4,1.000000
BOONE - 000010,4,1.000000
BOONE - 000011,4,1.000000
BOONE - 00002H,4,1.000000
BOONE - 00006F,3,1.000000
BOONE - 00002C,4,1.000000
BOONE - 000040,4,1.000000
BOONE - 00003F,4,1.000000
BOONE - 16-01M,4,0.340000
BOONE - 16-01M,3,0.660000
BOONE - 00001A,4,1.000000
BOONE - 00001I,3,1.000000
BOONE - 00001E,3,1.000000
BOONE - 000041,4,0.948889
BOONE - 000041,3,0.051111
BOONE - 00006A,3,1.000000
BOONE - 00003D,4,1.000000
BOONE - 00006H,3,1.000000
BOONE - 00006G,3,1.000000
BOONE - 16-045,4,1.000000
BOONE - 16-03M,3,1.000000
BOONE - 00003E,3,1.000000
BOONE - 00003C,4,1.000000
BOONE - 00002J,4,1.000000
BOONE - 00003B,4,1.000000
BOONE - 16-03J,4,1.000000
BOONE - 16-03N,4,1.000000
BOONE - 00006C,3,1.000000
BOONE - 16-03H,4,1.000000
BOONE - 00006E,3,1.000000
BOONE - 00006D,3,1.000000
BOONE - 000034,3,1.000000
BOONE - 000033,3,1.000000
BOONE - 000028,3,1.000000
BOONE - 000024,4,1.000000
BOONE - 000023,4,1.000000
BOONE - 000025,3,1.000000
BOONE - 16-06J,3,1.000000
BOONE - 00003A,4,1.000000
BOONE - 00002B,4,1.000000
BOONE - 00006B,3,1.000000
BOONE - 16-06K,3,1.000000
BOONE - 16-06M,3,1.000000
BOONE - 000029,3,1.000000
BOONE - 00006I,3,1.000000
BOONE - 00001B,3,1.000000
BOONE - 16-03G,4,1.000000
BOONE - 000038,3,1.000000
BOONE - 000018,3,0.457778
BOONE - 000018,4,0.542222
BOONE - 000019,4,1.000000
BOONE - 000020,4,1.000000
BOONE - 000037,3,1.000000
BOONE - 00002K,4,0.575556
BOONE - 00002K,3,0.424444
BOONE - 00001C,4,1.000000
BOONE - 00004D,3,1.000000
BOONE - 00004E,3,1.000000
BOONE - 00004I,3,1.000000
BOONE - 00001D,4,1.000000
BOONE - 00005A,3,1.000000
BOONE - 00005J,3,1.000000
BOONE - 00005H,3,1.000000
BOONE - 000021,3,0.895556
BOONE - 000021,4,0.104444
BOONE - 00004B,3,1.000000
BOONE - 00005F,3,1.000000
BOONE - 00005C,3,1.000000
BOONE - 00004F,3,1.000000
BOONE - 00004G,3,1.000000
BOONE - 16-044,3,1.000000
BOONE - 00004K,3,1.000000
BOONE - 000022,4,1.000000
BOONE - 00005E,3,1.000000
BOONE - 16-01J,4,1.000000
BOONE - 000036,3,1.000000
BOONE - 00005I,3,1.000000
BOONE - 00001F,4,1.000000
BOONE - 00005M,3,1.000000
BOONE - 000026,3,1.000000
BOONE - 16-02L,4,1.000000
BOONE - 00002A,4,1.000000
BOONE - 00004J,3,1.000000
BOONE - 00002I,4,1.000000
BOONE - 00004A,3,1.000000
BOONE - 00004C,3,1.000000
BOONE - 00004H,3,1.000000
BOONE - 00002G,4,1.000000
BOONE - 16-04M,3,1.000000
BOONE - 00001G,4,1.000000
BOONE - 00002D,4,1.000000
BOONE - 00002F,4,1.000000
BOONE - 16-01K,4,1.000000
BOONE - 00004L,3,1.000000
BOONE - 16-01L,4,1.000000
BOONE - 16-05N,3,1.000000
BOONE - 00005G,3,1.000000
BOONE - 000015,4,1.000000
BOONE - 00005D,3,1.000000
BOONE - 000027,3,1.000000
BOONE - 00005K,3,1.000000
BOONE - 000016,4,1.000000
BOONE - 000017,4,1.000000
BOONE - 16-03L,4,1.000000
BOONE - 16-043,3,1.000000
BOONE - 000030,3,1.000000
BOONE - 16-06L,3,1.000000
BOONE - 16-03I,4,1.000000
BOONE - 00005L,3,1.000000
BOONE - 00005B,3,1.000000
BOONE - 16-05P,3,1.000000
CALLAWAY - 001351,3,1.000000
CALLAWAY - 001350,3,1.000000
CALLAWAY - 001069,3,1.000000
CALLAWAY - 000826,3,1.000000
CALLAWAY - 001543,3,1.000000
CALLAWAY - 001081,3,1.000000
CALLAWAY - 000998,3,1.000000
CALLAWAY - 001584,3,1.000000
CALLAWAY - 001763,3,1.000000
CALLAWAY - 001271,3,1.000000
CALLAWAY - 001190,3,1.000000
CALLAWAY - 001272,3,1.000000
CALLAWAY - 001292,3,1.000000
CALLAWAY - 001306,3,1.000000
CALLAWAY - 001297,3,1.000000
CALLAWAY - 000839,3,1.000000
CALLAWAY - 000828,3,1.000000
CALLAWAY - 001083,3,1.000000
CALLAWAY - 001595,3,1.000000
CALLAWAY - 001438,3,1.000000
CALLAWAY - 000842,3,1.000000
CALLAWAY - 001843,3,1.000000
CALLAWAY - 001989,3,1.000000
CALLAWAY - 001991,3,1.000000
CALLAWAY - 001189,3,1.000000
LINCOLN - 000021,6,1.000000
LINCOLN - 000018,6,1.000000
LINCOLN - 000020,6,1.000000
LINCOLN - 000019,6,1.000000
LINCOLN - 000012,6,1.000000
LINCOLN - 000008,6,1.000000
LINCOLN - 000024,6,1.000000
LINCOLN - 000025,6,1.000000
LINCOLN - 000013,6,1.000000
LINCOLN - 000009,6,1.000000
LINCOLN - 000005,6,1.000000
LINCOLN - 000014,6,1.000000
LINCOLN - 000011,6,1.000000
LINCOLN - 000015,6,1.000000
LINCOLN - 000002,6,1.000000
LINCOLN - 000004,6,1.000000
LINCOLN - 000017,6,1.000000
LINCOLN - 000023,6,1.000000
LINCOLN - 000003,6,1.000000
CARROLL - 16-001,6,1.000000
CARROLL - 16-003,6,1.000000
CARROLL - 16-004,6,1.000000
CARROLL - 16-019,6,1.000000
CARROLL - 000006,6,1.000000
CARROLL - 16-017,6,1.000000
CARROLL - 000007,6,1.000000
CARROLL - 000010,6,1.000000
CARROLL - 16-016,6,1.000000
CARROLL - 000013,6,1.000000
CARROLL - 000009,6,1.000000
CARROLL - 000012,6,1.000000
CARROLL - 000014,6,1.000000
ST. CHARLES - 000101,3,1.000000
ST. CHARLES - 000106,3,1.000000
ST. CHARLES - 000151,2,1.000000
ST. CHARLES - 000219,2,1.000000
ST. CHARLES - 000206,2,1.000000
ST. CHARLES - 000128,3,1.000000
ST. CHARLES - 000157,2,1.000000
ST. CHARLES - 000161,3,1.000000
ST. CHARLES - 000187,3,1.000000
ST. CHARLES - 000185,3,1.000000
ST. CHARLES - 000165,3,1.000000
ST. CHARLES - 000182,3,1.000000
ST. CHARLES - 000167,3,1.000000
ST. CHARLES - 000149,3,1.000000
ST. CHARLES - 000160,3,1.000000
ST. CHARLES - 000121,3,1.000000
ST. CHARLES - 000198,3,1.000000
ST. CHARLES - 000041,3,1.000000
ST. CHARLES - 000193,2,1.000000
ST. CHARLES - 000005,3,1.000000
ST. CHARLES - 000045,3,1.000000
ST. CHARLES - 000034,3,1.000000
ST. CHARLES - 000124,3,1.000000
ST. CHARLES - 000043,3,1.000000
ST. CHARLES - 000033,3,1.000000
ST. CHARLES - 000132,3,1.000000
ST. CHARLES - 000130,3,1.000000
ST. CHARLES - 000113,3,1.000000
ST. CHARLES - 000102,3,1.000000
ST. CHARLES - 000205,2,1.000000
ST. CHARLES - 000211,2,1.000000
ST. CHARLES - 000194,2,1.000000
ST. CHARLES - 000131,3,1.000000
ST. CHARLES - 000212,2,1.000000
ST. CHARLES - 000166,3,1.000000
ST. CHARLES - 000184,3,1.000000
ST. CHARLES - 000163,3,1.000000
ST. CHARLES - 000190,3,1.000000
COLE - 16-3-8,3,1.000000
COLE - 16-3-7,3,1.000000
COLE - 16-2-5,3,1.000000
GREENE - 000007,7,1.000000
GREENE - 000027,7,1.000000
GREENE - 000028,7,1.000000
GREENE - 000024,7,1.000000
GREENE - 000025,7,1.000000
GREENE - 000020,7,1.000000
GREENE - 000005,7,1.000000
GREENE - 000026,7,1.000000
GREENE - 000019,7,1.000000
GREENE - 000092,7,1.000000
GREENE - 000091,7,1.000000
GREENE - 000006,7,1.000000
GREENE - 000090,7,1.000000
GREENE - 000089,7,1.000000
GREENE - 000094,7,1.000000
GREENE - 000088,7,1.000000
GREENE - 000095,7,1.000000
GREENE - 000112,7,1.000000
GREENE - 000113,7,1.000000
GREENE - 000086,7,1.000000
GREENE - 000055,7,1.000000
GREENE - 000054,7,1.000000
GREENE - 000087,7,1.000000
GREENE - 000069,7,1.000000
GREENE - 000085,7,1.000000
GREENE - 000052,7,1.000000
GREENE - 000068,7,1.000000
GREENE - 000053,7,1.000000
GREENE - 000079,7,1.000000
GREENE - 000065,7,1.000000
GREENE - 000049,7,1.000000
GREENE - 000080,7,1.000000
GREENE - 000074,7,1.000000
GREENE - 000073,7,1.000000
GREENE - 000075,7,1.000000
GREENE - 000031,7,1.000000
GREENE - 000084,7,1.000000
GREENE - 000067,7,1.000000
GREENE - 000050,7,1.000000
GREENE - 000023,7,1.000000
GREENE - 000022,7,1.000000
GREENE - 000021,7,1.000000
GREENE - 000063,7,1.000000
GREENE - 000051,7,1.000000
GREENE - 000044,7,1.000000
GREENE - 000004,7,1.000000
GREENE - 000034,7,1.000000
GREENE - 000064,7,1.000000
GREENE - 000010,7,1.000000
GREENE - 000009,7,1.000000
GREENE - 000033,7,1.000000
GREENE - 000083,7,1.000000
GREENE - 000081,7,1.000000
GREENE - 000047,7,1.000000
GREENE - 000046,7,1.000000
GREENE - 000008,7,1.000000
GREENE - 000003,7,1.000000
GREENE - 000061,7,1.000000
GREENE - 000062,7,1.000000
GREENE - 000060,7,1.000000
GREENE - 000082,7,1.000000
GREENE - 000076,7,1.000000
GREENE - 000096,7,1.000000
GREENE - 000097,7,1.000000
GREENE - 000011,7,1.000000
GREENE - 000036,7,1.000000
GREENE - 000035,7,1.000000
GREENE - 000098,7,1.000000
GREENE - 000109,7,1.000000
COLE - 16-2-6,3,1.000000
COLE - 16-411,3,1.000000
COLE - 16-3-9,3,1.000000
COLE - 16-512,3,1.000000
SCOTT - 000007,8,1.000000
SCOTT - 000006,8,1.000000
SCOTT - 000011,8,1.000000
SCOTT - 000021,8,1.000000
SCOTT - 000003,8,1.000000
SCOTT - 000016,8,1.000000
SCOTT - 000012,8,1.000000
SCOTT - 000009,8,1.000000
SCOTT - 000023,8,1.000000
SCOTT - 12-001,8,1.000000
SCOTT - 000004,8,1.000000
SCOTT - 000014,8,1.000000
SCOTT - 12-002,8,1.000000
SCOTT - 000017,8,1.000000
SCOTT - 000022,8,1.000000
SCOTT - 000015,8,1.000000
SCOTT - 000010,8,1.000000
SCOTT - 000019,8,1.000000
SCOTT - 000013,8,1.000000
COLE - 16-514,3,1.000000
COLE - 16-001,3,1.000000
COLE - 16-002,3,1.000000
CEDAR - 003191,4,1.000000
CEDAR - 003052,4,1.000000
CEDAR - 003054,4,1.000000
CEDAR - 003057,4,1.000000
CEDAR - 003129,4,1.000000
CEDAR - 003139,4,1.000000
CEDAR - 003092,4,1.000000
CEDAR - 003178,4,1.000000
CEDAR - 003192,4,1.000000
ST. CHARLES - 000221,2,1.000000
ST. CHARLES - 000218,2,1.000000
ST. CHARLES - 000203,2,1.000000
ST. CHARLES - 000186,2,1.000000
ST. CHARLES - 000181,2,0.506667
ST. CHARLES - 000181,3,0.493333
ST. CHARLES - 000210,2,1.000000
ST. CHARLES - 000208,2,1.000000
ST. CHARLES - 000207,2,1.000000
ST. CHARLES - 000225,2,1.000000
ST. CHARLES - 000196,2,1.000000
ST. CHARLES - 000222,2,1.000000
ST. CHARLES - 000217,2,1.000000
ST. CHARLES - 000214,2,1.000000
ST. CHARLES - 000189,2,1.000000
ST. CHARLES - 000226,2,1.000000
ST. CHARLES - 000229,2,1.000000
ST. CHARLES - 000183,3,0.897778
ST. CHARLES - 000183,2,0.102222
ST. CHARLES - 000228,3,1.000000
ST. CHARLES - 000150,3,1.000000
ST. CHARLES - 000230,3,1.000000
ST. CHARLES - 000146,3,1.000000
ST. CHARLES - 000147,3,1.000000
ST. CHARLES - 000231,3,1.000000
ST. CHARLES - 000227,3,1.000000
ST. CHARLES - 000126,3,1.000000
ST. CHARLES - 000152,3,1.000000
ST. CHARLES - 000129,3,1.000000
ST. CHARLES - 000154,3,1.000000
ST. CHARLES - 000140,3,1.000000
ST. CHARLES - 000153,3,1.000000
ST. CHARLES - 000144,3,1.000000
ST. CHARLES - 000021,3,1.000000
ST. CHARLES - 000024,3,1.000000
ST. CHARLES - 000025,3,1.000000
ST. CHARLES - 000028,3,1.000000
ST. CHARLES - 000215,3,1.000000
ST. CHARLES - 000156,3,1.000000
ST. CHARLES - 000091,3,1.000000
ST. CHARLES - 000220,3,1.000000
ST. CHARLES - 000234,3,1.000000
BUCHANAN - 000027,6,1.000000
BUCHANAN - 000035,6,1.000000
BUCHANAN - 000028,6,1.000000
BUCHANAN - 000016,6,1.000000
BUCHANAN - 000029,6,1.000000
BUCHANAN - 000018,6,1.000000
BUCHANAN - 000030,6,1.000000
BUCHANAN - 000033,6,1.000000
BUCHANAN - 000034,6,1.000000
BUCHANAN - 000031,6,1.000000
BUCHANAN - 000032,6,1.000000
BUCHANAN - 000011,6,1.000000
BUCHANAN - 000002,6,1.000000
BUCHANAN - 000024,6,1.000000
BUCHANAN - 000001,6,1.000000
BUCHANAN - 000006,6,1.000000
BUCHANAN - 000023,6,1.000000
BUCHANAN - 000012,6,1.000000
BUCHANAN - 000004,6,1.000000
BUCHANAN - 000010,6,1.000000
BUCHANAN - 000021,6,1.000000
BUCHANAN - 000022,6,1.000000
BUCHANAN - 000008,6,1.000000
BUCHANAN - 000020,6,1.000000
BUCHANAN - 000014,6,1.000000
GREENE - 000107,7,1.000000
GREENE - 000013,7,1.000000
GREENE - 000110,7,1.000000
GREENE - 000012,7,1.000000
GREENE - 000039,7,1.000000
GREENE - 000037,7,1.000000
GREENE - 000099,7,1.000000
GREENE - 000017,7,1.000000
GREENE - 000111,7,1.000000
GREENE - 000070,7,1.000000
GREENE - 000106,7,1.000000
GREENE - 000059,7,1.000000
GREENE - 000038,7,1.000000
GREENE - 000108,7,1.000000
GREENE - 000058,7,1.000000
GREENE - 000100,7,1.000000
GREENE - 000101,7,1.000000
GREENE - 000077,7,1.000000
GREENE - 000102,7,1.000000
GREENE - 000103,7,1.000000
GREENE - 000066,7,1.000000
GREENE - 000104,7,1.000000
GREENE - 000014,7,1.000000
GREENE - 000040,7,1.000000
GREENE - 000015,7,1.000000
GREENE - 000041,7,1.000000
GREENE - 000105,7,1.000000
GREENE - 000016,7,1.000000
GREENE - 000042,7,1.000000
GREENE - 000071,7,1.000000
GREENE - 000043,7,1.000000
GREENE - 000072,7,1.000000
GREENE - 000018,7,1.000000
GREENE - 000078,7,1.000000
GREENE - 000032,7,1.000000
GREENE - 000030,7,1.000000
GREENE - 000045,7,1.000000
GREENE - 000056,7,1.000000
GREENE - 000002,7,1.000000
GREENE - 000029,7,1.000000
GREENE - 000114,7,1.000000
GREENE - 000048,7,1.000000
GREENE - 000093,7,1.000000
GREENE - 000057,7,1.000000
ST. CHARLES - 000104,3,1.000000
ST. CHARLES - 000063,3,1.000000
ST. CHARLES - 000159,3,0.860000
ST. CHARLES - 000159,2,0.140000
ST. CHARLES - 000143,2,0.920000
ST. CHARLES - 000143,3,0.080000
ST. CHARLES - 000084,3,1.000000
ST. CHARLES - 000086,3,1.000000
ST. CHARLES - 000047,3,1.000000
ST. CHARLES - 000170,2,1.000000
ST. CHARLES - 000139,3,0.993333
ST. CHARLES - 000139,2,0.006667
ST. CHARLES - 000071,3,1.000000
ST. CHARLES - 000083,3,1.000000
ST. CHARLES - 000022,3,1.000000
ST. CHARLES - 000036,3,1.000000
ST. CHARLES - 000085,3,1.000000
ST. CHARLES - 000015,3,1.000000
ST. CHARLES - 000014,3,1.000000
ST. CHARLES - 000080,3,1.000000
ST. CHARLES - 000016,3,1.000000
ST. CHARLES - 000087,3,1.000000
ST. CHARLES - 000103,3,1.000000
ST. CHARLES - 000107,3,1.000000
ST. CHARLES - 000173,2,1.000000
ST. CHARLES - 000200,3,1.000000
ST. CHARLES - 000197,2,1.000000
ST. CHARLES - 000213,3,1.000000
ST. CHARLES - 000202,2,1.000000
ST. CHARLES - 000199,3,1.000000
ST. CHARLES - 000031,3,1.000000
ST. CHARLES - 000162,3,1.000000
ST. CHARLES - 000155,3,1.000000
ST. CHARLES - 000145,3,1.000000
ST. CHARLES - 000122,3,1.000000
ST. CHARLES - 000056,3,1.000000
ST. CHARLES - 000054,3,1.000000
ST. CHARLES - 000001,3,1.000000
ST. CHARLES - 000004,3,1.000000
ST. CHARLES - 000057,3,1.000000
ST. CHARLES - 000062,3,1.000000
ST. CHARLES - 000169,3,1.000000
ST. CHARLES - 000148,3,1.000000
ST. CHARLES - 000051,3,1.000000
ST. CHARLES - 000111,3,1.000000
ST. CHARLES - 000100,3,1.000000
SALINE - 000007,4,1.000000
SALINE - 000008,4,1.000000
SALINE - 000006,4,1.000000
SALINE - 000005,4,1.000000
SALINE - 000004,4,1.000000
SALINE - 000011,4,1.000000
SALINE - 000012,4,1.000000
SALINE - 16-013,4,1.000000
SALINE - 16-015,4,1.000000
SALINE - 16-014,4,1.000000
SALINE - 16-016,4,1.000000
SALINE - 000003,4,1.000000
SALINE - 000010,4,1.000000
CASS - 000027,4,1.000000
CASS - 000008,4,1.000000
CASS - 000037,4,1.000000
CASS - 000046,4,1.000000
CASS - 000021,4,1.000000
CASS - 000033,4,1.000000
CASS - 000035,4,1.000000
JACKSON - 000176,5,1.000000
JACKSON - 000162,5,1.000000
JACKSON - K16804,5,1.000000
JACKSON - 000482,5,1.000000
JACKSON - 000490,5,1.000000
JACKSON - 000491,5,1.000000
JACKSON - 000486,5,1.000000
JACKSON - 000163,5,1.000000
JACKSON - 000167,5,1.000000
JACKSON - 000329,5,1.000000
JACKSON - K16913,5,1.000000
JACKSON - KC1004,5,1.000000
JACKSON - KC1110,5,1.000000
JACKSON - 000300,5,1.000000
JACKSON - 000455,5,1.000000
JACKSON - 000476,5,1.000000
JACKSON - KC1111,5,1.000000
JACKSON - 000192,5,1.000000
JACKSON - 000201,5,1.000000
JACKSON - 000187,5,1.000000
JACKSON - 000154,5,1.000000
JACKSON - 000456,5,1.000000
JACKSON - 000238,5,1.000000
JACKSON - K16419,5,1.000000
JACKSON - 000302,5,1.000000
JACKSON - 000159,5,1.000000
JACKSON - 000437,5,1.000000
JACKSON - 000474,5,1.000000
JACKSON - 000152,5,1.000000
JACKSON - 000428,5,1.000000
JACKSON - 000440,5,1.000000
JACKSON - 000299,5,1.000000
JACKSON - 000182,5,1.000000
JACKSON - 000450,5,1.000000
JACKSON - 000435,5,1.000000
JACKSON - 000457,5,1.000000
LACLEDE - 000016,4,1.000000
LACLEDE - 000018,4,1.000000
LACLEDE - 16-025,4,1.000000
LACLEDE - 000006,4,1.000000
LACLEDE - 16-026,4,1.000000
LACLEDE - 000014,4,1.000000
NEWTON - 000010,7,1.000000
NEWTON - 000008,7,1.000000
NEWTON - 000006,7,1.000000
NEWTON - 000004,7,1.000000
NEWTON - 000012,7,1.000000
NEWTON - 000007,7,1.000000
NEWTON - 000013,7,1.000000
NEWTON - 000002,7,1.000000
NEWTON - 000017,7,1.000000
NEWTON - 000005,7,1.000000
NEWTON - 000015,7,1.000000
NEWTON - 000014,7,1.000000
NEWTON - 000016,7,1.000000
NEWTON - 000018,7,1.000000
NEWTON - 000003,7,1.000000
NEWTON - 000011,7,1.000000
NEWTON - 16-029,7,1.000000
NEWTON - 16-030,7,1.000000
NEWTON - 16-032,7,1.000000
NEWTON - 16-027,7,1.000000
NEWTON - 16-021,7,1.000000
NEWTON - 16-028,7,1.000000
NEWTON - 000009,7,1.000000
JACKSON - 000630,4,1.000000
JACKSON - 000584,5,1.000000
JACKSON - 000586,5,1.000000
JACKSON - 000573,4,1.000000
JACKSON - 000587,4,1.000000
JACKSON - 000631,4,1.000000
JACKSON - 000608,4,1.000000
JACKSON - 000633,4,1.000000
JACKSON - 000616,4,1.000000
JACKSON - 000617,4,1.000000
JACKSON - 000638,4,1.000000
JACKSON - 000614,4,1.000000
JACKSON - 000619,4,1.000000
JACKSON - 000569,5,1.000000
JACKSON - 000570,4,1.000000
JACKSON - 000637,4,1.000000
JACKSON - 000601,5,1.000000
JACKSON - 000590,5,1.000000
JACKSON - 000607,4,1.000000
JACKSON - 000592,5,1.000000
JACKSON - 000593,4,1.000000
JACKSON - 000625,4,1.000000
JACKSON - 000626,4,1.000000
JACKSON - 000591,5,1.000000
JACKSON - 000599,4,1.000000
JACKSON - 000604,4,1.000000
JACKSON - 000613,4,1.000000
JACKSON - VB1613,4,1.000000
JACKSON - 000645,4,1.000000
JACKSON - VB1611,4,1.000000
JACKSON - 000643,4,1.000000
JACKSON - 000642,4,1.000000
JACKSON - VB1617,4,1.000000
JACKSON - 000319,5,1.000000
JACKSON - 000654,5,1.000000
JACKSON - 000655,5,1.000000
JACKSON - 000661,5,1.000000
JACKSON - 000396,5,1.000000
JACKSON - 000664,5,1.000000
JACKSON - 000169,5,1.000000
JACKSON - KC2512,5,1.000000
JACKSON - 000391,5,1.000000
JACKSON - 000404,5,1.000000
JASPER - 000007,7,1.000000
JASPER - 000032,7,1.000000
JASPER - 000036,7,1.000000
JASPER - 000030,7,1.000000
JASPER - 16-004,7,1.000000
JASPER - 000037,7,1.000000
JASPER - 000015,7,1.000000
JASPER - 000010,7,1.000000
JASPER - 000011,7,1.000000
JASPER - 000026,7,1.000000
JASPER - 16-026,7,1.000000
JASPER - 000004,7,1.000000
JASPER - 000034,7,1.000000
JASPER - 000006,7,1.000000
JASPER - 000041,7,1.000000
JACKSON - 000322,5,1.000000
JACKSON - KC2010,5,1.000000
JACKSON - KC2613,5,1.000000
JACKSON - 000408,5,1.000000
JACKSON - 000407,5,1.000000
JACKSON - KC2608,5,1.000000
JACKSON - 000409,5,1.000000
JACKSON - 000388,5,1.000000
JACKSON - 000395,5,1.000000
JACKSON - 000663,5,1.000000
JACKSON - 000390,5,1.000000
JACKSON - 000387,5,1.000000
JACKSON - KC1905,5,1.000000
JACKSON - 000317,5,1.000000
JACKSON - 000316,5,1.000000
JACKSON - 000315,5,1.000000
JACKSON - 000397,5,1.000000
JACKSON - 000406,5,1.000000
JACKSON - KC1920,5,1.000000
JACKSON - 000375,5,1.000000
JACKSON - KC2607,5,1.000000
JACKSON - 000651,5,1.000000
JACKSON - KC2312,5,1.000000
JACKSON - 000189,5,1.000000
JACKSON - 000234,5,1.000000
JACKSON - 000248,5,1.000000
JACKSON - 000366,5,1.000000
JACKSON - 000278,5,1.000000
JACKSON - 000280,5,1.000000
JACKSON - 000279,5,1.000000
JACKSON - 000236,5,1.000000
JACKSON - 000361,5,1.000000
JACKSON - 000480,5,1.000000
JACKSON - 000485,5,1.000000
JACKSON - K16903,5,1.000000
JACKSON - K16611,5,1.000000
JACKSON - KC1209,5,1.000000
JACKSON - 000419,5,1.000000
JACKSON - 000320,5,1.000000
JACKSON - PR1610,5,1.000000
JACKSON - SB1649,4,1.000000
JACKSON - 000581,5,1.000000
JACKSON - 000557,4,1.000000
JACKSON - KC2611,5,1.000000
JACKSON - K16814,5,1.000000
JACKSON - 000307,5,1.000000
JACKSON - 000420,5,1.000000
JACKSON - 000423,5,1.000000
JACKSON - 000460,5,1.000000
JACKSON - 000461,5,1.000000
JACKSON - 000150,5,1.000000
JACKSON - 000442,5,1.000000
JACKSON - 000312,5,1.000000
JACKSON - 000305,5,1.000000
JACKSON - 000418,5,1.000000
JACKSON - 000430,5,1.000000
JACKSON - 000449,5,1.000000
JACKSON - 000304,5,1.000000
JACKSON - 000422,5,1.000000
JACKSON - 000444,5,1.000000
JACKSON - 000464,5,1.000000
JACKSON - KC1010,5,1.000000
JACKSON - 000228,5,1.000000
JACKSON - 000313,5,1.000000
JACKSON - 000523,5,1.000000
JACKSON - 000544,5,1.000000
JACKSON - 000542,5,1.000000
JACKSON - 000567,5,1.000000
JACKSON - 000514,5,1.000000
JACKSON - 000566,5,1.000000
JACKSON - 16-101,4,1.000000
JACKSON - 000555,4,1.000000
JACKSON - 000539,5,1.000000
JACKSON - 000552,5,1.000000
JACKSON - 16-100,5,1.000000
JACKSON - 000546,5,1.000000
JACKSON - 000022,5,1.000000
JACKSON - 000047,5,1.000000
JACKSON - KC1520,5,1.000000
JACKSON - KC2302,5,1.000000
JACKSON - 000103,5,1.000000
JACKSON - 000024,5,1.000000
JACKSON - 000346,5,1.000000
JACKSON - 000029,5,1.000000
JACKSON - 000035,5,1.000000
JACKSON - 000007,6,1.000000
JACKSON - 000019,5,1.000000
JACKSON - 000017,5,1.000000
JACKSON - 000620,4,1.000000
JACKSON - 000603,4,1.000000
JACKSON - 000634,4,1.000000
JACKSON - 000580,4,1.000000
JACKSON - 000632,4,1.000000
JACKSON - 000595,5,1.000000
JACKSON - 000572,4,1.000000
JACKSON - 000629,4,1.000000
JACKSON - 000639,4,1.000000
JACKSON - SB1616,4,1.000000
JACKSON - 000610,4,1.000000
JACKSON - 000596,4,1.000000
JACKSON - 000582,5,1.000000
JACKSON - SB1634,5,1.000000
JACKSON - 000640,4,1.000000
JACKSON - 000641,4,1.000000
JACKSON - 000644,4,1.000000
JACKSON - VB1610,4,1.000000
JACKSON - VB1609,4,1.000000
JACKSON - VB1601,4,1.000000
JACKSON - 000389,5,1.000000
JACKSON - 000318,5,1.000000
JACKSON - 000650,5,1.000000
JACKSON - 000656,5,1.000000
JACKSON - 000660,5,1.000000
JACKSON - 000288,5,1.000000
JACKSON - 000287,5,1.000000
JACKSON - 000403,5,1.000000
JACKSON - 000662,5,1.000000
JACKSON - 000658,5,1.000000
JACKSON - 000648,5,1.000000
JACKSON - 000295,5,1.000000
JACKSON - 000374,5,1.000000
JACKSON - 000405,5,1.000000
JACKSON - 000386,5,1.000000
JACKSON - 000392,5,1.000000
JACKSON - 000394,5,1.000000
JACKSON - 000321,5,1.000000
JACKSON - 000393,5,1.000000
JACKSON - 000398,5,1.000000
JACKSON - KC1904,5,1.000000
JACKSON - 000291,5,1.000000
JACKSON - KC2003,5,1.000000
JACKSON - 000030,6,1.000000
JACKSON - 000036,5,0.993333
JACKSON - 000036,6,0.006667
JACKSON - 000037,5,1.000000
JACKSON - 000050,5,1.000000
JACKSON - 000043,5,1.000000
JACKSON - 000025,5,1.000000
JACKSON - 000069,5,1.000000
JACKSON - 000054,5,1.000000
JACKSON - 000062,5,1.000000
JACKSON - 000072,5,1.000000
JACKSON - 000071,5,1.000000
JACKSON - 000066,5,1.000000
JACKSON - 000060,5,1.000000
JACKSON - 000092,5,1.000000
JACKSON - 000086,5,1.000000
JACKSON - 000082,5,1.000000
JACKSON - 000220,5,1.000000
JACKSON - 000198,5,1.000000
JACKSON - KC1311,5,1.000000
JACKSON - 000202,5,1.000000
JACKSON - KC1313,5,1.000000
JACKSON - 000203,5,1.000000
JACKSON - 000195,5,1.000000
JACKSON - KC1507,5,1.000000
JACKSON - 000206,5,1.000000
JACKSON - KC1916,5,1.000000
JACKSON - 000314,5,1.000000
JACKSON - 000172,5,1.000000
JACKSON - 000290,5,1.000000
JACKSON - 000289,5,1.000000
JACKSON - 000293,5,1.000000
JACKSON - 000190,5,1.000000
JACKSON - 000225,5,1.000000
JACKSON - 160102,5,1.000000
JACKSON - KC1314,5,1.000000
JACKSON - 000057,5,1.000000
JACKSON - 000339,5,1.000000
JACKSON - 000347,5,1.000000
JACKSON - 000345,5,1.000000
JACKSON - 000044,5,1.000000
JACKSON - 000341,5,1.000000
JACKSON - 000061,5,1.000000
JACKSON - 000091,5,1.000000
JACKSON - 000184,5,1.000000
JACKSON - KC1113,5,1.000000
JACKSON - 000179,5,1.000000
JACKSON - 000191,5,1.000000
JACKSON - 000212,5,1.000000
JACKSON - 000210,5,1.000000
JACKSON - 000209,5,1.000000
JACKSON - 000204,5,1.000000
JACKSON - KC1504,5,1.000000
JACKSON - 000223,5,1.000000
JACKSON - KC1523,5,1.000000
JACKSON - 000227,5,1.000000
JACKSON - KC2308,5,1.000000
JACKSON - KC1516,5,1.000000
JACKSON - BR1613,5,1.000000
JACKSON - KC2428,5,1.000000
JACKSON - 000365,5,1.000000
JACKSON - KC2419,5,1.000000
JACKSON - 000370,5,1.000000
JACKSON - KC2423,5,1.000000
JACKSON - 000261,5,1.000000
JACKSON - 000282,5,1.000000
JACKSON - BR1610,5,1.000000
JACKSON - 000371,5,1.000000
JACKSON - 000116,5,1.000000
JACKSON - 000359,5,1.000000
JACKSON - 000383,5,1.000000
JACKSON - 000263,5,1.000000
JACKSON - 000259,5,1.000000
JACKSON - 000402,5,1.000000
JACKSON - 000400,5,1.000000
JACKSON - 000399,5,1.000000
JACKSON - 000130,5,1.000000
JACKSON - 000340,5,1.000000
JACKSON - 000230,5,1.000000
JACKSON - 000385,5,1.000000
JACKSON - 000373,5,1.000000
JACKSON - 000131,5,1.000000
JACKSON - BR1608,5,1.000000
JACKSON - KC1515,5,1.000000
JACKSON - KC1907,5,1.000000
JACKSON - KC1107,5,1.000000
JACKSON - 000481,5,1.000000
JACKSON - 000164,5,1.000000
JACKSON - 000193,5,1.000000
JACKSON - 000459,5,1.000000
JACKSON - 000156,5,1.000000
JACKSON - 000512,5,1.000000
JACKSON - 000612,6,0.720000
JACKSON - 000612,4,0.280000
JACKSON - SB1635,5,1.000000
JACKSON - VB1608,4,1.000000
JACKSON - 000129,5,1.000000
JACKSON - 000055,5,1.000000
JACKSON - 000052,5,1.000000
JACKSON - 000344,5,1.000000
JACKSON - 000354,5,1.000000
JACKSON - 160104,5,1.000000
JACKSON - 000056,5,1.000000
JACKSON - 000342,5,1.000000
JACKSON - 000064,5,1.000000
JACKSON - 000033,6,1.000000
JACKSON - KC1212,5,1.000000
JACKSON - 000188,5,1.000000
JACKSON - KC1310,5,1.000000
JACKSON - 000217,5,1.000000
JACKSON - 000211,5,1.000000
JACKSON - 000222,5,1.000000
JACKSON - 000219,5,1.000000
JACKSON - 000218,5,1.000000
JACKSON - KC2301,5,1.000000
JACKSON - 000337,5,1.000000
JACKSON - 000107,5,1.000000
JACKSON - 000006,5,1.000000
JACKSON - KC2403,5,1.000000
JACKSON - 000358,5,1.000000
JACKSON - 000372,5,1.000000
JACKSON - BR1612,5,1.000000
JACKSON - BR1620,5,1.000000
JACKSON - 000244,5,1.000000
JACKSON - 000257,5,1.000000
JACKSON - KC1607,5,1.000000
JACKSON - 000254,5,1.000000
JACKSON - 000273,5,1.000000
JACKSON - 000271,5,1.000000
JACKSON - 000285,5,1.000000
JACKSON - 000266,5,1.000000
JACKSON - 000267,5,1.000000
JACKSON - 000284,5,1.000000
JACKSON - 000269,5,1.000000
JACKSON - 000109,5,1.000000
JACKSON - 000242,5,1.000000
JACKSON - 000255,5,1.000000
JACKSON - 000253,5,1.000000
JACKSON - KC2414,5,1.000000
JACKSON - 000283,5,1.000000
JACKSON - 000292,5,1.000000
JACKSON - KC2427,5,1.000000
JACKSON - 000145,6,1.000000
JACKSON - 000144,6,1.000000
JACKSON - 000140,6,1.000000
JACKSON - 000138,6,1.000000
JACKSON - 000147,6,1.000000
JACKSON - 000298,5,1.000000
JACKSON - 000415,5,1.000000
JACKSON - 000467,5,1.000000
JACKSON - 000231,5,1.000000
JACKSON - 000301,5,1.000000
JACKSON - 000310,5,1.000000
JACKSON - 000401,5,1.000000
JACKSON - 000363,5,1.000000
JACKSON - 000378,5,1.000000
JACKSON - 000330,5,1.000000
JACKSON - 000185,5,1.000000
JACKSON - K16718,5,1.000000
JACKSON - PR1601,5,1.000000
JACKSON - PR1655,5,1.000000
JACKSON - PR1663,4,1.000000
JACKSON - SB1683,4,1.000000
JACKSON - KC2416,5,1.000000
JACKSON - 000128,5,1.000000
JACKSON - 000123,5,1.000000
JACKSON - 000276,5,1.000000
JACKSON - 000120,5,1.000000
JACKSON - 000251,5,1.000000
JACKSON - 000355,5,1.000000
JACKSON - 000360,5,1.000000
JACKSON - 000364,5,1.000000
JACKSON - 000357,5,1.000000
JACKSON - 000277,5,1.000000
JACKSON - 000362,5,1.000000
JACKSON - BR1611,5,1.000000
JACKSON - 000125,5,1.000000
JACKSON - 000132,5,1.000000
JACKSON - 000134,5,1.000000
JACKSON - 000356,5,1.000000
JACKSON - 000256,5,1.000000
JACKSON - 000247,5,1.000000
JACKSON - 000265,5,1.000000
JACKSON - 000272,5,1.000000
JACKSON - 000275,5,1.000000
JACKSON - 000286,5,1.000000
JACKSON - 000270,5,1.000000
JACKSON - 000268,5,1.000000
JACKSON - 000350,5,1.000000
JACKSON - 000136,5,1.000000
JACKSON - BRNO06,5,1.000000
JACKSON - 000241,5,1.000000
JACKSON - 000260,5,1.000000
JACKSON - 000369,5,1.000000
JACKSON - 000281,5,1.000000
JACKSON - 000258,5,1.000000
JACKSON - 000143,6,1.000000
JACKSON - 000146,6,1.000000
JACKSON - 000142,6,1.000000
JACKSON - FO1601,5,0.884444
JACKSON - FO1601,6,0.115556
JACKSON - FO1609,6,1.000000
JACKSON - 000606,6,1.000000
JACKSON - 000148,5,1.000000
JACKSON - 000462,5,1.000000
JASPER - 000038,7,1.000000
JASPER - 000002,7,1.000000
JASPER - 000020,7,1.000000
JASPER - 000023,7,1.000000
JASPER - 000017,7,1.000000
JASPER - 000018,7,1.000000
JASPER - 000022,7,1.000000
JASPER - 000019,7,1.000000
JASPER - 000005,7,1.000000
JASPER - 000047,7,1.000000
JASPER - 000043,7,1.000000
JASPER - 000016,7,1.000000
JASPER - 000014,7,1.000000
JASPER - 000009,7,1.000000
JASPER - 000008,7,1.000000
JASPER - 000046,7,1.000000
JASPER - 000012,7,1.000000
JASPER - 000003,7,1.000000
JASPER - 000040,7,1.000000
JASPER - 000045,7,1.000000
JASPER - 000021,7,1.000000
JASPER - 000044,7,1.000000
JASPER - 000031,7,1.000000
JASPER - 000029,7,1.000000
JASPER - 000033,7,1.000000
JASPER - 000013,7,1.000000
JASPER - 000027,7,1.000000
JASPER - 000024,7,1.000000
JASPER - 000035,7,1.000000
JASPER - 000042,7,1.000000
SCOTLAND - 000003,6,1.000000
SCOTLAND - 000008,6,1.000000
SCOTLAND - 000002,6,1.000000
SCOTLAND - 000006,6,1.000000
SCOTLAND - 000004,6,1.000000
SCOTLAND - 000005,6,1.000000
SCOTLAND - 000007,6,1.000000
JACKSON - 000551,5,1.000000
JACKSON - 000561,5,1.000000
JACKSON - 000558,5,1.000000
JACKSON - 000548,5,1.000000
JACKSON - 000499,5,1.000000
JACKSON - 000527,5,1.000000
JACKSON - 000562,5,1.000000
JACKSON - 000509,5,1.000000
JACKSON - 000500,5,1.000000
JACKSON - 000511,5,1.000000
JACKSON - 000543,5,1.000000
JACKSON - 000529,5,1.000000
JACKSON - 000556,5,1.000000
JACKSON - PR1602,5,1.000000
JACKSON - 000510,5,1.000000
JACKSON - 000518,5,1.000000
JACKSON - 000540,5,1.000000
JACKSON - 000563,5,1.000000
JACKSON - 000524,5,1.000000
JACKSON - 000532,5,1.000000
JACKSON - 000519,5,1.000000
JACKSON - 000525,5,1.000000
JACKSON - 000554,5,1.000000
JACKSON - 000505,5,1.000000
JACKSON - 000534,5,1.000000
JACKSON - 000538,5,1.000000
JACKSON - VB1607,4,1.000000
JACKSON - 000536,5,1.000000
JACKSON - 000568,5,1.000000
JACKSON - 000531,5,1.000000
JACKSON - 000096,5,1.000000
JACKSON - 000104,5,1.000000
JACKSON - 000196,5,1.000000
JACKSON - 000097,5,1.000000
JACKSON - 000197,5,1.000000
JACKSON - 000099,5,1.000000
JACKSON - 000031,6,1.000000
JACKSON - 160406,5,1.000000
JACKSON - 000067,5,1.000000
JACKSON - 000338,5,1.000000
JACKSON - 000008,5,1.000000
JACKSON - 000226,5,1.000000
JACKSON - 000088,5,1.000000
JACKSON - VB1606,5,1.000000
JACKSON - 000168,5,1.000000
JACKSON - 000173,5,1.000000
JACKSON - 000200,5,1.000000
JACKSON - 000379,5,1.000000
JACKSON - 000368,5,1.000000
JACKSON - 000181,5,1.000000
JACKSON - 000250,5,1.000000
JACKSON - K16512,5,1.000000
JACKSON - PR1657,5,1.000000
JACKSON - VB1604,4,1.000000
JACKSON - BR1619,5,1.000000
JACKSON - 000264,5,1.000000
JACKSON - KC2213,5,1.000000
JACKSON - PR1658,4,1.000000
JACKSON - 000382,5,1.000000
JACKSON - KC1915,5,1.000000
JACKSON - KC2430,5,1.000000
JACKSON - K16811,5,1.000000
JACKSON - 000155,5,1.000000
JACKSON - 000452,5,1.000000
JACKSON - 000245,5,1.000000
JACKSON - 000496,5,1.000000
JACKSON - 000246,5,1.000000
JACKSON - 000161,5,1.000000
JACKSON - KC2212,5,1.000000
JACKSON - 000332,5,1.000000
JACKSON - 000333,5,1.000000
JACKSON - 000335,5,1.000000
JACKSON - 000324,5,1.000000
JACKSON - 000426,5,1.000000
JACKSON - 000208,5,1.000000
JACKSON - 000328,5,1.000000
JACKSON - 000441,5,1.000000
JACKSON - KC2201,5,1.000000
JACKSON - 000331,5,1.000000
JACKSON - 000334,5,1.000000
JACKSON - 000448,5,1.000000
JACKSON - 000149,5,1.000000
JACKSON - 000175,5,1.000000
JACKSON - 000151,5,1.000000
JACKSON - 000157,5,1.000000
JACKSON - K16218,5,1.000000
JACKSON - 000446,5,1.000000
JACKSON - 000306,5,1.000000
JACKSON - PR1661,4,1.000000
JACKSON - KC2304,5,1.000000
JACKSON - KC2612,5,1.000000
JACKSON - 000424,5,1.000000
JACKSON - 000214,5,1.000000
JACKSON - 000416,5,1.000000
JACKSON - 000243,5,1.000000
JACKSON - 000221,5,1.000000
JACKSON - 000153,5,1.000000
JACKSON - 000454,5,1.000000
JACKSON - 000488,5,1.000000
JACKSON - 000479,5,1.000000
JACKSON - 000495,5,1.000000
JACKSON - 000160,5,1.000000
JACKSON - 000492,5,1.000000
JACKSON - 000296,5,1.000000
JACKSON - 000483,5,1.000000
JACKSON - 000484,5,1.000000
JACKSON - 000497,5,1.000000
JACKSON - 000165,5,1.000000
JACKSON - 000174,5,1.000000
JACKSON - 000327,5,1.000000
JACKSON - 000326,5,1.000000
JACKSON - 000177,5,1.000000
JACKSON - K16106,5,1.000000
JACKSON - 000447,5,1.000000
JACKSON - K16815,5,1.000000
JACKSON - K16615,5,1.000000
JACKSON - 000194,5,1.000000
JACKSON - 000308,5,1.000000
JACKSON - 000186,5,1.000000
JACKSON - 000429,5,1.000000
JACKSON - 000475,5,1.000000
JACKSON - 000239,5,1.000000
JACKSON - 000425,5,1.000000
JACKSON - 000413,5,1.000000
JACKSON - 000438,5,1.000000
JACKSON - 000178,5,1.000000
JACKSON - 000439,5,1.000000
JACKSON - 000436,5,1.000000
JACKSON - 000451,5,1.000000
JACKSON - 000183,5,1.000000
JACKSON - 000431,5,1.000000
JACKSON - 000432,5,1.000000
JACKSON - 000412,5,1.000000
JACKSON - 000421,5,1.000000
JACKSON - K16316,5,1.000000
JACKSON - 000458,5,1.000000
JACKSON - 000434,5,1.000000
JACKSON - 000215,5,1.000000
JACKSON - 000216,5,1.000000
JACKSON - 000470,5,1.000000
JACKSON - 000232,5,1.000000
JACKSON - 000224,5,1.000000
JACKSON - 000233,5,1.000000
JACKSON - 000469,5,1.000000
JACKSON - 000493,5,1.000000
JACKSON - 000478,5,1.000000
JACKSON - 000489,5,1.000000
JACKSON - 000494,5,1.000000
JACKSON - K16513,5,1.000000
JACKSON - 000443,5,1.000000
JACKSON - 000453,5,1.000000
JACKSON - 000180,5,1.000000
JACKSON - 000207,5,1.000000
JACKSON - 000417,5,1.000000
JACKSON - 000463,5,1.000000
JACKSON - 000427,5,1.000000
JACKSON - 000477,5,1.000000
JACKSON - 000311,5,1.000000
JACKSON - K16207,5,1.000000
JACKSON - 000471,5,1.000000
JACKSON - 000433,5,1.000000
JACKSON - KC1042,5,1.000000
JACKSON - 000414,5,1.000000
JACKSON - 000213,5,1.000000
JACKSON - 000166,5,1.000000
JACKSON - 000229,5,1.000000
JACKSON - 000303,5,1.000000
JACKSON - 000235,5,1.000000
JACKSON - 000503,5,1.000000
JACKSON - 000506,5,1.000000
JACKSON - 000537,5,1.000000
JACKSON - 000520,5,1.000000
JACKSON - 000550,5,1.000000
LACLEDE - 000010,4,1.000000
LACLEDE - 000017,4,1.000000
LACLEDE - 000019,4,1.000000
LACLEDE - 000009,4,1.000000
LACLEDE - 000008,4,1.000000
LACLEDE - 000004,4,1.000000
LACLEDE - 000011,4,1.000000
LACLEDE - 16-024,4,1.000000
LACLEDE - 000020,4,1.000000
LACLEDE - 000002,4,1.000000
LACLEDE - 000013,4,1.000000
LACLEDE - 000007,4,1.000000
LACLEDE - 000005,4,1.000000
LACLEDE - 000022,4,1.000000
LACLEDE - 000023,4,1.000000
LACLEDE - 000012,4,1.000000
LACLEDE - 16-027,4,1.000000
LACLEDE - 000015,4,1.000000
JACKSON - 000081,5,1.000000
JACKSON - 000205,5,1.000000
JACKSON - 000087,5,1.000000
JACKSON - 000020,5,1.000000
JACKSON - 000026,5,1.000000
JACKSON - 000095,5,1.000000
JACKSON - 000045,5,1.000000
JACKSON - 000348,5,1.000000
JACKSON - 000079,5,1.000000
JACKSON - 000032,6,1.000000
JACKSON - 000010,5,1.000000
JACKSON - 000002,5,1.000000
JACKSON - 000016,5,1.000000
JACKSON - 000349,5,1.000000
JACKSON - 000023,5,1.000000
JACKSON - 000059,5,1.000000
JACKSON - 000353,5,1.000000
JACKSON - 000343,5,1.000000
JACKSON - 000090,5,1.000000
JACKSON - 160103,5,1.000000
JACKSON - 000249,5,1.000000
JACKSON - 000100,5,1.000000
JACKSON - 000076,5,1.000000
JACKSON - 000084,5,1.000000
JACKSON - 000015,6,0.853333
JACKSON - 000015,5,0.146667
JACKSON - 000003,5,1.000000
JACKSON - 000034,5,1.000000
JACKSON - 000508,5,1.000000
JACKSON - 000501,5,1.000000
JACKSON - 000564,5,1.000000
JACKSON - PR1625,5,1.000000
JACKSON - 000515,5,1.000000
JACKSON - 000517,5,1.000000
JACKSON - PR1654,5,1.000000
JACKSON - 000547,5,1.000000
JACKSON - VB1603,4,1.000000
JACKSON - 000516,5,1.000000
JACKSON - 000623,5,1.000000
JACKSON - SB1602,5,1.000000
JACKSON - 000578,5,1.000000
JACKSON - 000579,5,1.000000
JACKSON - 000605,5,1.000000
JACKSON - 000622,4,1.000000
CASS - 000004,4,1.000000
CASS - 000005,4,1.000000
CASS - 000029,4,1.000000
CASS - 000028,4,1.000000
CASS - 000015,4,1.000000
CASS - 000016,4,1.000000
CASS - 000003,4,1.000000
CASS - 000026,4,1.000000
CASS - 000025,4,1.000000
CASS - 000007,4,1.000000
CASS - 000002,4,1.000000
CASS - 000001,4,1.000000
CASS - 000009,4,1.000000
CASS - 000006,4,1.000000
CASS - 000010,4,1.000000
CASS - 000013,4,1.000000
CASS - 000017,4,1.000000
CASS - 000018,4,1.000000
CASS - 000040,4,1.000000
CASS - 000036,4,1.000000
CASS - 000024,4,1.000000
CASS - 000012,4,1.000000
CASS - 000011,4,1.000000
CASS - 000014,4,1.000000
CASS - 000043,4,1.000000
CASS - 000041,4,1.000000
CASS - 000042,4,1.000000
CASS - 000045,4,1.000000
CASS - 000044,4,1.000000
CASS - 000022,4,1.000000
CASS - 000023,4,1.000000
CASS - 000020,4,1.000000
CASS - 000019,4,1.000000
CASS - 000032,4,1.000000
CASS - 000031,4,1.000000
CASS - 000038,4,1.000000
CASS - 000047,4,1.000000
CASS - 000030,4,1.000000
CASS - 000034,4,1.000000
CASS - 000039,4,1.000000
ST. LOUIS - 0WH008,2,1.000000
ST. LOUIS - 0WH001,2,1.000000
ST. LOUIS - CHE043,2,1.000000
ST. LOUIS - SPL002,1,1.000000
ST. LOUIS - CHE054,2,1.000000
ST. LOUIS - LAF009,2,1.000000
ST. LOUIS - 0WH013,2,1.000000
ST. LOUIS - 0WH033,2,1.000000
ST. LOUIS - CHE044,2,1.000000
ST. LOUIS - SPL003,1,1.000000
ST. LOUIS - 0SF007,1,1.000000
ST. LOUIS - SPL020,1,1.000000
ST. LOUIS - 0WH040,2,1.000000
ST. LOUIS - 0WH012,2,1.000000
ST. LOUIS - SPL026,1,1.000000
ST. LOUIS - 0WH201,2,1.000000
ST. LOUIS - 0WH037,2,1.000000
ST. LOUIS - LAF205,2,1.000000
ST. LOUIS - 0WH039,2,1.000000
ST. LOUIS - 0WH034,2,1.000000
ST. LOUIS - CLA039,1,1.000000
ST. LOUIS - CLA206,1,1.000000
ST. LOUIS - CLA046,1,1.000000
ST. LOUIS - 0NW032,1,1.000000
ST. LOUIS - 0NW040,1,1.000000
ST. LOUIS - 0NW206,1,1.000000
ST. LOUIS - 0NW209,1,1.000000
ST. LOUIS - 0NW008,1,1.000000
ST. LOUIS - 0NW015,1,1.000000
ST. LOUIS - 0NW018,1,1.000000
ST. LOUIS - 0NW204,1,1.000000
ST. LOUIS - 0NW203,1,1.000000
ST. LOUIS - NRW021,1,1.000000
ST. LOUIS - NRW019,1,1.000000
ST. LOUIS - NRW025,1,1.000000
ST. LOUIS - NRW205,1,1.000000
ST. LOUIS - NRW026,1,1.000000
ST. LOUIS - FER041,1,1.000000
ST. LOUIS - NRW032,1,1.000000
ST. LOUIS - NRW028,1,1.000000
ST. LOUIS - NRW030,1,1.000000
ST. LOUIS - QUE029,2,1.000000
ST. LOUIS - QUE037,2,1.000000
ST. LOUIS - QUE004,2,1.000000
ST. LOUIS - QUE023,2,1.000000
ST. LOUIS - QUE035,2,1.000000
ST. LOUIS - 0MR058,2,1.000000
ST. LOUIS - QUE039,2,1.000000
ST. LOUIS - 0SF026,1,1.000000
ST. LOUIS - 0SF025,1,1.000000
ST. LOUIS - 0SF027,1,1.000000
ST. LOUIS - 0SF016,1,1.000000
ST. LOUIS - 0SF015,1,1.000000
ST. LOUIS - 0SF014,1,1.000000
ST. LOUIS - NOR003,1,1.000000
ST. LOUIS - QUE001,2,1.000000
ST. LOUIS - LEM013,2,1.000000
ST. LOUIS - 0SF029,1,1.000000
ST. LOUIS - 0SF013,1,1.000000
ST. LOUIS - 0SF031,1,1.000000
ST. LOUIS - 0SF033,1,1.000000
ST. LOUIS - 0SF010,1,1.000000
ST. LOUIS - 0SF009,1,1.000000
ST. LOUIS - 0SF034,1,1.000000
ST. LOUIS - 0SF011,1,1.000000
ST. LOUIS - 0SF032,1,1.000000
ST. LOUIS - 0SF002,1,1.000000
ST. LOUIS - GRA026,2,1.000000
ST. LOUIS - HAD034,1,1.000000
ST. LOUIS - UNV004,1,1.000000
ST. LOUIS - HAD014,1,1.000000
ST. LOUIS - HAD018,1,1.000000
ST. LOUIS - GRA206,2,1.000000
ST. LOUIS - CLA205,2,1.000000
ST. LOUIS - FER046,1,1.000000
ST. LOUIS - FER026,1,1.000000
ST. LOUIS - FER025,1,1.000000
ST. LOUIS - FER009,1,1.000000
ST. LOUIS - JEF006,2,1.000000
ST. LOUIS - CHE030,2,1.000000
ST. LOUIS - CHE008,2,1.000000
ST. LOUIS - MID054,1,1.000000
ST. LOUIS - 0WH015,2,1.000000
ST. LOUIS - GRA009,2,1.000000
ST. LOUIS - CLA028,1,1.000000
ST. LOUIS - MID034,1,1.000000
ST. LOUIS - FER016,1,1.000000
ST. LOUIS - JEF020,1,1.000000
ST. LOUIS - JEF025,1,1.000000
ST. LOUIS - JEF027,1,1.000000
ST. LOUIS - JEF018,1,0.915556
ST. LOUIS - JEF018,2,0.084444
ST. LOUIS - JEF022,1,1.000000
ST. LOUIS - JEF030,2,0.982222
ST. LOUIS - JEF030,1,0.017778
ST. LOUIS - 0MR203,2,1.000000
ST. LOUIS - LAF008,2,1.000000
ST. LOUIS - LAF028,2,1.000000
ST. LOUIS - LAF034,2,1.000000
ST. LOUIS - LAF037,2,1.000000
ST. LOUIS - LEM208,2,1.000000
ST. LOUIS - MHT002,2,1.000000
ST. LOUIS - MHT001,2,1.000000
ST. LOUIS - MHT035,2,1.000000
ST. LOUIS - MHT011,1,0.933333
ST. LOUIS - MHT011,2,0.066667
ST. LOUIS - MHT039,2,1.000000
ST. LOUIS - MHT032,2,1.000000
ST. LOUIS - MHT024,2,1.000000
ST. LOUIS - MER026,2,1.000000
ST. LOUIS - MER037,2,1.000000
ST. LOUIS - MER207,2,1.000000
ST. LOUIS - 0MR033,2,1.000000
ST. LOUIS - QUE015,2,1.000000
ST. LOUIS - 0MR212,2,1.000000
ST. LOUIS - 0AP233,1,1.000000
ST. LOUIS - 0MR057,2,1.000000
ST. LOUIS - BON040,2,1.000000
ST. LOUIS - 0LC027,1,1.000000
ST. LOUIS - CON037,2,1.000000
ST. LOUIS - LEM005,2,1.000000
ST. LOUIS - CON052,2,1.000000
ST. LOUIS - CLA203,2,1.000000
ST. LOUIS - LAF200,2,1.000000
ST. LOUIS - NOR203,1,1.000000
ST. LOUIS - NRW009,1,1.000000
ST. LOUIS - QUE209,2,1.000000
ST. LOUIS - NOR201,1,1.000000
ST. LOUIS - UNV208,1,1.000000
ST. LOUIS - 0MR017,2,1.000000
ST. LOUIS - 0AP026,1,1.000000
ST. LOUIS - CLA010,1,1.000000
ST. LOUIS - HAD004,1,1.000000
ST. LOUIS - GRA014,2,1.000000
ST. LOUIS - MHT222,2,1.000000
ST. LOUIS - 0MR209,2,1.000000
ST. LOUIS - FLO201,1,1.000000
ST. LOUIS - CHE024,2,1.000000
ST. LOUIS - CON006,2,1.000000
ST. LOUIS - 0NW210,1,1.000000
ST. LOUIS - MHT059,2,1.000000
ST. LOUIS - NOR017,1,1.000000
ST. LOUIS - MID056,1,1.000000
ST. LOUIS - 0MR021,2,1.000000
ST. LOUIS - CHE050,2,1.000000
ST. LOUIS - NRW020,1,1.000000
ST. LOUIS - 0WH042,2,1.000000
ST. LOUIS - SPL207,1,1.000000
ST. LOUIS - 0WH036,2,1.000000
ST. LOUIS - CLA002,1,1.000000
ST. LOUIS - CLA017,1,1.000000
ST. LOUIS - CLA047,1,1.000000
ST. LOUIS - CON204,2,1.000000
ST. LOUIS - 0CC054,1,1.000000
ST. LOUIS - FER017,1,1.000000
ST. LOUIS - 0SF200,1,1.000000
ST. LOUIS - FLO020,1,1.000000
ST. LOUIS - GRA012,2,1.000000
ST. LOUIS - JEF037,2,1.000000
ST. LOUIS - LAF040,2,1.000000
ST. LOUIS - LAF015,2,1.000000
ST. LOUIS - 0LC013,1,1.000000
ST. LOUIS - 0WH024,2,1.000000
ST. LOUIS - 0LC024,1,1.000000
ST. LOUIS - LEM019,2,1.000000
ST. LOUIS - 0NW052,1,1.000000
ST. LOUIS - MID032,1,1.000000
ST. LOUIS - 0MR036,2,1.000000
ST. LOUIS - 0NW217,1,1.000000
ST. LOUIS - NRW027,1,1.000000
ST. LOUIS - QUE033,2,1.000000
ST. LOUIS - 0CC057,1,1.000000
ST. LOUIS - 0LC025,1,1.000000
ST. LOUIS - 0LC023,1,1.000000
ST. LOUIS - CHE035,2,1.000000
ST. LOUIS - CLA026,2,1.000000
ST. LOUIS - 0CC045,1,1.000000
ST. LOUIS - GRA209,2,1.000000
ST. LOUIS - LEM028,2,1.000000
ST. LOUIS - MHT220,2,1.000000
ST. LOUIS - 0NW208,1,1.000000
ST. LOUIS - NRW045,1,1.000000
ST. LOUIS - 0MR043,2,1.000000
ST. LOUIS - 0NW224,1,1.000000
ST. LOUIS - CON202,2,1.000000
ST. LOUIS - UNV006,1,1.000000
ST. LOUIS - MHT051,2,1.000000
ST. LOUIS - BON014,2,1.000000
ST. LOUIS - 0WH004,2,1.000000
ST. LOUIS - HAD003,2,1.000000
ST. LOUIS - CHE029,2,1.000000
ST. LOUIS - CON039,2,1.000000
ST. LOUIS - FER031,1,1.000000
ST. LOUIS - MHT212,2,1.000000
ST. LOUIS - 0NW045,1,1.000000
ST. LOUIS - MHT028,1,1.000000
ST. LOUIS - MHT206,1,1.000000
ST. LOUIS - QUE028,2,1.000000
ST. LOUIS - QUE205,2,1.000000
ST. LOUIS - MER213,2,1.000000
ST. LOUIS - CLA003,1,1.000000
ST. LOUIS - CLA001,1,1.000000
ST. LOUIS - CLA009,1,1.000000
ST. LOUIS - CLA006,2,1.000000
ST. LOUIS - CLA016,2,1.000000
ST. LOUIS - CLA012,2,1.000000
ST. LOUIS - 0CC015,2,1.000000
ST. LOUIS - 0CC019,2,1.000000
ST. LOUIS - CON032,2,1.000000
ST. LOUIS - CON050,2,1.000000
ST. LOUIS - CON018,2,1.000000
ST. LOUIS - CON017,2,1.000000
ST. LOUIS - GRA033,2,1.000000
ST. LOUIS - GRA042,2,1.000000
ST. LOUIS - CON044,2,1.000000
ST. LOUIS - CON011,2,1.000000
ST. LOUIS - CON014,2,1.000000
ST. LOUIS - CON024,2,1.000000
ST. LOUIS - CON015,2,1.000000
ST. LOUIS - CON046,2,1.000000
ST. LOUIS - CON049,2,1.000000
ST. LOUIS - CON002,2,1.000000
ST. LOUIS - CON005,2,1.000000
ST. LOUIS - CON035,2,1.000000
ST. LOUIS - 0CC014,2,1.000000
ST. LOUIS - 0CC016,2,1.000000
ST. LOUIS - 0CC003,1,1.000000
ST. LOUIS - 0CC031,1,1.000000
ST. LOUIS - 0CC036,2,1.000000
ST. LOUIS - 0CC208,1,1.000000
ST. LOUIS - FER043,1,1.000000
ST. LOUIS - FER011,1,1.000000
ST. LOUIS - FER004,1,1.000000
ST. LOUIS - FER023,1,1.000000
ST. LOUIS - FER018,1,1.000000
ST. LOUIS - FER040,1,1.000000
ST. LOUIS - FER030,1,1.000000
ST. LOUIS - FLO012,1,1.000000
ST. LOUIS - FLO031,1,1.000000
ST. LOUIS - FLO029,1,1.000000
ST. LOUIS - FLO021,1,1.000000
ST. LOUIS - GRA007,2,1.000000
ST. LOUIS - GRA006,2,1.000000
ST. LOUIS - GRA036,2,1.000000
ST. LOUIS - MHT056,2,1.000000
ST. LOUIS - 0MR045,2,1.000000
ST. LOUIS - 0MR002,2,1.000000
ST. LOUIS - 0CC025,2,1.000000
ST. LOUIS - NOR021,1,1.000000
ST. LOUIS - NOR055,1,1.000000
ST. LOUIS - NOR019,1,1.000000
ST. LOUIS - NOR040,1,1.000000
ST. LOUIS - NOR009,1,1.000000
ST. LOUIS - NOR007,1,1.000000
ST. LOUIS - NOR001,1,1.000000
ST. LOUIS - 0NW039,1,1.000000
ST. LOUIS - 0NW007,1,1.000000
ST. LOUIS - 0NW004,1,1.000000
ST. LOUIS - 0NW041,1,1.000000
ST. LOUIS - 0NW202,1,1.000000
ST. LOUIS - NRW048,1,1.000000
ST. LOUIS - NRW043,1,1.000000
ST. LOUIS - 0MR028,2,1.000000
ST. LOUIS - MER005,2,1.000000
ST. LOUIS - 0MR052,2,1.000000
ST. LOUIS - 0CC046,1,1.000000
ST. LOUIS - MID049,1,1.000000
ST. LOUIS - 0NW226,1,1.000000
ST. LOUIS - CON003,2,1.000000
ST. LOUIS - TSF021,2,1.000000
ST. LOUIS - TSF014,2,1.000000
ST. LOUIS - CON001,2,1.000000
ST. LOUIS - TSF023,2,1.000000
ST. LOUIS - TSF022,2,1.000000
ST. LOUIS - GRA031,2,1.000000
ST. LOUIS - TSF015,2,1.000000
ST. LOUIS - CON206,2,1.000000
ST. LOUIS - 0AP216,1,1.000000
ST. LOUIS - 0AP217,1,1.000000
ST. LOUIS - 0AP020,1,1.000000
ST. LOUIS - MID027,1,1.000000
ST. LOUIS - MID042,1,1.000000
ST. LOUIS - BON003,2,1.000000
ST. LOUIS - BON202,2,1.000000
ST. LOUIS - BON203,2,1.000000
ST. LOUIS - 0AP007,1,1.000000
ST. LOUIS - 0AP035,1,1.000000
ST. LOUIS - 0AP022,1,1.000000
ST. LOUIS - 0AP030,1,1.000000
ST. LOUIS - 0AP232,1,1.000000
ST. LOUIS - 0AP043,1,1.000000
ST. LOUIS - FLO030,1,1.000000
ST. LOUIS - 0AP230,1,1.000000
ST. LOUIS - 0AP215,1,1.000000
ST. LOUIS - 0AP037,1,1.000000
ST. LOUIS - BON033,2,1.000000
ST. LOUIS - CLA015,2,1.000000
ST. LOUIS - BON012,2,1.000000
ST. LOUIS - BON029,2,1.000000
ST. LOUIS - BON015,2,1.000000
ST. LOUIS - BON006,2,1.000000
ST. LOUIS - BON013,2,1.000000
ST. LOUIS - BON036,2,1.000000
ST. LOUIS - BON002,2,1.000000
ST. LOUIS - BON004,2,1.000000
ST. LOUIS - BON025,2,1.000000
ST. LOUIS - 0SF001,1,1.000000
ST. LOUIS - 0SF022,1,1.000000
ST. LOUIS - 0SF030,1,1.000000
ST. LOUIS - 0SF004,1,1.000000
ST. LOUIS - 0SF035,1,1.000000
ST. LOUIS - NRW042,1,1.000000
ST. LOUIS - MHT216,2,1.000000
ST. LOUIS - MHT037,2,1.000000
ST. LOUIS - 0NW049,1,1.000000
ST. LOUIS - MHT214,2,1.000000
ST. LOUIS - MHT041,2,1.000000
ST. LOUIS - MHT044,2,1.000000
ST. LOUIS - MER034,2,1.000000
ST. LOUIS - QUE213,2,1.000000
ST. LOUIS - MER011,2,1.000000
ST. LOUIS - MER015,2,1.000000
ST. LOUIS - NOR032,1,1.000000
ST. LOUIS - MID055,1,1.000000
ST. LOUIS - NOR031,1,1.000000
ST. LOUIS - MER009,2,1.000000
ST. LOUIS - JEF011,2,1.000000
ST. LOUIS - MHT018,1,1.000000
ST. LOUIS - NOR052,1,1.000000
ST. LOUIS - NOR028,1,1.000000
ST. LOUIS - MID007,1,1.000000
ST. LOUIS - NOR047,1,1.000000
ST. LOUIS - NOR043,1,1.000000
ST. LOUIS - 0MR210,2,1.000000
ST. LOUIS - 0MR039,2,1.000000
ST. LOUIS - 0CC020,2,1.000000
ST. LOUIS - NOR045,1,1.000000
ST. LOUIS - JEF200,2,1.000000
ST. LOUIS - BON034,2,1.000000
ST. LOUIS - BON207,2,1.000000
ST. LOUIS - 0MR011,2,1.000000
ST. LOUIS - BON206,2,1.000000
ST. LOUIS - BON205,2,1.000000
ST. LOUIS - GRA002,2,1.000000
ST. LOUIS - 0NW043,1,1.000000
ST. LOUIS - SPL025,1,1.000000
ST. LOUIS - SPL016,1,1.000000
ST. LOUIS - SPL201,1,1.000000
ST. LOUIS - 0WH044,2,1.000000
ST. LOUIS - LAF044,2,1.000000
ST. LOUIS - CHE025,2,1.000000
ST. LOUIS - CHE004,2,1.000000
ST. LOUIS - MHT016,2,1.000000
ST. LOUIS - CON008,2,1.000000
ST. LOUIS - MID017,1,1.000000
ST. LOUIS - 0CC001,2,1.000000
ST. LOUIS - 0CC007,1,1.000000
ST. LOUIS - FLO015,1,1.000000
ST. LOUIS - BON017,2,1.000000
ST. LOUIS - JEF008,2,1.000000
ST. LOUIS - LAF036,2,1.000000
ST. LOUIS - OAK012,2,1.000000
ST. LOUIS - LEM033,2,1.000000
ST. LOUIS - LEM204,2,1.000000
ST. LOUIS - LEM018,2,1.000000
ST. LOUIS - 0LC007,1,1.000000
ST. LOUIS - 0LC032,1,1.000000
ST. LOUIS - 0LC008,1,1.000000
ST. LOUIS - 0LC200,1,1.000000
ST. LOUIS - MHT022,2,1.000000
ST. LOUIS - MHT048,1,1.000000
ST. LOUIS - MID011,1,1.000000
ST. LOUIS - NRW003,1,1.000000
ST. LOUIS - QUE200,2,1.000000
ST. LOUIS - 0WH035,2,1.000000
ST. LOUIS - 0WH046,2,1.000000
ST. LOUIS - 0WH032,2,1.000000
ST. LOUIS - 0WH022,2,1.000000
ST. LOUIS - GRA023,2,1.000000
ST. LOUIS - 0AP202,1,1.000000
ST. LOUIS - CHE032,2,1.000000
ST. LOUIS - HAD019,2,1.000000
ST. LOUIS - CHE038,2,1.000000
ST. LOUIS - HAD035,1,1.000000
ST. LOUIS - GRA035,2,1.000000
ST. LOUIS - MER002,2,1.000000
ST. LOUIS - QUE027,2,1.000000
ST. LOUIS - 0SF005,1,1.000000
ST. LOUIS - QUE048,2,1.000000
ST. LOUIS - 0MR213,2,1.000000
ST. LOUIS - 0LC018,1,1.000000
ST. LOUIS - CON048,2,1.000000
ST. LOUIS - LAF007,2,1.000000
ST. LOUIS - MER044,2,1.000000
ST. LOUIS - 0NW227,1,1.000000
ST. LOUIS - CHE215,2,1.000000
ST. LOUIS - 0AP034,1,1.000000
ST. LOUIS - 0AP036,1,1.000000
ST. LOUIS - 0AP010,1,1.000000
ST. LOUIS - 0AP001,1,1.000000
ST. LOUIS - 0AP021,1,1.000000
ST. LOUIS - 0AP014,1,1.000000
ST. LOUIS - 0AP045,1,1.000000
ST. LOUIS - 0AP032,1,1.000000
ST. LOUIS - 0AP050,1,1.000000
ST. LOUIS - 0AP203,1,1.000000
ST. LOUIS - 0AP012,1,1.000000
ST. LOUIS - 0AP041,1,1.000000
ST. LOUIS - 0AP046,1,1.000000
ST. LOUIS - 0AP040,1,1.000000
ST. LOUIS - 0AP237,1,1.000000
ST. LOUIS - 0AP038,1,1.000000
ST. LOUIS - 0AP003,1,1.000000
ST. LOUIS - 0AP027,1,1.000000
ST. LOUIS - 0AP018,1,1.000000
ST. LOUIS - 0AP005,1,1.000000
ST. LOUIS - 0AP009,1,1.000000
ST. LOUIS - NRW006,1,1.000000
ST. LOUIS - 0AP015,1,1.000000
ST. LOUIS - NOR202,1,1.000000
ST. LOUIS - NOR222,1,1.000000
ST. LOUIS - 0NW019,1,1.000000
ST. LOUIS - 0NW005,1,1.000000
ST. LOUIS - 0NW038,2,1.000000
ST. LOUIS - NRW200,1,1.000000
ST. LOUIS - NRW010,1,1.000000
ST. LOUIS - FER039,1,1.000000
ST. LOUIS - NRW034,1,1.000000
ST. LOUIS - NRW004,1,1.000000
ST. LOUIS - QUE202,2,1.000000
ST. LOUIS - QUE016,2,1.000000
ST. LOUIS - QUE012,2,1.000000
ST. LOUIS - QUE049,2,1.000000
ST. LOUIS - 0WH041,2,1.000000
ST. LOUIS - 0MR027,2,1.000000
ST. LOUIS - QUE007,2,1.000000
ST. LOUIS - QUE002,2,1.000000
ST. LOUIS - NRW011,1,1.000000
ST. LOUIS - NRW044,1,1.000000
ST. LOUIS - BON026,2,1.000000
ST. LOUIS - CHE037,2,1.000000
ST. LOUIS - CHE015,2,1.000000
ST. LOUIS - 0NW021,1,1.000000
ST. LOUIS - 0NW213,1,1.000000
ST. LOUIS - SPL028,1,1.000000
ST. LOUIS - SPL014,1,1.000000
ST. LOUIS - CHE003,2,1.000000
ST. LOUIS - CHE022,2,1.000000
ST. LOUIS - CHE012,2,1.000000
ST. LOUIS - CLA035,1,0.928889
ST. LOUIS - CLA035,2,0.071111
ST. LOUIS - CLA021,1,1.000000
ST. LOUIS - CON043,2,1.000000
ST. LOUIS - BON010,2,1.000000
ST. LOUIS - CHE007,2,1.000000
ST. LOUIS - CHE006,2,1.000000
ST. LOUIS - CHE005,2,1.000000
ST. LOUIS - CON010,2,1.000000
ST. LOUIS - GRA046,2,1.000000
ST. LOUIS - FLO016,1,1.000000
ST. LOUIS - GRA022,2,1.000000
ST. LOUIS - GRA016,2,1.000000
ST. LOUIS - JEF013,1,1.000000
ST. LOUIS - LAF038,2,1.000000
ST. LOUIS - LAF043,2,1.000000
ST. LOUIS - LAF005,2,1.000000
ST. LOUIS - LAF027,2,1.000000
ST. LOUIS - LEM031,2,1.000000
ST. LOUIS - LEM016,2,1.000000
ST. LOUIS - LEM015,2,1.000000
ST. LOUIS - LEM011,2,1.000000
ST. LOUIS - 0LC004,1,1.000000
ST. LOUIS - 0LC028,1,1.000000
ST. LOUIS - 0LC003,1,1.000000
ST. LOUIS - 0LC001,1,1.000000
ST. LOUIS - MHT036,2,1.000000
ST. LOUIS - MHT020,2,1.000000
ST. LOUIS - MID012,1,1.000000
ST. LOUIS - NOR023,1,1.000000
ST. LOUIS - MID033,1,1.000000
ST. LOUIS - NOR050,1,1.000000
ST. LOUIS - 0NW042,1,1.000000
ST. LOUIS - QUE204,2,1.000000
ST. LOUIS - QUE030,2,1.000000
ST. LOUIS - BON020,2,1.000000
ST. LOUIS - TSF010,2,1.000000
ST. LOUIS - TSF025,2,1.000000
ST. LOUIS - TSF027,2,1.000000
ST. LOUIS - TSF024,2,1.000000
ST. LOUIS - TSF026,2,1.000000
ST. LOUIS - TSF006,2,1.000000
ST. LOUIS - LEM003,2,1.000000
ST. LOUIS - TSF012,2,1.000000
ST. LOUIS - UNV041,1,1.000000
ST. LOUIS - UNV027,1,1.000000
ST. LOUIS - UNV038,1,1.000000
ST. LOUIS - UNV040,1,1.000000
ST. LOUIS - UNV033,1,1.000000
ST. LOUIS - UNV023,1,1.000000
ST. LOUIS - CLA041,1,1.000000
ST. LOUIS - CLA008,1,1.000000
ST. LOUIS - 0CC024,1,1.000000
ST. LOUIS - 0CC034,2,1.000000
ST. LOUIS - CON007,2,1.000000
ST. LOUIS - 0CC018,1,1.000000
ST. LOUIS - 0CC037,1,1.000000
ST. LOUIS - FLO022,1,1.000000
ST. LOUIS - FLO002,1,1.000000
ST. LOUIS - HAD005,1,1.000000
ST. LOUIS - JEF028,2,1.000000
ST. LOUIS - JEF026,1,1.000000
ST. LOUIS - LAF023,2,1.000000
ST. LOUIS - LAF020,2,1.000000
ST. LOUIS - 0LC009,1,1.000000
ST. LOUIS - 0LC204,1,1.000000
ST. LOUIS - CHE047,2,1.000000
ST. LOUIS - CHE053,2,1.000000
ST. LOUIS - CON020,2,1.000000
ST. LOUIS - MID044,1,1.000000
ST. LOUIS - 0CC032,2,1.000000
ST. LOUIS - 0CC013,1,1.000000
ST. LOUIS - FER020,1,1.000000
ST. LOUIS - FER035,1,1.000000
ST. LOUIS - FER021,1,1.000000
ST. LOUIS - FLO205,1,1.000000
ST. LOUIS - FLO013,1,1.000000
ST. LOUIS - GRA037,2,1.000000
ST. LOUIS - FER208,1,1.000000
ST. LOUIS - FER207,1,1.000000
ST. LOUIS - FER045,1,1.000000
ST. LOUIS - GRA003,2,1.000000
ST. LOUIS - LAF026,2,1.000000
ST. LOUIS - LAF035,2,1.000000
ST. LOUIS - MHT010,1,1.000000
ST. LOUIS - MHT012,2,1.000000
ST. LOUIS - QUE009,2,1.000000
ST. LOUIS - MER032,2,1.000000
ST. LOUIS - MID052,1,1.000000
ST. LOUIS - 0MR053,2,1.000000
ST. LOUIS - 0MR029,2,1.000000
ST. LOUIS - 0MR010,2,1.000000
ST. LOUIS - NRW040,1,1.000000
ST. LOUIS - NOR030,1,1.000000
ST. LOUIS - 0AP017,1,1.000000
ST. LOUIS - NRW029,1,1.000000
ST. LOUIS - 0AP044,1,1.000000
ST. LOUIS - 0AP047,1,1.000000
ST. LOUIS - 0AP029,1,1.000000
ST. LOUIS - 0AP004,1,1.000000
ST. LOUIS - 0AP218,1,1.000000
ST. LOUIS - 0AP028,1,1.000000
ST. LOUIS - 0AP031,1,1.000000
ST. LOUIS - 0AP208,1,1.000000
ST. LOUIS - 0AP008,1,1.000000
ST. LOUIS - 0AP002,1,1.000000
ST. LOUIS - 0AP019,1,1.000000
ST. LOUIS - 0AP049,1,1.000000
ST. LOUIS - 0AP033,1,1.000000
ST. LOUIS - FLO207,1,1.000000
ST. LOUIS - NRW002,1,1.000000
ST. LOUIS - 0AP211,1,1.000000
ST. LOUIS - 0AP225,1,1.000000
ST. LOUIS - 0AP013,1,1.000000
ST. LOUIS - 0AP016,1,1.000000
ST. LOUIS - BON037,2,1.000000
ST. LOUIS - BON009,2,1.000000
ST. LOUIS - BON027,2,1.000000
ST. LOUIS - BON011,2,1.000000
ST. LOUIS - BON005,2,1.000000
ST. LOUIS - BON028,2,1.000000
ST. LOUIS - BON019,2,1.000000
ST. LOUIS - BON024,2,1.000000
ST. LOUIS - BON001,2,1.000000
ST. LOUIS - BON032,2,1.000000
ST. LOUIS - BON018,2,1.000000
ST. LOUIS - NRW015,1,1.000000
ST. LOUIS - BON021,2,1.000000
ST. LOUIS - JEF003,2,1.000000
ST. LOUIS - JEF004,2,1.000000
ST. LOUIS - BON016,2,1.000000
ST. LOUIS - 0MR001,2,1.000000
ST. LOUIS - BON030,2,1.000000
ST. LOUIS - BON039,2,1.000000
ST. LOUIS - BON038,2,1.000000
ST. LOUIS - 0MR019,2,1.000000
ST. LOUIS - CHE009,2,1.000000
ST. LOUIS - 0NW013,1,0.197778
ST. LOUIS - 0NW013,2,0.802222
ST. LOUIS - GRA038,2,1.000000
ST. LOUIS - GRA001,2,1.000000
ST. LOUIS - GRA011,2,1.000000
ST. LOUIS - MID029,1,1.000000
ST. LOUIS - GRA041,2,1.000000
ST. LOUIS - HAD026,1,1.000000
ST. LOUIS - HAD001,1,1.000000
ST. LOUIS - HAD009,1,1.000000
ST. LOUIS - HAD013,2,1.000000
ST. LOUIS - HAD015,1,1.000000
ST. LOUIS - HAD025,2,1.000000
ST. LOUIS - HAD032,2,1.000000
ST. LOUIS - HAD033,2,1.000000
ST. LOUIS - HAD028,2,1.000000
ST. LOUIS - CLA045,2,1.000000
ST. LOUIS - JEF034,2,1.000000
ST. LOUIS - JEF001,2,1.000000
ST. LOUIS - JEF035,1,1.000000
ST. LOUIS - JEF016,1,1.000000
ST. LOUIS - JEF010,2,0.988889
ST. LOUIS - JEF010,1,0.011111
ST. LOUIS - LAF032,2,1.000000
ST. LOUIS - LAF039,2,1.000000
ST. LOUIS - LAF014,2,1.000000
ST. LOUIS - QUE018,2,1.000000
ST. LOUIS - LAF033,2,1.000000
ST. LOUIS - LAF016,2,1.000000
ST. LOUIS - 0MR016,2,1.000000
ST. LOUIS - LEM012,2,1.000000
ST. LOUIS - LEM008,2,1.000000
ST. LOUIS - LEM027,2,1.000000
ST. LOUIS - LEM025,2,1.000000
ST. LOUIS - LEM001,2,1.000000
ST. LOUIS - 0LC015,1,1.000000
ST. LOUIS - FLO026,1,1.000000
ST. LOUIS - 0LC030,1,1.000000
ST. LOUIS - SPL013,1,1.000000
ST. LOUIS - 0WH005,2,1.000000
ST. LOUIS - 0CC044,1,1.000000
ST. LOUIS - LAF012,2,1.000000
ST. LOUIS - 0WH009,2,1.000000
ST. LOUIS - 0LC012,1,1.000000
ST. LOUIS - 0MR038,2,1.000000
ST. LOUIS - CHE214,2,1.000000
ST. LOUIS - CHE040,2,1.000000
ST. LOUIS - NOR042,1,1.000000
ST. LOUIS - NOR022,1,1.000000
ST. LOUIS - 0NW001,1,1.000000
ST. LOUIS - 0NW016,1,1.000000
ST. LOUIS - 0NW034,1,1.000000
ST. LOUIS - 0NW030,1,1.000000
ST. LOUIS - 0NW219,1,1.000000
ST. LOUIS - 0NW207,1,1.000000
ST. LOUIS - TSF004,2,1.000000
ST. LOUIS - OAK023,2,1.000000
ST. LOUIS - OAK029,2,1.000000
ST. LOUIS - OAK022,2,1.000000
ST. LOUIS - OAK004,2,1.000000
ST. LOUIS - CLA200,1,1.000000
ST. LOUIS - LAF006,2,1.000000
ST. LOUIS - LEM201,2,1.000000
ST. LOUIS - LEM023,2,1.000000
ST. LOUIS - CON205,2,1.000000
ST. LOUIS - MHT219,2,1.000000
ST. LOUIS - MHT042,2,1.000000
ST. LOUIS - MHT007,2,1.000000
ST. LOUIS - MER038,2,1.000000
ST. LOUIS - MER209,2,1.000000
ST. LOUIS - MER048,2,1.000000
ST. LOUIS - MID047,1,1.000000
ST. LOUIS - 0CC026,2,1.000000
ST. LOUIS - 0MR054,2,1.000000
ST. LOUIS - NRW050,1,1.000000
ST. LOUIS - 0NW047,1,1.000000
ST. LOUIS - 0NW010,1,1.000000
ST. LOUIS - QUE207,2,1.000000
ST. LOUIS - MHT213,2,1.000000
ST. LOUIS - 0SF024,1,1.000000
ST. LOUIS - MHT211,2,1.000000
ST. LOUIS - NOR200,1,1.000000
ST. LOUIS - 0MR015,2,1.000000
ST. LOUIS - NOR048,1,1.000000
ST. LOUIS - NOR049,1,1.000000
ST. LOUIS - 0NW037,1,1.000000
ST. LOUIS - QUE019,2,1.000000
ST. LOUIS - 0MR205,2,1.000000
ST. LOUIS - QUE025,2,1.000000
ST. LOUIS - GRA034,2,1.000000
ST. LOUIS - 0NW215,1,1.000000
ST. LOUIS - 0NW044,1,1.000000
ST. LOUIS - 0SF020,1,1.000000
ST. LOUIS - SPL024,1,1.000000
ST. LOUIS - 0NW006,1,1.000000
ST. LOUIS - SPL001,1,1.000000
ST. LOUIS - 0WH043,2,1.000000
ST. LOUIS - CHE018,2,1.000000
ST. LOUIS - CHE014,2,1.000000
ST. LOUIS - 0MR018,2,1.000000
ST. LOUIS - CLA030,2,1.000000
ST. LOUIS - CLA050,1,1.000000
ST. LOUIS - CON016,2,1.000000
ST. LOUIS - CON021,2,1.000000
ST. LOUIS - CON022,2,1.000000
ST. LOUIS - BON035,2,1.000000
ST. LOUIS - CHE002,2,1.000000
ST. LOUIS - CHE026,2,1.000000
ST. LOUIS - CHE034,2,1.000000
ST. LOUIS - MER003,2,1.000000
ST. LOUIS - CON047,2,1.000000
ST. LOUIS - CON045,2,1.000000
ST. LOUIS - MID039,1,1.000000
ST. LOUIS - 0CC203,1,1.000000
ST. LOUIS - MID200,1,1.000000
ST. LOUIS - CLA031,2,1.000000
ST. LOUIS - FER034,1,1.000000
ST. LOUIS - FER027,1,1.000000
ST. LOUIS - FLO025,1,1.000000
ST. LOUIS - FLO018,1,1.000000
ST. LOUIS - HAD010,1,1.000000
ST. LOUIS - FER206,1,1.000000
ST. LOUIS - FER029,1,1.000000
ST. LOUIS - LAF017,2,1.000000
ST. LOUIS - MHT031,2,1.000000
ST. LOUIS - MHT026,2,1.000000
ST. LOUIS - MID038,1,1.000000
ST. LOUIS - 0CC039,2,1.000000
ST. LOUIS - 0MR056,2,1.000000
ST. LOUIS - NOR004,1,1.000000
ST. LOUIS - 0NW033,1,1.000000
ST. LOUIS - 0NW216,1,1.000000
ST. LOUIS - 0SF008,1,1.000000
ST. LOUIS - CHE041,2,1.000000
ST. LOUIS - CHE010,2,1.000000
ST. LOUIS - CHE051,2,1.000000
ST. LOUIS - LAF042,2,1.000000
ST. LOUIS - CLA202,2,1.000000
ST. LOUIS - CLA040,2,1.000000
ST. LOUIS - CLA036,2,1.000000
ST. LOUIS - CLA037,2,1.000000
ST. LOUIS - CLA023,1,1.000000
ST. LOUIS - CLA005,1,1.000000
ST. LOUIS - CLA014,1,1.000000
ST. LOUIS - CLA013,1,0.322222
ST. LOUIS - CLA013,2,0.677778
ST. LOUIS - CLA043,1,1.000000
ST. LOUIS - CLA011,1,1.000000
ST. LOUIS - CLA020,1,1.000000
ST. LOUIS - CLA024,2,1.000000
ST. LOUIS - CLA004,1,1.000000
ST. LOUIS - CLA044,1,1.000000
ST. LOUIS - CON031,2,1.000000
ST. LOUIS - CON025,2,1.000000
ST. LOUIS - CON200,2,1.000000
ST. LOUIS - CON013,2,1.000000
ST. LOUIS - CON030,2,1.000000
ST. LOUIS - CON012,2,1.000000
ST. LOUIS - CON034,2,1.000000
ST. LOUIS - CON028,2,1.000000
ST. LOUIS - CON051,2,1.000000
ST. LOUIS - CON019,2,1.000000
ST. LOUIS - GRA040,2,1.000000
ST. LOUIS - CON053,2,1.000000
ST. LOUIS - MID001,1,1.000000
ST. LOUIS - 0CC010,2,1.000000
ST. LOUIS - MID058,1,1.000000
ST. LOUIS - MID048,1,1.000000
ST. LOUIS - 0CC055,2,1.000000
ST. LOUIS - MID013,1,1.000000
ST. LOUIS - 0CC041,1,1.000000
ST. LOUIS - 0CC002,1,1.000000
ST. LOUIS - 0CC042,1,1.000000
ST. LOUIS - 0CC214,2,1.000000
ST. LOUIS - CLA027,1,1.000000
ST. LOUIS - CLA051,1,1.000000
ST. LOUIS - CLA025,2,1.000000
ST. LOUIS - FER008,1,1.000000
ST. LOUIS - NRW007,1,1.000000
ST. LOUIS - NRW008,1,1.000000
ST. LOUIS - OAK002,2,1.000000
ST. LOUIS - OAK021,2,1.000000
ST. LOUIS - QUE011,2,1.000000
ST. LOUIS - 0SF018,1,1.000000
ST. LOUIS - SPL005,1,1.000000
ST. LOUIS - SPL010,1,1.000000
ST. LOUIS - SPL019,1,1.000000
ST. LOUIS - 0WH025,2,1.000000
ST. LOUIS - CHE042,2,1.000000
ST. LOUIS - 0CC205,1,1.000000
ST. LOUIS - 0LC014,1,1.000000
ST. LOUIS - QUE203,2,1.000000
ST. LOUIS - OAK016,2,1.000000
ST. LOUIS - SPL008,1,1.000000
ST. LOUIS - LEM014,2,1.000000
ST. LOUIS - NOR051,1,1.000000
ST. LOUIS - 0WH011,2,1.000000
ST. LOUIS - 0WH021,2,1.000000
ST. LOUIS - 0WH019,2,1.000000
ST. LOUIS - 0WH016,2,1.000000
ST. LOUIS - CHE016,2,1.000000
ST. LOUIS - SPL007,1,1.000000
ST. LOUIS - CHE048,2,1.000000
ST. LOUIS - CHE028,2,1.000000
ST. LOUIS - TSF016,2,1.000000
ST. LOUIS - TSF005,2,1.000000
ST. LOUIS - UNV034,1,1.000000
ST. LOUIS - UNV026,1,1.000000
ST. LOUIS - 0SF021,1,1.000000
ST. LOUIS - MER012,2,1.000000
ST. LOUIS - MER028,2,1.000000
ST. LOUIS - NOR034,1,1.000000
ST. LOUIS - 0NW017,1,1.000000
ST. LOUIS - QUE211,2,1.000000
ST. LOUIS - UNV002,1,1.000000
ST. LOUIS - MER200,2,1.000000
ST. LOUIS - MER210,2,1.000000
ST. LOUIS - 0MR034,2,1.000000
ST. LOUIS - MER031,2,1.000000
ST. LOUIS - 0AP006,1,1.000000
ST. LOUIS - 0AP023,1,1.000000
ST. LOUIS - 0AP207,1,1.000000
ST. LOUIS - BON022,2,1.000000
ST. LOUIS - BON211,2,1.000000
ST. LOUIS - 0WH038,2,1.000000
ST. LOUIS - CHE039,2,1.000000
ST. LOUIS - CON212,2,1.000000
ST. LOUIS - 0CC051,1,1.000000
ST. LOUIS - GRA039,2,1.000000
ST. LOUIS - 0WH020,2,1.000000
ST. LOUIS - CHE019,2,1.000000
ST. LOUIS - 0WH018,2,1.000000
ST. LOUIS - 0CC047,1,1.000000
ST. LOUIS - UNV202,1,1.000000
ST. LOUIS - GRA024,2,1.000000
ST. LOUIS - 0LC006,1,1.000000
ST. LOUIS - CHE045,2,1.000000
ST. LOUIS - CHE052,2,1.000000
ST. LOUIS - 0WH028,2,1.000000
ST. LOUIS - CLA034,2,1.000000
ST. LOUIS - HAD017,1,1.000000
ST. LOUIS - LAF003,2,1.000000
ST. LOUIS - MHT023,2,1.000000
ST. LOUIS - MHT208,2,1.000000
ST. LOUIS - NOR035,1,1.000000
ST. LOUIS - NRW014,1,1.000000
ST. LOUIS - NRW016,1,1.000000
ST. LOUIS - OAK014,2,1.000000
ST. LOUIS - 0SF023,1,1.000000
ST. LOUIS - 0SF028,1,1.000000
ST. LOUIS - MID050,1,1.000000
ST. LOUIS - 0MR041,2,1.000000
ST. LOUIS - NOR204,1,1.000000
ST. LOUIS - NRW204,1,1.000000
ST. LOUIS - NRW203,1,1.000000
ST. LOUIS - QUE021,2,1.000000
ST. LOUIS - QUE046,2,1.000000
ST. LOUIS - TSF008,2,1.000000
ST. LOUIS - TSF017,2,1.000000
ST. LOUIS - UNV022,1,1.000000
ST. LOUIS - UNV042,1,1.000000
ST. LOUIS - UNV024,1,1.000000
ST. LOUIS - MER036,2,1.000000
ST. LOUIS - 0MR008,2,1.000000
ST. LOUIS - NRW033,1,1.000000
ST. LOUIS - 0NW003,1,1.000000
ST. LOUIS - QUE201,2,1.000000
ST. LOUIS - MER215,2,1.000000
ST. LOUIS - MHT207,2,1.000000
ST. LOUIS - 0MR042,2,1.000000
ST. LOUIS - TSF001,2,1.000000
ST. LOUIS - 0AP048,1,1.000000
ST. LOUIS - 0AP201,1,1.000000
ST. LOUIS - BON008,2,1.000000
ST. LOUIS - BON210,2,1.000000
ST. LOUIS - CHE027,2,1.000000
ST. LOUIS - CHE017,2,1.000000
ST. LOUIS - MID202,1,1.000000
ST. LOUIS - 0LC203,1,1.000000
ST. LOUIS - 0WH029,2,1.000000
ST. LOUIS - 0WH014,2,1.000000
ST. LOUIS - CLA052,1,1.000000
ST. LOUIS - GRA010,2,1.000000
ST. LOUIS - LAF013,2,1.000000
ST. LOUIS - 0NW225,1,1.000000
ST. LOUIS - CHE049,2,1.000000
ST. LOUIS - 0WH026,2,1.000000
ST. LOUIS - CON213,2,1.000000
ST. LOUIS - CLA029,1,1.000000
ST. LOUIS - CHE023,2,1.000000
ST. LOUIS - MHT057,2,1.000000
ST. LOUIS - 0CC028,2,1.000000
ST. LOUIS - FER032,1,1.000000
ST. LOUIS - FER038,1,1.000000
ST. LOUIS - FER012,1,1.000000
ST. LOUIS - FER022,1,1.000000
ST. LOUIS - FLO001,1,1.000000
ST. LOUIS - FLO019,1,1.000000
ST. LOUIS - FLO005,1,1.000000
ST. LOUIS - FLO004,1,1.000000
ST. LOUIS - FLO003,1,1.000000
ST. LOUIS - FLO200,1,1.000000
ST. LOUIS - GRA025,2,1.000000
ST. LOUIS - GRA045,2,1.000000
ST. LOUIS - GRA029,2,1.000000
ST. LOUIS - GRA043,2,1.000000
ST. LOUIS - GRA017,2,1.000000
ST. LOUIS - HAD008,1,1.000000
ST. LOUIS - HAD011,1,1.000000
ST. LOUIS - HAD022,2,1.000000
ST. LOUIS - HAD021,1,0.982222
ST. LOUIS - HAD021,2,0.017778
ST. LOUIS - CLA007,1,0.648889
ST. LOUIS - CLA007,2,0.351111
ST. LOUIS - CLA038,1,1.000000
ST. LOUIS - FER015,1,1.000000
ST. LOUIS - FLO010,1,1.000000
ST. LOUIS - FER006,1,1.000000
ST. LOUIS - FER007,1,1.000000
ST. LOUIS - FER003,1,1.000000
ST. LOUIS - GRA202,2,1.000000
ST. LOUIS - GRA008,2,1.000000
ST. LOUIS - LAF001,2,1.000000
ST. LOUIS - CHE013,2,1.000000
ST. LOUIS - FLO006,1,1.000000
ST. LOUIS - GRA048,2,1.000000
ST. LOUIS - CON038,2,1.000000
ST. LOUIS - MID040,1,1.000000
ST. LOUIS - FER042,1,1.000000
ST. LOUIS - 0CC043,1,1.000000
ST. LOUIS - GRA013,2,1.000000
ST. LOUIS - JEF024,1,1.000000
ST. LOUIS - JEF019,2,1.000000
ST. LOUIS - QUE045,2,1.000000
ST. LOUIS - CHE001,2,1.000000
ST. LOUIS - CHE036,2,1.000000
ST. LOUIS - SPL004,1,1.000000
ST. LOUIS - SPL021,1,1.000000
ST. LOUIS - SPL018,1,1.000000
ST. LOUIS - SPL006,1,1.000000
ST. LOUIS - 0WH208,2,1.000000
ST. LOUIS - 0WH031,2,1.000000
ST. LOUIS - MER008,2,1.000000
ST. LOUIS - OAK008,2,1.000000
ST. LOUIS - LEM020,2,1.000000
ST. LOUIS - MHT006,2,1.000000
ST. LOUIS - MER202,2,1.000000
ST. LOUIS - 0WH047,2,1.000000
ST. LOUIS - MID010,1,1.000000
ST. LOUIS - 0NW031,1,1.000000
ST. LOUIS - NRW038,1,1.000000
ST. LOUIS - NRW001,1,1.000000
ST. LOUIS - QUE005,2,1.000000
ST. LOUIS - MHT047,2,1.000000
ST. LOUIS - MHT033,1,1.000000
ST. LOUIS - MHT049,2,1.000000
ST. LOUIS - MID061,1,1.000000
ST. LOUIS - 0CC221,1,1.000000
ST. LOUIS - NRW201,1,1.000000
ST. LOUIS - QUE031,2,1.000000
ST. LOUIS - QUE047,2,1.000000
ST. LOUIS - OAK010,2,1.000000
ST. LOUIS - UNV005,1,1.000000
ST. LOUIS - UNV030,1,1.000000
ST. LOUIS - 0NW024,1,1.000000
ST. LOUIS - 0WH006,2,1.000000
ST. LOUIS - MER047,2,1.000000
ST. LOUIS - NRW202,1,1.000000
ST. LOUIS - 0AP042,1,1.000000
ST. LOUIS - CHE055,2,1.000000
ST. LOUIS - 0LC019,1,1.000000
ST. LOUIS - SPL202,1,1.000000
ST. LOUIS - MHT021,1,1.000000
ST. LOUIS - MER042,2,1.000000
ST. LOUIS - 0MR031,2,1.000000
ST. LOUIS - QUE014,2,1.000000
ST. LOUIS - UNV039,1,1.000000
ST. LOUIS - BON208,2,1.000000
ST. LOUIS - TSF013,2,1.000000
ST. LOUIS - TSF201,2,1.000000
ST. LOUIS - 0NW014,1,1.000000
ST. LOUIS - BON031,2,1.000000
ST. LOUIS - CHE031,2,1.000000
ST. LOUIS - CHE011,2,1.000000
ST. LOUIS - CON026,2,1.000000
ST. LOUIS - 0CC202,1,1.000000
ST. LOUIS - 0WH203,2,1.000000
ST. LOUIS - NOR033,1,1.000000
ST. LOUIS - NRW024,1,1.000000
ST. LOUIS - MHT027,2,1.000000
ST. LOUIS - CON040,2,1.000000
ST. LOUIS - CON029,2,1.000000
ST. LOUIS - CON042,2,1.000000
ST. LOUIS - CON036,2,1.000000
ST. LOUIS - CON009,2,1.000000
ST. LOUIS - CON027,2,1.000000
ST. LOUIS - CON004,2,1.000000
ST. LOUIS - 0CC017,1,1.000000
ST. LOUIS - 0CC038,1,1.000000
ST. LOUIS - MID016,1,1.000000
ST. LOUIS - 0CC023,1,1.000000
ST. LOUIS - 0CC058,1,1.000000
ST. LOUIS - 0CC033,1,1.000000
ST. LOUIS - 0CC048,1,1.000000
ST. LOUIS - MID019,1,1.000000
ST. LOUIS - MID041,1,1.000000
ST. LOUIS - 0CC022,1,1.000000
ST. LOUIS - MID057,1,1.000000
ST. LOUIS - MID037,1,1.000000
ST. LOUIS - 0CC049,2,1.000000
ST. LOUIS - MID204,1,1.000000
ST. LOUIS - MID045,1,1.000000
ST. LOUIS - 0CC008,1,1.000000
ST. LOUIS - 0CC006,1,1.000000
ST. LOUIS - 0CC035,1,1.000000
ST. LOUIS - 0CC005,1,1.000000
ST. LOUIS - 0CC004,1,1.000000
ST. LOUIS - FER001,1,1.000000
ST. LOUIS - FER024,1,1.000000
ST. LOUIS - GRA004,2,1.000000
ST. LOUIS - GRA210,2,1.000000
ST. LOUIS - GRA018,2,1.000000
ST. LOUIS - GRA019,2,1.000000
ST. LOUIS - FLO008,1,1.000000
ST. LOUIS - JEF005,2,1.000000
ST. LOUIS - JEF002,2,1.000000
ST. LOUIS - CLA033,2,1.000000
ST. LOUIS - LAF018,2,1.000000
ST. LOUIS - LAF002,2,1.000000
ST. LOUIS - 0MR014,2,1.000000
ST. LOUIS - JEF007,1,1.000000
ST. LOUIS - JEF014,1,0.855556
ST. LOUIS - JEF014,2,0.144444
ST. LOUIS - JEF012,1,1.000000
ST. LOUIS - JEF031,2,1.000000
ST. LOUIS - JEF021,2,1.000000
ST. LOUIS - LAF041,2,1.000000
ST. LOUIS - LAF010,2,1.000000
ST. LOUIS - LAF019,2,1.000000
ST. LOUIS - LAF011,2,1.000000
ST. LOUIS - CHE203,2,1.000000
ST. LOUIS - LAF046,2,1.000000
ST. LOUIS - LEM006,2,1.000000
ST. LOUIS - MHT014,1,1.000000
ST. LOUIS - MHT019,2,1.000000
ST. LOUIS - MHT004,2,1.000000
ST. LOUIS - MHT005,2,1.000000
ST. LOUIS - MHT040,1,0.820000
ST. LOUIS - MHT040,2,0.180000
ST. LOUIS - MHT009,2,1.000000
ST. LOUIS - MHT038,2,1.000000
ST. LOUIS - MHT043,1,1.000000
ST. LOUIS - MHT025,1,1.000000
ST. LOUIS - MHT003,2,1.000000
ST. LOUIS - QUE006,2,1.000000
ST. LOUIS - MER035,2,1.000000
ST. LOUIS - MER006,2,1.000000
ST. LOUIS - MER018,2,1.000000
ST. LOUIS - MER045,2,1.000000
ST. LOUIS - MER029,2,1.000000
ST. LOUIS - MER001,2,1.000000
ST. LOUIS - MER019,2,1.000000
ST. LOUIS - MER007,2,0.997778
ST. LOUIS - MER007,3,0.002222
ST. LOUIS - MER214,2,1.000000
ST. LOUIS - MER014,2,1.000000
ST. LOUIS - MER016,2,1.000000
ST. LOUIS - MER004,2,1.000000
ST. LOUIS - MER022,2,1.000000
ST. LOUIS - MER219,2,1.000000
ST. LOUIS - MER013,2,1.000000
ST. LOUIS - MER030,2,1.000000
ST. LOUIS - 0WH045,2,1.000000
ST. LOUIS - MER040,2,1.000000
ST. LOUIS - NOR026,1,1.000000
ST. LOUIS - NOR025,1,1.000000
ST. LOUIS - MID043,1,1.000000
ST. LOUIS - UNV036,1,1.000000
ST. LOUIS - UNV003,1,1.000000
ST. LOUIS - UNV028,1,1.000000
ST. LOUIS - TSF007,2,1.000000
ST. LOUIS - UNV029,1,1.000000
ST. LOUIS - UNV019,1,1.000000
ST. LOUIS - UNV017,1,1.000000
ST. LOUIS - UNV016,1,1.000000
ST. LOUIS - 0WH017,2,1.000000
ST. LOUIS - CHE046,2,1.000000
ST. LOUIS - CHE200,2,1.000000
ST. LOUIS - CON023,2,1.000000
ST. LOUIS - 0NW220,1,1.000000
ST. LOUIS - MHT045,2,1.000000
ST. LOUIS - 0MR049,2,1.000000
ST. LOUIS - NRW012,1,1.000000
ST. LOUIS - 0SF012,1,1.000000
ST. LOUIS - 0SF017,1,1.000000
ST. LOUIS - NRW035,1,1.000000
ST. LOUIS - 0MR024,2,1.000000
ST. LOUIS - UNV032,1,1.000000
ST. LOUIS - 0MR047,2,1.000000
ST. LOUIS - GRA030,2,1.000000
ST. LOUIS - 0CC030,1,1.000000
ST. LOUIS - 0WH010,2,1.000000
ST. LOUIS - FLO027,1,1.000000
ST. LOUIS - FER010,1,1.000000
ST. LOUIS - CON033,2,1.000000
ST. LOUIS - MID051,1,1.000000
ST. LOUIS - 0CC021,2,1.000000
ST. LOUIS - GRA201,2,1.000000
ST. LOUIS - 0WH200,2,1.000000
ST. LOUIS - 0NW200,1,1.000000
ST. LOUIS - MHT055,2,1.000000
ST. LOUIS - NRW031,1,1.000000
ST. LOUIS - LAF004,2,1.000000
ST. LOUIS - LEM029,2,1.000000
ST. LOUIS - LEM032,2,1.000000
ST. LOUIS - LEM024,2,1.000000
ST. LOUIS - LEM002,2,1.000000
ST. LOUIS - LEM010,2,1.000000
ST. LOUIS - 0LC010,1,1.000000
ST. LOUIS - 0LC021,1,1.000000
ST. LOUIS - 0LC002,1,1.000000
ST. LOUIS - 0LC031,1,1.000000
ST. LOUIS - 0LC020,1,1.000000
ST. LOUIS - MHT203,2,1.000000
ST. LOUIS - MER043,2,1.000000
ST. LOUIS - MID021,1,1.000000
ST. LOUIS - NOR027,1,1.000000
ST. LOUIS - MID024,1,1.000000
ST. LOUIS - 0MR013,2,1.000000
ST. LOUIS - 0NW036,1,1.000000
ST. LOUIS - 0NW035,1,1.000000
ST. LOUIS - NRW005,1,1.000000
ST. LOUIS - NRW017,1,1.000000
ST. LOUIS - OAK013,2,1.000000
ST. LOUIS - OAK001,2,1.000000
ST. LOUIS - QUE017,2,1.000000
ST. LOUIS - MID053,1,1.000000
ST. LOUIS - MID002,1,1.000000
ST. LOUIS - MID031,1,1.000000
ST. LOUIS - UNV035,1,1.000000
ST. LOUIS - MID008,1,1.000000
ST. LOUIS - MID005,1,1.000000
ST. LOUIS - MID003,1,1.000000
ST. LOUIS - MID004,1,1.000000
ST. LOUIS - MHT017,1,1.000000
ST. LOUIS - 0MR040,2,1.000000
ST. LOUIS - 0CC027,2,0.486667
ST. LOUIS - 0CC027,1,0.513333
ST. LOUIS - 0MR046,2,1.000000
ST. LOUIS - 0MR023,2,1.000000
ST. LOUIS - 0MR035,2,1.000000
ST. LOUIS - 0MR026,2,1.000000
ST. LOUIS - 0MR048,2,1.000000
ST. LOUIS - 0MR025,2,1.000000
ST. LOUIS - 0MR055,2,1.000000
ST. LOUIS - NOR056,1,1.000000
ST. LOUIS - NOR020,1,1.000000
ST. LOUIS - NOR036,1,1.000000
ST. LOUIS - NOR016,1,1.000000
ST. LOUIS - NOR029,1,1.000000
ST. LOUIS - NOR024,1,1.000000
ST. LOUIS - NOR005,1,1.000000
ST. LOUIS - 0NW214,1,1.000000
ST. LOUIS - 0NW051,1,1.000000
ST. LOUIS - 0NW011,1,1.000000
ST. LOUIS - 0NW002,1,1.000000
ST. LOUIS - 0NW048,1,1.000000
ST. LOUIS - 0NW022,1,1.000000
ST. LOUIS - 0NW023,1,1.000000
ST. LOUIS - NRW039,1,1.000000
ST. LOUIS - NRW018,1,1.000000
ST. LOUIS - NRW013,1,1.000000
ST. LOUIS - NRW023,1,1.000000
ST. LOUIS - NRW022,1,1.000000
ST. LOUIS - NRW037,1,1.000000
ST. LOUIS - NRW047,1,1.000000
ST. LOUIS - OAK009,2,1.000000
ST. LOUIS - OAK024,2,1.000000
ST. LOUIS - OAK015,2,1.000000
ST. LOUIS - OAK026,2,1.000000
ST. LOUIS - OAK005,2,1.000000
ST. LOUIS - UNV018,1,1.000000
ST. LOUIS - UNV201,1,1.000000
ST. LOUIS - UNV045,1,1.000000
ST. LOUIS - UNV014,1,1.000000
ST. LOUIS - UNV012,1,1.000000
ST. LOUIS - UNV011,1,1.000000
ST. LOUIS - UNV205,1,1.000000
ST. LOUIS - UNV007,1,1.000000
ST. LOUIS - UNV037,1,1.000000
ST. LOUIS - MER204,2,1.000000
ST. LOUIS - MER027,2,1.000000
ST. LOUIS - MHT050,2,1.000000
ST. LOUIS - LAF207,2,1.000000
ST. LOUIS - 0MR050,2,1.000000
ST. LOUIS - MHT054,2,1.000000
ST. LOUIS - NOR218,1,1.000000
ST. LOUIS - 0NW025,1,1.000000
ST. LOUIS - 0NW027,1,1.000000
ST. LOUIS - QUE022,2,1.000000
ST. LOUIS - QUE042,2,1.000000
ST. LOUIS - QUE024,2,1.000000
ST. LOUIS - QUE026,2,1.000000
ST. LOUIS - QUE003,2,1.000000
ST. LOUIS - NOR013,1,1.000000
ST. LOUIS - QUE043,2,1.000000
ST. LOUIS - UNV206,1,1.000000
ST. LOUIS - QUE020,2,1.000000
ST. LOUIS - MHT223,2,1.000000
ST. LOUIS - 0NW212,1,1.000000
ST. LOUIS - 0NW229,1,1.000000
ST. LOUIS - MER041,2,1.000000
ST. LOUIS - MER025,2,1.000000
ST. LOUIS - TSF018,2,1.000000
ST. LOUIS - TSF019,2,1.000000
ST. LOUIS - CON041,2,1.000000
ST. LOUIS - TSF002,2,1.000000
ST. LOUIS - TSF009,2,1.000000
ST. LOUIS - BON200,2,1.000000
ST. LOUIS - MER021,2,1.000000
ST. LOUIS - TSF011,2,1.000000
ST. LOUIS - TSF020,2,1.000000
ST. LOUIS - 0AP039,1,1.000000
ST. LOUIS - 0AP200,1,1.000000
ST. LOUIS - NRW046,1,1.000000
ST. LOUIS - NOR044,1,1.000000
ST. LOUIS - OAK025,2,1.000000
ST. LOUIS - OAK003,2,1.000000
ST. LOUIS - OAK019,2,1.000000
ST. LOUIS - QUE008,2,1.000000
ST. LOUIS - SPL017,1,1.000000
ST. LOUIS - SPL023,1,1.000000
ST. LOUIS - SPL027,1,1.000000
ST. LOUIS - SPL012,1,1.000000
ST. LOUIS - SPL009,1,1.000000
ST. LOUIS - 0MR032,2,1.000000
ST. LOUIS - 0CC201,1,1.000000
ST. LOUIS - 0CC012,1,1.000000
ST. LOUIS - 0LC022,1,1.000000
ST. LOUIS - MHT034,1,0.073333
ST. LOUIS - MHT034,2,0.926667
ST. LOUIS - 0NW050,1,1.000000
ST. LOUIS - SPL011,1,1.000000
ST. LOUIS - SPL015,1,1.000000
ST. LOUIS - LEM017,2,1.000000
ST. LOUIS - SPL022,1,1.000000
ST. LOUIS - LAF045,2,1.000000
ST. LOUIS - 0WH023,2,1.000000
ST. LOUIS - 0WH027,2,1.000000
ST. LOUIS - 0WH030,2,1.000000
ST. LOUIS - OAK007,2,1.000000
ST. LOUIS - OAK027,2,1.000000
ST. LOUIS - OAK017,2,1.000000
ST. LOUIS - OAK020,2,1.000000
ST. LOUIS - TSF003,2,1.000000
ST. LOUIS - HAD007,2,1.000000
ST. LOUIS - JEF015,2,1.000000
ST. LOUIS - HAD024,2,1.000000
ST. LOUIS - JEF036,1,1.000000
ST. LOUIS - JEF009,2,1.000000
ST. LOUIS - CLA042,2,1.000000
ST. LOUIS - LEM026,2,1.000000
ST. LOUIS - LEM200,2,1.000000
ST. LOUIS - LEM004,2,1.000000
ST. LOUIS - LEM205,2,1.000000
ST. LOUIS - MHT008,1,1.000000
ST. LOUIS - MHT015,2,0.942222
ST. LOUIS - MHT015,1,0.057778
ST. LOUIS - MHT200,1,1.000000
ST. LOUIS - MHT052,2,0.748889
ST. LOUIS - MHT052,1,0.251111
ST. LOUIS - MHT030,2,1.000000
ST. LOUIS - MER017,2,1.000000
ST. LOUIS - MER010,2,1.000000
ST. LOUIS - MER046,2,0.993333
ST. LOUIS - MER046,3,0.006667
ST. LOUIS - MID020,1,1.000000
ST. LOUIS - MID025,1,1.000000
ST. LOUIS - NOR046,1,1.000000
ST. LOUIS - NOR054,1,1.000000
ST. LOUIS - MID023,1,1.000000
ST. LOUIS - MID006,1,1.000000
ST. LOUIS - 0CC052,2,1.000000
ST. LOUIS - 0MR200,2,1.000000
ST. LOUIS - 0MR006,2,1.000000
ST. LOUIS - 0MR020,2,1.000000
ST. LOUIS - 0MR051,2,1.000000
ST. LOUIS - 0MR037,2,1.000000
ST. LOUIS - 0MR007,2,1.000000
ST. LOUIS - NOR041,1,1.000000
ST. LOUIS - NOR002,1,1.000000
ST. LOUIS - NOR014,1,1.000000
ST. LOUIS - NOR018,1,1.000000
ST. LOUIS - NOR213,1,1.000000
ST. LOUIS - NOR011,1,1.000000
ST. LOUIS - 0NW020,1,1.000000
ST. LOUIS - 0NW205,1,1.000000
ST. LOUIS - 0AP011,1,1.000000
ST. LOUIS - 0AP024,1,1.000000
ST. LOUIS - 0AP206,1,1.000000
ST. LOUIS - 0AP214,1,1.000000
ST. LOUIS - 0AP025,1,1.000000
ST. LOUIS - BON023,2,1.000000
ST. LOUIS - 0MR005,2,1.000000
ST. LOUIS - BON007,2,1.000000
ST. LOUIS - 0WH007,2,1.000000
ST. LOUIS - 0WH003,2,1.000000
ST. LOUIS - 0CC050,1,1.000000
ST. LOUIS - 0CC056,1,1.000000
ST. LOUIS - 0CC009,1,0.731111
ST. LOUIS - 0CC009,2,0.268889
ST. LOUIS - FER044,1,1.000000
ST. LOUIS - FER036,1,1.000000
ST. LOUIS - FER013,1,1.000000
ST. LOUIS - FER005,1,1.000000
ST. LOUIS - FER002,1,1.000000
ST. LOUIS - FER037,1,1.000000
ST. LOUIS - FLO014,1,1.000000
ST. LOUIS - FLO007,1,1.000000
ST. LOUIS - GRA015,2,1.000000
ST. LOUIS - GRA044,2,1.000000
ST. LOUIS - GRA032,2,1.000000
ST. LOUIS - GRA005,2,1.000000
ST. LOUIS - GRA020,2,1.000000
ST. LOUIS - MID036,1,1.000000
ST. LOUIS - 0CC053,1,1.000000
ST. LOUIS - GRA047,2,1.000000
ST. LOUIS - HAD012,1,1.000000
ST. LOUIS - HAD023,2,1.000000
ST. LOUIS - HAD020,2,1.000000
ST. LOUIS - HAD030,2,1.000000
ST. LOUIS - HAD002,2,1.000000
ST. LOUIS - HAD027,2,1.000000
ST. LOUIS - HAD029,2,1.000000
ST. LOUIS - CLA201,2,1.000000
ST. LOUIS - JEF032,2,1.000000
ST. LOUIS - JEF029,2,1.000000
ST. LOUIS - JEF017,1,1.000000
ST. LOUIS - LAF029,2,1.000000
ST. LOUIS - LAF030,2,1.000000
ST. LOUIS - LAF025,2,1.000000
ST. LOUIS - OAK006,2,1.000000
ST. LOUIS - OAK011,2,1.000000
ST. LOUIS - OAK028,2,1.000000
ST. LOUIS - OAK018,2,1.000000
ST. LOUIS - NOR037,1,1.000000
ST. LOUIS - JEF023,2,1.000000
ST. LOUIS - HAD006,2,1.000000
ST. LOUIS - JEF033,1,1.000000
ST. LOUIS - HAD031,2,1.000000
ST. LOUIS - JEF202,2,1.000000
ST. LOUIS - HAD200,2,1.000000
ST. LOUIS - LEM009,2,1.000000
ST. LOUIS - LEM202,2,1.000000
ST. LOUIS - 0NW211,1,1.000000
ST. LOUIS - 0NW029,1,1.000000
ST. LOUIS - MHT029,2,1.000000
ST. LOUIS - MHT046,1,1.000000
ST. LOUIS - MER024,2,1.000000
ST. LOUIS - MER039,2,1.000000
ST. LOUIS - MER023,2,1.000000
ST. LOUIS - MID015,1,1.000000
ST. LOUIS - MID018,1,1.000000
ST. LOUIS - MID035,1,1.000000
ST. LOUIS - MID009,1,1.000000
ST. LOUIS - MID022,1,1.000000
ST. LOUIS - NOR053,1,1.000000
ST. LOUIS - MHT053,2,1.000000
ST. LOUIS - 0MR204,2,1.000000
ST. LOUIS - 0MR044,2,1.000000
ST. LOUIS - 0MR022,2,1.000000
ST. LOUIS - 0MR030,2,1.000000
ST. LOUIS - 0MR004,2,1.000000
ST. LOUIS - NOR010,1,1.000000
ST. LOUIS - NOR012,1,1.000000
ST. LOUIS - NOR039,1,1.000000
ST. LOUIS - NOR008,1,1.000000
ST. LOUIS - 0NW026,1,1.000000
ST. LOUIS - QUE041,2,1.000000
ST. LOUIS - QUE034,2,1.000000
ST. LOUIS - QUE208,2,1.000000
ST. LOUIS - QUE032,2,1.000000
ST. LOUIS - QUE044,2,1.000000
ST. LOUIS - QUE010,2,1.000000
ST. LOUIS - 0SF006,1,1.000000
ST. LOUIS - LAF024,2,1.000000
ST. LOUIS - LAF031,2,1.000000
ST. LOUIS - QUE210,2,1.000000
ST. LOUIS - LEM021,2,1.000000
ST. LOUIS - LEM022,2,1.000000
ST. LOUIS - LEM030,2,1.000000
ST. LOUIS - LEM007,2,1.000000
ST. LOUIS - 0LC011,1,1.000000
ST. LOUIS - 0LC005,1,1.000000
ST. LOUIS - 0LC026,1,1.000000
ST. LOUIS - 0LC017,1,1.000000
ST. LOUIS - 0LC029,1,1.000000
ST. LOUIS - GRA027,2,1.000000
ST. LOUIS - 0MR003,2,1.000000
ST. LOUIS - 0LC016,1,1.000000
ST. LOUIS - 0LC209,1,1.000000
ST. LOUIS - CHE033,2,1.000000
ST. LOUIS - CHE021,2,1.000000
ST. LOUIS - LAF047,2,1.000000
ST. LOUIS - CHE020,2,1.000000
ST. LOUIS - CHE212,2,1.000000
ST. LOUIS - 0WH002,2,1.000000
ST. LOUIS - MID026,1,1.000000
ST. LOUIS - MID201,1,1.000000
ST. LOUIS - 0CC011,2,1.000000
ST. LOUIS - MHT013,1,1.000000
ST. LOUIS - MID028,1,1.000000
ST. LOUIS - CLA019,1,1.000000
ST. LOUIS - CLA032,2,1.000000
ST. LOUIS - CLA049,2,1.000000
ST. LOUIS - CLA022,1,0.948889
ST. LOUIS - CLA022,2,0.051111
ST. LOUIS - FER033,1,1.000000
ST. LOUIS - FER028,1,1.000000
ST. LOUIS - FER014,1,1.000000
ST. LOUIS - FER019,1,1.000000
ST. LOUIS - FLO024,1,1.000000
ST. LOUIS - FLO023,1,1.000000
ST. LOUIS - FLO017,1,1.000000
ST. LOUIS - FLO009,1,1.000000
ST. LOUIS - FLO028,1,1.000000
ST. LOUIS - GRA021,2,1.000000
ST. LOUIS - GRA028,2,1.000000
ST. LOUIS - 0SF003,1,1.000000
ST. LOUIS - 0SF019,1,1.000000
ST. LOUIS - MID046,1,1.000000
ST. LOUIS - 0AP051,1,1.000000
ST. LOUIS - NOR006,1,1.000000
ST. LOUIS - 0NW201,1,1.000000
ST. LOUIS - MID030,1,1.000000
ST. LOUIS - MID014,1,1.000000
ST. LOUIS - MID059,1,1.000000
ST. LOUIS - MID060,1,1.000000
ST. LOUIS - 0CC040,2,1.000000
ST. LOUIS - 0MR012,2,1.000000
ST. LOUIS - NRW051,1,1.000000
ST. LOUIS - NOR015,1,1.000000
ST. LOUIS - NRW049,1,1.000000
ST. LOUIS - 0NW009,1,1.000000
ST. LOUIS - 0NW046,1,1.000000
ST. LOUIS - NRW036,1,1.000000
ST. LOUIS - UNV025,1,1.000000
ST. LOUIS - UNV043,1,1.000000
ST. LOUIS - UNV031,1,1.000000
ST. LOUIS - UNV020,1,1.000000
ST. LOUIS - UNV015,1,1.000000
ST. LOUIS - HAD016,1,1.000000
ST. LOUIS - UNV001,1,1.000000
ST. LOUIS - MHT058,1,0.468889
ST. LOUIS - MHT058,2,0.531111
ST. LOUIS - UNV010,1,1.000000
ST. LOUIS - UNV008,1,1.000000
ST. LOUIS - UNV009,1,1.000000
ST. LOUIS - UNV021,1,1.000000
ST. LOUIS - UNV013,1,1.000000
ST. LOUIS - MER020,2,1.000000
ST. LOUIS - MER033,2,1.000000
ST. LOUIS - 0MR009,2,1.000000
ST. LOUIS - 0MR202,2,1.000000
ST. LOUIS - NOR208,1,1.000000
ST. LOUIS - NRW041,1,1.000000
ST. LOUIS - 0NW012,1,1.000000
ST. LOUIS - 0NW028,1,1.000000
ST. LOUIS - QUE013,2,1.000000
ST. LOUIS - QUE040,2,1.000000
ST. LOUIS - QUE036,2,1.000000
ST. LOUIS - QUE038,2,1.000000
ST. LOUIS - NOR038,1,1.000000
FRANKLIN - 000062,2,1.000000
FRANKLIN - 000006,2,1.000000
FRANKLIN - 000004,2,1.000000
FRANKLIN - 000014,2,1.000000
FRANKLIN - 000005,2,1.000000
FRANKLIN - 000031,2,1.000000
FRANKLIN - 000028,2,1.000000
FRANKLIN - 000057,2,1.000000
FRANKLIN - 000033,2,1.000000
FRANKLIN - 000035,2,1.000000
FRANKLIN - 000043,2,1.000000
FRANKLIN - 000019,2,1.000000
FRANKLIN - 000036,2,1.000000
FRANKLIN - 000024,2,1.000000
FRANKLIN - 000034,2,1.000000
FRANKLIN - 000041,2,1.000000
FRANKLIN - 000007,2,1.000000
FRANKLIN - 000015,2,1.000000
FRANKLIN - 000025,2,1.000000
FRANKLIN - 000021,2,1.000000
FRANKLIN - 000039,2,1.000000
FRANKLIN - 000044,2,1.000000
FRANKLIN - 000046,2,1.000000
FRANKLIN - 000045,2,1.000000
FRANKLIN - 000010,2,1.000000
FRANKLIN - 000020,2,1.000000
FRANKLIN - 000002,2,1.000000
FRANKLIN - 000013,2,1.000000
FRANKLIN - 000042,2,1.000000
FRANKLIN - 000040,2,1.000000
FRANKLIN - 000037,2,1.000000
FRANKLIN - 000011,2,1.000000
FRANKLIN - 000017,2,1.000000
FRANKLIN - 000016,2,1.000000
FRANKLIN - 000056,2,1.000000
FRANKLIN - 000009,2,1.000000
FRANKLIN - 000023,2,1.000000
FRANKLIN - 000003,2,1.000000
FRANKLIN - 000026,2,1.000000
FRANKLIN - 000047,2,1.000000
FRANKLIN - 000048,2,1.000000
FRANKLIN - 000030,2,1.000000
FRANKLIN - 000018,2,1.000000
FRANKLIN - 000053,2,1.000000
FRANKLIN - 000052,2,1.000000
FRANKLIN - 000054,2,1.000000
FRANKLIN - 000059,2,1.000000
FRANKLIN - 000058,2,1.000000
FRANKLIN - 000061,2,1.000000
FRANKLIN - 000038,2,1.000000
FRANKLIN - 000012,2,1.000000
FRANKLIN - 000027,2,1.000000
FRANKLIN - 000063,2,1.000000
FRANKLIN - 000008,2,1.000000
FRANKLIN - 000060,2,1.000000
FRANKLIN - 000032,2,1.000000
FRANKLIN - 000050,2,1.000000
FRANKLIN - 000049,2,1.000000
FRANKLIN - 000051,2,1.000000
FRANKLIN - 000029,2,1.000000
FRANKLIN - 000022,2,1.000000
FRANKLIN - 000055,2,1.000000
FRANKLIN - 16-064,2,1.000000
JEFFERSON - 000006,8,1.000000
JEFFERSON - 000007,8,1.000000
JEFFERSON - 000009,8,1.000000
JEFFERSON - 000008,8,1.000000
JEFFERSON - 000086,3,1.000000
JEFFERSON - 000085,3,1.000000
JEFFERSON - 000028,3,1.000000
JEFFERSON - 000037,3,1.000000
JEFFERSON - 16-099,3,1.000000
JEFFERSON - 000026,3,1.000000
JEFFERSON - 000083,3,0.715556
JEFFERSON - 000083,8,0.284444
JEFFERSON - 16-100,3,1.000000
JEFFERSON - 000038,3,1.000000
JEFFERSON - 000020,8,1.000000
JEFFERSON - 13-107,8,1.000000
JEFFERSON - 000021,3,1.000000
JEFFERSON - 16-103,8,1.000000
JEFFERSON - 16-102,8,1.000000
JEFFERSON - 16-106,8,1.000000
JEFFERSON - 000022,8,1.000000
JEFFERSON - 16-107,8,1.000000
JEFFERSON - 000036,3,1.000000
JEFFERSON - 16-104,8,1.000000
JEFFERSON - 000014,3,1.000000
JEFFERSON - 16-089,3,1.000000
JEFFERSON - 16-090,8,0.773333
JEFFERSON - 16-090,3,0.204444
JEFFERSON - 16-090,2,0.022222
JEFFERSON - 000034,3,1.000000
JEFFERSON - 16-091,3,0.986667
JEFFERSON - 16-091,8,0.013333
JEFFERSON - 16-093,3,1.000000
JEFFERSON - 000015,3,1.000000
JEFFERSON - 000013,3,1.000000
JEFFERSON - 000078,3,1.000000
JEFFERSON - 000039,3,1.000000
JEFFERSON - 000018,3,1.000000
JEFFERSON - 16-105,8,1.000000
JEFFERSON - 000040,8,1.000000
JEFFERSON - 000052,8,1.000000
JEFFERSON - 000031,8,1.000000
JEFFERSON - 16-112,8,1.000000
JEFFERSON - 000030,8,1.000000
JEFFERSON - 16-109,8,1.000000
JEFFERSON - 000002,8,1.000000
JEFFERSON - 000069,8,1.000000
JEFFERSON - 16-108,8,1.000000
JEFFERSON - 000023,8,1.000000
JEFFERSON - 16-097,8,1.000000
JEFFERSON - 000044,8,1.000000
JEFFERSON - 000065,8,1.000000
JEFFERSON - 16-096,8,1.000000
JEFFERSON - 000047,8,1.000000
JEFFERSON - 000011,8,1.000000
JEFFERSON - 000010,8,1.000000
JEFFERSON - 000087,8,1.000000
JEFFERSON - 000004,8,1.000000
JEFFERSON - 16-110,8,1.000000
JEFFERSON - 16-111,8,1.000000
JEFFERSON - 16-092,3,1.000000
JEFFERSON - 000062,8,1.000000
JEFFERSON - 000068,8,1.000000
JEFFERSON - 000048,8,1.000000
JEFFERSON - 000074,3,1.000000
JEFFERSON - 000057,3,1.000000
JEFFERSON - 000080,8,1.000000
JEFFERSON - 000016,3,1.000000
JEFFERSON - 16-088,3,1.000000
JEFFERSON - 000081,3,0.391111
JEFFERSON - 000081,8,0.608889
JEFFERSON - 000043,3,1.000000
JEFFERSON - 000017,3,1.000000
JEFFERSON - 16-095,3,1.000000
JEFFERSON - 16-094,3,1.000000
JEFFERSON - 000063,8,1.000000
JEFFERSON - 000061,8,1.000000
JEFFERSON - 000071,8,1.000000
JEFFERSON - 16-115,3,1.000000
JEFFERSON - 000079,8,0.984444
JEFFERSON - 000079,2,0.015556
JEFFERSON - 000075,8,1.000000
JEFFERSON - 000077,8,1.000000
JEFFERSON - 000058,8,1.000000
JEFFERSON - 000024,8,1.000000
JEFFERSON - 000054,8,1.000000
JEFFERSON - 000050,8,1.000000
JEFFERSON - 000056,8,0.993333
JEFFERSON - 000056,2,0.006667
JEFFERSON - 16-098,8,1.000000
JEFFERSON - 000064,3,1.000000
PUTNAM - 000013,6,1.000000
MISSISSIPPI - 000014,8,1.000000
MISSISSIPPI - 000005,8,1.000000
MISSISSIPPI - 000006,8,1.000000
MISSISSIPPI - 000007,8,1.000000
MISSISSIPPI - 000020,8,1.000000
MISSISSIPPI - 000021,8,1.000000
MISSISSIPPI - 000022,8,1.000000
MISSISSIPPI - 000023,8,1.000000
MISSISSIPPI - 000019,8,1.000000
MISSISSIPPI - 000016,8,1.000000
MISSISSIPPI - 000003,8,1.000000
MISSISSIPPI - 000018,8,1.000000
MISSISSIPPI - 000015,8,1.000000
MISSISSIPPI - 000004,8,1.000000
MISSISSIPPI - 000013,8,1.000000
MISSISSIPPI - 000002,8,1.000000
MISSISSIPPI - 000017,8,1.000000
MISSISSIPPI - 000012,8,1.000000
MISSISSIPPI - 000009,8,1.000000
MISSISSIPPI - 000011,8,1.000000
MISSISSIPPI - 000010,8,1.000000
MISSISSIPPI - 000008,8,1.000000
TEXAS - 000012,8,1.000000
TEXAS - 000016,8,1.000000
TEXAS - 000017,8,1.000000
TEXAS - 000014,8,1.000000
TEXAS - 000020,8,1.000000
TEXAS - 000021,8,1.000000
TEXAS - 000022,8,1.000000
TEXAS - 000018,8,1.000000
TEXAS - 000002,8,1.000000
TEXAS - 000003,8,1.000000
TEXAS - 000005,8,1.000000
TEXAS - 000006,8,1.000000
TEXAS - 000007,8,1.000000
TEXAS - 000008,8,1.000000
TEXAS - 000009,8,1.000000
TEXAS - 000011,8,1.000000
TEXAS - 000013,8,1.000000
LEWIS - 000002,6,1.000000
LEWIS - 000011,6,1.000000
LEWIS - 000003,6,1.000000
LEWIS - 000008,6,1.000000
LEWIS - 000006,6,1.000000
LEWIS - 000007,6,1.000000
MACON - 000008,6,1.000000
MACON - 000007,6,1.000000
MACON - 000010,6,1.000000
MACON - 12-014,6,1.000000
MACON - 000011,6,1.000000
MACON - 000012,6,1.000000
MACON - 000002,6,1.000000
MACON - 000013,6,1.000000
MACON - 000003,6,1.000000
MACON - 000004,6,1.000000
MACON - 000005,6,1.000000
MONTGOMERY - 000004,3,1.000000
MONTGOMERY - 000006,3,1.000000
MONTGOMERY - 000007,3,1.000000
MONTGOMERY - 000010,3,1.000000
MONTGOMERY - 000011,3,1.000000
MONTGOMERY - 000002,3,1.000000
MONTGOMERY - 000005,3,1.000000
MONTGOMERY - 000008,3,1.000000
MONTGOMERY - 000003,3,1.000000
LIVINGSTON - 000009,6,1.000000
LIVINGSTON - 000012,6,1.000000
LIVINGSTON - 000006,6,1.000000
LIVINGSTON - 000010,6,1.000000
LIVINGSTON - 000011,6,1.000000
LIVINGSTON - 000013,6,1.000000
LIVINGSTON - 000015,6,1.000000
LIVINGSTON - 000007,6,1.000000
LIVINGSTON - 000008,6,1.000000
LIVINGSTON - 000014,6,1.000000
LIVINGSTON - 000005,6,1.000000
NODAWAY - 000009,6,1.000000
NODAWAY - 000011,6,1.000000
NODAWAY - 000016,6,1.000000
NODAWAY - 000013,6,1.000000
NODAWAY - 000015,6,1.000000
NODAWAY - 000014,6,1.000000
NODAWAY - 000017,6,1.000000
NODAWAY - 000020,6,1.000000
NODAWAY - 000019,6,1.000000
NODAWAY - 000004,6,1.000000
NODAWAY - 000012,6,1.000000
NODAWAY - 000018,6,1.000000
NODAWAY - 000005,6,1.000000
NODAWAY - 000006,6,1.000000
NODAWAY - 000007,6,1.000000
NODAWAY - 000008,6,1.000000
NODAWAY - 000002,6,1.000000
NODAWAY - 000010,6,1.000000
NODAWAY - 000003,6,1.000000
MORGAN - 000017,4,1.000000
MORGAN - 000011,4,1.000000
MORGAN - 000012,4,1.000000
MORGAN - 000005,4,1.000000
MORGAN - 000006,4,1.000000
MORGAN - 000003,4,1.000000
MORGAN - 000016,4,1.000000
MORGAN - 000002,4,1.000000
MORGAN - 000015,4,1.000000
MORGAN - 000008,4,1.000000
MORGAN - 000009,4,1.000000
MORGAN - 000010,4,1.000000
MORGAN - 000014,4,1.000000
MORGAN - 000004,4,1.000000
MORGAN - 000007,4,1.000000
MORGAN - 000013,4,1.000000
DADE - 003243,4,1.000000
DADE - 003289,4,1.000000
DADE - 003263,4,1.000000
DADE - 003330,4,1.000000
DADE - 003246,4,1.000000
DADE - 003300,4,1.000000
DADE - 003294,4,1.000000
DADE - 003244,4,1.000000
