precinct_key,district_num,area_weight,block_weight,precinct_block_weight,is_kansas_city,election_county,election_county_aliases
ADAIR - 000002,18,1.0000000000,318.0000000000,318.0000000000,0,ADAIR,ADAIR
ADAIR - 000003,18,1.0000000000,163.0000000000,163.0000000000,0,ADAIR,ADAIR
ADAIR - 000004,18,1.0000000000,58.0000000000,58.0000000000,0,ADAIR,ADAIR
ADAIR - 000005,18,1.0000000000,61.0000000000,61.0000000000,0,ADAIR,ADAIR
ADAIR - 000006,18,1.0000000000,304.0000000000,304.0000000000,0,ADAIR,ADAIR
ADAIR - 000007,18,1.0000000000,252.0000000000,252.0000000000,0,ADAIR,ADAIR
ADAIR - 000008,18,1.0000000000,101.0000000000,101.0000000000,0,ADAIR,ADAIR
ADAIR - 000009,18,1.0000000000,126.0000000000,126.0000000000,0,ADAIR,ADAIR
ADAIR - 000010,18,1.0000000000,120.0000000000,120.0000000000,0,ADAIR,ADAIR
ADAIR - 000011,18,1.0000000000,8.0000000000,8.0000000000,0,ADAIR,ADAIR
ANDREW - 000002,12,1.0000000000,1.0000000000,1.0000000000,0,ANDREW,ANDREW
ANDREW - 000003,12,1.0000000000,33.0000000000,33.0000000000,0,ANDREW,ANDREW
ANDREW - 000004,12,1.0000000000,85.0000000000,85.0000000000,0,ANDREW,ANDREW
ANDREW - 000005,12,1.0000000000,56.0000000000,56.0000000000,0,ANDREW,ANDREW
ANDREW - 000006,12,1.0000000000,49.0000000000,49.0000000000,0,ANDREW,ANDREW
ANDREW - 000007,12,1.0000000000,56.0000000000,56.0000000000,0,ANDREW,ANDREW
ANDREW - 000008,12,1.0000000000,51.0000000000,51.0000000000,0,ANDREW,ANDREW
ANDREW - 000009,12,1.0000000000,32.0000000000,32.0000000000,0,ANDREW,ANDREW
ANDREW - 000010,12,1.0000000000,127.0000000000,127.0000000000,0,ANDREW,ANDREW
ANDREW - 000011,12,1.0000000000,115.0000000000,115.0000000000,0,ANDREW,ANDREW
ANDREW - 000012,12,1.0000000000,110.0000000000,110.0000000000,0,ANDREW,ANDREW
ANDREW - 000013,12,1.0000000000,92.0000000000,92.0000000000,0,ANDREW,ANDREW
ANDREW - 000014,12,1.0000000000,74.0000000000,74.0000000000,0,ANDREW,ANDREW
ANDREW - 000015,12,1.0000000000,86.0000000000,86.0000000000,0,ANDREW,ANDREW
ANDREW - 000016,12,1.0000000000,84.0000000000,84.0000000000,0,ANDREW,ANDREW
ANDREW - 000017,12,1.0000000000,112.0000000000,112.0000000000,0,ANDREW,ANDREW
ANDREW - 000018,12,1.0000000000,55.0000000000,55.0000000000,0,ANDREW,ANDREW
ANDREW - 000019,12,1.0000000000,110.0000000000,110.0000000000,0,ANDREW,ANDREW
ANDREW - 000020,12,1.0000000000,97.0000000000,97.0000000000,0,ANDREW,ANDREW
ANDREW - 000021,12,1.0000000000,106.0000000000,106.0000000000,0,ANDREW,ANDREW
ATCHISON - 000002,12,1.0000000000,217.0000000000,217.0000000000,0,ATCHISON,ATCHISON
ATCHISON - 000004,12,1.0000000000,360.0000000000,360.0000000000,0,ATCHISON,ATCHISON
ATCHISON - 000005,12,1.0000000000,229.0000000000,229.0000000000,0,ATCHISON,ATCHISON
ATCHISON - 000006,12,1.0000000000,97.0000000000,97.0000000000,0,ATCHISON,ATCHISON
ATCHISON - 000007,12,1.0000000000,118.0000000000,118.0000000000,0,ATCHISON,ATCHISON
AUDRAIN - 000502,18,1.0000000000,159.0000000000,159.0000000000,0,AUDRAIN,AUDRAIN
AUDRAIN - 000506,18,1.0000000000,158.0000000000,158.0000000000,0,AUDRAIN,AUDRAIN
AUDRAIN - 000508,18,1.0000000000,196.0000000000,196.0000000000,0,AUDRAIN,AUDRAIN
AUDRAIN - 000510,18,1.0000000000,151.0000000000,151.0000000000,0,AUDRAIN,AUDRAIN
AUDRAIN - 000512,18,1.0000000000,142.0000000000,142.0000000000,0,AUDRAIN,AUDRAIN
AUDRAIN - 000513,18,1.0000000000,502.0000000000,502.0000000000,0,AUDRAIN,AUDRAIN
AUDRAIN - 000545,18,1.0000000000,203.0000000000,203.0000000000,0,AUDRAIN,AUDRAIN
AUDRAIN - 000616,18,1.0000000000,46.0000000000,46.0000000000,0,AUDRAIN,AUDRAIN
AUDRAIN - 000623,18,1.0000000000,41.0000000000,41.0000000000,0,AUDRAIN,AUDRAIN
AUDRAIN - 000632,18,1.0000000000,81.0000000000,81.0000000000,0,AUDRAIN,AUDRAIN
AUDRAIN - 000633,18,1.0000000000,130.0000000000,130.0000000000,0,AUDRAIN,AUDRAIN
AUDRAIN - 000641,18,1.0000000000,34.0000000000,34.0000000000,0,AUDRAIN,AUDRAIN
AUDRAIN - 000642,18,1.0000000000,55.0000000000,55.0000000000,0,AUDRAIN,AUDRAIN
AUDRAIN - 000657,18,1.0000000000,203.0000000000,203.0000000000,0,AUDRAIN,AUDRAIN
AUDRAIN - 000658,18,1.0000000000,217.0000000000,217.0000000000,0,AUDRAIN,AUDRAIN
AUDRAIN - 000667,18,1.0000000000,145.0000000000,145.0000000000,0,AUDRAIN,AUDRAIN
BARRY - 000002,29,1.0000000000,38.0000000000,38.0000000000,0,BARRY,BARRY
BARRY - 000003,29,1.0000000000,136.0000000000,136.0000000000,0,BARRY,BARRY
BARRY - 000004,29,1.0000000000,75.0000000000,75.0000000000,0,BARRY,BARRY
BARRY - 000005,29,1.0000000000,178.0000000000,178.0000000000,0,BARRY,BARRY
BARRY - 000006,29,1.0000000000,177.0000000000,177.0000000000,0,BARRY,BARRY
BARRY - 000007,29,1.0000000000,99.0000000000,99.0000000000,0,BARRY,BARRY
BARRY - 000008,29,1.0000000000,163.0000000000,163.0000000000,0,BARRY,BARRY
BARRY - 000009,29,1.0000000000,125.0000000000,125.0000000000,0,BARRY,BARRY
BARRY - 000010,29,1.0000000000,181.0000000000,181.0000000000,0,BARRY,BARRY
BARRY - 000011,29,1.0000000000,100.0000000000,100.0000000000,0,BARRY,BARRY
BARRY - 000012,29,1.0000000000,45.0000000000,45.0000000000,0,BARRY,BARRY
BARRY - 000013,29,1.0000000000,69.0000000000,69.0000000000,0,BARRY,BARRY
BARRY - 000014,29,1.0000000000,34.0000000000,34.0000000000,0,BARRY,BARRY
BARRY - 000015,29,1.0000000000,347.0000000000,347.0000000000,0,BARRY,BARRY
BARRY - 000016,29,1.0000000000,78.0000000000,78.0000000000,0,BARRY,BARRY
BARRY - 000017,29,1.0000000000,81.0000000000,81.0000000000,0,BARRY,BARRY
BARRY - 000018,29,1.0000000000,200.0000000000,200.0000000000,0,BARRY,BARRY
BARRY - 000019,29,1.0000000000,117.0000000000,117.0000000000,0,BARRY,BARRY
BARRY - 000020,29,1.0000000000,117.0000000000,117.0000000000,0,BARRY,BARRY
BARRY - 000021,29,1.0000000000,216.0000000000,216.0000000000,0,BARRY,BARRY
BARRY - 000022,29,1.0000000000,105.0000000000,105.0000000000,0,BARRY,BARRY
BARRY - 000023,29,1.0000000000,150.0000000000,150.0000000000,0,BARRY,BARRY
BARTON - 000004,20,1.0000000000,343.0000000000,343.0000000000,0,BARTON,BARTON
BARTON - 000008,20,1.0000000000,92.0000000000,92.0000000000,0,BARTON,BARTON
BARTON - 000010,20,1.0000000000,179.0000000000,179.0000000000,0,BARTON,BARTON
BARTON - 000011,20,1.0000000000,270.0000000000,270.0000000000,0,BARTON,BARTON
BARTON - 000015,20,1.0000000000,196.0000000000,196.0000000000,0,BARTON,BARTON
BARTON - 000016,20,1.0000000000,420.0000000000,420.0000000000,0,BARTON,BARTON
BARTON - 16-018,20,1.0000000000,136.0000000000,136.0000000000,0,BARTON,BARTON
BARTON - 16-021,20,1.0000000000,98.0000000000,98.0000000000,0,BARTON,BARTON
BATES - 002701,31,1.0000000000,94.0000000000,94.0000000000,0,BATES,BATES
BATES - 002703,31,1.0000000000,192.0000000000,192.0000000000,0,BATES,BATES
BATES - 002705,31,1.0000000000,162.0000000000,162.0000000000,0,BATES,BATES
BATES - 002722,31,1.0000000000,90.0000000000,90.0000000000,0,BATES,BATES
BATES - 002767,31,1.0000000000,84.0000000000,84.0000000000,0,BATES,BATES
BATES - 002801,31,1.0000000000,60.0000000000,60.0000000000,0,BATES,BATES
BATES - 002814,31,1.0000000000,198.0000000000,198.0000000000,0,BATES,BATES
BATES - 002825,31,1.0000000000,80.0000000000,80.0000000000,0,BATES,BATES
BATES - 002847,31,1.0000000000,84.0000000000,84.0000000000,0,BATES,BATES
BATES - 002849,31,1.0000000000,176.0000000000,176.0000000000,0,BATES,BATES
BATES - 002850,31,1.0000000000,83.0000000000,83.0000000000,0,BATES,BATES
BATES - 002868,31,1.0000000000,121.0000000000,121.0000000000,0,BATES,BATES
BATES - 002892,31,1.0000000000,242.0000000000,242.0000000000,0,BATES,BATES
BATES - 002904,31,1.0000000000,192.0000000000,192.0000000000,0,BATES,BATES
BATES - 002930,31,1.0000000000,91.0000000000,91.0000000000,0,BATES,BATES
BENTON - 000001,28,1.0000000000,315.0000000000,315.0000000000,0,BENTON,BENTON
BENTON - 000002,28,1.0000000000,267.0000000000,267.0000000000,0,BENTON,BENTON
BENTON - 000004,28,1.0000000000,133.0000000000,133.0000000000,0,BENTON,BENTON
BENTON - 000005,28,1.0000000000,294.0000000000,294.0000000000,0,BENTON,BENTON
BENTON - 000007,28,1.0000000000,230.0000000000,230.0000000000,0,BENTON,BENTON
BENTON - 000008,28,1.0000000000,218.0000000000,218.0000000000,0,BENTON,BENTON
BENTON - 000009,28,1.0000000000,209.0000000000,209.0000000000,0,BENTON,BENTON
BENTON - 0012-6,28,1.0000000000,317.0000000000,317.0000000000,0,BENTON,BENTON
BOLLINGER - 000003,27,1.0000000000,84.0000000000,84.0000000000,0,BOLLINGER,BOLLINGER
BOLLINGER - 000005,27,1.0000000000,51.0000000000,51.0000000000,0,BOLLINGER,BOLLINGER
BOLLINGER - 000006,27,1.0000000000,83.0000000000,83.0000000000,0,BOLLINGER,BOLLINGER
BOLLINGER - 000007,27,1.0000000000,149.0000000000,149.0000000000,0,BOLLINGER,BOLLINGER
BOLLINGER - 000009,27,1.0000000000,191.0000000000,191.0000000000,0,BOLLINGER,BOLLINGER
BOLLINGER - 000010,27,1.0000000000,74.0000000000,74.0000000000,0,BOLLINGER,BOLLINGER
BOLLINGER - 000011,27,1.0000000000,104.0000000000,104.0000000000,0,BOLLINGER,BOLLINGER
BOLLINGER - 000012,27,1.0000000000,67.0000000000,67.0000000000,0,BOLLINGER,BOLLINGER
BOLLINGER - 000015,27,1.0000000000,124.0000000000,124.0000000000,0,BOLLINGER,BOLLINGER
BOONE - 000007,19,1.0000000000,124.0000000000,124.0000000000,0,BOONE,BOONE
BOONE - 000008,19,1.0000000000,146.0000000000,146.0000000000,0,BOONE,BOONE
BOONE - 000009,19,1.0000000000,59.0000000000,59.0000000000,0,BOONE,BOONE
BOONE - 000010,19,1.0000000000,50.0000000000,50.0000000000,0,BOONE,BOONE
BOONE - 000011,19,1.0000000000,52.0000000000,52.0000000000,0,BOONE,BOONE
BOONE - 000012,19,1.0000000000,116.0000000000,116.0000000000,0,BOONE,BOONE
BOONE - 000015,19,1.0000000000,82.0000000000,82.0000000000,0,BOONE,BOONE
BOONE - 000016,19,1.0000000000,64.0000000000,64.0000000000,0,BOONE,BOONE
BOONE - 000017,19,1.0000000000,58.0000000000,58.0000000000,0,BOONE,BOONE
BOONE - 000018,19,1.0000000000,60.0000000000,60.0000000000,0,BOONE,BOONE
BOONE - 000019,19,1.0000000000,39.0000000000,39.0000000000,0,BOONE,BOONE
BOONE - 00001A,19,1.0000000000,84.0000000000,84.0000000000,0,BOONE,BOONE
BOONE - 00001B,19,1.0000000000,9.0000000000,9.0000000000,0,BOONE,BOONE
BOONE - 00001C,19,1.0000000000,28.0000000000,28.0000000000,0,BOONE,BOONE
BOONE - 00001D,19,1.0000000000,66.0000000000,66.0000000000,0,BOONE,BOONE
BOONE - 00001E,19,1.0000000000,18.0000000000,18.0000000000,0,BOONE,BOONE
BOONE - 00001F,19,1.0000000000,10.0000000000,10.0000000000,0,BOONE,BOONE
BOONE - 00001G,19,1.0000000000,34.0000000000,34.0000000000,0,BOONE,BOONE
BOONE - 00001I,19,1.0000000000,16.0000000000,16.0000000000,0,BOONE,BOONE
BOONE - 000020,19,1.0000000000,48.0000000000,48.0000000000,0,BOONE,BOONE
BOONE - 000021,19,1.0000000000,38.0000000000,38.0000000000,0,BOONE,BOONE
BOONE - 000022,19,1.0000000000,44.0000000000,44.0000000000,0,BOONE,BOONE
BOONE - 000023,19,1.0000000000,23.0000000000,23.0000000000,0,BOONE,BOONE
BOONE - 000024,19,1.0000000000,52.0000000000,52.0000000000,0,BOONE,BOONE
BOONE - 000025,19,1.0000000000,27.0000000000,27.0000000000,0,BOONE,BOONE
BOONE - 000026,19,1.0000000000,95.0000000000,95.0000000000,0,BOONE,BOONE
BOONE - 000027,19,1.0000000000,75.0000000000,75.0000000000,0,BOONE,BOONE
BOONE - 000028,19,1.0000000000,33.0000000000,33.0000000000,0,BOONE,BOONE
BOONE - 000029,19,1.0000000000,57.0000000000,57.0000000000,0,BOONE,BOONE
BOONE - 00002A,19,1.0000000000,25.0000000000,25.0000000000,0,BOONE,BOONE
BOONE - 00002B,19,1.0000000000,24.0000000000,24.0000000000,0,BOONE,BOONE
BOONE - 00002C,19,1.0000000000,23.0000000000,23.0000000000,0,BOONE,BOONE
BOONE - 00002D,19,1.0000000000,35.0000000000,35.0000000000,0,BOONE,BOONE
BOONE - 00002F,19,1.0000000000,26.0000000000,26.0000000000,0,BOONE,BOONE
BOONE - 00002G,19,1.0000000000,28.0000000000,28.0000000000,0,BOONE,BOONE
BOONE - 00002H,19,1.0000000000,47.0000000000,47.0000000000,0,BOONE,BOONE
BOONE - 00002I,19,1.0000000000,52.0000000000,52.0000000000,0,BOONE,BOONE
BOONE - 00002J,19,1.0000000000,40.0000000000,40.0000000000,0,BOONE,BOONE
BOONE - 00002K,19,1.0000000000,17.0000000000,17.0000000000,0,BOONE,BOONE
BOONE - 000030,19,1.0000000000,96.0000000000,96.0000000000,0,BOONE,BOONE
BOONE - 000031,19,1.0000000000,68.0000000000,68.0000000000,0,BOONE,BOONE
BOONE - 000032,19,1.0000000000,21.0000000000,21.0000000000,0,BOONE,BOONE
BOONE - 000033,19,1.0000000000,22.0000000000,22.0000000000,0,BOONE,BOONE
BOONE - 000034,19,1.0000000000,24.0000000000,24.0000000000,0,BOONE,BOONE
BOONE - 000035,19,1.0000000000,26.0000000000,26.0000000000,0,BOONE,BOONE
BOONE - 000036,19,1.0000000000,20.0000000000,20.0000000000,0,BOONE,BOONE
BOONE - 000037,19,1.0000000000,14.0000000000,14.0000000000,0,BOONE,BOONE
BOONE - 000038,19,1.0000000000,46.0000000000,46.0000000000,0,BOONE,BOONE
BOONE - 000039,19,1.0000000000,59.0000000000,59.0000000000,0,BOONE,BOONE
BOONE - 00003A,19,1.0000000000,48.0000000000,48.0000000000,0,BOONE,BOONE
BOONE - 00003B,19,1.0000000000,61.0000000000,61.0000000000,0,BOONE,BOONE
BOONE - 00003C,19,1.0000000000,44.0000000000,44.0000000000,0,BOONE,BOONE
BOONE - 00003D,19,1.0000000000,59.0000000000,59.0000000000,0,BOONE,BOONE
BOONE - 00003E,19,1.0000000000,41.0000000000,41.0000000000,0,BOONE,BOONE
BOONE - 00003F,19,1.0000000000,41.0000000000,41.0000000000,0,BOONE,BOONE
BOONE - 000040,19,1.0000000000,37.0000000000,37.0000000000,0,BOONE,BOONE
BOONE - 000041,19,1.0000000000,45.0000000000,45.0000000000,0,BOONE,BOONE
BOONE - 000042,19,1.0000000000,23.0000000000,23.0000000000,0,BOONE,BOONE
BOONE - 00004A,19,1.0000000000,18.0000000000,18.0000000000,0,BOONE,BOONE
BOONE - 00004B,19,1.0000000000,26.0000000000,26.0000000000,0,BOONE,BOONE
BOONE - 00004C,19,1.0000000000,28.0000000000,28.0000000000,0,BOONE,BOONE
BOONE - 00004D,19,1.0000000000,13.0000000000,13.0000000000,0,BOONE,BOONE
BOONE - 00004E,19,1.0000000000,36.0000000000,36.0000000000,0,BOONE,BOONE
BOONE - 00004F,19,1.0000000000,15.0000000000,15.0000000000,0,BOONE,BOONE
BOONE - 00004G,19,1.0000000000,26.0000000000,26.0000000000,0,BOONE,BOONE
BOONE - 00004H,19,1.0000000000,13.0000000000,13.0000000000,0,BOONE,BOONE
BOONE - 00004I,19,1.0000000000,16.0000000000,16.0000000000,0,BOONE,BOONE
BOONE - 00004J,19,1.0000000000,21.0000000000,21.0000000000,0,BOONE,BOONE
BOONE - 00004K,19,1.0000000000,24.0000000000,24.0000000000,0,BOONE,BOONE
BOONE - 00004L,19,1.0000000000,25.0000000000,25.0000000000,0,BOONE,BOONE
BOONE - 00005A,19,1.0000000000,21.0000000000,21.0000000000,0,BOONE,BOONE
BOONE - 00005B,19,1.0000000000,20.0000000000,20.0000000000,0,BOONE,BOONE
BOONE - 00005C,19,1.0000000000,21.0000000000,21.0000000000,0,BOONE,BOONE
BOONE - 00005D,19,1.0000000000,26.0000000000,26.0000000000,0,BOONE,BOONE
BOONE - 00005E,19,1.0000000000,32.0000000000,32.0000000000,0,BOONE,BOONE
BOONE - 00005F,19,1.0000000000,42.0000000000,42.0000000000,0,BOONE,BOONE
BOONE - 00005G,19,1.0000000000,4.0000000000,4.0000000000,0,BOONE,BOONE
BOONE - 00005H,19,1.0000000000,27.0000000000,27.0000000000,0,BOONE,BOONE
BOONE - 00005I,19,1.0000000000,19.0000000000,19.0000000000,0,BOONE,BOONE
BOONE - 00005J,19,1.0000000000,28.0000000000,28.0000000000,0,BOONE,BOONE
BOONE - 00005K,19,1.0000000000,15.0000000000,15.0000000000,0,BOONE,BOONE
BOONE - 00005L,19,1.0000000000,7.0000000000,7.0000000000,0,BOONE,BOONE
BOONE - 00005M,19,1.0000000000,7.0000000000,7.0000000000,0,BOONE,BOONE
BOONE - 00006A,19,1.0000000000,30.0000000000,30.0000000000,0,BOONE,BOONE
BOONE - 00006B,19,1.0000000000,10.0000000000,10.0000000000,0,BOONE,BOONE
BOONE - 00006C,19,1.0000000000,30.0000000000,30.0000000000,0,BOONE,BOONE
BOONE - 00006D,19,1.0000000000,57.0000000000,57.0000000000,0,BOONE,BOONE
BOONE - 00006E,19,1.0000000000,17.0000000000,17.0000000000,0,BOONE,BOONE
BOONE - 00006F,19,1.0000000000,10.0000000000,10.0000000000,0,BOONE,BOONE
BOONE - 00006G,19,1.0000000000,35.0000000000,35.0000000000,0,BOONE,BOONE
BOONE - 00006H,19,1.0000000000,11.0000000000,11.0000000000,0,BOONE,BOONE
BOONE - 00006I,19,1.0000000000,15.0000000000,15.0000000000,0,BOONE,BOONE
BOONE - 16-01J,19,1.0000000000,24.0000000000,24.0000000000,0,BOONE,BOONE
BOONE - 16-01K,19,1.0000000000,19.0000000000,19.0000000000,0,BOONE,BOONE
BOONE - 16-01L,19,1.0000000000,6.0000000000,6.0000000000,0,BOONE,BOONE
BOONE - 16-01M,19,1.0000000000,44.0000000000,44.0000000000,0,BOONE,BOONE
BOONE - 16-02L,19,1.0000000000,9.0000000000,9.0000000000,0,BOONE,BOONE
BOONE - 16-03G,19,1.0000000000,14.0000000000,14.0000000000,0,BOONE,BOONE
BOONE - 16-03H,19,1.0000000000,39.0000000000,39.0000000000,0,BOONE,BOONE
BOONE - 16-03I,19,1.0000000000,6.0000000000,6.0000000000,0,BOONE,BOONE
BOONE - 16-03J,19,1.0000000000,20.0000000000,20.0000000000,0,BOONE,BOONE
BOONE - 16-03L,19,1.0000000000,10.0000000000,10.0000000000,0,BOONE,BOONE
BOONE - 16-03M,19,1.0000000000,23.0000000000,23.0000000000,0,BOONE,BOONE
BOONE - 16-03N,19,1.0000000000,6.0000000000,6.0000000000,0,BOONE,BOONE
BOONE - 16-043,19,1.0000000000,34.0000000000,34.0000000000,0,BOONE,BOONE
BOONE - 16-044,19,1.0000000000,14.0000000000,14.0000000000,0,BOONE,BOONE
BOONE - 16-045,19,1.0000000000,24.0000000000,24.0000000000,0,BOONE,BOONE
BOONE - 16-04M,19,1.0000000000,25.0000000000,25.0000000000,0,BOONE,BOONE
BOONE - 16-05N,19,1.0000000000,22.0000000000,22.0000000000,0,BOONE,BOONE
BOONE - 16-05P,19,1.0000000000,3.0000000000,3.0000000000,0,BOONE,BOONE
BOONE - 16-06J,19,1.0000000000,40.0000000000,40.0000000000,0,BOONE,BOONE
BOONE - 16-06K,19,1.0000000000,19.0000000000,19.0000000000,0,BOONE,BOONE
BOONE - 16-06L,19,1.0000000000,4.0000000000,4.0000000000,0,BOONE,BOONE
BOONE - 16-06M,19,1.0000000000,12.0000000000,12.0000000000,0,BOONE,BOONE
BUCHANAN - 000001,34,1.0000000000,99.0000000000,99.0000000000,0,BUCHANAN,BUCHANAN
BUCHANAN - 000002,34,1.0000000000,277.0000000000,277.0000000000,0,BUCHANAN,BUCHANAN
BUCHANAN - 000004,34,1.0000000000,121.0000000000,121.0000000000,0,BUCHANAN,BUCHANAN
BUCHANAN - 000006,34,1.0000000000,358.0000000000,358.0000000000,0,BUCHANAN,BUCHANAN
BUCHANAN - 000008,34,1.0000000000,142.0000000000,142.0000000000,0,BUCHANAN,BUCHANAN
BUCHANAN - 000010,34,1.0000000000,194.0000000000,194.0000000000,0,BUCHANAN,BUCHANAN
BUCHANAN - 000011,34,1.0000000000,276.0000000000,276.0000000000,0,BUCHANAN,BUCHANAN
BUCHANAN - 000012,34,1.0000000000,193.0000000000,193.0000000000,0,BUCHANAN,BUCHANAN
BUCHANAN - 000014,34,1.0000000000,118.0000000000,118.0000000000,0,BUCHANAN,BUCHANAN
BUCHANAN - 000016,34,1.0000000000,476.0000000000,476.0000000000,0,BUCHANAN,BUCHANAN
BUCHANAN - 000018,34,1.0000000000,118.0000000000,118.0000000000,0,BUCHANAN,BUCHANAN
BUCHANAN - 000020,34,1.0000000000,53.0000000000,53.0000000000,0,BUCHANAN,BUCHANAN
BUCHANAN - 000021,34,1.0000000000,111.0000000000,111.0000000000,0,BUCHANAN,BUCHANAN
BUCHANAN - 000022,34,1.0000000000,104.0000000000,104.0000000000,0,BUCHANAN,BUCHANAN
BUCHANAN - 000023,34,1.0000000000,80.0000000000,80.0000000000,0,BUCHANAN,BUCHANAN
BUCHANAN - 000024,34,1.0000000000,101.0000000000,101.0000000000,0,BUCHANAN,BUCHANAN
BUCHANAN - 000027,12,1.0000000000,93.0000000000,93.0000000000,0,BUCHANAN,BUCHANAN
BUCHANAN - 000028,34,1.0000000000,85.0000000000,85.0000000000,0,BUCHANAN,BUCHANAN
BUCHANAN - 000029,12,0.2727272727,18.0000000000,66.0000000000,0,BUCHANAN,BUCHANAN
BUCHANAN - 000029,34,0.7272727273,48.0000000000,66.0000000000,0,BUCHANAN,BUCHANAN
BUCHANAN - 000030,12,0.5745856354,104.0000000000,181.0000000000,0,BUCHANAN,BUCHANAN
BUCHANAN - 000030,34,0.4254143646,77.0000000000,181.0000000000,0,BUCHANAN,BUCHANAN
BUCHANAN - 000031,12,1.0000000000,111.0000000000,111.0000000000,0,BUCHANAN,BUCHANAN
BUCHANAN - 000032,12,1.0000000000,181.0000000000,181.0000000000,0,BUCHANAN,BUCHANAN
BUCHANAN - 000033,34,1.0000000000,144.0000000000,144.0000000000,0,BUCHANAN,BUCHANAN
BUCHANAN - 000034,12,0.7849462366,219.0000000000,279.0000000000,0,BUCHANAN,BUCHANAN
BUCHANAN - 000034,34,0.2150537634,60.0000000000,279.0000000000,0,BUCHANAN,BUCHANAN
BUCHANAN - 000035,12,0.6619718310,47.0000000000,71.0000000000,0,BUCHANAN,BUCHANAN
BUCHANAN - 000035,34,0.3380281690,24.0000000000,71.0000000000,0,BUCHANAN,BUCHANAN
BUTLER - 000002,25,1.0000000000,161.0000000000,161.0000000000,0,BUTLER,BUTLER
BUTLER - 000003,25,1.0000000000,81.0000000000,81.0000000000,0,BUTLER,BUTLER
BUTLER - 000004,25,1.0000000000,51.0000000000,51.0000000000,0,BUTLER,BUTLER
BUTLER - 000005,25,1.0000000000,77.0000000000,77.0000000000,0,BUTLER,BUTLER
BUTLER - 000006,25,1.0000000000,128.0000000000,128.0000000000,0,BUTLER,BUTLER
BUTLER - 000007,25,1.0000000000,74.0000000000,74.0000000000,0,BUTLER,BUTLER
BUTLER - 000008,25,1.0000000000,133.0000000000,133.0000000000,0,BUTLER,BUTLER
BUTLER - 000009,25,1.0000000000,91.0000000000,91.0000000000,0,BUTLER,BUTLER
BUTLER - 000010,25,1.0000000000,123.0000000000,123.0000000000,0,BUTLER,BUTLER
BUTLER - 000011,25,1.0000000000,58.0000000000,58.0000000000,0,BUTLER,BUTLER
BUTLER - 000012,25,1.0000000000,121.0000000000,121.0000000000,0,BUTLER,BUTLER
BUTLER - 000013,25,1.0000000000,22.0000000000,22.0000000000,0,BUTLER,BUTLER
BUTLER - 000014,25,1.0000000000,136.0000000000,136.0000000000,0,BUTLER,BUTLER
BUTLER - 000015,25,1.0000000000,51.0000000000,51.0000000000,0,BUTLER,BUTLER
BUTLER - 000016,25,1.0000000000,139.0000000000,139.0000000000,0,BUTLER,BUTLER
BUTLER - 000017,25,1.0000000000,185.0000000000,185.0000000000,0,BUTLER,BUTLER
BUTLER - 000018,25,1.0000000000,199.0000000000,199.0000000000,0,BUTLER,BUTLER
BUTLER - 000019,25,1.0000000000,101.0000000000,101.0000000000,0,BUTLER,BUTLER
BUTLER - 000020,25,1.0000000000,150.0000000000,150.0000000000,0,BUTLER,BUTLER
BUTLER - 000021,25,1.0000000000,147.0000000000,147.0000000000,0,BUTLER,BUTLER
BUTLER - 000022,25,1.0000000000,43.0000000000,43.0000000000,0,BUTLER,BUTLER
BUTLER - 000023,25,1.0000000000,135.0000000000,135.0000000000,0,BUTLER,BUTLER
BUTLER - 000024,25,1.0000000000,81.0000000000,81.0000000000,0,BUTLER,BUTLER
BUTLER - 000025,25,1.0000000000,61.0000000000,61.0000000000,0,BUTLER,BUTLER
BUTLER - 000026,25,1.0000000000,69.0000000000,69.0000000000,0,BUTLER,BUTLER
CALDWELL - 000277,12,1.0000000000,192.0000000000,192.0000000000,0,CALDWELL,CALDWELL
CALDWELL - 000280,12,1.0000000000,371.0000000000,371.0000000000,0,CALDWELL,CALDWELL
CALDWELL - 000281,12,1.0000000000,208.0000000000,208.0000000000,0,CALDWELL,CALDWELL
CALDWELL - 000284,12,1.0000000000,64.0000000000,64.0000000000,0,CALDWELL,CALDWELL
CALDWELL - 000353,12,1.0000000000,262.0000000000,262.0000000000,0,CALDWELL,CALDWELL
CALDWELL - 000356,12,1.0000000000,113.0000000000,113.0000000000,0,CALDWELL,CALDWELL
CALDWELL - 000357,12,1.0000000000,305.0000000000,305.0000000000,0,CALDWELL,CALDWELL
CALDWELL - 000358,12,1.0000000000,192.0000000000,192.0000000000,0,CALDWELL,CALDWELL
CALDWELL - 000389,12,1.0000000000,141.0000000000,141.0000000000,0,CALDWELL,CALDWELL
CALDWELL - 000390,12,1.0000000000,216.0000000000,216.0000000000,0,CALDWELL,CALDWELL
CALLAWAY - 000826,10,1.0000000000,44.0000000000,44.0000000000,0,CALLAWAY,CALLAWAY
CALLAWAY - 000828,10,1.0000000000,64.0000000000,64.0000000000,0,CALLAWAY,CALLAWAY
CALLAWAY - 000839,10,1.0000000000,193.0000000000,193.0000000000,0,CALLAWAY,CALLAWAY
CALLAWAY - 000842,10,1.0000000000,110.0000000000,110.0000000000,0,CALLAWAY,CALLAWAY
CALLAWAY - 000998,10,1.0000000000,190.0000000000,190.0000000000,0,CALLAWAY,CALLAWAY
CALLAWAY - 001069,10,1.0000000000,57.0000000000,57.0000000000,0,CALLAWAY,CALLAWAY
CALLAWAY - 001081,10,1.0000000000,129.0000000000,129.0000000000,0,CALLAWAY,CALLAWAY
CALLAWAY - 001083,10,1.0000000000,198.0000000000,198.0000000000,0,CALLAWAY,CALLAWAY
CALLAWAY - 001189,10,1.0000000000,67.0000000000,67.0000000000,0,CALLAWAY,CALLAWAY
CALLAWAY - 001190,10,1.0000000000,285.0000000000,285.0000000000,0,CALLAWAY,CALLAWAY
CALLAWAY - 001271,10,1.0000000000,80.0000000000,80.0000000000,0,CALLAWAY,CALLAWAY
CALLAWAY - 001272,10,1.0000000000,37.0000000000,37.0000000000,0,CALLAWAY,CALLAWAY
CALLAWAY - 001292,10,1.0000000000,86.0000000000,86.0000000000,0,CALLAWAY,CALLAWAY
CALLAWAY - 001297,10,1.0000000000,70.0000000000,70.0000000000,0,CALLAWAY,CALLAWAY
CALLAWAY - 001306,10,1.0000000000,119.0000000000,119.0000000000,0,CALLAWAY,CALLAWAY
CALLAWAY - 001350,10,1.0000000000,107.0000000000,107.0000000000,0,CALLAWAY,CALLAWAY
CALLAWAY - 001351,10,1.0000000000,90.0000000000,90.0000000000,0,CALLAWAY,CALLAWAY
CALLAWAY - 001438,10,1.0000000000,34.0000000000,34.0000000000,0,CALLAWAY,CALLAWAY
CALLAWAY - 001543,10,1.0000000000,32.0000000000,32.0000000000,0,CALLAWAY,CALLAWAY
CALLAWAY - 001584,10,1.0000000000,130.0000000000,130.0000000000,0,CALLAWAY,CALLAWAY
CALLAWAY - 001595,10,1.0000000000,61.0000000000,61.0000000000,0,CALLAWAY,CALLAWAY
CALLAWAY - 001763,10,1.0000000000,107.0000000000,107.0000000000,0,CALLAWAY,CALLAWAY
CALLAWAY - 001843,10,1.0000000000,156.0000000000,156.0000000000,0,CALLAWAY,CALLAWAY
CALLAWAY - 001989,10,1.0000000000,26.0000000000,26.0000000000,0,CALLAWAY,CALLAWAY
CALLAWAY - 001991,10,1.0000000000,39.0000000000,39.0000000000,0,CALLAWAY,CALLAWAY
CAMDEN - 000002,6,1.0000000000,94.0000000000,94.0000000000,0,CAMDEN,CAMDEN
CAMDEN - 000003,6,1.0000000000,130.0000000000,130.0000000000,0,CAMDEN,CAMDEN
CAMDEN - 000004,6,1.0000000000,166.0000000000,166.0000000000,0,CAMDEN,CAMDEN
CAMDEN - 000005,6,1.0000000000,83.0000000000,83.0000000000,0,CAMDEN,CAMDEN
CAMDEN - 000006,6,1.0000000000,118.0000000000,118.0000000000,0,CAMDEN,CAMDEN
CAMDEN - 000007,6,1.0000000000,55.0000000000,55.0000000000,0,CAMDEN,CAMDEN
CAMDEN - 000008,6,1.0000000000,57.0000000000,57.0000000000,0,CAMDEN,CAMDEN
CAMDEN - 000009,6,1.0000000000,66.0000000000,66.0000000000,0,CAMDEN,CAMDEN
CAMDEN - 000010,6,1.0000000000,48.0000000000,48.0000000000,0,CAMDEN,CAMDEN
CAMDEN - 000011,6,1.0000000000,52.0000000000,52.0000000000,0,CAMDEN,CAMDEN
CAMDEN - 000012,6,1.0000000000,154.0000000000,154.0000000000,0,CAMDEN,CAMDEN
CAMDEN - 000013,6,1.0000000000,67.0000000000,67.0000000000,0,CAMDEN,CAMDEN
CAMDEN - 000014,6,1.0000000000,182.0000000000,182.0000000000,0,CAMDEN,CAMDEN
CAMDEN - 000015,6,1.0000000000,52.0000000000,52.0000000000,0,CAMDEN,CAMDEN
CAMDEN - 000016,6,1.0000000000,63.0000000000,63.0000000000,0,CAMDEN,CAMDEN
CAMDEN - 000017,6,1.0000000000,132.0000000000,132.0000000000,0,CAMDEN,CAMDEN
CAMDEN - 000018,6,1.0000000000,119.0000000000,119.0000000000,0,CAMDEN,CAMDEN
CAMDEN - 000019,6,1.0000000000,81.0000000000,81.0000000000,0,CAMDEN,CAMDEN
CAMDEN - 000020,6,1.0000000000,68.0000000000,68.0000000000,0,CAMDEN,CAMDEN
CAMDEN - 000021,6,1.0000000000,22.0000000000,22.0000000000,0,CAMDEN,CAMDEN
CAMDEN - 000022,6,1.0000000000,118.0000000000,118.0000000000,0,CAMDEN,CAMDEN
CAMDEN - 000023,6,1.0000000000,88.0000000000,88.0000000000,0,CAMDEN,CAMDEN
CAMDEN - 000024,6,1.0000000000,140.0000000000,140.0000000000,0,CAMDEN,CAMDEN
CAMDEN - 000025,6,1.0000000000,19.0000000000,19.0000000000,0,CAMDEN,CAMDEN
CAPE GIRARDEAU - 000002,27,1.0000000000,41.0000000000,41.0000000000,0,CAPE GIRARDEAU,CAPE GIRARDEAU
CAPE GIRARDEAU - 000003,27,1.0000000000,74.0000000000,74.0000000000,0,CAPE GIRARDEAU,CAPE GIRARDEAU
CAPE GIRARDEAU - 000004,27,1.0000000000,69.0000000000,69.0000000000,0,CAPE GIRARDEAU,CAPE GIRARDEAU
CAPE GIRARDEAU - 000005,27,1.0000000000,156.0000000000,156.0000000000,0,CAPE GIRARDEAU,CAPE GIRARDEAU
CAPE GIRARDEAU - 000006,27,1.0000000000,70.0000000000,70.0000000000,0,CAPE GIRARDEAU,CAPE GIRARDEAU
CAPE GIRARDEAU - 000007,27,1.0000000000,75.0000000000,75.0000000000,0,CAPE GIRARDEAU,CAPE GIRARDEAU
CAPE GIRARDEAU - 000008,27,1.0000000000,66.0000000000,66.0000000000,0,CAPE GIRARDEAU,CAPE GIRARDEAU
CAPE GIRARDEAU - 000009,27,1.0000000000,89.0000000000,89.0000000000,0,CAPE GIRARDEAU,CAPE GIRARDEAU
CAPE GIRARDEAU - 000010,27,1.0000000000,93.0000000000,93.0000000000,0,CAPE GIRARDEAU,CAPE GIRARDEAU
CAPE GIRARDEAU - 000011,27,1.0000000000,58.0000000000,58.0000000000,0,CAPE GIRARDEAU,CAPE GIRARDEAU
CAPE GIRARDEAU - 000012,27,1.0000000000,44.0000000000,44.0000000000,0,CAPE GIRARDEAU,CAPE GIRARDEAU
CAPE GIRARDEAU - 000013,27,1.0000000000,36.0000000000,36.0000000000,0,CAPE GIRARDEAU,CAPE GIRARDEAU
CAPE GIRARDEAU - 000014,27,1.0000000000,20.0000000000,20.0000000000,0,CAPE GIRARDEAU,CAPE GIRARDEAU
CAPE GIRARDEAU - 000015,27,1.0000000000,41.0000000000,41.0000000000,0,CAPE GIRARDEAU,CAPE GIRARDEAU
CAPE GIRARDEAU - 000016,27,1.0000000000,62.0000000000,62.0000000000,0,CAPE GIRARDEAU,CAPE GIRARDEAU
CAPE GIRARDEAU - 000017,27,1.0000000000,145.0000000000,145.0000000000,0,CAPE GIRARDEAU,CAPE GIRARDEAU
CAPE GIRARDEAU - 000018,27,1.0000000000,122.0000000000,122.0000000000,0,CAPE GIRARDEAU,CAPE GIRARDEAU
CAPE GIRARDEAU - 000019,27,1.0000000000,69.0000000000,69.0000000000,0,CAPE GIRARDEAU,CAPE GIRARDEAU
CAPE GIRARDEAU - 000020,27,1.0000000000,70.0000000000,70.0000000000,0,CAPE GIRARDEAU,CAPE GIRARDEAU
CAPE GIRARDEAU - 000021,27,1.0000000000,89.0000000000,89.0000000000,0,CAPE GIRARDEAU,CAPE GIRARDEAU
CAPE GIRARDEAU - 000022,27,1.0000000000,76.0000000000,76.0000000000,0,CAPE GIRARDEAU,CAPE GIRARDEAU
CAPE GIRARDEAU - 000023,27,1.0000000000,100.0000000000,100.0000000000,0,CAPE GIRARDEAU,CAPE GIRARDEAU
CAPE GIRARDEAU - 000024,27,1.0000000000,61.0000000000,61.0000000000,0,CAPE GIRARDEAU,CAPE GIRARDEAU
CAPE GIRARDEAU - 000025,27,1.0000000000,10.0000000000,10.0000000000,0,CAPE GIRARDEAU,CAPE GIRARDEAU
CAPE GIRARDEAU - 000026,27,1.0000000000,12.0000000000,12.0000000000,0,CAPE GIRARDEAU,CAPE GIRARDEAU
CAPE GIRARDEAU - 000027,27,1.0000000000,93.0000000000,93.0000000000,0,CAPE GIRARDEAU,CAPE GIRARDEAU
CAPE GIRARDEAU - 000028,27,1.0000000000,49.0000000000,49.0000000000,0,CAPE GIRARDEAU,CAPE GIRARDEAU
CAPE GIRARDEAU - 000029,27,1.0000000000,103.0000000000,103.0000000000,0,CAPE GIRARDEAU,CAPE GIRARDEAU
CAPE GIRARDEAU - 000030,27,1.0000000000,103.0000000000,103.0000000000,0,CAPE GIRARDEAU,CAPE GIRARDEAU
CAPE GIRARDEAU - 000031,27,1.0000000000,123.0000000000,123.0000000000,0,CAPE GIRARDEAU,CAPE GIRARDEAU
CAPE GIRARDEAU - 000032,27,1.0000000000,70.0000000000,70.0000000000,0,CAPE GIRARDEAU,CAPE GIRARDEAU
CAPE GIRARDEAU - 000033,27,1.0000000000,69.0000000000,69.0000000000,0,CAPE GIRARDEAU,CAPE GIRARDEAU
CAPE GIRARDEAU - 000034,27,1.0000000000,70.0000000000,70.0000000000,0,CAPE GIRARDEAU,CAPE GIRARDEAU
CAPE GIRARDEAU - 000035,27,1.0000000000,71.0000000000,71.0000000000,0,CAPE GIRARDEAU,CAPE GIRARDEAU
CAPE GIRARDEAU - 000036,27,1.0000000000,113.0000000000,113.0000000000,0,CAPE GIRARDEAU,CAPE GIRARDEAU
CAPE GIRARDEAU - 000037,27,1.0000000000,39.0000000000,39.0000000000,0,CAPE GIRARDEAU,CAPE GIRARDEAU
CAPE GIRARDEAU - 000038,27,1.0000000000,7.0000000000,7.0000000000,0,CAPE GIRARDEAU,CAPE GIRARDEAU
CAPE GIRARDEAU - 000039,27,1.0000000000,81.0000000000,81.0000000000,0,CAPE GIRARDEAU,CAPE GIRARDEAU
CARROLL - 000006,12,1.0000000000,122.0000000000,122.0000000000,0,CARROLL,CARROLL
CARROLL - 000007,12,1.0000000000,119.0000000000,119.0000000000,0,CARROLL,CARROLL
CARROLL - 000009,12,1.0000000000,124.0000000000,124.0000000000,0,CARROLL,CARROLL
CARROLL - 000010,12,1.0000000000,139.0000000000,139.0000000000,0,CARROLL,CARROLL
CARROLL - 000012,12,1.0000000000,112.0000000000,112.0000000000,0,CARROLL,CARROLL
CARROLL - 000013,12,1.0000000000,114.0000000000,114.0000000000,0,CARROLL,CARROLL
CARROLL - 000014,12,1.0000000000,234.0000000000,234.0000000000,0,CARROLL,CARROLL
CARROLL - 16-001,12,1.0000000000,71.0000000000,71.0000000000,0,CARROLL,CARROLL
CARROLL - 16-003,12,1.0000000000,53.0000000000,53.0000000000,0,CARROLL,CARROLL
CARROLL - 16-004,12,1.0000000000,44.0000000000,44.0000000000,0,CARROLL,CARROLL
CARROLL - 16-016,12,1.0000000000,81.0000000000,81.0000000000,0,CARROLL,CARROLL
CARROLL - 16-017,12,1.0000000000,181.0000000000,181.0000000000,0,CARROLL,CARROLL
CARROLL - 16-019,12,1.0000000000,64.0000000000,64.0000000000,0,CARROLL,CARROLL
CARTER - 003611,25,1.0000000000,181.0000000000,181.0000000000,0,CARTER,CARTER
CARTER - 003628,25,1.0000000000,85.0000000000,85.0000000000,0,CARTER,CARTER
CARTER - 003668,25,1.0000000000,86.0000000000,86.0000000000,0,CARTER,CARTER
CARTER - 003694,25,1.0000000000,24.0000000000,24.0000000000,0,CARTER,CARTER
CARTER - 003731,25,1.0000000000,94.0000000000,94.0000000000,0,CARTER,CARTER
CARTER - 003756,25,1.0000000000,36.0000000000,36.0000000000,0,CARTER,CARTER
CARTER - 003789,25,1.0000000000,59.0000000000,59.0000000000,0,CARTER,CARTER
CASS - 000001,31,1.0000000000,97.0000000000,97.0000000000,0,CASS,CASS
CASS - 000002,31,1.0000000000,71.0000000000,71.0000000000,0,CASS,CASS
CASS - 000003,31,1.0000000000,99.0000000000,99.0000000000,0,CASS,CASS
CASS - 000004,31,1.0000000000,54.0000000000,54.0000000000,0,CASS,CASS
CASS - 000005,31,1.0000000000,120.0000000000,120.0000000000,0,CASS,CASS
CASS - 000006,31,1.0000000000,48.0000000000,48.0000000000,0,CASS,CASS
CASS - 000007,31,1.0000000000,103.0000000000,103.0000000000,0,CASS,CASS
CASS - 000008,31,1.0000000000,74.0000000000,74.0000000000,0,CASS,CASS
CASS - 000009,31,1.0000000000,106.0000000000,106.0000000000,0,CASS,CASS
CASS - 000010,31,1.0000000000,181.0000000000,181.0000000000,0,CASS,CASS
CASS - 000011,31,1.0000000000,34.0000000000,34.0000000000,0,CASS,CASS
CASS - 000012,31,1.0000000000,95.0000000000,95.0000000000,0,CASS,CASS
CASS - 000013,31,1.0000000000,156.0000000000,156.0000000000,0,CASS,CASS
CASS - 000014,31,1.0000000000,55.0000000000,55.0000000000,0,CASS,CASS
CASS - 000015,31,1.0000000000,56.0000000000,56.0000000000,0,CASS,CASS
CASS - 000016,31,1.0000000000,102.0000000000,102.0000000000,0,CASS,CASS
CASS - 000017,31,1.0000000000,37.0000000000,37.0000000000,0,CASS,CASS
CASS - 000018,31,1.0000000000,45.0000000000,45.0000000000,0,CASS,CASS
CASS - 000019,31,1.0000000000,142.0000000000,142.0000000000,0,CASS,CASS
CASS - 000020,31,1.0000000000,38.0000000000,38.0000000000,0,CASS,CASS
CASS - 000021,31,1.0000000000,47.0000000000,47.0000000000,0,CASS,CASS
CASS - 000022,31,1.0000000000,110.0000000000,110.0000000000,0,CASS,CASS
CASS - 000023,31,1.0000000000,63.0000000000,63.0000000000,0,CASS,CASS
CASS - 000024,31,1.0000000000,108.0000000000,108.0000000000,0,CASS,CASS
CASS - 000025,31,1.0000000000,100.0000000000,100.0000000000,0,CASS,CASS
CASS - 000026,31,1.0000000000,129.0000000000,129.0000000000,0,CASS,CASS
CASS - 000027,31,1.0000000000,87.0000000000,87.0000000000,0,CASS,CASS
CASS - 000028,31,1.0000000000,84.0000000000,84.0000000000,0,CASS,CASS
CASS - 000029,31,1.0000000000,88.0000000000,88.0000000000,0,CASS,CASS
CASS - 000030,31,1.0000000000,74.0000000000,74.0000000000,0,CASS,CASS
CASS - 000031,31,1.0000000000,36.0000000000,36.0000000000,0,CASS,CASS
CASS - 000032,31,1.0000000000,44.0000000000,44.0000000000,0,CASS,CASS
CASS - 000033,31,1.0000000000,32.0000000000,32.0000000000,0,CASS,CASS
CASS - 000034,31,1.0000000000,68.0000000000,68.0000000000,0,CASS,CASS
CASS - 000035,31,1.0000000000,73.0000000000,73.0000000000,0,CASS,CASS
CASS - 000036,31,1.0000000000,91.0000000000,91.0000000000,0,CASS,CASS
CASS - 000037,31,1.0000000000,39.0000000000,39.0000000000,0,CASS,CASS
CASS - 000038,31,1.0000000000,44.0000000000,44.0000000000,0,CASS,CASS
CASS - 000039,31,1.0000000000,53.0000000000,53.0000000000,0,CASS,CASS
CASS - 000040,31,1.0000000000,35.0000000000,35.0000000000,0,CASS,CASS
CASS - 000041,31,1.0000000000,63.0000000000,63.0000000000,0,CASS,CASS
CASS - 000042,31,1.0000000000,89.0000000000,89.0000000000,0,CASS,CASS
CASS - 000043,31,1.0000000000,33.0000000000,33.0000000000,0,CASS,CASS
CASS - 000044,31,1.0000000000,81.0000000000,81.0000000000,0,CASS,CASS
CASS - 000045,31,1.0000000000,74.0000000000,74.0000000000,0,CASS,CASS
CASS - 000046,31,1.0000000000,50.0000000000,50.0000000000,0,CASS,CASS
CASS - 000047,31,1.0000000000,63.0000000000,63.0000000000,0,CASS,CASS
CEDAR - 003052,28,1.0000000000,235.0000000000,235.0000000000,0,CEDAR,CEDAR
CEDAR - 003054,28,1.0000000000,223.0000000000,223.0000000000,0,CEDAR,CEDAR
CEDAR - 003057,28,1.0000000000,99.0000000000,99.0000000000,0,CEDAR,CEDAR
CEDAR - 003092,28,1.0000000000,195.0000000000,195.0000000000,0,CEDAR,CEDAR
CEDAR - 003129,28,1.0000000000,134.0000000000,134.0000000000,0,CEDAR,CEDAR
CEDAR - 003139,28,1.0000000000,137.0000000000,137.0000000000,0,CEDAR,CEDAR
CEDAR - 003178,28,1.0000000000,275.0000000000,275.0000000000,0,CEDAR,CEDAR
CEDAR - 003191,28,1.0000000000,225.0000000000,225.0000000000,0,CEDAR,CEDAR
CEDAR - 003192,28,1.0000000000,109.0000000000,109.0000000000,0,CEDAR,CEDAR
CHARITON - 000344,12,1.0000000000,101.0000000000,101.0000000000,0,CHARITON,CHARITON
CHARITON - 000346,12,1.0000000000,147.0000000000,147.0000000000,0,CHARITON,CHARITON
CHARITON - 000352,12,1.0000000000,138.0000000000,138.0000000000,0,CHARITON,CHARITON
CHARITON - 000354,12,1.0000000000,141.0000000000,141.0000000000,0,CHARITON,CHARITON
CHARITON - 000381,12,1.0000000000,198.0000000000,198.0000000000,0,CHARITON,CHARITON
CHARITON - 000386,12,1.0000000000,156.0000000000,156.0000000000,0,CHARITON,CHARITON
CHARITON - 000392,12,1.0000000000,264.0000000000,264.0000000000,0,CHARITON,CHARITON
CHARITON - 000418,12,1.0000000000,407.0000000000,407.0000000000,0,CHARITON,CHARITON
CHARITON - 000424,12,1.0000000000,381.0000000000,381.0000000000,0,CHARITON,CHARITON
CHARITON - 000431,12,1.0000000000,210.0000000000,210.0000000000,0,CHARITON,CHARITON
CHARITON - 000465,12,1.0000000000,183.0000000000,183.0000000000,0,CHARITON,CHARITON
CHARITON - 000503,12,1.0000000000,127.0000000000,127.0000000000,0,CHARITON,CHARITON
CHRISTIAN - 000002,29,1.0000000000,45.0000000000,45.0000000000,0,CHRISTIAN,CHRISTIAN
CHRISTIAN - 000003,29,1.0000000000,169.0000000000,169.0000000000,0,CHRISTIAN,CHRISTIAN
CHRISTIAN - 000004,29,1.0000000000,25.0000000000,25.0000000000,0,CHRISTIAN,CHRISTIAN
CHRISTIAN - 000005,29,1.0000000000,18.0000000000,18.0000000000,0,CHRISTIAN,CHRISTIAN
CHRISTIAN - 000006,29,1.0000000000,65.0000000000,65.0000000000,0,CHRISTIAN,CHRISTIAN
CHRISTIAN - 000007,29,1.0000000000,171.0000000000,171.0000000000,0,CHRISTIAN,CHRISTIAN
CHRISTIAN - 000008,29,1.0000000000,66.0000000000,66.0000000000,0,CHRISTIAN,CHRISTIAN
CHRISTIAN - 000009,29,1.0000000000,29.0000000000,29.0000000000,0,CHRISTIAN,CHRISTIAN
CHRISTIAN - 000010,29,1.0000000000,21.0000000000,21.0000000000,0,CHRISTIAN,CHRISTIAN
CHRISTIAN - 000011,29,1.0000000000,128.0000000000,128.0000000000,0,CHRISTIAN,CHRISTIAN
CHRISTIAN - 000012,29,1.0000000000,58.0000000000,58.0000000000,0,CHRISTIAN,CHRISTIAN
CHRISTIAN - 000013,29,1.0000000000,70.0000000000,70.0000000000,0,CHRISTIAN,CHRISTIAN
CHRISTIAN - 000014,29,1.0000000000,97.0000000000,97.0000000000,0,CHRISTIAN,CHRISTIAN
CHRISTIAN - 000015,29,1.0000000000,183.0000000000,183.0000000000,0,CHRISTIAN,CHRISTIAN
CHRISTIAN - 000016,29,1.0000000000,35.0000000000,35.0000000000,0,CHRISTIAN,CHRISTIAN
CHRISTIAN - 000017,29,1.0000000000,103.0000000000,103.0000000000,0,CHRISTIAN,CHRISTIAN
CHRISTIAN - 000018,29,1.0000000000,33.0000000000,33.0000000000,0,CHRISTIAN,CHRISTIAN
CHRISTIAN - 000019,29,1.0000000000,32.0000000000,32.0000000000,0,CHRISTIAN,CHRISTIAN
CHRISTIAN - 000020,29,1.0000000000,171.0000000000,171.0000000000,0,CHRISTIAN,CHRISTIAN
CHRISTIAN - 000021,29,1.0000000000,68.0000000000,68.0000000000,0,CHRISTIAN,CHRISTIAN
CHRISTIAN - 000022,29,1.0000000000,80.0000000000,80.0000000000,0,CHRISTIAN,CHRISTIAN
CHRISTIAN - 000023,29,1.0000000000,50.0000000000,50.0000000000,0,CHRISTIAN,CHRISTIAN
CHRISTIAN - 000024,29,1.0000000000,38.0000000000,38.0000000000,0,CHRISTIAN,CHRISTIAN
CHRISTIAN - 000025,29,1.0000000000,82.0000000000,82.0000000000,0,CHRISTIAN,CHRISTIAN
CHRISTIAN - 000026,29,1.0000000000,17.0000000000,17.0000000000,0,CHRISTIAN,CHRISTIAN
CHRISTIAN - 000027,29,1.0000000000,14.0000000000,14.0000000000,0,CHRISTIAN,CHRISTIAN
CHRISTIAN - 000028,29,1.0000000000,125.0000000000,125.0000000000,0,CHRISTIAN,CHRISTIAN
CHRISTIAN - 000029,29,1.0000000000,26.0000000000,26.0000000000,0,CHRISTIAN,CHRISTIAN
CHRISTIAN - 000030,29,1.0000000000,99.0000000000,99.0000000000,0,CHRISTIAN,CHRISTIAN
CHRISTIAN - 000031,29,1.0000000000,88.0000000000,88.0000000000,0,CHRISTIAN,CHRISTIAN
CHRISTIAN - 000032,29,1.0000000000,121.0000000000,121.0000000000,0,CHRISTIAN,CHRISTIAN
CHRISTIAN - 000033,29,1.0000000000,53.0000000000,53.0000000000,0,CHRISTIAN,CHRISTIAN
CHRISTIAN - 000034,29,1.0000000000,143.0000000000,143.0000000000,0,CHRISTIAN,CHRISTIAN
CLARK - 000002,18,1.0000000000,59.0000000000,59.0000000000,0,CLARK,CLARK
CLARK - 000003,18,1.0000000000,58.0000000000,58.0000000000,0,CLARK,CLARK
CLARK - 000004,18,1.0000000000,130.0000000000,130.0000000000,0,CLARK,CLARK
CLARK - 000005,18,1.0000000000,137.0000000000,137.0000000000,0,CLARK,CLARK
CLARK - 000006,18,1.0000000000,194.0000000000,194.0000000000,0,CLARK,CLARK
CLARK - 000007,18,1.0000000000,69.0000000000,69.0000000000,0,CLARK,CLARK
CLARK - 000008,18,1.0000000000,129.0000000000,129.0000000000,0,CLARK,CLARK
CLARK - 000009,18,1.0000000000,22.0000000000,22.0000000000,0,CLARK,CLARK
CLARK - 000010,18,1.0000000000,243.0000000000,243.0000000000,0,CLARK,CLARK
CLAY - 000002,17,1.0000000000,45.0000000000,45.0000000000,0,CLAY,CLAY
CLAY - 000003,21,1.0000000000,72.0000000000,72.0000000000,0,CLAY,CLAY
CLAY - 000004,21,1.0000000000,97.0000000000,97.0000000000,0,CLAY,CLAY
CLAY - 000005,21,1.0000000000,90.0000000000,90.0000000000,0,CLAY,CLAY
CLAY - 000006,21,1.0000000000,134.0000000000,134.0000000000,0,CLAY,CLAY
CLAY - 000007,21,1.0000000000,145.0000000000,145.0000000000,0,CLAY,CLAY
CLAY - 000009,17,1.0000000000,53.0000000000,53.0000000000,0,CLAY,CLAY
CLAY - 000010,17,1.0000000000,46.0000000000,46.0000000000,0,CLAY,CLAY
CLAY - 000011,17,1.0000000000,41.0000000000,41.0000000000,0,CLAY,CLAY
CLAY - 000012,17,1.0000000000,49.0000000000,49.0000000000,0,CLAY,CLAY
CLAY - 000013,17,1.0000000000,35.0000000000,35.0000000000,0,CLAY,CLAY
CLAY - 000014,17,1.0000000000,36.0000000000,36.0000000000,0,CLAY,CLAY
CLAY - 000015,17,1.0000000000,38.0000000000,38.0000000000,0,CLAY,CLAY
CLAY - 000016,17,1.0000000000,29.0000000000,29.0000000000,0,CLAY,CLAY
CLAY - 000017,17,1.0000000000,18.0000000000,18.0000000000,0,CLAY,CLAY
CLAY - 000020,17,1.0000000000,243.0000000000,243.0000000000,0,CLAY,CLAY
CLAY - 000021,17,1.0000000000,16.0000000000,16.0000000000,0,CLAY,CLAY
CLAY - 000022,17,1.0000000000,40.0000000000,40.0000000000,0,CLAY,CLAY
CLAY - 000023,17,1.0000000000,43.0000000000,43.0000000000,0,CLAY,CLAY
CLAY - 000024,17,1.0000000000,26.0000000000,26.0000000000,0,CLAY,CLAY
CLAY - 000025,17,1.0000000000,55.0000000000,55.0000000000,0,CLAY,CLAY
CLAY - 000026,17,1.0000000000,77.0000000000,77.0000000000,0,CLAY,CLAY
CLAY - 000027,17,1.0000000000,88.0000000000,88.0000000000,0,CLAY,CLAY
CLAY - 000028,17,0.9856115108,137.0000000000,139.0000000000,0,CLAY,CLAY
CLAY - 000028,21,0.0143884892,2.0000000000,139.0000000000,0,CLAY,CLAY
CLAY - 000029,17,1.0000000000,56.0000000000,56.0000000000,0,CLAY,CLAY
CLAY - 000030,17,1.0000000000,41.0000000000,41.0000000000,0,CLAY,CLAY
CLAY - 000031,17,1.0000000000,40.0000000000,40.0000000000,0,CLAY,CLAY
CLAY - 000032,17,1.0000000000,112.0000000000,112.0000000000,0,CLAY,CLAY
CLAY - 000033,17,1.0000000000,32.0000000000,32.0000000000,0,CLAY,CLAY
CLAY - 000034,17,1.0000000000,22.0000000000,22.0000000000,0,CLAY,CLAY
CLAY - 000035,17,1.0000000000,43.0000000000,43.0000000000,0,CLAY,CLAY
CLAY - 000036,17,1.0000000000,89.0000000000,89.0000000000,0,CLAY,CLAY
CLAY - 000037,17,1.0000000000,137.0000000000,137.0000000000,0,CLAY,CLAY
CLAY - 000038,17,1.0000000000,126.0000000000,126.0000000000,0,CLAY,CLAY
CLAY - 000039,17,1.0000000000,26.0000000000,26.0000000000,0,CLAY,CLAY
CLAY - 000040,17,1.0000000000,119.0000000000,119.0000000000,0,CLAY,CLAY
CLAY - 000041,17,1.0000000000,61.0000000000,61.0000000000,0,CLAY,CLAY
CLAY - 000042,17,1.0000000000,46.0000000000,46.0000000000,0,CLAY,CLAY
CLAY - 000043,17,1.0000000000,86.0000000000,86.0000000000,0,CLAY,CLAY
CLAY - 000044,17,1.0000000000,39.0000000000,39.0000000000,0,CLAY,CLAY
CLAY - 000045,17,1.0000000000,49.0000000000,49.0000000000,0,CLAY,CLAY
CLAY - 000046,17,1.0000000000,40.0000000000,40.0000000000,0,CLAY,CLAY
CLAY - 000047,17,1.0000000000,64.0000000000,64.0000000000,0,CLAY,CLAY
CLAY - 000048,17,1.0000000000,55.0000000000,55.0000000000,0,CLAY,CLAY
CLAY - 000049,17,1.0000000000,39.0000000000,39.0000000000,0,CLAY,CLAY
CLAY - 000050,17,1.0000000000,48.0000000000,48.0000000000,0,CLAY,CLAY
CLAY - 000051,17,1.0000000000,47.0000000000,47.0000000000,0,CLAY,CLAY
CLAY - 000052,17,1.0000000000,59.0000000000,59.0000000000,0,CLAY,CLAY
CLAY - 000053,17,1.0000000000,35.0000000000,35.0000000000,0,CLAY,CLAY
CLAY - 000054,17,1.0000000000,33.0000000000,33.0000000000,0,CLAY,CLAY
CLAY - 000055,21,1.0000000000,86.0000000000,86.0000000000,0,CLAY,CLAY
CLAY - 000056,21,1.0000000000,116.0000000000,116.0000000000,0,CLAY,CLAY
CLAY - 000057,21,1.0000000000,130.0000000000,130.0000000000,0,CLAY,CLAY
CLAY - 000058,21,1.0000000000,63.0000000000,63.0000000000,0,CLAY,CLAY
CLAY - 000059,17,0.0181818182,1.0000000000,55.0000000000,0,CLAY,CLAY
CLAY - 000059,21,0.9818181818,54.0000000000,55.0000000000,0,CLAY,CLAY
CLAY - 000060,17,0.0076923077,1.0000000000,130.0000000000,0,CLAY,CLAY
CLAY - 000060,21,0.9923076923,129.0000000000,130.0000000000,0,CLAY,CLAY
CLAY - 000061,17,0.0294117647,1.0000000000,34.0000000000,0,CLAY,CLAY
CLAY - 000061,21,0.9705882353,33.0000000000,34.0000000000,0,CLAY,CLAY
CLAY - 000062,21,1.0000000000,75.0000000000,75.0000000000,0,CLAY,CLAY
CLAY - 000063,21,1.0000000000,10.0000000000,10.0000000000,0,CLAY,CLAY
CLAY - 000064,17,0.1081081081,8.0000000000,74.0000000000,0,CLAY,CLAY
CLAY - 000064,21,0.8918918919,66.0000000000,74.0000000000,0,CLAY,CLAY
CLAY - 000065,21,1.0000000000,23.0000000000,23.0000000000,0,CLAY,CLAY
CLAY - 000066,17,0.0512820513,2.0000000000,39.0000000000,0,CLAY,CLAY
CLAY - 000066,21,0.9487179487,37.0000000000,39.0000000000,0,CLAY,CLAY
CLAY - 000067,21,1.0000000000,25.0000000000,25.0000000000,0,CLAY,CLAY
CLAY - 000068,17,0.9242424242,61.0000000000,66.0000000000,0,CLAY,CLAY
CLAY - 000068,21,0.0757575758,5.0000000000,66.0000000000,0,CLAY,CLAY
CLAY - 000069,17,0.0422535211,3.0000000000,71.0000000000,0,CLAY,CLAY
CLAY - 000069,21,0.9577464789,68.0000000000,71.0000000000,0,CLAY,CLAY
CLAY - 000070,21,1.0000000000,59.0000000000,59.0000000000,0,CLAY,CLAY
CLAY - 000071,21,1.0000000000,40.0000000000,40.0000000000,0,CLAY,CLAY
CLAY - 000072,17,0.2526315789,24.0000000000,95.0000000000,0,CLAY,CLAY
CLAY - 000072,21,0.7473684211,71.0000000000,95.0000000000,0,CLAY,CLAY
CLAY - 000073,21,1.0000000000,86.0000000000,86.0000000000,0,CLAY,CLAY
CLAY - 000074,17,0.0438596491,10.0000000000,228.0000000000,0,CLAY,CLAY
CLAY - 000074,21,0.9561403509,218.0000000000,228.0000000000,0,CLAY,CLAY
CLAY - 000075,21,1.0000000000,81.0000000000,81.0000000000,0,CLAY,CLAY
CLAY - 000076,21,1.0000000000,88.0000000000,88.0000000000,0,CLAY,CLAY
CLAY - 000077,21,1.0000000000,40.0000000000,40.0000000000,0,CLAY,CLAY
CLAY - 000078,21,1.0000000000,69.0000000000,69.0000000000,0,CLAY,CLAY
CLAY - 16-214,17,1.0000000000,33.0000000000,33.0000000000,0,CLAY,CLAY
CLAY - 16-215,17,1.0000000000,70.0000000000,70.0000000000,0,CLAY,CLAY
CLAY - 16-216,17,0.9428571429,33.0000000000,35.0000000000,0,CLAY,CLAY
CLAY - 16-216,21,0.0571428571,2.0000000000,35.0000000000,0,CLAY,CLAY
CLAY - 162127,17,1.0000000000,102.0000000000,102.0000000000,0,CLAY,CLAY
CLINTON - 000002,12,1.0000000000,363.0000000000,363.0000000000,0,CLINTON,CLINTON
CLINTON - 000003,12,1.0000000000,154.0000000000,154.0000000000,0,CLINTON,CLINTON
CLINTON - 000005,12,1.0000000000,258.0000000000,258.0000000000,0,CLINTON,CLINTON
CLINTON - 000006,12,1.0000000000,114.0000000000,114.0000000000,0,CLINTON,CLINTON
CLINTON - 000007,12,1.0000000000,195.0000000000,195.0000000000,0,CLINTON,CLINTON
CLINTON - 000008,12,1.0000000000,210.0000000000,210.0000000000,0,CLINTON,CLINTON
COLE - 000002,6,1.0000000000,53.0000000000,53.0000000000,0,COLE,COLE
COLE - 000003,6,1.0000000000,99.0000000000,99.0000000000,0,COLE,COLE
COLE - 000004,6,1.0000000000,69.0000000000,69.0000000000,0,COLE,COLE
COLE - 000005,6,1.0000000000,70.0000000000,70.0000000000,0,COLE,COLE
COLE - 000006,6,1.0000000000,19.0000000000,19.0000000000,0,COLE,COLE
COLE - 000007,6,1.0000000000,83.0000000000,83.0000000000,0,COLE,COLE
COLE - 000008,6,1.0000000000,11.0000000000,11.0000000000,0,COLE,COLE
COLE - 000009,6,1.0000000000,101.0000000000,101.0000000000,0,COLE,COLE
COLE - 000010,6,1.0000000000,32.0000000000,32.0000000000,0,COLE,COLE
COLE - 000011,6,1.0000000000,63.0000000000,63.0000000000,0,COLE,COLE
COLE - 000016,6,1.0000000000,145.0000000000,145.0000000000,0,COLE,COLE
COLE - 000032,6,1.0000000000,33.0000000000,33.0000000000,0,COLE,COLE
COLE - 000034,6,1.0000000000,29.0000000000,29.0000000000,0,COLE,COLE
COLE - 000035,6,1.0000000000,8.0000000000,8.0000000000,0,COLE,COLE
COLE - 000036,6,1.0000000000,10.0000000000,10.0000000000,0,COLE,COLE
COLE - 000037,6,1.0000000000,62.0000000000,62.0000000000,0,COLE,COLE
COLE - 000038,6,1.0000000000,19.0000000000,19.0000000000,0,COLE,COLE
COLE - 000039,6,1.0000000000,16.0000000000,16.0000000000,0,COLE,COLE
COLE - 000040,6,1.0000000000,63.0000000000,63.0000000000,0,COLE,COLE
COLE - 000041,6,1.0000000000,69.0000000000,69.0000000000,0,COLE,COLE
COLE - 000042,6,1.0000000000,12.0000000000,12.0000000000,0,COLE,COLE
COLE - 000043,6,1.0000000000,22.0000000000,22.0000000000,0,COLE,COLE
COLE - 000044,6,1.0000000000,34.0000000000,34.0000000000,0,COLE,COLE
COLE - 000045,6,1.0000000000,14.0000000000,14.0000000000,0,COLE,COLE
COLE - 000046,6,1.0000000000,131.0000000000,131.0000000000,0,COLE,COLE
COLE - 000049,6,1.0000000000,67.0000000000,67.0000000000,0,COLE,COLE
COLE - 000050,6,1.0000000000,14.0000000000,14.0000000000,0,COLE,COLE
COLE - 000051,6,1.0000000000,3.0000000000,3.0000000000,0,COLE,COLE
COLE - 000052,6,1.0000000000,4.0000000000,4.0000000000,0,COLE,COLE
COLE - 16-001,6,1.0000000000,17.0000000000,17.0000000000,0,COLE,COLE
COLE - 16-002,6,1.0000000000,24.0000000000,24.0000000000,0,COLE,COLE
COLE - 16-2-5,6,1.0000000000,48.0000000000,48.0000000000,0,COLE,COLE
COLE - 16-2-6,6,1.0000000000,61.0000000000,61.0000000000,0,COLE,COLE
COLE - 16-3-7,6,1.0000000000,36.0000000000,36.0000000000,0,COLE,COLE
COLE - 16-3-8,6,1.0000000000,33.0000000000,33.0000000000,0,COLE,COLE
COLE - 16-3-9,6,1.0000000000,38.0000000000,38.0000000000,0,COLE,COLE
COLE - 16-410,6,1.0000000000,69.0000000000,69.0000000000,0,COLE,COLE
COLE - 16-411,6,1.0000000000,67.0000000000,67.0000000000,0,COLE,COLE
COLE - 16-512,6,1.0000000000,57.0000000000,57.0000000000,0,COLE,COLE
COLE - 16-513,6,1.0000000000,36.0000000000,36.0000000000,0,COLE,COLE
COLE - 16-514,6,1.0000000000,18.0000000000,18.0000000000,0,COLE,COLE
COOPER - 000002,21,1.0000000000,116.0000000000,116.0000000000,0,COOPER,COOPER
COOPER - 000004,21,1.0000000000,214.0000000000,214.0000000000,0,COOPER,COOPER
COOPER - 000005,21,1.0000000000,165.0000000000,165.0000000000,0,COOPER,COOPER
COOPER - 000006,21,1.0000000000,112.0000000000,112.0000000000,0,COOPER,COOPER
COOPER - 000007,21,1.0000000000,91.0000000000,91.0000000000,0,COOPER,COOPER
COOPER - 000008,21,1.0000000000,213.0000000000,213.0000000000,0,COOPER,COOPER
COOPER - 000009,21,1.0000000000,17.0000000000,17.0000000000,0,COOPER,COOPER
COOPER - 000010,21,1.0000000000,55.0000000000,55.0000000000,0,COOPER,COOPER
COOPER - 000011,21,1.0000000000,77.0000000000,77.0000000000,0,COOPER,COOPER
COOPER - 000012,21,1.0000000000,78.0000000000,78.0000000000,0,COOPER,COOPER
COOPER - 000013,21,1.0000000000,164.0000000000,164.0000000000,0,COOPER,COOPER
CRAWFORD - 000002,3,1.0000000000,196.0000000000,196.0000000000,0,CRAWFORD,CRAWFORD
CRAWFORD - 000003,3,1.0000000000,129.0000000000,129.0000000000,0,CRAWFORD,CRAWFORD
CRAWFORD - 000004,3,1.0000000000,37.0000000000,37.0000000000,0,CRAWFORD,CRAWFORD
CRAWFORD - 000005,3,1.0000000000,205.0000000000,205.0000000000,0,CRAWFORD,CRAWFORD
CRAWFORD - 000006,3,1.0000000000,50.0000000000,50.0000000000,0,CRAWFORD,CRAWFORD
CRAWFORD - 000007,3,1.0000000000,50.0000000000,50.0000000000,0,CRAWFORD,CRAWFORD
CRAWFORD - 000008,3,1.0000000000,76.0000000000,76.0000000000,0,CRAWFORD,CRAWFORD
CRAWFORD - 000009,3,1.0000000000,56.0000000000,56.0000000000,0,CRAWFORD,CRAWFORD
CRAWFORD - 000010,3,1.0000000000,43.0000000000,43.0000000000,0,CRAWFORD,CRAWFORD
CRAWFORD - 000011,3,1.0000000000,39.0000000000,39.0000000000,0,CRAWFORD,CRAWFORD
CRAWFORD - 000012,3,1.0000000000,31.0000000000,31.0000000000,0,CRAWFORD,CRAWFORD
CRAWFORD - 000013,3,1.0000000000,54.0000000000,54.0000000000,0,CRAWFORD,CRAWFORD
CRAWFORD - 000014,3,1.0000000000,70.0000000000,70.0000000000,0,CRAWFORD,CRAWFORD
CRAWFORD - 000015,3,1.0000000000,22.0000000000,22.0000000000,0,CRAWFORD,CRAWFORD
CRAWFORD - 000016,3,1.0000000000,125.0000000000,125.0000000000,0,CRAWFORD,CRAWFORD
CRAWFORD - 000017,3,1.0000000000,68.0000000000,68.0000000000,0,CRAWFORD,CRAWFORD
CRAWFORD - 000018,3,1.0000000000,77.0000000000,77.0000000000,0,CRAWFORD,CRAWFORD
CRAWFORD - 000019,3,1.0000000000,57.0000000000,57.0000000000,0,CRAWFORD,CRAWFORD
DADE - 003243,20,1.0000000000,188.0000000000,188.0000000000,0,DADE,DADE
DADE - 003244,20,1.0000000000,153.0000000000,153.0000000000,0,DADE,DADE
DADE - 003246,20,1.0000000000,222.0000000000,222.0000000000,0,DADE,DADE
DADE - 003263,20,1.0000000000,295.0000000000,295.0000000000,0,DADE,DADE
DADE - 003289,20,1.0000000000,233.0000000000,233.0000000000,0,DADE,DADE
DADE - 003294,20,1.0000000000,143.0000000000,143.0000000000,0,DADE,DADE
DADE - 003300,20,1.0000000000,263.0000000000,263.0000000000,0,DADE,DADE
DADE - 003330,20,1.0000000000,228.0000000000,228.0000000000,0,DADE,DADE
DALLAS - 000002,28,1.0000000000,74.0000000000,74.0000000000,0,DALLAS,DALLAS
DALLAS - 000003,28,1.0000000000,56.0000000000,56.0000000000,0,DALLAS,DALLAS
DALLAS - 000004,28,1.0000000000,77.0000000000,77.0000000000,0,DALLAS,DALLAS
DALLAS - 000005,28,1.0000000000,86.0000000000,86.0000000000,0,DALLAS,DALLAS
DALLAS - 000006,28,1.0000000000,61.0000000000,61.0000000000,0,DALLAS,DALLAS
DALLAS - 000007,28,1.0000000000,212.0000000000,212.0000000000,0,DALLAS,DALLAS
DALLAS - 000008,28,1.0000000000,97.0000000000,97.0000000000,0,DALLAS,DALLAS
DALLAS - 000009,28,1.0000000000,87.0000000000,87.0000000000,0,DALLAS,DALLAS
DALLAS - 000010,28,1.0000000000,98.0000000000,98.0000000000,0,DALLAS,DALLAS
DALLAS - 000011,28,1.0000000000,77.0000000000,77.0000000000,0,DALLAS,DALLAS
DALLAS - 000012,28,1.0000000000,77.0000000000,77.0000000000,0,DALLAS,DALLAS
DAVIESS - 000002,12,1.0000000000,273.0000000000,273.0000000000,0,DAVIESS,DAVIESS
DAVIESS - 000008,12,1.0000000000,264.0000000000,264.0000000000,0,DAVIESS,DAVIESS
DAVIESS - 000009,12,1.0000000000,283.0000000000,283.0000000000,0,DAVIESS,DAVIESS
DAVIESS - 000012,12,1.0000000000,454.0000000000,454.0000000000,0,DAVIESS,DAVIESS
DAVIESS - 000016,12,1.0000000000,279.0000000000,279.0000000000,0,DAVIESS,DAVIESS
DAVIESS - 16-017,12,1.0000000000,388.0000000000,388.0000000000,0,DAVIESS,DAVIESS
DEKALB - 000002,12,1.0000000000,254.0000000000,254.0000000000,0,DEKALB,DEKALB
DEKALB - 000003,12,1.0000000000,132.0000000000,132.0000000000,0,DEKALB,DEKALB
DEKALB - 000004,12,1.0000000000,175.0000000000,175.0000000000,0,DEKALB,DEKALB
DEKALB - 000005,12,1.0000000000,172.0000000000,172.0000000000,0,DEKALB,DEKALB
DEKALB - 000006,12,1.0000000000,187.0000000000,187.0000000000,0,DEKALB,DEKALB
DEKALB - 000007,12,1.0000000000,102.0000000000,102.0000000000,0,DEKALB,DEKALB
DEKALB - 000008,12,1.0000000000,187.0000000000,187.0000000000,0,DEKALB,DEKALB
DEKALB - 000009,12,1.0000000000,165.0000000000,165.0000000000,0,DEKALB,DEKALB
DEKALB - 000010,12,1.0000000000,223.0000000000,223.0000000000,0,DEKALB,DEKALB
DEKALB - 000011,12,1.0000000000,221.0000000000,221.0000000000,0,DEKALB,DEKALB
DEKALB - 000012,12,1.0000000000,260.0000000000,260.0000000000,0,DEKALB,DEKALB
DENT - 000002,16,1.0000000000,59.0000000000,59.0000000000,0,DENT,DENT
DENT - 000003,16,1.0000000000,94.0000000000,94.0000000000,0,DENT,DENT
DENT - 000004,16,1.0000000000,78.0000000000,78.0000000000,0,DENT,DENT
DENT - 000005,16,1.0000000000,100.0000000000,100.0000000000,0,DENT,DENT
DENT - 000006,16,1.0000000000,245.0000000000,245.0000000000,0,DENT,DENT
DENT - 000007,16,1.0000000000,228.0000000000,228.0000000000,0,DENT,DENT
DENT - 000008,16,1.0000000000,264.0000000000,264.0000000000,0,DENT,DENT
DOUGLAS - 000002,33,1.0000000000,51.0000000000,51.0000000000,0,DOUGLAS,DOUGLAS
DOUGLAS - 000003,33,1.0000000000,57.0000000000,57.0000000000,0,DOUGLAS,DOUGLAS
DOUGLAS - 000004,33,1.0000000000,56.0000000000,56.0000000000,0,DOUGLAS,DOUGLAS
DOUGLAS - 000005,33,1.0000000000,33.0000000000,33.0000000000,0,DOUGLAS,DOUGLAS
DOUGLAS - 000006,33,1.0000000000,51.0000000000,51.0000000000,0,DOUGLAS,DOUGLAS
DOUGLAS - 000007,33,1.0000000000,79.0000000000,79.0000000000,0,DOUGLAS,DOUGLAS
DOUGLAS - 000008,33,1.0000000000,44.0000000000,44.0000000000,0,DOUGLAS,DOUGLAS
DOUGLAS - 000009,33,1.0000000000,52.0000000000,52.0000000000,0,DOUGLAS,DOUGLAS
DOUGLAS - 000010,33,1.0000000000,54.0000000000,54.0000000000,0,DOUGLAS,DOUGLAS
DOUGLAS - 000011,33,1.0000000000,65.0000000000,65.0000000000,0,DOUGLAS,DOUGLAS
DOUGLAS - 000012,33,1.0000000000,111.0000000000,111.0000000000,0,DOUGLAS,DOUGLAS
DOUGLAS - 000013,33,1.0000000000,69.0000000000,69.0000000000,0,DOUGLAS,DOUGLAS
DOUGLAS - 000014,33,1.0000000000,29.0000000000,29.0000000000,0,DOUGLAS,DOUGLAS
DOUGLAS - 000015,33,1.0000000000,50.0000000000,50.0000000000,0,DOUGLAS,DOUGLAS
DOUGLAS - 000016,33,1.0000000000,54.0000000000,54.0000000000,0,DOUGLAS,DOUGLAS
DOUGLAS - 000017,33,1.0000000000,87.0000000000,87.0000000000,0,DOUGLAS,DOUGLAS
DOUGLAS - 000018,33,1.0000000000,33.0000000000,33.0000000000,0,DOUGLAS,DOUGLAS
DOUGLAS - 000019,33,1.0000000000,144.0000000000,144.0000000000,0,DOUGLAS,DOUGLAS
DOUGLAS - 000020,33,1.0000000000,90.0000000000,90.0000000000,0,DOUGLAS,DOUGLAS
DOUGLAS - 000021,33,1.0000000000,45.0000000000,45.0000000000,0,DOUGLAS,DOUGLAS
DOUGLAS - 000022,33,1.0000000000,44.0000000000,44.0000000000,0,DOUGLAS,DOUGLAS
DOUGLAS - 000023,33,1.0000000000,45.0000000000,45.0000000000,0,DOUGLAS,DOUGLAS
DOUGLAS - 000024,33,1.0000000000,36.0000000000,36.0000000000,0,DOUGLAS,DOUGLAS
DOUGLAS - 000025,33,1.0000000000,54.0000000000,54.0000000000,0,DOUGLAS,DOUGLAS
DUNKLIN - 000002,25,1.0000000000,63.0000000000,63.0000000000,0,DUNKLIN,DUNKLIN
DUNKLIN - 000003,25,1.0000000000,123.0000000000,123.0000000000,0,DUNKLIN,DUNKLIN
DUNKLIN - 000004,25,1.0000000000,186.0000000000,186.0000000000,0,DUNKLIN,DUNKLIN
DUNKLIN - 000005,25,1.0000000000,160.0000000000,160.0000000000,0,DUNKLIN,DUNKLIN
DUNKLIN - 000006,25,1.0000000000,53.0000000000,53.0000000000,0,DUNKLIN,DUNKLIN
DUNKLIN - 000007,25,1.0000000000,126.0000000000,126.0000000000,0,DUNKLIN,DUNKLIN
DUNKLIN - 000008,25,1.0000000000,67.0000000000,67.0000000000,0,DUNKLIN,DUNKLIN
DUNKLIN - 000009,25,1.0000000000,170.0000000000,170.0000000000,0,DUNKLIN,DUNKLIN
DUNKLIN - 000010,25,1.0000000000,107.0000000000,107.0000000000,0,DUNKLIN,DUNKLIN
DUNKLIN - 000011,25,1.0000000000,312.0000000000,312.0000000000,0,DUNKLIN,DUNKLIN
DUNKLIN - 000012,25,1.0000000000,101.0000000000,101.0000000000,0,DUNKLIN,DUNKLIN
DUNKLIN - 000013,25,1.0000000000,67.0000000000,67.0000000000,0,DUNKLIN,DUNKLIN
DUNKLIN - 000014,25,1.0000000000,104.0000000000,104.0000000000,0,DUNKLIN,DUNKLIN
DUNKLIN - 000015,25,1.0000000000,104.0000000000,104.0000000000,0,DUNKLIN,DUNKLIN
DUNKLIN - 000016,25,1.0000000000,75.0000000000,75.0000000000,0,DUNKLIN,DUNKLIN
DUNKLIN - 000017,25,1.0000000000,219.0000000000,219.0000000000,0,DUNKLIN,DUNKLIN
DUNKLIN - 000018,25,1.0000000000,120.0000000000,120.0000000000,0,DUNKLIN,DUNKLIN
DUNKLIN - 000019,25,1.0000000000,111.0000000000,111.0000000000,0,DUNKLIN,DUNKLIN
DUNKLIN - 000020,25,1.0000000000,93.0000000000,93.0000000000,0,DUNKLIN,DUNKLIN
DUNKLIN - 000021,25,1.0000000000,186.0000000000,186.0000000000,0,DUNKLIN,DUNKLIN
DUNKLIN - 000022,25,1.0000000000,44.0000000000,44.0000000000,0,DUNKLIN,DUNKLIN
FRANKLIN - 000002,26,1.0000000000,76.0000000000,76.0000000000,0,FRANKLIN,FRANKLIN
FRANKLIN - 000003,26,1.0000000000,21.0000000000,21.0000000000,0,FRANKLIN,FRANKLIN
FRANKLIN - 000004,26,1.0000000000,61.0000000000,61.0000000000,0,FRANKLIN,FRANKLIN
FRANKLIN - 000005,26,1.0000000000,12.0000000000,12.0000000000,0,FRANKLIN,FRANKLIN
FRANKLIN - 000006,26,1.0000000000,11.0000000000,11.0000000000,0,FRANKLIN,FRANKLIN
FRANKLIN - 000007,26,1.0000000000,80.0000000000,80.0000000000,0,FRANKLIN,FRANKLIN
FRANKLIN - 000008,26,1.0000000000,14.0000000000,14.0000000000,0,FRANKLIN,FRANKLIN
FRANKLIN - 000009,26,1.0000000000,22.0000000000,22.0000000000,0,FRANKLIN,FRANKLIN
FRANKLIN - 000010,26,1.0000000000,44.0000000000,44.0000000000,0,FRANKLIN,FRANKLIN
FRANKLIN - 000011,26,1.0000000000,45.0000000000,45.0000000000,0,FRANKLIN,FRANKLIN
FRANKLIN - 000012,26,1.0000000000,67.0000000000,67.0000000000,0,FRANKLIN,FRANKLIN
FRANKLIN - 000013,26,1.0000000000,39.0000000000,39.0000000000,0,FRANKLIN,FRANKLIN
FRANKLIN - 000014,26,1.0000000000,38.0000000000,38.0000000000,0,FRANKLIN,FRANKLIN
FRANKLIN - 000015,26,1.0000000000,51.0000000000,51.0000000000,0,FRANKLIN,FRANKLIN
FRANKLIN - 000016,26,1.0000000000,34.0000000000,34.0000000000,0,FRANKLIN,FRANKLIN
FRANKLIN - 000017,26,1.0000000000,41.0000000000,41.0000000000,0,FRANKLIN,FRANKLIN
FRANKLIN - 000018,26,1.0000000000,47.0000000000,47.0000000000,0,FRANKLIN,FRANKLIN
FRANKLIN - 000019,26,1.0000000000,93.0000000000,93.0000000000,0,FRANKLIN,FRANKLIN
FRANKLIN - 000020,26,1.0000000000,43.0000000000,43.0000000000,0,FRANKLIN,FRANKLIN
FRANKLIN - 000021,26,1.0000000000,66.0000000000,66.0000000000,0,FRANKLIN,FRANKLIN
FRANKLIN - 000022,26,1.0000000000,55.0000000000,55.0000000000,0,FRANKLIN,FRANKLIN
FRANKLIN - 000023,26,1.0000000000,56.0000000000,56.0000000000,0,FRANKLIN,FRANKLIN
FRANKLIN - 000024,26,1.0000000000,74.0000000000,74.0000000000,0,FRANKLIN,FRANKLIN
FRANKLIN - 000025,26,1.0000000000,59.0000000000,59.0000000000,0,FRANKLIN,FRANKLIN
FRANKLIN - 000026,26,1.0000000000,20.0000000000,20.0000000000,0,FRANKLIN,FRANKLIN
FRANKLIN - 000027,26,1.0000000000,88.0000000000,88.0000000000,0,FRANKLIN,FRANKLIN
FRANKLIN - 000028,26,1.0000000000,62.0000000000,62.0000000000,0,FRANKLIN,FRANKLIN
FRANKLIN - 000029,26,1.0000000000,8.0000000000,8.0000000000,0,FRANKLIN,FRANKLIN
FRANKLIN - 000030,26,1.0000000000,20.0000000000,20.0000000000,0,FRANKLIN,FRANKLIN
FRANKLIN - 000031,26,1.0000000000,37.0000000000,37.0000000000,0,FRANKLIN,FRANKLIN
FRANKLIN - 000032,26,1.0000000000,28.0000000000,28.0000000000,0,FRANKLIN,FRANKLIN
FRANKLIN - 000033,26,1.0000000000,72.0000000000,72.0000000000,0,FRANKLIN,FRANKLIN
FRANKLIN - 000034,26,1.0000000000,74.0000000000,74.0000000000,0,FRANKLIN,FRANKLIN
FRANKLIN - 000035,26,1.0000000000,87.0000000000,87.0000000000,0,FRANKLIN,FRANKLIN
FRANKLIN - 000036,26,1.0000000000,66.0000000000,66.0000000000,0,FRANKLIN,FRANKLIN
FRANKLIN - 000037,26,1.0000000000,18.0000000000,18.0000000000,0,FRANKLIN,FRANKLIN
FRANKLIN - 000038,26,1.0000000000,18.0000000000,18.0000000000,0,FRANKLIN,FRANKLIN
FRANKLIN - 000039,26,1.0000000000,84.0000000000,84.0000000000,0,FRANKLIN,FRANKLIN
FRANKLIN - 000040,26,1.0000000000,78.0000000000,78.0000000000,0,FRANKLIN,FRANKLIN
FRANKLIN - 000041,26,1.0000000000,67.0000000000,67.0000000000,0,FRANKLIN,FRANKLIN
FRANKLIN - 000042,26,1.0000000000,23.0000000000,23.0000000000,0,FRANKLIN,FRANKLIN
FRANKLIN - 000043,26,1.0000000000,60.0000000000,60.0000000000,0,FRANKLIN,FRANKLIN
FRANKLIN - 000044,26,1.0000000000,149.0000000000,149.0000000000,0,FRANKLIN,FRANKLIN
FRANKLIN - 000045,26,1.0000000000,83.0000000000,83.0000000000,0,FRANKLIN,FRANKLIN
FRANKLIN - 000046,26,1.0000000000,69.0000000000,69.0000000000,0,FRANKLIN,FRANKLIN
FRANKLIN - 000047,26,1.0000000000,71.0000000000,71.0000000000,0,FRANKLIN,FRANKLIN
FRANKLIN - 000048,26,1.0000000000,79.0000000000,79.0000000000,0,FRANKLIN,FRANKLIN
FRANKLIN - 000049,26,1.0000000000,82.0000000000,82.0000000000,0,FRANKLIN,FRANKLIN
FRANKLIN - 000050,26,1.0000000000,67.0000000000,67.0000000000,0,FRANKLIN,FRANKLIN
FRANKLIN - 000051,26,1.0000000000,44.0000000000,44.0000000000,0,FRANKLIN,FRANKLIN
FRANKLIN - 000052,26,1.0000000000,48.0000000000,48.0000000000,0,FRANKLIN,FRANKLIN
FRANKLIN - 000053,26,1.0000000000,85.0000000000,85.0000000000,0,FRANKLIN,FRANKLIN
FRANKLIN - 000054,26,1.0000000000,47.0000000000,47.0000000000,0,FRANKLIN,FRANKLIN
FRANKLIN - 000055,26,1.0000000000,87.0000000000,87.0000000000,0,FRANKLIN,FRANKLIN
FRANKLIN - 000056,26,1.0000000000,53.0000000000,53.0000000000,0,FRANKLIN,FRANKLIN
FRANKLIN - 000057,26,1.0000000000,89.0000000000,89.0000000000,0,FRANKLIN,FRANKLIN
FRANKLIN - 000058,26,1.0000000000,125.0000000000,125.0000000000,0,FRANKLIN,FRANKLIN
FRANKLIN - 000059,26,1.0000000000,56.0000000000,56.0000000000,0,FRANKLIN,FRANKLIN
FRANKLIN - 000060,26,1.0000000000,58.0000000000,58.0000000000,0,FRANKLIN,FRANKLIN
FRANKLIN - 000061,26,1.0000000000,105.0000000000,105.0000000000,0,FRANKLIN,FRANKLIN
FRANKLIN - 000062,26,1.0000000000,42.0000000000,42.0000000000,0,FRANKLIN,FRANKLIN
FRANKLIN - 000063,26,1.0000000000,20.0000000000,20.0000000000,0,FRANKLIN,FRANKLIN
FRANKLIN - 16-064,26,1.0000000000,3.0000000000,3.0000000000,0,FRANKLIN,FRANKLIN
GASCONADE - 000002,26,1.0000000000,73.0000000000,73.0000000000,0,GASCONADE,GASCONADE
GASCONADE - 000003,26,1.0000000000,83.0000000000,83.0000000000,0,GASCONADE,GASCONADE
GASCONADE - 000004,26,1.0000000000,57.0000000000,57.0000000000,0,GASCONADE,GASCONADE
GASCONADE - 000005,26,1.0000000000,28.0000000000,28.0000000000,0,GASCONADE,GASCONADE
GASCONADE - 000006,26,1.0000000000,156.0000000000,156.0000000000,0,GASCONADE,GASCONADE
GASCONADE - 000007,26,1.0000000000,56.0000000000,56.0000000000,0,GASCONADE,GASCONADE
GASCONADE - 000008,26,1.0000000000,89.0000000000,89.0000000000,0,GASCONADE,GASCONADE
GASCONADE - 000009,26,1.0000000000,40.0000000000,40.0000000000,0,GASCONADE,GASCONADE
GASCONADE - 000010,26,1.0000000000,67.0000000000,67.0000000000,0,GASCONADE,GASCONADE
GASCONADE - 000011,26,1.0000000000,71.0000000000,71.0000000000,0,GASCONADE,GASCONADE
GASCONADE - 000012,26,1.0000000000,125.0000000000,125.0000000000,0,GASCONADE,GASCONADE
GASCONADE - 000013,26,1.0000000000,47.0000000000,47.0000000000,0,GASCONADE,GASCONADE
GASCONADE - 000014,26,1.0000000000,70.0000000000,70.0000000000,0,GASCONADE,GASCONADE
GASCONADE - 000015,26,1.0000000000,54.0000000000,54.0000000000,0,GASCONADE,GASCONADE
GASCONADE - 000016,26,1.0000000000,96.0000000000,96.0000000000,0,GASCONADE,GASCONADE
GASCONADE - 000017,26,1.0000000000,55.0000000000,55.0000000000,0,GASCONADE,GASCONADE
GENTRY - 000002,12,1.0000000000,156.0000000000,156.0000000000,0,GENTRY,GENTRY
GENTRY - 000003,12,1.0000000000,72.0000000000,72.0000000000,0,GENTRY,GENTRY
GENTRY - 000004,12,1.0000000000,71.0000000000,71.0000000000,0,GENTRY,GENTRY
GENTRY - 000005,12,1.0000000000,72.0000000000,72.0000000000,0,GENTRY,GENTRY
GENTRY - 000006,12,1.0000000000,120.0000000000,120.0000000000,0,GENTRY,GENTRY
GENTRY - 000007,12,1.0000000000,46.0000000000,46.0000000000,0,GENTRY,GENTRY
GENTRY - 000008,12,1.0000000000,32.0000000000,32.0000000000,0,GENTRY,GENTRY
GENTRY - 000009,12,1.0000000000,40.0000000000,40.0000000000,0,GENTRY,GENTRY
GENTRY - 000010,12,1.0000000000,87.0000000000,87.0000000000,0,GENTRY,GENTRY
GENTRY - 000011,12,1.0000000000,127.0000000000,127.0000000000,0,GENTRY,GENTRY
GENTRY - 000012,12,1.0000000000,77.0000000000,77.0000000000,0,GENTRY,GENTRY
GENTRY - 000013,12,1.0000000000,78.0000000000,78.0000000000,0,GENTRY,GENTRY
GENTRY - 000014,12,1.0000000000,38.0000000000,38.0000000000,0,GENTRY,GENTRY
GREENE - 000002,30,1.0000000000,51.0000000000,51.0000000000,0,GREENE,GREENE
GREENE - 000003,30,1.0000000000,50.0000000000,50.0000000000,0,GREENE,GREENE
GREENE - 000004,30,1.0000000000,50.0000000000,50.0000000000,0,GREENE,GREENE
GREENE - 000005,30,1.0000000000,129.0000000000,129.0000000000,0,GREENE,GREENE
GREENE - 000006,30,1.0000000000,50.0000000000,50.0000000000,0,GREENE,GREENE
GREENE - 000007,30,1.0000000000,70.0000000000,70.0000000000,0,GREENE,GREENE
GREENE - 000008,30,1.0000000000,17.0000000000,17.0000000000,0,GREENE,GREENE
GREENE - 000009,30,1.0000000000,27.0000000000,27.0000000000,0,GREENE,GREENE
GREENE - 000010,30,1.0000000000,39.0000000000,39.0000000000,0,GREENE,GREENE
GREENE - 000011,20,1.0000000000,76.0000000000,76.0000000000,0,GREENE,GREENE
GREENE - 000012,20,0.8695652174,60.0000000000,69.0000000000,0,GREENE,GREENE
GREENE - 000012,30,0.1304347826,9.0000000000,69.0000000000,0,GREENE,GREENE
GREENE - 000013,20,0.9444444444,136.0000000000,144.0000000000,0,GREENE,GREENE
GREENE - 000013,30,0.0555555556,8.0000000000,144.0000000000,0,GREENE,GREENE
GREENE - 000014,20,1.0000000000,84.0000000000,84.0000000000,0,GREENE,GREENE
GREENE - 000015,20,1.0000000000,137.0000000000,137.0000000000,0,GREENE,GREENE
GREENE - 000016,20,0.8210526316,78.0000000000,95.0000000000,0,GREENE,GREENE
GREENE - 000016,30,0.1789473684,17.0000000000,95.0000000000,0,GREENE,GREENE
GREENE - 000017,20,1.0000000000,51.0000000000,51.0000000000,0,GREENE,GREENE
GREENE - 000018,20,1.0000000000,52.0000000000,52.0000000000,0,GREENE,GREENE
GREENE - 000019,30,1.0000000000,107.0000000000,107.0000000000,0,GREENE,GREENE
GREENE - 000020,30,1.0000000000,60.0000000000,60.0000000000,0,GREENE,GREENE
GREENE - 000021,30,1.0000000000,46.0000000000,46.0000000000,0,GREENE,GREENE
GREENE - 000022,30,1.0000000000,61.0000000000,61.0000000000,0,GREENE,GREENE
GREENE - 000023,30,1.0000000000,87.0000000000,87.0000000000,0,GREENE,GREENE
GREENE - 000024,30,1.0000000000,47.0000000000,47.0000000000,0,GREENE,GREENE
GREENE - 000025,30,1.0000000000,43.0000000000,43.0000000000,0,GREENE,GREENE
GREENE - 000026,30,1.0000000000,32.0000000000,32.0000000000,0,GREENE,GREENE
GREENE - 000027,30,1.0000000000,61.0000000000,61.0000000000,0,GREENE,GREENE
GREENE - 000028,30,1.0000000000,73.0000000000,73.0000000000,0,GREENE,GREENE
GREENE - 000029,20,0.0181818182,1.0000000000,55.0000000000,0,GREENE,GREENE
GREENE - 000029,30,0.9818181818,54.0000000000,55.0000000000,0,GREENE,GREENE
GREENE - 000030,20,0.0102040816,1.0000000000,98.0000000000,0,GREENE,GREENE
GREENE - 000030,30,0.9897959184,97.0000000000,98.0000000000,0,GREENE,GREENE
GREENE - 000031,30,1.0000000000,57.0000000000,57.0000000000,0,GREENE,GREENE
GREENE - 000032,30,1.0000000000,30.0000000000,30.0000000000,0,GREENE,GREENE
GREENE - 000033,30,1.0000000000,12.0000000000,12.0000000000,0,GREENE,GREENE
GREENE - 000034,30,1.0000000000,16.0000000000,16.0000000000,0,GREENE,GREENE
GREENE - 000035,20,1.0000000000,75.0000000000,75.0000000000,0,GREENE,GREENE
GREENE - 000036,20,0.7123287671,104.0000000000,146.0000000000,0,GREENE,GREENE
GREENE - 000036,30,0.2876712329,42.0000000000,146.0000000000,0,GREENE,GREENE
GREENE - 000037,20,0.6129032258,76.0000000000,124.0000000000,0,GREENE,GREENE
GREENE - 000037,30,0.3870967742,48.0000000000,124.0000000000,0,GREENE,GREENE
GREENE - 000038,20,0.0270270270,1.0000000000,37.0000000000,0,GREENE,GREENE
GREENE - 000038,30,0.9729729730,36.0000000000,37.0000000000,0,GREENE,GREENE
GREENE - 000039,20,0.0634920635,4.0000000000,63.0000000000,0,GREENE,GREENE
GREENE - 000039,30,0.9365079365,59.0000000000,63.0000000000,0,GREENE,GREENE
GREENE - 000040,20,1.0000000000,101.0000000000,101.0000000000,0,GREENE,GREENE
GREENE - 000041,20,1.0000000000,179.0000000000,179.0000000000,0,GREENE,GREENE
GREENE - 000042,20,0.9500000000,57.0000000000,60.0000000000,0,GREENE,GREENE
GREENE - 000042,30,0.0500000000,3.0000000000,60.0000000000,0,GREENE,GREENE
GREENE - 000043,20,1.0000000000,93.0000000000,93.0000000000,0,GREENE,GREENE
GREENE - 000044,30,1.0000000000,63.0000000000,63.0000000000,0,GREENE,GREENE
GREENE - 000045,30,1.0000000000,65.0000000000,65.0000000000,0,GREENE,GREENE
GREENE - 000046,30,1.0000000000,19.0000000000,19.0000000000,0,GREENE,GREENE
GREENE - 000047,30,1.0000000000,26.0000000000,26.0000000000,0,GREENE,GREENE
GREENE - 000048,30,1.0000000000,47.0000000000,47.0000000000,0,GREENE,GREENE
GREENE - 000049,30,1.0000000000,38.0000000000,38.0000000000,0,GREENE,GREENE
GREENE - 000050,30,1.0000000000,36.0000000000,36.0000000000,0,GREENE,GREENE
GREENE - 000051,30,1.0000000000,18.0000000000,18.0000000000,0,GREENE,GREENE
GREENE - 000052,30,1.0000000000,23.0000000000,23.0000000000,0,GREENE,GREENE
GREENE - 000053,30,1.0000000000,26.0000000000,26.0000000000,0,GREENE,GREENE
GREENE - 000054,30,1.0000000000,36.0000000000,36.0000000000,0,GREENE,GREENE
GREENE - 000055,30,1.0000000000,37.0000000000,37.0000000000,0,GREENE,GREENE
GREENE - 000056,30,1.0000000000,75.0000000000,75.0000000000,0,GREENE,GREENE
GREENE - 000057,30,1.0000000000,77.0000000000,77.0000000000,0,GREENE,GREENE
GREENE - 000058,30,1.0000000000,74.0000000000,74.0000000000,0,GREENE,GREENE
GREENE - 000059,30,1.0000000000,82.0000000000,82.0000000000,0,GREENE,GREENE
GREENE - 000060,30,1.0000000000,26.0000000000,26.0000000000,0,GREENE,GREENE
GREENE - 000061,30,1.0000000000,27.0000000000,27.0000000000,0,GREENE,GREENE
GREENE - 000062,30,1.0000000000,16.0000000000,16.0000000000,0,GREENE,GREENE
GREENE - 000063,30,1.0000000000,25.0000000000,25.0000000000,0,GREENE,GREENE
GREENE - 000064,30,1.0000000000,27.0000000000,27.0000000000,0,GREENE,GREENE
GREENE - 000065,30,1.0000000000,54.0000000000,54.0000000000,0,GREENE,GREENE
GREENE - 000066,30,1.0000000000,134.0000000000,134.0000000000,0,GREENE,GREENE
GREENE - 000067,30,1.0000000000,59.0000000000,59.0000000000,0,GREENE,GREENE
GREENE - 000068,30,1.0000000000,51.0000000000,51.0000000000,0,GREENE,GREENE
GREENE - 000069,30,1.0000000000,50.0000000000,50.0000000000,0,GREENE,GREENE
GREENE - 000070,20,1.0000000000,111.0000000000,111.0000000000,0,GREENE,GREENE
GREENE - 000071,20,0.8933333333,67.0000000000,75.0000000000,0,GREENE,GREENE
GREENE - 000071,30,0.1066666667,8.0000000000,75.0000000000,0,GREENE,GREENE
GREENE - 000072,20,0.3888888889,35.0000000000,90.0000000000,0,GREENE,GREENE
GREENE - 000072,30,0.6111111111,55.0000000000,90.0000000000,0,GREENE,GREENE
GREENE - 000073,30,1.0000000000,25.0000000000,25.0000000000,0,GREENE,GREENE
GREENE - 000074,30,1.0000000000,34.0000000000,34.0000000000,0,GREENE,GREENE
GREENE - 000075,30,1.0000000000,85.0000000000,85.0000000000,0,GREENE,GREENE
GREENE - 000076,30,1.0000000000,24.0000000000,24.0000000000,0,GREENE,GREENE
GREENE - 000077,20,0.0454545455,4.0000000000,88.0000000000,0,GREENE,GREENE
GREENE - 000077,30,0.9545454545,84.0000000000,88.0000000000,0,GREENE,GREENE
GREENE - 000078,20,0.0508474576,3.0000000000,59.0000000000,0,GREENE,GREENE
GREENE - 000078,30,0.9491525424,56.0000000000,59.0000000000,0,GREENE,GREENE
GREENE - 000079,30,1.0000000000,22.0000000000,22.0000000000,0,GREENE,GREENE
GREENE - 000080,30,1.0000000000,40.0000000000,40.0000000000,0,GREENE,GREENE
GREENE - 000081,30,1.0000000000,27.0000000000,27.0000000000,0,GREENE,GREENE
GREENE - 000082,30,1.0000000000,18.0000000000,18.0000000000,0,GREENE,GREENE
GREENE - 000083,30,1.0000000000,29.0000000000,29.0000000000,0,GREENE,GREENE
GREENE - 000084,30,1.0000000000,32.0000000000,32.0000000000,0,GREENE,GREENE
GREENE - 000085,30,1.0000000000,26.0000000000,26.0000000000,0,GREENE,GREENE
GREENE - 000086,30,1.0000000000,20.0000000000,20.0000000000,0,GREENE,GREENE
GREENE - 000087,30,1.0000000000,26.0000000000,26.0000000000,0,GREENE,GREENE
GREENE - 000088,30,1.0000000000,27.0000000000,27.0000000000,0,GREENE,GREENE
GREENE - 000089,30,1.0000000000,52.0000000000,52.0000000000,0,GREENE,GREENE
GREENE - 000090,30,1.0000000000,46.0000000000,46.0000000000,0,GREENE,GREENE
GREENE - 000091,30,1.0000000000,45.0000000000,45.0000000000,0,GREENE,GREENE
GREENE - 000092,30,1.0000000000,73.0000000000,73.0000000000,0,GREENE,GREENE
GREENE - 000093,30,1.0000000000,58.0000000000,58.0000000000,0,GREENE,GREENE
GREENE - 000094,30,1.0000000000,69.0000000000,69.0000000000,0,GREENE,GREENE
GREENE - 000095,30,1.0000000000,76.0000000000,76.0000000000,0,GREENE,GREENE
GREENE - 000096,20,1.0000000000,108.0000000000,108.0000000000,0,GREENE,GREENE
GREENE - 000097,20,0.9711538462,101.0000000000,104.0000000000,0,GREENE,GREENE
GREENE - 000097,30,0.0288461538,3.0000000000,104.0000000000,0,GREENE,GREENE
GREENE - 000098,20,0.9323671498,193.0000000000,207.0000000000,0,GREENE,GREENE
GREENE - 000098,30,0.0676328502,14.0000000000,207.0000000000,0,GREENE,GREENE
GREENE - 000099,20,1.0000000000,82.0000000000,82.0000000000,0,GREENE,GREENE
GREENE - 000100,20,0.1772151899,14.0000000000,79.0000000000,0,GREENE,GREENE
GREENE - 000100,30,0.8227848101,65.0000000000,79.0000000000,0,GREENE,GREENE
GREENE - 000101,20,0.9852941176,67.0000000000,68.0000000000,0,GREENE,GREENE
GREENE - 000101,30,0.0147058824,1.0000000000,68.0000000000,0,GREENE,GREENE
GREENE - 000102,20,0.7187500000,69.0000000000,96.0000000000,0,GREENE,GREENE
GREENE - 000102,30,0.2812500000,27.0000000000,96.0000000000,0,GREENE,GREENE
GREENE - 000103,20,0.0149253731,1.0000000000,67.0000000000,0,GREENE,GREENE
GREENE - 000103,30,0.9850746269,66.0000000000,67.0000000000,0,GREENE,GREENE
GREENE - 000104,20,1.0000000000,104.0000000000,104.0000000000,0,GREENE,GREENE
GREENE - 000105,20,1.0000000000,162.0000000000,162.0000000000,0,GREENE,GREENE
GREENE - 000106,20,1.0000000000,76.0000000000,76.0000000000,0,GREENE,GREENE
GREENE - 000107,20,1.0000000000,178.0000000000,178.0000000000,0,GREENE,GREENE
GREENE - 000108,20,1.0000000000,100.0000000000,100.0000000000,0,GREENE,GREENE
GREENE - 000109,20,1.0000000000,103.0000000000,103.0000000000,0,GREENE,GREENE
GREENE - 000110,20,1.0000000000,140.0000000000,140.0000000000,0,GREENE,GREENE
GREENE - 000111,20,1.0000000000,134.0000000000,134.0000000000,0,GREENE,GREENE
GREENE - 000112,20,0.7910447761,53.0000000000,67.0000000000,0,GREENE,GREENE
GREENE - 000112,30,0.2089552239,14.0000000000,67.0000000000,0,GREENE,GREENE
GREENE - 000113,20,0.9649122807,55.0000000000,57.0000000000,0,GREENE,GREENE
GREENE - 000113,30,0.0350877193,2.0000000000,57.0000000000,0,GREENE,GREENE
GREENE - 000114,20,0.9605263158,73.0000000000,76.0000000000,0,GREENE,GREENE
GREENE - 000114,30,0.0394736842,3.0000000000,76.0000000000,0,GREENE,GREENE
GRUNDY - 000002,12,1.0000000000,87.0000000000,87.0000000000,0,GRUNDY,GRUNDY
GRUNDY - 000003,12,1.0000000000,35.0000000000,35.0000000000,0,GRUNDY,GRUNDY
GRUNDY - 000004,12,1.0000000000,30.0000000000,30.0000000000,0,GRUNDY,GRUNDY
GRUNDY - 000005,12,1.0000000000,63.0000000000,63.0000000000,0,GRUNDY,GRUNDY
GRUNDY - 000006,12,1.0000000000,79.0000000000,79.0000000000,0,GRUNDY,GRUNDY
GRUNDY - 000007,12,1.0000000000,67.0000000000,67.0000000000,0,GRUNDY,GRUNDY
GRUNDY - 000008,12,1.0000000000,72.0000000000,72.0000000000,0,GRUNDY,GRUNDY
GRUNDY - 000009,12,1.0000000000,65.0000000000,65.0000000000,0,GRUNDY,GRUNDY
GRUNDY - 000010,12,1.0000000000,44.0000000000,44.0000000000,0,GRUNDY,GRUNDY
GRUNDY - 000011,12,1.0000000000,47.0000000000,47.0000000000,0,GRUNDY,GRUNDY
GRUNDY - 000012,12,1.0000000000,136.0000000000,136.0000000000,0,GRUNDY,GRUNDY
GRUNDY - 000013,12,1.0000000000,179.0000000000,179.0000000000,0,GRUNDY,GRUNDY
GRUNDY - 000014,12,1.0000000000,119.0000000000,119.0000000000,0,GRUNDY,GRUNDY
GRUNDY - 000015,12,1.0000000000,84.0000000000,84.0000000000,0,GRUNDY,GRUNDY
GRUNDY - 000016,12,1.0000000000,35.0000000000,35.0000000000,0,GRUNDY,GRUNDY
GRUNDY - 000017,12,1.0000000000,88.0000000000,88.0000000000,0,GRUNDY,GRUNDY
HARRISON - 000003,12,1.0000000000,423.0000000000,423.0000000000,0,HARRISON,HARRISON
HARRISON - 000004,12,1.0000000000,168.0000000000,168.0000000000,0,HARRISON,HARRISON
HARRISON - 000008,12,1.0000000000,189.0000000000,189.0000000000,0,HARRISON,HARRISON
HARRISON - 000009,12,1.0000000000,395.0000000000,395.0000000000,0,HARRISON,HARRISON
HARRISON - 000010,12,1.0000000000,175.0000000000,175.0000000000,0,HARRISON,HARRISON
HARRISON - 16-012,12,1.0000000000,513.0000000000,513.0000000000,0,HARRISON,HARRISON
HENRY - 000002,28,1.0000000000,152.0000000000,152.0000000000,0,HENRY,HENRY
HENRY - 000003,28,1.0000000000,616.0000000000,616.0000000000,0,HENRY,HENRY
HENRY - 000004,28,1.0000000000,329.0000000000,329.0000000000,0,HENRY,HENRY
HENRY - 000009,28,1.0000000000,139.0000000000,139.0000000000,0,HENRY,HENRY
HENRY - 000010,28,1.0000000000,45.0000000000,45.0000000000,0,HENRY,HENRY
HENRY - 000011,28,1.0000000000,82.0000000000,82.0000000000,0,HENRY,HENRY
HENRY - 000013,28,1.0000000000,183.0000000000,183.0000000000,0,HENRY,HENRY
HENRY - 000015,28,1.0000000000,182.0000000000,182.0000000000,0,HENRY,HENRY
HENRY - 16-020,28,1.0000000000,132.0000000000,132.0000000000,0,HENRY,HENRY
HICKORY - 000002,28,1.0000000000,55.0000000000,55.0000000000,0,HICKORY,HICKORY
HICKORY - 000003,28,1.0000000000,118.0000000000,118.0000000000,0,HICKORY,HICKORY
HICKORY - 000004,28,1.0000000000,97.0000000000,97.0000000000,0,HICKORY,HICKORY
HICKORY - 000005,28,1.0000000000,94.0000000000,94.0000000000,0,HICKORY,HICKORY
HICKORY - 000006,28,1.0000000000,129.0000000000,129.0000000000,0,HICKORY,HICKORY
HICKORY - 000007,28,1.0000000000,45.0000000000,45.0000000000,0,HICKORY,HICKORY
HICKORY - 000008,28,1.0000000000,58.0000000000,58.0000000000,0,HICKORY,HICKORY
HICKORY - 000009,28,1.0000000000,62.0000000000,62.0000000000,0,HICKORY,HICKORY
HICKORY - 000010,28,1.0000000000,131.0000000000,131.0000000000,0,HICKORY,HICKORY
HICKORY - 000011,28,1.0000000000,123.0000000000,123.0000000000,0,HICKORY,HICKORY
HOLT - 000002,12,1.0000000000,253.0000000000,253.0000000000,0,HOLT,HOLT
HOLT - 000003,12,1.0000000000,99.0000000000,99.0000000000,0,HOLT,HOLT
HOLT - 000004,12,1.0000000000,182.0000000000,182.0000000000,0,HOLT,HOLT
HOLT - 000005,12,1.0000000000,282.0000000000,282.0000000000,0,HOLT,HOLT
HOLT - 000006,12,1.0000000000,78.0000000000,78.0000000000,0,HOLT,HOLT
HOLT - 000007,12,1.0000000000,132.0000000000,132.0000000000,0,HOLT,HOLT
HOWARD - 000002,21,1.0000000000,139.0000000000,139.0000000000,0,HOWARD,HOWARD
HOWARD - 000003,21,1.0000000000,322.0000000000,322.0000000000,0,HOWARD,HOWARD
HOWARD - 000004,21,1.0000000000,85.0000000000,85.0000000000,0,HOWARD,HOWARD
HOWARD - 000005,21,1.0000000000,161.0000000000,161.0000000000,0,HOWARD,HOWARD
HOWARD - 000006,21,1.0000000000,180.0000000000,180.0000000000,0,HOWARD,HOWARD
HOWARD - 000007,21,1.0000000000,110.0000000000,110.0000000000,0,HOWARD,HOWARD
HOWARD - 000008,21,1.0000000000,210.0000000000,210.0000000000,0,HOWARD,HOWARD
HOWARD - 000009,21,1.0000000000,173.0000000000,173.0000000000,0,HOWARD,HOWARD
HOWELL - 000002,33,1.0000000000,107.0000000000,107.0000000000,0,HOWELL,HOWELL
HOWELL - 000003,33,1.0000000000,296.0000000000,296.0000000000,0,HOWELL,HOWELL
HOWELL - 000004,33,1.0000000000,120.0000000000,120.0000000000,0,HOWELL,HOWELL
HOWELL - 000005,33,1.0000000000,80.0000000000,80.0000000000,0,HOWELL,HOWELL
HOWELL - 000006,33,1.0000000000,104.0000000000,104.0000000000,0,HOWELL,HOWELL
HOWELL - 000007,33,1.0000000000,52.0000000000,52.0000000000,0,HOWELL,HOWELL
HOWELL - 000008,33,1.0000000000,48.0000000000,48.0000000000,0,HOWELL,HOWELL
HOWELL - 000009,33,1.0000000000,108.0000000000,108.0000000000,0,HOWELL,HOWELL
HOWELL - 000010,33,1.0000000000,80.0000000000,80.0000000000,0,HOWELL,HOWELL
HOWELL - 000011,33,1.0000000000,107.0000000000,107.0000000000,0,HOWELL,HOWELL
HOWELL - 000012,33,1.0000000000,129.0000000000,129.0000000000,0,HOWELL,HOWELL
HOWELL - 000013,33,1.0000000000,139.0000000000,139.0000000000,0,HOWELL,HOWELL
HOWELL - 000014,33,1.0000000000,193.0000000000,193.0000000000,0,HOWELL,HOWELL
HOWELL - 000015,33,1.0000000000,109.0000000000,109.0000000000,0,HOWELL,HOWELL
HOWELL - 000016,33,1.0000000000,32.0000000000,32.0000000000,0,HOWELL,HOWELL
HOWELL - 000017,33,1.0000000000,142.0000000000,142.0000000000,0,HOWELL,HOWELL
HOWELL - 000018,33,1.0000000000,181.0000000000,181.0000000000,0,HOWELL,HOWELL
HOWELL - 000019,33,1.0000000000,164.0000000000,164.0000000000,0,HOWELL,HOWELL
HOWELL - 000020,33,1.0000000000,163.0000000000,163.0000000000,0,HOWELL,HOWELL
HOWELL - 000021,33,1.0000000000,142.0000000000,142.0000000000,0,HOWELL,HOWELL
HOWELL - 012-22,33,1.0000000000,12.0000000000,12.0000000000,0,HOWELL,HOWELL
IRON - 000002,27,1.0000000000,116.0000000000,116.0000000000,0,IRON,IRON
IRON - 000003,27,1.0000000000,60.0000000000,60.0000000000,0,IRON,IRON
IRON - 000004,27,1.0000000000,146.0000000000,146.0000000000,0,IRON,IRON
IRON - 000005,27,1.0000000000,23.0000000000,23.0000000000,0,IRON,IRON
IRON - 000006,27,1.0000000000,134.0000000000,134.0000000000,0,IRON,IRON
IRON - 000007,27,1.0000000000,124.0000000000,124.0000000000,0,IRON,IRON
IRON - 000008,27,1.0000000000,64.0000000000,64.0000000000,0,IRON,IRON
IRON - 000009,27,1.0000000000,52.0000000000,52.0000000000,0,IRON,IRON
IRON - 000010,27,1.0000000000,89.0000000000,89.0000000000,0,IRON,IRON
JACKSON - 000002,11,1.0000000000,82.0000000000,82.0000000000,0,JACKSON,JACKSON|KANSAS CITY
JACKSON - 000003,11,1.0000000000,71.0000000000,71.0000000000,0,JACKSON,JACKSON|KANSAS CITY
JACKSON - 000006,11,1.0000000000,13.0000000000,13.0000000000,0,JACKSON,JACKSON|KANSAS CITY
JACKSON - 000007,11,1.0000000000,17.0000000000,17.0000000000,0,JACKSON,JACKSON|KANSAS CITY
JACKSON - 000008,11,1.0000000000,20.0000000000,20.0000000000,0,JACKSON,JACKSON|KANSAS CITY
JACKSON - 000010,11,1.0000000000,34.0000000000,34.0000000000,0,JACKSON,JACKSON|KANSAS CITY
JACKSON - 000015,11,1.0000000000,30.0000000000,30.0000000000,0,JACKSON,JACKSON|KANSAS CITY
JACKSON - 000016,11,1.0000000000,47.0000000000,47.0000000000,0,JACKSON,JACKSON|KANSAS CITY
JACKSON - 000017,11,1.0000000000,22.0000000000,22.0000000000,0,JACKSON,JACKSON|KANSAS CITY
JACKSON - 000019,11,1.0000000000,32.0000000000,32.0000000000,0,JACKSON,JACKSON|KANSAS CITY
JACKSON - 000020,11,1.0000000000,25.0000000000,25.0000000000,0,JACKSON,JACKSON|KANSAS CITY
JACKSON - 000022,11,1.0000000000,53.0000000000,53.0000000000,0,JACKSON,JACKSON|KANSAS CITY
JACKSON - 000023,11,1.0000000000,21.0000000000,21.0000000000,0,JACKSON,JACKSON|KANSAS CITY
JACKSON - 000024,11,1.0000000000,32.0000000000,32.0000000000,0,JACKSON,JACKSON|KANSAS CITY
JACKSON - 000025,11,1.0000000000,21.0000000000,21.0000000000,0,JACKSON,JACKSON|KANSAS CITY
JACKSON - 000026,11,1.0000000000,62.0000000000,62.0000000000,0,JACKSON,JACKSON|KANSAS CITY
JACKSON - 000029,11,1.0000000000,20.0000000000,20.0000000000,0,JACKSON,JACKSON|KANSAS CITY
JACKSON - 000030,11,1.0000000000,24.0000000000,24.0000000000,0,JACKSON,JACKSON|KANSAS CITY
JACKSON - 000031,11,1.0000000000,46.0000000000,46.0000000000,0,JACKSON,JACKSON|KANSAS CITY
JACKSON - 000032,11,1.0000000000,37.0000000000,37.0000000000,0,JACKSON,JACKSON|KANSAS CITY
JACKSON - 000033,11,1.0000000000,11.0000000000,11.0000000000,0,JACKSON,JACKSON|KANSAS CITY
JACKSON - 000034,11,1.0000000000,36.0000000000,36.0000000000,0,JACKSON,JACKSON|KANSAS CITY
JACKSON - 000035,11,1.0000000000,23.0000000000,23.0000000000,0,JACKSON,JACKSON|KANSAS CITY
JACKSON - 000036,11,1.0000000000,28.0000000000,28.0000000000,0,JACKSON,JACKSON|KANSAS CITY
JACKSON - 000037,11,1.0000000000,23.0000000000,23.0000000000,0,JACKSON,JACKSON|KANSAS CITY
JACKSON - 000043,11,1.0000000000,25.0000000000,25.0000000000,0,JACKSON,JACKSON|KANSAS CITY
JACKSON - 000044,11,1.0000000000,41.0000000000,41.0000000000,0,JACKSON,JACKSON|KANSAS CITY
JACKSON - 000045,11,1.0000000000,63.0000000000,63.0000000000,0,JACKSON,JACKSON|KANSAS CITY
JACKSON - 000047,11,1.0000000000,16.0000000000,16.0000000000,0,JACKSON,JACKSON|KANSAS CITY
JACKSON - 000050,11,1.0000000000,43.0000000000,43.0000000000,0,JACKSON,JACKSON|KANSAS CITY
JACKSON - 000052,11,1.0000000000,20.0000000000,20.0000000000,0,JACKSON,JACKSON|KANSAS CITY
JACKSON - 000054,11,1.0000000000,24.0000000000,24.0000000000,0,JACKSON,JACKSON|KANSAS CITY
JACKSON - 000055,11,1.0000000000,35.0000000000,35.0000000000,0,JACKSON,JACKSON|KANSAS CITY
JACKSON - 000056,11,1.0000000000,28.0000000000,28.0000000000,0,JACKSON,JACKSON|KANSAS CITY
JACKSON - 000057,11,1.0000000000,36.0000000000,36.0000000000,0,JACKSON,JACKSON|KANSAS CITY
JACKSON - 000059,11,1.0000000000,48.0000000000,48.0000000000,0,JACKSON,JACKSON|KANSAS CITY
JACKSON - 000060,11,1.0000000000,20.0000000000,20.0000000000,0,JACKSON,JACKSON|KANSAS CITY
JACKSON - 000061,11,1.0000000000,18.0000000000,18.0000000000,0,JACKSON,JACKSON|KANSAS CITY
JACKSON - 000062,11,1.0000000000,31.0000000000,31.0000000000,0,JACKSON,JACKSON|KANSAS CITY
JACKSON - 000064,11,1.0000000000,41.0000000000,41.0000000000,0,JACKSON,JACKSON|KANSAS CITY
JACKSON - 000066,11,1.0000000000,28.0000000000,28.0000000000,0,JACKSON,JACKSON|KANSAS CITY
JACKSON - 000067,11,1.0000000000,26.0000000000,26.0000000000,0,JACKSON,JACKSON|KANSAS CITY
JACKSON - 000069,11,1.0000000000,31.0000000000,31.0000000000,0,JACKSON,JACKSON|KANSAS CITY
JACKSON - 000071,11,1.0000000000,12.0000000000,12.0000000000,0,JACKSON,JACKSON|KANSAS CITY
JACKSON - 000072,11,1.0000000000,25.0000000000,25.0000000000,0,JACKSON,JACKSON|KANSAS CITY
JACKSON - 000076,11,1.0000000000,22.0000000000,22.0000000000,0,JACKSON,JACKSON|KANSAS CITY
JACKSON - 000079,11,1.0000000000,33.0000000000,33.0000000000,0,JACKSON,JACKSON|KANSAS CITY
JACKSON - 000081,11,1.0000000000,64.0000000000,64.0000000000,0,JACKSON,JACKSON|KANSAS CITY
JACKSON - 000082,11,1.0000000000,37.0000000000,37.0000000000,0,JACKSON,JACKSON|KANSAS CITY
JACKSON - 000084,11,1.0000000000,26.0000000000,26.0000000000,0,JACKSON,JACKSON|KANSAS CITY
JACKSON - 000086,11,1.0000000000,10.0000000000,10.0000000000,0,JACKSON,JACKSON|KANSAS CITY
JACKSON - 000087,11,1.0000000000,23.0000000000,23.0000000000,0,JACKSON,JACKSON|KANSAS CITY
JACKSON - 000088,11,1.0000000000,13.0000000000,13.0000000000,0,JACKSON,JACKSON|KANSAS CITY
JACKSON - 000090,11,1.0000000000,41.0000000000,41.0000000000,0,JACKSON,JACKSON|KANSAS CITY
JACKSON - 000091,11,1.0000000000,28.0000000000,28.0000000000,0,JACKSON,JACKSON|KANSAS CITY
JACKSON - 000092,11,1.0000000000,39.0000000000,39.0000000000,0,JACKSON,JACKSON|KANSAS CITY
JACKSON - 000095,11,1.0000000000,28.0000000000,28.0000000000,0,JACKSON,JACKSON|KANSAS CITY
JACKSON - 000096,11,1.0000000000,37.0000000000,37.0000000000,0,JACKSON,JACKSON|KANSAS CITY
JACKSON - 000097,11,1.0000000000,30.0000000000,30.0000000000,0,JACKSON,JACKSON|KANSAS CITY
JACKSON - 000099,11,1.0000000000,7.0000000000,7.0000000000,0,JACKSON,JACKSON|KANSAS CITY
JACKSON - 000100,11,1.0000000000,36.0000000000,36.0000000000,0,JACKSON,JACKSON|KANSAS CITY
JACKSON - 000103,11,1.0000000000,38.0000000000,38.0000000000,0,JACKSON,JACKSON|KANSAS CITY
JACKSON - 000104,11,1.0000000000,54.0000000000,54.0000000000,0,JACKSON,JACKSON|KANSAS CITY
JACKSON - 000107,11,1.0000000000,22.0000000000,22.0000000000,0,JACKSON,JACKSON|KANSAS CITY
JACKSON - 000109,9,1.0000000000,17.0000000000,17.0000000000,0,JACKSON,JACKSON|KANSAS CITY
JACKSON - 000116,9,1.0000000000,30.0000000000,30.0000000000,0,JACKSON,JACKSON|KANSAS CITY
JACKSON - 000120,9,1.0000000000,57.0000000000,57.0000000000,0,JACKSON,JACKSON|KANSAS CITY
JACKSON - 000123,9,1.0000000000,20.0000000000,20.0000000000,0,JACKSON,JACKSON|KANSAS CITY
JACKSON - 000125,9,1.0000000000,34.0000000000,34.0000000000,0,JACKSON,JACKSON|KANSAS CITY
JACKSON - 000128,9,1.0000000000,28.0000000000,28.0000000000,0,JACKSON,JACKSON|KANSAS CITY
JACKSON - 000129,9,1.0000000000,7.0000000000,7.0000000000,0,JACKSON,JACKSON|KANSAS CITY
JACKSON - 000130,9,1.0000000000,49.0000000000,49.0000000000,0,JACKSON,JACKSON|KANSAS CITY
JACKSON - 000131,9,1.0000000000,2.0000000000,2.0000000000,0,JACKSON,JACKSON|KANSAS CITY
JACKSON - 000132,9,1.0000000000,29.0000000000,29.0000000000,0,JACKSON,JACKSON|KANSAS CITY
JACKSON - 000134,9,1.0000000000,31.0000000000,31.0000000000,0,JACKSON,JACKSON|KANSAS CITY
JACKSON - 000136,9,1.0000000000,25.0000000000,25.0000000000,0,JACKSON,JACKSON|KANSAS CITY
JACKSON - 000138,11,1.0000000000,66.0000000000,66.0000000000,0,JACKSON,JACKSON|KANSAS CITY
JACKSON - 000140,11,1.0000000000,53.0000000000,53.0000000000,0,JACKSON,JACKSON|KANSAS CITY
JACKSON - 000142,11,1.0000000000,55.0000000000,55.0000000000,0,JACKSON,JACKSON|KANSAS CITY
JACKSON - 000143,11,1.0000000000,23.0000000000,23.0000000000,0,JACKSON,JACKSON|KANSAS CITY
JACKSON - 000144,11,1.0000000000,15.0000000000,15.0000000000,0,JACKSON,JACKSON|KANSAS CITY
JACKSON - 000145,11,1.0000000000,34.0000000000,34.0000000000,0,JACKSON,JACKSON|KANSAS CITY
JACKSON - 000146,11,1.0000000000,16.0000000000,16.0000000000,0,JACKSON,JACKSON|KANSAS CITY
JACKSON - 000147,11,1.0000000000,17.0000000000,17.0000000000,0,JACKSON,JACKSON|KANSAS CITY
JACKSON - 000148,7,1.0000000000,124.0000000000,124.0000000000,1,KANSAS CITY,KANSAS CITY|JACKSON
JACKSON - 000149,7,1.0000000000,61.0000000000,61.0000000000,1,KANSAS CITY,KANSAS CITY|JACKSON
JACKSON - 000150,7,1.0000000000,60.0000000000,60.0000000000,1,KANSAS CITY,KANSAS CITY|JACKSON
JACKSON - 000151,7,1.0000000000,86.0000000000,86.0000000000,1,KANSAS CITY,KANSAS CITY|JACKSON
JACKSON - 000152,7,1.0000000000,70.0000000000,70.0000000000,1,KANSAS CITY,KANSAS CITY|JACKSON
JACKSON - 000153,7,1.0000000000,157.0000000000,157.0000000000,1,KANSAS CITY,KANSAS CITY|JACKSON
JACKSON - 000154,7,1.0000000000,52.0000000000,52.0000000000,1,KANSAS CITY,KANSAS CITY|JACKSON
JACKSON - 000155,7,1.0000000000,45.0000000000,45.0000000000,1,KANSAS CITY,KANSAS CITY|JACKSON
JACKSON - 000156,7,1.0000000000,16.0000000000,16.0000000000,1,KANSAS CITY,KANSAS CITY|JACKSON
JACKSON - 000157,7,0.7826086957,18.0000000000,23.0000000000,1,KANSAS CITY,KANSAS CITY|JACKSON
JACKSON - 000157,9,0.2173913043,5.0000000000,23.0000000000,1,KANSAS CITY,KANSAS CITY|JACKSON
JACKSON - 000159,7,1.0000000000,16.0000000000,16.0000000000,1,KANSAS CITY,KANSAS CITY|JACKSON
JACKSON - 000160,7,1.0000000000,27.0000000000,27.0000000000,1,KANSAS CITY,KANSAS CITY|JACKSON
JACKSON - 000161,7,1.0000000000,23.0000000000,23.0000000000,1,KANSAS CITY,KANSAS CITY|JACKSON
JACKSON - 000162,7,1.0000000000,29.0000000000,29.0000000000,1,KANSAS CITY,KANSAS CITY|JACKSON
JACKSON - 000163,7,1.0000000000,7.0000000000,7.0000000000,1,KANSAS CITY,KANSAS CITY|JACKSON
JACKSON - 000164,7,1.0000000000,14.0000000000,14.0000000000,1,KANSAS CITY,KANSAS CITY|JACKSON
JACKSON - 000165,7,1.0000000000,16.0000000000,16.0000000000,1,KANSAS CITY,KANSAS CITY|JACKSON
JACKSON - 000166,7,0.3750000000,3.0000000000,8.0000000000,1,KANSAS CITY,KANSAS CITY|JACKSON
JACKSON - 000166,9,0.6250000000,5.0000000000,8.0000000000,1,KANSAS CITY,KANSAS CITY|JACKSON
JACKSON - 000167,7,0.8181818182,9.0000000000,11.0000000000,1,KANSAS CITY,KANSAS CITY|JACKSON
JACKSON - 000167,9,0.1818181818,2.0000000000,11.0000000000,1,KANSAS CITY,KANSAS CITY|JACKSON
JACKSON - 000168,9,1.0000000000,8.0000000000,8.0000000000,1,KANSAS CITY,KANSAS CITY|JACKSON
JACKSON - 000169,9,1.0000000000,19.0000000000,19.0000000000,1,KANSAS CITY,KANSAS CITY|JACKSON
JACKSON - 000172,9,1.0000000000,1.0000000000,1.0000000000,1,KANSAS CITY,KANSAS CITY|JACKSON
JACKSON - 000173,9,1.0000000000,1.0000000000,1.0000000000,1,KANSAS CITY,KANSAS CITY|JACKSON
JACKSON - 000174,7,1.0000000000,7.0000000000,7.0000000000,1,KANSAS CITY,KANSAS CITY|JACKSON
JACKSON - 000175,7,1.0000000000,55.0000000000,55.0000000000,1,KANSAS CITY,KANSAS CITY|JACKSON
JACKSON - 000176,7,1.0000000000,44.0000000000,44.0000000000,1,KANSAS CITY,KANSAS CITY|JACKSON
JACKSON - 000177,7,1.0000000000,45.0000000000,45.0000000000,1,KANSAS CITY,KANSAS CITY|JACKSON
JACKSON - 000178,7,1.0000000000,11.0000000000,11.0000000000,1,KANSAS CITY,KANSAS CITY|JACKSON
JACKSON - 000179,7,1.0000000000,39.0000000000,39.0000000000,1,KANSAS CITY,KANSAS CITY|JACKSON
JACKSON - 000180,7,1.0000000000,18.0000000000,18.0000000000,1,KANSAS CITY,KANSAS CITY|JACKSON
JACKSON - 000181,7,1.0000000000,2.0000000000,2.0000000000,1,KANSAS CITY,KANSAS CITY|JACKSON
JACKSON - 000182,7,1.0000000000,12.0000000000,12.0000000000,1,KANSAS CITY,KANSAS CITY|JACKSON
JACKSON - 000183,7,1.0000000000,7.0000000000,7.0000000000,1,KANSAS CITY,KANSAS CITY|JACKSON
JACKSON - 000184,7,1.0000000000,5.0000000000,5.0000000000,1,KANSAS CITY,KANSAS CITY|JACKSON
JACKSON - 000185,7,1.0000000000,10.0000000000,10.0000000000,1,KANSAS CITY,KANSAS CITY|JACKSON
JACKSON - 000186,7,0.6666666667,16.0000000000,24.0000000000,1,KANSAS CITY,KANSAS CITY|JACKSON
JACKSON - 000186,11,0.3333333333,8.0000000000,24.0000000000,1,KANSAS CITY,KANSAS CITY|JACKSON
JACKSON - 000187,7,1.0000000000,16.0000000000,16.0000000000,1,KANSAS CITY,KANSAS CITY|JACKSON
JACKSON - 000188,7,1.0000000000,24.0000000000,24.0000000000,1,KANSAS CITY,KANSAS CITY|JACKSON
JACKSON - 000189,7,1.0000000000,16.0000000000,16.0000000000,1,KANSAS CITY,KANSAS CITY|JACKSON
JACKSON - 000190,11,1.0000000000,16.0000000000,16.0000000000,1,KANSAS CITY,KANSAS CITY|JACKSON
JACKSON - 000191,11,1.0000000000,34.0000000000,34.0000000000,1,KANSAS CITY,KANSAS CITY|JACKSON
JACKSON - 000192,11,1.0000000000,16.0000000000,16.0000000000,1,KANSAS CITY,KANSAS CITY|JACKSON
JACKSON - 000193,7,1.0000000000,18.0000000000,18.0000000000,1,KANSAS CITY,KANSAS CITY|JACKSON
JACKSON - 000194,7,1.0000000000,9.0000000000,9.0000000000,1,KANSAS CITY,KANSAS CITY|JACKSON
JACKSON - 000195,11,1.0000000000,23.0000000000,23.0000000000,1,KANSAS CITY,KANSAS CITY|JACKSON
JACKSON - 000196,11,1.0000000000,91.0000000000,91.0000000000,1,KANSAS CITY,KANSAS CITY|JACKSON
JACKSON - 000197,11,1.0000000000,41.0000000000,41.0000000000,1,KANSAS CITY,KANSAS CITY|JACKSON
JACKSON - 000198,11,1.0000000000,37.0000000000,37.0000000000,1,KANSAS CITY,KANSAS CITY|JACKSON
JACKSON - 000200,11,1.0000000000,7.0000000000,7.0000000000,1,KANSAS CITY,KANSAS CITY|JACKSON
JACKSON - 000201,7,1.0000000000,18.0000000000,18.0000000000,1,KANSAS CITY,KANSAS CITY|JACKSON
JACKSON - 000202,11,1.0000000000,35.0000000000,35.0000000000,1,KANSAS CITY,KANSAS CITY|JACKSON
JACKSON - 000203,11,1.0000000000,26.0000000000,26.0000000000,1,KANSAS CITY,KANSAS CITY|JACKSON
JACKSON - 000204,7,1.0000000000,55.0000000000,55.0000000000,1,KANSAS CITY,KANSAS CITY|JACKSON
JACKSON - 000205,9,0.1481481481,8.0000000000,54.0000000000,1,KANSAS CITY,KANSAS CITY|JACKSON
JACKSON - 000205,11,0.8518518519,46.0000000000,54.0000000000,1,KANSAS CITY,KANSAS CITY|JACKSON
JACKSON - 000206,9,0.1142857143,4.0000000000,35.0000000000,1,KANSAS CITY,KANSAS CITY|JACKSON
JACKSON - 000206,11,0.8857142857,31.0000000000,35.0000000000,1,KANSAS CITY,KANSAS CITY|JACKSON
JACKSON - 000207,9,1.0000000000,39.0000000000,39.0000000000,1,KANSAS CITY,KANSAS CITY|JACKSON
JACKSON - 000208,9,1.0000000000,14.0000000000,14.0000000000,1,KANSAS CITY,KANSAS CITY|JACKSON
JACKSON - 000209,9,1.0000000000,41.0000000000,41.0000000000,1,KANSAS CITY,KANSAS CITY|JACKSON
JACKSON - 000210,9,1.0000000000,21.0000000000,21.0000000000,1,KANSAS CITY,KANSAS CITY|JACKSON
JACKSON - 000211,9,1.0000000000,28.0000000000,28.0000000000,1,KANSAS CITY,KANSAS CITY|JACKSON
JACKSON - 000212,9,1.0000000000,34.0000000000,34.0000000000,1,KANSAS CITY,KANSAS CITY|JACKSON
JACKSON - 000213,9,1.0000000000,30.0000000000,30.0000000000,1,KANSAS CITY,KANSAS CITY|JACKSON
JACKSON - 000214,9,1.0000000000,18.0000000000,18.0000000000,1,KANSAS CITY,KANSAS CITY|JACKSON
JACKSON - 000215,9,1.0000000000,14.0000000000,14.0000000000,1,KANSAS CITY,KANSAS CITY|JACKSON
JACKSON - 000216,9,1.0000000000,18.0000000000,18.0000000000,1,KANSAS CITY,KANSAS CITY|JACKSON
JACKSON - 000217,9,1.0000000000,26.0000000000,26.0000000000,1,KANSAS CITY,KANSAS CITY|JACKSON
JACKSON - 000218,9,1.0000000000,13.0000000000,13.0000000000,1,KANSAS CITY,KANSAS CITY|JACKSON
JACKSON - 000219,9,1.0000000000,11.0000000000,11.0000000000,1,KANSAS CITY,KANSAS CITY|JACKSON
JACKSON - 000220,9,1.0000000000,17.0000000000,17.0000000000,1,KANSAS CITY,KANSAS CITY|JACKSON
JACKSON - 000221,9,1.0000000000,14.0000000000,14.0000000000,1,KANSAS CITY,KANSAS CITY|JACKSON
JACKSON - 000222,9,1.0000000000,18.0000000000,18.0000000000,1,KANSAS CITY,KANSAS CITY|JACKSON
JACKSON - 000223,9,1.0000000000,14.0000000000,14.0000000000,1,KANSAS CITY,KANSAS CITY|JACKSON
JACKSON - 000224,9,1.0000000000,7.0000000000,7.0000000000,1,KANSAS CITY,KANSAS CITY|JACKSON
JACKSON - 000225,9,1.0000000000,28.0000000000,28.0000000000,1,KANSAS CITY,KANSAS CITY|JACKSON
JACKSON - 000226,9,1.0000000000,15.0000000000,15.0000000000,1,KANSAS CITY,KANSAS CITY|JACKSON
JACKSON - 000227,9,1.0000000000,16.0000000000,16.0000000000,1,KANSAS CITY,KANSAS CITY|JACKSON
JACKSON - 000228,9,1.0000000000,27.0000000000,27.0000000000,1,KANSAS CITY,KANSAS CITY|JACKSON
JACKSON - 000229,9,1.0000000000,15.0000000000,15.0000000000,1,KANSAS CITY,KANSAS CITY|JACKSON
JACKSON - 000230,9,1.0000000000,19.0000000000,19.0000000000,1,KANSAS CITY,KANSAS CITY|JACKSON
JACKSON - 000231,9,1.0000000000,26.0000000000,26.0000000000,1,KANSAS CITY,KANSAS CITY|JACKSON
JACKSON - 000232,9,1.0000000000,22.0000000000,22.0000000000,1,KANSAS CITY,KANSAS CITY|JACKSON
JACKSON - 000233,9,1.0000000000,39.0000000000,39.0000000000,1,KANSAS CITY,KANSAS CITY|JACKSON
JACKSON - 000234,9,1.0000000000,28.0000000000,28.0000000000,1,KANSAS CITY,KANSAS CITY|JACKSON
JACKSON - 000235,9,1.0000000000,5.0000000000,5.0000000000,1,KANSAS CITY,KANSAS CITY|JACKSON
JACKSON - 000236,9,1.0000000000,10.0000000000,10.0000000000,1,KANSAS CITY,KANSAS CITY|JACKSON
JACKSON - 000238,9,1.0000000000,5.0000000000,5.0000000000,1,KANSAS CITY,KANSAS CITY|JACKSON
JACKSON - 000239,9,1.0000000000,7.0000000000,7.0000000000,1,KANSAS CITY,KANSAS CITY|JACKSON
JACKSON - 000241,9,1.0000000000,33.0000000000,33.0000000000,1,KANSAS CITY,KANSAS CITY|JACKSON
JACKSON - 000242,9,1.0000000000,26.0000000000,26.0000000000,1,KANSAS CITY,KANSAS CITY|JACKSON
JACKSON - 000243,9,1.0000000000,25.0000000000,25.0000000000,1,KANSAS CITY,KANSAS CITY|JACKSON
JACKSON - 000244,9,1.0000000000,19.0000000000,19.0000000000,1,KANSAS CITY,KANSAS CITY|JACKSON
JACKSON - 000245,9,1.0000000000,14.0000000000,14.0000000000,1,KANSAS CITY,KANSAS CITY|JACKSON
JACKSON - 000246,9,1.0000000000,33.0000000000,33.0000000000,1,KANSAS CITY,KANSAS CITY|JACKSON
JACKSON - 000247,9,1.0000000000,21.0000000000,21.0000000000,1,KANSAS CITY,KANSAS CITY|JACKSON
JACKSON - 000248,9,1.0000000000,6.0000000000,6.0000000000,1,KANSAS CITY,KANSAS CITY|JACKSON
JACKSON - 000249,9,1.0000000000,10.0000000000,10.0000000000,1,KANSAS CITY,KANSAS CITY|JACKSON
JACKSON - 000250,9,1.0000000000,5.0000000000,5.0000000000,1,KANSAS CITY,KANSAS CITY|JACKSON
JACKSON - 000251,9,1.0000000000,28.0000000000,28.0000000000,1,KANSAS CITY,KANSAS CITY|JACKSON
JACKSON - 000253,9,1.0000000000,26.0000000000,26.0000000000,0,JACKSON,JACKSON|KANSAS CITY
JACKSON - 000254,9,1.0000000000,25.0000000000,25.0000000000,1,KANSAS CITY,KANSAS CITY|JACKSON
JACKSON - 000255,9,1.0000000000,28.0000000000,28.0000000000,1,KANSAS CITY,KANSAS CITY|JACKSON
JACKSON - 000256,9,1.0000000000,27.0000000000,27.0000000000,1,KANSAS CITY,KANSAS CITY|JACKSON
JACKSON - 000257,9,1.0000000000,11.0000000000,11.0000000000,1,KANSAS CITY,KANSAS CITY|JACKSON
JACKSON - 000258,9,1.0000000000,26.0000000000,26.0000000000,1,KANSAS CITY,KANSAS CITY|JACKSON
JACKSON - 000259,9,1.0000000000,75.0000000000,75.0000000000,1,KANSAS CITY,KANSAS CITY|JACKSON
JACKSON - 000260,9,1.0000000000,16.0000000000,16.0000000000,1,KANSAS CITY,KANSAS CITY|JACKSON
JACKSON - 000261,9,1.0000000000,36.0000000000,36.0000000000,1,KANSAS CITY,KANSAS CITY|JACKSON
JACKSON - 000263,9,1.0000000000,8.0000000000,8.0000000000,1,KANSAS CITY,KANSAS CITY|JACKSON
JACKSON - 000264,9,1.0000000000,1.0000000000,1.0000000000,1,KANSAS CITY,KANSAS CITY|JACKSON
JACKSON - 000265,9,1.0000000000,27.0000000000,27.0000000000,1,KANSAS CITY,KANSAS CITY|JACKSON
JACKSON - 000266,9,1.0000000000,30.0000000000,30.0000000000,1,KANSAS CITY,KANSAS CITY|JACKSON
JACKSON - 000267,9,1.0000000000,34.0000000000,34.0000000000,1,KANSAS CITY,KANSAS CITY|JACKSON
JACKSON - 000268,9,1.0000000000,29.0000000000,29.0000000000,1,KANSAS CITY,KANSAS CITY|JACKSON
JACKSON - 000269,9,1.0000000000,13.0000000000,13.0000000000,1,KANSAS CITY,KANSAS CITY|JACKSON
JACKSON - 000270,9,1.0000000000,37.0000000000,37.0000000000,1,KANSAS CITY,KANSAS CITY|JACKSON
JACKSON - 000271,9,1.0000000000,25.0000000000,25.0000000000,1,KANSAS CITY,KANSAS CITY|JACKSON
JACKSON - 000272,9,1.0000000000,37.0000000000,37.0000000000,1,KANSAS CITY,KANSAS CITY|JACKSON
JACKSON - 000273,9,1.0000000000,22.0000000000,22.0000000000,1,KANSAS CITY,KANSAS CITY|JACKSON
JACKSON - 000275,9,1.0000000000,17.0000000000,17.0000000000,1,KANSAS CITY,KANSAS CITY|JACKSON
JACKSON - 000276,9,1.0000000000,12.0000000000,12.0000000000,1,KANSAS CITY,KANSAS CITY|JACKSON
JACKSON - 000277,9,1.0000000000,15.0000000000,15.0000000000,1,KANSAS CITY,KANSAS CITY|JACKSON
JACKSON - 000278,9,1.0000000000,14.0000000000,14.0000000000,1,KANSAS CITY,KANSAS CITY|JACKSON
JACKSON - 000279,9,1.0000000000,10.0000000000,10.0000000000,1,KANSAS CITY,KANSAS CITY|JACKSON
JACKSON - 000280,9,1.0000000000,3.0000000000,3.0000000000,1,KANSAS CITY,KANSAS CITY|JACKSON
JACKSON - 000281,9,1.0000000000,10.0000000000,10.0000000000,1,KANSAS CITY,KANSAS CITY|JACKSON
JACKSON - 000282,9,1.0000000000,35.0000000000,35.0000000000,1,KANSAS CITY,KANSAS CITY|JACKSON
JACKSON - 000283,9,1.0000000000,12.0000000000,12.0000000000,1,KANSAS CITY,KANSAS CITY|JACKSON
JACKSON - 000284,9,1.0000000000,11.0000000000,11.0000000000,1,KANSAS CITY,KANSAS CITY|JACKSON
JACKSON - 000285,9,1.0000000000,31.0000000000,31.0000000000,1,KANSAS CITY,KANSAS CITY|JACKSON
JACKSON - 000286,9,1.0000000000,26.0000000000,26.0000000000,1,KANSAS CITY,KANSAS CITY|JACKSON
JACKSON - 000287,9,1.0000000000,21.0000000000,21.0000000000,1,KANSAS CITY,KANSAS CITY|JACKSON
JACKSON - 000288,9,1.0000000000,15.0000000000,15.0000000000,1,KANSAS CITY,KANSAS CITY|JACKSON
JACKSON - 000289,9,1.0000000000,5.0000000000,5.0000000000,1,KANSAS CITY,KANSAS CITY|JACKSON
JACKSON - 000290,9,1.0000000000,7.0000000000,7.0000000000,1,KANSAS CITY,KANSAS CITY|JACKSON
JACKSON - 000291,9,1.0000000000,21.0000000000,21.0000000000,1,KANSAS CITY,KANSAS CITY|JACKSON
JACKSON - 000292,9,1.0000000000,4.0000000000,4.0000000000,1,KANSAS CITY,KANSAS CITY|JACKSON
JACKSON - 000293,9,1.0000000000,8.0000000000,8.0000000000,1,KANSAS CITY,KANSAS CITY|JACKSON
JACKSON - 000295,9,1.0000000000,9.0000000000,9.0000000000,1,KANSAS CITY,KANSAS CITY|JACKSON
JACKSON - 000296,7,1.0000000000,30.0000000000,30.0000000000,1,KANSAS CITY,KANSAS CITY|JACKSON
JACKSON - 000298,7,1.0000000000,28.0000000000,28.0000000000,1,KANSAS CITY,KANSAS CITY|JACKSON
JACKSON - 000299,7,1.0000000000,24.0000000000,24.0000000000,1,KANSAS CITY,KANSAS CITY|JACKSON
JACKSON - 000300,7,0.2692307692,14.0000000000,52.0000000000,1,KANSAS CITY,KANSAS CITY|JACKSON
JACKSON - 000300,9,0.7307692308,38.0000000000,52.0000000000,1,KANSAS CITY,KANSAS CITY|JACKSON
JACKSON - 000301,9,1.0000000000,63.0000000000,63.0000000000,1,KANSAS CITY,KANSAS CITY|JACKSON
JACKSON - 000302,9,1.0000000000,40.0000000000,40.0000000000,1,KANSAS CITY,KANSAS CITY|JACKSON
JACKSON - 000303,9,1.0000000000,10.0000000000,10.0000000000,1,KANSAS CITY,KANSAS CITY|JACKSON
JACKSON - 000304,9,1.0000000000,23.0000000000,23.0000000000,1,KANSAS CITY,KANSAS CITY|JACKSON
JACKSON - 000305,9,1.0000000000,31.0000000000,31.0000000000,1,KANSAS CITY,KANSAS CITY|JACKSON
JACKSON - 000306,9,1.0000000000,28.0000000000,28.0000000000,1,KANSAS CITY,KANSAS CITY|JACKSON
JACKSON - 000307,9,1.0000000000,22.0000000000,22.0000000000,1,KANSAS CITY,KANSAS CITY|JACKSON
JACKSON - 000308,7,0.4800000000,36.0000000000,75.0000000000,1,KANSAS CITY,KANSAS CITY|JACKSON
JACKSON - 000308,9,0.5200000000,39.0000000000,75.0000000000,1,KANSAS CITY,KANSAS CITY|JACKSON
JACKSON - 000310,7,0.8484848485,28.0000000000,33.0000000000,1,KANSAS CITY,KANSAS CITY|JACKSON
JACKSON - 000310,9,0.1515151515,5.0000000000,33.0000000000,1,KANSAS CITY,KANSAS CITY|JACKSON
JACKSON - 000311,9,1.0000000000,34.0000000000,34.0000000000,1,KANSAS CITY,KANSAS CITY|JACKSON
JACKSON - 000312,9,1.0000000000,23.0000000000,23.0000000000,1,KANSAS CITY,KANSAS CITY|JACKSON
JACKSON - 000313,7,1.0000000000,2.0000000000,2.0000000000,1,KANSAS CITY,KANSAS CITY|JACKSON
JACKSON - 000314,9,1.0000000000,27.0000000000,27.0000000000,1,KANSAS CITY,KANSAS CITY|JACKSON
JACKSON - 000315,9,1.0000000000,29.0000000000,29.0000000000,1,KANSAS CITY,KANSAS CITY|JACKSON
JACKSON - 000316,7,0.9310344828,27.0000000000,29.0000000000,1,KANSAS CITY,KANSAS CITY|JACKSON
JACKSON - 000316,9,0.0689655172,2.0000000000,29.0000000000,1,KANSAS CITY,KANSAS CITY|JACKSON
JACKSON - 000317,7,0.9444444444,17.0000000000,18.0000000000,1,KANSAS CITY,KANSAS CITY|JACKSON
JACKSON - 000317,9,0.0555555556,1.0000000000,18.0000000000,1,KANSAS CITY,KANSAS CITY|JACKSON
JACKSON - 000318,7,0.9375000000,15.0000000000,16.0000000000,1,KANSAS CITY,KANSAS CITY|JACKSON
JACKSON - 000318,9,0.0625000000,1.0000000000,16.0000000000,1,KANSAS CITY,KANSAS CITY|JACKSON
JACKSON - 000319,7,0.7894736842,15.0000000000,19.0000000000,1,KANSAS CITY,KANSAS CITY|JACKSON
JACKSON - 000319,9,0.2105263158,4.0000000000,19.0000000000,1,KANSAS CITY,KANSAS CITY|JACKSON
JACKSON - 000320,7,1.0000000000,9.0000000000,9.0000000000,1,KANSAS CITY,KANSAS CITY|JACKSON
JACKSON - 000321,7,1.0000000000,18.0000000000,18.0000000000,1,KANSAS CITY,KANSAS CITY|JACKSON
JACKSON - 000322,7,1.0000000000,46.0000000000,46.0000000000,1,KANSAS CITY,KANSAS CITY|JACKSON
JACKSON - 000324,7,1.0000000000,38.0000000000,38.0000000000,1,KANSAS CITY,KANSAS CITY|JACKSON
JACKSON - 000326,7,1.0000000000,30.0000000000,30.0000000000,1,KANSAS CITY,KANSAS CITY|JACKSON
JACKSON - 000327,7,1.0000000000,15.0000000000,15.0000000000,1,KANSAS CITY,KANSAS CITY|JACKSON
JACKSON - 000328,7,1.0000000000,14.0000000000,14.0000000000,1,KANSAS CITY,KANSAS CITY|JACKSON
JACKSON - 000329,7,1.0000000000,20.0000000000,20.0000000000,1,KANSAS CITY,KANSAS CITY|JACKSON
JACKSON - 000330,7,1.0000000000,5.0000000000,5.0000000000,1,KANSAS CITY,KANSAS CITY|JACKSON
JACKSON - 000331,7,1.0000000000,13.0000000000,13.0000000000,1,KANSAS CITY,KANSAS CITY|JACKSON
JACKSON - 000332,7,1.0000000000,22.0000000000,22.0000000000,1,KANSAS CITY,KANSAS CITY|JACKSON
JACKSON - 000333,7,1.0000000000,24.0000000000,24.0000000000,1,KANSAS CITY,KANSAS CITY|JACKSON
JACKSON - 000334,7,1.0000000000,13.0000000000,13.0000000000,1,KANSAS CITY,KANSAS CITY|JACKSON
JACKSON - 000335,7,1.0000000000,66.0000000000,66.0000000000,1,KANSAS CITY,KANSAS CITY|JACKSON
JACKSON - 000337,9,1.0000000000,6.0000000000,6.0000000000,1,KANSAS CITY,KANSAS CITY|JACKSON
JACKSON - 000338,11,1.0000000000,40.0000000000,40.0000000000,1,KANSAS CITY,KANSAS CITY|JACKSON
JACKSON - 000339,9,1.0000000000,31.0000000000,31.0000000000,1,KANSAS CITY,KANSAS CITY|JACKSON
JACKSON - 000340,9,1.0000000000,2.0000000000,2.0000000000,1,KANSAS CITY,KANSAS CITY|JACKSON
JACKSON - 000341,9,1.0000000000,27.0000000000,27.0000000000,1,KANSAS CITY,KANSAS CITY|JACKSON
JACKSON - 000342,9,0.9565217391,22.0000000000,23.0000000000,1,KANSAS CITY,KANSAS CITY|JACKSON
JACKSON - 000342,11,0.0434782609,1.0000000000,23.0000000000,1,KANSAS CITY,KANSAS CITY|JACKSON
JACKSON - 000343,9,1.0000000000,21.0000000000,21.0000000000,1,KANSAS CITY,KANSAS CITY|JACKSON
JACKSON - 000344,9,1.0000000000,4.0000000000,4.0000000000,1,KANSAS CITY,KANSAS CITY|JACKSON
JACKSON - 000345,9,1.0000000000,12.0000000000,12.0000000000,1,KANSAS CITY,KANSAS CITY|JACKSON
JACKSON - 000346,9,1.0000000000,9.0000000000,9.0000000000,1,KANSAS CITY,KANSAS CITY|JACKSON
JACKSON - 000347,9,1.0000000000,9.0000000000,9.0000000000,1,KANSAS CITY,KANSAS CITY|JACKSON
JACKSON - 000348,9,1.0000000000,22.0000000000,22.0000000000,1,KANSAS CITY,KANSAS CITY|JACKSON
JACKSON - 000349,9,1.0000000000,20.0000000000,20.0000000000,1,KANSAS CITY,KANSAS CITY|JACKSON
JACKSON - 000350,9,1.0000000000,16.0000000000,16.0000000000,1,KANSAS CITY,KANSAS CITY|JACKSON
JACKSON - 000353,9,1.0000000000,26.0000000000,26.0000000000,1,KANSAS CITY,KANSAS CITY|JACKSON
JACKSON - 000354,9,1.0000000000,10.0000000000,10.0000000000,1,KANSAS CITY,KANSAS CITY|JACKSON
JACKSON - 000355,9,1.0000000000,8.0000000000,8.0000000000,1,KANSAS CITY,KANSAS CITY|JACKSON
JACKSON - 000356,9,1.0000000000,14.0000000000,14.0000000000,1,KANSAS CITY,KANSAS CITY|JACKSON
JACKSON - 000357,9,1.0000000000,28.0000000000,28.0000000000,1,KANSAS CITY,KANSAS CITY|JACKSON
JACKSON - 000358,9,1.0000000000,40.0000000000,40.0000000000,1,KANSAS CITY,KANSAS CITY|JACKSON
JACKSON - 000359,9,1.0000000000,27.0000000000,27.0000000000,1,KANSAS CITY,KANSAS CITY|JACKSON
JACKSON - 000360,9,1.0000000000,7.0000000000,7.0000000000,1,KANSAS CITY,KANSAS CITY|JACKSON
JACKSON - 000361,9,1.0000000000,5.0000000000,5.0000000000,1,KANSAS CITY,KANSAS CITY|JACKSON
JACKSON - 000362,9,1.0000000000,21.0000000000,21.0000000000,1,KANSAS CITY,KANSAS CITY|JACKSON
JACKSON - 000363,9,1.0000000000,2.0000000000,2.0000000000,1,KANSAS CITY,KANSAS CITY|JACKSON
JACKSON - 000364,9,1.0000000000,25.0000000000,25.0000000000,1,KANSAS CITY,KANSAS CITY|JACKSON
JACKSON - 000365,9,1.0000000000,7.0000000000,7.0000000000,1,KANSAS CITY,KANSAS CITY|JACKSON
JACKSON - 000366,9,1.0000000000,4.0000000000,4.0000000000,1,KANSAS CITY,KANSAS CITY|JACKSON
JACKSON - 000368,9,1.0000000000,3.0000000000,3.0000000000,1,KANSAS CITY,KANSAS CITY|JACKSON
JACKSON - 000369,9,1.0000000000,5.0000000000,5.0000000000,1,KANSAS CITY,KANSAS CITY|JACKSON
JACKSON - 000370,9,1.0000000000,3.0000000000,3.0000000000,1,KANSAS CITY,KANSAS CITY|JACKSON
JACKSON - 000371,9,1.0000000000,16.0000000000,16.0000000000,1,KANSAS CITY,KANSAS CITY|JACKSON
JACKSON - 000372,9,1.0000000000,4.0000000000,4.0000000000,1,KANSAS CITY,KANSAS CITY|JACKSON
JACKSON - 000373,9,1.0000000000,11.0000000000,11.0000000000,1,KANSAS CITY,KANSAS CITY|JACKSON
JACKSON - 000374,9,1.0000000000,15.0000000000,15.0000000000,1,KANSAS CITY,KANSAS CITY|JACKSON
JACKSON - 000375,9,1.0000000000,7.0000000000,7.0000000000,1,KANSAS CITY,KANSAS CITY|JACKSON
JACKSON - 000378,9,1.0000000000,1.0000000000,1.0000000000,1,KANSAS CITY,KANSAS CITY|JACKSON
JACKSON - 000379,9,1.0000000000,1.0000000000,1.0000000000,1,KANSAS CITY,KANSAS CITY|JACKSON
JACKSON - 000382,9,1.0000000000,1.0000000000,1.0000000000,1,KANSAS CITY,KANSAS CITY|JACKSON
JACKSON - 000383,9,1.0000000000,5.0000000000,5.0000000000,1,KANSAS CITY,KANSAS CITY|JACKSON
JACKSON - 000385,9,1.0000000000,2.0000000000,2.0000000000,1,KANSAS CITY,KANSAS CITY|JACKSON
JACKSON - 000386,9,1.0000000000,20.0000000000,20.0000000000,1,KANSAS CITY,KANSAS CITY|JACKSON
JACKSON - 000387,7,0.8750000000,14.0000000000,16.0000000000,1,KANSAS CITY,KANSAS CITY|JACKSON
JACKSON - 000387,9,0.1250000000,2.0000000000,16.0000000000,1,KANSAS CITY,KANSAS CITY|JACKSON
JACKSON - 000388,9,1.0000000000,24.0000000000,24.0000000000,1,KANSAS CITY,KANSAS CITY|JACKSON
JACKSON - 000389,8,0.2162162162,8.0000000000,37.0000000000,1,KANSAS CITY,KANSAS CITY|JACKSON
JACKSON - 000389,9,0.7837837838,29.0000000000,37.0000000000,1,KANSAS CITY,KANSAS CITY|JACKSON
JACKSON - 000390,9,1.0000000000,14.0000000000,14.0000000000,1,KANSAS CITY,KANSAS CITY|JACKSON
JACKSON - 000391,9,1.0000000000,15.0000000000,15.0000000000,1,KANSAS CITY,KANSAS CITY|JACKSON
JACKSON - 000392,9,1.0000000000,21.0000000000,21.0000000000,1,KANSAS CITY,KANSAS CITY|JACKSON
JACKSON - 000393,9,1.0000000000,20.0000000000,20.0000000000,1,KANSAS CITY,KANSAS CITY|JACKSON
JACKSON - 000394,7,0.0454545455,1.0000000000,22.0000000000,1,KANSAS CITY,KANSAS CITY|JACKSON
JACKSON - 000394,9,0.9545454545,21.0000000000,22.0000000000,1,KANSAS CITY,KANSAS CITY|JACKSON
JACKSON - 000395,9,1.0000000000,22.0000000000,22.0000000000,1,KANSAS CITY,KANSAS CITY|JACKSON
JACKSON - 000396,7,1.0000000000,31.0000000000,31.0000000000,1,KANSAS CITY,KANSAS CITY|JACKSON
JACKSON - 000397,7,1.0000000000,5.0000000000,5.0000000000,1,KANSAS CITY,KANSAS CITY|JACKSON
JACKSON - 000398,9,1.0000000000,4.0000000000,4.0000000000,1,KANSAS CITY,KANSAS CITY|JACKSON
JACKSON - 000399,9,1.0000000000,23.0000000000,23.0000000000,1,KANSAS CITY,KANSAS CITY|JACKSON
JACKSON - 000400,9,1.0000000000,15.0000000000,15.0000000000,1,KANSAS CITY,KANSAS CITY|JACKSON
JACKSON - 000401,7,1.0000000000,10.0000000000,10.0000000000,1,KANSAS CITY,KANSAS CITY|JACKSON
JACKSON - 000402,9,1.0000000000,12.0000000000,12.0000000000,1,KANSAS CITY,KANSAS CITY|JACKSON
JACKSON - 000403,9,1.0000000000,18.0000000000,18.0000000000,1,KANSAS CITY,KANSAS CITY|JACKSON
JACKSON - 000404,9,1.0000000000,12.0000000000,12.0000000000,1,KANSAS CITY,KANSAS CITY|JACKSON
JACKSON - 000405,9,1.0000000000,16.0000000000,16.0000000000,1,KANSAS CITY,KANSAS CITY|JACKSON
JACKSON - 000406,9,1.0000000000,6.0000000000,6.0000000000,1,KANSAS CITY,KANSAS CITY|JACKSON
JACKSON - 000407,9,1.0000000000,8.0000000000,8.0000000000,1,KANSAS CITY,KANSAS CITY|JACKSON
JACKSON - 000408,9,1.0000000000,25.0000000000,25.0000000000,1,KANSAS CITY,KANSAS CITY|JACKSON
JACKSON - 000409,9,1.0000000000,26.0000000000,26.0000000000,1,KANSAS CITY,KANSAS CITY|JACKSON
JACKSON - 000412,9,1.0000000000,16.0000000000,16.0000000000,1,KANSAS CITY,KANSAS CITY|JACKSON
JACKSON - 000413,9,1.0000000000,8.0000000000,8.0000000000,1,KANSAS CITY,KANSAS CITY|JACKSON
JACKSON - 000414,9,1.0000000000,27.0000000000,27.0000000000,1,KANSAS CITY,KANSAS CITY|JACKSON
JACKSON - 000415,9,1.0000000000,16.0000000000,16.0000000000,1,KANSAS CITY,KANSAS CITY|JACKSON
JACKSON - 000416,9,1.0000000000,16.0000000000,16.0000000000,1,KANSAS CITY,KANSAS CITY|JACKSON
JACKSON - 000417,9,1.0000000000,18.0000000000,18.0000000000,1,KANSAS CITY,KANSAS CITY|JACKSON
JACKSON - 000418,9,1.0000000000,16.0000000000,16.0000000000,1,KANSAS CITY,KANSAS CITY|JACKSON
JACKSON - 000419,9,1.0000000000,17.0000000000,17.0000000000,1,KANSAS CITY,KANSAS CITY|JACKSON
JACKSON - 000420,9,1.0000000000,29.0000000000,29.0000000000,1,KANSAS CITY,KANSAS CITY|JACKSON
JACKSON - 000421,9,1.0000000000,27.0000000000,27.0000000000,1,KANSAS CITY,KANSAS CITY|JACKSON
JACKSON - 000422,9,1.0000000000,16.0000000000,16.0000000000,1,KANSAS CITY,KANSAS CITY|JACKSON
JACKSON - 000423,9,1.0000000000,27.0000000000,27.0000000000,1,KANSAS CITY,KANSAS CITY|JACKSON
JACKSON - 000424,9,1.0000000000,8.0000000000,8.0000000000,1,KANSAS CITY,KANSAS CITY|JACKSON
JACKSON - 000425,7,1.0000000000,16.0000000000,16.0000000000,1,KANSAS CITY,KANSAS CITY|JACKSON
JACKSON - 000426,7,1.0000000000,13.0000000000,13.0000000000,1,KANSAS CITY,KANSAS CITY|JACKSON
JACKSON - 000427,7,1.0000000000,23.0000000000,23.0000000000,1,KANSAS CITY,KANSAS CITY|JACKSON
JACKSON - 000428,7,1.0000000000,14.0000000000,14.0000000000,1,KANSAS CITY,KANSAS CITY|JACKSON
JACKSON - 000429,7,1.0000000000,16.0000000000,16.0000000000,1,KANSAS CITY,KANSAS CITY|JACKSON
JACKSON - 000430,7,1.0000000000,25.0000000000,25.0000000000,1,KANSAS CITY,KANSAS CITY|JACKSON
JACKSON - 000431,7,1.0000000000,14.0000000000,14.0000000000,1,KANSAS CITY,KANSAS CITY|JACKSON
JACKSON - 000432,7,1.0000000000,11.0000000000,11.0000000000,1,KANSAS CITY,KANSAS CITY|JACKSON
JACKSON - 000433,7,1.0000000000,14.0000000000,14.0000000000,1,KANSAS CITY,KANSAS CITY|JACKSON
JACKSON - 000434,7,1.0000000000,20.0000000000,20.0000000000,1,KANSAS CITY,KANSAS CITY|JACKSON
JACKSON - 000435,7,1.0000000000,25.0000000000,25.0000000000,1,KANSAS CITY,KANSAS CITY|JACKSON
JACKSON - 000436,7,1.0000000000,36.0000000000,36.0000000000,1,KANSAS CITY,KANSAS CITY|JACKSON
JACKSON - 000437,7,1.0000000000,39.0000000000,39.0000000000,1,KANSAS CITY,KANSAS CITY|JACKSON
JACKSON - 000438,7,1.0000000000,17.0000000000,17.0000000000,1,KANSAS CITY,KANSAS CITY|JACKSON
JACKSON - 000439,7,1.0000000000,22.0000000000,22.0000000000,1,KANSAS CITY,KANSAS CITY|JACKSON
JACKSON - 000440,7,1.0000000000,19.0000000000,19.0000000000,1,KANSAS CITY,KANSAS CITY|JACKSON
JACKSON - 000441,7,1.0000000000,14.0000000000,14.0000000000,1,KANSAS CITY,KANSAS CITY|JACKSON
JACKSON - 000442,7,1.0000000000,26.0000000000,26.0000000000,1,KANSAS CITY,KANSAS CITY|JACKSON
JACKSON - 000443,7,1.0000000000,18.0000000000,18.0000000000,1,KANSAS CITY,KANSAS CITY|JACKSON
JACKSON - 000444,7,1.0000000000,10.0000000000,10.0000000000,1,KANSAS CITY,KANSAS CITY|JACKSON
JACKSON - 000446,7,1.0000000000,21.0000000000,21.0000000000,1,KANSAS CITY,KANSAS CITY|JACKSON
JACKSON - 000447,7,1.0000000000,29.0000000000,29.0000000000,1,KANSAS CITY,KANSAS CITY|JACKSON
JACKSON - 000448,7,1.0000000000,9.0000000000,9.0000000000,1,KANSAS CITY,KANSAS CITY|JACKSON
JACKSON - 000449,7,1.0000000000,6.0000000000,6.0000000000,1,KANSAS CITY,KANSAS CITY|JACKSON
JACKSON - 000450,7,1.0000000000,18.0000000000,18.0000000000,1,KANSAS CITY,KANSAS CITY|JACKSON
JACKSON - 000451,7,1.0000000000,25.0000000000,25.0000000000,1,KANSAS CITY,KANSAS CITY|JACKSON
JACKSON - 000452,7,1.0000000000,30.0000000000,30.0000000000,1,KANSAS CITY,KANSAS CITY|JACKSON
JACKSON - 000453,7,1.0000000000,35.0000000000,35.0000000000,1,KANSAS CITY,KANSAS CITY|JACKSON
JACKSON - 000454,7,1.0000000000,14.0000000000,14.0000000000,1,KANSAS CITY,KANSAS CITY|JACKSON
JACKSON - 000455,7,1.0000000000,12.0000000000,12.0000000000,1,KANSAS CITY,KANSAS CITY|JACKSON
JACKSON - 000456,7,1.0000000000,23.0000000000,23.0000000000,1,KANSAS CITY,KANSAS CITY|JACKSON
JACKSON - 000457,7,1.0000000000,6.0000000000,6.0000000000,1,KANSAS CITY,KANSAS CITY|JACKSON
JACKSON - 000458,9,1.0000000000,20.0000000000,20.0000000000,1,KANSAS CITY,KANSAS CITY|JACKSON
JACKSON - 000459,9,1.0000000000,25.0000000000,25.0000000000,1,KANSAS CITY,KANSAS CITY|JACKSON
JACKSON - 000460,9,1.0000000000,22.0000000000,22.0000000000,1,KANSAS CITY,KANSAS CITY|JACKSON
JACKSON - 000461,9,1.0000000000,16.0000000000,16.0000000000,1,KANSAS CITY,KANSAS CITY|JACKSON
JACKSON - 000462,9,1.0000000000,25.0000000000,25.0000000000,1,KANSAS CITY,KANSAS CITY|JACKSON
JACKSON - 000463,9,1.0000000000,31.0000000000,31.0000000000,1,KANSAS CITY,KANSAS CITY|JACKSON
JACKSON - 000464,9,1.0000000000,5.0000000000,5.0000000000,1,KANSAS CITY,KANSAS CITY|JACKSON
JACKSON - 000467,9,1.0000000000,31.0000000000,31.0000000000,1,KANSAS CITY,KANSAS CITY|JACKSON
JACKSON - 000469,9,1.0000000000,36.0000000000,36.0000000000,1,KANSAS CITY,KANSAS CITY|JACKSON
JACKSON - 000470,9,1.0000000000,31.0000000000,31.0000000000,1,KANSAS CITY,KANSAS CITY|JACKSON
JACKSON - 000471,9,1.0000000000,21.0000000000,21.0000000000,1,KANSAS CITY,KANSAS CITY|JACKSON
JACKSON - 000474,7,1.0000000000,18.0000000000,18.0000000000,1,KANSAS CITY,KANSAS CITY|JACKSON
JACKSON - 000475,7,1.0000000000,18.0000000000,18.0000000000,1,KANSAS CITY,KANSAS CITY|JACKSON
JACKSON - 000476,7,1.0000000000,25.0000000000,25.0000000000,1,KANSAS CITY,KANSAS CITY|JACKSON
JACKSON - 000477,7,1.0000000000,29.0000000000,29.0000000000,1,KANSAS CITY,KANSAS CITY|JACKSON
JACKSON - 000478,7,1.0000000000,37.0000000000,37.0000000000,1,KANSAS CITY,KANSAS CITY|JACKSON
JACKSON - 000479,7,1.0000000000,18.0000000000,18.0000000000,1,KANSAS CITY,KANSAS CITY|JACKSON
JACKSON - 000480,7,1.0000000000,35.0000000000,35.0000000000,1,KANSAS CITY,KANSAS CITY|JACKSON
JACKSON - 000481,7,1.0000000000,20.0000000000,20.0000000000,1,KANSAS CITY,KANSAS CITY|JACKSON
JACKSON - 000482,7,0.9393939394,31.0000000000,33.0000000000,1,KANSAS CITY,KANSAS CITY|JACKSON
JACKSON - 000482,9,0.0606060606,2.0000000000,33.0000000000,1,KANSAS CITY,KANSAS CITY|JACKSON
JACKSON - 000483,7,1.0000000000,26.0000000000,26.0000000000,1,KANSAS CITY,KANSAS CITY|JACKSON
JACKSON - 000484,9,1.0000000000,18.0000000000,18.0000000000,1,KANSAS CITY,KANSAS CITY|JACKSON
JACKSON - 000485,7,1.0000000000,10.0000000000,10.0000000000,1,KANSAS CITY,KANSAS CITY|JACKSON
JACKSON - 000486,9,1.0000000000,17.0000000000,17.0000000000,1,KANSAS CITY,KANSAS CITY|JACKSON
JACKSON - 000488,7,1.0000000000,31.0000000000,31.0000000000,1,KANSAS CITY,KANSAS CITY|JACKSON
JACKSON - 000489,7,1.0000000000,42.0000000000,42.0000000000,1,KANSAS CITY,KANSAS CITY|JACKSON
JACKSON - 000490,7,1.0000000000,28.0000000000,28.0000000000,1,KANSAS CITY,KANSAS CITY|JACKSON
JACKSON - 000491,9,1.0000000000,6.0000000000,6.0000000000,1,KANSAS CITY,KANSAS CITY|JACKSON
JACKSON - 000492,7,1.0000000000,18.0000000000,18.0000000000,1,KANSAS CITY,KANSAS CITY|JACKSON
JACKSON - 000493,7,1.0000000000,29.0000000000,29.0000000000,1,KANSAS CITY,KANSAS CITY|JACKSON
JACKSON - 000494,7,1.0000000000,22.0000000000,22.0000000000,1,KANSAS CITY,KANSAS CITY|JACKSON
JACKSON - 000495,7,1.0000000000,30.0000000000,30.0000000000,1,KANSAS CITY,KANSAS CITY|JACKSON
JACKSON - 000496,7,1.0000000000,34.0000000000,34.0000000000,1,KANSAS CITY,KANSAS CITY|JACKSON
JACKSON - 000497,7,1.0000000000,30.0000000000,30.0000000000,1,KANSAS CITY,KANSAS CITY|JACKSON
JACKSON - 000499,8,1.0000000000,33.0000000000,33.0000000000,0,JACKSON,JACKSON|KANSAS CITY
JACKSON - 000500,8,1.0000000000,24.0000000000,24.0000000000,0,JACKSON,JACKSON|KANSAS CITY
JACKSON - 000501,8,1.0000000000,14.0000000000,14.0000000000,0,JACKSON,JACKSON|KANSAS CITY
JACKSON - 000503,8,1.0000000000,17.0000000000,17.0000000000,0,JACKSON,JACKSON|KANSAS CITY
JACKSON - 000505,8,1.0000000000,30.0000000000,30.0000000000,0,JACKSON,JACKSON|KANSAS CITY
JACKSON - 000506,8,1.0000000000,29.0000000000,29.0000000000,0,JACKSON,JACKSON|KANSAS CITY
JACKSON - 000508,8,1.0000000000,22.0000000000,22.0000000000,0,JACKSON,JACKSON|KANSAS CITY
JACKSON - 000509,8,1.0000000000,15.0000000000,15.0000000000,0,JACKSON,JACKSON|KANSAS CITY
JACKSON - 000510,8,1.0000000000,61.0000000000,61.0000000000,0,JACKSON,JACKSON|KANSAS CITY
JACKSON - 000511,8,1.0000000000,23.0000000000,23.0000000000,0,JACKSON,JACKSON|KANSAS CITY
JACKSON - 000512,8,1.0000000000,18.0000000000,18.0000000000,0,JACKSON,JACKSON|KANSAS CITY
JACKSON - 000514,8,1.0000000000,37.0000000000,37.0000000000,0,JACKSON,JACKSON|KANSAS CITY
JACKSON - 000515,8,1.0000000000,20.0000000000,20.0000000000,0,JACKSON,JACKSON|KANSAS CITY
JACKSON - 000516,8,1.0000000000,24.0000000000,24.0000000000,0,JACKSON,JACKSON|KANSAS CITY
JACKSON - 000517,8,1.0000000000,24.0000000000,24.0000000000,0,JACKSON,JACKSON|KANSAS CITY
JACKSON - 000518,8,1.0000000000,24.0000000000,24.0000000000,0,JACKSON,JACKSON|KANSAS CITY
JACKSON - 000519,8,0.9642857143,27.0000000000,28.0000000000,0,JACKSON,JACKSON|KANSAS CITY
JACKSON - 000519,11,0.0357142857,1.0000000000,28.0000000000,0,JACKSON,JACKSON|KANSAS CITY
JACKSON - 000520,8,1.0000000000,79.0000000000,79.0000000000,0,JACKSON,JACKSON|KANSAS CITY
JACKSON - 000523,8,0.8214285714,23.0000000000,28.0000000000,0,JACKSON,JACKSON|KANSAS CITY
JACKSON - 000523,11,0.1785714286,5.0000000000,28.0000000000,0,JACKSON,JACKSON|KANSAS CITY
JACKSON - 000524,8,1.0000000000,36.0000000000,36.0000000000,0,JACKSON,JACKSON|KANSAS CITY
JACKSON - 000525,8,1.0000000000,26.0000000000,26.0000000000,0,JACKSON,JACKSON|KANSAS CITY
JACKSON - 000527,8,1.0000000000,20.0000000000,20.0000000000,0,JACKSON,JACKSON|KANSAS CITY
JACKSON - 000529,8,1.0000000000,80.0000000000,80.0000000000,0,JACKSON,JACKSON|KANSAS CITY
JACKSON - 000531,8,1.0000000000,13.0000000000,13.0000000000,0,JACKSON,JACKSON|KANSAS CITY
JACKSON - 000532,8,1.0000000000,32.0000000000,32.0000000000,0,JACKSON,JACKSON|KANSAS CITY
JACKSON - 000534,8,1.0000000000,21.0000000000,21.0000000000,0,JACKSON,JACKSON|KANSAS CITY
JACKSON - 000536,8,1.0000000000,47.0000000000,47.0000000000,0,JACKSON,JACKSON|KANSAS CITY
JACKSON - 000537,8,1.0000000000,39.0000000000,39.0000000000,0,JACKSON,JACKSON|KANSAS CITY
JACKSON - 000538,8,1.0000000000,32.0000000000,32.0000000000,0,JACKSON,JACKSON|KANSAS CITY
JACKSON - 000539,8,1.0000000000,35.0000000000,35.0000000000,0,JACKSON,JACKSON|KANSAS CITY
JACKSON - 000540,8,1.0000000000,32.0000000000,32.0000000000,0,JACKSON,JACKSON|KANSAS CITY
JACKSON - 000542,8,1.0000000000,49.0000000000,49.0000000000,0,JACKSON,JACKSON|KANSAS CITY
JACKSON - 000543,8,1.0000000000,28.0000000000,28.0000000000,0,JACKSON,JACKSON|KANSAS CITY
JACKSON - 000544,8,1.0000000000,26.0000000000,26.0000000000,0,JACKSON,JACKSON|KANSAS CITY
JACKSON - 000546,8,1.0000000000,27.0000000000,27.0000000000,0,JACKSON,JACKSON|KANSAS CITY
JACKSON - 000547,8,1.0000000000,19.0000000000,19.0000000000,0,JACKSON,JACKSON|KANSAS CITY
JACKSON - 000548,8,1.0000000000,23.0000000000,23.0000000000,0,JACKSON,JACKSON|KANSAS CITY
JACKSON - 000550,8,1.0000000000,48.0000000000,48.0000000000,0,JACKSON,JACKSON|KANSAS CITY
JACKSON - 000551,8,1.0000000000,43.0000000000,43.0000000000,0,JACKSON,JACKSON|KANSAS CITY
JACKSON - 000552,8,1.0000000000,30.0000000000,30.0000000000,0,JACKSON,JACKSON|KANSAS CITY
JACKSON - 000554,8,1.0000000000,28.0000000000,28.0000000000,0,JACKSON,JACKSON|KANSAS CITY
JACKSON - 000555,8,1.0000000000,51.0000000000,51.0000000000,0,JACKSON,JACKSON|KANSAS CITY
JACKSON - 000556,8,1.0000000000,32.0000000000,32.0000000000,0,JACKSON,JACKSON|KANSAS CITY
JACKSON - 000557,8,1.0000000000,1.0000000000,1.0000000000,0,JACKSON,JACKSON|KANSAS CITY
JACKSON - 000558,8,1.0000000000,12.0000000000,12.0000000000,0,JACKSON,JACKSON|KANSAS CITY
JACKSON - 000561,8,1.0000000000,21.0000000000,21.0000000000,0,JACKSON,JACKSON|KANSAS CITY
JACKSON - 000562,8,1.0000000000,53.0000000000,53.0000000000,0,JACKSON,JACKSON|KANSAS CITY
JACKSON - 000563,8,1.0000000000,26.0000000000,26.0000000000,0,JACKSON,JACKSON|KANSAS CITY
JACKSON - 000564,8,1.0000000000,17.0000000000,17.0000000000,0,JACKSON,JACKSON|KANSAS CITY
JACKSON - 000566,8,1.0000000000,47.0000000000,47.0000000000,0,JACKSON,JACKSON|KANSAS CITY
JACKSON - 000567,8,1.0000000000,29.0000000000,29.0000000000,0,JACKSON,JACKSON|KANSAS CITY
JACKSON - 000568,8,1.0000000000,15.0000000000,15.0000000000,0,JACKSON,JACKSON|KANSAS CITY
JACKSON - 000569,11,1.0000000000,24.0000000000,24.0000000000,0,JACKSON,JACKSON|KANSAS CITY
JACKSON - 000570,8,1.0000000000,36.0000000000,36.0000000000,0,JACKSON,JACKSON|KANSAS CITY
JACKSON - 000572,8,1.0000000000,28.0000000000,28.0000000000,0,JACKSON,JACKSON|KANSAS CITY
JACKSON - 000573,8,1.0000000000,18.0000000000,18.0000000000,0,JACKSON,JACKSON|KANSAS CITY
JACKSON - 000578,8,1.0000000000,25.0000000000,25.0000000000,0,JACKSON,JACKSON|KANSAS CITY
JACKSON - 000579,8,1.0000000000,21.0000000000,21.0000000000,0,JACKSON,JACKSON|KANSAS CITY
JACKSON - 000580,8,1.0000000000,24.0000000000,24.0000000000,0,JACKSON,JACKSON|KANSAS CITY
JACKSON - 000581,8,0.2500000000,1.0000000000,4.0000000000,0,JACKSON,JACKSON|KANSAS CITY
JACKSON - 000581,11,0.7500000000,3.0000000000,4.0000000000,0,JACKSON,JACKSON|KANSAS CITY
JACKSON - 000582,11,1.0000000000,19.0000000000,19.0000000000,0,JACKSON,JACKSON|KANSAS CITY
JACKSON - 000584,8,1.0000000000,39.0000000000,39.0000000000,0,JACKSON,JACKSON|KANSAS CITY
JACKSON - 000586,8,1.0000000000,82.0000000000,82.0000000000,0,JACKSON,JACKSON|KANSAS CITY
JACKSON - 000587,8,1.0000000000,35.0000000000,35.0000000000,0,JACKSON,JACKSON|KANSAS CITY
JACKSON - 000590,8,1.0000000000,5.0000000000,5.0000000000,0,JACKSON,JACKSON|KANSAS CITY
JACKSON - 000591,8,1.0000000000,24.0000000000,24.0000000000,0,JACKSON,JACKSON|KANSAS CITY
JACKSON - 000592,8,1.0000000000,18.0000000000,18.0000000000,0,JACKSON,JACKSON|KANSAS CITY
JACKSON - 000593,11,1.0000000000,36.0000000000,36.0000000000,0,JACKSON,JACKSON|KANSAS CITY
JACKSON - 000595,8,1.0000000000,20.0000000000,20.0000000000,0,JACKSON,JACKSON|KANSAS CITY
JACKSON - 000596,8,1.0000000000,40.0000000000,40.0000000000,0,JACKSON,JACKSON|KANSAS CITY
JACKSON - 000599,8,1.0000000000,44.0000000000,44.0000000000,0,JACKSON,JACKSON|KANSAS CITY
JACKSON - 000601,8,1.0000000000,24.0000000000,24.0000000000,0,JACKSON,JACKSON|KANSAS CITY
JACKSON - 000603,8,1.0000000000,32.0000000000,32.0000000000,0,JACKSON,JACKSON|KANSAS CITY
JACKSON - 000604,8,1.0000000000,20.0000000000,20.0000000000,0,JACKSON,JACKSON|KANSAS CITY
JACKSON - 000605,8,1.0000000000,6.0000000000,6.0000000000,0,JACKSON,JACKSON|KANSAS CITY
JACKSON - 000606,11,1.0000000000,35.0000000000,35.0000000000,0,JACKSON,JACKSON|KANSAS CITY
JACKSON - 000607,11,1.0000000000,45.0000000000,45.0000000000,0,JACKSON,JACKSON|KANSAS CITY
JACKSON - 000608,11,1.0000000000,73.0000000000,73.0000000000,0,JACKSON,JACKSON|KANSAS CITY
JACKSON - 000610,8,0.0400000000,1.0000000000,25.0000000000,0,JACKSON,JACKSON|KANSAS CITY
JACKSON - 000610,11,0.9600000000,24.0000000000,25.0000000000,0,JACKSON,JACKSON|KANSAS CITY
JACKSON - 000612,11,1.0000000000,8.0000000000,8.0000000000,0,JACKSON,JACKSON|KANSAS CITY
JACKSON - 000613,8,1.0000000000,14.0000000000,14.0000000000,0,JACKSON,JACKSON|KANSAS CITY
JACKSON - 000614,11,1.0000000000,55.0000000000,55.0000000000,0,JACKSON,JACKSON|KANSAS CITY
JACKSON - 000616,11,1.0000000000,18.0000000000,18.0000000000,0,JACKSON,JACKSON|KANSAS CITY
JACKSON - 000617,11,1.0000000000,24.0000000000,24.0000000000,0,JACKSON,JACKSON|KANSAS CITY
JACKSON - 000619,11,1.0000000000,42.0000000000,42.0000000000,0,JACKSON,JACKSON|KANSAS CITY
JACKSON - 000620,8,0.9210526316,35.0000000000,38.0000000000,0,JACKSON,JACKSON|KANSAS CITY
JACKSON - 000620,11,0.0789473684,3.0000000000,38.0000000000,0,JACKSON,JACKSON|KANSAS CITY
JACKSON - 000622,8,0.5365853659,22.0000000000,41.0000000000,0,JACKSON,JACKSON|KANSAS CITY
JACKSON - 000622,11,0.4634146341,19.0000000000,41.0000000000,0,JACKSON,JACKSON|KANSAS CITY
JACKSON - 000623,8,1.0000000000,76.0000000000,76.0000000000,0,JACKSON,JACKSON|KANSAS CITY
JACKSON - 000625,8,1.0000000000,22.0000000000,22.0000000000,0,JACKSON,JACKSON|KANSAS CITY
JACKSON - 000626,8,0.7857142857,22.0000000000,28.0000000000,0,JACKSON,JACKSON|KANSAS CITY
JACKSON - 000626,11,0.2142857143,6.0000000000,28.0000000000,0,JACKSON,JACKSON|KANSAS CITY
JACKSON - 000629,8,1.0000000000,37.0000000000,37.0000000000,0,JACKSON,JACKSON|KANSAS CITY
JACKSON - 000630,8,1.0000000000,26.0000000000,26.0000000000,0,JACKSON,JACKSON|KANSAS CITY
JACKSON - 000631,11,1.0000000000,25.0000000000,25.0000000000,0,JACKSON,JACKSON|KANSAS CITY
JACKSON - 000632,11,1.0000000000,49.0000000000,49.0000000000,0,JACKSON,JACKSON|KANSAS CITY
JACKSON - 000633,11,1.0000000000,53.0000000000,53.0000000000,0,JACKSON,JACKSON|KANSAS CITY
JACKSON - 000634,8,0.7735849057,41.0000000000,53.0000000000,0,JACKSON,JACKSON|KANSAS CITY
JACKSON - 000634,11,0.2264150943,12.0000000000,53.0000000000,0,JACKSON,JACKSON|KANSAS CITY
JACKSON - 000637,11,1.0000000000,28.0000000000,28.0000000000,0,JACKSON,JACKSON|KANSAS CITY
JACKSON - 000638,8,0.5000000000,22.0000000000,44.0000000000,0,JACKSON,JACKSON|KANSAS CITY
JACKSON - 000638,11,0.5000000000,22.0000000000,44.0000000000,0,JACKSON,JACKSON|KANSAS CITY
JACKSON - 000639,8,1.0000000000,36.0000000000,36.0000000000,0,JACKSON,JACKSON|KANSAS CITY
JACKSON - 000640,8,1.0000000000,14.0000000000,14.0000000000,0,JACKSON,JACKSON|KANSAS CITY
JACKSON - 000641,8,1.0000000000,11.0000000000,11.0000000000,0,JACKSON,JACKSON|KANSAS CITY
JACKSON - 000642,8,1.0000000000,14.0000000000,14.0000000000,0,JACKSON,JACKSON|KANSAS CITY
JACKSON - 000643,8,1.0000000000,17.0000000000,17.0000000000,0,JACKSON,JACKSON|KANSAS CITY
JACKSON - 000644,8,1.0000000000,26.0000000000,26.0000000000,0,JACKSON,JACKSON|KANSAS CITY
JACKSON - 000645,8,1.0000000000,83.0000000000,83.0000000000,0,JACKSON,JACKSON|KANSAS CITY
JACKSON - 000648,7,1.0000000000,26.0000000000,26.0000000000,0,JACKSON,JACKSON|KANSAS CITY
JACKSON - 000650,7,1.0000000000,29.0000000000,29.0000000000,0,JACKSON,JACKSON|KANSAS CITY
JACKSON - 000651,7,1.0000000000,34.0000000000,34.0000000000,0,JACKSON,JACKSON|KANSAS CITY
JACKSON - 000654,7,1.0000000000,46.0000000000,46.0000000000,0,JACKSON,JACKSON|KANSAS CITY
JACKSON - 000655,7,1.0000000000,36.0000000000,36.0000000000,0,JACKSON,JACKSON|KANSAS CITY
JACKSON - 000656,7,1.0000000000,48.0000000000,48.0000000000,0,JACKSON,JACKSON|KANSAS CITY
JACKSON - 000658,7,1.0000000000,12.0000000000,12.0000000000,0,JACKSON,JACKSON|KANSAS CITY
JACKSON - 000660,7,1.0000000000,49.0000000000,49.0000000000,0,JACKSON,JACKSON|KANSAS CITY
JACKSON - 000661,7,1.0000000000,38.0000000000,38.0000000000,0,JACKSON,JACKSON|KANSAS CITY
JACKSON - 000662,7,1.0000000000,26.0000000000,26.0000000000,0,JACKSON,JACKSON|KANSAS CITY
JACKSON - 000663,7,1.0000000000,26.0000000000,26.0000000000,0,JACKSON,JACKSON|KANSAS CITY
JACKSON - 000664,7,1.0000000000,79.0000000000,79.0000000000,0,JACKSON,JACKSON|KANSAS CITY
JACKSON - 16-100,8,1.0000000000,27.0000000000,27.0000000000,0,JACKSON,JACKSON|KANSAS CITY
JACKSON - 16-101,11,1.0000000000,1.0000000000,1.0000000000,0,JACKSON,JACKSON|KANSAS CITY
JACKSON - 160102,11,1.0000000000,67.0000000000,67.0000000000,0,JACKSON,JACKSON|KANSAS CITY
JACKSON - 160103,11,1.0000000000,75.0000000000,75.0000000000,0,JACKSON,JACKSON|KANSAS CITY
JACKSON - 160104,11,1.0000000000,51.0000000000,51.0000000000,0,JACKSON,JACKSON|KANSAS CITY
JACKSON - 160406,11,1.0000000000,49.0000000000,49.0000000000,0,JACKSON,JACKSON|KANSAS CITY
JACKSON - BR1608,9,1.0000000000,34.0000000000,34.0000000000,0,JACKSON,JACKSON|KANSAS CITY
JACKSON - BR1610,9,1.0000000000,61.0000000000,61.0000000000,0,JACKSON,JACKSON|KANSAS CITY
JACKSON - BR1611,9,1.0000000000,3.0000000000,3.0000000000,0,JACKSON,JACKSON|KANSAS CITY
JACKSON - BR1612,9,1.0000000000,43.0000000000,43.0000000000,0,JACKSON,JACKSON|KANSAS CITY
JACKSON - BR1613,9,1.0000000000,37.0000000000,37.0000000000,0,JACKSON,JACKSON|KANSAS CITY
JACKSON - BR1619,9,1.0000000000,2.0000000000,2.0000000000,0,JACKSON,JACKSON|KANSAS CITY
JACKSON - BR1620,9,1.0000000000,13.0000000000,13.0000000000,0,JACKSON,JACKSON|KANSAS CITY
JACKSON - BRNO06,9,1.0000000000,6.0000000000,6.0000000000,0,JACKSON,JACKSON|KANSAS CITY
JACKSON - FO1601,11,1.0000000000,10.0000000000,10.0000000000,0,JACKSON,JACKSON|KANSAS CITY
JACKSON - FO1609,11,1.0000000000,13.0000000000,13.0000000000,0,JACKSON,JACKSON|KANSAS CITY
JACKSON - K16106,7,0.6363636364,21.0000000000,33.0000000000,1,KANSAS CITY,KANSAS CITY|JACKSON
JACKSON - K16106,9,0.3636363636,12.0000000000,33.0000000000,1,KANSAS CITY,KANSAS CITY|JACKSON
JACKSON - K16207,9,1.0000000000,2.0000000000,2.0000000000,1,KANSAS CITY,KANSAS CITY|JACKSON
JACKSON - K16218,7,0.6538461538,17.0000000000,26.0000000000,1,KANSAS CITY,KANSAS CITY|JACKSON
JACKSON - K16218,9,0.3461538462,9.0000000000,26.0000000000,1,KANSAS CITY,KANSAS CITY|JACKSON
JACKSON - K16316,9,1.0000000000,7.0000000000,7.0000000000,1,KANSAS CITY,KANSAS CITY|JACKSON
JACKSON - K16419,7,1.0000000000,8.0000000000,8.0000000000,1,KANSAS CITY,KANSAS CITY|JACKSON
JACKSON - K16429,7,1.0000000000,8.0000000000,8.0000000000,0,JACKSON,JACKSON|KANSAS CITY
JACKSON - K16439,7,1.0000000000,9.0000000000,9.0000000000,0,JACKSON,JACKSON|KANSAS CITY
JACKSON - K16449,7,1.0000000000,6.0000000000,6.0000000000,0,JACKSON,JACKSON|KANSAS CITY
JACKSON - K16457,7,1.0000000000,1.0000000000,1.0000000000,0,JACKSON,JACKSON|KANSAS CITY
JACKSON - K16459,7,1.0000000000,9.0000000000,9.0000000000,0,JACKSON,JACKSON|KANSAS CITY
JACKSON - K16463,7,1.0000000000,13.0000000000,13.0000000000,0,JACKSON,JACKSON|KANSAS CITY
JACKSON - K16467,7,1.0000000000,1.0000000000,1.0000000000,0,JACKSON,JACKSON|KANSAS CITY
JACKSON - K16469,7,1.0000000000,4.0000000000,4.0000000000,0,JACKSON,JACKSON|KANSAS CITY
JACKSON - K16512,7,1.0000000000,8.0000000000,8.0000000000,1,KANSAS CITY,KANSAS CITY|JACKSON
JACKSON - K16513,7,1.0000000000,3.0000000000,3.0000000000,1,KANSAS CITY,KANSAS CITY|JACKSON
JACKSON - K16611,7,1.0000000000,14.0000000000,14.0000000000,1,KANSAS CITY,KANSAS CITY|JACKSON
JACKSON - K16615,7,1.0000000000,9.0000000000,9.0000000000,1,KANSAS CITY,KANSAS CITY|JACKSON
JACKSON - K16718,9,1.0000000000,4.0000000000,4.0000000000,1,KANSAS CITY,KANSAS CITY|JACKSON
JACKSON - K16804,7,1.0000000000,18.0000000000,18.0000000000,1,KANSAS CITY,KANSAS CITY|JACKSON
JACKSON - K16811,7,1.0000000000,1.0000000000,1.0000000000,1,KANSAS CITY,KANSAS CITY|JACKSON
JACKSON - K16814,7,1.0000000000,20.0000000000,20.0000000000,1,KANSAS CITY,KANSAS CITY|JACKSON
JACKSON - K16815,7,1.0000000000,6.0000000000,6.0000000000,1,KANSAS CITY,KANSAS CITY|JACKSON
JACKSON - K16903,7,1.0000000000,7.0000000000,7.0000000000,1,KANSAS CITY,KANSAS CITY|JACKSON
JACKSON - K16913,9,1.0000000000,6.0000000000,6.0000000000,1,KANSAS CITY,KANSAS CITY|JACKSON
JACKSON - KC1004,7,0.3750000000,3.0000000000,8.0000000000,1,KANSAS CITY,KANSAS CITY|JACKSON
JACKSON - KC1004,9,0.6250000000,5.0000000000,8.0000000000,1,KANSAS CITY,KANSAS CITY|JACKSON
JACKSON - KC1010,7,1.0000000000,2.0000000000,2.0000000000,1,KANSAS CITY,KANSAS CITY|JACKSON
JACKSON - KC1042,7,1.0000000000,7.0000000000,7.0000000000,1,KANSAS CITY,KANSAS CITY|JACKSON
JACKSON - KC1107,7,1.0000000000,12.0000000000,12.0000000000,1,KANSAS CITY,KANSAS CITY|JACKSON
JACKSON - KC1110,7,1.0000000000,15.0000000000,15.0000000000,1,KANSAS CITY,KANSAS CITY|JACKSON
JACKSON - KC1111,7,1.0000000000,19.0000000000,19.0000000000,1,KANSAS CITY,KANSAS CITY|JACKSON
JACKSON - KC1113,7,1.0000000000,9.0000000000,9.0000000000,1,KANSAS CITY,KANSAS CITY|JACKSON
JACKSON - KC1209,7,1.0000000000,13.0000000000,13.0000000000,1,KANSAS CITY,KANSAS CITY|JACKSON
JACKSON - KC1212,11,1.0000000000,1.0000000000,1.0000000000,1,KANSAS CITY,KANSAS CITY|JACKSON
JACKSON - KC1310,7,1.0000000000,7.0000000000,7.0000000000,1,KANSAS CITY,KANSAS CITY|JACKSON
JACKSON - KC1311,11,1.0000000000,15.0000000000,15.0000000000,1,KANSAS CITY,KANSAS CITY|JACKSON
JACKSON - KC1313,11,1.0000000000,23.0000000000,23.0000000000,1,KANSAS CITY,KANSAS CITY|JACKSON
JACKSON - KC1314,11,1.0000000000,17.0000000000,17.0000000000,1,KANSAS CITY,KANSAS CITY|JACKSON
JACKSON - KC1504,11,1.0000000000,6.0000000000,6.0000000000,1,KANSAS CITY,KANSAS CITY|JACKSON
JACKSON - KC1507,9,1.0000000000,21.0000000000,21.0000000000,1,KANSAS CITY,KANSAS CITY|JACKSON
JACKSON - KC1515,9,1.0000000000,1.0000000000,1.0000000000,1,KANSAS CITY,KANSAS CITY|JACKSON
JACKSON - KC1516,9,1.0000000000,2.0000000000,2.0000000000,1,KANSAS CITY,KANSAS CITY|JACKSON
JACKSON - KC1520,9,1.0000000000,8.0000000000,8.0000000000,1,KANSAS CITY,KANSAS CITY|JACKSON
JACKSON - KC1523,11,1.0000000000,6.0000000000,6.0000000000,1,KANSAS CITY,KANSAS CITY|JACKSON
JACKSON - KC1607,9,1.0000000000,4.0000000000,4.0000000000,1,KANSAS CITY,KANSAS CITY|JACKSON
JACKSON - KC1904,9,1.0000000000,7.0000000000,7.0000000000,1,KANSAS CITY,KANSAS CITY|JACKSON
JACKSON - KC1905,9,1.0000000000,6.0000000000,6.0000000000,1,KANSAS CITY,KANSAS CITY|JACKSON
JACKSON - KC1907,9,1.0000000000,2.0000000000,2.0000000000,1,KANSAS CITY,KANSAS CITY|JACKSON
JACKSON - KC1915,9,1.0000000000,1.0000000000,1.0000000000,1,KANSAS CITY,KANSAS CITY|JACKSON
JACKSON - KC1916,7,1.0000000000,18.0000000000,18.0000000000,1,KANSAS CITY,KANSAS CITY|JACKSON
JACKSON - KC1920,9,1.0000000000,8.0000000000,8.0000000000,1,KANSAS CITY,KANSAS CITY|JACKSON
JACKSON - KC2003,7,1.0000000000,5.0000000000,5.0000000000,1,KANSAS CITY,KANSAS CITY|JACKSON
JACKSON - KC2010,7,1.0000000000,4.0000000000,4.0000000000,1,KANSAS CITY,KANSAS CITY|JACKSON
JACKSON - KC2201,7,1.0000000000,9.0000000000,9.0000000000,1,KANSAS CITY,KANSAS CITY|JACKSON
JACKSON - KC2212,7,1.0000000000,18.0000000000,18.0000000000,1,KANSAS CITY,KANSAS CITY|JACKSON
JACKSON - KC2213,7,1.0000000000,5.0000000000,5.0000000000,1,KANSAS CITY,KANSAS CITY|JACKSON
JACKSON - KC2301,9,1.0000000000,8.0000000000,8.0000000000,1,KANSAS CITY,KANSAS CITY|JACKSON
JACKSON - KC2302,9,1.0000000000,3.0000000000,3.0000000000,1,KANSAS CITY,KANSAS CITY|JACKSON
JACKSON - KC2304,9,1.0000000000,1.0000000000,1.0000000000,1,KANSAS CITY,KANSAS CITY|JACKSON
JACKSON - KC2308,9,1.0000000000,1.0000000000,1.0000000000,1,KANSAS CITY,KANSAS CITY|JACKSON
JACKSON - KC2312,9,1.0000000000,6.0000000000,6.0000000000,1,KANSAS CITY,KANSAS CITY|JACKSON
JACKSON - KC2403,9,1.0000000000,5.0000000000,5.0000000000,1,KANSAS CITY,KANSAS CITY|JACKSON
JACKSON - KC2414,9,1.0000000000,2.0000000000,2.0000000000,1,KANSAS CITY,KANSAS CITY|JACKSON
JACKSON - KC2416,9,1.0000000000,3.0000000000,3.0000000000,1,KANSAS CITY,KANSAS CITY|JACKSON
JACKSON - KC2419,9,1.0000000000,5.0000000000,5.0000000000,1,KANSAS CITY,KANSAS CITY|JACKSON
JACKSON - KC2423,9,1.0000000000,5.0000000000,5.0000000000,1,KANSAS CITY,KANSAS CITY|JACKSON
JACKSON - KC2427,9,1.0000000000,1.0000000000,1.0000000000,1,KANSAS CITY,KANSAS CITY|JACKSON
JACKSON - KC2428,9,1.0000000000,3.0000000000,3.0000000000,1,KANSAS CITY,KANSAS CITY|JACKSON
JACKSON - KC2430,9,1.0000000000,1.0000000000,1.0000000000,1,KANSAS CITY,KANSAS CITY|JACKSON
JACKSON - KC2512,8,1.0000000000,9.0000000000,9.0000000000,1,KANSAS CITY,KANSAS CITY|JACKSON
JACKSON - KC2607,9,1.0000000000,4.0000000000,4.0000000000,1,KANSAS CITY,KANSAS CITY|JACKSON
JACKSON - KC2608,9,1.0000000000,8.0000000000,8.0000000000,1,KANSAS CITY,KANSAS CITY|JACKSON
JACKSON - KC2611,9,1.0000000000,6.0000000000,6.0000000000,1,KANSAS CITY,KANSAS CITY|JACKSON
JACKSON - KC2612,9,1.0000000000,1.0000000000,1.0000000000,1,KANSAS CITY,KANSAS CITY|JACKSON
JACKSON - KC2613,9,1.0000000000,4.0000000000,4.0000000000,1,KANSAS CITY,KANSAS CITY|JACKSON
JACKSON - PR1601,11,1.0000000000,2.0000000000,2.0000000000,0,JACKSON,JACKSON|KANSAS CITY
JACKSON - PR1602,8,1.0000000000,39.0000000000,39.0000000000,0,JACKSON,JACKSON|KANSAS CITY
JACKSON - PR1610,8,1.0000000000,19.0000000000,19.0000000000,0,JACKSON,JACKSON|KANSAS CITY
JACKSON - PR1625,8,1.0000000000,50.0000000000,50.0000000000,0,JACKSON,JACKSON|KANSAS CITY
JACKSON - PR1654,8,1.0000000000,19.0000000000,19.0000000000,0,JACKSON,JACKSON|KANSAS CITY
JACKSON - PR1655,8,1.0000000000,2.0000000000,2.0000000000,0,JACKSON,JACKSON|KANSAS CITY
JACKSON - PR1657,8,1.0000000000,1.0000000000,1.0000000000,0,JACKSON,JACKSON|KANSAS CITY
JACKSON - PR1658,8,1.0000000000,1.0000000000,1.0000000000,0,JACKSON,JACKSON|KANSAS CITY
JACKSON - PR1661,8,1.0000000000,2.0000000000,2.0000000000,0,JACKSON,JACKSON|KANSAS CITY
JACKSON - PR1663,8,1.0000000000,1.0000000000,1.0000000000,0,JACKSON,JACKSON|KANSAS CITY
JACKSON - SB1602,8,0.2857142857,4.0000000000,14.0000000000,0,JACKSON,JACKSON|KANSAS CITY
JACKSON - SB1602,11,0.7142857143,10.0000000000,14.0000000000,0,JACKSON,JACKSON|KANSAS CITY
JACKSON - SB1616,8,0.7200000000,18.0000000000,25.0000000000,0,JACKSON,JACKSON|KANSAS CITY
JACKSON - SB1616,11,0.2800000000,7.0000000000,25.0000000000,0,JACKSON,JACKSON|KANSAS CITY
JACKSON - SB1634,8,1.0000000000,10.0000000000,10.0000000000,0,JACKSON,JACKSON|KANSAS CITY
JACKSON - SB1635,8,1.0000000000,3.0000000000,3.0000000000,0,JACKSON,JACKSON|KANSAS CITY
JACKSON - SB1649,11,1.0000000000,9.0000000000,9.0000000000,0,JACKSON,JACKSON|KANSAS CITY
JACKSON - SB1683,8,1.0000000000,1.0000000000,1.0000000000,0,JACKSON,JACKSON|KANSAS CITY
JACKSON - VB1601,8,1.0000000000,6.0000000000,6.0000000000,0,JACKSON,JACKSON|KANSAS CITY
JACKSON - VB1603,8,1.0000000000,14.0000000000,14.0000000000,0,JACKSON,JACKSON|KANSAS CITY
JACKSON - VB1604,8,1.0000000000,3.0000000000,3.0000000000,0,JACKSON,JACKSON|KANSAS CITY
JACKSON - VB1606,8,1.0000000000,1.0000000000,1.0000000000,0,JACKSON,JACKSON|KANSAS CITY
JACKSON - VB1607,8,1.0000000000,7.0000000000,7.0000000000,0,JACKSON,JACKSON|KANSAS CITY
JACKSON - VB1608,8,1.0000000000,20.0000000000,20.0000000000,0,JACKSON,JACKSON|KANSAS CITY
JACKSON - VB1609,8,1.0000000000,10.0000000000,10.0000000000,0,JACKSON,JACKSON|KANSAS CITY
JACKSON - VB1610,8,1.0000000000,8.0000000000,8.0000000000,0,JACKSON,JACKSON|KANSAS CITY
JACKSON - VB1611,8,1.0000000000,54.0000000000,54.0000000000,0,JACKSON,JACKSON|KANSAS CITY
JACKSON - VB1613,8,1.0000000000,33.0000000000,33.0000000000,0,JACKSON,JACKSON|KANSAS CITY
JACKSON - VB1617,8,1.0000000000,9.0000000000,9.0000000000,0,JACKSON,JACKSON|KANSAS CITY
JASPER - 000002,32,1.0000000000,94.0000000000,94.0000000000,0,JASPER,JASPER
JASPER - 000003,32,1.0000000000,139.0000000000,139.0000000000,0,JASPER,JASPER
JASPER - 000004,32,1.0000000000,161.0000000000,161.0000000000,0,JASPER,JASPER
JASPER - 000005,32,1.0000000000,62.0000000000,62.0000000000,0,JASPER,JASPER
JASPER - 000006,32,1.0000000000,167.0000000000,167.0000000000,0,JASPER,JASPER
JASPER - 000007,32,1.0000000000,119.0000000000,119.0000000000,0,JASPER,JASPER
JASPER - 000008,32,1.0000000000,87.0000000000,87.0000000000,0,JASPER,JASPER
JASPER - 000009,32,1.0000000000,90.0000000000,90.0000000000,0,JASPER,JASPER
JASPER - 000010,32,1.0000000000,97.0000000000,97.0000000000,0,JASPER,JASPER
JASPER - 000011,32,1.0000000000,156.0000000000,156.0000000000,0,JASPER,JASPER
JASPER - 000012,32,1.0000000000,186.0000000000,186.0000000000,0,JASPER,JASPER
JASPER - 000013,32,1.0000000000,94.0000000000,94.0000000000,0,JASPER,JASPER
JASPER - 000014,32,1.0000000000,107.0000000000,107.0000000000,0,JASPER,JASPER
JASPER - 000015,32,1.0000000000,125.0000000000,125.0000000000,0,JASPER,JASPER
JASPER - 000016,32,1.0000000000,126.0000000000,126.0000000000,0,JASPER,JASPER
JASPER - 000017,32,1.0000000000,151.0000000000,151.0000000000,0,JASPER,JASPER
JASPER - 000018,32,1.0000000000,151.0000000000,151.0000000000,0,JASPER,JASPER
JASPER - 000019,32,1.0000000000,130.0000000000,130.0000000000,0,JASPER,JASPER
JASPER - 000020,32,1.0000000000,112.0000000000,112.0000000000,0,JASPER,JASPER
JASPER - 000021,32,1.0000000000,119.0000000000,119.0000000000,0,JASPER,JASPER
JASPER - 000022,32,1.0000000000,191.0000000000,191.0000000000,0,JASPER,JASPER
JASPER - 000023,32,1.0000000000,56.0000000000,56.0000000000,0,JASPER,JASPER
JASPER - 000024,32,1.0000000000,82.0000000000,82.0000000000,0,JASPER,JASPER
JASPER - 000026,32,1.0000000000,61.0000000000,61.0000000000,0,JASPER,JASPER
JASPER - 000027,32,1.0000000000,88.0000000000,88.0000000000,0,JASPER,JASPER
JASPER - 000029,32,1.0000000000,226.0000000000,226.0000000000,0,JASPER,JASPER
JASPER - 000030,32,1.0000000000,48.0000000000,48.0000000000,0,JASPER,JASPER
JASPER - 000031,32,1.0000000000,113.0000000000,113.0000000000,0,JASPER,JASPER
JASPER - 000032,32,1.0000000000,105.0000000000,105.0000000000,0,JASPER,JASPER
JASPER - 000033,32,1.0000000000,73.0000000000,73.0000000000,0,JASPER,JASPER
JASPER - 000034,32,1.0000000000,106.0000000000,106.0000000000,0,JASPER,JASPER
JASPER - 000035,32,1.0000000000,83.0000000000,83.0000000000,0,JASPER,JASPER
JASPER - 000036,32,1.0000000000,62.0000000000,62.0000000000,0,JASPER,JASPER
JASPER - 000037,32,1.0000000000,95.0000000000,95.0000000000,0,JASPER,JASPER
JASPER - 000038,32,1.0000000000,73.0000000000,73.0000000000,0,JASPER,JASPER
JASPER - 000040,32,1.0000000000,101.0000000000,101.0000000000,0,JASPER,JASPER
JASPER - 000041,32,1.0000000000,177.0000000000,177.0000000000,0,JASPER,JASPER
JASPER - 000042,32,1.0000000000,35.0000000000,35.0000000000,0,JASPER,JASPER
JASPER - 000043,32,1.0000000000,92.0000000000,92.0000000000,0,JASPER,JASPER
JASPER - 000044,32,1.0000000000,185.0000000000,185.0000000000,0,JASPER,JASPER
JASPER - 000045,32,1.0000000000,164.0000000000,164.0000000000,0,JASPER,JASPER
JASPER - 000046,32,1.0000000000,84.0000000000,84.0000000000,0,JASPER,JASPER
JASPER - 000047,32,1.0000000000,34.0000000000,34.0000000000,0,JASPER,JASPER
JASPER - 16-004,32,1.0000000000,16.0000000000,16.0000000000,0,JASPER,JASPER
JASPER - 16-026,32,1.0000000000,35.0000000000,35.0000000000,0,JASPER,JASPER
JEFFERSON - 000002,3,0.5538461538,36.0000000000,65.0000000000,0,JEFFERSON,JEFFERSON
JEFFERSON - 000002,22,0.4461538462,29.0000000000,65.0000000000,0,JEFFERSON,JEFFERSON
JEFFERSON - 000004,22,1.0000000000,25.0000000000,25.0000000000,0,JEFFERSON,JEFFERSON
JEFFERSON - 000006,22,1.0000000000,73.0000000000,73.0000000000,0,JEFFERSON,JEFFERSON
JEFFERSON - 000007,22,1.0000000000,75.0000000000,75.0000000000,0,JEFFERSON,JEFFERSON
JEFFERSON - 000008,22,1.0000000000,56.0000000000,56.0000000000,0,JEFFERSON,JEFFERSON
JEFFERSON - 000009,22,1.0000000000,47.0000000000,47.0000000000,0,JEFFERSON,JEFFERSON
JEFFERSON - 000010,3,1.0000000000,96.0000000000,96.0000000000,0,JEFFERSON,JEFFERSON
JEFFERSON - 000011,22,1.0000000000,51.0000000000,51.0000000000,0,JEFFERSON,JEFFERSON
JEFFERSON - 000013,22,1.0000000000,16.0000000000,16.0000000000,0,JEFFERSON,JEFFERSON
JEFFERSON - 000014,22,1.0000000000,9.0000000000,9.0000000000,0,JEFFERSON,JEFFERSON
JEFFERSON - 000015,22,1.0000000000,27.0000000000,27.0000000000,0,JEFFERSON,JEFFERSON
JEFFERSON - 000016,22,1.0000000000,116.0000000000,116.0000000000,0,JEFFERSON,JEFFERSON
JEFFERSON - 000017,3,0.1052631579,2.0000000000,19.0000000000,0,JEFFERSON,JEFFERSON
JEFFERSON - 000017,22,0.8947368421,17.0000000000,19.0000000000,0,JEFFERSON,JEFFERSON
JEFFERSON - 000018,22,1.0000000000,69.0000000000,69.0000000000,0,JEFFERSON,JEFFERSON
JEFFERSON - 000020,3,0.0752688172,7.0000000000,93.0000000000,0,JEFFERSON,JEFFERSON
JEFFERSON - 000020,22,0.9247311828,86.0000000000,93.0000000000,0,JEFFERSON,JEFFERSON
JEFFERSON - 000021,3,1.0000000000,159.0000000000,159.0000000000,0,JEFFERSON,JEFFERSON
JEFFERSON - 000022,22,1.0000000000,49.0000000000,49.0000000000,0,JEFFERSON,JEFFERSON
JEFFERSON - 000023,22,1.0000000000,42.0000000000,42.0000000000,0,JEFFERSON,JEFFERSON
JEFFERSON - 000024,22,1.0000000000,42.0000000000,42.0000000000,0,JEFFERSON,JEFFERSON
JEFFERSON - 000026,3,0.1707317073,14.0000000000,82.0000000000,0,JEFFERSON,JEFFERSON
JEFFERSON - 000026,22,0.8292682927,68.0000000000,82.0000000000,0,JEFFERSON,JEFFERSON
JEFFERSON - 000028,3,0.9638554217,80.0000000000,83.0000000000,0,JEFFERSON,JEFFERSON
JEFFERSON - 000028,22,0.0361445783,3.0000000000,83.0000000000,0,JEFFERSON,JEFFERSON
JEFFERSON - 000029,3,1.0000000000,9.0000000000,9.0000000000,0,JEFFERSON,JEFFERSON
JEFFERSON - 000030,3,0.9000000000,45.0000000000,50.0000000000,0,JEFFERSON,JEFFERSON
JEFFERSON - 000030,22,0.1000000000,5.0000000000,50.0000000000,0,JEFFERSON,JEFFERSON
JEFFERSON - 000031,22,1.0000000000,65.0000000000,65.0000000000,0,JEFFERSON,JEFFERSON
JEFFERSON - 000034,22,1.0000000000,73.0000000000,73.0000000000,0,JEFFERSON,JEFFERSON
JEFFERSON - 000036,3,1.0000000000,22.0000000000,22.0000000000,0,JEFFERSON,JEFFERSON
JEFFERSON - 000037,3,1.0000000000,119.0000000000,119.0000000000,0,JEFFERSON,JEFFERSON
JEFFERSON - 000038,3,1.0000000000,13.0000000000,13.0000000000,0,JEFFERSON,JEFFERSON
JEFFERSON - 000039,22,1.0000000000,59.0000000000,59.0000000000,0,JEFFERSON,JEFFERSON
JEFFERSON - 000040,22,1.0000000000,107.0000000000,107.0000000000,0,JEFFERSON,JEFFERSON
JEFFERSON - 000043,22,1.0000000000,71.0000000000,71.0000000000,0,JEFFERSON,JEFFERSON
JEFFERSON - 000044,22,1.0000000000,36.0000000000,36.0000000000,0,JEFFERSON,JEFFERSON
JEFFERSON - 000045,22,1.0000000000,8.0000000000,8.0000000000,0,JEFFERSON,JEFFERSON
JEFFERSON - 000047,22,1.0000000000,23.0000000000,23.0000000000,0,JEFFERSON,JEFFERSON
JEFFERSON - 000048,3,0.9387755102,92.0000000000,98.0000000000,0,JEFFERSON,JEFFERSON
JEFFERSON - 000048,22,0.0612244898,6.0000000000,98.0000000000,0,JEFFERSON,JEFFERSON
JEFFERSON - 000050,22,1.0000000000,28.0000000000,28.0000000000,0,JEFFERSON,JEFFERSON
JEFFERSON - 000051,22,1.0000000000,9.0000000000,9.0000000000,0,JEFFERSON,JEFFERSON
JEFFERSON - 000052,22,1.0000000000,99.0000000000,99.0000000000,0,JEFFERSON,JEFFERSON
JEFFERSON - 000054,22,1.0000000000,45.0000000000,45.0000000000,0,JEFFERSON,JEFFERSON
JEFFERSON - 000056,22,1.0000000000,36.0000000000,36.0000000000,0,JEFFERSON,JEFFERSON
JEFFERSON - 000057,22,1.0000000000,57.0000000000,57.0000000000,0,JEFFERSON,JEFFERSON
JEFFERSON - 000058,22,1.0000000000,47.0000000000,47.0000000000,0,JEFFERSON,JEFFERSON
JEFFERSON - 000061,22,0.9863013699,72.0000000000,73.0000000000,0,JEFFERSON,JEFFERSON
JEFFERSON - 000061,24,0.0136986301,1.0000000000,73.0000000000,0,JEFFERSON,JEFFERSON
JEFFERSON - 000062,3,1.0000000000,80.0000000000,80.0000000000,0,JEFFERSON,JEFFERSON
JEFFERSON - 000063,3,1.0000000000,26.0000000000,26.0000000000,0,JEFFERSON,JEFFERSON
JEFFERSON - 000064,22,1.0000000000,6.0000000000,6.0000000000,0,JEFFERSON,JEFFERSON
JEFFERSON - 000065,22,1.0000000000,41.0000000000,41.0000000000,0,JEFFERSON,JEFFERSON
JEFFERSON - 000068,3,1.0000000000,42.0000000000,42.0000000000,0,JEFFERSON,JEFFERSON
JEFFERSON - 000069,22,1.0000000000,8.0000000000,8.0000000000,0,JEFFERSON,JEFFERSON
JEFFERSON - 000070,22,1.0000000000,4.0000000000,4.0000000000,0,JEFFERSON,JEFFERSON
JEFFERSON - 000071,22,1.0000000000,64.0000000000,64.0000000000,0,JEFFERSON,JEFFERSON
JEFFERSON - 000074,22,1.0000000000,89.0000000000,89.0000000000,0,JEFFERSON,JEFFERSON
JEFFERSON - 000075,22,1.0000000000,53.0000000000,53.0000000000,0,JEFFERSON,JEFFERSON
JEFFERSON - 000077,22,1.0000000000,29.0000000000,29.0000000000,0,JEFFERSON,JEFFERSON
JEFFERSON - 000078,22,1.0000000000,8.0000000000,8.0000000000,0,JEFFERSON,JEFFERSON
JEFFERSON - 000079,22,1.0000000000,51.0000000000,51.0000000000,0,JEFFERSON,JEFFERSON
JEFFERSON - 000080,3,1.0000000000,140.0000000000,140.0000000000,0,JEFFERSON,JEFFERSON
JEFFERSON - 000081,3,1.0000000000,50.0000000000,50.0000000000,0,JEFFERSON,JEFFERSON
JEFFERSON - 000083,3,1.0000000000,68.0000000000,68.0000000000,0,JEFFERSON,JEFFERSON
JEFFERSON - 000085,3,1.0000000000,101.0000000000,101.0000000000,0,JEFFERSON,JEFFERSON
JEFFERSON - 000086,3,1.0000000000,69.0000000000,69.0000000000,0,JEFFERSON,JEFFERSON
JEFFERSON - 000087,22,1.0000000000,110.0000000000,110.0000000000,0,JEFFERSON,JEFFERSON
JEFFERSON - 13-107,22,1.0000000000,18.0000000000,18.0000000000,0,JEFFERSON,JEFFERSON
JEFFERSON - 16-088,22,1.0000000000,8.0000000000,8.0000000000,0,JEFFERSON,JEFFERSON
JEFFERSON - 16-089,22,1.0000000000,33.0000000000,33.0000000000,0,JEFFERSON,JEFFERSON
JEFFERSON - 16-090,22,0.9871794872,77.0000000000,78.0000000000,0,JEFFERSON,JEFFERSON
JEFFERSON - 16-090,24,0.0128205128,1.0000000000,78.0000000000,0,JEFFERSON,JEFFERSON
JEFFERSON - 16-091,22,1.0000000000,58.0000000000,58.0000000000,0,JEFFERSON,JEFFERSON
JEFFERSON - 16-092,22,1.0000000000,4.0000000000,4.0000000000,0,JEFFERSON,JEFFERSON
JEFFERSON - 16-093,22,1.0000000000,55.0000000000,55.0000000000,0,JEFFERSON,JEFFERSON
JEFFERSON - 16-094,3,1.0000000000,79.0000000000,79.0000000000,0,JEFFERSON,JEFFERSON
JEFFERSON - 16-095,3,1.0000000000,109.0000000000,109.0000000000,0,JEFFERSON,JEFFERSON
JEFFERSON - 16-096,22,1.0000000000,47.0000000000,47.0000000000,0,JEFFERSON,JEFFERSON
JEFFERSON - 16-097,22,1.0000000000,34.0000000000,34.0000000000,0,JEFFERSON,JEFFERSON
JEFFERSON - 16-098,22,1.0000000000,12.0000000000,12.0000000000,0,JEFFERSON,JEFFERSON
JEFFERSON - 16-099,3,1.0000000000,12.0000000000,12.0000000000,0,JEFFERSON,JEFFERSON
JEFFERSON - 16-100,3,1.0000000000,36.0000000000,36.0000000000,0,JEFFERSON,JEFFERSON
JEFFERSON - 16-102,3,0.0967741935,6.0000000000,62.0000000000,0,JEFFERSON,JEFFERSON
JEFFERSON - 16-102,22,0.9032258065,56.0000000000,62.0000000000,0,JEFFERSON,JEFFERSON
JEFFERSON - 16-103,22,1.0000000000,98.0000000000,98.0000000000,0,JEFFERSON,JEFFERSON
JEFFERSON - 16-104,22,1.0000000000,4.0000000000,4.0000000000,0,JEFFERSON,JEFFERSON
JEFFERSON - 16-105,22,1.0000000000,93.0000000000,93.0000000000,0,JEFFERSON,JEFFERSON
JEFFERSON - 16-106,22,1.0000000000,46.0000000000,46.0000000000,0,JEFFERSON,JEFFERSON
JEFFERSON - 16-107,22,1.0000000000,54.0000000000,54.0000000000,0,JEFFERSON,JEFFERSON
JEFFERSON - 16-108,22,1.0000000000,25.0000000000,25.0000000000,0,JEFFERSON,JEFFERSON
JEFFERSON - 16-109,22,1.0000000000,25.0000000000,25.0000000000,0,JEFFERSON,JEFFERSON
JEFFERSON - 16-110,22,1.0000000000,22.0000000000,22.0000000000,0,JEFFERSON,JEFFERSON
JEFFERSON - 16-111,22,1.0000000000,31.0000000000,31.0000000000,0,JEFFERSON,JEFFERSON
JEFFERSON - 16-112,22,1.0000000000,16.0000000000,16.0000000000,0,JEFFERSON,JEFFERSON
JEFFERSON - 16-115,3,1.0000000000,46.0000000000,46.0000000000,0,JEFFERSON,JEFFERSON
JOHNSON - 000002,31,1.0000000000,302.0000000000,302.0000000000,0,JOHNSON,JOHNSON
JOHNSON - 000003,31,1.0000000000,77.0000000000,77.0000000000,0,JOHNSON,JOHNSON
JOHNSON - 000004,31,1.0000000000,110.0000000000,110.0000000000,0,JOHNSON,JOHNSON
JOHNSON - 000005,31,1.0000000000,146.0000000000,146.0000000000,0,JOHNSON,JOHNSON
JOHNSON - 000006,31,1.0000000000,160.0000000000,160.0000000000,0,JOHNSON,JOHNSON
JOHNSON - 000007,31,1.0000000000,124.0000000000,124.0000000000,0,JOHNSON,JOHNSON
JOHNSON - 000008,31,1.0000000000,92.0000000000,92.0000000000,0,JOHNSON,JOHNSON
JOHNSON - 000009,31,1.0000000000,138.0000000000,138.0000000000,0,JOHNSON,JOHNSON
JOHNSON - 000010,31,1.0000000000,160.0000000000,160.0000000000,0,JOHNSON,JOHNSON
JOHNSON - 000011,31,1.0000000000,78.0000000000,78.0000000000,0,JOHNSON,JOHNSON
JOHNSON - 000012,31,1.0000000000,150.0000000000,150.0000000000,0,JOHNSON,JOHNSON
JOHNSON - 000013,31,1.0000000000,82.0000000000,82.0000000000,0,JOHNSON,JOHNSON
JOHNSON - 000014,31,1.0000000000,98.0000000000,98.0000000000,0,JOHNSON,JOHNSON
JOHNSON - 000015,31,1.0000000000,137.0000000000,137.0000000000,0,JOHNSON,JOHNSON
JOHNSON - 000016,31,1.0000000000,76.0000000000,76.0000000000,0,JOHNSON,JOHNSON
JOHNSON - 000017,31,1.0000000000,71.0000000000,71.0000000000,0,JOHNSON,JOHNSON
JOHNSON - 000018,31,1.0000000000,122.0000000000,122.0000000000,0,JOHNSON,JOHNSON
JOHNSON - 000019,31,1.0000000000,93.0000000000,93.0000000000,0,JOHNSON,JOHNSON
JOHNSON - 000020,31,1.0000000000,82.0000000000,82.0000000000,0,JOHNSON,JOHNSON
JOHNSON - 000021,31,1.0000000000,95.0000000000,95.0000000000,0,JOHNSON,JOHNSON
KNOX - 000002,18,1.0000000000,180.0000000000,180.0000000000,0,KNOX,KNOX
KNOX - 000003,18,1.0000000000,245.0000000000,245.0000000000,0,KNOX,KNOX
KNOX - 000004,18,1.0000000000,136.0000000000,136.0000000000,0,KNOX,KNOX
KNOX - 000005,18,1.0000000000,223.0000000000,223.0000000000,0,KNOX,KNOX
KNOX - 000006,18,1.0000000000,165.0000000000,165.0000000000,0,KNOX,KNOX
KNOX - 000007,18,1.0000000000,204.0000000000,204.0000000000,0,KNOX,KNOX
LACLEDE - 000002,16,1.0000000000,45.0000000000,45.0000000000,0,LACLEDE,LACLEDE
LACLEDE - 000004,16,1.0000000000,56.0000000000,56.0000000000,0,LACLEDE,LACLEDE
LACLEDE - 000005,16,1.0000000000,128.0000000000,128.0000000000,0,LACLEDE,LACLEDE
LACLEDE - 000006,16,1.0000000000,60.0000000000,60.0000000000,0,LACLEDE,LACLEDE
LACLEDE - 000007,16,1.0000000000,69.0000000000,69.0000000000,0,LACLEDE,LACLEDE
LACLEDE - 000008,16,1.0000000000,45.0000000000,45.0000000000,0,LACLEDE,LACLEDE
LACLEDE - 000009,16,1.0000000000,90.0000000000,90.0000000000,0,LACLEDE,LACLEDE
LACLEDE - 000010,16,1.0000000000,87.0000000000,87.0000000000,0,LACLEDE,LACLEDE
LACLEDE - 000011,16,1.0000000000,136.0000000000,136.0000000000,0,LACLEDE,LACLEDE
LACLEDE - 000012,16,1.0000000000,74.0000000000,74.0000000000,0,LACLEDE,LACLEDE
LACLEDE - 000013,16,1.0000000000,87.0000000000,87.0000000000,0,LACLEDE,LACLEDE
LACLEDE - 000014,16,1.0000000000,82.0000000000,82.0000000000,0,LACLEDE,LACLEDE
LACLEDE - 000015,16,1.0000000000,118.0000000000,118.0000000000,0,LACLEDE,LACLEDE
LACLEDE - 000016,16,1.0000000000,20.0000000000,20.0000000000,0,LACLEDE,LACLEDE
LACLEDE - 000017,16,1.0000000000,95.0000000000,95.0000000000,0,LACLEDE,LACLEDE
LACLEDE - 000018,16,1.0000000000,168.0000000000,168.0000000000,0,LACLEDE,LACLEDE
LACLEDE - 000019,16,1.0000000000,97.0000000000,97.0000000000,0,LACLEDE,LACLEDE
LACLEDE - 000020,16,1.0000000000,118.0000000000,118.0000000000,0,LACLEDE,LACLEDE
LACLEDE - 000022,16,1.0000000000,83.0000000000,83.0000000000,0,LACLEDE,LACLEDE
LACLEDE - 000023,16,1.0000000000,142.0000000000,142.0000000000,0,LACLEDE,LACLEDE
LACLEDE - 16-024,16,1.0000000000,103.0000000000,103.0000000000,0,LACLEDE,LACLEDE
LACLEDE - 16-025,16,1.0000000000,25.0000000000,25.0000000000,0,LACLEDE,LACLEDE
LACLEDE - 16-026,16,1.0000000000,90.0000000000,90.0000000000,0,LACLEDE,LACLEDE
LACLEDE - 16-027,16,1.0000000000,52.0000000000,52.0000000000,0,LACLEDE,LACLEDE
LAFAYETTE - 000002,21,1.0000000000,270.0000000000,270.0000000000,0,LAFAYETTE,LAFAYETTE
LAFAYETTE - 000003,21,1.0000000000,125.0000000000,125.0000000000,0,LAFAYETTE,LAFAYETTE
LAFAYETTE - 000004,21,1.0000000000,150.0000000000,150.0000000000,0,LAFAYETTE,LAFAYETTE
LAFAYETTE - 000005,21,1.0000000000,114.0000000000,114.0000000000,0,LAFAYETTE,LAFAYETTE
LAFAYETTE - 000006,21,1.0000000000,105.0000000000,105.0000000000,0,LAFAYETTE,LAFAYETTE
LAFAYETTE - 000007,21,1.0000000000,191.0000000000,191.0000000000,0,LAFAYETTE,LAFAYETTE
LAFAYETTE - 000008,21,1.0000000000,74.0000000000,74.0000000000,0,LAFAYETTE,LAFAYETTE
LAFAYETTE - 000009,21,1.0000000000,66.0000000000,66.0000000000,0,LAFAYETTE,LAFAYETTE
LAFAYETTE - 000010,21,1.0000000000,136.0000000000,136.0000000000,0,LAFAYETTE,LAFAYETTE
LAFAYETTE - 000011,21,1.0000000000,76.0000000000,76.0000000000,0,LAFAYETTE,LAFAYETTE
LAFAYETTE - 000012,21,1.0000000000,2.0000000000,2.0000000000,0,LAFAYETTE,LAFAYETTE
LAFAYETTE - 000013,21,1.0000000000,207.0000000000,207.0000000000,0,LAFAYETTE,LAFAYETTE
LAFAYETTE - 000014,21,1.0000000000,94.0000000000,94.0000000000,0,LAFAYETTE,LAFAYETTE
LAFAYETTE - 000015,21,1.0000000000,110.0000000000,110.0000000000,0,LAFAYETTE,LAFAYETTE
LAFAYETTE - 000016,21,1.0000000000,78.0000000000,78.0000000000,0,LAFAYETTE,LAFAYETTE
LAFAYETTE - 000017,21,1.0000000000,211.0000000000,211.0000000000,0,LAFAYETTE,LAFAYETTE
LAFAYETTE - 000018,21,1.0000000000,66.0000000000,66.0000000000,0,LAFAYETTE,LAFAYETTE
LAFAYETTE - 000019,21,1.0000000000,105.0000000000,105.0000000000,0,LAFAYETTE,LAFAYETTE
LAFAYETTE - 000020,21,1.0000000000,97.0000000000,97.0000000000,0,LAFAYETTE,LAFAYETTE
LAFAYETTE - 000021,21,1.0000000000,125.0000000000,125.0000000000,0,LAFAYETTE,LAFAYETTE
LAWRENCE - 000002,29,1.0000000000,181.0000000000,181.0000000000,0,LAWRENCE,LAWRENCE
LAWRENCE - 000003,29,1.0000000000,140.0000000000,140.0000000000,0,LAWRENCE,LAWRENCE
LAWRENCE - 000004,29,1.0000000000,203.0000000000,203.0000000000,0,LAWRENCE,LAWRENCE
LAWRENCE - 000005,29,1.0000000000,145.0000000000,145.0000000000,0,LAWRENCE,LAWRENCE
LAWRENCE - 000006,29,1.0000000000,154.0000000000,154.0000000000,0,LAWRENCE,LAWRENCE
LAWRENCE - 000007,29,1.0000000000,194.0000000000,194.0000000000,0,LAWRENCE,LAWRENCE
LAWRENCE - 000008,29,1.0000000000,218.0000000000,218.0000000000,0,LAWRENCE,LAWRENCE
LAWRENCE - 000009,29,1.0000000000,119.0000000000,119.0000000000,0,LAWRENCE,LAWRENCE
LAWRENCE - 000010,29,1.0000000000,192.0000000000,192.0000000000,0,LAWRENCE,LAWRENCE
LAWRENCE - 000011,29,1.0000000000,195.0000000000,195.0000000000,0,LAWRENCE,LAWRENCE
LAWRENCE - 000012,29,1.0000000000,208.0000000000,208.0000000000,0,LAWRENCE,LAWRENCE
LAWRENCE - 000013,29,1.0000000000,254.0000000000,254.0000000000,0,LAWRENCE,LAWRENCE
LAWRENCE - 000014,29,1.0000000000,233.0000000000,233.0000000000,0,LAWRENCE,LAWRENCE
LAWRENCE - 000015,29,1.0000000000,151.0000000000,151.0000000000,0,LAWRENCE,LAWRENCE
LAWRENCE - 000016,29,1.0000000000,274.0000000000,274.0000000000,0,LAWRENCE,LAWRENCE
LAWRENCE - 000017,29,1.0000000000,148.0000000000,148.0000000000,0,LAWRENCE,LAWRENCE
LAWRENCE - 000018,29,1.0000000000,90.0000000000,90.0000000000,0,LAWRENCE,LAWRENCE
LAWRENCE - 000019,29,1.0000000000,99.0000000000,99.0000000000,0,LAWRENCE,LAWRENCE
LAWRENCE - 000020,29,1.0000000000,116.0000000000,116.0000000000,0,LAWRENCE,LAWRENCE
LEWIS - 000002,18,1.0000000000,244.0000000000,244.0000000000,0,LEWIS,LEWIS
LEWIS - 000003,18,1.0000000000,114.0000000000,114.0000000000,0,LEWIS,LEWIS
LEWIS - 000006,18,1.0000000000,67.0000000000,67.0000000000,0,LEWIS,LEWIS
LEWIS - 000007,18,1.0000000000,158.0000000000,158.0000000000,0,LEWIS,LEWIS
LEWIS - 000008,18,1.0000000000,190.0000000000,190.0000000000,0,LEWIS,LEWIS
LEWIS - 000011,18,1.0000000000,216.0000000000,216.0000000000,0,LEWIS,LEWIS
LINCOLN - 000002,10,1.0000000000,71.0000000000,71.0000000000,0,LINCOLN,LINCOLN
LINCOLN - 000003,10,1.0000000000,54.0000000000,54.0000000000,0,LINCOLN,LINCOLN
LINCOLN - 000004,10,1.0000000000,87.0000000000,87.0000000000,0,LINCOLN,LINCOLN
LINCOLN - 000005,10,1.0000000000,175.0000000000,175.0000000000,0,LINCOLN,LINCOLN
LINCOLN - 000008,10,1.0000000000,152.0000000000,152.0000000000,0,LINCOLN,LINCOLN
LINCOLN - 000009,10,1.0000000000,229.0000000000,229.0000000000,0,LINCOLN,LINCOLN
LINCOLN - 000011,10,1.0000000000,143.0000000000,143.0000000000,0,LINCOLN,LINCOLN
LINCOLN - 000012,10,1.0000000000,90.0000000000,90.0000000000,0,LINCOLN,LINCOLN
LINCOLN - 000013,10,1.0000000000,130.0000000000,130.0000000000,0,LINCOLN,LINCOLN
LINCOLN - 000014,10,1.0000000000,68.0000000000,68.0000000000,0,LINCOLN,LINCOLN
LINCOLN - 000015,10,1.0000000000,141.0000000000,141.0000000000,0,LINCOLN,LINCOLN
LINCOLN - 000017,10,1.0000000000,60.0000000000,60.0000000000,0,LINCOLN,LINCOLN
LINCOLN - 000018,10,1.0000000000,91.0000000000,91.0000000000,0,LINCOLN,LINCOLN
LINCOLN - 000019,10,1.0000000000,64.0000000000,64.0000000000,0,LINCOLN,LINCOLN
LINCOLN - 000020,10,1.0000000000,82.0000000000,82.0000000000,0,LINCOLN,LINCOLN
LINCOLN - 000021,10,1.0000000000,128.0000000000,128.0000000000,0,LINCOLN,LINCOLN
LINCOLN - 000023,10,1.0000000000,90.0000000000,90.0000000000,0,LINCOLN,LINCOLN
LINCOLN - 000024,10,1.0000000000,110.0000000000,110.0000000000,0,LINCOLN,LINCOLN
LINCOLN - 000025,10,1.0000000000,106.0000000000,106.0000000000,0,LINCOLN,LINCOLN
LINN - 000002,12,1.0000000000,98.0000000000,98.0000000000,0,LINN,LINN
LINN - 000003,12,1.0000000000,102.0000000000,102.0000000000,0,LINN,LINN
LINN - 000004,12,1.0000000000,90.0000000000,90.0000000000,0,LINN,LINN
LINN - 000005,12,1.0000000000,148.0000000000,148.0000000000,0,LINN,LINN
LINN - 000006,12,1.0000000000,52.0000000000,52.0000000000,0,LINN,LINN
LINN - 000007,12,1.0000000000,82.0000000000,82.0000000000,0,LINN,LINN
LINN - 000008,12,1.0000000000,60.0000000000,60.0000000000,0,LINN,LINN
LINN - 000009,12,1.0000000000,52.0000000000,52.0000000000,0,LINN,LINN
LINN - 000010,12,1.0000000000,172.0000000000,172.0000000000,0,LINN,LINN
LINN - 000011,12,1.0000000000,194.0000000000,194.0000000000,0,LINN,LINN
LINN - 000012,12,1.0000000000,60.0000000000,60.0000000000,0,LINN,LINN
LINN - 000013,12,1.0000000000,122.0000000000,122.0000000000,0,LINN,LINN
LINN - 000014,12,1.0000000000,204.0000000000,204.0000000000,0,LINN,LINN
LINN - 000015,12,1.0000000000,305.0000000000,305.0000000000,0,LINN,LINN
LINN - 000016,12,1.0000000000,211.0000000000,211.0000000000,0,LINN,LINN
LINN - 000017,12,1.0000000000,95.0000000000,95.0000000000,0,LINN,LINN
LINN - 000018,12,1.0000000000,39.0000000000,39.0000000000,0,LINN,LINN
LINN - 000019,12,1.0000000000,31.0000000000,31.0000000000,0,LINN,LINN
LINN - 000020,12,1.0000000000,23.0000000000,23.0000000000,0,LINN,LINN
LINN - 000021,12,1.0000000000,29.0000000000,29.0000000000,0,LINN,LINN
LINN - 000022,12,1.0000000000,65.0000000000,65.0000000000,0,LINN,LINN
LINN - 000023,12,1.0000000000,188.0000000000,188.0000000000,0,LINN,LINN
LINN - 000024,12,1.0000000000,141.0000000000,141.0000000000,0,LINN,LINN
LIVINGSTON - 000005,12,1.0000000000,128.0000000000,128.0000000000,0,LIVINGSTON,LIVINGSTON
LIVINGSTON - 000006,12,1.0000000000,265.0000000000,265.0000000000,0,LIVINGSTON,LIVINGSTON
LIVINGSTON - 000007,12,1.0000000000,137.0000000000,137.0000000000,0,LIVINGSTON,LIVINGSTON
LIVINGSTON - 000008,12,1.0000000000,109.0000000000,109.0000000000,0,LIVINGSTON,LIVINGSTON
LIVINGSTON - 000009,12,1.0000000000,147.0000000000,147.0000000000,0,LIVINGSTON,LIVINGSTON
LIVINGSTON - 000010,12,1.0000000000,72.0000000000,72.0000000000,0,LIVINGSTON,LIVINGSTON
LIVINGSTON - 000011,12,1.0000000000,45.0000000000,45.0000000000,0,LIVINGSTON,LIVINGSTON
LIVINGSTON - 000012,12,1.0000000000,182.0000000000,182.0000000000,0,LIVINGSTON,LIVINGSTON
LIVINGSTON - 000013,12,1.0000000000,82.0000000000,82.0000000000,0,LIVINGSTON,LIVINGSTON
LIVINGSTON - 000014,12,1.0000000000,129.0000000000,129.0000000000,0,LIVINGSTON,LIVINGSTON
LIVINGSTON - 000015,12,1.0000000000,405.0000000000,405.0000000000,0,LIVINGSTON,LIVINGSTON
MACON - 000002,18,1.0000000000,64.0000000000,64.0000000000,0,MACON,MACON
MACON - 000003,18,1.0000000000,66.0000000000,66.0000000000,0,MACON,MACON
MACON - 000004,18,1.0000000000,82.0000000000,82.0000000000,0,MACON,MACON
MACON - 000005,18,1.0000000000,255.0000000000,255.0000000000,0,MACON,MACON
MACON - 000007,18,1.0000000000,342.0000000000,342.0000000000,0,MACON,MACON
MACON - 000008,18,1.0000000000,317.0000000000,317.0000000000,0,MACON,MACON
MACON - 000010,18,1.0000000000,186.0000000000,186.0000000000,0,MACON,MACON
MACON - 000011,18,1.0000000000,607.0000000000,607.0000000000,0,MACON,MACON
MACON - 000012,18,1.0000000000,429.0000000000,429.0000000000,0,MACON,MACON
MACON - 000013,18,1.0000000000,51.0000000000,51.0000000000,0,MACON,MACON
MACON - 12-014,18,1.0000000000,427.0000000000,427.0000000000,0,MACON,MACON
MADISON - 000002,27,1.0000000000,259.0000000000,259.0000000000,0,MADISON,MADISON
MADISON - 000003,27,1.0000000000,191.0000000000,191.0000000000,0,MADISON,MADISON
MADISON - 000004,27,1.0000000000,44.0000000000,44.0000000000,0,MADISON,MADISON
MADISON - 000005,27,1.0000000000,38.0000000000,38.0000000000,0,MADISON,MADISON
MADISON - 000006,27,1.0000000000,48.0000000000,48.0000000000,0,MADISON,MADISON
MADISON - 000007,27,1.0000000000,121.0000000000,121.0000000000,0,MADISON,MADISON
MADISON - 000008,27,1.0000000000,145.0000000000,145.0000000000,0,MADISON,MADISON
MARIES - 000002,16,1.0000000000,42.0000000000,42.0000000000,0,MARIES,MARIES
MARIES - 000003,16,1.0000000000,157.0000000000,157.0000000000,0,MARIES,MARIES
MARIES - 000004,16,1.0000000000,164.0000000000,164.0000000000,0,MARIES,MARIES
MARIES - 000005,16,1.0000000000,64.0000000000,64.0000000000,0,MARIES,MARIES
MARIES - 000006,16,1.0000000000,63.0000000000,63.0000000000,0,MARIES,MARIES
MARIES - 000007,16,1.0000000000,63.0000000000,63.0000000000,0,MARIES,MARIES
MARIES - 000008,16,1.0000000000,76.0000000000,76.0000000000,0,MARIES,MARIES
MARIES - 000009,16,1.0000000000,23.0000000000,23.0000000000,0,MARIES,MARIES
MARIES - 000010,16,1.0000000000,35.0000000000,35.0000000000,0,MARIES,MARIES
MARION - 000002,18,1.0000000000,105.0000000000,105.0000000000,0,MARION,MARION
MARION - 000003,18,1.0000000000,106.0000000000,106.0000000000,0,MARION,MARION
MARION - 000004,18,1.0000000000,50.0000000000,50.0000000000,0,MARION,MARION
MARION - 000006,18,1.0000000000,139.0000000000,139.0000000000,0,MARION,MARION
MARION - 000008,18,1.0000000000,29.0000000000,29.0000000000,0,MARION,MARION
MARION - 000009,18,1.0000000000,142.0000000000,142.0000000000,0,MARION,MARION
MARION - 000013,18,1.0000000000,109.0000000000,109.0000000000,0,MARION,MARION
MARION - 000014,18,1.0000000000,109.0000000000,109.0000000000,0,MARION,MARION
MARION - 000016,18,1.0000000000,57.0000000000,57.0000000000,0,MARION,MARION
MARION - 000019,18,1.0000000000,159.0000000000,159.0000000000,0,MARION,MARION
MARION - 000022,18,1.0000000000,124.0000000000,124.0000000000,0,MARION,MARION
MARION - 000023,18,1.0000000000,56.0000000000,56.0000000000,0,MARION,MARION
MARION - 16-020,18,1.0000000000,102.0000000000,102.0000000000,0,MARION,MARION
MARION - 16-030,18,1.0000000000,17.0000000000,17.0000000000,0,MARION,MARION
MARION - 16-031,18,1.0000000000,59.0000000000,59.0000000000,0,MARION,MARION
MARION - 16-032,18,1.0000000000,39.0000000000,39.0000000000,0,MARION,MARION
MARION - 16-033,18,1.0000000000,51.0000000000,51.0000000000,0,MARION,MARION
MARION - 16-034,18,1.0000000000,109.0000000000,109.0000000000,0,MARION,MARION
MCDONALD - 000002,29,1.0000000000,112.0000000000,112.0000000000,0,MCDONALD,MCDONALD
MCDONALD - 000003,29,1.0000000000,86.0000000000,86.0000000000,0,MCDONALD,MCDONALD
MCDONALD - 000004,29,1.0000000000,46.0000000000,46.0000000000,0,MCDONALD,MCDONALD
MCDONALD - 000006,29,1.0000000000,90.0000000000,90.0000000000,0,MCDONALD,MCDONALD
MCDONALD - 000007,29,1.0000000000,76.0000000000,76.0000000000,0,MCDONALD,MCDONALD
MCDONALD - 000008,29,1.0000000000,54.0000000000,54.0000000000,0,MCDONALD,MCDONALD
MCDONALD - 000009,29,1.0000000000,87.0000000000,87.0000000000,0,MCDONALD,MCDONALD
MCDONALD - 000010,29,1.0000000000,132.0000000000,132.0000000000,0,MCDONALD,MCDONALD
MCDONALD - 000011,29,1.0000000000,50.0000000000,50.0000000000,0,MCDONALD,MCDONALD
MCDONALD - 000012,29,1.0000000000,48.0000000000,48.0000000000,0,MCDONALD,MCDONALD
MCDONALD - 000013,29,1.0000000000,29.0000000000,29.0000000000,0,MCDONALD,MCDONALD
MCDONALD - 000014,29,1.0000000000,56.0000000000,56.0000000000,0,MCDONALD,MCDONALD
MCDONALD - 000015,29,1.0000000000,73.0000000000,73.0000000000,0,MCDONALD,MCDONALD
MCDONALD - 000016,29,1.0000000000,107.0000000000,107.0000000000,0,MCDONALD,MCDONALD
MCDONALD - 000017,29,1.0000000000,68.0000000000,68.0000000000,0,MCDONALD,MCDONALD
MCDONALD - 000018,29,1.0000000000,90.0000000000,90.0000000000,0,MCDONALD,MCDONALD
MCDONALD - 000019,29,1.0000000000,68.0000000000,68.0000000000,0,MCDONALD,MCDONALD
MCDONALD - 000020,29,1.0000000000,62.0000000000,62.0000000000,0,MCDONALD,MCDONALD
MERCER - 000002,12,1.0000000000,60.0000000000,60.0000000000,0,MERCER,MERCER
MERCER - 000003,12,1.0000000000,52.0000000000,52.0000000000,0,MERCER,MERCER
MERCER - 000004,12,1.0000000000,49.0000000000,49.0000000000,0,MERCER,MERCER
MERCER - 000005,12,1.0000000000,48.0000000000,48.0000000000,0,MERCER,MERCER
MERCER - 000006,12,1.0000000000,140.0000000000,140.0000000000,0,MERCER,MERCER
MERCER - 000007,12,1.0000000000,55.0000000000,55.0000000000,0,MERCER,MERCER
MERCER - 000008,12,1.0000000000,162.0000000000,162.0000000000,0,MERCER,MERCER
MERCER - 000009,12,1.0000000000,61.0000000000,61.0000000000,0,MERCER,MERCER
MERCER - 000010,12,1.0000000000,39.0000000000,39.0000000000,0,MERCER,MERCER
MILLER - 000005,6,1.0000000000,233.0000000000,233.0000000000,0,MILLER,MILLER
MILLER - 000008,6,1.0000000000,187.0000000000,187.0000000000,0,MILLER,MILLER
MILLER - 000009,6,1.0000000000,89.0000000000,89.0000000000,0,MILLER,MILLER
MILLER - 000011,6,1.0000000000,182.0000000000,182.0000000000,0,MILLER,MILLER
MILLER - 000012,6,1.0000000000,172.0000000000,172.0000000000,0,MILLER,MILLER
MILLER - 000013,6,1.0000000000,119.0000000000,119.0000000000,0,MILLER,MILLER
MILLER - 000016,6,1.0000000000,95.0000000000,95.0000000000,0,MILLER,MILLER
MILLER - 000018,6,1.0000000000,109.0000000000,109.0000000000,0,MILLER,MILLER
MILLER - 000019,6,1.0000000000,145.0000000000,145.0000000000,0,MILLER,MILLER
MILLER - 000020,6,1.0000000000,67.0000000000,67.0000000000,0,MILLER,MILLER
MILLER - 000023,6,1.0000000000,72.0000000000,72.0000000000,0,MILLER,MILLER
MILLER - 000029,6,1.0000000000,168.0000000000,168.0000000000,0,MILLER,MILLER
MISSISSIPPI - 000002,25,1.0000000000,19.0000000000,19.0000000000,0,MISSISSIPPI,MISSISSIPPI
MISSISSIPPI - 000003,25,1.0000000000,16.0000000000,16.0000000000,0,MISSISSIPPI,MISSISSIPPI
MISSISSIPPI - 000004,25,1.0000000000,20.0000000000,20.0000000000,0,MISSISSIPPI,MISSISSIPPI
MISSISSIPPI - 000005,25,1.0000000000,70.0000000000,70.0000000000,0,MISSISSIPPI,MISSISSIPPI
MISSISSIPPI - 000006,25,1.0000000000,11.0000000000,11.0000000000,0,MISSISSIPPI,MISSISSIPPI
MISSISSIPPI - 000007,25,1.0000000000,16.0000000000,16.0000000000,0,MISSISSIPPI,MISSISSIPPI
MISSISSIPPI - 000008,25,1.0000000000,38.0000000000,38.0000000000,0,MISSISSIPPI,MISSISSIPPI
MISSISSIPPI - 000009,25,1.0000000000,37.0000000000,37.0000000000,0,MISSISSIPPI,MISSISSIPPI
MISSISSIPPI - 000010,25,1.0000000000,54.0000000000,54.0000000000,0,MISSISSIPPI,MISSISSIPPI
MISSISSIPPI - 000011,25,1.0000000000,35.0000000000,35.0000000000,0,MISSISSIPPI,MISSISSIPPI
MISSISSIPPI - 000012,25,1.0000000000,67.0000000000,67.0000000000,0,MISSISSIPPI,MISSISSIPPI
MISSISSIPPI - 000013,25,1.0000000000,164.0000000000,164.0000000000,0,MISSISSIPPI,MISSISSIPPI
MISSISSIPPI - 000014,25,1.0000000000,47.0000000000,47.0000000000,0,MISSISSIPPI,MISSISSIPPI
MISSISSIPPI - 000015,25,1.0000000000,148.0000000000,148.0000000000,0,MISSISSIPPI,MISSISSIPPI
MISSISSIPPI - 000016,25,1.0000000000,76.0000000000,76.0000000000,0,MISSISSIPPI,MISSISSIPPI
MISSISSIPPI - 000017,25,1.0000000000,41.0000000000,41.0000000000,0,MISSISSIPPI,MISSISSIPPI
MISSISSIPPI - 000018,25,1.0000000000,78.0000000000,78.0000000000,0,MISSISSIPPI,MISSISSIPPI
MISSISSIPPI - 000019,25,1.0000000000,4.0000000000,4.0000000000,0,MISSISSIPPI,MISSISSIPPI
MISSISSIPPI - 000020,25,1.0000000000,124.0000000000,124.0000000000,0,MISSISSIPPI,MISSISSIPPI
MISSISSIPPI - 000021,25,1.0000000000,61.0000000000,61.0000000000,0,MISSISSIPPI,MISSISSIPPI
MISSISSIPPI - 000022,25,1.0000000000,8.0000000000,8.0000000000,0,MISSISSIPPI,MISSISSIPPI
MISSISSIPPI - 000023,25,1.0000000000,36.0000000000,36.0000000000,0,MISSISSIPPI,MISSISSIPPI
MONITEAU - 000002,6,1.0000000000,146.0000000000,146.0000000000,0,MONITEAU,MONITEAU
MONITEAU - 000003,6,1.0000000000,52.0000000000,52.0000000000,0,MONITEAU,MONITEAU
MONITEAU - 000004,6,1.0000000000,132.0000000000,132.0000000000,0,MONITEAU,MONITEAU
MONITEAU - 000005,6,1.0000000000,76.0000000000,76.0000000000,0,MONITEAU,MONITEAU
MONITEAU - 000006,6,1.0000000000,143.0000000000,143.0000000000,0,MONITEAU,MONITEAU
MONITEAU - 000007,6,1.0000000000,169.0000000000,169.0000000000,0,MONITEAU,MONITEAU
MONITEAU - 000008,6,1.0000000000,147.0000000000,147.0000000000,0,MONITEAU,MONITEAU
MONITEAU - 000009,6,1.0000000000,171.0000000000,171.0000000000,0,MONITEAU,MONITEAU
MONITEAU - 000010,6,1.0000000000,80.0000000000,80.0000000000,0,MONITEAU,MONITEAU
MONITEAU - 000011,6,1.0000000000,117.0000000000,117.0000000000,0,MONITEAU,MONITEAU
MONITEAU - 000012,6,1.0000000000,157.0000000000,157.0000000000,0,MONITEAU,MONITEAU
MONITEAU - 000013,6,1.0000000000,274.0000000000,274.0000000000,0,MONITEAU,MONITEAU
MONROE - 000002,18,1.0000000000,258.0000000000,258.0000000000,0,MONROE,MONROE
MONROE - 000003,18,1.0000000000,119.0000000000,119.0000000000,0,MONROE,MONROE
MONROE - 000004,18,1.0000000000,70.0000000000,70.0000000000,0,MONROE,MONROE
MONROE - 000005,18,1.0000000000,226.0000000000,226.0000000000,0,MONROE,MONROE
MONROE - 000006,18,1.0000000000,123.0000000000,123.0000000000,0,MONROE,MONROE
MONROE - 000007,18,1.0000000000,148.0000000000,148.0000000000,0,MONROE,MONROE
MONROE - 000008,18,1.0000000000,128.0000000000,128.0000000000,0,MONROE,MONROE
MONROE - 000009,18,1.0000000000,159.0000000000,159.0000000000,0,MONROE,MONROE
MONROE - 16-014,18,1.0000000000,129.0000000000,129.0000000000,0,MONROE,MONROE
MONROE - 16-015,18,1.0000000000,123.0000000000,123.0000000000,0,MONROE,MONROE
MONROE - 16-020,18,1.0000000000,105.0000000000,105.0000000000,0,MONROE,MONROE
MONROE - 16-021,18,1.0000000000,95.0000000000,95.0000000000,0,MONROE,MONROE
MONTGOMERY - 000002,10,1.0000000000,105.0000000000,105.0000000000,0,MONTGOMERY,MONTGOMERY
MONTGOMERY - 000003,10,1.0000000000,256.0000000000,256.0000000000,0,MONTGOMERY,MONTGOMERY
MONTGOMERY - 000004,10,1.0000000000,234.0000000000,234.0000000000,0,MONTGOMERY,MONTGOMERY
MONTGOMERY - 000005,10,1.0000000000,140.0000000000,140.0000000000,0,MONTGOMERY,MONTGOMERY
MONTGOMERY - 000006,10,1.0000000000,87.0000000000,87.0000000000,0,MONTGOMERY,MONTGOMERY
MONTGOMERY - 000007,10,1.0000000000,107.0000000000,107.0000000000,0,MONTGOMERY,MONTGOMERY
MONTGOMERY - 000008,10,1.0000000000,137.0000000000,137.0000000000,0,MONTGOMERY,MONTGOMERY
MONTGOMERY - 000010,10,1.0000000000,395.0000000000,395.0000000000,0,MONTGOMERY,MONTGOMERY
MONTGOMERY - 000011,10,1.0000000000,326.0000000000,326.0000000000,0,MONTGOMERY,MONTGOMERY
MORGAN - 000002,6,1.0000000000,45.0000000000,45.0000000000,0,MORGAN,MORGAN
MORGAN - 000003,6,1.0000000000,57.0000000000,57.0000000000,0,MORGAN,MORGAN
MORGAN - 000004,6,1.0000000000,46.0000000000,46.0000000000,0,MORGAN,MORGAN
MORGAN - 000005,6,1.0000000000,41.0000000000,41.0000000000,0,MORGAN,MORGAN
MORGAN - 000006,6,1.0000000000,34.0000000000,34.0000000000,0,MORGAN,MORGAN
MORGAN - 000007,6,1.0000000000,115.0000000000,115.0000000000,0,MORGAN,MORGAN
MORGAN - 000008,6,1.0000000000,124.0000000000,124.0000000000,0,MORGAN,MORGAN
MORGAN - 000009,6,1.0000000000,173.0000000000,173.0000000000,0,MORGAN,MORGAN
MORGAN - 000010,6,1.0000000000,163.0000000000,163.0000000000,0,MORGAN,MORGAN
MORGAN - 000011,6,1.0000000000,57.0000000000,57.0000000000,0,MORGAN,MORGAN
MORGAN - 000012,6,1.0000000000,81.0000000000,81.0000000000,0,MORGAN,MORGAN
MORGAN - 000013,6,1.0000000000,23.0000000000,23.0000000000,0,MORGAN,MORGAN
MORGAN - 000014,6,1.0000000000,96.0000000000,96.0000000000,0,MORGAN,MORGAN
MORGAN - 000015,6,1.0000000000,102.0000000000,102.0000000000,0,MORGAN,MORGAN
MORGAN - 000016,6,1.0000000000,92.0000000000,92.0000000000,0,MORGAN,MORGAN
MORGAN - 000017,6,1.0000000000,181.0000000000,181.0000000000,0,MORGAN,MORGAN
NEW MADRID - 000002,25,1.0000000000,61.0000000000,61.0000000000,0,NEW MADRID,NEW MADRID
NEW MADRID - 000003,25,1.0000000000,122.0000000000,122.0000000000,0,NEW MADRID,NEW MADRID
NEW MADRID - 000004,25,1.0000000000,49.0000000000,49.0000000000,0,NEW MADRID,NEW MADRID
NEW MADRID - 000005,25,1.0000000000,52.0000000000,52.0000000000,0,NEW MADRID,NEW MADRID
NEW MADRID - 000006,25,1.0000000000,135.0000000000,135.0000000000,0,NEW MADRID,NEW MADRID
NEW MADRID - 000007,25,1.0000000000,60.0000000000,60.0000000000,0,NEW MADRID,NEW MADRID
NEW MADRID - 000008,25,1.0000000000,50.0000000000,50.0000000000,0,NEW MADRID,NEW MADRID
NEW MADRID - 000009,25,1.0000000000,55.0000000000,55.0000000000,0,NEW MADRID,NEW MADRID
NEW MADRID - 000010,25,1.0000000000,111.0000000000,111.0000000000,0,NEW MADRID,NEW MADRID
NEW MADRID - 000011,25,1.0000000000,32.0000000000,32.0000000000,0,NEW MADRID,NEW MADRID
NEW MADRID - 000012,25,1.0000000000,18.0000000000,18.0000000000,0,NEW MADRID,NEW MADRID
NEW MADRID - 000013,25,1.0000000000,50.0000000000,50.0000000000,0,NEW MADRID,NEW MADRID
NEW MADRID - 000014,25,1.0000000000,73.0000000000,73.0000000000,0,NEW MADRID,NEW MADRID
NEW MADRID - 000015,25,1.0000000000,60.0000000000,60.0000000000,0,NEW MADRID,NEW MADRID
NEW MADRID - 000016,25,1.0000000000,42.0000000000,42.0000000000,0,NEW MADRID,NEW MADRID
NEW MADRID - 000017,25,1.0000000000,21.0000000000,21.0000000000,0,NEW MADRID,NEW MADRID
NEW MADRID - 000018,25,1.0000000000,117.0000000000,117.0000000000,0,NEW MADRID,NEW MADRID
NEW MADRID - 000019,25,1.0000000000,9.0000000000,9.0000000000,0,NEW MADRID,NEW MADRID
NEW MADRID - 000020,25,1.0000000000,9.0000000000,9.0000000000,0,NEW MADRID,NEW MADRID
NEW MADRID - 000021,25,1.0000000000,193.0000000000,193.0000000000,0,NEW MADRID,NEW MADRID
NEW MADRID - 000022,25,1.0000000000,43.0000000000,43.0000000000,0,NEW MADRID,NEW MADRID
NEW MADRID - 000023,25,1.0000000000,21.0000000000,21.0000000000,0,NEW MADRID,NEW MADRID
NEW MADRID - 000024,25,1.0000000000,29.0000000000,29.0000000000,0,NEW MADRID,NEW MADRID
NEW MADRID - 000025,25,1.0000000000,158.0000000000,158.0000000000,0,NEW MADRID,NEW MADRID
NEW MADRID - 000026,25,1.0000000000,68.0000000000,68.0000000000,0,NEW MADRID,NEW MADRID
NEW MADRID - 000027,25,1.0000000000,22.0000000000,22.0000000000,0,NEW MADRID,NEW MADRID
NEW MADRID - 000028,25,1.0000000000,35.0000000000,35.0000000000,0,NEW MADRID,NEW MADRID
NEW MADRID - 000029,25,1.0000000000,43.0000000000,43.0000000000,0,NEW MADRID,NEW MADRID
NEW MADRID - 000030,25,1.0000000000,41.0000000000,41.0000000000,0,NEW MADRID,NEW MADRID
NEW MADRID - 000031,25,1.0000000000,13.0000000000,13.0000000000,0,NEW MADRID,NEW MADRID
NEWTON - 000002,32,1.0000000000,145.0000000000,145.0000000000,0,NEWTON,NEWTON
NEWTON - 000003,32,1.0000000000,261.0000000000,261.0000000000,0,NEWTON,NEWTON
NEWTON - 000004,32,1.0000000000,81.0000000000,81.0000000000,0,NEWTON,NEWTON
NEWTON - 000005,32,1.0000000000,120.0000000000,120.0000000000,0,NEWTON,NEWTON
NEWTON - 000006,32,1.0000000000,115.0000000000,115.0000000000,0,NEWTON,NEWTON
NEWTON - 000007,32,1.0000000000,158.0000000000,158.0000000000,0,NEWTON,NEWTON
NEWTON - 000008,32,1.0000000000,162.0000000000,162.0000000000,0,NEWTON,NEWTON
NEWTON - 000009,32,1.0000000000,58.0000000000,58.0000000000,0,NEWTON,NEWTON
NEWTON - 000010,32,1.0000000000,103.0000000000,103.0000000000,0,NEWTON,NEWTON
NEWTON - 000011,32,1.0000000000,142.0000000000,142.0000000000,0,NEWTON,NEWTON
NEWTON - 000012,32,1.0000000000,161.0000000000,161.0000000000,0,NEWTON,NEWTON
NEWTON - 000013,32,1.0000000000,119.0000000000,119.0000000000,0,NEWTON,NEWTON
NEWTON - 000014,32,1.0000000000,200.0000000000,200.0000000000,0,NEWTON,NEWTON
NEWTON - 000015,32,1.0000000000,105.0000000000,105.0000000000,0,NEWTON,NEWTON
NEWTON - 000016,32,1.0000000000,206.0000000000,206.0000000000,0,NEWTON,NEWTON
NEWTON - 000017,32,1.0000000000,97.0000000000,97.0000000000,0,NEWTON,NEWTON
NEWTON - 000018,32,1.0000000000,105.0000000000,105.0000000000,0,NEWTON,NEWTON
NEWTON - 16-021,32,1.0000000000,107.0000000000,107.0000000000,0,NEWTON,NEWTON
NEWTON - 16-027,32,1.0000000000,102.0000000000,102.0000000000,0,NEWTON,NEWTON
NEWTON - 16-028,32,1.0000000000,38.0000000000,38.0000000000,0,NEWTON,NEWTON
NEWTON - 16-029,32,1.0000000000,98.0000000000,98.0000000000,0,NEWTON,NEWTON
NEWTON - 16-030,32,1.0000000000,131.0000000000,131.0000000000,0,NEWTON,NEWTON
NEWTON - 16-032,32,1.0000000000,77.0000000000,77.0000000000,0,NEWTON,NEWTON
NODAWAY - 000002,12,1.0000000000,111.0000000000,111.0000000000,0,NODAWAY,NODAWAY
NODAWAY - 000003,12,1.0000000000,107.0000000000,107.0000000000,0,NODAWAY,NODAWAY
NODAWAY - 000004,12,1.0000000000,80.0000000000,80.0000000000,0,NODAWAY,NODAWAY
NODAWAY - 000005,12,1.0000000000,123.0000000000,123.0000000000,0,NODAWAY,NODAWAY
NODAWAY - 000006,12,1.0000000000,113.0000000000,113.0000000000,0,NODAWAY,NODAWAY
NODAWAY - 000007,12,1.0000000000,123.0000000000,123.0000000000,0,NODAWAY,NODAWAY
NODAWAY - 000008,12,1.0000000000,115.0000000000,115.0000000000,0,NODAWAY,NODAWAY
NODAWAY - 000009,12,1.0000000000,112.0000000000,112.0000000000,0,NODAWAY,NODAWAY
NODAWAY - 000010,12,1.0000000000,120.0000000000,120.0000000000,0,NODAWAY,NODAWAY
NODAWAY - 000011,12,1.0000000000,89.0000000000,89.0000000000,0,NODAWAY,NODAWAY
NODAWAY - 000012,12,1.0000000000,112.0000000000,112.0000000000,0,NODAWAY,NODAWAY
NODAWAY - 000013,12,1.0000000000,212.0000000000,212.0000000000,0,NODAWAY,NODAWAY
NODAWAY - 000014,12,1.0000000000,88.0000000000,88.0000000000,0,NODAWAY,NODAWAY
NODAWAY - 000015,12,1.0000000000,147.0000000000,147.0000000000,0,NODAWAY,NODAWAY
NODAWAY - 000016,12,1.0000000000,149.0000000000,149.0000000000,0,NODAWAY,NODAWAY
NODAWAY - 000017,12,1.0000000000,69.0000000000,69.0000000000,0,NODAWAY,NODAWAY
NODAWAY - 000018,12,1.0000000000,123.0000000000,123.0000000000,0,NODAWAY,NODAWAY
NODAWAY - 000019,12,1.0000000000,95.0000000000,95.0000000000,0,NODAWAY,NODAWAY
NODAWAY - 000020,12,1.0000000000,121.0000000000,121.0000000000,0,NODAWAY,NODAWAY
OREGON - 000002,25,1.0000000000,73.0000000000,73.0000000000,0,OREGON,OREGON
OREGON - 000003,25,1.0000000000,12.0000000000,12.0000000000,0,OREGON,OREGON
OREGON - 000004,25,1.0000000000,56.0000000000,56.0000000000,0,OREGON,OREGON
OREGON - 000005,25,1.0000000000,36.0000000000,36.0000000000,0,OREGON,OREGON
OREGON - 000006,25,1.0000000000,32.0000000000,32.0000000000,0,OREGON,OREGON
OREGON - 000007,25,1.0000000000,68.0000000000,68.0000000000,0,OREGON,OREGON
OREGON - 000008,25,1.0000000000,52.0000000000,52.0000000000,0,OREGON,OREGON
OREGON - 000009,25,1.0000000000,17.0000000000,17.0000000000,0,OREGON,OREGON
OREGON - 000010,25,1.0000000000,64.0000000000,64.0000000000,0,OREGON,OREGON
OREGON - 000011,25,1.0000000000,20.0000000000,20.0000000000,0,OREGON,OREGON
OREGON - 000012,25,1.0000000000,83.0000000000,83.0000000000,0,OREGON,OREGON
OREGON - 000013,25,1.0000000000,54.0000000000,54.0000000000,0,OREGON,OREGON
OREGON - 000014,25,1.0000000000,125.0000000000,125.0000000000,0,OREGON,OREGON
OREGON - 000015,25,1.0000000000,130.0000000000,130.0000000000,0,OREGON,OREGON
OREGON - 000016,25,1.0000000000,72.0000000000,72.0000000000,0,OREGON,OREGON
OSAGE - 000002,26,1.0000000000,32.0000000000,32.0000000000,0,OSAGE,OSAGE
OSAGE - 000003,26,1.0000000000,88.0000000000,88.0000000000,0,OSAGE,OSAGE
OSAGE - 000004,26,1.0000000000,30.0000000000,30.0000000000,0,OSAGE,OSAGE
OSAGE - 000005,26,1.0000000000,127.0000000000,127.0000000000,0,OSAGE,OSAGE
OSAGE - 000006,26,1.0000000000,19.0000000000,19.0000000000,0,OSAGE,OSAGE
OSAGE - 000007,26,1.0000000000,16.0000000000,16.0000000000,0,OSAGE,OSAGE
OSAGE - 000008,26,1.0000000000,64.0000000000,64.0000000000,0,OSAGE,OSAGE
OSAGE - 000009,26,1.0000000000,82.0000000000,82.0000000000,0,OSAGE,OSAGE
OSAGE - 000010,26,1.0000000000,23.0000000000,23.0000000000,0,OSAGE,OSAGE
OSAGE - 000011,26,1.0000000000,41.0000000000,41.0000000000,0,OSAGE,OSAGE
OSAGE - 000012,26,1.0000000000,32.0000000000,32.0000000000,0,OSAGE,OSAGE
OSAGE - 000013,26,1.0000000000,58.0000000000,58.0000000000,0,OSAGE,OSAGE
OSAGE - 000014,26,1.0000000000,74.0000000000,74.0000000000,0,OSAGE,OSAGE
OSAGE - 000015,26,1.0000000000,69.0000000000,69.0000000000,0,OSAGE,OSAGE
OSAGE - 000018,26,1.0000000000,57.0000000000,57.0000000000,0,OSAGE,OSAGE
OSAGE - 000019,26,1.0000000000,91.0000000000,91.0000000000,0,OSAGE,OSAGE
OSAGE - 000020,26,1.0000000000,65.0000000000,65.0000000000,0,OSAGE,OSAGE
OZARK - 000002,33,1.0000000000,32.0000000000,32.0000000000,0,OZARK,OZARK
OZARK - 000003,33,1.0000000000,154.0000000000,154.0000000000,0,OZARK,OZARK
OZARK - 000004,33,1.0000000000,115.0000000000,115.0000000000,0,OZARK,OZARK
OZARK - 000005,33,1.0000000000,155.0000000000,155.0000000000,0,OZARK,OZARK
OZARK - 000006,33,1.0000000000,143.0000000000,143.0000000000,0,OZARK,OZARK
OZARK - 000007,33,1.0000000000,180.0000000000,180.0000000000,0,OZARK,OZARK
OZARK - 000008,33,1.0000000000,251.0000000000,251.0000000000,0,OZARK,OZARK
OZARK - 000009,33,1.0000000000,98.0000000000,98.0000000000,0,OZARK,OZARK
OZARK - 000010,33,1.0000000000,102.0000000000,102.0000000000,0,OZARK,OZARK
OZARK - 000011,33,1.0000000000,57.0000000000,57.0000000000,0,OZARK,OZARK
PEMISCOT - 000002,25,1.0000000000,63.0000000000,63.0000000000,0,PEMISCOT,PEMISCOT
PEMISCOT - 000003,25,1.0000000000,34.0000000000,34.0000000000,0,PEMISCOT,PEMISCOT
PEMISCOT - 000004,25,1.0000000000,27.0000000000,27.0000000000,0,PEMISCOT,PEMISCOT
PEMISCOT - 000005,25,1.0000000000,267.0000000000,267.0000000000,0,PEMISCOT,PEMISCOT
PEMISCOT - 000006,25,1.0000000000,71.0000000000,71.0000000000,0,PEMISCOT,PEMISCOT
PEMISCOT - 000007,25,1.0000000000,69.0000000000,69.0000000000,0,PEMISCOT,PEMISCOT
PEMISCOT - 000008,25,1.0000000000,15.0000000000,15.0000000000,0,PEMISCOT,PEMISCOT
PEMISCOT - 000009,25,1.0000000000,64.0000000000,64.0000000000,0,PEMISCOT,PEMISCOT
PEMISCOT - 000010,25,1.0000000000,47.0000000000,47.0000000000,0,PEMISCOT,PEMISCOT
PEMISCOT - 000011,25,1.0000000000,103.0000000000,103.0000000000,0,PEMISCOT,PEMISCOT
PEMISCOT - 000012,25,1.0000000000,151.0000000000,151.0000000000,0,PEMISCOT,PEMISCOT
PEMISCOT - 000013,25,1.0000000000,5.0000000000,5.0000000000,0,PEMISCOT,PEMISCOT
PEMISCOT - 000014,25,1.0000000000,79.0000000000,79.0000000000,0,PEMISCOT,PEMISCOT
PEMISCOT - 000015,25,1.0000000000,5.0000000000,5.0000000000,0,PEMISCOT,PEMISCOT
PEMISCOT - 000016,25,1.0000000000,98.0000000000,98.0000000000,0,PEMISCOT,PEMISCOT
PEMISCOT - 000017,25,1.0000000000,55.0000000000,55.0000000000,0,PEMISCOT,PEMISCOT
PEMISCOT - 000018,25,1.0000000000,131.0000000000,131.0000000000,0,PEMISCOT,PEMISCOT
PEMISCOT - 000019,25,1.0000000000,31.0000000000,31.0000000000,0,PEMISCOT,PEMISCOT
PEMISCOT - 000020,25,1.0000000000,83.0000000000,83.0000000000,0,PEMISCOT,PEMISCOT
PEMISCOT - 000021,25,1.0000000000,132.0000000000,132.0000000000,0,PEMISCOT,PEMISCOT
PERRY - 000002,27,1.0000000000,49.0000000000,49.0000000000,0,PERRY,PERRY
PERRY - 000003,27,1.0000000000,81.0000000000,81.0000000000,0,PERRY,PERRY
PERRY - 000004,27,1.0000000000,44.0000000000,44.0000000000,0,PERRY,PERRY
PERRY - 000005,27,1.0000000000,62.0000000000,62.0000000000,0,PERRY,PERRY
PERRY - 000006,27,1.0000000000,29.0000000000,29.0000000000,0,PERRY,PERRY
PERRY - 000007,27,1.0000000000,38.0000000000,38.0000000000,0,PERRY,PERRY
PERRY - 000008,27,1.0000000000,55.0000000000,55.0000000000,0,PERRY,PERRY
PERRY - 000009,27,1.0000000000,27.0000000000,27.0000000000,0,PERRY,PERRY
PERRY - 000010,27,1.0000000000,42.0000000000,42.0000000000,0,PERRY,PERRY
PERRY - 000011,27,1.0000000000,30.0000000000,30.0000000000,0,PERRY,PERRY
PERRY - 000012,27,1.0000000000,49.0000000000,49.0000000000,0,PERRY,PERRY
PERRY - 000013,27,1.0000000000,91.0000000000,91.0000000000,0,PERRY,PERRY
PERRY - 000015,27,1.0000000000,51.0000000000,51.0000000000,0,PERRY,PERRY
PERRY - 000016,27,1.0000000000,48.0000000000,48.0000000000,0,PERRY,PERRY
PERRY - 000017,27,1.0000000000,69.0000000000,69.0000000000,0,PERRY,PERRY
PERRY - 16-018,27,1.0000000000,95.0000000000,95.0000000000,0,PERRY,PERRY
PERRY - 16-019,27,1.0000000000,80.0000000000,80.0000000000,0,PERRY,PERRY
PERRY - 16-020,27,1.0000000000,78.0000000000,78.0000000000,0,PERRY,PERRY
PETTIS - 000002,28,1.0000000000,55.0000000000,55.0000000000,0,PETTIS,PETTIS
PETTIS - 000003,28,1.0000000000,71.0000000000,71.0000000000,0,PETTIS,PETTIS
PETTIS - 000004,28,1.0000000000,191.0000000000,191.0000000000,0,PETTIS,PETTIS
PETTIS - 000005,28,1.0000000000,157.0000000000,157.0000000000,0,PETTIS,PETTIS
PETTIS - 000006,28,1.0000000000,156.0000000000,156.0000000000,0,PETTIS,PETTIS
PETTIS - 000007,28,1.0000000000,99.0000000000,99.0000000000,0,PETTIS,PETTIS
PETTIS - 000008,28,1.0000000000,74.0000000000,74.0000000000,0,PETTIS,PETTIS
PETTIS - 000009,28,1.0000000000,63.0000000000,63.0000000000,0,PETTIS,PETTIS
PETTIS - 000010,28,1.0000000000,43.0000000000,43.0000000000,0,PETTIS,PETTIS
PETTIS - 000011,28,1.0000000000,66.0000000000,66.0000000000,0,PETTIS,PETTIS
PETTIS - 000012,28,1.0000000000,80.0000000000,80.0000000000,0,PETTIS,PETTIS
PETTIS - 000013,28,1.0000000000,96.0000000000,96.0000000000,0,PETTIS,PETTIS
PETTIS - 000014,28,1.0000000000,248.0000000000,248.0000000000,0,PETTIS,PETTIS
PETTIS - 000015,28,1.0000000000,81.0000000000,81.0000000000,0,PETTIS,PETTIS
PETTIS - 000016,28,1.0000000000,118.0000000000,118.0000000000,0,PETTIS,PETTIS
PETTIS - 000017,28,1.0000000000,96.0000000000,96.0000000000,0,PETTIS,PETTIS
PETTIS - 000018,28,1.0000000000,135.0000000000,135.0000000000,0,PETTIS,PETTIS
PETTIS - 000019,28,1.0000000000,169.0000000000,169.0000000000,0,PETTIS,PETTIS
PETTIS - 000020,28,1.0000000000,72.0000000000,72.0000000000,0,PETTIS,PETTIS
PETTIS - 000021,28,1.0000000000,49.0000000000,49.0000000000,0,PETTIS,PETTIS
PETTIS - 000022,28,1.0000000000,55.0000000000,55.0000000000,0,PETTIS,PETTIS
PETTIS - 000023,28,1.0000000000,120.0000000000,120.0000000000,0,PETTIS,PETTIS
PETTIS - 000024,28,1.0000000000,98.0000000000,98.0000000000,0,PETTIS,PETTIS
PETTIS - 000025,28,1.0000000000,123.0000000000,123.0000000000,0,PETTIS,PETTIS
PETTIS - 000026,28,1.0000000000,107.0000000000,107.0000000000,0,PETTIS,PETTIS
PETTIS - 000027,28,1.0000000000,282.0000000000,282.0000000000,0,PETTIS,PETTIS
PHELPS - 000002,16,1.0000000000,106.0000000000,106.0000000000,0,PHELPS,PHELPS
PHELPS - 000003,16,1.0000000000,16.0000000000,16.0000000000,0,PHELPS,PHELPS
PHELPS - 000004,16,1.0000000000,11.0000000000,11.0000000000,0,PHELPS,PHELPS
PHELPS - 000005,16,1.0000000000,11.0000000000,11.0000000000,0,PHELPS,PHELPS
PHELPS - 000006,16,1.0000000000,11.0000000000,11.0000000000,0,PHELPS,PHELPS
PHELPS - 000007,16,1.0000000000,14.0000000000,14.0000000000,0,PHELPS,PHELPS
PHELPS - 000008,16,1.0000000000,69.0000000000,69.0000000000,0,PHELPS,PHELPS
PHELPS - 000009,16,1.0000000000,40.0000000000,40.0000000000,0,PHELPS,PHELPS
PHELPS - 000010,16,1.0000000000,39.0000000000,39.0000000000,0,PHELPS,PHELPS
PHELPS - 000011,16,1.0000000000,103.0000000000,103.0000000000,0,PHELPS,PHELPS
PHELPS - 000012,16,1.0000000000,36.0000000000,36.0000000000,0,PHELPS,PHELPS
PHELPS - 000013,16,1.0000000000,59.0000000000,59.0000000000,0,PHELPS,PHELPS
PHELPS - 000014,16,1.0000000000,60.0000000000,60.0000000000,0,PHELPS,PHELPS
PHELPS - 000015,16,1.0000000000,15.0000000000,15.0000000000,0,PHELPS,PHELPS
PHELPS - 000016,16,1.0000000000,27.0000000000,27.0000000000,0,PHELPS,PHELPS
PHELPS - 000017,16,1.0000000000,158.0000000000,158.0000000000,0,PHELPS,PHELPS
PHELPS - 000018,16,1.0000000000,87.0000000000,87.0000000000,0,PHELPS,PHELPS
PHELPS - 000019,16,1.0000000000,54.0000000000,54.0000000000,0,PHELPS,PHELPS
PHELPS - 000020,16,1.0000000000,65.0000000000,65.0000000000,0,PHELPS,PHELPS
PHELPS - 000021,16,1.0000000000,125.0000000000,125.0000000000,0,PHELPS,PHELPS
PHELPS - 000022,16,1.0000000000,68.0000000000,68.0000000000,0,PHELPS,PHELPS
PHELPS - 000023,16,1.0000000000,61.0000000000,61.0000000000,0,PHELPS,PHELPS
PHELPS - 000024,16,1.0000000000,25.0000000000,25.0000000000,0,PHELPS,PHELPS
PHELPS - 000025,16,1.0000000000,54.0000000000,54.0000000000,0,PHELPS,PHELPS
PHELPS - 000026,16,1.0000000000,123.0000000000,123.0000000000,0,PHELPS,PHELPS
PHELPS - 000027,16,1.0000000000,40.0000000000,40.0000000000,0,PHELPS,PHELPS
PHELPS - 000028,16,1.0000000000,50.0000000000,50.0000000000,0,PHELPS,PHELPS
PHELPS - 000029,16,1.0000000000,84.0000000000,84.0000000000,0,PHELPS,PHELPS
PHELPS - 000030,16,1.0000000000,55.0000000000,55.0000000000,0,PHELPS,PHELPS
PHELPS - 000031,16,1.0000000000,30.0000000000,30.0000000000,0,PHELPS,PHELPS
PHELPS - 000032,16,1.0000000000,61.0000000000,61.0000000000,0,PHELPS,PHELPS
PHELPS - 000033,16,1.0000000000,58.0000000000,58.0000000000,0,PHELPS,PHELPS
PHELPS - 000034,16,1.0000000000,32.0000000000,32.0000000000,0,PHELPS,PHELPS
PHELPS - 000035,16,1.0000000000,101.0000000000,101.0000000000,0,PHELPS,PHELPS
PHELPS - 000036,16,1.0000000000,65.0000000000,65.0000000000,0,PHELPS,PHELPS
PHELPS - 000037,16,1.0000000000,41.0000000000,41.0000000000,0,PHELPS,PHELPS
PIKE - 000002,10,1.0000000000,228.0000000000,228.0000000000,0,PIKE,PIKE
PIKE - 000003,10,1.0000000000,144.0000000000,144.0000000000,0,PIKE,PIKE
PIKE - 000004,10,1.0000000000,117.0000000000,117.0000000000,0,PIKE,PIKE
PIKE - 000005,10,1.0000000000,103.0000000000,103.0000000000,0,PIKE,PIKE
PIKE - 000006,10,1.0000000000,37.0000000000,37.0000000000,0,PIKE,PIKE
PIKE - 000007,10,1.0000000000,121.0000000000,121.0000000000,0,PIKE,PIKE
PIKE - 000008,10,1.0000000000,81.0000000000,81.0000000000,0,PIKE,PIKE
PIKE - 000009,10,1.0000000000,145.0000000000,145.0000000000,0,PIKE,PIKE
PIKE - 000010,10,1.0000000000,161.0000000000,161.0000000000,0,PIKE,PIKE
PIKE - 000011,10,1.0000000000,46.0000000000,46.0000000000,0,PIKE,PIKE
PIKE - 000012,10,1.0000000000,110.0000000000,110.0000000000,0,PIKE,PIKE
PIKE - 000013,10,1.0000000000,137.0000000000,137.0000000000,0,PIKE,PIKE
PIKE - 000014,10,1.0000000000,88.0000000000,88.0000000000,0,PIKE,PIKE
PIKE - 000015,10,1.0000000000,101.0000000000,101.0000000000,0,PIKE,PIKE
PLATTE - 000002,34,1.0000000000,75.0000000000,75.0000000000,0,PLATTE,PLATTE
PLATTE - 000003,34,1.0000000000,79.0000000000,79.0000000000,0,PLATTE,PLATTE
PLATTE - 000004,34,1.0000000000,56.0000000000,56.0000000000,0,PLATTE,PLATTE
PLATTE - 000005,34,1.0000000000,25.0000000000,25.0000000000,0,PLATTE,PLATTE
PLATTE - 000006,34,1.0000000000,59.0000000000,59.0000000000,0,PLATTE,PLATTE
PLATTE - 000007,34,1.0000000000,83.0000000000,83.0000000000,0,PLATTE,PLATTE
PLATTE - 000008,34,1.0000000000,33.0000000000,33.0000000000,0,PLATTE,PLATTE
PLATTE - 000009,34,1.0000000000,70.0000000000,70.0000000000,0,PLATTE,PLATTE
PLATTE - 000010,34,1.0000000000,39.0000000000,39.0000000000,0,PLATTE,PLATTE
PLATTE - 000011,34,1.0000000000,58.0000000000,58.0000000000,0,PLATTE,PLATTE
PLATTE - 000012,34,1.0000000000,28.0000000000,28.0000000000,0,PLATTE,PLATTE
PLATTE - 000013,34,1.0000000000,107.0000000000,107.0000000000,0,PLATTE,PLATTE
PLATTE - 000014,34,1.0000000000,48.0000000000,48.0000000000,0,PLATTE,PLATTE
PLATTE - 000015,34,1.0000000000,8.0000000000,8.0000000000,0,PLATTE,PLATTE
PLATTE - 000016,34,1.0000000000,5.0000000000,5.0000000000,0,PLATTE,PLATTE
PLATTE - 000017,34,1.0000000000,7.0000000000,7.0000000000,0,PLATTE,PLATTE
PLATTE - 000018,34,1.0000000000,49.0000000000,49.0000000000,0,PLATTE,PLATTE
PLATTE - 000019,34,1.0000000000,72.0000000000,72.0000000000,0,PLATTE,PLATTE
PLATTE - 000020,34,1.0000000000,168.0000000000,168.0000000000,0,PLATTE,PLATTE
PLATTE - 000021,34,1.0000000000,98.0000000000,98.0000000000,0,PLATTE,PLATTE
PLATTE - 000022,34,1.0000000000,29.0000000000,29.0000000000,0,PLATTE,PLATTE
PLATTE - 000023,34,1.0000000000,82.0000000000,82.0000000000,0,PLATTE,PLATTE
PLATTE - 000024,34,1.0000000000,15.0000000000,15.0000000000,0,PLATTE,PLATTE
PLATTE - 000025,34,1.0000000000,56.0000000000,56.0000000000,0,PLATTE,PLATTE
PLATTE - 000026,34,1.0000000000,29.0000000000,29.0000000000,0,PLATTE,PLATTE
PLATTE - 000027,34,1.0000000000,64.0000000000,64.0000000000,0,PLATTE,PLATTE
PLATTE - 000028,34,1.0000000000,146.0000000000,146.0000000000,0,PLATTE,PLATTE
PLATTE - 000029,34,1.0000000000,26.0000000000,26.0000000000,0,PLATTE,PLATTE
PLATTE - 000030,34,1.0000000000,89.0000000000,89.0000000000,0,PLATTE,PLATTE
PLATTE - 000031,34,1.0000000000,19.0000000000,19.0000000000,0,PLATTE,PLATTE
PLATTE - 000032,34,1.0000000000,12.0000000000,12.0000000000,0,PLATTE,PLATTE
PLATTE - 000033,34,1.0000000000,96.0000000000,96.0000000000,0,PLATTE,PLATTE
PLATTE - 000034,34,1.0000000000,53.0000000000,53.0000000000,0,PLATTE,PLATTE
PLATTE - 000035,34,1.0000000000,103.0000000000,103.0000000000,0,PLATTE,PLATTE
PLATTE - 000036,34,1.0000000000,22.0000000000,22.0000000000,0,PLATTE,PLATTE
PLATTE - 000037,34,1.0000000000,70.0000000000,70.0000000000,0,PLATTE,PLATTE
PLATTE - 000038,34,1.0000000000,38.0000000000,38.0000000000,0,PLATTE,PLATTE
PLATTE - 000039,34,1.0000000000,80.0000000000,80.0000000000,0,PLATTE,PLATTE
PLATTE - 000040,34,1.0000000000,65.0000000000,65.0000000000,0,PLATTE,PLATTE
PLATTE - 000041,34,1.0000000000,57.0000000000,57.0000000000,0,PLATTE,PLATTE
PLATTE - 000042,34,1.0000000000,30.0000000000,30.0000000000,0,PLATTE,PLATTE
PLATTE - 000043,34,1.0000000000,60.0000000000,60.0000000000,0,PLATTE,PLATTE
PLATTE - 000044,34,1.0000000000,67.0000000000,67.0000000000,0,PLATTE,PLATTE
POLK - 000002,28,1.0000000000,70.0000000000,70.0000000000,0,POLK,POLK
POLK - 000003,28,1.0000000000,207.0000000000,207.0000000000,0,POLK,POLK
POLK - 000004,28,1.0000000000,116.0000000000,116.0000000000,0,POLK,POLK
POLK - 000005,28,1.0000000000,63.0000000000,63.0000000000,0,POLK,POLK
POLK - 000006,28,1.0000000000,67.0000000000,67.0000000000,0,POLK,POLK
POLK - 000007,28,1.0000000000,47.0000000000,47.0000000000,0,POLK,POLK
POLK - 000008,28,1.0000000000,134.0000000000,134.0000000000,0,POLK,POLK
POLK - 000009,28,1.0000000000,132.0000000000,132.0000000000,0,POLK,POLK
POLK - 000010,28,1.0000000000,117.0000000000,117.0000000000,0,POLK,POLK
POLK - 000011,28,1.0000000000,132.0000000000,132.0000000000,0,POLK,POLK
POLK - 000012,28,1.0000000000,48.0000000000,48.0000000000,0,POLK,POLK
POLK - 000013,28,1.0000000000,57.0000000000,57.0000000000,0,POLK,POLK
POLK - 000014,28,1.0000000000,172.0000000000,172.0000000000,0,POLK,POLK
POLK - 000015,28,1.0000000000,124.0000000000,124.0000000000,0,POLK,POLK
POLK - 000016,28,1.0000000000,57.0000000000,57.0000000000,0,POLK,POLK
POLK - 000017,28,1.0000000000,99.0000000000,99.0000000000,0,POLK,POLK
POLK - 000018,28,1.0000000000,38.0000000000,38.0000000000,0,POLK,POLK
POLK - 000019,28,1.0000000000,58.0000000000,58.0000000000,0,POLK,POLK
POLK - 000020,28,1.0000000000,40.0000000000,40.0000000000,0,POLK,POLK
POLK - 000021,28,1.0000000000,62.0000000000,62.0000000000,0,POLK,POLK
POLK - 000022,28,1.0000000000,56.0000000000,56.0000000000,0,POLK,POLK
POLK - 000023,28,1.0000000000,111.0000000000,111.0000000000,0,POLK,POLK
PULASKI - 000002,16,1.0000000000,45.0000000000,45.0000000000,0,PULASKI,PULASKI
PULASKI - 000003,16,1.0000000000,226.0000000000,226.0000000000,0,PULASKI,PULASKI
PULASKI - 000004,16,1.0000000000,238.0000000000,238.0000000000,0,PULASKI,PULASKI
PULASKI - 000006,16,1.0000000000,183.0000000000,183.0000000000,0,PULASKI,PULASKI
PULASKI - 000007,16,1.0000000000,110.0000000000,110.0000000000,0,PULASKI,PULASKI
PULASKI - 000008,16,1.0000000000,726.0000000000,726.0000000000,0,PULASKI,PULASKI
PULASKI - 000009,16,1.0000000000,58.0000000000,58.0000000000,0,PULASKI,PULASKI
PULASKI - 000010,16,1.0000000000,313.0000000000,313.0000000000,0,PULASKI,PULASKI
PUTNAM - 000002,18,1.0000000000,72.0000000000,72.0000000000,0,PUTNAM,PUTNAM
PUTNAM - 000003,18,1.0000000000,117.0000000000,117.0000000000,0,PUTNAM,PUTNAM
PUTNAM - 000004,18,1.0000000000,86.0000000000,86.0000000000,0,PUTNAM,PUTNAM
PUTNAM - 000005,18,1.0000000000,33.0000000000,33.0000000000,0,PUTNAM,PUTNAM
PUTNAM - 000006,18,1.0000000000,59.0000000000,59.0000000000,0,PUTNAM,PUTNAM
PUTNAM - 000007,18,1.0000000000,36.0000000000,36.0000000000,0,PUTNAM,PUTNAM
PUTNAM - 000008,18,1.0000000000,35.0000000000,35.0000000000,0,PUTNAM,PUTNAM
PUTNAM - 000009,18,1.0000000000,85.0000000000,85.0000000000,0,PUTNAM,PUTNAM
PUTNAM - 000010,18,1.0000000000,109.0000000000,109.0000000000,0,PUTNAM,PUTNAM
PUTNAM - 000011,18,1.0000000000,27.0000000000,27.0000000000,0,PUTNAM,PUTNAM
PUTNAM - 000012,18,1.0000000000,120.0000000000,120.0000000000,0,PUTNAM,PUTNAM
PUTNAM - 000013,18,1.0000000000,62.0000000000,62.0000000000,0,PUTNAM,PUTNAM
RALLS - 000002,18,1.0000000000,81.0000000000,81.0000000000,0,RALLS,RALLS
RALLS - 000003,18,1.0000000000,128.0000000000,128.0000000000,0,RALLS,RALLS
RALLS - 000004,18,1.0000000000,100.0000000000,100.0000000000,0,RALLS,RALLS
RALLS - 000005,18,1.0000000000,210.0000000000,210.0000000000,0,RALLS,RALLS
RALLS - 000007,18,1.0000000000,181.0000000000,181.0000000000,0,RALLS,RALLS
RALLS - 000009,18,1.0000000000,219.0000000000,219.0000000000,0,RALLS,RALLS
RALLS - 000010,18,1.0000000000,125.0000000000,125.0000000000,0,RALLS,RALLS
RANDOLPH - 000002,18,1.0000000000,116.0000000000,116.0000000000,0,RANDOLPH,RANDOLPH
RANDOLPH - 000003,18,1.0000000000,69.0000000000,69.0000000000,0,RANDOLPH,RANDOLPH
RANDOLPH - 000004,18,1.0000000000,55.0000000000,55.0000000000,0,RANDOLPH,RANDOLPH
RANDOLPH - 000005,18,1.0000000000,23.0000000000,23.0000000000,0,RANDOLPH,RANDOLPH
RANDOLPH - 000006,18,1.0000000000,96.0000000000,96.0000000000,0,RANDOLPH,RANDOLPH
RANDOLPH - 000007,18,1.0000000000,167.0000000000,167.0000000000,0,RANDOLPH,RANDOLPH
RANDOLPH - 000008,18,1.0000000000,65.0000000000,65.0000000000,0,RANDOLPH,RANDOLPH
RANDOLPH - 000009,18,1.0000000000,56.0000000000,56.0000000000,0,RANDOLPH,RANDOLPH
RANDOLPH - 000010,18,1.0000000000,27.0000000000,27.0000000000,0,RANDOLPH,RANDOLPH
RANDOLPH - 000011,18,1.0000000000,360.0000000000,360.0000000000,0,RANDOLPH,RANDOLPH
RANDOLPH - 000012,18,1.0000000000,175.0000000000,175.0000000000,0,RANDOLPH,RANDOLPH
RANDOLPH - 000013,18,1.0000000000,48.0000000000,48.0000000000,0,RANDOLPH,RANDOLPH
RANDOLPH - 000014,18,1.0000000000,281.0000000000,281.0000000000,0,RANDOLPH,RANDOLPH
RANDOLPH - 000015,18,1.0000000000,54.0000000000,54.0000000000,0,RANDOLPH,RANDOLPH
RANDOLPH - 000016,18,1.0000000000,59.0000000000,59.0000000000,0,RANDOLPH,RANDOLPH
RANDOLPH - 000017,18,1.0000000000,41.0000000000,41.0000000000,0,RANDOLPH,RANDOLPH
RAY - 000002,21,1.0000000000,85.0000000000,85.0000000000,0,RAY,RAY
RAY - 000003,21,1.0000000000,48.0000000000,48.0000000000,0,RAY,RAY
RAY - 000004,21,1.0000000000,26.0000000000,26.0000000000,0,RAY,RAY
RAY - 000005,21,1.0000000000,37.0000000000,37.0000000000,0,RAY,RAY
RAY - 000006,21,1.0000000000,184.0000000000,184.0000000000,0,RAY,RAY
RAY - 000007,21,1.0000000000,104.0000000000,104.0000000000,0,RAY,RAY
RAY - 000008,21,1.0000000000,61.0000000000,61.0000000000,0,RAY,RAY
RAY - 000009,21,1.0000000000,84.0000000000,84.0000000000,0,RAY,RAY
RAY - 000010,21,1.0000000000,145.0000000000,145.0000000000,0,RAY,RAY
RAY - 000011,21,1.0000000000,65.0000000000,65.0000000000,0,RAY,RAY
RAY - 000012,21,1.0000000000,184.0000000000,184.0000000000,0,RAY,RAY
RAY - 000013,21,1.0000000000,62.0000000000,62.0000000000,0,RAY,RAY
RAY - 000014,21,1.0000000000,45.0000000000,45.0000000000,0,RAY,RAY
RAY - 000015,21,1.0000000000,99.0000000000,99.0000000000,0,RAY,RAY
RAY - 000016,21,1.0000000000,92.0000000000,92.0000000000,0,RAY,RAY
RAY - 000017,21,1.0000000000,96.0000000000,96.0000000000,0,RAY,RAY
RAY - 000018,21,1.0000000000,60.0000000000,60.0000000000,0,RAY,RAY
RAY - 000019,21,1.0000000000,92.0000000000,92.0000000000,0,RAY,RAY
REYNOLDS - 000002,27,1.0000000000,73.0000000000,73.0000000000,0,REYNOLDS,REYNOLDS
REYNOLDS - 000003,27,1.0000000000,118.0000000000,118.0000000000,0,REYNOLDS,REYNOLDS
REYNOLDS - 000004,27,1.0000000000,38.0000000000,38.0000000000,0,REYNOLDS,REYNOLDS
REYNOLDS - 000005,27,1.0000000000,24.0000000000,24.0000000000,0,REYNOLDS,REYNOLDS
REYNOLDS - 000006,27,1.0000000000,20.0000000000,20.0000000000,0,REYNOLDS,REYNOLDS
REYNOLDS - 000007,27,1.0000000000,58.0000000000,58.0000000000,0,REYNOLDS,REYNOLDS
REYNOLDS - 000008,27,1.0000000000,79.0000000000,79.0000000000,0,REYNOLDS,REYNOLDS
REYNOLDS - 000009,27,1.0000000000,187.0000000000,187.0000000000,0,REYNOLDS,REYNOLDS
REYNOLDS - 000010,27,1.0000000000,78.0000000000,78.0000000000,0,REYNOLDS,REYNOLDS
REYNOLDS - 000011,27,1.0000000000,48.0000000000,48.0000000000,0,REYNOLDS,REYNOLDS
REYNOLDS - 000012,27,1.0000000000,24.0000000000,24.0000000000,0,REYNOLDS,REYNOLDS
REYNOLDS - 000013,27,1.0000000000,116.0000000000,116.0000000000,0,REYNOLDS,REYNOLDS
REYNOLDS - 000014,27,1.0000000000,125.0000000000,125.0000000000,0,REYNOLDS,REYNOLDS
RIPLEY - 000002,25,1.0000000000,184.0000000000,184.0000000000,0,RIPLEY,RIPLEY
RIPLEY - 000005,25,1.0000000000,68.0000000000,68.0000000000,0,RIPLEY,RIPLEY
RIPLEY - 000006,25,1.0000000000,64.0000000000,64.0000000000,0,RIPLEY,RIPLEY
RIPLEY - 000007,25,1.0000000000,49.0000000000,49.0000000000,0,RIPLEY,RIPLEY
RIPLEY - 000008,25,1.0000000000,42.0000000000,42.0000000000,0,RIPLEY,RIPLEY
RIPLEY - 000010,25,1.0000000000,73.0000000000,73.0000000000,0,RIPLEY,RIPLEY
RIPLEY - 000011,25,1.0000000000,91.0000000000,91.0000000000,0,RIPLEY,RIPLEY
RIPLEY - 000012,25,1.0000000000,126.0000000000,126.0000000000,0,RIPLEY,RIPLEY
SALINE - 000003,21,1.0000000000,120.0000000000,120.0000000000,0,SALINE,SALINE
SALINE - 000004,21,1.0000000000,140.0000000000,140.0000000000,0,SALINE,SALINE
SALINE - 000005,21,1.0000000000,125.0000000000,125.0000000000,0,SALINE,SALINE
SALINE - 000006,21,1.0000000000,351.0000000000,351.0000000000,0,SALINE,SALINE
SALINE - 000007,21,1.0000000000,159.0000000000,159.0000000000,0,SALINE,SALINE
SALINE - 000008,21,1.0000000000,142.0000000000,142.0000000000,0,SALINE,SALINE
SALINE - 000010,21,1.0000000000,161.0000000000,161.0000000000,0,SALINE,SALINE
SALINE - 000011,21,1.0000000000,147.0000000000,147.0000000000,0,SALINE,SALINE
SALINE - 000012,21,1.0000000000,86.0000000000,86.0000000000,0,SALINE,SALINE
SALINE - 16-013,21,1.0000000000,140.0000000000,140.0000000000,0,SALINE,SALINE
SALINE - 16-014,21,1.0000000000,243.0000000000,243.0000000000,0,SALINE,SALINE
SALINE - 16-015,21,1.0000000000,172.0000000000,172.0000000000,0,SALINE,SALINE
SALINE - 16-016,21,1.0000000000,135.0000000000,135.0000000000,0,SALINE,SALINE
SCHUYLER - 000002,18,1.0000000000,49.0000000000,49.0000000000,0,SCHUYLER,SCHUYLER
SCHUYLER - 000003,18,1.0000000000,106.0000000000,106.0000000000,0,SCHUYLER,SCHUYLER
SCHUYLER - 000004,18,1.0000000000,142.0000000000,142.0000000000,0,SCHUYLER,SCHUYLER
SCHUYLER - 000005,18,1.0000000000,113.0000000000,113.0000000000,0,SCHUYLER,SCHUYLER
SCHUYLER - 000006,18,1.0000000000,78.0000000000,78.0000000000,0,SCHUYLER,SCHUYLER
SCHUYLER - 000007,18,1.0000000000,102.0000000000,102.0000000000,0,SCHUYLER,SCHUYLER
SCHUYLER - 000008,18,1.0000000000,88.0000000000,88.0000000000,0,SCHUYLER,SCHUYLER
SCHUYLER - 000009,18,1.0000000000,54.0000000000,54.0000000000,0,SCHUYLER,SCHUYLER
SCHUYLER - 000010,18,1.0000000000,54.0000000000,54.0000000000,0,SCHUYLER,SCHUYLER
SCOTLAND - 000002,18,1.0000000000,224.0000000000,224.0000000000,0,SCOTLAND,SCOTLAND
SCOTLAND - 000003,18,1.0000000000,138.0000000000,138.0000000000,0,SCOTLAND,SCOTLAND
SCOTLAND - 000004,18,1.0000000000,44.0000000000,44.0000000000,0,SCOTLAND,SCOTLAND
SCOTLAND - 000005,18,1.0000000000,121.0000000000,121.0000000000,0,SCOTLAND,SCOTLAND
SCOTLAND - 000006,18,1.0000000000,151.0000000000,151.0000000000,0,SCOTLAND,SCOTLAND
SCOTLAND - 000007,18,1.0000000000,29.0000000000,29.0000000000,0,SCOTLAND,SCOTLAND
SCOTLAND - 000008,18,1.0000000000,391.0000000000,391.0000000000,0,SCOTLAND,SCOTLAND
SCOTT - 000003,27,1.0000000000,162.0000000000,162.0000000000,0,SCOTT,SCOTT
SCOTT - 000004,27,1.0000000000,112.0000000000,112.0000000000,0,SCOTT,SCOTT
SCOTT - 000006,27,1.0000000000,187.0000000000,187.0000000000,0,SCOTT,SCOTT
SCOTT - 000007,27,1.0000000000,62.0000000000,62.0000000000,0,SCOTT,SCOTT
SCOTT - 000009,27,1.0000000000,55.0000000000,55.0000000000,0,SCOTT,SCOTT
SCOTT - 000010,27,1.0000000000,21.0000000000,21.0000000000,0,SCOTT,SCOTT
SCOTT - 000011,27,1.0000000000,92.0000000000,92.0000000000,0,SCOTT,SCOTT
SCOTT - 000012,27,1.0000000000,143.0000000000,143.0000000000,0,SCOTT,SCOTT
SCOTT - 000013,27,1.0000000000,43.0000000000,43.0000000000,0,SCOTT,SCOTT
SCOTT - 000014,27,1.0000000000,49.0000000000,49.0000000000,0,SCOTT,SCOTT
SCOTT - 000015,27,1.0000000000,80.0000000000,80.0000000000,0,SCOTT,SCOTT
SCOTT - 000016,27,1.0000000000,51.0000000000,51.0000000000,0,SCOTT,SCOTT
SCOTT - 000017,27,1.0000000000,152.0000000000,152.0000000000,0,SCOTT,SCOTT
SCOTT - 000019,27,1.0000000000,47.0000000000,47.0000000000,0,SCOTT,SCOTT
SCOTT - 000021,27,1.0000000000,335.0000000000,335.0000000000,0,SCOTT,SCOTT
SCOTT - 000022,27,1.0000000000,92.0000000000,92.0000000000,0,SCOTT,SCOTT
SCOTT - 000023,27,1.0000000000,136.0000000000,136.0000000000,0,SCOTT,SCOTT
SCOTT - 12-001,27,1.0000000000,195.0000000000,195.0000000000,0,SCOTT,SCOTT
SCOTT - 12-002,27,1.0000000000,145.0000000000,145.0000000000,0,SCOTT,SCOTT
SHANNON - 000002,33,1.0000000000,31.0000000000,31.0000000000,0,SHANNON,SHANNON
SHANNON - 000003,33,1.0000000000,90.0000000000,90.0000000000,0,SHANNON,SHANNON
SHANNON - 000004,33,1.0000000000,162.0000000000,162.0000000000,0,SHANNON,SHANNON
SHANNON - 000005,33,1.0000000000,53.0000000000,53.0000000000,0,SHANNON,SHANNON
SHANNON - 000006,33,1.0000000000,96.0000000000,96.0000000000,0,SHANNON,SHANNON
SHANNON - 000007,33,1.0000000000,31.0000000000,31.0000000000,0,SHANNON,SHANNON
SHANNON - 000008,33,1.0000000000,281.0000000000,281.0000000000,0,SHANNON,SHANNON
SHANNON - 000009,33,1.0000000000,66.0000000000,66.0000000000,0,SHANNON,SHANNON
SHANNON - 000010,33,1.0000000000,59.0000000000,59.0000000000,0,SHANNON,SHANNON
SHANNON - 000011,33,1.0000000000,65.0000000000,65.0000000000,0,SHANNON,SHANNON
SHELBY - 000002,18,1.0000000000,111.0000000000,111.0000000000,0,SHELBY,SHELBY
SHELBY - 000003,18,1.0000000000,114.0000000000,114.0000000000,0,SHELBY,SHELBY
SHELBY - 000004,18,1.0000000000,222.0000000000,222.0000000000,0,SHELBY,SHELBY
SHELBY - 000005,18,1.0000000000,117.0000000000,117.0000000000,0,SHELBY,SHELBY
SHELBY - 000006,18,1.0000000000,21.0000000000,21.0000000000,0,SHELBY,SHELBY
SHELBY - 000007,18,1.0000000000,131.0000000000,131.0000000000,0,SHELBY,SHELBY
SHELBY - 000008,18,1.0000000000,128.0000000000,128.0000000000,0,SHELBY,SHELBY
SHELBY - 000009,18,1.0000000000,77.0000000000,77.0000000000,0,SHELBY,SHELBY
ST. CHARLES - 000001,23,1.0000000000,218.0000000000,218.0000000000,0,ST CHARLES,ST CHARLES
ST. CHARLES - 000004,23,1.0000000000,53.0000000000,53.0000000000,0,ST CHARLES,ST CHARLES
ST. CHARLES - 000005,23,1.0000000000,139.0000000000,139.0000000000,0,ST CHARLES,ST CHARLES
ST. CHARLES - 000014,23,1.0000000000,184.0000000000,184.0000000000,0,ST CHARLES,ST CHARLES
ST. CHARLES - 000015,23,1.0000000000,106.0000000000,106.0000000000,0,ST CHARLES,ST CHARLES
ST. CHARLES - 000016,23,1.0000000000,66.0000000000,66.0000000000,0,ST CHARLES,ST CHARLES
ST. CHARLES - 000021,23,1.0000000000,31.0000000000,31.0000000000,0,ST CHARLES,ST CHARLES
ST. CHARLES - 000022,23,1.0000000000,48.0000000000,48.0000000000,0,ST CHARLES,ST CHARLES
ST. CHARLES - 000024,23,1.0000000000,81.0000000000,81.0000000000,0,ST CHARLES,ST CHARLES
ST. CHARLES - 000025,23,1.0000000000,39.0000000000,39.0000000000,0,ST CHARLES,ST CHARLES
ST. CHARLES - 000028,23,1.0000000000,80.0000000000,80.0000000000,0,ST CHARLES,ST CHARLES
ST. CHARLES - 000031,23,1.0000000000,49.0000000000,49.0000000000,0,ST CHARLES,ST CHARLES
ST. CHARLES - 000033,23,1.0000000000,33.0000000000,33.0000000000,0,ST CHARLES,ST CHARLES
ST. CHARLES - 000034,23,1.0000000000,34.0000000000,34.0000000000,0,ST CHARLES,ST CHARLES
ST. CHARLES - 000036,23,1.0000000000,41.0000000000,41.0000000000,0,ST CHARLES,ST CHARLES
ST. CHARLES - 000041,23,1.0000000000,267.0000000000,267.0000000000,0,ST CHARLES,ST CHARLES
ST. CHARLES - 000043,23,1.0000000000,65.0000000000,65.0000000000,0,ST CHARLES,ST CHARLES
ST. CHARLES - 000045,23,1.0000000000,16.0000000000,16.0000000000,0,ST CHARLES,ST CHARLES
ST. CHARLES - 000047,23,1.0000000000,29.0000000000,29.0000000000,0,ST CHARLES,ST CHARLES
ST. CHARLES - 000051,23,1.0000000000,35.0000000000,35.0000000000,0,ST CHARLES,ST CHARLES
ST. CHARLES - 000054,23,1.0000000000,34.0000000000,34.0000000000,0,ST CHARLES,ST CHARLES
ST. CHARLES - 000056,23,1.0000000000,65.0000000000,65.0000000000,0,ST CHARLES,ST CHARLES
ST. CHARLES - 000057,23,1.0000000000,24.0000000000,24.0000000000,0,ST CHARLES,ST CHARLES
ST. CHARLES - 000062,23,1.0000000000,44.0000000000,44.0000000000,0,ST CHARLES,ST CHARLES
ST. CHARLES - 000063,23,1.0000000000,52.0000000000,52.0000000000,0,ST CHARLES,ST CHARLES
ST. CHARLES - 000071,23,1.0000000000,96.0000000000,96.0000000000,0,ST CHARLES,ST CHARLES
ST. CHARLES - 000080,23,1.0000000000,36.0000000000,36.0000000000,0,ST CHARLES,ST CHARLES
ST. CHARLES - 000083,2,0.6666666667,8.0000000000,12.0000000000,0,ST CHARLES,ST CHARLES
ST. CHARLES - 000083,23,0.3333333333,4.0000000000,12.0000000000,0,ST CHARLES,ST CHARLES
ST. CHARLES - 000084,23,1.0000000000,46.0000000000,46.0000000000,0,ST CHARLES,ST CHARLES
ST. CHARLES - 000085,23,1.0000000000,37.0000000000,37.0000000000,0,ST CHARLES,ST CHARLES
ST. CHARLES - 000086,23,1.0000000000,37.0000000000,37.0000000000,0,ST CHARLES,ST CHARLES
ST. CHARLES - 000087,23,1.0000000000,17.0000000000,17.0000000000,0,ST CHARLES,ST CHARLES
ST. CHARLES - 000091,23,1.0000000000,76.0000000000,76.0000000000,0,ST CHARLES,ST CHARLES
ST. CHARLES - 000100,23,1.0000000000,56.0000000000,56.0000000000,0,ST CHARLES,ST CHARLES
ST. CHARLES - 000101,23,1.0000000000,21.0000000000,21.0000000000,0,ST CHARLES,ST CHARLES
ST. CHARLES - 000102,23,1.0000000000,41.0000000000,41.0000000000,0,ST CHARLES,ST CHARLES
ST. CHARLES - 000103,23,1.0000000000,38.0000000000,38.0000000000,0,ST CHARLES,ST CHARLES
ST. CHARLES - 000104,23,1.0000000000,59.0000000000,59.0000000000,0,ST CHARLES,ST CHARLES
ST. CHARLES - 000106,23,1.0000000000,18.0000000000,18.0000000000,0,ST CHARLES,ST CHARLES
ST. CHARLES - 000107,23,1.0000000000,64.0000000000,64.0000000000,0,ST CHARLES,ST CHARLES
ST. CHARLES - 000111,23,1.0000000000,47.0000000000,47.0000000000,0,ST CHARLES,ST CHARLES
ST. CHARLES - 000113,23,1.0000000000,30.0000000000,30.0000000000,0,ST CHARLES,ST CHARLES
ST. CHARLES - 000121,23,1.0000000000,37.0000000000,37.0000000000,0,ST CHARLES,ST CHARLES
ST. CHARLES - 000122,2,0.0833333333,11.0000000000,132.0000000000,0,ST CHARLES,ST CHARLES
ST. CHARLES - 000122,23,0.9166666667,121.0000000000,132.0000000000,0,ST CHARLES,ST CHARLES
ST. CHARLES - 000124,2,0.0285714286,1.0000000000,35.0000000000,0,ST CHARLES,ST CHARLES
ST. CHARLES - 000124,23,0.9714285714,34.0000000000,35.0000000000,0,ST CHARLES,ST CHARLES
ST. CHARLES - 000126,2,0.0487804878,2.0000000000,41.0000000000,0,ST CHARLES,ST CHARLES
ST. CHARLES - 000126,23,0.9512195122,39.0000000000,41.0000000000,0,ST CHARLES,ST CHARLES
ST. CHARLES - 000128,23,1.0000000000,20.0000000000,20.0000000000,0,ST CHARLES,ST CHARLES
ST. CHARLES - 000129,23,1.0000000000,39.0000000000,39.0000000000,0,ST CHARLES,ST CHARLES
ST. CHARLES - 000130,23,1.0000000000,19.0000000000,19.0000000000,0,ST CHARLES,ST CHARLES
ST. CHARLES - 000131,23,1.0000000000,17.0000000000,17.0000000000,0,ST CHARLES,ST CHARLES
ST. CHARLES - 000132,23,1.0000000000,40.0000000000,40.0000000000,0,ST CHARLES,ST CHARLES
ST. CHARLES - 000139,2,1.0000000000,23.0000000000,23.0000000000,0,ST CHARLES,ST CHARLES
ST. CHARLES - 000140,2,0.9423076923,49.0000000000,52.0000000000,0,ST CHARLES,ST CHARLES
ST. CHARLES - 000140,23,0.0576923077,3.0000000000,52.0000000000,0,ST CHARLES,ST CHARLES
ST. CHARLES - 000143,2,1.0000000000,20.0000000000,20.0000000000,0,ST CHARLES,ST CHARLES
ST. CHARLES - 000144,2,0.8695652174,20.0000000000,23.0000000000,0,ST CHARLES,ST CHARLES
ST. CHARLES - 000144,23,0.1304347826,3.0000000000,23.0000000000,0,ST CHARLES,ST CHARLES
ST. CHARLES - 000145,2,0.2068965517,6.0000000000,29.0000000000,0,ST CHARLES,ST CHARLES
ST. CHARLES - 000145,23,0.7931034483,23.0000000000,29.0000000000,0,ST CHARLES,ST CHARLES
ST. CHARLES - 000146,2,0.7741935484,24.0000000000,31.0000000000,0,ST CHARLES,ST CHARLES
ST. CHARLES - 000146,23,0.2258064516,7.0000000000,31.0000000000,0,ST CHARLES,ST CHARLES
ST. CHARLES - 000147,2,1.0000000000,65.0000000000,65.0000000000,0,ST CHARLES,ST CHARLES
ST. CHARLES - 000148,23,1.0000000000,21.0000000000,21.0000000000,0,ST CHARLES,ST CHARLES
ST. CHARLES - 000149,23,1.0000000000,39.0000000000,39.0000000000,0,ST CHARLES,ST CHARLES
ST. CHARLES - 000150,2,0.8000000000,32.0000000000,40.0000000000,0,ST CHARLES,ST CHARLES
ST. CHARLES - 000150,23,0.2000000000,8.0000000000,40.0000000000,0,ST CHARLES,ST CHARLES
ST. CHARLES - 000151,2,1.0000000000,41.0000000000,41.0000000000,0,ST CHARLES,ST CHARLES
ST. CHARLES - 000152,2,1.0000000000,39.0000000000,39.0000000000,0,ST CHARLES,ST CHARLES
ST. CHARLES - 000153,2,1.0000000000,32.0000000000,32.0000000000,0,ST CHARLES,ST CHARLES
ST. CHARLES - 000154,2,1.0000000000,57.0000000000,57.0000000000,0,ST CHARLES,ST CHARLES
ST. CHARLES - 000155,2,0.3809523810,16.0000000000,42.0000000000,0,ST CHARLES,ST CHARLES
ST. CHARLES - 000155,23,0.6190476190,26.0000000000,42.0000000000,0,ST CHARLES,ST CHARLES
ST. CHARLES - 000156,2,0.8421052632,16.0000000000,19.0000000000,0,ST CHARLES,ST CHARLES
ST. CHARLES - 000156,23,0.1578947368,3.0000000000,19.0000000000,0,ST CHARLES,ST CHARLES
ST. CHARLES - 000157,2,1.0000000000,13.0000000000,13.0000000000,0,ST CHARLES,ST CHARLES
ST. CHARLES - 000159,2,1.0000000000,53.0000000000,53.0000000000,0,ST CHARLES,ST CHARLES
ST. CHARLES - 000160,2,1.0000000000,58.0000000000,58.0000000000,0,ST CHARLES,ST CHARLES
ST. CHARLES - 000161,2,1.0000000000,54.0000000000,54.0000000000,0,ST CHARLES,ST CHARLES
ST. CHARLES - 000162,2,0.9827586207,57.0000000000,58.0000000000,0,ST CHARLES,ST CHARLES
ST. CHARLES - 000162,23,0.0172413793,1.0000000000,58.0000000000,0,ST CHARLES,ST CHARLES
ST. CHARLES - 000163,2,1.0000000000,64.0000000000,64.0000000000,0,ST CHARLES,ST CHARLES
ST. CHARLES - 000165,2,1.0000000000,59.0000000000,59.0000000000,0,ST CHARLES,ST CHARLES
ST. CHARLES - 000166,2,1.0000000000,45.0000000000,45.0000000000,0,ST CHARLES,ST CHARLES
ST. CHARLES - 000167,2,1.0000000000,32.0000000000,32.0000000000,0,ST CHARLES,ST CHARLES
ST. CHARLES - 000169,2,1.0000000000,74.0000000000,74.0000000000,0,ST CHARLES,ST CHARLES
ST. CHARLES - 000170,2,1.0000000000,27.0000000000,27.0000000000,0,ST CHARLES,ST CHARLES
ST. CHARLES - 000173,2,1.0000000000,86.0000000000,86.0000000000,0,ST CHARLES,ST CHARLES
ST. CHARLES - 000181,10,1.0000000000,290.0000000000,290.0000000000,0,ST CHARLES,ST CHARLES
ST. CHARLES - 000182,2,0.2346938776,23.0000000000,98.0000000000,0,ST CHARLES,ST CHARLES
ST. CHARLES - 000182,10,0.7653061224,75.0000000000,98.0000000000,0,ST CHARLES,ST CHARLES
ST. CHARLES - 000183,10,1.0000000000,92.0000000000,92.0000000000,0,ST CHARLES,ST CHARLES
ST. CHARLES - 000184,10,1.0000000000,130.0000000000,130.0000000000,0,ST CHARLES,ST CHARLES
ST. CHARLES - 000185,2,0.9107142857,51.0000000000,56.0000000000,0,ST CHARLES,ST CHARLES
ST. CHARLES - 000185,10,0.0892857143,5.0000000000,56.0000000000,0,ST CHARLES,ST CHARLES
ST. CHARLES - 000186,2,0.0227272727,1.0000000000,44.0000000000,0,ST CHARLES,ST CHARLES
ST. CHARLES - 000186,10,0.9772727273,43.0000000000,44.0000000000,0,ST CHARLES,ST CHARLES
ST. CHARLES - 000187,10,1.0000000000,76.0000000000,76.0000000000,0,ST CHARLES,ST CHARLES
ST. CHARLES - 000189,2,0.4722222222,17.0000000000,36.0000000000,0,ST CHARLES,ST CHARLES
ST. CHARLES - 000189,10,0.5277777778,19.0000000000,36.0000000000,0,ST CHARLES,ST CHARLES
ST. CHARLES - 000190,10,1.0000000000,48.0000000000,48.0000000000,0,ST CHARLES,ST CHARLES
ST. CHARLES - 000193,2,1.0000000000,19.0000000000,19.0000000000,0,ST CHARLES,ST CHARLES
ST. CHARLES - 000194,2,1.0000000000,22.0000000000,22.0000000000,0,ST CHARLES,ST CHARLES
ST. CHARLES - 000196,2,1.0000000000,25.0000000000,25.0000000000,0,ST CHARLES,ST CHARLES
ST. CHARLES - 000197,2,1.0000000000,59.0000000000,59.0000000000,0,ST CHARLES,ST CHARLES
ST. CHARLES - 000198,2,0.5294117647,18.0000000000,34.0000000000,0,ST CHARLES,ST CHARLES
ST. CHARLES - 000198,10,0.4705882353,16.0000000000,34.0000000000,0,ST CHARLES,ST CHARLES
ST. CHARLES - 000199,2,1.0000000000,55.0000000000,55.0000000000,0,ST CHARLES,ST CHARLES
ST. CHARLES - 000200,2,1.0000000000,44.0000000000,44.0000000000,0,ST CHARLES,ST CHARLES
ST. CHARLES - 000202,2,1.0000000000,37.0000000000,37.0000000000,0,ST CHARLES,ST CHARLES
ST. CHARLES - 000203,2,1.0000000000,64.0000000000,64.0000000000,0,ST CHARLES,ST CHARLES
ST. CHARLES - 000205,2,1.0000000000,28.0000000000,28.0000000000,0,ST CHARLES,ST CHARLES
ST. CHARLES - 000206,2,1.0000000000,77.0000000000,77.0000000000,0,ST CHARLES,ST CHARLES
ST. CHARLES - 000207,2,1.0000000000,70.0000000000,70.0000000000,0,ST CHARLES,ST CHARLES
ST. CHARLES - 000208,2,1.0000000000,40.0000000000,40.0000000000,0,ST CHARLES,ST CHARLES
ST. CHARLES - 000210,2,0.7671232877,56.0000000000,73.0000000000,0,ST CHARLES,ST CHARLES
ST. CHARLES - 000210,10,0.2328767123,17.0000000000,73.0000000000,0,ST CHARLES,ST CHARLES
ST. CHARLES - 000211,2,1.0000000000,56.0000000000,56.0000000000,0,ST CHARLES,ST CHARLES
ST. CHARLES - 000212,2,1.0000000000,23.0000000000,23.0000000000,0,ST CHARLES,ST CHARLES
ST. CHARLES - 000213,2,1.0000000000,25.0000000000,25.0000000000,0,ST CHARLES,ST CHARLES
ST. CHARLES - 000214,2,1.0000000000,156.0000000000,156.0000000000,0,ST CHARLES,ST CHARLES
ST. CHARLES - 000215,2,1.0000000000,40.0000000000,40.0000000000,0,ST CHARLES,ST CHARLES
ST. CHARLES - 000217,2,1.0000000000,71.0000000000,71.0000000000,0,ST CHARLES,ST CHARLES
ST. CHARLES - 000218,2,1.0000000000,14.0000000000,14.0000000000,0,ST CHARLES,ST CHARLES
ST. CHARLES - 000219,2,1.0000000000,18.0000000000,18.0000000000,0,ST CHARLES,ST CHARLES
ST. CHARLES - 000220,2,1.0000000000,9.0000000000,9.0000000000,0,ST CHARLES,ST CHARLES
ST. CHARLES - 000221,2,1.0000000000,78.0000000000,78.0000000000,0,ST CHARLES,ST CHARLES
ST. CHARLES - 000222,2,1.0000000000,58.0000000000,58.0000000000,0,ST CHARLES,ST CHARLES
ST. CHARLES - 000225,2,1.0000000000,94.0000000000,94.0000000000,0,ST CHARLES,ST CHARLES
ST. CHARLES - 000226,2,1.0000000000,53.0000000000,53.0000000000,0,ST CHARLES,ST CHARLES
ST. CHARLES - 000227,2,0.7500000000,27.0000000000,36.0000000000,0,ST CHARLES,ST CHARLES
ST. CHARLES - 000227,23,0.2500000000,9.0000000000,36.0000000000,0,ST CHARLES,ST CHARLES
ST. CHARLES - 000228,23,1.0000000000,45.0000000000,45.0000000000,0,ST CHARLES,ST CHARLES
ST. CHARLES - 000229,2,1.0000000000,57.0000000000,57.0000000000,0,ST CHARLES,ST CHARLES
ST. CHARLES - 000230,23,1.0000000000,17.0000000000,17.0000000000,0,ST CHARLES,ST CHARLES
ST. CHARLES - 000231,2,0.9600000000,24.0000000000,25.0000000000,0,ST CHARLES,ST CHARLES
ST. CHARLES - 000231,23,0.0400000000,1.0000000000,25.0000000000,0,ST CHARLES,ST CHARLES
ST. CHARLES - 000234,2,1.0000000000,8.0000000000,8.0000000000,0,ST CHARLES,ST CHARLES
ST. CLAIR - 000002,28,1.0000000000,76.0000000000,76.0000000000,0,ST CLAIR,ST CLAIR
ST. CLAIR - 000003,28,1.0000000000,61.0000000000,61.0000000000,0,ST CLAIR,ST CLAIR
ST. CLAIR - 000004,28,1.0000000000,116.0000000000,116.0000000000,0,ST CLAIR,ST CLAIR
ST. CLAIR - 000005,28,1.0000000000,62.0000000000,62.0000000000,0,ST CLAIR,ST CLAIR
ST. CLAIR - 000006,28,1.0000000000,152.0000000000,152.0000000000,0,ST CLAIR,ST CLAIR
ST. CLAIR - 000007,28,1.0000000000,54.0000000000,54.0000000000,0,ST CLAIR,ST CLAIR
ST. CLAIR - 000008,28,1.0000000000,144.0000000000,144.0000000000,0,ST CLAIR,ST CLAIR
ST. CLAIR - 000009,28,1.0000000000,153.0000000000,153.0000000000,0,ST CLAIR,ST CLAIR
ST. CLAIR - 000010,28,1.0000000000,107.0000000000,107.0000000000,0,ST CLAIR,ST CLAIR
ST. CLAIR - 000011,28,1.0000000000,107.0000000000,107.0000000000,0,ST CLAIR,ST CLAIR
ST. CLAIR - 000012,28,1.0000000000,37.0000000000,37.0000000000,0,ST CLAIR,ST CLAIR
ST. CLAIR - 000013,28,1.0000000000,111.0000000000,111.0000000000,0,ST CLAIR,ST CLAIR
ST. CLAIR - 000014,28,1.0000000000,95.0000000000,95.0000000000,0,ST CLAIR,ST CLAIR
ST. CLAIR - 000015,28,1.0000000000,88.0000000000,88.0000000000,0,ST CLAIR,ST CLAIR
ST. CLAIR - 000016,28,1.0000000000,53.0000000000,53.0000000000,0,ST CLAIR,ST CLAIR
ST. CLAIR - 000017,28,1.0000000000,149.0000000000,149.0000000000,0,ST CLAIR,ST CLAIR
ST. CLAIR - 000018,28,1.0000000000,106.0000000000,106.0000000000,0,ST CLAIR,ST CLAIR
ST. CLAIR - 000019,28,1.0000000000,168.0000000000,168.0000000000,0,ST CLAIR,ST CLAIR
ST. FRANCOIS - 000002,3,1.0000000000,131.0000000000,131.0000000000,0,ST FRANCOIS,ST FRANCOIS
ST. FRANCOIS - 000005,3,1.0000000000,258.0000000000,258.0000000000,0,ST FRANCOIS,ST FRANCOIS
ST. FRANCOIS - 000006,3,1.0000000000,42.0000000000,42.0000000000,0,ST FRANCOIS,ST FRANCOIS
ST. FRANCOIS - 000007,3,1.0000000000,56.0000000000,56.0000000000,0,ST FRANCOIS,ST FRANCOIS
ST. FRANCOIS - 000008,3,1.0000000000,70.0000000000,70.0000000000,0,ST FRANCOIS,ST FRANCOIS
ST. FRANCOIS - 000009,3,1.0000000000,87.0000000000,87.0000000000,0,ST FRANCOIS,ST FRANCOIS
ST. FRANCOIS - 000010,3,1.0000000000,101.0000000000,101.0000000000,0,ST FRANCOIS,ST FRANCOIS
ST. FRANCOIS - 000011,3,1.0000000000,131.0000000000,131.0000000000,0,ST FRANCOIS,ST FRANCOIS
ST. FRANCOIS - 000012,3,1.0000000000,141.0000000000,141.0000000000,0,ST FRANCOIS,ST FRANCOIS
ST. FRANCOIS - 000013,3,1.0000000000,132.0000000000,132.0000000000,0,ST FRANCOIS,ST FRANCOIS
ST. FRANCOIS - 000014,3,1.0000000000,127.0000000000,127.0000000000,0,ST FRANCOIS,ST FRANCOIS
ST. FRANCOIS - 000016,3,1.0000000000,103.0000000000,103.0000000000,0,ST FRANCOIS,ST FRANCOIS
ST. FRANCOIS - 000017,3,1.0000000000,52.0000000000,52.0000000000,0,ST FRANCOIS,ST FRANCOIS
ST. FRANCOIS - 000018,3,1.0000000000,61.0000000000,61.0000000000,0,ST FRANCOIS,ST FRANCOIS
ST. FRANCOIS - 000019,3,1.0000000000,136.0000000000,136.0000000000,0,ST FRANCOIS,ST FRANCOIS
ST. FRANCOIS - 000020,3,1.0000000000,51.0000000000,51.0000000000,0,ST FRANCOIS,ST FRANCOIS
ST. FRANCOIS - 000021,3,1.0000000000,183.0000000000,183.0000000000,0,ST FRANCOIS,ST FRANCOIS
ST. FRANCOIS - 000023,3,1.0000000000,155.0000000000,155.0000000000,0,ST FRANCOIS,ST FRANCOIS
ST. FRANCOIS - 000024,3,1.0000000000,182.0000000000,182.0000000000,0,ST FRANCOIS,ST FRANCOIS
ST. FRANCOIS - 000025,3,1.0000000000,178.0000000000,178.0000000000,0,ST FRANCOIS,ST FRANCOIS
ST. FRANCOIS - 000026,3,1.0000000000,208.0000000000,208.0000000000,0,ST FRANCOIS,ST FRANCOIS
ST. FRANCOIS - 000027,3,1.0000000000,145.0000000000,145.0000000000,0,ST FRANCOIS,ST FRANCOIS
ST. LOUIS - 001600,13,1.0000000000,4.0000000000,4.0000000000,0,ST LOUIS,ST LOUIS
ST. LOUIS - 0AP001,14,1.0000000000,8.0000000000,8.0000000000,0,ST LOUIS,ST LOUIS
ST. LOUIS - 0AP002,14,1.0000000000,9.0000000000,9.0000000000,0,ST LOUIS,ST LOUIS
ST. LOUIS - 0AP003,13,0.0952380952,2.0000000000,21.0000000000,0,ST LOUIS,ST LOUIS
ST. LOUIS - 0AP003,14,0.9047619048,19.0000000000,21.0000000000,0,ST LOUIS,ST LOUIS
ST. LOUIS - 0AP004,14,1.0000000000,5.0000000000,5.0000000000,0,ST LOUIS,ST LOUIS
ST. LOUIS - 0AP005,14,1.0000000000,21.0000000000,21.0000000000,0,ST LOUIS,ST LOUIS
ST. LOUIS - 0AP006,14,1.0000000000,1.0000000000,1.0000000000,0,ST LOUIS,ST LOUIS
ST. LOUIS - 0AP007,14,1.0000000000,6.0000000000,6.0000000000,0,ST LOUIS,ST LOUIS
ST. LOUIS - 0AP008,14,1.0000000000,10.0000000000,10.0000000000,0,ST LOUIS,ST LOUIS
ST. LOUIS - 0AP009,14,1.0000000000,12.0000000000,12.0000000000,0,ST LOUIS,ST LOUIS
ST. LOUIS - 0AP010,14,1.0000000000,45.0000000000,45.0000000000,0,ST LOUIS,ST LOUIS
ST. LOUIS - 0AP011,14,1.0000000000,4.0000000000,4.0000000000,0,ST LOUIS,ST LOUIS
ST. LOUIS - 0AP012,14,1.0000000000,12.0000000000,12.0000000000,0,ST LOUIS,ST LOUIS
ST. LOUIS - 0AP013,14,1.0000000000,8.0000000000,8.0000000000,0,ST LOUIS,ST LOUIS
ST. LOUIS - 0AP014,14,1.0000000000,3.0000000000,3.0000000000,0,ST LOUIS,ST LOUIS
ST. LOUIS - 0AP015,14,1.0000000000,10.0000000000,10.0000000000,0,ST LOUIS,ST LOUIS
ST. LOUIS - 0AP016,14,1.0000000000,12.0000000000,12.0000000000,0,ST LOUIS,ST LOUIS
ST. LOUIS - 0AP017,14,1.0000000000,17.0000000000,17.0000000000,0,ST LOUIS,ST LOUIS
ST. LOUIS - 0AP018,14,1.0000000000,10.0000000000,10.0000000000,0,ST LOUIS,ST LOUIS
ST. LOUIS - 0AP019,14,1.0000000000,25.0000000000,25.0000000000,0,ST LOUIS,ST LOUIS
ST. LOUIS - 0AP020,14,1.0000000000,8.0000000000,8.0000000000,0,ST LOUIS,ST LOUIS
ST. LOUIS - 0AP021,14,1.0000000000,3.0000000000,3.0000000000,0,ST LOUIS,ST LOUIS
ST. LOUIS - 0AP022,14,1.0000000000,6.0000000000,6.0000000000,0,ST LOUIS,ST LOUIS
ST. LOUIS - 0AP023,14,1.0000000000,1.0000000000,1.0000000000,0,ST LOUIS,ST LOUIS
ST. LOUIS - 0AP024,14,1.0000000000,10.0000000000,10.0000000000,0,ST LOUIS,ST LOUIS
ST. LOUIS - 0AP025,14,1.0000000000,1.0000000000,1.0000000000,0,ST LOUIS,ST LOUIS
ST. LOUIS - 0AP026,14,1.0000000000,1.0000000000,1.0000000000,0,ST LOUIS,ST LOUIS
ST. LOUIS - 0AP027,14,1.0000000000,54.0000000000,54.0000000000,0,ST LOUIS,ST LOUIS
ST. LOUIS - 0AP028,14,1.0000000000,22.0000000000,22.0000000000,0,ST LOUIS,ST LOUIS
ST. LOUIS - 0AP029,14,1.0000000000,6.0000000000,6.0000000000,0,ST LOUIS,ST LOUIS
ST. LOUIS - 0AP030,14,1.0000000000,16.0000000000,16.0000000000,0,ST LOUIS,ST LOUIS
ST. LOUIS - 0AP031,14,1.0000000000,26.0000000000,26.0000000000,0,ST LOUIS,ST LOUIS
ST. LOUIS - 0AP032,24,1.0000000000,14.0000000000,14.0000000000,0,ST LOUIS,ST LOUIS
ST. LOUIS - 0AP033,14,1.0000000000,5.0000000000,5.0000000000,0,ST LOUIS,ST LOUIS
ST. LOUIS - 0AP034,13,1.0000000000,18.0000000000,18.0000000000,0,ST LOUIS,ST LOUIS
ST. LOUIS - 0AP035,14,1.0000000000,4.0000000000,4.0000000000,0,ST LOUIS,ST LOUIS
ST. LOUIS - 0AP036,14,1.0000000000,16.0000000000,16.0000000000,0,ST LOUIS,ST LOUIS
ST. LOUIS - 0AP037,14,1.0000000000,11.0000000000,11.0000000000,0,ST LOUIS,ST LOUIS
ST. LOUIS - 0AP038,13,0.1578947368,3.0000000000,19.0000000000,0,ST LOUIS,ST LOUIS
ST. LOUIS - 0AP038,14,0.8421052632,16.0000000000,19.0000000000,0,ST LOUIS,ST LOUIS
ST. LOUIS - 0AP039,14,1.0000000000,18.0000000000,18.0000000000,0,ST LOUIS,ST LOUIS
ST. LOUIS - 0AP040,14,1.0000000000,18.0000000000,18.0000000000,0,ST LOUIS,ST LOUIS
ST. LOUIS - 0AP041,24,1.0000000000,15.0000000000,15.0000000000,0,ST LOUIS,ST LOUIS
ST. LOUIS - 0AP042,14,1.0000000000,2.0000000000,2.0000000000,0,ST LOUIS,ST LOUIS
ST. LOUIS - 0AP043,14,1.0000000000,13.0000000000,13.0000000000,0,ST LOUIS,ST LOUIS
ST. LOUIS - 0AP044,14,1.0000000000,6.0000000000,6.0000000000,0,ST LOUIS,ST LOUIS
ST. LOUIS - 0AP045,14,1.0000000000,14.0000000000,14.0000000000,0,ST LOUIS,ST LOUIS
ST. LOUIS - 0AP046,14,1.0000000000,7.0000000000,7.0000000000,0,ST LOUIS,ST LOUIS
ST. LOUIS - 0AP047,14,1.0000000000,6.0000000000,6.0000000000,0,ST LOUIS,ST LOUIS
ST. LOUIS - 0AP048,14,1.0000000000,4.0000000000,4.0000000000,0,ST LOUIS,ST LOUIS
ST. LOUIS - 0AP049,14,1.0000000000,26.0000000000,26.0000000000,0,ST LOUIS,ST LOUIS
ST. LOUIS - 0AP050,14,1.0000000000,8.0000000000,8.0000000000,0,ST LOUIS,ST LOUIS
ST. LOUIS - 0AP051,14,1.0000000000,3.0000000000,3.0000000000,0,ST LOUIS,ST LOUIS
ST. LOUIS - 0AP200,14,1.0000000000,3.0000000000,3.0000000000,0,ST LOUIS,ST LOUIS
ST. LOUIS - 0AP201,24,1.0000000000,2.0000000000,2.0000000000,0,ST LOUIS,ST LOUIS
ST. LOUIS - 0AP202,24,1.0000000000,1.0000000000,1.0000000000,0,ST LOUIS,ST LOUIS
ST. LOUIS - 0AP203,14,1.0000000000,14.0000000000,14.0000000000,0,ST LOUIS,ST LOUIS
ST. LOUIS - 0AP206,14,1.0000000000,8.0000000000,8.0000000000,0,ST LOUIS,ST LOUIS
ST. LOUIS - 0AP207,14,1.0000000000,2.0000000000,2.0000000000,0,ST LOUIS,ST LOUIS
ST. LOUIS - 0AP208,14,1.0000000000,10.0000000000,10.0000000000,0,ST LOUIS,ST LOUIS
ST. LOUIS - 0AP211,14,1.0000000000,5.0000000000,5.0000000000,0,ST LOUIS,ST LOUIS
ST. LOUIS - 0AP214,14,1.0000000000,1.0000000000,1.0000000000,0,ST LOUIS,ST LOUIS
ST. LOUIS - 0AP215,14,1.0000000000,4.0000000000,4.0000000000,0,ST LOUIS,ST LOUIS
ST. LOUIS - 0AP216,14,1.0000000000,2.0000000000,2.0000000000,0,ST LOUIS,ST LOUIS
ST. LOUIS - 0AP217,14,1.0000000000,2.0000000000,2.0000000000,0,ST LOUIS,ST LOUIS
ST. LOUIS - 0AP218,14,1.0000000000,1.0000000000,1.0000000000,0,ST LOUIS,ST LOUIS
ST. LOUIS - 0AP225,14,1.0000000000,3.0000000000,3.0000000000,0,ST LOUIS,ST LOUIS
ST. LOUIS - 0AP230,14,1.0000000000,1.0000000000,1.0000000000,0,ST LOUIS,ST LOUIS
ST. LOUIS - 0AP232,13,1.0000000000,9.0000000000,9.0000000000,0,ST LOUIS,ST LOUIS
ST. LOUIS - 0AP233,14,1.0000000000,1.0000000000,1.0000000000,0,ST LOUIS,ST LOUIS
ST. LOUIS - 0AP237,14,1.0000000000,2.0000000000,2.0000000000,0,ST LOUIS,ST LOUIS
ST. LOUIS - 0CC001,24,1.0000000000,17.0000000000,17.0000000000,0,ST LOUIS,ST LOUIS
ST. LOUIS - 0CC002,24,1.0000000000,9.0000000000,9.0000000000,0,ST LOUIS,ST LOUIS
ST. LOUIS - 0CC003,24,1.0000000000,7.0000000000,7.0000000000,0,ST LOUIS,ST LOUIS
ST. LOUIS - 0CC004,24,1.0000000000,11.0000000000,11.0000000000,0,ST LOUIS,ST LOUIS
ST. LOUIS - 0CC005,24,1.0000000000,10.0000000000,10.0000000000,0,ST LOUIS,ST LOUIS
ST. LOUIS - 0CC006,24,1.0000000000,19.0000000000,19.0000000000,0,ST LOUIS,ST LOUIS
ST. LOUIS - 0CC007,24,1.0000000000,11.0000000000,11.0000000000,0,ST LOUIS,ST LOUIS
ST. LOUIS - 0CC008,24,1.0000000000,10.0000000000,10.0000000000,0,ST LOUIS,ST LOUIS
ST. LOUIS - 0CC009,24,1.0000000000,2.0000000000,2.0000000000,0,ST LOUIS,ST LOUIS
ST. LOUIS - 0CC010,24,1.0000000000,9.0000000000,9.0000000000,0,ST LOUIS,ST LOUIS
ST. LOUIS - 0CC011,24,1.0000000000,13.0000000000,13.0000000000,0,ST LOUIS,ST LOUIS
ST. LOUIS - 0CC012,14,1.0000000000,5.0000000000,5.0000000000,0,ST LOUIS,ST LOUIS
ST. LOUIS - 0CC013,14,1.0000000000,3.0000000000,3.0000000000,0,ST LOUIS,ST LOUIS
ST. LOUIS - 0CC014,24,1.0000000000,33.0000000000,33.0000000000,0,ST LOUIS,ST LOUIS
ST. LOUIS - 0CC015,24,1.0000000000,12.0000000000,12.0000000000,0,ST LOUIS,ST LOUIS
ST. LOUIS - 0CC016,24,1.0000000000,9.0000000000,9.0000000000,0,ST LOUIS,ST LOUIS
ST. LOUIS - 0CC017,24,1.0000000000,10.0000000000,10.0000000000,0,ST LOUIS,ST LOUIS
ST. LOUIS - 0CC018,24,1.0000000000,10.0000000000,10.0000000000,0,ST LOUIS,ST LOUIS
ST. LOUIS - 0CC019,24,1.0000000000,11.0000000000,11.0000000000,0,ST LOUIS,ST LOUIS
ST. LOUIS - 0CC020,15,0.9696969697,32.0000000000,33.0000000000,0,ST LOUIS,ST LOUIS
ST. LOUIS - 0CC020,24,0.0303030303,1.0000000000,33.0000000000,0,ST LOUIS,ST LOUIS
ST. LOUIS - 0CC021,24,1.0000000000,2.0000000000,2.0000000000,0,ST LOUIS,ST LOUIS
ST. LOUIS - 0CC022,14,1.0000000000,10.0000000000,10.0000000000,0,ST LOUIS,ST LOUIS
ST. LOUIS - 0CC023,24,1.0000000000,9.0000000000,9.0000000000,0,ST LOUIS,ST LOUIS
ST. LOUIS - 0CC024,24,1.0000000000,5.0000000000,5.0000000000,0,ST LOUIS,ST LOUIS
ST. LOUIS - 0CC025,24,1.0000000000,18.0000000000,18.0000000000,0,ST LOUIS,ST LOUIS
ST. LOUIS - 0CC026,15,1.0000000000,3.0000000000,3.0000000000,0,ST LOUIS,ST LOUIS
ST. LOUIS - 0CC027,24,1.0000000000,41.0000000000,41.0000000000,0,ST LOUIS,ST LOUIS
ST. LOUIS - 0CC028,24,1.0000000000,1.0000000000,1.0000000000,0,ST LOUIS,ST LOUIS
ST. LOUIS - 0CC030,24,1.0000000000,2.0000000000,2.0000000000,0,ST LOUIS,ST LOUIS
ST. LOUIS - 0CC031,24,1.0000000000,17.0000000000,17.0000000000,0,ST LOUIS,ST LOUIS
ST. LOUIS - 0CC032,24,1.0000000000,6.0000000000,6.0000000000,0,ST LOUIS,ST LOUIS
ST. LOUIS - 0CC033,24,1.0000000000,7.0000000000,7.0000000000,0,ST LOUIS,ST LOUIS
ST. LOUIS - 0CC034,24,1.0000000000,2.0000000000,2.0000000000,0,ST LOUIS,ST LOUIS
ST. LOUIS - 0CC035,24,1.0000000000,17.0000000000,17.0000000000,0,ST LOUIS,ST LOUIS
ST. LOUIS - 0CC036,24,1.0000000000,3.0000000000,3.0000000000,0,ST LOUIS,ST LOUIS
ST. LOUIS - 0CC037,24,1.0000000000,5.0000000000,5.0000000000,0,ST LOUIS,ST LOUIS
ST. LOUIS - 0CC038,24,1.0000000000,10.0000000000,10.0000000000,0,ST LOUIS,ST LOUIS
ST. LOUIS - 0CC039,24,1.0000000000,5.0000000000,5.0000000000,0,ST LOUIS,ST LOUIS
ST. LOUIS - 0CC040,15,0.1428571429,1.0000000000,7.0000000000,0,ST LOUIS,ST LOUIS
ST. LOUIS - 0CC040,24,0.8571428571,6.0000000000,7.0000000000,0,ST LOUIS,ST LOUIS
ST. LOUIS - 0CC041,24,1.0000000000,10.0000000000,10.0000000000,0,ST LOUIS,ST LOUIS
ST. LOUIS - 0CC042,24,1.0000000000,8.0000000000,8.0000000000,0,ST LOUIS,ST LOUIS
ST. LOUIS - 0CC043,24,1.0000000000,1.0000000000,1.0000000000,0,ST LOUIS,ST LOUIS
ST. LOUIS - 0CC044,24,1.0000000000,18.0000000000,18.0000000000,0,ST LOUIS,ST LOUIS
ST. LOUIS - 0CC045,24,1.0000000000,1.0000000000,1.0000000000,0,ST LOUIS,ST LOUIS
ST. LOUIS - 0CC046,24,1.0000000000,5.0000000000,5.0000000000,0,ST LOUIS,ST LOUIS
ST. LOUIS - 0CC047,24,1.0000000000,7.0000000000,7.0000000000,0,ST LOUIS,ST LOUIS
ST. LOUIS - 0CC048,14,0.1428571429,1.0000000000,7.0000000000,0,ST LOUIS,ST LOUIS
ST. LOUIS - 0CC048,24,0.8571428571,6.0000000000,7.0000000000,0,ST LOUIS,ST LOUIS
ST. LOUIS - 0CC049,24,1.0000000000,6.0000000000,6.0000000000,0,ST LOUIS,ST LOUIS
ST. LOUIS - 0CC050,24,1.0000000000,14.0000000000,14.0000000000,0,ST LOUIS,ST LOUIS
ST. LOUIS - 0CC051,14,1.0000000000,1.0000000000,1.0000000000,0,ST LOUIS,ST LOUIS
ST. LOUIS - 0CC052,24,1.0000000000,3.0000000000,3.0000000000,0,ST LOUIS,ST LOUIS
ST. LOUIS - 0CC053,24,1.0000000000,18.0000000000,18.0000000000,0,ST LOUIS,ST LOUIS
ST. LOUIS - 0CC054,24,1.0000000000,3.0000000000,3.0000000000,0,ST LOUIS,ST LOUIS
ST. LOUIS - 0CC055,24,1.0000000000,4.0000000000,4.0000000000,0,ST LOUIS,ST LOUIS
ST. LOUIS - 0CC056,24,1.0000000000,4.0000000000,4.0000000000,0,ST LOUIS,ST LOUIS
ST. LOUIS - 0CC057,24,1.0000000000,10.0000000000,10.0000000000,0,ST LOUIS,ST LOUIS
ST. LOUIS - 0CC058,24,1.0000000000,15.0000000000,15.0000000000,0,ST LOUIS,ST LOUIS
ST. LOUIS - 0CC201,24,1.0000000000,3.0000000000,3.0000000000,0,ST LOUIS,ST LOUIS
ST. LOUIS - 0CC202,24,1.0000000000,1.0000000000,1.0000000000,0,ST LOUIS,ST LOUIS
ST. LOUIS - 0CC203,24,1.0000000000,8.0000000000,8.0000000000,0,ST LOUIS,ST LOUIS
ST. LOUIS - 0CC205,24,1.0000000000,5.0000000000,5.0000000000,0,ST LOUIS,ST LOUIS
ST. LOUIS - 0CC208,24,1.0000000000,9.0000000000,9.0000000000,0,ST LOUIS,ST LOUIS
ST. LOUIS - 0CC214,24,1.0000000000,3.0000000000,3.0000000000,0,ST LOUIS,ST LOUIS
ST. LOUIS - 0CC221,24,1.0000000000,1.0000000000,1.0000000000,0,ST LOUIS,ST LOUIS
ST. LOUIS - 0LC001,13,1.0000000000,13.0000000000,13.0000000000,0,ST LOUIS,ST LOUIS
ST. LOUIS - 0LC002,13,1.0000000000,15.0000000000,15.0000000000,0,ST LOUIS,ST LOUIS
ST. LOUIS - 0LC003,13,1.0000000000,21.0000000000,21.0000000000,0,ST LOUIS,ST LOUIS
ST. LOUIS - 0LC004,13,1.0000000000,14.0000000000,14.0000000000,0,ST LOUIS,ST LOUIS
ST. LOUIS - 0LC005,13,1.0000000000,27.0000000000,27.0000000000,0,ST LOUIS,ST LOUIS
ST. LOUIS - 0LC006,13,1.0000000000,6.0000000000,6.0000000000,0,ST LOUIS,ST LOUIS
ST. LOUIS - 0LC007,13,1.0000000000,2.0000000000,2.0000000000,0,ST LOUIS,ST LOUIS
ST. LOUIS - 0LC008,13,1.0000000000,10.0000000000,10.0000000000,0,ST LOUIS,ST LOUIS
ST. LOUIS - 0LC009,13,1.0000000000,18.0000000000,18.0000000000,0,ST LOUIS,ST LOUIS
ST. LOUIS - 0LC010,13,1.0000000000,26.0000000000,26.0000000000,0,ST LOUIS,ST LOUIS
ST. LOUIS - 0LC011,13,1.0000000000,8.0000000000,8.0000000000,0,ST LOUIS,ST LOUIS
ST. LOUIS - 0LC012,13,1.0000000000,9.0000000000,9.0000000000,0,ST LOUIS,ST LOUIS
ST. LOUIS - 0LC013,13,1.0000000000,19.0000000000,19.0000000000,0,ST LOUIS,ST LOUIS
ST. LOUIS - 0LC014,13,1.0000000000,12.0000000000,12.0000000000,0,ST LOUIS,ST LOUIS
ST. LOUIS - 0LC015,13,1.0000000000,24.0000000000,24.0000000000,0,ST LOUIS,ST LOUIS
ST. LOUIS - 0LC016,13,1.0000000000,8.0000000000,8.0000000000,0,ST LOUIS,ST LOUIS
ST. LOUIS - 0LC017,13,1.0000000000,15.0000000000,15.0000000000,0,ST LOUIS,ST LOUIS
ST. LOUIS - 0LC018,13,1.0000000000,2.0000000000,2.0000000000,0,ST LOUIS,ST LOUIS
ST. LOUIS - 0LC019,13,1.0000000000,1.0000000000,1.0000000000,0,ST LOUIS,ST LOUIS
ST. LOUIS - 0LC020,13,1.0000000000,8.0000000000,8.0000000000,0,ST LOUIS,ST LOUIS
ST. LOUIS - 0LC021,13,1.0000000000,19.0000000000,19.0000000000,0,ST LOUIS,ST LOUIS
ST. LOUIS - 0LC022,13,1.0000000000,6.0000000000,6.0000000000,0,ST LOUIS,ST LOUIS
ST. LOUIS - 0LC023,13,1.0000000000,5.0000000000,5.0000000000,0,ST LOUIS,ST LOUIS
ST. LOUIS - 0LC024,13,0.8750000000,7.0000000000,8.0000000000,0,ST LOUIS,ST LOUIS
ST. LOUIS - 0LC024,14,0.1250000000,1.0000000000,8.0000000000,0,ST LOUIS,ST LOUIS
ST. LOUIS - 0LC025,13,1.0000000000,9.0000000000,9.0000000000,0,ST LOUIS,ST LOUIS
ST. LOUIS - 0LC026,13,1.0000000000,14.0000000000,14.0000000000,0,ST LOUIS,ST LOUIS
ST. LOUIS - 0LC027,13,1.0000000000,1.0000000000,1.0000000000,0,ST LOUIS,ST LOUIS
ST. LOUIS - 0LC028,13,1.0000000000,12.0000000000,12.0000000000,0,ST LOUIS,ST LOUIS
ST. LOUIS - 0LC029,13,1.0000000000,7.0000000000,7.0000000000,0,ST LOUIS,ST LOUIS
ST. LOUIS - 0LC030,13,1.0000000000,18.0000000000,18.0000000000,0,ST LOUIS,ST LOUIS
ST. LOUIS - 0LC031,13,1.0000000000,12.0000000000,12.0000000000,0,ST LOUIS,ST LOUIS
ST. LOUIS - 0LC032,13,1.0000000000,8.0000000000,8.0000000000,0,ST LOUIS,ST LOUIS
ST. LOUIS - 0LC200,13,1.0000000000,3.0000000000,3.0000000000,0,ST LOUIS,ST LOUIS
ST. LOUIS - 0LC203,13,1.0000000000,2.0000000000,2.0000000000,0,ST LOUIS,ST LOUIS
ST. LOUIS - 0LC204,13,1.0000000000,1.0000000000,1.0000000000,0,ST LOUIS,ST LOUIS
ST. LOUIS - 0LC209,14,1.0000000000,2.0000000000,2.0000000000,0,ST LOUIS,ST LOUIS
ST. LOUIS - 0MR001,24,1.0000000000,7.0000000000,7.0000000000,0,ST LOUIS,ST LOUIS
ST. LOUIS - 0MR002,15,1.0000000000,5.0000000000,5.0000000000,0,ST LOUIS,ST LOUIS
ST. LOUIS - 0MR003,15,1.0000000000,12.0000000000,12.0000000000,0,ST LOUIS,ST LOUIS
ST. LOUIS - 0MR004,15,1.0000000000,13.0000000000,13.0000000000,0,ST LOUIS,ST LOUIS
ST. LOUIS - 0MR005,24,1.0000000000,2.0000000000,2.0000000000,0,ST LOUIS,ST LOUIS
ST. LOUIS - 0MR006,24,1.0000000000,14.0000000000,14.0000000000,0,ST LOUIS,ST LOUIS
ST. LOUIS - 0MR007,15,1.0000000000,10.0000000000,10.0000000000,0,ST LOUIS,ST LOUIS
ST. LOUIS - 0MR008,24,1.0000000000,3.0000000000,3.0000000000,0,ST LOUIS,ST LOUIS
ST. LOUIS - 0MR009,15,1.0000000000,7.0000000000,7.0000000000,0,ST LOUIS,ST LOUIS
ST. LOUIS - 0MR010,15,1.0000000000,7.0000000000,7.0000000000,0,ST LOUIS,ST LOUIS
ST. LOUIS - 0MR011,24,1.0000000000,28.0000000000,28.0000000000,0,ST LOUIS,ST LOUIS
ST. LOUIS - 0MR012,24,1.0000000000,7.0000000000,7.0000000000,0,ST LOUIS,ST LOUIS
ST. LOUIS - 0MR013,15,1.0000000000,4.0000000000,4.0000000000,0,ST LOUIS,ST LOUIS
ST. LOUIS - 0MR014,15,1.0000000000,9.0000000000,9.0000000000,0,ST LOUIS,ST LOUIS
ST. LOUIS - 0MR015,24,1.0000000000,3.0000000000,3.0000000000,0,ST LOUIS,ST LOUIS
ST. LOUIS - 0MR016,15,1.0000000000,17.0000000000,17.0000000000,0,ST LOUIS,ST LOUIS
ST. LOUIS - 0MR017,15,1.0000000000,1.0000000000,1.0000000000,0,ST LOUIS,ST LOUIS
ST. LOUIS - 0MR018,15,1.0000000000,19.0000000000,19.0000000000,0,ST LOUIS,ST LOUIS
ST. LOUIS - 0MR019,24,1.0000000000,18.0000000000,18.0000000000,0,ST LOUIS,ST LOUIS
ST. LOUIS - 0MR020,15,1.0000000000,1.0000000000,1.0000000000,0,ST LOUIS,ST LOUIS
ST. LOUIS - 0MR021,15,1.0000000000,1.0000000000,1.0000000000,0,ST LOUIS,ST LOUIS
ST. LOUIS - 0MR022,24,1.0000000000,11.0000000000,11.0000000000,0,ST LOUIS,ST LOUIS
ST. LOUIS - 0MR023,15,1.0000000000,3.0000000000,3.0000000000,0,ST LOUIS,ST LOUIS
ST. LOUIS - 0MR024,24,1.0000000000,1.0000000000,1.0000000000,0,ST LOUIS,ST LOUIS
ST. LOUIS - 0MR025,15,1.0000000000,15.0000000000,15.0000000000,0,ST LOUIS,ST LOUIS
ST. LOUIS - 0MR026,15,1.0000000000,20.0000000000,20.0000000000,0,ST LOUIS,ST LOUIS
ST. LOUIS - 0MR027,15,0.5217391304,12.0000000000,23.0000000000,0,ST LOUIS,ST LOUIS
ST. LOUIS - 0MR027,24,0.4782608696,11.0000000000,23.0000000000,0,ST LOUIS,ST LOUIS
ST. LOUIS - 0MR028,24,1.0000000000,19.0000000000,19.0000000000,0,ST LOUIS,ST LOUIS
ST. LOUIS - 0MR029,15,1.0000000000,7.0000000000,7.0000000000,0,ST LOUIS,ST LOUIS
ST. LOUIS - 0MR030,15,1.0000000000,15.0000000000,15.0000000000,0,ST LOUIS,ST LOUIS
ST. LOUIS - 0MR031,24,1.0000000000,2.0000000000,2.0000000000,0,ST LOUIS,ST LOUIS
ST. LOUIS - 0MR032,15,1.0000000000,4.0000000000,4.0000000000,0,ST LOUIS,ST LOUIS
ST. LOUIS - 0MR033,24,1.0000000000,15.0000000000,15.0000000000,0,ST LOUIS,ST LOUIS
ST. LOUIS - 0MR034,24,1.0000000000,7.0000000000,7.0000000000,0,ST LOUIS,ST LOUIS
ST. LOUIS - 0MR035,15,1.0000000000,15.0000000000,15.0000000000,0,ST LOUIS,ST LOUIS
ST. LOUIS - 0MR036,15,1.0000000000,5.0000000000,5.0000000000,0,ST LOUIS,ST LOUIS
ST. LOUIS - 0MR037,24,1.0000000000,7.0000000000,7.0000000000,0,ST LOUIS,ST LOUIS
ST. LOUIS - 0MR038,15,1.0000000000,6.0000000000,6.0000000000,0,ST LOUIS,ST LOUIS
ST. LOUIS - 0MR039,15,1.0000000000,9.0000000000,9.0000000000,0,ST LOUIS,ST LOUIS
ST. LOUIS - 0MR040,15,1.0000000000,7.0000000000,7.0000000000,0,ST LOUIS,ST LOUIS
ST. LOUIS - 0MR041,24,1.0000000000,7.0000000000,7.0000000000,0,ST LOUIS,ST LOUIS
ST. LOUIS - 0MR042,15,1.0000000000,4.0000000000,4.0000000000,0,ST LOUIS,ST LOUIS
ST. LOUIS - 0MR043,15,1.0000000000,5.0000000000,5.0000000000,0,ST LOUIS,ST LOUIS
ST. LOUIS - 0MR044,15,1.0000000000,7.0000000000,7.0000000000,0,ST LOUIS,ST LOUIS
ST. LOUIS - 0MR045,15,1.0000000000,14.0000000000,14.0000000000,0,ST LOUIS,ST LOUIS
ST. LOUIS - 0MR046,24,1.0000000000,11.0000000000,11.0000000000,0,ST LOUIS,ST LOUIS
ST. LOUIS - 0MR047,24,1.0000000000,1.0000000000,1.0000000000,0,ST LOUIS,ST LOUIS
ST. LOUIS - 0MR048,15,1.0000000000,9.0000000000,9.0000000000,0,ST LOUIS,ST LOUIS
ST. LOUIS - 0MR049,24,1.0000000000,3.0000000000,3.0000000000,0,ST LOUIS,ST LOUIS
ST. LOUIS - 0MR050,15,1.0000000000,4.0000000000,4.0000000000,0,ST LOUIS,ST LOUIS
ST. LOUIS - 0MR051,15,0.0833333333,1.0000000000,12.0000000000,0,ST LOUIS,ST LOUIS
ST. LOUIS - 0MR051,24,0.9166666667,11.0000000000,12.0000000000,0,ST LOUIS,ST LOUIS
ST. LOUIS - 0MR052,15,1.0000000000,6.0000000000,6.0000000000,0,ST LOUIS,ST LOUIS
ST. LOUIS - 0MR053,15,1.0000000000,5.0000000000,5.0000000000,0,ST LOUIS,ST LOUIS
ST. LOUIS - 0MR054,24,1.0000000000,2.0000000000,2.0000000000,0,ST LOUIS,ST LOUIS
ST. LOUIS - 0MR055,15,1.0000000000,6.0000000000,6.0000000000,0,ST LOUIS,ST LOUIS
ST. LOUIS - 0MR056,15,1.0000000000,8.0000000000,8.0000000000,0,ST LOUIS,ST LOUIS
ST. LOUIS - 0MR057,15,1.0000000000,2.0000000000,2.0000000000,0,ST LOUIS,ST LOUIS
ST. LOUIS - 0MR058,15,1.0000000000,9.0000000000,9.0000000000,0,ST LOUIS,ST LOUIS
ST. LOUIS - 0MR059,24,1.0000000000,2.0000000000,2.0000000000,0,ST LOUIS,ST LOUIS
ST. LOUIS - 0MR200,24,1.0000000000,9.0000000000,9.0000000000,0,ST LOUIS,ST LOUIS
ST. LOUIS - 0MR202,15,1.0000000000,1.0000000000,1.0000000000,0,ST LOUIS,ST LOUIS
ST. LOUIS - 0MR203,15,1.0000000000,4.0000000000,4.0000000000,0,ST LOUIS,ST LOUIS
ST. LOUIS - 0MR204,24,1.0000000000,4.0000000000,4.0000000000,0,ST LOUIS,ST LOUIS
ST. LOUIS - 0MR205,15,1.0000000000,1.0000000000,1.0000000000,0,ST LOUIS,ST LOUIS
ST. LOUIS - 0MR209,15,1.0000000000,1.0000000000,1.0000000000,0,ST LOUIS,ST LOUIS
ST. LOUIS - 0MR210,15,0.2500000000,1.0000000000,4.0000000000,0,ST LOUIS,ST LOUIS
ST. LOUIS - 0MR210,24,0.7500000000,3.0000000000,4.0000000000,0,ST LOUIS,ST LOUIS
ST. LOUIS - 0MR212,15,1.0000000000,1.0000000000,1.0000000000,0,ST LOUIS,ST LOUIS
ST. LOUIS - 0MR213,15,1.0000000000,1.0000000000,1.0000000000,0,ST LOUIS,ST LOUIS
ST. LOUIS - 0NW001,14,0.0625000000,1.0000000000,16.0000000000,0,ST LOUIS,ST LOUIS
ST. LOUIS - 0NW001,24,0.9375000000,15.0000000000,16.0000000000,0,ST LOUIS,ST LOUIS
ST. LOUIS - 0NW002,13,1.0000000000,31.0000000000,31.0000000000,0,ST LOUIS,ST LOUIS
ST. LOUIS - 0NW003,14,1.0000000000,13.0000000000,13.0000000000,0,ST LOUIS,ST LOUIS
ST. LOUIS - 0NW004,13,1.0000000000,9.0000000000,9.0000000000,0,ST LOUIS,ST LOUIS
ST. LOUIS - 0NW005,14,1.0000000000,13.0000000000,13.0000000000,0,ST LOUIS,ST LOUIS
ST. LOUIS - 0NW006,14,1.0000000000,12.0000000000,12.0000000000,0,ST LOUIS,ST LOUIS
ST. LOUIS - 0NW007,13,1.0000000000,4.0000000000,4.0000000000,0,ST LOUIS,ST LOUIS
ST. LOUIS - 0NW008,13,1.0000000000,13.0000000000,13.0000000000,0,ST LOUIS,ST LOUIS
ST. LOUIS - 0NW009,13,0.1666666667,2.0000000000,12.0000000000,0,ST LOUIS,ST LOUIS
ST. LOUIS - 0NW009,14,0.8333333333,10.0000000000,12.0000000000,0,ST LOUIS,ST LOUIS
ST. LOUIS - 0NW010,13,1.0000000000,7.0000000000,7.0000000000,0,ST LOUIS,ST LOUIS
ST. LOUIS - 0NW011,14,1.0000000000,4.0000000000,4.0000000000,0,ST LOUIS,ST LOUIS
ST. LOUIS - 0NW012,14,1.0000000000,16.0000000000,16.0000000000,0,ST LOUIS,ST LOUIS
ST. LOUIS - 0NW013,24,1.0000000000,40.0000000000,40.0000000000,0,ST LOUIS,ST LOUIS
ST. LOUIS - 0NW014,14,1.0000000000,1.0000000000,1.0000000000,0,ST LOUIS,ST LOUIS
ST. LOUIS - 0NW015,13,1.0000000000,6.0000000000,6.0000000000,0,ST LOUIS,ST LOUIS
ST. LOUIS - 0NW016,14,1.0000000000,10.0000000000,10.0000000000,0,ST LOUIS,ST LOUIS
ST. LOUIS - 0NW017,14,1.0000000000,3.0000000000,3.0000000000,0,ST LOUIS,ST LOUIS
ST. LOUIS - 0NW018,14,1.0000000000,18.0000000000,18.0000000000,0,ST LOUIS,ST LOUIS
ST. LOUIS - 0NW019,24,1.0000000000,4.0000000000,4.0000000000,0,ST LOUIS,ST LOUIS
ST. LOUIS - 0NW020,24,1.0000000000,14.0000000000,14.0000000000,0,ST LOUIS,ST LOUIS
ST. LOUIS - 0NW021,14,1.0000000000,6.0000000000,6.0000000000,0,ST LOUIS,ST LOUIS
ST. LOUIS - 0NW022,14,1.0000000000,12.0000000000,12.0000000000,0,ST LOUIS,ST LOUIS
ST. LOUIS - 0NW023,14,1.0000000000,6.0000000000,6.0000000000,0,ST LOUIS,ST LOUIS
ST. LOUIS - 0NW024,14,1.0000000000,3.0000000000,3.0000000000,0,ST LOUIS,ST LOUIS
ST. LOUIS - 0NW025,14,1.0000000000,10.0000000000,10.0000000000,0,ST LOUIS,ST LOUIS
ST. LOUIS - 0NW026,14,1.0000000000,2.0000000000,2.0000000000,0,ST LOUIS,ST LOUIS
ST. LOUIS - 0NW027,14,1.0000000000,2.0000000000,2.0000000000,0,ST LOUIS,ST LOUIS
ST. LOUIS - 0NW028,14,1.0000000000,5.0000000000,5.0000000000,0,ST LOUIS,ST LOUIS
ST. LOUIS - 0NW029,24,1.0000000000,11.0000000000,11.0000000000,0,ST LOUIS,ST LOUIS
ST. LOUIS - 0NW030,14,1.0000000000,3.0000000000,3.0000000000,0,ST LOUIS,ST LOUIS
ST. LOUIS - 0NW031,14,1.0000000000,4.0000000000,4.0000000000,0,ST LOUIS,ST LOUIS
ST. LOUIS - 0NW032,14,1.0000000000,20.0000000000,20.0000000000,0,ST LOUIS,ST LOUIS
ST. LOUIS - 0NW033,24,1.0000000000,11.0000000000,11.0000000000,0,ST LOUIS,ST LOUIS
ST. LOUIS - 0NW034,14,1.0000000000,15.0000000000,15.0000000000,0,ST LOUIS,ST LOUIS
ST. LOUIS - 0NW035,24,1.0000000000,24.0000000000,24.0000000000,0,ST LOUIS,ST LOUIS
ST. LOUIS - 0NW036,14,1.0000000000,14.0000000000,14.0000000000,0,ST LOUIS,ST LOUIS
ST. LOUIS - 0NW037,14,1.0000000000,4.0000000000,4.0000000000,0,ST LOUIS,ST LOUIS
ST. LOUIS - 0NW038,24,1.0000000000,16.0000000000,16.0000000000,0,ST LOUIS,ST LOUIS
ST. LOUIS - 0NW039,14,1.0000000000,1.0000000000,1.0000000000,0,ST LOUIS,ST LOUIS
ST. LOUIS - 0NW040,14,1.0000000000,5.0000000000,5.0000000000,0,ST LOUIS,ST LOUIS
ST. LOUIS - 0NW041,14,1.0000000000,15.0000000000,15.0000000000,0,ST LOUIS,ST LOUIS
ST. LOUIS - 0NW042,14,1.0000000000,22.0000000000,22.0000000000,0,ST LOUIS,ST LOUIS
ST. LOUIS - 0NW043,14,1.0000000000,2.0000000000,2.0000000000,0,ST LOUIS,ST LOUIS
ST. LOUIS - 0NW044,14,1.0000000000,56.0000000000,56.0000000000,0,ST LOUIS,ST LOUIS
ST. LOUIS - 0NW045,13,1.0000000000,3.0000000000,3.0000000000,0,ST LOUIS,ST LOUIS
ST. LOUIS - 0NW046,14,1.0000000000,7.0000000000,7.0000000000,0,ST LOUIS,ST LOUIS
ST. LOUIS - 0NW047,24,1.0000000000,7.0000000000,7.0000000000,0,ST LOUIS,ST LOUIS
ST. LOUIS - 0NW048,14,1.0000000000,21.0000000000,21.0000000000,0,ST LOUIS,ST LOUIS
ST. LOUIS - 0NW049,24,1.0000000000,28.0000000000,28.0000000000,0,ST LOUIS,ST LOUIS
ST. LOUIS - 0NW050,14,1.0000000000,13.0000000000,13.0000000000,0,ST LOUIS,ST LOUIS
ST. LOUIS - 0NW051,14,1.0000000000,7.0000000000,7.0000000000,0,ST LOUIS,ST LOUIS
ST. LOUIS - 0NW052,24,1.0000000000,2.0000000000,2.0000000000,0,ST LOUIS,ST LOUIS
ST. LOUIS - 0NW200,14,1.0000000000,2.0000000000,2.0000000000,0,ST LOUIS,ST LOUIS
ST. LOUIS - 0NW201,24,1.0000000000,6.0000000000,6.0000000000,0,ST LOUIS,ST LOUIS
ST. LOUIS - 0NW202,14,1.0000000000,9.0000000000,9.0000000000,0,ST LOUIS,ST LOUIS
ST. LOUIS - 0NW203,14,0.7142857143,5.0000000000,7.0000000000,0,ST LOUIS,ST LOUIS
ST. LOUIS - 0NW203,24,0.2857142857,2.0000000000,7.0000000000,0,ST LOUIS,ST LOUIS
ST. LOUIS - 0NW204,14,1.0000000000,2.0000000000,2.0000000000,0,ST LOUIS,ST LOUIS
ST. LOUIS - 0NW205,14,1.0000000000,5.0000000000,5.0000000000,0,ST LOUIS,ST LOUIS
ST. LOUIS - 0NW206,14,1.0000000000,6.0000000000,6.0000000000,0,ST LOUIS,ST LOUIS
ST. LOUIS - 0NW207,14,1.0000000000,4.0000000000,4.0000000000,0,ST LOUIS,ST LOUIS
ST. LOUIS - 0NW208,14,1.0000000000,1.0000000000,1.0000000000,0,ST LOUIS,ST LOUIS
ST. LOUIS - 0NW209,14,1.0000000000,2.0000000000,2.0000000000,0,ST LOUIS,ST LOUIS
ST. LOUIS - 0NW210,14,1.0000000000,1.0000000000,1.0000000000,0,ST LOUIS,ST LOUIS
ST. LOUIS - 0NW211,24,1.0000000000,10.0000000000,10.0000000000,0,ST LOUIS,ST LOUIS
ST. LOUIS - 0NW212,14,1.0000000000,4.0000000000,4.0000000000,0,ST LOUIS,ST LOUIS
ST. LOUIS - 0NW213,14,1.0000000000,40.0000000000,40.0000000000,0,ST LOUIS,ST LOUIS
ST. LOUIS - 0NW214,14,1.0000000000,1.0000000000,1.0000000000,0,ST LOUIS,ST LOUIS
ST. LOUIS - 0NW215,14,1.0000000000,8.0000000000,8.0000000000,0,ST LOUIS,ST LOUIS
ST. LOUIS - 0NW216,14,1.0000000000,1.0000000000,1.0000000000,0,ST LOUIS,ST LOUIS
ST. LOUIS - 0NW217,14,1.0000000000,1.0000000000,1.0000000000,0,ST LOUIS,ST LOUIS
ST. LOUIS - 0NW219,14,1.0000000000,2.0000000000,2.0000000000,0,ST LOUIS,ST LOUIS
ST. LOUIS - 0NW220,14,0.5000000000,1.0000000000,2.0000000000,0,ST LOUIS,ST LOUIS
ST. LOUIS - 0NW220,24,0.5000000000,1.0000000000,2.0000000000,0,ST LOUIS,ST LOUIS
ST. LOUIS - 0NW224,13,1.0000000000,1.0000000000,1.0000000000,0,ST LOUIS,ST LOUIS
ST. LOUIS - 0NW225,13,1.0000000000,2.0000000000,2.0000000000,0,ST LOUIS,ST LOUIS
ST. LOUIS - 0NW226,13,1.0000000000,3.0000000000,3.0000000000,0,ST LOUIS,ST LOUIS
ST. LOUIS - 0NW227,13,1.0000000000,1.0000000000,1.0000000000,0,ST LOUIS,ST LOUIS
ST. LOUIS - 0NW229,14,1.0000000000,4.0000000000,4.0000000000,0,ST LOUIS,ST LOUIS
ST. LOUIS - 0SF001,13,1.0000000000,21.0000000000,21.0000000000,0,ST LOUIS,ST LOUIS
ST. LOUIS - 0SF002,13,1.0000000000,15.0000000000,15.0000000000,0,ST LOUIS,ST LOUIS
ST. LOUIS - 0SF003,13,1.0000000000,20.0000000000,20.0000000000,0,ST LOUIS,ST LOUIS
ST. LOUIS - 0SF004,13,1.0000000000,45.0000000000,45.0000000000,0,ST LOUIS,ST LOUIS
ST. LOUIS - 0SF005,13,1.0000000000,1.0000000000,1.0000000000,0,ST LOUIS,ST LOUIS
ST. LOUIS - 0SF006,13,1.0000000000,18.0000000000,18.0000000000,0,ST LOUIS,ST LOUIS
ST. LOUIS - 0SF007,13,1.0000000000,34.0000000000,34.0000000000,0,ST LOUIS,ST LOUIS
ST. LOUIS - 0SF008,13,1.0000000000,2.0000000000,2.0000000000,0,ST LOUIS,ST LOUIS
ST. LOUIS - 0SF009,13,1.0000000000,4.0000000000,4.0000000000,0,ST LOUIS,ST LOUIS
ST. LOUIS - 0SF010,13,1.0000000000,34.0000000000,34.0000000000,0,ST LOUIS,ST LOUIS
ST. LOUIS - 0SF011,13,1.0000000000,2.0000000000,2.0000000000,0,ST LOUIS,ST LOUIS
ST. LOUIS - 0SF012,13,1.0000000000,1.0000000000,1.0000000000,0,ST LOUIS,ST LOUIS
ST. LOUIS - 0SF013,13,1.0000000000,23.0000000000,23.0000000000,0,ST LOUIS,ST LOUIS
ST. LOUIS - 0SF014,13,1.0000000000,28.0000000000,28.0000000000,0,ST LOUIS,ST LOUIS
ST. LOUIS - 0SF015,13,1.0000000000,20.0000000000,20.0000000000,0,ST LOUIS,ST LOUIS
ST. LOUIS - 0SF016,13,1.0000000000,25.0000000000,25.0000000000,0,ST LOUIS,ST LOUIS
ST. LOUIS - 0SF017,13,1.0000000000,1.0000000000,1.0000000000,0,ST LOUIS,ST LOUIS
ST. LOUIS - 0SF018,13,1.0000000000,25.0000000000,25.0000000000,0,ST LOUIS,ST LOUIS
ST. LOUIS - 0SF019,13,1.0000000000,12.0000000000,12.0000000000,0,ST LOUIS,ST LOUIS
ST. LOUIS - 0SF020,13,1.0000000000,21.0000000000,21.0000000000,0,ST LOUIS,ST LOUIS
ST. LOUIS - 0SF021,13,1.0000000000,3.0000000000,3.0000000000,0,ST LOUIS,ST LOUIS
ST. LOUIS - 0SF022,13,1.0000000000,6.0000000000,6.0000000000,0,ST LOUIS,ST LOUIS
ST. LOUIS - 0SF023,13,1.0000000000,8.0000000000,8.0000000000,0,ST LOUIS,ST LOUIS
ST. LOUIS - 0SF024,13,1.0000000000,5.0000000000,5.0000000000,0,ST LOUIS,ST LOUIS
ST. LOUIS - 0SF025,13,1.0000000000,38.0000000000,38.0000000000,0,ST LOUIS,ST LOUIS
ST. LOUIS - 0SF026,13,1.0000000000,10.0000000000,10.0000000000,0,ST LOUIS,ST LOUIS
ST. LOUIS - 0SF027,13,1.0000000000,24.0000000000,24.0000000000,0,ST LOUIS,ST LOUIS
ST. LOUIS - 0SF028,13,1.0000000000,5.0000000000,5.0000000000,0,ST LOUIS,ST LOUIS
ST. LOUIS - 0SF029,13,1.0000000000,18.0000000000,18.0000000000,0,ST LOUIS,ST LOUIS
ST. LOUIS - 0SF030,13,1.0000000000,7.0000000000,7.0000000000,0,ST LOUIS,ST LOUIS
ST. LOUIS - 0SF031,13,1.0000000000,12.0000000000,12.0000000000,0,ST LOUIS,ST LOUIS
ST. LOUIS - 0SF032,13,1.0000000000,32.0000000000,32.0000000000,0,ST LOUIS,ST LOUIS
ST. LOUIS - 0SF033,13,1.0000000000,16.0000000000,16.0000000000,0,ST LOUIS,ST LOUIS
ST. LOUIS - 0SF034,13,1.0000000000,17.0000000000,17.0000000000,0,ST LOUIS,ST LOUIS
ST. LOUIS - 0SF035,13,1.0000000000,13.0000000000,13.0000000000,0,ST LOUIS,ST LOUIS
ST. LOUIS - 0SF200,13,1.0000000000,3.0000000000,3.0000000000,0,ST LOUIS,ST LOUIS
ST. LOUIS - 0WH001,15,1.0000000000,12.0000000000,12.0000000000,0,ST LOUIS,ST LOUIS
ST. LOUIS - 0WH002,15,1.0000000000,5.0000000000,5.0000000000,0,ST LOUIS,ST LOUIS
ST. LOUIS - 0WH003,15,1.0000000000,13.0000000000,13.0000000000,0,ST LOUIS,ST LOUIS
ST. LOUIS - 0WH004,15,1.0000000000,1.0000000000,1.0000000000,0,ST LOUIS,ST LOUIS
ST. LOUIS - 0WH005,15,1.0000000000,2.0000000000,2.0000000000,0,ST LOUIS,ST LOUIS
ST. LOUIS - 0WH006,15,1.0000000000,7.0000000000,7.0000000000,0,ST LOUIS,ST LOUIS
ST. LOUIS - 0WH007,15,1.0000000000,7.0000000000,7.0000000000,0,ST LOUIS,ST LOUIS
ST. LOUIS - 0WH008,15,1.0000000000,15.0000000000,15.0000000000,0,ST LOUIS,ST LOUIS
ST. LOUIS - 0WH009,15,1.0000000000,21.0000000000,21.0000000000,0,ST LOUIS,ST LOUIS
ST. LOUIS - 0WH010,15,1.0000000000,1.0000000000,1.0000000000,0,ST LOUIS,ST LOUIS
ST. LOUIS - 0WH011,15,1.0000000000,12.0000000000,12.0000000000,0,ST LOUIS,ST LOUIS
ST. LOUIS - 0WH012,15,1.0000000000,13.0000000000,13.0000000000,0,ST LOUIS,ST LOUIS
ST. LOUIS - 0WH013,15,1.0000000000,12.0000000000,12.0000000000,0,ST LOUIS,ST LOUIS
ST. LOUIS - 0WH014,15,1.0000000000,1.0000000000,1.0000000000,0,ST LOUIS,ST LOUIS
ST. LOUIS - 0WH015,15,1.0000000000,8.0000000000,8.0000000000,0,ST LOUIS,ST LOUIS
ST. LOUIS - 0WH016,15,1.0000000000,8.0000000000,8.0000000000,0,ST LOUIS,ST LOUIS
ST. LOUIS - 0WH017,15,1.0000000000,3.0000000000,3.0000000000,0,ST LOUIS,ST LOUIS
ST. LOUIS - 0WH018,15,1.0000000000,5.0000000000,5.0000000000,0,ST LOUIS,ST LOUIS
ST. LOUIS - 0WH019,15,1.0000000000,10.0000000000,10.0000000000,0,ST LOUIS,ST LOUIS
ST. LOUIS - 0WH020,15,1.0000000000,9.0000000000,9.0000000000,0,ST LOUIS,ST LOUIS
ST. LOUIS - 0WH021,15,1.0000000000,13.0000000000,13.0000000000,0,ST LOUIS,ST LOUIS
ST. LOUIS - 0WH022,15,1.0000000000,7.0000000000,7.0000000000,0,ST LOUIS,ST LOUIS
ST. LOUIS - 0WH023,15,1.0000000000,6.0000000000,6.0000000000,0,ST LOUIS,ST LOUIS
ST. LOUIS - 0WH024,15,1.0000000000,2.0000000000,2.0000000000,0,ST LOUIS,ST LOUIS
ST. LOUIS - 0WH025,15,1.0000000000,16.0000000000,16.0000000000,0,ST LOUIS,ST LOUIS
ST. LOUIS - 0WH026,15,1.0000000000,2.0000000000,2.0000000000,0,ST LOUIS,ST LOUIS
ST. LOUIS - 0WH027,15,1.0000000000,23.0000000000,23.0000000000,0,ST LOUIS,ST LOUIS
ST. LOUIS - 0WH028,15,1.0000000000,1.0000000000,1.0000000000,0,ST LOUIS,ST LOUIS
ST. LOUIS - 0WH029,15,1.0000000000,6.0000000000,6.0000000000,0,ST LOUIS,ST LOUIS
ST. LOUIS - 0WH030,15,1.0000000000,2.0000000000,2.0000000000,0,ST LOUIS,ST LOUIS
ST. LOUIS - 0WH031,15,1.0000000000,24.0000000000,24.0000000000,0,ST LOUIS,ST LOUIS
ST. LOUIS - 0WH032,15,1.0000000000,1.0000000000,1.0000000000,0,ST LOUIS,ST LOUIS
ST. LOUIS - 0WH033,15,1.0000000000,8.0000000000,8.0000000000,0,ST LOUIS,ST LOUIS
ST. LOUIS - 0WH034,15,1.0000000000,16.0000000000,16.0000000000,0,ST LOUIS,ST LOUIS
ST. LOUIS - 0WH035,15,1.0000000000,6.0000000000,6.0000000000,0,ST LOUIS,ST LOUIS
ST. LOUIS - 0WH036,15,1.0000000000,1.0000000000,1.0000000000,0,ST LOUIS,ST LOUIS
ST. LOUIS - 0WH037,15,1.0000000000,4.0000000000,4.0000000000,0,ST LOUIS,ST LOUIS
ST. LOUIS - 0WH038,15,1.0000000000,3.0000000000,3.0000000000,0,ST LOUIS,ST LOUIS
ST. LOUIS - 0WH039,15,1.0000000000,5.0000000000,5.0000000000,0,ST LOUIS,ST LOUIS
ST. LOUIS - 0WH040,15,1.0000000000,15.0000000000,15.0000000000,0,ST LOUIS,ST LOUIS
ST. LOUIS - 0WH041,15,1.0000000000,7.0000000000,7.0000000000,0,ST LOUIS,ST LOUIS
ST. LOUIS - 0WH042,15,1.0000000000,1.0000000000,1.0000000000,0,ST LOUIS,ST LOUIS
ST. LOUIS - 0WH043,15,1.0000000000,5.0000000000,5.0000000000,0,ST LOUIS,ST LOUIS
ST. LOUIS - 0WH044,15,1.0000000000,7.0000000000,7.0000000000,0,ST LOUIS,ST LOUIS
ST. LOUIS - 0WH045,15,1.0000000000,8.0000000000,8.0000000000,0,ST LOUIS,ST LOUIS
ST. LOUIS - 0WH046,15,1.0000000000,8.0000000000,8.0000000000,0,ST LOUIS,ST LOUIS
ST. LOUIS - 0WH047,15,1.0000000000,1.0000000000,1.0000000000,0,ST LOUIS,ST LOUIS
ST. LOUIS - 0WH200,15,1.0000000000,1.0000000000,1.0000000000,0,ST LOUIS,ST LOUIS
ST. LOUIS - 0WH201,15,1.0000000000,6.0000000000,6.0000000000,0,ST LOUIS,ST LOUIS
ST. LOUIS - 0WH202,15,1.0000000000,3.0000000000,3.0000000000,0,ST LOUIS,ST LOUIS
ST. LOUIS - 0WH203,15,1.0000000000,2.0000000000,2.0000000000,0,ST LOUIS,ST LOUIS
ST. LOUIS - 0WH208,15,1.0000000000,4.0000000000,4.0000000000,0,ST LOUIS,ST LOUIS
ST. LOUIS - BON001,24,1.0000000000,25.0000000000,25.0000000000,0,ST LOUIS,ST LOUIS
ST. LOUIS - BON002,24,1.0000000000,18.0000000000,18.0000000000,0,ST LOUIS,ST LOUIS
ST. LOUIS - BON003,24,1.0000000000,20.0000000000,20.0000000000,0,ST LOUIS,ST LOUIS
ST. LOUIS - BON004,24,1.0000000000,9.0000000000,9.0000000000,0,ST LOUIS,ST LOUIS
ST. LOUIS - BON005,24,1.0000000000,31.0000000000,31.0000000000,0,ST LOUIS,ST LOUIS
ST. LOUIS - BON006,24,1.0000000000,35.0000000000,35.0000000000,0,ST LOUIS,ST LOUIS
ST. LOUIS - BON007,24,1.0000000000,3.0000000000,3.0000000000,0,ST LOUIS,ST LOUIS
ST. LOUIS - BON008,24,1.0000000000,13.0000000000,13.0000000000,0,ST LOUIS,ST LOUIS
ST. LOUIS - BON009,24,1.0000000000,27.0000000000,27.0000000000,0,ST LOUIS,ST LOUIS
ST. LOUIS - BON010,24,1.0000000000,25.0000000000,25.0000000000,0,ST LOUIS,ST LOUIS
ST. LOUIS - BON011,24,1.0000000000,10.0000000000,10.0000000000,0,ST LOUIS,ST LOUIS
ST. LOUIS - BON012,24,1.0000000000,24.0000000000,24.0000000000,0,ST LOUIS,ST LOUIS
ST. LOUIS - BON013,24,1.0000000000,7.0000000000,7.0000000000,0,ST LOUIS,ST LOUIS
ST. LOUIS - BON014,24,1.0000000000,1.0000000000,1.0000000000,0,ST LOUIS,ST LOUIS
ST. LOUIS - BON015,24,1.0000000000,30.0000000000,30.0000000000,0,ST LOUIS,ST LOUIS
ST. LOUIS - BON016,24,1.0000000000,16.0000000000,16.0000000000,0,ST LOUIS,ST LOUIS
ST. LOUIS - BON017,24,1.0000000000,14.0000000000,14.0000000000,0,ST LOUIS,ST LOUIS
ST. LOUIS - BON018,24,1.0000000000,12.0000000000,12.0000000000,0,ST LOUIS,ST LOUIS
ST. LOUIS - BON019,24,1.0000000000,18.0000000000,18.0000000000,0,ST LOUIS,ST LOUIS
ST. LOUIS - BON020,24,1.0000000000,6.0000000000,6.0000000000,0,ST LOUIS,ST LOUIS
ST. LOUIS - BON021,24,1.0000000000,21.0000000000,21.0000000000,0,ST LOUIS,ST LOUIS
ST. LOUIS - BON022,24,1.0000000000,2.0000000000,2.0000000000,0,ST LOUIS,ST LOUIS
ST. LOUIS - BON023,24,1.0000000000,6.0000000000,6.0000000000,0,ST LOUIS,ST LOUIS
ST. LOUIS - BON024,24,1.0000000000,18.0000000000,18.0000000000,0,ST LOUIS,ST LOUIS
ST. LOUIS - BON025,24,1.0000000000,7.0000000000,7.0000000000,0,ST LOUIS,ST LOUIS
ST. LOUIS - BON026,24,1.0000000000,6.0000000000,6.0000000000,0,ST LOUIS,ST LOUIS
ST. LOUIS - BON027,24,1.0000000000,19.0000000000,19.0000000000,0,ST LOUIS,ST LOUIS
ST. LOUIS - BON028,24,1.0000000000,26.0000000000,26.0000000000,0,ST LOUIS,ST LOUIS
ST. LOUIS - BON029,24,1.0000000000,11.0000000000,11.0000000000,0,ST LOUIS,ST LOUIS
ST. LOUIS - BON030,24,1.0000000000,6.0000000000,6.0000000000,0,ST LOUIS,ST LOUIS
ST. LOUIS - BON031,24,1.0000000000,9.0000000000,9.0000000000,0,ST LOUIS,ST LOUIS
ST. LOUIS - BON032,24,1.0000000000,22.0000000000,22.0000000000,0,ST LOUIS,ST LOUIS
ST. LOUIS - BON033,24,1.0000000000,20.0000000000,20.0000000000,0,ST LOUIS,ST LOUIS
ST. LOUIS - BON034,24,1.0000000000,15.0000000000,15.0000000000,0,ST LOUIS,ST LOUIS
ST. LOUIS - BON035,24,1.0000000000,7.0000000000,7.0000000000,0,ST LOUIS,ST LOUIS
ST. LOUIS - BON036,24,1.0000000000,13.0000000000,13.0000000000,0,ST LOUIS,ST LOUIS
ST. LOUIS - BON037,24,1.0000000000,48.0000000000,48.0000000000,0,ST LOUIS,ST LOUIS
ST. LOUIS - BON038,24,1.0000000000,17.0000000000,17.0000000000,0,ST LOUIS,ST LOUIS
ST. LOUIS - BON039,24,1.0000000000,7.0000000000,7.0000000000,0,ST LOUIS,ST LOUIS
ST. LOUIS - BON040,24,1.0000000000,1.0000000000,1.0000000000,0,ST LOUIS,ST LOUIS
ST. LOUIS - BON200,24,1.0000000000,3.0000000000,3.0000000000,0,ST LOUIS,ST LOUIS
ST. LOUIS - BON202,1,1.0000000000,3.0000000000,3.0000000000,0,ST LOUIS,ST LOUIS
ST. LOUIS - BON203,24,1.0000000000,1.0000000000,1.0000000000,0,ST LOUIS,ST LOUIS
ST. LOUIS - BON205,24,1.0000000000,1.0000000000,1.0000000000,0,ST LOUIS,ST LOUIS
ST. LOUIS - BON206,24,1.0000000000,9.0000000000,9.0000000000,0,ST LOUIS,ST LOUIS
ST. LOUIS - BON207,24,1.0000000000,2.0000000000,2.0000000000,0,ST LOUIS,ST LOUIS
ST. LOUIS - BON208,24,1.0000000000,1.0000000000,1.0000000000,0,ST LOUIS,ST LOUIS
ST. LOUIS - BON210,24,1.0000000000,3.0000000000,3.0000000000,0,ST LOUIS,ST LOUIS
ST. LOUIS - BON211,24,1.0000000000,3.0000000000,3.0000000000,0,ST LOUIS,ST LOUIS
ST. LOUIS - CC1601,15,1.0000000000,1.0000000000,1.0000000000,0,ST LOUIS,ST LOUIS
ST. LOUIS - CC1602,24,1.0000000000,1.0000000000,1.0000000000,0,ST LOUIS,ST LOUIS
ST. LOUIS - CC1603,15,1.0000000000,2.0000000000,2.0000000000,0,ST LOUIS,ST LOUIS
ST. LOUIS - CH1605,15,1.0000000000,11.0000000000,11.0000000000,0,ST LOUIS,ST LOUIS
ST. LOUIS - CHE001,15,1.0000000000,17.0000000000,17.0000000000,0,ST LOUIS,ST LOUIS
ST. LOUIS - CHE002,15,1.0000000000,48.0000000000,48.0000000000,0,ST LOUIS,ST LOUIS
ST. LOUIS - CHE003,15,1.0000000000,8.0000000000,8.0000000000,0,ST LOUIS,ST LOUIS
ST. LOUIS - CHE004,15,1.0000000000,5.0000000000,5.0000000000,0,ST LOUIS,ST LOUIS
ST. LOUIS - CHE005,15,1.0000000000,17.0000000000,17.0000000000,0,ST LOUIS,ST LOUIS
ST. LOUIS - CHE006,15,1.0000000000,5.0000000000,5.0000000000,0,ST LOUIS,ST LOUIS
ST. LOUIS - CHE007,15,1.0000000000,24.0000000000,24.0000000000,0,ST LOUIS,ST LOUIS
ST. LOUIS - CHE008,15,1.0000000000,11.0000000000,11.0000000000,0,ST LOUIS,ST LOUIS
ST. LOUIS - CHE009,15,1.0000000000,5.0000000000,5.0000000000,0,ST LOUIS,ST LOUIS
ST. LOUIS - CHE010,15,1.0000000000,9.0000000000,9.0000000000,0,ST LOUIS,ST LOUIS
ST. LOUIS - CHE011,15,1.0000000000,5.0000000000,5.0000000000,0,ST LOUIS,ST LOUIS
ST. LOUIS - CHE012,15,1.0000000000,23.0000000000,23.0000000000,0,ST LOUIS,ST LOUIS
ST. LOUIS - CHE013,15,1.0000000000,12.0000000000,12.0000000000,0,ST LOUIS,ST LOUIS
ST. LOUIS - CHE014,15,1.0000000000,4.0000000000,4.0000000000,0,ST LOUIS,ST LOUIS
ST. LOUIS - CHE015,15,1.0000000000,17.0000000000,17.0000000000,0,ST LOUIS,ST LOUIS
ST. LOUIS - CHE016,15,1.0000000000,7.0000000000,7.0000000000,0,ST LOUIS,ST LOUIS
ST. LOUIS - CHE017,15,1.0000000000,4.0000000000,4.0000000000,0,ST LOUIS,ST LOUIS
ST. LOUIS - CHE018,15,1.0000000000,19.0000000000,19.0000000000,0,ST LOUIS,ST LOUIS
ST. LOUIS - CHE019,15,1.0000000000,2.0000000000,2.0000000000,0,ST LOUIS,ST LOUIS
ST. LOUIS - CHE020,15,1.0000000000,6.0000000000,6.0000000000,0,ST LOUIS,ST LOUIS
ST. LOUIS - CHE021,15,1.0000000000,3.0000000000,3.0000000000,0,ST LOUIS,ST LOUIS
ST. LOUIS - CHE022,15,1.0000000000,22.0000000000,22.0000000000,0,ST LOUIS,ST LOUIS
ST. LOUIS - CHE023,15,1.0000000000,4.0000000000,4.0000000000,0,ST LOUIS,ST LOUIS
ST. LOUIS - CHE024,15,1.0000000000,1.0000000000,1.0000000000,0,ST LOUIS,ST LOUIS
ST. LOUIS - CHE025,15,1.0000000000,13.0000000000,13.0000000000,0,ST LOUIS,ST LOUIS
ST. LOUIS - CHE026,15,1.0000000000,10.0000000000,10.0000000000,0,ST LOUIS,ST LOUIS
ST. LOUIS - CHE027,15,1.0000000000,12.0000000000,12.0000000000,0,ST LOUIS,ST LOUIS
ST. LOUIS - CHE028,15,1.0000000000,13.0000000000,13.0000000000,0,ST LOUIS,ST LOUIS
ST. LOUIS - CHE029,15,1.0000000000,2.0000000000,2.0000000000,0,ST LOUIS,ST LOUIS
ST. LOUIS - CHE030,15,1.0000000000,23.0000000000,23.0000000000,0,ST LOUIS,ST LOUIS
ST. LOUIS - CHE031,15,1.0000000000,2.0000000000,2.0000000000,0,ST LOUIS,ST LOUIS
ST. LOUIS - CHE032,15,1.0000000000,3.0000000000,3.0000000000,0,ST LOUIS,ST LOUIS
ST. LOUIS - CHE033,15,1.0000000000,3.0000000000,3.0000000000,0,ST LOUIS,ST LOUIS
ST. LOUIS - CHE034,15,1.0000000000,31.0000000000,31.0000000000,0,ST LOUIS,ST LOUIS
ST. LOUIS - CHE035,15,1.0000000000,1.0000000000,1.0000000000,0,ST LOUIS,ST LOUIS
ST. LOUIS - CHE036,15,1.0000000000,3.0000000000,3.0000000000,0,ST LOUIS,ST LOUIS
ST. LOUIS - CHE037,15,1.0000000000,10.0000000000,10.0000000000,0,ST LOUIS,ST LOUIS
ST. LOUIS - CHE038,15,1.0000000000,2.0000000000,2.0000000000,0,ST LOUIS,ST LOUIS
ST. LOUIS - CHE039,15,1.0000000000,7.0000000000,7.0000000000,0,ST LOUIS,ST LOUIS
ST. LOUIS - CHE040,15,1.0000000000,4.0000000000,4.0000000000,0,ST LOUIS,ST LOUIS
ST. LOUIS - CHE041,15,1.0000000000,9.0000000000,9.0000000000,0,ST LOUIS,ST LOUIS
ST. LOUIS - CHE042,15,1.0000000000,18.0000000000,18.0000000000,0,ST LOUIS,ST LOUIS
ST. LOUIS - CHE043,15,1.0000000000,22.0000000000,22.0000000000,0,ST LOUIS,ST LOUIS
ST. LOUIS - CHE044,15,1.0000000000,5.0000000000,5.0000000000,0,ST LOUIS,ST LOUIS
ST. LOUIS - CHE045,15,0.7500000000,3.0000000000,4.0000000000,0,ST LOUIS,ST LOUIS
ST. LOUIS - CHE045,24,0.2500000000,1.0000000000,4.0000000000,0,ST LOUIS,ST LOUIS
ST. LOUIS - CHE046,15,1.0000000000,1.0000000000,1.0000000000,0,ST LOUIS,ST LOUIS
ST. LOUIS - CHE047,15,1.0000000000,2.0000000000,2.0000000000,0,ST LOUIS,ST LOUIS
ST. LOUIS - CHE048,15,1.0000000000,12.0000000000,12.0000000000,0,ST LOUIS,ST LOUIS
ST. LOUIS - CHE049,15,1.0000000000,2.0000000000,2.0000000000,0,ST LOUIS,ST LOUIS
ST. LOUIS - CHE050,15,1.0000000000,8.0000000000,8.0000000000,0,ST LOUIS,ST LOUIS
ST. LOUIS - CHE051,15,1.0000000000,8.0000000000,8.0000000000,0,ST LOUIS,ST LOUIS
ST. LOUIS - CHE052,15,1.0000000000,1.0000000000,1.0000000000,0,ST LOUIS,ST LOUIS
ST. LOUIS - CHE053,15,1.0000000000,7.0000000000,7.0000000000,0,ST LOUIS,ST LOUIS
ST. LOUIS - CHE054,15,1.0000000000,3.0000000000,3.0000000000,0,ST LOUIS,ST LOUIS
ST. LOUIS - CHE055,15,1.0000000000,3.0000000000,3.0000000000,0,ST LOUIS,ST LOUIS
ST. LOUIS - CHE200,15,1.0000000000,3.0000000000,3.0000000000,0,ST LOUIS,ST LOUIS
ST. LOUIS - CHE203,15,1.0000000000,1.0000000000,1.0000000000,0,ST LOUIS,ST LOUIS
ST. LOUIS - CHE212,15,1.0000000000,2.0000000000,2.0000000000,0,ST LOUIS,ST LOUIS
ST. LOUIS - CHE214,15,1.0000000000,2.0000000000,2.0000000000,0,ST LOUIS,ST LOUIS
ST. LOUIS - CHE215,15,1.0000000000,1.0000000000,1.0000000000,0,ST LOUIS,ST LOUIS
ST. LOUIS - CHE600,15,1.0000000000,1.0000000000,1.0000000000,0,ST LOUIS,ST LOUIS
ST. LOUIS - CLA001,14,1.0000000000,34.0000000000,34.0000000000,0,ST LOUIS,ST LOUIS
ST. LOUIS - CLA002,4,1.0000000000,7.0000000000,7.0000000000,0,ST LOUIS,ST LOUIS
ST. LOUIS - CLA003,4,1.0000000000,39.0000000000,39.0000000000,0,ST LOUIS,ST LOUIS
ST. LOUIS - CLA004,4,0.9545454545,21.0000000000,22.0000000000,0,ST LOUIS,ST LOUIS
ST. LOUIS - CLA004,24,0.0454545455,1.0000000000,22.0000000000,0,ST LOUIS,ST LOUIS
ST. LOUIS - CLA005,14,1.0000000000,8.0000000000,8.0000000000,0,ST LOUIS,ST LOUIS
ST. LOUIS - CLA006,24,1.0000000000,15.0000000000,15.0000000000,0,ST LOUIS,ST LOUIS
ST. LOUIS - CLA007,24,1.0000000000,7.0000000000,7.0000000000,0,ST LOUIS,ST LOUIS
ST. LOUIS - CLA008,4,1.0000000000,16.0000000000,16.0000000000,0,ST LOUIS,ST LOUIS
ST. LOUIS - CLA009,4,1.0000000000,9.0000000000,9.0000000000,0,ST LOUIS,ST LOUIS
ST. LOUIS - CLA010,4,1.0000000000,2.0000000000,2.0000000000,0,ST LOUIS,ST LOUIS
ST. LOUIS - CLA011,4,1.0000000000,19.0000000000,19.0000000000,0,ST LOUIS,ST LOUIS
ST. LOUIS - CLA012,24,1.0000000000,5.0000000000,5.0000000000,0,ST LOUIS,ST LOUIS
ST. LOUIS - CLA013,4,0.0714285714,1.0000000000,14.0000000000,0,ST LOUIS,ST LOUIS
ST. LOUIS - CLA013,24,0.9285714286,13.0000000000,14.0000000000,0,ST LOUIS,ST LOUIS
ST. LOUIS - CLA014,24,1.0000000000,14.0000000000,14.0000000000,0,ST LOUIS,ST LOUIS
ST. LOUIS - CLA015,24,1.0000000000,15.0000000000,15.0000000000,0,ST LOUIS,ST LOUIS
ST. LOUIS - CLA016,24,1.0000000000,8.0000000000,8.0000000000,0,ST LOUIS,ST LOUIS
ST. LOUIS - CLA017,4,1.0000000000,5.0000000000,5.0000000000,0,ST LOUIS,ST LOUIS
ST. LOUIS - CLA019,4,1.0000000000,22.0000000000,22.0000000000,0,ST LOUIS,ST LOUIS
ST. LOUIS - CLA020,4,1.0000000000,15.0000000000,15.0000000000,0,ST LOUIS,ST LOUIS
ST. LOUIS - CLA021,1,1.0000000000,37.0000000000,37.0000000000,0,ST LOUIS,ST LOUIS
ST. LOUIS - CLA022,4,1.0000000000,11.0000000000,11.0000000000,0,ST LOUIS,ST LOUIS
ST. LOUIS - CLA023,4,1.0000000000,28.0000000000,28.0000000000,0,ST LOUIS,ST LOUIS
ST. LOUIS - CLA024,24,1.0000000000,5.0000000000,5.0000000000,0,ST LOUIS,ST LOUIS
ST. LOUIS - CLA025,24,1.0000000000,7.0000000000,7.0000000000,0,ST LOUIS,ST LOUIS
ST. LOUIS - CLA026,24,1.0000000000,1.0000000000,1.0000000000,0,ST LOUIS,ST LOUIS
ST. LOUIS - CLA027,4,1.0000000000,10.0000000000,10.0000000000,0,ST LOUIS,ST LOUIS
ST. LOUIS - CLA028,24,1.0000000000,1.0000000000,1.0000000000,0,ST LOUIS,ST LOUIS
ST. LOUIS - CLA029,4,0.6666666667,4.0000000000,6.0000000000,0,ST LOUIS,ST LOUIS
ST. LOUIS - CLA029,14,0.3333333333,2.0000000000,6.0000000000,0,ST LOUIS,ST LOUIS
ST. LOUIS - CLA030,4,1.0000000000,9.0000000000,9.0000000000,0,ST LOUIS,ST LOUIS
ST. LOUIS - CLA031,4,1.0000000000,6.0000000000,6.0000000000,0,ST LOUIS,ST LOUIS
ST. LOUIS - CLA032,4,1.0000000000,13.0000000000,13.0000000000,0,ST LOUIS,ST LOUIS
ST. LOUIS - CLA033,4,1.0000000000,7.0000000000,7.0000000000,0,ST LOUIS,ST LOUIS
ST. LOUIS - CLA034,24,1.0000000000,4.0000000000,4.0000000000,0,ST LOUIS,ST LOUIS
ST. LOUIS - CLA035,4,1.0000000000,29.0000000000,29.0000000000,0,ST LOUIS,ST LOUIS
ST. LOUIS - CLA036,24,1.0000000000,4.0000000000,4.0000000000,0,ST LOUIS,ST LOUIS
ST. LOUIS - CLA037,24,1.0000000000,20.0000000000,20.0000000000,0,ST LOUIS,ST LOUIS
ST. LOUIS - CLA038,4,1.0000000000,14.0000000000,14.0000000000,0,ST LOUIS,ST LOUIS
ST. LOUIS - CLA039,4,1.0000000000,18.0000000000,18.0000000000,0,ST LOUIS,ST LOUIS
ST. LOUIS - CLA040,24,1.0000000000,15.0000000000,15.0000000000,0,ST LOUIS,ST LOUIS
ST. LOUIS - CLA041,4,1.0000000000,9.0000000000,9.0000000000,0,ST LOUIS,ST LOUIS
ST. LOUIS - CLA042,4,1.0000000000,9.0000000000,9.0000000000,0,ST LOUIS,ST LOUIS
ST. LOUIS - CLA043,14,1.0000000000,11.0000000000,11.0000000000,0,ST LOUIS,ST LOUIS
ST. LOUIS - CLA044,4,1.0000000000,7.0000000000,7.0000000000,0,ST LOUIS,ST LOUIS
ST. LOUIS - CLA045,4,1.0000000000,14.0000000000,14.0000000000,0,ST LOUIS,ST LOUIS
ST. LOUIS - CLA046,4,1.0000000000,36.0000000000,36.0000000000,0,ST LOUIS,ST LOUIS
ST. LOUIS - CLA047,24,1.0000000000,3.0000000000,3.0000000000,0,ST LOUIS,ST LOUIS
ST. LOUIS - CLA049,24,1.0000000000,2.0000000000,2.0000000000,0,ST LOUIS,ST LOUIS
ST. LOUIS - CLA050,4,1.0000000000,17.0000000000,17.0000000000,0,ST LOUIS,ST LOUIS
ST. LOUIS - CLA051,4,1.0000000000,9.0000000000,9.0000000000,0,ST LOUIS,ST LOUIS
ST. LOUIS - CLA052,4,1.0000000000,4.0000000000,4.0000000000,0,ST LOUIS,ST LOUIS
ST. LOUIS - CLA200,1,1.0000000000,1.0000000000,1.0000000000,0,ST LOUIS,ST LOUIS
ST. LOUIS - CLA201,4,1.0000000000,3.0000000000,3.0000000000,0,ST LOUIS,ST LOUIS
ST. LOUIS - CLA202,24,1.0000000000,2.0000000000,2.0000000000,0,ST LOUIS,ST LOUIS
ST. LOUIS - CLA203,24,1.0000000000,1.0000000000,1.0000000000,0,ST LOUIS,ST LOUIS
ST. LOUIS - CLA205,24,1.0000000000,5.0000000000,5.0000000000,0,ST LOUIS,ST LOUIS
ST. LOUIS - CLA206,4,1.0000000000,7.0000000000,7.0000000000,0,ST LOUIS,ST LOUIS
ST. LOUIS - CON001,24,1.0000000000,14.0000000000,14.0000000000,0,ST LOUIS,ST LOUIS
ST. LOUIS - CON002,1,1.0000000000,23.0000000000,23.0000000000,0,ST LOUIS,ST LOUIS
ST. LOUIS - CON003,24,1.0000000000,5.0000000000,5.0000000000,0,ST LOUIS,ST LOUIS
ST. LOUIS - CON004,1,1.0000000000,32.0000000000,32.0000000000,0,ST LOUIS,ST LOUIS
ST. LOUIS - CON005,1,1.0000000000,21.0000000000,21.0000000000,0,ST LOUIS,ST LOUIS
ST. LOUIS - CON006,1,1.0000000000,1.0000000000,1.0000000000,0,ST LOUIS,ST LOUIS
ST. LOUIS - CON007,1,1.0000000000,2.0000000000,2.0000000000,0,ST LOUIS,ST LOUIS
ST. LOUIS - CON008,1,1.0000000000,11.0000000000,11.0000000000,0,ST LOUIS,ST LOUIS
ST. LOUIS - CON009,1,1.0000000000,21.0000000000,21.0000000000,0,ST LOUIS,ST LOUIS
ST. LOUIS - CON010,1,1.0000000000,22.0000000000,22.0000000000,0,ST LOUIS,ST LOUIS
ST. LOUIS - CON011,1,1.0000000000,7.0000000000,7.0000000000,0,ST LOUIS,ST LOUIS
ST. LOUIS - CON012,1,1.0000000000,9.0000000000,9.0000000000,0,ST LOUIS,ST LOUIS
ST. LOUIS - CON013,1,1.0000000000,7.0000000000,7.0000000000,0,ST LOUIS,ST LOUIS
ST. LOUIS - CON014,1,1.0000000000,8.0000000000,8.0000000000,0,ST LOUIS,ST LOUIS
ST. LOUIS - CON015,1,1.0000000000,4.0000000000,4.0000000000,0,ST LOUIS,ST LOUIS
ST. LOUIS - CON016,1,1.0000000000,21.0000000000,21.0000000000,0,ST LOUIS,ST LOUIS
ST. LOUIS - CON017,1,1.0000000000,12.0000000000,12.0000000000,0,ST LOUIS,ST LOUIS
ST. LOUIS - CON018,1,1.0000000000,7.0000000000,7.0000000000,0,ST LOUIS,ST LOUIS
ST. LOUIS - CON019,1,1.0000000000,3.0000000000,3.0000000000,0,ST LOUIS,ST LOUIS
ST. LOUIS - CON020,1,1.0000000000,6.0000000000,6.0000000000,0,ST LOUIS,ST LOUIS
ST. LOUIS - CON021,1,1.0000000000,14.0000000000,14.0000000000,0,ST LOUIS,ST LOUIS
ST. LOUIS - CON022,1,1.0000000000,14.0000000000,14.0000000000,0,ST LOUIS,ST LOUIS
ST. LOUIS - CON023,1,1.0000000000,1.0000000000,1.0000000000,0,ST LOUIS,ST LOUIS
ST. LOUIS - CON024,1,1.0000000000,5.0000000000,5.0000000000,0,ST LOUIS,ST LOUIS
ST. LOUIS - CON025,24,1.0000000000,16.0000000000,16.0000000000,0,ST LOUIS,ST LOUIS
ST. LOUIS - CON026,1,1.0000000000,5.0000000000,5.0000000000,0,ST LOUIS,ST LOUIS
ST. LOUIS - CON027,1,1.0000000000,16.0000000000,16.0000000000,0,ST LOUIS,ST LOUIS
ST. LOUIS - CON028,1,1.0000000000,4.0000000000,4.0000000000,0,ST LOUIS,ST LOUIS
ST. LOUIS - CON029,1,1.0000000000,1.0000000000,1.0000000000,0,ST LOUIS,ST LOUIS
ST. LOUIS - CON030,1,1.0000000000,15.0000000000,15.0000000000,0,ST LOUIS,ST LOUIS
ST. LOUIS - CON031,1,1.0000000000,3.0000000000,3.0000000000,0,ST LOUIS,ST LOUIS
ST. LOUIS - CON032,1,1.0000000000,11.0000000000,11.0000000000,0,ST LOUIS,ST LOUIS
ST. LOUIS - CON033,1,1.0000000000,1.0000000000,1.0000000000,0,ST LOUIS,ST LOUIS
ST. LOUIS - CON034,1,1.0000000000,6.0000000000,6.0000000000,0,ST LOUIS,ST LOUIS
ST. LOUIS - CON035,1,1.0000000000,7.0000000000,7.0000000000,0,ST LOUIS,ST LOUIS
ST. LOUIS - CON036,1,1.0000000000,5.0000000000,5.0000000000,0,ST LOUIS,ST LOUIS
ST. LOUIS - CON037,1,1.0000000000,3.0000000000,3.0000000000,0,ST LOUIS,ST LOUIS
ST. LOUIS - CON038,1,1.0000000000,3.0000000000,3.0000000000,0,ST LOUIS,ST LOUIS
ST. LOUIS - CON039,1,1.0000000000,3.0000000000,3.0000000000,0,ST LOUIS,ST LOUIS
ST. LOUIS - CON040,1,1.0000000000,6.0000000000,6.0000000000,0,ST LOUIS,ST LOUIS
ST. LOUIS - CON041,1,1.0000000000,1.0000000000,1.0000000000,0,ST LOUIS,ST LOUIS
ST. LOUIS - CON042,1,1.0000000000,11.0000000000,11.0000000000,0,ST LOUIS,ST LOUIS
ST. LOUIS - CON043,1,1.0000000000,8.0000000000,8.0000000000,0,ST LOUIS,ST LOUIS
ST. LOUIS - CON044,1,1.0000000000,3.0000000000,3.0000000000,0,ST LOUIS,ST LOUIS
ST. LOUIS - CON045,1,1.0000000000,2.0000000000,2.0000000000,0,ST LOUIS,ST LOUIS
ST. LOUIS - CON046,1,1.0000000000,8.0000000000,8.0000000000,0,ST LOUIS,ST LOUIS
ST. LOUIS - CON047,1,1.0000000000,6.0000000000,6.0000000000,0,ST LOUIS,ST LOUIS
ST. LOUIS - CON048,24,1.0000000000,2.0000000000,2.0000000000,0,ST LOUIS,ST LOUIS
ST. LOUIS - CON049,1,1.0000000000,6.0000000000,6.0000000000,0,ST LOUIS,ST LOUIS
ST. LOUIS - CON050,1,1.0000000000,6.0000000000,6.0000000000,0,ST LOUIS,ST LOUIS
ST. LOUIS - CON051,1,1.0000000000,6.0000000000,6.0000000000,0,ST LOUIS,ST LOUIS
ST. LOUIS - CON052,1,1.0000000000,1.0000000000,1.0000000000,0,ST LOUIS,ST LOUIS
ST. LOUIS - CON053,1,1.0000000000,4.0000000000,4.0000000000,0,ST LOUIS,ST LOUIS
ST. LOUIS - CON200,1,1.0000000000,3.0000000000,3.0000000000,0,ST LOUIS,ST LOUIS
ST. LOUIS - CON202,24,1.0000000000,2.0000000000,2.0000000000,0,ST LOUIS,ST LOUIS
ST. LOUIS - CON204,1,1.0000000000,3.0000000000,3.0000000000,0,ST LOUIS,ST LOUIS
ST. LOUIS - CON205,1,1.0000000000,3.0000000000,3.0000000000,0,ST LOUIS,ST LOUIS
ST. LOUIS - CON206,24,1.0000000000,9.0000000000,9.0000000000,0,ST LOUIS,ST LOUIS
ST. LOUIS - CON212,1,1.0000000000,1.0000000000,1.0000000000,0,ST LOUIS,ST LOUIS
ST. LOUIS - CON213,1,1.0000000000,1.0000000000,1.0000000000,0,ST LOUIS,ST LOUIS
ST. LOUIS - FER001,13,0.9500000000,19.0000000000,20.0000000000,0,ST LOUIS,ST LOUIS
ST. LOUIS - FER001,14,0.0500000000,1.0000000000,20.0000000000,0,ST LOUIS,ST LOUIS
ST. LOUIS - FER002,14,1.0000000000,18.0000000000,18.0000000000,0,ST LOUIS,ST LOUIS
ST. LOUIS - FER003,13,1.0000000000,2.0000000000,2.0000000000,0,ST LOUIS,ST LOUIS
ST. LOUIS - FER004,14,1.0000000000,12.0000000000,12.0000000000,0,ST LOUIS,ST LOUIS
ST. LOUIS - FER005,14,1.0000000000,25.0000000000,25.0000000000,0,ST LOUIS,ST LOUIS
ST. LOUIS - FER006,14,1.0000000000,9.0000000000,9.0000000000,0,ST LOUIS,ST LOUIS
ST. LOUIS - FER007,14,1.0000000000,9.0000000000,9.0000000000,0,ST LOUIS,ST LOUIS
ST. LOUIS - FER008,14,1.0000000000,20.0000000000,20.0000000000,0,ST LOUIS,ST LOUIS
ST. LOUIS - FER009,14,1.0000000000,16.0000000000,16.0000000000,0,ST LOUIS,ST LOUIS
ST. LOUIS - FER010,14,1.0000000000,3.0000000000,3.0000000000,0,ST LOUIS,ST LOUIS
ST. LOUIS - FER011,13,1.0000000000,8.0000000000,8.0000000000,0,ST LOUIS,ST LOUIS
ST. LOUIS - FER012,14,1.0000000000,10.0000000000,10.0000000000,0,ST LOUIS,ST LOUIS
ST. LOUIS - FER013,14,1.0000000000,9.0000000000,9.0000000000,0,ST LOUIS,ST LOUIS
ST. LOUIS - FER014,13,1.0000000000,2.0000000000,2.0000000000,0,ST LOUIS,ST LOUIS
ST. LOUIS - FER015,13,1.0000000000,6.0000000000,6.0000000000,0,ST LOUIS,ST LOUIS
ST. LOUIS - FER016,13,1.0000000000,7.0000000000,7.0000000000,0,ST LOUIS,ST LOUIS
ST. LOUIS - FER017,13,1.0000000000,8.0000000000,8.0000000000,0,ST LOUIS,ST LOUIS
ST. LOUIS - FER018,13,1.0000000000,7.0000000000,7.0000000000,0,ST LOUIS,ST LOUIS
ST. LOUIS - FER019,13,1.0000000000,25.0000000000,25.0000000000,0,ST LOUIS,ST LOUIS
ST. LOUIS - FER020,14,1.0000000000,5.0000000000,5.0000000000,0,ST LOUIS,ST LOUIS
ST. LOUIS - FER021,14,1.0000000000,5.0000000000,5.0000000000,0,ST LOUIS,ST LOUIS
ST. LOUIS - FER022,13,1.0000000000,40.0000000000,40.0000000000,0,ST LOUIS,ST LOUIS
ST. LOUIS - FER023,13,1.0000000000,9.0000000000,9.0000000000,0,ST LOUIS,ST LOUIS
ST. LOUIS - FER024,14,1.0000000000,24.0000000000,24.0000000000,0,ST LOUIS,ST LOUIS
ST. LOUIS - FER025,14,1.0000000000,1.0000000000,1.0000000000,0,ST LOUIS,ST LOUIS
ST. LOUIS - FER026,13,1.0000000000,2.0000000000,2.0000000000,0,ST LOUIS,ST LOUIS
ST. LOUIS - FER027,13,1.0000000000,2.0000000000,2.0000000000,0,ST LOUIS,ST LOUIS
ST. LOUIS - FER028,14,1.0000000000,4.0000000000,4.0000000000,0,ST LOUIS,ST LOUIS
ST. LOUIS - FER029,13,1.0000000000,1.0000000000,1.0000000000,0,ST LOUIS,ST LOUIS
ST. LOUIS - FER030,14,1.0000000000,11.0000000000,11.0000000000,0,ST LOUIS,ST LOUIS
ST. LOUIS - FER031,14,1.0000000000,1.0000000000,1.0000000000,0,ST LOUIS,ST LOUIS
ST. LOUIS - FER032,14,1.0000000000,18.0000000000,18.0000000000,0,ST LOUIS,ST LOUIS
ST. LOUIS - FER033,14,1.0000000000,13.0000000000,13.0000000000,0,ST LOUIS,ST LOUIS
ST. LOUIS - FER034,14,1.0000000000,7.0000000000,7.0000000000,0,ST LOUIS,ST LOUIS
ST. LOUIS - FER035,14,1.0000000000,15.0000000000,15.0000000000,0,ST LOUIS,ST LOUIS
ST. LOUIS - FER036,13,1.0000000000,8.0000000000,8.0000000000,0,ST LOUIS,ST LOUIS
ST. LOUIS - FER037,13,1.0000000000,32.0000000000,32.0000000000,0,ST LOUIS,ST LOUIS
ST. LOUIS - FER038,14,1.0000000000,13.0000000000,13.0000000000,0,ST LOUIS,ST LOUIS
ST. LOUIS - FER039,13,0.1000000000,1.0000000000,10.0000000000,0,ST LOUIS,ST LOUIS
ST. LOUIS - FER039,14,0.9000000000,9.0000000000,10.0000000000,0,ST LOUIS,ST LOUIS
ST. LOUIS - FER040,13,1.0000000000,10.0000000000,10.0000000000,0,ST LOUIS,ST LOUIS
ST. LOUIS - FER041,13,0.9333333333,14.0000000000,15.0000000000,0,ST LOUIS,ST LOUIS
ST. LOUIS - FER041,14,0.0666666667,1.0000000000,15.0000000000,0,ST LOUIS,ST LOUIS
ST. LOUIS - FER042,13,1.0000000000,14.0000000000,14.0000000000,0,ST LOUIS,ST LOUIS
ST. LOUIS - FER043,13,0.9166666667,22.0000000000,24.0000000000,0,ST LOUIS,ST LOUIS
ST. LOUIS - FER043,14,0.0833333333,2.0000000000,24.0000000000,0,ST LOUIS,ST LOUIS
ST. LOUIS - FER044,14,1.0000000000,12.0000000000,12.0000000000,0,ST LOUIS,ST LOUIS
ST. LOUIS - FER045,13,1.0000000000,1.0000000000,1.0000000000,0,ST LOUIS,ST LOUIS
ST. LOUIS - FER046,13,1.0000000000,1.0000000000,1.0000000000,0,ST LOUIS,ST LOUIS
ST. LOUIS - FER206,14,1.0000000000,1.0000000000,1.0000000000,0,ST LOUIS,ST LOUIS
ST. LOUIS - FER207,14,1.0000000000,2.0000000000,2.0000000000,0,ST LOUIS,ST LOUIS
ST. LOUIS - FER208,13,1.0000000000,5.0000000000,5.0000000000,0,ST LOUIS,ST LOUIS
ST. LOUIS - FLO001,13,1.0000000000,16.0000000000,16.0000000000,0,ST LOUIS,ST LOUIS
ST. LOUIS - FLO002,13,1.0000000000,9.0000000000,9.0000000000,0,ST LOUIS,ST LOUIS
ST. LOUIS - FLO003,13,1.0000000000,28.0000000000,28.0000000000,0,ST LOUIS,ST LOUIS
ST. LOUIS - FLO004,13,1.0000000000,22.0000000000,22.0000000000,0,ST LOUIS,ST LOUIS
ST. LOUIS - FLO005,13,1.0000000000,8.0000000000,8.0000000000,0,ST LOUIS,ST LOUIS
ST. LOUIS - FLO006,13,1.0000000000,11.0000000000,11.0000000000,0,ST LOUIS,ST LOUIS
ST. LOUIS - FLO007,13,1.0000000000,6.0000000000,6.0000000000,0,ST LOUIS,ST LOUIS
ST. LOUIS - FLO008,13,1.0000000000,29.0000000000,29.0000000000,0,ST LOUIS,ST LOUIS
ST. LOUIS - FLO009,13,1.0000000000,29.0000000000,29.0000000000,0,ST LOUIS,ST LOUIS
ST. LOUIS - FLO010,13,1.0000000000,2.0000000000,2.0000000000,0,ST LOUIS,ST LOUIS
ST. LOUIS - FLO011,13,1.0000000000,14.0000000000,14.0000000000,0,ST LOUIS,ST LOUIS
ST. LOUIS - FLO012,13,1.0000000000,59.0000000000,59.0000000000,0,ST LOUIS,ST LOUIS
ST. LOUIS - FLO013,13,1.0000000000,7.0000000000,7.0000000000,0,ST LOUIS,ST LOUIS
ST. LOUIS - FLO014,13,1.0000000000,37.0000000000,37.0000000000,0,ST LOUIS,ST LOUIS
ST. LOUIS - FLO015,13,1.0000000000,1.0000000000,1.0000000000,0,ST LOUIS,ST LOUIS
ST. LOUIS - FLO016,13,1.0000000000,22.0000000000,22.0000000000,0,ST LOUIS,ST LOUIS
ST. LOUIS - FLO017,13,1.0000000000,19.0000000000,19.0000000000,0,ST LOUIS,ST LOUIS
ST. LOUIS - FLO018,13,1.0000000000,8.0000000000,8.0000000000,0,ST LOUIS,ST LOUIS
ST. LOUIS - FLO019,13,1.0000000000,17.0000000000,17.0000000000,0,ST LOUIS,ST LOUIS
ST. LOUIS - FLO020,13,1.0000000000,13.0000000000,13.0000000000,0,ST LOUIS,ST LOUIS
ST. LOUIS - FLO021,13,1.0000000000,21.0000000000,21.0000000000,0,ST LOUIS,ST LOUIS
ST. LOUIS - FLO022,13,1.0000000000,8.0000000000,8.0000000000,0,ST LOUIS,ST LOUIS
ST. LOUIS - FLO023,13,1.0000000000,24.0000000000,24.0000000000,0,ST LOUIS,ST LOUIS
ST. LOUIS - FLO024,13,1.0000000000,11.0000000000,11.0000000000,0,ST LOUIS,ST LOUIS
ST. LOUIS - FLO025,13,1.0000000000,1.0000000000,1.0000000000,0,ST LOUIS,ST LOUIS
ST. LOUIS - FLO026,13,1.0000000000,6.0000000000,6.0000000000,0,ST LOUIS,ST LOUIS
ST. LOUIS - FLO027,13,1.0000000000,5.0000000000,5.0000000000,0,ST LOUIS,ST LOUIS
ST. LOUIS - FLO028,13,1.0000000000,3.0000000000,3.0000000000,0,ST LOUIS,ST LOUIS
ST. LOUIS - FLO029,13,1.0000000000,14.0000000000,14.0000000000,0,ST LOUIS,ST LOUIS
ST. LOUIS - FLO030,13,1.0000000000,13.0000000000,13.0000000000,0,ST LOUIS,ST LOUIS
ST. LOUIS - FLO031,13,1.0000000000,33.0000000000,33.0000000000,0,ST LOUIS,ST LOUIS
ST. LOUIS - FLO200,13,1.0000000000,2.0000000000,2.0000000000,0,ST LOUIS,ST LOUIS
ST. LOUIS - FLO201,13,1.0000000000,2.0000000000,2.0000000000,0,ST LOUIS,ST LOUIS
ST. LOUIS - FLO205,13,1.0000000000,2.0000000000,2.0000000000,0,ST LOUIS,ST LOUIS
ST. LOUIS - FLO207,13,1.0000000000,3.0000000000,3.0000000000,0,ST LOUIS,ST LOUIS
ST. LOUIS - GRA001,1,1.0000000000,3.0000000000,3.0000000000,0,ST LOUIS,ST LOUIS
ST. LOUIS - GRA002,24,1.0000000000,7.0000000000,7.0000000000,0,ST LOUIS,ST LOUIS
ST. LOUIS - GRA003,24,1.0000000000,3.0000000000,3.0000000000,0,ST LOUIS,ST LOUIS
ST. LOUIS - GRA004,1,0.9565217391,22.0000000000,23.0000000000,0,ST LOUIS,ST LOUIS
ST. LOUIS - GRA004,24,0.0434782609,1.0000000000,23.0000000000,0,ST LOUIS,ST LOUIS
ST. LOUIS - GRA005,1,0.9583333333,23.0000000000,24.0000000000,0,ST LOUIS,ST LOUIS
ST. LOUIS - GRA005,24,0.0416666667,1.0000000000,24.0000000000,0,ST LOUIS,ST LOUIS
ST. LOUIS - GRA006,1,1.0000000000,21.0000000000,21.0000000000,0,ST LOUIS,ST LOUIS
ST. LOUIS - GRA007,1,1.0000000000,16.0000000000,16.0000000000,0,ST LOUIS,ST LOUIS
ST. LOUIS - GRA008,24,1.0000000000,6.0000000000,6.0000000000,0,ST LOUIS,ST LOUIS
ST. LOUIS - GRA009,1,0.2941176471,5.0000000000,17.0000000000,0,ST LOUIS,ST LOUIS
ST. LOUIS - GRA009,24,0.7058823529,12.0000000000,17.0000000000,0,ST LOUIS,ST LOUIS
ST. LOUIS - GRA010,24,1.0000000000,4.0000000000,4.0000000000,0,ST LOUIS,ST LOUIS
ST. LOUIS - GRA011,24,1.0000000000,11.0000000000,11.0000000000,0,ST LOUIS,ST LOUIS
ST. LOUIS - GRA012,24,1.0000000000,3.0000000000,3.0000000000,0,ST LOUIS,ST LOUIS
ST. LOUIS - GRA013,1,1.0000000000,3.0000000000,3.0000000000,0,ST LOUIS,ST LOUIS
ST. LOUIS - GRA014,24,1.0000000000,1.0000000000,1.0000000000,0,ST LOUIS,ST LOUIS
ST. LOUIS - GRA015,1,1.0000000000,28.0000000000,28.0000000000,0,ST LOUIS,ST LOUIS
ST. LOUIS - GRA016,1,0.6774193548,21.0000000000,31.0000000000,0,ST LOUIS,ST LOUIS
ST. LOUIS - GRA016,4,0.3225806452,10.0000000000,31.0000000000,0,ST LOUIS,ST LOUIS
ST. LOUIS - GRA017,1,1.0000000000,19.0000000000,19.0000000000,0,ST LOUIS,ST LOUIS
ST. LOUIS - GRA018,1,1.0000000000,19.0000000000,19.0000000000,0,ST LOUIS,ST LOUIS
ST. LOUIS - GRA019,1,1.0000000000,24.0000000000,24.0000000000,0,ST LOUIS,ST LOUIS
ST. LOUIS - GRA020,1,1.0000000000,9.0000000000,9.0000000000,0,ST LOUIS,ST LOUIS
ST. LOUIS - GRA021,1,0.3333333333,4.0000000000,12.0000000000,0,ST LOUIS,ST LOUIS
ST. LOUIS - GRA021,4,0.6666666667,8.0000000000,12.0000000000,0,ST LOUIS,ST LOUIS
ST. LOUIS - GRA022,4,1.0000000000,31.0000000000,31.0000000000,0,ST LOUIS,ST LOUIS
ST. LOUIS - GRA023,24,1.0000000000,2.0000000000,2.0000000000,0,ST LOUIS,ST LOUIS
ST. LOUIS - GRA024,1,1.0000000000,1.0000000000,1.0000000000,0,ST LOUIS,ST LOUIS
ST. LOUIS - GRA025,1,0.6000000000,15.0000000000,25.0000000000,0,ST LOUIS,ST LOUIS
ST. LOUIS - GRA025,4,0.4000000000,10.0000000000,25.0000000000,0,ST LOUIS,ST LOUIS
ST. LOUIS - GRA026,1,1.0000000000,9.0000000000,9.0000000000,0,ST LOUIS,ST LOUIS
ST. LOUIS - GRA027,1,1.0000000000,5.0000000000,5.0000000000,0,ST LOUIS,ST LOUIS
ST. LOUIS - GRA028,1,1.0000000000,10.0000000000,10.0000000000,0,ST LOUIS,ST LOUIS
ST. LOUIS - GRA029,1,1.0000000000,13.0000000000,13.0000000000,0,ST LOUIS,ST LOUIS
ST. LOUIS - GRA030,24,1.0000000000,1.0000000000,1.0000000000,0,ST LOUIS,ST LOUIS
ST. LOUIS - GRA031,24,1.0000000000,8.0000000000,8.0000000000,0,ST LOUIS,ST LOUIS
ST. LOUIS - GRA032,1,1.0000000000,17.0000000000,17.0000000000,0,ST LOUIS,ST LOUIS
ST. LOUIS - GRA033,4,1.0000000000,15.0000000000,15.0000000000,0,ST LOUIS,ST LOUIS
ST. LOUIS - GRA034,24,1.0000000000,1.0000000000,1.0000000000,0,ST LOUIS,ST LOUIS
ST. LOUIS - GRA035,1,1.0000000000,1.0000000000,1.0000000000,0,ST LOUIS,ST LOUIS
ST. LOUIS - GRA036,1,1.0000000000,10.0000000000,10.0000000000,0,ST LOUIS,ST LOUIS
ST. LOUIS - GRA037,1,1.0000000000,12.0000000000,12.0000000000,0,ST LOUIS,ST LOUIS
ST. LOUIS - GRA038,1,1.0000000000,3.0000000000,3.0000000000,0,ST LOUIS,ST LOUIS
ST. LOUIS - GRA039,4,1.0000000000,4.0000000000,4.0000000000,0,ST LOUIS,ST LOUIS
ST. LOUIS - GRA040,1,1.0000000000,7.0000000000,7.0000000000,0,ST LOUIS,ST LOUIS
ST. LOUIS - GRA041,24,1.0000000000,9.0000000000,9.0000000000,0,ST LOUIS,ST LOUIS
ST. LOUIS - GRA042,1,1.0000000000,20.0000000000,20.0000000000,0,ST LOUIS,ST LOUIS
ST. LOUIS - GRA043,1,1.0000000000,2.0000000000,2.0000000000,0,ST LOUIS,ST LOUIS
ST. LOUIS - GRA044,1,1.0000000000,17.0000000000,17.0000000000,0,ST LOUIS,ST LOUIS
ST. LOUIS - GRA045,1,1.0000000000,3.0000000000,3.0000000000,0,ST LOUIS,ST LOUIS
ST. LOUIS - GRA046,1,1.0000000000,14.0000000000,14.0000000000,0,ST LOUIS,ST LOUIS
ST. LOUIS - GRA047,1,1.0000000000,3.0000000000,3.0000000000,0,ST LOUIS,ST LOUIS
ST. LOUIS - GRA048,1,1.0000000000,2.0000000000,2.0000000000,0,ST LOUIS,ST LOUIS
ST. LOUIS - GRA201,24,1.0000000000,1.0000000000,1.0000000000,0,ST LOUIS,ST LOUIS
ST. LOUIS - GRA202,1,1.0000000000,2.0000000000,2.0000000000,0,ST LOUIS,ST LOUIS
ST. LOUIS - GRA206,1,1.0000000000,8.0000000000,8.0000000000,0,ST LOUIS,ST LOUIS
ST. LOUIS - GRA209,1,1.0000000000,2.0000000000,2.0000000000,0,ST LOUIS,ST LOUIS
ST. LOUIS - GRA210,24,1.0000000000,3.0000000000,3.0000000000,0,ST LOUIS,ST LOUIS
ST. LOUIS - HAD001,4,1.0000000000,32.0000000000,32.0000000000,0,ST LOUIS,ST LOUIS
ST. LOUIS - HAD002,4,1.0000000000,3.0000000000,3.0000000000,0,ST LOUIS,ST LOUIS
ST. LOUIS - HAD003,4,1.0000000000,4.0000000000,4.0000000000,0,ST LOUIS,ST LOUIS
ST. LOUIS - HAD004,4,1.0000000000,2.0000000000,2.0000000000,0,ST LOUIS,ST LOUIS
ST. LOUIS - HAD005,4,1.0000000000,17.0000000000,17.0000000000,0,ST LOUIS,ST LOUIS
ST. LOUIS - HAD006,4,1.0000000000,20.0000000000,20.0000000000,0,ST LOUIS,ST LOUIS
ST. LOUIS - HAD007,1,0.1666666667,1.0000000000,6.0000000000,0,ST LOUIS,ST LOUIS
ST. LOUIS - HAD007,4,0.8333333333,5.0000000000,6.0000000000,0,ST LOUIS,ST LOUIS
ST. LOUIS - HAD008,14,1.0000000000,15.0000000000,15.0000000000,0,ST LOUIS,ST LOUIS
ST. LOUIS - HAD009,14,1.0000000000,14.0000000000,14.0000000000,0,ST LOUIS,ST LOUIS
ST. LOUIS - HAD010,14,1.0000000000,7.0000000000,7.0000000000,0,ST LOUIS,ST LOUIS
ST. LOUIS - HAD011,14,1.0000000000,19.0000000000,19.0000000000,0,ST LOUIS,ST LOUIS
ST. LOUIS - HAD012,14,1.0000000000,24.0000000000,24.0000000000,0,ST LOUIS,ST LOUIS
ST. LOUIS - HAD013,4,1.0000000000,4.0000000000,4.0000000000,0,ST LOUIS,ST LOUIS
ST. LOUIS - HAD014,4,1.0000000000,18.0000000000,18.0000000000,0,ST LOUIS,ST LOUIS
ST. LOUIS - HAD015,4,1.0000000000,28.0000000000,28.0000000000,0,ST LOUIS,ST LOUIS
ST. LOUIS - HAD016,14,1.0000000000,9.0000000000,9.0000000000,0,ST LOUIS,ST LOUIS
ST. LOUIS - HAD017,4,1.0000000000,2.0000000000,2.0000000000,0,ST LOUIS,ST LOUIS
ST. LOUIS - HAD018,4,1.0000000000,8.0000000000,8.0000000000,0,ST LOUIS,ST LOUIS
ST. LOUIS - HAD019,4,1.0000000000,7.0000000000,7.0000000000,0,ST LOUIS,ST LOUIS
ST. LOUIS - HAD020,4,1.0000000000,8.0000000000,8.0000000000,0,ST LOUIS,ST LOUIS
ST. LOUIS - HAD021,4,1.0000000000,23.0000000000,23.0000000000,0,ST LOUIS,ST LOUIS
ST. LOUIS - HAD022,4,1.0000000000,14.0000000000,14.0000000000,0,ST LOUIS,ST LOUIS
ST. LOUIS - HAD023,4,1.0000000000,13.0000000000,13.0000000000,0,ST LOUIS,ST LOUIS
ST. LOUIS - HAD024,4,1.0000000000,9.0000000000,9.0000000000,0,ST LOUIS,ST LOUIS
ST. LOUIS - HAD025,4,1.0000000000,11.0000000000,11.0000000000,0,ST LOUIS,ST LOUIS
ST. LOUIS - HAD026,4,1.0000000000,6.0000000000,6.0000000000,0,ST LOUIS,ST LOUIS
ST. LOUIS - HAD027,4,1.0000000000,13.0000000000,13.0000000000,0,ST LOUIS,ST LOUIS
ST. LOUIS - HAD028,4,1.0000000000,17.0000000000,17.0000000000,0,ST LOUIS,ST LOUIS
ST. LOUIS - HAD029,4,1.0000000000,11.0000000000,11.0000000000,0,ST LOUIS,ST LOUIS
ST. LOUIS - HAD030,4,1.0000000000,49.0000000000,49.0000000000,0,ST LOUIS,ST LOUIS
ST. LOUIS - HAD031,4,1.0000000000,13.0000000000,13.0000000000,0,ST LOUIS,ST LOUIS
ST. LOUIS - HAD032,4,1.0000000000,39.0000000000,39.0000000000,0,ST LOUIS,ST LOUIS
ST. LOUIS - HAD033,4,1.0000000000,51.0000000000,51.0000000000,0,ST LOUIS,ST LOUIS
ST. LOUIS - HAD034,14,1.0000000000,11.0000000000,11.0000000000,0,ST LOUIS,ST LOUIS
ST. LOUIS - HAD035,14,1.0000000000,1.0000000000,1.0000000000,0,ST LOUIS,ST LOUIS
ST. LOUIS - HAD200,4,1.0000000000,4.0000000000,4.0000000000,0,ST LOUIS,ST LOUIS
ST. LOUIS - JEF001,4,1.0000000000,13.0000000000,13.0000000000,0,ST LOUIS,ST LOUIS
ST. LOUIS - JEF002,24,1.0000000000,10.0000000000,10.0000000000,0,ST LOUIS,ST LOUIS
ST. LOUIS - JEF003,1,1.0000000000,17.0000000000,17.0000000000,0,ST LOUIS,ST LOUIS
ST. LOUIS - JEF004,1,1.0000000000,19.0000000000,19.0000000000,0,ST LOUIS,ST LOUIS
ST. LOUIS - JEF005,1,1.0000000000,26.0000000000,26.0000000000,0,ST LOUIS,ST LOUIS
ST. LOUIS - JEF006,4,1.0000000000,4.0000000000,4.0000000000,0,ST LOUIS,ST LOUIS
ST. LOUIS - JEF007,1,1.0000000000,6.0000000000,6.0000000000,0,ST LOUIS,ST LOUIS
ST. LOUIS - JEF008,1,1.0000000000,3.0000000000,3.0000000000,0,ST LOUIS,ST LOUIS
ST. LOUIS - JEF009,4,1.0000000000,17.0000000000,17.0000000000,0,ST LOUIS,ST LOUIS
ST. LOUIS - JEF010,1,1.0000000000,31.0000000000,31.0000000000,0,ST LOUIS,ST LOUIS
ST. LOUIS - JEF011,4,1.0000000000,10.0000000000,10.0000000000,0,ST LOUIS,ST LOUIS
ST. LOUIS - JEF012,1,1.0000000000,8.0000000000,8.0000000000,0,ST LOUIS,ST LOUIS
ST. LOUIS - JEF013,1,1.0000000000,10.0000000000,10.0000000000,0,ST LOUIS,ST LOUIS
ST. LOUIS - JEF014,1,1.0000000000,41.0000000000,41.0000000000,0,ST LOUIS,ST LOUIS
ST. LOUIS - JEF015,4,1.0000000000,7.0000000000,7.0000000000,0,ST LOUIS,ST LOUIS
ST. LOUIS - JEF016,1,1.0000000000,16.0000000000,16.0000000000,0,ST LOUIS,ST LOUIS
ST. LOUIS - JEF017,1,1.0000000000,23.0000000000,23.0000000000,0,ST LOUIS,ST LOUIS
ST. LOUIS - JEF018,1,0.8285714286,29.0000000000,35.0000000000,0,ST LOUIS,ST LOUIS
ST. LOUIS - JEF018,4,0.1714285714,6.0000000000,35.0000000000,0,ST LOUIS,ST LOUIS
ST. LOUIS - JEF019,1,1.0000000000,37.0000000000,37.0000000000,0,ST LOUIS,ST LOUIS
ST. LOUIS - JEF020,1,1.0000000000,14.0000000000,14.0000000000,0,ST LOUIS,ST LOUIS
ST. LOUIS - JEF021,1,1.0000000000,32.0000000000,32.0000000000,0,ST LOUIS,ST LOUIS
ST. LOUIS - JEF022,1,1.0000000000,15.0000000000,15.0000000000,0,ST LOUIS,ST LOUIS
ST. LOUIS - JEF023,1,1.0000000000,20.0000000000,20.0000000000,0,ST LOUIS,ST LOUIS
ST. LOUIS - JEF024,1,1.0000000000,14.0000000000,14.0000000000,0,ST LOUIS,ST LOUIS
ST. LOUIS - JEF025,1,1.0000000000,5.0000000000,5.0000000000,0,ST LOUIS,ST LOUIS
ST. LOUIS - JEF026,1,1.0000000000,6.0000000000,6.0000000000,0,ST LOUIS,ST LOUIS
ST. LOUIS - JEF027,1,1.0000000000,36.0000000000,36.0000000000,0,ST LOUIS,ST LOUIS
ST. LOUIS - JEF028,1,1.0000000000,4.0000000000,4.0000000000,0,ST LOUIS,ST LOUIS
ST. LOUIS - JEF029,4,1.0000000000,11.0000000000,11.0000000000,0,ST LOUIS,ST LOUIS
ST. LOUIS - JEF030,1,1.0000000000,20.0000000000,20.0000000000,0,ST LOUIS,ST LOUIS
ST. LOUIS - JEF031,1,1.0000000000,20.0000000000,20.0000000000,0,ST LOUIS,ST LOUIS
ST. LOUIS - JEF032,24,1.0000000000,38.0000000000,38.0000000000,0,ST LOUIS,ST LOUIS
ST. LOUIS - JEF033,24,1.0000000000,4.0000000000,4.0000000000,0,ST LOUIS,ST LOUIS
ST. LOUIS - JEF034,24,1.0000000000,22.0000000000,22.0000000000,0,ST LOUIS,ST LOUIS
ST. LOUIS - JEF035,24,1.0000000000,2.0000000000,2.0000000000,0,ST LOUIS,ST LOUIS
ST. LOUIS - JEF036,24,1.0000000000,6.0000000000,6.0000000000,0,ST LOUIS,ST LOUIS
ST. LOUIS - JEF037,24,1.0000000000,18.0000000000,18.0000000000,0,ST LOUIS,ST LOUIS
ST. LOUIS - JEF200,1,1.0000000000,8.0000000000,8.0000000000,0,ST LOUIS,ST LOUIS
ST. LOUIS - JEF202,1,1.0000000000,2.0000000000,2.0000000000,0,ST LOUIS,ST LOUIS
ST. LOUIS - LAF001,15,1.0000000000,9.0000000000,9.0000000000,0,ST LOUIS,ST LOUIS
ST. LOUIS - LAF002,15,1.0000000000,33.0000000000,33.0000000000,0,ST LOUIS,ST LOUIS
ST. LOUIS - LAF003,15,1.0000000000,4.0000000000,4.0000000000,0,ST LOUIS,ST LOUIS
ST. LOUIS - LAF004,15,1.0000000000,20.0000000000,20.0000000000,0,ST LOUIS,ST LOUIS
ST. LOUIS - LAF005,15,1.0000000000,24.0000000000,24.0000000000,0,ST LOUIS,ST LOUIS
ST. LOUIS - LAF006,15,1.0000000000,9.0000000000,9.0000000000,0,ST LOUIS,ST LOUIS
ST. LOUIS - LAF007,15,1.0000000000,1.0000000000,1.0000000000,0,ST LOUIS,ST LOUIS
ST. LOUIS - LAF008,15,1.0000000000,8.0000000000,8.0000000000,0,ST LOUIS,ST LOUIS
ST. LOUIS - LAF009,15,1.0000000000,23.0000000000,23.0000000000,0,ST LOUIS,ST LOUIS
ST. LOUIS - LAF010,15,1.0000000000,1.0000000000,1.0000000000,0,ST LOUIS,ST LOUIS
ST. LOUIS - LAF011,15,1.0000000000,10.0000000000,10.0000000000,0,ST LOUIS,ST LOUIS
ST. LOUIS - LAF012,15,1.0000000000,8.0000000000,8.0000000000,0,ST LOUIS,ST LOUIS
ST. LOUIS - LAF013,15,1.0000000000,2.0000000000,2.0000000000,0,ST LOUIS,ST LOUIS
ST. LOUIS - LAF014,15,1.0000000000,4.0000000000,4.0000000000,0,ST LOUIS,ST LOUIS
ST. LOUIS - LAF015,15,1.0000000000,3.0000000000,3.0000000000,0,ST LOUIS,ST LOUIS
ST. LOUIS - LAF016,15,1.0000000000,9.0000000000,9.0000000000,0,ST LOUIS,ST LOUIS
ST. LOUIS - LAF017,15,1.0000000000,4.0000000000,4.0000000000,0,ST LOUIS,ST LOUIS
ST. LOUIS - LAF018,15,1.0000000000,23.0000000000,23.0000000000,0,ST LOUIS,ST LOUIS
ST. LOUIS - LAF019,15,1.0000000000,20.0000000000,20.0000000000,0,ST LOUIS,ST LOUIS
ST. LOUIS - LAF020,15,1.0000000000,5.0000000000,5.0000000000,0,ST LOUIS,ST LOUIS
ST. LOUIS - LAF023,15,1.0000000000,6.0000000000,6.0000000000,0,ST LOUIS,ST LOUIS
ST. LOUIS - LAF024,15,1.0000000000,13.0000000000,13.0000000000,0,ST LOUIS,ST LOUIS
ST. LOUIS - LAF025,15,1.0000000000,19.0000000000,19.0000000000,0,ST LOUIS,ST LOUIS
ST. LOUIS - LAF026,15,1.0000000000,2.0000000000,2.0000000000,0,ST LOUIS,ST LOUIS
ST. LOUIS - LAF027,15,1.0000000000,5.0000000000,5.0000000000,0,ST LOUIS,ST LOUIS
ST. LOUIS - LAF028,15,1.0000000000,14.0000000000,14.0000000000,0,ST LOUIS,ST LOUIS
ST. LOUIS - LAF029,15,1.0000000000,10.0000000000,10.0000000000,0,ST LOUIS,ST LOUIS
ST. LOUIS - LAF030,15,1.0000000000,15.0000000000,15.0000000000,0,ST LOUIS,ST LOUIS
ST. LOUIS - LAF031,15,1.0000000000,8.0000000000,8.0000000000,0,ST LOUIS,ST LOUIS
ST. LOUIS - LAF032,15,1.0000000000,15.0000000000,15.0000000000,0,ST LOUIS,ST LOUIS
ST. LOUIS - LAF033,15,1.0000000000,15.0000000000,15.0000000000,0,ST LOUIS,ST LOUIS
ST. LOUIS - LAF034,15,1.0000000000,1.0000000000,1.0000000000,0,ST LOUIS,ST LOUIS
ST. LOUIS - LAF035,15,1.0000000000,9.0000000000,9.0000000000,0,ST LOUIS,ST LOUIS
ST. LOUIS - LAF036,15,1.0000000000,9.0000000000,9.0000000000,0,ST LOUIS,ST LOUIS
ST. LOUIS - LAF037,15,1.0000000000,8.0000000000,8.0000000000,0,ST LOUIS,ST LOUIS
ST. LOUIS - LAF038,15,1.0000000000,12.0000000000,12.0000000000,0,ST LOUIS,ST LOUIS
ST. LOUIS - LAF039,15,1.0000000000,30.0000000000,30.0000000000,0,ST LOUIS,ST LOUIS
ST. LOUIS - LAF040,15,1.0000000000,4.0000000000,4.0000000000,0,ST LOUIS,ST LOUIS
ST. LOUIS - LAF041,15,1.0000000000,7.0000000000,7.0000000000,0,ST LOUIS,ST LOUIS
ST. LOUIS - LAF042,15,1.0000000000,5.0000000000,5.0000000000,0,ST LOUIS,ST LOUIS
ST. LOUIS - LAF043,15,1.0000000000,6.0000000000,6.0000000000,0,ST LOUIS,ST LOUIS
ST. LOUIS - LAF044,15,1.0000000000,6.0000000000,6.0000000000,0,ST LOUIS,ST LOUIS
ST. LOUIS - LAF045,15,1.0000000000,2.0000000000,2.0000000000,0,ST LOUIS,ST LOUIS
ST. LOUIS - LAF046,15,1.0000000000,4.0000000000,4.0000000000,0,ST LOUIS,ST LOUIS
ST. LOUIS - LAF047,15,1.0000000000,2.0000000000,2.0000000000,0,ST LOUIS,ST LOUIS
ST. LOUIS - LAF200,15,1.0000000000,1.0000000000,1.0000000000,0,ST LOUIS,ST LOUIS
ST. LOUIS - LAF205,15,1.0000000000,2.0000000000,2.0000000000,0,ST LOUIS,ST LOUIS
ST. LOUIS - LAF207,15,1.0000000000,7.0000000000,7.0000000000,0,ST LOUIS,ST LOUIS
ST. LOUIS - LEM001,1,1.0000000000,51.0000000000,51.0000000000,0,ST LOUIS,ST LOUIS
ST. LOUIS - LEM002,1,1.0000000000,52.0000000000,52.0000000000,0,ST LOUIS,ST LOUIS
ST. LOUIS - LEM003,1,1.0000000000,9.0000000000,9.0000000000,0,ST LOUIS,ST LOUIS
ST. LOUIS - LEM004,1,1.0000000000,14.0000000000,14.0000000000,0,ST LOUIS,ST LOUIS
ST. LOUIS - LEM005,1,1.0000000000,2.0000000000,2.0000000000,0,ST LOUIS,ST LOUIS
ST. LOUIS - LEM006,1,1.0000000000,21.0000000000,21.0000000000,0,ST LOUIS,ST LOUIS
ST. LOUIS - LEM007,1,1.0000000000,51.0000000000,51.0000000000,0,ST LOUIS,ST LOUIS
ST. LOUIS - LEM008,1,1.0000000000,11.0000000000,11.0000000000,0,ST LOUIS,ST LOUIS
ST. LOUIS - LEM009,1,1.0000000000,25.0000000000,25.0000000000,0,ST LOUIS,ST LOUIS
ST. LOUIS - LEM010,1,1.0000000000,32.0000000000,32.0000000000,0,ST LOUIS,ST LOUIS
ST. LOUIS - LEM011,1,1.0000000000,20.0000000000,20.0000000000,0,ST LOUIS,ST LOUIS
ST. LOUIS - LEM012,1,1.0000000000,7.0000000000,7.0000000000,0,ST LOUIS,ST LOUIS
ST. LOUIS - LEM013,1,1.0000000000,25.0000000000,25.0000000000,0,ST LOUIS,ST LOUIS
ST. LOUIS - LEM014,1,1.0000000000,4.0000000000,4.0000000000,0,ST LOUIS,ST LOUIS
ST. LOUIS - LEM015,1,1.0000000000,22.0000000000,22.0000000000,0,ST LOUIS,ST LOUIS
ST. LOUIS - LEM016,1,1.0000000000,6.0000000000,6.0000000000,0,ST LOUIS,ST LOUIS
ST. LOUIS - LEM017,1,1.0000000000,4.0000000000,4.0000000000,0,ST LOUIS,ST LOUIS
ST. LOUIS - LEM018,1,1.0000000000,3.0000000000,3.0000000000,0,ST LOUIS,ST LOUIS
ST. LOUIS - LEM019,1,1.0000000000,2.0000000000,2.0000000000,0,ST LOUIS,ST LOUIS
ST. LOUIS - LEM020,1,1.0000000000,2.0000000000,2.0000000000,0,ST LOUIS,ST LOUIS
ST. LOUIS - LEM021,1,1.0000000000,18.0000000000,18.0000000000,0,ST LOUIS,ST LOUIS
ST. LOUIS - LEM022,1,1.0000000000,17.0000000000,17.0000000000,0,ST LOUIS,ST LOUIS
ST. LOUIS - LEM023,1,1.0000000000,15.0000000000,15.0000000000,0,ST LOUIS,ST LOUIS
ST. LOUIS - LEM024,1,1.0000000000,19.0000000000,19.0000000000,0,ST LOUIS,ST LOUIS
ST. LOUIS - LEM025,1,1.0000000000,3.0000000000,3.0000000000,0,ST LOUIS,ST LOUIS
ST. LOUIS - LEM026,1,1.0000000000,7.0000000000,7.0000000000,0,ST LOUIS,ST LOUIS
ST. LOUIS - LEM027,1,1.0000000000,7.0000000000,7.0000000000,0,ST LOUIS,ST LOUIS
ST. LOUIS - LEM028,1,1.0000000000,5.0000000000,5.0000000000,0,ST LOUIS,ST LOUIS
ST. LOUIS - LEM029,1,1.0000000000,7.0000000000,7.0000000000,0,ST LOUIS,ST LOUIS
ST. LOUIS - LEM030,1,1.0000000000,37.0000000000,37.0000000000,0,ST LOUIS,ST LOUIS
ST. LOUIS - LEM031,1,1.0000000000,50.0000000000,50.0000000000,0,ST LOUIS,ST LOUIS
ST. LOUIS - LEM032,1,1.0000000000,10.0000000000,10.0000000000,0,ST LOUIS,ST LOUIS
ST. LOUIS - LEM033,1,1.0000000000,2.0000000000,2.0000000000,0,ST LOUIS,ST LOUIS
ST. LOUIS - LEM200,1,1.0000000000,3.0000000000,3.0000000000,0,ST LOUIS,ST LOUIS
ST. LOUIS - LEM201,1,1.0000000000,2.0000000000,2.0000000000,0,ST LOUIS,ST LOUIS
ST. LOUIS - LEM202,1,1.0000000000,2.0000000000,2.0000000000,0,ST LOUIS,ST LOUIS
ST. LOUIS - LEM204,1,1.0000000000,3.0000000000,3.0000000000,0,ST LOUIS,ST LOUIS
ST. LOUIS - LEM205,1,1.0000000000,2.0000000000,2.0000000000,0,ST LOUIS,ST LOUIS
ST. LOUIS - LEM208,1,1.0000000000,1.0000000000,1.0000000000,0,ST LOUIS,ST LOUIS
ST. LOUIS - MER001,15,1.0000000000,10.0000000000,10.0000000000,0,ST LOUIS,ST LOUIS
ST. LOUIS - MER002,15,1.0000000000,1.0000000000,1.0000000000,0,ST LOUIS,ST LOUIS
ST. LOUIS - MER003,15,1.0000000000,17.0000000000,17.0000000000,0,ST LOUIS,ST LOUIS
ST. LOUIS - MER004,15,1.0000000000,17.0000000000,17.0000000000,0,ST LOUIS,ST LOUIS
ST. LOUIS - MER005,15,1.0000000000,5.0000000000,5.0000000000,0,ST LOUIS,ST LOUIS
ST. LOUIS - MER006,15,1.0000000000,47.0000000000,47.0000000000,0,ST LOUIS,ST LOUIS
ST. LOUIS - MER007,26,1.0000000000,8.0000000000,8.0000000000,0,ST LOUIS,ST LOUIS
ST. LOUIS - MER008,15,1.0000000000,8.0000000000,8.0000000000,0,ST LOUIS,ST LOUIS
ST. LOUIS - MER009,26,1.0000000000,4.0000000000,4.0000000000,0,ST LOUIS,ST LOUIS
ST. LOUIS - MER010,15,1.0000000000,4.0000000000,4.0000000000,0,ST LOUIS,ST LOUIS
ST. LOUIS - MER011,15,1.0000000000,19.0000000000,19.0000000000,0,ST LOUIS,ST LOUIS
ST. LOUIS - MER012,15,1.0000000000,9.0000000000,9.0000000000,0,ST LOUIS,ST LOUIS
ST. LOUIS - MER013,26,1.0000000000,33.0000000000,33.0000000000,0,ST LOUIS,ST LOUIS
ST. LOUIS - MER014,26,1.0000000000,13.0000000000,13.0000000000,0,ST LOUIS,ST LOUIS
ST. LOUIS - MER015,15,1.0000000000,4.0000000000,4.0000000000,0,ST LOUIS,ST LOUIS
ST. LOUIS - MER016,26,1.0000000000,10.0000000000,10.0000000000,0,ST LOUIS,ST LOUIS
ST. LOUIS - MER017,26,1.0000000000,32.0000000000,32.0000000000,0,ST LOUIS,ST LOUIS
ST. LOUIS - MER018,26,1.0000000000,30.0000000000,30.0000000000,0,ST LOUIS,ST LOUIS
ST. LOUIS - MER019,22,0.0250000000,1.0000000000,40.0000000000,0,ST LOUIS,ST LOUIS
ST. LOUIS - MER019,26,0.9750000000,39.0000000000,40.0000000000,0,ST LOUIS,ST LOUIS
ST. LOUIS - MER020,26,1.0000000000,8.0000000000,8.0000000000,0,ST LOUIS,ST LOUIS
ST. LOUIS - MER021,15,1.0000000000,1.0000000000,1.0000000000,0,ST LOUIS,ST LOUIS
ST. LOUIS - MER022,26,1.0000000000,24.0000000000,24.0000000000,0,ST LOUIS,ST LOUIS
ST. LOUIS - MER023,24,1.0000000000,14.0000000000,14.0000000000,0,ST LOUIS,ST LOUIS
ST. LOUIS - MER024,24,1.0000000000,17.0000000000,17.0000000000,0,ST LOUIS,ST LOUIS
ST. LOUIS - MER025,24,1.0000000000,13.0000000000,13.0000000000,0,ST LOUIS,ST LOUIS
ST. LOUIS - MER026,24,1.0000000000,2.0000000000,2.0000000000,0,ST LOUIS,ST LOUIS
ST. LOUIS - MER027,15,1.0000000000,5.0000000000,5.0000000000,0,ST LOUIS,ST LOUIS
ST. LOUIS - MER028,15,1.0000000000,1.0000000000,1.0000000000,0,ST LOUIS,ST LOUIS
ST. LOUIS - MER029,15,1.0000000000,7.0000000000,7.0000000000,0,ST LOUIS,ST LOUIS
ST. LOUIS - MER030,26,1.0000000000,11.0000000000,11.0000000000,0,ST LOUIS,ST LOUIS
ST. LOUIS - MER031,24,1.0000000000,4.0000000000,4.0000000000,0,ST LOUIS,ST LOUIS
ST. LOUIS - MER032,24,1.0000000000,4.0000000000,4.0000000000,0,ST LOUIS,ST LOUIS
ST. LOUIS - MER033,15,1.0000000000,5.0000000000,5.0000000000,0,ST LOUIS,ST LOUIS
ST. LOUIS - MER034,15,1.0000000000,7.0000000000,7.0000000000,0,ST LOUIS,ST LOUIS
ST. LOUIS - MER035,15,1.0000000000,4.0000000000,4.0000000000,0,ST LOUIS,ST LOUIS
ST. LOUIS - MER036,15,1.0000000000,4.0000000000,4.0000000000,0,ST LOUIS,ST LOUIS
ST. LOUIS - MER037,24,1.0000000000,7.0000000000,7.0000000000,0,ST LOUIS,ST LOUIS
ST. LOUIS - MER038,24,1.0000000000,9.0000000000,9.0000000000,0,ST LOUIS,ST LOUIS
ST. LOUIS - MER039,15,1.0000000000,2.0000000000,2.0000000000,0,ST LOUIS,ST LOUIS
ST. LOUIS - MER040,15,1.0000000000,12.0000000000,12.0000000000,0,ST LOUIS,ST LOUIS
ST. LOUIS - MER041,15,1.0000000000,1.0000000000,1.0000000000,0,ST LOUIS,ST LOUIS
ST. LOUIS - MER042,24,1.0000000000,16.0000000000,16.0000000000,0,ST LOUIS,ST LOUIS
ST. LOUIS - MER043,24,1.0000000000,16.0000000000,16.0000000000,0,ST LOUIS,ST LOUIS
ST. LOUIS - MER044,24,1.0000000000,1.0000000000,1.0000000000,0,ST LOUIS,ST LOUIS
ST. LOUIS - MER045,15,1.0000000000,21.0000000000,21.0000000000,0,ST LOUIS,ST LOUIS
ST. LOUIS - MER046,22,0.0769230769,1.0000000000,13.0000000000,0,ST LOUIS,ST LOUIS
ST. LOUIS - MER046,26,0.9230769231,12.0000000000,13.0000000000,0,ST LOUIS,ST LOUIS
ST. LOUIS - MER047,15,1.0000000000,5.0000000000,5.0000000000,0,ST LOUIS,ST LOUIS
ST. LOUIS - MER048,15,1.0000000000,1.0000000000,1.0000000000,0,ST LOUIS,ST LOUIS
ST. LOUIS - MER200,15,1.0000000000,4.0000000000,4.0000000000,0,ST LOUIS,ST LOUIS
ST. LOUIS - MER202,24,1.0000000000,2.0000000000,2.0000000000,0,ST LOUIS,ST LOUIS
ST. LOUIS - MER204,24,1.0000000000,1.0000000000,1.0000000000,0,ST LOUIS,ST LOUIS
ST. LOUIS - MER207,15,1.0000000000,11.0000000000,11.0000000000,0,ST LOUIS,ST LOUIS
ST. LOUIS - MER209,15,1.0000000000,1.0000000000,1.0000000000,0,ST LOUIS,ST LOUIS
ST. LOUIS - MER210,15,1.0000000000,1.0000000000,1.0000000000,0,ST LOUIS,ST LOUIS
ST. LOUIS - MER213,24,1.0000000000,2.0000000000,2.0000000000,0,ST LOUIS,ST LOUIS
ST. LOUIS - MER214,26,1.0000000000,8.0000000000,8.0000000000,0,ST LOUIS,ST LOUIS
ST. LOUIS - MER215,24,1.0000000000,1.0000000000,1.0000000000,0,ST LOUIS,ST LOUIS
ST. LOUIS - MER219,15,0.7500000000,3.0000000000,4.0000000000,0,ST LOUIS,ST LOUIS
ST. LOUIS - MER219,26,0.2500000000,1.0000000000,4.0000000000,0,ST LOUIS,ST LOUIS
ST. LOUIS - MHT001,15,1.0000000000,8.0000000000,8.0000000000,0,ST LOUIS,ST LOUIS
ST. LOUIS - MHT002,15,1.0000000000,10.0000000000,10.0000000000,0,ST LOUIS,ST LOUIS
ST. LOUIS - MHT003,15,1.0000000000,9.0000000000,9.0000000000,0,ST LOUIS,ST LOUIS
ST. LOUIS - MHT004,15,1.0000000000,9.0000000000,9.0000000000,0,ST LOUIS,ST LOUIS
ST. LOUIS - MHT005,15,1.0000000000,30.0000000000,30.0000000000,0,ST LOUIS,ST LOUIS
ST. LOUIS - MHT006,24,1.0000000000,1.0000000000,1.0000000000,0,ST LOUIS,ST LOUIS
ST. LOUIS - MHT007,15,1.0000000000,1.0000000000,1.0000000000,0,ST LOUIS,ST LOUIS
ST. LOUIS - MHT008,15,0.2500000000,1.0000000000,4.0000000000,0,ST LOUIS,ST LOUIS
ST. LOUIS - MHT008,24,0.7500000000,3.0000000000,4.0000000000,0,ST LOUIS,ST LOUIS
ST. LOUIS - MHT009,15,0.2500000000,5.0000000000,20.0000000000,0,ST LOUIS,ST LOUIS
ST. LOUIS - MHT009,24,0.7500000000,15.0000000000,20.0000000000,0,ST LOUIS,ST LOUIS
ST. LOUIS - MHT010,24,1.0000000000,7.0000000000,7.0000000000,0,ST LOUIS,ST LOUIS
ST. LOUIS - MHT011,24,1.0000000000,9.0000000000,9.0000000000,0,ST LOUIS,ST LOUIS
ST. LOUIS - MHT012,24,1.0000000000,4.0000000000,4.0000000000,0,ST LOUIS,ST LOUIS
ST. LOUIS - MHT013,24,1.0000000000,6.0000000000,6.0000000000,0,ST LOUIS,ST LOUIS
ST. LOUIS - MHT014,24,1.0000000000,51.0000000000,51.0000000000,0,ST LOUIS,ST LOUIS
ST. LOUIS - MHT015,24,1.0000000000,10.0000000000,10.0000000000,0,ST LOUIS,ST LOUIS
ST. LOUIS - MHT016,24,1.0000000000,6.0000000000,6.0000000000,0,ST LOUIS,ST LOUIS
ST. LOUIS - MHT017,24,1.0000000000,14.0000000000,14.0000000000,0,ST LOUIS,ST LOUIS
ST. LOUIS - MHT018,24,1.0000000000,27.0000000000,27.0000000000,0,ST LOUIS,ST LOUIS
ST. LOUIS - MHT019,15,0.8695652174,20.0000000000,23.0000000000,0,ST LOUIS,ST LOUIS
ST. LOUIS - MHT019,24,0.1304347826,3.0000000000,23.0000000000,0,ST LOUIS,ST LOUIS
ST. LOUIS - MHT020,24,1.0000000000,13.0000000000,13.0000000000,0,ST LOUIS,ST LOUIS
ST. LOUIS - MHT021,24,1.0000000000,1.0000000000,1.0000000000,0,ST LOUIS,ST LOUIS
ST. LOUIS - MHT022,24,1.0000000000,10.0000000000,10.0000000000,0,ST LOUIS,ST LOUIS
ST. LOUIS - MHT023,24,1.0000000000,17.0000000000,17.0000000000,0,ST LOUIS,ST LOUIS
ST. LOUIS - MHT024,15,1.0000000000,6.0000000000,6.0000000000,0,ST LOUIS,ST LOUIS
ST. LOUIS - MHT025,24,1.0000000000,20.0000000000,20.0000000000,0,ST LOUIS,ST LOUIS
ST. LOUIS - MHT026,15,1.0000000000,5.0000000000,5.0000000000,0,ST LOUIS,ST LOUIS
ST. LOUIS - MHT027,15,0.6250000000,5.0000000000,8.0000000000,0,ST LOUIS,ST LOUIS
ST. LOUIS - MHT027,24,0.3750000000,3.0000000000,8.0000000000,0,ST LOUIS,ST LOUIS
ST. LOUIS - MHT028,24,1.0000000000,4.0000000000,4.0000000000,0,ST LOUIS,ST LOUIS
ST. LOUIS - MHT029,24,1.0000000000,1.0000000000,1.0000000000,0,ST LOUIS,ST LOUIS
ST. LOUIS - MHT030,24,1.0000000000,24.0000000000,24.0000000000,0,ST LOUIS,ST LOUIS
ST. LOUIS - MHT031,24,1.0000000000,1.0000000000,1.0000000000,0,ST LOUIS,ST LOUIS
ST. LOUIS - MHT032,24,1.0000000000,9.0000000000,9.0000000000,0,ST LOUIS,ST LOUIS
ST. LOUIS - MHT033,24,1.0000000000,1.0000000000,1.0000000000,0,ST LOUIS,ST LOUIS
ST. LOUIS - MHT034,24,1.0000000000,18.0000000000,18.0000000000,0,ST LOUIS,ST LOUIS
ST. LOUIS - MHT035,15,1.0000000000,21.0000000000,21.0000000000,0,ST LOUIS,ST LOUIS
ST. LOUIS - MHT036,24,1.0000000000,16.0000000000,16.0000000000,0,ST LOUIS,ST LOUIS
ST. LOUIS - MHT037,24,1.0000000000,20.0000000000,20.0000000000,0,ST LOUIS,ST LOUIS
ST. LOUIS - MHT038,24,1.0000000000,9.0000000000,9.0000000000,0,ST LOUIS,ST LOUIS
ST. LOUIS - MHT039,15,1.0000000000,8.0000000000,8.0000000000,0,ST LOUIS,ST LOUIS
ST. LOUIS - MHT040,24,1.0000000000,6.0000000000,6.0000000000,0,ST LOUIS,ST LOUIS
ST. LOUIS - MHT041,24,1.0000000000,9.0000000000,9.0000000000,0,ST LOUIS,ST LOUIS
ST. LOUIS - MHT042,24,1.0000000000,5.0000000000,5.0000000000,0,ST LOUIS,ST LOUIS
ST. LOUIS - MHT043,24,1.0000000000,7.0000000000,7.0000000000,0,ST LOUIS,ST LOUIS
ST. LOUIS - MHT044,24,1.0000000000,8.0000000000,8.0000000000,0,ST LOUIS,ST LOUIS
ST. LOUIS - MHT045,24,1.0000000000,1.0000000000,1.0000000000,0,ST LOUIS,ST LOUIS
ST. LOUIS - MHT046,24,1.0000000000,3.0000000000,3.0000000000,0,ST LOUIS,ST LOUIS
ST. LOUIS - MHT047,24,1.0000000000,1.0000000000,1.0000000000,0,ST LOUIS,ST LOUIS
ST. LOUIS - MHT048,24,1.0000000000,1.0000000000,1.0000000000,0,ST LOUIS,ST LOUIS
ST. LOUIS - MHT049,24,1.0000000000,3.0000000000,3.0000000000,0,ST LOUIS,ST LOUIS
ST. LOUIS - MHT050,24,1.0000000000,7.0000000000,7.0000000000,0,ST LOUIS,ST LOUIS
ST. LOUIS - MHT051,24,1.0000000000,2.0000000000,2.0000000000,0,ST LOUIS,ST LOUIS
ST. LOUIS - MHT052,24,1.0000000000,4.0000000000,4.0000000000,0,ST LOUIS,ST LOUIS
ST. LOUIS - MHT053,24,1.0000000000,5.0000000000,5.0000000000,0,ST LOUIS,ST LOUIS
ST. LOUIS - MHT054,15,1.0000000000,6.0000000000,6.0000000000,0,ST LOUIS,ST LOUIS
ST. LOUIS - MHT055,24,1.0000000000,2.0000000000,2.0000000000,0,ST LOUIS,ST LOUIS
ST. LOUIS - MHT056,15,1.0000000000,17.0000000000,17.0000000000,0,ST LOUIS,ST LOUIS
ST. LOUIS - MHT057,24,1.0000000000,1.0000000000,1.0000000000,0,ST LOUIS,ST LOUIS
ST. LOUIS - MHT058,24,1.0000000000,3.0000000000,3.0000000000,0,ST LOUIS,ST LOUIS
ST. LOUIS - MHT059,24,1.0000000000,1.0000000000,1.0000000000,0,ST LOUIS,ST LOUIS
ST. LOUIS - MHT200,24,1.0000000000,5.0000000000,5.0000000000,0,ST LOUIS,ST LOUIS
ST. LOUIS - MHT203,24,1.0000000000,13.0000000000,13.0000000000,0,ST LOUIS,ST LOUIS
ST. LOUIS - MHT206,24,1.0000000000,4.0000000000,4.0000000000,0,ST LOUIS,ST LOUIS
ST. LOUIS - MHT207,15,0.5000000000,2.0000000000,4.0000000000,0,ST LOUIS,ST LOUIS
ST. LOUIS - MHT207,24,0.5000000000,2.0000000000,4.0000000000,0,ST LOUIS,ST LOUIS
ST. LOUIS - MHT208,15,1.0000000000,1.0000000000,1.0000000000,0,ST LOUIS,ST LOUIS
ST. LOUIS - MHT211,24,1.0000000000,1.0000000000,1.0000000000,0,ST LOUIS,ST LOUIS
ST. LOUIS - MHT212,24,1.0000000000,1.0000000000,1.0000000000,0,ST LOUIS,ST LOUIS
ST. LOUIS - MHT213,24,1.0000000000,3.0000000000,3.0000000000,0,ST LOUIS,ST LOUIS
ST. LOUIS - MHT214,15,1.0000000000,4.0000000000,4.0000000000,0,ST LOUIS,ST LOUIS
ST. LOUIS - MHT216,24,1.0000000000,6.0000000000,6.0000000000,0,ST LOUIS,ST LOUIS
ST. LOUIS - MHT219,15,1.0000000000,1.0000000000,1.0000000000,0,ST LOUIS,ST LOUIS
ST. LOUIS - MHT220,24,1.0000000000,1.0000000000,1.0000000000,0,ST LOUIS,ST LOUIS
ST. LOUIS - MHT222,24,1.0000000000,1.0000000000,1.0000000000,0,ST LOUIS,ST LOUIS
ST. LOUIS - MHT223,24,1.0000000000,1.0000000000,1.0000000000,0,ST LOUIS,ST LOUIS
ST. LOUIS - MID001,14,1.0000000000,5.0000000000,5.0000000000,0,ST LOUIS,ST LOUIS
ST. LOUIS - MID002,14,1.0000000000,49.0000000000,49.0000000000,0,ST LOUIS,ST LOUIS
ST. LOUIS - MID003,14,1.0000000000,10.0000000000,10.0000000000,0,ST LOUIS,ST LOUIS
ST. LOUIS - MID004,14,1.0000000000,17.0000000000,17.0000000000,0,ST LOUIS,ST LOUIS
ST. LOUIS - MID005,14,1.0000000000,18.0000000000,18.0000000000,0,ST LOUIS,ST LOUIS
ST. LOUIS - MID006,14,1.0000000000,9.0000000000,9.0000000000,0,ST LOUIS,ST LOUIS
ST. LOUIS - MID007,14,1.0000000000,8.0000000000,8.0000000000,0,ST LOUIS,ST LOUIS
ST. LOUIS - MID008,14,1.0000000000,12.0000000000,12.0000000000,0,ST LOUIS,ST LOUIS
ST. LOUIS - MID009,14,1.0000000000,14.0000000000,14.0000000000,0,ST LOUIS,ST LOUIS
ST. LOUIS - MID010,14,1.0000000000,5.0000000000,5.0000000000,0,ST LOUIS,ST LOUIS
ST. LOUIS - MID011,24,1.0000000000,8.0000000000,8.0000000000,0,ST LOUIS,ST LOUIS
ST. LOUIS - MID012,14,1.0000000000,23.0000000000,23.0000000000,0,ST LOUIS,ST LOUIS
ST. LOUIS - MID013,14,1.0000000000,2.0000000000,2.0000000000,0,ST LOUIS,ST LOUIS
ST. LOUIS - MID014,14,1.0000000000,18.0000000000,18.0000000000,0,ST LOUIS,ST LOUIS
ST. LOUIS - MID015,14,1.0000000000,17.0000000000,17.0000000000,0,ST LOUIS,ST LOUIS
ST. LOUIS - MID016,14,1.0000000000,18.0000000000,18.0000000000,0,ST LOUIS,ST LOUIS
ST. LOUIS - MID017,14,1.0000000000,9.0000000000,9.0000000000,0,ST LOUIS,ST LOUIS
ST. LOUIS - MID018,14,1.0000000000,8.0000000000,8.0000000000,0,ST LOUIS,ST LOUIS
ST. LOUIS - MID019,14,1.0000000000,9.0000000000,9.0000000000,0,ST LOUIS,ST LOUIS
ST. LOUIS - MID020,14,1.0000000000,6.0000000000,6.0000000000,0,ST LOUIS,ST LOUIS
ST. LOUIS - MID021,14,1.0000000000,10.0000000000,10.0000000000,0,ST LOUIS,ST LOUIS
ST. LOUIS - MID022,14,1.0000000000,18.0000000000,18.0000000000,0,ST LOUIS,ST LOUIS
ST. LOUIS - MID023,14,1.0000000000,8.0000000000,8.0000000000,0,ST LOUIS,ST LOUIS
ST. LOUIS - MID024,24,1.0000000000,26.0000000000,26.0000000000,0,ST LOUIS,ST LOUIS
ST. LOUIS - MID025,14,1.0000000000,7.0000000000,7.0000000000,0,ST LOUIS,ST LOUIS
ST. LOUIS - MID026,14,1.0000000000,15.0000000000,15.0000000000,0,ST LOUIS,ST LOUIS
ST. LOUIS - MID027,14,1.0000000000,6.0000000000,6.0000000000,0,ST LOUIS,ST LOUIS
ST. LOUIS - MID028,14,1.0000000000,4.0000000000,4.0000000000,0,ST LOUIS,ST LOUIS
ST. LOUIS - MID029,14,1.0000000000,1.0000000000,1.0000000000,0,ST LOUIS,ST LOUIS
ST. LOUIS - MID030,14,1.0000000000,10.0000000000,10.0000000000,0,ST LOUIS,ST LOUIS
ST. LOUIS - MID031,14,1.0000000000,12.0000000000,12.0000000000,0,ST LOUIS,ST LOUIS
ST. LOUIS - MID032,14,1.0000000000,3.0000000000,3.0000000000,0,ST LOUIS,ST LOUIS
ST. LOUIS - MID033,14,1.0000000000,15.0000000000,15.0000000000,0,ST LOUIS,ST LOUIS
ST. LOUIS - MID034,14,1.0000000000,1.0000000000,1.0000000000,0,ST LOUIS,ST LOUIS
ST. LOUIS - MID035,14,1.0000000000,35.0000000000,35.0000000000,0,ST LOUIS,ST LOUIS
ST. LOUIS - MID036,14,1.0000000000,7.0000000000,7.0000000000,0,ST LOUIS,ST LOUIS
ST. LOUIS - MID037,14,1.0000000000,20.0000000000,20.0000000000,0,ST LOUIS,ST LOUIS
ST. LOUIS - MID038,14,1.0000000000,3.0000000000,3.0000000000,0,ST LOUIS,ST LOUIS
ST. LOUIS - MID039,14,1.0000000000,4.0000000000,4.0000000000,0,ST LOUIS,ST LOUIS
ST. LOUIS - MID040,14,1.0000000000,1.0000000000,1.0000000000,0,ST LOUIS,ST LOUIS
ST. LOUIS - MID041,14,1.0000000000,9.0000000000,9.0000000000,0,ST LOUIS,ST LOUIS
ST. LOUIS - MID042,14,1.0000000000,15.0000000000,15.0000000000,0,ST LOUIS,ST LOUIS
ST. LOUIS - MID043,14,1.0000000000,17.0000000000,17.0000000000,0,ST LOUIS,ST LOUIS
ST. LOUIS - MID044,14,1.0000000000,4.0000000000,4.0000000000,0,ST LOUIS,ST LOUIS
ST. LOUIS - MID045,14,1.0000000000,6.0000000000,6.0000000000,0,ST LOUIS,ST LOUIS
ST. LOUIS - MID046,14,1.0000000000,7.0000000000,7.0000000000,0,ST LOUIS,ST LOUIS
ST. LOUIS - MID047,14,1.0000000000,8.0000000000,8.0000000000,0,ST LOUIS,ST LOUIS
ST. LOUIS - MID048,14,1.0000000000,4.0000000000,4.0000000000,0,ST LOUIS,ST LOUIS
ST. LOUIS - MID049,14,1.0000000000,1.0000000000,1.0000000000,0,ST LOUIS,ST LOUIS
ST. LOUIS - MID050,14,1.0000000000,4.0000000000,4.0000000000,0,ST LOUIS,ST LOUIS
ST. LOUIS - MID051,14,1.0000000000,1.0000000000,1.0000000000,0,ST LOUIS,ST LOUIS
ST. LOUIS - MID052,14,1.0000000000,8.0000000000,8.0000000000,0,ST LOUIS,ST LOUIS
ST. LOUIS - MID053,14,1.0000000000,10.0000000000,10.0000000000,0,ST LOUIS,ST LOUIS
ST. LOUIS - MID054,14,1.0000000000,8.0000000000,8.0000000000,0,ST LOUIS,ST LOUIS
ST. LOUIS - MID055,14,1.0000000000,5.0000000000,5.0000000000,0,ST LOUIS,ST LOUIS
ST. LOUIS - MID056,14,1.0000000000,1.0000000000,1.0000000000,0,ST LOUIS,ST LOUIS
ST. LOUIS - MID057,14,1.0000000000,2.0000000000,2.0000000000,0,ST LOUIS,ST LOUIS
ST. LOUIS - MID058,14,1.0000000000,1.0000000000,1.0000000000,0,ST LOUIS,ST LOUIS
ST. LOUIS - MID059,24,1.0000000000,6.0000000000,6.0000000000,0,ST LOUIS,ST LOUIS
ST. LOUIS - MID060,14,1.0000000000,1.0000000000,1.0000000000,0,ST LOUIS,ST LOUIS
ST. LOUIS - MID061,14,1.0000000000,1.0000000000,1.0000000000,0,ST LOUIS,ST LOUIS
ST. LOUIS - MID200,14,1.0000000000,2.0000000000,2.0000000000,0,ST LOUIS,ST LOUIS
ST. LOUIS - MID201,14,1.0000000000,2.0000000000,2.0000000000,0,ST LOUIS,ST LOUIS
ST. LOUIS - MID202,14,1.0000000000,1.0000000000,1.0000000000,0,ST LOUIS,ST LOUIS
ST. LOUIS - MID204,14,1.0000000000,3.0000000000,3.0000000000,0,ST LOUIS,ST LOUIS
ST. LOUIS - NOR001,14,1.0000000000,20.0000000000,20.0000000000,0,ST LOUIS,ST LOUIS
ST. LOUIS - NOR002,14,1.0000000000,24.0000000000,24.0000000000,0,ST LOUIS,ST LOUIS
ST. LOUIS - NOR003,14,1.0000000000,19.0000000000,19.0000000000,0,ST LOUIS,ST LOUIS
ST. LOUIS - NOR004,14,1.0000000000,10.0000000000,10.0000000000,0,ST LOUIS,ST LOUIS
ST. LOUIS - NOR005,14,1.0000000000,10.0000000000,10.0000000000,0,ST LOUIS,ST LOUIS
ST. LOUIS - NOR006,14,1.0000000000,18.0000000000,18.0000000000,0,ST LOUIS,ST LOUIS
ST. LOUIS - NOR007,14,1.0000000000,18.0000000000,18.0000000000,0,ST LOUIS,ST LOUIS
ST. LOUIS - NOR008,13,1.0000000000,3.0000000000,3.0000000000,0,ST LOUIS,ST LOUIS
ST. LOUIS - NOR009,14,1.0000000000,15.0000000000,15.0000000000,0,ST LOUIS,ST LOUIS
ST. LOUIS - NOR010,14,1.0000000000,18.0000000000,18.0000000000,0,ST LOUIS,ST LOUIS
ST. LOUIS - NOR011,14,1.0000000000,15.0000000000,15.0000000000,0,ST LOUIS,ST LOUIS
ST. LOUIS - NOR012,14,1.0000000000,17.0000000000,17.0000000000,0,ST LOUIS,ST LOUIS
ST. LOUIS - NOR013,14,1.0000000000,3.0000000000,3.0000000000,0,ST LOUIS,ST LOUIS
ST. LOUIS - NOR014,14,1.0000000000,9.0000000000,9.0000000000,0,ST LOUIS,ST LOUIS
ST. LOUIS - NOR015,14,1.0000000000,17.0000000000,17.0000000000,0,ST LOUIS,ST LOUIS
ST. LOUIS - NOR016,14,1.0000000000,9.0000000000,9.0000000000,0,ST LOUIS,ST LOUIS
ST. LOUIS - NOR017,14,1.0000000000,1.0000000000,1.0000000000,0,ST LOUIS,ST LOUIS
ST. LOUIS - NOR018,14,1.0000000000,17.0000000000,17.0000000000,0,ST LOUIS,ST LOUIS
ST. LOUIS - NOR019,14,1.0000000000,3.0000000000,3.0000000000,0,ST LOUIS,ST LOUIS
ST. LOUIS - NOR020,14,1.0000000000,9.0000000000,9.0000000000,0,ST LOUIS,ST LOUIS
ST. LOUIS - NOR021,14,1.0000000000,24.0000000000,24.0000000000,0,ST LOUIS,ST LOUIS
ST. LOUIS - NOR022,14,1.0000000000,5.0000000000,5.0000000000,0,ST LOUIS,ST LOUIS
ST. LOUIS - NOR023,14,1.0000000000,17.0000000000,17.0000000000,0,ST LOUIS,ST LOUIS
ST. LOUIS - NOR024,14,1.0000000000,12.0000000000,12.0000000000,0,ST LOUIS,ST LOUIS
ST. LOUIS - NOR025,14,1.0000000000,18.0000000000,18.0000000000,0,ST LOUIS,ST LOUIS
ST. LOUIS - NOR026,14,1.0000000000,42.0000000000,42.0000000000,0,ST LOUIS,ST LOUIS
ST. LOUIS - NOR027,14,1.0000000000,13.0000000000,13.0000000000,0,ST LOUIS,ST LOUIS
ST. LOUIS - NOR028,14,1.0000000000,2.0000000000,2.0000000000,0,ST LOUIS,ST LOUIS
ST. LOUIS - NOR029,14,1.0000000000,29.0000000000,29.0000000000,0,ST LOUIS,ST LOUIS
ST. LOUIS - NOR030,14,1.0000000000,23.0000000000,23.0000000000,0,ST LOUIS,ST LOUIS
ST. LOUIS - NOR031,14,1.0000000000,18.0000000000,18.0000000000,0,ST LOUIS,ST LOUIS
ST. LOUIS - NOR032,14,1.0000000000,10.0000000000,10.0000000000,0,ST LOUIS,ST LOUIS
ST. LOUIS - NOR033,14,1.0000000000,8.0000000000,8.0000000000,0,ST LOUIS,ST LOUIS
ST. LOUIS - NOR034,13,0.5000000000,2.0000000000,4.0000000000,0,ST LOUIS,ST LOUIS
ST. LOUIS - NOR034,14,0.5000000000,2.0000000000,4.0000000000,0,ST LOUIS,ST LOUIS
ST. LOUIS - NOR035,14,1.0000000000,3.0000000000,3.0000000000,0,ST LOUIS,ST LOUIS
ST. LOUIS - NOR036,14,1.0000000000,13.0000000000,13.0000000000,0,ST LOUIS,ST LOUIS
ST. LOUIS - NOR037,14,1.0000000000,16.0000000000,16.0000000000,0,ST LOUIS,ST LOUIS
ST. LOUIS - NOR038,14,1.0000000000,1.0000000000,1.0000000000,0,ST LOUIS,ST LOUIS
ST. LOUIS - NOR039,14,1.0000000000,16.0000000000,16.0000000000,0,ST LOUIS,ST LOUIS
ST. LOUIS - NOR040,14,1.0000000000,6.0000000000,6.0000000000,0,ST LOUIS,ST LOUIS
ST. LOUIS - NOR041,14,1.0000000000,10.0000000000,10.0000000000,0,ST LOUIS,ST LOUIS
ST. LOUIS - NOR042,14,1.0000000000,13.0000000000,13.0000000000,0,ST LOUIS,ST LOUIS
ST. LOUIS - NOR043,14,1.0000000000,2.0000000000,2.0000000000,0,ST LOUIS,ST LOUIS
ST. LOUIS - NOR044,13,1.0000000000,27.0000000000,27.0000000000,0,ST LOUIS,ST LOUIS
ST. LOUIS - NOR045,13,0.9600000000,24.0000000000,25.0000000000,0,ST LOUIS,ST LOUIS
ST. LOUIS - NOR045,14,0.0400000000,1.0000000000,25.0000000000,0,ST LOUIS,ST LOUIS
ST. LOUIS - NOR046,14,1.0000000000,3.0000000000,3.0000000000,0,ST LOUIS,ST LOUIS
ST. LOUIS - NOR047,14,1.0000000000,2.0000000000,2.0000000000,0,ST LOUIS,ST LOUIS
ST. LOUIS - NOR048,13,1.0000000000,3.0000000000,3.0000000000,0,ST LOUIS,ST LOUIS
ST. LOUIS - NOR049,14,1.0000000000,2.0000000000,2.0000000000,0,ST LOUIS,ST LOUIS
ST. LOUIS - NOR050,14,1.0000000000,23.0000000000,23.0000000000,0,ST LOUIS,ST LOUIS
ST. LOUIS - NOR051,13,1.0000000000,27.0000000000,27.0000000000,0,ST LOUIS,ST LOUIS
ST. LOUIS - NOR052,14,1.0000000000,8.0000000000,8.0000000000,0,ST LOUIS,ST LOUIS
ST. LOUIS - NOR053,14,1.0000000000,3.0000000000,3.0000000000,0,ST LOUIS,ST LOUIS
ST. LOUIS - NOR054,14,1.0000000000,16.0000000000,16.0000000000,0,ST LOUIS,ST LOUIS
ST. LOUIS - NOR055,14,1.0000000000,12.0000000000,12.0000000000,0,ST LOUIS,ST LOUIS
ST. LOUIS - NOR056,14,1.0000000000,8.0000000000,8.0000000000,0,ST LOUIS,ST LOUIS
ST. LOUIS - NOR200,14,1.0000000000,3.0000000000,3.0000000000,0,ST LOUIS,ST LOUIS
ST. LOUIS - NOR201,14,1.0000000000,2.0000000000,2.0000000000,0,ST LOUIS,ST LOUIS
ST. LOUIS - NOR202,14,1.0000000000,7.0000000000,7.0000000000,0,ST LOUIS,ST LOUIS
ST. LOUIS - NOR203,14,1.0000000000,1.0000000000,1.0000000000,0,ST LOUIS,ST LOUIS
ST. LOUIS - NOR204,14,1.0000000000,6.0000000000,6.0000000000,0,ST LOUIS,ST LOUIS
ST. LOUIS - NOR208,14,1.0000000000,5.0000000000,5.0000000000,0,ST LOUIS,ST LOUIS
ST. LOUIS - NOR213,14,1.0000000000,3.0000000000,3.0000000000,0,ST LOUIS,ST LOUIS
ST. LOUIS - NOR218,13,0.3333333333,2.0000000000,6.0000000000,0,ST LOUIS,ST LOUIS
ST. LOUIS - NOR218,14,0.6666666667,4.0000000000,6.0000000000,0,ST LOUIS,ST LOUIS
ST. LOUIS - NOR222,13,0.2500000000,1.0000000000,4.0000000000,0,ST LOUIS,ST LOUIS
ST. LOUIS - NOR222,14,0.7500000000,3.0000000000,4.0000000000,0,ST LOUIS,ST LOUIS
ST. LOUIS - NRW001,14,1.0000000000,2.0000000000,2.0000000000,0,ST LOUIS,ST LOUIS
ST. LOUIS - NRW002,14,1.0000000000,7.0000000000,7.0000000000,0,ST LOUIS,ST LOUIS
ST. LOUIS - NRW003,14,1.0000000000,9.0000000000,9.0000000000,0,ST LOUIS,ST LOUIS
ST. LOUIS - NRW004,14,1.0000000000,10.0000000000,10.0000000000,0,ST LOUIS,ST LOUIS
ST. LOUIS - NRW005,14,1.0000000000,15.0000000000,15.0000000000,0,ST LOUIS,ST LOUIS
ST. LOUIS - NRW006,14,1.0000000000,8.0000000000,8.0000000000,0,ST LOUIS,ST LOUIS
ST. LOUIS - NRW007,14,1.0000000000,20.0000000000,20.0000000000,0,ST LOUIS,ST LOUIS
ST. LOUIS - NRW008,14,1.0000000000,34.0000000000,34.0000000000,0,ST LOUIS,ST LOUIS
ST. LOUIS - NRW009,14,1.0000000000,1.0000000000,1.0000000000,0,ST LOUIS,ST LOUIS
ST. LOUIS - NRW010,13,1.0000000000,13.0000000000,13.0000000000,0,ST LOUIS,ST LOUIS
ST. LOUIS - NRW011,13,1.0000000000,25.0000000000,25.0000000000,0,ST LOUIS,ST LOUIS
ST. LOUIS - NRW012,13,1.0000000000,1.0000000000,1.0000000000,0,ST LOUIS,ST LOUIS
ST. LOUIS - NRW013,13,1.0000000000,11.0000000000,11.0000000000,0,ST LOUIS,ST LOUIS
ST. LOUIS - NRW014,13,1.0000000000,4.0000000000,4.0000000000,0,ST LOUIS,ST LOUIS
ST. LOUIS - NRW015,14,1.0000000000,13.0000000000,13.0000000000,0,ST LOUIS,ST LOUIS
ST. LOUIS - NRW016,13,1.0000000000,1.0000000000,1.0000000000,0,ST LOUIS,ST LOUIS
ST. LOUIS - NRW017,14,1.0000000000,22.0000000000,22.0000000000,0,ST LOUIS,ST LOUIS
ST. LOUIS - NRW018,13,1.0000000000,11.0000000000,11.0000000000,0,ST LOUIS,ST LOUIS
ST. LOUIS - NRW019,14,1.0000000000,28.0000000000,28.0000000000,0,ST LOUIS,ST LOUIS
ST. LOUIS - NRW020,13,1.0000000000,1.0000000000,1.0000000000,0,ST LOUIS,ST LOUIS
ST. LOUIS - NRW021,14,1.0000000000,42.0000000000,42.0000000000,0,ST LOUIS,ST LOUIS
ST. LOUIS - NRW022,13,1.0000000000,8.0000000000,8.0000000000,0,ST LOUIS,ST LOUIS
ST. LOUIS - NRW023,13,1.0000000000,10.0000000000,10.0000000000,0,ST LOUIS,ST LOUIS
ST. LOUIS - NRW024,13,1.0000000000,1.0000000000,1.0000000000,0,ST LOUIS,ST LOUIS
ST. LOUIS - NRW025,14,1.0000000000,19.0000000000,19.0000000000,0,ST LOUIS,ST LOUIS
ST. LOUIS - NRW026,14,1.0000000000,11.0000000000,11.0000000000,0,ST LOUIS,ST LOUIS
ST. LOUIS - NRW027,14,1.0000000000,3.0000000000,3.0000000000,0,ST LOUIS,ST LOUIS
ST. LOUIS - NRW028,13,0.0625000000,1.0000000000,16.0000000000,0,ST LOUIS,ST LOUIS
ST. LOUIS - NRW028,14,0.9375000000,15.0000000000,16.0000000000,0,ST LOUIS,ST LOUIS
ST. LOUIS - NRW029,14,1.0000000000,21.0000000000,21.0000000000,0,ST LOUIS,ST LOUIS
ST. LOUIS - NRW030,13,0.9000000000,18.0000000000,20.0000000000,0,ST LOUIS,ST LOUIS
ST. LOUIS - NRW030,14,0.1000000000,2.0000000000,20.0000000000,0,ST LOUIS,ST LOUIS
ST. LOUIS - NRW031,13,1.0000000000,1.0000000000,1.0000000000,0,ST LOUIS,ST LOUIS
ST. LOUIS - NRW032,14,1.0000000000,13.0000000000,13.0000000000,0,ST LOUIS,ST LOUIS
ST. LOUIS - NRW033,13,1.0000000000,3.0000000000,3.0000000000,0,ST LOUIS,ST LOUIS
ST. LOUIS - NRW034,13,1.0000000000,7.0000000000,7.0000000000,0,ST LOUIS,ST LOUIS
ST. LOUIS - NRW035,13,1.0000000000,2.0000000000,2.0000000000,0,ST LOUIS,ST LOUIS
ST. LOUIS - NRW036,13,1.0000000000,8.0000000000,8.0000000000,0,ST LOUIS,ST LOUIS
ST. LOUIS - NRW037,13,1.0000000000,15.0000000000,15.0000000000,0,ST LOUIS,ST LOUIS
ST. LOUIS - NRW038,13,1.0000000000,6.0000000000,6.0000000000,0,ST LOUIS,ST LOUIS
ST. LOUIS - NRW039,13,1.0000000000,16.0000000000,16.0000000000,0,ST LOUIS,ST LOUIS
ST. LOUIS - NRW040,13,1.0000000000,14.0000000000,14.0000000000,0,ST LOUIS,ST LOUIS
ST. LOUIS - NRW041,13,1.0000000000,20.0000000000,20.0000000000,0,ST LOUIS,ST LOUIS
ST. LOUIS - NRW042,13,1.0000000000,26.0000000000,26.0000000000,0,ST LOUIS,ST LOUIS
ST. LOUIS - NRW043,13,1.0000000000,28.0000000000,28.0000000000,0,ST LOUIS,ST LOUIS
ST. LOUIS - NRW044,13,1.0000000000,5.0000000000,5.0000000000,0,ST LOUIS,ST LOUIS
ST. LOUIS - NRW045,13,1.0000000000,2.0000000000,2.0000000000,0,ST LOUIS,ST LOUIS
ST. LOUIS - NRW046,13,1.0000000000,20.0000000000,20.0000000000,0,ST LOUIS,ST LOUIS
ST. LOUIS - NRW047,13,1.0000000000,24.0000000000,24.0000000000,0,ST LOUIS,ST LOUIS
ST. LOUIS - NRW048,13,1.0000000000,22.0000000000,22.0000000000,0,ST LOUIS,ST LOUIS
ST. LOUIS - NRW049,13,1.0000000000,6.0000000000,6.0000000000,0,ST LOUIS,ST LOUIS
ST. LOUIS - NRW050,13,1.0000000000,10.0000000000,10.0000000000,0,ST LOUIS,ST LOUIS
ST. LOUIS - NRW051,13,1.0000000000,16.0000000000,16.0000000000,0,ST LOUIS,ST LOUIS
ST. LOUIS - NRW200,14,1.0000000000,6.0000000000,6.0000000000,0,ST LOUIS,ST LOUIS
ST. LOUIS - NRW201,13,1.0000000000,1.0000000000,1.0000000000,0,ST LOUIS,ST LOUIS
ST. LOUIS - NRW202,14,1.0000000000,2.0000000000,2.0000000000,0,ST LOUIS,ST LOUIS
ST. LOUIS - NRW203,13,1.0000000000,4.0000000000,4.0000000000,0,ST LOUIS,ST LOUIS
ST. LOUIS - NRW204,13,0.5000000000,1.0000000000,2.0000000000,0,ST LOUIS,ST LOUIS
ST. LOUIS - NRW204,14,0.5000000000,1.0000000000,2.0000000000,0,ST LOUIS,ST LOUIS
ST. LOUIS - NRW205,13,1.0000000000,10.0000000000,10.0000000000,0,ST LOUIS,ST LOUIS
ST. LOUIS - NW1604,13,1.0000000000,4.0000000000,4.0000000000,0,ST LOUIS,ST LOUIS
ST. LOUIS - OAK001,1,1.0000000000,12.0000000000,12.0000000000,0,ST LOUIS,ST LOUIS
ST. LOUIS - OAK002,1,1.0000000000,26.0000000000,26.0000000000,0,ST LOUIS,ST LOUIS
ST. LOUIS - OAK003,1,1.0000000000,14.0000000000,14.0000000000,0,ST LOUIS,ST LOUIS
ST. LOUIS - OAK004,1,1.0000000000,3.0000000000,3.0000000000,0,ST LOUIS,ST LOUIS
ST. LOUIS - OAK005,1,1.0000000000,17.0000000000,17.0000000000,0,ST LOUIS,ST LOUIS
ST. LOUIS - OAK006,1,1.0000000000,11.0000000000,11.0000000000,0,ST LOUIS,ST LOUIS
ST. LOUIS - OAK007,1,1.0000000000,9.0000000000,9.0000000000,0,ST LOUIS,ST LOUIS
ST. LOUIS - OAK008,1,1.0000000000,9.0000000000,9.0000000000,0,ST LOUIS,ST LOUIS
ST. LOUIS - OAK009,1,1.0000000000,9.0000000000,9.0000000000,0,ST LOUIS,ST LOUIS
ST. LOUIS - OAK010,1,1.0000000000,8.0000000000,8.0000000000,0,ST LOUIS,ST LOUIS
ST. LOUIS - OAK011,1,1.0000000000,11.0000000000,11.0000000000,0,ST LOUIS,ST LOUIS
ST. LOUIS - OAK012,1,1.0000000000,17.0000000000,17.0000000000,0,ST LOUIS,ST LOUIS
ST. LOUIS - OAK013,1,1.0000000000,17.0000000000,17.0000000000,0,ST LOUIS,ST LOUIS
ST. LOUIS - OAK014,1,1.0000000000,6.0000000000,6.0000000000,0,ST LOUIS,ST LOUIS
ST. LOUIS - OAK015,1,1.0000000000,26.0000000000,26.0000000000,0,ST LOUIS,ST LOUIS
ST. LOUIS - OAK016,1,1.0000000000,8.0000000000,8.0000000000,0,ST LOUIS,ST LOUIS
ST. LOUIS - OAK017,1,1.0000000000,9.0000000000,9.0000000000,0,ST LOUIS,ST LOUIS
ST. LOUIS - OAK018,1,1.0000000000,2.0000000000,2.0000000000,0,ST LOUIS,ST LOUIS
ST. LOUIS - OAK019,1,1.0000000000,26.0000000000,26.0000000000,0,ST LOUIS,ST LOUIS
ST. LOUIS - OAK020,1,1.0000000000,8.0000000000,8.0000000000,0,ST LOUIS,ST LOUIS
ST. LOUIS - OAK021,1,1.0000000000,8.0000000000,8.0000000000,0,ST LOUIS,ST LOUIS
ST. LOUIS - OAK022,1,1.0000000000,7.0000000000,7.0000000000,0,ST LOUIS,ST LOUIS
ST. LOUIS - OAK023,1,1.0000000000,9.0000000000,9.0000000000,0,ST LOUIS,ST LOUIS
ST. LOUIS - OAK024,1,1.0000000000,12.0000000000,12.0000000000,0,ST LOUIS,ST LOUIS
ST. LOUIS - OAK025,1,1.0000000000,6.0000000000,6.0000000000,0,ST LOUIS,ST LOUIS
ST. LOUIS - OAK026,1,1.0000000000,7.0000000000,7.0000000000,0,ST LOUIS,ST LOUIS
ST. LOUIS - OAK027,1,1.0000000000,7.0000000000,7.0000000000,0,ST LOUIS,ST LOUIS
ST. LOUIS - OAK028,1,1.0000000000,6.0000000000,6.0000000000,0,ST LOUIS,ST LOUIS
ST. LOUIS - OAK029,1,1.0000000000,2.0000000000,2.0000000000,0,ST LOUIS,ST LOUIS
ST. LOUIS - QUE001,15,1.0000000000,17.0000000000,17.0000000000,0,ST LOUIS,ST LOUIS
ST. LOUIS - QUE002,15,1.0000000000,10.0000000000,10.0000000000,0,ST LOUIS,ST LOUIS
ST. LOUIS - QUE003,15,1.0000000000,7.0000000000,7.0000000000,0,ST LOUIS,ST LOUIS
ST. LOUIS - QUE004,15,1.0000000000,9.0000000000,9.0000000000,0,ST LOUIS,ST LOUIS
ST. LOUIS - QUE005,15,1.0000000000,5.0000000000,5.0000000000,0,ST LOUIS,ST LOUIS
ST. LOUIS - QUE006,24,1.0000000000,15.0000000000,15.0000000000,0,ST LOUIS,ST LOUIS
ST. LOUIS - QUE007,15,1.0000000000,10.0000000000,10.0000000000,0,ST LOUIS,ST LOUIS
ST. LOUIS - QUE008,24,1.0000000000,16.0000000000,16.0000000000,0,ST LOUIS,ST LOUIS
ST. LOUIS - QUE009,24,1.0000000000,8.0000000000,8.0000000000,0,ST LOUIS,ST LOUIS
ST. LOUIS - QUE010,15,1.0000000000,6.0000000000,6.0000000000,0,ST LOUIS,ST LOUIS
ST. LOUIS - QUE011,24,1.0000000000,14.0000000000,14.0000000000,0,ST LOUIS,ST LOUIS
ST. LOUIS - QUE012,15,1.0000000000,6.0000000000,6.0000000000,0,ST LOUIS,ST LOUIS
ST. LOUIS - QUE013,15,1.0000000000,2.0000000000,2.0000000000,0,ST LOUIS,ST LOUIS
ST. LOUIS - QUE014,15,1.0000000000,2.0000000000,2.0000000000,0,ST LOUIS,ST LOUIS
ST. LOUIS - QUE015,15,1.0000000000,1.0000000000,1.0000000000,0,ST LOUIS,ST LOUIS
ST. LOUIS - QUE016,15,1.0000000000,7.0000000000,7.0000000000,0,ST LOUIS,ST LOUIS
ST. LOUIS - QUE017,24,1.0000000000,62.0000000000,62.0000000000,0,ST LOUIS,ST LOUIS
ST. LOUIS - QUE018,15,1.0000000000,19.0000000000,19.0000000000,0,ST LOUIS,ST LOUIS
ST. LOUIS - QUE019,15,1.0000000000,6.0000000000,6.0000000000,0,ST LOUIS,ST LOUIS
ST. LOUIS - QUE020,24,1.0000000000,19.0000000000,19.0000000000,0,ST LOUIS,ST LOUIS
ST. LOUIS - QUE021,24,1.0000000000,1.0000000000,1.0000000000,0,ST LOUIS,ST LOUIS
ST. LOUIS - QUE022,15,1.0000000000,18.0000000000,18.0000000000,0,ST LOUIS,ST LOUIS
ST. LOUIS - QUE023,15,1.0000000000,12.0000000000,12.0000000000,0,ST LOUIS,ST LOUIS
ST. LOUIS - QUE024,15,1.0000000000,13.0000000000,13.0000000000,0,ST LOUIS,ST LOUIS
ST. LOUIS - QUE025,24,1.0000000000,1.0000000000,1.0000000000,0,ST LOUIS,ST LOUIS
ST. LOUIS - QUE026,15,1.0000000000,9.0000000000,9.0000000000,0,ST LOUIS,ST LOUIS
ST. LOUIS - QUE027,15,1.0000000000,4.0000000000,4.0000000000,0,ST LOUIS,ST LOUIS
ST. LOUIS - QUE028,15,0.3333333333,1.0000000000,3.0000000000,0,ST LOUIS,ST LOUIS
ST. LOUIS - QUE028,24,0.6666666667,2.0000000000,3.0000000000,0,ST LOUIS,ST LOUIS
ST. LOUIS - QUE029,15,1.0000000000,17.0000000000,17.0000000000,0,ST LOUIS,ST LOUIS
ST. LOUIS - QUE030,15,1.0000000000,5.0000000000,5.0000000000,0,ST LOUIS,ST LOUIS
ST. LOUIS - QUE031,15,1.0000000000,4.0000000000,4.0000000000,0,ST LOUIS,ST LOUIS
ST. LOUIS - QUE032,15,0.7500000000,6.0000000000,8.0000000000,0,ST LOUIS,ST LOUIS
ST. LOUIS - QUE032,24,0.2500000000,2.0000000000,8.0000000000,0,ST LOUIS,ST LOUIS
ST. LOUIS - QUE033,24,1.0000000000,3.0000000000,3.0000000000,0,ST LOUIS,ST LOUIS
ST. LOUIS - QUE034,24,1.0000000000,4.0000000000,4.0000000000,0,ST LOUIS,ST LOUIS
ST. LOUIS - QUE035,15,0.0500000000,1.0000000000,20.0000000000,0,ST LOUIS,ST LOUIS
ST. LOUIS - QUE035,24,0.9500000000,19.0000000000,20.0000000000,0,ST LOUIS,ST LOUIS
ST. LOUIS - QUE036,15,0.8750000000,7.0000000000,8.0000000000,0,ST LOUIS,ST LOUIS
ST. LOUIS - QUE036,24,0.1250000000,1.0000000000,8.0000000000,0,ST LOUIS,ST LOUIS
ST. LOUIS - QUE037,15,1.0000000000,7.0000000000,7.0000000000,0,ST LOUIS,ST LOUIS
ST. LOUIS - QUE038,24,1.0000000000,8.0000000000,8.0000000000,0,ST LOUIS,ST LOUIS
ST. LOUIS - QUE039,15,0.9000000000,9.0000000000,10.0000000000,0,ST LOUIS,ST LOUIS
ST. LOUIS - QUE039,24,0.1000000000,1.0000000000,10.0000000000,0,ST LOUIS,ST LOUIS
ST. LOUIS - QUE040,24,1.0000000000,7.0000000000,7.0000000000,0,ST LOUIS,ST LOUIS
ST. LOUIS - QUE041,15,1.0000000000,2.0000000000,2.0000000000,0,ST LOUIS,ST LOUIS
ST. LOUIS - QUE042,24,1.0000000000,15.0000000000,15.0000000000,0,ST LOUIS,ST LOUIS
ST. LOUIS - QUE043,15,1.0000000000,10.0000000000,10.0000000000,0,ST LOUIS,ST LOUIS
ST. LOUIS - QUE044,15,1.0000000000,14.0000000000,14.0000000000,0,ST LOUIS,ST LOUIS
ST. LOUIS - QUE045,15,1.0000000000,10.0000000000,10.0000000000,0,ST LOUIS,ST LOUIS
ST. LOUIS - QUE046,24,1.0000000000,3.0000000000,3.0000000000,0,ST LOUIS,ST LOUIS
ST. LOUIS - QUE047,15,1.0000000000,1.0000000000,1.0000000000,0,ST LOUIS,ST LOUIS
ST. LOUIS - QUE048,15,1.0000000000,2.0000000000,2.0000000000,0,ST LOUIS,ST LOUIS
ST. LOUIS - QUE049,24,1.0000000000,5.0000000000,5.0000000000,0,ST LOUIS,ST LOUIS
ST. LOUIS - QUE200,24,1.0000000000,8.0000000000,8.0000000000,0,ST LOUIS,ST LOUIS
ST. LOUIS - QUE201,24,1.0000000000,1.0000000000,1.0000000000,0,ST LOUIS,ST LOUIS
ST. LOUIS - QUE202,24,1.0000000000,10.0000000000,10.0000000000,0,ST LOUIS,ST LOUIS
ST. LOUIS - QUE203,24,1.0000000000,13.0000000000,13.0000000000,0,ST LOUIS,ST LOUIS
ST. LOUIS - QUE204,15,1.0000000000,4.0000000000,4.0000000000,0,ST LOUIS,ST LOUIS
ST. LOUIS - QUE205,24,1.0000000000,2.0000000000,2.0000000000,0,ST LOUIS,ST LOUIS
ST. LOUIS - QUE207,15,1.0000000000,1.0000000000,1.0000000000,0,ST LOUIS,ST LOUIS
ST. LOUIS - QUE208,15,1.0000000000,1.0000000000,1.0000000000,0,ST LOUIS,ST LOUIS
ST. LOUIS - QUE209,24,1.0000000000,2.0000000000,2.0000000000,0,ST LOUIS,ST LOUIS
ST. LOUIS - QUE210,15,1.0000000000,5.0000000000,5.0000000000,0,ST LOUIS,ST LOUIS
ST. LOUIS - QUE211,15,1.0000000000,1.0000000000,1.0000000000,0,ST LOUIS,ST LOUIS
ST. LOUIS - QUE213,24,1.0000000000,17.0000000000,17.0000000000,0,ST LOUIS,ST LOUIS
ST. LOUIS - SPL001,13,1.0000000000,21.0000000000,21.0000000000,0,ST LOUIS,ST LOUIS
ST. LOUIS - SPL002,13,1.0000000000,19.0000000000,19.0000000000,0,ST LOUIS,ST LOUIS
ST. LOUIS - SPL003,13,1.0000000000,40.0000000000,40.0000000000,0,ST LOUIS,ST LOUIS
ST. LOUIS - SPL004,13,1.0000000000,27.0000000000,27.0000000000,0,ST LOUIS,ST LOUIS
ST. LOUIS - SPL005,13,1.0000000000,13.0000000000,13.0000000000,0,ST LOUIS,ST LOUIS
ST. LOUIS - SPL006,13,1.0000000000,4.0000000000,4.0000000000,0,ST LOUIS,ST LOUIS
ST. LOUIS - SPL007,13,1.0000000000,21.0000000000,21.0000000000,0,ST LOUIS,ST LOUIS
ST. LOUIS - SPL008,13,1.0000000000,5.0000000000,5.0000000000,0,ST LOUIS,ST LOUIS
ST. LOUIS - SPL009,13,1.0000000000,5.0000000000,5.0000000000,0,ST LOUIS,ST LOUIS
ST. LOUIS - SPL010,13,1.0000000000,15.0000000000,15.0000000000,0,ST LOUIS,ST LOUIS
ST. LOUIS - SPL011,13,1.0000000000,10.0000000000,10.0000000000,0,ST LOUIS,ST LOUIS
ST. LOUIS - SPL012,13,1.0000000000,16.0000000000,16.0000000000,0,ST LOUIS,ST LOUIS
ST. LOUIS - SPL013,13,1.0000000000,15.0000000000,15.0000000000,0,ST LOUIS,ST LOUIS
ST. LOUIS - SPL014,13,1.0000000000,9.0000000000,9.0000000000,0,ST LOUIS,ST LOUIS
ST. LOUIS - SPL015,13,1.0000000000,13.0000000000,13.0000000000,0,ST LOUIS,ST LOUIS
ST. LOUIS - SPL016,13,1.0000000000,13.0000000000,13.0000000000,0,ST LOUIS,ST LOUIS
ST. LOUIS - SPL017,13,1.0000000000,9.0000000000,9.0000000000,0,ST LOUIS,ST LOUIS
ST. LOUIS - SPL018,13,1.0000000000,10.0000000000,10.0000000000,0,ST LOUIS,ST LOUIS
ST. LOUIS - SPL019,13,1.0000000000,16.0000000000,16.0000000000,0,ST LOUIS,ST LOUIS
ST. LOUIS - SPL020,13,1.0000000000,7.0000000000,7.0000000000,0,ST LOUIS,ST LOUIS
ST. LOUIS - SPL021,13,1.0000000000,4.0000000000,4.0000000000,0,ST LOUIS,ST LOUIS
ST. LOUIS - SPL022,13,1.0000000000,8.0000000000,8.0000000000,0,ST LOUIS,ST LOUIS
ST. LOUIS - SPL023,13,1.0000000000,19.0000000000,19.0000000000,0,ST LOUIS,ST LOUIS
ST. LOUIS - SPL024,13,1.0000000000,17.0000000000,17.0000000000,0,ST LOUIS,ST LOUIS
ST. LOUIS - SPL025,13,1.0000000000,7.0000000000,7.0000000000,0,ST LOUIS,ST LOUIS
ST. LOUIS - SPL026,13,1.0000000000,18.0000000000,18.0000000000,0,ST LOUIS,ST LOUIS
ST. LOUIS - SPL027,13,1.0000000000,14.0000000000,14.0000000000,0,ST LOUIS,ST LOUIS
ST. LOUIS - SPL028,13,1.0000000000,16.0000000000,16.0000000000,0,ST LOUIS,ST LOUIS
ST. LOUIS - SPL201,13,1.0000000000,1.0000000000,1.0000000000,0,ST LOUIS,ST LOUIS
ST. LOUIS - SPL202,13,1.0000000000,2.0000000000,2.0000000000,0,ST LOUIS,ST LOUIS
ST. LOUIS - SPL207,13,1.0000000000,3.0000000000,3.0000000000,0,ST LOUIS,ST LOUIS
ST. LOUIS - SPL208,13,1.0000000000,1.0000000000,1.0000000000,0,ST LOUIS,ST LOUIS
ST. LOUIS - TSF001,24,1.0000000000,4.0000000000,4.0000000000,0,ST LOUIS,ST LOUIS
ST. LOUIS - TSF002,24,1.0000000000,15.0000000000,15.0000000000,0,ST LOUIS,ST LOUIS
ST. LOUIS - TSF003,1,1.0000000000,13.0000000000,13.0000000000,0,ST LOUIS,ST LOUIS
ST. LOUIS - TSF004,1,1.0000000000,7.0000000000,7.0000000000,0,ST LOUIS,ST LOUIS
ST. LOUIS - TSF005,24,1.0000000000,6.0000000000,6.0000000000,0,ST LOUIS,ST LOUIS
ST. LOUIS - TSF006,1,1.0000000000,10.0000000000,10.0000000000,0,ST LOUIS,ST LOUIS
ST. LOUIS - TSF007,1,1.0000000000,20.0000000000,20.0000000000,0,ST LOUIS,ST LOUIS
ST. LOUIS - TSF008,1,1.0000000000,4.0000000000,4.0000000000,0,ST LOUIS,ST LOUIS
ST. LOUIS - TSF009,24,1.0000000000,9.0000000000,9.0000000000,0,ST LOUIS,ST LOUIS
ST. LOUIS - TSF010,1,1.0000000000,11.0000000000,11.0000000000,0,ST LOUIS,ST LOUIS
ST. LOUIS - TSF011,1,1.0000000000,18.0000000000,18.0000000000,0,ST LOUIS,ST LOUIS
ST. LOUIS - TSF012,1,1.0000000000,10.0000000000,10.0000000000,0,ST LOUIS,ST LOUIS
ST. LOUIS - TSF013,1,1.0000000000,3.0000000000,3.0000000000,0,ST LOUIS,ST LOUIS
ST. LOUIS - TSF014,1,0.7500000000,6.0000000000,8.0000000000,0,ST LOUIS,ST LOUIS
ST. LOUIS - TSF014,24,0.2500000000,2.0000000000,8.0000000000,0,ST LOUIS,ST LOUIS
ST. LOUIS - TSF015,24,1.0000000000,9.0000000000,9.0000000000,0,ST LOUIS,ST LOUIS
ST. LOUIS - TSF016,24,1.0000000000,12.0000000000,12.0000000000,0,ST LOUIS,ST LOUIS
ST. LOUIS - TSF017,24,1.0000000000,12.0000000000,12.0000000000,0,ST LOUIS,ST LOUIS
ST. LOUIS - TSF018,1,1.0000000000,30.0000000000,30.0000000000,0,ST LOUIS,ST LOUIS
ST. LOUIS - TSF019,1,1.0000000000,16.0000000000,16.0000000000,0,ST LOUIS,ST LOUIS
ST. LOUIS - TSF020,24,1.0000000000,7.0000000000,7.0000000000,0,ST LOUIS,ST LOUIS
ST. LOUIS - TSF021,1,1.0000000000,17.0000000000,17.0000000000,0,ST LOUIS,ST LOUIS
ST. LOUIS - TSF022,1,1.0000000000,16.0000000000,16.0000000000,0,ST LOUIS,ST LOUIS
ST. LOUIS - TSF023,1,1.0000000000,14.0000000000,14.0000000000,0,ST LOUIS,ST LOUIS
ST. LOUIS - TSF024,1,0.8000000000,12.0000000000,15.0000000000,0,ST LOUIS,ST LOUIS
ST. LOUIS - TSF024,24,0.2000000000,3.0000000000,15.0000000000,0,ST LOUIS,ST LOUIS
ST. LOUIS - TSF025,1,0.1000000000,1.0000000000,10.0000000000,0,ST LOUIS,ST LOUIS
ST. LOUIS - TSF025,24,0.9000000000,9.0000000000,10.0000000000,0,ST LOUIS,ST LOUIS
ST. LOUIS - TSF026,1,1.0000000000,7.0000000000,7.0000000000,0,ST LOUIS,ST LOUIS
ST. LOUIS - TSF027,24,1.0000000000,4.0000000000,4.0000000000,0,ST LOUIS,ST LOUIS
ST. LOUIS - TSF201,1,1.0000000000,2.0000000000,2.0000000000,0,ST LOUIS,ST LOUIS
ST. LOUIS - UNV001,14,1.0000000000,20.0000000000,20.0000000000,0,ST LOUIS,ST LOUIS
ST. LOUIS - UNV002,14,1.0000000000,3.0000000000,3.0000000000,0,ST LOUIS,ST LOUIS
ST. LOUIS - UNV003,14,1.0000000000,14.0000000000,14.0000000000,0,ST LOUIS,ST LOUIS
ST. LOUIS - UNV004,14,1.0000000000,19.0000000000,19.0000000000,0,ST LOUIS,ST LOUIS
ST. LOUIS - UNV005,14,1.0000000000,3.0000000000,3.0000000000,0,ST LOUIS,ST LOUIS
ST. LOUIS - UNV006,14,1.0000000000,7.0000000000,7.0000000000,0,ST LOUIS,ST LOUIS
ST. LOUIS - UNV007,14,1.0000000000,9.0000000000,9.0000000000,0,ST LOUIS,ST LOUIS
ST. LOUIS - UNV008,14,1.0000000000,13.0000000000,13.0000000000,0,ST LOUIS,ST LOUIS
ST. LOUIS - UNV009,14,1.0000000000,15.0000000000,15.0000000000,0,ST LOUIS,ST LOUIS
ST. LOUIS - UNV010,14,1.0000000000,22.0000000000,22.0000000000,0,ST LOUIS,ST LOUIS
ST. LOUIS - UNV011,14,1.0000000000,10.0000000000,10.0000000000,0,ST LOUIS,ST LOUIS
ST. LOUIS - UNV012,14,1.0000000000,20.0000000000,20.0000000000,0,ST LOUIS,ST LOUIS
ST. LOUIS - UNV013,14,1.0000000000,1.0000000000,1.0000000000,0,ST LOUIS,ST LOUIS
ST. LOUIS - UNV014,14,1.0000000000,30.0000000000,30.0000000000,0,ST LOUIS,ST LOUIS
ST. LOUIS - UNV015,14,1.0000000000,21.0000000000,21.0000000000,0,ST LOUIS,ST LOUIS
ST. LOUIS - UNV016,14,1.0000000000,12.0000000000,12.0000000000,0,ST LOUIS,ST LOUIS
ST. LOUIS - UNV017,14,1.0000000000,31.0000000000,31.0000000000,0,ST LOUIS,ST LOUIS
ST. LOUIS - UNV018,14,1.0000000000,5.0000000000,5.0000000000,0,ST LOUIS,ST LOUIS
ST. LOUIS - UNV019,14,1.0000000000,20.0000000000,20.0000000000,0,ST LOUIS,ST LOUIS
ST. LOUIS - UNV020,14,1.0000000000,6.0000000000,6.0000000000,0,ST LOUIS,ST LOUIS
ST. LOUIS - UNV021,14,1.0000000000,20.0000000000,20.0000000000,0,ST LOUIS,ST LOUIS
ST. LOUIS - UNV022,14,1.0000000000,1.0000000000,1.0000000000,0,ST LOUIS,ST LOUIS
ST. LOUIS - UNV023,14,1.0000000000,24.0000000000,24.0000000000,0,ST LOUIS,ST LOUIS
ST. LOUIS - UNV024,14,1.0000000000,15.0000000000,15.0000000000,0,ST LOUIS,ST LOUIS
ST. LOUIS - UNV025,14,1.0000000000,32.0000000000,32.0000000000,0,ST LOUIS,ST LOUIS
ST. LOUIS - UNV026,14,1.0000000000,19.0000000000,19.0000000000,0,ST LOUIS,ST LOUIS
ST. LOUIS - UNV027,14,1.0000000000,21.0000000000,21.0000000000,0,ST LOUIS,ST LOUIS
ST. LOUIS - UNV028,14,1.0000000000,23.0000000000,23.0000000000,0,ST LOUIS,ST LOUIS
ST. LOUIS - UNV029,14,1.0000000000,23.0000000000,23.0000000000,0,ST LOUIS,ST LOUIS
ST. LOUIS - UNV030,14,1.0000000000,13.0000000000,13.0000000000,0,ST LOUIS,ST LOUIS
ST. LOUIS - UNV031,14,1.0000000000,14.0000000000,14.0000000000,0,ST LOUIS,ST LOUIS
ST. LOUIS - UNV032,14,1.0000000000,3.0000000000,3.0000000000,0,ST LOUIS,ST LOUIS
ST. LOUIS - UNV033,14,1.0000000000,11.0000000000,11.0000000000,0,ST LOUIS,ST LOUIS
ST. LOUIS - UNV034,14,1.0000000000,2.0000000000,2.0000000000,0,ST LOUIS,ST LOUIS
ST. LOUIS - UNV035,14,1.0000000000,20.0000000000,20.0000000000,0,ST LOUIS,ST LOUIS
ST. LOUIS - UNV036,14,1.0000000000,24.0000000000,24.0000000000,0,ST LOUIS,ST LOUIS
ST. LOUIS - UNV037,14,1.0000000000,21.0000000000,21.0000000000,0,ST LOUIS,ST LOUIS
ST. LOUIS - UNV038,14,1.0000000000,7.0000000000,7.0000000000,0,ST LOUIS,ST LOUIS
ST. LOUIS - UNV039,14,1.0000000000,3.0000000000,3.0000000000,0,ST LOUIS,ST LOUIS
ST. LOUIS - UNV040,14,1.0000000000,19.0000000000,19.0000000000,0,ST LOUIS,ST LOUIS
ST. LOUIS - UNV041,14,1.0000000000,15.0000000000,15.0000000000,0,ST LOUIS,ST LOUIS
ST. LOUIS - UNV042,14,1.0000000000,9.0000000000,9.0000000000,0,ST LOUIS,ST LOUIS
ST. LOUIS - UNV043,14,1.0000000000,9.0000000000,9.0000000000,0,ST LOUIS,ST LOUIS
ST. LOUIS - UNV045,14,1.0000000000,12.0000000000,12.0000000000,0,ST LOUIS,ST LOUIS
ST. LOUIS - UNV201,14,1.0000000000,2.0000000000,2.0000000000,0,ST LOUIS,ST LOUIS
ST. LOUIS - UNV202,14,1.0000000000,2.0000000000,2.0000000000,0,ST LOUIS,ST LOUIS
ST. LOUIS - UNV205,14,1.0000000000,5.0000000000,5.0000000000,0,ST LOUIS,ST LOUIS
ST. LOUIS - UNV206,14,1.0000000000,4.0000000000,4.0000000000,0,ST LOUIS,ST LOUIS
ST. LOUIS - UNV208,14,1.0000000000,1.0000000000,1.0000000000,0,ST LOUIS,ST LOUIS
ST. LOUIS CITY - 000003,5,1.0000000000,39.0000000000,39.0000000000,0,ST LOUIS CITY,ST LOUIS CITY
ST. LOUIS CITY - 000004,5,1.0000000000,36.0000000000,36.0000000000,0,ST LOUIS CITY,ST LOUIS CITY
ST. LOUIS CITY - 000005,5,1.0000000000,44.0000000000,44.0000000000,0,ST LOUIS CITY,ST LOUIS CITY
ST. LOUIS CITY - 000006,5,1.0000000000,43.0000000000,43.0000000000,0,ST LOUIS CITY,ST LOUIS CITY
ST. LOUIS CITY - 000007,5,1.0000000000,27.0000000000,27.0000000000,0,ST LOUIS CITY,ST LOUIS CITY
ST. LOUIS CITY - 000008,5,1.0000000000,4.0000000000,4.0000000000,0,ST LOUIS CITY,ST LOUIS CITY
ST. LOUIS CITY - 000010,5,1.0000000000,133.0000000000,133.0000000000,0,ST LOUIS CITY,ST LOUIS CITY
ST. LOUIS CITY - 000011,5,1.0000000000,41.0000000000,41.0000000000,0,ST LOUIS CITY,ST LOUIS CITY
ST. LOUIS CITY - 000012,5,1.0000000000,69.0000000000,69.0000000000,0,ST LOUIS CITY,ST LOUIS CITY
ST. LOUIS CITY - 000014,5,1.0000000000,21.0000000000,21.0000000000,0,ST LOUIS CITY,ST LOUIS CITY
ST. LOUIS CITY - 000017,5,1.0000000000,51.0000000000,51.0000000000,0,ST LOUIS CITY,ST LOUIS CITY
ST. LOUIS CITY - 000019,5,1.0000000000,84.0000000000,84.0000000000,0,ST LOUIS CITY,ST LOUIS CITY
ST. LOUIS CITY - 000020,5,1.0000000000,41.0000000000,41.0000000000,0,ST LOUIS CITY,ST LOUIS CITY
ST. LOUIS CITY - 000022,5,1.0000000000,57.0000000000,57.0000000000,0,ST LOUIS CITY,ST LOUIS CITY
ST. LOUIS CITY - 000023,5,1.0000000000,36.0000000000,36.0000000000,0,ST LOUIS CITY,ST LOUIS CITY
ST. LOUIS CITY - 000025,5,1.0000000000,58.0000000000,58.0000000000,0,ST LOUIS CITY,ST LOUIS CITY
ST. LOUIS CITY - 000026,5,1.0000000000,36.0000000000,36.0000000000,0,ST LOUIS CITY,ST LOUIS CITY
ST. LOUIS CITY - 000027,5,1.0000000000,15.0000000000,15.0000000000,0,ST LOUIS CITY,ST LOUIS CITY
ST. LOUIS CITY - 000028,5,1.0000000000,27.0000000000,27.0000000000,0,ST LOUIS CITY,ST LOUIS CITY
ST. LOUIS CITY - 000030,5,1.0000000000,35.0000000000,35.0000000000,0,ST LOUIS CITY,ST LOUIS CITY
ST. LOUIS CITY - 000031,5,1.0000000000,6.0000000000,6.0000000000,0,ST LOUIS CITY,ST LOUIS CITY
ST. LOUIS CITY - 000032,5,1.0000000000,62.0000000000,62.0000000000,0,ST LOUIS CITY,ST LOUIS CITY
ST. LOUIS CITY - 000033,5,1.0000000000,45.0000000000,45.0000000000,0,ST LOUIS CITY,ST LOUIS CITY
ST. LOUIS CITY - 000035,5,1.0000000000,97.0000000000,97.0000000000,0,ST LOUIS CITY,ST LOUIS CITY
ST. LOUIS CITY - 000036,5,1.0000000000,31.0000000000,31.0000000000,0,ST LOUIS CITY,ST LOUIS CITY
ST. LOUIS CITY - 000037,5,1.0000000000,83.0000000000,83.0000000000,0,ST LOUIS CITY,ST LOUIS CITY
ST. LOUIS CITY - 000040,5,1.0000000000,33.0000000000,33.0000000000,0,ST LOUIS CITY,ST LOUIS CITY
ST. LOUIS CITY - 000041,5,1.0000000000,16.0000000000,16.0000000000,0,ST LOUIS CITY,ST LOUIS CITY
ST. LOUIS CITY - 000042,5,1.0000000000,41.0000000000,41.0000000000,0,ST LOUIS CITY,ST LOUIS CITY
ST. LOUIS CITY - 000043,5,1.0000000000,49.0000000000,49.0000000000,0,ST LOUIS CITY,ST LOUIS CITY
ST. LOUIS CITY - 000044,5,1.0000000000,69.0000000000,69.0000000000,0,ST LOUIS CITY,ST LOUIS CITY
ST. LOUIS CITY - 000045,5,1.0000000000,28.0000000000,28.0000000000,0,ST LOUIS CITY,ST LOUIS CITY
ST. LOUIS CITY - 000046,5,1.0000000000,46.0000000000,46.0000000000,0,ST LOUIS CITY,ST LOUIS CITY
ST. LOUIS CITY - 000047,5,1.0000000000,35.0000000000,35.0000000000,0,ST LOUIS CITY,ST LOUIS CITY
ST. LOUIS CITY - 000048,5,1.0000000000,10.0000000000,10.0000000000,0,ST LOUIS CITY,ST LOUIS CITY
ST. LOUIS CITY - 000049,5,1.0000000000,21.0000000000,21.0000000000,0,ST LOUIS CITY,ST LOUIS CITY
ST. LOUIS CITY - 000050,5,1.0000000000,32.0000000000,32.0000000000,0,ST LOUIS CITY,ST LOUIS CITY
ST. LOUIS CITY - 000051,5,1.0000000000,12.0000000000,12.0000000000,0,ST LOUIS CITY,ST LOUIS CITY
ST. LOUIS CITY - 000052,5,1.0000000000,164.0000000000,164.0000000000,0,ST LOUIS CITY,ST LOUIS CITY
ST. LOUIS CITY - 000053,5,1.0000000000,114.0000000000,114.0000000000,0,ST LOUIS CITY,ST LOUIS CITY
ST. LOUIS CITY - 000054,5,1.0000000000,183.0000000000,183.0000000000,0,ST LOUIS CITY,ST LOUIS CITY
ST. LOUIS CITY - 000056,4,1.0000000000,45.0000000000,45.0000000000,0,ST LOUIS CITY,ST LOUIS CITY
ST. LOUIS CITY - 000057,4,1.0000000000,26.0000000000,26.0000000000,0,ST LOUIS CITY,ST LOUIS CITY
ST. LOUIS CITY - 000058,5,1.0000000000,20.0000000000,20.0000000000,0,ST LOUIS CITY,ST LOUIS CITY
ST. LOUIS CITY - 000059,4,1.0000000000,28.0000000000,28.0000000000,0,ST LOUIS CITY,ST LOUIS CITY
ST. LOUIS CITY - 000060,4,1.0000000000,30.0000000000,30.0000000000,0,ST LOUIS CITY,ST LOUIS CITY
ST. LOUIS CITY - 000061,5,1.0000000000,3.0000000000,3.0000000000,0,ST LOUIS CITY,ST LOUIS CITY
ST. LOUIS CITY - 000062,4,0.7142857143,10.0000000000,14.0000000000,0,ST LOUIS CITY,ST LOUIS CITY
ST. LOUIS CITY - 000062,5,0.2857142857,4.0000000000,14.0000000000,0,ST LOUIS CITY,ST LOUIS CITY
ST. LOUIS CITY - 000063,4,1.0000000000,26.0000000000,26.0000000000,0,ST LOUIS CITY,ST LOUIS CITY
ST. LOUIS CITY - 000064,4,0.9166666667,22.0000000000,24.0000000000,0,ST LOUIS CITY,ST LOUIS CITY
ST. LOUIS CITY - 000064,5,0.0833333333,2.0000000000,24.0000000000,0,ST LOUIS CITY,ST LOUIS CITY
ST. LOUIS CITY - 000066,5,1.0000000000,59.0000000000,59.0000000000,0,ST LOUIS CITY,ST LOUIS CITY
ST. LOUIS CITY - 000067,5,1.0000000000,31.0000000000,31.0000000000,0,ST LOUIS CITY,ST LOUIS CITY
ST. LOUIS CITY - 000068,5,1.0000000000,65.0000000000,65.0000000000,0,ST LOUIS CITY,ST LOUIS CITY
ST. LOUIS CITY - 000069,5,1.0000000000,35.0000000000,35.0000000000,0,ST LOUIS CITY,ST LOUIS CITY
ST. LOUIS CITY - 000070,5,1.0000000000,47.0000000000,47.0000000000,0,ST LOUIS CITY,ST LOUIS CITY
ST. LOUIS CITY - 000072,5,1.0000000000,43.0000000000,43.0000000000,0,ST LOUIS CITY,ST LOUIS CITY
ST. LOUIS CITY - 000073,4,1.0000000000,36.0000000000,36.0000000000,0,ST LOUIS CITY,ST LOUIS CITY
ST. LOUIS CITY - 000074,4,1.0000000000,54.0000000000,54.0000000000,0,ST LOUIS CITY,ST LOUIS CITY
ST. LOUIS CITY - 000075,4,1.0000000000,53.0000000000,53.0000000000,0,ST LOUIS CITY,ST LOUIS CITY
ST. LOUIS CITY - 000076,4,1.0000000000,48.0000000000,48.0000000000,0,ST LOUIS CITY,ST LOUIS CITY
ST. LOUIS CITY - 000077,4,1.0000000000,33.0000000000,33.0000000000,0,ST LOUIS CITY,ST LOUIS CITY
ST. LOUIS CITY - 000078,4,1.0000000000,18.0000000000,18.0000000000,0,ST LOUIS CITY,ST LOUIS CITY
ST. LOUIS CITY - 000079,4,1.0000000000,49.0000000000,49.0000000000,0,ST LOUIS CITY,ST LOUIS CITY
ST. LOUIS CITY - 000080,5,1.0000000000,88.0000000000,88.0000000000,0,ST LOUIS CITY,ST LOUIS CITY
ST. LOUIS CITY - 000081,4,1.0000000000,43.0000000000,43.0000000000,0,ST LOUIS CITY,ST LOUIS CITY
ST. LOUIS CITY - 000082,5,1.0000000000,67.0000000000,67.0000000000,0,ST LOUIS CITY,ST LOUIS CITY
ST. LOUIS CITY - 000083,5,1.0000000000,91.0000000000,91.0000000000,0,ST LOUIS CITY,ST LOUIS CITY
ST. LOUIS CITY - 000084,5,1.0000000000,59.0000000000,59.0000000000,0,ST LOUIS CITY,ST LOUIS CITY
ST. LOUIS CITY - 000085,4,1.0000000000,21.0000000000,21.0000000000,0,ST LOUIS CITY,ST LOUIS CITY
ST. LOUIS CITY - 000086,4,1.0000000000,27.0000000000,27.0000000000,0,ST LOUIS CITY,ST LOUIS CITY
ST. LOUIS CITY - 000087,4,1.0000000000,18.0000000000,18.0000000000,0,ST LOUIS CITY,ST LOUIS CITY
ST. LOUIS CITY - 000088,4,1.0000000000,61.0000000000,61.0000000000,0,ST LOUIS CITY,ST LOUIS CITY
ST. LOUIS CITY - 000089,4,1.0000000000,42.0000000000,42.0000000000,0,ST LOUIS CITY,ST LOUIS CITY
ST. LOUIS CITY - 000090,4,1.0000000000,59.0000000000,59.0000000000,0,ST LOUIS CITY,ST LOUIS CITY
ST. LOUIS CITY - 000091,4,1.0000000000,5.0000000000,5.0000000000,0,ST LOUIS CITY,ST LOUIS CITY
ST. LOUIS CITY - 000092,4,1.0000000000,69.0000000000,69.0000000000,0,ST LOUIS CITY,ST LOUIS CITY
ST. LOUIS CITY - 000093,4,1.0000000000,54.0000000000,54.0000000000,0,ST LOUIS CITY,ST LOUIS CITY
ST. LOUIS CITY - 000094,4,1.0000000000,63.0000000000,63.0000000000,0,ST LOUIS CITY,ST LOUIS CITY
ST. LOUIS CITY - 000095,4,1.0000000000,58.0000000000,58.0000000000,0,ST LOUIS CITY,ST LOUIS CITY
ST. LOUIS CITY - 000096,4,1.0000000000,6.0000000000,6.0000000000,0,ST LOUIS CITY,ST LOUIS CITY
ST. LOUIS CITY - 000097,4,1.0000000000,45.0000000000,45.0000000000,0,ST LOUIS CITY,ST LOUIS CITY
ST. LOUIS CITY - 000098,4,1.0000000000,26.0000000000,26.0000000000,0,ST LOUIS CITY,ST LOUIS CITY
ST. LOUIS CITY - 000099,4,1.0000000000,33.0000000000,33.0000000000,0,ST LOUIS CITY,ST LOUIS CITY
ST. LOUIS CITY - 000100,4,1.0000000000,38.0000000000,38.0000000000,0,ST LOUIS CITY,ST LOUIS CITY
ST. LOUIS CITY - 000101,4,1.0000000000,28.0000000000,28.0000000000,0,ST LOUIS CITY,ST LOUIS CITY
ST. LOUIS CITY - 000102,4,1.0000000000,16.0000000000,16.0000000000,0,ST LOUIS CITY,ST LOUIS CITY
ST. LOUIS CITY - 000103,4,1.0000000000,36.0000000000,36.0000000000,0,ST LOUIS CITY,ST LOUIS CITY
ST. LOUIS CITY - 000104,4,1.0000000000,5.0000000000,5.0000000000,0,ST LOUIS CITY,ST LOUIS CITY
ST. LOUIS CITY - 000105,4,0.9687500000,31.0000000000,32.0000000000,0,ST LOUIS CITY,ST LOUIS CITY
ST. LOUIS CITY - 000105,5,0.0312500000,1.0000000000,32.0000000000,0,ST LOUIS CITY,ST LOUIS CITY
ST. LOUIS CITY - 000106,4,1.0000000000,31.0000000000,31.0000000000,0,ST LOUIS CITY,ST LOUIS CITY
ST. LOUIS CITY - 000107,4,1.0000000000,41.0000000000,41.0000000000,0,ST LOUIS CITY,ST LOUIS CITY
ST. LOUIS CITY - 000108,5,1.0000000000,44.0000000000,44.0000000000,0,ST LOUIS CITY,ST LOUIS CITY
ST. LOUIS CITY - 000109,4,1.0000000000,38.0000000000,38.0000000000,0,ST LOUIS CITY,ST LOUIS CITY
ST. LOUIS CITY - 000111,4,1.0000000000,16.0000000000,16.0000000000,0,ST LOUIS CITY,ST LOUIS CITY
ST. LOUIS CITY - 000112,4,1.0000000000,32.0000000000,32.0000000000,0,ST LOUIS CITY,ST LOUIS CITY
ST. LOUIS CITY - 000113,4,1.0000000000,25.0000000000,25.0000000000,0,ST LOUIS CITY,ST LOUIS CITY
ST. LOUIS CITY - 000115,4,1.0000000000,34.0000000000,34.0000000000,0,ST LOUIS CITY,ST LOUIS CITY
ST. LOUIS CITY - 000116,4,1.0000000000,45.0000000000,45.0000000000,0,ST LOUIS CITY,ST LOUIS CITY
ST. LOUIS CITY - 000117,4,1.0000000000,42.0000000000,42.0000000000,0,ST LOUIS CITY,ST LOUIS CITY
ST. LOUIS CITY - 000118,4,1.0000000000,17.0000000000,17.0000000000,0,ST LOUIS CITY,ST LOUIS CITY
ST. LOUIS CITY - 000119,5,1.0000000000,73.0000000000,73.0000000000,0,ST LOUIS CITY,ST LOUIS CITY
ST. LOUIS CITY - 000122,5,1.0000000000,29.0000000000,29.0000000000,0,ST LOUIS CITY,ST LOUIS CITY
ST. LOUIS CITY - 000124,5,1.0000000000,54.0000000000,54.0000000000,0,ST LOUIS CITY,ST LOUIS CITY
ST. LOUIS CITY - 000125,5,1.0000000000,15.0000000000,15.0000000000,0,ST LOUIS CITY,ST LOUIS CITY
ST. LOUIS CITY - 000126,4,1.0000000000,43.0000000000,43.0000000000,0,ST LOUIS CITY,ST LOUIS CITY
ST. LOUIS CITY - 000127,5,1.0000000000,6.0000000000,6.0000000000,0,ST LOUIS CITY,ST LOUIS CITY
ST. LOUIS CITY - 000128,5,1.0000000000,16.0000000000,16.0000000000,0,ST LOUIS CITY,ST LOUIS CITY
ST. LOUIS CITY - 000130,5,1.0000000000,36.0000000000,36.0000000000,0,ST LOUIS CITY,ST LOUIS CITY
ST. LOUIS CITY - 000131,5,1.0000000000,40.0000000000,40.0000000000,0,ST LOUIS CITY,ST LOUIS CITY
ST. LOUIS CITY - 000133,5,1.0000000000,41.0000000000,41.0000000000,0,ST LOUIS CITY,ST LOUIS CITY
ST. LOUIS CITY - 000134,5,1.0000000000,34.0000000000,34.0000000000,0,ST LOUIS CITY,ST LOUIS CITY
ST. LOUIS CITY - 000135,5,1.0000000000,41.0000000000,41.0000000000,0,ST LOUIS CITY,ST LOUIS CITY
ST. LOUIS CITY - 000136,5,1.0000000000,31.0000000000,31.0000000000,0,ST LOUIS CITY,ST LOUIS CITY
ST. LOUIS CITY - 000139,5,1.0000000000,29.0000000000,29.0000000000,0,ST LOUIS CITY,ST LOUIS CITY
ST. LOUIS CITY - 000140,5,1.0000000000,38.0000000000,38.0000000000,0,ST LOUIS CITY,ST LOUIS CITY
ST. LOUIS CITY - 000141,5,1.0000000000,43.0000000000,43.0000000000,0,ST LOUIS CITY,ST LOUIS CITY
ST. LOUIS CITY - 000142,5,1.0000000000,51.0000000000,51.0000000000,0,ST LOUIS CITY,ST LOUIS CITY
ST. LOUIS CITY - 000143,5,1.0000000000,12.0000000000,12.0000000000,0,ST LOUIS CITY,ST LOUIS CITY
ST. LOUIS CITY - 000144,5,1.0000000000,30.0000000000,30.0000000000,0,ST LOUIS CITY,ST LOUIS CITY
ST. LOUIS CITY - 000145,5,1.0000000000,38.0000000000,38.0000000000,0,ST LOUIS CITY,ST LOUIS CITY
ST. LOUIS CITY - 000146,5,1.0000000000,42.0000000000,42.0000000000,0,ST LOUIS CITY,ST LOUIS CITY
ST. LOUIS CITY - 000147,5,1.0000000000,37.0000000000,37.0000000000,0,ST LOUIS CITY,ST LOUIS CITY
ST. LOUIS CITY - 000148,5,1.0000000000,48.0000000000,48.0000000000,0,ST LOUIS CITY,ST LOUIS CITY
ST. LOUIS CITY - 000149,5,1.0000000000,42.0000000000,42.0000000000,0,ST LOUIS CITY,ST LOUIS CITY
ST. LOUIS CITY - 000150,5,1.0000000000,56.0000000000,56.0000000000,0,ST LOUIS CITY,ST LOUIS CITY
ST. LOUIS CITY - 000151,5,1.0000000000,25.0000000000,25.0000000000,0,ST LOUIS CITY,ST LOUIS CITY
ST. LOUIS CITY - 000152,5,1.0000000000,41.0000000000,41.0000000000,0,ST LOUIS CITY,ST LOUIS CITY
ST. LOUIS CITY - 000153,5,1.0000000000,43.0000000000,43.0000000000,0,ST LOUIS CITY,ST LOUIS CITY
ST. LOUIS CITY - 000154,5,1.0000000000,19.0000000000,19.0000000000,0,ST LOUIS CITY,ST LOUIS CITY
ST. LOUIS CITY - 000155,5,1.0000000000,26.0000000000,26.0000000000,0,ST LOUIS CITY,ST LOUIS CITY
ST. LOUIS CITY - 000156,5,1.0000000000,23.0000000000,23.0000000000,0,ST LOUIS CITY,ST LOUIS CITY
ST. LOUIS CITY - 000157,5,1.0000000000,17.0000000000,17.0000000000,0,ST LOUIS CITY,ST LOUIS CITY
ST. LOUIS CITY - 000158,5,1.0000000000,29.0000000000,29.0000000000,0,ST LOUIS CITY,ST LOUIS CITY
ST. LOUIS CITY - 000159,4,0.1470588235,5.0000000000,34.0000000000,0,ST LOUIS CITY,ST LOUIS CITY
ST. LOUIS CITY - 000159,5,0.8529411765,29.0000000000,34.0000000000,0,ST LOUIS CITY,ST LOUIS CITY
ST. LOUIS CITY - 000160,5,1.0000000000,65.0000000000,65.0000000000,0,ST LOUIS CITY,ST LOUIS CITY
ST. LOUIS CITY - 000161,5,1.0000000000,41.0000000000,41.0000000000,0,ST LOUIS CITY,ST LOUIS CITY
ST. LOUIS CITY - 000162,5,1.0000000000,22.0000000000,22.0000000000,0,ST LOUIS CITY,ST LOUIS CITY
ST. LOUIS CITY - 000163,4,1.0000000000,30.0000000000,30.0000000000,0,ST LOUIS CITY,ST LOUIS CITY
ST. LOUIS CITY - 000164,4,0.8181818182,18.0000000000,22.0000000000,0,ST LOUIS CITY,ST LOUIS CITY
ST. LOUIS CITY - 000164,5,0.1818181818,4.0000000000,22.0000000000,0,ST LOUIS CITY,ST LOUIS CITY
ST. LOUIS CITY - 000165,4,1.0000000000,59.0000000000,59.0000000000,0,ST LOUIS CITY,ST LOUIS CITY
ST. LOUIS CITY - 000166,4,1.0000000000,43.0000000000,43.0000000000,0,ST LOUIS CITY,ST LOUIS CITY
ST. LOUIS CITY - 000167,4,1.0000000000,25.0000000000,25.0000000000,0,ST LOUIS CITY,ST LOUIS CITY
ST. LOUIS CITY - 000168,4,1.0000000000,35.0000000000,35.0000000000,0,ST LOUIS CITY,ST LOUIS CITY
ST. LOUIS CITY - 000169,4,1.0000000000,31.0000000000,31.0000000000,0,ST LOUIS CITY,ST LOUIS CITY
ST. LOUIS CITY - 000170,4,1.0000000000,38.0000000000,38.0000000000,0,ST LOUIS CITY,ST LOUIS CITY
ST. LOUIS CITY - 000171,4,1.0000000000,38.0000000000,38.0000000000,0,ST LOUIS CITY,ST LOUIS CITY
ST. LOUIS CITY - 000172,4,1.0000000000,29.0000000000,29.0000000000,0,ST LOUIS CITY,ST LOUIS CITY
ST. LOUIS CITY - 000174,4,1.0000000000,43.0000000000,43.0000000000,0,ST LOUIS CITY,ST LOUIS CITY
ST. LOUIS CITY - 000175,4,1.0000000000,47.0000000000,47.0000000000,0,ST LOUIS CITY,ST LOUIS CITY
ST. LOUIS CITY - 000176,4,1.0000000000,53.0000000000,53.0000000000,0,ST LOUIS CITY,ST LOUIS CITY
ST. LOUIS CITY - 000177,4,1.0000000000,23.0000000000,23.0000000000,0,ST LOUIS CITY,ST LOUIS CITY
ST. LOUIS CITY - 000178,4,1.0000000000,37.0000000000,37.0000000000,0,ST LOUIS CITY,ST LOUIS CITY
ST. LOUIS CITY - 000179,4,1.0000000000,35.0000000000,35.0000000000,0,ST LOUIS CITY,ST LOUIS CITY
ST. LOUIS CITY - 000180,4,1.0000000000,8.0000000000,8.0000000000,0,ST LOUIS CITY,ST LOUIS CITY
ST. LOUIS CITY - 000182,5,1.0000000000,49.0000000000,49.0000000000,0,ST LOUIS CITY,ST LOUIS CITY
ST. LOUIS CITY - 000183,5,1.0000000000,60.0000000000,60.0000000000,0,ST LOUIS CITY,ST LOUIS CITY
ST. LOUIS CITY - 000184,5,1.0000000000,43.0000000000,43.0000000000,0,ST LOUIS CITY,ST LOUIS CITY
ST. LOUIS CITY - 000185,5,1.0000000000,53.0000000000,53.0000000000,0,ST LOUIS CITY,ST LOUIS CITY
ST. LOUIS CITY - 000186,5,1.0000000000,21.0000000000,21.0000000000,0,ST LOUIS CITY,ST LOUIS CITY
ST. LOUIS CITY - 000187,5,1.0000000000,22.0000000000,22.0000000000,0,ST LOUIS CITY,ST LOUIS CITY
ST. LOUIS CITY - 000188,4,1.0000000000,28.0000000000,28.0000000000,0,ST LOUIS CITY,ST LOUIS CITY
ST. LOUIS CITY - 000189,4,1.0000000000,25.0000000000,25.0000000000,0,ST LOUIS CITY,ST LOUIS CITY
ST. LOUIS CITY - 000190,4,1.0000000000,30.0000000000,30.0000000000,0,ST LOUIS CITY,ST LOUIS CITY
ST. LOUIS CITY - 000191,4,1.0000000000,17.0000000000,17.0000000000,0,ST LOUIS CITY,ST LOUIS CITY
ST. LOUIS CITY - 000192,5,1.0000000000,39.0000000000,39.0000000000,0,ST LOUIS CITY,ST LOUIS CITY
ST. LOUIS CITY - 000193,5,1.0000000000,44.0000000000,44.0000000000,0,ST LOUIS CITY,ST LOUIS CITY
ST. LOUIS CITY - 000194,5,1.0000000000,39.0000000000,39.0000000000,0,ST LOUIS CITY,ST LOUIS CITY
ST. LOUIS CITY - 000195,5,1.0000000000,46.0000000000,46.0000000000,0,ST LOUIS CITY,ST LOUIS CITY
ST. LOUIS CITY - 000196,5,1.0000000000,23.0000000000,23.0000000000,0,ST LOUIS CITY,ST LOUIS CITY
ST. LOUIS CITY - 000197,5,1.0000000000,42.0000000000,42.0000000000,0,ST LOUIS CITY,ST LOUIS CITY
ST. LOUIS CITY - 000198,5,1.0000000000,32.0000000000,32.0000000000,0,ST LOUIS CITY,ST LOUIS CITY
ST. LOUIS CITY - 000199,5,1.0000000000,27.0000000000,27.0000000000,0,ST LOUIS CITY,ST LOUIS CITY
ST. LOUIS CITY - 000200,5,1.0000000000,6.0000000000,6.0000000000,0,ST LOUIS CITY,ST LOUIS CITY
ST. LOUIS CITY - 000201,5,1.0000000000,19.0000000000,19.0000000000,0,ST LOUIS CITY,ST LOUIS CITY
ST. LOUIS CITY - 000202,4,1.0000000000,19.0000000000,19.0000000000,0,ST LOUIS CITY,ST LOUIS CITY
ST. LOUIS CITY - 000203,4,1.0000000000,45.0000000000,45.0000000000,0,ST LOUIS CITY,ST LOUIS CITY
ST. LOUIS CITY - 000204,4,1.0000000000,14.0000000000,14.0000000000,0,ST LOUIS CITY,ST LOUIS CITY
ST. LOUIS CITY - 000205,4,1.0000000000,30.0000000000,30.0000000000,0,ST LOUIS CITY,ST LOUIS CITY
ST. LOUIS CITY - 000206,4,1.0000000000,21.0000000000,21.0000000000,0,ST LOUIS CITY,ST LOUIS CITY
ST. LOUIS CITY - 000208,4,1.0000000000,12.0000000000,12.0000000000,0,ST LOUIS CITY,ST LOUIS CITY
ST. LOUIS CITY - 000209,5,1.0000000000,8.0000000000,8.0000000000,0,ST LOUIS CITY,ST LOUIS CITY
ST. LOUIS CITY - 16-011,5,1.0000000000,40.0000000000,40.0000000000,0,ST LOUIS CITY,ST LOUIS CITY
ST. LOUIS CITY - 16-013,5,1.0000000000,37.0000000000,37.0000000000,0,ST LOUIS CITY,ST LOUIS CITY
ST. LOUIS CITY - 16-014,5,1.0000000000,48.0000000000,48.0000000000,0,ST LOUIS CITY,ST LOUIS CITY
ST. LOUIS CITY - 16-024,5,1.0000000000,23.0000000000,23.0000000000,0,ST LOUIS CITY,ST LOUIS CITY
ST. LOUIS CITY - 16-026,5,1.0000000000,30.0000000000,30.0000000000,0,ST LOUIS CITY,ST LOUIS CITY
ST. LOUIS CITY - 16-031,5,1.0000000000,15.0000000000,15.0000000000,0,ST LOUIS CITY,ST LOUIS CITY
ST. LOUIS CITY - 16-036,5,1.0000000000,37.0000000000,37.0000000000,0,ST LOUIS CITY,ST LOUIS CITY
ST. LOUIS CITY - 16-039,5,1.0000000000,41.0000000000,41.0000000000,0,ST LOUIS CITY,ST LOUIS CITY
ST. LOUIS CITY - 16-041,5,1.0000000000,28.0000000000,28.0000000000,0,ST LOUIS CITY,ST LOUIS CITY
ST. LOUIS CITY - 16-046,5,1.0000000000,31.0000000000,31.0000000000,0,ST LOUIS CITY,ST LOUIS CITY
ST. LOUIS CITY - 16-049,5,1.0000000000,7.0000000000,7.0000000000,0,ST LOUIS CITY,ST LOUIS CITY
ST. LOUIS CITY - 16-053,5,1.0000000000,28.0000000000,28.0000000000,0,ST LOUIS CITY,ST LOUIS CITY
ST. LOUIS CITY - 16-057,5,1.0000000000,36.0000000000,36.0000000000,0,ST LOUIS CITY,ST LOUIS CITY
ST. LOUIS CITY - 16-058,5,1.0000000000,8.0000000000,8.0000000000,0,ST LOUIS CITY,ST LOUIS CITY
ST. LOUIS CITY - 16-091,5,1.0000000000,62.0000000000,62.0000000000,0,ST LOUIS CITY,ST LOUIS CITY
ST. LOUIS CITY - 16-097,5,1.0000000000,6.0000000000,6.0000000000,0,ST LOUIS CITY,ST LOUIS CITY
ST. LOUIS CITY - 16-099,5,1.0000000000,20.0000000000,20.0000000000,0,ST LOUIS CITY,ST LOUIS CITY
ST. LOUIS CITY - 16-101,4,1.0000000000,6.0000000000,6.0000000000,0,ST LOUIS CITY,ST LOUIS CITY
ST. LOUIS CITY - 16-102,4,1.0000000000,5.0000000000,5.0000000000,0,ST LOUIS CITY,ST LOUIS CITY
ST. LOUIS CITY - 16-108,4,1.0000000000,3.0000000000,3.0000000000,0,ST LOUIS CITY,ST LOUIS CITY
ST. LOUIS CITY - 16-109,4,1.0000000000,7.0000000000,7.0000000000,0,ST LOUIS CITY,ST LOUIS CITY
ST. LOUIS CITY - 16-116,5,1.0000000000,64.0000000000,64.0000000000,0,ST LOUIS CITY,ST LOUIS CITY
ST. LOUIS CITY - 16-137,4,1.0000000000,1.0000000000,1.0000000000,0,ST LOUIS CITY,ST LOUIS CITY
ST. LOUIS CITY - 16-148,4,1.0000000000,3.0000000000,3.0000000000,0,ST LOUIS CITY,ST LOUIS CITY
ST. LOUIS CITY - 16-149,4,1.0000000000,16.0000000000,16.0000000000,0,ST LOUIS CITY,ST LOUIS CITY
ST. LOUIS CITY - 16-156,4,1.0000000000,30.0000000000,30.0000000000,0,ST LOUIS CITY,ST LOUIS CITY
ST. LOUIS CITY - 16-157,4,1.0000000000,4.0000000000,4.0000000000,0,ST LOUIS CITY,ST LOUIS CITY
ST. LOUIS CITY - 16-164,4,1.0000000000,41.0000000000,41.0000000000,0,ST LOUIS CITY,ST LOUIS CITY
ST. LOUIS CITY - 16-173,4,1.0000000000,12.0000000000,12.0000000000,0,ST LOUIS CITY,ST LOUIS CITY
ST. LOUIS CITY - 16-183,5,1.0000000000,25.0000000000,25.0000000000,0,ST LOUIS CITY,ST LOUIS CITY
ST. LOUIS CITY - 16-192,5,1.0000000000,3.0000000000,3.0000000000,0,ST LOUIS CITY,ST LOUIS CITY
ST. LOUIS CITY - 16-202,5,1.0000000000,16.0000000000,16.0000000000,0,ST LOUIS CITY,ST LOUIS CITY
ST. LOUIS CITY - 16-206,5,1.0000000000,22.0000000000,22.0000000000,0,ST LOUIS CITY,ST LOUIS CITY
ST. LOUIS CITY - 16-207,5,1.0000000000,11.0000000000,11.0000000000,0,ST LOUIS CITY,ST LOUIS CITY
ST. LOUIS CITY - 16-218,5,1.0000000000,31.0000000000,31.0000000000,0,ST LOUIS CITY,ST LOUIS CITY
ST. LOUIS CITY - 16-219,5,1.0000000000,23.0000000000,23.0000000000,0,ST LOUIS CITY,ST LOUIS CITY
ST. LOUIS CITY - 16-228,5,1.0000000000,6.0000000000,6.0000000000,0,ST LOUIS CITY,ST LOUIS CITY
ST. LOUIS CITY - 16-239,4,1.0000000000,15.0000000000,15.0000000000,0,ST LOUIS CITY,ST LOUIS CITY
ST. LOUIS CITY - 16-241,4,1.0000000000,36.0000000000,36.0000000000,0,ST LOUIS CITY,ST LOUIS CITY
ST. LOUIS CITY - 16-255,5,1.0000000000,24.0000000000,24.0000000000,0,ST LOUIS CITY,ST LOUIS CITY
ST. LOUIS CITY - 16-256,5,1.0000000000,1.0000000000,1.0000000000,0,ST LOUIS CITY,ST LOUIS CITY
ST. LOUIS CITY - 16-257,4,1.0000000000,1.0000000000,1.0000000000,0,ST LOUIS CITY,ST LOUIS CITY
ST. LOUIS CITY - 16-279,5,1.0000000000,1.0000000000,1.0000000000,0,ST LOUIS CITY,ST LOUIS CITY
ST. LOUIS CITY - 16-303,5,1.0000000000,73.0000000000,73.0000000000,0,ST LOUIS CITY,ST LOUIS CITY
ST. LOUIS CITY - 16-410,5,1.0000000000,14.0000000000,14.0000000000,0,ST LOUIS CITY,ST LOUIS CITY
ST. LOUIS CITY - 161010,4,1.0000000000,10.0000000000,10.0000000000,0,ST LOUIS CITY,ST LOUIS CITY
ST. LOUIS CITY - 161011,4,1.0000000000,2.0000000000,2.0000000000,0,ST LOUIS CITY,ST LOUIS CITY
ST. LOUIS CITY - 161012,4,1.0000000000,2.0000000000,2.0000000000,0,ST LOUIS CITY,ST LOUIS CITY
ST. LOUIS CITY - 161013,4,1.0000000000,4.0000000000,4.0000000000,0,ST LOUIS CITY,ST LOUIS CITY
ST. LOUIS CITY - 161410,4,1.0000000000,1.0000000000,1.0000000000,0,ST LOUIS CITY,ST LOUIS CITY
ST. LOUIS CITY - 162811,5,1.0000000000,11.0000000000,11.0000000000,0,ST LOUIS CITY,ST LOUIS CITY
STE. GENEVIEVE - 000002,3,1.0000000000,88.0000000000,88.0000000000,0,STE GENEVIEVE,STE GENEVIEVE
STE. GENEVIEVE - 000003,3,1.0000000000,44.0000000000,44.0000000000,0,STE GENEVIEVE,STE GENEVIEVE
STE. GENEVIEVE - 000004,3,1.0000000000,77.0000000000,77.0000000000,0,STE GENEVIEVE,STE GENEVIEVE
STE. GENEVIEVE - 000005,3,1.0000000000,81.0000000000,81.0000000000,0,STE GENEVIEVE,STE GENEVIEVE
STE. GENEVIEVE - 000006,3,1.0000000000,122.0000000000,122.0000000000,0,STE GENEVIEVE,STE GENEVIEVE
STE. GENEVIEVE - 000007,3,1.0000000000,63.0000000000,63.0000000000,0,STE GENEVIEVE,STE GENEVIEVE
STE. GENEVIEVE - 000009,3,1.0000000000,62.0000000000,62.0000000000,0,STE GENEVIEVE,STE GENEVIEVE
STE. GENEVIEVE - 000010,3,1.0000000000,59.0000000000,59.0000000000,0,STE GENEVIEVE,STE GENEVIEVE
STE. GENEVIEVE - 000011,3,1.0000000000,73.0000000000,73.0000000000,0,STE GENEVIEVE,STE GENEVIEVE
STE. GENEVIEVE - 000012,3,1.0000000000,79.0000000000,79.0000000000,0,STE GENEVIEVE,STE GENEVIEVE
STE. GENEVIEVE - 000013,3,1.0000000000,57.0000000000,57.0000000000,0,STE GENEVIEVE,STE GENEVIEVE
STE. GENEVIEVE - 000014,3,1.0000000000,83.0000000000,83.0000000000,0,STE GENEVIEVE,STE GENEVIEVE
STODDARD - 000002,25,1.0000000000,39.0000000000,39.0000000000,0,STODDARD,STODDARD
STODDARD - 000003,25,1.0000000000,291.0000000000,291.0000000000,0,STODDARD,STODDARD
STODDARD - 000004,25,1.0000000000,154.0000000000,154.0000000000,0,STODDARD,STODDARD
STODDARD - 000005,25,1.0000000000,135.0000000000,135.0000000000,0,STODDARD,STODDARD
STODDARD - 000006,25,1.0000000000,142.0000000000,142.0000000000,0,STODDARD,STODDARD
STODDARD - 000007,25,1.0000000000,144.0000000000,144.0000000000,0,STODDARD,STODDARD
STODDARD - 000008,25,1.0000000000,123.0000000000,123.0000000000,0,STODDARD,STODDARD
STODDARD - 000009,25,1.0000000000,112.0000000000,112.0000000000,0,STODDARD,STODDARD
STODDARD - 000010,25,1.0000000000,163.0000000000,163.0000000000,0,STODDARD,STODDARD
STODDARD - 000011,25,1.0000000000,53.0000000000,53.0000000000,0,STODDARD,STODDARD
STODDARD - 000012,25,1.0000000000,128.0000000000,128.0000000000,0,STODDARD,STODDARD
STODDARD - 000013,25,1.0000000000,114.0000000000,114.0000000000,0,STODDARD,STODDARD
STODDARD - 000014,25,1.0000000000,105.0000000000,105.0000000000,0,STODDARD,STODDARD
STODDARD - 000015,25,1.0000000000,83.0000000000,83.0000000000,0,STODDARD,STODDARD
STODDARD - 000016,25,1.0000000000,95.0000000000,95.0000000000,0,STODDARD,STODDARD
STODDARD - 000017,25,1.0000000000,172.0000000000,172.0000000000,0,STODDARD,STODDARD
STODDARD - 000018,25,1.0000000000,92.0000000000,92.0000000000,0,STODDARD,STODDARD
STODDARD - 000019,25,1.0000000000,203.0000000000,203.0000000000,0,STODDARD,STODDARD
STODDARD - 000020,25,1.0000000000,289.0000000000,289.0000000000,0,STODDARD,STODDARD
STODDARD - 000021,25,1.0000000000,38.0000000000,38.0000000000,0,STODDARD,STODDARD
STONE - 003698,33,1.0000000000,91.0000000000,91.0000000000,0,STONE,STONE
STONE - 003699,33,1.0000000000,49.0000000000,49.0000000000,0,STONE,STONE
STONE - 003701,33,1.0000000000,96.0000000000,96.0000000000,0,STONE,STONE
STONE - 003723,33,1.0000000000,119.0000000000,119.0000000000,0,STONE,STONE
STONE - 003730,33,1.0000000000,56.0000000000,56.0000000000,0,STONE,STONE
STONE - 003751,33,1.0000000000,185.0000000000,185.0000000000,0,STONE,STONE
STONE - 003782,33,1.0000000000,121.0000000000,121.0000000000,0,STONE,STONE
STONE - 003794,33,1.0000000000,34.0000000000,34.0000000000,0,STONE,STONE
STONE - 003800,33,1.0000000000,201.0000000000,201.0000000000,0,STONE,STONE
STONE - 003814,33,1.0000000000,268.0000000000,268.0000000000,0,STONE,STONE
STONE - 003842,33,1.0000000000,139.0000000000,139.0000000000,0,STONE,STONE
STONE - 003877,33,1.0000000000,56.0000000000,56.0000000000,0,STONE,STONE
STONE - 003889,33,1.0000000000,221.0000000000,221.0000000000,0,STONE,STONE
STONE - 003898,33,1.0000000000,100.0000000000,100.0000000000,0,STONE,STONE
STONE - 003900,33,1.0000000000,131.0000000000,131.0000000000,0,STONE,STONE
STONE - 003903,33,1.0000000000,161.0000000000,161.0000000000,0,STONE,STONE
STONE - 003908,33,1.0000000000,78.0000000000,78.0000000000,0,STONE,STONE
STONE - 003933,33,1.0000000000,120.0000000000,120.0000000000,0,STONE,STONE
STONE - 003935,33,1.0000000000,121.0000000000,121.0000000000,0,STONE,STONE
STONE - 003938,33,1.0000000000,105.0000000000,105.0000000000,0,STONE,STONE
SULLIVAN - 000002,12,1.0000000000,87.0000000000,87.0000000000,0,SULLIVAN,SULLIVAN
SULLIVAN - 000003,12,1.0000000000,67.0000000000,67.0000000000,0,SULLIVAN,SULLIVAN
SULLIVAN - 000004,12,1.0000000000,68.0000000000,68.0000000000,0,SULLIVAN,SULLIVAN
SULLIVAN - 000005,12,1.0000000000,60.0000000000,60.0000000000,0,SULLIVAN,SULLIVAN
SULLIVAN - 000006,12,1.0000000000,127.0000000000,127.0000000000,0,SULLIVAN,SULLIVAN
SULLIVAN - 000007,12,1.0000000000,64.0000000000,64.0000000000,0,SULLIVAN,SULLIVAN
SULLIVAN - 000008,12,1.0000000000,121.0000000000,121.0000000000,0,SULLIVAN,SULLIVAN
SULLIVAN - 000009,12,1.0000000000,87.0000000000,87.0000000000,0,SULLIVAN,SULLIVAN
SULLIVAN - 000010,12,1.0000000000,70.0000000000,70.0000000000,0,SULLIVAN,SULLIVAN
SULLIVAN - 000011,12,1.0000000000,79.0000000000,79.0000000000,0,SULLIVAN,SULLIVAN
SULLIVAN - 000012,12,1.0000000000,96.0000000000,96.0000000000,0,SULLIVAN,SULLIVAN
SULLIVAN - 000013,12,1.0000000000,60.0000000000,60.0000000000,0,SULLIVAN,SULLIVAN
SULLIVAN - 000014,12,1.0000000000,88.0000000000,88.0000000000,0,SULLIVAN,SULLIVAN
SULLIVAN - 000015,12,1.0000000000,67.0000000000,67.0000000000,0,SULLIVAN,SULLIVAN
SULLIVAN - 000016,12,1.0000000000,51.0000000000,51.0000000000,0,SULLIVAN,SULLIVAN
SULLIVAN - 000017,12,1.0000000000,75.0000000000,75.0000000000,0,SULLIVAN,SULLIVAN
SULLIVAN - 000018,12,1.0000000000,90.0000000000,90.0000000000,0,SULLIVAN,SULLIVAN
SULLIVAN - 000019,12,1.0000000000,67.0000000000,67.0000000000,0,SULLIVAN,SULLIVAN
SULLIVAN - 000020,12,1.0000000000,67.0000000000,67.0000000000,0,SULLIVAN,SULLIVAN
TANEY - 000002,33,1.0000000000,32.0000000000,32.0000000000,0,TANEY,TANEY
TANEY - 000003,33,1.0000000000,58.0000000000,58.0000000000,0,TANEY,TANEY
TANEY - 000004,33,1.0000000000,128.0000000000,128.0000000000,0,TANEY,TANEY
TANEY - 000005,33,1.0000000000,181.0000000000,181.0000000000,0,TANEY,TANEY
TANEY - 000006,33,1.0000000000,158.0000000000,158.0000000000,0,TANEY,TANEY
TANEY - 000009,33,1.0000000000,60.0000000000,60.0000000000,0,TANEY,TANEY
TANEY - 000010,33,1.0000000000,92.0000000000,92.0000000000,0,TANEY,TANEY
TANEY - 000011,33,1.0000000000,217.0000000000,217.0000000000,0,TANEY,TANEY
TANEY - 000012,33,1.0000000000,173.0000000000,173.0000000000,0,TANEY,TANEY
TANEY - 000013,33,1.0000000000,161.0000000000,161.0000000000,0,TANEY,TANEY
TANEY - 000014,33,1.0000000000,194.0000000000,194.0000000000,0,TANEY,TANEY
TANEY - 000015,33,1.0000000000,77.0000000000,77.0000000000,0,TANEY,TANEY
TANEY - 000016,33,1.0000000000,124.0000000000,124.0000000000,0,TANEY,TANEY
TANEY - 000017,33,1.0000000000,121.0000000000,121.0000000000,0,TANEY,TANEY
TANEY - 000018,33,1.0000000000,93.0000000000,93.0000000000,0,TANEY,TANEY
TANEY - 000019,33,1.0000000000,153.0000000000,153.0000000000,0,TANEY,TANEY
TANEY - 000020,33,1.0000000000,72.0000000000,72.0000000000,0,TANEY,TANEY
TANEY - 000021,33,1.0000000000,75.0000000000,75.0000000000,0,TANEY,TANEY
TANEY - 000022,33,1.0000000000,144.0000000000,144.0000000000,0,TANEY,TANEY
TANEY - 000023,33,1.0000000000,102.0000000000,102.0000000000,0,TANEY,TANEY
TANEY - 000024,33,1.0000000000,116.0000000000,116.0000000000,0,TANEY,TANEY
TEXAS - 000002,33,1.0000000000,78.0000000000,78.0000000000,0,TEXAS,TEXAS
TEXAS - 000003,33,1.0000000000,109.0000000000,109.0000000000,0,TEXAS,TEXAS
TEXAS - 000005,33,1.0000000000,86.0000000000,86.0000000000,0,TEXAS,TEXAS
TEXAS - 000006,33,1.0000000000,73.0000000000,73.0000000000,0,TEXAS,TEXAS
TEXAS - 000007,33,1.0000000000,59.0000000000,59.0000000000,0,TEXAS,TEXAS
TEXAS - 000008,33,1.0000000000,290.0000000000,290.0000000000,0,TEXAS,TEXAS
TEXAS - 000009,33,1.0000000000,101.0000000000,101.0000000000,0,TEXAS,TEXAS
TEXAS - 000011,33,1.0000000000,48.0000000000,48.0000000000,0,TEXAS,TEXAS
TEXAS - 000012,33,1.0000000000,29.0000000000,29.0000000000,0,TEXAS,TEXAS
TEXAS - 000013,33,1.0000000000,127.0000000000,127.0000000000,0,TEXAS,TEXAS
TEXAS - 000014,33,1.0000000000,75.0000000000,75.0000000000,0,TEXAS,TEXAS
TEXAS - 000016,33,1.0000000000,215.0000000000,215.0000000000,0,TEXAS,TEXAS
TEXAS - 000017,33,1.0000000000,81.0000000000,81.0000000000,0,TEXAS,TEXAS
TEXAS - 000018,33,1.0000000000,165.0000000000,165.0000000000,0,TEXAS,TEXAS
TEXAS - 000020,33,1.0000000000,109.0000000000,109.0000000000,0,TEXAS,TEXAS
TEXAS - 000021,33,1.0000000000,18.0000000000,18.0000000000,0,TEXAS,TEXAS
TEXAS - 000022,33,1.0000000000,54.0000000000,54.0000000000,0,TEXAS,TEXAS
VERNON - 000002,28,1.0000000000,117.0000000000,117.0000000000,0,VERNON,VERNON
VERNON - 000003,28,1.0000000000,45.0000000000,45.0000000000,0,VERNON,VERNON
VERNON - 000004,28,1.0000000000,123.0000000000,123.0000000000,0,VERNON,VERNON
VERNON - 000005,28,1.0000000000,190.0000000000,190.0000000000,0,VERNON,VERNON
VERNON - 000006,28,1.0000000000,138.0000000000,138.0000000000,0,VERNON,VERNON
VERNON - 000007,28,1.0000000000,152.0000000000,152.0000000000,0,VERNON,VERNON
VERNON - 000008,28,1.0000000000,106.0000000000,106.0000000000,0,VERNON,VERNON
VERNON - 000009,28,1.0000000000,110.0000000000,110.0000000000,0,VERNON,VERNON
VERNON - 000010,28,1.0000000000,93.0000000000,93.0000000000,0,VERNON,VERNON
VERNON - 000011,28,1.0000000000,266.0000000000,266.0000000000,0,VERNON,VERNON
VERNON - 000012,28,1.0000000000,138.0000000000,138.0000000000,0,VERNON,VERNON
VERNON - 000013,28,1.0000000000,273.0000000000,273.0000000000,0,VERNON,VERNON
VERNON - 000014,28,1.0000000000,79.0000000000,79.0000000000,0,VERNON,VERNON
VERNON - 000015,28,1.0000000000,94.0000000000,94.0000000000,0,VERNON,VERNON
VERNON - 000016,28,1.0000000000,76.0000000000,76.0000000000,0,VERNON,VERNON
VERNON - 000017,28,1.0000000000,154.0000000000,154.0000000000,0,VERNON,VERNON
WARREN - 000002,26,1.0000000000,51.0000000000,51.0000000000,0,WARREN,WARREN
WARREN - 000003,26,1.0000000000,78.0000000000,78.0000000000,0,WARREN,WARREN
WARREN - 000004,26,1.0000000000,54.0000000000,54.0000000000,0,WARREN,WARREN
WARREN - 000005,26,1.0000000000,102.0000000000,102.0000000000,0,WARREN,WARREN
WARREN - 000006,26,1.0000000000,67.0000000000,67.0000000000,0,WARREN,WARREN
WARREN - 000007,26,1.0000000000,28.0000000000,28.0000000000,0,WARREN,WARREN
WARREN - 000008,26,1.0000000000,88.0000000000,88.0000000000,0,WARREN,WARREN
WARREN - 000009,26,1.0000000000,106.0000000000,106.0000000000,0,WARREN,WARREN
WARREN - 000010,26,1.0000000000,37.0000000000,37.0000000000,0,WARREN,WARREN
WARREN - 000011,26,1.0000000000,44.0000000000,44.0000000000,0,WARREN,WARREN
WARREN - 000012,26,1.0000000000,39.0000000000,39.0000000000,0,WARREN,WARREN
WARREN - 000013,26,1.0000000000,178.0000000000,178.0000000000,0,WARREN,WARREN
WARREN - 000014,26,1.0000000000,139.0000000000,139.0000000000,0,WARREN,WARREN
WARREN - 000015,26,1.0000000000,57.0000000000,57.0000000000,0,WARREN,WARREN
WARREN - 000016,26,1.0000000000,68.0000000000,68.0000000000,0,WARREN,WARREN
WARREN - 000017,26,1.0000000000,22.0000000000,22.0000000000,0,WARREN,WARREN
WARREN - 000018,26,1.0000000000,66.0000000000,66.0000000000,0,WARREN,WARREN
WARREN - 000019,26,1.0000000000,81.0000000000,81.0000000000,0,WARREN,WARREN
WARREN - 000020,26,1.0000000000,42.0000000000,42.0000000000,0,WARREN,WARREN
WARREN - 000021,26,1.0000000000,50.0000000000,50.0000000000,0,WARREN,WARREN
WARREN - 000022,26,1.0000000000,140.0000000000,140.0000000000,0,WARREN,WARREN
WARREN - 000023,26,1.0000000000,55.0000000000,55.0000000000,0,WARREN,WARREN
WARREN - 000024,26,1.0000000000,19.0000000000,19.0000000000,0,WARREN,WARREN
WASHINGTON - 000002,3,1.0000000000,222.0000000000,222.0000000000,0,WASHINGTON,WASHINGTON
WASHINGTON - 000003,3,1.0000000000,69.0000000000,69.0000000000,0,WASHINGTON,WASHINGTON
WASHINGTON - 000005,3,1.0000000000,76.0000000000,76.0000000000,0,WASHINGTON,WASHINGTON
WASHINGTON - 000006,3,1.0000000000,169.0000000000,169.0000000000,0,WASHINGTON,WASHINGTON
WASHINGTON - 000007,3,1.0000000000,129.0000000000,129.0000000000,0,WASHINGTON,WASHINGTON
WASHINGTON - 000008,3,1.0000000000,68.0000000000,68.0000000000,0,WASHINGTON,WASHINGTON
WASHINGTON - 000009,3,1.0000000000,116.0000000000,116.0000000000,0,WASHINGTON,WASHINGTON
WASHINGTON - 000011,3,1.0000000000,134.0000000000,134.0000000000,0,WASHINGTON,WASHINGTON
WASHINGTON - 000013,3,1.0000000000,90.0000000000,90.0000000000,0,WASHINGTON,WASHINGTON
WASHINGTON - 000015,3,1.0000000000,91.0000000000,91.0000000000,0,WASHINGTON,WASHINGTON
WASHINGTON - 000016,3,1.0000000000,72.0000000000,72.0000000000,0,WASHINGTON,WASHINGTON
WASHINGTON - 000017,3,1.0000000000,88.0000000000,88.0000000000,0,WASHINGTON,WASHINGTON
WASHINGTON - 000019,3,1.0000000000,117.0000000000,117.0000000000,0,WASHINGTON,WASHINGTON
WAYNE - 000002,25,1.0000000000,33.0000000000,33.0000000000,0,WAYNE,WAYNE
WAYNE - 000003,25,1.0000000000,26.0000000000,26.0000000000,0,WAYNE,WAYNE
WAYNE - 000004,25,1.0000000000,121.0000000000,121.0000000000,0,WAYNE,WAYNE
WAYNE - 000005,25,1.0000000000,91.0000000000,91.0000000000,0,WAYNE,WAYNE
WAYNE - 000006,25,1.0000000000,19.0000000000,19.0000000000,0,WAYNE,WAYNE
WAYNE - 000007,25,1.0000000000,86.0000000000,86.0000000000,0,WAYNE,WAYNE
WAYNE - 000008,25,1.0000000000,78.0000000000,78.0000000000,0,WAYNE,WAYNE
WAYNE - 000009,25,1.0000000000,27.0000000000,27.0000000000,0,WAYNE,WAYNE
WAYNE - 000010,25,1.0000000000,69.0000000000,69.0000000000,0,WAYNE,WAYNE
WAYNE - 000011,25,1.0000000000,65.0000000000,65.0000000000,0,WAYNE,WAYNE
WAYNE - 000012,25,1.0000000000,31.0000000000,31.0000000000,0,WAYNE,WAYNE
WAYNE - 000013,25,1.0000000000,108.0000000000,108.0000000000,0,WAYNE,WAYNE
WAYNE - 000014,25,1.0000000000,32.0000000000,32.0000000000,0,WAYNE,WAYNE
WAYNE - 000015,25,1.0000000000,30.0000000000,30.0000000000,0,WAYNE,WAYNE
WAYNE - 000016,25,1.0000000000,29.0000000000,29.0000000000,0,WAYNE,WAYNE
WAYNE - 000017,25,1.0000000000,37.0000000000,37.0000000000,0,WAYNE,WAYNE
WAYNE - 000018,25,1.0000000000,55.0000000000,55.0000000000,0,WAYNE,WAYNE
WAYNE - 000019,25,1.0000000000,42.0000000000,42.0000000000,0,WAYNE,WAYNE
WAYNE - 000020,25,1.0000000000,96.0000000000,96.0000000000,0,WAYNE,WAYNE
WAYNE - 000021,25,1.0000000000,27.0000000000,27.0000000000,0,WAYNE,WAYNE
WEBSTER - 000002,20,1.0000000000,57.0000000000,57.0000000000,0,WEBSTER,WEBSTER
WEBSTER - 000003,20,1.0000000000,52.0000000000,52.0000000000,0,WEBSTER,WEBSTER
WEBSTER - 000005,20,1.0000000000,102.0000000000,102.0000000000,0,WEBSTER,WEBSTER
WEBSTER - 000006,20,1.0000000000,84.0000000000,84.0000000000,0,WEBSTER,WEBSTER
WEBSTER - 000008,20,1.0000000000,79.0000000000,79.0000000000,0,WEBSTER,WEBSTER
WEBSTER - 000010,20,1.0000000000,184.0000000000,184.0000000000,0,WEBSTER,WEBSTER
WEBSTER - 000011,20,1.0000000000,161.0000000000,161.0000000000,0,WEBSTER,WEBSTER
WEBSTER - 000012,20,1.0000000000,118.0000000000,118.0000000000,0,WEBSTER,WEBSTER
WEBSTER - 000013,20,1.0000000000,66.0000000000,66.0000000000,0,WEBSTER,WEBSTER
WEBSTER - 000014,20,1.0000000000,111.0000000000,111.0000000000,0,WEBSTER,WEBSTER
WEBSTER - 12-019,20,1.0000000000,38.0000000000,38.0000000000,0,WEBSTER,WEBSTER
WEBSTER - 12-020,20,1.0000000000,256.0000000000,256.0000000000,0,WEBSTER,WEBSTER
WEBSTER - 14-017,20,1.0000000000,100.0000000000,100.0000000000,0,WEBSTER,WEBSTER
WEBSTER - 16-015,20,1.0000000000,121.0000000000,121.0000000000,0,WEBSTER,WEBSTER
WEBSTER - 16-016,20,1.0000000000,157.0000000000,157.0000000000,0,WEBSTER,WEBSTER
WEBSTER - 16-018,20,1.0000000000,96.0000000000,96.0000000000,0,WEBSTER,WEBSTER
WORTH - 000002,12,1.0000000000,48.0000000000,48.0000000000,0,WORTH,WORTH
WORTH - 000003,12,1.0000000000,32.0000000000,32.0000000000,0,WORTH,WORTH
WORTH - 000004,12,1.0000000000,105.0000000000,105.0000000000,0,WORTH,WORTH
WORTH - 000005,12,1.0000000000,38.0000000000,38.0000000000,0,WORTH,WORTH
WORTH - 000006,12,1.0000000000,54.0000000000,54.0000000000,0,WORTH,WORTH
WORTH - 000007,12,1.0000000000,46.0000000000,46.0000000000,0,WORTH,WORTH
WORTH - 000008,12,1.0000000000,65.0000000000,65.0000000000,0,WORTH,WORTH
WRIGHT - 000002,16,1.0000000000,284.0000000000,284.0000000000,0,WRIGHT,WRIGHT
WRIGHT - 000003,16,1.0000000000,365.0000000000,365.0000000000,0,WRIGHT,WRIGHT
WRIGHT - 000004,16,1.0000000000,138.0000000000,138.0000000000,0,WRIGHT,WRIGHT
WRIGHT - 000005,16,1.0000000000,146.0000000000,146.0000000000,0,WRIGHT,WRIGHT
WRIGHT - 000006,16,1.0000000000,63.0000000000,63.0000000000,0,WRIGHT,WRIGHT
WRIGHT - 000007,16,1.0000000000,41.0000000000,41.0000000000,0,WRIGHT,WRIGHT
WRIGHT - 000008,16,1.0000000000,160.0000000000,160.0000000000,0,WRIGHT,WRIGHT
WRIGHT - 000009,16,1.0000000000,195.0000000000,195.0000000000,0,WRIGHT,WRIGHT
