precinct_key,district_num,area_weight
ADAIR - 000002,4,1.0
ADAIR - 000003,3,1.0
ADAIR - 000004,3,1.0
ADAIR - 000005,3,1.0
ADAIR - 000006,3,1.0
ADAIR - 000007,3,1.0
ADAIR - 000008,3,1.0
ADAIR - 000009,3,1.0
ADAIR - 000010,3,1.0
ADAIR - 000011,3,1.0
ANDREW - 000002,9,1.0
ANDREW - 000003,9,1.0
ANDREW - 000004,9,1.0
ANDREW - 000005,9,1.0
ANDREW - 000006,9,1.0
ANDREW - 000007,9,1.0
ANDREW - 000008,9,1.0
ANDREW - 000009,9,1.0
ANDREW - 000010,9,1.0
ANDREW - 000011,9,1.0
ANDREW - 000012,9,1.0
ANDREW - 000013,9,1.0
ANDREW - 000014,9,1.0
ANDREW - 000015,9,1.0
ANDREW - 000016,9,1.0
ANDREW - 000017,9,1.0
ANDREW - 000018,9,1.0
ANDREW - 000019,9,1.0
ANDREW - 000020,9,1.0
ANDREW - 000021,9,1.0
ATCHISON - 000002,1,1.0
ATCHISON - 000004,1,1.0
ATCHISON - 000005,1,1.0
ATCHISON - 000006,1,1.0
ATCHISON - 000007,1,1.0
AUDRAIN - 000502,43,1.0
AUDRAIN - 000506,43,1.0
AUDRAIN - 000508,43,1.0
AUDRAIN - 000510,43,1.0
AUDRAIN - 000512,43,1.0
AUDRAIN - 000513,43,1.0
AUDRAIN - 000545,43,1.0
AUDRAIN - 000616,43,1.0
AUDRAIN - 000623,43,1.0
AUDRAIN - 000632,43,1.0
AUDRAIN - 000633,43,1.0
AUDRAIN - 000641,43,1.0
AUDRAIN - 000642,43,1.0
AUDRAIN - 000657,43,1.0
AUDRAIN - 000658,43,1.0
AUDRAIN - 000667,43,1.0
BARRY - 000002,158,1.0
BARRY - 000003,158,1.0
BARRY - 000004,158,1.0
BARRY - 000005,158,1.0
BARRY - 000006,158,1.0
BARRY - 000007,158,1.0
BARRY - 000008,158,1.0
BARRY - 000009,158,1.0
BARRY - 000010,158,1.0
BARRY - 000011,158,1.0
BARRY - 000012,158,1.0
BARRY - 000013,158,1.0
BARRY - 000014,158,1.0
BARRY - 000015,158,1.0
BARRY - 000016,158,1.0
BARRY - 000017,158,1.0
BARRY - 000018,158,1.0
BARRY - 000019,158,1.0
BARRY - 000020,158,1.0
BARRY - 000021,158,1.0
BARRY - 000022,158,1.0
BARRY - 000023,158,1.0
BARTON - 000004,127,1.0
BARTON - 000008,127,1.0
BARTON - 000010,127,1.0
BARTON - 000011,127,1.0
BARTON - 000015,127,1.0
BARTON - 000016,127,1.0
BARTON - 16-018,127,1.0
BARTON - 16-021,127,1.0
BATES - 002701,62,1.0
BATES - 002703,62,1.0
BATES - 002705,62,1.0
BATES - 002722,62,1.0
BATES - 002767,62,1.0
BATES - 002801,125,1.0
BATES - 002814,125,1.0
BATES - 002825,125,1.0
BATES - 002847,125,1.0
BATES - 002849,125,1.0
BATES - 002850,125,1.0
BATES - 002868,125,1.0
BATES - 002892,125,1.0
BATES - 002904,125,1.0
BATES - 002930,125,1.0
BENTON - 000001,57,1.0
BENTON - 000002,57,1.0
BENTON - 000004,126,1.0
BENTON - 000005,57,1.0
BENTON - 000007,126,1.0
BENTON - 000008,57,1.0
BENTON - 000009,57,1.0
BENTON - 0012-6,57,1.0
BOLLINGER - 000003,151,1.0
BOLLINGER - 000005,144,1.0
BOLLINGER - 000006,151,1.0
BOLLINGER - 000007,151,1.0
BOLLINGER - 000009,144,1.0
BOLLINGER - 000010,144,1.0
BOLLINGER - 000011,144,1.0
BOLLINGER - 000012,151,1.0
BOLLINGER - 000015,151,1.0
BOONE - 000007,47,1.0
BOONE - 000008,47,1.0
BOONE - 000009,44,1.0
BOONE - 000010,44,1.0
BOONE - 000011,44,1.0
BOONE - 000012,44,1.0
BOONE - 000015,47,1.0
BOONE - 000016,44,1.0
BOONE - 000017,44,1.0
BOONE - 000018,47,1.0
BOONE - 000019,47,1.0
BOONE - 00001A,45,1.0
BOONE - 00001B,45,1.0
BOONE - 00001C,45,1.0
BOONE - 00001D,45,1.0
BOONE - 00001E,45,1.0
BOONE - 00001F,45,1.0
BOONE - 00001G,45,1.0
BOONE - 00001I,45,1.0
BOONE - 000020,47,1.0
BOONE - 000021,47,1.0
BOONE - 000022,47,1.0
BOONE - 000023,44,1.0
BOONE - 000024,44,1.0
BOONE - 000025,44,1.0
BOONE - 000026,44,1.0
BOONE - 000027,44,1.0
BOONE - 000028,50,1.0
BOONE - 000029,44,1.0
BOONE - 00002A,46,1.0
BOONE - 00002B,46,1.0
BOONE - 00002C,46,1.0
BOONE - 00002D,46,1.0
BOONE - 00002F,46,1.0
BOONE - 00002G,46,1.0
BOONE - 00002H,46,1.0
BOONE - 00002I,46,1.0
BOONE - 00002J,46,1.0
BOONE - 00002K,47,1.0
BOONE - 000030,44,1.0
BOONE - 000031,44,1.0
BOONE - 000032,44,1.0
BOONE - 000033,44,1.0
BOONE - 000034,50,1.0
BOONE - 000035,44,1.0
BOONE - 000036,47,1.0
BOONE - 000037,47,1.0
BOONE - 000038,47,1.0
BOONE - 000039,44,1.0
BOONE - 00003A,46,1.0
BOONE - 00003B,46,1.0
BOONE - 00003C,46,1.0
BOONE - 00003D,45,1.0
BOONE - 00003E,46,1.0
BOONE - 00003F,46,1.0
BOONE - 000040,44,1.0
BOONE - 000041,44,1.0
BOONE - 000042,44,1.0
BOONE - 00004A,47,1.0
BOONE - 00004B,47,1.0
BOONE - 00004C,47,1.0
BOONE - 00004D,47,1.0
BOONE - 00004E,47,1.0
BOONE - 00004F,45,1.0
BOONE - 00004G,47,1.0
BOONE - 00004H,47,1.0
BOONE - 00004I,45,1.0
BOONE - 00004J,47,1.0
BOONE - 00004K,47,1.0
BOONE - 00004L,47,1.0
BOONE - 00005A,45,1.0
BOONE - 00005B,50,1.0
BOONE - 00005C,50,1.0
BOONE - 00005D,50,1.0
BOONE - 00005E,50,1.0
BOONE - 00005F,50,1.0
BOONE - 00005G,50,1.0
BOONE - 00005H,50,1.0
BOONE - 00005I,50,1.0
BOONE - 00005J,50,1.0
BOONE - 00005K,50,1.0
BOONE - 00005L,47,1.0
BOONE - 00005M,50,1.0
BOONE - 00006A,45,1.0
BOONE - 00006B,45,1.0
BOONE - 00006C,45,1.0
BOONE - 00006D,50,1.0
BOONE - 00006E,50,1.0
BOONE - 00006F,45,1.0
BOONE - 00006G,50,1.0
BOONE - 00006H,45,1.0
BOONE - 00006I,45,1.0
BOONE - 16-01J,45,1.0
BOONE - 16-01K,45,1.0
BOONE - 16-01L,45,1.0
BOONE - 16-01M,45,1.0
BOONE - 16-02L,46,1.0
BOONE - 16-03G,46,1.0
BOONE - 16-03H,45,1.0
BOONE - 16-03I,46,1.0
BOONE - 16-03J,46,1.0
BOONE - 16-03L,46,1.0
BOONE - 16-03M,46,1.0
BOONE - 16-03N,46,1.0
BOONE - 16-043,44,1.0
BOONE - 16-044,50,1.0
BOONE - 16-045,44,1.0
BOONE - 16-04M,47,1.0
BOONE - 16-05N,50,1.0
BOONE - 16-05P,50,1.0
BOONE - 16-06J,50,1.0
BOONE - 16-06K,45,1.0
BOONE - 16-06L,45,1.0
BOONE - 16-06M,50,1.0
BUCHANAN - 000001,10,1.0
BUCHANAN - 000002,10,1.0
BUCHANAN - 000004,10,1.0
BUCHANAN - 000006,10,1.0
BUCHANAN - 000008,10,1.0
BUCHANAN - 000010,10,1.0
BUCHANAN - 000011,10,1.0
BUCHANAN - 000012,11,1.0
BUCHANAN - 000014,11,1.0
BUCHANAN - 000016,11,1.0
BUCHANAN - 000018,11,1.0
BUCHANAN - 000020,10,1.0
BUCHANAN - 000021,10,1.0
BUCHANAN - 000022,11,1.0
BUCHANAN - 000023,11,1.0
BUCHANAN - 000024,11,1.0
BUCHANAN - 000027,13,1.0
BUCHANAN - 000028,13,1.0
BUCHANAN - 000029,11,1.0
BUCHANAN - 000030,13,1.0
BUCHANAN - 000031,13,1.0
BUCHANAN - 000032,13,1.0
BUCHANAN - 000033,13,1.0
BUCHANAN - 000034,13,1.0
BUCHANAN - 000035,13,1.0
BUTLER - 000002,152,1.0
BUTLER - 000003,152,1.0
BUTLER - 000004,150,1.0
BUTLER - 000005,150,1.0
BUTLER - 000006,152,1.0
BUTLER - 000007,152,1.0
BUTLER - 000008,150,1.0
BUTLER - 000009,152,1.0
BUTLER - 000010,152,1.0
BUTLER - 000011,152,1.0
BUTLER - 000012,150,1.0
BUTLER - 000013,152,1.0
BUTLER - 000014,152,1.0
BUTLER - 000015,150,1.0
BUTLER - 000016,152,1.0
BUTLER - 000017,152,1.0
BUTLER - 000018,152,1.0
BUTLER - 000019,152,1.0
BUTLER - 000020,152,1.0
BUTLER - 000021,152,1.0
BUTLER - 000022,152,1.0
BUTLER - 000023,152,1.0
BUTLER - 000024,150,1.0
BUTLER - 000025,152,1.0
BUTLER - 000026,152,1.0
CALDWELL - 000277,2,1.0
CALDWELL - 000280,2,1.0
CALDWELL - 000281,2,1.0
CALDWELL - 000284,2,1.0
CALDWELL - 000353,2,1.0
CALDWELL - 000356,2,1.0
CALDWELL - 000357,2,1.0
CALDWELL - 000358,2,1.0
CALDWELL - 000389,2,1.0
CALDWELL - 000390,2,1.0
CALLAWAY - 000826,43,1.0
CALLAWAY - 000828,43,1.0
CALLAWAY - 000839,43,1.0
CALLAWAY - 000842,43,1.0
CALLAWAY - 000998,43,1.0
CALLAWAY - 001069,49,1.0
CALLAWAY - 001081,49,1.0
CALLAWAY - 001083,49,1.0
CALLAWAY - 001189,49,1.0
CALLAWAY - 001190,49,1.0
CALLAWAY - 001271,49,1.0
CALLAWAY - 001272,49,1.0
CALLAWAY - 001292,49,1.0
CALLAWAY - 001297,49,1.0
CALLAWAY - 001306,49,1.0
CALLAWAY - 001350,49,1.0
CALLAWAY - 001351,49,1.0
CALLAWAY - 001438,49,1.0
CALLAWAY - 001543,49,1.0
CALLAWAY - 001584,49,1.0
CALLAWAY - 001595,49,1.0
CALLAWAY - 001763,49,1.0
CALLAWAY - 001843,49,1.0
CALLAWAY - 001989,49,1.0
CALLAWAY - 001991,49,1.0
CAMDEN - 000002,123,1.0
CAMDEN - 000003,123,1.0
CAMDEN - 000004,123,1.0
CAMDEN - 000005,123,1.0
CAMDEN - 000006,123,1.0
CAMDEN - 000007,123,1.0
CAMDEN - 000008,123,1.0
CAMDEN - 000009,123,1.0
CAMDEN - 000010,142,1.0
CAMDEN - 000011,123,1.0
CAMDEN - 000012,123,1.0
CAMDEN - 000013,123,1.0
CAMDEN - 000014,142,1.0
CAMDEN - 000015,123,1.0
CAMDEN - 000016,123,1.0
CAMDEN - 000017,123,1.0
CAMDEN - 000018,123,1.0
CAMDEN - 000019,123,1.0
CAMDEN - 000020,123,1.0
CAMDEN - 000021,142,1.0
CAMDEN - 000022,123,1.0
CAMDEN - 000023,123,1.0
CAMDEN - 000024,123,1.0
CAMDEN - 000025,123,1.0
CAPE GIRARDEAU - 000002,146,1.0
CAPE GIRARDEAU - 000003,146,1.0
CAPE GIRARDEAU - 000004,146,1.0
CAPE GIRARDEAU - 000005,146,1.0
CAPE GIRARDEAU - 000006,146,1.0
CAPE GIRARDEAU - 000007,146,1.0
CAPE GIRARDEAU - 000008,146,1.0
CAPE GIRARDEAU - 000009,146,1.0
CAPE GIRARDEAU - 000010,146,1.0
CAPE GIRARDEAU - 000011,147,1.0
CAPE GIRARDEAU - 000012,147,1.0
CAPE GIRARDEAU - 000013,147,1.0
CAPE GIRARDEAU - 000014,147,1.0
CAPE GIRARDEAU - 000015,147,1.0
CAPE GIRARDEAU - 000016,147,1.0
CAPE GIRARDEAU - 000017,147,1.0
CAPE GIRARDEAU - 000018,147,1.0
CAPE GIRARDEAU - 000019,147,1.0
CAPE GIRARDEAU - 000020,147,1.0
CAPE GIRARDEAU - 000021,147,1.0
CAPE GIRARDEAU - 000022,147,1.0
CAPE GIRARDEAU - 000023,147,1.0
CAPE GIRARDEAU - 000024,147,1.0
CAPE GIRARDEAU - 000025,151,1.0
CAPE GIRARDEAU - 000026,151,1.0
CAPE GIRARDEAU - 000027,151,1.0
CAPE GIRARDEAU - 000028,146,1.0
CAPE GIRARDEAU - 000029,146,1.0
CAPE GIRARDEAU - 000030,151,1.0
CAPE GIRARDEAU - 000031,146,1.0
CAPE GIRARDEAU - 000032,146,1.0
CAPE GIRARDEAU - 000033,146,1.0
CAPE GIRARDEAU - 000034,146,1.0
CAPE GIRARDEAU - 000035,146,1.0
CAPE GIRARDEAU - 000036,146,1.0
CAPE GIRARDEAU - 000037,146,1.0
CAPE GIRARDEAU - 000038,146,1.0
CAPE GIRARDEAU - 000039,151,1.0
CARROLL - 000006,7,1.0
CARROLL - 000007,7,1.0
CARROLL - 000009,7,1.0
CARROLL - 000010,7,1.0
CARROLL - 000012,7,1.0
CARROLL - 000013,7,1.0
CARROLL - 000014,7,1.0
CARROLL - 16-001,7,1.0
CARROLL - 16-003,7,1.0
CARROLL - 16-004,7,1.0
CARROLL - 16-016,7,1.0
CARROLL - 16-017,7,1.0
CARROLL - 16-019,7,1.0
CARTER - 003611,153,1.0
CARTER - 003628,153,1.0
CARTER - 003668,153,1.0
CARTER - 003694,153,1.0
CARTER - 003731,153,1.0
CARTER - 003756,153,1.0
CARTER - 003789,153,1.0
CASS - 000001,62,1.0
CASS - 000002,62,1.0
CASS - 000003,62,1.0
CASS - 000004,62,1.0
CASS - 000005,62,1.0
CASS - 000006,62,1.0
CASS - 000007,62,1.0
CASS - 000008,62,1.0
CASS - 000009,62,1.0
CASS - 000010,62,1.0
CASS - 000011,55,1.0
CASS - 000012,55,1.0
CASS - 000013,55,1.0
CASS - 000014,55,1.0
CASS - 000015,62,1.0
CASS - 000016,55,1.0
CASS - 000017,62,1.0
CASS - 000018,55,1.0
CASS - 000019,55,1.0
CASS - 000020,55,1.0
CASS - 000021,55,1.0
CASS - 000022,55,1.0
CASS - 000023,55,1.0
CASS - 000024,55,1.0
CASS - 000025,62,1.0
CASS - 000026,62,1.0
CASS - 000027,62,1.0
CASS - 000028,55,1.0
CASS - 000029,55,1.0
CASS - 000030,55,1.0
CASS - 000031,56,1.0
CASS - 000032,56,1.0
CASS - 000033,56,1.0
CASS - 000034,56,1.0
CASS - 000035,55,1.0
CASS - 000036,62,1.0
CASS - 000037,62,1.0
CASS - 000038,56,1.0
CASS - 000039,56,1.0
CASS - 000040,56,1.0
CASS - 000041,56,1.0
CASS - 000042,56,1.0
CASS - 000043,56,1.0
CASS - 000044,56,1.0
CASS - 000045,56,1.0
CASS - 000046,62,1.0
CASS - 000047,62,1.0
CEDAR - 003052,125,1.0
CEDAR - 003054,125,1.0
CEDAR - 003057,125,1.0
CEDAR - 003092,125,1.0
CEDAR - 003129,125,1.0
CEDAR - 003139,125,1.0
CEDAR - 003178,127,1.0
CEDAR - 003191,127,1.0
CEDAR - 003192,127,1.0
CHARITON - 000344,48,1.0
CHARITON - 000346,48,1.0
CHARITON - 000352,48,1.0
CHARITON - 000354,48,1.0
CHARITON - 000381,48,1.0
CHARITON - 000386,48,1.0
CHARITON - 000392,48,1.0
CHARITON - 000418,48,1.0
CHARITON - 000424,48,1.0
CHARITON - 000431,48,1.0
CHARITON - 000465,48,1.0
CHARITON - 000503,48,1.0
CHRISTIAN - 000002,140,1.0
CHRISTIAN - 000003,140,1.0
CHRISTIAN - 000004,140,1.0
CHRISTIAN - 000005,138,1.0
CHRISTIAN - 000006,140,1.0
CHRISTIAN - 000007,140,1.0
CHRISTIAN - 000008,139,1.0
CHRISTIAN - 000009,138,1.0
CHRISTIAN - 000010,138,1.0
CHRISTIAN - 000011,139,1.0
CHRISTIAN - 000012,139,1.0
CHRISTIAN - 000013,140,1.0
CHRISTIAN - 000014,140,1.0
CHRISTIAN - 000015,138,1.0
CHRISTIAN - 000016,138,1.0
CHRISTIAN - 000017,140,1.0
CHRISTIAN - 000018,139,1.0
CHRISTIAN - 000019,138,1.0
CHRISTIAN - 000020,139,1.0
CHRISTIAN - 000021,140,1.0
CHRISTIAN - 000022,140,1.0
CHRISTIAN - 000023,139,1.0
CHRISTIAN - 000024,139,1.0
CHRISTIAN - 000025,139,1.0
CHRISTIAN - 000026,138,1.0
CHRISTIAN - 000027,138,1.0
CHRISTIAN - 000028,138,1.0
CHRISTIAN - 000029,138,1.0
CHRISTIAN - 000030,138,1.0
CHRISTIAN - 000031,139,1.0
CHRISTIAN - 000032,140,1.0
CHRISTIAN - 000033,140,1.0
CHRISTIAN - 000034,139,1.0
CLARK - 000002,4,1.0
CLARK - 000003,4,1.0
CLARK - 000004,4,1.0
CLARK - 000005,4,1.0
CLARK - 000006,4,1.0
CLARK - 000007,4,1.0
CLARK - 000008,4,1.0
CLARK - 000009,4,1.0
CLARK - 000010,4,1.0
CLAY - 000002,17,1.0
CLAY - 000003,39,1.0
CLAY - 000004,39,1.0
CLAY - 000005,39,1.0
CLAY - 000006,39,1.0
CLAY - 000007,39,1.0
CLAY - 000009,15,1.0
CLAY - 000010,15,1.0
CLAY - 000011,15,1.0
CLAY - 000012,15,1.0
CLAY - 000013,15,1.0
CLAY - 000014,15,1.0
CLAY - 000015,15,1.0
CLAY - 000016,15,1.0
CLAY - 000017,15,1.0
CLAY - 000020,18,1.0
CLAY - 000021,18,1.0
CLAY - 000022,15,1.0
CLAY - 000023,15,1.0
CLAY - 000024,15,1.0
CLAY - 000025,39,1.0
CLAY - 000026,17,1.0
CLAY - 000027,17,1.0
CLAY - 000028,8,1.0
CLAY - 000029,16,1.0
CLAY - 000030,16,1.0
CLAY - 000031,18,1.0
CLAY - 000032,17,1.0
CLAY - 000033,16,1.0
CLAY - 000034,17,1.0
CLAY - 000035,18,1.0
CLAY - 000036,16,1.0
CLAY - 000037,16,1.0
CLAY - 000038,17,1.0
CLAY - 000039,17,1.0
CLAY - 000040,18,1.0
CLAY - 000041,18,1.0
CLAY - 000042,17,1.0
CLAY - 000043,17,1.0
CLAY - 000044,17,1.0
CLAY - 000045,17,1.0
CLAY - 000046,16,1.0
CLAY - 000047,16,1.0
CLAY - 000048,18,1.0
CLAY - 000049,18,1.0
CLAY - 000050,17,1.0
CLAY - 000051,18,1.0
CLAY - 000052,18,1.0
CLAY - 000053,18,1.0
CLAY - 000054,18,1.0
CLAY - 000055,8,1.0
CLAY - 000056,39,1.0
CLAY - 000057,8,1.0
CLAY - 000058,39,1.0
CLAY - 000059,38,1.0
CLAY - 000060,38,1.0
CLAY - 000061,38,1.0
CLAY - 000062,38,1.0
CLAY - 000063,38,1.0
CLAY - 000064,38,1.0
CLAY - 000065,38,1.0
CLAY - 000066,38,1.0
CLAY - 000067,38,1.0
CLAY - 000068,17,1.0
CLAY - 000069,38,1.0
CLAY - 000070,38,1.0
CLAY - 000071,39,1.0
CLAY - 000072,39,1.0
CLAY - 000073,8,1.0
CLAY - 000074,8,1.0
CLAY - 000075,8,1.0
CLAY - 000076,8,1.0
CLAY - 000077,39,1.0
CLAY - 000078,8,1.0
CLAY - 16-214,38,1.0
CLAY - 16-215,39,1.0
CLAY - 16-216,38,1.0
CLAY - 162127,16,1.0
CLINTON - 000002,9,1.0
CLINTON - 000003,8,1.0
CLINTON - 000005,9,1.0
CLINTON - 000006,8,1.0
CLINTON - 000007,8,1.0
CLINTON - 000008,9,1.0
COLE - 000002,59,1.0
COLE - 000003,59,1.0
COLE - 000004,59,1.0
COLE - 000005,59,1.0
COLE - 000006,59,1.0
COLE - 000007,59,1.0
COLE - 000008,59,1.0
COLE - 000009,60,1.0
COLE - 000010,60,1.0
COLE - 000011,60,1.0
COLE - 000016,60,1.0
COLE - 000032,59,1.0
COLE - 000034,59,1.0
COLE - 000035,59,1.0
COLE - 000036,59,1.0
COLE - 000037,59,1.0
COLE - 000038,59,1.0
COLE - 000039,59,1.0
COLE - 000040,59,1.0
COLE - 000041,59,1.0
COLE - 000042,59,1.0
COLE - 000043,59,1.0
COLE - 000044,59,1.0
COLE - 000045,59,1.0
COLE - 000046,59,1.0
COLE - 000049,59,1.0
COLE - 000050,59,1.0
COLE - 000051,59,1.0
COLE - 000052,59,1.0
COLE - 16-001,59,1.0
COLE - 16-002,59,1.0
COLE - 16-2-5,60,1.0
COLE - 16-2-6,60,1.0
COLE - 16-3-7,60,1.0
COLE - 16-3-8,60,1.0
COLE - 16-3-9,60,1.0
COLE - 16-410,60,1.0
COLE - 16-411,59,1.0
COLE - 16-512,60,1.0
COLE - 16-513,60,1.0
COLE - 16-514,60,1.0
COOPER - 000002,48,1.0
COOPER - 000004,48,1.0
COOPER - 000005,48,1.0
COOPER - 000006,48,1.0
COOPER - 000007,48,1.0
COOPER - 000008,48,1.0
COOPER - 000009,48,1.0
COOPER - 000010,48,1.0
COOPER - 000011,48,1.0
COOPER - 000012,48,1.0
COOPER - 000013,48,1.0
CRAWFORD - 000002,120,1.0
CRAWFORD - 000003,120,1.0
CRAWFORD - 000004,120,1.0
CRAWFORD - 000005,120,1.0
CRAWFORD - 000006,120,1.0
CRAWFORD - 000007,120,1.0
CRAWFORD - 000008,120,1.0
CRAWFORD - 000009,120,1.0
CRAWFORD - 000010,120,1.0
CRAWFORD - 000011,120,1.0
CRAWFORD - 000012,120,1.0
CRAWFORD - 000013,120,1.0
CRAWFORD - 000014,120,1.0
CRAWFORD - 000015,120,1.0
CRAWFORD - 000016,120,1.0
CRAWFORD - 000017,120,1.0
CRAWFORD - 000018,120,1.0
CRAWFORD - 000019,120,1.0
DADE - 003243,127,1.0
DADE - 003244,127,1.0
DADE - 003246,127,1.0
DADE - 003263,127,1.0
DADE - 003289,127,1.0
DADE - 003294,127,1.0
DADE - 003300,127,1.0
DADE - 003330,127,1.0
DALLAS - 000002,142,1.0
DALLAS - 000003,142,1.0
DALLAS - 000004,142,1.0
DALLAS - 000005,142,1.0
DALLAS - 000006,142,1.0
DALLAS - 000007,142,1.0
DALLAS - 000008,142,1.0
DALLAS - 000009,142,1.0
DALLAS - 000010,142,1.0
DALLAS - 000011,142,1.0
DALLAS - 000012,142,1.0
DAVIESS - 000002,2,1.0
DAVIESS - 000008,2,1.0
DAVIESS - 000009,2,1.0
DAVIESS - 000012,2,1.0
DAVIESS - 000016,2,1.0
DAVIESS - 16-017,2,1.0
DEKALB - 000002,9,1.0
DEKALB - 000003,9,1.0
DEKALB - 000004,9,1.0
DEKALB - 000005,9,1.0
DEKALB - 000006,9,1.0
DEKALB - 000007,9,1.0
DEKALB - 000008,9,1.0
DEKALB - 000009,9,1.0
DEKALB - 000010,9,1.0
DEKALB - 000011,9,1.0
DEKALB - 000012,9,1.0
DENT - 000002,120,1.0
DENT - 000003,120,1.0
DENT - 000004,120,1.0
DENT - 000005,120,1.0
DENT - 000006,120,1.0
DENT - 000007,120,1.0
DENT - 000008,120,1.0
DOUGLAS - 000002,141,1.0
DOUGLAS - 000003,155,1.0
DOUGLAS - 000004,141,1.0
DOUGLAS - 000005,141,1.0
DOUGLAS - 000006,141,1.0
DOUGLAS - 000007,155,1.0
DOUGLAS - 000008,155,1.0
DOUGLAS - 000009,155,1.0
DOUGLAS - 000010,141,1.0
DOUGLAS - 000011,141,1.0
DOUGLAS - 000012,155,1.0
DOUGLAS - 000013,155,1.0
DOUGLAS - 000014,155,1.0
DOUGLAS - 000015,155,1.0
DOUGLAS - 000016,155,1.0
DOUGLAS - 000017,155,1.0
DOUGLAS - 000018,141,1.0
DOUGLAS - 000019,155,1.0
DOUGLAS - 000020,155,1.0
DOUGLAS - 000021,155,1.0
DOUGLAS - 000022,155,1.0
DOUGLAS - 000023,155,1.0
DOUGLAS - 000024,155,1.0
DOUGLAS - 000025,155,1.0
DUNKLIN - 000002,150,1.0
DUNKLIN - 000003,150,1.0
DUNKLIN - 000004,150,1.0
DUNKLIN - 000005,150,1.0
DUNKLIN - 000006,150,1.0
DUNKLIN - 000007,150,1.0
DUNKLIN - 000008,150,1.0
DUNKLIN - 000009,150,1.0
DUNKLIN - 000010,150,1.0
DUNKLIN - 000011,150,1.0
DUNKLIN - 000012,150,1.0
DUNKLIN - 000013,150,1.0
DUNKLIN - 000014,150,1.0
DUNKLIN - 000015,150,1.0
DUNKLIN - 000016,150,1.0
DUNKLIN - 000017,150,1.0
DUNKLIN - 000018,150,1.0
DUNKLIN - 000019,150,1.0
DUNKLIN - 000020,150,1.0
DUNKLIN - 000021,150,1.0
DUNKLIN - 000022,150,1.0
FRANKLIN - 000002,118,1.0
FRANKLIN - 000003,118,1.0
FRANKLIN - 000004,109,1.0
FRANKLIN - 000005,109,1.0
FRANKLIN - 000006,109,1.0
FRANKLIN - 000007,119,1.0
FRANKLIN - 000008,109,1.0
FRANKLIN - 000009,109,1.0
FRANKLIN - 000010,109,1.0
FRANKLIN - 000011,118,1.0
FRANKLIN - 000012,118,1.0
FRANKLIN - 000013,118,1.0
FRANKLIN - 000014,109,1.0
FRANKLIN - 000015,118,1.0
FRANKLIN - 000016,118,1.0
FRANKLIN - 000017,118,1.0
FRANKLIN - 000018,109,1.0
FRANKLIN - 000019,119,1.0
FRANKLIN - 000020,118,1.0
FRANKLIN - 000021,118,1.0
FRANKLIN - 000022,118,1.0
FRANKLIN - 000023,109,1.0
FRANKLIN - 000024,109,1.0
FRANKLIN - 000025,118,1.0
FRANKLIN - 000026,118,1.0
FRANKLIN - 000027,118,1.0
FRANKLIN - 000028,109,1.0
FRANKLIN - 000029,118,1.0
FRANKLIN - 000030,109,1.0
FRANKLIN - 000031,109,1.0
FRANKLIN - 000032,118,1.0
FRANKLIN - 000033,119,1.0
FRANKLIN - 000034,119,1.0
FRANKLIN - 000035,119,1.0
FRANKLIN - 000036,119,1.0
FRANKLIN - 000037,119,1.0
FRANKLIN - 000038,118,1.0
FRANKLIN - 000039,119,1.0
FRANKLIN - 000040,118,1.0
FRANKLIN - 000041,109,1.0
FRANKLIN - 000042,118,1.0
FRANKLIN - 000043,109,1.0
FRANKLIN - 000044,119,1.0
FRANKLIN - 000045,119,1.0
FRANKLIN - 000046,119,1.0
FRANKLIN - 000047,118,1.0
FRANKLIN - 000048,118,1.0
FRANKLIN - 000049,118,1.0
FRANKLIN - 000050,118,1.0
FRANKLIN - 000051,118,1.0
FRANKLIN - 000052,118,1.0
FRANKLIN - 000053,119,1.0
FRANKLIN - 000054,119,1.0
FRANKLIN - 000055,119,1.0
FRANKLIN - 000056,119,1.0
FRANKLIN - 000057,119,1.0
FRANKLIN - 000058,109,1.0
FRANKLIN - 000059,109,1.0
FRANKLIN - 000060,109,1.0
FRANKLIN - 000061,109,1.0
FRANKLIN - 000062,109,1.0
FRANKLIN - 000063,109,1.0
FRANKLIN - 16-064,118,1.0
GASCONADE - 000002,61,1.0
GASCONADE - 000003,61,1.0
GASCONADE - 000004,61,1.0
GASCONADE - 000005,61,1.0
GASCONADE - 000006,61,1.0
GASCONADE - 000007,61,1.0
GASCONADE - 000008,61,1.0
GASCONADE - 000009,61,1.0
GASCONADE - 000010,61,1.0
GASCONADE - 000011,61,1.0
GASCONADE - 000012,61,1.0
GASCONADE - 000013,61,1.0
GASCONADE - 000014,61,1.0
GASCONADE - 000015,61,1.0
GASCONADE - 000016,61,1.0
GASCONADE - 000017,61,1.0
GENTRY - 000002,1,1.0
GENTRY - 000003,1,1.0
GENTRY - 000004,1,1.0
GENTRY - 000005,1,1.0
GENTRY - 000006,1,1.0
GENTRY - 000007,1,1.0
GENTRY - 000008,1,1.0
GENTRY - 000009,1,1.0
GENTRY - 000010,1,1.0
GENTRY - 000011,1,1.0
GENTRY - 000012,1,1.0
GENTRY - 000013,1,1.0
GENTRY - 000014,1,1.0
GREENE - 000002,136,1.0
GREENE - 000003,135,1.0
GREENE - 000004,135,1.0
GREENE - 000005,132,1.0
GREENE - 000006,133,1.0
GREENE - 000007,132,1.0
GREENE - 000008,135,1.0
GREENE - 000009,135,1.0
GREENE - 000010,135,1.0
GREENE - 000011,131,1.0
GREENE - 000012,137,1.0
GREENE - 000013,131,1.0
GREENE - 000014,131,1.0
GREENE - 000015,137,1.0
GREENE - 000016,137,1.0
GREENE - 000017,131,1.0
GREENE - 000018,131,1.0
GREENE - 000019,132,1.0
GREENE - 000020,132,1.0
GREENE - 000021,135,1.0
GREENE - 000022,135,1.0
GREENE - 000023,132,1.0
GREENE - 000024,132,1.0
GREENE - 000025,132,1.0
GREENE - 000026,132,1.0
GREENE - 000027,132,1.0
GREENE - 000028,132,1.0
GREENE - 000029,132,1.0
GREENE - 000030,135,1.0
GREENE - 000031,135,1.0
GREENE - 000032,132,1.0
GREENE - 000033,135,1.0
GREENE - 000034,135,1.0
GREENE - 000035,131,1.0
GREENE - 000036,134,1.0
GREENE - 000037,130,1.0
GREENE - 000038,130,1.0
GREENE - 000039,130,1.0
GREENE - 000040,131,1.0
GREENE - 000041,137,1.0
GREENE - 000042,131,1.0
GREENE - 000043,131,1.0
GREENE - 000044,135,1.0
GREENE - 000045,135,1.0
GREENE - 000046,135,1.0
GREENE - 000047,135,1.0
GREENE - 000048,135,1.0
GREENE - 000049,136,1.0
GREENE - 000050,136,1.0
GREENE - 000051,136,1.0
GREENE - 000052,136,1.0
GREENE - 000053,136,1.0
GREENE - 000054,133,1.0
GREENE - 000055,133,1.0
GREENE - 000056,133,1.0
GREENE - 000057,133,1.0
GREENE - 000058,130,1.0
GREENE - 000059,130,1.0
GREENE - 000060,135,1.0
GREENE - 000061,135,1.0
GREENE - 000062,135,1.0
GREENE - 000063,136,1.0
GREENE - 000064,136,1.0
GREENE - 000065,137,1.0
GREENE - 000066,136,1.0
GREENE - 000067,137,1.0
GREENE - 000068,135,1.0
GREENE - 000069,135,1.0
GREENE - 000070,131,1.0
GREENE - 000071,131,1.0
GREENE - 000072,131,1.0
GREENE - 000073,136,1.0
GREENE - 000074,136,1.0
GREENE - 000075,136,1.0
GREENE - 000076,136,1.0
GREENE - 000077,134,1.0
GREENE - 000078,133,1.0
GREENE - 000079,134,1.0
GREENE - 000080,136,1.0
GREENE - 000081,136,1.0
GREENE - 000082,136,1.0
GREENE - 000083,136,1.0
GREENE - 000084,136,1.0
GREENE - 000085,135,1.0
GREENE - 000086,132,1.0
GREENE - 000087,136,1.0
GREENE - 000088,133,1.0
GREENE - 000089,133,1.0
GREENE - 000090,133,1.0
GREENE - 000091,133,1.0
GREENE - 000092,133,1.0
GREENE - 000093,133,1.0
GREENE - 000094,132,1.0
GREENE - 000095,132,1.0
GREENE - 000096,134,1.0
GREENE - 000097,134,1.0
GREENE - 000098,130,1.0
GREENE - 000099,131,1.0
GREENE - 000100,137,1.0
GREENE - 000101,137,1.0
GREENE - 000102,137,1.0
GREENE - 000103,137,1.0
GREENE - 000104,130,1.0
GREENE - 000105,131,1.0
GREENE - 000106,131,1.0
GREENE - 000107,131,1.0
GREENE - 000108,137,1.0
GREENE - 000109,131,1.0
GREENE - 000110,137,1.0
GREENE - 000111,131,1.0
GREENE - 000112,133,1.0
GREENE - 000113,134,1.0
GREENE - 000114,134,1.0
GRUNDY - 000002,2,1.0
GRUNDY - 000003,2,1.0
GRUNDY - 000004,2,1.0
GRUNDY - 000005,2,1.0
GRUNDY - 000006,2,1.0
GRUNDY - 000007,2,1.0
GRUNDY - 000008,2,1.0
GRUNDY - 000009,2,1.0
GRUNDY - 000010,2,1.0
GRUNDY - 000011,2,1.0
GRUNDY - 000012,2,1.0
GRUNDY - 000013,2,1.0
GRUNDY - 000014,2,1.0
GRUNDY - 000015,2,1.0
GRUNDY - 000016,2,1.0
GRUNDY - 000017,2,1.0
HARRISON - 000003,2,1.0
HARRISON - 000004,2,1.0
HARRISON - 000008,2,1.0
HARRISON - 000009,2,1.0
HARRISON - 000010,2,1.0
HARRISON - 16-012,2,1.0
HENRY - 000002,126,1.0
HENRY - 000003,126,1.0
HENRY - 000004,126,1.0
HENRY - 000009,126,1.0
HENRY - 000010,126,1.0
HENRY - 000011,126,1.0
HENRY - 000013,126,1.0
HENRY - 000015,126,1.0
HENRY - 16-020,126,1.0
HICKORY - 000002,128,1.0
HICKORY - 000003,126,1.0
HICKORY - 000004,128,1.0
HICKORY - 000005,128,1.0
HICKORY - 000006,128,1.0
HICKORY - 000007,128,1.0
HICKORY - 000008,126,1.0
HICKORY - 000009,126,1.0
HICKORY - 000010,128,1.0
HICKORY - 000011,126,1.0
HOLT - 000002,1,1.0
HOLT - 000003,1,1.0
HOLT - 000004,1,1.0
HOLT - 000005,1,1.0
HOLT - 000006,1,1.0
HOLT - 000007,1,1.0
HOWARD - 000002,48,1.0
HOWARD - 000003,48,1.0
HOWARD - 000004,48,1.0
HOWARD - 000005,48,1.0
HOWARD - 000006,48,1.0
HOWARD - 000007,48,1.0
HOWARD - 000008,48,1.0
HOWARD - 000009,48,1.0
HOWELL - 000002,154,1.0
HOWELL - 000003,154,1.0
HOWELL - 000004,154,1.0
HOWELL - 000005,154,1.0
HOWELL - 000006,154,1.0
HOWELL - 000007,154,1.0
HOWELL - 000008,154,1.0
HOWELL - 000009,154,1.0
HOWELL - 000010,154,1.0
HOWELL - 000011,154,1.0
HOWELL - 000012,154,1.0
HOWELL - 000013,154,1.0
HOWELL - 000014,154,1.0
HOWELL - 000015,154,1.0
HOWELL - 000016,154,1.0
HOWELL - 000017,154,1.0
HOWELL - 000018,153,1.0
HOWELL - 000019,154,1.0
HOWELL - 000020,154,1.0
HOWELL - 000021,154,1.0
HOWELL - 012-22,154,1.0
IRON - 000002,144,1.0
IRON - 000003,144,1.0
IRON - 000004,144,1.0
IRON - 000005,144,1.0
IRON - 000006,144,1.0
IRON - 000007,144,1.0
IRON - 000008,144,1.0
IRON - 000009,144,1.0
IRON - 000010,144,1.0
JACKSON - 000002,21,1.0
JACKSON - 000003,20,1.0
JACKSON - 000006,20,1.0
JACKSON - 000007,20,1.0
JACKSON - 000008,19,1.0
JACKSON - 000010,21,1.0
JACKSON - 000015,20,1.0
JACKSON - 000016,20,1.0
JACKSON - 000017,20,1.0
JACKSON - 000019,20,1.0
JACKSON - 000020,20,1.0
JACKSON - 000022,20,1.0
JACKSON - 000023,20,1.0
JACKSON - 000024,21,1.0
JACKSON - 000025,21,1.0
JACKSON - 000026,21,1.0
JACKSON - 000029,20,1.0
JACKSON - 000030,32,1.0
JACKSON - 000031,32,1.0
JACKSON - 000032,20,1.0
JACKSON - 000033,20,1.0
JACKSON - 000034,20,1.0
JACKSON - 000035,20,1.0
JACKSON - 000036,20,1.0
JACKSON - 000037,20,1.0
JACKSON - 000043,21,1.0
JACKSON - 000044,21,1.0
JACKSON - 000045,21,1.0
JACKSON - 000047,21,1.0
JACKSON - 000050,21,1.0
JACKSON - 000052,22,1.0
JACKSON - 000054,29,1.0
JACKSON - 000055,22,1.0
JACKSON - 000056,22,1.0
JACKSON - 000057,22,1.0
JACKSON - 000059,22,1.0
JACKSON - 000060,29,1.0
JACKSON - 000061,21,1.0
JACKSON - 000062,29,1.0
JACKSON - 000064,22,1.0
JACKSON - 000066,20,1.0
JACKSON - 000067,20,1.0
JACKSON - 000069,21,1.0
JACKSON - 000071,21,1.0
JACKSON - 000072,20,1.0
JACKSON - 000076,20,1.0
JACKSON - 000079,29,1.0
JACKSON - 000081,29,1.0
JACKSON - 000082,29,1.0
JACKSON - 000084,29,1.0
JACKSON - 000086,29,1.0
JACKSON - 000087,29,1.0
JACKSON - 000088,22,1.0
JACKSON - 000090,22,1.0
JACKSON - 000091,22,1.0
JACKSON - 000092,29,1.0
JACKSON - 000095,29,1.0
JACKSON - 000096,29,1.0
JACKSON - 000097,29,1.0
JACKSON - 000099,29,1.0
JACKSON - 000100,29,1.0
JACKSON - 000103,29,1.0
JACKSON - 000104,29,1.0
JACKSON - 000107,29,1.0
JACKSON - 000109,28,1.0
JACKSON - 000116,28,1.0
JACKSON - 000120,28,1.0
JACKSON - 000123,28,1.0
JACKSON - 000125,28,1.0
JACKSON - 000128,28,1.0
JACKSON - 000129,28,1.0
JACKSON - 000130,28,1.0
JACKSON - 000131,28,1.0
JACKSON - 000132,28,1.0
JACKSON - 000134,28,1.0
JACKSON - 000136,28,1.0
JACKSON - 000138,20,1.0
JACKSON - 000140,32,1.0
JACKSON - 000142,32,1.0
JACKSON - 000143,32,1.0
JACKSON - 000144,32,1.0
JACKSON - 000145,32,1.0
JACKSON - 000146,32,1.0
JACKSON - 000147,32,1.0
JACKSON - 000148,19,1.0
JACKSON - 000149,19,1.0
JACKSON - 000150,24,1.0
JACKSON - 000151,24,1.0
JACKSON - 000152,19,1.0
JACKSON - 000153,24,1.0
JACKSON - 000154,24,1.0
JACKSON - 000155,19,1.0
JACKSON - 000156,24,1.0
JACKSON - 000157,23,1.0
JACKSON - 000159,24,1.0
JACKSON - 000160,25,1.0
JACKSON - 000161,25,1.0
JACKSON - 000162,26,1.0
JACKSON - 000163,26,1.0
JACKSON - 000164,25,1.0
JACKSON - 000165,25,1.0
JACKSON - 000166,37,1.0
JACKSON - 000167,37,1.0
JACKSON - 000168,26,1.0
JACKSON - 000169,37,1.0
JACKSON - 000172,37,1.0
JACKSON - 000173,37,1.0
JACKSON - 000174,37,1.0
JACKSON - 000175,19,1.0
JACKSON - 000176,19,1.0
JACKSON - 000177,23,1.0
JACKSON - 000178,23,1.0
JACKSON - 000179,19,1.0
JACKSON - 000180,19,1.0
JACKSON - 000181,19,1.0
JACKSON - 000182,23,1.0
JACKSON - 000183,19,1.0
JACKSON - 000184,19,1.0
JACKSON - 000185,19,1.0
JACKSON - 000186,19,1.0
JACKSON - 000187,19,1.0
JACKSON - 000188,19,1.0
JACKSON - 000189,19,1.0
JACKSON - 000190,19,1.0
JACKSON - 000191,19,1.0
JACKSON - 000192,19,1.0
JACKSON - 000193,19,1.0
JACKSON - 000194,19,1.0
JACKSON - 000195,19,1.0
JACKSON - 000196,19,1.0
JACKSON - 000197,19,1.0
JACKSON - 000198,19,1.0
JACKSON - 000200,19,1.0
JACKSON - 000201,19,1.0
JACKSON - 000202,19,1.0
JACKSON - 000203,19,1.0
JACKSON - 000204,23,1.0
JACKSON - 000205,23,1.0
JACKSON - 000206,23,1.0
JACKSON - 000207,23,1.0
JACKSON - 000208,23,1.0
JACKSON - 000209,23,1.0
JACKSON - 000210,23,1.0
JACKSON - 000211,23,1.0
JACKSON - 000212,23,1.0
JACKSON - 000213,23,1.0
JACKSON - 000214,23,1.0
JACKSON - 000215,23,1.0
JACKSON - 000216,23,1.0
JACKSON - 000217,23,1.0
JACKSON - 000218,23,1.0
JACKSON - 000219,23,1.0
JACKSON - 000220,23,1.0
JACKSON - 000221,22,1.0
JACKSON - 000222,22,1.0
JACKSON - 000223,23,1.0
JACKSON - 000224,22,1.0
JACKSON - 000225,22,1.0
JACKSON - 000226,22,1.0
JACKSON - 000227,22,1.0
JACKSON - 000228,22,1.0
JACKSON - 000229,22,1.0
JACKSON - 000230,22,1.0
JACKSON - 000231,22,1.0
JACKSON - 000232,22,1.0
JACKSON - 000233,22,1.0
JACKSON - 000234,27,1.0
JACKSON - 000235,27,1.0
JACKSON - 000236,27,1.0
JACKSON - 000238,27,1.0
JACKSON - 000239,27,1.0
JACKSON - 000241,27,1.0
JACKSON - 000242,27,1.0
JACKSON - 000243,22,1.0
JACKSON - 000244,27,1.0
JACKSON - 000245,22,1.0
JACKSON - 000246,27,1.0
JACKSON - 000247,27,1.0
JACKSON - 000248,27,1.0
JACKSON - 000249,27,1.0
JACKSON - 000250,27,1.0
JACKSON - 000251,27,1.0
JACKSON - 000253,27,1.0
JACKSON - 000254,27,1.0
JACKSON - 000255,27,1.0
JACKSON - 000256,27,1.0
JACKSON - 000257,27,1.0
JACKSON - 000258,27,1.0
JACKSON - 000259,27,1.0
JACKSON - 000260,27,1.0
JACKSON - 000261,27,1.0
JACKSON - 000263,27,1.0
JACKSON - 000264,27,1.0
JACKSON - 000265,26,1.0
JACKSON - 000266,27,1.0
JACKSON - 000267,27,1.0
JACKSON - 000268,27,1.0
JACKSON - 000269,26,1.0
JACKSON - 000270,26,1.0
JACKSON - 000271,26,1.0
JACKSON - 000272,26,1.0
JACKSON - 000273,26,1.0
JACKSON - 000275,26,1.0
JACKSON - 000276,26,1.0
JACKSON - 000277,27,1.0
JACKSON - 000278,27,1.0
JACKSON - 000279,26,1.0
JACKSON - 000280,26,1.0
JACKSON - 000281,26,1.0
JACKSON - 000282,26,1.0
JACKSON - 000283,26,1.0
JACKSON - 000284,26,1.0
JACKSON - 000285,26,1.0
JACKSON - 000286,26,1.0
JACKSON - 000287,26,1.0
JACKSON - 000288,26,1.0
JACKSON - 000289,26,1.0
JACKSON - 000290,26,1.0
JACKSON - 000291,37,1.0
JACKSON - 000292,26,1.0
JACKSON - 000293,26,1.0
JACKSON - 000295,26,1.0
JACKSON - 000296,25,1.0
JACKSON - 000298,23,1.0
JACKSON - 000299,23,1.0
JACKSON - 000300,23,1.0
JACKSON - 000301,23,1.0
JACKSON - 000302,23,1.0
JACKSON - 000303,23,1.0
JACKSON - 000304,23,1.0
JACKSON - 000305,23,1.0
JACKSON - 000306,23,1.0
JACKSON - 000307,23,1.0
JACKSON - 000308,23,1.0
JACKSON - 000310,23,1.0
JACKSON - 000311,23,1.0
JACKSON - 000312,23,1.0
JACKSON - 000313,19,1.0
JACKSON - 000314,37,1.0
JACKSON - 000315,37,1.0
JACKSON - 000316,37,1.0
JACKSON - 000317,37,1.0
JACKSON - 000318,37,1.0
JACKSON - 000319,37,1.0
JACKSON - 000320,36,1.0
JACKSON - 000321,37,1.0
JACKSON - 000322,37,1.0
JACKSON - 000324,37,1.0
JACKSON - 000326,37,1.0
JACKSON - 000327,37,1.0
JACKSON - 000328,36,1.0
JACKSON - 000329,36,1.0
JACKSON - 000330,36,1.0
JACKSON - 000331,36,1.0
JACKSON - 000332,36,1.0
JACKSON - 000333,36,1.0
JACKSON - 000334,36,1.0
JACKSON - 000335,36,1.0
JACKSON - 000337,22,1.0
JACKSON - 000338,19,1.0
JACKSON - 000339,22,1.0
JACKSON - 000340,28,1.0
JACKSON - 000341,28,1.0
JACKSON - 000342,28,1.0
JACKSON - 000343,28,1.0
JACKSON - 000344,28,1.0
JACKSON - 000345,28,1.0
JACKSON - 000346,22,1.0
JACKSON - 000347,28,1.0
JACKSON - 000348,22,1.0
JACKSON - 000349,27,1.0
JACKSON - 000350,27,1.0
JACKSON - 000353,22,1.0
JACKSON - 000354,28,1.0
JACKSON - 000355,35,1.0
JACKSON - 000356,35,1.0
JACKSON - 000357,35,1.0
JACKSON - 000358,35,1.0
JACKSON - 000359,35,1.0
JACKSON - 000360,35,1.0
JACKSON - 000361,35,1.0
JACKSON - 000362,35,1.0
JACKSON - 000363,35,1.0
JACKSON - 000364,35,1.0
JACKSON - 000365,35,1.0
JACKSON - 000366,35,1.0
JACKSON - 000368,35,1.0
JACKSON - 000369,35,1.0
JACKSON - 000370,35,1.0
JACKSON - 000371,35,1.0
JACKSON - 000372,35,1.0
JACKSON - 000373,35,1.0
JACKSON - 000374,35,1.0
JACKSON - 000375,26,1.0
JACKSON - 000378,35,1.0
JACKSON - 000379,35,1.0
JACKSON - 000382,35,1.0
JACKSON - 000383,35,1.0
JACKSON - 000385,35,1.0
JACKSON - 000386,26,1.0
JACKSON - 000387,37,1.0
JACKSON - 000388,37,1.0
JACKSON - 000389,35,1.0
JACKSON - 000390,37,1.0
JACKSON - 000391,37,1.0
JACKSON - 000392,37,1.0
JACKSON - 000393,37,1.0
JACKSON - 000394,37,1.0
JACKSON - 000395,37,1.0
JACKSON - 000396,36,1.0
JACKSON - 000397,36,1.0
JACKSON - 000398,37,1.0
JACKSON - 000399,26,1.0
JACKSON - 000400,26,1.0
JACKSON - 000401,37,1.0
JACKSON - 000402,26,1.0
JACKSON - 000403,26,1.0
JACKSON - 000404,26,1.0
JACKSON - 000405,26,1.0
JACKSON - 000406,35,1.0
JACKSON - 000407,26,1.0
JACKSON - 000408,26,1.0
JACKSON - 000409,37,1.0
JACKSON - 000412,24,1.0
JACKSON - 000413,24,1.0
JACKSON - 000414,23,1.0
JACKSON - 000415,23,1.0
JACKSON - 000416,22,1.0
JACKSON - 000417,22,1.0
JACKSON - 000418,22,1.0
JACKSON - 000419,22,1.0
JACKSON - 000420,22,1.0
JACKSON - 000421,22,1.0
JACKSON - 000422,22,1.0
JACKSON - 000423,22,1.0
JACKSON - 000424,22,1.0
JACKSON - 000425,24,1.0
JACKSON - 000426,24,1.0
JACKSON - 000427,24,1.0
JACKSON - 000428,24,1.0
JACKSON - 000429,24,1.0
JACKSON - 000430,24,1.0
JACKSON - 000431,24,1.0
JACKSON - 000432,27,1.0
JACKSON - 000433,24,1.0
JACKSON - 000434,27,1.0
JACKSON - 000435,24,1.0
JACKSON - 000436,24,1.0
JACKSON - 000437,24,1.0
JACKSON - 000438,24,1.0
JACKSON - 000439,24,1.0
JACKSON - 000440,24,1.0
JACKSON - 000441,24,1.0
JACKSON - 000442,24,1.0
JACKSON - 000443,25,1.0
JACKSON - 000444,25,1.0
JACKSON - 000446,27,1.0
JACKSON - 000447,25,1.0
JACKSON - 000448,25,1.0
JACKSON - 000449,25,1.0
JACKSON - 000450,25,1.0
JACKSON - 000451,25,1.0
JACKSON - 000452,25,1.0
JACKSON - 000453,25,1.0
JACKSON - 000454,25,1.0
JACKSON - 000455,25,1.0
JACKSON - 000456,27,1.0
JACKSON - 000457,25,1.0
JACKSON - 000458,22,1.0
JACKSON - 000459,22,1.0
JACKSON - 000460,22,1.0
JACKSON - 000461,22,1.0
JACKSON - 000462,27,1.0
JACKSON - 000463,22,1.0
JACKSON - 000464,27,1.0
JACKSON - 000467,27,1.0
JACKSON - 000469,27,1.0
JACKSON - 000470,22,1.0
JACKSON - 000471,22,1.0
JACKSON - 000474,27,1.0
JACKSON - 000475,27,1.0
JACKSON - 000476,25,1.0
JACKSON - 000477,25,1.0
JACKSON - 000478,25,1.0
JACKSON - 000479,25,1.0
JACKSON - 000480,25,1.0
JACKSON - 000481,25,1.0
JACKSON - 000482,27,1.0
JACKSON - 000483,25,1.0
JACKSON - 000484,26,1.0
JACKSON - 000485,27,1.0
JACKSON - 000486,26,1.0
JACKSON - 000488,25,1.0
JACKSON - 000489,25,1.0
JACKSON - 000490,26,1.0
JACKSON - 000491,26,1.0
JACKSON - 000492,25,1.0
JACKSON - 000493,25,1.0
JACKSON - 000494,25,1.0
JACKSON - 000495,25,1.0
JACKSON - 000496,25,1.0
JACKSON - 000497,26,1.0
JACKSON - 000499,35,1.0
JACKSON - 000500,35,1.0
JACKSON - 000501,35,1.0
JACKSON - 000503,35,1.0
JACKSON - 000505,35,1.0
JACKSON - 000506,35,1.0
JACKSON - 000508,35,1.0
JACKSON - 000509,35,1.0
JACKSON - 000510,35,1.0
JACKSON - 000511,35,1.0
JACKSON - 000512,35,1.0
JACKSON - 000514,34,1.0
JACKSON - 000515,35,1.0
JACKSON - 000516,34,1.0
JACKSON - 000517,34,1.0
JACKSON - 000518,30,1.0
JACKSON - 000519,30,1.0
JACKSON - 000520,34,1.0
JACKSON - 000523,30,1.0
JACKSON - 000524,30,1.0
JACKSON - 000525,30,1.0
JACKSON - 000527,30,1.0
JACKSON - 000529,34,1.0
JACKSON - 000531,34,1.0
JACKSON - 000532,34,1.0
JACKSON - 000534,34,1.0
JACKSON - 000536,30,1.0
JACKSON - 000537,30,1.0
JACKSON - 000538,34,1.0
JACKSON - 000539,34,1.0
JACKSON - 000540,30,1.0
JACKSON - 000542,30,1.0
JACKSON - 000543,34,1.0
JACKSON - 000544,30,1.0
JACKSON - 000546,30,1.0
JACKSON - 000547,33,1.0
JACKSON - 000548,30,1.0
JACKSON - 000550,33,1.0
JACKSON - 000551,33,1.0
JACKSON - 000552,33,1.0
JACKSON - 000554,35,1.0
JACKSON - 000555,33,1.0
JACKSON - 000556,33,1.0
JACKSON - 000557,33,1.0
JACKSON - 000558,34,1.0
JACKSON - 000561,30,1.0
JACKSON - 000562,30,1.0
JACKSON - 000563,30,1.0
JACKSON - 000564,34,1.0
JACKSON - 000566,34,1.0
JACKSON - 000567,34,1.0
JACKSON - 000568,30,1.0
JACKSON - 000569,29,1.0
JACKSON - 000570,31,1.0
JACKSON - 000572,31,1.0
JACKSON - 000573,33,1.0
JACKSON - 000578,31,1.0
JACKSON - 000579,31,1.0
JACKSON - 000580,31,1.0
JACKSON - 000581,20,1.0
JACKSON - 000582,20,1.0
JACKSON - 000584,31,1.0
JACKSON - 000586,31,1.0
JACKSON - 000587,33,1.0
JACKSON - 000590,31,1.0
JACKSON - 000591,31,1.0
JACKSON - 000592,31,1.0
JACKSON - 000593,20,1.0
JACKSON - 000595,31,1.0
JACKSON - 000596,33,1.0
JACKSON - 000599,33,1.0
JACKSON - 000601,31,1.0
JACKSON - 000603,33,1.0
JACKSON - 000604,32,1.0
JACKSON - 000605,33,1.0
JACKSON - 000606,20,1.0
JACKSON - 000607,32,1.0
JACKSON - 000608,32,1.0
JACKSON - 000610,32,1.0
JACKSON - 000612,32,1.0
JACKSON - 000613,31,1.0
JACKSON - 000614,32,1.0
JACKSON - 000616,32,1.0
JACKSON - 000617,32,1.0
JACKSON - 000619,32,1.0
JACKSON - 000620,31,1.0
JACKSON - 000622,31,1.0
JACKSON - 000623,33,1.0
JACKSON - 000625,31,1.0
JACKSON - 000626,31,1.0
JACKSON - 000629,32,1.0
JACKSON - 000630,31,1.0
JACKSON - 000631,32,1.0
JACKSON - 000632,32,1.0
JACKSON - 000633,32,1.0
JACKSON - 000634,32,1.0
JACKSON - 000637,32,1.0
JACKSON - 000638,32,1.0
JACKSON - 000639,32,1.0
JACKSON - 000640,33,1.0
JACKSON - 000641,33,1.0
JACKSON - 000642,33,1.0
JACKSON - 000643,33,1.0
JACKSON - 000644,33,1.0
JACKSON - 000645,33,1.0
JACKSON - 000648,36,1.0
JACKSON - 000650,36,1.0
JACKSON - 000651,36,1.0
JACKSON - 000654,36,1.0
JACKSON - 000655,36,1.0
JACKSON - 000656,36,1.0
JACKSON - 000658,36,1.0
JACKSON - 000660,36,1.0
JACKSON - 000661,36,1.0
JACKSON - 000662,36,1.0
JACKSON - 000663,36,1.0
JACKSON - 000664,36,1.0
JACKSON - 16-100,33,1.0
JACKSON - 16-101,32,1.0
JACKSON - 160102,21,1.0
JACKSON - 160103,21,1.0
JACKSON - 160104,21,1.0
JACKSON - 160406,21,1.0
JACKSON - BR1608,28,1.0
JACKSON - BR1610,28,1.0
JACKSON - BR1611,28,1.0
JACKSON - BR1612,28,1.0
JACKSON - BR1613,28,1.0
JACKSON - BR1619,28,1.0
JACKSON - BR1620,28,1.0
JACKSON - BRNO06,28,1.0
JACKSON - FO1601,20,1.0
JACKSON - FO1609,32,1.0
JACKSON - K16106,24,1.0
JACKSON - K16207,23,1.0
JACKSON - K16218,23,1.0
JACKSON - K16316,22,1.0
JACKSON - K16419,24,1.0
JACKSON - K16429,24,1.0
JACKSON - K16439,24,1.0
JACKSON - K16449,27,1.0
JACKSON - K16457,25,1.0
JACKSON - K16459,27,1.0
JACKSON - K16463,27,1.0
JACKSON - K16467,27,1.0
JACKSON - K16469,27,1.0
JACKSON - K16512,24,1.0
JACKSON - K16513,24,1.0
JACKSON - K16611,25,1.0
JACKSON - K16615,25,1.0
JACKSON - K16718,22,1.0
JACKSON - K16804,25,1.0
JACKSON - K16811,25,1.0
JACKSON - K16814,25,1.0
JACKSON - K16815,25,1.0
JACKSON - K16903,25,1.0
JACKSON - K16913,26,1.0
JACKSON - KC1004,26,1.0
JACKSON - KC1010,37,1.0
JACKSON - KC1042,25,1.0
JACKSON - KC1107,19,1.0
JACKSON - KC1110,19,1.0
JACKSON - KC1111,19,1.0
JACKSON - KC1113,19,1.0
JACKSON - KC1209,23,1.0
JACKSON - KC1212,19,1.0
JACKSON - KC1310,19,1.0
JACKSON - KC1311,19,1.0
JACKSON - KC1313,19,1.0
JACKSON - KC1314,19,1.0
JACKSON - KC1504,23,1.0
JACKSON - KC1507,23,1.0
JACKSON - KC1515,27,1.0
JACKSON - KC1516,22,1.0
JACKSON - KC1520,22,1.0
JACKSON - KC1523,19,1.0
JACKSON - KC1607,27,1.0
JACKSON - KC1904,37,1.0
JACKSON - KC1905,26,1.0
JACKSON - KC1907,26,1.0
JACKSON - KC1915,37,1.0
JACKSON - KC1916,37,1.0
JACKSON - KC1920,26,1.0
JACKSON - KC2003,37,1.0
JACKSON - KC2010,36,1.0
JACKSON - KC2201,36,1.0
JACKSON - KC2212,36,1.0
JACKSON - KC2213,36,1.0
JACKSON - KC2301,28,1.0
JACKSON - KC2302,22,1.0
JACKSON - KC2304,28,1.0
JACKSON - KC2308,22,1.0
JACKSON - KC2312,27,1.0
JACKSON - KC2403,35,1.0
JACKSON - KC2414,35,1.0
JACKSON - KC2416,35,1.0
JACKSON - KC2419,35,1.0
JACKSON - KC2423,35,1.0
JACKSON - KC2427,35,1.0
JACKSON - KC2428,35,1.0
JACKSON - KC2430,35,1.0
JACKSON - KC2512,35,1.0
JACKSON - KC2607,26,1.0
JACKSON - KC2608,26,1.0
JACKSON - KC2611,26,1.0
JACKSON - KC2612,37,1.0
JACKSON - KC2613,26,1.0
JACKSON - PR1601,20,1.0
JACKSON - PR1602,34,1.0
JACKSON - PR1610,34,1.0
JACKSON - PR1625,34,1.0
JACKSON - PR1654,33,1.0
JACKSON - PR1655,33,1.0
JACKSON - PR1657,33,1.0
JACKSON - PR1658,33,1.0
JACKSON - PR1661,33,1.0
JACKSON - PR1663,33,1.0
JACKSON - SB1602,20,1.0
JACKSON - SB1616,33,1.0
JACKSON - SB1634,33,1.0
JACKSON - SB1635,33,1.0
JACKSON - SB1649,32,1.0
JACKSON - SB1683,33,1.0
JACKSON - VB1601,33,1.0
JACKSON - VB1603,33,1.0
JACKSON - VB1604,33,1.0
JACKSON - VB1606,33,1.0
JACKSON - VB1607,33,1.0
JACKSON - VB1608,33,1.0
JACKSON - VB1609,33,1.0
JACKSON - VB1610,33,1.0
JACKSON - VB1611,33,1.0
JACKSON - VB1613,33,1.0
JACKSON - VB1617,33,1.0
JASPER - 000002,127,1.0
JASPER - 000003,162,1.0
JASPER - 000004,162,1.0
JASPER - 000005,162,1.0
JASPER - 000006,162,1.0
JASPER - 000007,163,1.0
JASPER - 000008,163,1.0
JASPER - 000009,163,1.0
JASPER - 000010,163,1.0
JASPER - 000011,163,1.0
JASPER - 000012,163,1.0
JASPER - 000013,163,1.0
JASPER - 000014,163,1.0
JASPER - 000015,127,1.0
JASPER - 000016,161,1.0
JASPER - 000017,161,1.0
JASPER - 000018,161,1.0
JASPER - 000019,162,1.0
JASPER - 000020,161,1.0
JASPER - 000021,162,1.0
JASPER - 000022,161,1.0
JASPER - 000023,161,1.0
JASPER - 000024,161,1.0
JASPER - 000026,163,1.0
JASPER - 000027,163,1.0
JASPER - 000029,161,1.0
JASPER - 000030,162,1.0
JASPER - 000031,127,1.0
JASPER - 000032,163,1.0
JASPER - 000033,127,1.0
JASPER - 000034,163,1.0
JASPER - 000035,163,1.0
JASPER - 000036,162,1.0
JASPER - 000037,127,1.0
JASPER - 000038,127,1.0
JASPER - 000040,163,1.0
JASPER - 000041,127,1.0
JASPER - 000042,163,1.0
JASPER - 000043,162,1.0
JASPER - 000044,162,1.0
JASPER - 000045,162,1.0
JASPER - 000046,163,1.0
JASPER - 000047,162,1.0
JASPER - 16-004,162,1.0
JASPER - 16-026,161,1.0
JEFFERSON - 000002,114,1.0
JEFFERSON - 000004,112,1.0
JEFFERSON - 000006,113,1.0
JEFFERSON - 000007,113,1.0
JEFFERSON - 000008,113,1.0
JEFFERSON - 000009,113,1.0
JEFFERSON - 000010,115,1.0
JEFFERSON - 000011,113,1.0
JEFFERSON - 000013,111,1.0
JEFFERSON - 000014,111,1.0
JEFFERSON - 000015,111,1.0
JEFFERSON - 000016,111,1.0
JEFFERSON - 000017,111,1.0
JEFFERSON - 000018,111,1.0
JEFFERSON - 000020,114,1.0
JEFFERSON - 000021,115,1.0
JEFFERSON - 000022,114,1.0
JEFFERSON - 000023,114,1.0
JEFFERSON - 000024,113,1.0
JEFFERSON - 000026,111,1.0
JEFFERSON - 000028,115,1.0
JEFFERSON - 000029,115,1.0
JEFFERSON - 000030,114,1.0
JEFFERSON - 000031,114,1.0
JEFFERSON - 000034,97,1.0
JEFFERSON - 000036,111,1.0
JEFFERSON - 000037,115,1.0
JEFFERSON - 000038,111,1.0
JEFFERSON - 000039,111,1.0
JEFFERSON - 000040,114,1.0
JEFFERSON - 000043,111,1.0
JEFFERSON - 000044,112,1.0
JEFFERSON - 000045,112,1.0
JEFFERSON - 000047,112,1.0
JEFFERSON - 000048,115,1.0
JEFFERSON - 000050,113,1.0
JEFFERSON - 000051,111,1.0
JEFFERSON - 000052,114,1.0
JEFFERSON - 000054,112,1.0
JEFFERSON - 000056,112,1.0
JEFFERSON - 000057,111,1.0
JEFFERSON - 000058,113,1.0
JEFFERSON - 000061,97,1.0
JEFFERSON - 000062,115,1.0
JEFFERSON - 000063,115,1.0
JEFFERSON - 000064,97,1.0
JEFFERSON - 000065,114,1.0
JEFFERSON - 000068,115,1.0
JEFFERSON - 000069,114,1.0
JEFFERSON - 000070,112,1.0
JEFFERSON - 000071,112,1.0
JEFFERSON - 000074,111,1.0
JEFFERSON - 000075,97,1.0
JEFFERSON - 000077,97,1.0
JEFFERSON - 000078,111,1.0
JEFFERSON - 000079,97,1.0
JEFFERSON - 000080,115,1.0
JEFFERSON - 000081,115,1.0
JEFFERSON - 000083,115,1.0
JEFFERSON - 000085,115,1.0
JEFFERSON - 000086,115,1.0
JEFFERSON - 000087,113,1.0
JEFFERSON - 13-107,114,1.0
JEFFERSON - 16-088,111,1.0
JEFFERSON - 16-089,97,1.0
JEFFERSON - 16-090,97,1.0
JEFFERSON - 16-091,97,1.0
JEFFERSON - 16-092,97,1.0
JEFFERSON - 16-093,111,1.0
JEFFERSON - 16-094,115,1.0
JEFFERSON - 16-095,115,1.0
JEFFERSON - 16-096,112,1.0
JEFFERSON - 16-097,112,1.0
JEFFERSON - 16-098,112,1.0
JEFFERSON - 16-099,111,1.0
JEFFERSON - 16-100,111,1.0
JEFFERSON - 16-102,114,1.0
JEFFERSON - 16-103,114,1.0
JEFFERSON - 16-104,114,1.0
JEFFERSON - 16-105,114,1.0
JEFFERSON - 16-106,114,1.0
JEFFERSON - 16-107,114,1.0
JEFFERSON - 16-108,114,1.0
JEFFERSON - 16-109,114,1.0
JEFFERSON - 16-110,114,1.0
JEFFERSON - 16-111,114,1.0
JEFFERSON - 16-112,114,1.0
JEFFERSON - 16-115,115,1.0
JOHNSON - 000002,57,1.0
JOHNSON - 000003,54,1.0
JOHNSON - 000004,57,1.0
JOHNSON - 000005,54,1.0
JOHNSON - 000006,57,1.0
JOHNSON - 000007,57,1.0
JOHNSON - 000008,54,1.0
JOHNSON - 000009,54,1.0
JOHNSON - 000010,54,1.0
JOHNSON - 000011,54,1.0
JOHNSON - 000012,54,1.0
JOHNSON - 000013,54,1.0
JOHNSON - 000014,54,1.0
JOHNSON - 000015,57,1.0
JOHNSON - 000016,54,1.0
JOHNSON - 000017,54,1.0
JOHNSON - 000018,54,1.0
JOHNSON - 000019,54,1.0
JOHNSON - 000020,57,1.0
JOHNSON - 000021,57,1.0
KNOX - 000002,4,1.0
KNOX - 000003,4,1.0
KNOX - 000004,4,1.0
KNOX - 000005,4,1.0
KNOX - 000006,4,1.0
KNOX - 000007,4,1.0
LACLEDE - 000002,141,1.0
LACLEDE - 000004,141,1.0
LACLEDE - 000005,141,1.0
LACLEDE - 000006,142,1.0
LACLEDE - 000007,141,1.0
LACLEDE - 000008,141,1.0
LACLEDE - 000009,141,1.0
LACLEDE - 000010,141,1.0
LACLEDE - 000011,141,1.0
LACLEDE - 000012,141,1.0
LACLEDE - 000013,141,1.0
LACLEDE - 000014,141,1.0
LACLEDE - 000015,141,1.0
LACLEDE - 000016,141,1.0
LACLEDE - 000017,141,1.0
LACLEDE - 000018,142,1.0
LACLEDE - 000019,141,1.0
LACLEDE - 000020,141,1.0
LACLEDE - 000022,141,1.0
LACLEDE - 000023,142,1.0
LACLEDE - 16-024,141,1.0
LACLEDE - 16-025,141,1.0
LACLEDE - 16-026,142,1.0
LACLEDE - 16-027,141,1.0
LAFAYETTE - 000002,51,1.0
LAFAYETTE - 000003,51,1.0
LAFAYETTE - 000004,51,1.0
LAFAYETTE - 000005,51,1.0
LAFAYETTE - 000006,53,1.0
LAFAYETTE - 000007,51,1.0
LAFAYETTE - 000008,51,1.0
LAFAYETTE - 000009,53,1.0
LAFAYETTE - 000010,51,1.0
LAFAYETTE - 000011,53,1.0
LAFAYETTE - 000012,53,1.0
LAFAYETTE - 000013,53,1.0
LAFAYETTE - 000014,53,1.0
LAFAYETTE - 000015,53,1.0
LAFAYETTE - 000016,51,1.0
LAFAYETTE - 000017,53,1.0
LAFAYETTE - 000018,53,1.0
LAFAYETTE - 000019,51,1.0
LAFAYETTE - 000020,51,1.0
LAFAYETTE - 000021,53,1.0
LAWRENCE - 000002,157,1.0
LAWRENCE - 000003,157,1.0
LAWRENCE - 000004,157,1.0
LAWRENCE - 000005,157,1.0
LAWRENCE - 000006,157,1.0
LAWRENCE - 000007,157,1.0
LAWRENCE - 000008,157,1.0
LAWRENCE - 000009,157,1.0
LAWRENCE - 000010,157,1.0
LAWRENCE - 000011,157,1.0
LAWRENCE - 000012,157,1.0
LAWRENCE - 000013,157,1.0
LAWRENCE - 000014,157,1.0
LAWRENCE - 000015,157,1.0
LAWRENCE - 000016,157,1.0
LAWRENCE - 000017,157,1.0
LAWRENCE - 000018,157,1.0
LAWRENCE - 000019,157,1.0
LAWRENCE - 000020,157,1.0
LEWIS - 000002,4,1.0
LEWIS - 000003,4,1.0
LEWIS - 000006,4,1.0
LEWIS - 000007,4,1.0
LEWIS - 000008,4,1.0
LEWIS - 000011,4,1.0
LINCOLN - 000002,41,1.0
LINCOLN - 000003,41,1.0
LINCOLN - 000004,41,1.0
LINCOLN - 000005,40,1.0
LINCOLN - 000008,40,1.0
LINCOLN - 000009,40,1.0
LINCOLN - 000011,40,1.0
LINCOLN - 000012,41,1.0
LINCOLN - 000013,41,1.0
LINCOLN - 000014,40,1.0
LINCOLN - 000015,40,1.0
LINCOLN - 000017,40,1.0
LINCOLN - 000018,41,1.0
LINCOLN - 000019,41,1.0
LINCOLN - 000020,41,1.0
LINCOLN - 000021,41,1.0
LINCOLN - 000023,40,1.0
LINCOLN - 000024,40,1.0
LINCOLN - 000025,41,1.0
LINN - 000002,7,1.0
LINN - 000003,7,1.0
LINN - 000004,7,1.0
LINN - 000005,7,1.0
LINN - 000006,7,1.0
LINN - 000007,7,1.0
LINN - 000008,7,1.0
LINN - 000009,7,1.0
LINN - 000010,7,1.0
LINN - 000011,7,1.0
LINN - 000012,7,1.0
LINN - 000013,7,1.0
LINN - 000014,7,1.0
LINN - 000015,7,1.0
LINN - 000016,7,1.0
LINN - 000017,7,1.0
LINN - 000018,7,1.0
LINN - 000019,7,1.0
LINN - 000020,7,1.0
LINN - 000021,7,1.0
LINN - 000022,7,1.0
LINN - 000023,7,1.0
LINN - 000024,7,1.0
LIVINGSTON - 000005,7,1.0
LIVINGSTON - 000006,7,1.0
LIVINGSTON - 000007,7,1.0
LIVINGSTON - 000008,7,1.0
LIVINGSTON - 000009,7,1.0
LIVINGSTON - 000010,7,1.0
LIVINGSTON - 000011,7,1.0
LIVINGSTON - 000012,7,1.0
LIVINGSTON - 000013,7,1.0
LIVINGSTON - 000014,7,1.0
LIVINGSTON - 000015,7,1.0
MACON - 000002,6,1.0
MACON - 000003,6,1.0
MACON - 000004,6,1.0
MACON - 000005,6,1.0
MACON - 000007,6,1.0
MACON - 000008,6,1.0
MACON - 000010,6,1.0
MACON - 000011,6,1.0
MACON - 000012,6,1.0
MACON - 000013,6,1.0
MACON - 12-014,6,1.0
MADISON - 000002,116,1.0
MADISON - 000003,144,1.0
MADISON - 000004,116,1.0
MADISON - 000005,116,1.0
MADISON - 000006,116,1.0
MADISON - 000007,144,1.0
MADISON - 000008,116,1.0
MARIES - 000002,143,1.0
MARIES - 000003,143,1.0
MARIES - 000004,143,1.0
MARIES - 000005,143,1.0
MARIES - 000006,143,1.0
MARIES - 000007,143,1.0
MARIES - 000008,143,1.0
MARIES - 000009,143,1.0
MARIES - 000010,143,1.0
MARION - 000002,5,1.0
MARION - 000003,5,1.0
MARION - 000004,5,1.0
MARION - 000006,5,1.0
MARION - 000008,5,1.0
MARION - 000009,5,1.0
MARION - 000013,5,1.0
MARION - 000014,5,1.0
MARION - 000016,5,1.0
MARION - 000019,5,1.0
MARION - 000022,5,1.0
MARION - 000023,5,1.0
MARION - 16-020,5,1.0
MARION - 16-030,5,1.0
MARION - 16-031,5,1.0
MARION - 16-032,5,1.0
MARION - 16-033,5,1.0
MARION - 16-034,5,1.0
MCDONALD - 000002,159,1.0
MCDONALD - 000003,159,1.0
MCDONALD - 000004,159,1.0
MCDONALD - 000006,158,1.0
MCDONALD - 000007,159,1.0
MCDONALD - 000008,159,1.0
MCDONALD - 000009,159,1.0
MCDONALD - 000010,159,1.0
MCDONALD - 000011,159,1.0
MCDONALD - 000012,159,1.0
MCDONALD - 000013,159,1.0
MCDONALD - 000014,158,1.0
MCDONALD - 000015,159,1.0
MCDONALD - 000016,159,1.0
MCDONALD - 000017,159,1.0
MCDONALD - 000018,159,1.0
MCDONALD - 000019,159,1.0
MCDONALD - 000020,158,1.0
MERCER - 000002,3,1.0
MERCER - 000003,3,1.0
MERCER - 000004,3,1.0
MERCER - 000005,3,1.0
MERCER - 000006,3,1.0
MERCER - 000007,3,1.0
MERCER - 000008,3,1.0
MERCER - 000009,3,1.0
MERCER - 000010,3,1.0
MILLER - 000005,124,1.0
MILLER - 000008,124,1.0
MILLER - 000009,124,1.0
MILLER - 000011,124,1.0
MILLER - 000012,124,1.0
MILLER - 000013,124,1.0
MILLER - 000016,124,1.0
MILLER - 000018,61,1.0
MILLER - 000019,124,1.0
MILLER - 000020,124,1.0
MILLER - 000023,124,1.0
MILLER - 000029,124,1.0
MISSISSIPPI - 000002,149,1.0
MISSISSIPPI - 000003,149,1.0
MISSISSIPPI - 000004,149,1.0
MISSISSIPPI - 000005,149,1.0
MISSISSIPPI - 000006,149,1.0
MISSISSIPPI - 000007,149,1.0
MISSISSIPPI - 000008,149,1.0
MISSISSIPPI - 000009,149,1.0
MISSISSIPPI - 000010,149,1.0
MISSISSIPPI - 000011,149,1.0
MISSISSIPPI - 000012,149,1.0
MISSISSIPPI - 000013,149,1.0
MISSISSIPPI - 000014,149,1.0
MISSISSIPPI - 000015,149,1.0
MISSISSIPPI - 000016,149,1.0
MISSISSIPPI - 000017,149,1.0
MISSISSIPPI - 000018,149,1.0
MISSISSIPPI - 000019,149,1.0
MISSISSIPPI - 000020,149,1.0
MISSISSIPPI - 000021,149,1.0
MISSISSIPPI - 000022,149,1.0
MISSISSIPPI - 000023,149,1.0
MONITEAU - 000002,58,1.0
MONITEAU - 000003,58,1.0
MONITEAU - 000004,58,1.0
MONITEAU - 000005,58,1.0
MONITEAU - 000006,58,1.0
MONITEAU - 000007,58,1.0
MONITEAU - 000008,58,1.0
MONITEAU - 000009,58,1.0
MONITEAU - 000010,58,1.0
MONITEAU - 000011,58,1.0
MONITEAU - 000012,58,1.0
MONITEAU - 000013,58,1.0
MONROE - 000002,43,1.0
MONROE - 000003,43,1.0
MONROE - 000004,43,1.0
MONROE - 000005,43,1.0
MONROE - 000006,4,1.0
MONROE - 000007,43,1.0
MONROE - 000008,43,1.0
MONROE - 000009,43,1.0
MONROE - 16-014,43,1.0
MONROE - 16-015,43,1.0
MONROE - 16-020,43,1.0
MONROE - 16-021,43,1.0
MONTGOMERY - 000002,61,1.0
MONTGOMERY - 000003,61,1.0
MONTGOMERY - 000004,42,1.0
MONTGOMERY - 000005,61,1.0
MONTGOMERY - 000006,42,1.0
MONTGOMERY - 000007,42,1.0
MONTGOMERY - 000008,42,1.0
MONTGOMERY - 000010,61,1.0
MONTGOMERY - 000011,61,1.0
MORGAN - 000002,58,1.0
MORGAN - 000003,58,1.0
MORGAN - 000004,58,1.0
MORGAN - 000005,58,1.0
MORGAN - 000006,58,1.0
MORGAN - 000007,58,1.0
MORGAN - 000008,58,1.0
MORGAN - 000009,58,1.0
MORGAN - 000010,58,1.0
MORGAN - 000011,58,1.0
MORGAN - 000012,58,1.0
MORGAN - 000013,58,1.0
MORGAN - 000014,58,1.0
MORGAN - 000015,58,1.0
MORGAN - 000016,58,1.0
MORGAN - 000017,58,1.0
NEW MADRID - 000002,149,1.0
NEW MADRID - 000003,149,1.0
NEW MADRID - 000004,149,1.0
NEW MADRID - 000005,149,1.0
NEW MADRID - 000006,149,1.0
NEW MADRID - 000007,149,1.0
NEW MADRID - 000008,149,1.0
NEW MADRID - 000009,149,1.0
NEW MADRID - 000010,149,1.0
NEW MADRID - 000011,149,1.0
NEW MADRID - 000012,149,1.0
NEW MADRID - 000013,149,1.0
NEW MADRID - 000014,149,1.0
NEW MADRID - 000015,149,1.0
NEW MADRID - 000016,149,1.0
NEW MADRID - 000017,149,1.0
NEW MADRID - 000018,149,1.0
NEW MADRID - 000019,149,1.0
NEW MADRID - 000020,149,1.0
NEW MADRID - 000021,149,1.0
NEW MADRID - 000022,149,1.0
NEW MADRID - 000023,149,1.0
NEW MADRID - 000024,149,1.0
NEW MADRID - 000025,149,1.0
NEW MADRID - 000026,149,1.0
NEW MADRID - 000027,149,1.0
NEW MADRID - 000028,149,1.0
NEW MADRID - 000029,149,1.0
NEW MADRID - 000030,149,1.0
NEW MADRID - 000031,149,1.0
NEWTON - 000002,160,1.0
NEWTON - 000003,160,1.0
NEWTON - 000004,159,1.0
NEWTON - 000005,159,1.0
NEWTON - 000006,159,1.0
NEWTON - 000007,159,1.0
NEWTON - 000008,159,1.0
NEWTON - 000009,159,1.0
NEWTON - 000010,159,1.0
NEWTON - 000011,160,1.0
NEWTON - 000012,159,1.0
NEWTON - 000013,159,1.0
NEWTON - 000014,160,1.0
NEWTON - 000015,159,1.0
NEWTON - 000016,160,1.0
NEWTON - 000017,159,1.0
NEWTON - 000018,160,1.0
NEWTON - 16-021,160,1.0
NEWTON - 16-027,160,1.0
NEWTON - 16-028,160,1.0
NEWTON - 16-029,160,1.0
NEWTON - 16-030,160,1.0
NEWTON - 16-032,160,1.0
NODAWAY - 000002,1,1.0
NODAWAY - 000003,1,1.0
NODAWAY - 000004,1,1.0
NODAWAY - 000005,1,1.0
NODAWAY - 000006,1,1.0
NODAWAY - 000007,1,1.0
NODAWAY - 000008,1,1.0
NODAWAY - 000009,1,1.0
NODAWAY - 000010,1,1.0
NODAWAY - 000011,1,1.0
NODAWAY - 000012,1,1.0
NODAWAY - 000013,1,1.0
NODAWAY - 000014,1,1.0
NODAWAY - 000015,1,1.0
NODAWAY - 000016,1,1.0
NODAWAY - 000017,1,1.0
NODAWAY - 000018,1,1.0
NODAWAY - 000019,1,1.0
NODAWAY - 000020,1,1.0
OREGON - 000002,153,1.0
OREGON - 000003,153,1.0
OREGON - 000004,153,1.0
OREGON - 000005,153,1.0
OREGON - 000006,153,1.0
OREGON - 000007,153,1.0
OREGON - 000008,153,1.0
OREGON - 000009,153,1.0
OREGON - 000010,153,1.0
OREGON - 000011,153,1.0
OREGON - 000012,153,1.0
OREGON - 000013,153,1.0
OREGON - 000014,153,1.0
OREGON - 000015,153,1.0
OREGON - 000016,153,1.0
OSAGE - 000002,61,1.0
OSAGE - 000003,61,1.0
OSAGE - 000004,61,1.0
OSAGE - 000005,61,1.0
OSAGE - 000006,61,1.0
OSAGE - 000007,61,1.0
OSAGE - 000008,61,1.0
OSAGE - 000009,61,1.0
OSAGE - 000010,61,1.0
OSAGE - 000011,61,1.0
OSAGE - 000012,61,1.0
OSAGE - 000013,61,1.0
OSAGE - 000014,61,1.0
OSAGE - 000015,61,1.0
OSAGE - 000018,61,1.0
OSAGE - 000019,61,1.0
OSAGE - 000020,61,1.0
OZARK - 000002,155,1.0
OZARK - 000003,155,1.0
OZARK - 000004,155,1.0
OZARK - 000005,155,1.0
OZARK - 000006,155,1.0
OZARK - 000007,155,1.0
OZARK - 000008,155,1.0
OZARK - 000009,155,1.0
OZARK - 000010,155,1.0
OZARK - 000011,155,1.0
PEMISCOT - 000002,150,1.0
PEMISCOT - 000003,150,1.0
PEMISCOT - 000004,149,1.0
PEMISCOT - 000005,149,1.0
PEMISCOT - 000006,149,1.0
PEMISCOT - 000007,150,1.0
PEMISCOT - 000008,150,1.0
PEMISCOT - 000009,150,1.0
PEMISCOT - 000010,149,1.0
PEMISCOT - 000011,149,1.0
PEMISCOT - 000012,149,1.0
PEMISCOT - 000013,149,1.0
PEMISCOT - 000014,150,1.0
PEMISCOT - 000015,150,1.0
PEMISCOT - 000016,150,1.0
PEMISCOT - 000017,149,1.0
PEMISCOT - 000018,150,1.0
PEMISCOT - 000019,150,1.0
PEMISCOT - 000020,150,1.0
PEMISCOT - 000021,150,1.0
PERRY - 000002,145,1.0
PERRY - 000003,145,1.0
PERRY - 000004,145,1.0
PERRY - 000005,145,1.0
PERRY - 000006,145,1.0
PERRY - 000007,145,1.0
PERRY - 000008,145,1.0
PERRY - 000009,145,1.0
PERRY - 000010,145,1.0
PERRY - 000011,145,1.0
PERRY - 000012,145,1.0
PERRY - 000013,145,1.0
PERRY - 000015,145,1.0
PERRY - 000016,145,1.0
PERRY - 000017,145,1.0
PERRY - 16-018,145,1.0
PERRY - 16-019,145,1.0
PERRY - 16-020,145,1.0
PETTIS - 000002,52,1.0
PETTIS - 000003,52,1.0
PETTIS - 000004,52,1.0
PETTIS - 000005,52,1.0
PETTIS - 000006,52,1.0
PETTIS - 000007,57,1.0
PETTIS - 000008,52,1.0
PETTIS - 000009,52,1.0
PETTIS - 000010,52,1.0
PETTIS - 000011,52,1.0
PETTIS - 000012,52,1.0
PETTIS - 000013,52,1.0
PETTIS - 000014,52,1.0
PETTIS - 000015,52,1.0
PETTIS - 000016,52,1.0
PETTIS - 000017,52,1.0
PETTIS - 000018,52,1.0
PETTIS - 000019,52,1.0
PETTIS - 000020,52,1.0
PETTIS - 000021,52,1.0
PETTIS - 000022,52,1.0
PETTIS - 000023,52,1.0
PETTIS - 000024,52,1.0
PETTIS - 000025,52,1.0
PETTIS - 000026,57,1.0
PETTIS - 000027,57,1.0
PHELPS - 000002,143,1.0
PHELPS - 000003,143,1.0
PHELPS - 000004,143,1.0
PHELPS - 000005,143,1.0
PHELPS - 000006,143,1.0
PHELPS - 000007,143,1.0
PHELPS - 000008,143,1.0
PHELPS - 000009,143,1.0
PHELPS - 000010,143,1.0
PHELPS - 000011,122,1.0
PHELPS - 000012,122,1.0
PHELPS - 000013,143,1.0
PHELPS - 000014,143,1.0
PHELPS - 000015,143,1.0
PHELPS - 000016,143,1.0
PHELPS - 000017,122,1.0
PHELPS - 000018,122,1.0
PHELPS - 000019,122,1.0
PHELPS - 000020,122,1.0
PHELPS - 000021,122,1.0
PHELPS - 000022,122,1.0
PHELPS - 000023,122,1.0
PHELPS - 000024,122,1.0
PHELPS - 000025,122,1.0
PHELPS - 000026,143,1.0
PHELPS - 000027,143,1.0
PHELPS - 000028,122,1.0
PHELPS - 000029,122,1.0
PHELPS - 000030,122,1.0
PHELPS - 000031,122,1.0
PHELPS - 000032,122,1.0
PHELPS - 000033,122,1.0
PHELPS - 000034,122,1.0
PHELPS - 000035,122,1.0
PHELPS - 000036,122,1.0
PHELPS - 000037,122,1.0
PIKE - 000002,40,1.0
PIKE - 000003,40,1.0
PIKE - 000004,40,1.0
PIKE - 000005,40,1.0
PIKE - 000006,40,1.0
PIKE - 000007,40,1.0
PIKE - 000008,40,1.0
PIKE - 000009,40,1.0
PIKE - 000010,40,1.0
PIKE - 000011,40,1.0
PIKE - 000012,40,1.0
PIKE - 000013,40,1.0
PIKE - 000014,40,1.0
PIKE - 000015,40,1.0
PLATTE - 000002,14,1.0
PLATTE - 000003,14,1.0
PLATTE - 000004,14,1.0
PLATTE - 000005,13,1.0
PLATTE - 000006,13,1.0
PLATTE - 000007,13,1.0
PLATTE - 000008,13,1.0
PLATTE - 000009,13,1.0
PLATTE - 000010,14,1.0
PLATTE - 000011,13,1.0
PLATTE - 000012,14,1.0
PLATTE - 000013,13,1.0
PLATTE - 000014,13,1.0
PLATTE - 000015,12,1.0
PLATTE - 000016,13,1.0
PLATTE - 000017,14,1.0
PLATTE - 000018,13,1.0
PLATTE - 000019,12,1.0
PLATTE - 000020,14,1.0
PLATTE - 000021,13,1.0
PLATTE - 000022,13,1.0
PLATTE - 000023,12,1.0
PLATTE - 000024,12,1.0
PLATTE - 000025,12,1.0
PLATTE - 000026,14,1.0
PLATTE - 000027,14,1.0
PLATTE - 000028,12,1.0
PLATTE - 000029,13,1.0
PLATTE - 000030,13,1.0
PLATTE - 000031,14,1.0
PLATTE - 000032,12,1.0
PLATTE - 000033,13,1.0
PLATTE - 000034,13,1.0
PLATTE - 000035,12,1.0
PLATTE - 000036,13,1.0
PLATTE - 000037,13,1.0
PLATTE - 000038,13,1.0
PLATTE - 000039,12,1.0
PLATTE - 000040,13,1.0
PLATTE - 000041,13,1.0
PLATTE - 000042,14,1.0
PLATTE - 000043,13,1.0
PLATTE - 000044,13,1.0
POLK - 000002,128,1.0
POLK - 000003,128,1.0
POLK - 000004,128,1.0
POLK - 000005,128,1.0
POLK - 000006,128,1.0
POLK - 000007,128,1.0
POLK - 000008,128,1.0
POLK - 000009,128,1.0
POLK - 000010,128,1.0
POLK - 000011,128,1.0
POLK - 000012,128,1.0
POLK - 000013,128,1.0
POLK - 000014,128,1.0
POLK - 000015,128,1.0
POLK - 000016,128,1.0
POLK - 000017,128,1.0
POLK - 000018,128,1.0
POLK - 000019,128,1.0
POLK - 000020,128,1.0
POLK - 000021,128,1.0
POLK - 000022,128,1.0
POLK - 000023,128,1.0
PULASKI - 000002,121,1.0
PULASKI - 000003,124,1.0
PULASKI - 000004,124,1.0
PULASKI - 000006,124,1.0
PULASKI - 000007,124,1.0
PULASKI - 000008,121,1.0
PULASKI - 000009,124,1.0
PULASKI - 000010,121,1.0
PUTNAM - 000002,3,1.0
PUTNAM - 000003,3,1.0
PUTNAM - 000004,3,1.0
PUTNAM - 000005,3,1.0
PUTNAM - 000006,3,1.0
PUTNAM - 000007,3,1.0
PUTNAM - 000008,3,1.0
PUTNAM - 000009,3,1.0
PUTNAM - 000010,3,1.0
PUTNAM - 000011,3,1.0
PUTNAM - 000012,3,1.0
PUTNAM - 000013,3,1.0
RALLS - 000002,5,1.0
RALLS - 000003,5,1.0
RALLS - 000004,5,1.0
RALLS - 000005,5,1.0
RALLS - 000007,5,1.0
RALLS - 000009,5,1.0
RALLS - 000010,5,1.0
RANDOLPH - 000002,6,1.0
RANDOLPH - 000003,6,1.0
RANDOLPH - 000004,48,1.0
RANDOLPH - 000005,6,1.0
RANDOLPH - 000006,48,1.0
RANDOLPH - 000007,6,1.0
RANDOLPH - 000008,6,1.0
RANDOLPH - 000009,6,1.0
RANDOLPH - 000010,48,1.0
RANDOLPH - 000011,6,1.0
RANDOLPH - 000012,6,1.0
RANDOLPH - 000013,48,1.0
RANDOLPH - 000014,6,1.0
RANDOLPH - 000015,48,1.0
RANDOLPH - 000016,6,1.0
RANDOLPH - 000017,48,1.0
RAY - 000002,53,1.0
RAY - 000003,7,1.0
RAY - 000004,53,1.0
RAY - 000005,53,1.0
RAY - 000006,7,1.0
RAY - 000007,53,1.0
RAY - 000008,53,1.0
RAY - 000009,7,1.0
RAY - 000010,53,1.0
RAY - 000011,7,1.0
RAY - 000012,53,1.0
RAY - 000013,53,1.0
RAY - 000014,7,1.0
RAY - 000015,53,1.0
RAY - 000016,53,1.0
RAY - 000017,53,1.0
RAY - 000018,53,1.0
RAY - 000019,53,1.0
REYNOLDS - 000002,144,1.0
REYNOLDS - 000003,144,1.0
REYNOLDS - 000004,144,1.0
REYNOLDS - 000005,144,1.0
REYNOLDS - 000006,144,1.0
REYNOLDS - 000007,144,1.0
REYNOLDS - 000008,144,1.0
REYNOLDS - 000009,144,1.0
REYNOLDS - 000010,144,1.0
REYNOLDS - 000011,144,1.0
REYNOLDS - 000012,144,1.0
REYNOLDS - 000013,144,1.0
REYNOLDS - 000014,144,1.0
RIPLEY - 000002,153,1.0
RIPLEY - 000005,153,1.0
RIPLEY - 000006,153,1.0
RIPLEY - 000007,153,1.0
RIPLEY - 000008,153,1.0
RIPLEY - 000010,153,1.0
RIPLEY - 000011,153,1.0
RIPLEY - 000012,153,1.0
SALINE - 000003,51,1.0
SALINE - 000004,51,1.0
SALINE - 000005,51,1.0
SALINE - 000006,51,1.0
SALINE - 000007,51,1.0
SALINE - 000008,51,1.0
SALINE - 000010,51,1.0
SALINE - 000011,51,1.0
SALINE - 000012,51,1.0
SALINE - 16-013,51,1.0
SALINE - 16-014,51,1.0
SALINE - 16-015,51,1.0
SALINE - 16-016,51,1.0
SCHUYLER - 000002,4,1.0
SCHUYLER - 000003,4,1.0
SCHUYLER - 000004,4,1.0
SCHUYLER - 000005,4,1.0
SCHUYLER - 000006,4,1.0
SCHUYLER - 000007,4,1.0
SCHUYLER - 000008,4,1.0
SCHUYLER - 000009,4,1.0
SCHUYLER - 000010,4,1.0
SCOTLAND - 000002,4,1.0
SCOTLAND - 000003,4,1.0
SCOTLAND - 000004,4,1.0
SCOTLAND - 000005,4,1.0
SCOTLAND - 000006,4,1.0
SCOTLAND - 000007,4,1.0
SCOTLAND - 000008,4,1.0
SCOTT - 000003,148,1.0
SCOTT - 000004,148,1.0
SCOTT - 000006,148,1.0
SCOTT - 000007,148,1.0
SCOTT - 000009,148,1.0
SCOTT - 000010,148,1.0
SCOTT - 000011,148,1.0
SCOTT - 000012,148,1.0
SCOTT - 000013,148,1.0
SCOTT - 000014,148,1.0
SCOTT - 000015,148,1.0
SCOTT - 000016,148,1.0
SCOTT - 000017,148,1.0
SCOTT - 000019,148,1.0
SCOTT - 000021,148,1.0
SCOTT - 000022,148,1.0
SCOTT - 000023,148,1.0
SCOTT - 12-001,148,1.0
SCOTT - 12-002,148,1.0
SHANNON - 000002,153,1.0
SHANNON - 000003,144,1.0
SHANNON - 000004,144,1.0
SHANNON - 000005,153,1.0
SHANNON - 000006,153,1.0
SHANNON - 000007,144,1.0
SHANNON - 000008,144,1.0
SHANNON - 000009,153,1.0
SHANNON - 000010,144,1.0
SHANNON - 000011,144,1.0
SHELBY - 000002,4,1.0
SHELBY - 000003,4,1.0
SHELBY - 000004,4,1.0
SHELBY - 000005,4,1.0
SHELBY - 000006,4,1.0
SHELBY - 000007,4,1.0
SHELBY - 000008,4,1.0
SHELBY - 000009,4,1.0
ST. CHARLES - 000001,65,1.0
ST. CHARLES - 000004,65,1.0
ST. CHARLES - 000005,65,1.0
ST. CHARLES - 000014,105,1.0
ST. CHARLES - 000015,105,1.0
ST. CHARLES - 000016,105,1.0
ST. CHARLES - 000021,106,1.0
ST. CHARLES - 000022,105,1.0
ST. CHARLES - 000024,105,1.0
ST. CHARLES - 000025,104,1.0
ST. CHARLES - 000028,105,1.0
ST. CHARLES - 000031,105,1.0
ST. CHARLES - 000033,106,1.0
ST. CHARLES - 000034,106,1.0
ST. CHARLES - 000036,106,1.0
ST. CHARLES - 000041,106,1.0
ST. CHARLES - 000043,65,1.0
ST. CHARLES - 000045,65,1.0
ST. CHARLES - 000047,105,1.0
ST. CHARLES - 000051,106,1.0
ST. CHARLES - 000054,106,1.0
ST. CHARLES - 000056,106,1.0
ST. CHARLES - 000057,106,1.0
ST. CHARLES - 000062,106,1.0
ST. CHARLES - 000063,106,1.0
ST. CHARLES - 000071,105,1.0
ST. CHARLES - 000080,69,1.0
ST. CHARLES - 000083,69,1.0
ST. CHARLES - 000084,69,1.0
ST. CHARLES - 000085,69,1.0
ST. CHARLES - 000086,69,1.0
ST. CHARLES - 000087,69,1.0
ST. CHARLES - 000091,69,1.0
ST. CHARLES - 000100,104,1.0
ST. CHARLES - 000101,104,1.0
ST. CHARLES - 000102,104,1.0
ST. CHARLES - 000103,104,1.0
ST. CHARLES - 000104,104,1.0
ST. CHARLES - 000106,104,1.0
ST. CHARLES - 000107,104,1.0
ST. CHARLES - 000111,102,1.0
ST. CHARLES - 000113,104,1.0
ST. CHARLES - 000121,65,1.0
ST. CHARLES - 000122,65,1.0
ST. CHARLES - 000124,65,1.0
ST. CHARLES - 000126,102,1.0
ST. CHARLES - 000128,104,1.0
ST. CHARLES - 000129,102,1.0
ST. CHARLES - 000130,102,1.0
ST. CHARLES - 000131,104,1.0
ST. CHARLES - 000132,104,1.0
ST. CHARLES - 000139,103,1.0
ST. CHARLES - 000140,103,1.0
ST. CHARLES - 000143,103,1.0
ST. CHARLES - 000144,65,1.0
ST. CHARLES - 000145,65,1.0
ST. CHARLES - 000146,65,1.0
ST. CHARLES - 000147,102,1.0
ST. CHARLES - 000148,65,1.0
ST. CHARLES - 000149,65,1.0
ST. CHARLES - 000150,102,1.0
ST. CHARLES - 000151,103,1.0
ST. CHARLES - 000152,102,1.0
ST. CHARLES - 000153,103,1.0
ST. CHARLES - 000154,65,1.0
ST. CHARLES - 000155,65,1.0
ST. CHARLES - 000156,65,1.0
ST. CHARLES - 000157,103,1.0
ST. CHARLES - 000159,103,1.0
ST. CHARLES - 000160,103,1.0
ST. CHARLES - 000161,64,1.0
ST. CHARLES - 000162,103,1.0
ST. CHARLES - 000163,64,1.0
ST. CHARLES - 000165,64,1.0
ST. CHARLES - 000166,64,1.0
ST. CHARLES - 000167,64,1.0
ST. CHARLES - 000169,64,1.0
ST. CHARLES - 000170,107,1.0
ST. CHARLES - 000173,103,1.0
ST. CHARLES - 000181,63,1.0
ST. CHARLES - 000182,63,1.0
ST. CHARLES - 000183,64,1.0
ST. CHARLES - 000184,64,1.0
ST. CHARLES - 000185,64,1.0
ST. CHARLES - 000186,63,1.0
ST. CHARLES - 000187,63,1.0
ST. CHARLES - 000189,102,1.0
ST. CHARLES - 000190,63,1.0
ST. CHARLES - 000193,103,1.0
ST. CHARLES - 000194,103,1.0
ST. CHARLES - 000196,108,1.0
ST. CHARLES - 000197,108,1.0
ST. CHARLES - 000198,108,1.0
ST. CHARLES - 000199,108,1.0
ST. CHARLES - 000200,108,1.0
ST. CHARLES - 000202,108,1.0
ST. CHARLES - 000203,107,1.0
ST. CHARLES - 000205,107,1.0
ST. CHARLES - 000206,107,1.0
ST. CHARLES - 000207,107,1.0
ST. CHARLES - 000208,107,1.0
ST. CHARLES - 000210,108,1.0
ST. CHARLES - 000211,107,1.0
ST. CHARLES - 000212,107,1.0
ST. CHARLES - 000213,108,1.0
ST. CHARLES - 000214,108,1.0
ST. CHARLES - 000215,107,1.0
ST. CHARLES - 000217,107,1.0
ST. CHARLES - 000218,107,1.0
ST. CHARLES - 000219,107,1.0
ST. CHARLES - 000220,69,1.0
ST. CHARLES - 000221,102,1.0
ST. CHARLES - 000222,102,1.0
ST. CHARLES - 000225,102,1.0
ST. CHARLES - 000226,102,1.0
ST. CHARLES - 000227,69,1.0
ST. CHARLES - 000228,69,1.0
ST. CHARLES - 000229,102,1.0
ST. CHARLES - 000230,69,1.0
ST. CHARLES - 000231,102,1.0
ST. CHARLES - 000234,69,1.0
ST. CLAIR - 000002,126,1.0
ST. CLAIR - 000003,126,1.0
ST. CLAIR - 000004,126,1.0
ST. CLAIR - 000005,126,1.0
ST. CLAIR - 000006,126,1.0
ST. CLAIR - 000007,126,1.0
ST. CLAIR - 000008,126,1.0
ST. CLAIR - 000009,126,1.0
ST. CLAIR - 000010,126,1.0
ST. CLAIR - 000011,126,1.0
ST. CLAIR - 000012,126,1.0
ST. CLAIR - 000013,126,1.0
ST. CLAIR - 000014,126,1.0
ST. CLAIR - 000015,126,1.0
ST. CLAIR - 000016,126,1.0
ST. CLAIR - 000017,126,1.0
ST. CLAIR - 000018,126,1.0
ST. CLAIR - 000019,126,1.0
ST. FRANCOIS - 000002,117,1.0
ST. FRANCOIS - 000005,117,1.0
ST. FRANCOIS - 000006,116,1.0
ST. FRANCOIS - 000007,117,1.0
ST. FRANCOIS - 000008,117,1.0
ST. FRANCOIS - 000009,117,1.0
ST. FRANCOIS - 000010,116,1.0
ST. FRANCOIS - 000011,117,1.0
ST. FRANCOIS - 000012,117,1.0
ST. FRANCOIS - 000013,116,1.0
ST. FRANCOIS - 000014,116,1.0
ST. FRANCOIS - 000016,116,1.0
ST. FRANCOIS - 000017,116,1.0
ST. FRANCOIS - 000018,117,1.0
ST. FRANCOIS - 000019,117,1.0
ST. FRANCOIS - 000020,116,1.0
ST. FRANCOIS - 000021,117,1.0
ST. FRANCOIS - 000023,117,1.0
ST. FRANCOIS - 000024,117,1.0
ST. FRANCOIS - 000025,117,1.0
ST. FRANCOIS - 000026,117,1.0
ST. FRANCOIS - 000027,117,1.0
ST. LOUIS - 000003,84,1.0
ST. LOUIS - 000004,76,1.0
ST. LOUIS - 000005,76,1.0
ST. LOUIS - 000006,77,1.0
ST. LOUIS - 000007,84,1.0
ST. LOUIS - 000008,77,1.0
ST. LOUIS - 000010,76,1.0
ST. LOUIS - 000011,76,1.0
ST. LOUIS - 000012,76,1.0
ST. LOUIS - 000014,76,1.0
ST. LOUIS - 000017,79,1.0
ST. LOUIS - 000019,76,1.0
ST. LOUIS - 000020,79,1.0
ST. LOUIS - 000022,76,1.0
ST. LOUIS - 000023,76,1.0
ST. LOUIS - 000025,79,1.0
ST. LOUIS - 000026,79,1.0
ST. LOUIS - 000027,77,1.0
ST. LOUIS - 000028,77,1.0
ST. LOUIS - 000030,77,1.0
ST. LOUIS - 000031,77,1.0
ST. LOUIS - 000032,78,1.0
ST. LOUIS - 000033,78,1.0
ST. LOUIS - 000035,76,1.0
ST. LOUIS - 000036,78,1.0
ST. LOUIS - 000037,76,1.0
ST. LOUIS - 000040,78,1.0
ST. LOUIS - 000041,79,1.0
ST. LOUIS - 000042,78,1.0
ST. LOUIS - 000043,79,1.0
ST. LOUIS - 000044,79,1.0
ST. LOUIS - 000045,78,1.0
ST. LOUIS - 000046,80,1.0
ST. LOUIS - 000047,78,1.0
ST. LOUIS - 000048,80,1.0
ST. LOUIS - 000049,78,1.0
ST. LOUIS - 000050,78,1.0
ST. LOUIS - 000051,78,1.0
ST. LOUIS - 000052,78,1.0
ST. LOUIS - 000053,78,1.0
ST. LOUIS - 000054,76,1.0
ST. LOUIS - 000056,79,1.0
ST. LOUIS - 000057,80,1.0
ST. LOUIS - 000058,79,1.0
ST. LOUIS - 000059,79,1.0
ST. LOUIS - 000060,79,1.0
ST. LOUIS - 000061,80,1.0
ST. LOUIS - 000062,80,1.0
ST. LOUIS - 000063,79,1.0
ST. LOUIS - 000064,80,1.0
ST. LOUIS - 000066,76,1.0
ST. LOUIS - 000067,76,1.0
ST. LOUIS - 000068,76,1.0
ST. LOUIS - 000069,76,1.0
ST. LOUIS - 000070,78,1.0
ST. LOUIS - 000072,76,1.0
ST. LOUIS - 000073,82,1.0
ST. LOUIS - 000074,82,1.0
ST. LOUIS - 000075,82,1.0
ST. LOUIS - 000076,80,1.0
ST. LOUIS - 000077,80,1.0
ST. LOUIS - 000078,82,1.0
ST. LOUIS - 000079,80,1.0
ST. LOUIS - 000080,81,1.0
ST. LOUIS - 000081,81,1.0
ST. LOUIS - 000082,81,1.0
ST. LOUIS - 000083,81,1.0
ST. LOUIS - 000084,81,1.0
ST. LOUIS - 000085,81,1.0
ST. LOUIS - 000086,81,1.0
ST. LOUIS - 000087,81,1.0
ST. LOUIS - 000088,81,1.0
ST. LOUIS - 000089,82,1.0
ST. LOUIS - 000090,82,1.0
ST. LOUIS - 000091,82,1.0
ST. LOUIS - 000092,81,1.0
ST. LOUIS - 000093,81,1.0
ST. LOUIS - 000094,81,1.0
ST. LOUIS - 000095,81,1.0
ST. LOUIS - 000096,81,1.0
ST. LOUIS - 000097,81,1.0
ST. LOUIS - 000098,80,1.0
ST. LOUIS - 000099,80,1.0
ST. LOUIS - 000100,80,1.0
ST. LOUIS - 000101,80,1.0
ST. LOUIS - 000102,80,1.0
ST. LOUIS - 000103,80,1.0
ST. LOUIS - 000104,80,1.0
ST. LOUIS - 000105,80,1.0
ST. LOUIS - 000106,80,1.0
ST. LOUIS - 000107,80,1.0
ST. LOUIS - 000108,80,1.0
ST. LOUIS - 000109,80,1.0
ST. LOUIS - 000111,82,1.0
ST. LOUIS - 000112,82,1.0
ST. LOUIS - 000113,82,1.0
ST. LOUIS - 000115,82,1.0
ST. LOUIS - 000116,82,1.0
ST. LOUIS - 000117,82,1.0
ST. LOUIS - 000118,82,1.0
ST. LOUIS - 000119,77,1.0
ST. LOUIS - 000122,77,1.0
ST. LOUIS - 000124,77,1.0
ST. LOUIS - 000125,77,1.0
ST. LOUIS - 000126,77,1.0
ST. LOUIS - 000127,77,1.0
ST. LOUIS - 000128,77,1.0
ST. LOUIS - 000130,77,1.0
ST. LOUIS - 000131,77,1.0
ST. LOUIS - 000133,77,1.0
ST. LOUIS - 000134,77,1.0
ST. LOUIS - 000135,77,1.0
ST. LOUIS - 000136,79,1.0
ST. LOUIS - 000139,79,1.0
ST. LOUIS - 000140,79,1.0
ST. LOUIS - 000141,79,1.0
ST. LOUIS - 000142,79,1.0
ST. LOUIS - 000143,79,1.0
ST. LOUIS - 000144,79,1.0
ST. LOUIS - 000145,79,1.0
ST. LOUIS - 000146,78,1.0
ST. LOUIS - 000147,81,1.0
ST. LOUIS - 000148,78,1.0
ST. LOUIS - 000149,78,1.0
ST. LOUIS - 000150,78,1.0
ST. LOUIS - 000151,77,1.0
ST. LOUIS - 000152,77,1.0
ST. LOUIS - 000153,76,1.0
ST. LOUIS - 000154,76,1.0
ST. LOUIS - 000155,76,1.0
ST. LOUIS - 000156,76,1.0
ST. LOUIS - 000157,77,1.0
ST. LOUIS - 000158,84,1.0
ST. LOUIS - 000159,84,1.0
ST. LOUIS - 000160,84,1.0
ST. LOUIS - 000161,84,1.0
ST. LOUIS - 000162,84,1.0
ST. LOUIS - 000163,84,1.0
ST. LOUIS - 000164,84,1.0
ST. LOUIS - 000165,82,1.0
ST. LOUIS - 000166,82,1.0
ST. LOUIS - 000167,82,1.0
ST. LOUIS - 000168,82,1.0
ST. LOUIS - 000169,82,1.0
ST. LOUIS - 000170,82,1.0
ST. LOUIS - 000171,82,1.0
ST. LOUIS - 000172,82,1.0
ST. LOUIS - 000174,84,1.0
ST. LOUIS - 000175,82,1.0
ST. LOUIS - 000176,82,1.0
ST. LOUIS - 000177,82,1.0
ST. LOUIS - 000178,84,1.0
ST. LOUIS - 000179,84,1.0
ST. LOUIS - 000180,84,1.0
ST. LOUIS - 000182,80,1.0
ST. LOUIS - 000183,80,1.0
ST. LOUIS - 000184,80,1.0
ST. LOUIS - 000185,81,1.0
ST. LOUIS - 000186,84,1.0
ST. LOUIS - 000187,84,1.0
ST. LOUIS - 000188,84,1.0
ST. LOUIS - 000189,84,1.0
ST. LOUIS - 000190,84,1.0
ST. LOUIS - 000191,84,1.0
ST. LOUIS - 000192,84,1.0
ST. LOUIS - 000193,76,1.0
ST. LOUIS - 000194,76,1.0
ST. LOUIS - 000195,76,1.0
ST. LOUIS - 000196,76,1.0
ST. LOUIS - 000197,76,1.0
ST. LOUIS - 000198,76,1.0
ST. LOUIS - 000199,76,1.0
ST. LOUIS - 000200,77,1.0
ST. LOUIS - 000201,77,1.0
ST. LOUIS - 000202,84,1.0
ST. LOUIS - 000203,84,1.0
ST. LOUIS - 000204,84,1.0
ST. LOUIS - 000205,84,1.0
ST. LOUIS - 000206,84,1.0
ST. LOUIS - 000208,84,1.0
ST. LOUIS - 000209,77,1.0
ST. LOUIS - 001600,75,1.0
ST. LOUIS - 0AP001,73,1.0
ST. LOUIS - 0AP002,73,1.0
ST. LOUIS - 0AP003,73,1.0
ST. LOUIS - 0AP004,72,1.0
ST. LOUIS - 0AP005,73,1.0
ST. LOUIS - 0AP006,74,1.0
ST. LOUIS - 0AP007,73,1.0
ST. LOUIS - 0AP008,72,1.0
ST. LOUIS - 0AP009,74,1.0
ST. LOUIS - 0AP010,73,1.0
ST. LOUIS - 0AP011,72,1.0
ST. LOUIS - 0AP012,70,1.0
ST. LOUIS - 0AP013,74,1.0
ST. LOUIS - 0AP014,74,1.0
ST. LOUIS - 0AP015,74,1.0
ST. LOUIS - 0AP016,74,1.0
ST. LOUIS - 0AP017,70,1.0
ST. LOUIS - 0AP018,73,1.0
ST. LOUIS - 0AP019,70,1.0
ST. LOUIS - 0AP020,72,1.0
ST. LOUIS - 0AP021,73,1.0
ST. LOUIS - 0AP022,73,1.0
ST. LOUIS - 0AP023,70,1.0
ST. LOUIS - 0AP024,72,1.0
ST. LOUIS - 0AP025,74,1.0
ST. LOUIS - 0AP026,70,1.0
ST. LOUIS - 0AP027,73,1.0
ST. LOUIS - 0AP028,72,1.0
ST. LOUIS - 0AP029,70,1.0
ST. LOUIS - 0AP030,72,1.0
ST. LOUIS - 0AP031,72,1.0
ST. LOUIS - 0AP032,87,1.0
ST. LOUIS - 0AP033,72,1.0
ST. LOUIS - 0AP034,70,1.0
ST. LOUIS - 0AP035,70,1.0
ST. LOUIS - 0AP036,73,1.0
ST. LOUIS - 0AP037,74,1.0
ST. LOUIS - 0AP038,73,1.0
ST. LOUIS - 0AP039,73,1.0
ST. LOUIS - 0AP040,72,1.0
ST. LOUIS - 0AP041,87,1.0
ST. LOUIS - 0AP042,70,1.0
ST. LOUIS - 0AP043,73,1.0
ST. LOUIS - 0AP044,72,1.0
ST. LOUIS - 0AP045,74,1.0
ST. LOUIS - 0AP046,72,1.0
ST. LOUIS - 0AP047,70,1.0
ST. LOUIS - 0AP048,74,1.0
ST. LOUIS - 0AP049,72,1.0
ST. LOUIS - 0AP050,74,1.0
ST. LOUIS - 0AP051,74,1.0
ST. LOUIS - 0AP200,70,1.0
ST. LOUIS - 0AP201,87,1.0
ST. LOUIS - 0AP202,87,1.0
ST. LOUIS - 0AP203,70,1.0
ST. LOUIS - 0AP206,73,1.0
ST. LOUIS - 0AP207,70,1.0
ST. LOUIS - 0AP208,73,1.0
ST. LOUIS - 0AP211,70,1.0
ST. LOUIS - 0AP214,70,1.0
ST. LOUIS - 0AP215,73,1.0
ST. LOUIS - 0AP216,70,1.0
ST. LOUIS - 0AP217,70,1.0
ST. LOUIS - 0AP218,72,1.0
ST. LOUIS - 0AP225,73,1.0
ST. LOUIS - 0AP230,73,1.0
ST. LOUIS - 0AP232,70,1.0
ST. LOUIS - 0AP233,73,1.0
ST. LOUIS - 0AP237,73,1.0
ST. LOUIS - 0CC001,71,1.0
ST. LOUIS - 0CC002,71,1.0
ST. LOUIS - 0CC003,71,1.0
ST. LOUIS - 0CC004,71,1.0
ST. LOUIS - 0CC005,71,1.0
ST. LOUIS - 0CC006,71,1.0
ST. LOUIS - 0CC007,71,1.0
ST. LOUIS - 0CC008,87,1.0
ST. LOUIS - 0CC009,71,1.0
ST. LOUIS - 0CC010,71,1.0
ST. LOUIS - 0CC011,71,1.0
ST. LOUIS - 0CC012,99,1.0
ST. LOUIS - 0CC013,99,1.0
ST. LOUIS - 0CC014,71,1.0
ST. LOUIS - 0CC015,99,1.0
ST. LOUIS - 0CC016,71,1.0
ST. LOUIS - 0CC017,72,1.0
ST. LOUIS - 0CC018,87,1.0
ST. LOUIS - 0CC019,99,1.0
ST. LOUIS - 0CC020,89,1.0
ST. LOUIS - 0CC021,71,1.0
ST. LOUIS - 0CC022,99,1.0
ST. LOUIS - 0CC023,71,1.0
ST. LOUIS - 0CC024,99,1.0
ST. LOUIS - 0CC025,71,1.0
ST. LOUIS - 0CC026,89,1.0
ST. LOUIS - 0CC027,89,1.0
ST. LOUIS - 0CC028,71,1.0
ST. LOUIS - 0CC030,71,1.0
ST. LOUIS - 0CC031,71,1.0
ST. LOUIS - 0CC032,71,1.0
ST. LOUIS - 0CC033,71,1.0
ST. LOUIS - 0CC034,99,1.0
ST. LOUIS - 0CC035,71,1.0
ST. LOUIS - 0CC036,71,1.0
ST. LOUIS - 0CC037,71,1.0
ST. LOUIS - 0CC038,99,1.0
ST. LOUIS - 0CC039,89,1.0
ST. LOUIS - 0CC040,89,1.0
ST. LOUIS - 0CC041,71,1.0
ST. LOUIS - 0CC042,72,1.0
ST. LOUIS - 0CC043,72,1.0
ST. LOUIS - 0CC044,72,1.0
ST. LOUIS - 0CC045,71,1.0
ST. LOUIS - 0CC046,71,1.0
ST. LOUIS - 0CC047,72,1.0
ST. LOUIS - 0CC048,71,1.0
ST. LOUIS - 0CC049,71,1.0
ST. LOUIS - 0CC050,71,1.0
ST. LOUIS - 0CC051,99,1.0
ST. LOUIS - 0CC052,71,1.0
ST. LOUIS - 0CC053,71,1.0
ST. LOUIS - 0CC054,71,1.0
ST. LOUIS - 0CC055,71,1.0
ST. LOUIS - 0CC056,71,1.0
ST. LOUIS - 0CC057,72,1.0
ST. LOUIS - 0CC058,71,1.0
ST. LOUIS - 0CC201,87,1.0
ST. LOUIS - 0CC202,71,1.0
ST. LOUIS - 0CC203,71,1.0
ST. LOUIS - 0CC205,72,1.0
ST. LOUIS - 0CC208,71,1.0
ST. LOUIS - 0CC214,71,1.0
ST. LOUIS - 0CC221,87,1.0
ST. LOUIS - 0LC001,68,1.0
ST. LOUIS - 0LC002,75,1.0
ST. LOUIS - 0LC003,75,1.0
ST. LOUIS - 0LC004,75,1.0
ST. LOUIS - 0LC005,68,1.0
ST. LOUIS - 0LC006,68,1.0
ST. LOUIS - 0LC007,75,1.0
ST. LOUIS - 0LC008,67,1.0
ST. LOUIS - 0LC009,68,1.0
ST. LOUIS - 0LC010,68,1.0
ST. LOUIS - 0LC011,70,1.0
ST. LOUIS - 0LC012,67,1.0
ST. LOUIS - 0LC013,70,1.0
ST. LOUIS - 0LC014,67,1.0
ST. LOUIS - 0LC015,70,1.0
ST. LOUIS - 0LC016,70,1.0
ST. LOUIS - 0LC017,67,1.0
ST. LOUIS - 0LC018,75,1.0
ST. LOUIS - 0LC019,68,1.0
ST. LOUIS - 0LC020,75,1.0
ST. LOUIS - 0LC021,75,1.0
ST. LOUIS - 0LC022,67,1.0
ST. LOUIS - 0LC023,70,1.0
ST. LOUIS - 0LC024,70,1.0
ST. LOUIS - 0LC025,75,1.0
ST. LOUIS - 0LC026,67,1.0
ST. LOUIS - 0LC027,75,1.0
ST. LOUIS - 0LC028,67,1.0
ST. LOUIS - 0LC029,70,1.0
ST. LOUIS - 0LC030,67,1.0
ST. LOUIS - 0LC031,75,1.0
ST. LOUIS - 0LC032,67,1.0
ST. LOUIS - 0LC200,75,1.0
ST. LOUIS - 0LC203,75,1.0
ST. LOUIS - 0LC204,70,1.0
ST. LOUIS - 0LC209,70,1.0
ST. LOUIS - 0MR001,89,1.0
ST. LOUIS - 0MR002,89,1.0
ST. LOUIS - 0MR003,89,1.0
ST. LOUIS - 0MR004,89,1.0
ST. LOUIS - 0MR005,89,1.0
ST. LOUIS - 0MR006,89,1.0
ST. LOUIS - 0MR007,89,1.0
ST. LOUIS - 0MR008,89,1.0
ST. LOUIS - 0MR009,89,1.0
ST. LOUIS - 0MR010,101,1.0
ST. LOUIS - 0MR011,89,1.0
ST. LOUIS - 0MR012,89,1.0
ST. LOUIS - 0MR013,101,1.0
ST. LOUIS - 0MR014,98,1.0
ST. LOUIS - 0MR015,89,1.0
ST. LOUIS - 0MR016,101,1.0
ST. LOUIS - 0MR017,101,1.0
ST. LOUIS - 0MR018,101,1.0
ST. LOUIS - 0MR019,89,1.0
ST. LOUIS - 0MR020,101,1.0
ST. LOUIS - 0MR021,98,1.0
ST. LOUIS - 0MR022,89,1.0
ST. LOUIS - 0MR023,101,1.0
ST. LOUIS - 0MR024,89,1.0
ST. LOUIS - 0MR025,89,1.0
ST. LOUIS - 0MR026,89,1.0
ST. LOUIS - 0MR027,89,1.0
ST. LOUIS - 0MR028,89,1.0
ST. LOUIS - 0MR029,89,1.0
ST. LOUIS - 0MR030,98,1.0
ST. LOUIS - 0MR031,89,1.0
ST. LOUIS - 0MR032,101,1.0
ST. LOUIS - 0MR033,89,1.0
ST. LOUIS - 0MR034,89,1.0
ST. LOUIS - 0MR035,98,1.0
ST. LOUIS - 0MR036,89,1.0
ST. LOUIS - 0MR037,89,1.0
ST. LOUIS - 0MR038,101,1.0
ST. LOUIS - 0MR039,89,1.0
ST. LOUIS - 0MR040,89,1.0
ST. LOUIS - 0MR041,89,1.0
ST. LOUIS - 0MR042,89,1.0
ST. LOUIS - 0MR043,89,1.0
ST. LOUIS - 0MR044,89,1.0
ST. LOUIS - 0MR045,89,1.0
ST. LOUIS - 0MR046,89,1.0
ST. LOUIS - 0MR047,89,1.0
ST. LOUIS - 0MR048,89,1.0
ST. LOUIS - 0MR049,89,1.0
ST. LOUIS - 0MR050,101,1.0
ST. LOUIS - 0MR051,89,1.0
ST. LOUIS - 0MR052,101,1.0
ST. LOUIS - 0MR053,89,1.0
ST. LOUIS - 0MR054,89,1.0
ST. LOUIS - 0MR055,101,1.0
ST. LOUIS - 0MR056,89,1.0
ST. LOUIS - 0MR057,98,1.0
ST. LOUIS - 0MR058,98,1.0
ST. LOUIS - 0MR059,89,1.0
ST. LOUIS - 0MR200,89,1.0
ST. LOUIS - 0MR202,89,1.0
ST. LOUIS - 0MR203,100,1.0
ST. LOUIS - 0MR204,89,1.0
ST. LOUIS - 0MR205,98,1.0
ST. LOUIS - 0MR209,100,1.0
ST. LOUIS - 0MR210,89,1.0
ST. LOUIS - 0MR212,101,1.0
ST. LOUIS - 0MR213,101,1.0
ST. LOUIS - 0NW001,87,1.0
ST. LOUIS - 0NW002,75,1.0
ST. LOUIS - 0NW003,70,1.0
ST. LOUIS - 0NW004,75,1.0
ST. LOUIS - 0NW005,70,1.0
ST. LOUIS - 0NW006,70,1.0
ST. LOUIS - 0NW007,70,1.0
ST. LOUIS - 0NW008,75,1.0
ST. LOUIS - 0NW009,70,1.0
ST. LOUIS - 0NW010,75,1.0
ST. LOUIS - 0NW011,70,1.0
ST. LOUIS - 0NW012,70,1.0
ST. LOUIS - 0NW013,87,1.0
ST. LOUIS - 0NW014,70,1.0
ST. LOUIS - 0NW015,68,1.0
ST. LOUIS - 0NW016,70,1.0
ST. LOUIS - 0NW017,70,1.0
ST. LOUIS - 0NW018,70,1.0
ST. LOUIS - 0NW019,87,1.0
ST. LOUIS - 0NW020,87,1.0
ST. LOUIS - 0NW021,87,1.0
ST. LOUIS - 0NW022,70,1.0
ST. LOUIS - 0NW023,70,1.0
ST. LOUIS - 0NW024,70,1.0
ST. LOUIS - 0NW025,70,1.0
ST. LOUIS - 0NW026,70,1.0
ST. LOUIS - 0NW027,70,1.0
ST. LOUIS - 0NW028,70,1.0
ST. LOUIS - 0NW029,87,1.0
ST. LOUIS - 0NW030,70,1.0
ST. LOUIS - 0NW031,70,1.0
ST. LOUIS - 0NW032,70,1.0
ST. LOUIS - 0NW033,87,1.0
ST. LOUIS - 0NW034,70,1.0
ST. LOUIS - 0NW035,87,1.0
ST. LOUIS - 0NW036,70,1.0
ST. LOUIS - 0NW037,70,1.0
ST. LOUIS - 0NW038,87,1.0
ST. LOUIS - 0NW039,70,1.0
ST. LOUIS - 0NW040,70,1.0
ST. LOUIS - 0NW041,70,1.0
ST. LOUIS - 0NW042,70,1.0
ST. LOUIS - 0NW043,70,1.0
ST. LOUIS - 0NW044,70,1.0
ST. LOUIS - 0NW045,70,1.0
ST. LOUIS - 0NW046,70,1.0
ST. LOUIS - 0NW047,87,1.0
ST. LOUIS - 0NW048,70,1.0
ST. LOUIS - 0NW049,87,1.0
ST. LOUIS - 0NW050,70,1.0
ST. LOUIS - 0NW051,70,1.0
ST. LOUIS - 0NW052,87,1.0
ST. LOUIS - 0NW200,70,1.0
ST. LOUIS - 0NW201,87,1.0
ST. LOUIS - 0NW202,70,1.0
ST. LOUIS - 0NW203,70,1.0
ST. LOUIS - 0NW204,70,1.0
ST. LOUIS - 0NW205,70,1.0
ST. LOUIS - 0NW206,70,1.0
ST. LOUIS - 0NW207,70,1.0
ST. LOUIS - 0NW208,70,1.0
ST. LOUIS - 0NW209,70,1.0
ST. LOUIS - 0NW210,70,1.0
ST. LOUIS - 0NW211,87,1.0
ST. LOUIS - 0NW212,70,1.0
ST. LOUIS - 0NW213,70,1.0
ST. LOUIS - 0NW214,70,1.0
ST. LOUIS - 0NW215,70,1.0
ST. LOUIS - 0NW216,70,1.0
ST. LOUIS - 0NW217,70,1.0
ST. LOUIS - 0NW219,70,1.0
ST. LOUIS - 0NW220,87,1.0
ST. LOUIS - 0NW224,75,1.0
ST. LOUIS - 0NW225,75,1.0
ST. LOUIS - 0NW226,75,1.0
ST. LOUIS - 0NW227,75,1.0
ST. LOUIS - 0NW229,70,1.0
ST. LOUIS - 0SF001,66,1.0
ST. LOUIS - 0SF002,66,1.0
ST. LOUIS - 0SF003,85,1.0
ST. LOUIS - 0SF004,66,1.0
ST. LOUIS - 0SF005,66,1.0
ST. LOUIS - 0SF006,66,1.0
ST. LOUIS - 0SF007,66,1.0
ST. LOUIS - 0SF008,66,1.0
ST. LOUIS - 0SF009,66,1.0
ST. LOUIS - 0SF010,66,1.0
ST. LOUIS - 0SF011,66,1.0
ST. LOUIS - 0SF012,66,1.0
ST. LOUIS - 0SF013,66,1.0
ST. LOUIS - 0SF014,66,1.0
ST. LOUIS - 0SF015,66,1.0
ST. LOUIS - 0SF016,66,1.0
ST. LOUIS - 0SF017,66,1.0
ST. LOUIS - 0SF018,66,1.0
ST. LOUIS - 0SF019,66,1.0
ST. LOUIS - 0SF020,66,1.0
ST. LOUIS - 0SF021,66,1.0
ST. LOUIS - 0SF022,85,1.0
ST. LOUIS - 0SF023,66,1.0
ST. LOUIS - 0SF024,85,1.0
ST. LOUIS - 0SF025,66,1.0
ST. LOUIS - 0SF026,66,1.0
ST. LOUIS - 0SF027,66,1.0
ST. LOUIS - 0SF028,66,1.0
ST. LOUIS - 0SF029,66,1.0
ST. LOUIS - 0SF030,66,1.0
ST. LOUIS - 0SF031,66,1.0
ST. LOUIS - 0SF032,66,1.0
ST. LOUIS - 0SF033,66,1.0
ST. LOUIS - 0SF034,66,1.0
ST. LOUIS - 0SF035,66,1.0
ST. LOUIS - 0SF200,66,1.0
ST. LOUIS - 0WH001,88,1.0
ST. LOUIS - 0WH002,110,1.0
ST. LOUIS - 0WH003,110,1.0
ST. LOUIS - 0WH004,110,1.0
ST. LOUIS - 0WH005,110,1.0
ST. LOUIS - 0WH006,100,1.0
ST. LOUIS - 0WH007,110,1.0
ST. LOUIS - 0WH008,110,1.0
ST. LOUIS - 0WH009,110,1.0
ST. LOUIS - 0WH010,110,1.0
ST. LOUIS - 0WH011,100,1.0
ST. LOUIS - 0WH012,110,1.0
ST. LOUIS - 0WH013,110,1.0
ST. LOUIS - 0WH014,88,1.0
ST. LOUIS - 0WH015,100,1.0
ST. LOUIS - 0WH016,88,1.0
ST. LOUIS - 0WH017,88,1.0
ST. LOUIS - 0WH018,110,1.0
ST. LOUIS - 0WH019,110,1.0
ST. LOUIS - 0WH020,110,1.0
ST. LOUIS - 0WH021,110,1.0
ST. LOUIS - 0WH022,110,1.0
ST. LOUIS - 0WH023,110,1.0
ST. LOUIS - 0WH024,100,1.0
ST. LOUIS - 0WH025,88,1.0
ST. LOUIS - 0WH026,88,1.0
ST. LOUIS - 0WH027,88,1.0
ST. LOUIS - 0WH028,110,1.0
ST. LOUIS - 0WH029,100,1.0
ST. LOUIS - 0WH030,88,1.0
ST. LOUIS - 0WH031,88,1.0
ST. LOUIS - 0WH032,100,1.0
ST. LOUIS - 0WH033,100,1.0
ST. LOUIS - 0WH034,100,1.0
ST. LOUIS - 0WH035,88,1.0
ST. LOUIS - 0WH036,88,1.0
ST. LOUIS - 0WH037,88,1.0
ST. LOUIS - 0WH038,100,1.0
ST. LOUIS - 0WH039,88,1.0
ST. LOUIS - 0WH040,88,1.0
ST. LOUIS - 0WH041,100,1.0
ST. LOUIS - 0WH042,100,1.0
ST. LOUIS - 0WH043,100,1.0
ST. LOUIS - 0WH044,100,1.0
ST. LOUIS - 0WH045,100,1.0
ST. LOUIS - 0WH046,100,1.0
ST. LOUIS - 0WH047,100,1.0
ST. LOUIS - 0WH200,88,1.0
ST. LOUIS - 0WH201,110,1.0
ST. LOUIS - 0WH202,100,1.0
ST. LOUIS - 0WH203,88,1.0
ST. LOUIS - 0WH208,110,1.0
ST. LOUIS - 16-011,76,1.0
ST. LOUIS - 16-013,76,1.0
ST. LOUIS - 16-014,76,1.0
ST. LOUIS - 16-024,76,1.0
ST. LOUIS - 16-026,76,1.0
ST. LOUIS - 16-031,78,1.0
ST. LOUIS - 16-036,79,1.0
ST. LOUIS - 16-039,78,1.0
ST. LOUIS - 16-041,77,1.0
ST. LOUIS - 16-046,77,1.0
ST. LOUIS - 16-049,77,1.0
ST. LOUIS - 16-053,78,1.0
ST. LOUIS - 16-057,78,1.0
ST. LOUIS - 16-058,78,1.0
ST. LOUIS - 16-091,78,1.0
ST. LOUIS - 16-097,78,1.0
ST. LOUIS - 16-099,76,1.0
ST. LOUIS - 16-101,81,1.0
ST. LOUIS - 16-102,81,1.0
ST. LOUIS - 16-108,80,1.0
ST. LOUIS - 16-109,80,1.0
ST. LOUIS - 16-116,81,1.0
ST. LOUIS - 16-137,80,1.0
ST. LOUIS - 16-148,80,1.0
ST. LOUIS - 16-149,80,1.0
ST. LOUIS - 16-156,80,1.0
ST. LOUIS - 16-157,80,1.0
ST. LOUIS - 16-164,82,1.0
ST. LOUIS - 16-173,77,1.0
ST. LOUIS - 16-183,79,1.0
ST. LOUIS - 16-192,77,1.0
ST. LOUIS - 16-202,77,1.0
ST. LOUIS - 16-206,78,1.0
ST. LOUIS - 16-207,80,1.0
ST. LOUIS - 16-218,77,1.0
ST. LOUIS - 16-219,77,1.0
ST. LOUIS - 16-228,84,1.0
ST. LOUIS - 16-239,82,1.0
ST. LOUIS - 16-241,84,1.0
ST. LOUIS - 16-255,80,1.0
ST. LOUIS - 16-256,80,1.0
ST. LOUIS - 16-257,80,1.0
ST. LOUIS - 16-279,76,1.0
ST. LOUIS - 16-303,79,1.0
ST. LOUIS - 16-410,79,1.0
ST. LOUIS - 161010,82,1.0
ST. LOUIS - 161011,82,1.0
ST. LOUIS - 161012,82,1.0
ST. LOUIS - 161013,77,1.0
ST. LOUIS - 161410,80,1.0
ST. LOUIS - 162811,77,1.0
ST. LOUIS - BON001,90,1.0
ST. LOUIS - BON002,90,1.0
ST. LOUIS - BON003,96,1.0
ST. LOUIS - BON004,90,1.0
ST. LOUIS - BON005,90,1.0
ST. LOUIS - BON006,90,1.0
ST. LOUIS - BON007,90,1.0
ST. LOUIS - BON008,90,1.0
ST. LOUIS - BON009,90,1.0
ST. LOUIS - BON010,88,1.0
ST. LOUIS - BON011,90,1.0
ST. LOUIS - BON012,90,1.0
ST. LOUIS - BON013,90,1.0
ST. LOUIS - BON014,90,1.0
ST. LOUIS - BON015,96,1.0
ST. LOUIS - BON016,96,1.0
ST. LOUIS - BON017,90,1.0
ST. LOUIS - BON018,90,1.0
ST. LOUIS - BON019,90,1.0
ST. LOUIS - BON020,96,1.0
ST. LOUIS - BON021,96,1.0
ST. LOUIS - BON022,90,1.0
ST. LOUIS - BON023,90,1.0
ST. LOUIS - BON024,90,1.0
ST. LOUIS - BON025,88,1.0
ST. LOUIS - BON026,90,1.0
ST. LOUIS - BON027,90,1.0
ST. LOUIS - BON028,96,1.0
ST. LOUIS - BON029,90,1.0
ST. LOUIS - BON030,96,1.0
ST. LOUIS - BON031,90,1.0
ST. LOUIS - BON032,90,1.0
ST. LOUIS - BON033,90,1.0
ST. LOUIS - BON034,90,1.0
ST. LOUIS - BON035,96,1.0
ST. LOUIS - BON036,90,1.0
ST. LOUIS - BON037,96,1.0
ST. LOUIS - BON038,96,1.0
ST. LOUIS - BON039,96,1.0
ST. LOUIS - BON040,96,1.0
ST. LOUIS - BON200,96,1.0
ST. LOUIS - BON202,96,1.0
ST. LOUIS - BON203,90,1.0
ST. LOUIS - BON205,90,1.0
ST. LOUIS - BON206,96,1.0
ST. LOUIS - BON207,96,1.0
ST. LOUIS - BON208,96,1.0
ST. LOUIS - BON210,90,1.0
ST. LOUIS - BON211,90,1.0
ST. LOUIS - CC1601,89,1.0
ST. LOUIS - CC1602,89,1.0
ST. LOUIS - CC1603,89,1.0
ST. LOUIS - CH1605,101,1.0
ST. LOUIS - CHE001,110,1.0
ST. LOUIS - CHE002,101,1.0
ST. LOUIS - CHE003,110,1.0
ST. LOUIS - CHE004,110,1.0
ST. LOUIS - CHE005,110,1.0
ST. LOUIS - CHE006,110,1.0
ST. LOUIS - CHE007,110,1.0
ST. LOUIS - CHE008,101,1.0
ST. LOUIS - CHE009,110,1.0
ST. LOUIS - CHE010,101,1.0
ST. LOUIS - CHE011,110,1.0
ST. LOUIS - CHE012,101,1.0
ST. LOUIS - CHE013,110,1.0
ST. LOUIS - CHE014,101,1.0
ST. LOUIS - CHE015,101,1.0
ST. LOUIS - CHE016,101,1.0
ST. LOUIS - CHE017,110,1.0
ST. LOUIS - CHE018,101,1.0
ST. LOUIS - CHE019,101,1.0
ST. LOUIS - CHE020,110,1.0
ST. LOUIS - CHE021,110,1.0
ST. LOUIS - CHE022,101,1.0
ST. LOUIS - CHE023,88,1.0
ST. LOUIS - CHE024,110,1.0
ST. LOUIS - CHE025,110,1.0
ST. LOUIS - CHE026,110,1.0
ST. LOUIS - CHE027,110,1.0
ST. LOUIS - CHE028,110,1.0
ST. LOUIS - CHE029,110,1.0
ST. LOUIS - CHE030,101,1.0
ST. LOUIS - CHE031,101,1.0
ST. LOUIS - CHE032,101,1.0
ST. LOUIS - CHE033,101,1.0
ST. LOUIS - CHE034,110,1.0
ST. LOUIS - CHE035,110,1.0
ST. LOUIS - CHE036,110,1.0
ST. LOUIS - CHE037,101,1.0
ST. LOUIS - CHE038,110,1.0
ST. LOUIS - CHE039,110,1.0
ST. LOUIS - CHE040,110,1.0
ST. LOUIS - CHE041,101,1.0
ST. LOUIS - CHE042,87,1.0
ST. LOUIS - CHE043,110,1.0
ST. LOUIS - CHE044,101,1.0
ST. LOUIS - CHE045,87,1.0
ST. LOUIS - CHE046,110,1.0
ST. LOUIS - CHE047,110,1.0
ST. LOUIS - CHE048,110,1.0
ST. LOUIS - CHE049,110,1.0
ST. LOUIS - CHE050,110,1.0
ST. LOUIS - CHE051,110,1.0
ST. LOUIS - CHE052,101,1.0
ST. LOUIS - CHE053,110,1.0
ST. LOUIS - CHE054,110,1.0
ST. LOUIS - CHE055,110,1.0
ST. LOUIS - CHE200,101,1.0
ST. LOUIS - CHE203,100,1.0
ST. LOUIS - CHE212,101,1.0
ST. LOUIS - CHE214,110,1.0
ST. LOUIS - CHE215,110,1.0
ST. LOUIS - CHE600,101,1.0
ST. LOUIS - CLA001,86,1.0
ST. LOUIS - CLA002,99,1.0
ST. LOUIS - CLA003,99,1.0
ST. LOUIS - CLA004,99,1.0
ST. LOUIS - CLA005,86,1.0
ST. LOUIS - CLA006,90,1.0
ST. LOUIS - CLA007,99,1.0
ST. LOUIS - CLA008,99,1.0
ST. LOUIS - CLA009,83,1.0
ST. LOUIS - CLA010,83,1.0
ST. LOUIS - CLA011,86,1.0
ST. LOUIS - CLA012,99,1.0
ST. LOUIS - CLA013,99,1.0
ST. LOUIS - CLA014,99,1.0
ST. LOUIS - CLA015,90,1.0
ST. LOUIS - CLA016,99,1.0
ST. LOUIS - CLA017,83,1.0
ST. LOUIS - CLA019,83,1.0
ST. LOUIS - CLA020,83,1.0
ST. LOUIS - CLA021,91,1.0
ST. LOUIS - CLA022,91,1.0
ST. LOUIS - CLA023,91,1.0
ST. LOUIS - CLA024,99,1.0
ST. LOUIS - CLA025,99,1.0
ST. LOUIS - CLA026,99,1.0
ST. LOUIS - CLA027,83,1.0
ST. LOUIS - CLA028,99,1.0
ST. LOUIS - CLA029,86,1.0
ST. LOUIS - CLA030,83,1.0
ST. LOUIS - CLA031,83,1.0
ST. LOUIS - CLA032,83,1.0
ST. LOUIS - CLA033,99,1.0
ST. LOUIS - CLA034,89,1.0
ST. LOUIS - CLA035,83,1.0
ST. LOUIS - CLA036,89,1.0
ST. LOUIS - CLA037,99,1.0
ST. LOUIS - CLA038,83,1.0
ST. LOUIS - CLA039,83,1.0
ST. LOUIS - CLA040,99,1.0
ST. LOUIS - CLA041,83,1.0
ST. LOUIS - CLA042,99,1.0
ST. LOUIS - CLA043,86,1.0
ST. LOUIS - CLA044,99,1.0
ST. LOUIS - CLA045,99,1.0
ST. LOUIS - CLA046,83,1.0
ST. LOUIS - CLA047,99,1.0
ST. LOUIS - CLA049,89,1.0
ST. LOUIS - CLA050,91,1.0
ST. LOUIS - CLA051,91,1.0
ST. LOUIS - CLA052,99,1.0
ST. LOUIS - CLA200,91,1.0
ST. LOUIS - CLA201,99,1.0
ST. LOUIS - CLA202,99,1.0
ST. LOUIS - CLA203,99,1.0
ST. LOUIS - CLA205,99,1.0
ST. LOUIS - CLA206,83,1.0
ST. LOUIS - CON001,96,1.0
ST. LOUIS - CON002,93,1.0
ST. LOUIS - CON003,96,1.0
ST. LOUIS - CON004,92,1.0
ST. LOUIS - CON005,93,1.0
ST. LOUIS - CON006,92,1.0
ST. LOUIS - CON007,93,1.0
ST. LOUIS - CON008,92,1.0
ST. LOUIS - CON009,92,1.0
ST. LOUIS - CON010,92,1.0
ST. LOUIS - CON011,92,1.0
ST. LOUIS - CON012,92,1.0
ST. LOUIS - CON013,96,1.0
ST. LOUIS - CON014,92,1.0
ST. LOUIS - CON015,92,1.0
ST. LOUIS - CON016,92,1.0
ST. LOUIS - CON017,93,1.0
ST. LOUIS - CON018,92,1.0
ST. LOUIS - CON019,93,1.0
ST. LOUIS - CON020,93,1.0
ST. LOUIS - CON021,92,1.0
ST. LOUIS - CON022,92,1.0
ST. LOUIS - CON023,91,1.0
ST. LOUIS - CON024,96,1.0
ST. LOUIS - CON025,96,1.0
ST. LOUIS - CON026,92,1.0
ST. LOUIS - CON027,92,1.0
ST. LOUIS - CON028,96,1.0
ST. LOUIS - CON029,92,1.0
ST. LOUIS - CON030,92,1.0
ST. LOUIS - CON031,92,1.0
ST. LOUIS - CON032,92,1.0
ST. LOUIS - CON033,92,1.0
ST. LOUIS - CON034,92,1.0
ST. LOUIS - CON035,93,1.0
ST. LOUIS - CON036,92,1.0
ST. LOUIS - CON037,92,1.0
ST. LOUIS - CON038,91,1.0
ST. LOUIS - CON039,92,1.0
ST. LOUIS - CON040,92,1.0
ST. LOUIS - CON041,92,1.0
ST. LOUIS - CON042,92,1.0
ST. LOUIS - CON043,92,1.0
ST. LOUIS - CON044,96,1.0
ST. LOUIS - CON045,92,1.0
ST. LOUIS - CON046,96,1.0
ST. LOUIS - CON047,92,1.0
ST. LOUIS - CON048,96,1.0
ST. LOUIS - CON049,92,1.0
ST. LOUIS - CON050,92,1.0
ST. LOUIS - CON051,93,1.0
ST. LOUIS - CON052,92,1.0
ST. LOUIS - CON053,91,1.0
ST. LOUIS - CON200,92,1.0
ST. LOUIS - CON202,96,1.0
ST. LOUIS - CON204,92,1.0
ST. LOUIS - CON205,94,1.0
ST. LOUIS - CON206,96,1.0
ST. LOUIS - CON212,92,1.0
ST. LOUIS - CON213,92,1.0
ST. LOUIS - FER001,70,1.0
ST. LOUIS - FER002,73,1.0
ST. LOUIS - FER003,68,1.0
ST. LOUIS - FER004,85,1.0
ST. LOUIS - FER005,73,1.0
ST. LOUIS - FER006,85,1.0
ST. LOUIS - FER007,85,1.0
ST. LOUIS - FER008,85,1.0
ST. LOUIS - FER009,85,1.0
ST. LOUIS - FER010,85,1.0
ST. LOUIS - FER011,68,1.0
ST. LOUIS - FER012,73,1.0
ST. LOUIS - FER013,68,1.0
ST. LOUIS - FER014,85,1.0
ST. LOUIS - FER015,68,1.0
ST. LOUIS - FER016,68,1.0
ST. LOUIS - FER017,75,1.0
ST. LOUIS - FER018,75,1.0
ST. LOUIS - FER019,75,1.0
ST. LOUIS - FER020,73,1.0
ST. LOUIS - FER021,73,1.0
ST. LOUIS - FER022,68,1.0
ST. LOUIS - FER023,68,1.0
ST. LOUIS - FER024,70,1.0
ST. LOUIS - FER025,85,1.0
ST. LOUIS - FER026,70,1.0
ST. LOUIS - FER027,85,1.0
ST. LOUIS - FER028,85,1.0
ST. LOUIS - FER029,68,1.0
ST. LOUIS - FER030,85,1.0
ST. LOUIS - FER031,73,1.0
ST. LOUIS - FER032,73,1.0
ST. LOUIS - FER033,73,1.0
ST. LOUIS - FER034,73,1.0
ST. LOUIS - FER035,73,1.0
ST. LOUIS - FER036,68,1.0
ST. LOUIS - FER037,68,1.0
ST. LOUIS - FER038,73,1.0
ST. LOUIS - FER039,85,1.0
ST. LOUIS - FER040,68,1.0
ST. LOUIS - FER041,85,1.0
ST. LOUIS - FER042,67,1.0
ST. LOUIS - FER043,85,1.0
ST. LOUIS - FER044,68,1.0
ST. LOUIS - FER045,75,1.0
ST. LOUIS - FER046,68,1.0
ST. LOUIS - FER206,73,1.0
ST. LOUIS - FER207,68,1.0
ST. LOUIS - FER208,66,1.0
ST. LOUIS - FLO001,75,1.0
ST. LOUIS - FLO002,68,1.0
ST. LOUIS - FLO003,68,1.0
ST. LOUIS - FLO004,68,1.0
ST. LOUIS - FLO005,68,1.0
ST. LOUIS - FLO006,68,1.0
ST. LOUIS - FLO007,68,1.0
ST. LOUIS - FLO008,68,1.0
ST. LOUIS - FLO009,75,1.0
ST. LOUIS - FLO010,68,1.0
ST. LOUIS - FLO011,68,1.0
ST. LOUIS - FLO012,75,1.0
ST. LOUIS - FLO013,68,1.0
ST. LOUIS - FLO014,68,1.0
ST. LOUIS - FLO015,75,1.0
ST. LOUIS - FLO016,75,1.0
ST. LOUIS - FLO017,68,1.0
ST. LOUIS - FLO018,75,1.0
ST. LOUIS - FLO019,75,1.0
ST. LOUIS - FLO020,68,1.0
ST. LOUIS - FLO021,75,1.0
ST. LOUIS - FLO022,68,1.0
ST. LOUIS - FLO023,75,1.0
ST. LOUIS - FLO024,75,1.0
ST. LOUIS - FLO025,75,1.0
ST. LOUIS - FLO026,70,1.0
ST. LOUIS - FLO027,75,1.0
ST. LOUIS - FLO028,70,1.0
ST. LOUIS - FLO029,68,1.0
ST. LOUIS - FLO030,70,1.0
ST. LOUIS - FLO031,68,1.0
ST. LOUIS - FLO200,75,1.0
ST. LOUIS - FLO201,75,1.0
ST. LOUIS - FLO205,75,1.0
ST. LOUIS - FLO207,70,1.0
ST. LOUIS - GRA001,96,1.0
ST. LOUIS - GRA002,96,1.0
ST. LOUIS - GRA003,96,1.0
ST. LOUIS - GRA004,96,1.0
ST. LOUIS - GRA005,96,1.0
ST. LOUIS - GRA006,96,1.0
ST. LOUIS - GRA007,92,1.0
ST. LOUIS - GRA008,96,1.0
ST. LOUIS - GRA009,96,1.0
ST. LOUIS - GRA010,96,1.0
ST. LOUIS - GRA011,96,1.0
ST. LOUIS - GRA012,96,1.0
ST. LOUIS - GRA013,96,1.0
ST. LOUIS - GRA014,96,1.0
ST. LOUIS - GRA015,91,1.0
ST. LOUIS - GRA016,83,1.0
ST. LOUIS - GRA017,96,1.0
ST. LOUIS - GRA018,91,1.0
ST. LOUIS - GRA019,92,1.0
ST. LOUIS - GRA020,96,1.0
ST. LOUIS - GRA021,92,1.0
ST. LOUIS - GRA022,83,1.0
ST. LOUIS - GRA023,96,1.0
ST. LOUIS - GRA024,96,1.0
ST. LOUIS - GRA025,92,1.0
ST. LOUIS - GRA026,96,1.0
ST. LOUIS - GRA027,96,1.0
ST. LOUIS - GRA028,96,1.0
ST. LOUIS - GRA029,96,1.0
ST. LOUIS - GRA030,96,1.0
ST. LOUIS - GRA031,96,1.0
ST. LOUIS - GRA032,96,1.0
ST. LOUIS - GRA033,93,1.0
ST. LOUIS - GRA034,96,1.0
ST. LOUIS - GRA035,91,1.0
ST. LOUIS - GRA036,96,1.0
ST. LOUIS - GRA037,96,1.0
ST. LOUIS - GRA038,96,1.0
ST. LOUIS - GRA039,83,1.0
ST. LOUIS - GRA040,93,1.0
ST. LOUIS - GRA041,96,1.0
ST. LOUIS - GRA042,93,1.0
ST. LOUIS - GRA043,91,1.0
ST. LOUIS - GRA044,91,1.0
ST. LOUIS - GRA045,91,1.0
ST. LOUIS - GRA046,96,1.0
ST. LOUIS - GRA047,96,1.0
ST. LOUIS - GRA048,91,1.0
ST. LOUIS - GRA201,96,1.0
ST. LOUIS - GRA202,91,1.0
ST. LOUIS - GRA206,96,1.0
ST. LOUIS - GRA209,96,1.0
ST. LOUIS - GRA210,90,1.0
ST. LOUIS - HAD001,99,1.0
ST. LOUIS - HAD002,83,1.0
ST. LOUIS - HAD003,83,1.0
ST. LOUIS - HAD004,99,1.0
ST. LOUIS - HAD005,99,1.0
ST. LOUIS - HAD006,83,1.0
ST. LOUIS - HAD007,83,1.0
ST. LOUIS - HAD008,86,1.0
ST. LOUIS - HAD009,86,1.0
ST. LOUIS - HAD010,86,1.0
ST. LOUIS - HAD011,86,1.0
ST. LOUIS - HAD012,86,1.0
ST. LOUIS - HAD013,83,1.0
ST. LOUIS - HAD014,99,1.0
ST. LOUIS - HAD015,99,1.0
ST. LOUIS - HAD016,86,1.0
ST. LOUIS - HAD017,86,1.0
ST. LOUIS - HAD018,86,1.0
ST. LOUIS - HAD019,83,1.0
ST. LOUIS - HAD020,83,1.0
ST. LOUIS - HAD021,83,1.0
ST. LOUIS - HAD022,83,1.0
ST. LOUIS - HAD023,83,1.0
ST. LOUIS - HAD024,83,1.0
ST. LOUIS - HAD025,83,1.0
ST. LOUIS - HAD026,83,1.0
ST. LOUIS - HAD027,83,1.0
ST. LOUIS - HAD028,83,1.0
ST. LOUIS - HAD029,83,1.0
ST. LOUIS - HAD030,83,1.0
ST. LOUIS - HAD031,83,1.0
ST. LOUIS - HAD032,83,1.0
ST. LOUIS - HAD033,83,1.0
ST. LOUIS - HAD034,86,1.0
ST. LOUIS - HAD035,86,1.0
ST. LOUIS - HAD200,83,1.0
ST. LOUIS - JEF001,99,1.0
ST. LOUIS - JEF002,90,1.0
ST. LOUIS - JEF003,96,1.0
ST. LOUIS - JEF004,96,1.0
ST. LOUIS - JEF005,91,1.0
ST. LOUIS - JEF006,83,1.0
ST. LOUIS - JEF007,91,1.0
ST. LOUIS - JEF008,91,1.0
ST. LOUIS - JEF009,83,1.0
ST. LOUIS - JEF010,91,1.0
ST. LOUIS - JEF011,83,1.0
ST. LOUIS - JEF012,91,1.0
ST. LOUIS - JEF013,91,1.0
ST. LOUIS - JEF014,91,1.0
ST. LOUIS - JEF015,83,1.0
ST. LOUIS - JEF016,91,1.0
ST. LOUIS - JEF017,91,1.0
ST. LOUIS - JEF018,91,1.0
ST. LOUIS - JEF019,91,1.0
ST. LOUIS - JEF020,91,1.0
ST. LOUIS - JEF021,91,1.0
ST. LOUIS - JEF022,91,1.0
ST. LOUIS - JEF023,91,1.0
ST. LOUIS - JEF024,91,1.0
ST. LOUIS - JEF025,91,1.0
ST. LOUIS - JEF026,91,1.0
ST. LOUIS - JEF027,91,1.0
ST. LOUIS - JEF028,91,1.0
ST. LOUIS - JEF029,83,1.0
ST. LOUIS - JEF030,91,1.0
ST. LOUIS - JEF031,91,1.0
ST. LOUIS - JEF032,90,1.0
ST. LOUIS - JEF033,90,1.0
ST. LOUIS - JEF034,90,1.0
ST. LOUIS - JEF035,90,1.0
ST. LOUIS - JEF036,90,1.0
ST. LOUIS - JEF037,90,1.0
ST. LOUIS - JEF200,96,1.0
ST. LOUIS - JEF202,91,1.0
ST. LOUIS - LAF001,101,1.0
ST. LOUIS - LAF002,98,1.0
ST. LOUIS - LAF003,98,1.0
ST. LOUIS - LAF004,100,1.0
ST. LOUIS - LAF005,100,1.0
ST. LOUIS - LAF006,89,1.0
ST. LOUIS - LAF007,100,1.0
ST. LOUIS - LAF008,101,1.0
ST. LOUIS - LAF009,100,1.0
ST. LOUIS - LAF010,100,1.0
ST. LOUIS - LAF011,89,1.0
ST. LOUIS - LAF012,101,1.0
ST. LOUIS - LAF013,100,1.0
ST. LOUIS - LAF014,89,1.0
ST. LOUIS - LAF015,89,1.0
ST. LOUIS - LAF016,100,1.0
ST. LOUIS - LAF017,100,1.0
ST. LOUIS - LAF018,100,1.0
ST. LOUIS - LAF019,100,1.0
ST. LOUIS - LAF020,89,1.0
ST. LOUIS - LAF023,100,1.0
ST. LOUIS - LAF024,100,1.0
ST. LOUIS - LAF025,100,1.0
ST. LOUIS - LAF026,101,1.0
ST. LOUIS - LAF027,100,1.0
ST. LOUIS - LAF028,89,1.0
ST. LOUIS - LAF029,101,1.0
ST. LOUIS - LAF030,101,1.0
ST. LOUIS - LAF031,101,1.0
ST. LOUIS - LAF032,101,1.0
ST. LOUIS - LAF033,101,1.0
ST. LOUIS - LAF034,100,1.0
ST. LOUIS - LAF035,100,1.0
ST. LOUIS - LAF036,100,1.0
ST. LOUIS - LAF037,101,1.0
ST. LOUIS - LAF038,100,1.0
ST. LOUIS - LAF039,100,1.0
ST. LOUIS - LAF040,100,1.0
ST. LOUIS - LAF041,101,1.0
ST. LOUIS - LAF042,100,1.0
ST. LOUIS - LAF043,100,1.0
ST. LOUIS - LAF044,100,1.0
ST. LOUIS - LAF045,100,1.0
ST. LOUIS - LAF046,89,1.0
ST. LOUIS - LAF047,101,1.0
ST. LOUIS - LAF200,98,1.0
ST. LOUIS - LAF205,100,1.0
ST. LOUIS - LAF207,89,1.0
ST. LOUIS - LEM001,93,1.0
ST. LOUIS - LEM002,93,1.0
ST. LOUIS - LEM003,94,1.0
ST. LOUIS - LEM004,94,1.0
ST. LOUIS - LEM005,93,1.0
ST. LOUIS - LEM006,93,1.0
ST. LOUIS - LEM007,93,1.0
ST. LOUIS - LEM008,93,1.0
ST. LOUIS - LEM009,92,1.0
ST. LOUIS - LEM010,93,1.0
ST. LOUIS - LEM011,93,1.0
ST. LOUIS - LEM012,93,1.0
ST. LOUIS - LEM013,93,1.0
ST. LOUIS - LEM014,93,1.0
ST. LOUIS - LEM015,94,1.0
ST. LOUIS - LEM016,94,1.0
ST. LOUIS - LEM017,92,1.0
ST. LOUIS - LEM018,93,1.0
ST. LOUIS - LEM019,93,1.0
ST. LOUIS - LEM020,93,1.0
ST. LOUIS - LEM021,93,1.0
ST. LOUIS - LEM022,93,1.0
ST. LOUIS - LEM023,93,1.0
ST. LOUIS - LEM024,94,1.0
ST. LOUIS - LEM025,93,1.0
ST. LOUIS - LEM026,93,1.0
ST. LOUIS - LEM027,93,1.0
ST. LOUIS - LEM028,93,1.0
ST. LOUIS - LEM029,92,1.0
ST. LOUIS - LEM030,93,1.0
ST. LOUIS - LEM031,94,1.0
ST. LOUIS - LEM032,94,1.0
ST. LOUIS - LEM033,94,1.0
ST. LOUIS - LEM200,93,1.0
ST. LOUIS - LEM201,93,1.0
ST. LOUIS - LEM202,93,1.0
ST. LOUIS - LEM204,93,1.0
ST. LOUIS - LEM205,93,1.0
ST. LOUIS - LEM208,94,1.0
ST. LOUIS - MER001,88,1.0
ST. LOUIS - MER002,110,1.0
ST. LOUIS - MER003,110,1.0
ST. LOUIS - MER004,110,1.0
ST. LOUIS - MER005,110,1.0
ST. LOUIS - MER006,88,1.0
ST. LOUIS - MER007,88,1.0
ST. LOUIS - MER008,110,1.0
ST. LOUIS - MER009,88,1.0
ST. LOUIS - MER010,110,1.0
ST. LOUIS - MER011,88,1.0
ST. LOUIS - MER012,100,1.0
ST. LOUIS - MER013,88,1.0
ST. LOUIS - MER014,88,1.0
ST. LOUIS - MER015,88,1.0
ST. LOUIS - MER016,88,1.0
ST. LOUIS - MER017,88,1.0
ST. LOUIS - MER018,88,1.0
ST. LOUIS - MER019,88,1.0
ST. LOUIS - MER020,88,1.0
ST. LOUIS - MER021,88,1.0
ST. LOUIS - MER022,88,1.0
ST. LOUIS - MER023,88,1.0
ST. LOUIS - MER024,98,1.0
ST. LOUIS - MER025,88,1.0
ST. LOUIS - MER026,96,1.0
ST. LOUIS - MER027,100,1.0
ST. LOUIS - MER028,110,1.0
ST. LOUIS - MER029,88,1.0
ST. LOUIS - MER030,88,1.0
ST. LOUIS - MER031,98,1.0
ST. LOUIS - MER032,88,1.0
ST. LOUIS - MER033,100,1.0
ST. LOUIS - MER034,100,1.0
ST. LOUIS - MER035,110,1.0
ST. LOUIS - MER036,100,1.0
ST. LOUIS - MER037,88,1.0
ST. LOUIS - MER038,88,1.0
ST. LOUIS - MER039,100,1.0
ST. LOUIS - MER040,88,1.0
ST. LOUIS - MER041,88,1.0
ST. LOUIS - MER042,88,1.0
ST. LOUIS - MER043,96,1.0
ST. LOUIS - MER044,98,1.0
ST. LOUIS - MER045,88,1.0
ST. LOUIS - MER046,88,1.0
ST. LOUIS - MER047,88,1.0
ST. LOUIS - MER048,88,1.0
ST. LOUIS - MER200,88,1.0
ST. LOUIS - MER202,98,1.0
ST. LOUIS - MER204,98,1.0
ST. LOUIS - MER207,88,1.0
ST. LOUIS - MER209,110,1.0
ST. LOUIS - MER210,88,1.0
ST. LOUIS - MER213,98,1.0
ST. LOUIS - MER214,88,1.0
ST. LOUIS - MER215,98,1.0
ST. LOUIS - MER219,110,1.0
ST. LOUIS - MHT001,87,1.0
ST. LOUIS - MHT002,101,1.0
ST. LOUIS - MHT003,101,1.0
ST. LOUIS - MHT004,101,1.0
ST. LOUIS - MHT005,87,1.0
ST. LOUIS - MHT006,87,1.0
ST. LOUIS - MHT007,101,1.0
ST. LOUIS - MHT008,71,1.0
ST. LOUIS - MHT009,71,1.0
ST. LOUIS - MHT010,71,1.0
ST. LOUIS - MHT011,71,1.0
ST. LOUIS - MHT012,87,1.0
ST. LOUIS - MHT013,71,1.0
ST. LOUIS - MHT014,87,1.0
ST. LOUIS - MHT015,87,1.0
ST. LOUIS - MHT016,87,1.0
ST. LOUIS - MHT017,87,1.0
ST. LOUIS - MHT018,87,1.0
ST. LOUIS - MHT019,87,1.0
ST. LOUIS - MHT020,87,1.0
ST. LOUIS - MHT021,71,1.0
ST. LOUIS - MHT022,87,1.0
ST. LOUIS - MHT023,87,1.0
ST. LOUIS - MHT024,101,1.0
ST. LOUIS - MHT025,71,1.0
ST. LOUIS - MHT026,101,1.0
ST. LOUIS - MHT027,87,1.0
ST. LOUIS - MHT028,71,1.0
ST. LOUIS - MHT029,87,1.0
ST. LOUIS - MHT030,87,1.0
ST. LOUIS - MHT031,87,1.0
ST. LOUIS - MHT032,87,1.0
ST. LOUIS - MHT033,71,1.0
ST. LOUIS - MHT034,71,1.0
ST. LOUIS - MHT035,89,1.0
ST. LOUIS - MHT036,87,1.0
ST. LOUIS - MHT037,87,1.0
ST. LOUIS - MHT038,87,1.0
ST. LOUIS - MHT039,89,1.0
ST. LOUIS - MHT040,71,1.0
ST. LOUIS - MHT041,87,1.0
ST. LOUIS - MHT042,87,1.0
ST. LOUIS - MHT043,71,1.0
ST. LOUIS - MHT044,71,1.0
ST. LOUIS - MHT045,87,1.0
ST. LOUIS - MHT046,87,1.0
ST. LOUIS - MHT047,87,1.0
ST. LOUIS - MHT048,87,1.0
ST. LOUIS - MHT049,87,1.0
ST. LOUIS - MHT050,71,1.0
ST. LOUIS - MHT051,71,1.0
ST. LOUIS - MHT052,87,1.0
ST. LOUIS - MHT053,71,1.0
ST. LOUIS - MHT054,89,1.0
ST. LOUIS - MHT055,71,1.0
ST. LOUIS - MHT056,89,1.0
ST. LOUIS - MHT057,87,1.0
ST. LOUIS - MHT058,87,1.0
ST. LOUIS - MHT059,87,1.0
ST. LOUIS - MHT200,71,1.0
ST. LOUIS - MHT203,87,1.0
ST. LOUIS - MHT206,87,1.0
ST. LOUIS - MHT207,89,1.0
ST. LOUIS - MHT208,89,1.0
ST. LOUIS - MHT211,87,1.0
ST. LOUIS - MHT212,71,1.0
ST. LOUIS - MHT213,87,1.0
ST. LOUIS - MHT214,101,1.0
ST. LOUIS - MHT216,87,1.0
ST. LOUIS - MHT219,89,1.0
ST. LOUIS - MHT220,87,1.0
ST. LOUIS - MHT222,87,1.0
ST. LOUIS - MHT223,71,1.0
ST. LOUIS - MID001,99,1.0
ST. LOUIS - MID002,72,1.0
ST. LOUIS - MID003,72,1.0
ST. LOUIS - MID004,72,1.0
ST. LOUIS - MID005,72,1.0
ST. LOUIS - MID006,72,1.0
ST. LOUIS - MID007,73,1.0
ST. LOUIS - MID008,72,1.0
ST. LOUIS - MID009,72,1.0
ST. LOUIS - MID010,74,1.0
ST. LOUIS - MID011,72,1.0
ST. LOUIS - MID012,72,1.0
ST. LOUIS - MID013,99,1.0
ST. LOUIS - MID014,72,1.0
ST. LOUIS - MID015,74,1.0
ST. LOUIS - MID016,99,1.0
ST. LOUIS - MID017,99,1.0
ST. LOUIS - MID018,74,1.0
ST. LOUIS - MID019,99,1.0
ST. LOUIS - MID020,74,1.0
ST. LOUIS - MID021,73,1.0
ST. LOUIS - MID022,73,1.0
ST. LOUIS - MID023,72,1.0
ST. LOUIS - MID024,72,1.0
ST. LOUIS - MID025,74,1.0
ST. LOUIS - MID026,72,1.0
ST. LOUIS - MID027,72,1.0
ST. LOUIS - MID028,99,1.0
ST. LOUIS - MID029,99,1.0
ST. LOUIS - MID030,74,1.0
ST. LOUIS - MID031,72,1.0
ST. LOUIS - MID032,74,1.0
ST. LOUIS - MID033,72,1.0
ST. LOUIS - MID034,99,1.0
ST. LOUIS - MID035,72,1.0
ST. LOUIS - MID036,99,1.0
ST. LOUIS - MID037,99,1.0
ST. LOUIS - MID038,74,1.0
ST. LOUIS - MID039,99,1.0
ST. LOUIS - MID040,99,1.0
ST. LOUIS - MID041,99,1.0
ST. LOUIS - MID042,72,1.0
ST. LOUIS - MID043,72,1.0
ST. LOUIS - MID044,99,1.0
ST. LOUIS - MID045,99,1.0
ST. LOUIS - MID046,72,1.0
ST. LOUIS - MID047,73,1.0
ST. LOUIS - MID048,99,1.0
ST. LOUIS - MID049,99,1.0
ST. LOUIS - MID050,72,1.0
ST. LOUIS - MID051,99,1.0
ST. LOUIS - MID052,72,1.0
ST. LOUIS - MID053,72,1.0
ST. LOUIS - MID054,99,1.0
ST. LOUIS - MID055,74,1.0
ST. LOUIS - MID056,72,1.0
ST. LOUIS - MID057,99,1.0
ST. LOUIS - MID058,99,1.0
ST. LOUIS - MID059,72,1.0
ST. LOUIS - MID060,74,1.0
ST. LOUIS - MID061,72,1.0
ST. LOUIS - MID200,99,1.0
ST. LOUIS - MID201,99,1.0
ST. LOUIS - MID202,99,1.0
ST. LOUIS - MID204,99,1.0
ST. LOUIS - NOR001,85,1.0
ST. LOUIS - NOR002,85,1.0
ST. LOUIS - NOR003,85,1.0
ST. LOUIS - NOR004,74,1.0
ST. LOUIS - NOR005,85,1.0
ST. LOUIS - NOR006,85,1.0
ST. LOUIS - NOR007,85,1.0
ST. LOUIS - NOR008,85,1.0
ST. LOUIS - NOR009,74,1.0
ST. LOUIS - NOR010,74,1.0
ST. LOUIS - NOR011,74,1.0
ST. LOUIS - NOR012,74,1.0
ST. LOUIS - NOR013,74,1.0
ST. LOUIS - NOR014,74,1.0
ST. LOUIS - NOR015,74,1.0
ST. LOUIS - NOR016,74,1.0
ST. LOUIS - NOR017,74,1.0
ST. LOUIS - NOR018,74,1.0
ST. LOUIS - NOR019,74,1.0
ST. LOUIS - NOR020,74,1.0
ST. LOUIS - NOR021,74,1.0
ST. LOUIS - NOR022,74,1.0
ST. LOUIS - NOR023,72,1.0
ST. LOUIS - NOR024,74,1.0
ST. LOUIS - NOR025,74,1.0
ST. LOUIS - NOR026,74,1.0
ST. LOUIS - NOR027,74,1.0
ST. LOUIS - NOR028,74,1.0
ST. LOUIS - NOR029,85,1.0
ST. LOUIS - NOR030,74,1.0
ST. LOUIS - NOR031,74,1.0
ST. LOUIS - NOR032,74,1.0
ST. LOUIS - NOR033,74,1.0
ST. LOUIS - NOR034,85,1.0
ST. LOUIS - NOR035,74,1.0
ST. LOUIS - NOR036,74,1.0
ST. LOUIS - NOR037,74,1.0
ST. LOUIS - NOR038,74,1.0
ST. LOUIS - NOR039,74,1.0
ST. LOUIS - NOR040,74,1.0
ST. LOUIS - NOR041,74,1.0
ST. LOUIS - NOR042,74,1.0
ST. LOUIS - NOR043,74,1.0
ST. LOUIS - NOR044,85,1.0
ST. LOUIS - NOR045,85,1.0
ST. LOUIS - NOR046,74,1.0
ST. LOUIS - NOR047,74,1.0
ST. LOUIS - NOR048,85,1.0
ST. LOUIS - NOR049,74,1.0
ST. LOUIS - NOR050,74,1.0
ST. LOUIS - NOR051,85,1.0
ST. LOUIS - NOR052,74,1.0
ST. LOUIS - NOR053,73,1.0
ST. LOUIS - NOR054,74,1.0
ST. LOUIS - NOR055,74,1.0
ST. LOUIS - NOR056,74,1.0
ST. LOUIS - NOR200,74,1.0
ST. LOUIS - NOR201,74,1.0
ST. LOUIS - NOR202,74,1.0
ST. LOUIS - NOR203,74,1.0
ST. LOUIS - NOR204,74,1.0
ST. LOUIS - NOR208,74,1.0
ST. LOUIS - NOR213,74,1.0
ST. LOUIS - NOR218,85,1.0
ST. LOUIS - NOR222,85,1.0
ST. LOUIS - NRW001,73,1.0
ST. LOUIS - NRW002,73,1.0
ST. LOUIS - NRW003,73,1.0
ST. LOUIS - NRW004,73,1.0
ST. LOUIS - NRW005,73,1.0
ST. LOUIS - NRW006,73,1.0
ST. LOUIS - NRW007,73,1.0
ST. LOUIS - NRW008,73,1.0
ST. LOUIS - NRW009,73,1.0
ST. LOUIS - NRW010,85,1.0
ST. LOUIS - NRW011,85,1.0
ST. LOUIS - NRW012,85,1.0
ST. LOUIS - NRW013,85,1.0
ST. LOUIS - NRW014,85,1.0
ST. LOUIS - NRW015,73,1.0
ST. LOUIS - NRW016,85,1.0
ST. LOUIS - NRW017,73,1.0
ST. LOUIS - NRW018,85,1.0
ST. LOUIS - NRW019,73,1.0
ST. LOUIS - NRW020,85,1.0
ST. LOUIS - NRW021,73,1.0
ST. LOUIS - NRW022,85,1.0
ST. LOUIS - NRW023,85,1.0
ST. LOUIS - NRW024,85,1.0
ST. LOUIS - NRW025,73,1.0
ST. LOUIS - NRW026,73,1.0
ST. LOUIS - NRW027,73,1.0
ST. LOUIS - NRW028,73,1.0
ST. LOUIS - NRW029,73,1.0
ST. LOUIS - NRW030,85,1.0
ST. LOUIS - NRW031,85,1.0
ST. LOUIS - NRW032,73,1.0
ST. LOUIS - NRW033,85,1.0
ST. LOUIS - NRW034,85,1.0
ST. LOUIS - NRW035,74,1.0
ST. LOUIS - NRW036,85,1.0
ST. LOUIS - NRW037,85,1.0
ST. LOUIS - NRW038,85,1.0
ST. LOUIS - NRW039,85,1.0
ST. LOUIS - NRW040,85,1.0
ST. LOUIS - NRW041,85,1.0
ST. LOUIS - NRW042,85,1.0
ST. LOUIS - NRW043,85,1.0
ST. LOUIS - NRW044,85,1.0
ST. LOUIS - NRW045,85,1.0
ST. LOUIS - NRW046,85,1.0
ST. LOUIS - NRW047,85,1.0
ST. LOUIS - NRW048,85,1.0
ST. LOUIS - NRW049,85,1.0
ST. LOUIS - NRW050,85,1.0
ST. LOUIS - NRW051,85,1.0
ST. LOUIS - NRW200,73,1.0
ST. LOUIS - NRW201,85,1.0
ST. LOUIS - NRW202,74,1.0
ST. LOUIS - NRW203,85,1.0
ST. LOUIS - NRW204,85,1.0
ST. LOUIS - NRW205,85,1.0
ST. LOUIS - NW1604,68,1.0
ST. LOUIS - OAK001,94,1.0
ST. LOUIS - OAK002,94,1.0
ST. LOUIS - OAK003,94,1.0
ST. LOUIS - OAK004,94,1.0
ST. LOUIS - OAK005,94,1.0
ST. LOUIS - OAK006,94,1.0
ST. LOUIS - OAK007,95,1.0
ST. LOUIS - OAK008,94,1.0
ST. LOUIS - OAK009,94,1.0
ST. LOUIS - OAK010,94,1.0
ST. LOUIS - OAK011,94,1.0
ST. LOUIS - OAK012,94,1.0
ST. LOUIS - OAK013,95,1.0
ST. LOUIS - OAK014,94,1.0
ST. LOUIS - OAK015,95,1.0
ST. LOUIS - OAK016,94,1.0
ST. LOUIS - OAK017,95,1.0
ST. LOUIS - OAK018,95,1.0
ST. LOUIS - OAK019,95,1.0
ST. LOUIS - OAK020,95,1.0
ST. LOUIS - OAK021,95,1.0
ST. LOUIS - OAK022,95,1.0
ST. LOUIS - OAK023,94,1.0
ST. LOUIS - OAK024,94,1.0
ST. LOUIS - OAK025,95,1.0
ST. LOUIS - OAK026,95,1.0
ST. LOUIS - OAK027,94,1.0
ST. LOUIS - OAK028,94,1.0
ST. LOUIS - OAK029,94,1.0
ST. LOUIS - QUE001,98,1.0
ST. LOUIS - QUE002,98,1.0
ST. LOUIS - QUE003,98,1.0
ST. LOUIS - QUE004,98,1.0
ST. LOUIS - QUE005,98,1.0
ST. LOUIS - QUE006,96,1.0
ST. LOUIS - QUE007,98,1.0
ST. LOUIS - QUE008,90,1.0
ST. LOUIS - QUE009,96,1.0
ST. LOUIS - QUE010,98,1.0
ST. LOUIS - QUE011,90,1.0
ST. LOUIS - QUE012,100,1.0
ST. LOUIS - QUE013,100,1.0
ST. LOUIS - QUE014,98,1.0
ST. LOUIS - QUE015,98,1.0
ST. LOUIS - QUE016,98,1.0
ST. LOUIS - QUE017,98,1.0
ST. LOUIS - QUE018,98,1.0
ST. LOUIS - QUE019,100,1.0
ST. LOUIS - QUE020,98,1.0
ST. LOUIS - QUE021,98,1.0
ST. LOUIS - QUE022,98,1.0
ST. LOUIS - QUE023,98,1.0
ST. LOUIS - QUE024,98,1.0
ST. LOUIS - QUE025,98,1.0
ST. LOUIS - QUE026,100,1.0
ST. LOUIS - QUE027,100,1.0
ST. LOUIS - QUE028,98,1.0
ST. LOUIS - QUE029,98,1.0
ST. LOUIS - QUE030,98,1.0
ST. LOUIS - QUE031,98,1.0
ST. LOUIS - QUE032,98,1.0
ST. LOUIS - QUE033,98,1.0
ST. LOUIS - QUE034,98,1.0
ST. LOUIS - QUE035,98,1.0
ST. LOUIS - QUE036,98,1.0
ST. LOUIS - QUE037,98,1.0
ST. LOUIS - QUE038,98,1.0
ST. LOUIS - QUE039,98,1.0
ST. LOUIS - QUE040,98,1.0
ST. LOUIS - QUE041,98,1.0
ST. LOUIS - QUE042,98,1.0
ST. LOUIS - QUE043,98,1.0
ST. LOUIS - QUE044,98,1.0
ST. LOUIS - QUE045,100,1.0
ST. LOUIS - QUE046,98,1.0
ST. LOUIS - QUE047,98,1.0
ST. LOUIS - QUE048,98,1.0
ST. LOUIS - QUE049,98,1.0
ST. LOUIS - QUE200,96,1.0
ST. LOUIS - QUE201,98,1.0
ST. LOUIS - QUE202,98,1.0
ST. LOUIS - QUE203,96,1.0
ST. LOUIS - QUE204,98,1.0
ST. LOUIS - QUE205,96,1.0
ST. LOUIS - QUE207,100,1.0
ST. LOUIS - QUE208,100,1.0
ST. LOUIS - QUE209,98,1.0
ST. LOUIS - QUE210,98,1.0
ST. LOUIS - QUE211,98,1.0
ST. LOUIS - QUE213,98,1.0
ST. LOUIS - SPL001,67,1.0
ST. LOUIS - SPL002,67,1.0
ST. LOUIS - SPL003,67,1.0
ST. LOUIS - SPL004,66,1.0
ST. LOUIS - SPL005,66,1.0
ST. LOUIS - SPL006,67,1.0
ST. LOUIS - SPL007,67,1.0
ST. LOUIS - SPL008,67,1.0
ST. LOUIS - SPL009,68,1.0
ST. LOUIS - SPL010,67,1.0
ST. LOUIS - SPL011,67,1.0
ST. LOUIS - SPL012,68,1.0
ST. LOUIS - SPL013,67,1.0
ST. LOUIS - SPL014,67,1.0
ST. LOUIS - SPL015,75,1.0
ST. LOUIS - SPL016,67,1.0
ST. LOUIS - SPL017,67,1.0
ST. LOUIS - SPL018,75,1.0
ST. LOUIS - SPL019,66,1.0
ST. LOUIS - SPL020,75,1.0
ST. LOUIS - SPL021,75,1.0
ST. LOUIS - SPL022,75,1.0
ST. LOUIS - SPL023,66,1.0
ST. LOUIS - SPL024,67,1.0
ST. LOUIS - SPL025,67,1.0
ST. LOUIS - SPL026,75,1.0
ST. LOUIS - SPL027,67,1.0
ST. LOUIS - SPL028,67,1.0
ST. LOUIS - SPL201,68,1.0
ST. LOUIS - SPL202,75,1.0
ST. LOUIS - SPL207,66,1.0
ST. LOUIS - SPL208,75,1.0
ST. LOUIS - TSF001,95,1.0
ST. LOUIS - TSF002,95,1.0
ST. LOUIS - TSF003,95,1.0
ST. LOUIS - TSF004,95,1.0
ST. LOUIS - TSF005,95,1.0
ST. LOUIS - TSF006,95,1.0
ST. LOUIS - TSF007,94,1.0
ST. LOUIS - TSF008,94,1.0
ST. LOUIS - TSF009,95,1.0
ST. LOUIS - TSF010,92,1.0
ST. LOUIS - TSF011,94,1.0
ST. LOUIS - TSF012,94,1.0
ST. LOUIS - TSF013,94,1.0
ST. LOUIS - TSF014,92,1.0
ST. LOUIS - TSF015,95,1.0
ST. LOUIS - TSF016,95,1.0
ST. LOUIS - TSF017,95,1.0
ST. LOUIS - TSF018,94,1.0
ST. LOUIS - TSF019,92,1.0
ST. LOUIS - TSF020,95,1.0
ST. LOUIS - TSF021,94,1.0
ST. LOUIS - TSF022,92,1.0
ST. LOUIS - TSF023,92,1.0
ST. LOUIS - TSF024,95,1.0
ST. LOUIS - TSF025,95,1.0
ST. LOUIS - TSF026,94,1.0
ST. LOUIS - TSF027,95,1.0
ST. LOUIS - TSF201,94,1.0
ST. LOUIS - UNV001,74,1.0
ST. LOUIS - UNV002,74,1.0
ST. LOUIS - UNV003,74,1.0
ST. LOUIS - UNV004,86,1.0
ST. LOUIS - UNV005,74,1.0
ST. LOUIS - UNV006,74,1.0
ST. LOUIS - UNV007,74,1.0
ST. LOUIS - UNV008,74,1.0
ST. LOUIS - UNV009,74,1.0
ST. LOUIS - UNV010,74,1.0
ST. LOUIS - UNV011,74,1.0
ST. LOUIS - UNV012,74,1.0
ST. LOUIS - UNV013,74,1.0
ST. LOUIS - UNV014,86,1.0
ST. LOUIS - UNV015,86,1.0
ST. LOUIS - UNV016,86,1.0
ST. LOUIS - UNV017,74,1.0
ST. LOUIS - UNV018,74,1.0
ST. LOUIS - UNV019,86,1.0
ST. LOUIS - UNV020,86,1.0
ST. LOUIS - UNV021,85,1.0
ST. LOUIS - UNV022,86,1.0
ST. LOUIS - UNV023,86,1.0
ST. LOUIS - UNV024,86,1.0
ST. LOUIS - UNV025,86,1.0
ST. LOUIS - UNV026,86,1.0
ST. LOUIS - UNV027,86,1.0
ST. LOUIS - UNV028,86,1.0
ST. LOUIS - UNV029,86,1.0
ST. LOUIS - UNV030,74,1.0
ST. LOUIS - UNV031,86,1.0
ST. LOUIS - UNV032,86,1.0
ST. LOUIS - UNV033,86,1.0
ST. LOUIS - UNV034,86,1.0
ST. LOUIS - UNV035,86,1.0
ST. LOUIS - UNV036,74,1.0
ST. LOUIS - UNV037,74,1.0
ST. LOUIS - UNV038,86,1.0
ST. LOUIS - UNV039,86,1.0
ST. LOUIS - UNV040,86,1.0
ST. LOUIS - UNV041,86,1.0
ST. LOUIS - UNV042,86,1.0
ST. LOUIS - UNV043,86,1.0
ST. LOUIS - UNV045,74,1.0
ST. LOUIS - UNV201,74,1.0
ST. LOUIS - UNV202,72,1.0
ST. LOUIS - UNV205,74,1.0
ST. LOUIS - UNV206,86,1.0
ST. LOUIS - UNV208,74,1.0
STE. GENEVIEVE - 000002,145,1.0
STE. GENEVIEVE - 000003,145,1.0
STE. GENEVIEVE - 000004,145,1.0
STE. GENEVIEVE - 000005,145,1.0
STE. GENEVIEVE - 000006,145,1.0
STE. GENEVIEVE - 000007,145,1.0
STE. GENEVIEVE - 000009,145,1.0
STE. GENEVIEVE - 000010,145,1.0
STE. GENEVIEVE - 000011,145,1.0
STE. GENEVIEVE - 000012,145,1.0
STE. GENEVIEVE - 000013,145,1.0
STE. GENEVIEVE - 000014,145,1.0
STODDARD - 000002,151,1.0
STODDARD - 000003,151,1.0
STODDARD - 000004,151,1.0
STODDARD - 000005,151,1.0
STODDARD - 000006,151,1.0
STODDARD - 000007,151,1.0
STODDARD - 000008,151,1.0
STODDARD - 000009,151,1.0
STODDARD - 000010,151,1.0
STODDARD - 000011,151,1.0
STODDARD - 000012,151,1.0
STODDARD - 000013,151,1.0
STODDARD - 000014,151,1.0
STODDARD - 000015,151,1.0
STODDARD - 000016,151,1.0
STODDARD - 000017,151,1.0
STODDARD - 000018,151,1.0
STODDARD - 000019,151,1.0
STODDARD - 000020,151,1.0
STODDARD - 000021,151,1.0
STONE - 003698,138,1.0
STONE - 003699,138,1.0
STONE - 003701,138,1.0
STONE - 003723,138,1.0
STONE - 003730,138,1.0
STONE - 003751,138,1.0
STONE - 003782,138,1.0
STONE - 003794,138,1.0
STONE - 003800,138,1.0
STONE - 003814,138,1.0
STONE - 003842,138,1.0
STONE - 003877,138,1.0
STONE - 003889,138,1.0
STONE - 003898,138,1.0
STONE - 003900,138,1.0
STONE - 003903,138,1.0
STONE - 003908,138,1.0
STONE - 003933,138,1.0
STONE - 003935,155,1.0
STONE - 003938,155,1.0
SULLIVAN - 000002,3,1.0
SULLIVAN - 000003,3,1.0
SULLIVAN - 000004,3,1.0
SULLIVAN - 000005,3,1.0
SULLIVAN - 000006,3,1.0
SULLIVAN - 000007,3,1.0
SULLIVAN - 000008,3,1.0
SULLIVAN - 000009,3,1.0
SULLIVAN - 000010,3,1.0
SULLIVAN - 000011,3,1.0
SULLIVAN - 000012,3,1.0
SULLIVAN - 000013,3,1.0
SULLIVAN - 000014,3,1.0
SULLIVAN - 000015,3,1.0
SULLIVAN - 000016,3,1.0
SULLIVAN - 000017,3,1.0
SULLIVAN - 000018,3,1.0
SULLIVAN - 000019,3,1.0
SULLIVAN - 000020,3,1.0
TANEY - 000002,156,1.0
TANEY - 000003,155,1.0
TANEY - 000004,156,1.0
TANEY - 000005,156,1.0
TANEY - 000006,156,1.0
TANEY - 000009,155,1.0
TANEY - 000010,155,1.0
TANEY - 000011,155,1.0
TANEY - 000012,156,1.0
TANEY - 000013,155,1.0
TANEY - 000014,155,1.0
TANEY - 000015,155,1.0
TANEY - 000016,155,1.0
TANEY - 000017,156,1.0
TANEY - 000018,156,1.0
TANEY - 000019,156,1.0
TANEY - 000020,155,1.0
TANEY - 000021,156,1.0
TANEY - 000022,156,1.0
TANEY - 000023,155,1.0
TANEY - 000024,156,1.0
TEXAS - 000002,143,1.0
TEXAS - 000003,143,1.0
TEXAS - 000005,143,1.0
TEXAS - 000006,143,1.0
TEXAS - 000007,143,1.0
TEXAS - 000008,143,1.0
TEXAS - 000009,143,1.0
TEXAS - 000011,143,1.0
TEXAS - 000012,143,1.0
TEXAS - 000013,143,1.0
TEXAS - 000014,143,1.0
TEXAS - 000016,143,1.0
TEXAS - 000017,143,1.0
TEXAS - 000018,143,1.0
TEXAS - 000020,143,1.0
TEXAS - 000021,143,1.0
TEXAS - 000022,143,1.0
VERNON - 000002,125,1.0
VERNON - 000003,125,1.0
VERNON - 000004,125,1.0
VERNON - 000005,125,1.0
VERNON - 000006,125,1.0
VERNON - 000007,125,1.0
VERNON - 000008,125,1.0
VERNON - 000009,125,1.0
VERNON - 000010,125,1.0
VERNON - 000011,125,1.0
VERNON - 000012,125,1.0
VERNON - 000013,125,1.0
VERNON - 000014,125,1.0
VERNON - 000015,125,1.0
VERNON - 000016,125,1.0
VERNON - 000017,125,1.0
WARREN - 000002,42,1.0
WARREN - 000003,42,1.0
WARREN - 000004,42,1.0
WARREN - 000005,42,1.0
WARREN - 000006,42,1.0
WARREN - 000007,42,1.0
WARREN - 000008,42,1.0
WARREN - 000009,42,1.0
WARREN - 000010,42,1.0
WARREN - 000011,42,1.0
WARREN - 000012,42,1.0
WARREN - 000013,42,1.0
WARREN - 000014,42,1.0
WARREN - 000015,42,1.0
WARREN - 000016,42,1.0
WARREN - 000017,42,1.0
WARREN - 000018,42,1.0
WARREN - 000019,42,1.0
WARREN - 000020,42,1.0
WARREN - 000021,42,1.0
WARREN - 000022,42,1.0
WARREN - 000023,42,1.0
WARREN - 000024,42,1.0
WASHINGTON - 000002,144,1.0
WASHINGTON - 000003,144,1.0
WASHINGTON - 000005,144,1.0
WASHINGTON - 000006,144,1.0
WASHINGTON - 000007,144,1.0
WASHINGTON - 000008,118,1.0
WASHINGTON - 000009,144,1.0
WASHINGTON - 000011,144,1.0
WASHINGTON - 000013,118,1.0
WASHINGTON - 000015,144,1.0
WASHINGTON - 000016,118,1.0
WASHINGTON - 000017,144,1.0
WASHINGTON - 000019,144,1.0
WAYNE - 000002,153,1.0
WAYNE - 000003,153,1.0
WAYNE - 000004,153,1.0
WAYNE - 000005,153,1.0
WAYNE - 000006,153,1.0
WAYNE - 000007,153,1.0
WAYNE - 000008,153,1.0
WAYNE - 000009,153,1.0
WAYNE - 000010,153,1.0
WAYNE - 000011,153,1.0
WAYNE - 000012,144,1.0
WAYNE - 000013,153,1.0
WAYNE - 000014,153,1.0
WAYNE - 000015,144,1.0
WAYNE - 000016,153,1.0
WAYNE - 000017,144,1.0
WAYNE - 000018,144,1.0
WAYNE - 000019,153,1.0
WAYNE - 000020,153,1.0
WAYNE - 000021,153,1.0
WEBSTER - 000002,129,1.0
WEBSTER - 000003,129,1.0
WEBSTER - 000005,129,1.0
WEBSTER - 000006,129,1.0
WEBSTER - 000008,129,1.0
WEBSTER - 000010,129,1.0
WEBSTER - 000011,129,1.0
WEBSTER - 000012,129,1.0
WEBSTER - 000013,129,1.0
WEBSTER - 000014,129,1.0
WEBSTER - 12-019,129,1.0
WEBSTER - 12-020,129,1.0
WEBSTER - 14-017,129,1.0
WEBSTER - 16-015,129,1.0
WEBSTER - 16-016,129,1.0
WEBSTER - 16-018,129,1.0
WORTH - 000002,2,1.0
WORTH - 000003,2,1.0
WORTH - 000004,2,1.0
WORTH - 000005,2,1.0
WORTH - 000006,2,1.0
WORTH - 000007,2,1.0
WORTH - 000008,2,1.0
WRIGHT - 000002,141,1.0
WRIGHT - 000003,141,1.0
WRIGHT - 000004,141,1.0
WRIGHT - 000005,141,1.0
WRIGHT - 000006,141,1.0
WRIGHT - 000007,141,1.0
WRIGHT - 000008,141,1.0
WRIGHT - 000009,141,1.0
