precinct_key,district_num,area_weight,block_weight,precinct_block_weight,is_kansas_city,election_county,election_county_aliases
ADAIR - 000002,6,1.0000000000,318.0000000000,318.0000000000,0,ADAIR,ADAIR
ADAIR - 000003,6,1.0000000000,163.0000000000,163.0000000000,0,ADAIR,ADAIR
ADAIR - 000004,6,1.0000000000,58.0000000000,58.0000000000,0,ADAIR,ADAIR
ADAIR - 000005,6,1.0000000000,61.0000000000,61.0000000000,0,ADAIR,ADAIR
ADAIR - 000006,6,1.0000000000,304.0000000000,304.0000000000,0,ADAIR,ADAIR
ADAIR - 000007,6,1.0000000000,252.0000000000,252.0000000000,0,ADAIR,ADAIR
ADAIR - 000008,6,1.0000000000,101.0000000000,101.0000000000,0,ADAIR,ADAIR
ADAIR - 000009,6,1.0000000000,126.0000000000,126.0000000000,0,ADAIR,ADAIR
ADAIR - 000010,6,1.0000000000,120.0000000000,120.0000000000,0,ADAIR,ADAIR
ADAIR - 000011,6,1.0000000000,8.0000000000,8.0000000000,0,ADAIR,ADAIR
ANDREW - 000002,6,1.0000000000,1.0000000000,1.0000000000,0,ANDREW,ANDREW
ANDREW - 000003,6,1.0000000000,33.0000000000,33.0000000000,0,ANDREW,ANDREW
ANDREW - 000004,6,1.0000000000,85.0000000000,85.0000000000,0,ANDREW,ANDREW
ANDREW - 000005,6,1.0000000000,56.0000000000,56.0000000000,0,ANDREW,ANDREW
ANDREW - 000006,6,1.0000000000,49.0000000000,49.0000000000,0,ANDREW,ANDREW
ANDREW - 000007,6,1.0000000000,56.0000000000,56.0000000000,0,ANDREW,ANDREW
ANDREW - 000008,6,1.0000000000,51.0000000000,51.0000000000,0,ANDREW,ANDREW
ANDREW - 000009,6,1.0000000000,32.0000000000,32.0000000000,0,ANDREW,ANDREW
ANDREW - 000010,6,1.0000000000,127.0000000000,127.0000000000,0,ANDREW,ANDREW
ANDREW - 000011,6,1.0000000000,115.0000000000,115.0000000000,0,ANDREW,ANDREW
ANDREW - 000012,6,1.0000000000,110.0000000000,110.0000000000,0,ANDREW,ANDREW
ANDREW - 000013,6,1.0000000000,92.0000000000,92.0000000000,0,ANDREW,ANDREW
ANDREW - 000014,6,1.0000000000,74.0000000000,74.0000000000,0,ANDREW,ANDREW
ANDREW - 000015,6,1.0000000000,86.0000000000,86.0000000000,0,ANDREW,ANDREW
ANDREW - 000016,6,1.0000000000,84.0000000000,84.0000000000,0,ANDREW,ANDREW
ANDREW - 000017,6,1.0000000000,112.0000000000,112.0000000000,0,ANDREW,ANDREW
ANDREW - 000018,6,1.0000000000,55.0000000000,55.0000000000,0,ANDREW,ANDREW
ANDREW - 000019,6,1.0000000000,110.0000000000,110.0000000000,0,ANDREW,ANDREW
ANDREW - 000020,6,1.0000000000,97.0000000000,97.0000000000,0,ANDREW,ANDREW
ANDREW - 000021,6,1.0000000000,106.0000000000,106.0000000000,0,ANDREW,ANDREW
ATCHISON - 000002,6,1.0000000000,217.0000000000,217.0000000000,0,ATCHISON,ATCHISON
ATCHISON - 000004,6,1.0000000000,360.0000000000,360.0000000000,0,ATCHISON,ATCHISON
ATCHISON - 000005,6,1.0000000000,229.0000000000,229.0000000000,0,ATCHISON,ATCHISON
ATCHISON - 000006,6,1.0000000000,97.0000000000,97.0000000000,0,ATCHISON,ATCHISON
ATCHISON - 000007,6,1.0000000000,118.0000000000,118.0000000000,0,ATCHISON,ATCHISON
AUDRAIN - 000502,3,1.0000000000,159.0000000000,159.0000000000,0,AUDRAIN,AUDRAIN
AUDRAIN - 000506,3,1.0000000000,158.0000000000,158.0000000000,0,AUDRAIN,AUDRAIN
AUDRAIN - 000508,3,1.0000000000,196.0000000000,196.0000000000,0,AUDRAIN,AUDRAIN
AUDRAIN - 000510,3,1.0000000000,151.0000000000,151.0000000000,0,AUDRAIN,AUDRAIN
AUDRAIN - 000512,3,1.0000000000,142.0000000000,142.0000000000,0,AUDRAIN,AUDRAIN
AUDRAIN - 000513,3,1.0000000000,502.0000000000,502.0000000000,0,AUDRAIN,AUDRAIN
AUDRAIN - 000545,3,1.0000000000,203.0000000000,203.0000000000,0,AUDRAIN,AUDRAIN
AUDRAIN - 000616,3,1.0000000000,46.0000000000,46.0000000000,0,AUDRAIN,AUDRAIN
AUDRAIN - 000623,3,1.0000000000,41.0000000000,41.0000000000,0,AUDRAIN,AUDRAIN
AUDRAIN - 000632,3,1.0000000000,81.0000000000,81.0000000000,0,AUDRAIN,AUDRAIN
AUDRAIN - 000633,3,1.0000000000,130.0000000000,130.0000000000,0,AUDRAIN,AUDRAIN
AUDRAIN - 000641,3,1.0000000000,34.0000000000,34.0000000000,0,AUDRAIN,AUDRAIN
AUDRAIN - 000642,3,1.0000000000,55.0000000000,55.0000000000,0,AUDRAIN,AUDRAIN
AUDRAIN - 000657,3,1.0000000000,203.0000000000,203.0000000000,0,AUDRAIN,AUDRAIN
AUDRAIN - 000658,3,1.0000000000,217.0000000000,217.0000000000,0,AUDRAIN,AUDRAIN
AUDRAIN - 000667,3,1.0000000000,145.0000000000,145.0000000000,0,AUDRAIN,AUDRAIN
BARRY - 000002,7,1.0000000000,38.0000000000,38.0000000000,0,BARRY,BARRY
BARRY - 000003,7,1.0000000000,136.0000000000,136.0000000000,0,BARRY,BARRY
BARRY - 000004,7,1.0000000000,75.0000000000,75.0000000000,0,BARRY,BARRY
BARRY - 000005,7,1.0000000000,178.0000000000,178.0000000000,0,BARRY,BARRY
BARRY - 000006,7,1.0000000000,177.0000000000,177.0000000000,0,BARRY,BARRY
BARRY - 000007,7,1.0000000000,99.0000000000,99.0000000000,0,BARRY,BARRY
BARRY - 000008,7,1.0000000000,163.0000000000,163.0000000000,0,BARRY,BARRY
BARRY - 000009,7,1.0000000000,125.0000000000,125.0000000000,0,BARRY,BARRY
BARRY - 000010,7,1.0000000000,181.0000000000,181.0000000000,0,BARRY,BARRY
BARRY - 000011,7,1.0000000000,100.0000000000,100.0000000000,0,BARRY,BARRY
BARRY - 000012,7,1.0000000000,45.0000000000,45.0000000000,0,BARRY,BARRY
BARRY - 000013,7,1.0000000000,69.0000000000,69.0000000000,0,BARRY,BARRY
BARRY - 000014,7,1.0000000000,34.0000000000,34.0000000000,0,BARRY,BARRY
BARRY - 000015,7,1.0000000000,347.0000000000,347.0000000000,0,BARRY,BARRY
BARRY - 000016,7,1.0000000000,78.0000000000,78.0000000000,0,BARRY,BARRY
BARRY - 000017,7,1.0000000000,81.0000000000,81.0000000000,0,BARRY,BARRY
BARRY - 000018,7,1.0000000000,200.0000000000,200.0000000000,0,BARRY,BARRY
BARRY - 000019,7,1.0000000000,117.0000000000,117.0000000000,0,BARRY,BARRY
BARRY - 000020,7,1.0000000000,117.0000000000,117.0000000000,0,BARRY,BARRY
BARRY - 000021,7,1.0000000000,216.0000000000,216.0000000000,0,BARRY,BARRY
BARRY - 000022,7,1.0000000000,105.0000000000,105.0000000000,0,BARRY,BARRY
BARRY - 000023,7,1.0000000000,150.0000000000,150.0000000000,0,BARRY,BARRY
BARTON - 000004,4,1.0000000000,343.0000000000,343.0000000000,0,BARTON,BARTON
BARTON - 000008,4,1.0000000000,92.0000000000,92.0000000000,0,BARTON,BARTON
BARTON - 000010,4,1.0000000000,179.0000000000,179.0000000000,0,BARTON,BARTON
BARTON - 000011,4,1.0000000000,270.0000000000,270.0000000000,0,BARTON,BARTON
BARTON - 000015,4,1.0000000000,196.0000000000,196.0000000000,0,BARTON,BARTON
BARTON - 000016,4,1.0000000000,420.0000000000,420.0000000000,0,BARTON,BARTON
BARTON - 16-018,4,1.0000000000,136.0000000000,136.0000000000,0,BARTON,BARTON
BARTON - 16-021,4,1.0000000000,98.0000000000,98.0000000000,0,BARTON,BARTON
BATES - 002701,4,1.0000000000,94.0000000000,94.0000000000,0,BATES,BATES
BATES - 002703,4,1.0000000000,192.0000000000,192.0000000000,0,BATES,BATES
BATES - 002705,4,1.0000000000,162.0000000000,162.0000000000,0,BATES,BATES
BATES - 002722,4,1.0000000000,90.0000000000,90.0000000000,0,BATES,BATES
BATES - 002767,4,1.0000000000,84.0000000000,84.0000000000,0,BATES,BATES
BATES - 002801,4,1.0000000000,60.0000000000,60.0000000000,0,BATES,BATES
BATES - 002814,4,1.0000000000,198.0000000000,198.0000000000,0,BATES,BATES
BATES - 002825,4,1.0000000000,80.0000000000,80.0000000000,0,BATES,BATES
BATES - 002847,4,1.0000000000,84.0000000000,84.0000000000,0,BATES,BATES
BATES - 002849,4,1.0000000000,176.0000000000,176.0000000000,0,BATES,BATES
BATES - 002850,4,1.0000000000,83.0000000000,83.0000000000,0,BATES,BATES
BATES - 002868,4,1.0000000000,121.0000000000,121.0000000000,0,BATES,BATES
BATES - 002892,4,1.0000000000,242.0000000000,242.0000000000,0,BATES,BATES
BATES - 002904,4,1.0000000000,192.0000000000,192.0000000000,0,BATES,BATES
BATES - 002930,4,1.0000000000,91.0000000000,91.0000000000,0,BATES,BATES
BENTON - 000001,4,1.0000000000,315.0000000000,315.0000000000,0,BENTON,BENTON
BENTON - 000002,4,1.0000000000,267.0000000000,267.0000000000,0,BENTON,BENTON
BENTON - 000004,4,1.0000000000,133.0000000000,133.0000000000,0,BENTON,BENTON
BENTON - 000005,4,1.0000000000,294.0000000000,294.0000000000,0,BENTON,BENTON
BENTON - 000007,4,1.0000000000,230.0000000000,230.0000000000,0,BENTON,BENTON
BENTON - 000008,4,1.0000000000,218.0000000000,218.0000000000,0,BENTON,BENTON
BENTON - 000009,4,1.0000000000,209.0000000000,209.0000000000,0,BENTON,BENTON
BENTON - 0012-6,4,1.0000000000,317.0000000000,317.0000000000,0,BENTON,BENTON
BOLLINGER - 000003,8,1.0000000000,84.0000000000,84.0000000000,0,BOLLINGER,BOLLINGER
BOLLINGER - 000005,8,1.0000000000,51.0000000000,51.0000000000,0,BOLLINGER,BOLLINGER
BOLLINGER - 000006,8,1.0000000000,83.0000000000,83.0000000000,0,BOLLINGER,BOLLINGER
BOLLINGER - 000007,8,1.0000000000,149.0000000000,149.0000000000,0,BOLLINGER,BOLLINGER
BOLLINGER - 000009,8,1.0000000000,191.0000000000,191.0000000000,0,BOLLINGER,BOLLINGER
BOLLINGER - 000010,8,1.0000000000,74.0000000000,74.0000000000,0,BOLLINGER,BOLLINGER
BOLLINGER - 000011,8,1.0000000000,104.0000000000,104.0000000000,0,BOLLINGER,BOLLINGER
BOLLINGER - 000012,8,1.0000000000,67.0000000000,67.0000000000,0,BOLLINGER,BOLLINGER
BOLLINGER - 000015,8,1.0000000000,124.0000000000,124.0000000000,0,BOLLINGER,BOLLINGER
BOONE - 000007,5,1.0000000000,124.0000000000,124.0000000000,0,BOONE,BOONE
BOONE - 000008,5,1.0000000000,146.0000000000,146.0000000000,0,BOONE,BOONE
BOONE - 000009,5,1.0000000000,59.0000000000,59.0000000000,0,BOONE,BOONE
BOONE - 000010,5,1.0000000000,50.0000000000,50.0000000000,0,BOONE,BOONE
BOONE - 000011,5,1.0000000000,52.0000000000,52.0000000000,0,BOONE,BOONE
BOONE - 000012,5,1.0000000000,116.0000000000,116.0000000000,0,BOONE,BOONE
BOONE - 000015,5,1.0000000000,82.0000000000,82.0000000000,0,BOONE,BOONE
BOONE - 000016,5,1.0000000000,64.0000000000,64.0000000000,0,BOONE,BOONE
BOONE - 000017,3,0.0517241379,3.0000000000,58.0000000000,0,BOONE,BOONE
BOONE - 000017,5,0.9482758621,55.0000000000,58.0000000000,0,BOONE,BOONE
BOONE - 000018,5,1.0000000000,60.0000000000,60.0000000000,0,BOONE,BOONE
BOONE - 000019,5,1.0000000000,39.0000000000,39.0000000000,0,BOONE,BOONE
BOONE - 00001A,3,1.0000000000,84.0000000000,84.0000000000,0,BOONE,BOONE
BOONE - 00001B,3,1.0000000000,9.0000000000,9.0000000000,0,BOONE,BOONE
BOONE - 00001C,3,1.0000000000,28.0000000000,28.0000000000,0,BOONE,BOONE
BOONE - 00001D,3,1.0000000000,66.0000000000,66.0000000000,0,BOONE,BOONE
BOONE - 00001E,3,1.0000000000,18.0000000000,18.0000000000,0,BOONE,BOONE
BOONE - 00001F,3,1.0000000000,10.0000000000,10.0000000000,0,BOONE,BOONE
BOONE - 00001G,3,1.0000000000,34.0000000000,34.0000000000,0,BOONE,BOONE
BOONE - 00001I,3,1.0000000000,16.0000000000,16.0000000000,0,BOONE,BOONE
BOONE - 000020,3,0.0416666667,2.0000000000,48.0000000000,0,BOONE,BOONE
BOONE - 000020,5,0.9583333333,46.0000000000,48.0000000000,0,BOONE,BOONE
BOONE - 000021,3,0.3947368421,15.0000000000,38.0000000000,0,BOONE,BOONE
BOONE - 000021,5,0.6052631579,23.0000000000,38.0000000000,0,BOONE,BOONE
BOONE - 000022,3,0.1136363636,5.0000000000,44.0000000000,0,BOONE,BOONE
BOONE - 000022,5,0.8863636364,39.0000000000,44.0000000000,0,BOONE,BOONE
BOONE - 000023,3,1.0000000000,23.0000000000,23.0000000000,0,BOONE,BOONE
BOONE - 000024,3,1.0000000000,52.0000000000,52.0000000000,0,BOONE,BOONE
BOONE - 000025,3,1.0000000000,27.0000000000,27.0000000000,0,BOONE,BOONE
BOONE - 000026,3,1.0000000000,95.0000000000,95.0000000000,0,BOONE,BOONE
BOONE - 000027,3,1.0000000000,75.0000000000,75.0000000000,0,BOONE,BOONE
BOONE - 000028,3,1.0000000000,33.0000000000,33.0000000000,0,BOONE,BOONE
BOONE - 000029,3,1.0000000000,57.0000000000,57.0000000000,0,BOONE,BOONE
BOONE - 00002A,3,1.0000000000,25.0000000000,25.0000000000,0,BOONE,BOONE
BOONE - 00002B,3,1.0000000000,24.0000000000,24.0000000000,0,BOONE,BOONE
BOONE - 00002C,3,1.0000000000,23.0000000000,23.0000000000,0,BOONE,BOONE
BOONE - 00002D,3,1.0000000000,35.0000000000,35.0000000000,0,BOONE,BOONE
BOONE - 00002F,3,1.0000000000,26.0000000000,26.0000000000,0,BOONE,BOONE
BOONE - 00002G,3,1.0000000000,28.0000000000,28.0000000000,0,BOONE,BOONE
BOONE - 00002H,3,1.0000000000,47.0000000000,47.0000000000,0,BOONE,BOONE
BOONE - 00002I,3,0.9807692308,51.0000000000,52.0000000000,0,BOONE,BOONE
BOONE - 00002I,5,0.0192307692,1.0000000000,52.0000000000,0,BOONE,BOONE
BOONE - 00002J,3,1.0000000000,40.0000000000,40.0000000000,0,BOONE,BOONE
BOONE - 00002K,3,0.4705882353,8.0000000000,17.0000000000,0,BOONE,BOONE
BOONE - 00002K,5,0.5294117647,9.0000000000,17.0000000000,0,BOONE,BOONE
BOONE - 000030,3,1.0000000000,96.0000000000,96.0000000000,0,BOONE,BOONE
BOONE - 000031,3,1.0000000000,68.0000000000,68.0000000000,0,BOONE,BOONE
BOONE - 000032,3,1.0000000000,21.0000000000,21.0000000000,0,BOONE,BOONE
BOONE - 000033,3,1.0000000000,22.0000000000,22.0000000000,0,BOONE,BOONE
BOONE - 000034,3,1.0000000000,24.0000000000,24.0000000000,0,BOONE,BOONE
BOONE - 000035,3,1.0000000000,26.0000000000,26.0000000000,0,BOONE,BOONE
BOONE - 000036,3,1.0000000000,20.0000000000,20.0000000000,0,BOONE,BOONE
BOONE - 000037,3,0.2857142857,4.0000000000,14.0000000000,0,BOONE,BOONE
BOONE - 000037,5,0.7142857143,10.0000000000,14.0000000000,0,BOONE,BOONE
BOONE - 000038,5,1.0000000000,46.0000000000,46.0000000000,0,BOONE,BOONE
BOONE - 000039,5,1.0000000000,59.0000000000,59.0000000000,0,BOONE,BOONE
BOONE - 00003A,3,0.9791666667,47.0000000000,48.0000000000,0,BOONE,BOONE
BOONE - 00003A,5,0.0208333333,1.0000000000,48.0000000000,0,BOONE,BOONE
BOONE - 00003B,3,0.9836065574,60.0000000000,61.0000000000,0,BOONE,BOONE
BOONE - 00003B,5,0.0163934426,1.0000000000,61.0000000000,0,BOONE,BOONE
BOONE - 00003C,3,1.0000000000,44.0000000000,44.0000000000,0,BOONE,BOONE
BOONE - 00003D,3,1.0000000000,59.0000000000,59.0000000000,0,BOONE,BOONE
BOONE - 00003E,3,1.0000000000,41.0000000000,41.0000000000,0,BOONE,BOONE
BOONE - 00003F,3,1.0000000000,41.0000000000,41.0000000000,0,BOONE,BOONE
BOONE - 000040,3,0.1081081081,4.0000000000,37.0000000000,0,BOONE,BOONE
BOONE - 000040,5,0.8918918919,33.0000000000,37.0000000000,0,BOONE,BOONE
BOONE - 000041,3,1.0000000000,45.0000000000,45.0000000000,0,BOONE,BOONE
BOONE - 000042,3,1.0000000000,23.0000000000,23.0000000000,0,BOONE,BOONE
BOONE - 00004A,3,1.0000000000,18.0000000000,18.0000000000,0,BOONE,BOONE
BOONE - 00004B,3,0.2692307692,7.0000000000,26.0000000000,0,BOONE,BOONE
BOONE - 00004B,5,0.7307692308,19.0000000000,26.0000000000,0,BOONE,BOONE
BOONE - 00004C,3,1.0000000000,28.0000000000,28.0000000000,0,BOONE,BOONE
BOONE - 00004D,3,1.0000000000,13.0000000000,13.0000000000,0,BOONE,BOONE
BOONE - 00004E,3,1.0000000000,36.0000000000,36.0000000000,0,BOONE,BOONE
BOONE - 00004F,3,1.0000000000,15.0000000000,15.0000000000,0,BOONE,BOONE
BOONE - 00004G,3,1.0000000000,26.0000000000,26.0000000000,0,BOONE,BOONE
BOONE - 00004H,3,1.0000000000,13.0000000000,13.0000000000,0,BOONE,BOONE
BOONE - 00004I,3,1.0000000000,16.0000000000,16.0000000000,0,BOONE,BOONE
BOONE - 00004J,3,1.0000000000,21.0000000000,21.0000000000,0,BOONE,BOONE
BOONE - 00004K,3,0.9583333333,23.0000000000,24.0000000000,0,BOONE,BOONE
BOONE - 00004K,5,0.0416666667,1.0000000000,24.0000000000,0,BOONE,BOONE
BOONE - 00004L,3,0.9600000000,24.0000000000,25.0000000000,0,BOONE,BOONE
BOONE - 00004L,5,0.0400000000,1.0000000000,25.0000000000,0,BOONE,BOONE
BOONE - 00005A,3,1.0000000000,21.0000000000,21.0000000000,0,BOONE,BOONE
BOONE - 00005B,3,1.0000000000,20.0000000000,20.0000000000,0,BOONE,BOONE
BOONE - 00005C,3,1.0000000000,21.0000000000,21.0000000000,0,BOONE,BOONE
BOONE - 00005D,3,1.0000000000,26.0000000000,26.0000000000,0,BOONE,BOONE
BOONE - 00005E,3,1.0000000000,32.0000000000,32.0000000000,0,BOONE,BOONE
BOONE - 00005F,3,1.0000000000,42.0000000000,42.0000000000,0,BOONE,BOONE
BOONE - 00005G,3,1.0000000000,4.0000000000,4.0000000000,0,BOONE,BOONE
BOONE - 00005H,3,1.0000000000,27.0000000000,27.0000000000,0,BOONE,BOONE
BOONE - 00005I,3,1.0000000000,19.0000000000,19.0000000000,0,BOONE,BOONE
BOONE - 00005J,3,1.0000000000,28.0000000000,28.0000000000,0,BOONE,BOONE
BOONE - 00005K,3,1.0000000000,15.0000000000,15.0000000000,0,BOONE,BOONE
BOONE - 00005L,3,1.0000000000,7.0000000000,7.0000000000,0,BOONE,BOONE
BOONE - 00005M,3,1.0000000000,7.0000000000,7.0000000000,0,BOONE,BOONE
BOONE - 00006A,3,1.0000000000,30.0000000000,30.0000000000,0,BOONE,BOONE
BOONE - 00006B,3,1.0000000000,10.0000000000,10.0000000000,0,BOONE,BOONE
BOONE - 00006C,3,1.0000000000,30.0000000000,30.0000000000,0,BOONE,BOONE
BOONE - 00006D,3,1.0000000000,57.0000000000,57.0000000000,0,BOONE,BOONE
BOONE - 00006E,3,1.0000000000,17.0000000000,17.0000000000,0,BOONE,BOONE
BOONE - 00006F,3,1.0000000000,10.0000000000,10.0000000000,0,BOONE,BOONE
BOONE - 00006G,3,1.0000000000,35.0000000000,35.0000000000,0,BOONE,BOONE
BOONE - 00006H,3,1.0000000000,11.0000000000,11.0000000000,0,BOONE,BOONE
BOONE - 00006I,3,1.0000000000,15.0000000000,15.0000000000,0,BOONE,BOONE
BOONE - 16-01J,3,1.0000000000,24.0000000000,24.0000000000,0,BOONE,BOONE
BOONE - 16-01K,3,1.0000000000,19.0000000000,19.0000000000,0,BOONE,BOONE
BOONE - 16-01L,3,1.0000000000,6.0000000000,6.0000000000,0,BOONE,BOONE
BOONE - 16-01M,3,1.0000000000,44.0000000000,44.0000000000,0,BOONE,BOONE
BOONE - 16-02L,3,1.0000000000,9.0000000000,9.0000000000,0,BOONE,BOONE
BOONE - 16-03G,3,1.0000000000,14.0000000000,14.0000000000,0,BOONE,BOONE
BOONE - 16-03H,3,1.0000000000,39.0000000000,39.0000000000,0,BOONE,BOONE
BOONE - 16-03I,3,1.0000000000,6.0000000000,6.0000000000,0,BOONE,BOONE
BOONE - 16-03J,3,1.0000000000,20.0000000000,20.0000000000,0,BOONE,BOONE
BOONE - 16-03L,3,1.0000000000,10.0000000000,10.0000000000,0,BOONE,BOONE
BOONE - 16-03M,3,1.0000000000,23.0000000000,23.0000000000,0,BOONE,BOONE
BOONE - 16-03N,3,1.0000000000,6.0000000000,6.0000000000,0,BOONE,BOONE
BOONE - 16-043,3,1.0000000000,34.0000000000,34.0000000000,0,BOONE,BOONE
BOONE - 16-044,3,1.0000000000,14.0000000000,14.0000000000,0,BOONE,BOONE
BOONE - 16-045,3,0.1666666667,4.0000000000,24.0000000000,0,BOONE,BOONE
BOONE - 16-045,5,0.8333333333,20.0000000000,24.0000000000,0,BOONE,BOONE
BOONE - 16-04M,3,1.0000000000,25.0000000000,25.0000000000,0,BOONE,BOONE
BOONE - 16-05N,3,1.0000000000,22.0000000000,22.0000000000,0,BOONE,BOONE
BOONE - 16-05P,3,1.0000000000,3.0000000000,3.0000000000,0,BOONE,BOONE
BOONE - 16-06J,3,1.0000000000,40.0000000000,40.0000000000,0,BOONE,BOONE
BOONE - 16-06K,3,1.0000000000,19.0000000000,19.0000000000,0,BOONE,BOONE
BOONE - 16-06L,3,1.0000000000,4.0000000000,4.0000000000,0,BOONE,BOONE
BOONE - 16-06M,3,1.0000000000,12.0000000000,12.0000000000,0,BOONE,BOONE
BUCHANAN - 000001,6,1.0000000000,99.0000000000,99.0000000000,0,BUCHANAN,BUCHANAN
BUCHANAN - 000002,6,1.0000000000,277.0000000000,277.0000000000,0,BUCHANAN,BUCHANAN
BUCHANAN - 000004,6,1.0000000000,121.0000000000,121.0000000000,0,BUCHANAN,BUCHANAN
BUCHANAN - 000006,6,1.0000000000,358.0000000000,358.0000000000,0,BUCHANAN,BUCHANAN
BUCHANAN - 000008,6,1.0000000000,142.0000000000,142.0000000000,0,BUCHANAN,BUCHANAN
BUCHANAN - 000010,6,1.0000000000,194.0000000000,194.0000000000,0,BUCHANAN,BUCHANAN
BUCHANAN - 000011,6,1.0000000000,276.0000000000,276.0000000000,0,BUCHANAN,BUCHANAN
BUCHANAN - 000012,6,1.0000000000,193.0000000000,193.0000000000,0,BUCHANAN,BUCHANAN
BUCHANAN - 000014,6,1.0000000000,118.0000000000,118.0000000000,0,BUCHANAN,BUCHANAN
BUCHANAN - 000016,6,1.0000000000,476.0000000000,476.0000000000,0,BUCHANAN,BUCHANAN
BUCHANAN - 000018,6,1.0000000000,118.0000000000,118.0000000000,0,BUCHANAN,BUCHANAN
BUCHANAN - 000020,6,1.0000000000,53.0000000000,53.0000000000,0,BUCHANAN,BUCHANAN
BUCHANAN - 000021,6,1.0000000000,111.0000000000,111.0000000000,0,BUCHANAN,BUCHANAN
BUCHANAN - 000022,6,1.0000000000,104.0000000000,104.0000000000,0,BUCHANAN,BUCHANAN
BUCHANAN - 000023,6,1.0000000000,80.0000000000,80.0000000000,0,BUCHANAN,BUCHANAN
BUCHANAN - 000024,6,1.0000000000,101.0000000000,101.0000000000,0,BUCHANAN,BUCHANAN
BUCHANAN - 000027,6,1.0000000000,93.0000000000,93.0000000000,0,BUCHANAN,BUCHANAN
BUCHANAN - 000028,6,1.0000000000,85.0000000000,85.0000000000,0,BUCHANAN,BUCHANAN
BUCHANAN - 000029,6,1.0000000000,66.0000000000,66.0000000000,0,BUCHANAN,BUCHANAN
BUCHANAN - 000030,6,1.0000000000,181.0000000000,181.0000000000,0,BUCHANAN,BUCHANAN
BUCHANAN - 000031,6,1.0000000000,111.0000000000,111.0000000000,0,BUCHANAN,BUCHANAN
BUCHANAN - 000032,6,1.0000000000,181.0000000000,181.0000000000,0,BUCHANAN,BUCHANAN
BUCHANAN - 000033,6,1.0000000000,144.0000000000,144.0000000000,0,BUCHANAN,BUCHANAN
BUCHANAN - 000034,6,1.0000000000,279.0000000000,279.0000000000,0,BUCHANAN,BUCHANAN
BUCHANAN - 000035,6,1.0000000000,71.0000000000,71.0000000000,0,BUCHANAN,BUCHANAN
BUTLER - 000002,8,1.0000000000,161.0000000000,161.0000000000,0,BUTLER,BUTLER
BUTLER - 000003,8,1.0000000000,81.0000000000,81.0000000000,0,BUTLER,BUTLER
BUTLER - 000004,8,1.0000000000,51.0000000000,51.0000000000,0,BUTLER,BUTLER
BUTLER - 000005,8,1.0000000000,77.0000000000,77.0000000000,0,BUTLER,BUTLER
BUTLER - 000006,8,1.0000000000,128.0000000000,128.0000000000,0,BUTLER,BUTLER
BUTLER - 000007,8,1.0000000000,74.0000000000,74.0000000000,0,BUTLER,BUTLER
BUTLER - 000008,8,1.0000000000,133.0000000000,133.0000000000,0,BUTLER,BUTLER
BUTLER - 000009,8,1.0000000000,91.0000000000,91.0000000000,0,BUTLER,BUTLER
BUTLER - 000010,8,1.0000000000,123.0000000000,123.0000000000,0,BUTLER,BUTLER
BUTLER - 000011,8,1.0000000000,58.0000000000,58.0000000000,0,BUTLER,BUTLER
BUTLER - 000012,8,1.0000000000,121.0000000000,121.0000000000,0,BUTLER,BUTLER
BUTLER - 000013,8,1.0000000000,22.0000000000,22.0000000000,0,BUTLER,BUTLER
BUTLER - 000014,8,1.0000000000,136.0000000000,136.0000000000,0,BUTLER,BUTLER
BUTLER - 000015,8,1.0000000000,51.0000000000,51.0000000000,0,BUTLER,BUTLER
BUTLER - 000016,8,1.0000000000,139.0000000000,139.0000000000,0,BUTLER,BUTLER
BUTLER - 000017,8,1.0000000000,185.0000000000,185.0000000000,0,BUTLER,BUTLER
BUTLER - 000018,8,1.0000000000,199.0000000000,199.0000000000,0,BUTLER,BUTLER
BUTLER - 000019,8,1.0000000000,101.0000000000,101.0000000000,0,BUTLER,BUTLER
BUTLER - 000020,8,1.0000000000,150.0000000000,150.0000000000,0,BUTLER,BUTLER
BUTLER - 000021,8,1.0000000000,147.0000000000,147.0000000000,0,BUTLER,BUTLER
BUTLER - 000022,8,1.0000000000,43.0000000000,43.0000000000,0,BUTLER,BUTLER
BUTLER - 000023,8,1.0000000000,135.0000000000,135.0000000000,0,BUTLER,BUTLER
BUTLER - 000024,8,1.0000000000,81.0000000000,81.0000000000,0,BUTLER,BUTLER
BUTLER - 000025,8,1.0000000000,61.0000000000,61.0000000000,0,BUTLER,BUTLER
BUTLER - 000026,8,1.0000000000,69.0000000000,69.0000000000,0,BUTLER,BUTLER
CALDWELL - 000277,6,1.0000000000,192.0000000000,192.0000000000,0,CALDWELL,CALDWELL
CALDWELL - 000280,6,1.0000000000,371.0000000000,371.0000000000,0,CALDWELL,CALDWELL
CALDWELL - 000281,6,1.0000000000,208.0000000000,208.0000000000,0,CALDWELL,CALDWELL
CALDWELL - 000284,6,1.0000000000,64.0000000000,64.0000000000,0,CALDWELL,CALDWELL
CALDWELL - 000353,6,1.0000000000,262.0000000000,262.0000000000,0,CALDWELL,CALDWELL
CALDWELL - 000356,6,1.0000000000,113.0000000000,113.0000000000,0,CALDWELL,CALDWELL
CALDWELL - 000357,6,1.0000000000,305.0000000000,305.0000000000,0,CALDWELL,CALDWELL
CALDWELL - 000358,6,1.0000000000,192.0000000000,192.0000000000,0,CALDWELL,CALDWELL
CALDWELL - 000389,6,1.0000000000,141.0000000000,141.0000000000,0,CALDWELL,CALDWELL
CALDWELL - 000390,6,1.0000000000,216.0000000000,216.0000000000,0,CALDWELL,CALDWELL
CALLAWAY - 000826,3,1.0000000000,44.0000000000,44.0000000000,0,CALLAWAY,CALLAWAY
CALLAWAY - 000828,3,1.0000000000,64.0000000000,64.0000000000,0,CALLAWAY,CALLAWAY
CALLAWAY - 000839,3,1.0000000000,193.0000000000,193.0000000000,0,CALLAWAY,CALLAWAY
CALLAWAY - 000842,3,1.0000000000,110.0000000000,110.0000000000,0,CALLAWAY,CALLAWAY
CALLAWAY - 000998,3,1.0000000000,190.0000000000,190.0000000000,0,CALLAWAY,CALLAWAY
CALLAWAY - 001069,3,1.0000000000,57.0000000000,57.0000000000,0,CALLAWAY,CALLAWAY
CALLAWAY - 001081,3,1.0000000000,129.0000000000,129.0000000000,0,CALLAWAY,CALLAWAY
CALLAWAY - 001083,3,1.0000000000,198.0000000000,198.0000000000,0,CALLAWAY,CALLAWAY
CALLAWAY - 001189,3,1.0000000000,67.0000000000,67.0000000000,0,CALLAWAY,CALLAWAY
CALLAWAY - 001190,3,1.0000000000,285.0000000000,285.0000000000,0,CALLAWAY,CALLAWAY
CALLAWAY - 001271,3,1.0000000000,80.0000000000,80.0000000000,0,CALLAWAY,CALLAWAY
CALLAWAY - 001272,3,1.0000000000,37.0000000000,37.0000000000,0,CALLAWAY,CALLAWAY
CALLAWAY - 001292,3,1.0000000000,86.0000000000,86.0000000000,0,CALLAWAY,CALLAWAY
CALLAWAY - 001297,3,1.0000000000,70.0000000000,70.0000000000,0,CALLAWAY,CALLAWAY
CALLAWAY - 001306,3,1.0000000000,119.0000000000,119.0000000000,0,CALLAWAY,CALLAWAY
CALLAWAY - 001350,3,1.0000000000,107.0000000000,107.0000000000,0,CALLAWAY,CALLAWAY
CALLAWAY - 001351,3,1.0000000000,90.0000000000,90.0000000000,0,CALLAWAY,CALLAWAY
CALLAWAY - 001438,3,1.0000000000,34.0000000000,34.0000000000,0,CALLAWAY,CALLAWAY
CALLAWAY - 001543,3,1.0000000000,32.0000000000,32.0000000000,0,CALLAWAY,CALLAWAY
CALLAWAY - 001584,3,1.0000000000,130.0000000000,130.0000000000,0,CALLAWAY,CALLAWAY
CALLAWAY - 001595,3,1.0000000000,61.0000000000,61.0000000000,0,CALLAWAY,CALLAWAY
CALLAWAY - 001763,3,1.0000000000,107.0000000000,107.0000000000,0,CALLAWAY,CALLAWAY
CALLAWAY - 001843,3,1.0000000000,156.0000000000,156.0000000000,0,CALLAWAY,CALLAWAY
CALLAWAY - 001989,3,1.0000000000,26.0000000000,26.0000000000,0,CALLAWAY,CALLAWAY
CALLAWAY - 001991,3,1.0000000000,39.0000000000,39.0000000000,0,CALLAWAY,CALLAWAY
CAMDEN - 000002,4,1.0000000000,94.0000000000,94.0000000000,0,CAMDEN,CAMDEN
CAMDEN - 000003,4,1.0000000000,130.0000000000,130.0000000000,0,CAMDEN,CAMDEN
CAMDEN - 000004,4,1.0000000000,166.0000000000,166.0000000000,0,CAMDEN,CAMDEN
CAMDEN - 000005,4,1.0000000000,83.0000000000,83.0000000000,0,CAMDEN,CAMDEN
CAMDEN - 000006,4,1.0000000000,118.0000000000,118.0000000000,0,CAMDEN,CAMDEN
CAMDEN - 000007,4,1.0000000000,55.0000000000,55.0000000000,0,CAMDEN,CAMDEN
CAMDEN - 000008,4,1.0000000000,57.0000000000,57.0000000000,0,CAMDEN,CAMDEN
CAMDEN - 000009,4,1.0000000000,66.0000000000,66.0000000000,0,CAMDEN,CAMDEN
CAMDEN - 000010,4,1.0000000000,48.0000000000,48.0000000000,0,CAMDEN,CAMDEN
CAMDEN - 000011,4,1.0000000000,52.0000000000,52.0000000000,0,CAMDEN,CAMDEN
CAMDEN - 000012,4,1.0000000000,154.0000000000,154.0000000000,0,CAMDEN,CAMDEN
CAMDEN - 000013,4,1.0000000000,67.0000000000,67.0000000000,0,CAMDEN,CAMDEN
CAMDEN - 000014,4,1.0000000000,182.0000000000,182.0000000000,0,CAMDEN,CAMDEN
CAMDEN - 000015,4,1.0000000000,52.0000000000,52.0000000000,0,CAMDEN,CAMDEN
CAMDEN - 000016,4,1.0000000000,63.0000000000,63.0000000000,0,CAMDEN,CAMDEN
CAMDEN - 000017,4,1.0000000000,132.0000000000,132.0000000000,0,CAMDEN,CAMDEN
CAMDEN - 000018,4,1.0000000000,119.0000000000,119.0000000000,0,CAMDEN,CAMDEN
CAMDEN - 000019,4,1.0000000000,81.0000000000,81.0000000000,0,CAMDEN,CAMDEN
CAMDEN - 000020,4,1.0000000000,68.0000000000,68.0000000000,0,CAMDEN,CAMDEN
CAMDEN - 000021,4,1.0000000000,22.0000000000,22.0000000000,0,CAMDEN,CAMDEN
CAMDEN - 000022,4,1.0000000000,118.0000000000,118.0000000000,0,CAMDEN,CAMDEN
CAMDEN - 000023,4,1.0000000000,88.0000000000,88.0000000000,0,CAMDEN,CAMDEN
CAMDEN - 000024,4,1.0000000000,140.0000000000,140.0000000000,0,CAMDEN,CAMDEN
CAMDEN - 000025,4,1.0000000000,19.0000000000,19.0000000000,0,CAMDEN,CAMDEN
CAPE GIRARDEAU - 000002,8,1.0000000000,41.0000000000,41.0000000000,0,CAPE GIRARDEAU,CAPE GIRARDEAU
CAPE GIRARDEAU - 000003,8,1.0000000000,74.0000000000,74.0000000000,0,CAPE GIRARDEAU,CAPE GIRARDEAU
CAPE GIRARDEAU - 000004,8,1.0000000000,69.0000000000,69.0000000000,0,CAPE GIRARDEAU,CAPE GIRARDEAU
CAPE GIRARDEAU - 000005,8,1.0000000000,156.0000000000,156.0000000000,0,CAPE GIRARDEAU,CAPE GIRARDEAU
CAPE GIRARDEAU - 000006,8,1.0000000000,70.0000000000,70.0000000000,0,CAPE GIRARDEAU,CAPE GIRARDEAU
CAPE GIRARDEAU - 000007,8,1.0000000000,75.0000000000,75.0000000000,0,CAPE GIRARDEAU,CAPE GIRARDEAU
CAPE GIRARDEAU - 000008,8,1.0000000000,66.0000000000,66.0000000000,0,CAPE GIRARDEAU,CAPE GIRARDEAU
CAPE GIRARDEAU - 000009,8,1.0000000000,89.0000000000,89.0000000000,0,CAPE GIRARDEAU,CAPE GIRARDEAU
CAPE GIRARDEAU - 000010,8,1.0000000000,93.0000000000,93.0000000000,0,CAPE GIRARDEAU,CAPE GIRARDEAU
CAPE GIRARDEAU - 000011,8,1.0000000000,58.0000000000,58.0000000000,0,CAPE GIRARDEAU,CAPE GIRARDEAU
CAPE GIRARDEAU - 000012,8,1.0000000000,44.0000000000,44.0000000000,0,CAPE GIRARDEAU,CAPE GIRARDEAU
CAPE GIRARDEAU - 000013,8,1.0000000000,36.0000000000,36.0000000000,0,CAPE GIRARDEAU,CAPE GIRARDEAU
CAPE GIRARDEAU - 000014,8,1.0000000000,20.0000000000,20.0000000000,0,CAPE GIRARDEAU,CAPE GIRARDEAU
CAPE GIRARDEAU - 000015,8,1.0000000000,41.0000000000,41.0000000000,0,CAPE GIRARDEAU,CAPE GIRARDEAU
CAPE GIRARDEAU - 000016,8,1.0000000000,62.0000000000,62.0000000000,0,CAPE GIRARDEAU,CAPE GIRARDEAU
CAPE GIRARDEAU - 000017,8,1.0000000000,145.0000000000,145.0000000000,0,CAPE GIRARDEAU,CAPE GIRARDEAU
CAPE GIRARDEAU - 000018,8,1.0000000000,122.0000000000,122.0000000000,0,CAPE GIRARDEAU,CAPE GIRARDEAU
CAPE GIRARDEAU - 000019,8,1.0000000000,69.0000000000,69.0000000000,0,CAPE GIRARDEAU,CAPE GIRARDEAU
CAPE GIRARDEAU - 000020,8,1.0000000000,70.0000000000,70.0000000000,0,CAPE GIRARDEAU,CAPE GIRARDEAU
CAPE GIRARDEAU - 000021,8,1.0000000000,89.0000000000,89.0000000000,0,CAPE GIRARDEAU,CAPE GIRARDEAU
CAPE GIRARDEAU - 000022,8,1.0000000000,76.0000000000,76.0000000000,0,CAPE GIRARDEAU,CAPE GIRARDEAU
CAPE GIRARDEAU - 000023,8,1.0000000000,100.0000000000,100.0000000000,0,CAPE GIRARDEAU,CAPE GIRARDEAU
CAPE GIRARDEAU - 000024,8,1.0000000000,61.0000000000,61.0000000000,0,CAPE GIRARDEAU,CAPE GIRARDEAU
CAPE GIRARDEAU - 000025,8,1.0000000000,10.0000000000,10.0000000000,0,CAPE GIRARDEAU,CAPE GIRARDEAU
CAPE GIRARDEAU - 000026,8,1.0000000000,12.0000000000,12.0000000000,0,CAPE GIRARDEAU,CAPE GIRARDEAU
CAPE GIRARDEAU - 000027,8,1.0000000000,93.0000000000,93.0000000000,0,CAPE GIRARDEAU,CAPE GIRARDEAU
CAPE GIRARDEAU - 000028,8,1.0000000000,49.0000000000,49.0000000000,0,CAPE GIRARDEAU,CAPE GIRARDEAU
CAPE GIRARDEAU - 000029,8,1.0000000000,103.0000000000,103.0000000000,0,CAPE GIRARDEAU,CAPE GIRARDEAU
CAPE GIRARDEAU - 000030,8,1.0000000000,103.0000000000,103.0000000000,0,CAPE GIRARDEAU,CAPE GIRARDEAU
CAPE GIRARDEAU - 000031,8,1.0000000000,123.0000000000,123.0000000000,0,CAPE GIRARDEAU,CAPE GIRARDEAU
CAPE GIRARDEAU - 000032,8,1.0000000000,70.0000000000,70.0000000000,0,CAPE GIRARDEAU,CAPE GIRARDEAU
CAPE GIRARDEAU - 000033,8,1.0000000000,69.0000000000,69.0000000000,0,CAPE GIRARDEAU,CAPE GIRARDEAU
CAPE GIRARDEAU - 000034,8,1.0000000000,70.0000000000,70.0000000000,0,CAPE GIRARDEAU,CAPE GIRARDEAU
CAPE GIRARDEAU - 000035,8,1.0000000000,71.0000000000,71.0000000000,0,CAPE GIRARDEAU,CAPE GIRARDEAU
CAPE GIRARDEAU - 000036,8,1.0000000000,113.0000000000,113.0000000000,0,CAPE GIRARDEAU,CAPE GIRARDEAU
CAPE GIRARDEAU - 000037,8,1.0000000000,39.0000000000,39.0000000000,0,CAPE GIRARDEAU,CAPE GIRARDEAU
CAPE GIRARDEAU - 000038,8,1.0000000000,7.0000000000,7.0000000000,0,CAPE GIRARDEAU,CAPE GIRARDEAU
CAPE GIRARDEAU - 000039,8,1.0000000000,81.0000000000,81.0000000000,0,CAPE GIRARDEAU,CAPE GIRARDEAU
CARROLL - 000006,6,1.0000000000,122.0000000000,122.0000000000,0,CARROLL,CARROLL
CARROLL - 000007,6,1.0000000000,119.0000000000,119.0000000000,0,CARROLL,CARROLL
CARROLL - 000009,6,1.0000000000,124.0000000000,124.0000000000,0,CARROLL,CARROLL
CARROLL - 000010,6,1.0000000000,139.0000000000,139.0000000000,0,CARROLL,CARROLL
CARROLL - 000012,6,1.0000000000,112.0000000000,112.0000000000,0,CARROLL,CARROLL
CARROLL - 000013,6,1.0000000000,114.0000000000,114.0000000000,0,CARROLL,CARROLL
CARROLL - 000014,6,1.0000000000,234.0000000000,234.0000000000,0,CARROLL,CARROLL
CARROLL - 16-001,6,1.0000000000,71.0000000000,71.0000000000,0,CARROLL,CARROLL
CARROLL - 16-003,6,1.0000000000,53.0000000000,53.0000000000,0,CARROLL,CARROLL
CARROLL - 16-004,6,1.0000000000,44.0000000000,44.0000000000,0,CARROLL,CARROLL
CARROLL - 16-016,6,1.0000000000,81.0000000000,81.0000000000,0,CARROLL,CARROLL
CARROLL - 16-017,6,1.0000000000,181.0000000000,181.0000000000,0,CARROLL,CARROLL
CARROLL - 16-019,6,1.0000000000,64.0000000000,64.0000000000,0,CARROLL,CARROLL
CARTER - 003611,8,1.0000000000,181.0000000000,181.0000000000,0,CARTER,CARTER
CARTER - 003628,8,1.0000000000,85.0000000000,85.0000000000,0,CARTER,CARTER
CARTER - 003668,8,1.0000000000,86.0000000000,86.0000000000,0,CARTER,CARTER
CARTER - 003694,8,1.0000000000,24.0000000000,24.0000000000,0,CARTER,CARTER
CARTER - 003731,8,1.0000000000,94.0000000000,94.0000000000,0,CARTER,CARTER
CARTER - 003756,8,1.0000000000,36.0000000000,36.0000000000,0,CARTER,CARTER
CARTER - 003789,8,1.0000000000,59.0000000000,59.0000000000,0,CARTER,CARTER
CASS - 000001,4,1.0000000000,97.0000000000,97.0000000000,0,CASS,CASS
CASS - 000002,4,1.0000000000,71.0000000000,71.0000000000,0,CASS,CASS
CASS - 000003,4,1.0000000000,99.0000000000,99.0000000000,0,CASS,CASS
CASS - 000004,4,1.0000000000,54.0000000000,54.0000000000,0,CASS,CASS
CASS - 000005,4,1.0000000000,120.0000000000,120.0000000000,0,CASS,CASS
CASS - 000006,4,1.0000000000,48.0000000000,48.0000000000,0,CASS,CASS
CASS - 000007,4,1.0000000000,103.0000000000,103.0000000000,0,CASS,CASS
CASS - 000008,4,1.0000000000,74.0000000000,74.0000000000,0,CASS,CASS
CASS - 000009,4,1.0000000000,106.0000000000,106.0000000000,0,CASS,CASS
CASS - 000010,4,1.0000000000,181.0000000000,181.0000000000,0,CASS,CASS
CASS - 000011,4,1.0000000000,34.0000000000,34.0000000000,0,CASS,CASS
CASS - 000012,4,1.0000000000,95.0000000000,95.0000000000,0,CASS,CASS
CASS - 000013,4,1.0000000000,156.0000000000,156.0000000000,0,CASS,CASS
CASS - 000014,4,1.0000000000,55.0000000000,55.0000000000,0,CASS,CASS
CASS - 000015,4,1.0000000000,56.0000000000,56.0000000000,0,CASS,CASS
CASS - 000016,4,1.0000000000,102.0000000000,102.0000000000,0,CASS,CASS
CASS - 000017,4,1.0000000000,37.0000000000,37.0000000000,0,CASS,CASS
CASS - 000018,4,1.0000000000,45.0000000000,45.0000000000,0,CASS,CASS
CASS - 000019,4,1.0000000000,142.0000000000,142.0000000000,0,CASS,CASS
CASS - 000020,4,1.0000000000,38.0000000000,38.0000000000,0,CASS,CASS
CASS - 000021,4,1.0000000000,47.0000000000,47.0000000000,0,CASS,CASS
CASS - 000022,4,1.0000000000,110.0000000000,110.0000000000,0,CASS,CASS
CASS - 000023,4,1.0000000000,63.0000000000,63.0000000000,0,CASS,CASS
CASS - 000024,4,1.0000000000,108.0000000000,108.0000000000,0,CASS,CASS
CASS - 000025,4,1.0000000000,100.0000000000,100.0000000000,0,CASS,CASS
CASS - 000026,4,1.0000000000,129.0000000000,129.0000000000,0,CASS,CASS
CASS - 000027,4,1.0000000000,87.0000000000,87.0000000000,0,CASS,CASS
CASS - 000028,4,1.0000000000,84.0000000000,84.0000000000,0,CASS,CASS
CASS - 000029,4,1.0000000000,88.0000000000,88.0000000000,0,CASS,CASS
CASS - 000030,4,1.0000000000,74.0000000000,74.0000000000,0,CASS,CASS
CASS - 000031,4,1.0000000000,36.0000000000,36.0000000000,0,CASS,CASS
CASS - 000032,4,1.0000000000,44.0000000000,44.0000000000,0,CASS,CASS
CASS - 000033,4,1.0000000000,32.0000000000,32.0000000000,0,CASS,CASS
CASS - 000034,4,1.0000000000,68.0000000000,68.0000000000,0,CASS,CASS
CASS - 000035,4,1.0000000000,73.0000000000,73.0000000000,0,CASS,CASS
CASS - 000036,4,1.0000000000,91.0000000000,91.0000000000,0,CASS,CASS
CASS - 000037,4,1.0000000000,39.0000000000,39.0000000000,0,CASS,CASS
CASS - 000038,4,1.0000000000,44.0000000000,44.0000000000,0,CASS,CASS
CASS - 000039,4,1.0000000000,53.0000000000,53.0000000000,0,CASS,CASS
CASS - 000040,4,1.0000000000,35.0000000000,35.0000000000,0,CASS,CASS
CASS - 000041,4,1.0000000000,63.0000000000,63.0000000000,0,CASS,CASS
CASS - 000042,4,1.0000000000,89.0000000000,89.0000000000,0,CASS,CASS
CASS - 000043,4,1.0000000000,33.0000000000,33.0000000000,0,CASS,CASS
CASS - 000044,4,1.0000000000,81.0000000000,81.0000000000,0,CASS,CASS
CASS - 000045,4,1.0000000000,74.0000000000,74.0000000000,0,CASS,CASS
CASS - 000046,4,1.0000000000,50.0000000000,50.0000000000,0,CASS,CASS
CASS - 000047,4,1.0000000000,63.0000000000,63.0000000000,0,CASS,CASS
CEDAR - 003052,4,1.0000000000,235.0000000000,235.0000000000,0,CEDAR,CEDAR
CEDAR - 003054,4,1.0000000000,223.0000000000,223.0000000000,0,CEDAR,CEDAR
CEDAR - 003057,4,1.0000000000,99.0000000000,99.0000000000,0,CEDAR,CEDAR
CEDAR - 003092,4,1.0000000000,195.0000000000,195.0000000000,0,CEDAR,CEDAR
CEDAR - 003129,4,1.0000000000,134.0000000000,134.0000000000,0,CEDAR,CEDAR
CEDAR - 003139,4,1.0000000000,137.0000000000,137.0000000000,0,CEDAR,CEDAR
CEDAR - 003178,4,1.0000000000,275.0000000000,275.0000000000,0,CEDAR,CEDAR
CEDAR - 003191,4,1.0000000000,225.0000000000,225.0000000000,0,CEDAR,CEDAR
CEDAR - 003192,4,1.0000000000,109.0000000000,109.0000000000,0,CEDAR,CEDAR
CHARITON - 000344,6,1.0000000000,101.0000000000,101.0000000000,0,CHARITON,CHARITON
CHARITON - 000346,6,1.0000000000,147.0000000000,147.0000000000,0,CHARITON,CHARITON
CHARITON - 000352,6,1.0000000000,138.0000000000,138.0000000000,0,CHARITON,CHARITON
CHARITON - 000354,6,1.0000000000,141.0000000000,141.0000000000,0,CHARITON,CHARITON
CHARITON - 000381,6,1.0000000000,198.0000000000,198.0000000000,0,CHARITON,CHARITON
CHARITON - 000386,6,1.0000000000,156.0000000000,156.0000000000,0,CHARITON,CHARITON
CHARITON - 000392,6,1.0000000000,264.0000000000,264.0000000000,0,CHARITON,CHARITON
CHARITON - 000418,6,1.0000000000,407.0000000000,407.0000000000,0,CHARITON,CHARITON
CHARITON - 000424,6,1.0000000000,381.0000000000,381.0000000000,0,CHARITON,CHARITON
CHARITON - 000431,6,1.0000000000,210.0000000000,210.0000000000,0,CHARITON,CHARITON
CHARITON - 000465,6,1.0000000000,183.0000000000,183.0000000000,0,CHARITON,CHARITON
CHARITON - 000503,6,1.0000000000,127.0000000000,127.0000000000,0,CHARITON,CHARITON
CHRISTIAN - 000002,7,1.0000000000,45.0000000000,45.0000000000,0,CHRISTIAN,CHRISTIAN
CHRISTIAN - 000003,7,1.0000000000,169.0000000000,169.0000000000,0,CHRISTIAN,CHRISTIAN
CHRISTIAN - 000004,7,1.0000000000,25.0000000000,25.0000000000,0,CHRISTIAN,CHRISTIAN
CHRISTIAN - 000005,7,1.0000000000,18.0000000000,18.0000000000,0,CHRISTIAN,CHRISTIAN
CHRISTIAN - 000006,7,1.0000000000,65.0000000000,65.0000000000,0,CHRISTIAN,CHRISTIAN
CHRISTIAN - 000007,7,1.0000000000,171.0000000000,171.0000000000,0,CHRISTIAN,CHRISTIAN
CHRISTIAN - 000008,7,1.0000000000,66.0000000000,66.0000000000,0,CHRISTIAN,CHRISTIAN
CHRISTIAN - 000009,7,1.0000000000,29.0000000000,29.0000000000,0,CHRISTIAN,CHRISTIAN
CHRISTIAN - 000010,7,1.0000000000,21.0000000000,21.0000000000,0,CHRISTIAN,CHRISTIAN
CHRISTIAN - 000011,7,1.0000000000,128.0000000000,128.0000000000,0,CHRISTIAN,CHRISTIAN
CHRISTIAN - 000012,7,1.0000000000,58.0000000000,58.0000000000,0,CHRISTIAN,CHRISTIAN
CHRISTIAN - 000013,7,1.0000000000,70.0000000000,70.0000000000,0,CHRISTIAN,CHRISTIAN
CHRISTIAN - 000014,7,1.0000000000,97.0000000000,97.0000000000,0,CHRISTIAN,CHRISTIAN
CHRISTIAN - 000015,7,1.0000000000,183.0000000000,183.0000000000,0,CHRISTIAN,CHRISTIAN
CHRISTIAN - 000016,7,1.0000000000,35.0000000000,35.0000000000,0,CHRISTIAN,CHRISTIAN
CHRISTIAN - 000017,7,1.0000000000,103.0000000000,103.0000000000,0,CHRISTIAN,CHRISTIAN
CHRISTIAN - 000018,7,1.0000000000,33.0000000000,33.0000000000,0,CHRISTIAN,CHRISTIAN
CHRISTIAN - 000019,7,1.0000000000,32.0000000000,32.0000000000,0,CHRISTIAN,CHRISTIAN
CHRISTIAN - 000020,7,1.0000000000,171.0000000000,171.0000000000,0,CHRISTIAN,CHRISTIAN
CHRISTIAN - 000021,7,1.0000000000,68.0000000000,68.0000000000,0,CHRISTIAN,CHRISTIAN
CHRISTIAN - 000022,7,1.0000000000,80.0000000000,80.0000000000,0,CHRISTIAN,CHRISTIAN
CHRISTIAN - 000023,7,1.0000000000,50.0000000000,50.0000000000,0,CHRISTIAN,CHRISTIAN
CHRISTIAN - 000024,7,1.0000000000,38.0000000000,38.0000000000,0,CHRISTIAN,CHRISTIAN
CHRISTIAN - 000025,7,1.0000000000,82.0000000000,82.0000000000,0,CHRISTIAN,CHRISTIAN
CHRISTIAN - 000026,7,1.0000000000,17.0000000000,17.0000000000,0,CHRISTIAN,CHRISTIAN
CHRISTIAN - 000027,7,1.0000000000,14.0000000000,14.0000000000,0,CHRISTIAN,CHRISTIAN
CHRISTIAN - 000028,7,1.0000000000,125.0000000000,125.0000000000,0,CHRISTIAN,CHRISTIAN
CHRISTIAN - 000029,7,1.0000000000,26.0000000000,26.0000000000,0,CHRISTIAN,CHRISTIAN
CHRISTIAN - 000030,7,1.0000000000,99.0000000000,99.0000000000,0,CHRISTIAN,CHRISTIAN
CHRISTIAN - 000031,7,1.0000000000,88.0000000000,88.0000000000,0,CHRISTIAN,CHRISTIAN
CHRISTIAN - 000032,7,1.0000000000,121.0000000000,121.0000000000,0,CHRISTIAN,CHRISTIAN
CHRISTIAN - 000033,7,1.0000000000,53.0000000000,53.0000000000,0,CHRISTIAN,CHRISTIAN
CHRISTIAN - 000034,7,1.0000000000,143.0000000000,143.0000000000,0,CHRISTIAN,CHRISTIAN
CLARK - 000002,6,1.0000000000,59.0000000000,59.0000000000,0,CLARK,CLARK
CLARK - 000003,6,1.0000000000,58.0000000000,58.0000000000,0,CLARK,CLARK
CLARK - 000004,6,1.0000000000,130.0000000000,130.0000000000,0,CLARK,CLARK
CLARK - 000005,6,1.0000000000,137.0000000000,137.0000000000,0,CLARK,CLARK
CLARK - 000006,6,1.0000000000,194.0000000000,194.0000000000,0,CLARK,CLARK
CLARK - 000007,6,1.0000000000,69.0000000000,69.0000000000,0,CLARK,CLARK
CLARK - 000008,6,1.0000000000,129.0000000000,129.0000000000,0,CLARK,CLARK
CLARK - 000009,6,1.0000000000,22.0000000000,22.0000000000,0,CLARK,CLARK
CLARK - 000010,6,1.0000000000,243.0000000000,243.0000000000,0,CLARK,CLARK
CLAY - 000002,6,1.0000000000,45.0000000000,45.0000000000,0,CLAY,CLAY
CLAY - 000003,6,1.0000000000,72.0000000000,72.0000000000,0,CLAY,CLAY
CLAY - 000004,6,1.0000000000,97.0000000000,97.0000000000,0,CLAY,CLAY
CLAY - 000005,6,1.0000000000,90.0000000000,90.0000000000,0,CLAY,CLAY
CLAY - 000006,6,1.0000000000,134.0000000000,134.0000000000,0,CLAY,CLAY
CLAY - 000007,6,1.0000000000,145.0000000000,145.0000000000,0,CLAY,CLAY
CLAY - 000009,6,1.0000000000,53.0000000000,53.0000000000,0,CLAY,CLAY
CLAY - 000010,6,1.0000000000,46.0000000000,46.0000000000,0,CLAY,CLAY
CLAY - 000011,6,1.0000000000,41.0000000000,41.0000000000,0,CLAY,CLAY
CLAY - 000012,6,1.0000000000,49.0000000000,49.0000000000,0,CLAY,CLAY
CLAY - 000013,6,1.0000000000,35.0000000000,35.0000000000,0,CLAY,CLAY
CLAY - 000014,6,1.0000000000,36.0000000000,36.0000000000,0,CLAY,CLAY
CLAY - 000015,6,1.0000000000,38.0000000000,38.0000000000,0,CLAY,CLAY
CLAY - 000016,6,1.0000000000,29.0000000000,29.0000000000,0,CLAY,CLAY
CLAY - 000017,6,1.0000000000,18.0000000000,18.0000000000,0,CLAY,CLAY
CLAY - 000020,6,1.0000000000,243.0000000000,243.0000000000,0,CLAY,CLAY
CLAY - 000021,6,1.0000000000,16.0000000000,16.0000000000,0,CLAY,CLAY
CLAY - 000022,6,1.0000000000,40.0000000000,40.0000000000,0,CLAY,CLAY
CLAY - 000023,6,1.0000000000,43.0000000000,43.0000000000,0,CLAY,CLAY
CLAY - 000024,6,1.0000000000,26.0000000000,26.0000000000,0,CLAY,CLAY
CLAY - 000025,6,1.0000000000,55.0000000000,55.0000000000,0,CLAY,CLAY
CLAY - 000026,6,1.0000000000,77.0000000000,77.0000000000,0,CLAY,CLAY
CLAY - 000027,6,1.0000000000,88.0000000000,88.0000000000,0,CLAY,CLAY
CLAY - 000028,6,1.0000000000,139.0000000000,139.0000000000,0,CLAY,CLAY
CLAY - 000029,6,1.0000000000,56.0000000000,56.0000000000,0,CLAY,CLAY
CLAY - 000030,6,1.0000000000,41.0000000000,41.0000000000,0,CLAY,CLAY
CLAY - 000031,6,1.0000000000,40.0000000000,40.0000000000,0,CLAY,CLAY
CLAY - 000032,6,1.0000000000,112.0000000000,112.0000000000,0,CLAY,CLAY
CLAY - 000033,6,1.0000000000,32.0000000000,32.0000000000,0,CLAY,CLAY
CLAY - 000034,6,1.0000000000,22.0000000000,22.0000000000,0,CLAY,CLAY
CLAY - 000035,6,1.0000000000,43.0000000000,43.0000000000,0,CLAY,CLAY
CLAY - 000036,6,1.0000000000,89.0000000000,89.0000000000,0,CLAY,CLAY
CLAY - 000037,6,1.0000000000,137.0000000000,137.0000000000,0,CLAY,CLAY
CLAY - 000038,6,1.0000000000,126.0000000000,126.0000000000,0,CLAY,CLAY
CLAY - 000039,6,1.0000000000,26.0000000000,26.0000000000,0,CLAY,CLAY
CLAY - 000040,6,1.0000000000,119.0000000000,119.0000000000,0,CLAY,CLAY
CLAY - 000041,6,1.0000000000,61.0000000000,61.0000000000,0,CLAY,CLAY
CLAY - 000042,6,1.0000000000,46.0000000000,46.0000000000,0,CLAY,CLAY
CLAY - 000043,6,1.0000000000,86.0000000000,86.0000000000,0,CLAY,CLAY
CLAY - 000044,6,1.0000000000,39.0000000000,39.0000000000,0,CLAY,CLAY
CLAY - 000045,6,1.0000000000,49.0000000000,49.0000000000,0,CLAY,CLAY
CLAY - 000046,6,1.0000000000,40.0000000000,40.0000000000,0,CLAY,CLAY
CLAY - 000047,6,1.0000000000,64.0000000000,64.0000000000,0,CLAY,CLAY
CLAY - 000048,6,1.0000000000,55.0000000000,55.0000000000,0,CLAY,CLAY
CLAY - 000049,6,1.0000000000,39.0000000000,39.0000000000,0,CLAY,CLAY
CLAY - 000050,6,1.0000000000,48.0000000000,48.0000000000,0,CLAY,CLAY
CLAY - 000051,6,1.0000000000,47.0000000000,47.0000000000,0,CLAY,CLAY
CLAY - 000052,6,1.0000000000,59.0000000000,59.0000000000,0,CLAY,CLAY
CLAY - 000053,6,1.0000000000,35.0000000000,35.0000000000,0,CLAY,CLAY
CLAY - 000054,6,1.0000000000,33.0000000000,33.0000000000,0,CLAY,CLAY
CLAY - 000055,6,1.0000000000,86.0000000000,86.0000000000,0,CLAY,CLAY
CLAY - 000056,6,1.0000000000,116.0000000000,116.0000000000,0,CLAY,CLAY
CLAY - 000057,6,1.0000000000,130.0000000000,130.0000000000,0,CLAY,CLAY
CLAY - 000058,6,1.0000000000,63.0000000000,63.0000000000,0,CLAY,CLAY
CLAY - 000059,6,1.0000000000,55.0000000000,55.0000000000,0,CLAY,CLAY
CLAY - 000060,6,1.0000000000,130.0000000000,130.0000000000,0,CLAY,CLAY
CLAY - 000061,6,1.0000000000,34.0000000000,34.0000000000,0,CLAY,CLAY
CLAY - 000062,6,1.0000000000,75.0000000000,75.0000000000,0,CLAY,CLAY
CLAY - 000063,6,1.0000000000,10.0000000000,10.0000000000,0,CLAY,CLAY
CLAY - 000064,6,1.0000000000,74.0000000000,74.0000000000,0,CLAY,CLAY
CLAY - 000065,6,1.0000000000,23.0000000000,23.0000000000,0,CLAY,CLAY
CLAY - 000066,6,1.0000000000,39.0000000000,39.0000000000,0,CLAY,CLAY
CLAY - 000067,6,1.0000000000,25.0000000000,25.0000000000,0,CLAY,CLAY
CLAY - 000068,6,1.0000000000,66.0000000000,66.0000000000,0,CLAY,CLAY
CLAY - 000069,6,1.0000000000,71.0000000000,71.0000000000,0,CLAY,CLAY
CLAY - 000070,6,1.0000000000,59.0000000000,59.0000000000,0,CLAY,CLAY
CLAY - 000071,6,1.0000000000,40.0000000000,40.0000000000,0,CLAY,CLAY
CLAY - 000072,6,1.0000000000,95.0000000000,95.0000000000,0,CLAY,CLAY
CLAY - 000073,6,1.0000000000,86.0000000000,86.0000000000,0,CLAY,CLAY
CLAY - 000074,6,1.0000000000,228.0000000000,228.0000000000,0,CLAY,CLAY
CLAY - 000075,6,1.0000000000,81.0000000000,81.0000000000,0,CLAY,CLAY
CLAY - 000076,6,1.0000000000,88.0000000000,88.0000000000,0,CLAY,CLAY
CLAY - 000077,6,1.0000000000,40.0000000000,40.0000000000,0,CLAY,CLAY
CLAY - 000078,6,1.0000000000,69.0000000000,69.0000000000,0,CLAY,CLAY
CLAY - 16-214,6,1.0000000000,33.0000000000,33.0000000000,0,CLAY,CLAY
CLAY - 16-215,6,1.0000000000,70.0000000000,70.0000000000,0,CLAY,CLAY
CLAY - 16-216,6,1.0000000000,35.0000000000,35.0000000000,0,CLAY,CLAY
CLAY - 162127,6,1.0000000000,102.0000000000,102.0000000000,0,CLAY,CLAY
CLINTON - 000002,6,1.0000000000,363.0000000000,363.0000000000,0,CLINTON,CLINTON
CLINTON - 000003,6,1.0000000000,154.0000000000,154.0000000000,0,CLINTON,CLINTON
CLINTON - 000005,6,1.0000000000,258.0000000000,258.0000000000,0,CLINTON,CLINTON
CLINTON - 000006,6,1.0000000000,114.0000000000,114.0000000000,0,CLINTON,CLINTON
CLINTON - 000007,6,1.0000000000,195.0000000000,195.0000000000,0,CLINTON,CLINTON
CLINTON - 000008,6,1.0000000000,210.0000000000,210.0000000000,0,CLINTON,CLINTON
COLE - 000002,5,1.0000000000,53.0000000000,53.0000000000,0,COLE,COLE
COLE - 000003,5,1.0000000000,99.0000000000,99.0000000000,0,COLE,COLE
COLE - 000004,5,1.0000000000,69.0000000000,69.0000000000,0,COLE,COLE
COLE - 000005,5,1.0000000000,70.0000000000,70.0000000000,0,COLE,COLE
COLE - 000006,5,1.0000000000,19.0000000000,19.0000000000,0,COLE,COLE
COLE - 000007,5,1.0000000000,83.0000000000,83.0000000000,0,COLE,COLE
COLE - 000008,5,1.0000000000,11.0000000000,11.0000000000,0,COLE,COLE
COLE - 000009,5,1.0000000000,101.0000000000,101.0000000000,0,COLE,COLE
COLE - 000010,5,1.0000000000,32.0000000000,32.0000000000,0,COLE,COLE
COLE - 000011,5,1.0000000000,63.0000000000,63.0000000000,0,COLE,COLE
COLE - 000016,5,1.0000000000,145.0000000000,145.0000000000,0,COLE,COLE
COLE - 000032,5,1.0000000000,33.0000000000,33.0000000000,0,COLE,COLE
COLE - 000034,5,1.0000000000,29.0000000000,29.0000000000,0,COLE,COLE
COLE - 000035,5,1.0000000000,8.0000000000,8.0000000000,0,COLE,COLE
COLE - 000036,5,1.0000000000,10.0000000000,10.0000000000,0,COLE,COLE
COLE - 000037,5,1.0000000000,62.0000000000,62.0000000000,0,COLE,COLE
COLE - 000038,5,1.0000000000,19.0000000000,19.0000000000,0,COLE,COLE
COLE - 000039,5,1.0000000000,16.0000000000,16.0000000000,0,COLE,COLE
COLE - 000040,5,1.0000000000,63.0000000000,63.0000000000,0,COLE,COLE
COLE - 000041,5,1.0000000000,69.0000000000,69.0000000000,0,COLE,COLE
COLE - 000042,5,1.0000000000,12.0000000000,12.0000000000,0,COLE,COLE
COLE - 000043,5,1.0000000000,22.0000000000,22.0000000000,0,COLE,COLE
COLE - 000044,5,1.0000000000,34.0000000000,34.0000000000,0,COLE,COLE
COLE - 000045,5,1.0000000000,14.0000000000,14.0000000000,0,COLE,COLE
COLE - 000046,5,1.0000000000,131.0000000000,131.0000000000,0,COLE,COLE
COLE - 000049,5,1.0000000000,67.0000000000,67.0000000000,0,COLE,COLE
COLE - 000050,5,1.0000000000,14.0000000000,14.0000000000,0,COLE,COLE
COLE - 000051,5,1.0000000000,3.0000000000,3.0000000000,0,COLE,COLE
COLE - 000052,5,1.0000000000,4.0000000000,4.0000000000,0,COLE,COLE
COLE - 16-001,5,1.0000000000,17.0000000000,17.0000000000,0,COLE,COLE
COLE - 16-002,5,1.0000000000,24.0000000000,24.0000000000,0,COLE,COLE
COLE - 16-2-5,5,1.0000000000,48.0000000000,48.0000000000,0,COLE,COLE
COLE - 16-2-6,5,1.0000000000,61.0000000000,61.0000000000,0,COLE,COLE
COLE - 16-3-7,5,1.0000000000,36.0000000000,36.0000000000,0,COLE,COLE
COLE - 16-3-8,5,1.0000000000,33.0000000000,33.0000000000,0,COLE,COLE
COLE - 16-3-9,5,1.0000000000,38.0000000000,38.0000000000,0,COLE,COLE
COLE - 16-410,5,1.0000000000,69.0000000000,69.0000000000,0,COLE,COLE
COLE - 16-411,5,1.0000000000,67.0000000000,67.0000000000,0,COLE,COLE
COLE - 16-512,5,1.0000000000,57.0000000000,57.0000000000,0,COLE,COLE
COLE - 16-513,5,1.0000000000,36.0000000000,36.0000000000,0,COLE,COLE
COLE - 16-514,5,1.0000000000,18.0000000000,18.0000000000,0,COLE,COLE
COOPER - 000002,5,1.0000000000,116.0000000000,116.0000000000,0,COOPER,COOPER
COOPER - 000004,5,1.0000000000,214.0000000000,214.0000000000,0,COOPER,COOPER
COOPER - 000005,5,1.0000000000,165.0000000000,165.0000000000,0,COOPER,COOPER
COOPER - 000006,5,1.0000000000,112.0000000000,112.0000000000,0,COOPER,COOPER
COOPER - 000007,5,1.0000000000,91.0000000000,91.0000000000,0,COOPER,COOPER
COOPER - 000008,5,1.0000000000,213.0000000000,213.0000000000,0,COOPER,COOPER
COOPER - 000009,5,1.0000000000,17.0000000000,17.0000000000,0,COOPER,COOPER
COOPER - 000010,5,1.0000000000,55.0000000000,55.0000000000,0,COOPER,COOPER
COOPER - 000011,5,1.0000000000,77.0000000000,77.0000000000,0,COOPER,COOPER
COOPER - 000012,5,1.0000000000,78.0000000000,78.0000000000,0,COOPER,COOPER
COOPER - 000013,5,1.0000000000,164.0000000000,164.0000000000,0,COOPER,COOPER
CRAWFORD - 000002,2,1.0000000000,196.0000000000,196.0000000000,0,CRAWFORD,CRAWFORD
CRAWFORD - 000003,2,1.0000000000,129.0000000000,129.0000000000,0,CRAWFORD,CRAWFORD
CRAWFORD - 000004,2,1.0000000000,37.0000000000,37.0000000000,0,CRAWFORD,CRAWFORD
CRAWFORD - 000005,2,1.0000000000,205.0000000000,205.0000000000,0,CRAWFORD,CRAWFORD
CRAWFORD - 000006,2,1.0000000000,50.0000000000,50.0000000000,0,CRAWFORD,CRAWFORD
CRAWFORD - 000007,2,1.0000000000,50.0000000000,50.0000000000,0,CRAWFORD,CRAWFORD
CRAWFORD - 000008,2,1.0000000000,76.0000000000,76.0000000000,0,CRAWFORD,CRAWFORD
CRAWFORD - 000009,2,1.0000000000,56.0000000000,56.0000000000,0,CRAWFORD,CRAWFORD
CRAWFORD - 000010,2,1.0000000000,43.0000000000,43.0000000000,0,CRAWFORD,CRAWFORD
CRAWFORD - 000011,2,1.0000000000,39.0000000000,39.0000000000,0,CRAWFORD,CRAWFORD
CRAWFORD - 000012,2,1.0000000000,31.0000000000,31.0000000000,0,CRAWFORD,CRAWFORD
CRAWFORD - 000013,2,1.0000000000,54.0000000000,54.0000000000,0,CRAWFORD,CRAWFORD
CRAWFORD - 000014,2,1.0000000000,70.0000000000,70.0000000000,0,CRAWFORD,CRAWFORD
CRAWFORD - 000015,2,1.0000000000,22.0000000000,22.0000000000,0,CRAWFORD,CRAWFORD
CRAWFORD - 000016,2,1.0000000000,125.0000000000,125.0000000000,0,CRAWFORD,CRAWFORD
CRAWFORD - 000017,2,1.0000000000,68.0000000000,68.0000000000,0,CRAWFORD,CRAWFORD
CRAWFORD - 000018,2,1.0000000000,77.0000000000,77.0000000000,0,CRAWFORD,CRAWFORD
CRAWFORD - 000019,2,1.0000000000,57.0000000000,57.0000000000,0,CRAWFORD,CRAWFORD
DADE - 003243,4,1.0000000000,188.0000000000,188.0000000000,0,DADE,DADE
DADE - 003244,4,1.0000000000,153.0000000000,153.0000000000,0,DADE,DADE
DADE - 003246,4,1.0000000000,222.0000000000,222.0000000000,0,DADE,DADE
DADE - 003263,4,1.0000000000,295.0000000000,295.0000000000,0,DADE,DADE
DADE - 003289,4,1.0000000000,233.0000000000,233.0000000000,0,DADE,DADE
DADE - 003294,4,1.0000000000,143.0000000000,143.0000000000,0,DADE,DADE
DADE - 003300,4,1.0000000000,263.0000000000,263.0000000000,0,DADE,DADE
DADE - 003330,4,1.0000000000,228.0000000000,228.0000000000,0,DADE,DADE
DALLAS - 000002,4,1.0000000000,74.0000000000,74.0000000000,0,DALLAS,DALLAS
DALLAS - 000003,4,1.0000000000,56.0000000000,56.0000000000,0,DALLAS,DALLAS
DALLAS - 000004,4,1.0000000000,77.0000000000,77.0000000000,0,DALLAS,DALLAS
DALLAS - 000005,4,1.0000000000,86.0000000000,86.0000000000,0,DALLAS,DALLAS
DALLAS - 000006,4,1.0000000000,61.0000000000,61.0000000000,0,DALLAS,DALLAS
DALLAS - 000007,4,1.0000000000,212.0000000000,212.0000000000,0,DALLAS,DALLAS
DALLAS - 000008,4,1.0000000000,97.0000000000,97.0000000000,0,DALLAS,DALLAS
DALLAS - 000009,4,1.0000000000,87.0000000000,87.0000000000,0,DALLAS,DALLAS
DALLAS - 000010,4,1.0000000000,98.0000000000,98.0000000000,0,DALLAS,DALLAS
DALLAS - 000011,4,1.0000000000,77.0000000000,77.0000000000,0,DALLAS,DALLAS
DALLAS - 000012,4,1.0000000000,77.0000000000,77.0000000000,0,DALLAS,DALLAS
DAVIESS - 000002,6,1.0000000000,273.0000000000,273.0000000000,0,DAVIESS,DAVIESS
DAVIESS - 000008,6,1.0000000000,264.0000000000,264.0000000000,0,DAVIESS,DAVIESS
DAVIESS - 000009,6,1.0000000000,283.0000000000,283.0000000000,0,DAVIESS,DAVIESS
DAVIESS - 000012,6,1.0000000000,454.0000000000,454.0000000000,0,DAVIESS,DAVIESS
DAVIESS - 000016,6,1.0000000000,279.0000000000,279.0000000000,0,DAVIESS,DAVIESS
DAVIESS - 16-017,6,1.0000000000,388.0000000000,388.0000000000,0,DAVIESS,DAVIESS
DEKALB - 000002,6,1.0000000000,254.0000000000,254.0000000000,0,DEKALB,DEKALB
DEKALB - 000003,6,1.0000000000,132.0000000000,132.0000000000,0,DEKALB,DEKALB
DEKALB - 000004,6,1.0000000000,175.0000000000,175.0000000000,0,DEKALB,DEKALB
DEKALB - 000005,6,1.0000000000,172.0000000000,172.0000000000,0,DEKALB,DEKALB
DEKALB - 000006,6,1.0000000000,187.0000000000,187.0000000000,0,DEKALB,DEKALB
DEKALB - 000007,6,1.0000000000,102.0000000000,102.0000000000,0,DEKALB,DEKALB
DEKALB - 000008,6,1.0000000000,187.0000000000,187.0000000000,0,DEKALB,DEKALB
DEKALB - 000009,6,1.0000000000,165.0000000000,165.0000000000,0,DEKALB,DEKALB
DEKALB - 000010,6,1.0000000000,223.0000000000,223.0000000000,0,DEKALB,DEKALB
DEKALB - 000011,6,1.0000000000,221.0000000000,221.0000000000,0,DEKALB,DEKALB
DEKALB - 000012,6,1.0000000000,260.0000000000,260.0000000000,0,DEKALB,DEKALB
DENT - 000002,8,1.0000000000,59.0000000000,59.0000000000,0,DENT,DENT
DENT - 000003,8,1.0000000000,94.0000000000,94.0000000000,0,DENT,DENT
DENT - 000004,8,1.0000000000,78.0000000000,78.0000000000,0,DENT,DENT
DENT - 000005,8,1.0000000000,100.0000000000,100.0000000000,0,DENT,DENT
DENT - 000006,8,1.0000000000,245.0000000000,245.0000000000,0,DENT,DENT
DENT - 000007,8,1.0000000000,228.0000000000,228.0000000000,0,DENT,DENT
DENT - 000008,8,1.0000000000,264.0000000000,264.0000000000,0,DENT,DENT
DOUGLAS - 000002,8,1.0000000000,51.0000000000,51.0000000000,0,DOUGLAS,DOUGLAS
DOUGLAS - 000003,8,1.0000000000,57.0000000000,57.0000000000,0,DOUGLAS,DOUGLAS
DOUGLAS - 000004,8,1.0000000000,56.0000000000,56.0000000000,0,DOUGLAS,DOUGLAS
DOUGLAS - 000005,8,1.0000000000,33.0000000000,33.0000000000,0,DOUGLAS,DOUGLAS
DOUGLAS - 000006,8,1.0000000000,51.0000000000,51.0000000000,0,DOUGLAS,DOUGLAS
DOUGLAS - 000007,8,1.0000000000,79.0000000000,79.0000000000,0,DOUGLAS,DOUGLAS
DOUGLAS - 000008,8,1.0000000000,44.0000000000,44.0000000000,0,DOUGLAS,DOUGLAS
DOUGLAS - 000009,8,1.0000000000,52.0000000000,52.0000000000,0,DOUGLAS,DOUGLAS
DOUGLAS - 000010,8,1.0000000000,54.0000000000,54.0000000000,0,DOUGLAS,DOUGLAS
DOUGLAS - 000011,8,1.0000000000,65.0000000000,65.0000000000,0,DOUGLAS,DOUGLAS
DOUGLAS - 000012,8,1.0000000000,111.0000000000,111.0000000000,0,DOUGLAS,DOUGLAS
DOUGLAS - 000013,8,1.0000000000,69.0000000000,69.0000000000,0,DOUGLAS,DOUGLAS
DOUGLAS - 000014,8,1.0000000000,29.0000000000,29.0000000000,0,DOUGLAS,DOUGLAS
DOUGLAS - 000015,8,1.0000000000,50.0000000000,50.0000000000,0,DOUGLAS,DOUGLAS
DOUGLAS - 000016,8,1.0000000000,54.0000000000,54.0000000000,0,DOUGLAS,DOUGLAS
DOUGLAS - 000017,8,1.0000000000,87.0000000000,87.0000000000,0,DOUGLAS,DOUGLAS
DOUGLAS - 000018,8,1.0000000000,33.0000000000,33.0000000000,0,DOUGLAS,DOUGLAS
DOUGLAS - 000019,8,1.0000000000,144.0000000000,144.0000000000,0,DOUGLAS,DOUGLAS
DOUGLAS - 000020,8,1.0000000000,90.0000000000,90.0000000000,0,DOUGLAS,DOUGLAS
DOUGLAS - 000021,8,1.0000000000,45.0000000000,45.0000000000,0,DOUGLAS,DOUGLAS
DOUGLAS - 000022,8,1.0000000000,44.0000000000,44.0000000000,0,DOUGLAS,DOUGLAS
DOUGLAS - 000023,8,1.0000000000,45.0000000000,45.0000000000,0,DOUGLAS,DOUGLAS
DOUGLAS - 000024,8,1.0000000000,36.0000000000,36.0000000000,0,DOUGLAS,DOUGLAS
DOUGLAS - 000025,8,1.0000000000,54.0000000000,54.0000000000,0,DOUGLAS,DOUGLAS
DUNKLIN - 000002,8,1.0000000000,63.0000000000,63.0000000000,0,DUNKLIN,DUNKLIN
DUNKLIN - 000003,8,1.0000000000,123.0000000000,123.0000000000,0,DUNKLIN,DUNKLIN
DUNKLIN - 000004,8,1.0000000000,186.0000000000,186.0000000000,0,DUNKLIN,DUNKLIN
DUNKLIN - 000005,8,1.0000000000,160.0000000000,160.0000000000,0,DUNKLIN,DUNKLIN
DUNKLIN - 000006,8,1.0000000000,53.0000000000,53.0000000000,0,DUNKLIN,DUNKLIN
DUNKLIN - 000007,8,1.0000000000,126.0000000000,126.0000000000,0,DUNKLIN,DUNKLIN
DUNKLIN - 000008,8,1.0000000000,67.0000000000,67.0000000000,0,DUNKLIN,DUNKLIN
DUNKLIN - 000009,8,1.0000000000,170.0000000000,170.0000000000,0,DUNKLIN,DUNKLIN
DUNKLIN - 000010,8,1.0000000000,107.0000000000,107.0000000000,0,DUNKLIN,DUNKLIN
DUNKLIN - 000011,8,1.0000000000,312.0000000000,312.0000000000,0,DUNKLIN,DUNKLIN
DUNKLIN - 000012,8,1.0000000000,101.0000000000,101.0000000000,0,DUNKLIN,DUNKLIN
DUNKLIN - 000013,8,1.0000000000,67.0000000000,67.0000000000,0,DUNKLIN,DUNKLIN
DUNKLIN - 000014,8,1.0000000000,104.0000000000,104.0000000000,0,DUNKLIN,DUNKLIN
DUNKLIN - 000015,8,1.0000000000,104.0000000000,104.0000000000,0,DUNKLIN,DUNKLIN
DUNKLIN - 000016,8,1.0000000000,75.0000000000,75.0000000000,0,DUNKLIN,DUNKLIN
DUNKLIN - 000017,8,1.0000000000,219.0000000000,219.0000000000,0,DUNKLIN,DUNKLIN
DUNKLIN - 000018,8,1.0000000000,120.0000000000,120.0000000000,0,DUNKLIN,DUNKLIN
DUNKLIN - 000019,8,1.0000000000,111.0000000000,111.0000000000,0,DUNKLIN,DUNKLIN
DUNKLIN - 000020,8,1.0000000000,93.0000000000,93.0000000000,0,DUNKLIN,DUNKLIN
DUNKLIN - 000021,8,1.0000000000,186.0000000000,186.0000000000,0,DUNKLIN,DUNKLIN
DUNKLIN - 000022,8,1.0000000000,44.0000000000,44.0000000000,0,DUNKLIN,DUNKLIN
FRANKLIN - 000002,2,1.0000000000,76.0000000000,76.0000000000,0,FRANKLIN,FRANKLIN
FRANKLIN - 000003,2,1.0000000000,21.0000000000,21.0000000000,0,FRANKLIN,FRANKLIN
FRANKLIN - 000004,2,1.0000000000,61.0000000000,61.0000000000,0,FRANKLIN,FRANKLIN
FRANKLIN - 000005,2,1.0000000000,12.0000000000,12.0000000000,0,FRANKLIN,FRANKLIN
FRANKLIN - 000006,2,1.0000000000,11.0000000000,11.0000000000,0,FRANKLIN,FRANKLIN
FRANKLIN - 000007,2,1.0000000000,80.0000000000,80.0000000000,0,FRANKLIN,FRANKLIN
FRANKLIN - 000008,2,1.0000000000,14.0000000000,14.0000000000,0,FRANKLIN,FRANKLIN
FRANKLIN - 000009,2,1.0000000000,22.0000000000,22.0000000000,0,FRANKLIN,FRANKLIN
FRANKLIN - 000010,2,1.0000000000,44.0000000000,44.0000000000,0,FRANKLIN,FRANKLIN
FRANKLIN - 000011,2,1.0000000000,45.0000000000,45.0000000000,0,FRANKLIN,FRANKLIN
FRANKLIN - 000012,2,1.0000000000,67.0000000000,67.0000000000,0,FRANKLIN,FRANKLIN
FRANKLIN - 000013,2,1.0000000000,39.0000000000,39.0000000000,0,FRANKLIN,FRANKLIN
FRANKLIN - 000014,2,1.0000000000,38.0000000000,38.0000000000,0,FRANKLIN,FRANKLIN
FRANKLIN - 000015,2,1.0000000000,51.0000000000,51.0000000000,0,FRANKLIN,FRANKLIN
FRANKLIN - 000016,2,1.0000000000,34.0000000000,34.0000000000,0,FRANKLIN,FRANKLIN
FRANKLIN - 000017,2,1.0000000000,41.0000000000,41.0000000000,0,FRANKLIN,FRANKLIN
FRANKLIN - 000018,2,1.0000000000,47.0000000000,47.0000000000,0,FRANKLIN,FRANKLIN
FRANKLIN - 000019,2,1.0000000000,93.0000000000,93.0000000000,0,FRANKLIN,FRANKLIN
FRANKLIN - 000020,2,1.0000000000,43.0000000000,43.0000000000,0,FRANKLIN,FRANKLIN
FRANKLIN - 000021,2,1.0000000000,66.0000000000,66.0000000000,0,FRANKLIN,FRANKLIN
FRANKLIN - 000022,2,1.0000000000,55.0000000000,55.0000000000,0,FRANKLIN,FRANKLIN
FRANKLIN - 000023,2,1.0000000000,56.0000000000,56.0000000000,0,FRANKLIN,FRANKLIN
FRANKLIN - 000024,2,1.0000000000,74.0000000000,74.0000000000,0,FRANKLIN,FRANKLIN
FRANKLIN - 000025,2,1.0000000000,59.0000000000,59.0000000000,0,FRANKLIN,FRANKLIN
FRANKLIN - 000026,2,1.0000000000,20.0000000000,20.0000000000,0,FRANKLIN,FRANKLIN
FRANKLIN - 000027,2,1.0000000000,88.0000000000,88.0000000000,0,FRANKLIN,FRANKLIN
FRANKLIN - 000028,2,1.0000000000,62.0000000000,62.0000000000,0,FRANKLIN,FRANKLIN
FRANKLIN - 000029,2,1.0000000000,8.0000000000,8.0000000000,0,FRANKLIN,FRANKLIN
FRANKLIN - 000030,2,1.0000000000,20.0000000000,20.0000000000,0,FRANKLIN,FRANKLIN
FRANKLIN - 000031,2,1.0000000000,37.0000000000,37.0000000000,0,FRANKLIN,FRANKLIN
FRANKLIN - 000032,2,1.0000000000,28.0000000000,28.0000000000,0,FRANKLIN,FRANKLIN
FRANKLIN - 000033,2,1.0000000000,72.0000000000,72.0000000000,0,FRANKLIN,FRANKLIN
FRANKLIN - 000034,2,1.0000000000,74.0000000000,74.0000000000,0,FRANKLIN,FRANKLIN
FRANKLIN - 000035,2,1.0000000000,87.0000000000,87.0000000000,0,FRANKLIN,FRANKLIN
FRANKLIN - 000036,2,1.0000000000,66.0000000000,66.0000000000,0,FRANKLIN,FRANKLIN
FRANKLIN - 000037,2,1.0000000000,18.0000000000,18.0000000000,0,FRANKLIN,FRANKLIN
FRANKLIN - 000038,2,1.0000000000,18.0000000000,18.0000000000,0,FRANKLIN,FRANKLIN
FRANKLIN - 000039,2,1.0000000000,84.0000000000,84.0000000000,0,FRANKLIN,FRANKLIN
FRANKLIN - 000040,2,1.0000000000,78.0000000000,78.0000000000,0,FRANKLIN,FRANKLIN
FRANKLIN - 000041,2,1.0000000000,67.0000000000,67.0000000000,0,FRANKLIN,FRANKLIN
FRANKLIN - 000042,2,1.0000000000,23.0000000000,23.0000000000,0,FRANKLIN,FRANKLIN
FRANKLIN - 000043,2,1.0000000000,60.0000000000,60.0000000000,0,FRANKLIN,FRANKLIN
FRANKLIN - 000044,2,1.0000000000,149.0000000000,149.0000000000,0,FRANKLIN,FRANKLIN
FRANKLIN - 000045,2,1.0000000000,83.0000000000,83.0000000000,0,FRANKLIN,FRANKLIN
FRANKLIN - 000046,2,1.0000000000,69.0000000000,69.0000000000,0,FRANKLIN,FRANKLIN
FRANKLIN - 000047,2,1.0000000000,71.0000000000,71.0000000000,0,FRANKLIN,FRANKLIN
FRANKLIN - 000048,2,1.0000000000,79.0000000000,79.0000000000,0,FRANKLIN,FRANKLIN
FRANKLIN - 000049,2,1.0000000000,82.0000000000,82.0000000000,0,FRANKLIN,FRANKLIN
FRANKLIN - 000050,2,1.0000000000,67.0000000000,67.0000000000,0,FRANKLIN,FRANKLIN
FRANKLIN - 000051,2,1.0000000000,44.0000000000,44.0000000000,0,FRANKLIN,FRANKLIN
FRANKLIN - 000052,2,1.0000000000,48.0000000000,48.0000000000,0,FRANKLIN,FRANKLIN
FRANKLIN - 000053,2,1.0000000000,85.0000000000,85.0000000000,0,FRANKLIN,FRANKLIN
FRANKLIN - 000054,2,1.0000000000,47.0000000000,47.0000000000,0,FRANKLIN,FRANKLIN
FRANKLIN - 000055,2,1.0000000000,87.0000000000,87.0000000000,0,FRANKLIN,FRANKLIN
FRANKLIN - 000056,2,1.0000000000,53.0000000000,53.0000000000,0,FRANKLIN,FRANKLIN
FRANKLIN - 000057,2,1.0000000000,89.0000000000,89.0000000000,0,FRANKLIN,FRANKLIN
FRANKLIN - 000058,2,1.0000000000,125.0000000000,125.0000000000,0,FRANKLIN,FRANKLIN
FRANKLIN - 000059,2,1.0000000000,56.0000000000,56.0000000000,0,FRANKLIN,FRANKLIN
FRANKLIN - 000060,2,1.0000000000,58.0000000000,58.0000000000,0,FRANKLIN,FRANKLIN
FRANKLIN - 000061,2,1.0000000000,105.0000000000,105.0000000000,0,FRANKLIN,FRANKLIN
FRANKLIN - 000062,2,1.0000000000,42.0000000000,42.0000000000,0,FRANKLIN,FRANKLIN
FRANKLIN - 000063,2,1.0000000000,20.0000000000,20.0000000000,0,FRANKLIN,FRANKLIN
FRANKLIN - 16-064,2,1.0000000000,3.0000000000,3.0000000000,0,FRANKLIN,FRANKLIN
GASCONADE - 000002,2,1.0000000000,73.0000000000,73.0000000000,0,GASCONADE,GASCONADE
GASCONADE - 000003,2,1.0000000000,83.0000000000,83.0000000000,0,GASCONADE,GASCONADE
GASCONADE - 000004,2,1.0000000000,57.0000000000,57.0000000000,0,GASCONADE,GASCONADE
GASCONADE - 000005,2,1.0000000000,28.0000000000,28.0000000000,0,GASCONADE,GASCONADE
GASCONADE - 000006,2,1.0000000000,156.0000000000,156.0000000000,0,GASCONADE,GASCONADE
GASCONADE - 000007,2,1.0000000000,56.0000000000,56.0000000000,0,GASCONADE,GASCONADE
GASCONADE - 000008,2,1.0000000000,89.0000000000,89.0000000000,0,GASCONADE,GASCONADE
GASCONADE - 000009,2,1.0000000000,40.0000000000,40.0000000000,0,GASCONADE,GASCONADE
GASCONADE - 000010,2,1.0000000000,67.0000000000,67.0000000000,0,GASCONADE,GASCONADE
GASCONADE - 000011,2,1.0000000000,71.0000000000,71.0000000000,0,GASCONADE,GASCONADE
GASCONADE - 000012,2,1.0000000000,125.0000000000,125.0000000000,0,GASCONADE,GASCONADE
GASCONADE - 000013,2,1.0000000000,47.0000000000,47.0000000000,0,GASCONADE,GASCONADE
GASCONADE - 000014,2,1.0000000000,70.0000000000,70.0000000000,0,GASCONADE,GASCONADE
GASCONADE - 000015,2,1.0000000000,54.0000000000,54.0000000000,0,GASCONADE,GASCONADE
GASCONADE - 000016,2,1.0000000000,96.0000000000,96.0000000000,0,GASCONADE,GASCONADE
GASCONADE - 000017,2,1.0000000000,55.0000000000,55.0000000000,0,GASCONADE,GASCONADE
GENTRY - 000002,6,1.0000000000,156.0000000000,156.0000000000,0,GENTRY,GENTRY
GENTRY - 000003,6,1.0000000000,72.0000000000,72.0000000000,0,GENTRY,GENTRY
GENTRY - 000004,6,1.0000000000,71.0000000000,71.0000000000,0,GENTRY,GENTRY
GENTRY - 000005,6,1.0000000000,72.0000000000,72.0000000000,0,GENTRY,GENTRY
GENTRY - 000006,6,1.0000000000,120.0000000000,120.0000000000,0,GENTRY,GENTRY
GENTRY - 000007,6,1.0000000000,46.0000000000,46.0000000000,0,GENTRY,GENTRY
GENTRY - 000008,6,1.0000000000,32.0000000000,32.0000000000,0,GENTRY,GENTRY
GENTRY - 000009,6,1.0000000000,40.0000000000,40.0000000000,0,GENTRY,GENTRY
GENTRY - 000010,6,1.0000000000,87.0000000000,87.0000000000,0,GENTRY,GENTRY
GENTRY - 000011,6,1.0000000000,127.0000000000,127.0000000000,0,GENTRY,GENTRY
GENTRY - 000012,6,1.0000000000,77.0000000000,77.0000000000,0,GENTRY,GENTRY
GENTRY - 000013,6,1.0000000000,78.0000000000,78.0000000000,0,GENTRY,GENTRY
GENTRY - 000014,6,1.0000000000,38.0000000000,38.0000000000,0,GENTRY,GENTRY
GREENE - 000002,7,1.0000000000,51.0000000000,51.0000000000,0,GREENE,GREENE
GREENE - 000003,7,1.0000000000,50.0000000000,50.0000000000,0,GREENE,GREENE
GREENE - 000004,7,1.0000000000,50.0000000000,50.0000000000,0,GREENE,GREENE
GREENE - 000005,7,1.0000000000,129.0000000000,129.0000000000,0,GREENE,GREENE
GREENE - 000006,7,1.0000000000,50.0000000000,50.0000000000,0,GREENE,GREENE
GREENE - 000007,7,1.0000000000,70.0000000000,70.0000000000,0,GREENE,GREENE
GREENE - 000008,7,1.0000000000,17.0000000000,17.0000000000,0,GREENE,GREENE
GREENE - 000009,7,1.0000000000,27.0000000000,27.0000000000,0,GREENE,GREENE
GREENE - 000010,7,1.0000000000,39.0000000000,39.0000000000,0,GREENE,GREENE
GREENE - 000011,7,1.0000000000,76.0000000000,76.0000000000,0,GREENE,GREENE
GREENE - 000012,7,1.0000000000,69.0000000000,69.0000000000,0,GREENE,GREENE
GREENE - 000013,7,1.0000000000,144.0000000000,144.0000000000,0,GREENE,GREENE
GREENE - 000014,7,1.0000000000,84.0000000000,84.0000000000,0,GREENE,GREENE
GREENE - 000015,7,1.0000000000,137.0000000000,137.0000000000,0,GREENE,GREENE
GREENE - 000016,7,1.0000000000,95.0000000000,95.0000000000,0,GREENE,GREENE
GREENE - 000017,7,1.0000000000,51.0000000000,51.0000000000,0,GREENE,GREENE
GREENE - 000018,7,1.0000000000,52.0000000000,52.0000000000,0,GREENE,GREENE
GREENE - 000019,7,1.0000000000,107.0000000000,107.0000000000,0,GREENE,GREENE
GREENE - 000020,7,1.0000000000,60.0000000000,60.0000000000,0,GREENE,GREENE
GREENE - 000021,7,1.0000000000,46.0000000000,46.0000000000,0,GREENE,GREENE
GREENE - 000022,7,1.0000000000,61.0000000000,61.0000000000,0,GREENE,GREENE
GREENE - 000023,7,1.0000000000,87.0000000000,87.0000000000,0,GREENE,GREENE
GREENE - 000024,7,1.0000000000,47.0000000000,47.0000000000,0,GREENE,GREENE
GREENE - 000025,7,1.0000000000,43.0000000000,43.0000000000,0,GREENE,GREENE
GREENE - 000026,7,1.0000000000,32.0000000000,32.0000000000,0,GREENE,GREENE
GREENE - 000027,7,1.0000000000,61.0000000000,61.0000000000,0,GREENE,GREENE
GREENE - 000028,7,1.0000000000,73.0000000000,73.0000000000,0,GREENE,GREENE
GREENE - 000029,7,1.0000000000,55.0000000000,55.0000000000,0,GREENE,GREENE
GREENE - 000030,7,1.0000000000,98.0000000000,98.0000000000,0,GREENE,GREENE
GREENE - 000031,7,1.0000000000,57.0000000000,57.0000000000,0,GREENE,GREENE
GREENE - 000032,7,1.0000000000,30.0000000000,30.0000000000,0,GREENE,GREENE
GREENE - 000033,7,1.0000000000,12.0000000000,12.0000000000,0,GREENE,GREENE
GREENE - 000034,7,1.0000000000,16.0000000000,16.0000000000,0,GREENE,GREENE
GREENE - 000035,7,1.0000000000,75.0000000000,75.0000000000,0,GREENE,GREENE
GREENE - 000036,7,1.0000000000,146.0000000000,146.0000000000,0,GREENE,GREENE
GREENE - 000037,7,1.0000000000,124.0000000000,124.0000000000,0,GREENE,GREENE
GREENE - 000038,7,1.0000000000,37.0000000000,37.0000000000,0,GREENE,GREENE
GREENE - 000039,7,1.0000000000,63.0000000000,63.0000000000,0,GREENE,GREENE
GREENE - 000040,7,1.0000000000,101.0000000000,101.0000000000,0,GREENE,GREENE
GREENE - 000041,7,1.0000000000,179.0000000000,179.0000000000,0,GREENE,GREENE
GREENE - 000042,7,1.0000000000,60.0000000000,60.0000000000,0,GREENE,GREENE
GREENE - 000043,7,1.0000000000,93.0000000000,93.0000000000,0,GREENE,GREENE
GREENE - 000044,7,1.0000000000,63.0000000000,63.0000000000,0,GREENE,GREENE
GREENE - 000045,7,1.0000000000,65.0000000000,65.0000000000,0,GREENE,GREENE
GREENE - 000046,7,1.0000000000,19.0000000000,19.0000000000,0,GREENE,GREENE
GREENE - 000047,7,1.0000000000,26.0000000000,26.0000000000,0,GREENE,GREENE
GREENE - 000048,7,1.0000000000,47.0000000000,47.0000000000,0,GREENE,GREENE
GREENE - 000049,7,1.0000000000,38.0000000000,38.0000000000,0,GREENE,GREENE
GREENE - 000050,7,1.0000000000,36.0000000000,36.0000000000,0,GREENE,GREENE
GREENE - 000051,7,1.0000000000,18.0000000000,18.0000000000,0,GREENE,GREENE
GREENE - 000052,7,1.0000000000,23.0000000000,23.0000000000,0,GREENE,GREENE
GREENE - 000053,7,1.0000000000,26.0000000000,26.0000000000,0,GREENE,GREENE
GREENE - 000054,7,1.0000000000,36.0000000000,36.0000000000,0,GREENE,GREENE
GREENE - 000055,7,1.0000000000,37.0000000000,37.0000000000,0,GREENE,GREENE
GREENE - 000056,7,1.0000000000,75.0000000000,75.0000000000,0,GREENE,GREENE
GREENE - 000057,7,1.0000000000,77.0000000000,77.0000000000,0,GREENE,GREENE
GREENE - 000058,7,1.0000000000,74.0000000000,74.0000000000,0,GREENE,GREENE
GREENE - 000059,7,1.0000000000,82.0000000000,82.0000000000,0,GREENE,GREENE
GREENE - 000060,7,1.0000000000,26.0000000000,26.0000000000,0,GREENE,GREENE
GREENE - 000061,7,1.0000000000,27.0000000000,27.0000000000,0,GREENE,GREENE
GREENE - 000062,7,1.0000000000,16.0000000000,16.0000000000,0,GREENE,GREENE
GREENE - 000063,7,1.0000000000,25.0000000000,25.0000000000,0,GREENE,GREENE
GREENE - 000064,7,1.0000000000,27.0000000000,27.0000000000,0,GREENE,GREENE
GREENE - 000065,7,1.0000000000,54.0000000000,54.0000000000,0,GREENE,GREENE
GREENE - 000066,7,1.0000000000,134.0000000000,134.0000000000,0,GREENE,GREENE
GREENE - 000067,7,1.0000000000,59.0000000000,59.0000000000,0,GREENE,GREENE
GREENE - 000068,7,1.0000000000,51.0000000000,51.0000000000,0,GREENE,GREENE
GREENE - 000069,7,1.0000000000,50.0000000000,50.0000000000,0,GREENE,GREENE
GREENE - 000070,7,1.0000000000,111.0000000000,111.0000000000,0,GREENE,GREENE
GREENE - 000071,7,1.0000000000,75.0000000000,75.0000000000,0,GREENE,GREENE
GREENE - 000072,7,1.0000000000,90.0000000000,90.0000000000,0,GREENE,GREENE
GREENE - 000073,7,1.0000000000,25.0000000000,25.0000000000,0,GREENE,GREENE
GREENE - 000074,7,1.0000000000,34.0000000000,34.0000000000,0,GREENE,GREENE
GREENE - 000075,7,1.0000000000,85.0000000000,85.0000000000,0,GREENE,GREENE
GREENE - 000076,7,1.0000000000,24.0000000000,24.0000000000,0,GREENE,GREENE
GREENE - 000077,7,1.0000000000,88.0000000000,88.0000000000,0,GREENE,GREENE
GREENE - 000078,7,1.0000000000,59.0000000000,59.0000000000,0,GREENE,GREENE
GREENE - 000079,7,1.0000000000,22.0000000000,22.0000000000,0,GREENE,GREENE
GREENE - 000080,7,1.0000000000,40.0000000000,40.0000000000,0,GREENE,GREENE
GREENE - 000081,7,1.0000000000,27.0000000000,27.0000000000,0,GREENE,GREENE
GREENE - 000082,7,1.0000000000,18.0000000000,18.0000000000,0,GREENE,GREENE
GREENE - 000083,7,1.0000000000,29.0000000000,29.0000000000,0,GREENE,GREENE
GREENE - 000084,7,1.0000000000,32.0000000000,32.0000000000,0,GREENE,GREENE
GREENE - 000085,7,1.0000000000,26.0000000000,26.0000000000,0,GREENE,GREENE
GREENE - 000086,7,1.0000000000,20.0000000000,20.0000000000,0,GREENE,GREENE
GREENE - 000087,7,1.0000000000,26.0000000000,26.0000000000,0,GREENE,GREENE
GREENE - 000088,7,1.0000000000,27.0000000000,27.0000000000,0,GREENE,GREENE
GREENE - 000089,7,1.0000000000,52.0000000000,52.0000000000,0,GREENE,GREENE
GREENE - 000090,7,1.0000000000,46.0000000000,46.0000000000,0,GREENE,GREENE
GREENE - 000091,7,1.0000000000,45.0000000000,45.0000000000,0,GREENE,GREENE
GREENE - 000092,7,1.0000000000,73.0000000000,73.0000000000,0,GREENE,GREENE
GREENE - 000093,7,1.0000000000,58.0000000000,58.0000000000,0,GREENE,GREENE
GREENE - 000094,7,1.0000000000,69.0000000000,69.0000000000,0,GREENE,GREENE
GREENE - 000095,7,1.0000000000,76.0000000000,76.0000000000,0,GREENE,GREENE
GREENE - 000096,7,1.0000000000,108.0000000000,108.0000000000,0,GREENE,GREENE
GREENE - 000097,7,1.0000000000,104.0000000000,104.0000000000,0,GREENE,GREENE
GREENE - 000098,7,1.0000000000,207.0000000000,207.0000000000,0,GREENE,GREENE
GREENE - 000099,7,1.0000000000,82.0000000000,82.0000000000,0,GREENE,GREENE
GREENE - 000100,7,1.0000000000,79.0000000000,79.0000000000,0,GREENE,GREENE
GREENE - 000101,7,1.0000000000,68.0000000000,68.0000000000,0,GREENE,GREENE
GREENE - 000102,7,1.0000000000,96.0000000000,96.0000000000,0,GREENE,GREENE
GREENE - 000103,7,1.0000000000,67.0000000000,67.0000000000,0,GREENE,GREENE
GREENE - 000104,7,1.0000000000,104.0000000000,104.0000000000,0,GREENE,GREENE
GREENE - 000105,7,1.0000000000,162.0000000000,162.0000000000,0,GREENE,GREENE
GREENE - 000106,7,1.0000000000,76.0000000000,76.0000000000,0,GREENE,GREENE
GREENE - 000107,7,1.0000000000,178.0000000000,178.0000000000,0,GREENE,GREENE
GREENE - 000108,7,1.0000000000,100.0000000000,100.0000000000,0,GREENE,GREENE
GREENE - 000109,7,1.0000000000,103.0000000000,103.0000000000,0,GREENE,GREENE
GREENE - 000110,7,1.0000000000,140.0000000000,140.0000000000,0,GREENE,GREENE
GREENE - 000111,7,1.0000000000,134.0000000000,134.0000000000,0,GREENE,GREENE
GREENE - 000112,7,1.0000000000,67.0000000000,67.0000000000,0,GREENE,GREENE
GREENE - 000113,7,1.0000000000,57.0000000000,57.0000000000,0,GREENE,GREENE
GREENE - 000114,7,1.0000000000,76.0000000000,76.0000000000,0,GREENE,GREENE
GRUNDY - 000002,6,1.0000000000,87.0000000000,87.0000000000,0,GRUNDY,GRUNDY
GRUNDY - 000003,6,1.0000000000,35.0000000000,35.0000000000,0,GRUNDY,GRUNDY
GRUNDY - 000004,6,1.0000000000,30.0000000000,30.0000000000,0,GRUNDY,GRUNDY
GRUNDY - 000005,6,1.0000000000,63.0000000000,63.0000000000,0,GRUNDY,GRUNDY
GRUNDY - 000006,6,1.0000000000,79.0000000000,79.0000000000,0,GRUNDY,GRUNDY
GRUNDY - 000007,6,1.0000000000,67.0000000000,67.0000000000,0,GRUNDY,GRUNDY
GRUNDY - 000008,6,1.0000000000,72.0000000000,72.0000000000,0,GRUNDY,GRUNDY
GRUNDY - 000009,6,1.0000000000,65.0000000000,65.0000000000,0,GRUNDY,GRUNDY
GRUNDY - 000010,6,1.0000000000,44.0000000000,44.0000000000,0,GRUNDY,GRUNDY
GRUNDY - 000011,6,1.0000000000,47.0000000000,47.0000000000,0,GRUNDY,GRUNDY
GRUNDY - 000012,6,1.0000000000,136.0000000000,136.0000000000,0,GRUNDY,GRUNDY
GRUNDY - 000013,6,1.0000000000,179.0000000000,179.0000000000,0,GRUNDY,GRUNDY
GRUNDY - 000014,6,1.0000000000,119.0000000000,119.0000000000,0,GRUNDY,GRUNDY
GRUNDY - 000015,6,1.0000000000,84.0000000000,84.0000000000,0,GRUNDY,GRUNDY
GRUNDY - 000016,6,1.0000000000,35.0000000000,35.0000000000,0,GRUNDY,GRUNDY
GRUNDY - 000017,6,1.0000000000,88.0000000000,88.0000000000,0,GRUNDY,GRUNDY
HARRISON - 000003,6,1.0000000000,423.0000000000,423.0000000000,0,HARRISON,HARRISON
HARRISON - 000004,6,1.0000000000,168.0000000000,168.0000000000,0,HARRISON,HARRISON
HARRISON - 000008,6,1.0000000000,189.0000000000,189.0000000000,0,HARRISON,HARRISON
HARRISON - 000009,6,1.0000000000,395.0000000000,395.0000000000,0,HARRISON,HARRISON
HARRISON - 000010,6,1.0000000000,175.0000000000,175.0000000000,0,HARRISON,HARRISON
HARRISON - 16-012,6,1.0000000000,513.0000000000,513.0000000000,0,HARRISON,HARRISON
HENRY - 000002,4,1.0000000000,152.0000000000,152.0000000000,0,HENRY,HENRY
HENRY - 000003,4,1.0000000000,616.0000000000,616.0000000000,0,HENRY,HENRY
HENRY - 000004,4,1.0000000000,329.0000000000,329.0000000000,0,HENRY,HENRY
HENRY - 000009,4,1.0000000000,139.0000000000,139.0000000000,0,HENRY,HENRY
HENRY - 000010,4,1.0000000000,45.0000000000,45.0000000000,0,HENRY,HENRY
HENRY - 000011,4,1.0000000000,82.0000000000,82.0000000000,0,HENRY,HENRY
HENRY - 000013,4,1.0000000000,183.0000000000,183.0000000000,0,HENRY,HENRY
HENRY - 000015,4,1.0000000000,182.0000000000,182.0000000000,0,HENRY,HENRY
HENRY - 16-020,4,1.0000000000,132.0000000000,132.0000000000,0,HENRY,HENRY
HICKORY - 000002,4,1.0000000000,55.0000000000,55.0000000000,0,HICKORY,HICKORY
HICKORY - 000003,4,1.0000000000,118.0000000000,118.0000000000,0,HICKORY,HICKORY
HICKORY - 000004,4,1.0000000000,97.0000000000,97.0000000000,0,HICKORY,HICKORY
HICKORY - 000005,4,1.0000000000,94.0000000000,94.0000000000,0,HICKORY,HICKORY
HICKORY - 000006,4,1.0000000000,129.0000000000,129.0000000000,0,HICKORY,HICKORY
HICKORY - 000007,4,1.0000000000,45.0000000000,45.0000000000,0,HICKORY,HICKORY
HICKORY - 000008,4,1.0000000000,58.0000000000,58.0000000000,0,HICKORY,HICKORY
HICKORY - 000009,4,1.0000000000,62.0000000000,62.0000000000,0,HICKORY,HICKORY
HICKORY - 000010,4,1.0000000000,131.0000000000,131.0000000000,0,HICKORY,HICKORY
HICKORY - 000011,4,1.0000000000,123.0000000000,123.0000000000,0,HICKORY,HICKORY
HOLT - 000002,6,1.0000000000,253.0000000000,253.0000000000,0,HOLT,HOLT
HOLT - 000003,6,1.0000000000,99.0000000000,99.0000000000,0,HOLT,HOLT
HOLT - 000004,6,1.0000000000,182.0000000000,182.0000000000,0,HOLT,HOLT
HOLT - 000005,6,1.0000000000,282.0000000000,282.0000000000,0,HOLT,HOLT
HOLT - 000006,6,1.0000000000,78.0000000000,78.0000000000,0,HOLT,HOLT
HOLT - 000007,6,1.0000000000,132.0000000000,132.0000000000,0,HOLT,HOLT
HOWARD - 000002,5,1.0000000000,139.0000000000,139.0000000000,0,HOWARD,HOWARD
HOWARD - 000003,5,1.0000000000,322.0000000000,322.0000000000,0,HOWARD,HOWARD
HOWARD - 000004,5,1.0000000000,85.0000000000,85.0000000000,0,HOWARD,HOWARD
HOWARD - 000005,5,1.0000000000,161.0000000000,161.0000000000,0,HOWARD,HOWARD
HOWARD - 000006,5,1.0000000000,180.0000000000,180.0000000000,0,HOWARD,HOWARD
HOWARD - 000007,5,1.0000000000,110.0000000000,110.0000000000,0,HOWARD,HOWARD
HOWARD - 000008,5,1.0000000000,210.0000000000,210.0000000000,0,HOWARD,HOWARD
HOWARD - 000009,5,1.0000000000,173.0000000000,173.0000000000,0,HOWARD,HOWARD
HOWELL - 000002,8,1.0000000000,107.0000000000,107.0000000000,0,HOWELL,HOWELL
HOWELL - 000003,8,1.0000000000,296.0000000000,296.0000000000,0,HOWELL,HOWELL
HOWELL - 000004,8,1.0000000000,120.0000000000,120.0000000000,0,HOWELL,HOWELL
HOWELL - 000005,8,1.0000000000,80.0000000000,80.0000000000,0,HOWELL,HOWELL
HOWELL - 000006,8,1.0000000000,104.0000000000,104.0000000000,0,HOWELL,HOWELL
HOWELL - 000007,8,1.0000000000,52.0000000000,52.0000000000,0,HOWELL,HOWELL
HOWELL - 000008,8,1.0000000000,48.0000000000,48.0000000000,0,HOWELL,HOWELL
HOWELL - 000009,8,1.0000000000,108.0000000000,108.0000000000,0,HOWELL,HOWELL
HOWELL - 000010,8,1.0000000000,80.0000000000,80.0000000000,0,HOWELL,HOWELL
HOWELL - 000011,8,1.0000000000,107.0000000000,107.0000000000,0,HOWELL,HOWELL
HOWELL - 000012,8,1.0000000000,129.0000000000,129.0000000000,0,HOWELL,HOWELL
HOWELL - 000013,8,1.0000000000,139.0000000000,139.0000000000,0,HOWELL,HOWELL
HOWELL - 000014,8,1.0000000000,193.0000000000,193.0000000000,0,HOWELL,HOWELL
HOWELL - 000015,8,1.0000000000,109.0000000000,109.0000000000,0,HOWELL,HOWELL
HOWELL - 000016,8,1.0000000000,32.0000000000,32.0000000000,0,HOWELL,HOWELL
HOWELL - 000017,8,1.0000000000,142.0000000000,142.0000000000,0,HOWELL,HOWELL
HOWELL - 000018,8,1.0000000000,181.0000000000,181.0000000000,0,HOWELL,HOWELL
HOWELL - 000019,8,1.0000000000,164.0000000000,164.0000000000,0,HOWELL,HOWELL
HOWELL - 000020,8,1.0000000000,163.0000000000,163.0000000000,0,HOWELL,HOWELL
HOWELL - 000021,8,1.0000000000,142.0000000000,142.0000000000,0,HOWELL,HOWELL
HOWELL - 012-22,8,1.0000000000,12.0000000000,12.0000000000,0,HOWELL,HOWELL
IRON - 000002,8,1.0000000000,116.0000000000,116.0000000000,0,IRON,IRON
IRON - 000003,8,1.0000000000,60.0000000000,60.0000000000,0,IRON,IRON
IRON - 000004,8,1.0000000000,146.0000000000,146.0000000000,0,IRON,IRON
IRON - 000005,8,1.0000000000,23.0000000000,23.0000000000,0,IRON,IRON
IRON - 000006,8,1.0000000000,134.0000000000,134.0000000000,0,IRON,IRON
IRON - 000007,8,1.0000000000,124.0000000000,124.0000000000,0,IRON,IRON
IRON - 000008,8,1.0000000000,64.0000000000,64.0000000000,0,IRON,IRON
IRON - 000009,8,1.0000000000,52.0000000000,52.0000000000,0,IRON,IRON
IRON - 000010,8,1.0000000000,89.0000000000,89.0000000000,0,IRON,IRON
JACKSON - 000002,5,1.0000000000,82.0000000000,82.0000000000,0,JACKSON,JACKSON|KANSAS CITY
JACKSON - 000003,5,1.0000000000,71.0000000000,71.0000000000,0,JACKSON,JACKSON|KANSAS CITY
JACKSON - 000006,5,1.0000000000,13.0000000000,13.0000000000,0,JACKSON,JACKSON|KANSAS CITY
JACKSON - 000007,5,1.0000000000,17.0000000000,17.0000000000,0,JACKSON,JACKSON|KANSAS CITY
JACKSON - 000008,5,1.0000000000,20.0000000000,20.0000000000,0,JACKSON,JACKSON|KANSAS CITY
JACKSON - 000010,5,1.0000000000,34.0000000000,34.0000000000,0,JACKSON,JACKSON|KANSAS CITY
JACKSON - 000015,5,1.0000000000,30.0000000000,30.0000000000,0,JACKSON,JACKSON|KANSAS CITY
JACKSON - 000016,5,1.0000000000,47.0000000000,47.0000000000,0,JACKSON,JACKSON|KANSAS CITY
JACKSON - 000017,5,1.0000000000,22.0000000000,22.0000000000,0,JACKSON,JACKSON|KANSAS CITY
JACKSON - 000019,5,1.0000000000,32.0000000000,32.0000000000,0,JACKSON,JACKSON|KANSAS CITY
JACKSON - 000020,5,1.0000000000,25.0000000000,25.0000000000,0,JACKSON,JACKSON|KANSAS CITY
JACKSON - 000022,5,1.0000000000,53.0000000000,53.0000000000,0,JACKSON,JACKSON|KANSAS CITY
JACKSON - 000023,5,1.0000000000,21.0000000000,21.0000000000,0,JACKSON,JACKSON|KANSAS CITY
JACKSON - 000024,5,1.0000000000,32.0000000000,32.0000000000,0,JACKSON,JACKSON|KANSAS CITY
JACKSON - 000025,5,1.0000000000,21.0000000000,21.0000000000,0,JACKSON,JACKSON|KANSAS CITY
JACKSON - 000026,5,1.0000000000,62.0000000000,62.0000000000,0,JACKSON,JACKSON|KANSAS CITY
JACKSON - 000029,5,1.0000000000,20.0000000000,20.0000000000,0,JACKSON,JACKSON|KANSAS CITY
JACKSON - 000030,5,1.0000000000,24.0000000000,24.0000000000,0,JACKSON,JACKSON|KANSAS CITY
JACKSON - 000031,5,1.0000000000,46.0000000000,46.0000000000,0,JACKSON,JACKSON|KANSAS CITY
JACKSON - 000032,5,1.0000000000,37.0000000000,37.0000000000,0,JACKSON,JACKSON|KANSAS CITY
JACKSON - 000033,5,1.0000000000,11.0000000000,11.0000000000,0,JACKSON,JACKSON|KANSAS CITY
JACKSON - 000034,5,1.0000000000,36.0000000000,36.0000000000,0,JACKSON,JACKSON|KANSAS CITY
JACKSON - 000035,5,1.0000000000,23.0000000000,23.0000000000,0,JACKSON,JACKSON|KANSAS CITY
JACKSON - 000036,5,1.0000000000,28.0000000000,28.0000000000,0,JACKSON,JACKSON|KANSAS CITY
JACKSON - 000037,5,1.0000000000,23.0000000000,23.0000000000,0,JACKSON,JACKSON|KANSAS CITY
JACKSON - 000043,5,1.0000000000,25.0000000000,25.0000000000,0,JACKSON,JACKSON|KANSAS CITY
JACKSON - 000044,5,1.0000000000,41.0000000000,41.0000000000,0,JACKSON,JACKSON|KANSAS CITY
JACKSON - 000045,5,1.0000000000,63.0000000000,63.0000000000,0,JACKSON,JACKSON|KANSAS CITY
JACKSON - 000047,5,1.0000000000,16.0000000000,16.0000000000,0,JACKSON,JACKSON|KANSAS CITY
JACKSON - 000050,5,1.0000000000,43.0000000000,43.0000000000,0,JACKSON,JACKSON|KANSAS CITY
JACKSON - 000052,5,1.0000000000,20.0000000000,20.0000000000,0,JACKSON,JACKSON|KANSAS CITY
JACKSON - 000054,5,1.0000000000,24.0000000000,24.0000000000,0,JACKSON,JACKSON|KANSAS CITY
JACKSON - 000055,5,1.0000000000,35.0000000000,35.0000000000,0,JACKSON,JACKSON|KANSAS CITY
JACKSON - 000056,5,1.0000000000,28.0000000000,28.0000000000,0,JACKSON,JACKSON|KANSAS CITY
JACKSON - 000057,5,1.0000000000,36.0000000000,36.0000000000,0,JACKSON,JACKSON|KANSAS CITY
JACKSON - 000059,5,1.0000000000,48.0000000000,48.0000000000,0,JACKSON,JACKSON|KANSAS CITY
JACKSON - 000060,5,1.0000000000,20.0000000000,20.0000000000,0,JACKSON,JACKSON|KANSAS CITY
JACKSON - 000061,5,1.0000000000,18.0000000000,18.0000000000,0,JACKSON,JACKSON|KANSAS CITY
JACKSON - 000062,5,1.0000000000,31.0000000000,31.0000000000,0,JACKSON,JACKSON|KANSAS CITY
JACKSON - 000064,5,1.0000000000,41.0000000000,41.0000000000,0,JACKSON,JACKSON|KANSAS CITY
JACKSON - 000066,5,1.0000000000,28.0000000000,28.0000000000,0,JACKSON,JACKSON|KANSAS CITY
JACKSON - 000067,5,1.0000000000,26.0000000000,26.0000000000,0,JACKSON,JACKSON|KANSAS CITY
JACKSON - 000069,5,1.0000000000,31.0000000000,31.0000000000,0,JACKSON,JACKSON|KANSAS CITY
JACKSON - 000071,5,1.0000000000,12.0000000000,12.0000000000,0,JACKSON,JACKSON|KANSAS CITY
JACKSON - 000072,5,1.0000000000,25.0000000000,25.0000000000,0,JACKSON,JACKSON|KANSAS CITY
JACKSON - 000076,5,1.0000000000,22.0000000000,22.0000000000,0,JACKSON,JACKSON|KANSAS CITY
JACKSON - 000079,5,1.0000000000,33.0000000000,33.0000000000,0,JACKSON,JACKSON|KANSAS CITY
JACKSON - 000081,5,1.0000000000,64.0000000000,64.0000000000,0,JACKSON,JACKSON|KANSAS CITY
JACKSON - 000082,5,1.0000000000,37.0000000000,37.0000000000,0,JACKSON,JACKSON|KANSAS CITY
JACKSON - 000084,5,1.0000000000,26.0000000000,26.0000000000,0,JACKSON,JACKSON|KANSAS CITY
JACKSON - 000086,5,1.0000000000,10.0000000000,10.0000000000,0,JACKSON,JACKSON|KANSAS CITY
JACKSON - 000087,5,1.0000000000,23.0000000000,23.0000000000,0,JACKSON,JACKSON|KANSAS CITY
JACKSON - 000088,5,1.0000000000,13.0000000000,13.0000000000,0,JACKSON,JACKSON|KANSAS CITY
JACKSON - 000090,5,1.0000000000,41.0000000000,41.0000000000,0,JACKSON,JACKSON|KANSAS CITY
JACKSON - 000091,5,1.0000000000,28.0000000000,28.0000000000,0,JACKSON,JACKSON|KANSAS CITY
JACKSON - 000092,5,1.0000000000,39.0000000000,39.0000000000,0,JACKSON,JACKSON|KANSAS CITY
JACKSON - 000095,5,1.0000000000,28.0000000000,28.0000000000,0,JACKSON,JACKSON|KANSAS CITY
JACKSON - 000096,5,1.0000000000,37.0000000000,37.0000000000,0,JACKSON,JACKSON|KANSAS CITY
JACKSON - 000097,5,1.0000000000,30.0000000000,30.0000000000,0,JACKSON,JACKSON|KANSAS CITY
JACKSON - 000099,5,1.0000000000,7.0000000000,7.0000000000,0,JACKSON,JACKSON|KANSAS CITY
JACKSON - 000100,5,1.0000000000,36.0000000000,36.0000000000,0,JACKSON,JACKSON|KANSAS CITY
JACKSON - 000103,5,1.0000000000,38.0000000000,38.0000000000,0,JACKSON,JACKSON|KANSAS CITY
JACKSON - 000104,5,1.0000000000,54.0000000000,54.0000000000,0,JACKSON,JACKSON|KANSAS CITY
JACKSON - 000107,5,1.0000000000,22.0000000000,22.0000000000,0,JACKSON,JACKSON|KANSAS CITY
JACKSON - 000109,5,1.0000000000,17.0000000000,17.0000000000,0,JACKSON,JACKSON|KANSAS CITY
JACKSON - 000116,5,1.0000000000,30.0000000000,30.0000000000,0,JACKSON,JACKSON|KANSAS CITY
JACKSON - 000120,5,1.0000000000,57.0000000000,57.0000000000,0,JACKSON,JACKSON|KANSAS CITY
JACKSON - 000123,5,1.0000000000,20.0000000000,20.0000000000,0,JACKSON,JACKSON|KANSAS CITY
JACKSON - 000125,5,1.0000000000,34.0000000000,34.0000000000,0,JACKSON,JACKSON|KANSAS CITY
JACKSON - 000128,5,1.0000000000,28.0000000000,28.0000000000,0,JACKSON,JACKSON|KANSAS CITY
JACKSON - 000129,5,1.0000000000,7.0000000000,7.0000000000,0,JACKSON,JACKSON|KANSAS CITY
JACKSON - 000130,5,1.0000000000,49.0000000000,49.0000000000,0,JACKSON,JACKSON|KANSAS CITY
JACKSON - 000131,5,1.0000000000,2.0000000000,2.0000000000,0,JACKSON,JACKSON|KANSAS CITY
JACKSON - 000132,5,1.0000000000,29.0000000000,29.0000000000,0,JACKSON,JACKSON|KANSAS CITY
JACKSON - 000134,5,1.0000000000,31.0000000000,31.0000000000,0,JACKSON,JACKSON|KANSAS CITY
JACKSON - 000136,5,1.0000000000,25.0000000000,25.0000000000,0,JACKSON,JACKSON|KANSAS CITY
JACKSON - 000138,5,1.0000000000,66.0000000000,66.0000000000,0,JACKSON,JACKSON|KANSAS CITY
JACKSON - 000140,5,1.0000000000,53.0000000000,53.0000000000,0,JACKSON,JACKSON|KANSAS CITY
JACKSON - 000142,5,1.0000000000,55.0000000000,55.0000000000,0,JACKSON,JACKSON|KANSAS CITY
JACKSON - 000143,5,1.0000000000,23.0000000000,23.0000000000,0,JACKSON,JACKSON|KANSAS CITY
JACKSON - 000144,5,1.0000000000,15.0000000000,15.0000000000,0,JACKSON,JACKSON|KANSAS CITY
JACKSON - 000145,5,1.0000000000,34.0000000000,34.0000000000,0,JACKSON,JACKSON|KANSAS CITY
JACKSON - 000146,5,1.0000000000,16.0000000000,16.0000000000,0,JACKSON,JACKSON|KANSAS CITY
JACKSON - 000147,5,1.0000000000,17.0000000000,17.0000000000,0,JACKSON,JACKSON|KANSAS CITY
JACKSON - 000148,4,1.0000000000,124.0000000000,124.0000000000,1,KANSAS CITY,KANSAS CITY|JACKSON
JACKSON - 000149,4,1.0000000000,61.0000000000,61.0000000000,1,KANSAS CITY,KANSAS CITY|JACKSON
JACKSON - 000150,4,1.0000000000,60.0000000000,60.0000000000,1,KANSAS CITY,KANSAS CITY|JACKSON
JACKSON - 000151,4,1.0000000000,86.0000000000,86.0000000000,1,KANSAS CITY,KANSAS CITY|JACKSON
JACKSON - 000152,4,1.0000000000,70.0000000000,70.0000000000,1,KANSAS CITY,KANSAS CITY|JACKSON
JACKSON - 000153,4,1.0000000000,157.0000000000,157.0000000000,1,KANSAS CITY,KANSAS CITY|JACKSON
JACKSON - 000154,4,1.0000000000,52.0000000000,52.0000000000,1,KANSAS CITY,KANSAS CITY|JACKSON
JACKSON - 000155,4,1.0000000000,45.0000000000,45.0000000000,1,KANSAS CITY,KANSAS CITY|JACKSON
JACKSON - 000156,4,1.0000000000,16.0000000000,16.0000000000,1,KANSAS CITY,KANSAS CITY|JACKSON
JACKSON - 000157,4,0.7826086957,18.0000000000,23.0000000000,1,KANSAS CITY,KANSAS CITY|JACKSON
JACKSON - 000157,5,0.2173913043,5.0000000000,23.0000000000,1,KANSAS CITY,KANSAS CITY|JACKSON
JACKSON - 000159,4,1.0000000000,16.0000000000,16.0000000000,1,KANSAS CITY,KANSAS CITY|JACKSON
JACKSON - 000160,4,1.0000000000,27.0000000000,27.0000000000,1,KANSAS CITY,KANSAS CITY|JACKSON
JACKSON - 000161,4,1.0000000000,23.0000000000,23.0000000000,1,KANSAS CITY,KANSAS CITY|JACKSON
JACKSON - 000162,4,1.0000000000,29.0000000000,29.0000000000,1,KANSAS CITY,KANSAS CITY|JACKSON
JACKSON - 000163,4,1.0000000000,7.0000000000,7.0000000000,1,KANSAS CITY,KANSAS CITY|JACKSON
JACKSON - 000164,4,1.0000000000,14.0000000000,14.0000000000,1,KANSAS CITY,KANSAS CITY|JACKSON
JACKSON - 000165,4,1.0000000000,16.0000000000,16.0000000000,1,KANSAS CITY,KANSAS CITY|JACKSON
JACKSON - 000166,4,0.3750000000,3.0000000000,8.0000000000,1,KANSAS CITY,KANSAS CITY|JACKSON
JACKSON - 000166,5,0.6250000000,5.0000000000,8.0000000000,1,KANSAS CITY,KANSAS CITY|JACKSON
JACKSON - 000167,4,0.8181818182,9.0000000000,11.0000000000,1,KANSAS CITY,KANSAS CITY|JACKSON
JACKSON - 000167,5,0.1818181818,2.0000000000,11.0000000000,1,KANSAS CITY,KANSAS CITY|JACKSON
JACKSON - 000168,5,1.0000000000,8.0000000000,8.0000000000,1,KANSAS CITY,KANSAS CITY|JACKSON
JACKSON - 000169,5,1.0000000000,19.0000000000,19.0000000000,1,KANSAS CITY,KANSAS CITY|JACKSON
JACKSON - 000172,5,1.0000000000,1.0000000000,1.0000000000,1,KANSAS CITY,KANSAS CITY|JACKSON
JACKSON - 000173,5,1.0000000000,1.0000000000,1.0000000000,1,KANSAS CITY,KANSAS CITY|JACKSON
JACKSON - 000174,4,1.0000000000,7.0000000000,7.0000000000,1,KANSAS CITY,KANSAS CITY|JACKSON
JACKSON - 000175,4,0.3272727273,18.0000000000,55.0000000000,1,KANSAS CITY,KANSAS CITY|JACKSON
JACKSON - 000175,6,0.6727272727,37.0000000000,55.0000000000,1,KANSAS CITY,KANSAS CITY|JACKSON
JACKSON - 000176,6,1.0000000000,44.0000000000,44.0000000000,1,KANSAS CITY,KANSAS CITY|JACKSON
JACKSON - 000177,6,1.0000000000,45.0000000000,45.0000000000,1,KANSAS CITY,KANSAS CITY|JACKSON
JACKSON - 000178,6,1.0000000000,11.0000000000,11.0000000000,1,KANSAS CITY,KANSAS CITY|JACKSON
JACKSON - 000179,6,1.0000000000,39.0000000000,39.0000000000,1,KANSAS CITY,KANSAS CITY|JACKSON
JACKSON - 000180,6,1.0000000000,18.0000000000,18.0000000000,1,KANSAS CITY,KANSAS CITY|JACKSON
JACKSON - 000181,6,1.0000000000,2.0000000000,2.0000000000,1,KANSAS CITY,KANSAS CITY|JACKSON
JACKSON - 000182,4,0.9166666667,11.0000000000,12.0000000000,1,KANSAS CITY,KANSAS CITY|JACKSON
JACKSON - 000182,5,0.0833333333,1.0000000000,12.0000000000,1,KANSAS CITY,KANSAS CITY|JACKSON
JACKSON - 000183,6,1.0000000000,7.0000000000,7.0000000000,1,KANSAS CITY,KANSAS CITY|JACKSON
JACKSON - 000184,6,1.0000000000,5.0000000000,5.0000000000,1,KANSAS CITY,KANSAS CITY|JACKSON
JACKSON - 000185,5,1.0000000000,10.0000000000,10.0000000000,1,KANSAS CITY,KANSAS CITY|JACKSON
JACKSON - 000186,5,0.3333333333,8.0000000000,24.0000000000,1,KANSAS CITY,KANSAS CITY|JACKSON
JACKSON - 000186,6,0.6666666667,16.0000000000,24.0000000000,1,KANSAS CITY,KANSAS CITY|JACKSON
JACKSON - 000187,6,1.0000000000,16.0000000000,16.0000000000,1,KANSAS CITY,KANSAS CITY|JACKSON
JACKSON - 000188,6,1.0000000000,24.0000000000,24.0000000000,1,KANSAS CITY,KANSAS CITY|JACKSON
JACKSON - 000189,6,1.0000000000,16.0000000000,16.0000000000,1,KANSAS CITY,KANSAS CITY|JACKSON
JACKSON - 000190,5,1.0000000000,16.0000000000,16.0000000000,1,KANSAS CITY,KANSAS CITY|JACKSON
JACKSON - 000191,5,1.0000000000,34.0000000000,34.0000000000,1,KANSAS CITY,KANSAS CITY|JACKSON
JACKSON - 000192,5,1.0000000000,16.0000000000,16.0000000000,1,KANSAS CITY,KANSAS CITY|JACKSON
JACKSON - 000193,5,1.0000000000,18.0000000000,18.0000000000,1,KANSAS CITY,KANSAS CITY|JACKSON
JACKSON - 000194,5,1.0000000000,9.0000000000,9.0000000000,1,KANSAS CITY,KANSAS CITY|JACKSON
JACKSON - 000195,5,1.0000000000,23.0000000000,23.0000000000,1,KANSAS CITY,KANSAS CITY|JACKSON
JACKSON - 000196,5,1.0000000000,91.0000000000,91.0000000000,1,KANSAS CITY,KANSAS CITY|JACKSON
JACKSON - 000197,5,1.0000000000,41.0000000000,41.0000000000,1,KANSAS CITY,KANSAS CITY|JACKSON
JACKSON - 000198,5,1.0000000000,37.0000000000,37.0000000000,1,KANSAS CITY,KANSAS CITY|JACKSON
JACKSON - 000200,5,1.0000000000,7.0000000000,7.0000000000,1,KANSAS CITY,KANSAS CITY|JACKSON
JACKSON - 000201,5,1.0000000000,18.0000000000,18.0000000000,1,KANSAS CITY,KANSAS CITY|JACKSON
JACKSON - 000202,5,1.0000000000,35.0000000000,35.0000000000,1,KANSAS CITY,KANSAS CITY|JACKSON
JACKSON - 000203,5,1.0000000000,26.0000000000,26.0000000000,1,KANSAS CITY,KANSAS CITY|JACKSON
JACKSON - 000204,5,1.0000000000,55.0000000000,55.0000000000,1,KANSAS CITY,KANSAS CITY|JACKSON
JACKSON - 000205,5,1.0000000000,54.0000000000,54.0000000000,1,KANSAS CITY,KANSAS CITY|JACKSON
JACKSON - 000206,5,1.0000000000,35.0000000000,35.0000000000,1,KANSAS CITY,KANSAS CITY|JACKSON
JACKSON - 000207,5,1.0000000000,39.0000000000,39.0000000000,1,KANSAS CITY,KANSAS CITY|JACKSON
JACKSON - 000208,5,1.0000000000,14.0000000000,14.0000000000,1,KANSAS CITY,KANSAS CITY|JACKSON
JACKSON - 000209,5,1.0000000000,41.0000000000,41.0000000000,1,KANSAS CITY,KANSAS CITY|JACKSON
JACKSON - 000210,5,1.0000000000,21.0000000000,21.0000000000,1,KANSAS CITY,KANSAS CITY|JACKSON
JACKSON - 000211,5,1.0000000000,28.0000000000,28.0000000000,1,KANSAS CITY,KANSAS CITY|JACKSON
JACKSON - 000212,5,1.0000000000,34.0000000000,34.0000000000,1,KANSAS CITY,KANSAS CITY|JACKSON
JACKSON - 000213,5,1.0000000000,30.0000000000,30.0000000000,1,KANSAS CITY,KANSAS CITY|JACKSON
JACKSON - 000214,5,1.0000000000,18.0000000000,18.0000000000,1,KANSAS CITY,KANSAS CITY|JACKSON
JACKSON - 000215,5,1.0000000000,14.0000000000,14.0000000000,1,KANSAS CITY,KANSAS CITY|JACKSON
JACKSON - 000216,5,1.0000000000,18.0000000000,18.0000000000,1,KANSAS CITY,KANSAS CITY|JACKSON
JACKSON - 000217,5,1.0000000000,26.0000000000,26.0000000000,1,KANSAS CITY,KANSAS CITY|JACKSON
JACKSON - 000218,5,1.0000000000,13.0000000000,13.0000000000,1,KANSAS CITY,KANSAS CITY|JACKSON
JACKSON - 000219,5,1.0000000000,11.0000000000,11.0000000000,1,KANSAS CITY,KANSAS CITY|JACKSON
JACKSON - 000220,5,1.0000000000,17.0000000000,17.0000000000,1,KANSAS CITY,KANSAS CITY|JACKSON
JACKSON - 000221,5,1.0000000000,14.0000000000,14.0000000000,1,KANSAS CITY,KANSAS CITY|JACKSON
JACKSON - 000222,5,1.0000000000,18.0000000000,18.0000000000,1,KANSAS CITY,KANSAS CITY|JACKSON
JACKSON - 000223,5,1.0000000000,14.0000000000,14.0000000000,1,KANSAS CITY,KANSAS CITY|JACKSON
JACKSON - 000224,5,1.0000000000,7.0000000000,7.0000000000,1,KANSAS CITY,KANSAS CITY|JACKSON
JACKSON - 000225,5,1.0000000000,28.0000000000,28.0000000000,1,KANSAS CITY,KANSAS CITY|JACKSON
JACKSON - 000226,5,1.0000000000,15.0000000000,15.0000000000,1,KANSAS CITY,KANSAS CITY|JACKSON
JACKSON - 000227,5,1.0000000000,16.0000000000,16.0000000000,1,KANSAS CITY,KANSAS CITY|JACKSON
JACKSON - 000228,5,1.0000000000,27.0000000000,27.0000000000,1,KANSAS CITY,KANSAS CITY|JACKSON
JACKSON - 000229,5,1.0000000000,15.0000000000,15.0000000000,1,KANSAS CITY,KANSAS CITY|JACKSON
JACKSON - 000230,5,1.0000000000,19.0000000000,19.0000000000,1,KANSAS CITY,KANSAS CITY|JACKSON
JACKSON - 000231,5,1.0000000000,26.0000000000,26.0000000000,1,KANSAS CITY,KANSAS CITY|JACKSON
JACKSON - 000232,5,1.0000000000,22.0000000000,22.0000000000,1,KANSAS CITY,KANSAS CITY|JACKSON
JACKSON - 000233,5,1.0000000000,39.0000000000,39.0000000000,1,KANSAS CITY,KANSAS CITY|JACKSON
JACKSON - 000234,5,1.0000000000,28.0000000000,28.0000000000,1,KANSAS CITY,KANSAS CITY|JACKSON
JACKSON - 000235,5,1.0000000000,5.0000000000,5.0000000000,1,KANSAS CITY,KANSAS CITY|JACKSON
JACKSON - 000236,5,1.0000000000,10.0000000000,10.0000000000,1,KANSAS CITY,KANSAS CITY|JACKSON
JACKSON - 000238,5,1.0000000000,5.0000000000,5.0000000000,1,KANSAS CITY,KANSAS CITY|JACKSON
JACKSON - 000239,5,1.0000000000,7.0000000000,7.0000000000,1,KANSAS CITY,KANSAS CITY|JACKSON
JACKSON - 000241,5,1.0000000000,33.0000000000,33.0000000000,1,KANSAS CITY,KANSAS CITY|JACKSON
JACKSON - 000242,5,1.0000000000,26.0000000000,26.0000000000,1,KANSAS CITY,KANSAS CITY|JACKSON
JACKSON - 000243,5,1.0000000000,25.0000000000,25.0000000000,1,KANSAS CITY,KANSAS CITY|JACKSON
JACKSON - 000244,5,1.0000000000,19.0000000000,19.0000000000,1,KANSAS CITY,KANSAS CITY|JACKSON
JACKSON - 000245,5,1.0000000000,14.0000000000,14.0000000000,1,KANSAS CITY,KANSAS CITY|JACKSON
JACKSON - 000246,5,1.0000000000,33.0000000000,33.0000000000,1,KANSAS CITY,KANSAS CITY|JACKSON
JACKSON - 000247,5,1.0000000000,21.0000000000,21.0000000000,1,KANSAS CITY,KANSAS CITY|JACKSON
JACKSON - 000248,5,1.0000000000,6.0000000000,6.0000000000,1,KANSAS CITY,KANSAS CITY|JACKSON
JACKSON - 000249,5,1.0000000000,10.0000000000,10.0000000000,1,KANSAS CITY,KANSAS CITY|JACKSON
JACKSON - 000250,5,1.0000000000,5.0000000000,5.0000000000,1,KANSAS CITY,KANSAS CITY|JACKSON
JACKSON - 000251,5,1.0000000000,28.0000000000,28.0000000000,1,KANSAS CITY,KANSAS CITY|JACKSON
JACKSON - 000253,5,1.0000000000,26.0000000000,26.0000000000,0,JACKSON,JACKSON|KANSAS CITY
JACKSON - 000254,5,1.0000000000,25.0000000000,25.0000000000,1,KANSAS CITY,KANSAS CITY|JACKSON
JACKSON - 000255,5,1.0000000000,28.0000000000,28.0000000000,1,KANSAS CITY,KANSAS CITY|JACKSON
JACKSON - 000256,5,1.0000000000,27.0000000000,27.0000000000,1,KANSAS CITY,KANSAS CITY|JACKSON
JACKSON - 000257,5,1.0000000000,11.0000000000,11.0000000000,1,KANSAS CITY,KANSAS CITY|JACKSON
JACKSON - 000258,5,1.0000000000,26.0000000000,26.0000000000,1,KANSAS CITY,KANSAS CITY|JACKSON
JACKSON - 000259,5,1.0000000000,75.0000000000,75.0000000000,1,KANSAS CITY,KANSAS CITY|JACKSON
JACKSON - 000260,5,1.0000000000,16.0000000000,16.0000000000,1,KANSAS CITY,KANSAS CITY|JACKSON
JACKSON - 000261,5,1.0000000000,36.0000000000,36.0000000000,1,KANSAS CITY,KANSAS CITY|JACKSON
JACKSON - 000263,5,1.0000000000,8.0000000000,8.0000000000,1,KANSAS CITY,KANSAS CITY|JACKSON
JACKSON - 000264,5,1.0000000000,1.0000000000,1.0000000000,1,KANSAS CITY,KANSAS CITY|JACKSON
JACKSON - 000265,5,1.0000000000,27.0000000000,27.0000000000,1,KANSAS CITY,KANSAS CITY|JACKSON
JACKSON - 000266,5,1.0000000000,30.0000000000,30.0000000000,1,KANSAS CITY,KANSAS CITY|JACKSON
JACKSON - 000267,5,1.0000000000,34.0000000000,34.0000000000,1,KANSAS CITY,KANSAS CITY|JACKSON
JACKSON - 000268,5,1.0000000000,29.0000000000,29.0000000000,1,KANSAS CITY,KANSAS CITY|JACKSON
JACKSON - 000269,5,1.0000000000,13.0000000000,13.0000000000,1,KANSAS CITY,KANSAS CITY|JACKSON
JACKSON - 000270,5,1.0000000000,37.0000000000,37.0000000000,1,KANSAS CITY,KANSAS CITY|JACKSON
JACKSON - 000271,5,1.0000000000,25.0000000000,25.0000000000,1,KANSAS CITY,KANSAS CITY|JACKSON
JACKSON - 000272,5,1.0000000000,37.0000000000,37.0000000000,1,KANSAS CITY,KANSAS CITY|JACKSON
JACKSON - 000273,5,1.0000000000,22.0000000000,22.0000000000,1,KANSAS CITY,KANSAS CITY|JACKSON
JACKSON - 000275,5,1.0000000000,17.0000000000,17.0000000000,1,KANSAS CITY,KANSAS CITY|JACKSON
JACKSON - 000276,5,1.0000000000,12.0000000000,12.0000000000,1,KANSAS CITY,KANSAS CITY|JACKSON
JACKSON - 000277,5,1.0000000000,15.0000000000,15.0000000000,1,KANSAS CITY,KANSAS CITY|JACKSON
JACKSON - 000278,5,1.0000000000,14.0000000000,14.0000000000,1,KANSAS CITY,KANSAS CITY|JACKSON
JACKSON - 000279,5,1.0000000000,10.0000000000,10.0000000000,1,KANSAS CITY,KANSAS CITY|JACKSON
JACKSON - 000280,5,1.0000000000,3.0000000000,3.0000000000,1,KANSAS CITY,KANSAS CITY|JACKSON
JACKSON - 000281,5,1.0000000000,10.0000000000,10.0000000000,1,KANSAS CITY,KANSAS CITY|JACKSON
JACKSON - 000282,5,1.0000000000,35.0000000000,35.0000000000,1,KANSAS CITY,KANSAS CITY|JACKSON
JACKSON - 000283,5,1.0000000000,12.0000000000,12.0000000000,1,KANSAS CITY,KANSAS CITY|JACKSON
JACKSON - 000284,5,1.0000000000,11.0000000000,11.0000000000,1,KANSAS CITY,KANSAS CITY|JACKSON
JACKSON - 000285,5,1.0000000000,31.0000000000,31.0000000000,1,KANSAS CITY,KANSAS CITY|JACKSON
JACKSON - 000286,5,1.0000000000,26.0000000000,26.0000000000,1,KANSAS CITY,KANSAS CITY|JACKSON
JACKSON - 000287,5,1.0000000000,21.0000000000,21.0000000000,1,KANSAS CITY,KANSAS CITY|JACKSON
JACKSON - 000288,5,1.0000000000,15.0000000000,15.0000000000,1,KANSAS CITY,KANSAS CITY|JACKSON
JACKSON - 000289,5,1.0000000000,5.0000000000,5.0000000000,1,KANSAS CITY,KANSAS CITY|JACKSON
JACKSON - 000290,5,1.0000000000,7.0000000000,7.0000000000,1,KANSAS CITY,KANSAS CITY|JACKSON
JACKSON - 000291,5,1.0000000000,21.0000000000,21.0000000000,1,KANSAS CITY,KANSAS CITY|JACKSON
JACKSON - 000292,5,1.0000000000,4.0000000000,4.0000000000,1,KANSAS CITY,KANSAS CITY|JACKSON
JACKSON - 000293,5,1.0000000000,8.0000000000,8.0000000000,1,KANSAS CITY,KANSAS CITY|JACKSON
JACKSON - 000295,5,1.0000000000,9.0000000000,9.0000000000,1,KANSAS CITY,KANSAS CITY|JACKSON
JACKSON - 000296,4,1.0000000000,30.0000000000,30.0000000000,1,KANSAS CITY,KANSAS CITY|JACKSON
JACKSON - 000298,4,1.0000000000,28.0000000000,28.0000000000,1,KANSAS CITY,KANSAS CITY|JACKSON
JACKSON - 000299,4,1.0000000000,24.0000000000,24.0000000000,1,KANSAS CITY,KANSAS CITY|JACKSON
JACKSON - 000300,4,0.2692307692,14.0000000000,52.0000000000,1,KANSAS CITY,KANSAS CITY|JACKSON
JACKSON - 000300,5,0.7307692308,38.0000000000,52.0000000000,1,KANSAS CITY,KANSAS CITY|JACKSON
JACKSON - 000301,5,1.0000000000,63.0000000000,63.0000000000,1,KANSAS CITY,KANSAS CITY|JACKSON
JACKSON - 000302,5,1.0000000000,40.0000000000,40.0000000000,1,KANSAS CITY,KANSAS CITY|JACKSON
JACKSON - 000303,5,1.0000000000,10.0000000000,10.0000000000,1,KANSAS CITY,KANSAS CITY|JACKSON
JACKSON - 000304,5,1.0000000000,23.0000000000,23.0000000000,1,KANSAS CITY,KANSAS CITY|JACKSON
JACKSON - 000305,5,1.0000000000,31.0000000000,31.0000000000,1,KANSAS CITY,KANSAS CITY|JACKSON
JACKSON - 000306,5,1.0000000000,28.0000000000,28.0000000000,1,KANSAS CITY,KANSAS CITY|JACKSON
JACKSON - 000307,5,1.0000000000,22.0000000000,22.0000000000,1,KANSAS CITY,KANSAS CITY|JACKSON
JACKSON - 000308,4,0.2800000000,21.0000000000,75.0000000000,1,KANSAS CITY,KANSAS CITY|JACKSON
JACKSON - 000308,5,0.7200000000,54.0000000000,75.0000000000,1,KANSAS CITY,KANSAS CITY|JACKSON
JACKSON - 000310,5,1.0000000000,33.0000000000,33.0000000000,1,KANSAS CITY,KANSAS CITY|JACKSON
JACKSON - 000311,5,1.0000000000,34.0000000000,34.0000000000,1,KANSAS CITY,KANSAS CITY|JACKSON
JACKSON - 000312,5,1.0000000000,23.0000000000,23.0000000000,1,KANSAS CITY,KANSAS CITY|JACKSON
JACKSON - 000313,6,1.0000000000,2.0000000000,2.0000000000,1,KANSAS CITY,KANSAS CITY|JACKSON
JACKSON - 000314,5,1.0000000000,27.0000000000,27.0000000000,1,KANSAS CITY,KANSAS CITY|JACKSON
JACKSON - 000315,5,1.0000000000,29.0000000000,29.0000000000,1,KANSAS CITY,KANSAS CITY|JACKSON
JACKSON - 000316,4,0.9310344828,27.0000000000,29.0000000000,1,KANSAS CITY,KANSAS CITY|JACKSON
JACKSON - 000316,5,0.0689655172,2.0000000000,29.0000000000,1,KANSAS CITY,KANSAS CITY|JACKSON
JACKSON - 000317,4,0.9444444444,17.0000000000,18.0000000000,1,KANSAS CITY,KANSAS CITY|JACKSON
JACKSON - 000317,5,0.0555555556,1.0000000000,18.0000000000,1,KANSAS CITY,KANSAS CITY|JACKSON
JACKSON - 000318,4,0.9375000000,15.0000000000,16.0000000000,1,KANSAS CITY,KANSAS CITY|JACKSON
JACKSON - 000318,5,0.0625000000,1.0000000000,16.0000000000,1,KANSAS CITY,KANSAS CITY|JACKSON
JACKSON - 000319,4,0.7894736842,15.0000000000,19.0000000000,1,KANSAS CITY,KANSAS CITY|JACKSON
JACKSON - 000319,5,0.2105263158,4.0000000000,19.0000000000,1,KANSAS CITY,KANSAS CITY|JACKSON
JACKSON - 000320,4,1.0000000000,9.0000000000,9.0000000000,1,KANSAS CITY,KANSAS CITY|JACKSON
JACKSON - 000321,4,1.0000000000,18.0000000000,18.0000000000,1,KANSAS CITY,KANSAS CITY|JACKSON
JACKSON - 000322,4,1.0000000000,46.0000000000,46.0000000000,1,KANSAS CITY,KANSAS CITY|JACKSON
JACKSON - 000324,4,1.0000000000,38.0000000000,38.0000000000,1,KANSAS CITY,KANSAS CITY|JACKSON
JACKSON - 000326,4,1.0000000000,30.0000000000,30.0000000000,1,KANSAS CITY,KANSAS CITY|JACKSON
JACKSON - 000327,4,1.0000000000,15.0000000000,15.0000000000,1,KANSAS CITY,KANSAS CITY|JACKSON
JACKSON - 000328,4,1.0000000000,14.0000000000,14.0000000000,1,KANSAS CITY,KANSAS CITY|JACKSON
JACKSON - 000329,4,1.0000000000,20.0000000000,20.0000000000,1,KANSAS CITY,KANSAS CITY|JACKSON
JACKSON - 000330,4,1.0000000000,5.0000000000,5.0000000000,1,KANSAS CITY,KANSAS CITY|JACKSON
JACKSON - 000331,4,1.0000000000,13.0000000000,13.0000000000,1,KANSAS CITY,KANSAS CITY|JACKSON
JACKSON - 000332,4,1.0000000000,22.0000000000,22.0000000000,1,KANSAS CITY,KANSAS CITY|JACKSON
JACKSON - 000333,4,1.0000000000,24.0000000000,24.0000000000,1,KANSAS CITY,KANSAS CITY|JACKSON
JACKSON - 000334,4,1.0000000000,13.0000000000,13.0000000000,1,KANSAS CITY,KANSAS CITY|JACKSON
JACKSON - 000335,4,1.0000000000,66.0000000000,66.0000000000,1,KANSAS CITY,KANSAS CITY|JACKSON
JACKSON - 000337,5,1.0000000000,6.0000000000,6.0000000000,1,KANSAS CITY,KANSAS CITY|JACKSON
JACKSON - 000338,5,1.0000000000,40.0000000000,40.0000000000,1,KANSAS CITY,KANSAS CITY|JACKSON
JACKSON - 000339,5,1.0000000000,31.0000000000,31.0000000000,1,KANSAS CITY,KANSAS CITY|JACKSON
JACKSON - 000340,5,1.0000000000,2.0000000000,2.0000000000,1,KANSAS CITY,KANSAS CITY|JACKSON
JACKSON - 000341,5,1.0000000000,27.0000000000,27.0000000000,1,KANSAS CITY,KANSAS CITY|JACKSON
JACKSON - 000342,5,1.0000000000,23.0000000000,23.0000000000,1,KANSAS CITY,KANSAS CITY|JACKSON
JACKSON - 000343,5,1.0000000000,21.0000000000,21.0000000000,1,KANSAS CITY,KANSAS CITY|JACKSON
JACKSON - 000344,5,1.0000000000,4.0000000000,4.0000000000,1,KANSAS CITY,KANSAS CITY|JACKSON
JACKSON - 000345,5,1.0000000000,12.0000000000,12.0000000000,1,KANSAS CITY,KANSAS CITY|JACKSON
JACKSON - 000346,5,1.0000000000,9.0000000000,9.0000000000,1,KANSAS CITY,KANSAS CITY|JACKSON
JACKSON - 000347,5,1.0000000000,9.0000000000,9.0000000000,1,KANSAS CITY,KANSAS CITY|JACKSON
JACKSON - 000348,5,1.0000000000,22.0000000000,22.0000000000,1,KANSAS CITY,KANSAS CITY|JACKSON
JACKSON - 000349,5,1.0000000000,20.0000000000,20.0000000000,1,KANSAS CITY,KANSAS CITY|JACKSON
JACKSON - 000350,5,1.0000000000,16.0000000000,16.0000000000,1,KANSAS CITY,KANSAS CITY|JACKSON
JACKSON - 000353,5,1.0000000000,26.0000000000,26.0000000000,1,KANSAS CITY,KANSAS CITY|JACKSON
JACKSON - 000354,5,1.0000000000,10.0000000000,10.0000000000,1,KANSAS CITY,KANSAS CITY|JACKSON
JACKSON - 000355,5,1.0000000000,8.0000000000,8.0000000000,1,KANSAS CITY,KANSAS CITY|JACKSON
JACKSON - 000356,5,1.0000000000,14.0000000000,14.0000000000,1,KANSAS CITY,KANSAS CITY|JACKSON
JACKSON - 000357,5,1.0000000000,28.0000000000,28.0000000000,1,KANSAS CITY,KANSAS CITY|JACKSON
JACKSON - 000358,5,1.0000000000,40.0000000000,40.0000000000,1,KANSAS CITY,KANSAS CITY|JACKSON
JACKSON - 000359,5,1.0000000000,27.0000000000,27.0000000000,1,KANSAS CITY,KANSAS CITY|JACKSON
JACKSON - 000360,5,1.0000000000,7.0000000000,7.0000000000,1,KANSAS CITY,KANSAS CITY|JACKSON
JACKSON - 000361,5,1.0000000000,5.0000000000,5.0000000000,1,KANSAS CITY,KANSAS CITY|JACKSON
JACKSON - 000362,5,1.0000000000,21.0000000000,21.0000000000,1,KANSAS CITY,KANSAS CITY|JACKSON
JACKSON - 000363,5,1.0000000000,2.0000000000,2.0000000000,1,KANSAS CITY,KANSAS CITY|JACKSON
JACKSON - 000364,5,1.0000000000,25.0000000000,25.0000000000,1,KANSAS CITY,KANSAS CITY|JACKSON
JACKSON - 000365,5,1.0000000000,7.0000000000,7.0000000000,1,KANSAS CITY,KANSAS CITY|JACKSON
JACKSON - 000366,5,1.0000000000,4.0000000000,4.0000000000,1,KANSAS CITY,KANSAS CITY|JACKSON
JACKSON - 000368,5,1.0000000000,3.0000000000,3.0000000000,1,KANSAS CITY,KANSAS CITY|JACKSON
JACKSON - 000369,5,1.0000000000,5.0000000000,5.0000000000,1,KANSAS CITY,KANSAS CITY|JACKSON
JACKSON - 000370,5,1.0000000000,3.0000000000,3.0000000000,1,KANSAS CITY,KANSAS CITY|JACKSON
JACKSON - 000371,5,1.0000000000,16.0000000000,16.0000000000,1,KANSAS CITY,KANSAS CITY|JACKSON
JACKSON - 000372,5,1.0000000000,4.0000000000,4.0000000000,1,KANSAS CITY,KANSAS CITY|JACKSON
JACKSON - 000373,5,1.0000000000,11.0000000000,11.0000000000,1,KANSAS CITY,KANSAS CITY|JACKSON
JACKSON - 000374,5,1.0000000000,15.0000000000,15.0000000000,1,KANSAS CITY,KANSAS CITY|JACKSON
JACKSON - 000375,5,1.0000000000,7.0000000000,7.0000000000,1,KANSAS CITY,KANSAS CITY|JACKSON
JACKSON - 000378,5,1.0000000000,1.0000000000,1.0000000000,1,KANSAS CITY,KANSAS CITY|JACKSON
JACKSON - 000379,5,1.0000000000,1.0000000000,1.0000000000,1,KANSAS CITY,KANSAS CITY|JACKSON
JACKSON - 000382,5,1.0000000000,1.0000000000,1.0000000000,1,KANSAS CITY,KANSAS CITY|JACKSON
JACKSON - 000383,5,1.0000000000,5.0000000000,5.0000000000,1,KANSAS CITY,KANSAS CITY|JACKSON
JACKSON - 000385,5,1.0000000000,2.0000000000,2.0000000000,1,KANSAS CITY,KANSAS CITY|JACKSON
JACKSON - 000386,5,1.0000000000,20.0000000000,20.0000000000,1,KANSAS CITY,KANSAS CITY|JACKSON
JACKSON - 000387,4,0.8750000000,14.0000000000,16.0000000000,1,KANSAS CITY,KANSAS CITY|JACKSON
JACKSON - 000387,5,0.1250000000,2.0000000000,16.0000000000,1,KANSAS CITY,KANSAS CITY|JACKSON
JACKSON - 000388,5,1.0000000000,24.0000000000,24.0000000000,1,KANSAS CITY,KANSAS CITY|JACKSON
JACKSON - 000389,4,0.2702702703,10.0000000000,37.0000000000,1,KANSAS CITY,KANSAS CITY|JACKSON
JACKSON - 000389,5,0.7297297297,27.0000000000,37.0000000000,1,KANSAS CITY,KANSAS CITY|JACKSON
JACKSON - 000390,5,1.0000000000,14.0000000000,14.0000000000,1,KANSAS CITY,KANSAS CITY|JACKSON
JACKSON - 000391,5,1.0000000000,15.0000000000,15.0000000000,1,KANSAS CITY,KANSAS CITY|JACKSON
JACKSON - 000392,5,1.0000000000,21.0000000000,21.0000000000,1,KANSAS CITY,KANSAS CITY|JACKSON
JACKSON - 000393,5,1.0000000000,20.0000000000,20.0000000000,1,KANSAS CITY,KANSAS CITY|JACKSON
JACKSON - 000394,4,0.0454545455,1.0000000000,22.0000000000,1,KANSAS CITY,KANSAS CITY|JACKSON
JACKSON - 000394,5,0.9545454545,21.0000000000,22.0000000000,1,KANSAS CITY,KANSAS CITY|JACKSON
JACKSON - 000395,5,1.0000000000,22.0000000000,22.0000000000,1,KANSAS CITY,KANSAS CITY|JACKSON
JACKSON - 000396,4,1.0000000000,31.0000000000,31.0000000000,1,KANSAS CITY,KANSAS CITY|JACKSON
JACKSON - 000397,4,1.0000000000,5.0000000000,5.0000000000,1,KANSAS CITY,KANSAS CITY|JACKSON
JACKSON - 000398,5,1.0000000000,4.0000000000,4.0000000000,1,KANSAS CITY,KANSAS CITY|JACKSON
JACKSON - 000399,5,1.0000000000,23.0000000000,23.0000000000,1,KANSAS CITY,KANSAS CITY|JACKSON
JACKSON - 000400,5,1.0000000000,15.0000000000,15.0000000000,1,KANSAS CITY,KANSAS CITY|JACKSON
JACKSON - 000401,4,1.0000000000,10.0000000000,10.0000000000,1,KANSAS CITY,KANSAS CITY|JACKSON
JACKSON - 000402,5,1.0000000000,12.0000000000,12.0000000000,1,KANSAS CITY,KANSAS CITY|JACKSON
JACKSON - 000403,5,1.0000000000,18.0000000000,18.0000000000,1,KANSAS CITY,KANSAS CITY|JACKSON
JACKSON - 000404,5,1.0000000000,12.0000000000,12.0000000000,1,KANSAS CITY,KANSAS CITY|JACKSON
JACKSON - 000405,5,1.0000000000,16.0000000000,16.0000000000,1,KANSAS CITY,KANSAS CITY|JACKSON
JACKSON - 000406,5,1.0000000000,6.0000000000,6.0000000000,1,KANSAS CITY,KANSAS CITY|JACKSON
JACKSON - 000407,5,1.0000000000,8.0000000000,8.0000000000,1,KANSAS CITY,KANSAS CITY|JACKSON
JACKSON - 000408,5,1.0000000000,25.0000000000,25.0000000000,1,KANSAS CITY,KANSAS CITY|JACKSON
JACKSON - 000409,5,1.0000000000,26.0000000000,26.0000000000,1,KANSAS CITY,KANSAS CITY|JACKSON
JACKSON - 000412,5,1.0000000000,16.0000000000,16.0000000000,1,KANSAS CITY,KANSAS CITY|JACKSON
JACKSON - 000413,5,1.0000000000,8.0000000000,8.0000000000,1,KANSAS CITY,KANSAS CITY|JACKSON
JACKSON - 000414,5,1.0000000000,27.0000000000,27.0000000000,1,KANSAS CITY,KANSAS CITY|JACKSON
JACKSON - 000415,5,1.0000000000,16.0000000000,16.0000000000,1,KANSAS CITY,KANSAS CITY|JACKSON
JACKSON - 000416,5,1.0000000000,16.0000000000,16.0000000000,1,KANSAS CITY,KANSAS CITY|JACKSON
JACKSON - 000417,5,1.0000000000,18.0000000000,18.0000000000,1,KANSAS CITY,KANSAS CITY|JACKSON
JACKSON - 000418,5,1.0000000000,16.0000000000,16.0000000000,1,KANSAS CITY,KANSAS CITY|JACKSON
JACKSON - 000419,5,1.0000000000,17.0000000000,17.0000000000,1,KANSAS CITY,KANSAS CITY|JACKSON
JACKSON - 000420,5,1.0000000000,29.0000000000,29.0000000000,1,KANSAS CITY,KANSAS CITY|JACKSON
JACKSON - 000421,5,1.0000000000,27.0000000000,27.0000000000,1,KANSAS CITY,KANSAS CITY|JACKSON
JACKSON - 000422,5,1.0000000000,16.0000000000,16.0000000000,1,KANSAS CITY,KANSAS CITY|JACKSON
JACKSON - 000423,5,1.0000000000,27.0000000000,27.0000000000,1,KANSAS CITY,KANSAS CITY|JACKSON
JACKSON - 000424,5,1.0000000000,8.0000000000,8.0000000000,1,KANSAS CITY,KANSAS CITY|JACKSON
JACKSON - 000425,4,1.0000000000,16.0000000000,16.0000000000,1,KANSAS CITY,KANSAS CITY|JACKSON
JACKSON - 000426,4,1.0000000000,13.0000000000,13.0000000000,1,KANSAS CITY,KANSAS CITY|JACKSON
JACKSON - 000427,4,1.0000000000,23.0000000000,23.0000000000,1,KANSAS CITY,KANSAS CITY|JACKSON
JACKSON - 000428,4,1.0000000000,14.0000000000,14.0000000000,1,KANSAS CITY,KANSAS CITY|JACKSON
JACKSON - 000429,4,1.0000000000,16.0000000000,16.0000000000,1,KANSAS CITY,KANSAS CITY|JACKSON
JACKSON - 000430,4,1.0000000000,25.0000000000,25.0000000000,1,KANSAS CITY,KANSAS CITY|JACKSON
JACKSON - 000431,4,1.0000000000,14.0000000000,14.0000000000,1,KANSAS CITY,KANSAS CITY|JACKSON
JACKSON - 000432,4,1.0000000000,11.0000000000,11.0000000000,1,KANSAS CITY,KANSAS CITY|JACKSON
JACKSON - 000433,4,1.0000000000,14.0000000000,14.0000000000,1,KANSAS CITY,KANSAS CITY|JACKSON
JACKSON - 000434,4,1.0000000000,20.0000000000,20.0000000000,1,KANSAS CITY,KANSAS CITY|JACKSON
JACKSON - 000435,4,1.0000000000,25.0000000000,25.0000000000,1,KANSAS CITY,KANSAS CITY|JACKSON
JACKSON - 000436,4,1.0000000000,36.0000000000,36.0000000000,1,KANSAS CITY,KANSAS CITY|JACKSON
JACKSON - 000437,4,1.0000000000,39.0000000000,39.0000000000,1,KANSAS CITY,KANSAS CITY|JACKSON
JACKSON - 000438,4,1.0000000000,17.0000000000,17.0000000000,1,KANSAS CITY,KANSAS CITY|JACKSON
JACKSON - 000439,4,1.0000000000,22.0000000000,22.0000000000,1,KANSAS CITY,KANSAS CITY|JACKSON
JACKSON - 000440,4,1.0000000000,19.0000000000,19.0000000000,1,KANSAS CITY,KANSAS CITY|JACKSON
JACKSON - 000441,4,1.0000000000,14.0000000000,14.0000000000,1,KANSAS CITY,KANSAS CITY|JACKSON
JACKSON - 000442,4,1.0000000000,26.0000000000,26.0000000000,1,KANSAS CITY,KANSAS CITY|JACKSON
JACKSON - 000443,4,1.0000000000,18.0000000000,18.0000000000,1,KANSAS CITY,KANSAS CITY|JACKSON
JACKSON - 000444,4,1.0000000000,10.0000000000,10.0000000000,1,KANSAS CITY,KANSAS CITY|JACKSON
JACKSON - 000446,4,1.0000000000,21.0000000000,21.0000000000,1,KANSAS CITY,KANSAS CITY|JACKSON
JACKSON - 000447,4,1.0000000000,29.0000000000,29.0000000000,1,KANSAS CITY,KANSAS CITY|JACKSON
JACKSON - 000448,4,1.0000000000,9.0000000000,9.0000000000,1,KANSAS CITY,KANSAS CITY|JACKSON
JACKSON - 000449,4,1.0000000000,6.0000000000,6.0000000000,1,KANSAS CITY,KANSAS CITY|JACKSON
JACKSON - 000450,4,1.0000000000,18.0000000000,18.0000000000,1,KANSAS CITY,KANSAS CITY|JACKSON
JACKSON - 000451,4,1.0000000000,25.0000000000,25.0000000000,1,KANSAS CITY,KANSAS CITY|JACKSON
JACKSON - 000452,4,1.0000000000,30.0000000000,30.0000000000,1,KANSAS CITY,KANSAS CITY|JACKSON
JACKSON - 000453,4,1.0000000000,35.0000000000,35.0000000000,1,KANSAS CITY,KANSAS CITY|JACKSON
JACKSON - 000454,4,1.0000000000,14.0000000000,14.0000000000,1,KANSAS CITY,KANSAS CITY|JACKSON
JACKSON - 000455,4,1.0000000000,12.0000000000,12.0000000000,1,KANSAS CITY,KANSAS CITY|JACKSON
JACKSON - 000456,4,1.0000000000,23.0000000000,23.0000000000,1,KANSAS CITY,KANSAS CITY|JACKSON
JACKSON - 000457,4,1.0000000000,6.0000000000,6.0000000000,1,KANSAS CITY,KANSAS CITY|JACKSON
JACKSON - 000458,5,1.0000000000,20.0000000000,20.0000000000,1,KANSAS CITY,KANSAS CITY|JACKSON
JACKSON - 000459,5,1.0000000000,25.0000000000,25.0000000000,1,KANSAS CITY,KANSAS CITY|JACKSON
JACKSON - 000460,5,1.0000000000,22.0000000000,22.0000000000,1,KANSAS CITY,KANSAS CITY|JACKSON
JACKSON - 000461,5,1.0000000000,16.0000000000,16.0000000000,1,KANSAS CITY,KANSAS CITY|JACKSON
JACKSON - 000462,5,1.0000000000,25.0000000000,25.0000000000,1,KANSAS CITY,KANSAS CITY|JACKSON
JACKSON - 000463,5,1.0000000000,31.0000000000,31.0000000000,1,KANSAS CITY,KANSAS CITY|JACKSON
JACKSON - 000464,5,1.0000000000,5.0000000000,5.0000000000,1,KANSAS CITY,KANSAS CITY|JACKSON
JACKSON - 000467,5,1.0000000000,31.0000000000,31.0000000000,1,KANSAS CITY,KANSAS CITY|JACKSON
JACKSON - 000469,5,1.0000000000,36.0000000000,36.0000000000,1,KANSAS CITY,KANSAS CITY|JACKSON
JACKSON - 000470,5,1.0000000000,31.0000000000,31.0000000000,1,KANSAS CITY,KANSAS CITY|JACKSON
JACKSON - 000471,5,1.0000000000,21.0000000000,21.0000000000,1,KANSAS CITY,KANSAS CITY|JACKSON
JACKSON - 000474,4,1.0000000000,18.0000000000,18.0000000000,1,KANSAS CITY,KANSAS CITY|JACKSON
JACKSON - 000475,4,1.0000000000,18.0000000000,18.0000000000,1,KANSAS CITY,KANSAS CITY|JACKSON
JACKSON - 000476,4,1.0000000000,25.0000000000,25.0000000000,1,KANSAS CITY,KANSAS CITY|JACKSON
JACKSON - 000477,4,1.0000000000,29.0000000000,29.0000000000,1,KANSAS CITY,KANSAS CITY|JACKSON
JACKSON - 000478,4,1.0000000000,37.0000000000,37.0000000000,1,KANSAS CITY,KANSAS CITY|JACKSON
JACKSON - 000479,4,1.0000000000,18.0000000000,18.0000000000,1,KANSAS CITY,KANSAS CITY|JACKSON
JACKSON - 000480,4,1.0000000000,35.0000000000,35.0000000000,1,KANSAS CITY,KANSAS CITY|JACKSON
JACKSON - 000481,4,1.0000000000,20.0000000000,20.0000000000,1,KANSAS CITY,KANSAS CITY|JACKSON
JACKSON - 000482,4,0.9393939394,31.0000000000,33.0000000000,1,KANSAS CITY,KANSAS CITY|JACKSON
JACKSON - 000482,5,0.0606060606,2.0000000000,33.0000000000,1,KANSAS CITY,KANSAS CITY|JACKSON
JACKSON - 000483,4,1.0000000000,26.0000000000,26.0000000000,1,KANSAS CITY,KANSAS CITY|JACKSON
JACKSON - 000484,5,1.0000000000,18.0000000000,18.0000000000,1,KANSAS CITY,KANSAS CITY|JACKSON
JACKSON - 000485,4,1.0000000000,10.0000000000,10.0000000000,1,KANSAS CITY,KANSAS CITY|JACKSON
JACKSON - 000486,5,1.0000000000,17.0000000000,17.0000000000,1,KANSAS CITY,KANSAS CITY|JACKSON
JACKSON - 000488,4,1.0000000000,31.0000000000,31.0000000000,1,KANSAS CITY,KANSAS CITY|JACKSON
JACKSON - 000489,4,1.0000000000,42.0000000000,42.0000000000,1,KANSAS CITY,KANSAS CITY|JACKSON
JACKSON - 000490,4,1.0000000000,28.0000000000,28.0000000000,1,KANSAS CITY,KANSAS CITY|JACKSON
JACKSON - 000491,5,1.0000000000,6.0000000000,6.0000000000,1,KANSAS CITY,KANSAS CITY|JACKSON
JACKSON - 000492,4,1.0000000000,18.0000000000,18.0000000000,1,KANSAS CITY,KANSAS CITY|JACKSON
JACKSON - 000493,4,1.0000000000,29.0000000000,29.0000000000,1,KANSAS CITY,KANSAS CITY|JACKSON
JACKSON - 000494,4,1.0000000000,22.0000000000,22.0000000000,1,KANSAS CITY,KANSAS CITY|JACKSON
JACKSON - 000495,4,1.0000000000,30.0000000000,30.0000000000,1,KANSAS CITY,KANSAS CITY|JACKSON
JACKSON - 000496,4,1.0000000000,34.0000000000,34.0000000000,1,KANSAS CITY,KANSAS CITY|JACKSON
JACKSON - 000497,4,1.0000000000,30.0000000000,30.0000000000,1,KANSAS CITY,KANSAS CITY|JACKSON
JACKSON - 000499,4,1.0000000000,33.0000000000,33.0000000000,0,JACKSON,JACKSON|KANSAS CITY
JACKSON - 000500,4,1.0000000000,24.0000000000,24.0000000000,0,JACKSON,JACKSON|KANSAS CITY
JACKSON - 000501,4,1.0000000000,14.0000000000,14.0000000000,0,JACKSON,JACKSON|KANSAS CITY
JACKSON - 000503,4,1.0000000000,17.0000000000,17.0000000000,0,JACKSON,JACKSON|KANSAS CITY
JACKSON - 000505,4,1.0000000000,30.0000000000,30.0000000000,0,JACKSON,JACKSON|KANSAS CITY
JACKSON - 000506,4,1.0000000000,29.0000000000,29.0000000000,0,JACKSON,JACKSON|KANSAS CITY
JACKSON - 000508,4,1.0000000000,22.0000000000,22.0000000000,0,JACKSON,JACKSON|KANSAS CITY
JACKSON - 000509,4,1.0000000000,15.0000000000,15.0000000000,0,JACKSON,JACKSON|KANSAS CITY
JACKSON - 000510,4,1.0000000000,61.0000000000,61.0000000000,0,JACKSON,JACKSON|KANSAS CITY
JACKSON - 000511,4,1.0000000000,23.0000000000,23.0000000000,0,JACKSON,JACKSON|KANSAS CITY
JACKSON - 000512,4,1.0000000000,18.0000000000,18.0000000000,0,JACKSON,JACKSON|KANSAS CITY
JACKSON - 000514,4,1.0000000000,37.0000000000,37.0000000000,0,JACKSON,JACKSON|KANSAS CITY
JACKSON - 000515,4,1.0000000000,20.0000000000,20.0000000000,0,JACKSON,JACKSON|KANSAS CITY
JACKSON - 000516,4,1.0000000000,24.0000000000,24.0000000000,0,JACKSON,JACKSON|KANSAS CITY
JACKSON - 000517,4,1.0000000000,24.0000000000,24.0000000000,0,JACKSON,JACKSON|KANSAS CITY
JACKSON - 000518,4,1.0000000000,24.0000000000,24.0000000000,0,JACKSON,JACKSON|KANSAS CITY
JACKSON - 000519,4,0.9642857143,27.0000000000,28.0000000000,0,JACKSON,JACKSON|KANSAS CITY
JACKSON - 000519,5,0.0357142857,1.0000000000,28.0000000000,0,JACKSON,JACKSON|KANSAS CITY
JACKSON - 000520,4,1.0000000000,79.0000000000,79.0000000000,0,JACKSON,JACKSON|KANSAS CITY
JACKSON - 000523,4,0.8214285714,23.0000000000,28.0000000000,0,JACKSON,JACKSON|KANSAS CITY
JACKSON - 000523,5,0.1785714286,5.0000000000,28.0000000000,0,JACKSON,JACKSON|KANSAS CITY
JACKSON - 000524,4,1.0000000000,36.0000000000,36.0000000000,0,JACKSON,JACKSON|KANSAS CITY
JACKSON - 000525,4,1.0000000000,26.0000000000,26.0000000000,0,JACKSON,JACKSON|KANSAS CITY
JACKSON - 000527,4,1.0000000000,20.0000000000,20.0000000000,0,JACKSON,JACKSON|KANSAS CITY
JACKSON - 000529,4,1.0000000000,80.0000000000,80.0000000000,0,JACKSON,JACKSON|KANSAS CITY
JACKSON - 000531,4,1.0000000000,13.0000000000,13.0000000000,0,JACKSON,JACKSON|KANSAS CITY
JACKSON - 000532,4,1.0000000000,32.0000000000,32.0000000000,0,JACKSON,JACKSON|KANSAS CITY
JACKSON - 000534,4,1.0000000000,21.0000000000,21.0000000000,0,JACKSON,JACKSON|KANSAS CITY
JACKSON - 000536,4,1.0000000000,47.0000000000,47.0000000000,0,JACKSON,JACKSON|KANSAS CITY
JACKSON - 000537,4,1.0000000000,39.0000000000,39.0000000000,0,JACKSON,JACKSON|KANSAS CITY
JACKSON - 000538,4,1.0000000000,32.0000000000,32.0000000000,0,JACKSON,JACKSON|KANSAS CITY
JACKSON - 000539,4,1.0000000000,35.0000000000,35.0000000000,0,JACKSON,JACKSON|KANSAS CITY
JACKSON - 000540,4,1.0000000000,32.0000000000,32.0000000000,0,JACKSON,JACKSON|KANSAS CITY
JACKSON - 000542,4,1.0000000000,49.0000000000,49.0000000000,0,JACKSON,JACKSON|KANSAS CITY
JACKSON - 000543,4,1.0000000000,28.0000000000,28.0000000000,0,JACKSON,JACKSON|KANSAS CITY
JACKSON - 000544,4,1.0000000000,26.0000000000,26.0000000000,0,JACKSON,JACKSON|KANSAS CITY
JACKSON - 000546,4,1.0000000000,27.0000000000,27.0000000000,0,JACKSON,JACKSON|KANSAS CITY
JACKSON - 000547,4,1.0000000000,19.0000000000,19.0000000000,0,JACKSON,JACKSON|KANSAS CITY
JACKSON - 000548,4,1.0000000000,23.0000000000,23.0000000000,0,JACKSON,JACKSON|KANSAS CITY
JACKSON - 000550,4,1.0000000000,48.0000000000,48.0000000000,0,JACKSON,JACKSON|KANSAS CITY
JACKSON - 000551,4,1.0000000000,43.0000000000,43.0000000000,0,JACKSON,JACKSON|KANSAS CITY
JACKSON - 000552,4,1.0000000000,30.0000000000,30.0000000000,0,JACKSON,JACKSON|KANSAS CITY
JACKSON - 000554,4,1.0000000000,28.0000000000,28.0000000000,0,JACKSON,JACKSON|KANSAS CITY
JACKSON - 000555,4,1.0000000000,51.0000000000,51.0000000000,0,JACKSON,JACKSON|KANSAS CITY
JACKSON - 000556,4,1.0000000000,32.0000000000,32.0000000000,0,JACKSON,JACKSON|KANSAS CITY
JACKSON - 000557,4,1.0000000000,1.0000000000,1.0000000000,0,JACKSON,JACKSON|KANSAS CITY
JACKSON - 000558,4,1.0000000000,12.0000000000,12.0000000000,0,JACKSON,JACKSON|KANSAS CITY
JACKSON - 000561,4,1.0000000000,21.0000000000,21.0000000000,0,JACKSON,JACKSON|KANSAS CITY
JACKSON - 000562,4,1.0000000000,53.0000000000,53.0000000000,0,JACKSON,JACKSON|KANSAS CITY
JACKSON - 000563,4,1.0000000000,26.0000000000,26.0000000000,0,JACKSON,JACKSON|KANSAS CITY
JACKSON - 000564,4,1.0000000000,17.0000000000,17.0000000000,0,JACKSON,JACKSON|KANSAS CITY
JACKSON - 000566,4,1.0000000000,47.0000000000,47.0000000000,0,JACKSON,JACKSON|KANSAS CITY
JACKSON - 000567,4,1.0000000000,29.0000000000,29.0000000000,0,JACKSON,JACKSON|KANSAS CITY
JACKSON - 000568,4,1.0000000000,15.0000000000,15.0000000000,0,JACKSON,JACKSON|KANSAS CITY
JACKSON - 000569,5,1.0000000000,24.0000000000,24.0000000000,0,JACKSON,JACKSON|KANSAS CITY
JACKSON - 000570,4,1.0000000000,36.0000000000,36.0000000000,0,JACKSON,JACKSON|KANSAS CITY
JACKSON - 000572,4,1.0000000000,28.0000000000,28.0000000000,0,JACKSON,JACKSON|KANSAS CITY
JACKSON - 000573,4,1.0000000000,18.0000000000,18.0000000000,0,JACKSON,JACKSON|KANSAS CITY
JACKSON - 000578,4,1.0000000000,25.0000000000,25.0000000000,0,JACKSON,JACKSON|KANSAS CITY
JACKSON - 000579,4,1.0000000000,21.0000000000,21.0000000000,0,JACKSON,JACKSON|KANSAS CITY
JACKSON - 000580,4,1.0000000000,24.0000000000,24.0000000000,0,JACKSON,JACKSON|KANSAS CITY
JACKSON - 000581,4,0.2500000000,1.0000000000,4.0000000000,0,JACKSON,JACKSON|KANSAS CITY
JACKSON - 000581,5,0.7500000000,3.0000000000,4.0000000000,0,JACKSON,JACKSON|KANSAS CITY
JACKSON - 000582,5,1.0000000000,19.0000000000,19.0000000000,0,JACKSON,JACKSON|KANSAS CITY
JACKSON - 000584,4,1.0000000000,39.0000000000,39.0000000000,0,JACKSON,JACKSON|KANSAS CITY
JACKSON - 000586,4,1.0000000000,82.0000000000,82.0000000000,0,JACKSON,JACKSON|KANSAS CITY
JACKSON - 000587,4,1.0000000000,35.0000000000,35.0000000000,0,JACKSON,JACKSON|KANSAS CITY
JACKSON - 000590,4,1.0000000000,5.0000000000,5.0000000000,0,JACKSON,JACKSON|KANSAS CITY
JACKSON - 000591,4,1.0000000000,24.0000000000,24.0000000000,0,JACKSON,JACKSON|KANSAS CITY
JACKSON - 000592,4,1.0000000000,18.0000000000,18.0000000000,0,JACKSON,JACKSON|KANSAS CITY
JACKSON - 000593,5,1.0000000000,36.0000000000,36.0000000000,0,JACKSON,JACKSON|KANSAS CITY
JACKSON - 000595,4,1.0000000000,20.0000000000,20.0000000000,0,JACKSON,JACKSON|KANSAS CITY
JACKSON - 000596,4,1.0000000000,40.0000000000,40.0000000000,0,JACKSON,JACKSON|KANSAS CITY
JACKSON - 000599,4,1.0000000000,44.0000000000,44.0000000000,0,JACKSON,JACKSON|KANSAS CITY
JACKSON - 000601,4,1.0000000000,24.0000000000,24.0000000000,0,JACKSON,JACKSON|KANSAS CITY
JACKSON - 000603,4,1.0000000000,32.0000000000,32.0000000000,0,JACKSON,JACKSON|KANSAS CITY
JACKSON - 000604,4,1.0000000000,20.0000000000,20.0000000000,0,JACKSON,JACKSON|KANSAS CITY
JACKSON - 000605,4,1.0000000000,6.0000000000,6.0000000000,0,JACKSON,JACKSON|KANSAS CITY
JACKSON - 000606,5,1.0000000000,35.0000000000,35.0000000000,0,JACKSON,JACKSON|KANSAS CITY
JACKSON - 000607,5,1.0000000000,45.0000000000,45.0000000000,0,JACKSON,JACKSON|KANSAS CITY
JACKSON - 000608,5,1.0000000000,73.0000000000,73.0000000000,0,JACKSON,JACKSON|KANSAS CITY
JACKSON - 000610,4,0.0400000000,1.0000000000,25.0000000000,0,JACKSON,JACKSON|KANSAS CITY
JACKSON - 000610,5,0.9600000000,24.0000000000,25.0000000000,0,JACKSON,JACKSON|KANSAS CITY
JACKSON - 000612,5,1.0000000000,8.0000000000,8.0000000000,0,JACKSON,JACKSON|KANSAS CITY
JACKSON - 000613,4,1.0000000000,14.0000000000,14.0000000000,0,JACKSON,JACKSON|KANSAS CITY
JACKSON - 000614,5,1.0000000000,55.0000000000,55.0000000000,0,JACKSON,JACKSON|KANSAS CITY
JACKSON - 000616,5,1.0000000000,18.0000000000,18.0000000000,0,JACKSON,JACKSON|KANSAS CITY
JACKSON - 000617,5,1.0000000000,24.0000000000,24.0000000000,0,JACKSON,JACKSON|KANSAS CITY
JACKSON - 000619,5,1.0000000000,42.0000000000,42.0000000000,0,JACKSON,JACKSON|KANSAS CITY
JACKSON - 000620,4,0.9210526316,35.0000000000,38.0000000000,0,JACKSON,JACKSON|KANSAS CITY
JACKSON - 000620,5,0.0789473684,3.0000000000,38.0000000000,0,JACKSON,JACKSON|KANSAS CITY
JACKSON - 000622,4,0.5365853659,22.0000000000,41.0000000000,0,JACKSON,JACKSON|KANSAS CITY
JACKSON - 000622,5,0.4634146341,19.0000000000,41.0000000000,0,JACKSON,JACKSON|KANSAS CITY
JACKSON - 000623,4,1.0000000000,76.0000000000,76.0000000000,0,JACKSON,JACKSON|KANSAS CITY
JACKSON - 000625,4,1.0000000000,22.0000000000,22.0000000000,0,JACKSON,JACKSON|KANSAS CITY
JACKSON - 000626,4,0.8214285714,23.0000000000,28.0000000000,0,JACKSON,JACKSON|KANSAS CITY
JACKSON - 000626,5,0.1785714286,5.0000000000,28.0000000000,0,JACKSON,JACKSON|KANSAS CITY
JACKSON - 000629,4,1.0000000000,37.0000000000,37.0000000000,0,JACKSON,JACKSON|KANSAS CITY
JACKSON - 000630,4,1.0000000000,26.0000000000,26.0000000000,0,JACKSON,JACKSON|KANSAS CITY
JACKSON - 000631,5,1.0000000000,25.0000000000,25.0000000000,0,JACKSON,JACKSON|KANSAS CITY
JACKSON - 000632,5,1.0000000000,49.0000000000,49.0000000000,0,JACKSON,JACKSON|KANSAS CITY
JACKSON - 000633,5,1.0000000000,53.0000000000,53.0000000000,0,JACKSON,JACKSON|KANSAS CITY
JACKSON - 000634,4,0.7735849057,41.0000000000,53.0000000000,0,JACKSON,JACKSON|KANSAS CITY
JACKSON - 000634,5,0.2264150943,12.0000000000,53.0000000000,0,JACKSON,JACKSON|KANSAS CITY
JACKSON - 000637,5,1.0000000000,28.0000000000,28.0000000000,0,JACKSON,JACKSON|KANSAS CITY
JACKSON - 000638,4,0.5000000000,22.0000000000,44.0000000000,0,JACKSON,JACKSON|KANSAS CITY
JACKSON - 000638,5,0.5000000000,22.0000000000,44.0000000000,0,JACKSON,JACKSON|KANSAS CITY
JACKSON - 000639,4,1.0000000000,36.0000000000,36.0000000000,0,JACKSON,JACKSON|KANSAS CITY
JACKSON - 000640,4,1.0000000000,14.0000000000,14.0000000000,0,JACKSON,JACKSON|KANSAS CITY
JACKSON - 000641,4,1.0000000000,11.0000000000,11.0000000000,0,JACKSON,JACKSON|KANSAS CITY
JACKSON - 000642,4,1.0000000000,14.0000000000,14.0000000000,0,JACKSON,JACKSON|KANSAS CITY
JACKSON - 000643,4,1.0000000000,17.0000000000,17.0000000000,0,JACKSON,JACKSON|KANSAS CITY
JACKSON - 000644,4,1.0000000000,26.0000000000,26.0000000000,0,JACKSON,JACKSON|KANSAS CITY
JACKSON - 000645,4,1.0000000000,83.0000000000,83.0000000000,0,JACKSON,JACKSON|KANSAS CITY
JACKSON - 000648,4,1.0000000000,26.0000000000,26.0000000000,0,JACKSON,JACKSON|KANSAS CITY
JACKSON - 000650,4,1.0000000000,29.0000000000,29.0000000000,0,JACKSON,JACKSON|KANSAS CITY
JACKSON - 000651,4,1.0000000000,34.0000000000,34.0000000000,0,JACKSON,JACKSON|KANSAS CITY
JACKSON - 000654,4,1.0000000000,46.0000000000,46.0000000000,0,JACKSON,JACKSON|KANSAS CITY
JACKSON - 000655,4,1.0000000000,36.0000000000,36.0000000000,0,JACKSON,JACKSON|KANSAS CITY
JACKSON - 000656,4,1.0000000000,48.0000000000,48.0000000000,0,JACKSON,JACKSON|KANSAS CITY
JACKSON - 000658,4,1.0000000000,12.0000000000,12.0000000000,0,JACKSON,JACKSON|KANSAS CITY
JACKSON - 000660,4,1.0000000000,49.0000000000,49.0000000000,0,JACKSON,JACKSON|KANSAS CITY
JACKSON - 000661,4,1.0000000000,38.0000000000,38.0000000000,0,JACKSON,JACKSON|KANSAS CITY
JACKSON - 000662,4,1.0000000000,26.0000000000,26.0000000000,0,JACKSON,JACKSON|KANSAS CITY
JACKSON - 000663,4,1.0000000000,26.0000000000,26.0000000000,0,JACKSON,JACKSON|KANSAS CITY
JACKSON - 000664,4,1.0000000000,79.0000000000,79.0000000000,0,JACKSON,JACKSON|KANSAS CITY
JACKSON - 16-100,4,1.0000000000,27.0000000000,27.0000000000,0,JACKSON,JACKSON|KANSAS CITY
JACKSON - 16-101,5,1.0000000000,1.0000000000,1.0000000000,0,JACKSON,JACKSON|KANSAS CITY
JACKSON - 160102,5,1.0000000000,67.0000000000,67.0000000000,0,JACKSON,JACKSON|KANSAS CITY
JACKSON - 160103,5,1.0000000000,75.0000000000,75.0000000000,0,JACKSON,JACKSON|KANSAS CITY
JACKSON - 160104,5,1.0000000000,51.0000000000,51.0000000000,0,JACKSON,JACKSON|KANSAS CITY
JACKSON - 160406,5,1.0000000000,49.0000000000,49.0000000000,0,JACKSON,JACKSON|KANSAS CITY
JACKSON - BR1608,5,1.0000000000,34.0000000000,34.0000000000,0,JACKSON,JACKSON|KANSAS CITY
JACKSON - BR1610,5,1.0000000000,61.0000000000,61.0000000000,0,JACKSON,JACKSON|KANSAS CITY
JACKSON - BR1611,5,1.0000000000,3.0000000000,3.0000000000,0,JACKSON,JACKSON|KANSAS CITY
JACKSON - BR1612,5,1.0000000000,43.0000000000,43.0000000000,0,JACKSON,JACKSON|KANSAS CITY
JACKSON - BR1613,5,1.0000000000,37.0000000000,37.0000000000,0,JACKSON,JACKSON|KANSAS CITY
JACKSON - BR1619,5,1.0000000000,2.0000000000,2.0000000000,0,JACKSON,JACKSON|KANSAS CITY
JACKSON - BR1620,5,1.0000000000,13.0000000000,13.0000000000,0,JACKSON,JACKSON|KANSAS CITY
JACKSON - BRNO06,5,1.0000000000,6.0000000000,6.0000000000,0,JACKSON,JACKSON|KANSAS CITY
JACKSON - FO1601,5,1.0000000000,10.0000000000,10.0000000000,0,JACKSON,JACKSON|KANSAS CITY
JACKSON - FO1609,5,1.0000000000,13.0000000000,13.0000000000,0,JACKSON,JACKSON|KANSAS CITY
JACKSON - K16106,4,0.6666666667,22.0000000000,33.0000000000,1,KANSAS CITY,KANSAS CITY|JACKSON
JACKSON - K16106,5,0.3333333333,11.0000000000,33.0000000000,1,KANSAS CITY,KANSAS CITY|JACKSON
JACKSON - K16207,5,1.0000000000,2.0000000000,2.0000000000,1,KANSAS CITY,KANSAS CITY|JACKSON
JACKSON - K16218,4,0.6538461538,17.0000000000,26.0000000000,1,KANSAS CITY,KANSAS CITY|JACKSON
JACKSON - K16218,5,0.3461538462,9.0000000000,26.0000000000,1,KANSAS CITY,KANSAS CITY|JACKSON
JACKSON - K16316,5,1.0000000000,7.0000000000,7.0000000000,1,KANSAS CITY,KANSAS CITY|JACKSON
JACKSON - K16419,4,1.0000000000,8.0000000000,8.0000000000,1,KANSAS CITY,KANSAS CITY|JACKSON
JACKSON - K16429,4,1.0000000000,8.0000000000,8.0000000000,0,JACKSON,JACKSON|KANSAS CITY
JACKSON - K16439,4,1.0000000000,9.0000000000,9.0000000000,0,JACKSON,JACKSON|KANSAS CITY
JACKSON - K16449,4,1.0000000000,6.0000000000,6.0000000000,0,JACKSON,JACKSON|KANSAS CITY
JACKSON - K16457,4,1.0000000000,1.0000000000,1.0000000000,0,JACKSON,JACKSON|KANSAS CITY
JACKSON - K16459,4,1.0000000000,9.0000000000,9.0000000000,0,JACKSON,JACKSON|KANSAS CITY
JACKSON - K16463,4,1.0000000000,13.0000000000,13.0000000000,0,JACKSON,JACKSON|KANSAS CITY
JACKSON - K16467,4,1.0000000000,1.0000000000,1.0000000000,0,JACKSON,JACKSON|KANSAS CITY
JACKSON - K16469,4,1.0000000000,4.0000000000,4.0000000000,0,JACKSON,JACKSON|KANSAS CITY
JACKSON - K16512,4,1.0000000000,8.0000000000,8.0000000000,1,KANSAS CITY,KANSAS CITY|JACKSON
JACKSON - K16513,4,1.0000000000,3.0000000000,3.0000000000,1,KANSAS CITY,KANSAS CITY|JACKSON
JACKSON - K16611,4,1.0000000000,14.0000000000,14.0000000000,1,KANSAS CITY,KANSAS CITY|JACKSON
JACKSON - K16615,4,1.0000000000,9.0000000000,9.0000000000,1,KANSAS CITY,KANSAS CITY|JACKSON
JACKSON - K16718,5,1.0000000000,4.0000000000,4.0000000000,1,KANSAS CITY,KANSAS CITY|JACKSON
JACKSON - K16804,4,1.0000000000,18.0000000000,18.0000000000,1,KANSAS CITY,KANSAS CITY|JACKSON
JACKSON - K16811,4,1.0000000000,1.0000000000,1.0000000000,1,KANSAS CITY,KANSAS CITY|JACKSON
JACKSON - K16814,4,1.0000000000,20.0000000000,20.0000000000,1,KANSAS CITY,KANSAS CITY|JACKSON
JACKSON - K16815,4,1.0000000000,6.0000000000,6.0000000000,1,KANSAS CITY,KANSAS CITY|JACKSON
JACKSON - K16903,4,1.0000000000,7.0000000000,7.0000000000,1,KANSAS CITY,KANSAS CITY|JACKSON
JACKSON - K16913,5,1.0000000000,6.0000000000,6.0000000000,1,KANSAS CITY,KANSAS CITY|JACKSON
JACKSON - KC1004,4,0.3750000000,3.0000000000,8.0000000000,1,KANSAS CITY,KANSAS CITY|JACKSON
JACKSON - KC1004,5,0.6250000000,5.0000000000,8.0000000000,1,KANSAS CITY,KANSAS CITY|JACKSON
JACKSON - KC1010,4,1.0000000000,2.0000000000,2.0000000000,1,KANSAS CITY,KANSAS CITY|JACKSON
JACKSON - KC1042,4,1.0000000000,7.0000000000,7.0000000000,1,KANSAS CITY,KANSAS CITY|JACKSON
JACKSON - KC1107,6,1.0000000000,12.0000000000,12.0000000000,1,KANSAS CITY,KANSAS CITY|JACKSON
JACKSON - KC1110,6,1.0000000000,15.0000000000,15.0000000000,1,KANSAS CITY,KANSAS CITY|JACKSON
JACKSON - KC1111,6,1.0000000000,19.0000000000,19.0000000000,1,KANSAS CITY,KANSAS CITY|JACKSON
JACKSON - KC1113,6,1.0000000000,9.0000000000,9.0000000000,1,KANSAS CITY,KANSAS CITY|JACKSON
JACKSON - KC1209,5,1.0000000000,13.0000000000,13.0000000000,1,KANSAS CITY,KANSAS CITY|JACKSON
JACKSON - KC1212,5,1.0000000000,1.0000000000,1.0000000000,1,KANSAS CITY,KANSAS CITY|JACKSON
JACKSON - KC1310,5,1.0000000000,7.0000000000,7.0000000000,1,KANSAS CITY,KANSAS CITY|JACKSON
JACKSON - KC1311,5,1.0000000000,15.0000000000,15.0000000000,1,KANSAS CITY,KANSAS CITY|JACKSON
JACKSON - KC1313,5,1.0000000000,23.0000000000,23.0000000000,1,KANSAS CITY,KANSAS CITY|JACKSON
JACKSON - KC1314,5,1.0000000000,17.0000000000,17.0000000000,1,KANSAS CITY,KANSAS CITY|JACKSON
JACKSON - KC1504,5,1.0000000000,6.0000000000,6.0000000000,1,KANSAS CITY,KANSAS CITY|JACKSON
JACKSON - KC1507,5,1.0000000000,21.0000000000,21.0000000000,1,KANSAS CITY,KANSAS CITY|JACKSON
JACKSON - KC1515,5,1.0000000000,1.0000000000,1.0000000000,1,KANSAS CITY,KANSAS CITY|JACKSON
JACKSON - KC1516,5,1.0000000000,2.0000000000,2.0000000000,1,KANSAS CITY,KANSAS CITY|JACKSON
JACKSON - KC1520,5,1.0000000000,8.0000000000,8.0000000000,1,KANSAS CITY,KANSAS CITY|JACKSON
JACKSON - KC1523,5,1.0000000000,6.0000000000,6.0000000000,1,KANSAS CITY,KANSAS CITY|JACKSON
JACKSON - KC1607,5,1.0000000000,4.0000000000,4.0000000000,1,KANSAS CITY,KANSAS CITY|JACKSON
JACKSON - KC1904,5,1.0000000000,7.0000000000,7.0000000000,1,KANSAS CITY,KANSAS CITY|JACKSON
JACKSON - KC1905,5,1.0000000000,6.0000000000,6.0000000000,1,KANSAS CITY,KANSAS CITY|JACKSON
JACKSON - KC1907,5,1.0000000000,2.0000000000,2.0000000000,1,KANSAS CITY,KANSAS CITY|JACKSON
JACKSON - KC1915,5,1.0000000000,1.0000000000,1.0000000000,1,KANSAS CITY,KANSAS CITY|JACKSON
JACKSON - KC1916,4,1.0000000000,18.0000000000,18.0000000000,1,KANSAS CITY,KANSAS CITY|JACKSON
JACKSON - KC1920,5,1.0000000000,8.0000000000,8.0000000000,1,KANSAS CITY,KANSAS CITY|JACKSON
JACKSON - KC2003,4,1.0000000000,5.0000000000,5.0000000000,1,KANSAS CITY,KANSAS CITY|JACKSON
JACKSON - KC2010,4,1.0000000000,4.0000000000,4.0000000000,1,KANSAS CITY,KANSAS CITY|JACKSON
JACKSON - KC2201,4,1.0000000000,9.0000000000,9.0000000000,1,KANSAS CITY,KANSAS CITY|JACKSON
JACKSON - KC2212,4,1.0000000000,18.0000000000,18.0000000000,1,KANSAS CITY,KANSAS CITY|JACKSON
JACKSON - KC2213,4,1.0000000000,5.0000000000,5.0000000000,1,KANSAS CITY,KANSAS CITY|JACKSON
JACKSON - KC2301,5,1.0000000000,8.0000000000,8.0000000000,1,KANSAS CITY,KANSAS CITY|JACKSON
JACKSON - KC2302,5,1.0000000000,3.0000000000,3.0000000000,1,KANSAS CITY,KANSAS CITY|JACKSON
JACKSON - KC2304,5,1.0000000000,1.0000000000,1.0000000000,1,KANSAS CITY,KANSAS CITY|JACKSON
JACKSON - KC2308,5,1.0000000000,1.0000000000,1.0000000000,1,KANSAS CITY,KANSAS CITY|JACKSON
JACKSON - KC2312,5,1.0000000000,6.0000000000,6.0000000000,1,KANSAS CITY,KANSAS CITY|JACKSON
JACKSON - KC2403,5,1.0000000000,5.0000000000,5.0000000000,1,KANSAS CITY,KANSAS CITY|JACKSON
JACKSON - KC2414,5,1.0000000000,2.0000000000,2.0000000000,1,KANSAS CITY,KANSAS CITY|JACKSON
JACKSON - KC2416,5,1.0000000000,3.0000000000,3.0000000000,1,KANSAS CITY,KANSAS CITY|JACKSON
JACKSON - KC2419,5,1.0000000000,5.0000000000,5.0000000000,1,KANSAS CITY,KANSAS CITY|JACKSON
JACKSON - KC2423,5,1.0000000000,5.0000000000,5.0000000000,1,KANSAS CITY,KANSAS CITY|JACKSON
JACKSON - KC2427,5,1.0000000000,1.0000000000,1.0000000000,1,KANSAS CITY,KANSAS CITY|JACKSON
JACKSON - KC2428,5,1.0000000000,3.0000000000,3.0000000000,1,KANSAS CITY,KANSAS CITY|JACKSON
JACKSON - KC2430,5,1.0000000000,1.0000000000,1.0000000000,1,KANSAS CITY,KANSAS CITY|JACKSON
JACKSON - KC2512,4,1.0000000000,9.0000000000,9.0000000000,1,KANSAS CITY,KANSAS CITY|JACKSON
JACKSON - KC2607,5,1.0000000000,4.0000000000,4.0000000000,1,KANSAS CITY,KANSAS CITY|JACKSON
JACKSON - KC2608,5,1.0000000000,8.0000000000,8.0000000000,1,KANSAS CITY,KANSAS CITY|JACKSON
JACKSON - KC2611,5,1.0000000000,6.0000000000,6.0000000000,1,KANSAS CITY,KANSAS CITY|JACKSON
JACKSON - KC2612,5,1.0000000000,1.0000000000,1.0000000000,1,KANSAS CITY,KANSAS CITY|JACKSON
JACKSON - KC2613,5,1.0000000000,4.0000000000,4.0000000000,1,KANSAS CITY,KANSAS CITY|JACKSON
JACKSON - PR1601,5,1.0000000000,2.0000000000,2.0000000000,0,JACKSON,JACKSON|KANSAS CITY
JACKSON - PR1602,4,1.0000000000,39.0000000000,39.0000000000,0,JACKSON,JACKSON|KANSAS CITY
JACKSON - PR1610,4,1.0000000000,19.0000000000,19.0000000000,0,JACKSON,JACKSON|KANSAS CITY
JACKSON - PR1625,4,1.0000000000,50.0000000000,50.0000000000,0,JACKSON,JACKSON|KANSAS CITY
JACKSON - PR1654,4,1.0000000000,19.0000000000,19.0000000000,0,JACKSON,JACKSON|KANSAS CITY
JACKSON - PR1655,4,1.0000000000,2.0000000000,2.0000000000,0,JACKSON,JACKSON|KANSAS CITY
JACKSON - PR1657,4,1.0000000000,1.0000000000,1.0000000000,0,JACKSON,JACKSON|KANSAS CITY
JACKSON - PR1658,4,1.0000000000,1.0000000000,1.0000000000,0,JACKSON,JACKSON|KANSAS CITY
JACKSON - PR1661,4,1.0000000000,2.0000000000,2.0000000000,0,JACKSON,JACKSON|KANSAS CITY
JACKSON - PR1663,4,1.0000000000,1.0000000000,1.0000000000,0,JACKSON,JACKSON|KANSAS CITY
JACKSON - SB1602,4,0.2857142857,4.0000000000,14.0000000000,0,JACKSON,JACKSON|KANSAS CITY
JACKSON - SB1602,5,0.7142857143,10.0000000000,14.0000000000,0,JACKSON,JACKSON|KANSAS CITY
JACKSON - SB1616,4,0.6800000000,17.0000000000,25.0000000000,0,JACKSON,JACKSON|KANSAS CITY
JACKSON - SB1616,5,0.3200000000,8.0000000000,25.0000000000,0,JACKSON,JACKSON|KANSAS CITY
JACKSON - SB1634,4,1.0000000000,10.0000000000,10.0000000000,0,JACKSON,JACKSON|KANSAS CITY
JACKSON - SB1635,4,1.0000000000,3.0000000000,3.0000000000,0,JACKSON,JACKSON|KANSAS CITY
JACKSON - SB1649,5,1.0000000000,9.0000000000,9.0000000000,0,JACKSON,JACKSON|KANSAS CITY
JACKSON - SB1683,4,1.0000000000,1.0000000000,1.0000000000,0,JACKSON,JACKSON|KANSAS CITY
JACKSON - VB1601,4,1.0000000000,6.0000000000,6.0000000000,0,JACKSON,JACKSON|KANSAS CITY
JACKSON - VB1603,4,1.0000000000,14.0000000000,14.0000000000,0,JACKSON,JACKSON|KANSAS CITY
JACKSON - VB1604,4,1.0000000000,3.0000000000,3.0000000000,0,JACKSON,JACKSON|KANSAS CITY
JACKSON - VB1606,4,1.0000000000,1.0000000000,1.0000000000,0,JACKSON,JACKSON|KANSAS CITY
JACKSON - VB1607,4,1.0000000000,7.0000000000,7.0000000000,0,JACKSON,JACKSON|KANSAS CITY
JACKSON - VB1608,4,1.0000000000,20.0000000000,20.0000000000,0,JACKSON,JACKSON|KANSAS CITY
JACKSON - VB1609,4,1.0000000000,10.0000000000,10.0000000000,0,JACKSON,JACKSON|KANSAS CITY
JACKSON - VB1610,4,1.0000000000,8.0000000000,8.0000000000,0,JACKSON,JACKSON|KANSAS CITY
JACKSON - VB1611,4,1.0000000000,54.0000000000,54.0000000000,0,JACKSON,JACKSON|KANSAS CITY
JACKSON - VB1613,4,1.0000000000,33.0000000000,33.0000000000,0,JACKSON,JACKSON|KANSAS CITY
JACKSON - VB1617,4,1.0000000000,9.0000000000,9.0000000000,0,JACKSON,JACKSON|KANSAS CITY
JASPER - 000002,7,1.0000000000,94.0000000000,94.0000000000,0,JASPER,JASPER
JASPER - 000003,7,1.0000000000,139.0000000000,139.0000000000,0,JASPER,JASPER
JASPER - 000004,7,1.0000000000,161.0000000000,161.0000000000,0,JASPER,JASPER
JASPER - 000005,7,1.0000000000,62.0000000000,62.0000000000,0,JASPER,JASPER
JASPER - 000006,7,1.0000000000,167.0000000000,167.0000000000,0,JASPER,JASPER
JASPER - 000007,7,1.0000000000,119.0000000000,119.0000000000,0,JASPER,JASPER
JASPER - 000008,7,1.0000000000,87.0000000000,87.0000000000,0,JASPER,JASPER
JASPER - 000009,7,1.0000000000,90.0000000000,90.0000000000,0,JASPER,JASPER
JASPER - 000010,7,1.0000000000,97.0000000000,97.0000000000,0,JASPER,JASPER
JASPER - 000011,7,1.0000000000,156.0000000000,156.0000000000,0,JASPER,JASPER
JASPER - 000012,7,1.0000000000,186.0000000000,186.0000000000,0,JASPER,JASPER
JASPER - 000013,7,1.0000000000,94.0000000000,94.0000000000,0,JASPER,JASPER
JASPER - 000014,7,1.0000000000,107.0000000000,107.0000000000,0,JASPER,JASPER
JASPER - 000015,7,1.0000000000,125.0000000000,125.0000000000,0,JASPER,JASPER
JASPER - 000016,7,1.0000000000,126.0000000000,126.0000000000,0,JASPER,JASPER
JASPER - 000017,7,1.0000000000,151.0000000000,151.0000000000,0,JASPER,JASPER
JASPER - 000018,7,1.0000000000,151.0000000000,151.0000000000,0,JASPER,JASPER
JASPER - 000019,7,1.0000000000,130.0000000000,130.0000000000,0,JASPER,JASPER
JASPER - 000020,7,1.0000000000,112.0000000000,112.0000000000,0,JASPER,JASPER
JASPER - 000021,7,1.0000000000,119.0000000000,119.0000000000,0,JASPER,JASPER
JASPER - 000022,7,1.0000000000,191.0000000000,191.0000000000,0,JASPER,JASPER
JASPER - 000023,7,1.0000000000,56.0000000000,56.0000000000,0,JASPER,JASPER
JASPER - 000024,7,1.0000000000,82.0000000000,82.0000000000,0,JASPER,JASPER
JASPER - 000026,7,1.0000000000,61.0000000000,61.0000000000,0,JASPER,JASPER
JASPER - 000027,7,1.0000000000,88.0000000000,88.0000000000,0,JASPER,JASPER
JASPER - 000029,7,1.0000000000,226.0000000000,226.0000000000,0,JASPER,JASPER
JASPER - 000030,7,1.0000000000,48.0000000000,48.0000000000,0,JASPER,JASPER
JASPER - 000031,7,1.0000000000,113.0000000000,113.0000000000,0,JASPER,JASPER
JASPER - 000032,7,1.0000000000,105.0000000000,105.0000000000,0,JASPER,JASPER
JASPER - 000033,7,1.0000000000,73.0000000000,73.0000000000,0,JASPER,JASPER
JASPER - 000034,7,1.0000000000,106.0000000000,106.0000000000,0,JASPER,JASPER
JASPER - 000035,7,1.0000000000,83.0000000000,83.0000000000,0,JASPER,JASPER
JASPER - 000036,7,1.0000000000,62.0000000000,62.0000000000,0,JASPER,JASPER
JASPER - 000037,7,1.0000000000,95.0000000000,95.0000000000,0,JASPER,JASPER
JASPER - 000038,7,1.0000000000,73.0000000000,73.0000000000,0,JASPER,JASPER
JASPER - 000040,7,1.0000000000,101.0000000000,101.0000000000,0,JASPER,JASPER
JASPER - 000041,7,1.0000000000,177.0000000000,177.0000000000,0,JASPER,JASPER
JASPER - 000042,7,1.0000000000,35.0000000000,35.0000000000,0,JASPER,JASPER
JASPER - 000043,7,1.0000000000,92.0000000000,92.0000000000,0,JASPER,JASPER
JASPER - 000044,7,1.0000000000,185.0000000000,185.0000000000,0,JASPER,JASPER
JASPER - 000045,7,1.0000000000,164.0000000000,164.0000000000,0,JASPER,JASPER
JASPER - 000046,7,1.0000000000,84.0000000000,84.0000000000,0,JASPER,JASPER
JASPER - 000047,7,1.0000000000,34.0000000000,34.0000000000,0,JASPER,JASPER
JASPER - 16-004,7,1.0000000000,16.0000000000,16.0000000000,0,JASPER,JASPER
JASPER - 16-026,7,1.0000000000,35.0000000000,35.0000000000,0,JASPER,JASPER
JEFFERSON - 000002,8,1.0000000000,65.0000000000,65.0000000000,0,JEFFERSON,JEFFERSON
JEFFERSON - 000004,8,1.0000000000,25.0000000000,25.0000000000,0,JEFFERSON,JEFFERSON
JEFFERSON - 000006,8,1.0000000000,73.0000000000,73.0000000000,0,JEFFERSON,JEFFERSON
JEFFERSON - 000007,8,1.0000000000,75.0000000000,75.0000000000,0,JEFFERSON,JEFFERSON
JEFFERSON - 000008,8,1.0000000000,56.0000000000,56.0000000000,0,JEFFERSON,JEFFERSON
JEFFERSON - 000009,8,1.0000000000,47.0000000000,47.0000000000,0,JEFFERSON,JEFFERSON
JEFFERSON - 000010,8,1.0000000000,96.0000000000,96.0000000000,0,JEFFERSON,JEFFERSON
JEFFERSON - 000011,8,1.0000000000,51.0000000000,51.0000000000,0,JEFFERSON,JEFFERSON
JEFFERSON - 000013,2,1.0000000000,16.0000000000,16.0000000000,0,JEFFERSON,JEFFERSON
JEFFERSON - 000014,2,1.0000000000,9.0000000000,9.0000000000,0,JEFFERSON,JEFFERSON
JEFFERSON - 000015,2,1.0000000000,27.0000000000,27.0000000000,0,JEFFERSON,JEFFERSON
JEFFERSON - 000016,2,1.0000000000,116.0000000000,116.0000000000,0,JEFFERSON,JEFFERSON
JEFFERSON - 000017,2,1.0000000000,19.0000000000,19.0000000000,0,JEFFERSON,JEFFERSON
JEFFERSON - 000018,2,1.0000000000,69.0000000000,69.0000000000,0,JEFFERSON,JEFFERSON
JEFFERSON - 000020,8,1.0000000000,93.0000000000,93.0000000000,0,JEFFERSON,JEFFERSON
JEFFERSON - 000021,2,1.0000000000,159.0000000000,159.0000000000,0,JEFFERSON,JEFFERSON
JEFFERSON - 000022,8,1.0000000000,49.0000000000,49.0000000000,0,JEFFERSON,JEFFERSON
JEFFERSON - 000023,8,1.0000000000,42.0000000000,42.0000000000,0,JEFFERSON,JEFFERSON
JEFFERSON - 000024,8,1.0000000000,42.0000000000,42.0000000000,0,JEFFERSON,JEFFERSON
JEFFERSON - 000026,2,1.0000000000,82.0000000000,82.0000000000,0,JEFFERSON,JEFFERSON
JEFFERSON - 000028,2,1.0000000000,83.0000000000,83.0000000000,0,JEFFERSON,JEFFERSON
JEFFERSON - 000029,2,1.0000000000,9.0000000000,9.0000000000,0,JEFFERSON,JEFFERSON
JEFFERSON - 000030,8,1.0000000000,50.0000000000,50.0000000000,0,JEFFERSON,JEFFERSON
JEFFERSON - 000031,8,1.0000000000,65.0000000000,65.0000000000,0,JEFFERSON,JEFFERSON
JEFFERSON - 000034,2,1.0000000000,73.0000000000,73.0000000000,0,JEFFERSON,JEFFERSON
JEFFERSON - 000036,2,1.0000000000,22.0000000000,22.0000000000,0,JEFFERSON,JEFFERSON
JEFFERSON - 000037,2,1.0000000000,119.0000000000,119.0000000000,0,JEFFERSON,JEFFERSON
JEFFERSON - 000038,2,1.0000000000,13.0000000000,13.0000000000,0,JEFFERSON,JEFFERSON
JEFFERSON - 000039,2,1.0000000000,59.0000000000,59.0000000000,0,JEFFERSON,JEFFERSON
JEFFERSON - 000040,8,1.0000000000,107.0000000000,107.0000000000,0,JEFFERSON,JEFFERSON
JEFFERSON - 000043,2,1.0000000000,71.0000000000,71.0000000000,0,JEFFERSON,JEFFERSON
JEFFERSON - 000044,8,1.0000000000,36.0000000000,36.0000000000,0,JEFFERSON,JEFFERSON
JEFFERSON - 000045,8,1.0000000000,8.0000000000,8.0000000000,0,JEFFERSON,JEFFERSON
JEFFERSON - 000047,8,1.0000000000,23.0000000000,23.0000000000,0,JEFFERSON,JEFFERSON
JEFFERSON - 000048,8,1.0000000000,98.0000000000,98.0000000000,0,JEFFERSON,JEFFERSON
JEFFERSON - 000050,8,1.0000000000,28.0000000000,28.0000000000,0,JEFFERSON,JEFFERSON
JEFFERSON - 000051,2,1.0000000000,9.0000000000,9.0000000000,0,JEFFERSON,JEFFERSON
JEFFERSON - 000052,8,1.0000000000,99.0000000000,99.0000000000,0,JEFFERSON,JEFFERSON
JEFFERSON - 000054,8,1.0000000000,45.0000000000,45.0000000000,0,JEFFERSON,JEFFERSON
JEFFERSON - 000056,8,1.0000000000,36.0000000000,36.0000000000,0,JEFFERSON,JEFFERSON
JEFFERSON - 000057,2,1.0000000000,57.0000000000,57.0000000000,0,JEFFERSON,JEFFERSON
JEFFERSON - 000058,8,1.0000000000,47.0000000000,47.0000000000,0,JEFFERSON,JEFFERSON
JEFFERSON - 000061,8,1.0000000000,73.0000000000,73.0000000000,0,JEFFERSON,JEFFERSON
JEFFERSON - 000062,8,1.0000000000,80.0000000000,80.0000000000,0,JEFFERSON,JEFFERSON
JEFFERSON - 000063,8,1.0000000000,26.0000000000,26.0000000000,0,JEFFERSON,JEFFERSON
JEFFERSON - 000064,2,1.0000000000,6.0000000000,6.0000000000,0,JEFFERSON,JEFFERSON
JEFFERSON - 000065,8,1.0000000000,41.0000000000,41.0000000000,0,JEFFERSON,JEFFERSON
JEFFERSON - 000068,8,1.0000000000,42.0000000000,42.0000000000,0,JEFFERSON,JEFFERSON
JEFFERSON - 000069,8,1.0000000000,8.0000000000,8.0000000000,0,JEFFERSON,JEFFERSON
JEFFERSON - 000070,8,1.0000000000,4.0000000000,4.0000000000,0,JEFFERSON,JEFFERSON
JEFFERSON - 000071,8,1.0000000000,64.0000000000,64.0000000000,0,JEFFERSON,JEFFERSON
JEFFERSON - 000074,2,1.0000000000,89.0000000000,89.0000000000,0,JEFFERSON,JEFFERSON
JEFFERSON - 000075,8,1.0000000000,53.0000000000,53.0000000000,0,JEFFERSON,JEFFERSON
JEFFERSON - 000077,8,1.0000000000,29.0000000000,29.0000000000,0,JEFFERSON,JEFFERSON
JEFFERSON - 000078,2,1.0000000000,8.0000000000,8.0000000000,0,JEFFERSON,JEFFERSON
JEFFERSON - 000079,8,1.0000000000,51.0000000000,51.0000000000,0,JEFFERSON,JEFFERSON
JEFFERSON - 000080,8,1.0000000000,140.0000000000,140.0000000000,0,JEFFERSON,JEFFERSON
JEFFERSON - 000081,2,0.7800000000,39.0000000000,50.0000000000,0,JEFFERSON,JEFFERSON
JEFFERSON - 000081,8,0.2200000000,11.0000000000,50.0000000000,0,JEFFERSON,JEFFERSON
JEFFERSON - 000083,2,0.8235294118,56.0000000000,68.0000000000,0,JEFFERSON,JEFFERSON
JEFFERSON - 000083,8,0.1764705882,12.0000000000,68.0000000000,0,JEFFERSON,JEFFERSON
JEFFERSON - 000085,2,1.0000000000,101.0000000000,101.0000000000,0,JEFFERSON,JEFFERSON
JEFFERSON - 000086,2,1.0000000000,69.0000000000,69.0000000000,0,JEFFERSON,JEFFERSON
JEFFERSON - 000087,8,1.0000000000,110.0000000000,110.0000000000,0,JEFFERSON,JEFFERSON
JEFFERSON - 13-107,8,1.0000000000,18.0000000000,18.0000000000,0,JEFFERSON,JEFFERSON
JEFFERSON - 16-088,2,1.0000000000,8.0000000000,8.0000000000,0,JEFFERSON,JEFFERSON
JEFFERSON - 16-089,2,1.0000000000,33.0000000000,33.0000000000,0,JEFFERSON,JEFFERSON
JEFFERSON - 16-090,2,0.1410256410,11.0000000000,78.0000000000,0,JEFFERSON,JEFFERSON
JEFFERSON - 16-090,8,0.8589743590,67.0000000000,78.0000000000,0,JEFFERSON,JEFFERSON
JEFFERSON - 16-091,2,0.8448275862,49.0000000000,58.0000000000,0,JEFFERSON,JEFFERSON
JEFFERSON - 16-091,8,0.1551724138,9.0000000000,58.0000000000,0,JEFFERSON,JEFFERSON
JEFFERSON - 16-092,2,1.0000000000,4.0000000000,4.0000000000,0,JEFFERSON,JEFFERSON
JEFFERSON - 16-093,2,1.0000000000,55.0000000000,55.0000000000,0,JEFFERSON,JEFFERSON
JEFFERSON - 16-094,2,1.0000000000,79.0000000000,79.0000000000,0,JEFFERSON,JEFFERSON
JEFFERSON - 16-095,2,1.0000000000,109.0000000000,109.0000000000,0,JEFFERSON,JEFFERSON
JEFFERSON - 16-096,8,1.0000000000,47.0000000000,47.0000000000,0,JEFFERSON,JEFFERSON
JEFFERSON - 16-097,8,1.0000000000,34.0000000000,34.0000000000,0,JEFFERSON,JEFFERSON
JEFFERSON - 16-098,8,1.0000000000,12.0000000000,12.0000000000,0,JEFFERSON,JEFFERSON
JEFFERSON - 16-099,2,1.0000000000,12.0000000000,12.0000000000,0,JEFFERSON,JEFFERSON
JEFFERSON - 16-100,2,1.0000000000,36.0000000000,36.0000000000,0,JEFFERSON,JEFFERSON
JEFFERSON - 16-102,8,1.0000000000,62.0000000000,62.0000000000,0,JEFFERSON,JEFFERSON
JEFFERSON - 16-103,8,1.0000000000,98.0000000000,98.0000000000,0,JEFFERSON,JEFFERSON
JEFFERSON - 16-104,8,1.0000000000,4.0000000000,4.0000000000,0,JEFFERSON,JEFFERSON
JEFFERSON - 16-105,8,1.0000000000,93.0000000000,93.0000000000,0,JEFFERSON,JEFFERSON
JEFFERSON - 16-106,8,1.0000000000,46.0000000000,46.0000000000,0,JEFFERSON,JEFFERSON
JEFFERSON - 16-107,8,1.0000000000,54.0000000000,54.0000000000,0,JEFFERSON,JEFFERSON
JEFFERSON - 16-108,8,1.0000000000,25.0000000000,25.0000000000,0,JEFFERSON,JEFFERSON
JEFFERSON - 16-109,8,1.0000000000,25.0000000000,25.0000000000,0,JEFFERSON,JEFFERSON
JEFFERSON - 16-110,8,1.0000000000,22.0000000000,22.0000000000,0,JEFFERSON,JEFFERSON
JEFFERSON - 16-111,8,1.0000000000,31.0000000000,31.0000000000,0,JEFFERSON,JEFFERSON
JEFFERSON - 16-112,8,1.0000000000,16.0000000000,16.0000000000,0,JEFFERSON,JEFFERSON
JEFFERSON - 16-115,2,1.0000000000,46.0000000000,46.0000000000,0,JEFFERSON,JEFFERSON
JOHNSON - 000002,5,1.0000000000,302.0000000000,302.0000000000,0,JOHNSON,JOHNSON
JOHNSON - 000003,5,1.0000000000,77.0000000000,77.0000000000,0,JOHNSON,JOHNSON
JOHNSON - 000004,5,1.0000000000,110.0000000000,110.0000000000,0,JOHNSON,JOHNSON
JOHNSON - 000005,5,1.0000000000,146.0000000000,146.0000000000,0,JOHNSON,JOHNSON
JOHNSON - 000006,5,1.0000000000,160.0000000000,160.0000000000,0,JOHNSON,JOHNSON
JOHNSON - 000007,5,1.0000000000,124.0000000000,124.0000000000,0,JOHNSON,JOHNSON
JOHNSON - 000008,5,1.0000000000,92.0000000000,92.0000000000,0,JOHNSON,JOHNSON
JOHNSON - 000009,5,1.0000000000,138.0000000000,138.0000000000,0,JOHNSON,JOHNSON
JOHNSON - 000010,5,1.0000000000,160.0000000000,160.0000000000,0,JOHNSON,JOHNSON
JOHNSON - 000011,5,1.0000000000,78.0000000000,78.0000000000,0,JOHNSON,JOHNSON
JOHNSON - 000012,5,1.0000000000,150.0000000000,150.0000000000,0,JOHNSON,JOHNSON
JOHNSON - 000013,5,1.0000000000,82.0000000000,82.0000000000,0,JOHNSON,JOHNSON
JOHNSON - 000014,5,1.0000000000,98.0000000000,98.0000000000,0,JOHNSON,JOHNSON
JOHNSON - 000015,5,1.0000000000,137.0000000000,137.0000000000,0,JOHNSON,JOHNSON
JOHNSON - 000016,5,1.0000000000,76.0000000000,76.0000000000,0,JOHNSON,JOHNSON
JOHNSON - 000017,5,1.0000000000,71.0000000000,71.0000000000,0,JOHNSON,JOHNSON
JOHNSON - 000018,5,1.0000000000,122.0000000000,122.0000000000,0,JOHNSON,JOHNSON
JOHNSON - 000019,5,1.0000000000,93.0000000000,93.0000000000,0,JOHNSON,JOHNSON
JOHNSON - 000020,5,1.0000000000,82.0000000000,82.0000000000,0,JOHNSON,JOHNSON
JOHNSON - 000021,5,1.0000000000,95.0000000000,95.0000000000,0,JOHNSON,JOHNSON
KNOX - 000002,6,1.0000000000,180.0000000000,180.0000000000,0,KNOX,KNOX
KNOX - 000003,6,1.0000000000,245.0000000000,245.0000000000,0,KNOX,KNOX
KNOX - 000004,6,1.0000000000,136.0000000000,136.0000000000,0,KNOX,KNOX
KNOX - 000005,6,1.0000000000,223.0000000000,223.0000000000,0,KNOX,KNOX
KNOX - 000006,6,1.0000000000,165.0000000000,165.0000000000,0,KNOX,KNOX
KNOX - 000007,6,1.0000000000,204.0000000000,204.0000000000,0,KNOX,KNOX
LACLEDE - 000002,4,1.0000000000,45.0000000000,45.0000000000,0,LACLEDE,LACLEDE
LACLEDE - 000004,4,1.0000000000,56.0000000000,56.0000000000,0,LACLEDE,LACLEDE
LACLEDE - 000005,4,1.0000000000,128.0000000000,128.0000000000,0,LACLEDE,LACLEDE
LACLEDE - 000006,4,1.0000000000,60.0000000000,60.0000000000,0,LACLEDE,LACLEDE
LACLEDE - 000007,4,1.0000000000,69.0000000000,69.0000000000,0,LACLEDE,LACLEDE
LACLEDE - 000008,4,1.0000000000,45.0000000000,45.0000000000,0,LACLEDE,LACLEDE
LACLEDE - 000009,4,1.0000000000,90.0000000000,90.0000000000,0,LACLEDE,LACLEDE
LACLEDE - 000010,4,1.0000000000,87.0000000000,87.0000000000,0,LACLEDE,LACLEDE
LACLEDE - 000011,4,1.0000000000,136.0000000000,136.0000000000,0,LACLEDE,LACLEDE
LACLEDE - 000012,4,1.0000000000,74.0000000000,74.0000000000,0,LACLEDE,LACLEDE
LACLEDE - 000013,4,1.0000000000,87.0000000000,87.0000000000,0,LACLEDE,LACLEDE
LACLEDE - 000014,4,1.0000000000,82.0000000000,82.0000000000,0,LACLEDE,LACLEDE
LACLEDE - 000015,4,1.0000000000,118.0000000000,118.0000000000,0,LACLEDE,LACLEDE
LACLEDE - 000016,4,1.0000000000,20.0000000000,20.0000000000,0,LACLEDE,LACLEDE
LACLEDE - 000017,4,1.0000000000,95.0000000000,95.0000000000,0,LACLEDE,LACLEDE
LACLEDE - 000018,4,1.0000000000,168.0000000000,168.0000000000,0,LACLEDE,LACLEDE
LACLEDE - 000019,4,1.0000000000,97.0000000000,97.0000000000,0,LACLEDE,LACLEDE
LACLEDE - 000020,4,1.0000000000,118.0000000000,118.0000000000,0,LACLEDE,LACLEDE
LACLEDE - 000022,4,1.0000000000,83.0000000000,83.0000000000,0,LACLEDE,LACLEDE
LACLEDE - 000023,4,1.0000000000,142.0000000000,142.0000000000,0,LACLEDE,LACLEDE
LACLEDE - 16-024,4,1.0000000000,103.0000000000,103.0000000000,0,LACLEDE,LACLEDE
LACLEDE - 16-025,4,1.0000000000,25.0000000000,25.0000000000,0,LACLEDE,LACLEDE
LACLEDE - 16-026,4,1.0000000000,90.0000000000,90.0000000000,0,LACLEDE,LACLEDE
LACLEDE - 16-027,4,1.0000000000,52.0000000000,52.0000000000,0,LACLEDE,LACLEDE
LAFAYETTE - 000002,5,1.0000000000,270.0000000000,270.0000000000,0,LAFAYETTE,LAFAYETTE
LAFAYETTE - 000003,5,1.0000000000,125.0000000000,125.0000000000,0,LAFAYETTE,LAFAYETTE
LAFAYETTE - 000004,5,1.0000000000,150.0000000000,150.0000000000,0,LAFAYETTE,LAFAYETTE
LAFAYETTE - 000005,5,1.0000000000,114.0000000000,114.0000000000,0,LAFAYETTE,LAFAYETTE
LAFAYETTE - 000006,5,1.0000000000,105.0000000000,105.0000000000,0,LAFAYETTE,LAFAYETTE
LAFAYETTE - 000007,5,1.0000000000,191.0000000000,191.0000000000,0,LAFAYETTE,LAFAYETTE
LAFAYETTE - 000008,5,1.0000000000,74.0000000000,74.0000000000,0,LAFAYETTE,LAFAYETTE
LAFAYETTE - 000009,5,1.0000000000,66.0000000000,66.0000000000,0,LAFAYETTE,LAFAYETTE
LAFAYETTE - 000010,5,1.0000000000,136.0000000000,136.0000000000,0,LAFAYETTE,LAFAYETTE
LAFAYETTE - 000011,5,1.0000000000,76.0000000000,76.0000000000,0,LAFAYETTE,LAFAYETTE
LAFAYETTE - 000012,5,1.0000000000,2.0000000000,2.0000000000,0,LAFAYETTE,LAFAYETTE
LAFAYETTE - 000013,5,1.0000000000,207.0000000000,207.0000000000,0,LAFAYETTE,LAFAYETTE
LAFAYETTE - 000014,5,1.0000000000,94.0000000000,94.0000000000,0,LAFAYETTE,LAFAYETTE
LAFAYETTE - 000015,5,1.0000000000,110.0000000000,110.0000000000,0,LAFAYETTE,LAFAYETTE
LAFAYETTE - 000016,5,1.0000000000,78.0000000000,78.0000000000,0,LAFAYETTE,LAFAYETTE
LAFAYETTE - 000017,5,1.0000000000,211.0000000000,211.0000000000,0,LAFAYETTE,LAFAYETTE
LAFAYETTE - 000018,5,1.0000000000,66.0000000000,66.0000000000,0,LAFAYETTE,LAFAYETTE
LAFAYETTE - 000019,5,1.0000000000,105.0000000000,105.0000000000,0,LAFAYETTE,LAFAYETTE
LAFAYETTE - 000020,5,1.0000000000,97.0000000000,97.0000000000,0,LAFAYETTE,LAFAYETTE
LAFAYETTE - 000021,5,1.0000000000,125.0000000000,125.0000000000,0,LAFAYETTE,LAFAYETTE
LAWRENCE - 000002,7,1.0000000000,181.0000000000,181.0000000000,0,LAWRENCE,LAWRENCE
LAWRENCE - 000003,7,1.0000000000,140.0000000000,140.0000000000,0,LAWRENCE,LAWRENCE
LAWRENCE - 000004,7,1.0000000000,203.0000000000,203.0000000000,0,LAWRENCE,LAWRENCE
LAWRENCE - 000005,7,1.0000000000,145.0000000000,145.0000000000,0,LAWRENCE,LAWRENCE
LAWRENCE - 000006,7,1.0000000000,154.0000000000,154.0000000000,0,LAWRENCE,LAWRENCE
LAWRENCE - 000007,7,1.0000000000,194.0000000000,194.0000000000,0,LAWRENCE,LAWRENCE
LAWRENCE - 000008,7,1.0000000000,218.0000000000,218.0000000000,0,LAWRENCE,LAWRENCE
LAWRENCE - 000009,7,1.0000000000,119.0000000000,119.0000000000,0,LAWRENCE,LAWRENCE
LAWRENCE - 000010,7,1.0000000000,192.0000000000,192.0000000000,0,LAWRENCE,LAWRENCE
LAWRENCE - 000011,7,1.0000000000,195.0000000000,195.0000000000,0,LAWRENCE,LAWRENCE
LAWRENCE - 000012,7,1.0000000000,208.0000000000,208.0000000000,0,LAWRENCE,LAWRENCE
LAWRENCE - 000013,7,1.0000000000,254.0000000000,254.0000000000,0,LAWRENCE,LAWRENCE
LAWRENCE - 000014,7,1.0000000000,233.0000000000,233.0000000000,0,LAWRENCE,LAWRENCE
LAWRENCE - 000015,7,1.0000000000,151.0000000000,151.0000000000,0,LAWRENCE,LAWRENCE
LAWRENCE - 000016,7,1.0000000000,274.0000000000,274.0000000000,0,LAWRENCE,LAWRENCE
LAWRENCE - 000017,7,1.0000000000,148.0000000000,148.0000000000,0,LAWRENCE,LAWRENCE
LAWRENCE - 000018,7,1.0000000000,90.0000000000,90.0000000000,0,LAWRENCE,LAWRENCE
LAWRENCE - 000019,7,1.0000000000,99.0000000000,99.0000000000,0,LAWRENCE,LAWRENCE
LAWRENCE - 000020,7,1.0000000000,116.0000000000,116.0000000000,0,LAWRENCE,LAWRENCE
LEWIS - 000002,6,1.0000000000,244.0000000000,244.0000000000,0,LEWIS,LEWIS
LEWIS - 000003,6,1.0000000000,114.0000000000,114.0000000000,0,LEWIS,LEWIS
LEWIS - 000006,6,1.0000000000,67.0000000000,67.0000000000,0,LEWIS,LEWIS
LEWIS - 000007,6,1.0000000000,158.0000000000,158.0000000000,0,LEWIS,LEWIS
LEWIS - 000008,6,1.0000000000,190.0000000000,190.0000000000,0,LEWIS,LEWIS
LEWIS - 000011,6,1.0000000000,216.0000000000,216.0000000000,0,LEWIS,LEWIS
LINCOLN - 000002,3,1.0000000000,71.0000000000,71.0000000000,0,LINCOLN,LINCOLN
LINCOLN - 000003,3,1.0000000000,54.0000000000,54.0000000000,0,LINCOLN,LINCOLN
LINCOLN - 000004,3,1.0000000000,87.0000000000,87.0000000000,0,LINCOLN,LINCOLN
LINCOLN - 000005,3,1.0000000000,175.0000000000,175.0000000000,0,LINCOLN,LINCOLN
LINCOLN - 000008,3,1.0000000000,152.0000000000,152.0000000000,0,LINCOLN,LINCOLN
LINCOLN - 000009,3,1.0000000000,229.0000000000,229.0000000000,0,LINCOLN,LINCOLN
LINCOLN - 000011,3,1.0000000000,143.0000000000,143.0000000000,0,LINCOLN,LINCOLN
LINCOLN - 000012,3,1.0000000000,90.0000000000,90.0000000000,0,LINCOLN,LINCOLN
LINCOLN - 000013,3,1.0000000000,130.0000000000,130.0000000000,0,LINCOLN,LINCOLN
LINCOLN - 000014,3,1.0000000000,68.0000000000,68.0000000000,0,LINCOLN,LINCOLN
LINCOLN - 000015,3,1.0000000000,141.0000000000,141.0000000000,0,LINCOLN,LINCOLN
LINCOLN - 000017,3,1.0000000000,60.0000000000,60.0000000000,0,LINCOLN,LINCOLN
LINCOLN - 000018,3,1.0000000000,91.0000000000,91.0000000000,0,LINCOLN,LINCOLN
LINCOLN - 000019,3,1.0000000000,64.0000000000,64.0000000000,0,LINCOLN,LINCOLN
LINCOLN - 000020,3,1.0000000000,82.0000000000,82.0000000000,0,LINCOLN,LINCOLN
LINCOLN - 000021,3,1.0000000000,128.0000000000,128.0000000000,0,LINCOLN,LINCOLN
LINCOLN - 000023,3,1.0000000000,90.0000000000,90.0000000000,0,LINCOLN,LINCOLN
LINCOLN - 000024,3,1.0000000000,110.0000000000,110.0000000000,0,LINCOLN,LINCOLN
LINCOLN - 000025,3,1.0000000000,106.0000000000,106.0000000000,0,LINCOLN,LINCOLN
LINN - 000002,6,1.0000000000,98.0000000000,98.0000000000,0,LINN,LINN
LINN - 000003,6,1.0000000000,102.0000000000,102.0000000000,0,LINN,LINN
LINN - 000004,6,1.0000000000,90.0000000000,90.0000000000,0,LINN,LINN
LINN - 000005,6,1.0000000000,148.0000000000,148.0000000000,0,LINN,LINN
LINN - 000006,6,1.0000000000,52.0000000000,52.0000000000,0,LINN,LINN
LINN - 000007,6,1.0000000000,82.0000000000,82.0000000000,0,LINN,LINN
LINN - 000008,6,1.0000000000,60.0000000000,60.0000000000,0,LINN,LINN
LINN - 000009,6,1.0000000000,52.0000000000,52.0000000000,0,LINN,LINN
LINN - 000010,6,1.0000000000,172.0000000000,172.0000000000,0,LINN,LINN
LINN - 000011,6,1.0000000000,194.0000000000,194.0000000000,0,LINN,LINN
LINN - 000012,6,1.0000000000,60.0000000000,60.0000000000,0,LINN,LINN
LINN - 000013,6,1.0000000000,122.0000000000,122.0000000000,0,LINN,LINN
LINN - 000014,6,1.0000000000,204.0000000000,204.0000000000,0,LINN,LINN
LINN - 000015,6,1.0000000000,305.0000000000,305.0000000000,0,LINN,LINN
LINN - 000016,6,1.0000000000,211.0000000000,211.0000000000,0,LINN,LINN
LINN - 000017,6,1.0000000000,95.0000000000,95.0000000000,0,LINN,LINN
LINN - 000018,6,1.0000000000,39.0000000000,39.0000000000,0,LINN,LINN
LINN - 000019,6,1.0000000000,31.0000000000,31.0000000000,0,LINN,LINN
LINN - 000020,6,1.0000000000,23.0000000000,23.0000000000,0,LINN,LINN
LINN - 000021,6,1.0000000000,29.0000000000,29.0000000000,0,LINN,LINN
LINN - 000022,6,1.0000000000,65.0000000000,65.0000000000,0,LINN,LINN
LINN - 000023,6,1.0000000000,188.0000000000,188.0000000000,0,LINN,LINN
LINN - 000024,6,1.0000000000,141.0000000000,141.0000000000,0,LINN,LINN
LIVINGSTON - 000005,6,1.0000000000,128.0000000000,128.0000000000,0,LIVINGSTON,LIVINGSTON
LIVINGSTON - 000006,6,1.0000000000,265.0000000000,265.0000000000,0,LIVINGSTON,LIVINGSTON
LIVINGSTON - 000007,6,1.0000000000,137.0000000000,137.0000000000,0,LIVINGSTON,LIVINGSTON
LIVINGSTON - 000008,6,1.0000000000,109.0000000000,109.0000000000,0,LIVINGSTON,LIVINGSTON
LIVINGSTON - 000009,6,1.0000000000,147.0000000000,147.0000000000,0,LIVINGSTON,LIVINGSTON
LIVINGSTON - 000010,6,1.0000000000,72.0000000000,72.0000000000,0,LIVINGSTON,LIVINGSTON
LIVINGSTON - 000011,6,1.0000000000,45.0000000000,45.0000000000,0,LIVINGSTON,LIVINGSTON
LIVINGSTON - 000012,6,1.0000000000,182.0000000000,182.0000000000,0,LIVINGSTON,LIVINGSTON
LIVINGSTON - 000013,6,1.0000000000,82.0000000000,82.0000000000,0,LIVINGSTON,LIVINGSTON
LIVINGSTON - 000014,6,1.0000000000,129.0000000000,129.0000000000,0,LIVINGSTON,LIVINGSTON
LIVINGSTON - 000015,6,1.0000000000,405.0000000000,405.0000000000,0,LIVINGSTON,LIVINGSTON
MACON - 000002,6,1.0000000000,64.0000000000,64.0000000000,0,MACON,MACON
MACON - 000003,6,1.0000000000,66.0000000000,66.0000000000,0,MACON,MACON
MACON - 000004,6,1.0000000000,82.0000000000,82.0000000000,0,MACON,MACON
MACON - 000005,6,1.0000000000,255.0000000000,255.0000000000,0,MACON,MACON
MACON - 000007,6,1.0000000000,342.0000000000,342.0000000000,0,MACON,MACON
MACON - 000008,6,1.0000000000,317.0000000000,317.0000000000,0,MACON,MACON
MACON - 000010,6,1.0000000000,186.0000000000,186.0000000000,0,MACON,MACON
MACON - 000011,6,1.0000000000,607.0000000000,607.0000000000,0,MACON,MACON
MACON - 000012,6,1.0000000000,429.0000000000,429.0000000000,0,MACON,MACON
MACON - 000013,6,1.0000000000,51.0000000000,51.0000000000,0,MACON,MACON
MACON - 12-014,6,1.0000000000,427.0000000000,427.0000000000,0,MACON,MACON
MADISON - 000002,8,1.0000000000,259.0000000000,259.0000000000,0,MADISON,MADISON
MADISON - 000003,8,1.0000000000,191.0000000000,191.0000000000,0,MADISON,MADISON
MADISON - 000004,8,1.0000000000,44.0000000000,44.0000000000,0,MADISON,MADISON
MADISON - 000005,8,1.0000000000,38.0000000000,38.0000000000,0,MADISON,MADISON
MADISON - 000006,8,1.0000000000,48.0000000000,48.0000000000,0,MADISON,MADISON
MADISON - 000007,8,1.0000000000,121.0000000000,121.0000000000,0,MADISON,MADISON
MADISON - 000008,8,1.0000000000,145.0000000000,145.0000000000,0,MADISON,MADISON
MARIES - 000002,5,1.0000000000,42.0000000000,42.0000000000,0,MARIES,MARIES
MARIES - 000003,5,1.0000000000,157.0000000000,157.0000000000,0,MARIES,MARIES
MARIES - 000004,5,1.0000000000,164.0000000000,164.0000000000,0,MARIES,MARIES
MARIES - 000005,5,1.0000000000,64.0000000000,64.0000000000,0,MARIES,MARIES
MARIES - 000006,5,1.0000000000,63.0000000000,63.0000000000,0,MARIES,MARIES
MARIES - 000007,5,1.0000000000,63.0000000000,63.0000000000,0,MARIES,MARIES
MARIES - 000008,5,1.0000000000,76.0000000000,76.0000000000,0,MARIES,MARIES
MARIES - 000009,5,1.0000000000,23.0000000000,23.0000000000,0,MARIES,MARIES
MARIES - 000010,5,1.0000000000,35.0000000000,35.0000000000,0,MARIES,MARIES
MARION - 000002,6,1.0000000000,105.0000000000,105.0000000000,0,MARION,MARION
MARION - 000003,6,1.0000000000,106.0000000000,106.0000000000,0,MARION,MARION
MARION - 000004,6,1.0000000000,50.0000000000,50.0000000000,0,MARION,MARION
MARION - 000006,6,1.0000000000,139.0000000000,139.0000000000,0,MARION,MARION
MARION - 000008,6,1.0000000000,29.0000000000,29.0000000000,0,MARION,MARION
MARION - 000009,6,1.0000000000,142.0000000000,142.0000000000,0,MARION,MARION
MARION - 000013,6,1.0000000000,109.0000000000,109.0000000000,0,MARION,MARION
MARION - 000014,6,1.0000000000,109.0000000000,109.0000000000,0,MARION,MARION
MARION - 000016,6,1.0000000000,57.0000000000,57.0000000000,0,MARION,MARION
MARION - 000019,6,1.0000000000,159.0000000000,159.0000000000,0,MARION,MARION
MARION - 000022,6,1.0000000000,124.0000000000,124.0000000000,0,MARION,MARION
MARION - 000023,6,1.0000000000,56.0000000000,56.0000000000,0,MARION,MARION
MARION - 16-020,6,1.0000000000,102.0000000000,102.0000000000,0,MARION,MARION
MARION - 16-030,6,1.0000000000,17.0000000000,17.0000000000,0,MARION,MARION
MARION - 16-031,6,1.0000000000,59.0000000000,59.0000000000,0,MARION,MARION
MARION - 16-032,6,1.0000000000,39.0000000000,39.0000000000,0,MARION,MARION
MARION - 16-033,6,1.0000000000,51.0000000000,51.0000000000,0,MARION,MARION
MARION - 16-034,6,1.0000000000,109.0000000000,109.0000000000,0,MARION,MARION
MCDONALD - 000002,7,1.0000000000,112.0000000000,112.0000000000,0,MCDONALD,MCDONALD
MCDONALD - 000003,7,1.0000000000,86.0000000000,86.0000000000,0,MCDONALD,MCDONALD
MCDONALD - 000004,7,1.0000000000,46.0000000000,46.0000000000,0,MCDONALD,MCDONALD
MCDONALD - 000006,7,1.0000000000,90.0000000000,90.0000000000,0,MCDONALD,MCDONALD
MCDONALD - 000007,7,1.0000000000,76.0000000000,76.0000000000,0,MCDONALD,MCDONALD
MCDONALD - 000008,7,1.0000000000,54.0000000000,54.0000000000,0,MCDONALD,MCDONALD
MCDONALD - 000009,7,1.0000000000,87.0000000000,87.0000000000,0,MCDONALD,MCDONALD
MCDONALD - 000010,7,1.0000000000,132.0000000000,132.0000000000,0,MCDONALD,MCDONALD
MCDONALD - 000011,7,1.0000000000,50.0000000000,50.0000000000,0,MCDONALD,MCDONALD
MCDONALD - 000012,7,1.0000000000,48.0000000000,48.0000000000,0,MCDONALD,MCDONALD
MCDONALD - 000013,7,1.0000000000,29.0000000000,29.0000000000,0,MCDONALD,MCDONALD
MCDONALD - 000014,7,1.0000000000,56.0000000000,56.0000000000,0,MCDONALD,MCDONALD
MCDONALD - 000015,7,1.0000000000,73.0000000000,73.0000000000,0,MCDONALD,MCDONALD
MCDONALD - 000016,7,1.0000000000,107.0000000000,107.0000000000,0,MCDONALD,MCDONALD
MCDONALD - 000017,7,1.0000000000,68.0000000000,68.0000000000,0,MCDONALD,MCDONALD
MCDONALD - 000018,7,1.0000000000,90.0000000000,90.0000000000,0,MCDONALD,MCDONALD
MCDONALD - 000019,7,1.0000000000,68.0000000000,68.0000000000,0,MCDONALD,MCDONALD
MCDONALD - 000020,7,1.0000000000,62.0000000000,62.0000000000,0,MCDONALD,MCDONALD
MERCER - 000002,6,1.0000000000,60.0000000000,60.0000000000,0,MERCER,MERCER
MERCER - 000003,6,1.0000000000,52.0000000000,52.0000000000,0,MERCER,MERCER
MERCER - 000004,6,1.0000000000,49.0000000000,49.0000000000,0,MERCER,MERCER
MERCER - 000005,6,1.0000000000,48.0000000000,48.0000000000,0,MERCER,MERCER
MERCER - 000006,6,1.0000000000,140.0000000000,140.0000000000,0,MERCER,MERCER
MERCER - 000007,6,1.0000000000,55.0000000000,55.0000000000,0,MERCER,MERCER
MERCER - 000008,6,1.0000000000,162.0000000000,162.0000000000,0,MERCER,MERCER
MERCER - 000009,6,1.0000000000,61.0000000000,61.0000000000,0,MERCER,MERCER
MERCER - 000010,6,1.0000000000,39.0000000000,39.0000000000,0,MERCER,MERCER
MILLER - 000005,5,1.0000000000,233.0000000000,233.0000000000,0,MILLER,MILLER
MILLER - 000008,5,1.0000000000,187.0000000000,187.0000000000,0,MILLER,MILLER
MILLER - 000009,5,1.0000000000,89.0000000000,89.0000000000,0,MILLER,MILLER
MILLER - 000011,5,1.0000000000,182.0000000000,182.0000000000,0,MILLER,MILLER
MILLER - 000012,5,1.0000000000,172.0000000000,172.0000000000,0,MILLER,MILLER
MILLER - 000013,5,1.0000000000,119.0000000000,119.0000000000,0,MILLER,MILLER
MILLER - 000016,5,1.0000000000,95.0000000000,95.0000000000,0,MILLER,MILLER
MILLER - 000018,5,1.0000000000,109.0000000000,109.0000000000,0,MILLER,MILLER
MILLER - 000019,5,1.0000000000,145.0000000000,145.0000000000,0,MILLER,MILLER
MILLER - 000020,5,1.0000000000,67.0000000000,67.0000000000,0,MILLER,MILLER
MILLER - 000023,5,1.0000000000,72.0000000000,72.0000000000,0,MILLER,MILLER
MILLER - 000029,5,1.0000000000,168.0000000000,168.0000000000,0,MILLER,MILLER
MISSISSIPPI - 000002,8,1.0000000000,19.0000000000,19.0000000000,0,MISSISSIPPI,MISSISSIPPI
MISSISSIPPI - 000003,8,1.0000000000,16.0000000000,16.0000000000,0,MISSISSIPPI,MISSISSIPPI
MISSISSIPPI - 000004,8,1.0000000000,20.0000000000,20.0000000000,0,MISSISSIPPI,MISSISSIPPI
MISSISSIPPI - 000005,8,1.0000000000,70.0000000000,70.0000000000,0,MISSISSIPPI,MISSISSIPPI
MISSISSIPPI - 000006,8,1.0000000000,11.0000000000,11.0000000000,0,MISSISSIPPI,MISSISSIPPI
MISSISSIPPI - 000007,8,1.0000000000,16.0000000000,16.0000000000,0,MISSISSIPPI,MISSISSIPPI
MISSISSIPPI - 000008,8,1.0000000000,38.0000000000,38.0000000000,0,MISSISSIPPI,MISSISSIPPI
MISSISSIPPI - 000009,8,1.0000000000,37.0000000000,37.0000000000,0,MISSISSIPPI,MISSISSIPPI
MISSISSIPPI - 000010,8,1.0000000000,54.0000000000,54.0000000000,0,MISSISSIPPI,MISSISSIPPI
MISSISSIPPI - 000011,8,1.0000000000,35.0000000000,35.0000000000,0,MISSISSIPPI,MISSISSIPPI
MISSISSIPPI - 000012,8,1.0000000000,67.0000000000,67.0000000000,0,MISSISSIPPI,MISSISSIPPI
MISSISSIPPI - 000013,8,1.0000000000,164.0000000000,164.0000000000,0,MISSISSIPPI,MISSISSIPPI
MISSISSIPPI - 000014,8,1.0000000000,47.0000000000,47.0000000000,0,MISSISSIPPI,MISSISSIPPI
MISSISSIPPI - 000015,8,1.0000000000,148.0000000000,148.0000000000,0,MISSISSIPPI,MISSISSIPPI
MISSISSIPPI - 000016,8,1.0000000000,76.0000000000,76.0000000000,0,MISSISSIPPI,MISSISSIPPI
MISSISSIPPI - 000017,8,1.0000000000,41.0000000000,41.0000000000,0,MISSISSIPPI,MISSISSIPPI
MISSISSIPPI - 000018,8,1.0000000000,78.0000000000,78.0000000000,0,MISSISSIPPI,MISSISSIPPI
MISSISSIPPI - 000019,8,1.0000000000,4.0000000000,4.0000000000,0,MISSISSIPPI,MISSISSIPPI
MISSISSIPPI - 000020,8,1.0000000000,124.0000000000,124.0000000000,0,MISSISSIPPI,MISSISSIPPI
MISSISSIPPI - 000021,8,1.0000000000,61.0000000000,61.0000000000,0,MISSISSIPPI,MISSISSIPPI
MISSISSIPPI - 000022,8,1.0000000000,8.0000000000,8.0000000000,0,MISSISSIPPI,MISSISSIPPI
MISSISSIPPI - 000023,8,1.0000000000,36.0000000000,36.0000000000,0,MISSISSIPPI,MISSISSIPPI
MONITEAU - 000002,5,1.0000000000,146.0000000000,146.0000000000,0,MONITEAU,MONITEAU
MONITEAU - 000003,5,1.0000000000,52.0000000000,52.0000000000,0,MONITEAU,MONITEAU
MONITEAU - 000004,5,1.0000000000,132.0000000000,132.0000000000,0,MONITEAU,MONITEAU
MONITEAU - 000005,5,1.0000000000,76.0000000000,76.0000000000,0,MONITEAU,MONITEAU
MONITEAU - 000006,5,1.0000000000,143.0000000000,143.0000000000,0,MONITEAU,MONITEAU
MONITEAU - 000007,5,1.0000000000,169.0000000000,169.0000000000,0,MONITEAU,MONITEAU
MONITEAU - 000008,5,1.0000000000,147.0000000000,147.0000000000,0,MONITEAU,MONITEAU
MONITEAU - 000009,5,1.0000000000,171.0000000000,171.0000000000,0,MONITEAU,MONITEAU
MONITEAU - 000010,5,1.0000000000,80.0000000000,80.0000000000,0,MONITEAU,MONITEAU
MONITEAU - 000011,5,1.0000000000,117.0000000000,117.0000000000,0,MONITEAU,MONITEAU
MONITEAU - 000012,5,1.0000000000,157.0000000000,157.0000000000,0,MONITEAU,MONITEAU
MONITEAU - 000013,5,1.0000000000,274.0000000000,274.0000000000,0,MONITEAU,MONITEAU
MONROE - 000002,3,1.0000000000,258.0000000000,258.0000000000,0,MONROE,MONROE
MONROE - 000003,3,1.0000000000,119.0000000000,119.0000000000,0,MONROE,MONROE
MONROE - 000004,3,1.0000000000,70.0000000000,70.0000000000,0,MONROE,MONROE
MONROE - 000005,3,1.0000000000,226.0000000000,226.0000000000,0,MONROE,MONROE
MONROE - 000006,3,1.0000000000,123.0000000000,123.0000000000,0,MONROE,MONROE
MONROE - 000007,3,1.0000000000,148.0000000000,148.0000000000,0,MONROE,MONROE
MONROE - 000008,3,1.0000000000,128.0000000000,128.0000000000,0,MONROE,MONROE
MONROE - 000009,3,1.0000000000,159.0000000000,159.0000000000,0,MONROE,MONROE
MONROE - 16-014,3,1.0000000000,129.0000000000,129.0000000000,0,MONROE,MONROE
MONROE - 16-015,3,1.0000000000,123.0000000000,123.0000000000,0,MONROE,MONROE
MONROE - 16-020,3,1.0000000000,105.0000000000,105.0000000000,0,MONROE,MONROE
MONROE - 16-021,3,1.0000000000,95.0000000000,95.0000000000,0,MONROE,MONROE
MONTGOMERY - 000002,3,1.0000000000,105.0000000000,105.0000000000,0,MONTGOMERY,MONTGOMERY
MONTGOMERY - 000003,3,1.0000000000,256.0000000000,256.0000000000,0,MONTGOMERY,MONTGOMERY
MONTGOMERY - 000004,3,1.0000000000,234.0000000000,234.0000000000,0,MONTGOMERY,MONTGOMERY
MONTGOMERY - 000005,3,1.0000000000,140.0000000000,140.0000000000,0,MONTGOMERY,MONTGOMERY
MONTGOMERY - 000006,3,1.0000000000,87.0000000000,87.0000000000,0,MONTGOMERY,MONTGOMERY
MONTGOMERY - 000007,3,1.0000000000,107.0000000000,107.0000000000,0,MONTGOMERY,MONTGOMERY
MONTGOMERY - 000008,3,1.0000000000,137.0000000000,137.0000000000,0,MONTGOMERY,MONTGOMERY
MONTGOMERY - 000010,3,1.0000000000,395.0000000000,395.0000000000,0,MONTGOMERY,MONTGOMERY
MONTGOMERY - 000011,3,1.0000000000,326.0000000000,326.0000000000,0,MONTGOMERY,MONTGOMERY
MORGAN - 000002,5,1.0000000000,45.0000000000,45.0000000000,0,MORGAN,MORGAN
MORGAN - 000003,5,1.0000000000,57.0000000000,57.0000000000,0,MORGAN,MORGAN
MORGAN - 000004,5,1.0000000000,46.0000000000,46.0000000000,0,MORGAN,MORGAN
MORGAN - 000005,5,1.0000000000,41.0000000000,41.0000000000,0,MORGAN,MORGAN
MORGAN - 000006,5,1.0000000000,34.0000000000,34.0000000000,0,MORGAN,MORGAN
MORGAN - 000007,5,1.0000000000,115.0000000000,115.0000000000,0,MORGAN,MORGAN
MORGAN - 000008,5,1.0000000000,124.0000000000,124.0000000000,0,MORGAN,MORGAN
MORGAN - 000009,5,1.0000000000,173.0000000000,173.0000000000,0,MORGAN,MORGAN
MORGAN - 000010,5,1.0000000000,163.0000000000,163.0000000000,0,MORGAN,MORGAN
MORGAN - 000011,5,1.0000000000,57.0000000000,57.0000000000,0,MORGAN,MORGAN
MORGAN - 000012,5,1.0000000000,81.0000000000,81.0000000000,0,MORGAN,MORGAN
MORGAN - 000013,5,1.0000000000,23.0000000000,23.0000000000,0,MORGAN,MORGAN
MORGAN - 000014,5,1.0000000000,96.0000000000,96.0000000000,0,MORGAN,MORGAN
MORGAN - 000015,5,1.0000000000,102.0000000000,102.0000000000,0,MORGAN,MORGAN
MORGAN - 000016,5,1.0000000000,92.0000000000,92.0000000000,0,MORGAN,MORGAN
MORGAN - 000017,5,1.0000000000,181.0000000000,181.0000000000,0,MORGAN,MORGAN
NEW MADRID - 000002,8,1.0000000000,61.0000000000,61.0000000000,0,NEW MADRID,NEW MADRID
NEW MADRID - 000003,8,1.0000000000,122.0000000000,122.0000000000,0,NEW MADRID,NEW MADRID
NEW MADRID - 000004,8,1.0000000000,49.0000000000,49.0000000000,0,NEW MADRID,NEW MADRID
NEW MADRID - 000005,8,1.0000000000,52.0000000000,52.0000000000,0,NEW MADRID,NEW MADRID
NEW MADRID - 000006,8,1.0000000000,135.0000000000,135.0000000000,0,NEW MADRID,NEW MADRID
NEW MADRID - 000007,8,1.0000000000,60.0000000000,60.0000000000,0,NEW MADRID,NEW MADRID
NEW MADRID - 000008,8,1.0000000000,50.0000000000,50.0000000000,0,NEW MADRID,NEW MADRID
NEW MADRID - 000009,8,1.0000000000,55.0000000000,55.0000000000,0,NEW MADRID,NEW MADRID
NEW MADRID - 000010,8,1.0000000000,111.0000000000,111.0000000000,0,NEW MADRID,NEW MADRID
NEW MADRID - 000011,8,1.0000000000,32.0000000000,32.0000000000,0,NEW MADRID,NEW MADRID
NEW MADRID - 000012,8,1.0000000000,18.0000000000,18.0000000000,0,NEW MADRID,NEW MADRID
NEW MADRID - 000013,8,1.0000000000,50.0000000000,50.0000000000,0,NEW MADRID,NEW MADRID
NEW MADRID - 000014,8,1.0000000000,73.0000000000,73.0000000000,0,NEW MADRID,NEW MADRID
NEW MADRID - 000015,8,1.0000000000,60.0000000000,60.0000000000,0,NEW MADRID,NEW MADRID
NEW MADRID - 000016,8,1.0000000000,42.0000000000,42.0000000000,0,NEW MADRID,NEW MADRID
NEW MADRID - 000017,8,1.0000000000,21.0000000000,21.0000000000,0,NEW MADRID,NEW MADRID
NEW MADRID - 000018,8,1.0000000000,117.0000000000,117.0000000000,0,NEW MADRID,NEW MADRID
NEW MADRID - 000019,8,1.0000000000,9.0000000000,9.0000000000,0,NEW MADRID,NEW MADRID
NEW MADRID - 000020,8,1.0000000000,9.0000000000,9.0000000000,0,NEW MADRID,NEW MADRID
NEW MADRID - 000021,8,1.0000000000,193.0000000000,193.0000000000,0,NEW MADRID,NEW MADRID
NEW MADRID - 000022,8,1.0000000000,43.0000000000,43.0000000000,0,NEW MADRID,NEW MADRID
NEW MADRID - 000023,8,1.0000000000,21.0000000000,21.0000000000,0,NEW MADRID,NEW MADRID
NEW MADRID - 000024,8,1.0000000000,29.0000000000,29.0000000000,0,NEW MADRID,NEW MADRID
NEW MADRID - 000025,8,1.0000000000,158.0000000000,158.0000000000,0,NEW MADRID,NEW MADRID
NEW MADRID - 000026,8,1.0000000000,68.0000000000,68.0000000000,0,NEW MADRID,NEW MADRID
NEW MADRID - 000027,8,1.0000000000,22.0000000000,22.0000000000,0,NEW MADRID,NEW MADRID
NEW MADRID - 000028,8,1.0000000000,35.0000000000,35.0000000000,0,NEW MADRID,NEW MADRID
NEW MADRID - 000029,8,1.0000000000,43.0000000000,43.0000000000,0,NEW MADRID,NEW MADRID
NEW MADRID - 000030,8,1.0000000000,41.0000000000,41.0000000000,0,NEW MADRID,NEW MADRID
NEW MADRID - 000031,8,1.0000000000,13.0000000000,13.0000000000,0,NEW MADRID,NEW MADRID
NEWTON - 000002,7,1.0000000000,145.0000000000,145.0000000000,0,NEWTON,NEWTON
NEWTON - 000003,7,1.0000000000,261.0000000000,261.0000000000,0,NEWTON,NEWTON
NEWTON - 000004,7,1.0000000000,81.0000000000,81.0000000000,0,NEWTON,NEWTON
NEWTON - 000005,7,1.0000000000,120.0000000000,120.0000000000,0,NEWTON,NEWTON
NEWTON - 000006,7,1.0000000000,115.0000000000,115.0000000000,0,NEWTON,NEWTON
NEWTON - 000007,7,1.0000000000,158.0000000000,158.0000000000,0,NEWTON,NEWTON
NEWTON - 000008,7,1.0000000000,162.0000000000,162.0000000000,0,NEWTON,NEWTON
NEWTON - 000009,7,1.0000000000,58.0000000000,58.0000000000,0,NEWTON,NEWTON
NEWTON - 000010,7,1.0000000000,103.0000000000,103.0000000000,0,NEWTON,NEWTON
NEWTON - 000011,7,1.0000000000,142.0000000000,142.0000000000,0,NEWTON,NEWTON
NEWTON - 000012,7,1.0000000000,161.0000000000,161.0000000000,0,NEWTON,NEWTON
NEWTON - 000013,7,1.0000000000,119.0000000000,119.0000000000,0,NEWTON,NEWTON
NEWTON - 000014,7,1.0000000000,200.0000000000,200.0000000000,0,NEWTON,NEWTON
NEWTON - 000015,7,1.0000000000,105.0000000000,105.0000000000,0,NEWTON,NEWTON
NEWTON - 000016,7,1.0000000000,206.0000000000,206.0000000000,0,NEWTON,NEWTON
NEWTON - 000017,7,1.0000000000,97.0000000000,97.0000000000,0,NEWTON,NEWTON
NEWTON - 000018,7,1.0000000000,105.0000000000,105.0000000000,0,NEWTON,NEWTON
NEWTON - 16-021,7,1.0000000000,107.0000000000,107.0000000000,0,NEWTON,NEWTON
NEWTON - 16-027,7,1.0000000000,102.0000000000,102.0000000000,0,NEWTON,NEWTON
NEWTON - 16-028,7,1.0000000000,38.0000000000,38.0000000000,0,NEWTON,NEWTON
NEWTON - 16-029,7,1.0000000000,98.0000000000,98.0000000000,0,NEWTON,NEWTON
NEWTON - 16-030,7,1.0000000000,131.0000000000,131.0000000000,0,NEWTON,NEWTON
NEWTON - 16-032,7,1.0000000000,77.0000000000,77.0000000000,0,NEWTON,NEWTON
NODAWAY - 000002,6,1.0000000000,111.0000000000,111.0000000000,0,NODAWAY,NODAWAY
NODAWAY - 000003,6,1.0000000000,107.0000000000,107.0000000000,0,NODAWAY,NODAWAY
NODAWAY - 000004,6,1.0000000000,80.0000000000,80.0000000000,0,NODAWAY,NODAWAY
NODAWAY - 000005,6,1.0000000000,123.0000000000,123.0000000000,0,NODAWAY,NODAWAY
NODAWAY - 000006,6,1.0000000000,113.0000000000,113.0000000000,0,NODAWAY,NODAWAY
NODAWAY - 000007,6,1.0000000000,123.0000000000,123.0000000000,0,NODAWAY,NODAWAY
NODAWAY - 000008,6,1.0000000000,115.0000000000,115.0000000000,0,NODAWAY,NODAWAY
NODAWAY - 000009,6,1.0000000000,112.0000000000,112.0000000000,0,NODAWAY,NODAWAY
NODAWAY - 000010,6,1.0000000000,120.0000000000,120.0000000000,0,NODAWAY,NODAWAY
NODAWAY - 000011,6,1.0000000000,89.0000000000,89.0000000000,0,NODAWAY,NODAWAY
NODAWAY - 000012,6,1.0000000000,112.0000000000,112.0000000000,0,NODAWAY,NODAWAY
NODAWAY - 000013,6,1.0000000000,212.0000000000,212.0000000000,0,NODAWAY,NODAWAY
NODAWAY - 000014,6,1.0000000000,88.0000000000,88.0000000000,0,NODAWAY,NODAWAY
NODAWAY - 000015,6,1.0000000000,147.0000000000,147.0000000000,0,NODAWAY,NODAWAY
NODAWAY - 000016,6,1.0000000000,149.0000000000,149.0000000000,0,NODAWAY,NODAWAY
NODAWAY - 000017,6,1.0000000000,69.0000000000,69.0000000000,0,NODAWAY,NODAWAY
NODAWAY - 000018,6,1.0000000000,123.0000000000,123.0000000000,0,NODAWAY,NODAWAY
NODAWAY - 000019,6,1.0000000000,95.0000000000,95.0000000000,0,NODAWAY,NODAWAY
NODAWAY - 000020,6,1.0000000000,121.0000000000,121.0000000000,0,NODAWAY,NODAWAY
OREGON - 000002,8,1.0000000000,73.0000000000,73.0000000000,0,OREGON,OREGON
OREGON - 000003,8,1.0000000000,12.0000000000,12.0000000000,0,OREGON,OREGON
OREGON - 000004,8,1.0000000000,56.0000000000,56.0000000000,0,OREGON,OREGON
OREGON - 000005,8,1.0000000000,36.0000000000,36.0000000000,0,OREGON,OREGON
OREGON - 000006,8,1.0000000000,32.0000000000,32.0000000000,0,OREGON,OREGON
OREGON - 000007,8,1.0000000000,68.0000000000,68.0000000000,0,OREGON,OREGON
OREGON - 000008,8,1.0000000000,52.0000000000,52.0000000000,0,OREGON,OREGON
OREGON - 000009,8,1.0000000000,17.0000000000,17.0000000000,0,OREGON,OREGON
OREGON - 000010,8,1.0000000000,64.0000000000,64.0000000000,0,OREGON,OREGON
OREGON - 000011,8,1.0000000000,20.0000000000,20.0000000000,0,OREGON,OREGON
OREGON - 000012,8,1.0000000000,83.0000000000,83.0000000000,0,OREGON,OREGON
OREGON - 000013,8,1.0000000000,54.0000000000,54.0000000000,0,OREGON,OREGON
OREGON - 000014,8,1.0000000000,125.0000000000,125.0000000000,0,OREGON,OREGON
OREGON - 000015,8,1.0000000000,130.0000000000,130.0000000000,0,OREGON,OREGON
OREGON - 000016,8,1.0000000000,72.0000000000,72.0000000000,0,OREGON,OREGON
OSAGE - 000002,5,1.0000000000,32.0000000000,32.0000000000,0,OSAGE,OSAGE
OSAGE - 000003,5,1.0000000000,88.0000000000,88.0000000000,0,OSAGE,OSAGE
OSAGE - 000004,5,1.0000000000,30.0000000000,30.0000000000,0,OSAGE,OSAGE
OSAGE - 000005,5,1.0000000000,127.0000000000,127.0000000000,0,OSAGE,OSAGE
OSAGE - 000006,5,1.0000000000,19.0000000000,19.0000000000,0,OSAGE,OSAGE
OSAGE - 000007,5,1.0000000000,16.0000000000,16.0000000000,0,OSAGE,OSAGE
OSAGE - 000008,5,1.0000000000,64.0000000000,64.0000000000,0,OSAGE,OSAGE
OSAGE - 000009,5,1.0000000000,82.0000000000,82.0000000000,0,OSAGE,OSAGE
OSAGE - 000010,5,1.0000000000,23.0000000000,23.0000000000,0,OSAGE,OSAGE
OSAGE - 000011,5,1.0000000000,41.0000000000,41.0000000000,0,OSAGE,OSAGE
OSAGE - 000012,5,1.0000000000,32.0000000000,32.0000000000,0,OSAGE,OSAGE
OSAGE - 000013,5,1.0000000000,58.0000000000,58.0000000000,0,OSAGE,OSAGE
OSAGE - 000014,5,1.0000000000,74.0000000000,74.0000000000,0,OSAGE,OSAGE
OSAGE - 000015,5,1.0000000000,69.0000000000,69.0000000000,0,OSAGE,OSAGE
OSAGE - 000018,5,1.0000000000,57.0000000000,57.0000000000,0,OSAGE,OSAGE
OSAGE - 000019,5,1.0000000000,91.0000000000,91.0000000000,0,OSAGE,OSAGE
OSAGE - 000020,5,1.0000000000,65.0000000000,65.0000000000,0,OSAGE,OSAGE
OZARK - 000002,8,1.0000000000,32.0000000000,32.0000000000,0,OZARK,OZARK
OZARK - 000003,8,1.0000000000,154.0000000000,154.0000000000,0,OZARK,OZARK
OZARK - 000004,8,1.0000000000,115.0000000000,115.0000000000,0,OZARK,OZARK
OZARK - 000005,8,1.0000000000,155.0000000000,155.0000000000,0,OZARK,OZARK
OZARK - 000006,8,1.0000000000,143.0000000000,143.0000000000,0,OZARK,OZARK
OZARK - 000007,8,1.0000000000,180.0000000000,180.0000000000,0,OZARK,OZARK
OZARK - 000008,8,1.0000000000,251.0000000000,251.0000000000,0,OZARK,OZARK
OZARK - 000009,8,1.0000000000,98.0000000000,98.0000000000,0,OZARK,OZARK
OZARK - 000010,8,1.0000000000,102.0000000000,102.0000000000,0,OZARK,OZARK
OZARK - 000011,8,1.0000000000,57.0000000000,57.0000000000,0,OZARK,OZARK
PEMISCOT - 000002,8,1.0000000000,63.0000000000,63.0000000000,0,PEMISCOT,PEMISCOT
PEMISCOT - 000003,8,1.0000000000,34.0000000000,34.0000000000,0,PEMISCOT,PEMISCOT
PEMISCOT - 000004,8,1.0000000000,27.0000000000,27.0000000000,0,PEMISCOT,PEMISCOT
PEMISCOT - 000005,8,1.0000000000,267.0000000000,267.0000000000,0,PEMISCOT,PEMISCOT
PEMISCOT - 000006,8,1.0000000000,71.0000000000,71.0000000000,0,PEMISCOT,PEMISCOT
PEMISCOT - 000007,8,1.0000000000,69.0000000000,69.0000000000,0,PEMISCOT,PEMISCOT
PEMISCOT - 000008,8,1.0000000000,15.0000000000,15.0000000000,0,PEMISCOT,PEMISCOT
PEMISCOT - 000009,8,1.0000000000,64.0000000000,64.0000000000,0,PEMISCOT,PEMISCOT
PEMISCOT - 000010,8,1.0000000000,47.0000000000,47.0000000000,0,PEMISCOT,PEMISCOT
PEMISCOT - 000011,8,1.0000000000,103.0000000000,103.0000000000,0,PEMISCOT,PEMISCOT
PEMISCOT - 000012,8,1.0000000000,151.0000000000,151.0000000000,0,PEMISCOT,PEMISCOT
PEMISCOT - 000013,8,1.0000000000,5.0000000000,5.0000000000,0,PEMISCOT,PEMISCOT
PEMISCOT - 000014,8,1.0000000000,79.0000000000,79.0000000000,0,PEMISCOT,PEMISCOT
PEMISCOT - 000015,8,1.0000000000,5.0000000000,5.0000000000,0,PEMISCOT,PEMISCOT
PEMISCOT - 000016,8,1.0000000000,98.0000000000,98.0000000000,0,PEMISCOT,PEMISCOT
PEMISCOT - 000017,8,1.0000000000,55.0000000000,55.0000000000,0,PEMISCOT,PEMISCOT
PEMISCOT - 000018,8,1.0000000000,131.0000000000,131.0000000000,0,PEMISCOT,PEMISCOT
PEMISCOT - 000019,8,1.0000000000,31.0000000000,31.0000000000,0,PEMISCOT,PEMISCOT
PEMISCOT - 000020,8,1.0000000000,83.0000000000,83.0000000000,0,PEMISCOT,PEMISCOT
PEMISCOT - 000021,8,1.0000000000,132.0000000000,132.0000000000,0,PEMISCOT,PEMISCOT
PERRY - 000002,8,1.0000000000,49.0000000000,49.0000000000,0,PERRY,PERRY
PERRY - 000003,8,1.0000000000,81.0000000000,81.0000000000,0,PERRY,PERRY
PERRY - 000004,8,1.0000000000,44.0000000000,44.0000000000,0,PERRY,PERRY
PERRY - 000005,8,1.0000000000,62.0000000000,62.0000000000,0,PERRY,PERRY
PERRY - 000006,8,1.0000000000,29.0000000000,29.0000000000,0,PERRY,PERRY
PERRY - 000007,8,1.0000000000,38.0000000000,38.0000000000,0,PERRY,PERRY
PERRY - 000008,8,1.0000000000,55.0000000000,55.0000000000,0,PERRY,PERRY
PERRY - 000009,8,1.0000000000,27.0000000000,27.0000000000,0,PERRY,PERRY
PERRY - 000010,8,1.0000000000,42.0000000000,42.0000000000,0,PERRY,PERRY
PERRY - 000011,8,1.0000000000,30.0000000000,30.0000000000,0,PERRY,PERRY
PERRY - 000012,8,1.0000000000,49.0000000000,49.0000000000,0,PERRY,PERRY
PERRY - 000013,8,1.0000000000,91.0000000000,91.0000000000,0,PERRY,PERRY
PERRY - 000015,8,1.0000000000,51.0000000000,51.0000000000,0,PERRY,PERRY
PERRY - 000016,8,1.0000000000,48.0000000000,48.0000000000,0,PERRY,PERRY
PERRY - 000017,8,1.0000000000,69.0000000000,69.0000000000,0,PERRY,PERRY
PERRY - 16-018,8,1.0000000000,95.0000000000,95.0000000000,0,PERRY,PERRY
PERRY - 16-019,8,1.0000000000,80.0000000000,80.0000000000,0,PERRY,PERRY
PERRY - 16-020,8,1.0000000000,78.0000000000,78.0000000000,0,PERRY,PERRY
PETTIS - 000002,5,1.0000000000,55.0000000000,55.0000000000,0,PETTIS,PETTIS
PETTIS - 000003,5,1.0000000000,71.0000000000,71.0000000000,0,PETTIS,PETTIS
PETTIS - 000004,5,1.0000000000,191.0000000000,191.0000000000,0,PETTIS,PETTIS
PETTIS - 000005,5,1.0000000000,157.0000000000,157.0000000000,0,PETTIS,PETTIS
PETTIS - 000006,5,1.0000000000,156.0000000000,156.0000000000,0,PETTIS,PETTIS
PETTIS - 000007,5,1.0000000000,99.0000000000,99.0000000000,0,PETTIS,PETTIS
PETTIS - 000008,5,1.0000000000,74.0000000000,74.0000000000,0,PETTIS,PETTIS
PETTIS - 000009,5,1.0000000000,63.0000000000,63.0000000000,0,PETTIS,PETTIS
PETTIS - 000010,5,1.0000000000,43.0000000000,43.0000000000,0,PETTIS,PETTIS
PETTIS - 000011,5,1.0000000000,66.0000000000,66.0000000000,0,PETTIS,PETTIS
PETTIS - 000012,5,1.0000000000,80.0000000000,80.0000000000,0,PETTIS,PETTIS
PETTIS - 000013,5,1.0000000000,96.0000000000,96.0000000000,0,PETTIS,PETTIS
PETTIS - 000014,5,1.0000000000,248.0000000000,248.0000000000,0,PETTIS,PETTIS
PETTIS - 000015,5,1.0000000000,81.0000000000,81.0000000000,0,PETTIS,PETTIS
PETTIS - 000016,5,1.0000000000,118.0000000000,118.0000000000,0,PETTIS,PETTIS
PETTIS - 000017,5,1.0000000000,96.0000000000,96.0000000000,0,PETTIS,PETTIS
PETTIS - 000018,5,1.0000000000,135.0000000000,135.0000000000,0,PETTIS,PETTIS
PETTIS - 000019,5,1.0000000000,169.0000000000,169.0000000000,0,PETTIS,PETTIS
PETTIS - 000020,5,1.0000000000,72.0000000000,72.0000000000,0,PETTIS,PETTIS
PETTIS - 000021,5,1.0000000000,49.0000000000,49.0000000000,0,PETTIS,PETTIS
PETTIS - 000022,5,1.0000000000,55.0000000000,55.0000000000,0,PETTIS,PETTIS
PETTIS - 000023,5,1.0000000000,120.0000000000,120.0000000000,0,PETTIS,PETTIS
PETTIS - 000024,5,1.0000000000,98.0000000000,98.0000000000,0,PETTIS,PETTIS
PETTIS - 000025,5,1.0000000000,123.0000000000,123.0000000000,0,PETTIS,PETTIS
PETTIS - 000026,5,1.0000000000,107.0000000000,107.0000000000,0,PETTIS,PETTIS
PETTIS - 000027,5,1.0000000000,282.0000000000,282.0000000000,0,PETTIS,PETTIS
PHELPS - 000002,8,1.0000000000,106.0000000000,106.0000000000,0,PHELPS,PHELPS
PHELPS - 000003,8,1.0000000000,16.0000000000,16.0000000000,0,PHELPS,PHELPS
PHELPS - 000004,8,1.0000000000,11.0000000000,11.0000000000,0,PHELPS,PHELPS
PHELPS - 000005,8,1.0000000000,11.0000000000,11.0000000000,0,PHELPS,PHELPS
PHELPS - 000006,8,1.0000000000,11.0000000000,11.0000000000,0,PHELPS,PHELPS
PHELPS - 000007,8,1.0000000000,14.0000000000,14.0000000000,0,PHELPS,PHELPS
PHELPS - 000008,8,1.0000000000,69.0000000000,69.0000000000,0,PHELPS,PHELPS
PHELPS - 000009,8,1.0000000000,40.0000000000,40.0000000000,0,PHELPS,PHELPS
PHELPS - 000010,8,1.0000000000,39.0000000000,39.0000000000,0,PHELPS,PHELPS
PHELPS - 000011,8,1.0000000000,103.0000000000,103.0000000000,0,PHELPS,PHELPS
PHELPS - 000012,8,1.0000000000,36.0000000000,36.0000000000,0,PHELPS,PHELPS
PHELPS - 000013,8,1.0000000000,59.0000000000,59.0000000000,0,PHELPS,PHELPS
PHELPS - 000014,8,1.0000000000,60.0000000000,60.0000000000,0,PHELPS,PHELPS
PHELPS - 000015,8,1.0000000000,15.0000000000,15.0000000000,0,PHELPS,PHELPS
PHELPS - 000016,8,1.0000000000,27.0000000000,27.0000000000,0,PHELPS,PHELPS
PHELPS - 000017,8,1.0000000000,158.0000000000,158.0000000000,0,PHELPS,PHELPS
PHELPS - 000018,8,1.0000000000,87.0000000000,87.0000000000,0,PHELPS,PHELPS
PHELPS - 000019,8,1.0000000000,54.0000000000,54.0000000000,0,PHELPS,PHELPS
PHELPS - 000020,8,1.0000000000,65.0000000000,65.0000000000,0,PHELPS,PHELPS
PHELPS - 000021,8,1.0000000000,125.0000000000,125.0000000000,0,PHELPS,PHELPS
PHELPS - 000022,8,1.0000000000,68.0000000000,68.0000000000,0,PHELPS,PHELPS
PHELPS - 000023,8,1.0000000000,61.0000000000,61.0000000000,0,PHELPS,PHELPS
PHELPS - 000024,8,1.0000000000,25.0000000000,25.0000000000,0,PHELPS,PHELPS
PHELPS - 000025,8,1.0000000000,54.0000000000,54.0000000000,0,PHELPS,PHELPS
PHELPS - 000026,8,1.0000000000,123.0000000000,123.0000000000,0,PHELPS,PHELPS
PHELPS - 000027,8,1.0000000000,40.0000000000,40.0000000000,0,PHELPS,PHELPS
PHELPS - 000028,8,1.0000000000,50.0000000000,50.0000000000,0,PHELPS,PHELPS
PHELPS - 000029,8,1.0000000000,84.0000000000,84.0000000000,0,PHELPS,PHELPS
PHELPS - 000030,8,1.0000000000,55.0000000000,55.0000000000,0,PHELPS,PHELPS
PHELPS - 000031,8,1.0000000000,30.0000000000,30.0000000000,0,PHELPS,PHELPS
PHELPS - 000032,8,1.0000000000,61.0000000000,61.0000000000,0,PHELPS,PHELPS
PHELPS - 000033,8,1.0000000000,58.0000000000,58.0000000000,0,PHELPS,PHELPS
PHELPS - 000034,8,1.0000000000,32.0000000000,32.0000000000,0,PHELPS,PHELPS
PHELPS - 000035,8,1.0000000000,101.0000000000,101.0000000000,0,PHELPS,PHELPS
PHELPS - 000036,8,1.0000000000,65.0000000000,65.0000000000,0,PHELPS,PHELPS
PHELPS - 000037,8,1.0000000000,41.0000000000,41.0000000000,0,PHELPS,PHELPS
PIKE - 000002,3,1.0000000000,228.0000000000,228.0000000000,0,PIKE,PIKE
PIKE - 000003,3,1.0000000000,144.0000000000,144.0000000000,0,PIKE,PIKE
PIKE - 000004,3,1.0000000000,117.0000000000,117.0000000000,0,PIKE,PIKE
PIKE - 000005,3,1.0000000000,103.0000000000,103.0000000000,0,PIKE,PIKE
PIKE - 000006,3,1.0000000000,37.0000000000,37.0000000000,0,PIKE,PIKE
PIKE - 000007,3,1.0000000000,121.0000000000,121.0000000000,0,PIKE,PIKE
PIKE - 000008,3,1.0000000000,81.0000000000,81.0000000000,0,PIKE,PIKE
PIKE - 000009,3,1.0000000000,145.0000000000,145.0000000000,0,PIKE,PIKE
PIKE - 000010,3,1.0000000000,161.0000000000,161.0000000000,0,PIKE,PIKE
PIKE - 000011,3,1.0000000000,46.0000000000,46.0000000000,0,PIKE,PIKE
PIKE - 000012,3,1.0000000000,110.0000000000,110.0000000000,0,PIKE,PIKE
PIKE - 000013,3,1.0000000000,137.0000000000,137.0000000000,0,PIKE,PIKE
PIKE - 000014,3,1.0000000000,88.0000000000,88.0000000000,0,PIKE,PIKE
PIKE - 000015,3,1.0000000000,101.0000000000,101.0000000000,0,PIKE,PIKE
PLATTE - 000002,6,1.0000000000,75.0000000000,75.0000000000,0,PLATTE,PLATTE
PLATTE - 000003,6,1.0000000000,79.0000000000,79.0000000000,0,PLATTE,PLATTE
PLATTE - 000004,6,1.0000000000,56.0000000000,56.0000000000,0,PLATTE,PLATTE
PLATTE - 000005,6,1.0000000000,25.0000000000,25.0000000000,0,PLATTE,PLATTE
PLATTE - 000006,6,1.0000000000,59.0000000000,59.0000000000,0,PLATTE,PLATTE
PLATTE - 000007,6,1.0000000000,83.0000000000,83.0000000000,0,PLATTE,PLATTE
PLATTE - 000008,6,1.0000000000,33.0000000000,33.0000000000,0,PLATTE,PLATTE
PLATTE - 000009,6,1.0000000000,70.0000000000,70.0000000000,0,PLATTE,PLATTE
PLATTE - 000010,6,1.0000000000,39.0000000000,39.0000000000,0,PLATTE,PLATTE
PLATTE - 000011,6,1.0000000000,58.0000000000,58.0000000000,0,PLATTE,PLATTE
PLATTE - 000012,6,1.0000000000,28.0000000000,28.0000000000,0,PLATTE,PLATTE
PLATTE - 000013,6,1.0000000000,107.0000000000,107.0000000000,0,PLATTE,PLATTE
PLATTE - 000014,6,1.0000000000,48.0000000000,48.0000000000,0,PLATTE,PLATTE
PLATTE - 000015,6,1.0000000000,8.0000000000,8.0000000000,0,PLATTE,PLATTE
PLATTE - 000016,6,1.0000000000,5.0000000000,5.0000000000,0,PLATTE,PLATTE
PLATTE - 000017,6,1.0000000000,7.0000000000,7.0000000000,0,PLATTE,PLATTE
PLATTE - 000018,6,1.0000000000,49.0000000000,49.0000000000,0,PLATTE,PLATTE
PLATTE - 000019,6,1.0000000000,72.0000000000,72.0000000000,0,PLATTE,PLATTE
PLATTE - 000020,6,1.0000000000,168.0000000000,168.0000000000,0,PLATTE,PLATTE
PLATTE - 000021,6,1.0000000000,98.0000000000,98.0000000000,0,PLATTE,PLATTE
PLATTE - 000022,6,1.0000000000,29.0000000000,29.0000000000,0,PLATTE,PLATTE
PLATTE - 000023,6,1.0000000000,82.0000000000,82.0000000000,0,PLATTE,PLATTE
PLATTE - 000024,6,1.0000000000,15.0000000000,15.0000000000,0,PLATTE,PLATTE
PLATTE - 000025,6,1.0000000000,56.0000000000,56.0000000000,0,PLATTE,PLATTE
PLATTE - 000026,6,1.0000000000,29.0000000000,29.0000000000,0,PLATTE,PLATTE
PLATTE - 000027,6,1.0000000000,64.0000000000,64.0000000000,0,PLATTE,PLATTE
PLATTE - 000028,6,1.0000000000,146.0000000000,146.0000000000,0,PLATTE,PLATTE
PLATTE - 000029,6,1.0000000000,26.0000000000,26.0000000000,0,PLATTE,PLATTE
PLATTE - 000030,6,1.0000000000,89.0000000000,89.0000000000,0,PLATTE,PLATTE
PLATTE - 000031,6,1.0000000000,19.0000000000,19.0000000000,0,PLATTE,PLATTE
PLATTE - 000032,6,1.0000000000,12.0000000000,12.0000000000,0,PLATTE,PLATTE
PLATTE - 000033,6,1.0000000000,96.0000000000,96.0000000000,0,PLATTE,PLATTE
PLATTE - 000034,6,1.0000000000,53.0000000000,53.0000000000,0,PLATTE,PLATTE
PLATTE - 000035,6,1.0000000000,103.0000000000,103.0000000000,0,PLATTE,PLATTE
PLATTE - 000036,6,1.0000000000,22.0000000000,22.0000000000,0,PLATTE,PLATTE
PLATTE - 000037,6,1.0000000000,70.0000000000,70.0000000000,0,PLATTE,PLATTE
PLATTE - 000038,6,1.0000000000,38.0000000000,38.0000000000,0,PLATTE,PLATTE
PLATTE - 000039,6,1.0000000000,80.0000000000,80.0000000000,0,PLATTE,PLATTE
PLATTE - 000040,6,1.0000000000,65.0000000000,65.0000000000,0,PLATTE,PLATTE
PLATTE - 000041,6,1.0000000000,57.0000000000,57.0000000000,0,PLATTE,PLATTE
PLATTE - 000042,6,1.0000000000,30.0000000000,30.0000000000,0,PLATTE,PLATTE
PLATTE - 000043,6,1.0000000000,60.0000000000,60.0000000000,0,PLATTE,PLATTE
PLATTE - 000044,6,1.0000000000,67.0000000000,67.0000000000,0,PLATTE,PLATTE
POLK - 000002,4,1.0000000000,70.0000000000,70.0000000000,0,POLK,POLK
POLK - 000003,4,1.0000000000,207.0000000000,207.0000000000,0,POLK,POLK
POLK - 000004,4,1.0000000000,116.0000000000,116.0000000000,0,POLK,POLK
POLK - 000005,4,1.0000000000,63.0000000000,63.0000000000,0,POLK,POLK
POLK - 000006,4,1.0000000000,67.0000000000,67.0000000000,0,POLK,POLK
POLK - 000007,4,1.0000000000,47.0000000000,47.0000000000,0,POLK,POLK
POLK - 000008,4,1.0000000000,134.0000000000,134.0000000000,0,POLK,POLK
POLK - 000009,4,1.0000000000,132.0000000000,132.0000000000,0,POLK,POLK
POLK - 000010,4,1.0000000000,117.0000000000,117.0000000000,0,POLK,POLK
POLK - 000011,4,1.0000000000,132.0000000000,132.0000000000,0,POLK,POLK
POLK - 000012,4,1.0000000000,48.0000000000,48.0000000000,0,POLK,POLK
POLK - 000013,4,1.0000000000,57.0000000000,57.0000000000,0,POLK,POLK
POLK - 000014,4,1.0000000000,172.0000000000,172.0000000000,0,POLK,POLK
POLK - 000015,4,1.0000000000,124.0000000000,124.0000000000,0,POLK,POLK
POLK - 000016,4,1.0000000000,57.0000000000,57.0000000000,0,POLK,POLK
POLK - 000017,4,1.0000000000,99.0000000000,99.0000000000,0,POLK,POLK
POLK - 000018,4,1.0000000000,38.0000000000,38.0000000000,0,POLK,POLK
POLK - 000019,4,1.0000000000,58.0000000000,58.0000000000,0,POLK,POLK
POLK - 000020,4,1.0000000000,40.0000000000,40.0000000000,0,POLK,POLK
POLK - 000021,4,1.0000000000,62.0000000000,62.0000000000,0,POLK,POLK
POLK - 000022,4,1.0000000000,56.0000000000,56.0000000000,0,POLK,POLK
POLK - 000023,4,1.0000000000,111.0000000000,111.0000000000,0,POLK,POLK
PULASKI - 000002,4,1.0000000000,45.0000000000,45.0000000000,0,PULASKI,PULASKI
PULASKI - 000003,4,1.0000000000,226.0000000000,226.0000000000,0,PULASKI,PULASKI
PULASKI - 000004,4,1.0000000000,238.0000000000,238.0000000000,0,PULASKI,PULASKI
PULASKI - 000006,4,1.0000000000,183.0000000000,183.0000000000,0,PULASKI,PULASKI
PULASKI - 000007,4,1.0000000000,110.0000000000,110.0000000000,0,PULASKI,PULASKI
PULASKI - 000008,4,1.0000000000,726.0000000000,726.0000000000,0,PULASKI,PULASKI
PULASKI - 000009,4,1.0000000000,58.0000000000,58.0000000000,0,PULASKI,PULASKI
PULASKI - 000010,4,1.0000000000,313.0000000000,313.0000000000,0,PULASKI,PULASKI
PUTNAM - 000002,6,1.0000000000,72.0000000000,72.0000000000,0,PUTNAM,PUTNAM
PUTNAM - 000003,6,1.0000000000,117.0000000000,117.0000000000,0,PUTNAM,PUTNAM
PUTNAM - 000004,6,1.0000000000,86.0000000000,86.0000000000,0,PUTNAM,PUTNAM
PUTNAM - 000005,6,1.0000000000,33.0000000000,33.0000000000,0,PUTNAM,PUTNAM
PUTNAM - 000006,6,1.0000000000,59.0000000000,59.0000000000,0,PUTNAM,PUTNAM
PUTNAM - 000007,6,1.0000000000,36.0000000000,36.0000000000,0,PUTNAM,PUTNAM
PUTNAM - 000008,6,1.0000000000,35.0000000000,35.0000000000,0,PUTNAM,PUTNAM
PUTNAM - 000009,6,1.0000000000,85.0000000000,85.0000000000,0,PUTNAM,PUTNAM
PUTNAM - 000010,6,1.0000000000,109.0000000000,109.0000000000,0,PUTNAM,PUTNAM
PUTNAM - 000011,6,1.0000000000,27.0000000000,27.0000000000,0,PUTNAM,PUTNAM
PUTNAM - 000012,6,1.0000000000,120.0000000000,120.0000000000,0,PUTNAM,PUTNAM
PUTNAM - 000013,6,1.0000000000,62.0000000000,62.0000000000,0,PUTNAM,PUTNAM
RALLS - 000002,3,1.0000000000,81.0000000000,81.0000000000,0,RALLS,RALLS
RALLS - 000003,3,1.0000000000,128.0000000000,128.0000000000,0,RALLS,RALLS
RALLS - 000004,3,1.0000000000,100.0000000000,100.0000000000,0,RALLS,RALLS
RALLS - 000005,3,1.0000000000,210.0000000000,210.0000000000,0,RALLS,RALLS
RALLS - 000007,3,1.0000000000,181.0000000000,181.0000000000,0,RALLS,RALLS
RALLS - 000009,3,1.0000000000,219.0000000000,219.0000000000,0,RALLS,RALLS
RALLS - 000010,3,1.0000000000,125.0000000000,125.0000000000,0,RALLS,RALLS
RANDOLPH - 000002,5,1.0000000000,116.0000000000,116.0000000000,0,RANDOLPH,RANDOLPH
RANDOLPH - 000003,5,1.0000000000,69.0000000000,69.0000000000,0,RANDOLPH,RANDOLPH
RANDOLPH - 000004,5,1.0000000000,55.0000000000,55.0000000000,0,RANDOLPH,RANDOLPH
RANDOLPH - 000005,5,1.0000000000,23.0000000000,23.0000000000,0,RANDOLPH,RANDOLPH
RANDOLPH - 000006,5,1.0000000000,96.0000000000,96.0000000000,0,RANDOLPH,RANDOLPH
RANDOLPH - 000007,5,1.0000000000,167.0000000000,167.0000000000,0,RANDOLPH,RANDOLPH
RANDOLPH - 000008,5,1.0000000000,65.0000000000,65.0000000000,0,RANDOLPH,RANDOLPH
RANDOLPH - 000009,5,1.0000000000,56.0000000000,56.0000000000,0,RANDOLPH,RANDOLPH
RANDOLPH - 000010,5,1.0000000000,27.0000000000,27.0000000000,0,RANDOLPH,RANDOLPH
RANDOLPH - 000011,5,1.0000000000,360.0000000000,360.0000000000,0,RANDOLPH,RANDOLPH
RANDOLPH - 000012,5,1.0000000000,175.0000000000,175.0000000000,0,RANDOLPH,RANDOLPH
RANDOLPH - 000013,5,1.0000000000,48.0000000000,48.0000000000,0,RANDOLPH,RANDOLPH
RANDOLPH - 000014,5,1.0000000000,281.0000000000,281.0000000000,0,RANDOLPH,RANDOLPH
RANDOLPH - 000015,5,1.0000000000,54.0000000000,54.0000000000,0,RANDOLPH,RANDOLPH
RANDOLPH - 000016,5,1.0000000000,59.0000000000,59.0000000000,0,RANDOLPH,RANDOLPH
RANDOLPH - 000017,5,1.0000000000,41.0000000000,41.0000000000,0,RANDOLPH,RANDOLPH
RAY - 000002,6,1.0000000000,85.0000000000,85.0000000000,0,RAY,RAY
RAY - 000003,6,1.0000000000,48.0000000000,48.0000000000,0,RAY,RAY
RAY - 000004,6,1.0000000000,26.0000000000,26.0000000000,0,RAY,RAY
RAY - 000005,6,1.0000000000,37.0000000000,37.0000000000,0,RAY,RAY
RAY - 000006,6,1.0000000000,184.0000000000,184.0000000000,0,RAY,RAY
RAY - 000007,6,1.0000000000,104.0000000000,104.0000000000,0,RAY,RAY
RAY - 000008,6,1.0000000000,61.0000000000,61.0000000000,0,RAY,RAY
RAY - 000009,6,1.0000000000,84.0000000000,84.0000000000,0,RAY,RAY
RAY - 000010,6,1.0000000000,145.0000000000,145.0000000000,0,RAY,RAY
RAY - 000011,6,1.0000000000,65.0000000000,65.0000000000,0,RAY,RAY
RAY - 000012,6,1.0000000000,184.0000000000,184.0000000000,0,RAY,RAY
RAY - 000013,6,1.0000000000,62.0000000000,62.0000000000,0,RAY,RAY
RAY - 000014,6,1.0000000000,45.0000000000,45.0000000000,0,RAY,RAY
RAY - 000015,6,1.0000000000,99.0000000000,99.0000000000,0,RAY,RAY
RAY - 000016,6,1.0000000000,92.0000000000,92.0000000000,0,RAY,RAY
RAY - 000017,6,1.0000000000,96.0000000000,96.0000000000,0,RAY,RAY
RAY - 000018,6,1.0000000000,60.0000000000,60.0000000000,0,RAY,RAY
RAY - 000019,6,1.0000000000,92.0000000000,92.0000000000,0,RAY,RAY
REYNOLDS - 000002,8,1.0000000000,73.0000000000,73.0000000000,0,REYNOLDS,REYNOLDS
REYNOLDS - 000003,8,1.0000000000,118.0000000000,118.0000000000,0,REYNOLDS,REYNOLDS
REYNOLDS - 000004,8,1.0000000000,38.0000000000,38.0000000000,0,REYNOLDS,REYNOLDS
REYNOLDS - 000005,8,1.0000000000,24.0000000000,24.0000000000,0,REYNOLDS,REYNOLDS
REYNOLDS - 000006,8,1.0000000000,20.0000000000,20.0000000000,0,REYNOLDS,REYNOLDS
REYNOLDS - 000007,8,1.0000000000,58.0000000000,58.0000000000,0,REYNOLDS,REYNOLDS
REYNOLDS - 000008,8,1.0000000000,79.0000000000,79.0000000000,0,REYNOLDS,REYNOLDS
REYNOLDS - 000009,8,1.0000000000,187.0000000000,187.0000000000,0,REYNOLDS,REYNOLDS
REYNOLDS - 000010,8,1.0000000000,78.0000000000,78.0000000000,0,REYNOLDS,REYNOLDS
REYNOLDS - 000011,8,1.0000000000,48.0000000000,48.0000000000,0,REYNOLDS,REYNOLDS
REYNOLDS - 000012,8,1.0000000000,24.0000000000,24.0000000000,0,REYNOLDS,REYNOLDS
REYNOLDS - 000013,8,1.0000000000,116.0000000000,116.0000000000,0,REYNOLDS,REYNOLDS
REYNOLDS - 000014,8,1.0000000000,125.0000000000,125.0000000000,0,REYNOLDS,REYNOLDS
RIPLEY - 000002,8,1.0000000000,184.0000000000,184.0000000000,0,RIPLEY,RIPLEY
RIPLEY - 000005,8,1.0000000000,68.0000000000,68.0000000000,0,RIPLEY,RIPLEY
RIPLEY - 000006,8,1.0000000000,64.0000000000,64.0000000000,0,RIPLEY,RIPLEY
RIPLEY - 000007,8,1.0000000000,49.0000000000,49.0000000000,0,RIPLEY,RIPLEY
RIPLEY - 000008,8,1.0000000000,42.0000000000,42.0000000000,0,RIPLEY,RIPLEY
RIPLEY - 000010,8,1.0000000000,73.0000000000,73.0000000000,0,RIPLEY,RIPLEY
RIPLEY - 000011,8,1.0000000000,91.0000000000,91.0000000000,0,RIPLEY,RIPLEY
RIPLEY - 000012,8,1.0000000000,126.0000000000,126.0000000000,0,RIPLEY,RIPLEY
SALINE - 000003,5,1.0000000000,120.0000000000,120.0000000000,0,SALINE,SALINE
SALINE - 000004,5,1.0000000000,140.0000000000,140.0000000000,0,SALINE,SALINE
SALINE - 000005,5,1.0000000000,125.0000000000,125.0000000000,0,SALINE,SALINE
SALINE - 000006,5,1.0000000000,351.0000000000,351.0000000000,0,SALINE,SALINE
SALINE - 000007,5,1.0000000000,159.0000000000,159.0000000000,0,SALINE,SALINE
SALINE - 000008,5,1.0000000000,142.0000000000,142.0000000000,0,SALINE,SALINE
SALINE - 000010,5,1.0000000000,161.0000000000,161.0000000000,0,SALINE,SALINE
SALINE - 000011,5,1.0000000000,147.0000000000,147.0000000000,0,SALINE,SALINE
SALINE - 000012,5,1.0000000000,86.0000000000,86.0000000000,0,SALINE,SALINE
SALINE - 16-013,5,1.0000000000,140.0000000000,140.0000000000,0,SALINE,SALINE
SALINE - 16-014,5,1.0000000000,243.0000000000,243.0000000000,0,SALINE,SALINE
SALINE - 16-015,5,1.0000000000,172.0000000000,172.0000000000,0,SALINE,SALINE
SALINE - 16-016,5,1.0000000000,135.0000000000,135.0000000000,0,SALINE,SALINE
SCHUYLER - 000002,6,1.0000000000,49.0000000000,49.0000000000,0,SCHUYLER,SCHUYLER
SCHUYLER - 000003,6,1.0000000000,106.0000000000,106.0000000000,0,SCHUYLER,SCHUYLER
SCHUYLER - 000004,6,1.0000000000,142.0000000000,142.0000000000,0,SCHUYLER,SCHUYLER
SCHUYLER - 000005,6,1.0000000000,113.0000000000,113.0000000000,0,SCHUYLER,SCHUYLER
SCHUYLER - 000006,6,1.0000000000,78.0000000000,78.0000000000,0,SCHUYLER,SCHUYLER
SCHUYLER - 000007,6,1.0000000000,102.0000000000,102.0000000000,0,SCHUYLER,SCHUYLER
SCHUYLER - 000008,6,1.0000000000,88.0000000000,88.0000000000,0,SCHUYLER,SCHUYLER
SCHUYLER - 000009,6,1.0000000000,54.0000000000,54.0000000000,0,SCHUYLER,SCHUYLER
SCHUYLER - 000010,6,1.0000000000,54.0000000000,54.0000000000,0,SCHUYLER,SCHUYLER
SCOTLAND - 000002,6,1.0000000000,224.0000000000,224.0000000000,0,SCOTLAND,SCOTLAND
SCOTLAND - 000003,6,1.0000000000,138.0000000000,138.0000000000,0,SCOTLAND,SCOTLAND
SCOTLAND - 000004,6,1.0000000000,44.0000000000,44.0000000000,0,SCOTLAND,SCOTLAND
SCOTLAND - 000005,6,1.0000000000,121.0000000000,121.0000000000,0,SCOTLAND,SCOTLAND
SCOTLAND - 000006,6,1.0000000000,151.0000000000,151.0000000000,0,SCOTLAND,SCOTLAND
SCOTLAND - 000007,6,1.0000000000,29.0000000000,29.0000000000,0,SCOTLAND,SCOTLAND
SCOTLAND - 000008,6,1.0000000000,391.0000000000,391.0000000000,0,SCOTLAND,SCOTLAND
SCOTT - 000003,8,1.0000000000,162.0000000000,162.0000000000,0,SCOTT,SCOTT
SCOTT - 000004,8,1.0000000000,112.0000000000,112.0000000000,0,SCOTT,SCOTT
SCOTT - 000006,8,1.0000000000,187.0000000000,187.0000000000,0,SCOTT,SCOTT
SCOTT - 000007,8,1.0000000000,62.0000000000,62.0000000000,0,SCOTT,SCOTT
SCOTT - 000009,8,1.0000000000,55.0000000000,55.0000000000,0,SCOTT,SCOTT
SCOTT - 000010,8,1.0000000000,21.0000000000,21.0000000000,0,SCOTT,SCOTT
SCOTT - 000011,8,1.0000000000,92.0000000000,92.0000000000,0,SCOTT,SCOTT
SCOTT - 000012,8,1.0000000000,143.0000000000,143.0000000000,0,SCOTT,SCOTT
SCOTT - 000013,8,1.0000000000,43.0000000000,43.0000000000,0,SCOTT,SCOTT
SCOTT - 000014,8,1.0000000000,49.0000000000,49.0000000000,0,SCOTT,SCOTT
SCOTT - 000015,8,1.0000000000,80.0000000000,80.0000000000,0,SCOTT,SCOTT
SCOTT - 000016,8,1.0000000000,51.0000000000,51.0000000000,0,SCOTT,SCOTT
SCOTT - 000017,8,1.0000000000,152.0000000000,152.0000000000,0,SCOTT,SCOTT
SCOTT - 000019,8,1.0000000000,47.0000000000,47.0000000000,0,SCOTT,SCOTT
SCOTT - 000021,8,1.0000000000,335.0000000000,335.0000000000,0,SCOTT,SCOTT
SCOTT - 000022,8,1.0000000000,92.0000000000,92.0000000000,0,SCOTT,SCOTT
SCOTT - 000023,8,1.0000000000,136.0000000000,136.0000000000,0,SCOTT,SCOTT
SCOTT - 12-001,8,1.0000000000,195.0000000000,195.0000000000,0,SCOTT,SCOTT
SCOTT - 12-002,8,1.0000000000,145.0000000000,145.0000000000,0,SCOTT,SCOTT
SHANNON - 000002,8,1.0000000000,31.0000000000,31.0000000000,0,SHANNON,SHANNON
SHANNON - 000003,8,1.0000000000,90.0000000000,90.0000000000,0,SHANNON,SHANNON
SHANNON - 000004,8,1.0000000000,162.0000000000,162.0000000000,0,SHANNON,SHANNON
SHANNON - 000005,8,1.0000000000,53.0000000000,53.0000000000,0,SHANNON,SHANNON
SHANNON - 000006,8,1.0000000000,96.0000000000,96.0000000000,0,SHANNON,SHANNON
SHANNON - 000007,8,1.0000000000,31.0000000000,31.0000000000,0,SHANNON,SHANNON
SHANNON - 000008,8,1.0000000000,281.0000000000,281.0000000000,0,SHANNON,SHANNON
SHANNON - 000009,8,1.0000000000,66.0000000000,66.0000000000,0,SHANNON,SHANNON
SHANNON - 000010,8,1.0000000000,59.0000000000,59.0000000000,0,SHANNON,SHANNON
SHANNON - 000011,8,1.0000000000,65.0000000000,65.0000000000,0,SHANNON,SHANNON
SHELBY - 000002,6,1.0000000000,111.0000000000,111.0000000000,0,SHELBY,SHELBY
SHELBY - 000003,6,1.0000000000,114.0000000000,114.0000000000,0,SHELBY,SHELBY
SHELBY - 000004,6,1.0000000000,222.0000000000,222.0000000000,0,SHELBY,SHELBY
SHELBY - 000005,6,1.0000000000,117.0000000000,117.0000000000,0,SHELBY,SHELBY
SHELBY - 000006,6,1.0000000000,21.0000000000,21.0000000000,0,SHELBY,SHELBY
SHELBY - 000007,6,1.0000000000,131.0000000000,131.0000000000,0,SHELBY,SHELBY
SHELBY - 000008,6,1.0000000000,128.0000000000,128.0000000000,0,SHELBY,SHELBY
SHELBY - 000009,6,1.0000000000,77.0000000000,77.0000000000,0,SHELBY,SHELBY
ST. CHARLES - 000001,3,1.0000000000,218.0000000000,218.0000000000,0,ST CHARLES,ST CHARLES
ST. CHARLES - 000004,3,1.0000000000,53.0000000000,53.0000000000,0,ST CHARLES,ST CHARLES
ST. CHARLES - 000005,3,1.0000000000,139.0000000000,139.0000000000,0,ST CHARLES,ST CHARLES
ST. CHARLES - 000014,3,1.0000000000,184.0000000000,184.0000000000,0,ST CHARLES,ST CHARLES
ST. CHARLES - 000015,3,1.0000000000,106.0000000000,106.0000000000,0,ST CHARLES,ST CHARLES
ST. CHARLES - 000016,3,1.0000000000,66.0000000000,66.0000000000,0,ST CHARLES,ST CHARLES
ST. CHARLES - 000021,3,1.0000000000,31.0000000000,31.0000000000,0,ST CHARLES,ST CHARLES
ST. CHARLES - 000022,3,1.0000000000,48.0000000000,48.0000000000,0,ST CHARLES,ST CHARLES
ST. CHARLES - 000024,3,1.0000000000,81.0000000000,81.0000000000,0,ST CHARLES,ST CHARLES
ST. CHARLES - 000025,3,1.0000000000,39.0000000000,39.0000000000,0,ST CHARLES,ST CHARLES
ST. CHARLES - 000028,3,1.0000000000,80.0000000000,80.0000000000,0,ST CHARLES,ST CHARLES
ST. CHARLES - 000031,3,1.0000000000,49.0000000000,49.0000000000,0,ST CHARLES,ST CHARLES
ST. CHARLES - 000033,3,1.0000000000,33.0000000000,33.0000000000,0,ST CHARLES,ST CHARLES
ST. CHARLES - 000034,3,1.0000000000,34.0000000000,34.0000000000,0,ST CHARLES,ST CHARLES
ST. CHARLES - 000036,3,1.0000000000,41.0000000000,41.0000000000,0,ST CHARLES,ST CHARLES
ST. CHARLES - 000041,3,1.0000000000,267.0000000000,267.0000000000,0,ST CHARLES,ST CHARLES
ST. CHARLES - 000043,3,1.0000000000,65.0000000000,65.0000000000,0,ST CHARLES,ST CHARLES
ST. CHARLES - 000045,3,1.0000000000,16.0000000000,16.0000000000,0,ST CHARLES,ST CHARLES
ST. CHARLES - 000047,3,1.0000000000,29.0000000000,29.0000000000,0,ST CHARLES,ST CHARLES
ST. CHARLES - 000051,3,1.0000000000,35.0000000000,35.0000000000,0,ST CHARLES,ST CHARLES
ST. CHARLES - 000054,3,1.0000000000,34.0000000000,34.0000000000,0,ST CHARLES,ST CHARLES
ST. CHARLES - 000056,3,1.0000000000,65.0000000000,65.0000000000,0,ST CHARLES,ST CHARLES
ST. CHARLES - 000057,3,1.0000000000,24.0000000000,24.0000000000,0,ST CHARLES,ST CHARLES
ST. CHARLES - 000062,3,1.0000000000,44.0000000000,44.0000000000,0,ST CHARLES,ST CHARLES
ST. CHARLES - 000063,3,1.0000000000,52.0000000000,52.0000000000,0,ST CHARLES,ST CHARLES
ST. CHARLES - 000071,3,1.0000000000,96.0000000000,96.0000000000,0,ST CHARLES,ST CHARLES
ST. CHARLES - 000080,3,1.0000000000,36.0000000000,36.0000000000,0,ST CHARLES,ST CHARLES
ST. CHARLES - 000083,3,1.0000000000,12.0000000000,12.0000000000,0,ST CHARLES,ST CHARLES
ST. CHARLES - 000084,3,1.0000000000,46.0000000000,46.0000000000,0,ST CHARLES,ST CHARLES
ST. CHARLES - 000085,3,1.0000000000,37.0000000000,37.0000000000,0,ST CHARLES,ST CHARLES
ST. CHARLES - 000086,3,1.0000000000,37.0000000000,37.0000000000,0,ST CHARLES,ST CHARLES
ST. CHARLES - 000087,3,1.0000000000,17.0000000000,17.0000000000,0,ST CHARLES,ST CHARLES
ST. CHARLES - 000091,3,1.0000000000,76.0000000000,76.0000000000,0,ST CHARLES,ST CHARLES
ST. CHARLES - 000100,3,1.0000000000,56.0000000000,56.0000000000,0,ST CHARLES,ST CHARLES
ST. CHARLES - 000101,3,1.0000000000,21.0000000000,21.0000000000,0,ST CHARLES,ST CHARLES
ST. CHARLES - 000102,3,1.0000000000,41.0000000000,41.0000000000,0,ST CHARLES,ST CHARLES
ST. CHARLES - 000103,3,1.0000000000,38.0000000000,38.0000000000,0,ST CHARLES,ST CHARLES
ST. CHARLES - 000104,3,1.0000000000,59.0000000000,59.0000000000,0,ST CHARLES,ST CHARLES
ST. CHARLES - 000106,3,1.0000000000,18.0000000000,18.0000000000,0,ST CHARLES,ST CHARLES
ST. CHARLES - 000107,3,1.0000000000,64.0000000000,64.0000000000,0,ST CHARLES,ST CHARLES
ST. CHARLES - 000111,3,1.0000000000,47.0000000000,47.0000000000,0,ST CHARLES,ST CHARLES
ST. CHARLES - 000113,3,1.0000000000,30.0000000000,30.0000000000,0,ST CHARLES,ST CHARLES
ST. CHARLES - 000121,3,1.0000000000,37.0000000000,37.0000000000,0,ST CHARLES,ST CHARLES
ST. CHARLES - 000122,3,1.0000000000,132.0000000000,132.0000000000,0,ST CHARLES,ST CHARLES
ST. CHARLES - 000124,3,1.0000000000,35.0000000000,35.0000000000,0,ST CHARLES,ST CHARLES
ST. CHARLES - 000126,3,1.0000000000,41.0000000000,41.0000000000,0,ST CHARLES,ST CHARLES
ST. CHARLES - 000128,3,1.0000000000,20.0000000000,20.0000000000,0,ST CHARLES,ST CHARLES
ST. CHARLES - 000129,3,1.0000000000,39.0000000000,39.0000000000,0,ST CHARLES,ST CHARLES
ST. CHARLES - 000130,3,1.0000000000,19.0000000000,19.0000000000,0,ST CHARLES,ST CHARLES
ST. CHARLES - 000131,3,1.0000000000,17.0000000000,17.0000000000,0,ST CHARLES,ST CHARLES
ST. CHARLES - 000132,3,1.0000000000,40.0000000000,40.0000000000,0,ST CHARLES,ST CHARLES
ST. CHARLES - 000139,3,1.0000000000,23.0000000000,23.0000000000,0,ST CHARLES,ST CHARLES
ST. CHARLES - 000140,3,1.0000000000,52.0000000000,52.0000000000,0,ST CHARLES,ST CHARLES
ST. CHARLES - 000143,3,1.0000000000,20.0000000000,20.0000000000,0,ST CHARLES,ST CHARLES
ST. CHARLES - 000144,3,1.0000000000,23.0000000000,23.0000000000,0,ST CHARLES,ST CHARLES
ST. CHARLES - 000145,3,1.0000000000,29.0000000000,29.0000000000,0,ST CHARLES,ST CHARLES
ST. CHARLES - 000146,3,1.0000000000,31.0000000000,31.0000000000,0,ST CHARLES,ST CHARLES
ST. CHARLES - 000147,3,1.0000000000,65.0000000000,65.0000000000,0,ST CHARLES,ST CHARLES
ST. CHARLES - 000148,3,1.0000000000,21.0000000000,21.0000000000,0,ST CHARLES,ST CHARLES
ST. CHARLES - 000149,3,1.0000000000,39.0000000000,39.0000000000,0,ST CHARLES,ST CHARLES
ST. CHARLES - 000150,3,1.0000000000,40.0000000000,40.0000000000,0,ST CHARLES,ST CHARLES
ST. CHARLES - 000151,3,1.0000000000,41.0000000000,41.0000000000,0,ST CHARLES,ST CHARLES
ST. CHARLES - 000152,3,1.0000000000,39.0000000000,39.0000000000,0,ST CHARLES,ST CHARLES
ST. CHARLES - 000153,3,1.0000000000,32.0000000000,32.0000000000,0,ST CHARLES,ST CHARLES
ST. CHARLES - 000154,3,1.0000000000,57.0000000000,57.0000000000,0,ST CHARLES,ST CHARLES
ST. CHARLES - 000155,3,1.0000000000,42.0000000000,42.0000000000,0,ST CHARLES,ST CHARLES
ST. CHARLES - 000156,3,1.0000000000,19.0000000000,19.0000000000,0,ST CHARLES,ST CHARLES
ST. CHARLES - 000157,3,1.0000000000,13.0000000000,13.0000000000,0,ST CHARLES,ST CHARLES
ST. CHARLES - 000159,3,1.0000000000,53.0000000000,53.0000000000,0,ST CHARLES,ST CHARLES
ST. CHARLES - 000160,3,1.0000000000,58.0000000000,58.0000000000,0,ST CHARLES,ST CHARLES
ST. CHARLES - 000161,3,1.0000000000,54.0000000000,54.0000000000,0,ST CHARLES,ST CHARLES
ST. CHARLES - 000162,3,1.0000000000,58.0000000000,58.0000000000,0,ST CHARLES,ST CHARLES
ST. CHARLES - 000163,3,1.0000000000,64.0000000000,64.0000000000,0,ST CHARLES,ST CHARLES
ST. CHARLES - 000165,3,1.0000000000,59.0000000000,59.0000000000,0,ST CHARLES,ST CHARLES
ST. CHARLES - 000166,3,1.0000000000,45.0000000000,45.0000000000,0,ST CHARLES,ST CHARLES
ST. CHARLES - 000167,3,1.0000000000,32.0000000000,32.0000000000,0,ST CHARLES,ST CHARLES
ST. CHARLES - 000169,3,1.0000000000,74.0000000000,74.0000000000,0,ST CHARLES,ST CHARLES
ST. CHARLES - 000170,3,1.0000000000,27.0000000000,27.0000000000,0,ST CHARLES,ST CHARLES
ST. CHARLES - 000173,3,1.0000000000,86.0000000000,86.0000000000,0,ST CHARLES,ST CHARLES
ST. CHARLES - 000181,3,1.0000000000,290.0000000000,290.0000000000,0,ST CHARLES,ST CHARLES
ST. CHARLES - 000182,3,1.0000000000,98.0000000000,98.0000000000,0,ST CHARLES,ST CHARLES
ST. CHARLES - 000183,3,1.0000000000,92.0000000000,92.0000000000,0,ST CHARLES,ST CHARLES
ST. CHARLES - 000184,3,1.0000000000,130.0000000000,130.0000000000,0,ST CHARLES,ST CHARLES
ST. CHARLES - 000185,3,1.0000000000,56.0000000000,56.0000000000,0,ST CHARLES,ST CHARLES
ST. CHARLES - 000186,3,1.0000000000,44.0000000000,44.0000000000,0,ST CHARLES,ST CHARLES
ST. CHARLES - 000187,3,1.0000000000,76.0000000000,76.0000000000,0,ST CHARLES,ST CHARLES
ST. CHARLES - 000189,3,1.0000000000,36.0000000000,36.0000000000,0,ST CHARLES,ST CHARLES
ST. CHARLES - 000190,3,1.0000000000,48.0000000000,48.0000000000,0,ST CHARLES,ST CHARLES
ST. CHARLES - 000193,3,1.0000000000,19.0000000000,19.0000000000,0,ST CHARLES,ST CHARLES
ST. CHARLES - 000194,3,1.0000000000,22.0000000000,22.0000000000,0,ST CHARLES,ST CHARLES
ST. CHARLES - 000196,3,1.0000000000,25.0000000000,25.0000000000,0,ST CHARLES,ST CHARLES
ST. CHARLES - 000197,3,1.0000000000,59.0000000000,59.0000000000,0,ST CHARLES,ST CHARLES
ST. CHARLES - 000198,3,1.0000000000,34.0000000000,34.0000000000,0,ST CHARLES,ST CHARLES
ST. CHARLES - 000199,3,1.0000000000,55.0000000000,55.0000000000,0,ST CHARLES,ST CHARLES
ST. CHARLES - 000200,3,1.0000000000,44.0000000000,44.0000000000,0,ST CHARLES,ST CHARLES
ST. CHARLES - 000202,3,1.0000000000,37.0000000000,37.0000000000,0,ST CHARLES,ST CHARLES
ST. CHARLES - 000203,3,1.0000000000,64.0000000000,64.0000000000,0,ST CHARLES,ST CHARLES
ST. CHARLES - 000205,3,1.0000000000,28.0000000000,28.0000000000,0,ST CHARLES,ST CHARLES
ST. CHARLES - 000206,3,1.0000000000,77.0000000000,77.0000000000,0,ST CHARLES,ST CHARLES
ST. CHARLES - 000207,3,1.0000000000,70.0000000000,70.0000000000,0,ST CHARLES,ST CHARLES
ST. CHARLES - 000208,3,1.0000000000,40.0000000000,40.0000000000,0,ST CHARLES,ST CHARLES
ST. CHARLES - 000210,3,1.0000000000,73.0000000000,73.0000000000,0,ST CHARLES,ST CHARLES
ST. CHARLES - 000211,3,1.0000000000,56.0000000000,56.0000000000,0,ST CHARLES,ST CHARLES
ST. CHARLES - 000212,3,1.0000000000,23.0000000000,23.0000000000,0,ST CHARLES,ST CHARLES
ST. CHARLES - 000213,3,1.0000000000,25.0000000000,25.0000000000,0,ST CHARLES,ST CHARLES
ST. CHARLES - 000214,3,1.0000000000,156.0000000000,156.0000000000,0,ST CHARLES,ST CHARLES
ST. CHARLES - 000215,3,1.0000000000,40.0000000000,40.0000000000,0,ST CHARLES,ST CHARLES
ST. CHARLES - 000217,3,1.0000000000,71.0000000000,71.0000000000,0,ST CHARLES,ST CHARLES
ST. CHARLES - 000218,3,1.0000000000,14.0000000000,14.0000000000,0,ST CHARLES,ST CHARLES
ST. CHARLES - 000219,3,1.0000000000,18.0000000000,18.0000000000,0,ST CHARLES,ST CHARLES
ST. CHARLES - 000220,3,1.0000000000,9.0000000000,9.0000000000,0,ST CHARLES,ST CHARLES
ST. CHARLES - 000221,3,1.0000000000,78.0000000000,78.0000000000,0,ST CHARLES,ST CHARLES
ST. CHARLES - 000222,3,1.0000000000,58.0000000000,58.0000000000,0,ST CHARLES,ST CHARLES
ST. CHARLES - 000225,3,1.0000000000,94.0000000000,94.0000000000,0,ST CHARLES,ST CHARLES
ST. CHARLES - 000226,3,1.0000000000,53.0000000000,53.0000000000,0,ST CHARLES,ST CHARLES
ST. CHARLES - 000227,3,1.0000000000,36.0000000000,36.0000000000,0,ST CHARLES,ST CHARLES
ST. CHARLES - 000228,3,1.0000000000,45.0000000000,45.0000000000,0,ST CHARLES,ST CHARLES
ST. CHARLES - 000229,3,1.0000000000,57.0000000000,57.0000000000,0,ST CHARLES,ST CHARLES
ST. CHARLES - 000230,3,1.0000000000,17.0000000000,17.0000000000,0,ST CHARLES,ST CHARLES
ST. CHARLES - 000231,3,1.0000000000,25.0000000000,25.0000000000,0,ST CHARLES,ST CHARLES
ST. CHARLES - 000234,3,1.0000000000,8.0000000000,8.0000000000,0,ST CHARLES,ST CHARLES
ST. CLAIR - 000002,4,1.0000000000,76.0000000000,76.0000000000,0,ST CLAIR,ST CLAIR
ST. CLAIR - 000003,4,1.0000000000,61.0000000000,61.0000000000,0,ST CLAIR,ST CLAIR
ST. CLAIR - 000004,4,1.0000000000,116.0000000000,116.0000000000,0,ST CLAIR,ST CLAIR
ST. CLAIR - 000005,4,1.0000000000,62.0000000000,62.0000000000,0,ST CLAIR,ST CLAIR
ST. CLAIR - 000006,4,1.0000000000,152.0000000000,152.0000000000,0,ST CLAIR,ST CLAIR
ST. CLAIR - 000007,4,1.0000000000,54.0000000000,54.0000000000,0,ST CLAIR,ST CLAIR
ST. CLAIR - 000008,4,1.0000000000,144.0000000000,144.0000000000,0,ST CLAIR,ST CLAIR
ST. CLAIR - 000009,4,1.0000000000,153.0000000000,153.0000000000,0,ST CLAIR,ST CLAIR
ST. CLAIR - 000010,4,1.0000000000,107.0000000000,107.0000000000,0,ST CLAIR,ST CLAIR
ST. CLAIR - 000011,4,1.0000000000,107.0000000000,107.0000000000,0,ST CLAIR,ST CLAIR
ST. CLAIR - 000012,4,1.0000000000,37.0000000000,37.0000000000,0,ST CLAIR,ST CLAIR
ST. CLAIR - 000013,4,1.0000000000,111.0000000000,111.0000000000,0,ST CLAIR,ST CLAIR
ST. CLAIR - 000014,4,1.0000000000,95.0000000000,95.0000000000,0,ST CLAIR,ST CLAIR
ST. CLAIR - 000015,4,1.0000000000,88.0000000000,88.0000000000,0,ST CLAIR,ST CLAIR
ST. CLAIR - 000016,4,1.0000000000,53.0000000000,53.0000000000,0,ST CLAIR,ST CLAIR
ST. CLAIR - 000017,4,1.0000000000,149.0000000000,149.0000000000,0,ST CLAIR,ST CLAIR
ST. CLAIR - 000018,4,1.0000000000,106.0000000000,106.0000000000,0,ST CLAIR,ST CLAIR
ST. CLAIR - 000019,4,1.0000000000,168.0000000000,168.0000000000,0,ST CLAIR,ST CLAIR
ST. FRANCOIS - 000002,8,1.0000000000,131.0000000000,131.0000000000,0,ST FRANCOIS,ST FRANCOIS
ST. FRANCOIS - 000005,8,1.0000000000,258.0000000000,258.0000000000,0,ST FRANCOIS,ST FRANCOIS
ST. FRANCOIS - 000006,8,1.0000000000,42.0000000000,42.0000000000,0,ST FRANCOIS,ST FRANCOIS
ST. FRANCOIS - 000007,8,1.0000000000,56.0000000000,56.0000000000,0,ST FRANCOIS,ST FRANCOIS
ST. FRANCOIS - 000008,8,1.0000000000,70.0000000000,70.0000000000,0,ST FRANCOIS,ST FRANCOIS
ST. FRANCOIS - 000009,8,1.0000000000,87.0000000000,87.0000000000,0,ST FRANCOIS,ST FRANCOIS
ST. FRANCOIS - 000010,8,1.0000000000,101.0000000000,101.0000000000,0,ST FRANCOIS,ST FRANCOIS
ST. FRANCOIS - 000011,8,1.0000000000,131.0000000000,131.0000000000,0,ST FRANCOIS,ST FRANCOIS
ST. FRANCOIS - 000012,8,1.0000000000,141.0000000000,141.0000000000,0,ST FRANCOIS,ST FRANCOIS
ST. FRANCOIS - 000013,8,1.0000000000,132.0000000000,132.0000000000,0,ST FRANCOIS,ST FRANCOIS
ST. FRANCOIS - 000014,8,1.0000000000,127.0000000000,127.0000000000,0,ST FRANCOIS,ST FRANCOIS
ST. FRANCOIS - 000016,8,1.0000000000,103.0000000000,103.0000000000,0,ST FRANCOIS,ST FRANCOIS
ST. FRANCOIS - 000017,8,1.0000000000,52.0000000000,52.0000000000,0,ST FRANCOIS,ST FRANCOIS
ST. FRANCOIS - 000018,8,1.0000000000,61.0000000000,61.0000000000,0,ST FRANCOIS,ST FRANCOIS
ST. FRANCOIS - 000019,8,1.0000000000,136.0000000000,136.0000000000,0,ST FRANCOIS,ST FRANCOIS
ST. FRANCOIS - 000020,8,1.0000000000,51.0000000000,51.0000000000,0,ST FRANCOIS,ST FRANCOIS
ST. FRANCOIS - 000021,8,1.0000000000,183.0000000000,183.0000000000,0,ST FRANCOIS,ST FRANCOIS
ST. FRANCOIS - 000023,8,1.0000000000,155.0000000000,155.0000000000,0,ST FRANCOIS,ST FRANCOIS
ST. FRANCOIS - 000024,8,1.0000000000,182.0000000000,182.0000000000,0,ST FRANCOIS,ST FRANCOIS
ST. FRANCOIS - 000025,8,1.0000000000,178.0000000000,178.0000000000,0,ST FRANCOIS,ST FRANCOIS
ST. FRANCOIS - 000026,8,1.0000000000,208.0000000000,208.0000000000,0,ST FRANCOIS,ST FRANCOIS
ST. FRANCOIS - 000027,8,1.0000000000,145.0000000000,145.0000000000,0,ST FRANCOIS,ST FRANCOIS
ST. LOUIS - 001600,1,1.0000000000,4.0000000000,4.0000000000,0,ST LOUIS,ST LOUIS
ST. LOUIS - 0AP001,1,1.0000000000,8.0000000000,8.0000000000,0,ST LOUIS,ST LOUIS
ST. LOUIS - 0AP002,1,1.0000000000,9.0000000000,9.0000000000,0,ST LOUIS,ST LOUIS
ST. LOUIS - 0AP003,1,1.0000000000,21.0000000000,21.0000000000,0,ST LOUIS,ST LOUIS
ST. LOUIS - 0AP004,1,1.0000000000,5.0000000000,5.0000000000,0,ST LOUIS,ST LOUIS
ST. LOUIS - 0AP005,1,1.0000000000,21.0000000000,21.0000000000,0,ST LOUIS,ST LOUIS
ST. LOUIS - 0AP006,1,1.0000000000,1.0000000000,1.0000000000,0,ST LOUIS,ST LOUIS
ST. LOUIS - 0AP007,1,1.0000000000,6.0000000000,6.0000000000,0,ST LOUIS,ST LOUIS
ST. LOUIS - 0AP008,1,1.0000000000,10.0000000000,10.0000000000,0,ST LOUIS,ST LOUIS
ST. LOUIS - 0AP009,1,1.0000000000,12.0000000000,12.0000000000,0,ST LOUIS,ST LOUIS
ST. LOUIS - 0AP010,1,1.0000000000,45.0000000000,45.0000000000,0,ST LOUIS,ST LOUIS
ST. LOUIS - 0AP011,1,1.0000000000,4.0000000000,4.0000000000,0,ST LOUIS,ST LOUIS
ST. LOUIS - 0AP012,1,1.0000000000,12.0000000000,12.0000000000,0,ST LOUIS,ST LOUIS
ST. LOUIS - 0AP013,1,1.0000000000,8.0000000000,8.0000000000,0,ST LOUIS,ST LOUIS
ST. LOUIS - 0AP014,1,1.0000000000,3.0000000000,3.0000000000,0,ST LOUIS,ST LOUIS
ST. LOUIS - 0AP015,1,1.0000000000,10.0000000000,10.0000000000,0,ST LOUIS,ST LOUIS
ST. LOUIS - 0AP016,1,1.0000000000,12.0000000000,12.0000000000,0,ST LOUIS,ST LOUIS
ST. LOUIS - 0AP017,1,1.0000000000,17.0000000000,17.0000000000,0,ST LOUIS,ST LOUIS
ST. LOUIS - 0AP018,1,1.0000000000,10.0000000000,10.0000000000,0,ST LOUIS,ST LOUIS
ST. LOUIS - 0AP019,1,1.0000000000,25.0000000000,25.0000000000,0,ST LOUIS,ST LOUIS
ST. LOUIS - 0AP020,1,1.0000000000,8.0000000000,8.0000000000,0,ST LOUIS,ST LOUIS
ST. LOUIS - 0AP021,1,1.0000000000,3.0000000000,3.0000000000,0,ST LOUIS,ST LOUIS
ST. LOUIS - 0AP022,1,1.0000000000,6.0000000000,6.0000000000,0,ST LOUIS,ST LOUIS
ST. LOUIS - 0AP023,1,1.0000000000,1.0000000000,1.0000000000,0,ST LOUIS,ST LOUIS
ST. LOUIS - 0AP024,1,1.0000000000,10.0000000000,10.0000000000,0,ST LOUIS,ST LOUIS
ST. LOUIS - 0AP025,1,1.0000000000,1.0000000000,1.0000000000,0,ST LOUIS,ST LOUIS
ST. LOUIS - 0AP026,1,1.0000000000,1.0000000000,1.0000000000,0,ST LOUIS,ST LOUIS
ST. LOUIS - 0AP027,1,1.0000000000,54.0000000000,54.0000000000,0,ST LOUIS,ST LOUIS
ST. LOUIS - 0AP028,1,1.0000000000,22.0000000000,22.0000000000,0,ST LOUIS,ST LOUIS
ST. LOUIS - 0AP029,1,1.0000000000,6.0000000000,6.0000000000,0,ST LOUIS,ST LOUIS
ST. LOUIS - 0AP030,1,1.0000000000,16.0000000000,16.0000000000,0,ST LOUIS,ST LOUIS
ST. LOUIS - 0AP031,1,1.0000000000,26.0000000000,26.0000000000,0,ST LOUIS,ST LOUIS
ST. LOUIS - 0AP032,2,1.0000000000,14.0000000000,14.0000000000,0,ST LOUIS,ST LOUIS
ST. LOUIS - 0AP033,1,1.0000000000,5.0000000000,5.0000000000,0,ST LOUIS,ST LOUIS
ST. LOUIS - 0AP034,1,1.0000000000,18.0000000000,18.0000000000,0,ST LOUIS,ST LOUIS
ST. LOUIS - 0AP035,1,1.0000000000,4.0000000000,4.0000000000,0,ST LOUIS,ST LOUIS
ST. LOUIS - 0AP036,1,1.0000000000,16.0000000000,16.0000000000,0,ST LOUIS,ST LOUIS
ST. LOUIS - 0AP037,1,1.0000000000,11.0000000000,11.0000000000,0,ST LOUIS,ST LOUIS
ST. LOUIS - 0AP038,1,1.0000000000,19.0000000000,19.0000000000,0,ST LOUIS,ST LOUIS
ST. LOUIS - 0AP039,1,1.0000000000,18.0000000000,18.0000000000,0,ST LOUIS,ST LOUIS
ST. LOUIS - 0AP040,1,1.0000000000,18.0000000000,18.0000000000,0,ST LOUIS,ST LOUIS
ST. LOUIS - 0AP041,2,1.0000000000,15.0000000000,15.0000000000,0,ST LOUIS,ST LOUIS
ST. LOUIS - 0AP042,1,1.0000000000,2.0000000000,2.0000000000,0,ST LOUIS,ST LOUIS
ST. LOUIS - 0AP043,1,1.0000000000,13.0000000000,13.0000000000,0,ST LOUIS,ST LOUIS
ST. LOUIS - 0AP044,1,1.0000000000,6.0000000000,6.0000000000,0,ST LOUIS,ST LOUIS
ST. LOUIS - 0AP045,1,1.0000000000,14.0000000000,14.0000000000,0,ST LOUIS,ST LOUIS
ST. LOUIS - 0AP046,1,1.0000000000,7.0000000000,7.0000000000,0,ST LOUIS,ST LOUIS
ST. LOUIS - 0AP047,1,1.0000000000,6.0000000000,6.0000000000,0,ST LOUIS,ST LOUIS
ST. LOUIS - 0AP048,1,1.0000000000,4.0000000000,4.0000000000,0,ST LOUIS,ST LOUIS
ST. LOUIS - 0AP049,1,1.0000000000,26.0000000000,26.0000000000,0,ST LOUIS,ST LOUIS
ST. LOUIS - 0AP050,1,1.0000000000,8.0000000000,8.0000000000,0,ST LOUIS,ST LOUIS
ST. LOUIS - 0AP051,1,1.0000000000,3.0000000000,3.0000000000,0,ST LOUIS,ST LOUIS
ST. LOUIS - 0AP200,1,1.0000000000,3.0000000000,3.0000000000,0,ST LOUIS,ST LOUIS
ST. LOUIS - 0AP201,2,1.0000000000,2.0000000000,2.0000000000,0,ST LOUIS,ST LOUIS
ST. LOUIS - 0AP202,2,1.0000000000,1.0000000000,1.0000000000,0,ST LOUIS,ST LOUIS
ST. LOUIS - 0AP203,1,1.0000000000,14.0000000000,14.0000000000,0,ST LOUIS,ST LOUIS
ST. LOUIS - 0AP206,1,1.0000000000,8.0000000000,8.0000000000,0,ST LOUIS,ST LOUIS
ST. LOUIS - 0AP207,1,1.0000000000,2.0000000000,2.0000000000,0,ST LOUIS,ST LOUIS
ST. LOUIS - 0AP208,1,1.0000000000,10.0000000000,10.0000000000,0,ST LOUIS,ST LOUIS
ST. LOUIS - 0AP211,1,1.0000000000,5.0000000000,5.0000000000,0,ST LOUIS,ST LOUIS
ST. LOUIS - 0AP214,1,1.0000000000,1.0000000000,1.0000000000,0,ST LOUIS,ST LOUIS
ST. LOUIS - 0AP215,1,1.0000000000,4.0000000000,4.0000000000,0,ST LOUIS,ST LOUIS
ST. LOUIS - 0AP216,1,1.0000000000,2.0000000000,2.0000000000,0,ST LOUIS,ST LOUIS
ST. LOUIS - 0AP217,1,1.0000000000,2.0000000000,2.0000000000,0,ST LOUIS,ST LOUIS
ST. LOUIS - 0AP218,1,1.0000000000,1.0000000000,1.0000000000,0,ST LOUIS,ST LOUIS
ST. LOUIS - 0AP225,1,1.0000000000,3.0000000000,3.0000000000,0,ST LOUIS,ST LOUIS
ST. LOUIS - 0AP230,1,1.0000000000,1.0000000000,1.0000000000,0,ST LOUIS,ST LOUIS
ST. LOUIS - 0AP232,1,1.0000000000,9.0000000000,9.0000000000,0,ST LOUIS,ST LOUIS
ST. LOUIS - 0AP233,1,1.0000000000,1.0000000000,1.0000000000,0,ST LOUIS,ST LOUIS
ST. LOUIS - 0AP237,1,1.0000000000,2.0000000000,2.0000000000,0,ST LOUIS,ST LOUIS
ST. LOUIS - 0CC001,2,1.0000000000,17.0000000000,17.0000000000,0,ST LOUIS,ST LOUIS
ST. LOUIS - 0CC002,2,1.0000000000,9.0000000000,9.0000000000,0,ST LOUIS,ST LOUIS
ST. LOUIS - 0CC003,2,1.0000000000,7.0000000000,7.0000000000,0,ST LOUIS,ST LOUIS
ST. LOUIS - 0CC004,2,1.0000000000,11.0000000000,11.0000000000,0,ST LOUIS,ST LOUIS
ST. LOUIS - 0CC005,2,1.0000000000,10.0000000000,10.0000000000,0,ST LOUIS,ST LOUIS
ST. LOUIS - 0CC006,2,1.0000000000,19.0000000000,19.0000000000,0,ST LOUIS,ST LOUIS
ST. LOUIS - 0CC007,2,1.0000000000,11.0000000000,11.0000000000,0,ST LOUIS,ST LOUIS
ST. LOUIS - 0CC008,2,1.0000000000,10.0000000000,10.0000000000,0,ST LOUIS,ST LOUIS
ST. LOUIS - 0CC009,2,1.0000000000,2.0000000000,2.0000000000,0,ST LOUIS,ST LOUIS
ST. LOUIS - 0CC010,2,1.0000000000,9.0000000000,9.0000000000,0,ST LOUIS,ST LOUIS
ST. LOUIS - 0CC011,2,1.0000000000,13.0000000000,13.0000000000,0,ST LOUIS,ST LOUIS
ST. LOUIS - 0CC012,1,1.0000000000,5.0000000000,5.0000000000,0,ST LOUIS,ST LOUIS
ST. LOUIS - 0CC013,1,1.0000000000,3.0000000000,3.0000000000,0,ST LOUIS,ST LOUIS
ST. LOUIS - 0CC014,2,1.0000000000,33.0000000000,33.0000000000,0,ST LOUIS,ST LOUIS
ST. LOUIS - 0CC015,2,1.0000000000,12.0000000000,12.0000000000,0,ST LOUIS,ST LOUIS
ST. LOUIS - 0CC016,2,1.0000000000,9.0000000000,9.0000000000,0,ST LOUIS,ST LOUIS
ST. LOUIS - 0CC017,2,1.0000000000,10.0000000000,10.0000000000,0,ST LOUIS,ST LOUIS
ST. LOUIS - 0CC018,2,1.0000000000,10.0000000000,10.0000000000,0,ST LOUIS,ST LOUIS
ST. LOUIS - 0CC019,2,1.0000000000,11.0000000000,11.0000000000,0,ST LOUIS,ST LOUIS
ST. LOUIS - 0CC020,2,1.0000000000,33.0000000000,33.0000000000,0,ST LOUIS,ST LOUIS
ST. LOUIS - 0CC021,2,1.0000000000,2.0000000000,2.0000000000,0,ST LOUIS,ST LOUIS
ST. LOUIS - 0CC022,1,1.0000000000,10.0000000000,10.0000000000,0,ST LOUIS,ST LOUIS
ST. LOUIS - 0CC023,2,1.0000000000,9.0000000000,9.0000000000,0,ST LOUIS,ST LOUIS
ST. LOUIS - 0CC024,2,1.0000000000,5.0000000000,5.0000000000,0,ST LOUIS,ST LOUIS
ST. LOUIS - 0CC025,2,1.0000000000,18.0000000000,18.0000000000,0,ST LOUIS,ST LOUIS
ST. LOUIS - 0CC026,2,1.0000000000,3.0000000000,3.0000000000,0,ST LOUIS,ST LOUIS
ST. LOUIS - 0CC027,2,1.0000000000,41.0000000000,41.0000000000,0,ST LOUIS,ST LOUIS
ST. LOUIS - 0CC028,2,1.0000000000,1.0000000000,1.0000000000,0,ST LOUIS,ST LOUIS
ST. LOUIS - 0CC030,2,1.0000000000,2.0000000000,2.0000000000,0,ST LOUIS,ST LOUIS
ST. LOUIS - 0CC031,2,1.0000000000,17.0000000000,17.0000000000,0,ST LOUIS,ST LOUIS
ST. LOUIS - 0CC032,2,1.0000000000,6.0000000000,6.0000000000,0,ST LOUIS,ST LOUIS
ST. LOUIS - 0CC033,2,1.0000000000,7.0000000000,7.0000000000,0,ST LOUIS,ST LOUIS
ST. LOUIS - 0CC034,2,1.0000000000,2.0000000000,2.0000000000,0,ST LOUIS,ST LOUIS
ST. LOUIS - 0CC035,2,1.0000000000,17.0000000000,17.0000000000,0,ST LOUIS,ST LOUIS
ST. LOUIS - 0CC036,2,1.0000000000,3.0000000000,3.0000000000,0,ST LOUIS,ST LOUIS
ST. LOUIS - 0CC037,2,1.0000000000,5.0000000000,5.0000000000,0,ST LOUIS,ST LOUIS
ST. LOUIS - 0CC038,2,1.0000000000,10.0000000000,10.0000000000,0,ST LOUIS,ST LOUIS
ST. LOUIS - 0CC039,2,1.0000000000,5.0000000000,5.0000000000,0,ST LOUIS,ST LOUIS
ST. LOUIS - 0CC040,2,1.0000000000,7.0000000000,7.0000000000,0,ST LOUIS,ST LOUIS
ST. LOUIS - 0CC041,2,1.0000000000,10.0000000000,10.0000000000,0,ST LOUIS,ST LOUIS
ST. LOUIS - 0CC042,2,1.0000000000,8.0000000000,8.0000000000,0,ST LOUIS,ST LOUIS
ST. LOUIS - 0CC043,1,1.0000000000,1.0000000000,1.0000000000,0,ST LOUIS,ST LOUIS
ST. LOUIS - 0CC044,2,1.0000000000,18.0000000000,18.0000000000,0,ST LOUIS,ST LOUIS
ST. LOUIS - 0CC045,2,1.0000000000,1.0000000000,1.0000000000,0,ST LOUIS,ST LOUIS
ST. LOUIS - 0CC046,2,1.0000000000,5.0000000000,5.0000000000,0,ST LOUIS,ST LOUIS
ST. LOUIS - 0CC047,2,1.0000000000,7.0000000000,7.0000000000,0,ST LOUIS,ST LOUIS
ST. LOUIS - 0CC048,1,0.1428571429,1.0000000000,7.0000000000,0,ST LOUIS,ST LOUIS
ST. LOUIS - 0CC048,2,0.8571428571,6.0000000000,7.0000000000,0,ST LOUIS,ST LOUIS
ST. LOUIS - 0CC049,2,1.0000000000,6.0000000000,6.0000000000,0,ST LOUIS,ST LOUIS
ST. LOUIS - 0CC050,2,1.0000000000,14.0000000000,14.0000000000,0,ST LOUIS,ST LOUIS
ST. LOUIS - 0CC051,1,1.0000000000,1.0000000000,1.0000000000,0,ST LOUIS,ST LOUIS
ST. LOUIS - 0CC052,2,1.0000000000,3.0000000000,3.0000000000,0,ST LOUIS,ST LOUIS
ST. LOUIS - 0CC053,2,1.0000000000,18.0000000000,18.0000000000,0,ST LOUIS,ST LOUIS
ST. LOUIS - 0CC054,2,1.0000000000,3.0000000000,3.0000000000,0,ST LOUIS,ST LOUIS
ST. LOUIS - 0CC055,2,1.0000000000,4.0000000000,4.0000000000,0,ST LOUIS,ST LOUIS
ST. LOUIS - 0CC056,2,1.0000000000,4.0000000000,4.0000000000,0,ST LOUIS,ST LOUIS
ST. LOUIS - 0CC057,1,1.0000000000,10.0000000000,10.0000000000,0,ST LOUIS,ST LOUIS
ST. LOUIS - 0CC058,2,1.0000000000,15.0000000000,15.0000000000,0,ST LOUIS,ST LOUIS
ST. LOUIS - 0CC201,2,1.0000000000,3.0000000000,3.0000000000,0,ST LOUIS,ST LOUIS
ST. LOUIS - 0CC202,2,1.0000000000,1.0000000000,1.0000000000,0,ST LOUIS,ST LOUIS
ST. LOUIS - 0CC203,1,0.1250000000,1.0000000000,8.0000000000,0,ST LOUIS,ST LOUIS
ST. LOUIS - 0CC203,2,0.8750000000,7.0000000000,8.0000000000,0,ST LOUIS,ST LOUIS
ST. LOUIS - 0CC205,1,1.0000000000,5.0000000000,5.0000000000,0,ST LOUIS,ST LOUIS
ST. LOUIS - 0CC208,2,1.0000000000,9.0000000000,9.0000000000,0,ST LOUIS,ST LOUIS
ST. LOUIS - 0CC214,2,1.0000000000,3.0000000000,3.0000000000,0,ST LOUIS,ST LOUIS
ST. LOUIS - 0CC221,2,1.0000000000,1.0000000000,1.0000000000,0,ST LOUIS,ST LOUIS
ST. LOUIS - 0LC001,1,1.0000000000,13.0000000000,13.0000000000,0,ST LOUIS,ST LOUIS
ST. LOUIS - 0LC002,1,1.0000000000,15.0000000000,15.0000000000,0,ST LOUIS,ST LOUIS
ST. LOUIS - 0LC003,1,1.0000000000,21.0000000000,21.0000000000,0,ST LOUIS,ST LOUIS
ST. LOUIS - 0LC004,1,1.0000000000,14.0000000000,14.0000000000,0,ST LOUIS,ST LOUIS
ST. LOUIS - 0LC005,1,1.0000000000,27.0000000000,27.0000000000,0,ST LOUIS,ST LOUIS
ST. LOUIS - 0LC006,1,1.0000000000,6.0000000000,6.0000000000,0,ST LOUIS,ST LOUIS
ST. LOUIS - 0LC007,1,1.0000000000,2.0000000000,2.0000000000,0,ST LOUIS,ST LOUIS
ST. LOUIS - 0LC008,1,1.0000000000,10.0000000000,10.0000000000,0,ST LOUIS,ST LOUIS
ST. LOUIS - 0LC009,1,1.0000000000,18.0000000000,18.0000000000,0,ST LOUIS,ST LOUIS
ST. LOUIS - 0LC010,1,1.0000000000,26.0000000000,26.0000000000,0,ST LOUIS,ST LOUIS
ST. LOUIS - 0LC011,1,1.0000000000,8.0000000000,8.0000000000,0,ST LOUIS,ST LOUIS
ST. LOUIS - 0LC012,1,1.0000000000,9.0000000000,9.0000000000,0,ST LOUIS,ST LOUIS
ST. LOUIS - 0LC013,1,1.0000000000,19.0000000000,19.0000000000,0,ST LOUIS,ST LOUIS
ST. LOUIS - 0LC014,1,1.0000000000,12.0000000000,12.0000000000,0,ST LOUIS,ST LOUIS
ST. LOUIS - 0LC015,1,1.0000000000,24.0000000000,24.0000000000,0,ST LOUIS,ST LOUIS
ST. LOUIS - 0LC016,1,1.0000000000,8.0000000000,8.0000000000,0,ST LOUIS,ST LOUIS
ST. LOUIS - 0LC017,1,1.0000000000,15.0000000000,15.0000000000,0,ST LOUIS,ST LOUIS
ST. LOUIS - 0LC018,1,1.0000000000,2.0000000000,2.0000000000,0,ST LOUIS,ST LOUIS
ST. LOUIS - 0LC019,1,1.0000000000,1.0000000000,1.0000000000,0,ST LOUIS,ST LOUIS
ST. LOUIS - 0LC020,1,1.0000000000,8.0000000000,8.0000000000,0,ST LOUIS,ST LOUIS
ST. LOUIS - 0LC021,1,1.0000000000,19.0000000000,19.0000000000,0,ST LOUIS,ST LOUIS
ST. LOUIS - 0LC022,1,1.0000000000,6.0000000000,6.0000000000,0,ST LOUIS,ST LOUIS
ST. LOUIS - 0LC023,1,1.0000000000,5.0000000000,5.0000000000,0,ST LOUIS,ST LOUIS
ST. LOUIS - 0LC024,1,1.0000000000,8.0000000000,8.0000000000,0,ST LOUIS,ST LOUIS
ST. LOUIS - 0LC025,1,1.0000000000,9.0000000000,9.0000000000,0,ST LOUIS,ST LOUIS
ST. LOUIS - 0LC026,1,1.0000000000,14.0000000000,14.0000000000,0,ST LOUIS,ST LOUIS
ST. LOUIS - 0LC027,1,1.0000000000,1.0000000000,1.0000000000,0,ST LOUIS,ST LOUIS
ST. LOUIS - 0LC028,1,1.0000000000,12.0000000000,12.0000000000,0,ST LOUIS,ST LOUIS
ST. LOUIS - 0LC029,1,1.0000000000,7.0000000000,7.0000000000,0,ST LOUIS,ST LOUIS
ST. LOUIS - 0LC030,1,1.0000000000,18.0000000000,18.0000000000,0,ST LOUIS,ST LOUIS
ST. LOUIS - 0LC031,1,1.0000000000,12.0000000000,12.0000000000,0,ST LOUIS,ST LOUIS
ST. LOUIS - 0LC032,1,1.0000000000,8.0000000000,8.0000000000,0,ST LOUIS,ST LOUIS
ST. LOUIS - 0LC200,1,1.0000000000,3.0000000000,3.0000000000,0,ST LOUIS,ST LOUIS
ST. LOUIS - 0LC203,1,1.0000000000,2.0000000000,2.0000000000,0,ST LOUIS,ST LOUIS
ST. LOUIS - 0LC204,1,1.0000000000,1.0000000000,1.0000000000,0,ST LOUIS,ST LOUIS
ST. LOUIS - 0LC209,1,1.0000000000,2.0000000000,2.0000000000,0,ST LOUIS,ST LOUIS
ST. LOUIS - 0MR001,2,1.0000000000,7.0000000000,7.0000000000,0,ST LOUIS,ST LOUIS
ST. LOUIS - 0MR002,2,1.0000000000,5.0000000000,5.0000000000,0,ST LOUIS,ST LOUIS
ST. LOUIS - 0MR003,2,1.0000000000,12.0000000000,12.0000000000,0,ST LOUIS,ST LOUIS
ST. LOUIS - 0MR004,2,1.0000000000,13.0000000000,13.0000000000,0,ST LOUIS,ST LOUIS
ST. LOUIS - 0MR005,2,1.0000000000,2.0000000000,2.0000000000,0,ST LOUIS,ST LOUIS
ST. LOUIS - 0MR006,2,1.0000000000,14.0000000000,14.0000000000,0,ST LOUIS,ST LOUIS
ST. LOUIS - 0MR007,2,1.0000000000,10.0000000000,10.0000000000,0,ST LOUIS,ST LOUIS
ST. LOUIS - 0MR008,2,1.0000000000,3.0000000000,3.0000000000,0,ST LOUIS,ST LOUIS
ST. LOUIS - 0MR009,2,1.0000000000,7.0000000000,7.0000000000,0,ST LOUIS,ST LOUIS
ST. LOUIS - 0MR010,2,1.0000000000,7.0000000000,7.0000000000,0,ST LOUIS,ST LOUIS
ST. LOUIS - 0MR011,2,1.0000000000,28.0000000000,28.0000000000,0,ST LOUIS,ST LOUIS
ST. LOUIS - 0MR012,2,1.0000000000,7.0000000000,7.0000000000,0,ST LOUIS,ST LOUIS
ST. LOUIS - 0MR013,2,1.0000000000,4.0000000000,4.0000000000,0,ST LOUIS,ST LOUIS
ST. LOUIS - 0MR014,2,1.0000000000,9.0000000000,9.0000000000,0,ST LOUIS,ST LOUIS
ST. LOUIS - 0MR015,2,1.0000000000,3.0000000000,3.0000000000,0,ST LOUIS,ST LOUIS
ST. LOUIS - 0MR016,2,1.0000000000,17.0000000000,17.0000000000,0,ST LOUIS,ST LOUIS
ST. LOUIS - 0MR017,2,1.0000000000,1.0000000000,1.0000000000,0,ST LOUIS,ST LOUIS
ST. LOUIS - 0MR018,2,1.0000000000,19.0000000000,19.0000000000,0,ST LOUIS,ST LOUIS
ST. LOUIS - 0MR019,2,1.0000000000,18.0000000000,18.0000000000,0,ST LOUIS,ST LOUIS
ST. LOUIS - 0MR020,2,1.0000000000,1.0000000000,1.0000000000,0,ST LOUIS,ST LOUIS
ST. LOUIS - 0MR021,2,1.0000000000,1.0000000000,1.0000000000,0,ST LOUIS,ST LOUIS
ST. LOUIS - 0MR022,2,1.0000000000,11.0000000000,11.0000000000,0,ST LOUIS,ST LOUIS
ST. LOUIS - 0MR023,2,1.0000000000,3.0000000000,3.0000000000,0,ST LOUIS,ST LOUIS
ST. LOUIS - 0MR024,2,1.0000000000,1.0000000000,1.0000000000,0,ST LOUIS,ST LOUIS
ST. LOUIS - 0MR025,2,1.0000000000,15.0000000000,15.0000000000,0,ST LOUIS,ST LOUIS
ST. LOUIS - 0MR026,2,1.0000000000,20.0000000000,20.0000000000,0,ST LOUIS,ST LOUIS
ST. LOUIS - 0MR027,2,1.0000000000,23.0000000000,23.0000000000,0,ST LOUIS,ST LOUIS
ST. LOUIS - 0MR028,2,1.0000000000,19.0000000000,19.0000000000,0,ST LOUIS,ST LOUIS
ST. LOUIS - 0MR029,2,1.0000000000,7.0000000000,7.0000000000,0,ST LOUIS,ST LOUIS
ST. LOUIS - 0MR030,2,1.0000000000,15.0000000000,15.0000000000,0,ST LOUIS,ST LOUIS
ST. LOUIS - 0MR031,2,1.0000000000,2.0000000000,2.0000000000,0,ST LOUIS,ST LOUIS
ST. LOUIS - 0MR032,2,1.0000000000,4.0000000000,4.0000000000,0,ST LOUIS,ST LOUIS
ST. LOUIS - 0MR033,2,1.0000000000,15.0000000000,15.0000000000,0,ST LOUIS,ST LOUIS
ST. LOUIS - 0MR034,2,1.0000000000,7.0000000000,7.0000000000,0,ST LOUIS,ST LOUIS
ST. LOUIS - 0MR035,2,1.0000000000,15.0000000000,15.0000000000,0,ST LOUIS,ST LOUIS
ST. LOUIS - 0MR036,2,1.0000000000,5.0000000000,5.0000000000,0,ST LOUIS,ST LOUIS
ST. LOUIS - 0MR037,2,1.0000000000,7.0000000000,7.0000000000,0,ST LOUIS,ST LOUIS
ST. LOUIS - 0MR038,2,1.0000000000,6.0000000000,6.0000000000,0,ST LOUIS,ST LOUIS
ST. LOUIS - 0MR039,2,1.0000000000,9.0000000000,9.0000000000,0,ST LOUIS,ST LOUIS
ST. LOUIS - 0MR040,2,1.0000000000,7.0000000000,7.0000000000,0,ST LOUIS,ST LOUIS
ST. LOUIS - 0MR041,2,1.0000000000,7.0000000000,7.0000000000,0,ST LOUIS,ST LOUIS
ST. LOUIS - 0MR042,2,1.0000000000,4.0000000000,4.0000000000,0,ST LOUIS,ST LOUIS
ST. LOUIS - 0MR043,2,1.0000000000,5.0000000000,5.0000000000,0,ST LOUIS,ST LOUIS
ST. LOUIS - 0MR044,2,1.0000000000,7.0000000000,7.0000000000,0,ST LOUIS,ST LOUIS
ST. LOUIS - 0MR045,2,1.0000000000,14.0000000000,14.0000000000,0,ST LOUIS,ST LOUIS
ST. LOUIS - 0MR046,2,1.0000000000,11.0000000000,11.0000000000,0,ST LOUIS,ST LOUIS
ST. LOUIS - 0MR047,2,1.0000000000,1.0000000000,1.0000000000,0,ST LOUIS,ST LOUIS
ST. LOUIS - 0MR048,2,1.0000000000,9.0000000000,9.0000000000,0,ST LOUIS,ST LOUIS
ST. LOUIS - 0MR049,2,1.0000000000,3.0000000000,3.0000000000,0,ST LOUIS,ST LOUIS
ST. LOUIS - 0MR050,2,1.0000000000,4.0000000000,4.0000000000,0,ST LOUIS,ST LOUIS
ST. LOUIS - 0MR051,2,1.0000000000,12.0000000000,12.0000000000,0,ST LOUIS,ST LOUIS
ST. LOUIS - 0MR052,2,1.0000000000,6.0000000000,6.0000000000,0,ST LOUIS,ST LOUIS
ST. LOUIS - 0MR053,2,1.0000000000,5.0000000000,5.0000000000,0,ST LOUIS,ST LOUIS
ST. LOUIS - 0MR054,2,1.0000000000,2.0000000000,2.0000000000,0,ST LOUIS,ST LOUIS
ST. LOUIS - 0MR055,2,1.0000000000,6.0000000000,6.0000000000,0,ST LOUIS,ST LOUIS
ST. LOUIS - 0MR056,2,1.0000000000,8.0000000000,8.0000000000,0,ST LOUIS,ST LOUIS
ST. LOUIS - 0MR057,2,1.0000000000,2.0000000000,2.0000000000,0,ST LOUIS,ST LOUIS
ST. LOUIS - 0MR058,2,1.0000000000,9.0000000000,9.0000000000,0,ST LOUIS,ST LOUIS
ST. LOUIS - 0MR059,2,1.0000000000,2.0000000000,2.0000000000,0,ST LOUIS,ST LOUIS
ST. LOUIS - 0MR200,2,1.0000000000,9.0000000000,9.0000000000,0,ST LOUIS,ST LOUIS
ST. LOUIS - 0MR202,2,1.0000000000,1.0000000000,1.0000000000,0,ST LOUIS,ST LOUIS
ST. LOUIS - 0MR203,2,1.0000000000,4.0000000000,4.0000000000,0,ST LOUIS,ST LOUIS
ST. LOUIS - 0MR204,2,1.0000000000,4.0000000000,4.0000000000,0,ST LOUIS,ST LOUIS
ST. LOUIS - 0MR205,2,1.0000000000,1.0000000000,1.0000000000,0,ST LOUIS,ST LOUIS
ST. LOUIS - 0MR209,2,1.0000000000,1.0000000000,1.0000000000,0,ST LOUIS,ST LOUIS
ST. LOUIS - 0MR210,2,1.0000000000,4.0000000000,4.0000000000,0,ST LOUIS,ST LOUIS
ST. LOUIS - 0MR212,2,1.0000000000,1.0000000000,1.0000000000,0,ST LOUIS,ST LOUIS
ST. LOUIS - 0MR213,2,1.0000000000,1.0000000000,1.0000000000,0,ST LOUIS,ST LOUIS
ST. LOUIS - 0NW001,1,0.0625000000,1.0000000000,16.0000000000,0,ST LOUIS,ST LOUIS
ST. LOUIS - 0NW001,2,0.9375000000,15.0000000000,16.0000000000,0,ST LOUIS,ST LOUIS
ST. LOUIS - 0NW002,1,1.0000000000,31.0000000000,31.0000000000,0,ST LOUIS,ST LOUIS
ST. LOUIS - 0NW003,1,1.0000000000,13.0000000000,13.0000000000,0,ST LOUIS,ST LOUIS
ST. LOUIS - 0NW004,1,1.0000000000,9.0000000000,9.0000000000,0,ST LOUIS,ST LOUIS
ST. LOUIS - 0NW005,1,1.0000000000,13.0000000000,13.0000000000,0,ST LOUIS,ST LOUIS
ST. LOUIS - 0NW006,1,1.0000000000,12.0000000000,12.0000000000,0,ST LOUIS,ST LOUIS
ST. LOUIS - 0NW007,1,1.0000000000,4.0000000000,4.0000000000,0,ST LOUIS,ST LOUIS
ST. LOUIS - 0NW008,1,1.0000000000,13.0000000000,13.0000000000,0,ST LOUIS,ST LOUIS
ST. LOUIS - 0NW009,1,1.0000000000,12.0000000000,12.0000000000,0,ST LOUIS,ST LOUIS
ST. LOUIS - 0NW010,1,1.0000000000,7.0000000000,7.0000000000,0,ST LOUIS,ST LOUIS
ST. LOUIS - 0NW011,1,1.0000000000,4.0000000000,4.0000000000,0,ST LOUIS,ST LOUIS
ST. LOUIS - 0NW012,1,1.0000000000,16.0000000000,16.0000000000,0,ST LOUIS,ST LOUIS
ST. LOUIS - 0NW013,2,0.3000000000,12.0000000000,40.0000000000,0,ST LOUIS,ST LOUIS
ST. LOUIS - 0NW013,3,0.7000000000,28.0000000000,40.0000000000,0,ST LOUIS,ST LOUIS
ST. LOUIS - 0NW014,1,1.0000000000,1.0000000000,1.0000000000,0,ST LOUIS,ST LOUIS
ST. LOUIS - 0NW015,1,1.0000000000,6.0000000000,6.0000000000,0,ST LOUIS,ST LOUIS
ST. LOUIS - 0NW016,1,1.0000000000,10.0000000000,10.0000000000,0,ST LOUIS,ST LOUIS
ST. LOUIS - 0NW017,1,1.0000000000,3.0000000000,3.0000000000,0,ST LOUIS,ST LOUIS
ST. LOUIS - 0NW018,1,1.0000000000,18.0000000000,18.0000000000,0,ST LOUIS,ST LOUIS
ST. LOUIS - 0NW019,2,1.0000000000,4.0000000000,4.0000000000,0,ST LOUIS,ST LOUIS
ST. LOUIS - 0NW020,2,1.0000000000,14.0000000000,14.0000000000,0,ST LOUIS,ST LOUIS
ST. LOUIS - 0NW021,3,1.0000000000,6.0000000000,6.0000000000,0,ST LOUIS,ST LOUIS
ST. LOUIS - 0NW022,1,1.0000000000,12.0000000000,12.0000000000,0,ST LOUIS,ST LOUIS
ST. LOUIS - 0NW023,1,1.0000000000,6.0000000000,6.0000000000,0,ST LOUIS,ST LOUIS
ST. LOUIS - 0NW024,1,1.0000000000,3.0000000000,3.0000000000,0,ST LOUIS,ST LOUIS
ST. LOUIS - 0NW025,1,1.0000000000,10.0000000000,10.0000000000,0,ST LOUIS,ST LOUIS
ST. LOUIS - 0NW026,1,1.0000000000,2.0000000000,2.0000000000,0,ST LOUIS,ST LOUIS
ST. LOUIS - 0NW027,1,1.0000000000,2.0000000000,2.0000000000,0,ST LOUIS,ST LOUIS
ST. LOUIS - 0NW028,1,1.0000000000,5.0000000000,5.0000000000,0,ST LOUIS,ST LOUIS
ST. LOUIS - 0NW029,2,1.0000000000,11.0000000000,11.0000000000,0,ST LOUIS,ST LOUIS
ST. LOUIS - 0NW030,1,1.0000000000,3.0000000000,3.0000000000,0,ST LOUIS,ST LOUIS
ST. LOUIS - 0NW031,1,1.0000000000,4.0000000000,4.0000000000,0,ST LOUIS,ST LOUIS
ST. LOUIS - 0NW032,1,1.0000000000,20.0000000000,20.0000000000,0,ST LOUIS,ST LOUIS
ST. LOUIS - 0NW033,2,1.0000000000,11.0000000000,11.0000000000,0,ST LOUIS,ST LOUIS
ST. LOUIS - 0NW034,1,1.0000000000,15.0000000000,15.0000000000,0,ST LOUIS,ST LOUIS
ST. LOUIS - 0NW035,2,0.4583333333,11.0000000000,24.0000000000,0,ST LOUIS,ST LOUIS
ST. LOUIS - 0NW035,3,0.5416666667,13.0000000000,24.0000000000,0,ST LOUIS,ST LOUIS
ST. LOUIS - 0NW036,1,1.0000000000,14.0000000000,14.0000000000,0,ST LOUIS,ST LOUIS
ST. LOUIS - 0NW037,1,1.0000000000,4.0000000000,4.0000000000,0,ST LOUIS,ST LOUIS
ST. LOUIS - 0NW038,2,1.0000000000,16.0000000000,16.0000000000,0,ST LOUIS,ST LOUIS
ST. LOUIS - 0NW039,1,1.0000000000,1.0000000000,1.0000000000,0,ST LOUIS,ST LOUIS
ST. LOUIS - 0NW040,1,1.0000000000,5.0000000000,5.0000000000,0,ST LOUIS,ST LOUIS
ST. LOUIS - 0NW041,1,1.0000000000,15.0000000000,15.0000000000,0,ST LOUIS,ST LOUIS
ST. LOUIS - 0NW042,1,1.0000000000,22.0000000000,22.0000000000,0,ST LOUIS,ST LOUIS
ST. LOUIS - 0NW043,1,1.0000000000,2.0000000000,2.0000000000,0,ST LOUIS,ST LOUIS
ST. LOUIS - 0NW044,1,1.0000000000,56.0000000000,56.0000000000,0,ST LOUIS,ST LOUIS
ST. LOUIS - 0NW045,1,1.0000000000,3.0000000000,3.0000000000,0,ST LOUIS,ST LOUIS
ST. LOUIS - 0NW046,1,1.0000000000,7.0000000000,7.0000000000,0,ST LOUIS,ST LOUIS
ST. LOUIS - 0NW047,2,1.0000000000,7.0000000000,7.0000000000,0,ST LOUIS,ST LOUIS
ST. LOUIS - 0NW048,1,1.0000000000,21.0000000000,21.0000000000,0,ST LOUIS,ST LOUIS
ST. LOUIS - 0NW049,2,1.0000000000,28.0000000000,28.0000000000,0,ST LOUIS,ST LOUIS
ST. LOUIS - 0NW050,1,1.0000000000,13.0000000000,13.0000000000,0,ST LOUIS,ST LOUIS
ST. LOUIS - 0NW051,1,1.0000000000,7.0000000000,7.0000000000,0,ST LOUIS,ST LOUIS
ST. LOUIS - 0NW052,2,1.0000000000,2.0000000000,2.0000000000,0,ST LOUIS,ST LOUIS
ST. LOUIS - 0NW200,1,1.0000000000,2.0000000000,2.0000000000,0,ST LOUIS,ST LOUIS
ST. LOUIS - 0NW201,2,1.0000000000,6.0000000000,6.0000000000,0,ST LOUIS,ST LOUIS
ST. LOUIS - 0NW202,1,1.0000000000,9.0000000000,9.0000000000,0,ST LOUIS,ST LOUIS
ST. LOUIS - 0NW203,3,1.0000000000,7.0000000000,7.0000000000,0,ST LOUIS,ST LOUIS
ST. LOUIS - 0NW204,1,1.0000000000,2.0000000000,2.0000000000,0,ST LOUIS,ST LOUIS
ST. LOUIS - 0NW205,1,1.0000000000,5.0000000000,5.0000000000,0,ST LOUIS,ST LOUIS
ST. LOUIS - 0NW206,1,1.0000000000,6.0000000000,6.0000000000,0,ST LOUIS,ST LOUIS
ST. LOUIS - 0NW207,1,1.0000000000,4.0000000000,4.0000000000,0,ST LOUIS,ST LOUIS
ST. LOUIS - 0NW208,1,1.0000000000,1.0000000000,1.0000000000,0,ST LOUIS,ST LOUIS
ST. LOUIS - 0NW209,1,1.0000000000,2.0000000000,2.0000000000,0,ST LOUIS,ST LOUIS
ST. LOUIS - 0NW210,1,1.0000000000,1.0000000000,1.0000000000,0,ST LOUIS,ST LOUIS
ST. LOUIS - 0NW211,2,1.0000000000,10.0000000000,10.0000000000,0,ST LOUIS,ST LOUIS
ST. LOUIS - 0NW212,1,1.0000000000,4.0000000000,4.0000000000,0,ST LOUIS,ST LOUIS
ST. LOUIS - 0NW213,1,1.0000000000,40.0000000000,40.0000000000,0,ST LOUIS,ST LOUIS
ST. LOUIS - 0NW214,1,1.0000000000,1.0000000000,1.0000000000,0,ST LOUIS,ST LOUIS
ST. LOUIS - 0NW215,1,1.0000000000,8.0000000000,8.0000000000,0,ST LOUIS,ST LOUIS
ST. LOUIS - 0NW216,1,1.0000000000,1.0000000000,1.0000000000,0,ST LOUIS,ST LOUIS
ST. LOUIS - 0NW217,1,1.0000000000,1.0000000000,1.0000000000,0,ST LOUIS,ST LOUIS
ST. LOUIS - 0NW219,1,1.0000000000,2.0000000000,2.0000000000,0,ST LOUIS,ST LOUIS
ST. LOUIS - 0NW220,1,0.5000000000,1.0000000000,2.0000000000,0,ST LOUIS,ST LOUIS
ST. LOUIS - 0NW220,3,0.5000000000,1.0000000000,2.0000000000,0,ST LOUIS,ST LOUIS
ST. LOUIS - 0NW224,1,1.0000000000,1.0000000000,1.0000000000,0,ST LOUIS,ST LOUIS
ST. LOUIS - 0NW225,1,1.0000000000,2.0000000000,2.0000000000,0,ST LOUIS,ST LOUIS
ST. LOUIS - 0NW226,1,1.0000000000,3.0000000000,3.0000000000,0,ST LOUIS,ST LOUIS
ST. LOUIS - 0NW227,1,1.0000000000,1.0000000000,1.0000000000,0,ST LOUIS,ST LOUIS
ST. LOUIS - 0NW229,1,1.0000000000,4.0000000000,4.0000000000,0,ST LOUIS,ST LOUIS
ST. LOUIS - 0SF001,1,1.0000000000,21.0000000000,21.0000000000,0,ST LOUIS,ST LOUIS
ST. LOUIS - 0SF002,1,1.0000000000,15.0000000000,15.0000000000,0,ST LOUIS,ST LOUIS
ST. LOUIS - 0SF003,1,1.0000000000,20.0000000000,20.0000000000,0,ST LOUIS,ST LOUIS
ST. LOUIS - 0SF004,1,1.0000000000,45.0000000000,45.0000000000,0,ST LOUIS,ST LOUIS
ST. LOUIS - 0SF005,1,1.0000000000,1.0000000000,1.0000000000,0,ST LOUIS,ST LOUIS
ST. LOUIS - 0SF006,1,1.0000000000,18.0000000000,18.0000000000,0,ST LOUIS,ST LOUIS
ST. LOUIS - 0SF007,1,1.0000000000,34.0000000000,34.0000000000,0,ST LOUIS,ST LOUIS
ST. LOUIS - 0SF008,1,1.0000000000,2.0000000000,2.0000000000,0,ST LOUIS,ST LOUIS
ST. LOUIS - 0SF009,1,1.0000000000,4.0000000000,4.0000000000,0,ST LOUIS,ST LOUIS
ST. LOUIS - 0SF010,1,1.0000000000,34.0000000000,34.0000000000,0,ST LOUIS,ST LOUIS
ST. LOUIS - 0SF011,1,1.0000000000,2.0000000000,2.0000000000,0,ST LOUIS,ST LOUIS
ST. LOUIS - 0SF012,1,1.0000000000,1.0000000000,1.0000000000,0,ST LOUIS,ST LOUIS
ST. LOUIS - 0SF013,1,1.0000000000,23.0000000000,23.0000000000,0,ST LOUIS,ST LOUIS
ST. LOUIS - 0SF014,1,1.0000000000,28.0000000000,28.0000000000,0,ST LOUIS,ST LOUIS
ST. LOUIS - 0SF015,1,1.0000000000,20.0000000000,20.0000000000,0,ST LOUIS,ST LOUIS
ST. LOUIS - 0SF016,1,1.0000000000,25.0000000000,25.0000000000,0,ST LOUIS,ST LOUIS
ST. LOUIS - 0SF017,1,1.0000000000,1.0000000000,1.0000000000,0,ST LOUIS,ST LOUIS
ST. LOUIS - 0SF018,1,1.0000000000,25.0000000000,25.0000000000,0,ST LOUIS,ST LOUIS
ST. LOUIS - 0SF019,1,1.0000000000,12.0000000000,12.0000000000,0,ST LOUIS,ST LOUIS
ST. LOUIS - 0SF020,1,1.0000000000,21.0000000000,21.0000000000,0,ST LOUIS,ST LOUIS
ST. LOUIS - 0SF021,1,1.0000000000,3.0000000000,3.0000000000,0,ST LOUIS,ST LOUIS
ST. LOUIS - 0SF022,1,1.0000000000,6.0000000000,6.0000000000,0,ST LOUIS,ST LOUIS
ST. LOUIS - 0SF023,1,1.0000000000,8.0000000000,8.0000000000,0,ST LOUIS,ST LOUIS
ST. LOUIS - 0SF024,1,1.0000000000,5.0000000000,5.0000000000,0,ST LOUIS,ST LOUIS
ST. LOUIS - 0SF025,1,1.0000000000,38.0000000000,38.0000000000,0,ST LOUIS,ST LOUIS
ST. LOUIS - 0SF026,1,1.0000000000,10.0000000000,10.0000000000,0,ST LOUIS,ST LOUIS
ST. LOUIS - 0SF027,1,1.0000000000,24.0000000000,24.0000000000,0,ST LOUIS,ST LOUIS
ST. LOUIS - 0SF028,1,1.0000000000,5.0000000000,5.0000000000,0,ST LOUIS,ST LOUIS
ST. LOUIS - 0SF029,1,1.0000000000,18.0000000000,18.0000000000,0,ST LOUIS,ST LOUIS
ST. LOUIS - 0SF030,1,1.0000000000,7.0000000000,7.0000000000,0,ST LOUIS,ST LOUIS
ST. LOUIS - 0SF031,1,1.0000000000,12.0000000000,12.0000000000,0,ST LOUIS,ST LOUIS
ST. LOUIS - 0SF032,1,1.0000000000,32.0000000000,32.0000000000,0,ST LOUIS,ST LOUIS
ST. LOUIS - 0SF033,1,1.0000000000,16.0000000000,16.0000000000,0,ST LOUIS,ST LOUIS
ST. LOUIS - 0SF034,1,1.0000000000,17.0000000000,17.0000000000,0,ST LOUIS,ST LOUIS
ST. LOUIS - 0SF035,1,1.0000000000,13.0000000000,13.0000000000,0,ST LOUIS,ST LOUIS
ST. LOUIS - 0SF200,1,1.0000000000,3.0000000000,3.0000000000,0,ST LOUIS,ST LOUIS
ST. LOUIS - 0WH001,2,1.0000000000,12.0000000000,12.0000000000,0,ST LOUIS,ST LOUIS
ST. LOUIS - 0WH002,2,1.0000000000,5.0000000000,5.0000000000,0,ST LOUIS,ST LOUIS
ST. LOUIS - 0WH003,2,1.0000000000,13.0000000000,13.0000000000,0,ST LOUIS,ST LOUIS
ST. LOUIS - 0WH004,2,1.0000000000,1.0000000000,1.0000000000,0,ST LOUIS,ST LOUIS
ST. LOUIS - 0WH005,2,1.0000000000,2.0000000000,2.0000000000,0,ST LOUIS,ST LOUIS
ST. LOUIS - 0WH006,2,1.0000000000,7.0000000000,7.0000000000,0,ST LOUIS,ST LOUIS
ST. LOUIS - 0WH007,2,1.0000000000,7.0000000000,7.0000000000,0,ST LOUIS,ST LOUIS
ST. LOUIS - 0WH008,2,1.0000000000,15.0000000000,15.0000000000,0,ST LOUIS,ST LOUIS
ST. LOUIS - 0WH009,2,1.0000000000,21.0000000000,21.0000000000,0,ST LOUIS,ST LOUIS
ST. LOUIS - 0WH010,2,1.0000000000,1.0000000000,1.0000000000,0,ST LOUIS,ST LOUIS
ST. LOUIS - 0WH011,2,1.0000000000,12.0000000000,12.0000000000,0,ST LOUIS,ST LOUIS
ST. LOUIS - 0WH012,2,1.0000000000,13.0000000000,13.0000000000,0,ST LOUIS,ST LOUIS
ST. LOUIS - 0WH013,2,1.0000000000,12.0000000000,12.0000000000,0,ST LOUIS,ST LOUIS
ST. LOUIS - 0WH014,2,1.0000000000,1.0000000000,1.0000000000,0,ST LOUIS,ST LOUIS
ST. LOUIS - 0WH015,2,1.0000000000,8.0000000000,8.0000000000,0,ST LOUIS,ST LOUIS
ST. LOUIS - 0WH016,2,1.0000000000,8.0000000000,8.0000000000,0,ST LOUIS,ST LOUIS
ST. LOUIS - 0WH017,2,1.0000000000,3.0000000000,3.0000000000,0,ST LOUIS,ST LOUIS
ST. LOUIS - 0WH018,2,1.0000000000,5.0000000000,5.0000000000,0,ST LOUIS,ST LOUIS
ST. LOUIS - 0WH019,2,1.0000000000,10.0000000000,10.0000000000,0,ST LOUIS,ST LOUIS
ST. LOUIS - 0WH020,2,1.0000000000,9.0000000000,9.0000000000,0,ST LOUIS,ST LOUIS
ST. LOUIS - 0WH021,2,1.0000000000,13.0000000000,13.0000000000,0,ST LOUIS,ST LOUIS
ST. LOUIS - 0WH022,2,1.0000000000,7.0000000000,7.0000000000,0,ST LOUIS,ST LOUIS
ST. LOUIS - 0WH023,2,1.0000000000,6.0000000000,6.0000000000,0,ST LOUIS,ST LOUIS
ST. LOUIS - 0WH024,2,1.0000000000,2.0000000000,2.0000000000,0,ST LOUIS,ST LOUIS
ST. LOUIS - 0WH025,2,1.0000000000,16.0000000000,16.0000000000,0,ST LOUIS,ST LOUIS
ST. LOUIS - 0WH026,2,1.0000000000,2.0000000000,2.0000000000,0,ST LOUIS,ST LOUIS
ST. LOUIS - 0WH027,2,1.0000000000,23.0000000000,23.0000000000,0,ST LOUIS,ST LOUIS
ST. LOUIS - 0WH028,2,1.0000000000,1.0000000000,1.0000000000,0,ST LOUIS,ST LOUIS
ST. LOUIS - 0WH029,2,1.0000000000,6.0000000000,6.0000000000,0,ST LOUIS,ST LOUIS
ST. LOUIS - 0WH030,2,1.0000000000,2.0000000000,2.0000000000,0,ST LOUIS,ST LOUIS
ST. LOUIS - 0WH031,2,1.0000000000,24.0000000000,24.0000000000,0,ST LOUIS,ST LOUIS
ST. LOUIS - 0WH032,2,1.0000000000,1.0000000000,1.0000000000,0,ST LOUIS,ST LOUIS
ST. LOUIS - 0WH033,2,1.0000000000,8.0000000000,8.0000000000,0,ST LOUIS,ST LOUIS
ST. LOUIS - 0WH034,2,1.0000000000,16.0000000000,16.0000000000,0,ST LOUIS,ST LOUIS
ST. LOUIS - 0WH035,2,1.0000000000,6.0000000000,6.0000000000,0,ST LOUIS,ST LOUIS
ST. LOUIS - 0WH036,2,1.0000000000,1.0000000000,1.0000000000,0,ST LOUIS,ST LOUIS
ST. LOUIS - 0WH037,2,1.0000000000,4.0000000000,4.0000000000,0,ST LOUIS,ST LOUIS
ST. LOUIS - 0WH038,2,1.0000000000,3.0000000000,3.0000000000,0,ST LOUIS,ST LOUIS
ST. LOUIS - 0WH039,2,1.0000000000,5.0000000000,5.0000000000,0,ST LOUIS,ST LOUIS
ST. LOUIS - 0WH040,2,1.0000000000,15.0000000000,15.0000000000,0,ST LOUIS,ST LOUIS
ST. LOUIS - 0WH041,2,1.0000000000,7.0000000000,7.0000000000,0,ST LOUIS,ST LOUIS
ST. LOUIS - 0WH042,2,1.0000000000,1.0000000000,1.0000000000,0,ST LOUIS,ST LOUIS
ST. LOUIS - 0WH043,2,1.0000000000,5.0000000000,5.0000000000,0,ST LOUIS,ST LOUIS
ST. LOUIS - 0WH044,2,1.0000000000,7.0000000000,7.0000000000,0,ST LOUIS,ST LOUIS
ST. LOUIS - 0WH045,2,1.0000000000,8.0000000000,8.0000000000,0,ST LOUIS,ST LOUIS
ST. LOUIS - 0WH046,2,1.0000000000,8.0000000000,8.0000000000,0,ST LOUIS,ST LOUIS
ST. LOUIS - 0WH047,2,1.0000000000,1.0000000000,1.0000000000,0,ST LOUIS,ST LOUIS
ST. LOUIS - 0WH200,2,1.0000000000,1.0000000000,1.0000000000,0,ST LOUIS,ST LOUIS
ST. LOUIS - 0WH201,2,1.0000000000,6.0000000000,6.0000000000,0,ST LOUIS,ST LOUIS
ST. LOUIS - 0WH202,2,1.0000000000,3.0000000000,3.0000000000,0,ST LOUIS,ST LOUIS
ST. LOUIS - 0WH203,2,1.0000000000,2.0000000000,2.0000000000,0,ST LOUIS,ST LOUIS
ST. LOUIS - 0WH208,2,1.0000000000,4.0000000000,4.0000000000,0,ST LOUIS,ST LOUIS
ST. LOUIS - BON001,2,1.0000000000,25.0000000000,25.0000000000,0,ST LOUIS,ST LOUIS
ST. LOUIS - BON002,2,1.0000000000,18.0000000000,18.0000000000,0,ST LOUIS,ST LOUIS
ST. LOUIS - BON003,2,1.0000000000,20.0000000000,20.0000000000,0,ST LOUIS,ST LOUIS
ST. LOUIS - BON004,2,1.0000000000,9.0000000000,9.0000000000,0,ST LOUIS,ST LOUIS
ST. LOUIS - BON005,2,1.0000000000,31.0000000000,31.0000000000,0,ST LOUIS,ST LOUIS
ST. LOUIS - BON006,2,1.0000000000,35.0000000000,35.0000000000,0,ST LOUIS,ST LOUIS
ST. LOUIS - BON007,2,1.0000000000,3.0000000000,3.0000000000,0,ST LOUIS,ST LOUIS
ST. LOUIS - BON008,2,1.0000000000,13.0000000000,13.0000000000,0,ST LOUIS,ST LOUIS
ST. LOUIS - BON009,2,1.0000000000,27.0000000000,27.0000000000,0,ST LOUIS,ST LOUIS
ST. LOUIS - BON010,2,1.0000000000,25.0000000000,25.0000000000,0,ST LOUIS,ST LOUIS
ST. LOUIS - BON011,2,1.0000000000,10.0000000000,10.0000000000,0,ST LOUIS,ST LOUIS
ST. LOUIS - BON012,2,1.0000000000,24.0000000000,24.0000000000,0,ST LOUIS,ST LOUIS
ST. LOUIS - BON013,2,1.0000000000,7.0000000000,7.0000000000,0,ST LOUIS,ST LOUIS
ST. LOUIS - BON014,2,1.0000000000,1.0000000000,1.0000000000,0,ST LOUIS,ST LOUIS
ST. LOUIS - BON015,2,1.0000000000,30.0000000000,30.0000000000,0,ST LOUIS,ST LOUIS
ST. LOUIS - BON016,2,1.0000000000,16.0000000000,16.0000000000,0,ST LOUIS,ST LOUIS
ST. LOUIS - BON017,2,1.0000000000,14.0000000000,14.0000000000,0,ST LOUIS,ST LOUIS
ST. LOUIS - BON018,2,1.0000000000,12.0000000000,12.0000000000,0,ST LOUIS,ST LOUIS
ST. LOUIS - BON019,2,1.0000000000,18.0000000000,18.0000000000,0,ST LOUIS,ST LOUIS
ST. LOUIS - BON020,2,1.0000000000,6.0000000000,6.0000000000,0,ST LOUIS,ST LOUIS
ST. LOUIS - BON021,2,1.0000000000,21.0000000000,21.0000000000,0,ST LOUIS,ST LOUIS
ST. LOUIS - BON022,2,1.0000000000,2.0000000000,2.0000000000,0,ST LOUIS,ST LOUIS
ST. LOUIS - BON023,2,1.0000000000,6.0000000000,6.0000000000,0,ST LOUIS,ST LOUIS
ST. LOUIS - BON024,2,1.0000000000,18.0000000000,18.0000000000,0,ST LOUIS,ST LOUIS
ST. LOUIS - BON025,2,1.0000000000,7.0000000000,7.0000000000,0,ST LOUIS,ST LOUIS
ST. LOUIS - BON026,2,1.0000000000,6.0000000000,6.0000000000,0,ST LOUIS,ST LOUIS
ST. LOUIS - BON027,2,1.0000000000,19.0000000000,19.0000000000,0,ST LOUIS,ST LOUIS
ST. LOUIS - BON028,2,1.0000000000,26.0000000000,26.0000000000,0,ST LOUIS,ST LOUIS
ST. LOUIS - BON029,2,1.0000000000,11.0000000000,11.0000000000,0,ST LOUIS,ST LOUIS
ST. LOUIS - BON030,2,1.0000000000,6.0000000000,6.0000000000,0,ST LOUIS,ST LOUIS
ST. LOUIS - BON031,2,1.0000000000,9.0000000000,9.0000000000,0,ST LOUIS,ST LOUIS
ST. LOUIS - BON032,2,1.0000000000,22.0000000000,22.0000000000,0,ST LOUIS,ST LOUIS
ST. LOUIS - BON033,2,1.0000000000,20.0000000000,20.0000000000,0,ST LOUIS,ST LOUIS
ST. LOUIS - BON034,2,1.0000000000,15.0000000000,15.0000000000,0,ST LOUIS,ST LOUIS
ST. LOUIS - BON035,2,1.0000000000,7.0000000000,7.0000000000,0,ST LOUIS,ST LOUIS
ST. LOUIS - BON036,2,1.0000000000,13.0000000000,13.0000000000,0,ST LOUIS,ST LOUIS
ST. LOUIS - BON037,2,1.0000000000,48.0000000000,48.0000000000,0,ST LOUIS,ST LOUIS
ST. LOUIS - BON038,2,1.0000000000,17.0000000000,17.0000000000,0,ST LOUIS,ST LOUIS
ST. LOUIS - BON039,2,1.0000000000,7.0000000000,7.0000000000,0,ST LOUIS,ST LOUIS
ST. LOUIS - BON040,2,1.0000000000,1.0000000000,1.0000000000,0,ST LOUIS,ST LOUIS
ST. LOUIS - BON200,2,1.0000000000,3.0000000000,3.0000000000,0,ST LOUIS,ST LOUIS
ST. LOUIS - BON202,2,1.0000000000,3.0000000000,3.0000000000,0,ST LOUIS,ST LOUIS
ST. LOUIS - BON203,2,1.0000000000,1.0000000000,1.0000000000,0,ST LOUIS,ST LOUIS
ST. LOUIS - BON205,2,1.0000000000,1.0000000000,1.0000000000,0,ST LOUIS,ST LOUIS
ST. LOUIS - BON206,2,1.0000000000,9.0000000000,9.0000000000,0,ST LOUIS,ST LOUIS
ST. LOUIS - BON207,2,1.0000000000,2.0000000000,2.0000000000,0,ST LOUIS,ST LOUIS
ST. LOUIS - BON208,2,1.0000000000,1.0000000000,1.0000000000,0,ST LOUIS,ST LOUIS
ST. LOUIS - BON210,2,1.0000000000,3.0000000000,3.0000000000,0,ST LOUIS,ST LOUIS
ST. LOUIS - BON211,2,1.0000000000,3.0000000000,3.0000000000,0,ST LOUIS,ST LOUIS
ST. LOUIS - CC1601,2,1.0000000000,1.0000000000,1.0000000000,0,ST LOUIS,ST LOUIS
ST. LOUIS - CC1602,2,1.0000000000,1.0000000000,1.0000000000,0,ST LOUIS,ST LOUIS
ST. LOUIS - CC1603,2,1.0000000000,2.0000000000,2.0000000000,0,ST LOUIS,ST LOUIS
ST. LOUIS - CH1605,2,1.0000000000,11.0000000000,11.0000000000,0,ST LOUIS,ST LOUIS
ST. LOUIS - CHE001,2,1.0000000000,17.0000000000,17.0000000000,0,ST LOUIS,ST LOUIS
ST. LOUIS - CHE002,2,1.0000000000,48.0000000000,48.0000000000,0,ST LOUIS,ST LOUIS
ST. LOUIS - CHE003,2,1.0000000000,8.0000000000,8.0000000000,0,ST LOUIS,ST LOUIS
ST. LOUIS - CHE004,2,1.0000000000,5.0000000000,5.0000000000,0,ST LOUIS,ST LOUIS
ST. LOUIS - CHE005,2,1.0000000000,17.0000000000,17.0000000000,0,ST LOUIS,ST LOUIS
ST. LOUIS - CHE006,2,1.0000000000,5.0000000000,5.0000000000,0,ST LOUIS,ST LOUIS
ST. LOUIS - CHE007,2,1.0000000000,24.0000000000,24.0000000000,0,ST LOUIS,ST LOUIS
ST. LOUIS - CHE008,2,1.0000000000,11.0000000000,11.0000000000,0,ST LOUIS,ST LOUIS
ST. LOUIS - CHE009,2,1.0000000000,5.0000000000,5.0000000000,0,ST LOUIS,ST LOUIS
ST. LOUIS - CHE010,2,1.0000000000,9.0000000000,9.0000000000,0,ST LOUIS,ST LOUIS
ST. LOUIS - CHE011,2,1.0000000000,5.0000000000,5.0000000000,0,ST LOUIS,ST LOUIS
ST. LOUIS - CHE012,2,1.0000000000,23.0000000000,23.0000000000,0,ST LOUIS,ST LOUIS
ST. LOUIS - CHE013,2,1.0000000000,12.0000000000,12.0000000000,0,ST LOUIS,ST LOUIS
ST. LOUIS - CHE014,2,1.0000000000,4.0000000000,4.0000000000,0,ST LOUIS,ST LOUIS
ST. LOUIS - CHE015,2,1.0000000000,17.0000000000,17.0000000000,0,ST LOUIS,ST LOUIS
ST. LOUIS - CHE016,2,1.0000000000,7.0000000000,7.0000000000,0,ST LOUIS,ST LOUIS
ST. LOUIS - CHE017,2,1.0000000000,4.0000000000,4.0000000000,0,ST LOUIS,ST LOUIS
ST. LOUIS - CHE018,2,1.0000000000,19.0000000000,19.0000000000,0,ST LOUIS,ST LOUIS
ST. LOUIS - CHE019,2,1.0000000000,2.0000000000,2.0000000000,0,ST LOUIS,ST LOUIS
ST. LOUIS - CHE020,2,1.0000000000,6.0000000000,6.0000000000,0,ST LOUIS,ST LOUIS
ST. LOUIS - CHE021,2,1.0000000000,3.0000000000,3.0000000000,0,ST LOUIS,ST LOUIS
ST. LOUIS - CHE022,2,1.0000000000,22.0000000000,22.0000000000,0,ST LOUIS,ST LOUIS
ST. LOUIS - CHE023,2,1.0000000000,4.0000000000,4.0000000000,0,ST LOUIS,ST LOUIS
ST. LOUIS - CHE024,2,1.0000000000,1.0000000000,1.0000000000,0,ST LOUIS,ST LOUIS
ST. LOUIS - CHE025,2,1.0000000000,13.0000000000,13.0000000000,0,ST LOUIS,ST LOUIS
ST. LOUIS - CHE026,2,1.0000000000,10.0000000000,10.0000000000,0,ST LOUIS,ST LOUIS
ST. LOUIS - CHE027,2,1.0000000000,12.0000000000,12.0000000000,0,ST LOUIS,ST LOUIS
ST. LOUIS - CHE028,2,1.0000000000,13.0000000000,13.0000000000,0,ST LOUIS,ST LOUIS
ST. LOUIS - CHE029,2,1.0000000000,2.0000000000,2.0000000000,0,ST LOUIS,ST LOUIS
ST. LOUIS - CHE030,2,1.0000000000,23.0000000000,23.0000000000,0,ST LOUIS,ST LOUIS
ST. LOUIS - CHE031,2,1.0000000000,2.0000000000,2.0000000000,0,ST LOUIS,ST LOUIS
ST. LOUIS - CHE032,2,1.0000000000,3.0000000000,3.0000000000,0,ST LOUIS,ST LOUIS
ST. LOUIS - CHE033,2,1.0000000000,3.0000000000,3.0000000000,0,ST LOUIS,ST LOUIS
ST. LOUIS - CHE034,2,1.0000000000,31.0000000000,31.0000000000,0,ST LOUIS,ST LOUIS
ST. LOUIS - CHE035,2,1.0000000000,1.0000000000,1.0000000000,0,ST LOUIS,ST LOUIS
ST. LOUIS - CHE036,2,1.0000000000,3.0000000000,3.0000000000,0,ST LOUIS,ST LOUIS
ST. LOUIS - CHE037,2,1.0000000000,10.0000000000,10.0000000000,0,ST LOUIS,ST LOUIS
ST. LOUIS - CHE038,2,1.0000000000,2.0000000000,2.0000000000,0,ST LOUIS,ST LOUIS
ST. LOUIS - CHE039,2,1.0000000000,7.0000000000,7.0000000000,0,ST LOUIS,ST LOUIS
ST. LOUIS - CHE040,2,1.0000000000,4.0000000000,4.0000000000,0,ST LOUIS,ST LOUIS
ST. LOUIS - CHE041,2,1.0000000000,9.0000000000,9.0000000000,0,ST LOUIS,ST LOUIS
ST. LOUIS - CHE042,2,1.0000000000,18.0000000000,18.0000000000,0,ST LOUIS,ST LOUIS
ST. LOUIS - CHE043,2,1.0000000000,22.0000000000,22.0000000000,0,ST LOUIS,ST LOUIS
ST. LOUIS - CHE044,2,1.0000000000,5.0000000000,5.0000000000,0,ST LOUIS,ST LOUIS
ST. LOUIS - CHE045,2,1.0000000000,4.0000000000,4.0000000000,0,ST LOUIS,ST LOUIS
ST. LOUIS - CHE046,2,1.0000000000,1.0000000000,1.0000000000,0,ST LOUIS,ST LOUIS
ST. LOUIS - CHE047,2,1.0000000000,2.0000000000,2.0000000000,0,ST LOUIS,ST LOUIS
ST. LOUIS - CHE048,2,1.0000000000,12.0000000000,12.0000000000,0,ST LOUIS,ST LOUIS
ST. LOUIS - CHE049,2,1.0000000000,2.0000000000,2.0000000000,0,ST LOUIS,ST LOUIS
ST. LOUIS - CHE050,2,1.0000000000,8.0000000000,8.0000000000,0,ST LOUIS,ST LOUIS
ST. LOUIS - CHE051,2,1.0000000000,8.0000000000,8.0000000000,0,ST LOUIS,ST LOUIS
ST. LOUIS - CHE052,2,1.0000000000,1.0000000000,1.0000000000,0,ST LOUIS,ST LOUIS
ST. LOUIS - CHE053,2,1.0000000000,7.0000000000,7.0000000000,0,ST LOUIS,ST LOUIS
ST. LOUIS - CHE054,2,1.0000000000,3.0000000000,3.0000000000,0,ST LOUIS,ST LOUIS
ST. LOUIS - CHE055,2,1.0000000000,3.0000000000,3.0000000000,0,ST LOUIS,ST LOUIS
ST. LOUIS - CHE200,2,1.0000000000,3.0000000000,3.0000000000,0,ST LOUIS,ST LOUIS
ST. LOUIS - CHE203,2,1.0000000000,1.0000000000,1.0000000000,0,ST LOUIS,ST LOUIS
ST. LOUIS - CHE212,2,1.0000000000,2.0000000000,2.0000000000,0,ST LOUIS,ST LOUIS
ST. LOUIS - CHE214,2,1.0000000000,2.0000000000,2.0000000000,0,ST LOUIS,ST LOUIS
ST. LOUIS - CHE215,2,1.0000000000,1.0000000000,1.0000000000,0,ST LOUIS,ST LOUIS
ST. LOUIS - CHE600,2,1.0000000000,1.0000000000,1.0000000000,0,ST LOUIS,ST LOUIS
ST. LOUIS - CLA001,1,1.0000000000,34.0000000000,34.0000000000,0,ST LOUIS,ST LOUIS
ST. LOUIS - CLA002,1,1.0000000000,7.0000000000,7.0000000000,0,ST LOUIS,ST LOUIS
ST. LOUIS - CLA003,1,1.0000000000,39.0000000000,39.0000000000,0,ST LOUIS,ST LOUIS
ST. LOUIS - CLA004,1,0.9545454545,21.0000000000,22.0000000000,0,ST LOUIS,ST LOUIS
ST. LOUIS - CLA004,2,0.0454545455,1.0000000000,22.0000000000,0,ST LOUIS,ST LOUIS
ST. LOUIS - CLA005,1,1.0000000000,8.0000000000,8.0000000000,0,ST LOUIS,ST LOUIS
ST. LOUIS - CLA006,2,1.0000000000,15.0000000000,15.0000000000,0,ST LOUIS,ST LOUIS
ST. LOUIS - CLA007,2,1.0000000000,7.0000000000,7.0000000000,0,ST LOUIS,ST LOUIS
ST. LOUIS - CLA008,1,1.0000000000,16.0000000000,16.0000000000,0,ST LOUIS,ST LOUIS
ST. LOUIS - CLA009,1,1.0000000000,9.0000000000,9.0000000000,0,ST LOUIS,ST LOUIS
ST. LOUIS - CLA010,1,1.0000000000,2.0000000000,2.0000000000,0,ST LOUIS,ST LOUIS
ST. LOUIS - CLA011,1,1.0000000000,19.0000000000,19.0000000000,0,ST LOUIS,ST LOUIS
ST. LOUIS - CLA012,2,1.0000000000,5.0000000000,5.0000000000,0,ST LOUIS,ST LOUIS
ST. LOUIS - CLA013,1,0.0714285714,1.0000000000,14.0000000000,0,ST LOUIS,ST LOUIS
ST. LOUIS - CLA013,2,0.9285714286,13.0000000000,14.0000000000,0,ST LOUIS,ST LOUIS
ST. LOUIS - CLA014,2,1.0000000000,14.0000000000,14.0000000000,0,ST LOUIS,ST LOUIS
ST. LOUIS - CLA015,2,1.0000000000,15.0000000000,15.0000000000,0,ST LOUIS,ST LOUIS
ST. LOUIS - CLA016,2,1.0000000000,8.0000000000,8.0000000000,0,ST LOUIS,ST LOUIS
ST. LOUIS - CLA017,1,1.0000000000,5.0000000000,5.0000000000,0,ST LOUIS,ST LOUIS
ST. LOUIS - CLA019,1,1.0000000000,22.0000000000,22.0000000000,0,ST LOUIS,ST LOUIS
ST. LOUIS - CLA020,1,1.0000000000,15.0000000000,15.0000000000,0,ST LOUIS,ST LOUIS
ST. LOUIS - CLA021,1,1.0000000000,37.0000000000,37.0000000000,0,ST LOUIS,ST LOUIS
ST. LOUIS - CLA022,1,1.0000000000,11.0000000000,11.0000000000,0,ST LOUIS,ST LOUIS
ST. LOUIS - CLA023,1,1.0000000000,28.0000000000,28.0000000000,0,ST LOUIS,ST LOUIS
ST. LOUIS - CLA024,2,1.0000000000,5.0000000000,5.0000000000,0,ST LOUIS,ST LOUIS
ST. LOUIS - CLA025,2,1.0000000000,7.0000000000,7.0000000000,0,ST LOUIS,ST LOUIS
ST. LOUIS - CLA026,2,1.0000000000,1.0000000000,1.0000000000,0,ST LOUIS,ST LOUIS
ST. LOUIS - CLA027,1,1.0000000000,10.0000000000,10.0000000000,0,ST LOUIS,ST LOUIS
ST. LOUIS - CLA028,2,1.0000000000,1.0000000000,1.0000000000,0,ST LOUIS,ST LOUIS
ST. LOUIS - CLA029,1,1.0000000000,6.0000000000,6.0000000000,0,ST LOUIS,ST LOUIS
ST. LOUIS - CLA030,1,1.0000000000,9.0000000000,9.0000000000,0,ST LOUIS,ST LOUIS
ST. LOUIS - CLA031,1,1.0000000000,6.0000000000,6.0000000000,0,ST LOUIS,ST LOUIS
ST. LOUIS - CLA032,1,1.0000000000,13.0000000000,13.0000000000,0,ST LOUIS,ST LOUIS
ST. LOUIS - CLA033,2,1.0000000000,7.0000000000,7.0000000000,0,ST LOUIS,ST LOUIS
ST. LOUIS - CLA034,2,1.0000000000,4.0000000000,4.0000000000,0,ST LOUIS,ST LOUIS
ST. LOUIS - CLA035,1,1.0000000000,29.0000000000,29.0000000000,0,ST LOUIS,ST LOUIS
ST. LOUIS - CLA036,2,1.0000000000,4.0000000000,4.0000000000,0,ST LOUIS,ST LOUIS
ST. LOUIS - CLA037,2,1.0000000000,20.0000000000,20.0000000000,0,ST LOUIS,ST LOUIS
ST. LOUIS - CLA038,1,1.0000000000,14.0000000000,14.0000000000,0,ST LOUIS,ST LOUIS
ST. LOUIS - CLA039,1,1.0000000000,18.0000000000,18.0000000000,0,ST LOUIS,ST LOUIS
ST. LOUIS - CLA040,2,1.0000000000,15.0000000000,15.0000000000,0,ST LOUIS,ST LOUIS
ST. LOUIS - CLA041,1,1.0000000000,9.0000000000,9.0000000000,0,ST LOUIS,ST LOUIS
ST. LOUIS - CLA042,2,1.0000000000,9.0000000000,9.0000000000,0,ST LOUIS,ST LOUIS
ST. LOUIS - CLA043,1,1.0000000000,11.0000000000,11.0000000000,0,ST LOUIS,ST LOUIS
ST. LOUIS - CLA044,1,1.0000000000,7.0000000000,7.0000000000,0,ST LOUIS,ST LOUIS
ST. LOUIS - CLA045,2,1.0000000000,14.0000000000,14.0000000000,0,ST LOUIS,ST LOUIS
ST. LOUIS - CLA046,1,1.0000000000,36.0000000000,36.0000000000,0,ST LOUIS,ST LOUIS
ST. LOUIS - CLA047,2,1.0000000000,3.0000000000,3.0000000000,0,ST LOUIS,ST LOUIS
ST. LOUIS - CLA049,2,1.0000000000,2.0000000000,2.0000000000,0,ST LOUIS,ST LOUIS
ST. LOUIS - CLA050,1,1.0000000000,17.0000000000,17.0000000000,0,ST LOUIS,ST LOUIS
ST. LOUIS - CLA051,1,1.0000000000,9.0000000000,9.0000000000,0,ST LOUIS,ST LOUIS
ST. LOUIS - CLA052,1,1.0000000000,4.0000000000,4.0000000000,0,ST LOUIS,ST LOUIS
ST. LOUIS - CLA200,1,1.0000000000,1.0000000000,1.0000000000,0,ST LOUIS,ST LOUIS
ST. LOUIS - CLA201,2,1.0000000000,3.0000000000,3.0000000000,0,ST LOUIS,ST LOUIS
ST. LOUIS - CLA202,2,1.0000000000,2.0000000000,2.0000000000,0,ST LOUIS,ST LOUIS
ST. LOUIS - CLA203,2,1.0000000000,1.0000000000,1.0000000000,0,ST LOUIS,ST LOUIS
ST. LOUIS - CLA205,2,1.0000000000,5.0000000000,5.0000000000,0,ST LOUIS,ST LOUIS
ST. LOUIS - CLA206,1,1.0000000000,7.0000000000,7.0000000000,0,ST LOUIS,ST LOUIS
ST. LOUIS - CON001,2,1.0000000000,14.0000000000,14.0000000000,0,ST LOUIS,ST LOUIS
ST. LOUIS - CON002,2,1.0000000000,23.0000000000,23.0000000000,0,ST LOUIS,ST LOUIS
ST. LOUIS - CON003,2,1.0000000000,5.0000000000,5.0000000000,0,ST LOUIS,ST LOUIS
ST. LOUIS - CON004,2,1.0000000000,32.0000000000,32.0000000000,0,ST LOUIS,ST LOUIS
ST. LOUIS - CON005,2,1.0000000000,21.0000000000,21.0000000000,0,ST LOUIS,ST LOUIS
ST. LOUIS - CON006,2,1.0000000000,1.0000000000,1.0000000000,0,ST LOUIS,ST LOUIS
ST. LOUIS - CON007,2,1.0000000000,2.0000000000,2.0000000000,0,ST LOUIS,ST LOUIS
ST. LOUIS - CON008,2,1.0000000000,11.0000000000,11.0000000000,0,ST LOUIS,ST LOUIS
ST. LOUIS - CON009,2,1.0000000000,21.0000000000,21.0000000000,0,ST LOUIS,ST LOUIS
ST. LOUIS - CON010,2,1.0000000000,22.0000000000,22.0000000000,0,ST LOUIS,ST LOUIS
ST. LOUIS - CON011,2,1.0000000000,7.0000000000,7.0000000000,0,ST LOUIS,ST LOUIS
ST. LOUIS - CON012,2,1.0000000000,9.0000000000,9.0000000000,0,ST LOUIS,ST LOUIS
ST. LOUIS - CON013,2,1.0000000000,7.0000000000,7.0000000000,0,ST LOUIS,ST LOUIS
ST. LOUIS - CON014,2,1.0000000000,8.0000000000,8.0000000000,0,ST LOUIS,ST LOUIS
ST. LOUIS - CON015,2,1.0000000000,4.0000000000,4.0000000000,0,ST LOUIS,ST LOUIS
ST. LOUIS - CON016,2,1.0000000000,21.0000000000,21.0000000000,0,ST LOUIS,ST LOUIS
ST. LOUIS - CON017,2,1.0000000000,12.0000000000,12.0000000000,0,ST LOUIS,ST LOUIS
ST. LOUIS - CON018,2,1.0000000000,7.0000000000,7.0000000000,0,ST LOUIS,ST LOUIS
ST. LOUIS - CON019,2,1.0000000000,3.0000000000,3.0000000000,0,ST LOUIS,ST LOUIS
ST. LOUIS - CON020,2,1.0000000000,6.0000000000,6.0000000000,0,ST LOUIS,ST LOUIS
ST. LOUIS - CON021,2,1.0000000000,14.0000000000,14.0000000000,0,ST LOUIS,ST LOUIS
ST. LOUIS - CON022,2,1.0000000000,14.0000000000,14.0000000000,0,ST LOUIS,ST LOUIS
ST. LOUIS - CON023,2,1.0000000000,1.0000000000,1.0000000000,0,ST LOUIS,ST LOUIS
ST. LOUIS - CON024,2,1.0000000000,5.0000000000,5.0000000000,0,ST LOUIS,ST LOUIS
ST. LOUIS - CON025,2,1.0000000000,16.0000000000,16.0000000000,0,ST LOUIS,ST LOUIS
ST. LOUIS - CON026,2,1.0000000000,5.0000000000,5.0000000000,0,ST LOUIS,ST LOUIS
ST. LOUIS - CON027,2,1.0000000000,16.0000000000,16.0000000000,0,ST LOUIS,ST LOUIS
ST. LOUIS - CON028,2,1.0000000000,4.0000000000,4.0000000000,0,ST LOUIS,ST LOUIS
ST. LOUIS - CON029,2,1.0000000000,1.0000000000,1.0000000000,0,ST LOUIS,ST LOUIS
ST. LOUIS - CON030,2,1.0000000000,15.0000000000,15.0000000000,0,ST LOUIS,ST LOUIS
ST. LOUIS - CON031,2,1.0000000000,3.0000000000,3.0000000000,0,ST LOUIS,ST LOUIS
ST. LOUIS - CON032,2,1.0000000000,11.0000000000,11.0000000000,0,ST LOUIS,ST LOUIS
ST. LOUIS - CON033,2,1.0000000000,1.0000000000,1.0000000000,0,ST LOUIS,ST LOUIS
ST. LOUIS - CON034,2,1.0000000000,6.0000000000,6.0000000000,0,ST LOUIS,ST LOUIS
ST. LOUIS - CON035,2,1.0000000000,7.0000000000,7.0000000000,0,ST LOUIS,ST LOUIS
ST. LOUIS - CON036,2,1.0000000000,5.0000000000,5.0000000000,0,ST LOUIS,ST LOUIS
ST. LOUIS - CON037,2,1.0000000000,3.0000000000,3.0000000000,0,ST LOUIS,ST LOUIS
ST. LOUIS - CON038,2,1.0000000000,3.0000000000,3.0000000000,0,ST LOUIS,ST LOUIS
ST. LOUIS - CON039,2,1.0000000000,3.0000000000,3.0000000000,0,ST LOUIS,ST LOUIS
ST. LOUIS - CON040,2,1.0000000000,6.0000000000,6.0000000000,0,ST LOUIS,ST LOUIS
ST. LOUIS - CON041,2,1.0000000000,1.0000000000,1.0000000000,0,ST LOUIS,ST LOUIS
ST. LOUIS - CON042,2,1.0000000000,11.0000000000,11.0000000000,0,ST LOUIS,ST LOUIS
ST. LOUIS - CON043,2,1.0000000000,8.0000000000,8.0000000000,0,ST LOUIS,ST LOUIS
ST. LOUIS - CON044,2,1.0000000000,3.0000000000,3.0000000000,0,ST LOUIS,ST LOUIS
ST. LOUIS - CON045,2,1.0000000000,2.0000000000,2.0000000000,0,ST LOUIS,ST LOUIS
ST. LOUIS - CON046,2,1.0000000000,8.0000000000,8.0000000000,0,ST LOUIS,ST LOUIS
ST. LOUIS - CON047,2,1.0000000000,6.0000000000,6.0000000000,0,ST LOUIS,ST LOUIS
ST. LOUIS - CON048,2,1.0000000000,2.0000000000,2.0000000000,0,ST LOUIS,ST LOUIS
ST. LOUIS - CON049,2,1.0000000000,6.0000000000,6.0000000000,0,ST LOUIS,ST LOUIS
ST. LOUIS - CON050,2,1.0000000000,6.0000000000,6.0000000000,0,ST LOUIS,ST LOUIS
ST. LOUIS - CON051,2,1.0000000000,6.0000000000,6.0000000000,0,ST LOUIS,ST LOUIS
ST. LOUIS - CON052,2,1.0000000000,1.0000000000,1.0000000000,0,ST LOUIS,ST LOUIS
ST. LOUIS - CON053,2,1.0000000000,4.0000000000,4.0000000000,0,ST LOUIS,ST LOUIS
ST. LOUIS - CON200,2,1.0000000000,3.0000000000,3.0000000000,0,ST LOUIS,ST LOUIS
ST. LOUIS - CON202,2,1.0000000000,2.0000000000,2.0000000000,0,ST LOUIS,ST LOUIS
ST. LOUIS - CON204,2,1.0000000000,3.0000000000,3.0000000000,0,ST LOUIS,ST LOUIS
ST. LOUIS - CON205,2,1.0000000000,3.0000000000,3.0000000000,0,ST LOUIS,ST LOUIS
ST. LOUIS - CON206,2,1.0000000000,9.0000000000,9.0000000000,0,ST LOUIS,ST LOUIS
ST. LOUIS - CON212,2,1.0000000000,1.0000000000,1.0000000000,0,ST LOUIS,ST LOUIS
ST. LOUIS - CON213,2,1.0000000000,1.0000000000,1.0000000000,0,ST LOUIS,ST LOUIS
ST. LOUIS - FER001,1,1.0000000000,20.0000000000,20.0000000000,0,ST LOUIS,ST LOUIS
ST. LOUIS - FER002,1,1.0000000000,18.0000000000,18.0000000000,0,ST LOUIS,ST LOUIS
ST. LOUIS - FER003,1,1.0000000000,2.0000000000,2.0000000000,0,ST LOUIS,ST LOUIS
ST. LOUIS - FER004,1,1.0000000000,12.0000000000,12.0000000000,0,ST LOUIS,ST LOUIS
ST. LOUIS - FER005,1,1.0000000000,25.0000000000,25.0000000000,0,ST LOUIS,ST LOUIS
ST. LOUIS - FER006,1,1.0000000000,9.0000000000,9.0000000000,0,ST LOUIS,ST LOUIS
ST. LOUIS - FER007,1,1.0000000000,9.0000000000,9.0000000000,0,ST LOUIS,ST LOUIS
ST. LOUIS - FER008,1,1.0000000000,20.0000000000,20.0000000000,0,ST LOUIS,ST LOUIS
ST. LOUIS - FER009,1,1.0000000000,16.0000000000,16.0000000000,0,ST LOUIS,ST LOUIS
ST. LOUIS - FER010,1,1.0000000000,3.0000000000,3.0000000000,0,ST LOUIS,ST LOUIS
ST. LOUIS - FER011,1,1.0000000000,8.0000000000,8.0000000000,0,ST LOUIS,ST LOUIS
ST. LOUIS - FER012,1,1.0000000000,10.0000000000,10.0000000000,0,ST LOUIS,ST LOUIS
ST. LOUIS - FER013,1,1.0000000000,9.0000000000,9.0000000000,0,ST LOUIS,ST LOUIS
ST. LOUIS - FER014,1,1.0000000000,2.0000000000,2.0000000000,0,ST LOUIS,ST LOUIS
ST. LOUIS - FER015,1,1.0000000000,6.0000000000,6.0000000000,0,ST LOUIS,ST LOUIS
ST. LOUIS - FER016,1,1.0000000000,7.0000000000,7.0000000000,0,ST LOUIS,ST LOUIS
ST. LOUIS - FER017,1,1.0000000000,8.0000000000,8.0000000000,0,ST LOUIS,ST LOUIS
ST. LOUIS - FER018,1,1.0000000000,7.0000000000,7.0000000000,0,ST LOUIS,ST LOUIS
ST. LOUIS - FER019,1,1.0000000000,25.0000000000,25.0000000000,0,ST LOUIS,ST LOUIS
ST. LOUIS - FER020,1,1.0000000000,5.0000000000,5.0000000000,0,ST LOUIS,ST LOUIS
ST. LOUIS - FER021,1,1.0000000000,5.0000000000,5.0000000000,0,ST LOUIS,ST LOUIS
ST. LOUIS - FER022,1,1.0000000000,40.0000000000,40.0000000000,0,ST LOUIS,ST LOUIS
ST. LOUIS - FER023,1,1.0000000000,9.0000000000,9.0000000000,0,ST LOUIS,ST LOUIS
ST. LOUIS - FER024,1,1.0000000000,24.0000000000,24.0000000000,0,ST LOUIS,ST LOUIS
ST. LOUIS - FER025,1,1.0000000000,1.0000000000,1.0000000000,0,ST LOUIS,ST LOUIS
ST. LOUIS - FER026,1,1.0000000000,2.0000000000,2.0000000000,0,ST LOUIS,ST LOUIS
ST. LOUIS - FER027,1,1.0000000000,2.0000000000,2.0000000000,0,ST LOUIS,ST LOUIS
ST. LOUIS - FER028,1,1.0000000000,4.0000000000,4.0000000000,0,ST LOUIS,ST LOUIS
ST. LOUIS - FER029,1,1.0000000000,1.0000000000,1.0000000000,0,ST LOUIS,ST LOUIS
ST. LOUIS - FER030,1,1.0000000000,11.0000000000,11.0000000000,0,ST LOUIS,ST LOUIS
ST. LOUIS - FER031,1,1.0000000000,1.0000000000,1.0000000000,0,ST LOUIS,ST LOUIS
ST. LOUIS - FER032,1,1.0000000000,18.0000000000,18.0000000000,0,ST LOUIS,ST LOUIS
ST. LOUIS - FER033,1,1.0000000000,13.0000000000,13.0000000000,0,ST LOUIS,ST LOUIS
ST. LOUIS - FER034,1,1.0000000000,7.0000000000,7.0000000000,0,ST LOUIS,ST LOUIS
ST. LOUIS - FER035,1,1.0000000000,15.0000000000,15.0000000000,0,ST LOUIS,ST LOUIS
ST. LOUIS - FER036,1,1.0000000000,8.0000000000,8.0000000000,0,ST LOUIS,ST LOUIS
ST. LOUIS - FER037,1,1.0000000000,32.0000000000,32.0000000000,0,ST LOUIS,ST LOUIS
ST. LOUIS - FER038,1,1.0000000000,13.0000000000,13.0000000000,0,ST LOUIS,ST LOUIS
ST. LOUIS - FER039,1,1.0000000000,10.0000000000,10.0000000000,0,ST LOUIS,ST LOUIS
ST. LOUIS - FER040,1,1.0000000000,10.0000000000,10.0000000000,0,ST LOUIS,ST LOUIS
ST. LOUIS - FER041,1,1.0000000000,15.0000000000,15.0000000000,0,ST LOUIS,ST LOUIS
ST. LOUIS - FER042,1,1.0000000000,14.0000000000,14.0000000000,0,ST LOUIS,ST LOUIS
ST. LOUIS - FER043,1,1.0000000000,24.0000000000,24.0000000000,0,ST LOUIS,ST LOUIS
ST. LOUIS - FER044,1,1.0000000000,12.0000000000,12.0000000000,0,ST LOUIS,ST LOUIS
ST. LOUIS - FER045,1,1.0000000000,1.0000000000,1.0000000000,0,ST LOUIS,ST LOUIS
ST. LOUIS - FER046,1,1.0000000000,1.0000000000,1.0000000000,0,ST LOUIS,ST LOUIS
ST. LOUIS - FER206,1,1.0000000000,1.0000000000,1.0000000000,0,ST LOUIS,ST LOUIS
ST. LOUIS - FER207,1,1.0000000000,2.0000000000,2.0000000000,0,ST LOUIS,ST LOUIS
ST. LOUIS - FER208,1,1.0000000000,5.0000000000,5.0000000000,0,ST LOUIS,ST LOUIS
ST. LOUIS - FLO001,1,1.0000000000,16.0000000000,16.0000000000,0,ST LOUIS,ST LOUIS
ST. LOUIS - FLO002,1,1.0000000000,9.0000000000,9.0000000000,0,ST LOUIS,ST LOUIS
ST. LOUIS - FLO003,1,1.0000000000,28.0000000000,28.0000000000,0,ST LOUIS,ST LOUIS
ST. LOUIS - FLO004,1,1.0000000000,22.0000000000,22.0000000000,0,ST LOUIS,ST LOUIS
ST. LOUIS - FLO005,1,1.0000000000,8.0000000000,8.0000000000,0,ST LOUIS,ST LOUIS
ST. LOUIS - FLO006,1,1.0000000000,11.0000000000,11.0000000000,0,ST LOUIS,ST LOUIS
ST. LOUIS - FLO007,1,1.0000000000,6.0000000000,6.0000000000,0,ST LOUIS,ST LOUIS
ST. LOUIS - FLO008,1,1.0000000000,29.0000000000,29.0000000000,0,ST LOUIS,ST LOUIS
ST. LOUIS - FLO009,1,1.0000000000,29.0000000000,29.0000000000,0,ST LOUIS,ST LOUIS
ST. LOUIS - FLO010,1,1.0000000000,2.0000000000,2.0000000000,0,ST LOUIS,ST LOUIS
ST. LOUIS - FLO011,1,1.0000000000,14.0000000000,14.0000000000,0,ST LOUIS,ST LOUIS
ST. LOUIS - FLO012,1,1.0000000000,59.0000000000,59.0000000000,0,ST LOUIS,ST LOUIS
ST. LOUIS - FLO013,1,1.0000000000,7.0000000000,7.0000000000,0,ST LOUIS,ST LOUIS
ST. LOUIS - FLO014,1,1.0000000000,37.0000000000,37.0000000000,0,ST LOUIS,ST LOUIS
ST. LOUIS - FLO015,1,1.0000000000,1.0000000000,1.0000000000,0,ST LOUIS,ST LOUIS
ST. LOUIS - FLO016,1,1.0000000000,22.0000000000,22.0000000000,0,ST LOUIS,ST LOUIS
ST. LOUIS - FLO017,1,1.0000000000,19.0000000000,19.0000000000,0,ST LOUIS,ST LOUIS
ST. LOUIS - FLO018,1,1.0000000000,8.0000000000,8.0000000000,0,ST LOUIS,ST LOUIS
ST. LOUIS - FLO019,1,1.0000000000,17.0000000000,17.0000000000,0,ST LOUIS,ST LOUIS
ST. LOUIS - FLO020,1,1.0000000000,13.0000000000,13.0000000000,0,ST LOUIS,ST LOUIS
ST. LOUIS - FLO021,1,1.0000000000,21.0000000000,21.0000000000,0,ST LOUIS,ST LOUIS
ST. LOUIS - FLO022,1,1.0000000000,8.0000000000,8.0000000000,0,ST LOUIS,ST LOUIS
ST. LOUIS - FLO023,1,1.0000000000,24.0000000000,24.0000000000,0,ST LOUIS,ST LOUIS
ST. LOUIS - FLO024,1,1.0000000000,11.0000000000,11.0000000000,0,ST LOUIS,ST LOUIS
ST. LOUIS - FLO025,1,1.0000000000,1.0000000000,1.0000000000,0,ST LOUIS,ST LOUIS
ST. LOUIS - FLO026,1,1.0000000000,6.0000000000,6.0000000000,0,ST LOUIS,ST LOUIS
ST. LOUIS - FLO027,1,1.0000000000,5.0000000000,5.0000000000,0,ST LOUIS,ST LOUIS
ST. LOUIS - FLO028,1,1.0000000000,3.0000000000,3.0000000000,0,ST LOUIS,ST LOUIS
ST. LOUIS - FLO029,1,1.0000000000,14.0000000000,14.0000000000,0,ST LOUIS,ST LOUIS
ST. LOUIS - FLO030,1,1.0000000000,13.0000000000,13.0000000000,0,ST LOUIS,ST LOUIS
ST. LOUIS - FLO031,1,1.0000000000,33.0000000000,33.0000000000,0,ST LOUIS,ST LOUIS
ST. LOUIS - FLO200,1,1.0000000000,2.0000000000,2.0000000000,0,ST LOUIS,ST LOUIS
ST. LOUIS - FLO201,1,1.0000000000,2.0000000000,2.0000000000,0,ST LOUIS,ST LOUIS
ST. LOUIS - FLO205,1,1.0000000000,2.0000000000,2.0000000000,0,ST LOUIS,ST LOUIS
ST. LOUIS - FLO207,1,1.0000000000,3.0000000000,3.0000000000,0,ST LOUIS,ST LOUIS
ST. LOUIS - GRA001,2,1.0000000000,3.0000000000,3.0000000000,0,ST LOUIS,ST LOUIS
ST. LOUIS - GRA002,2,1.0000000000,7.0000000000,7.0000000000,0,ST LOUIS,ST LOUIS
ST. LOUIS - GRA003,2,1.0000000000,3.0000000000,3.0000000000,0,ST LOUIS,ST LOUIS
ST. LOUIS - GRA004,2,1.0000000000,23.0000000000,23.0000000000,0,ST LOUIS,ST LOUIS
ST. LOUIS - GRA005,2,1.0000000000,24.0000000000,24.0000000000,0,ST LOUIS,ST LOUIS
ST. LOUIS - GRA006,2,1.0000000000,21.0000000000,21.0000000000,0,ST LOUIS,ST LOUIS
ST. LOUIS - GRA007,1,0.4375000000,7.0000000000,16.0000000000,0,ST LOUIS,ST LOUIS
ST. LOUIS - GRA007,2,0.5625000000,9.0000000000,16.0000000000,0,ST LOUIS,ST LOUIS
ST. LOUIS - GRA008,2,1.0000000000,6.0000000000,6.0000000000,0,ST LOUIS,ST LOUIS
ST. LOUIS - GRA009,2,1.0000000000,17.0000000000,17.0000000000,0,ST LOUIS,ST LOUIS
ST. LOUIS - GRA010,2,1.0000000000,4.0000000000,4.0000000000,0,ST LOUIS,ST LOUIS
ST. LOUIS - GRA011,2,1.0000000000,11.0000000000,11.0000000000,0,ST LOUIS,ST LOUIS
ST. LOUIS - GRA012,2,1.0000000000,3.0000000000,3.0000000000,0,ST LOUIS,ST LOUIS
ST. LOUIS - GRA013,2,1.0000000000,3.0000000000,3.0000000000,0,ST LOUIS,ST LOUIS
ST. LOUIS - GRA014,2,1.0000000000,1.0000000000,1.0000000000,0,ST LOUIS,ST LOUIS
ST. LOUIS - GRA015,1,0.3928571429,11.0000000000,28.0000000000,0,ST LOUIS,ST LOUIS
ST. LOUIS - GRA015,2,0.6071428571,17.0000000000,28.0000000000,0,ST LOUIS,ST LOUIS
ST. LOUIS - GRA016,1,1.0000000000,31.0000000000,31.0000000000,0,ST LOUIS,ST LOUIS
ST. LOUIS - GRA017,2,1.0000000000,19.0000000000,19.0000000000,0,ST LOUIS,ST LOUIS
ST. LOUIS - GRA018,1,1.0000000000,19.0000000000,19.0000000000,0,ST LOUIS,ST LOUIS
ST. LOUIS - GRA019,1,0.6666666667,16.0000000000,24.0000000000,0,ST LOUIS,ST LOUIS
ST. LOUIS - GRA019,2,0.3333333333,8.0000000000,24.0000000000,0,ST LOUIS,ST LOUIS
ST. LOUIS - GRA020,2,1.0000000000,9.0000000000,9.0000000000,0,ST LOUIS,ST LOUIS
ST. LOUIS - GRA021,1,1.0000000000,12.0000000000,12.0000000000,0,ST LOUIS,ST LOUIS
ST. LOUIS - GRA022,1,1.0000000000,31.0000000000,31.0000000000,0,ST LOUIS,ST LOUIS
ST. LOUIS - GRA023,2,1.0000000000,2.0000000000,2.0000000000,0,ST LOUIS,ST LOUIS
ST. LOUIS - GRA024,2,1.0000000000,1.0000000000,1.0000000000,0,ST LOUIS,ST LOUIS
ST. LOUIS - GRA025,1,1.0000000000,25.0000000000,25.0000000000,0,ST LOUIS,ST LOUIS
ST. LOUIS - GRA026,2,1.0000000000,9.0000000000,9.0000000000,0,ST LOUIS,ST LOUIS
ST. LOUIS - GRA027,2,1.0000000000,5.0000000000,5.0000000000,0,ST LOUIS,ST LOUIS
ST. LOUIS - GRA028,2,1.0000000000,10.0000000000,10.0000000000,0,ST LOUIS,ST LOUIS
ST. LOUIS - GRA029,2,1.0000000000,13.0000000000,13.0000000000,0,ST LOUIS,ST LOUIS
ST. LOUIS - GRA030,2,1.0000000000,1.0000000000,1.0000000000,0,ST LOUIS,ST LOUIS
ST. LOUIS - GRA031,2,1.0000000000,8.0000000000,8.0000000000,0,ST LOUIS,ST LOUIS
ST. LOUIS - GRA032,2,1.0000000000,17.0000000000,17.0000000000,0,ST LOUIS,ST LOUIS
ST. LOUIS - GRA033,1,0.6000000000,9.0000000000,15.0000000000,0,ST LOUIS,ST LOUIS
ST. LOUIS - GRA033,2,0.4000000000,6.0000000000,15.0000000000,0,ST LOUIS,ST LOUIS
ST. LOUIS - GRA034,2,1.0000000000,1.0000000000,1.0000000000,0,ST LOUIS,ST LOUIS
ST. LOUIS - GRA035,1,1.0000000000,1.0000000000,1.0000000000,0,ST LOUIS,ST LOUIS
ST. LOUIS - GRA036,2,1.0000000000,10.0000000000,10.0000000000,0,ST LOUIS,ST LOUIS
ST. LOUIS - GRA037,2,1.0000000000,12.0000000000,12.0000000000,0,ST LOUIS,ST LOUIS
ST. LOUIS - GRA038,2,1.0000000000,3.0000000000,3.0000000000,0,ST LOUIS,ST LOUIS
ST. LOUIS - GRA039,1,1.0000000000,4.0000000000,4.0000000000,0,ST LOUIS,ST LOUIS
ST. LOUIS - GRA040,2,1.0000000000,7.0000000000,7.0000000000,0,ST LOUIS,ST LOUIS
ST. LOUIS - GRA041,2,1.0000000000,9.0000000000,9.0000000000,0,ST LOUIS,ST LOUIS
ST. LOUIS - GRA042,2,1.0000000000,20.0000000000,20.0000000000,0,ST LOUIS,ST LOUIS
ST. LOUIS - GRA043,2,1.0000000000,2.0000000000,2.0000000000,0,ST LOUIS,ST LOUIS
ST. LOUIS - GRA044,2,1.0000000000,17.0000000000,17.0000000000,0,ST LOUIS,ST LOUIS
ST. LOUIS - GRA045,1,0.6666666667,2.0000000000,3.0000000000,0,ST LOUIS,ST LOUIS
ST. LOUIS - GRA045,2,0.3333333333,1.0000000000,3.0000000000,0,ST LOUIS,ST LOUIS
ST. LOUIS - GRA046,2,1.0000000000,14.0000000000,14.0000000000,0,ST LOUIS,ST LOUIS
ST. LOUIS - GRA047,2,1.0000000000,3.0000000000,3.0000000000,0,ST LOUIS,ST LOUIS
ST. LOUIS - GRA048,2,1.0000000000,2.0000000000,2.0000000000,0,ST LOUIS,ST LOUIS
ST. LOUIS - GRA201,2,1.0000000000,1.0000000000,1.0000000000,0,ST LOUIS,ST LOUIS
ST. LOUIS - GRA202,1,0.5000000000,1.0000000000,2.0000000000,0,ST LOUIS,ST LOUIS
ST. LOUIS - GRA202,2,0.5000000000,1.0000000000,2.0000000000,0,ST LOUIS,ST LOUIS
ST. LOUIS - GRA206,2,1.0000000000,8.0000000000,8.0000000000,0,ST LOUIS,ST LOUIS
ST. LOUIS - GRA209,2,1.0000000000,2.0000000000,2.0000000000,0,ST LOUIS,ST LOUIS
ST. LOUIS - GRA210,2,1.0000000000,3.0000000000,3.0000000000,0,ST LOUIS,ST LOUIS
ST. LOUIS - HAD001,1,1.0000000000,32.0000000000,32.0000000000,0,ST LOUIS,ST LOUIS
ST. LOUIS - HAD002,1,1.0000000000,3.0000000000,3.0000000000,0,ST LOUIS,ST LOUIS
ST. LOUIS - HAD003,1,1.0000000000,4.0000000000,4.0000000000,0,ST LOUIS,ST LOUIS
ST. LOUIS - HAD004,1,1.0000000000,2.0000000000,2.0000000000,0,ST LOUIS,ST LOUIS
ST. LOUIS - HAD005,1,1.0000000000,17.0000000000,17.0000000000,0,ST LOUIS,ST LOUIS
ST. LOUIS - HAD006,1,1.0000000000,20.0000000000,20.0000000000,0,ST LOUIS,ST LOUIS
ST. LOUIS - HAD007,1,1.0000000000,6.0000000000,6.0000000000,0,ST LOUIS,ST LOUIS
ST. LOUIS - HAD008,1,1.0000000000,15.0000000000,15.0000000000,0,ST LOUIS,ST LOUIS
ST. LOUIS - HAD009,1,1.0000000000,14.0000000000,14.0000000000,0,ST LOUIS,ST LOUIS
ST. LOUIS - HAD010,1,1.0000000000,7.0000000000,7.0000000000,0,ST LOUIS,ST LOUIS
ST. LOUIS - HAD011,1,1.0000000000,19.0000000000,19.0000000000,0,ST LOUIS,ST LOUIS
ST. LOUIS - HAD012,1,1.0000000000,24.0000000000,24.0000000000,0,ST LOUIS,ST LOUIS
ST. LOUIS - HAD013,1,1.0000000000,4.0000000000,4.0000000000,0,ST LOUIS,ST LOUIS
ST. LOUIS - HAD014,1,1.0000000000,18.0000000000,18.0000000000,0,ST LOUIS,ST LOUIS
ST. LOUIS - HAD015,1,1.0000000000,28.0000000000,28.0000000000,0,ST LOUIS,ST LOUIS
ST. LOUIS - HAD016,1,1.0000000000,9.0000000000,9.0000000000,0,ST LOUIS,ST LOUIS
ST. LOUIS - HAD017,1,1.0000000000,2.0000000000,2.0000000000,0,ST LOUIS,ST LOUIS
ST. LOUIS - HAD018,1,1.0000000000,8.0000000000,8.0000000000,0,ST LOUIS,ST LOUIS
ST. LOUIS - HAD019,1,1.0000000000,7.0000000000,7.0000000000,0,ST LOUIS,ST LOUIS
ST. LOUIS - HAD020,1,1.0000000000,8.0000000000,8.0000000000,0,ST LOUIS,ST LOUIS
ST. LOUIS - HAD021,1,1.0000000000,23.0000000000,23.0000000000,0,ST LOUIS,ST LOUIS
ST. LOUIS - HAD022,1,1.0000000000,14.0000000000,14.0000000000,0,ST LOUIS,ST LOUIS
ST. LOUIS - HAD023,1,1.0000000000,13.0000000000,13.0000000000,0,ST LOUIS,ST LOUIS
ST. LOUIS - HAD024,1,1.0000000000,9.0000000000,9.0000000000,0,ST LOUIS,ST LOUIS
ST. LOUIS - HAD025,1,1.0000000000,11.0000000000,11.0000000000,0,ST LOUIS,ST LOUIS
ST. LOUIS - HAD026,1,1.0000000000,6.0000000000,6.0000000000,0,ST LOUIS,ST LOUIS
ST. LOUIS - HAD027,1,1.0000000000,13.0000000000,13.0000000000,0,ST LOUIS,ST LOUIS
ST. LOUIS - HAD028,1,1.0000000000,17.0000000000,17.0000000000,0,ST LOUIS,ST LOUIS
ST. LOUIS - HAD029,1,1.0000000000,11.0000000000,11.0000000000,0,ST LOUIS,ST LOUIS
ST. LOUIS - HAD030,1,1.0000000000,49.0000000000,49.0000000000,0,ST LOUIS,ST LOUIS
ST. LOUIS - HAD031,1,1.0000000000,13.0000000000,13.0000000000,0,ST LOUIS,ST LOUIS
ST. LOUIS - HAD032,1,1.0000000000,39.0000000000,39.0000000000,0,ST LOUIS,ST LOUIS
ST. LOUIS - HAD033,1,1.0000000000,51.0000000000,51.0000000000,0,ST LOUIS,ST LOUIS
ST. LOUIS - HAD034,1,1.0000000000,11.0000000000,11.0000000000,0,ST LOUIS,ST LOUIS
ST. LOUIS - HAD035,1,1.0000000000,1.0000000000,1.0000000000,0,ST LOUIS,ST LOUIS
ST. LOUIS - HAD200,1,1.0000000000,4.0000000000,4.0000000000,0,ST LOUIS,ST LOUIS
ST. LOUIS - JEF001,2,1.0000000000,13.0000000000,13.0000000000,0,ST LOUIS,ST LOUIS
ST. LOUIS - JEF002,2,1.0000000000,10.0000000000,10.0000000000,0,ST LOUIS,ST LOUIS
ST. LOUIS - JEF003,2,1.0000000000,17.0000000000,17.0000000000,0,ST LOUIS,ST LOUIS
ST. LOUIS - JEF004,2,1.0000000000,19.0000000000,19.0000000000,0,ST LOUIS,ST LOUIS
ST. LOUIS - JEF005,1,1.0000000000,26.0000000000,26.0000000000,0,ST LOUIS,ST LOUIS
ST. LOUIS - JEF006,1,1.0000000000,4.0000000000,4.0000000000,0,ST LOUIS,ST LOUIS
ST. LOUIS - JEF007,1,1.0000000000,6.0000000000,6.0000000000,0,ST LOUIS,ST LOUIS
ST. LOUIS - JEF008,1,1.0000000000,3.0000000000,3.0000000000,0,ST LOUIS,ST LOUIS
ST. LOUIS - JEF009,1,1.0000000000,17.0000000000,17.0000000000,0,ST LOUIS,ST LOUIS
ST. LOUIS - JEF010,1,0.9677419355,30.0000000000,31.0000000000,0,ST LOUIS,ST LOUIS
ST. LOUIS - JEF010,2,0.0322580645,1.0000000000,31.0000000000,0,ST LOUIS,ST LOUIS
ST. LOUIS - JEF011,1,1.0000000000,10.0000000000,10.0000000000,0,ST LOUIS,ST LOUIS
ST. LOUIS - JEF012,1,1.0000000000,8.0000000000,8.0000000000,0,ST LOUIS,ST LOUIS
ST. LOUIS - JEF013,1,1.0000000000,10.0000000000,10.0000000000,0,ST LOUIS,ST LOUIS
ST. LOUIS - JEF014,1,1.0000000000,41.0000000000,41.0000000000,0,ST LOUIS,ST LOUIS
ST. LOUIS - JEF015,1,1.0000000000,7.0000000000,7.0000000000,0,ST LOUIS,ST LOUIS
ST. LOUIS - JEF016,1,1.0000000000,16.0000000000,16.0000000000,0,ST LOUIS,ST LOUIS
ST. LOUIS - JEF017,1,1.0000000000,23.0000000000,23.0000000000,0,ST LOUIS,ST LOUIS
ST. LOUIS - JEF018,1,1.0000000000,35.0000000000,35.0000000000,0,ST LOUIS,ST LOUIS
ST. LOUIS - JEF019,1,1.0000000000,37.0000000000,37.0000000000,0,ST LOUIS,ST LOUIS
ST. LOUIS - JEF020,1,1.0000000000,14.0000000000,14.0000000000,0,ST LOUIS,ST LOUIS
ST. LOUIS - JEF021,1,1.0000000000,32.0000000000,32.0000000000,0,ST LOUIS,ST LOUIS
ST. LOUIS - JEF022,1,1.0000000000,15.0000000000,15.0000000000,0,ST LOUIS,ST LOUIS
ST. LOUIS - JEF023,1,1.0000000000,20.0000000000,20.0000000000,0,ST LOUIS,ST LOUIS
ST. LOUIS - JEF024,1,1.0000000000,14.0000000000,14.0000000000,0,ST LOUIS,ST LOUIS
ST. LOUIS - JEF025,1,1.0000000000,5.0000000000,5.0000000000,0,ST LOUIS,ST LOUIS
ST. LOUIS - JEF026,1,1.0000000000,6.0000000000,6.0000000000,0,ST LOUIS,ST LOUIS
ST. LOUIS - JEF027,1,1.0000000000,36.0000000000,36.0000000000,0,ST LOUIS,ST LOUIS
ST. LOUIS - JEF028,1,1.0000000000,4.0000000000,4.0000000000,0,ST LOUIS,ST LOUIS
ST. LOUIS - JEF029,1,1.0000000000,11.0000000000,11.0000000000,0,ST LOUIS,ST LOUIS
ST. LOUIS - JEF030,1,1.0000000000,20.0000000000,20.0000000000,0,ST LOUIS,ST LOUIS
ST. LOUIS - JEF031,1,1.0000000000,20.0000000000,20.0000000000,0,ST LOUIS,ST LOUIS
ST. LOUIS - JEF032,2,1.0000000000,38.0000000000,38.0000000000,0,ST LOUIS,ST LOUIS
ST. LOUIS - JEF033,2,1.0000000000,4.0000000000,4.0000000000,0,ST LOUIS,ST LOUIS
ST. LOUIS - JEF034,2,1.0000000000,22.0000000000,22.0000000000,0,ST LOUIS,ST LOUIS
ST. LOUIS - JEF035,2,1.0000000000,2.0000000000,2.0000000000,0,ST LOUIS,ST LOUIS
ST. LOUIS - JEF036,2,1.0000000000,6.0000000000,6.0000000000,0,ST LOUIS,ST LOUIS
ST. LOUIS - JEF037,2,1.0000000000,18.0000000000,18.0000000000,0,ST LOUIS,ST LOUIS
ST. LOUIS - JEF200,2,1.0000000000,8.0000000000,8.0000000000,0,ST LOUIS,ST LOUIS
ST. LOUIS - JEF202,1,1.0000000000,2.0000000000,2.0000000000,0,ST LOUIS,ST LOUIS
ST. LOUIS - LAF001,2,1.0000000000,9.0000000000,9.0000000000,0,ST LOUIS,ST LOUIS
ST. LOUIS - LAF002,2,1.0000000000,33.0000000000,33.0000000000,0,ST LOUIS,ST LOUIS
ST. LOUIS - LAF003,2,1.0000000000,4.0000000000,4.0000000000,0,ST LOUIS,ST LOUIS
ST. LOUIS - LAF004,2,1.0000000000,20.0000000000,20.0000000000,0,ST LOUIS,ST LOUIS
ST. LOUIS - LAF005,2,1.0000000000,24.0000000000,24.0000000000,0,ST LOUIS,ST LOUIS
ST. LOUIS - LAF006,2,1.0000000000,9.0000000000,9.0000000000,0,ST LOUIS,ST LOUIS
ST. LOUIS - LAF007,2,1.0000000000,1.0000000000,1.0000000000,0,ST LOUIS,ST LOUIS
ST. LOUIS - LAF008,2,1.0000000000,8.0000000000,8.0000000000,0,ST LOUIS,ST LOUIS
ST. LOUIS - LAF009,2,1.0000000000,23.0000000000,23.0000000000,0,ST LOUIS,ST LOUIS
ST. LOUIS - LAF010,2,1.0000000000,1.0000000000,1.0000000000,0,ST LOUIS,ST LOUIS
ST. LOUIS - LAF011,2,1.0000000000,10.0000000000,10.0000000000,0,ST LOUIS,ST LOUIS
ST. LOUIS - LAF012,2,1.0000000000,8.0000000000,8.0000000000,0,ST LOUIS,ST LOUIS
ST. LOUIS - LAF013,2,1.0000000000,2.0000000000,2.0000000000,0,ST LOUIS,ST LOUIS
ST. LOUIS - LAF014,2,1.0000000000,4.0000000000,4.0000000000,0,ST LOUIS,ST LOUIS
ST. LOUIS - LAF015,2,1.0000000000,3.0000000000,3.0000000000,0,ST LOUIS,ST LOUIS
ST. LOUIS - LAF016,2,1.0000000000,9.0000000000,9.0000000000,0,ST LOUIS,ST LOUIS
ST. LOUIS - LAF017,2,1.0000000000,4.0000000000,4.0000000000,0,ST LOUIS,ST LOUIS
ST. LOUIS - LAF018,2,1.0000000000,23.0000000000,23.0000000000,0,ST LOUIS,ST LOUIS
ST. LOUIS - LAF019,2,1.0000000000,20.0000000000,20.0000000000,0,ST LOUIS,ST LOUIS
ST. LOUIS - LAF020,2,1.0000000000,5.0000000000,5.0000000000,0,ST LOUIS,ST LOUIS
ST. LOUIS - LAF023,2,1.0000000000,6.0000000000,6.0000000000,0,ST LOUIS,ST LOUIS
ST. LOUIS - LAF024,2,1.0000000000,13.0000000000,13.0000000000,0,ST LOUIS,ST LOUIS
ST. LOUIS - LAF025,2,1.0000000000,19.0000000000,19.0000000000,0,ST LOUIS,ST LOUIS
ST. LOUIS - LAF026,2,1.0000000000,2.0000000000,2.0000000000,0,ST LOUIS,ST LOUIS
ST. LOUIS - LAF027,2,1.0000000000,5.0000000000,5.0000000000,0,ST LOUIS,ST LOUIS
ST. LOUIS - LAF028,2,1.0000000000,14.0000000000,14.0000000000,0,ST LOUIS,ST LOUIS
ST. LOUIS - LAF029,2,1.0000000000,10.0000000000,10.0000000000,0,ST LOUIS,ST LOUIS
ST. LOUIS - LAF030,2,1.0000000000,15.0000000000,15.0000000000,0,ST LOUIS,ST LOUIS
ST. LOUIS - LAF031,2,1.0000000000,8.0000000000,8.0000000000,0,ST LOUIS,ST LOUIS
ST. LOUIS - LAF032,2,1.0000000000,15.0000000000,15.0000000000,0,ST LOUIS,ST LOUIS
ST. LOUIS - LAF033,2,1.0000000000,15.0000000000,15.0000000000,0,ST LOUIS,ST LOUIS
ST. LOUIS - LAF034,2,1.0000000000,1.0000000000,1.0000000000,0,ST LOUIS,ST LOUIS
ST. LOUIS - LAF035,2,1.0000000000,9.0000000000,9.0000000000,0,ST LOUIS,ST LOUIS
ST. LOUIS - LAF036,2,1.0000000000,9.0000000000,9.0000000000,0,ST LOUIS,ST LOUIS
ST. LOUIS - LAF037,2,1.0000000000,8.0000000000,8.0000000000,0,ST LOUIS,ST LOUIS
ST. LOUIS - LAF038,2,1.0000000000,12.0000000000,12.0000000000,0,ST LOUIS,ST LOUIS
ST. LOUIS - LAF039,2,1.0000000000,30.0000000000,30.0000000000,0,ST LOUIS,ST LOUIS
ST. LOUIS - LAF040,2,1.0000000000,4.0000000000,4.0000000000,0,ST LOUIS,ST LOUIS
ST. LOUIS - LAF041,2,1.0000000000,7.0000000000,7.0000000000,0,ST LOUIS,ST LOUIS
ST. LOUIS - LAF042,2,1.0000000000,5.0000000000,5.0000000000,0,ST LOUIS,ST LOUIS
ST. LOUIS - LAF043,2,1.0000000000,6.0000000000,6.0000000000,0,ST LOUIS,ST LOUIS
ST. LOUIS - LAF044,2,1.0000000000,6.0000000000,6.0000000000,0,ST LOUIS,ST LOUIS
ST. LOUIS - LAF045,2,1.0000000000,2.0000000000,2.0000000000,0,ST LOUIS,ST LOUIS
ST. LOUIS - LAF046,2,1.0000000000,4.0000000000,4.0000000000,0,ST LOUIS,ST LOUIS
ST. LOUIS - LAF047,2,1.0000000000,2.0000000000,2.0000000000,0,ST LOUIS,ST LOUIS
ST. LOUIS - LAF200,2,1.0000000000,1.0000000000,1.0000000000,0,ST LOUIS,ST LOUIS
ST. LOUIS - LAF205,2,1.0000000000,2.0000000000,2.0000000000,0,ST LOUIS,ST LOUIS
ST. LOUIS - LAF207,2,1.0000000000,7.0000000000,7.0000000000,0,ST LOUIS,ST LOUIS
ST. LOUIS - LEM001,2,1.0000000000,51.0000000000,51.0000000000,0,ST LOUIS,ST LOUIS
ST. LOUIS - LEM002,2,1.0000000000,52.0000000000,52.0000000000,0,ST LOUIS,ST LOUIS
ST. LOUIS - LEM003,2,1.0000000000,9.0000000000,9.0000000000,0,ST LOUIS,ST LOUIS
ST. LOUIS - LEM004,2,1.0000000000,14.0000000000,14.0000000000,0,ST LOUIS,ST LOUIS
ST. LOUIS - LEM005,2,1.0000000000,2.0000000000,2.0000000000,0,ST LOUIS,ST LOUIS
ST. LOUIS - LEM006,2,1.0000000000,21.0000000000,21.0000000000,0,ST LOUIS,ST LOUIS
ST. LOUIS - LEM007,2,1.0000000000,51.0000000000,51.0000000000,0,ST LOUIS,ST LOUIS
ST. LOUIS - LEM008,2,1.0000000000,11.0000000000,11.0000000000,0,ST LOUIS,ST LOUIS
ST. LOUIS - LEM009,2,1.0000000000,25.0000000000,25.0000000000,0,ST LOUIS,ST LOUIS
ST. LOUIS - LEM010,2,1.0000000000,32.0000000000,32.0000000000,0,ST LOUIS,ST LOUIS
ST. LOUIS - LEM011,2,1.0000000000,20.0000000000,20.0000000000,0,ST LOUIS,ST LOUIS
ST. LOUIS - LEM012,2,1.0000000000,7.0000000000,7.0000000000,0,ST LOUIS,ST LOUIS
ST. LOUIS - LEM013,2,1.0000000000,25.0000000000,25.0000000000,0,ST LOUIS,ST LOUIS
ST. LOUIS - LEM014,2,1.0000000000,4.0000000000,4.0000000000,0,ST LOUIS,ST LOUIS
ST. LOUIS - LEM015,2,1.0000000000,22.0000000000,22.0000000000,0,ST LOUIS,ST LOUIS
ST. LOUIS - LEM016,2,1.0000000000,6.0000000000,6.0000000000,0,ST LOUIS,ST LOUIS
ST. LOUIS - LEM017,2,1.0000000000,4.0000000000,4.0000000000,0,ST LOUIS,ST LOUIS
ST. LOUIS - LEM018,2,1.0000000000,3.0000000000,3.0000000000,0,ST LOUIS,ST LOUIS
ST. LOUIS - LEM019,2,1.0000000000,2.0000000000,2.0000000000,0,ST LOUIS,ST LOUIS
ST. LOUIS - LEM020,2,1.0000000000,2.0000000000,2.0000000000,0,ST LOUIS,ST LOUIS
ST. LOUIS - LEM021,2,1.0000000000,18.0000000000,18.0000000000,0,ST LOUIS,ST LOUIS
ST. LOUIS - LEM022,2,1.0000000000,17.0000000000,17.0000000000,0,ST LOUIS,ST LOUIS
ST. LOUIS - LEM023,2,1.0000000000,15.0000000000,15.0000000000,0,ST LOUIS,ST LOUIS
ST. LOUIS - LEM024,2,1.0000000000,19.0000000000,19.0000000000,0,ST LOUIS,ST LOUIS
ST. LOUIS - LEM025,2,1.0000000000,3.0000000000,3.0000000000,0,ST LOUIS,ST LOUIS
ST. LOUIS - LEM026,2,1.0000000000,7.0000000000,7.0000000000,0,ST LOUIS,ST LOUIS
ST. LOUIS - LEM027,2,1.0000000000,7.0000000000,7.0000000000,0,ST LOUIS,ST LOUIS
ST. LOUIS - LEM028,2,1.0000000000,5.0000000000,5.0000000000,0,ST LOUIS,ST LOUIS
ST. LOUIS - LEM029,2,1.0000000000,7.0000000000,7.0000000000,0,ST LOUIS,ST LOUIS
ST. LOUIS - LEM030,2,1.0000000000,37.0000000000,37.0000000000,0,ST LOUIS,ST LOUIS
ST. LOUIS - LEM031,2,1.0000000000,50.0000000000,50.0000000000,0,ST LOUIS,ST LOUIS
ST. LOUIS - LEM032,2,1.0000000000,10.0000000000,10.0000000000,0,ST LOUIS,ST LOUIS
ST. LOUIS - LEM033,2,1.0000000000,2.0000000000,2.0000000000,0,ST LOUIS,ST LOUIS
ST. LOUIS - LEM200,2,1.0000000000,3.0000000000,3.0000000000,0,ST LOUIS,ST LOUIS
ST. LOUIS - LEM201,2,1.0000000000,2.0000000000,2.0000000000,0,ST LOUIS,ST LOUIS
ST. LOUIS - LEM202,2,1.0000000000,2.0000000000,2.0000000000,0,ST LOUIS,ST LOUIS
ST. LOUIS - LEM204,2,1.0000000000,3.0000000000,3.0000000000,0,ST LOUIS,ST LOUIS
ST. LOUIS - LEM205,2,1.0000000000,2.0000000000,2.0000000000,0,ST LOUIS,ST LOUIS
ST. LOUIS - LEM208,2,1.0000000000,1.0000000000,1.0000000000,0,ST LOUIS,ST LOUIS
ST. LOUIS - MER001,2,1.0000000000,10.0000000000,10.0000000000,0,ST LOUIS,ST LOUIS
ST. LOUIS - MER002,2,1.0000000000,1.0000000000,1.0000000000,0,ST LOUIS,ST LOUIS
ST. LOUIS - MER003,2,1.0000000000,17.0000000000,17.0000000000,0,ST LOUIS,ST LOUIS
ST. LOUIS - MER004,2,1.0000000000,17.0000000000,17.0000000000,0,ST LOUIS,ST LOUIS
ST. LOUIS - MER005,2,1.0000000000,5.0000000000,5.0000000000,0,ST LOUIS,ST LOUIS
ST. LOUIS - MER006,2,1.0000000000,47.0000000000,47.0000000000,0,ST LOUIS,ST LOUIS
ST. LOUIS - MER007,2,1.0000000000,8.0000000000,8.0000000000,0,ST LOUIS,ST LOUIS
ST. LOUIS - MER008,2,1.0000000000,8.0000000000,8.0000000000,0,ST LOUIS,ST LOUIS
ST. LOUIS - MER009,2,1.0000000000,4.0000000000,4.0000000000,0,ST LOUIS,ST LOUIS
ST. LOUIS - MER010,2,1.0000000000,4.0000000000,4.0000000000,0,ST LOUIS,ST LOUIS
ST. LOUIS - MER011,2,1.0000000000,19.0000000000,19.0000000000,0,ST LOUIS,ST LOUIS
ST. LOUIS - MER012,2,1.0000000000,9.0000000000,9.0000000000,0,ST LOUIS,ST LOUIS
ST. LOUIS - MER013,2,1.0000000000,33.0000000000,33.0000000000,0,ST LOUIS,ST LOUIS
ST. LOUIS - MER014,2,1.0000000000,13.0000000000,13.0000000000,0,ST LOUIS,ST LOUIS
ST. LOUIS - MER015,2,1.0000000000,4.0000000000,4.0000000000,0,ST LOUIS,ST LOUIS
ST. LOUIS - MER016,2,1.0000000000,10.0000000000,10.0000000000,0,ST LOUIS,ST LOUIS
ST. LOUIS - MER017,2,1.0000000000,32.0000000000,32.0000000000,0,ST LOUIS,ST LOUIS
ST. LOUIS - MER018,2,1.0000000000,30.0000000000,30.0000000000,0,ST LOUIS,ST LOUIS
ST. LOUIS - MER019,2,1.0000000000,40.0000000000,40.0000000000,0,ST LOUIS,ST LOUIS
ST. LOUIS - MER020,2,1.0000000000,8.0000000000,8.0000000000,0,ST LOUIS,ST LOUIS
ST. LOUIS - MER021,2,1.0000000000,1.0000000000,1.0000000000,0,ST LOUIS,ST LOUIS
ST. LOUIS - MER022,2,1.0000000000,24.0000000000,24.0000000000,0,ST LOUIS,ST LOUIS
ST. LOUIS - MER023,2,1.0000000000,14.0000000000,14.0000000000,0,ST LOUIS,ST LOUIS
ST. LOUIS - MER024,2,1.0000000000,17.0000000000,17.0000000000,0,ST LOUIS,ST LOUIS
ST. LOUIS - MER025,2,1.0000000000,13.0000000000,13.0000000000,0,ST LOUIS,ST LOUIS
ST. LOUIS - MER026,2,1.0000000000,2.0000000000,2.0000000000,0,ST LOUIS,ST LOUIS
ST. LOUIS - MER027,2,1.0000000000,5.0000000000,5.0000000000,0,ST LOUIS,ST LOUIS
ST. LOUIS - MER028,2,1.0000000000,1.0000000000,1.0000000000,0,ST LOUIS,ST LOUIS
ST. LOUIS - MER029,2,1.0000000000,7.0000000000,7.0000000000,0,ST LOUIS,ST LOUIS
ST. LOUIS - MER030,2,1.0000000000,11.0000000000,11.0000000000,0,ST LOUIS,ST LOUIS
ST. LOUIS - MER031,2,1.0000000000,4.0000000000,4.0000000000,0,ST LOUIS,ST LOUIS
ST. LOUIS - MER032,2,1.0000000000,4.0000000000,4.0000000000,0,ST LOUIS,ST LOUIS
ST. LOUIS - MER033,2,1.0000000000,5.0000000000,5.0000000000,0,ST LOUIS,ST LOUIS
ST. LOUIS - MER034,2,1.0000000000,7.0000000000,7.0000000000,0,ST LOUIS,ST LOUIS
ST. LOUIS - MER035,2,1.0000000000,4.0000000000,4.0000000000,0,ST LOUIS,ST LOUIS
ST. LOUIS - MER036,2,1.0000000000,4.0000000000,4.0000000000,0,ST LOUIS,ST LOUIS
ST. LOUIS - MER037,2,1.0000000000,7.0000000000,7.0000000000,0,ST LOUIS,ST LOUIS
ST. LOUIS - MER038,2,1.0000000000,9.0000000000,9.0000000000,0,ST LOUIS,ST LOUIS
ST. LOUIS - MER039,2,1.0000000000,2.0000000000,2.0000000000,0,ST LOUIS,ST LOUIS
ST. LOUIS - MER040,2,1.0000000000,12.0000000000,12.0000000000,0,ST LOUIS,ST LOUIS
ST. LOUIS - MER041,2,1.0000000000,1.0000000000,1.0000000000,0,ST LOUIS,ST LOUIS
ST. LOUIS - MER042,2,1.0000000000,16.0000000000,16.0000000000,0,ST LOUIS,ST LOUIS
ST. LOUIS - MER043,2,1.0000000000,16.0000000000,16.0000000000,0,ST LOUIS,ST LOUIS
ST. LOUIS - MER044,2,1.0000000000,1.0000000000,1.0000000000,0,ST LOUIS,ST LOUIS
ST. LOUIS - MER045,2,1.0000000000,21.0000000000,21.0000000000,0,ST LOUIS,ST LOUIS
ST. LOUIS - MER046,2,1.0000000000,13.0000000000,13.0000000000,0,ST LOUIS,ST LOUIS
ST. LOUIS - MER047,2,1.0000000000,5.0000000000,5.0000000000,0,ST LOUIS,ST LOUIS
ST. LOUIS - MER048,2,1.0000000000,1.0000000000,1.0000000000,0,ST LOUIS,ST LOUIS
ST. LOUIS - MER200,2,1.0000000000,4.0000000000,4.0000000000,0,ST LOUIS,ST LOUIS
ST. LOUIS - MER202,2,1.0000000000,2.0000000000,2.0000000000,0,ST LOUIS,ST LOUIS
ST. LOUIS - MER204,2,1.0000000000,1.0000000000,1.0000000000,0,ST LOUIS,ST LOUIS
ST. LOUIS - MER207,2,1.0000000000,11.0000000000,11.0000000000,0,ST LOUIS,ST LOUIS
ST. LOUIS - MER209,2,1.0000000000,1.0000000000,1.0000000000,0,ST LOUIS,ST LOUIS
ST. LOUIS - MER210,2,1.0000000000,1.0000000000,1.0000000000,0,ST LOUIS,ST LOUIS
ST. LOUIS - MER213,2,1.0000000000,2.0000000000,2.0000000000,0,ST LOUIS,ST LOUIS
ST. LOUIS - MER214,2,1.0000000000,8.0000000000,8.0000000000,0,ST LOUIS,ST LOUIS
ST. LOUIS - MER215,2,1.0000000000,1.0000000000,1.0000000000,0,ST LOUIS,ST LOUIS
ST. LOUIS - MER219,2,1.0000000000,4.0000000000,4.0000000000,0,ST LOUIS,ST LOUIS
ST. LOUIS - MHT001,2,1.0000000000,8.0000000000,8.0000000000,0,ST LOUIS,ST LOUIS
ST. LOUIS - MHT002,2,1.0000000000,10.0000000000,10.0000000000,0,ST LOUIS,ST LOUIS
ST. LOUIS - MHT003,2,1.0000000000,9.0000000000,9.0000000000,0,ST LOUIS,ST LOUIS
ST. LOUIS - MHT004,2,1.0000000000,9.0000000000,9.0000000000,0,ST LOUIS,ST LOUIS
ST. LOUIS - MHT005,2,1.0000000000,30.0000000000,30.0000000000,0,ST LOUIS,ST LOUIS
ST. LOUIS - MHT006,2,1.0000000000,1.0000000000,1.0000000000,0,ST LOUIS,ST LOUIS
ST. LOUIS - MHT007,2,1.0000000000,1.0000000000,1.0000000000,0,ST LOUIS,ST LOUIS
ST. LOUIS - MHT008,2,1.0000000000,4.0000000000,4.0000000000,0,ST LOUIS,ST LOUIS
ST. LOUIS - MHT009,2,1.0000000000,20.0000000000,20.0000000000,0,ST LOUIS,ST LOUIS
ST. LOUIS - MHT010,2,1.0000000000,7.0000000000,7.0000000000,0,ST LOUIS,ST LOUIS
ST. LOUIS - MHT011,2,1.0000000000,9.0000000000,9.0000000000,0,ST LOUIS,ST LOUIS
ST. LOUIS - MHT012,2,1.0000000000,4.0000000000,4.0000000000,0,ST LOUIS,ST LOUIS
ST. LOUIS - MHT013,2,1.0000000000,6.0000000000,6.0000000000,0,ST LOUIS,ST LOUIS
ST. LOUIS - MHT014,2,1.0000000000,51.0000000000,51.0000000000,0,ST LOUIS,ST LOUIS
ST. LOUIS - MHT015,2,1.0000000000,10.0000000000,10.0000000000,0,ST LOUIS,ST LOUIS
ST. LOUIS - MHT016,2,1.0000000000,6.0000000000,6.0000000000,0,ST LOUIS,ST LOUIS
ST. LOUIS - MHT017,2,1.0000000000,14.0000000000,14.0000000000,0,ST LOUIS,ST LOUIS
ST. LOUIS - MHT018,2,1.0000000000,27.0000000000,27.0000000000,0,ST LOUIS,ST LOUIS
ST. LOUIS - MHT019,2,1.0000000000,23.0000000000,23.0000000000,0,ST LOUIS,ST LOUIS
ST. LOUIS - MHT020,2,1.0000000000,13.0000000000,13.0000000000,0,ST LOUIS,ST LOUIS
ST. LOUIS - MHT021,2,1.0000000000,1.0000000000,1.0000000000,0,ST LOUIS,ST LOUIS
ST. LOUIS - MHT022,2,1.0000000000,10.0000000000,10.0000000000,0,ST LOUIS,ST LOUIS
ST. LOUIS - MHT023,2,1.0000000000,17.0000000000,17.0000000000,0,ST LOUIS,ST LOUIS
ST. LOUIS - MHT024,2,1.0000000000,6.0000000000,6.0000000000,0,ST LOUIS,ST LOUIS
ST. LOUIS - MHT025,2,1.0000000000,20.0000000000,20.0000000000,0,ST LOUIS,ST LOUIS
ST. LOUIS - MHT026,2,1.0000000000,5.0000000000,5.0000000000,0,ST LOUIS,ST LOUIS
ST. LOUIS - MHT027,2,1.0000000000,8.0000000000,8.0000000000,0,ST LOUIS,ST LOUIS
ST. LOUIS - MHT028,2,1.0000000000,4.0000000000,4.0000000000,0,ST LOUIS,ST LOUIS
ST. LOUIS - MHT029,2,1.0000000000,1.0000000000,1.0000000000,0,ST LOUIS,ST LOUIS
ST. LOUIS - MHT030,2,1.0000000000,24.0000000000,24.0000000000,0,ST LOUIS,ST LOUIS
ST. LOUIS - MHT031,2,1.0000000000,1.0000000000,1.0000000000,0,ST LOUIS,ST LOUIS
ST. LOUIS - MHT032,2,1.0000000000,9.0000000000,9.0000000000,0,ST LOUIS,ST LOUIS
ST. LOUIS - MHT033,2,1.0000000000,1.0000000000,1.0000000000,0,ST LOUIS,ST LOUIS
ST. LOUIS - MHT034,2,1.0000000000,18.0000000000,18.0000000000,0,ST LOUIS,ST LOUIS
ST. LOUIS - MHT035,2,1.0000000000,21.0000000000,21.0000000000,0,ST LOUIS,ST LOUIS
ST. LOUIS - MHT036,2,1.0000000000,16.0000000000,16.0000000000,0,ST LOUIS,ST LOUIS
ST. LOUIS - MHT037,2,1.0000000000,20.0000000000,20.0000000000,0,ST LOUIS,ST LOUIS
ST. LOUIS - MHT038,2,1.0000000000,9.0000000000,9.0000000000,0,ST LOUIS,ST LOUIS
ST. LOUIS - MHT039,2,1.0000000000,8.0000000000,8.0000000000,0,ST LOUIS,ST LOUIS
ST. LOUIS - MHT040,2,1.0000000000,6.0000000000,6.0000000000,0,ST LOUIS,ST LOUIS
ST. LOUIS - MHT041,2,1.0000000000,9.0000000000,9.0000000000,0,ST LOUIS,ST LOUIS
ST. LOUIS - MHT042,2,1.0000000000,5.0000000000,5.0000000000,0,ST LOUIS,ST LOUIS
ST. LOUIS - MHT043,2,1.0000000000,7.0000000000,7.0000000000,0,ST LOUIS,ST LOUIS
ST. LOUIS - MHT044,2,1.0000000000,8.0000000000,8.0000000000,0,ST LOUIS,ST LOUIS
ST. LOUIS - MHT045,2,1.0000000000,1.0000000000,1.0000000000,0,ST LOUIS,ST LOUIS
ST. LOUIS - MHT046,2,1.0000000000,3.0000000000,3.0000000000,0,ST LOUIS,ST LOUIS
ST. LOUIS - MHT047,2,1.0000000000,1.0000000000,1.0000000000,0,ST LOUIS,ST LOUIS
ST. LOUIS - MHT048,2,1.0000000000,1.0000000000,1.0000000000,0,ST LOUIS,ST LOUIS
ST. LOUIS - MHT049,2,1.0000000000,3.0000000000,3.0000000000,0,ST LOUIS,ST LOUIS
ST. LOUIS - MHT050,2,1.0000000000,7.0000000000,7.0000000000,0,ST LOUIS,ST LOUIS
ST. LOUIS - MHT051,2,1.0000000000,2.0000000000,2.0000000000,0,ST LOUIS,ST LOUIS
ST. LOUIS - MHT052,2,1.0000000000,4.0000000000,4.0000000000,0,ST LOUIS,ST LOUIS
ST. LOUIS - MHT053,2,1.0000000000,5.0000000000,5.0000000000,0,ST LOUIS,ST LOUIS
ST. LOUIS - MHT054,2,1.0000000000,6.0000000000,6.0000000000,0,ST LOUIS,ST LOUIS
ST. LOUIS - MHT055,2,1.0000000000,2.0000000000,2.0000000000,0,ST LOUIS,ST LOUIS
ST. LOUIS - MHT056,2,1.0000000000,17.0000000000,17.0000000000,0,ST LOUIS,ST LOUIS
ST. LOUIS - MHT057,2,1.0000000000,1.0000000000,1.0000000000,0,ST LOUIS,ST LOUIS
ST. LOUIS - MHT058,2,1.0000000000,3.0000000000,3.0000000000,0,ST LOUIS,ST LOUIS
ST. LOUIS - MHT059,2,1.0000000000,1.0000000000,1.0000000000,0,ST LOUIS,ST LOUIS
ST. LOUIS - MHT200,2,1.0000000000,5.0000000000,5.0000000000,0,ST LOUIS,ST LOUIS
ST. LOUIS - MHT203,2,1.0000000000,13.0000000000,13.0000000000,0,ST LOUIS,ST LOUIS
ST. LOUIS - MHT206,2,1.0000000000,4.0000000000,4.0000000000,0,ST LOUIS,ST LOUIS
ST. LOUIS - MHT207,2,1.0000000000,4.0000000000,4.0000000000,0,ST LOUIS,ST LOUIS
ST. LOUIS - MHT208,2,1.0000000000,1.0000000000,1.0000000000,0,ST LOUIS,ST LOUIS
ST. LOUIS - MHT211,2,1.0000000000,1.0000000000,1.0000000000,0,ST LOUIS,ST LOUIS
ST. LOUIS - MHT212,2,1.0000000000,1.0000000000,1.0000000000,0,ST LOUIS,ST LOUIS
ST. LOUIS - MHT213,2,1.0000000000,3.0000000000,3.0000000000,0,ST LOUIS,ST LOUIS
ST. LOUIS - MHT214,2,1.0000000000,4.0000000000,4.0000000000,0,ST LOUIS,ST LOUIS
ST. LOUIS - MHT216,2,1.0000000000,6.0000000000,6.0000000000,0,ST LOUIS,ST LOUIS
ST. LOUIS - MHT219,2,1.0000000000,1.0000000000,1.0000000000,0,ST LOUIS,ST LOUIS
ST. LOUIS - MHT220,2,1.0000000000,1.0000000000,1.0000000000,0,ST LOUIS,ST LOUIS
ST. LOUIS - MHT222,2,1.0000000000,1.0000000000,1.0000000000,0,ST LOUIS,ST LOUIS
ST. LOUIS - MHT223,2,1.0000000000,1.0000000000,1.0000000000,0,ST LOUIS,ST LOUIS
ST. LOUIS - MID001,1,1.0000000000,5.0000000000,5.0000000000,0,ST LOUIS,ST LOUIS
ST. LOUIS - MID002,1,1.0000000000,49.0000000000,49.0000000000,0,ST LOUIS,ST LOUIS
ST. LOUIS - MID003,1,1.0000000000,10.0000000000,10.0000000000,0,ST LOUIS,ST LOUIS
ST. LOUIS - MID004,1,1.0000000000,17.0000000000,17.0000000000,0,ST LOUIS,ST LOUIS
ST. LOUIS - MID005,1,1.0000000000,18.0000000000,18.0000000000,0,ST LOUIS,ST LOUIS
ST. LOUIS - MID006,1,1.0000000000,9.0000000000,9.0000000000,0,ST LOUIS,ST LOUIS
ST. LOUIS - MID007,1,1.0000000000,8.0000000000,8.0000000000,0,ST LOUIS,ST LOUIS
ST. LOUIS - MID008,1,1.0000000000,12.0000000000,12.0000000000,0,ST LOUIS,ST LOUIS
ST. LOUIS - MID009,1,1.0000000000,14.0000000000,14.0000000000,0,ST LOUIS,ST LOUIS
ST. LOUIS - MID010,1,1.0000000000,5.0000000000,5.0000000000,0,ST LOUIS,ST LOUIS
ST. LOUIS - MID011,1,1.0000000000,8.0000000000,8.0000000000,0,ST LOUIS,ST LOUIS
ST. LOUIS - MID012,1,1.0000000000,23.0000000000,23.0000000000,0,ST LOUIS,ST LOUIS
ST. LOUIS - MID013,1,1.0000000000,2.0000000000,2.0000000000,0,ST LOUIS,ST LOUIS
ST. LOUIS - MID014,1,1.0000000000,18.0000000000,18.0000000000,0,ST LOUIS,ST LOUIS
ST. LOUIS - MID015,1,1.0000000000,17.0000000000,17.0000000000,0,ST LOUIS,ST LOUIS
ST. LOUIS - MID016,1,1.0000000000,18.0000000000,18.0000000000,0,ST LOUIS,ST LOUIS
ST. LOUIS - MID017,1,1.0000000000,9.0000000000,9.0000000000,0,ST LOUIS,ST LOUIS
ST. LOUIS - MID018,1,1.0000000000,8.0000000000,8.0000000000,0,ST LOUIS,ST LOUIS
ST. LOUIS - MID019,1,1.0000000000,9.0000000000,9.0000000000,0,ST LOUIS,ST LOUIS
ST. LOUIS - MID020,1,1.0000000000,6.0000000000,6.0000000000,0,ST LOUIS,ST LOUIS
ST. LOUIS - MID021,1,1.0000000000,10.0000000000,10.0000000000,0,ST LOUIS,ST LOUIS
ST. LOUIS - MID022,1,1.0000000000,18.0000000000,18.0000000000,0,ST LOUIS,ST LOUIS
ST. LOUIS - MID023,1,1.0000000000,8.0000000000,8.0000000000,0,ST LOUIS,ST LOUIS
ST. LOUIS - MID024,1,1.0000000000,26.0000000000,26.0000000000,0,ST LOUIS,ST LOUIS
ST. LOUIS - MID025,1,1.0000000000,7.0000000000,7.0000000000,0,ST LOUIS,ST LOUIS
ST. LOUIS - MID026,1,1.0000000000,15.0000000000,15.0000000000,0,ST LOUIS,ST LOUIS
ST. LOUIS - MID027,1,1.0000000000,6.0000000000,6.0000000000,0,ST LOUIS,ST LOUIS
ST. LOUIS - MID028,1,1.0000000000,4.0000000000,4.0000000000,0,ST LOUIS,ST LOUIS
ST. LOUIS - MID029,1,1.0000000000,1.0000000000,1.0000000000,0,ST LOUIS,ST LOUIS
ST. LOUIS - MID030,1,1.0000000000,10.0000000000,10.0000000000,0,ST LOUIS,ST LOUIS
ST. LOUIS - MID031,1,1.0000000000,12.0000000000,12.0000000000,0,ST LOUIS,ST LOUIS
ST. LOUIS - MID032,1,1.0000000000,3.0000000000,3.0000000000,0,ST LOUIS,ST LOUIS
ST. LOUIS - MID033,1,1.0000000000,15.0000000000,15.0000000000,0,ST LOUIS,ST LOUIS
ST. LOUIS - MID034,1,1.0000000000,1.0000000000,1.0000000000,0,ST LOUIS,ST LOUIS
ST. LOUIS - MID035,1,1.0000000000,35.0000000000,35.0000000000,0,ST LOUIS,ST LOUIS
ST. LOUIS - MID036,1,1.0000000000,7.0000000000,7.0000000000,0,ST LOUIS,ST LOUIS
ST. LOUIS - MID037,1,1.0000000000,20.0000000000,20.0000000000,0,ST LOUIS,ST LOUIS
ST. LOUIS - MID038,1,1.0000000000,3.0000000000,3.0000000000,0,ST LOUIS,ST LOUIS
ST. LOUIS - MID039,1,1.0000000000,4.0000000000,4.0000000000,0,ST LOUIS,ST LOUIS
ST. LOUIS - MID040,1,1.0000000000,1.0000000000,1.0000000000,0,ST LOUIS,ST LOUIS
ST. LOUIS - MID041,1,1.0000000000,9.0000000000,9.0000000000,0,ST LOUIS,ST LOUIS
ST. LOUIS - MID042,1,1.0000000000,15.0000000000,15.0000000000,0,ST LOUIS,ST LOUIS
ST. LOUIS - MID043,1,1.0000000000,17.0000000000,17.0000000000,0,ST LOUIS,ST LOUIS
ST. LOUIS - MID044,1,1.0000000000,4.0000000000,4.0000000000,0,ST LOUIS,ST LOUIS
ST. LOUIS - MID045,1,1.0000000000,6.0000000000,6.0000000000,0,ST LOUIS,ST LOUIS
ST. LOUIS - MID046,1,1.0000000000,7.0000000000,7.0000000000,0,ST LOUIS,ST LOUIS
ST. LOUIS - MID047,1,1.0000000000,8.0000000000,8.0000000000,0,ST LOUIS,ST LOUIS
ST. LOUIS - MID048,1,1.0000000000,4.0000000000,4.0000000000,0,ST LOUIS,ST LOUIS
ST. LOUIS - MID049,1,1.0000000000,1.0000000000,1.0000000000,0,ST LOUIS,ST LOUIS
ST. LOUIS - MID050,1,1.0000000000,4.0000000000,4.0000000000,0,ST LOUIS,ST LOUIS
ST. LOUIS - MID051,1,1.0000000000,1.0000000000,1.0000000000,0,ST LOUIS,ST LOUIS
ST. LOUIS - MID052,1,1.0000000000,8.0000000000,8.0000000000,0,ST LOUIS,ST LOUIS
ST. LOUIS - MID053,1,1.0000000000,10.0000000000,10.0000000000,0,ST LOUIS,ST LOUIS
ST. LOUIS - MID054,1,1.0000000000,8.0000000000,8.0000000000,0,ST LOUIS,ST LOUIS
ST. LOUIS - MID055,1,1.0000000000,5.0000000000,5.0000000000,0,ST LOUIS,ST LOUIS
ST. LOUIS - MID056,1,1.0000000000,1.0000000000,1.0000000000,0,ST LOUIS,ST LOUIS
ST. LOUIS - MID057,1,1.0000000000,2.0000000000,2.0000000000,0,ST LOUIS,ST LOUIS
ST. LOUIS - MID058,1,1.0000000000,1.0000000000,1.0000000000,0,ST LOUIS,ST LOUIS
ST. LOUIS - MID059,1,1.0000000000,6.0000000000,6.0000000000,0,ST LOUIS,ST LOUIS
ST. LOUIS - MID060,1,1.0000000000,1.0000000000,1.0000000000,0,ST LOUIS,ST LOUIS
ST. LOUIS - MID061,1,1.0000000000,1.0000000000,1.0000000000,0,ST LOUIS,ST LOUIS
ST. LOUIS - MID200,1,1.0000000000,2.0000000000,2.0000000000,0,ST LOUIS,ST LOUIS
ST. LOUIS - MID201,1,1.0000000000,2.0000000000,2.0000000000,0,ST LOUIS,ST LOUIS
ST. LOUIS - MID202,1,1.0000000000,1.0000000000,1.0000000000,0,ST LOUIS,ST LOUIS
ST. LOUIS - MID204,1,1.0000000000,3.0000000000,3.0000000000,0,ST LOUIS,ST LOUIS
ST. LOUIS - NOR001,1,1.0000000000,20.0000000000,20.0000000000,0,ST LOUIS,ST LOUIS
ST. LOUIS - NOR002,1,1.0000000000,24.0000000000,24.0000000000,0,ST LOUIS,ST LOUIS
ST. LOUIS - NOR003,1,1.0000000000,19.0000000000,19.0000000000,0,ST LOUIS,ST LOUIS
ST. LOUIS - NOR004,1,1.0000000000,10.0000000000,10.0000000000,0,ST LOUIS,ST LOUIS
ST. LOUIS - NOR005,1,1.0000000000,10.0000000000,10.0000000000,0,ST LOUIS,ST LOUIS
ST. LOUIS - NOR006,1,1.0000000000,18.0000000000,18.0000000000,0,ST LOUIS,ST LOUIS
ST. LOUIS - NOR007,1,1.0000000000,18.0000000000,18.0000000000,0,ST LOUIS,ST LOUIS
ST. LOUIS - NOR008,1,1.0000000000,3.0000000000,3.0000000000,0,ST LOUIS,ST LOUIS
ST. LOUIS - NOR009,1,1.0000000000,15.0000000000,15.0000000000,0,ST LOUIS,ST LOUIS
ST. LOUIS - NOR010,1,1.0000000000,18.0000000000,18.0000000000,0,ST LOUIS,ST LOUIS
ST. LOUIS - NOR011,1,1.0000000000,15.0000000000,15.0000000000,0,ST LOUIS,ST LOUIS
ST. LOUIS - NOR012,1,1.0000000000,17.0000000000,17.0000000000,0,ST LOUIS,ST LOUIS
ST. LOUIS - NOR013,1,1.0000000000,3.0000000000,3.0000000000,0,ST LOUIS,ST LOUIS
ST. LOUIS - NOR014,1,1.0000000000,9.0000000000,9.0000000000,0,ST LOUIS,ST LOUIS
ST. LOUIS - NOR015,1,1.0000000000,17.0000000000,17.0000000000,0,ST LOUIS,ST LOUIS
ST. LOUIS - NOR016,1,1.0000000000,9.0000000000,9.0000000000,0,ST LOUIS,ST LOUIS
ST. LOUIS - NOR017,1,1.0000000000,1.0000000000,1.0000000000,0,ST LOUIS,ST LOUIS
ST. LOUIS - NOR018,1,1.0000000000,17.0000000000,17.0000000000,0,ST LOUIS,ST LOUIS
ST. LOUIS - NOR019,1,1.0000000000,3.0000000000,3.0000000000,0,ST LOUIS,ST LOUIS
ST. LOUIS - NOR020,1,1.0000000000,9.0000000000,9.0000000000,0,ST LOUIS,ST LOUIS
ST. LOUIS - NOR021,1,1.0000000000,24.0000000000,24.0000000000,0,ST LOUIS,ST LOUIS
ST. LOUIS - NOR022,1,1.0000000000,5.0000000000,5.0000000000,0,ST LOUIS,ST LOUIS
ST. LOUIS - NOR023,1,1.0000000000,17.0000000000,17.0000000000,0,ST LOUIS,ST LOUIS
ST. LOUIS - NOR024,1,1.0000000000,12.0000000000,12.0000000000,0,ST LOUIS,ST LOUIS
ST. LOUIS - NOR025,1,1.0000000000,18.0000000000,18.0000000000,0,ST LOUIS,ST LOUIS
ST. LOUIS - NOR026,1,1.0000000000,42.0000000000,42.0000000000,0,ST LOUIS,ST LOUIS
ST. LOUIS - NOR027,1,1.0000000000,13.0000000000,13.0000000000,0,ST LOUIS,ST LOUIS
ST. LOUIS - NOR028,1,1.0000000000,2.0000000000,2.0000000000,0,ST LOUIS,ST LOUIS
ST. LOUIS - NOR029,1,1.0000000000,29.0000000000,29.0000000000,0,ST LOUIS,ST LOUIS
ST. LOUIS - NOR030,1,1.0000000000,23.0000000000,23.0000000000,0,ST LOUIS,ST LOUIS
ST. LOUIS - NOR031,1,1.0000000000,18.0000000000,18.0000000000,0,ST LOUIS,ST LOUIS
ST. LOUIS - NOR032,1,1.0000000000,10.0000000000,10.0000000000,0,ST LOUIS,ST LOUIS
ST. LOUIS - NOR033,1,1.0000000000,8.0000000000,8.0000000000,0,ST LOUIS,ST LOUIS
ST. LOUIS - NOR034,1,1.0000000000,4.0000000000,4.0000000000,0,ST LOUIS,ST LOUIS
ST. LOUIS - NOR035,1,1.0000000000,3.0000000000,3.0000000000,0,ST LOUIS,ST LOUIS
ST. LOUIS - NOR036,1,1.0000000000,13.0000000000,13.0000000000,0,ST LOUIS,ST LOUIS
ST. LOUIS - NOR037,1,1.0000000000,16.0000000000,16.0000000000,0,ST LOUIS,ST LOUIS
ST. LOUIS - NOR038,1,1.0000000000,1.0000000000,1.0000000000,0,ST LOUIS,ST LOUIS
ST. LOUIS - NOR039,1,1.0000000000,16.0000000000,16.0000000000,0,ST LOUIS,ST LOUIS
ST. LOUIS - NOR040,1,1.0000000000,6.0000000000,6.0000000000,0,ST LOUIS,ST LOUIS
ST. LOUIS - NOR041,1,1.0000000000,10.0000000000,10.0000000000,0,ST LOUIS,ST LOUIS
ST. LOUIS - NOR042,1,1.0000000000,13.0000000000,13.0000000000,0,ST LOUIS,ST LOUIS
ST. LOUIS - NOR043,1,1.0000000000,2.0000000000,2.0000000000,0,ST LOUIS,ST LOUIS
ST. LOUIS - NOR044,1,1.0000000000,27.0000000000,27.0000000000,0,ST LOUIS,ST LOUIS
ST. LOUIS - NOR045,1,1.0000000000,25.0000000000,25.0000000000,0,ST LOUIS,ST LOUIS
ST. LOUIS - NOR046,1,1.0000000000,3.0000000000,3.0000000000,0,ST LOUIS,ST LOUIS
ST. LOUIS - NOR047,1,1.0000000000,2.0000000000,2.0000000000,0,ST LOUIS,ST LOUIS
ST. LOUIS - NOR048,1,1.0000000000,3.0000000000,3.0000000000,0,ST LOUIS,ST LOUIS
ST. LOUIS - NOR049,1,1.0000000000,2.0000000000,2.0000000000,0,ST LOUIS,ST LOUIS
ST. LOUIS - NOR050,1,1.0000000000,23.0000000000,23.0000000000,0,ST LOUIS,ST LOUIS
ST. LOUIS - NOR051,1,1.0000000000,27.0000000000,27.0000000000,0,ST LOUIS,ST LOUIS
ST. LOUIS - NOR052,1,1.0000000000,8.0000000000,8.0000000000,0,ST LOUIS,ST LOUIS
ST. LOUIS - NOR053,1,1.0000000000,3.0000000000,3.0000000000,0,ST LOUIS,ST LOUIS
ST. LOUIS - NOR054,1,1.0000000000,16.0000000000,16.0000000000,0,ST LOUIS,ST LOUIS
ST. LOUIS - NOR055,1,1.0000000000,12.0000000000,12.0000000000,0,ST LOUIS,ST LOUIS
ST. LOUIS - NOR056,1,1.0000000000,8.0000000000,8.0000000000,0,ST LOUIS,ST LOUIS
ST. LOUIS - NOR200,1,1.0000000000,3.0000000000,3.0000000000,0,ST LOUIS,ST LOUIS
ST. LOUIS - NOR201,1,1.0000000000,2.0000000000,2.0000000000,0,ST LOUIS,ST LOUIS
ST. LOUIS - NOR202,1,1.0000000000,7.0000000000,7.0000000000,0,ST LOUIS,ST LOUIS
ST. LOUIS - NOR203,1,1.0000000000,1.0000000000,1.0000000000,0,ST LOUIS,ST LOUIS
ST. LOUIS - NOR204,1,1.0000000000,6.0000000000,6.0000000000,0,ST LOUIS,ST LOUIS
ST. LOUIS - NOR208,1,1.0000000000,5.0000000000,5.0000000000,0,ST LOUIS,ST LOUIS
ST. LOUIS - NOR213,1,1.0000000000,3.0000000000,3.0000000000,0,ST LOUIS,ST LOUIS
ST. LOUIS - NOR218,1,1.0000000000,6.0000000000,6.0000000000,0,ST LOUIS,ST LOUIS
ST. LOUIS - NOR222,1,1.0000000000,4.0000000000,4.0000000000,0,ST LOUIS,ST LOUIS
ST. LOUIS - NRW001,1,1.0000000000,2.0000000000,2.0000000000,0,ST LOUIS,ST LOUIS
ST. LOUIS - NRW002,1,1.0000000000,7.0000000000,7.0000000000,0,ST LOUIS,ST LOUIS
ST. LOUIS - NRW003,1,1.0000000000,9.0000000000,9.0000000000,0,ST LOUIS,ST LOUIS
ST. LOUIS - NRW004,1,1.0000000000,10.0000000000,10.0000000000,0,ST LOUIS,ST LOUIS
ST. LOUIS - NRW005,1,1.0000000000,15.0000000000,15.0000000000,0,ST LOUIS,ST LOUIS
ST. LOUIS - NRW006,1,1.0000000000,8.0000000000,8.0000000000,0,ST LOUIS,ST LOUIS
ST. LOUIS - NRW007,1,1.0000000000,20.0000000000,20.0000000000,0,ST LOUIS,ST LOUIS
ST. LOUIS - NRW008,1,1.0000000000,34.0000000000,34.0000000000,0,ST LOUIS,ST LOUIS
ST. LOUIS - NRW009,1,1.0000000000,1.0000000000,1.0000000000,0,ST LOUIS,ST LOUIS
ST. LOUIS - NRW010,1,1.0000000000,13.0000000000,13.0000000000,0,ST LOUIS,ST LOUIS
ST. LOUIS - NRW011,1,1.0000000000,25.0000000000,25.0000000000,0,ST LOUIS,ST LOUIS
ST. LOUIS - NRW012,1,1.0000000000,1.0000000000,1.0000000000,0,ST LOUIS,ST LOUIS
ST. LOUIS - NRW013,1,1.0000000000,11.0000000000,11.0000000000,0,ST LOUIS,ST LOUIS
ST. LOUIS - NRW014,1,1.0000000000,4.0000000000,4.0000000000,0,ST LOUIS,ST LOUIS
ST. LOUIS - NRW015,1,1.0000000000,13.0000000000,13.0000000000,0,ST LOUIS,ST LOUIS
ST. LOUIS - NRW016,1,1.0000000000,1.0000000000,1.0000000000,0,ST LOUIS,ST LOUIS
ST. LOUIS - NRW017,1,1.0000000000,22.0000000000,22.0000000000,0,ST LOUIS,ST LOUIS
ST. LOUIS - NRW018,1,1.0000000000,11.0000000000,11.0000000000,0,ST LOUIS,ST LOUIS
ST. LOUIS - NRW019,1,1.0000000000,28.0000000000,28.0000000000,0,ST LOUIS,ST LOUIS
ST. LOUIS - NRW020,1,1.0000000000,1.0000000000,1.0000000000,0,ST LOUIS,ST LOUIS
ST. LOUIS - NRW021,1,1.0000000000,42.0000000000,42.0000000000,0,ST LOUIS,ST LOUIS
ST. LOUIS - NRW022,1,1.0000000000,8.0000000000,8.0000000000,0,ST LOUIS,ST LOUIS
ST. LOUIS - NRW023,1,1.0000000000,10.0000000000,10.0000000000,0,ST LOUIS,ST LOUIS
ST. LOUIS - NRW024,1,1.0000000000,1.0000000000,1.0000000000,0,ST LOUIS,ST LOUIS
ST. LOUIS - NRW025,1,1.0000000000,19.0000000000,19.0000000000,0,ST LOUIS,ST LOUIS
ST. LOUIS - NRW026,1,1.0000000000,11.0000000000,11.0000000000,0,ST LOUIS,ST LOUIS
ST. LOUIS - NRW027,1,1.0000000000,3.0000000000,3.0000000000,0,ST LOUIS,ST LOUIS
ST. LOUIS - NRW028,1,1.0000000000,16.0000000000,16.0000000000,0,ST LOUIS,ST LOUIS
ST. LOUIS - NRW029,1,1.0000000000,21.0000000000,21.0000000000,0,ST LOUIS,ST LOUIS
ST. LOUIS - NRW030,1,1.0000000000,20.0000000000,20.0000000000,0,ST LOUIS,ST LOUIS
ST. LOUIS - NRW031,1,1.0000000000,1.0000000000,1.0000000000,0,ST LOUIS,ST LOUIS
ST. LOUIS - NRW032,1,1.0000000000,13.0000000000,13.0000000000,0,ST LOUIS,ST LOUIS
ST. LOUIS - NRW033,1,1.0000000000,3.0000000000,3.0000000000,0,ST LOUIS,ST LOUIS
ST. LOUIS - NRW034,1,1.0000000000,7.0000000000,7.0000000000,0,ST LOUIS,ST LOUIS
ST. LOUIS - NRW035,1,1.0000000000,2.0000000000,2.0000000000,0,ST LOUIS,ST LOUIS
ST. LOUIS - NRW036,1,1.0000000000,8.0000000000,8.0000000000,0,ST LOUIS,ST LOUIS
ST. LOUIS - NRW037,1,1.0000000000,15.0000000000,15.0000000000,0,ST LOUIS,ST LOUIS
ST. LOUIS - NRW038,1,1.0000000000,6.0000000000,6.0000000000,0,ST LOUIS,ST LOUIS
ST. LOUIS - NRW039,1,1.0000000000,16.0000000000,16.0000000000,0,ST LOUIS,ST LOUIS
ST. LOUIS - NRW040,1,1.0000000000,14.0000000000,14.0000000000,0,ST LOUIS,ST LOUIS
ST. LOUIS - NRW041,1,1.0000000000,20.0000000000,20.0000000000,0,ST LOUIS,ST LOUIS
ST. LOUIS - NRW042,1,1.0000000000,26.0000000000,26.0000000000,0,ST LOUIS,ST LOUIS
ST. LOUIS - NRW043,1,1.0000000000,28.0000000000,28.0000000000,0,ST LOUIS,ST LOUIS
ST. LOUIS - NRW044,1,1.0000000000,5.0000000000,5.0000000000,0,ST LOUIS,ST LOUIS
ST. LOUIS - NRW045,1,1.0000000000,2.0000000000,2.0000000000,0,ST LOUIS,ST LOUIS
ST. LOUIS - NRW046,1,1.0000000000,20.0000000000,20.0000000000,0,ST LOUIS,ST LOUIS
ST. LOUIS - NRW047,1,1.0000000000,24.0000000000,24.0000000000,0,ST LOUIS,ST LOUIS
ST. LOUIS - NRW048,1,1.0000000000,22.0000000000,22.0000000000,0,ST LOUIS,ST LOUIS
ST. LOUIS - NRW049,1,1.0000000000,6.0000000000,6.0000000000,0,ST LOUIS,ST LOUIS
ST. LOUIS - NRW050,1,1.0000000000,10.0000000000,10.0000000000,0,ST LOUIS,ST LOUIS
ST. LOUIS - NRW051,1,1.0000000000,16.0000000000,16.0000000000,0,ST LOUIS,ST LOUIS
ST. LOUIS - NRW200,1,1.0000000000,6.0000000000,6.0000000000,0,ST LOUIS,ST LOUIS
ST. LOUIS - NRW201,1,1.0000000000,1.0000000000,1.0000000000,0,ST LOUIS,ST LOUIS
ST. LOUIS - NRW202,1,1.0000000000,2.0000000000,2.0000000000,0,ST LOUIS,ST LOUIS
ST. LOUIS - NRW203,1,1.0000000000,4.0000000000,4.0000000000,0,ST LOUIS,ST LOUIS
ST. LOUIS - NRW204,1,1.0000000000,2.0000000000,2.0000000000,0,ST LOUIS,ST LOUIS
ST. LOUIS - NRW205,1,1.0000000000,10.0000000000,10.0000000000,0,ST LOUIS,ST LOUIS
ST. LOUIS - NW1604,1,1.0000000000,4.0000000000,4.0000000000,0,ST LOUIS,ST LOUIS
ST. LOUIS - OAK001,2,1.0000000000,12.0000000000,12.0000000000,0,ST LOUIS,ST LOUIS
ST. LOUIS - OAK002,2,1.0000000000,26.0000000000,26.0000000000,0,ST LOUIS,ST LOUIS
ST. LOUIS - OAK003,2,1.0000000000,14.0000000000,14.0000000000,0,ST LOUIS,ST LOUIS
ST. LOUIS - OAK004,2,1.0000000000,3.0000000000,3.0000000000,0,ST LOUIS,ST LOUIS
ST. LOUIS - OAK005,2,1.0000000000,17.0000000000,17.0000000000,0,ST LOUIS,ST LOUIS
ST. LOUIS - OAK006,2,1.0000000000,11.0000000000,11.0000000000,0,ST LOUIS,ST LOUIS
ST. LOUIS - OAK007,2,1.0000000000,9.0000000000,9.0000000000,0,ST LOUIS,ST LOUIS
ST. LOUIS - OAK008,2,1.0000000000,9.0000000000,9.0000000000,0,ST LOUIS,ST LOUIS
ST. LOUIS - OAK009,2,1.0000000000,9.0000000000,9.0000000000,0,ST LOUIS,ST LOUIS
ST. LOUIS - OAK010,2,1.0000000000,8.0000000000,8.0000000000,0,ST LOUIS,ST LOUIS
ST. LOUIS - OAK011,2,1.0000000000,11.0000000000,11.0000000000,0,ST LOUIS,ST LOUIS
ST. LOUIS - OAK012,2,1.0000000000,17.0000000000,17.0000000000,0,ST LOUIS,ST LOUIS
ST. LOUIS - OAK013,2,1.0000000000,17.0000000000,17.0000000000,0,ST LOUIS,ST LOUIS
ST. LOUIS - OAK014,2,1.0000000000,6.0000000000,6.0000000000,0,ST LOUIS,ST LOUIS
ST. LOUIS - OAK015,2,1.0000000000,26.0000000000,26.0000000000,0,ST LOUIS,ST LOUIS
ST. LOUIS - OAK016,2,1.0000000000,8.0000000000,8.0000000000,0,ST LOUIS,ST LOUIS
ST. LOUIS - OAK017,2,1.0000000000,9.0000000000,9.0000000000,0,ST LOUIS,ST LOUIS
ST. LOUIS - OAK018,2,1.0000000000,2.0000000000,2.0000000000,0,ST LOUIS,ST LOUIS
ST. LOUIS - OAK019,2,1.0000000000,26.0000000000,26.0000000000,0,ST LOUIS,ST LOUIS
ST. LOUIS - OAK020,2,1.0000000000,8.0000000000,8.0000000000,0,ST LOUIS,ST LOUIS
ST. LOUIS - OAK021,2,1.0000000000,8.0000000000,8.0000000000,0,ST LOUIS,ST LOUIS
ST. LOUIS - OAK022,2,1.0000000000,7.0000000000,7.0000000000,0,ST LOUIS,ST LOUIS
ST. LOUIS - OAK023,2,1.0000000000,9.0000000000,9.0000000000,0,ST LOUIS,ST LOUIS
ST. LOUIS - OAK024,2,1.0000000000,12.0000000000,12.0000000000,0,ST LOUIS,ST LOUIS
ST. LOUIS - OAK025,2,1.0000000000,6.0000000000,6.0000000000,0,ST LOUIS,ST LOUIS
ST. LOUIS - OAK026,2,1.0000000000,7.0000000000,7.0000000000,0,ST LOUIS,ST LOUIS
ST. LOUIS - OAK027,2,1.0000000000,7.0000000000,7.0000000000,0,ST LOUIS,ST LOUIS
ST. LOUIS - OAK028,2,1.0000000000,6.0000000000,6.0000000000,0,ST LOUIS,ST LOUIS
ST. LOUIS - OAK029,2,1.0000000000,2.0000000000,2.0000000000,0,ST LOUIS,ST LOUIS
ST. LOUIS - QUE001,2,1.0000000000,17.0000000000,17.0000000000,0,ST LOUIS,ST LOUIS
ST. LOUIS - QUE002,2,1.0000000000,10.0000000000,10.0000000000,0,ST LOUIS,ST LOUIS
ST. LOUIS - QUE003,2,1.0000000000,7.0000000000,7.0000000000,0,ST LOUIS,ST LOUIS
ST. LOUIS - QUE004,2,1.0000000000,9.0000000000,9.0000000000,0,ST LOUIS,ST LOUIS
ST. LOUIS - QUE005,2,1.0000000000,5.0000000000,5.0000000000,0,ST LOUIS,ST LOUIS
ST. LOUIS - QUE006,2,1.0000000000,15.0000000000,15.0000000000,0,ST LOUIS,ST LOUIS
ST. LOUIS - QUE007,2,1.0000000000,10.0000000000,10.0000000000,0,ST LOUIS,ST LOUIS
ST. LOUIS - QUE008,2,1.0000000000,16.0000000000,16.0000000000,0,ST LOUIS,ST LOUIS
ST. LOUIS - QUE009,2,1.0000000000,8.0000000000,8.0000000000,0,ST LOUIS,ST LOUIS
ST. LOUIS - QUE010,2,1.0000000000,6.0000000000,6.0000000000,0,ST LOUIS,ST LOUIS
ST. LOUIS - QUE011,2,1.0000000000,14.0000000000,14.0000000000,0,ST LOUIS,ST LOUIS
ST. LOUIS - QUE012,2,1.0000000000,6.0000000000,6.0000000000,0,ST LOUIS,ST LOUIS
ST. LOUIS - QUE013,2,1.0000000000,2.0000000000,2.0000000000,0,ST LOUIS,ST LOUIS
ST. LOUIS - QUE014,2,1.0000000000,2.0000000000,2.0000000000,0,ST LOUIS,ST LOUIS
ST. LOUIS - QUE015,2,1.0000000000,1.0000000000,1.0000000000,0,ST LOUIS,ST LOUIS
ST. LOUIS - QUE016,2,1.0000000000,7.0000000000,7.0000000000,0,ST LOUIS,ST LOUIS
ST. LOUIS - QUE017,2,1.0000000000,62.0000000000,62.0000000000,0,ST LOUIS,ST LOUIS
ST. LOUIS - QUE018,2,1.0000000000,19.0000000000,19.0000000000,0,ST LOUIS,ST LOUIS
ST. LOUIS - QUE019,2,1.0000000000,6.0000000000,6.0000000000,0,ST LOUIS,ST LOUIS
ST. LOUIS - QUE020,2,1.0000000000,19.0000000000,19.0000000000,0,ST LOUIS,ST LOUIS
ST. LOUIS - QUE021,2,1.0000000000,1.0000000000,1.0000000000,0,ST LOUIS,ST LOUIS
ST. LOUIS - QUE022,2,1.0000000000,18.0000000000,18.0000000000,0,ST LOUIS,ST LOUIS
ST. LOUIS - QUE023,2,1.0000000000,12.0000000000,12.0000000000,0,ST LOUIS,ST LOUIS
ST. LOUIS - QUE024,2,1.0000000000,13.0000000000,13.0000000000,0,ST LOUIS,ST LOUIS
ST. LOUIS - QUE025,2,1.0000000000,1.0000000000,1.0000000000,0,ST LOUIS,ST LOUIS
ST. LOUIS - QUE026,2,1.0000000000,9.0000000000,9.0000000000,0,ST LOUIS,ST LOUIS
ST. LOUIS - QUE027,2,1.0000000000,4.0000000000,4.0000000000,0,ST LOUIS,ST LOUIS
ST. LOUIS - QUE028,2,1.0000000000,3.0000000000,3.0000000000,0,ST LOUIS,ST LOUIS
ST. LOUIS - QUE029,2,1.0000000000,17.0000000000,17.0000000000,0,ST LOUIS,ST LOUIS
ST. LOUIS - QUE030,2,1.0000000000,5.0000000000,5.0000000000,0,ST LOUIS,ST LOUIS
ST. LOUIS - QUE031,2,1.0000000000,4.0000000000,4.0000000000,0,ST LOUIS,ST LOUIS
ST. LOUIS - QUE032,2,1.0000000000,8.0000000000,8.0000000000,0,ST LOUIS,ST LOUIS
ST. LOUIS - QUE033,2,1.0000000000,3.0000000000,3.0000000000,0,ST LOUIS,ST LOUIS
ST. LOUIS - QUE034,2,1.0000000000,4.0000000000,4.0000000000,0,ST LOUIS,ST LOUIS
ST. LOUIS - QUE035,2,1.0000000000,20.0000000000,20.0000000000,0,ST LOUIS,ST LOUIS
ST. LOUIS - QUE036,2,1.0000000000,8.0000000000,8.0000000000,0,ST LOUIS,ST LOUIS
ST. LOUIS - QUE037,2,1.0000000000,7.0000000000,7.0000000000,0,ST LOUIS,ST LOUIS
ST. LOUIS - QUE038,2,1.0000000000,8.0000000000,8.0000000000,0,ST LOUIS,ST LOUIS
ST. LOUIS - QUE039,2,1.0000000000,10.0000000000,10.0000000000,0,ST LOUIS,ST LOUIS
ST. LOUIS - QUE040,2,1.0000000000,7.0000000000,7.0000000000,0,ST LOUIS,ST LOUIS
ST. LOUIS - QUE041,2,1.0000000000,2.0000000000,2.0000000000,0,ST LOUIS,ST LOUIS
ST. LOUIS - QUE042,2,1.0000000000,15.0000000000,15.0000000000,0,ST LOUIS,ST LOUIS
ST. LOUIS - QUE043,2,1.0000000000,10.0000000000,10.0000000000,0,ST LOUIS,ST LOUIS
ST. LOUIS - QUE044,2,1.0000000000,14.0000000000,14.0000000000,0,ST LOUIS,ST LOUIS
ST. LOUIS - QUE045,2,1.0000000000,10.0000000000,10.0000000000,0,ST LOUIS,ST LOUIS
ST. LOUIS - QUE046,2,1.0000000000,3.0000000000,3.0000000000,0,ST LOUIS,ST LOUIS
ST. LOUIS - QUE047,2,1.0000000000,1.0000000000,1.0000000000,0,ST LOUIS,ST LOUIS
ST. LOUIS - QUE048,2,1.0000000000,2.0000000000,2.0000000000,0,ST LOUIS,ST LOUIS
ST. LOUIS - QUE049,2,1.0000000000,5.0000000000,5.0000000000,0,ST LOUIS,ST LOUIS
ST. LOUIS - QUE200,2,1.0000000000,8.0000000000,8.0000000000,0,ST LOUIS,ST LOUIS
ST. LOUIS - QUE201,2,1.0000000000,1.0000000000,1.0000000000,0,ST LOUIS,ST LOUIS
ST. LOUIS - QUE202,2,1.0000000000,10.0000000000,10.0000000000,0,ST LOUIS,ST LOUIS
ST. LOUIS - QUE203,2,1.0000000000,13.0000000000,13.0000000000,0,ST LOUIS,ST LOUIS
ST. LOUIS - QUE204,2,1.0000000000,4.0000000000,4.0000000000,0,ST LOUIS,ST LOUIS
ST. LOUIS - QUE205,2,1.0000000000,2.0000000000,2.0000000000,0,ST LOUIS,ST LOUIS
ST. LOUIS - QUE207,2,1.0000000000,1.0000000000,1.0000000000,0,ST LOUIS,ST LOUIS
ST. LOUIS - QUE208,2,1.0000000000,1.0000000000,1.0000000000,0,ST LOUIS,ST LOUIS
ST. LOUIS - QUE209,2,1.0000000000,2.0000000000,2.0000000000,0,ST LOUIS,ST LOUIS
ST. LOUIS - QUE210,2,1.0000000000,5.0000000000,5.0000000000,0,ST LOUIS,ST LOUIS
ST. LOUIS - QUE211,2,1.0000000000,1.0000000000,1.0000000000,0,ST LOUIS,ST LOUIS
ST. LOUIS - QUE213,2,1.0000000000,17.0000000000,17.0000000000,0,ST LOUIS,ST LOUIS
ST. LOUIS - SPL001,1,1.0000000000,21.0000000000,21.0000000000,0,ST LOUIS,ST LOUIS
ST. LOUIS - SPL002,1,1.0000000000,19.0000000000,19.0000000000,0,ST LOUIS,ST LOUIS
ST. LOUIS - SPL003,1,1.0000000000,40.0000000000,40.0000000000,0,ST LOUIS,ST LOUIS
ST. LOUIS - SPL004,1,1.0000000000,27.0000000000,27.0000000000,0,ST LOUIS,ST LOUIS
ST. LOUIS - SPL005,1,1.0000000000,13.0000000000,13.0000000000,0,ST LOUIS,ST LOUIS
ST. LOUIS - SPL006,1,1.0000000000,4.0000000000,4.0000000000,0,ST LOUIS,ST LOUIS
ST. LOUIS - SPL007,1,1.0000000000,21.0000000000,21.0000000000,0,ST LOUIS,ST LOUIS
ST. LOUIS - SPL008,1,1.0000000000,5.0000000000,5.0000000000,0,ST LOUIS,ST LOUIS
ST. LOUIS - SPL009,1,1.0000000000,5.0000000000,5.0000000000,0,ST LOUIS,ST LOUIS
ST. LOUIS - SPL010,1,1.0000000000,15.0000000000,15.0000000000,0,ST LOUIS,ST LOUIS
ST. LOUIS - SPL011,1,1.0000000000,10.0000000000,10.0000000000,0,ST LOUIS,ST LOUIS
ST. LOUIS - SPL012,1,1.0000000000,16.0000000000,16.0000000000,0,ST LOUIS,ST LOUIS
ST. LOUIS - SPL013,1,1.0000000000,15.0000000000,15.0000000000,0,ST LOUIS,ST LOUIS
ST. LOUIS - SPL014,1,1.0000000000,9.0000000000,9.0000000000,0,ST LOUIS,ST LOUIS
ST. LOUIS - SPL015,1,1.0000000000,13.0000000000,13.0000000000,0,ST LOUIS,ST LOUIS
ST. LOUIS - SPL016,1,1.0000000000,13.0000000000,13.0000000000,0,ST LOUIS,ST LOUIS
ST. LOUIS - SPL017,1,1.0000000000,9.0000000000,9.0000000000,0,ST LOUIS,ST LOUIS
ST. LOUIS - SPL018,1,1.0000000000,10.0000000000,10.0000000000,0,ST LOUIS,ST LOUIS
ST. LOUIS - SPL019,1,1.0000000000,16.0000000000,16.0000000000,0,ST LOUIS,ST LOUIS
ST. LOUIS - SPL020,1,1.0000000000,7.0000000000,7.0000000000,0,ST LOUIS,ST LOUIS
ST. LOUIS - SPL021,1,1.0000000000,4.0000000000,4.0000000000,0,ST LOUIS,ST LOUIS
ST. LOUIS - SPL022,1,1.0000000000,8.0000000000,8.0000000000,0,ST LOUIS,ST LOUIS
ST. LOUIS - SPL023,1,1.0000000000,19.0000000000,19.0000000000,0,ST LOUIS,ST LOUIS
ST. LOUIS - SPL024,1,1.0000000000,17.0000000000,17.0000000000,0,ST LOUIS,ST LOUIS
ST. LOUIS - SPL025,1,1.0000000000,7.0000000000,7.0000000000,0,ST LOUIS,ST LOUIS
ST. LOUIS - SPL026,1,1.0000000000,18.0000000000,18.0000000000,0,ST LOUIS,ST LOUIS
ST. LOUIS - SPL027,1,1.0000000000,14.0000000000,14.0000000000,0,ST LOUIS,ST LOUIS
ST. LOUIS - SPL028,1,1.0000000000,16.0000000000,16.0000000000,0,ST LOUIS,ST LOUIS
ST. LOUIS - SPL201,1,1.0000000000,1.0000000000,1.0000000000,0,ST LOUIS,ST LOUIS
ST. LOUIS - SPL202,1,1.0000000000,2.0000000000,2.0000000000,0,ST LOUIS,ST LOUIS
ST. LOUIS - SPL207,1,1.0000000000,3.0000000000,3.0000000000,0,ST LOUIS,ST LOUIS
ST. LOUIS - SPL208,1,1.0000000000,1.0000000000,1.0000000000,0,ST LOUIS,ST LOUIS
ST. LOUIS - TSF001,2,1.0000000000,4.0000000000,4.0000000000,0,ST LOUIS,ST LOUIS
ST. LOUIS - TSF002,2,1.0000000000,15.0000000000,15.0000000000,0,ST LOUIS,ST LOUIS
ST. LOUIS - TSF003,2,1.0000000000,13.0000000000,13.0000000000,0,ST LOUIS,ST LOUIS
ST. LOUIS - TSF004,2,1.0000000000,7.0000000000,7.0000000000,0,ST LOUIS,ST LOUIS
ST. LOUIS - TSF005,2,1.0000000000,6.0000000000,6.0000000000,0,ST LOUIS,ST LOUIS
ST. LOUIS - TSF006,2,1.0000000000,10.0000000000,10.0000000000,0,ST LOUIS,ST LOUIS
ST. LOUIS - TSF007,2,1.0000000000,20.0000000000,20.0000000000,0,ST LOUIS,ST LOUIS
ST. LOUIS - TSF008,2,1.0000000000,4.0000000000,4.0000000000,0,ST LOUIS,ST LOUIS
ST. LOUIS - TSF009,2,1.0000000000,9.0000000000,9.0000000000,0,ST LOUIS,ST LOUIS
ST. LOUIS - TSF010,2,1.0000000000,11.0000000000,11.0000000000,0,ST LOUIS,ST LOUIS
ST. LOUIS - TSF011,2,1.0000000000,18.0000000000,18.0000000000,0,ST LOUIS,ST LOUIS
ST. LOUIS - TSF012,2,1.0000000000,10.0000000000,10.0000000000,0,ST LOUIS,ST LOUIS
ST. LOUIS - TSF013,2,1.0000000000,3.0000000000,3.0000000000,0,ST LOUIS,ST LOUIS
ST. LOUIS - TSF014,2,1.0000000000,8.0000000000,8.0000000000,0,ST LOUIS,ST LOUIS
ST. LOUIS - TSF015,2,1.0000000000,9.0000000000,9.0000000000,0,ST LOUIS,ST LOUIS
ST. LOUIS - TSF016,2,1.0000000000,12.0000000000,12.0000000000,0,ST LOUIS,ST LOUIS
ST. LOUIS - TSF017,2,1.0000000000,12.0000000000,12.0000000000,0,ST LOUIS,ST LOUIS
ST. LOUIS - TSF018,2,1.0000000000,30.0000000000,30.0000000000,0,ST LOUIS,ST LOUIS
ST. LOUIS - TSF019,2,1.0000000000,16.0000000000,16.0000000000,0,ST LOUIS,ST LOUIS
ST. LOUIS - TSF020,2,1.0000000000,7.0000000000,7.0000000000,0,ST LOUIS,ST LOUIS
ST. LOUIS - TSF021,2,1.0000000000,17.0000000000,17.0000000000,0,ST LOUIS,ST LOUIS
ST. LOUIS - TSF022,2,1.0000000000,16.0000000000,16.0000000000,0,ST LOUIS,ST LOUIS
ST. LOUIS - TSF023,2,1.0000000000,14.0000000000,14.0000000000,0,ST LOUIS,ST LOUIS
ST. LOUIS - TSF024,2,1.0000000000,15.0000000000,15.0000000000,0,ST LOUIS,ST LOUIS
ST. LOUIS - TSF025,2,1.0000000000,10.0000000000,10.0000000000,0,ST LOUIS,ST LOUIS
ST. LOUIS - TSF026,2,1.0000000000,7.0000000000,7.0000000000,0,ST LOUIS,ST LOUIS
ST. LOUIS - TSF027,2,1.0000000000,4.0000000000,4.0000000000,0,ST LOUIS,ST LOUIS
ST. LOUIS - TSF201,2,1.0000000000,2.0000000000,2.0000000000,0,ST LOUIS,ST LOUIS
ST. LOUIS - UNV001,1,1.0000000000,20.0000000000,20.0000000000,0,ST LOUIS,ST LOUIS
ST. LOUIS - UNV002,1,1.0000000000,3.0000000000,3.0000000000,0,ST LOUIS,ST LOUIS
ST. LOUIS - UNV003,1,1.0000000000,14.0000000000,14.0000000000,0,ST LOUIS,ST LOUIS
ST. LOUIS - UNV004,1,1.0000000000,19.0000000000,19.0000000000,0,ST LOUIS,ST LOUIS
ST. LOUIS - UNV005,1,1.0000000000,3.0000000000,3.0000000000,0,ST LOUIS,ST LOUIS
ST. LOUIS - UNV006,1,1.0000000000,7.0000000000,7.0000000000,0,ST LOUIS,ST LOUIS
ST. LOUIS - UNV007,1,1.0000000000,9.0000000000,9.0000000000,0,ST LOUIS,ST LOUIS
ST. LOUIS - UNV008,1,1.0000000000,13.0000000000,13.0000000000,0,ST LOUIS,ST LOUIS
ST. LOUIS - UNV009,1,1.0000000000,15.0000000000,15.0000000000,0,ST LOUIS,ST LOUIS
ST. LOUIS - UNV010,1,1.0000000000,22.0000000000,22.0000000000,0,ST LOUIS,ST LOUIS
ST. LOUIS - UNV011,1,1.0000000000,10.0000000000,10.0000000000,0,ST LOUIS,ST LOUIS
ST. LOUIS - UNV012,1,1.0000000000,20.0000000000,20.0000000000,0,ST LOUIS,ST LOUIS
ST. LOUIS - UNV013,1,1.0000000000,1.0000000000,1.0000000000,0,ST LOUIS,ST LOUIS
ST. LOUIS - UNV014,1,1.0000000000,30.0000000000,30.0000000000,0,ST LOUIS,ST LOUIS
ST. LOUIS - UNV015,1,1.0000000000,21.0000000000,21.0000000000,0,ST LOUIS,ST LOUIS
ST. LOUIS - UNV016,1,1.0000000000,12.0000000000,12.0000000000,0,ST LOUIS,ST LOUIS
ST. LOUIS - UNV017,1,1.0000000000,31.0000000000,31.0000000000,0,ST LOUIS,ST LOUIS
ST. LOUIS - UNV018,1,1.0000000000,5.0000000000,5.0000000000,0,ST LOUIS,ST LOUIS
ST. LOUIS - UNV019,1,1.0000000000,20.0000000000,20.0000000000,0,ST LOUIS,ST LOUIS
ST. LOUIS - UNV020,1,1.0000000000,6.0000000000,6.0000000000,0,ST LOUIS,ST LOUIS
ST. LOUIS - UNV021,1,1.0000000000,20.0000000000,20.0000000000,0,ST LOUIS,ST LOUIS
ST. LOUIS - UNV022,1,1.0000000000,1.0000000000,1.0000000000,0,ST LOUIS,ST LOUIS
ST. LOUIS - UNV023,1,1.0000000000,24.0000000000,24.0000000000,0,ST LOUIS,ST LOUIS
ST. LOUIS - UNV024,1,1.0000000000,15.0000000000,15.0000000000,0,ST LOUIS,ST LOUIS
ST. LOUIS - UNV025,1,1.0000000000,32.0000000000,32.0000000000,0,ST LOUIS,ST LOUIS
ST. LOUIS - UNV026,1,1.0000000000,19.0000000000,19.0000000000,0,ST LOUIS,ST LOUIS
ST. LOUIS - UNV027,1,1.0000000000,21.0000000000,21.0000000000,0,ST LOUIS,ST LOUIS
ST. LOUIS - UNV028,1,1.0000000000,23.0000000000,23.0000000000,0,ST LOUIS,ST LOUIS
ST. LOUIS - UNV029,1,1.0000000000,23.0000000000,23.0000000000,0,ST LOUIS,ST LOUIS
ST. LOUIS - UNV030,1,1.0000000000,13.0000000000,13.0000000000,0,ST LOUIS,ST LOUIS
ST. LOUIS - UNV031,1,1.0000000000,14.0000000000,14.0000000000,0,ST LOUIS,ST LOUIS
ST. LOUIS - UNV032,1,1.0000000000,3.0000000000,3.0000000000,0,ST LOUIS,ST LOUIS
ST. LOUIS - UNV033,1,1.0000000000,11.0000000000,11.0000000000,0,ST LOUIS,ST LOUIS
ST. LOUIS - UNV034,1,1.0000000000,2.0000000000,2.0000000000,0,ST LOUIS,ST LOUIS
ST. LOUIS - UNV035,1,1.0000000000,20.0000000000,20.0000000000,0,ST LOUIS,ST LOUIS
ST. LOUIS - UNV036,1,1.0000000000,24.0000000000,24.0000000000,0,ST LOUIS,ST LOUIS
ST. LOUIS - UNV037,1,1.0000000000,21.0000000000,21.0000000000,0,ST LOUIS,ST LOUIS
ST. LOUIS - UNV038,1,1.0000000000,7.0000000000,7.0000000000,0,ST LOUIS,ST LOUIS
ST. LOUIS - UNV039,1,1.0000000000,3.0000000000,3.0000000000,0,ST LOUIS,ST LOUIS
ST. LOUIS - UNV040,1,1.0000000000,19.0000000000,19.0000000000,0,ST LOUIS,ST LOUIS
ST. LOUIS - UNV041,1,1.0000000000,15.0000000000,15.0000000000,0,ST LOUIS,ST LOUIS
ST. LOUIS - UNV042,1,1.0000000000,9.0000000000,9.0000000000,0,ST LOUIS,ST LOUIS
ST. LOUIS - UNV043,1,1.0000000000,9.0000000000,9.0000000000,0,ST LOUIS,ST LOUIS
ST. LOUIS - UNV045,1,1.0000000000,12.0000000000,12.0000000000,0,ST LOUIS,ST LOUIS
ST. LOUIS - UNV201,1,1.0000000000,2.0000000000,2.0000000000,0,ST LOUIS,ST LOUIS
ST. LOUIS - UNV202,1,1.0000000000,2.0000000000,2.0000000000,0,ST LOUIS,ST LOUIS
ST. LOUIS - UNV205,1,1.0000000000,5.0000000000,5.0000000000,0,ST LOUIS,ST LOUIS
ST. LOUIS - UNV206,1,1.0000000000,4.0000000000,4.0000000000,0,ST LOUIS,ST LOUIS
ST. LOUIS - UNV208,1,1.0000000000,1.0000000000,1.0000000000,0,ST LOUIS,ST LOUIS
ST. LOUIS CITY - 000003,1,1.0000000000,39.0000000000,39.0000000000,0,ST LOUIS CITY,ST LOUIS CITY
ST. LOUIS CITY - 000004,1,1.0000000000,36.0000000000,36.0000000000,0,ST LOUIS CITY,ST LOUIS CITY
ST. LOUIS CITY - 000005,1,1.0000000000,44.0000000000,44.0000000000,0,ST LOUIS CITY,ST LOUIS CITY
ST. LOUIS CITY - 000006,1,1.0000000000,43.0000000000,43.0000000000,0,ST LOUIS CITY,ST LOUIS CITY
ST. LOUIS CITY - 000007,1,1.0000000000,27.0000000000,27.0000000000,0,ST LOUIS CITY,ST LOUIS CITY
ST. LOUIS CITY - 000008,1,1.0000000000,4.0000000000,4.0000000000,0,ST LOUIS CITY,ST LOUIS CITY
ST. LOUIS CITY - 000010,1,1.0000000000,133.0000000000,133.0000000000,0,ST LOUIS CITY,ST LOUIS CITY
ST. LOUIS CITY - 000011,1,1.0000000000,41.0000000000,41.0000000000,0,ST LOUIS CITY,ST LOUIS CITY
ST. LOUIS CITY - 000012,1,1.0000000000,69.0000000000,69.0000000000,0,ST LOUIS CITY,ST LOUIS CITY
ST. LOUIS CITY - 000014,1,1.0000000000,21.0000000000,21.0000000000,0,ST LOUIS CITY,ST LOUIS CITY
ST. LOUIS CITY - 000017,1,1.0000000000,51.0000000000,51.0000000000,0,ST LOUIS CITY,ST LOUIS CITY
ST. LOUIS CITY - 000019,1,1.0000000000,84.0000000000,84.0000000000,0,ST LOUIS CITY,ST LOUIS CITY
ST. LOUIS CITY - 000020,1,1.0000000000,41.0000000000,41.0000000000,0,ST LOUIS CITY,ST LOUIS CITY
ST. LOUIS CITY - 000022,1,1.0000000000,57.0000000000,57.0000000000,0,ST LOUIS CITY,ST LOUIS CITY
ST. LOUIS CITY - 000023,1,1.0000000000,36.0000000000,36.0000000000,0,ST LOUIS CITY,ST LOUIS CITY
ST. LOUIS CITY - 000025,1,1.0000000000,58.0000000000,58.0000000000,0,ST LOUIS CITY,ST LOUIS CITY
ST. LOUIS CITY - 000026,1,1.0000000000,36.0000000000,36.0000000000,0,ST LOUIS CITY,ST LOUIS CITY
ST. LOUIS CITY - 000027,1,1.0000000000,15.0000000000,15.0000000000,0,ST LOUIS CITY,ST LOUIS CITY
ST. LOUIS CITY - 000028,1,1.0000000000,27.0000000000,27.0000000000,0,ST LOUIS CITY,ST LOUIS CITY
ST. LOUIS CITY - 000030,1,1.0000000000,35.0000000000,35.0000000000,0,ST LOUIS CITY,ST LOUIS CITY
ST. LOUIS CITY - 000031,1,1.0000000000,6.0000000000,6.0000000000,0,ST LOUIS CITY,ST LOUIS CITY
ST. LOUIS CITY - 000032,1,1.0000000000,62.0000000000,62.0000000000,0,ST LOUIS CITY,ST LOUIS CITY
ST. LOUIS CITY - 000033,1,1.0000000000,45.0000000000,45.0000000000,0,ST LOUIS CITY,ST LOUIS CITY
ST. LOUIS CITY - 000035,1,1.0000000000,97.0000000000,97.0000000000,0,ST LOUIS CITY,ST LOUIS CITY
ST. LOUIS CITY - 000036,1,1.0000000000,31.0000000000,31.0000000000,0,ST LOUIS CITY,ST LOUIS CITY
ST. LOUIS CITY - 000037,1,1.0000000000,83.0000000000,83.0000000000,0,ST LOUIS CITY,ST LOUIS CITY
ST. LOUIS CITY - 000040,1,1.0000000000,33.0000000000,33.0000000000,0,ST LOUIS CITY,ST LOUIS CITY
ST. LOUIS CITY - 000041,1,1.0000000000,16.0000000000,16.0000000000,0,ST LOUIS CITY,ST LOUIS CITY
ST. LOUIS CITY - 000042,1,1.0000000000,41.0000000000,41.0000000000,0,ST LOUIS CITY,ST LOUIS CITY
ST. LOUIS CITY - 000043,1,1.0000000000,49.0000000000,49.0000000000,0,ST LOUIS CITY,ST LOUIS CITY
ST. LOUIS CITY - 000044,1,1.0000000000,69.0000000000,69.0000000000,0,ST LOUIS CITY,ST LOUIS CITY
ST. LOUIS CITY - 000045,1,1.0000000000,28.0000000000,28.0000000000,0,ST LOUIS CITY,ST LOUIS CITY
ST. LOUIS CITY - 000046,1,1.0000000000,46.0000000000,46.0000000000,0,ST LOUIS CITY,ST LOUIS CITY
ST. LOUIS CITY - 000047,1,1.0000000000,35.0000000000,35.0000000000,0,ST LOUIS CITY,ST LOUIS CITY
ST. LOUIS CITY - 000048,1,1.0000000000,10.0000000000,10.0000000000,0,ST LOUIS CITY,ST LOUIS CITY
ST. LOUIS CITY - 000049,1,1.0000000000,21.0000000000,21.0000000000,0,ST LOUIS CITY,ST LOUIS CITY
ST. LOUIS CITY - 000050,1,1.0000000000,32.0000000000,32.0000000000,0,ST LOUIS CITY,ST LOUIS CITY
ST. LOUIS CITY - 000051,1,1.0000000000,12.0000000000,12.0000000000,0,ST LOUIS CITY,ST LOUIS CITY
ST. LOUIS CITY - 000052,1,1.0000000000,164.0000000000,164.0000000000,0,ST LOUIS CITY,ST LOUIS CITY
ST. LOUIS CITY - 000053,1,1.0000000000,114.0000000000,114.0000000000,0,ST LOUIS CITY,ST LOUIS CITY
ST. LOUIS CITY - 000054,1,1.0000000000,183.0000000000,183.0000000000,0,ST LOUIS CITY,ST LOUIS CITY
ST. LOUIS CITY - 000056,1,1.0000000000,45.0000000000,45.0000000000,0,ST LOUIS CITY,ST LOUIS CITY
ST. LOUIS CITY - 000057,1,1.0000000000,26.0000000000,26.0000000000,0,ST LOUIS CITY,ST LOUIS CITY
ST. LOUIS CITY - 000058,1,1.0000000000,20.0000000000,20.0000000000,0,ST LOUIS CITY,ST LOUIS CITY
ST. LOUIS CITY - 000059,1,1.0000000000,28.0000000000,28.0000000000,0,ST LOUIS CITY,ST LOUIS CITY
ST. LOUIS CITY - 000060,1,1.0000000000,30.0000000000,30.0000000000,0,ST LOUIS CITY,ST LOUIS CITY
ST. LOUIS CITY - 000061,1,1.0000000000,3.0000000000,3.0000000000,0,ST LOUIS CITY,ST LOUIS CITY
ST. LOUIS CITY - 000062,1,1.0000000000,14.0000000000,14.0000000000,0,ST LOUIS CITY,ST LOUIS CITY
ST. LOUIS CITY - 000063,1,1.0000000000,26.0000000000,26.0000000000,0,ST LOUIS CITY,ST LOUIS CITY
ST. LOUIS CITY - 000064,1,1.0000000000,24.0000000000,24.0000000000,0,ST LOUIS CITY,ST LOUIS CITY
ST. LOUIS CITY - 000066,1,1.0000000000,59.0000000000,59.0000000000,0,ST LOUIS CITY,ST LOUIS CITY
ST. LOUIS CITY - 000067,1,1.0000000000,31.0000000000,31.0000000000,0,ST LOUIS CITY,ST LOUIS CITY
ST. LOUIS CITY - 000068,1,1.0000000000,65.0000000000,65.0000000000,0,ST LOUIS CITY,ST LOUIS CITY
ST. LOUIS CITY - 000069,1,1.0000000000,35.0000000000,35.0000000000,0,ST LOUIS CITY,ST LOUIS CITY
ST. LOUIS CITY - 000070,1,1.0000000000,47.0000000000,47.0000000000,0,ST LOUIS CITY,ST LOUIS CITY
ST. LOUIS CITY - 000072,1,1.0000000000,43.0000000000,43.0000000000,0,ST LOUIS CITY,ST LOUIS CITY
ST. LOUIS CITY - 000073,1,1.0000000000,36.0000000000,36.0000000000,0,ST LOUIS CITY,ST LOUIS CITY
ST. LOUIS CITY - 000074,1,1.0000000000,54.0000000000,54.0000000000,0,ST LOUIS CITY,ST LOUIS CITY
ST. LOUIS CITY - 000075,1,1.0000000000,53.0000000000,53.0000000000,0,ST LOUIS CITY,ST LOUIS CITY
ST. LOUIS CITY - 000076,1,1.0000000000,48.0000000000,48.0000000000,0,ST LOUIS CITY,ST LOUIS CITY
ST. LOUIS CITY - 000077,1,1.0000000000,33.0000000000,33.0000000000,0,ST LOUIS CITY,ST LOUIS CITY
ST. LOUIS CITY - 000078,1,1.0000000000,18.0000000000,18.0000000000,0,ST LOUIS CITY,ST LOUIS CITY
ST. LOUIS CITY - 000079,1,1.0000000000,49.0000000000,49.0000000000,0,ST LOUIS CITY,ST LOUIS CITY
ST. LOUIS CITY - 000080,1,1.0000000000,88.0000000000,88.0000000000,0,ST LOUIS CITY,ST LOUIS CITY
ST. LOUIS CITY - 000081,1,1.0000000000,43.0000000000,43.0000000000,0,ST LOUIS CITY,ST LOUIS CITY
ST. LOUIS CITY - 000082,1,1.0000000000,67.0000000000,67.0000000000,0,ST LOUIS CITY,ST LOUIS CITY
ST. LOUIS CITY - 000083,1,1.0000000000,91.0000000000,91.0000000000,0,ST LOUIS CITY,ST LOUIS CITY
ST. LOUIS CITY - 000084,1,1.0000000000,59.0000000000,59.0000000000,0,ST LOUIS CITY,ST LOUIS CITY
ST. LOUIS CITY - 000085,1,1.0000000000,21.0000000000,21.0000000000,0,ST LOUIS CITY,ST LOUIS CITY
ST. LOUIS CITY - 000086,1,1.0000000000,27.0000000000,27.0000000000,0,ST LOUIS CITY,ST LOUIS CITY
ST. LOUIS CITY - 000087,1,1.0000000000,18.0000000000,18.0000000000,0,ST LOUIS CITY,ST LOUIS CITY
ST. LOUIS CITY - 000088,1,1.0000000000,61.0000000000,61.0000000000,0,ST LOUIS CITY,ST LOUIS CITY
ST. LOUIS CITY - 000089,1,1.0000000000,42.0000000000,42.0000000000,0,ST LOUIS CITY,ST LOUIS CITY
ST. LOUIS CITY - 000090,1,1.0000000000,59.0000000000,59.0000000000,0,ST LOUIS CITY,ST LOUIS CITY
ST. LOUIS CITY - 000091,1,1.0000000000,5.0000000000,5.0000000000,0,ST LOUIS CITY,ST LOUIS CITY
ST. LOUIS CITY - 000092,1,1.0000000000,69.0000000000,69.0000000000,0,ST LOUIS CITY,ST LOUIS CITY
ST. LOUIS CITY - 000093,1,1.0000000000,54.0000000000,54.0000000000,0,ST LOUIS CITY,ST LOUIS CITY
ST. LOUIS CITY - 000094,1,1.0000000000,63.0000000000,63.0000000000,0,ST LOUIS CITY,ST LOUIS CITY
ST. LOUIS CITY - 000095,1,1.0000000000,58.0000000000,58.0000000000,0,ST LOUIS CITY,ST LOUIS CITY
ST. LOUIS CITY - 000096,1,1.0000000000,6.0000000000,6.0000000000,0,ST LOUIS CITY,ST LOUIS CITY
ST. LOUIS CITY - 000097,1,1.0000000000,45.0000000000,45.0000000000,0,ST LOUIS CITY,ST LOUIS CITY
ST. LOUIS CITY - 000098,1,1.0000000000,26.0000000000,26.0000000000,0,ST LOUIS CITY,ST LOUIS CITY
ST. LOUIS CITY - 000099,1,1.0000000000,33.0000000000,33.0000000000,0,ST LOUIS CITY,ST LOUIS CITY
ST. LOUIS CITY - 000100,1,1.0000000000,38.0000000000,38.0000000000,0,ST LOUIS CITY,ST LOUIS CITY
ST. LOUIS CITY - 000101,1,1.0000000000,28.0000000000,28.0000000000,0,ST LOUIS CITY,ST LOUIS CITY
ST. LOUIS CITY - 000102,1,1.0000000000,16.0000000000,16.0000000000,0,ST LOUIS CITY,ST LOUIS CITY
ST. LOUIS CITY - 000103,1,1.0000000000,36.0000000000,36.0000000000,0,ST LOUIS CITY,ST LOUIS CITY
ST. LOUIS CITY - 000104,1,1.0000000000,5.0000000000,5.0000000000,0,ST LOUIS CITY,ST LOUIS CITY
ST. LOUIS CITY - 000105,1,1.0000000000,32.0000000000,32.0000000000,0,ST LOUIS CITY,ST LOUIS CITY
ST. LOUIS CITY - 000106,1,1.0000000000,31.0000000000,31.0000000000,0,ST LOUIS CITY,ST LOUIS CITY
ST. LOUIS CITY - 000107,1,1.0000000000,41.0000000000,41.0000000000,0,ST LOUIS CITY,ST LOUIS CITY
ST. LOUIS CITY - 000108,1,1.0000000000,44.0000000000,44.0000000000,0,ST LOUIS CITY,ST LOUIS CITY
ST. LOUIS CITY - 000109,1,1.0000000000,38.0000000000,38.0000000000,0,ST LOUIS CITY,ST LOUIS CITY
ST. LOUIS CITY - 000111,1,1.0000000000,16.0000000000,16.0000000000,0,ST LOUIS CITY,ST LOUIS CITY
ST. LOUIS CITY - 000112,1,1.0000000000,32.0000000000,32.0000000000,0,ST LOUIS CITY,ST LOUIS CITY
ST. LOUIS CITY - 000113,1,1.0000000000,25.0000000000,25.0000000000,0,ST LOUIS CITY,ST LOUIS CITY
ST. LOUIS CITY - 000115,1,1.0000000000,34.0000000000,34.0000000000,0,ST LOUIS CITY,ST LOUIS CITY
ST. LOUIS CITY - 000116,1,1.0000000000,45.0000000000,45.0000000000,0,ST LOUIS CITY,ST LOUIS CITY
ST. LOUIS CITY - 000117,1,1.0000000000,42.0000000000,42.0000000000,0,ST LOUIS CITY,ST LOUIS CITY
ST. LOUIS CITY - 000118,1,1.0000000000,17.0000000000,17.0000000000,0,ST LOUIS CITY,ST LOUIS CITY
ST. LOUIS CITY - 000119,1,1.0000000000,73.0000000000,73.0000000000,0,ST LOUIS CITY,ST LOUIS CITY
ST. LOUIS CITY - 000122,1,1.0000000000,29.0000000000,29.0000000000,0,ST LOUIS CITY,ST LOUIS CITY
ST. LOUIS CITY - 000124,1,1.0000000000,54.0000000000,54.0000000000,0,ST LOUIS CITY,ST LOUIS CITY
ST. LOUIS CITY - 000125,1,1.0000000000,15.0000000000,15.0000000000,0,ST LOUIS CITY,ST LOUIS CITY
ST. LOUIS CITY - 000126,1,1.0000000000,43.0000000000,43.0000000000,0,ST LOUIS CITY,ST LOUIS CITY
ST. LOUIS CITY - 000127,1,1.0000000000,6.0000000000,6.0000000000,0,ST LOUIS CITY,ST LOUIS CITY
ST. LOUIS CITY - 000128,1,1.0000000000,16.0000000000,16.0000000000,0,ST LOUIS CITY,ST LOUIS CITY
ST. LOUIS CITY - 000130,1,1.0000000000,36.0000000000,36.0000000000,0,ST LOUIS CITY,ST LOUIS CITY
ST. LOUIS CITY - 000131,1,1.0000000000,40.0000000000,40.0000000000,0,ST LOUIS CITY,ST LOUIS CITY
ST. LOUIS CITY - 000133,1,1.0000000000,41.0000000000,41.0000000000,0,ST LOUIS CITY,ST LOUIS CITY
ST. LOUIS CITY - 000134,1,1.0000000000,34.0000000000,34.0000000000,0,ST LOUIS CITY,ST LOUIS CITY
ST. LOUIS CITY - 000135,1,1.0000000000,41.0000000000,41.0000000000,0,ST LOUIS CITY,ST LOUIS CITY
ST. LOUIS CITY - 000136,1,1.0000000000,31.0000000000,31.0000000000,0,ST LOUIS CITY,ST LOUIS CITY
ST. LOUIS CITY - 000139,1,1.0000000000,29.0000000000,29.0000000000,0,ST LOUIS CITY,ST LOUIS CITY
ST. LOUIS CITY - 000140,1,1.0000000000,38.0000000000,38.0000000000,0,ST LOUIS CITY,ST LOUIS CITY
ST. LOUIS CITY - 000141,1,1.0000000000,43.0000000000,43.0000000000,0,ST LOUIS CITY,ST LOUIS CITY
ST. LOUIS CITY - 000142,1,1.0000000000,51.0000000000,51.0000000000,0,ST LOUIS CITY,ST LOUIS CITY
ST. LOUIS CITY - 000143,1,1.0000000000,12.0000000000,12.0000000000,0,ST LOUIS CITY,ST LOUIS CITY
ST. LOUIS CITY - 000144,1,1.0000000000,30.0000000000,30.0000000000,0,ST LOUIS CITY,ST LOUIS CITY
ST. LOUIS CITY - 000145,1,1.0000000000,38.0000000000,38.0000000000,0,ST LOUIS CITY,ST LOUIS CITY
ST. LOUIS CITY - 000146,1,1.0000000000,42.0000000000,42.0000000000,0,ST LOUIS CITY,ST LOUIS CITY
ST. LOUIS CITY - 000147,1,1.0000000000,37.0000000000,37.0000000000,0,ST LOUIS CITY,ST LOUIS CITY
ST. LOUIS CITY - 000148,1,1.0000000000,48.0000000000,48.0000000000,0,ST LOUIS CITY,ST LOUIS CITY
ST. LOUIS CITY - 000149,1,1.0000000000,42.0000000000,42.0000000000,0,ST LOUIS CITY,ST LOUIS CITY
ST. LOUIS CITY - 000150,1,1.0000000000,56.0000000000,56.0000000000,0,ST LOUIS CITY,ST LOUIS CITY
ST. LOUIS CITY - 000151,1,1.0000000000,25.0000000000,25.0000000000,0,ST LOUIS CITY,ST LOUIS CITY
ST. LOUIS CITY - 000152,1,1.0000000000,41.0000000000,41.0000000000,0,ST LOUIS CITY,ST LOUIS CITY
ST. LOUIS CITY - 000153,1,1.0000000000,43.0000000000,43.0000000000,0,ST LOUIS CITY,ST LOUIS CITY
ST. LOUIS CITY - 000154,1,1.0000000000,19.0000000000,19.0000000000,0,ST LOUIS CITY,ST LOUIS CITY
ST. LOUIS CITY - 000155,1,1.0000000000,26.0000000000,26.0000000000,0,ST LOUIS CITY,ST LOUIS CITY
ST. LOUIS CITY - 000156,1,1.0000000000,23.0000000000,23.0000000000,0,ST LOUIS CITY,ST LOUIS CITY
ST. LOUIS CITY - 000157,1,1.0000000000,17.0000000000,17.0000000000,0,ST LOUIS CITY,ST LOUIS CITY
ST. LOUIS CITY - 000158,1,1.0000000000,29.0000000000,29.0000000000,0,ST LOUIS CITY,ST LOUIS CITY
ST. LOUIS CITY - 000159,1,1.0000000000,34.0000000000,34.0000000000,0,ST LOUIS CITY,ST LOUIS CITY
ST. LOUIS CITY - 000160,1,1.0000000000,65.0000000000,65.0000000000,0,ST LOUIS CITY,ST LOUIS CITY
ST. LOUIS CITY - 000161,1,1.0000000000,41.0000000000,41.0000000000,0,ST LOUIS CITY,ST LOUIS CITY
ST. LOUIS CITY - 000162,1,1.0000000000,22.0000000000,22.0000000000,0,ST LOUIS CITY,ST LOUIS CITY
ST. LOUIS CITY - 000163,1,1.0000000000,30.0000000000,30.0000000000,0,ST LOUIS CITY,ST LOUIS CITY
ST. LOUIS CITY - 000164,1,1.0000000000,22.0000000000,22.0000000000,0,ST LOUIS CITY,ST LOUIS CITY
ST. LOUIS CITY - 000165,1,1.0000000000,59.0000000000,59.0000000000,0,ST LOUIS CITY,ST LOUIS CITY
ST. LOUIS CITY - 000166,1,1.0000000000,43.0000000000,43.0000000000,0,ST LOUIS CITY,ST LOUIS CITY
ST. LOUIS CITY - 000167,1,1.0000000000,25.0000000000,25.0000000000,0,ST LOUIS CITY,ST LOUIS CITY
ST. LOUIS CITY - 000168,1,1.0000000000,35.0000000000,35.0000000000,0,ST LOUIS CITY,ST LOUIS CITY
ST. LOUIS CITY - 000169,1,1.0000000000,31.0000000000,31.0000000000,0,ST LOUIS CITY,ST LOUIS CITY
ST. LOUIS CITY - 000170,1,1.0000000000,38.0000000000,38.0000000000,0,ST LOUIS CITY,ST LOUIS CITY
ST. LOUIS CITY - 000171,1,1.0000000000,38.0000000000,38.0000000000,0,ST LOUIS CITY,ST LOUIS CITY
ST. LOUIS CITY - 000172,1,1.0000000000,29.0000000000,29.0000000000,0,ST LOUIS CITY,ST LOUIS CITY
ST. LOUIS CITY - 000174,1,1.0000000000,43.0000000000,43.0000000000,0,ST LOUIS CITY,ST LOUIS CITY
ST. LOUIS CITY - 000175,1,1.0000000000,47.0000000000,47.0000000000,0,ST LOUIS CITY,ST LOUIS CITY
ST. LOUIS CITY - 000176,1,1.0000000000,53.0000000000,53.0000000000,0,ST LOUIS CITY,ST LOUIS CITY
ST. LOUIS CITY - 000177,1,1.0000000000,23.0000000000,23.0000000000,0,ST LOUIS CITY,ST LOUIS CITY
ST. LOUIS CITY - 000178,1,1.0000000000,37.0000000000,37.0000000000,0,ST LOUIS CITY,ST LOUIS CITY
ST. LOUIS CITY - 000179,1,1.0000000000,35.0000000000,35.0000000000,0,ST LOUIS CITY,ST LOUIS CITY
ST. LOUIS CITY - 000180,1,1.0000000000,8.0000000000,8.0000000000,0,ST LOUIS CITY,ST LOUIS CITY
ST. LOUIS CITY - 000182,1,1.0000000000,49.0000000000,49.0000000000,0,ST LOUIS CITY,ST LOUIS CITY
ST. LOUIS CITY - 000183,1,1.0000000000,60.0000000000,60.0000000000,0,ST LOUIS CITY,ST LOUIS CITY
ST. LOUIS CITY - 000184,1,1.0000000000,43.0000000000,43.0000000000,0,ST LOUIS CITY,ST LOUIS CITY
ST. LOUIS CITY - 000185,1,1.0000000000,53.0000000000,53.0000000000,0,ST LOUIS CITY,ST LOUIS CITY
ST. LOUIS CITY - 000186,1,1.0000000000,21.0000000000,21.0000000000,0,ST LOUIS CITY,ST LOUIS CITY
ST. LOUIS CITY - 000187,1,1.0000000000,22.0000000000,22.0000000000,0,ST LOUIS CITY,ST LOUIS CITY
ST. LOUIS CITY - 000188,1,1.0000000000,28.0000000000,28.0000000000,0,ST LOUIS CITY,ST LOUIS CITY
ST. LOUIS CITY - 000189,1,1.0000000000,25.0000000000,25.0000000000,0,ST LOUIS CITY,ST LOUIS CITY
ST. LOUIS CITY - 000190,1,1.0000000000,30.0000000000,30.0000000000,0,ST LOUIS CITY,ST LOUIS CITY
ST. LOUIS CITY - 000191,1,1.0000000000,17.0000000000,17.0000000000,0,ST LOUIS CITY,ST LOUIS CITY
ST. LOUIS CITY - 000192,1,1.0000000000,39.0000000000,39.0000000000,0,ST LOUIS CITY,ST LOUIS CITY
ST. LOUIS CITY - 000193,1,1.0000000000,44.0000000000,44.0000000000,0,ST LOUIS CITY,ST LOUIS CITY
ST. LOUIS CITY - 000194,1,1.0000000000,39.0000000000,39.0000000000,0,ST LOUIS CITY,ST LOUIS CITY
ST. LOUIS CITY - 000195,1,1.0000000000,46.0000000000,46.0000000000,0,ST LOUIS CITY,ST LOUIS CITY
ST. LOUIS CITY - 000196,1,1.0000000000,23.0000000000,23.0000000000,0,ST LOUIS CITY,ST LOUIS CITY
ST. LOUIS CITY - 000197,1,1.0000000000,42.0000000000,42.0000000000,0,ST LOUIS CITY,ST LOUIS CITY
ST. LOUIS CITY - 000198,1,1.0000000000,32.0000000000,32.0000000000,0,ST LOUIS CITY,ST LOUIS CITY
ST. LOUIS CITY - 000199,1,1.0000000000,27.0000000000,27.0000000000,0,ST LOUIS CITY,ST LOUIS CITY
ST. LOUIS CITY - 000200,1,1.0000000000,6.0000000000,6.0000000000,0,ST LOUIS CITY,ST LOUIS CITY
ST. LOUIS CITY - 000201,1,1.0000000000,19.0000000000,19.0000000000,0,ST LOUIS CITY,ST LOUIS CITY
ST. LOUIS CITY - 000202,1,1.0000000000,19.0000000000,19.0000000000,0,ST LOUIS CITY,ST LOUIS CITY
ST. LOUIS CITY - 000203,1,1.0000000000,45.0000000000,45.0000000000,0,ST LOUIS CITY,ST LOUIS CITY
ST. LOUIS CITY - 000204,1,1.0000000000,14.0000000000,14.0000000000,0,ST LOUIS CITY,ST LOUIS CITY
ST. LOUIS CITY - 000205,1,1.0000000000,30.0000000000,30.0000000000,0,ST LOUIS CITY,ST LOUIS CITY
ST. LOUIS CITY - 000206,1,1.0000000000,21.0000000000,21.0000000000,0,ST LOUIS CITY,ST LOUIS CITY
ST. LOUIS CITY - 000208,1,1.0000000000,12.0000000000,12.0000000000,0,ST LOUIS CITY,ST LOUIS CITY
ST. LOUIS CITY - 000209,1,1.0000000000,8.0000000000,8.0000000000,0,ST LOUIS CITY,ST LOUIS CITY
ST. LOUIS CITY - 16-011,1,1.0000000000,40.0000000000,40.0000000000,0,ST LOUIS CITY,ST LOUIS CITY
ST. LOUIS CITY - 16-013,1,1.0000000000,37.0000000000,37.0000000000,0,ST LOUIS CITY,ST LOUIS CITY
ST. LOUIS CITY - 16-014,1,1.0000000000,48.0000000000,48.0000000000,0,ST LOUIS CITY,ST LOUIS CITY
ST. LOUIS CITY - 16-024,1,1.0000000000,23.0000000000,23.0000000000,0,ST LOUIS CITY,ST LOUIS CITY
ST. LOUIS CITY - 16-026,1,1.0000000000,30.0000000000,30.0000000000,0,ST LOUIS CITY,ST LOUIS CITY
ST. LOUIS CITY - 16-031,1,1.0000000000,15.0000000000,15.0000000000,0,ST LOUIS CITY,ST LOUIS CITY
ST. LOUIS CITY - 16-036,1,1.0000000000,37.0000000000,37.0000000000,0,ST LOUIS CITY,ST LOUIS CITY
ST. LOUIS CITY - 16-039,1,1.0000000000,41.0000000000,41.0000000000,0,ST LOUIS CITY,ST LOUIS CITY
ST. LOUIS CITY - 16-041,1,1.0000000000,28.0000000000,28.0000000000,0,ST LOUIS CITY,ST LOUIS CITY
ST. LOUIS CITY - 16-046,1,1.0000000000,31.0000000000,31.0000000000,0,ST LOUIS CITY,ST LOUIS CITY
ST. LOUIS CITY - 16-049,1,1.0000000000,7.0000000000,7.0000000000,0,ST LOUIS CITY,ST LOUIS CITY
ST. LOUIS CITY - 16-053,1,1.0000000000,28.0000000000,28.0000000000,0,ST LOUIS CITY,ST LOUIS CITY
ST. LOUIS CITY - 16-057,1,1.0000000000,36.0000000000,36.0000000000,0,ST LOUIS CITY,ST LOUIS CITY
ST. LOUIS CITY - 16-058,1,1.0000000000,8.0000000000,8.0000000000,0,ST LOUIS CITY,ST LOUIS CITY
ST. LOUIS CITY - 16-091,1,1.0000000000,62.0000000000,62.0000000000,0,ST LOUIS CITY,ST LOUIS CITY
ST. LOUIS CITY - 16-097,1,1.0000000000,6.0000000000,6.0000000000,0,ST LOUIS CITY,ST LOUIS CITY
ST. LOUIS CITY - 16-099,1,1.0000000000,20.0000000000,20.0000000000,0,ST LOUIS CITY,ST LOUIS CITY
ST. LOUIS CITY - 16-101,1,1.0000000000,6.0000000000,6.0000000000,0,ST LOUIS CITY,ST LOUIS CITY
ST. LOUIS CITY - 16-102,1,1.0000000000,5.0000000000,5.0000000000,0,ST LOUIS CITY,ST LOUIS CITY
ST. LOUIS CITY - 16-108,1,1.0000000000,3.0000000000,3.0000000000,0,ST LOUIS CITY,ST LOUIS CITY
ST. LOUIS CITY - 16-109,1,1.0000000000,7.0000000000,7.0000000000,0,ST LOUIS CITY,ST LOUIS CITY
ST. LOUIS CITY - 16-116,1,1.0000000000,64.0000000000,64.0000000000,0,ST LOUIS CITY,ST LOUIS CITY
ST. LOUIS CITY - 16-137,1,1.0000000000,1.0000000000,1.0000000000,0,ST LOUIS CITY,ST LOUIS CITY
ST. LOUIS CITY - 16-148,1,1.0000000000,3.0000000000,3.0000000000,0,ST LOUIS CITY,ST LOUIS CITY
ST. LOUIS CITY - 16-149,1,1.0000000000,16.0000000000,16.0000000000,0,ST LOUIS CITY,ST LOUIS CITY
ST. LOUIS CITY - 16-156,1,1.0000000000,30.0000000000,30.0000000000,0,ST LOUIS CITY,ST LOUIS CITY
ST. LOUIS CITY - 16-157,1,1.0000000000,4.0000000000,4.0000000000,0,ST LOUIS CITY,ST LOUIS CITY
ST. LOUIS CITY - 16-164,1,1.0000000000,41.0000000000,41.0000000000,0,ST LOUIS CITY,ST LOUIS CITY
ST. LOUIS CITY - 16-173,1,1.0000000000,12.0000000000,12.0000000000,0,ST LOUIS CITY,ST LOUIS CITY
ST. LOUIS CITY - 16-183,1,1.0000000000,25.0000000000,25.0000000000,0,ST LOUIS CITY,ST LOUIS CITY
ST. LOUIS CITY - 16-192,1,1.0000000000,3.0000000000,3.0000000000,0,ST LOUIS CITY,ST LOUIS CITY
ST. LOUIS CITY - 16-202,1,1.0000000000,16.0000000000,16.0000000000,0,ST LOUIS CITY,ST LOUIS CITY
ST. LOUIS CITY - 16-206,1,1.0000000000,22.0000000000,22.0000000000,0,ST LOUIS CITY,ST LOUIS CITY
ST. LOUIS CITY - 16-207,1,1.0000000000,11.0000000000,11.0000000000,0,ST LOUIS CITY,ST LOUIS CITY
ST. LOUIS CITY - 16-218,1,1.0000000000,31.0000000000,31.0000000000,0,ST LOUIS CITY,ST LOUIS CITY
ST. LOUIS CITY - 16-219,1,1.0000000000,23.0000000000,23.0000000000,0,ST LOUIS CITY,ST LOUIS CITY
ST. LOUIS CITY - 16-228,1,1.0000000000,6.0000000000,6.0000000000,0,ST LOUIS CITY,ST LOUIS CITY
ST. LOUIS CITY - 16-239,1,1.0000000000,15.0000000000,15.0000000000,0,ST LOUIS CITY,ST LOUIS CITY
ST. LOUIS CITY - 16-241,1,1.0000000000,36.0000000000,36.0000000000,0,ST LOUIS CITY,ST LOUIS CITY
ST. LOUIS CITY - 16-255,1,1.0000000000,24.0000000000,24.0000000000,0,ST LOUIS CITY,ST LOUIS CITY
ST. LOUIS CITY - 16-256,1,1.0000000000,1.0000000000,1.0000000000,0,ST LOUIS CITY,ST LOUIS CITY
ST. LOUIS CITY - 16-257,1,1.0000000000,1.0000000000,1.0000000000,0,ST LOUIS CITY,ST LOUIS CITY
ST. LOUIS CITY - 16-279,1,1.0000000000,1.0000000000,1.0000000000,0,ST LOUIS CITY,ST LOUIS CITY
ST. LOUIS CITY - 16-303,1,1.0000000000,73.0000000000,73.0000000000,0,ST LOUIS CITY,ST LOUIS CITY
ST. LOUIS CITY - 16-410,1,1.0000000000,14.0000000000,14.0000000000,0,ST LOUIS CITY,ST LOUIS CITY
ST. LOUIS CITY - 161010,1,1.0000000000,10.0000000000,10.0000000000,0,ST LOUIS CITY,ST LOUIS CITY
ST. LOUIS CITY - 161011,1,1.0000000000,2.0000000000,2.0000000000,0,ST LOUIS CITY,ST LOUIS CITY
ST. LOUIS CITY - 161012,1,1.0000000000,2.0000000000,2.0000000000,0,ST LOUIS CITY,ST LOUIS CITY
ST. LOUIS CITY - 161013,1,1.0000000000,4.0000000000,4.0000000000,0,ST LOUIS CITY,ST LOUIS CITY
ST. LOUIS CITY - 161410,1,1.0000000000,1.0000000000,1.0000000000,0,ST LOUIS CITY,ST LOUIS CITY
ST. LOUIS CITY - 162811,1,1.0000000000,11.0000000000,11.0000000000,0,ST LOUIS CITY,ST LOUIS CITY
STE. GENEVIEVE - 000002,8,1.0000000000,88.0000000000,88.0000000000,0,STE GENEVIEVE,STE GENEVIEVE
STE. GENEVIEVE - 000003,8,1.0000000000,44.0000000000,44.0000000000,0,STE GENEVIEVE,STE GENEVIEVE
STE. GENEVIEVE - 000004,8,1.0000000000,77.0000000000,77.0000000000,0,STE GENEVIEVE,STE GENEVIEVE
STE. GENEVIEVE - 000005,8,1.0000000000,81.0000000000,81.0000000000,0,STE GENEVIEVE,STE GENEVIEVE
STE. GENEVIEVE - 000006,8,1.0000000000,122.0000000000,122.0000000000,0,STE GENEVIEVE,STE GENEVIEVE
STE. GENEVIEVE - 000007,8,1.0000000000,63.0000000000,63.0000000000,0,STE GENEVIEVE,STE GENEVIEVE
STE. GENEVIEVE - 000009,8,1.0000000000,62.0000000000,62.0000000000,0,STE GENEVIEVE,STE GENEVIEVE
STE. GENEVIEVE - 000010,8,1.0000000000,59.0000000000,59.0000000000,0,STE GENEVIEVE,STE GENEVIEVE
STE. GENEVIEVE - 000011,8,1.0000000000,73.0000000000,73.0000000000,0,STE GENEVIEVE,STE GENEVIEVE
STE. GENEVIEVE - 000012,8,1.0000000000,79.0000000000,79.0000000000,0,STE GENEVIEVE,STE GENEVIEVE
STE. GENEVIEVE - 000013,8,1.0000000000,57.0000000000,57.0000000000,0,STE GENEVIEVE,STE GENEVIEVE
STE. GENEVIEVE - 000014,8,1.0000000000,83.0000000000,83.0000000000,0,STE GENEVIEVE,STE GENEVIEVE
STODDARD - 000002,8,1.0000000000,39.0000000000,39.0000000000,0,STODDARD,STODDARD
STODDARD - 000003,8,1.0000000000,291.0000000000,291.0000000000,0,STODDARD,STODDARD
STODDARD - 000004,8,1.0000000000,154.0000000000,154.0000000000,0,STODDARD,STODDARD
STODDARD - 000005,8,1.0000000000,135.0000000000,135.0000000000,0,STODDARD,STODDARD
STODDARD - 000006,8,1.0000000000,142.0000000000,142.0000000000,0,STODDARD,STODDARD
STODDARD - 000007,8,1.0000000000,144.0000000000,144.0000000000,0,STODDARD,STODDARD
STODDARD - 000008,8,1.0000000000,123.0000000000,123.0000000000,0,STODDARD,STODDARD
STODDARD - 000009,8,1.0000000000,112.0000000000,112.0000000000,0,STODDARD,STODDARD
STODDARD - 000010,8,1.0000000000,163.0000000000,163.0000000000,0,STODDARD,STODDARD
STODDARD - 000011,8,1.0000000000,53.0000000000,53.0000000000,0,STODDARD,STODDARD
STODDARD - 000012,8,1.0000000000,128.0000000000,128.0000000000,0,STODDARD,STODDARD
STODDARD - 000013,8,1.0000000000,114.0000000000,114.0000000000,0,STODDARD,STODDARD
STODDARD - 000014,8,1.0000000000,105.0000000000,105.0000000000,0,STODDARD,STODDARD
STODDARD - 000015,8,1.0000000000,83.0000000000,83.0000000000,0,STODDARD,STODDARD
STODDARD - 000016,8,1.0000000000,95.0000000000,95.0000000000,0,STODDARD,STODDARD
STODDARD - 000017,8,1.0000000000,172.0000000000,172.0000000000,0,STODDARD,STODDARD
STODDARD - 000018,8,1.0000000000,92.0000000000,92.0000000000,0,STODDARD,STODDARD
STODDARD - 000019,8,1.0000000000,203.0000000000,203.0000000000,0,STODDARD,STODDARD
STODDARD - 000020,8,1.0000000000,289.0000000000,289.0000000000,0,STODDARD,STODDARD
STODDARD - 000021,8,1.0000000000,38.0000000000,38.0000000000,0,STODDARD,STODDARD
STONE - 003698,7,1.0000000000,91.0000000000,91.0000000000,0,STONE,STONE
STONE - 003699,7,1.0000000000,49.0000000000,49.0000000000,0,STONE,STONE
STONE - 003701,7,1.0000000000,96.0000000000,96.0000000000,0,STONE,STONE
STONE - 003723,7,1.0000000000,119.0000000000,119.0000000000,0,STONE,STONE
STONE - 003730,7,1.0000000000,56.0000000000,56.0000000000,0,STONE,STONE
STONE - 003751,7,1.0000000000,185.0000000000,185.0000000000,0,STONE,STONE
STONE - 003782,7,1.0000000000,121.0000000000,121.0000000000,0,STONE,STONE
STONE - 003794,7,1.0000000000,34.0000000000,34.0000000000,0,STONE,STONE
STONE - 003800,7,1.0000000000,201.0000000000,201.0000000000,0,STONE,STONE
STONE - 003814,7,1.0000000000,268.0000000000,268.0000000000,0,STONE,STONE
STONE - 003842,7,1.0000000000,139.0000000000,139.0000000000,0,STONE,STONE
STONE - 003877,7,1.0000000000,56.0000000000,56.0000000000,0,STONE,STONE
STONE - 003889,7,1.0000000000,221.0000000000,221.0000000000,0,STONE,STONE
STONE - 003898,7,1.0000000000,100.0000000000,100.0000000000,0,STONE,STONE
STONE - 003900,7,1.0000000000,131.0000000000,131.0000000000,0,STONE,STONE
STONE - 003903,7,1.0000000000,161.0000000000,161.0000000000,0,STONE,STONE
STONE - 003908,7,1.0000000000,78.0000000000,78.0000000000,0,STONE,STONE
STONE - 003933,7,1.0000000000,120.0000000000,120.0000000000,0,STONE,STONE
STONE - 003935,7,1.0000000000,121.0000000000,121.0000000000,0,STONE,STONE
STONE - 003938,7,1.0000000000,105.0000000000,105.0000000000,0,STONE,STONE
SULLIVAN - 000002,6,1.0000000000,87.0000000000,87.0000000000,0,SULLIVAN,SULLIVAN
SULLIVAN - 000003,6,1.0000000000,67.0000000000,67.0000000000,0,SULLIVAN,SULLIVAN
SULLIVAN - 000004,6,1.0000000000,68.0000000000,68.0000000000,0,SULLIVAN,SULLIVAN
SULLIVAN - 000005,6,1.0000000000,60.0000000000,60.0000000000,0,SULLIVAN,SULLIVAN
SULLIVAN - 000006,6,1.0000000000,127.0000000000,127.0000000000,0,SULLIVAN,SULLIVAN
SULLIVAN - 000007,6,1.0000000000,64.0000000000,64.0000000000,0,SULLIVAN,SULLIVAN
SULLIVAN - 000008,6,1.0000000000,121.0000000000,121.0000000000,0,SULLIVAN,SULLIVAN
SULLIVAN - 000009,6,1.0000000000,87.0000000000,87.0000000000,0,SULLIVAN,SULLIVAN
SULLIVAN - 000010,6,1.0000000000,70.0000000000,70.0000000000,0,SULLIVAN,SULLIVAN
SULLIVAN - 000011,6,1.0000000000,79.0000000000,79.0000000000,0,SULLIVAN,SULLIVAN
SULLIVAN - 000012,6,1.0000000000,96.0000000000,96.0000000000,0,SULLIVAN,SULLIVAN
SULLIVAN - 000013,6,1.0000000000,60.0000000000,60.0000000000,0,SULLIVAN,SULLIVAN
SULLIVAN - 000014,6,1.0000000000,88.0000000000,88.0000000000,0,SULLIVAN,SULLIVAN
SULLIVAN - 000015,6,1.0000000000,67.0000000000,67.0000000000,0,SULLIVAN,SULLIVAN
SULLIVAN - 000016,6,1.0000000000,51.0000000000,51.0000000000,0,SULLIVAN,SULLIVAN
SULLIVAN - 000017,6,1.0000000000,75.0000000000,75.0000000000,0,SULLIVAN,SULLIVAN
SULLIVAN - 000018,6,1.0000000000,90.0000000000,90.0000000000,0,SULLIVAN,SULLIVAN
SULLIVAN - 000019,6,1.0000000000,67.0000000000,67.0000000000,0,SULLIVAN,SULLIVAN
SULLIVAN - 000020,6,1.0000000000,67.0000000000,67.0000000000,0,SULLIVAN,SULLIVAN
TANEY - 000002,7,1.0000000000,32.0000000000,32.0000000000,0,TANEY,TANEY
TANEY - 000003,7,1.0000000000,58.0000000000,58.0000000000,0,TANEY,TANEY
TANEY - 000004,7,1.0000000000,128.0000000000,128.0000000000,0,TANEY,TANEY
TANEY - 000005,7,1.0000000000,181.0000000000,181.0000000000,0,TANEY,TANEY
TANEY - 000006,7,1.0000000000,158.0000000000,158.0000000000,0,TANEY,TANEY
TANEY - 000009,7,1.0000000000,60.0000000000,60.0000000000,0,TANEY,TANEY
TANEY - 000010,7,1.0000000000,92.0000000000,92.0000000000,0,TANEY,TANEY
TANEY - 000011,7,1.0000000000,217.0000000000,217.0000000000,0,TANEY,TANEY
TANEY - 000012,7,1.0000000000,173.0000000000,173.0000000000,0,TANEY,TANEY
TANEY - 000013,7,1.0000000000,161.0000000000,161.0000000000,0,TANEY,TANEY
TANEY - 000014,7,1.0000000000,194.0000000000,194.0000000000,0,TANEY,TANEY
TANEY - 000015,7,1.0000000000,77.0000000000,77.0000000000,0,TANEY,TANEY
TANEY - 000016,7,1.0000000000,124.0000000000,124.0000000000,0,TANEY,TANEY
TANEY - 000017,7,1.0000000000,121.0000000000,121.0000000000,0,TANEY,TANEY
TANEY - 000018,7,1.0000000000,93.0000000000,93.0000000000,0,TANEY,TANEY
TANEY - 000019,7,1.0000000000,153.0000000000,153.0000000000,0,TANEY,TANEY
TANEY - 000020,7,1.0000000000,72.0000000000,72.0000000000,0,TANEY,TANEY
TANEY - 000021,7,1.0000000000,75.0000000000,75.0000000000,0,TANEY,TANEY
TANEY - 000022,7,1.0000000000,144.0000000000,144.0000000000,0,TANEY,TANEY
TANEY - 000023,7,1.0000000000,102.0000000000,102.0000000000,0,TANEY,TANEY
TANEY - 000024,7,1.0000000000,116.0000000000,116.0000000000,0,TANEY,TANEY
TEXAS - 000002,8,1.0000000000,78.0000000000,78.0000000000,0,TEXAS,TEXAS
TEXAS - 000003,8,1.0000000000,109.0000000000,109.0000000000,0,TEXAS,TEXAS
TEXAS - 000005,8,1.0000000000,86.0000000000,86.0000000000,0,TEXAS,TEXAS
TEXAS - 000006,8,1.0000000000,73.0000000000,73.0000000000,0,TEXAS,TEXAS
TEXAS - 000007,8,1.0000000000,59.0000000000,59.0000000000,0,TEXAS,TEXAS
TEXAS - 000008,8,1.0000000000,290.0000000000,290.0000000000,0,TEXAS,TEXAS
TEXAS - 000009,8,1.0000000000,101.0000000000,101.0000000000,0,TEXAS,TEXAS
TEXAS - 000011,8,1.0000000000,48.0000000000,48.0000000000,0,TEXAS,TEXAS
TEXAS - 000012,8,1.0000000000,29.0000000000,29.0000000000,0,TEXAS,TEXAS
TEXAS - 000013,8,1.0000000000,127.0000000000,127.0000000000,0,TEXAS,TEXAS
TEXAS - 000014,8,1.0000000000,75.0000000000,75.0000000000,0,TEXAS,TEXAS
TEXAS - 000016,8,1.0000000000,215.0000000000,215.0000000000,0,TEXAS,TEXAS
TEXAS - 000017,8,1.0000000000,81.0000000000,81.0000000000,0,TEXAS,TEXAS
TEXAS - 000018,8,1.0000000000,165.0000000000,165.0000000000,0,TEXAS,TEXAS
TEXAS - 000020,8,1.0000000000,109.0000000000,109.0000000000,0,TEXAS,TEXAS
TEXAS - 000021,8,1.0000000000,18.0000000000,18.0000000000,0,TEXAS,TEXAS
TEXAS - 000022,8,1.0000000000,54.0000000000,54.0000000000,0,TEXAS,TEXAS
VERNON - 000002,4,1.0000000000,117.0000000000,117.0000000000,0,VERNON,VERNON
VERNON - 000003,4,1.0000000000,45.0000000000,45.0000000000,0,VERNON,VERNON
VERNON - 000004,4,1.0000000000,123.0000000000,123.0000000000,0,VERNON,VERNON
VERNON - 000005,4,1.0000000000,190.0000000000,190.0000000000,0,VERNON,VERNON
VERNON - 000006,4,1.0000000000,138.0000000000,138.0000000000,0,VERNON,VERNON
VERNON - 000007,4,1.0000000000,152.0000000000,152.0000000000,0,VERNON,VERNON
VERNON - 000008,4,1.0000000000,106.0000000000,106.0000000000,0,VERNON,VERNON
VERNON - 000009,4,1.0000000000,110.0000000000,110.0000000000,0,VERNON,VERNON
VERNON - 000010,4,1.0000000000,93.0000000000,93.0000000000,0,VERNON,VERNON
VERNON - 000011,4,1.0000000000,266.0000000000,266.0000000000,0,VERNON,VERNON
VERNON - 000012,4,1.0000000000,138.0000000000,138.0000000000,0,VERNON,VERNON
VERNON - 000013,4,1.0000000000,273.0000000000,273.0000000000,0,VERNON,VERNON
VERNON - 000014,4,1.0000000000,79.0000000000,79.0000000000,0,VERNON,VERNON
VERNON - 000015,4,1.0000000000,94.0000000000,94.0000000000,0,VERNON,VERNON
VERNON - 000016,4,1.0000000000,76.0000000000,76.0000000000,0,VERNON,VERNON
VERNON - 000017,4,1.0000000000,154.0000000000,154.0000000000,0,VERNON,VERNON
WARREN - 000002,3,1.0000000000,51.0000000000,51.0000000000,0,WARREN,WARREN
WARREN - 000003,3,1.0000000000,78.0000000000,78.0000000000,0,WARREN,WARREN
WARREN - 000004,3,1.0000000000,54.0000000000,54.0000000000,0,WARREN,WARREN
WARREN - 000005,3,1.0000000000,102.0000000000,102.0000000000,0,WARREN,WARREN
WARREN - 000006,3,1.0000000000,67.0000000000,67.0000000000,0,WARREN,WARREN
WARREN - 000007,3,1.0000000000,28.0000000000,28.0000000000,0,WARREN,WARREN
WARREN - 000008,3,1.0000000000,88.0000000000,88.0000000000,0,WARREN,WARREN
WARREN - 000009,3,1.0000000000,106.0000000000,106.0000000000,0,WARREN,WARREN
WARREN - 000010,3,1.0000000000,37.0000000000,37.0000000000,0,WARREN,WARREN
WARREN - 000011,3,1.0000000000,44.0000000000,44.0000000000,0,WARREN,WARREN
WARREN - 000012,3,1.0000000000,39.0000000000,39.0000000000,0,WARREN,WARREN
WARREN - 000013,3,1.0000000000,178.0000000000,178.0000000000,0,WARREN,WARREN
WARREN - 000014,3,1.0000000000,139.0000000000,139.0000000000,0,WARREN,WARREN
WARREN - 000015,3,1.0000000000,57.0000000000,57.0000000000,0,WARREN,WARREN
WARREN - 000016,3,1.0000000000,68.0000000000,68.0000000000,0,WARREN,WARREN
WARREN - 000017,3,1.0000000000,22.0000000000,22.0000000000,0,WARREN,WARREN
WARREN - 000018,3,1.0000000000,66.0000000000,66.0000000000,0,WARREN,WARREN
WARREN - 000019,3,1.0000000000,81.0000000000,81.0000000000,0,WARREN,WARREN
WARREN - 000020,3,1.0000000000,42.0000000000,42.0000000000,0,WARREN,WARREN
WARREN - 000021,3,1.0000000000,50.0000000000,50.0000000000,0,WARREN,WARREN
WARREN - 000022,3,1.0000000000,140.0000000000,140.0000000000,0,WARREN,WARREN
WARREN - 000023,3,1.0000000000,55.0000000000,55.0000000000,0,WARREN,WARREN
WARREN - 000024,3,1.0000000000,19.0000000000,19.0000000000,0,WARREN,WARREN
WASHINGTON - 000002,2,1.0000000000,222.0000000000,222.0000000000,0,WASHINGTON,WASHINGTON
WASHINGTON - 000003,2,1.0000000000,69.0000000000,69.0000000000,0,WASHINGTON,WASHINGTON
WASHINGTON - 000005,2,1.0000000000,76.0000000000,76.0000000000,0,WASHINGTON,WASHINGTON
WASHINGTON - 000006,2,1.0000000000,169.0000000000,169.0000000000,0,WASHINGTON,WASHINGTON
WASHINGTON - 000007,2,1.0000000000,129.0000000000,129.0000000000,0,WASHINGTON,WASHINGTON
WASHINGTON - 000008,2,1.0000000000,68.0000000000,68.0000000000,0,WASHINGTON,WASHINGTON
WASHINGTON - 000009,2,1.0000000000,116.0000000000,116.0000000000,0,WASHINGTON,WASHINGTON
WASHINGTON - 000011,2,1.0000000000,134.0000000000,134.0000000000,0,WASHINGTON,WASHINGTON
WASHINGTON - 000013,2,1.0000000000,90.0000000000,90.0000000000,0,WASHINGTON,WASHINGTON
WASHINGTON - 000015,2,1.0000000000,91.0000000000,91.0000000000,0,WASHINGTON,WASHINGTON
WASHINGTON - 000016,2,1.0000000000,72.0000000000,72.0000000000,0,WASHINGTON,WASHINGTON
WASHINGTON - 000017,2,1.0000000000,88.0000000000,88.0000000000,0,WASHINGTON,WASHINGTON
WASHINGTON - 000019,2,1.0000000000,117.0000000000,117.0000000000,0,WASHINGTON,WASHINGTON
WAYNE - 000002,8,1.0000000000,33.0000000000,33.0000000000,0,WAYNE,WAYNE
WAYNE - 000003,8,1.0000000000,26.0000000000,26.0000000000,0,WAYNE,WAYNE
WAYNE - 000004,8,1.0000000000,121.0000000000,121.0000000000,0,WAYNE,WAYNE
WAYNE - 000005,8,1.0000000000,91.0000000000,91.0000000000,0,WAYNE,WAYNE
WAYNE - 000006,8,1.0000000000,19.0000000000,19.0000000000,0,WAYNE,WAYNE
WAYNE - 000007,8,1.0000000000,86.0000000000,86.0000000000,0,WAYNE,WAYNE
WAYNE - 000008,8,1.0000000000,78.0000000000,78.0000000000,0,WAYNE,WAYNE
WAYNE - 000009,8,1.0000000000,27.0000000000,27.0000000000,0,WAYNE,WAYNE
WAYNE - 000010,8,1.0000000000,69.0000000000,69.0000000000,0,WAYNE,WAYNE
WAYNE - 000011,8,1.0000000000,65.0000000000,65.0000000000,0,WAYNE,WAYNE
WAYNE - 000012,8,1.0000000000,31.0000000000,31.0000000000,0,WAYNE,WAYNE
WAYNE - 000013,8,1.0000000000,108.0000000000,108.0000000000,0,WAYNE,WAYNE
WAYNE - 000014,8,1.0000000000,32.0000000000,32.0000000000,0,WAYNE,WAYNE
WAYNE - 000015,8,1.0000000000,30.0000000000,30.0000000000,0,WAYNE,WAYNE
WAYNE - 000016,8,1.0000000000,29.0000000000,29.0000000000,0,WAYNE,WAYNE
WAYNE - 000017,8,1.0000000000,37.0000000000,37.0000000000,0,WAYNE,WAYNE
WAYNE - 000018,8,1.0000000000,55.0000000000,55.0000000000,0,WAYNE,WAYNE
WAYNE - 000019,8,1.0000000000,42.0000000000,42.0000000000,0,WAYNE,WAYNE
WAYNE - 000020,8,1.0000000000,96.0000000000,96.0000000000,0,WAYNE,WAYNE
WAYNE - 000021,8,1.0000000000,27.0000000000,27.0000000000,0,WAYNE,WAYNE
WEBSTER - 000002,4,1.0000000000,57.0000000000,57.0000000000,0,WEBSTER,WEBSTER
WEBSTER - 000003,4,1.0000000000,52.0000000000,52.0000000000,0,WEBSTER,WEBSTER
WEBSTER - 000005,4,1.0000000000,102.0000000000,102.0000000000,0,WEBSTER,WEBSTER
WEBSTER - 000006,4,0.4642857143,39.0000000000,84.0000000000,0,WEBSTER,WEBSTER
WEBSTER - 000006,7,0.5357142857,45.0000000000,84.0000000000,0,WEBSTER,WEBSTER
WEBSTER - 000008,4,1.0000000000,79.0000000000,79.0000000000,0,WEBSTER,WEBSTER
WEBSTER - 000010,7,1.0000000000,184.0000000000,184.0000000000,0,WEBSTER,WEBSTER
WEBSTER - 000011,7,1.0000000000,161.0000000000,161.0000000000,0,WEBSTER,WEBSTER
WEBSTER - 000012,7,1.0000000000,118.0000000000,118.0000000000,0,WEBSTER,WEBSTER
WEBSTER - 000013,4,0.9696969697,64.0000000000,66.0000000000,0,WEBSTER,WEBSTER
WEBSTER - 000013,7,0.0303030303,2.0000000000,66.0000000000,0,WEBSTER,WEBSTER
WEBSTER - 000014,7,1.0000000000,111.0000000000,111.0000000000,0,WEBSTER,WEBSTER
WEBSTER - 12-019,4,1.0000000000,38.0000000000,38.0000000000,0,WEBSTER,WEBSTER
WEBSTER - 12-020,7,1.0000000000,256.0000000000,256.0000000000,0,WEBSTER,WEBSTER
WEBSTER - 14-017,4,1.0000000000,100.0000000000,100.0000000000,0,WEBSTER,WEBSTER
WEBSTER - 16-015,4,1.0000000000,121.0000000000,121.0000000000,0,WEBSTER,WEBSTER
WEBSTER - 16-016,4,1.0000000000,157.0000000000,157.0000000000,0,WEBSTER,WEBSTER
WEBSTER - 16-018,4,1.0000000000,96.0000000000,96.0000000000,0,WEBSTER,WEBSTER
WORTH - 000002,6,1.0000000000,48.0000000000,48.0000000000,0,WORTH,WORTH
WORTH - 000003,6,1.0000000000,32.0000000000,32.0000000000,0,WORTH,WORTH
WORTH - 000004,6,1.0000000000,105.0000000000,105.0000000000,0,WORTH,WORTH
WORTH - 000005,6,1.0000000000,38.0000000000,38.0000000000,0,WORTH,WORTH
WORTH - 000006,6,1.0000000000,54.0000000000,54.0000000000,0,WORTH,WORTH
WORTH - 000007,6,1.0000000000,46.0000000000,46.0000000000,0,WORTH,WORTH
WORTH - 000008,6,1.0000000000,65.0000000000,65.0000000000,0,WORTH,WORTH
WRIGHT - 000002,8,1.0000000000,284.0000000000,284.0000000000,0,WRIGHT,WRIGHT
WRIGHT - 000003,8,1.0000000000,365.0000000000,365.0000000000,0,WRIGHT,WRIGHT
WRIGHT - 000004,8,1.0000000000,138.0000000000,138.0000000000,0,WRIGHT,WRIGHT
WRIGHT - 000005,8,1.0000000000,146.0000000000,146.0000000000,0,WRIGHT,WRIGHT
WRIGHT - 000006,8,1.0000000000,63.0000000000,63.0000000000,0,WRIGHT,WRIGHT
WRIGHT - 000007,8,1.0000000000,41.0000000000,41.0000000000,0,WRIGHT,WRIGHT
WRIGHT - 000008,8,1.0000000000,160.0000000000,160.0000000000,0,WRIGHT,WRIGHT
WRIGHT - 000009,8,1.0000000000,195.0000000000,195.0000000000,0,WRIGHT,WRIGHT
