precinct_key,district_num,area_weight,block_weight,precinct_block_weight,is_kansas_city,election_county,election_county_aliases
ADAIR - 000002,3,0.1886792453,60.0000000000,318.0000000000,0,ADAIR,ADAIR
ADAIR - 000002,4,0.8113207547,258.0000000000,318.0000000000,0,ADAIR,ADAIR
ADAIR - 000003,3,1.0000000000,163.0000000000,163.0000000000,0,ADAIR,ADAIR
ADAIR - 000004,3,1.0000000000,58.0000000000,58.0000000000,0,ADAIR,ADAIR
ADAIR - 000005,3,1.0000000000,61.0000000000,61.0000000000,0,ADAIR,ADAIR
ADAIR - 000006,3,1.0000000000,304.0000000000,304.0000000000,0,ADAIR,ADAIR
ADAIR - 000007,3,0.9126984127,230.0000000000,252.0000000000,0,ADAIR,ADAIR
ADAIR - 000007,4,0.0873015873,22.0000000000,252.0000000000,0,ADAIR,ADAIR
ADAIR - 000008,3,1.0000000000,101.0000000000,101.0000000000,0,ADAIR,ADAIR
ADAIR - 000009,3,1.0000000000,126.0000000000,126.0000000000,0,ADAIR,ADAIR
ADAIR - 000010,3,1.0000000000,120.0000000000,120.0000000000,0,ADAIR,ADAIR
ADAIR - 000011,3,1.0000000000,8.0000000000,8.0000000000,0,ADAIR,ADAIR
ANDREW - 000002,9,1.0000000000,1.0000000000,1.0000000000,0,ANDREW,ANDREW
ANDREW - 000003,9,1.0000000000,33.0000000000,33.0000000000,0,ANDREW,ANDREW
ANDREW - 000004,9,1.0000000000,85.0000000000,85.0000000000,0,ANDREW,ANDREW
ANDREW - 000005,9,1.0000000000,56.0000000000,56.0000000000,0,ANDREW,ANDREW
ANDREW - 000006,9,1.0000000000,49.0000000000,49.0000000000,0,ANDREW,ANDREW
ANDREW - 000007,9,1.0000000000,56.0000000000,56.0000000000,0,ANDREW,ANDREW
ANDREW - 000008,9,1.0000000000,51.0000000000,51.0000000000,0,ANDREW,ANDREW
ANDREW - 000009,9,1.0000000000,32.0000000000,32.0000000000,0,ANDREW,ANDREW
ANDREW - 000010,9,1.0000000000,127.0000000000,127.0000000000,0,ANDREW,ANDREW
ANDREW - 000011,9,1.0000000000,115.0000000000,115.0000000000,0,ANDREW,ANDREW
ANDREW - 000012,9,1.0000000000,110.0000000000,110.0000000000,0,ANDREW,ANDREW
ANDREW - 000013,9,1.0000000000,92.0000000000,92.0000000000,0,ANDREW,ANDREW
ANDREW - 000014,9,1.0000000000,74.0000000000,74.0000000000,0,ANDREW,ANDREW
ANDREW - 000015,9,1.0000000000,86.0000000000,86.0000000000,0,ANDREW,ANDREW
ANDREW - 000016,9,1.0000000000,84.0000000000,84.0000000000,0,ANDREW,ANDREW
ANDREW - 000017,9,1.0000000000,112.0000000000,112.0000000000,0,ANDREW,ANDREW
ANDREW - 000018,9,1.0000000000,55.0000000000,55.0000000000,0,ANDREW,ANDREW
ANDREW - 000019,9,1.0000000000,110.0000000000,110.0000000000,0,ANDREW,ANDREW
ANDREW - 000020,9,1.0000000000,97.0000000000,97.0000000000,0,ANDREW,ANDREW
ANDREW - 000021,9,1.0000000000,106.0000000000,106.0000000000,0,ANDREW,ANDREW
ATCHISON - 000002,1,1.0000000000,217.0000000000,217.0000000000,0,ATCHISON,ATCHISON
ATCHISON - 000004,1,1.0000000000,360.0000000000,360.0000000000,0,ATCHISON,ATCHISON
ATCHISON - 000005,1,1.0000000000,229.0000000000,229.0000000000,0,ATCHISON,ATCHISON
ATCHISON - 000006,1,1.0000000000,97.0000000000,97.0000000000,0,ATCHISON,ATCHISON
ATCHISON - 000007,1,1.0000000000,118.0000000000,118.0000000000,0,ATCHISON,ATCHISON
AUDRAIN - 000502,43,1.0000000000,159.0000000000,159.0000000000,0,AUDRAIN,AUDRAIN
AUDRAIN - 000506,43,1.0000000000,158.0000000000,158.0000000000,0,AUDRAIN,AUDRAIN
AUDRAIN - 000508,43,1.0000000000,196.0000000000,196.0000000000,0,AUDRAIN,AUDRAIN
AUDRAIN - 000510,43,1.0000000000,151.0000000000,151.0000000000,0,AUDRAIN,AUDRAIN
AUDRAIN - 000512,43,1.0000000000,142.0000000000,142.0000000000,0,AUDRAIN,AUDRAIN
AUDRAIN - 000513,43,1.0000000000,502.0000000000,502.0000000000,0,AUDRAIN,AUDRAIN
AUDRAIN - 000545,43,1.0000000000,203.0000000000,203.0000000000,0,AUDRAIN,AUDRAIN
AUDRAIN - 000616,43,1.0000000000,46.0000000000,46.0000000000,0,AUDRAIN,AUDRAIN
AUDRAIN - 000623,43,1.0000000000,41.0000000000,41.0000000000,0,AUDRAIN,AUDRAIN
AUDRAIN - 000632,43,1.0000000000,81.0000000000,81.0000000000,0,AUDRAIN,AUDRAIN
AUDRAIN - 000633,43,1.0000000000,130.0000000000,130.0000000000,0,AUDRAIN,AUDRAIN
AUDRAIN - 000641,43,1.0000000000,34.0000000000,34.0000000000,0,AUDRAIN,AUDRAIN
AUDRAIN - 000642,43,1.0000000000,55.0000000000,55.0000000000,0,AUDRAIN,AUDRAIN
AUDRAIN - 000657,43,1.0000000000,203.0000000000,203.0000000000,0,AUDRAIN,AUDRAIN
AUDRAIN - 000658,43,1.0000000000,217.0000000000,217.0000000000,0,AUDRAIN,AUDRAIN
AUDRAIN - 000667,43,1.0000000000,145.0000000000,145.0000000000,0,AUDRAIN,AUDRAIN
BARRY - 000002,158,1.0000000000,38.0000000000,38.0000000000,0,BARRY,BARRY
BARRY - 000003,158,1.0000000000,136.0000000000,136.0000000000,0,BARRY,BARRY
BARRY - 000004,158,1.0000000000,75.0000000000,75.0000000000,0,BARRY,BARRY
BARRY - 000005,158,1.0000000000,178.0000000000,178.0000000000,0,BARRY,BARRY
BARRY - 000006,158,1.0000000000,177.0000000000,177.0000000000,0,BARRY,BARRY
BARRY - 000007,158,1.0000000000,99.0000000000,99.0000000000,0,BARRY,BARRY
BARRY - 000008,158,1.0000000000,163.0000000000,163.0000000000,0,BARRY,BARRY
BARRY - 000009,158,1.0000000000,125.0000000000,125.0000000000,0,BARRY,BARRY
BARRY - 000010,158,1.0000000000,181.0000000000,181.0000000000,0,BARRY,BARRY
BARRY - 000011,158,1.0000000000,100.0000000000,100.0000000000,0,BARRY,BARRY
BARRY - 000012,158,1.0000000000,45.0000000000,45.0000000000,0,BARRY,BARRY
BARRY - 000013,158,1.0000000000,69.0000000000,69.0000000000,0,BARRY,BARRY
BARRY - 000014,158,1.0000000000,34.0000000000,34.0000000000,0,BARRY,BARRY
BARRY - 000015,158,1.0000000000,347.0000000000,347.0000000000,0,BARRY,BARRY
BARRY - 000016,158,1.0000000000,78.0000000000,78.0000000000,0,BARRY,BARRY
BARRY - 000017,158,1.0000000000,81.0000000000,81.0000000000,0,BARRY,BARRY
BARRY - 000018,158,1.0000000000,200.0000000000,200.0000000000,0,BARRY,BARRY
BARRY - 000019,158,1.0000000000,117.0000000000,117.0000000000,0,BARRY,BARRY
BARRY - 000020,158,1.0000000000,117.0000000000,117.0000000000,0,BARRY,BARRY
BARRY - 000021,158,1.0000000000,216.0000000000,216.0000000000,0,BARRY,BARRY
BARRY - 000022,158,1.0000000000,105.0000000000,105.0000000000,0,BARRY,BARRY
BARRY - 000023,158,1.0000000000,150.0000000000,150.0000000000,0,BARRY,BARRY
BARTON - 000004,127,1.0000000000,343.0000000000,343.0000000000,0,BARTON,BARTON
BARTON - 000008,127,1.0000000000,92.0000000000,92.0000000000,0,BARTON,BARTON
BARTON - 000010,127,1.0000000000,179.0000000000,179.0000000000,0,BARTON,BARTON
BARTON - 000011,127,1.0000000000,270.0000000000,270.0000000000,0,BARTON,BARTON
BARTON - 000015,127,1.0000000000,196.0000000000,196.0000000000,0,BARTON,BARTON
BARTON - 000016,127,1.0000000000,420.0000000000,420.0000000000,0,BARTON,BARTON
BARTON - 16-018,127,1.0000000000,136.0000000000,136.0000000000,0,BARTON,BARTON
BARTON - 16-021,127,1.0000000000,98.0000000000,98.0000000000,0,BARTON,BARTON
BATES - 002701,62,1.0000000000,94.0000000000,94.0000000000,0,BATES,BATES
BATES - 002703,62,1.0000000000,192.0000000000,192.0000000000,0,BATES,BATES
BATES - 002705,62,1.0000000000,162.0000000000,162.0000000000,0,BATES,BATES
BATES - 002722,62,1.0000000000,90.0000000000,90.0000000000,0,BATES,BATES
BATES - 002767,62,1.0000000000,84.0000000000,84.0000000000,0,BATES,BATES
BATES - 002801,125,1.0000000000,60.0000000000,60.0000000000,0,BATES,BATES
BATES - 002814,125,1.0000000000,198.0000000000,198.0000000000,0,BATES,BATES
BATES - 002825,125,1.0000000000,80.0000000000,80.0000000000,0,BATES,BATES
BATES - 002847,125,1.0000000000,84.0000000000,84.0000000000,0,BATES,BATES
BATES - 002849,125,1.0000000000,176.0000000000,176.0000000000,0,BATES,BATES
BATES - 002850,125,1.0000000000,83.0000000000,83.0000000000,0,BATES,BATES
BATES - 002868,125,1.0000000000,121.0000000000,121.0000000000,0,BATES,BATES
BATES - 002892,125,1.0000000000,242.0000000000,242.0000000000,0,BATES,BATES
BATES - 002904,125,1.0000000000,192.0000000000,192.0000000000,0,BATES,BATES
BATES - 002930,125,1.0000000000,91.0000000000,91.0000000000,0,BATES,BATES
BENTON - 000001,57,1.0000000000,315.0000000000,315.0000000000,0,BENTON,BENTON
BENTON - 000002,57,1.0000000000,267.0000000000,267.0000000000,0,BENTON,BENTON
BENTON - 000004,126,1.0000000000,133.0000000000,133.0000000000,0,BENTON,BENTON
BENTON - 000005,57,1.0000000000,294.0000000000,294.0000000000,0,BENTON,BENTON
BENTON - 000007,126,1.0000000000,230.0000000000,230.0000000000,0,BENTON,BENTON
BENTON - 000008,57,1.0000000000,218.0000000000,218.0000000000,0,BENTON,BENTON
BENTON - 000009,57,1.0000000000,209.0000000000,209.0000000000,0,BENTON,BENTON
BENTON - 0012-6,57,1.0000000000,317.0000000000,317.0000000000,0,BENTON,BENTON
BOLLINGER - 000003,151,1.0000000000,84.0000000000,84.0000000000,0,BOLLINGER,BOLLINGER
BOLLINGER - 000005,144,1.0000000000,51.0000000000,51.0000000000,0,BOLLINGER,BOLLINGER
BOLLINGER - 000006,151,1.0000000000,83.0000000000,83.0000000000,0,BOLLINGER,BOLLINGER
BOLLINGER - 000007,151,1.0000000000,149.0000000000,149.0000000000,0,BOLLINGER,BOLLINGER
BOLLINGER - 000009,144,1.0000000000,191.0000000000,191.0000000000,0,BOLLINGER,BOLLINGER
BOLLINGER - 000010,144,1.0000000000,74.0000000000,74.0000000000,0,BOLLINGER,BOLLINGER
BOLLINGER - 000011,144,1.0000000000,104.0000000000,104.0000000000,0,BOLLINGER,BOLLINGER
BOLLINGER - 000012,144,0.2089552239,14.0000000000,67.0000000000,0,BOLLINGER,BOLLINGER
BOLLINGER - 000012,151,0.7910447761,53.0000000000,67.0000000000,0,BOLLINGER,BOLLINGER
BOLLINGER - 000015,151,1.0000000000,124.0000000000,124.0000000000,0,BOLLINGER,BOLLINGER
BOONE - 000007,47,1.0000000000,124.0000000000,124.0000000000,0,BOONE,BOONE
BOONE - 000008,47,1.0000000000,146.0000000000,146.0000000000,0,BOONE,BOONE
BOONE - 000009,44,1.0000000000,59.0000000000,59.0000000000,0,BOONE,BOONE
BOONE - 000010,44,1.0000000000,50.0000000000,50.0000000000,0,BOONE,BOONE
BOONE - 000011,44,1.0000000000,52.0000000000,52.0000000000,0,BOONE,BOONE
BOONE - 000012,44,1.0000000000,116.0000000000,116.0000000000,0,BOONE,BOONE
BOONE - 000015,44,0.3292682927,27.0000000000,82.0000000000,0,BOONE,BOONE
BOONE - 000015,47,0.6707317073,55.0000000000,82.0000000000,0,BOONE,BOONE
BOONE - 000016,44,1.0000000000,64.0000000000,64.0000000000,0,BOONE,BOONE
BOONE - 000017,44,0.9482758621,55.0000000000,58.0000000000,0,BOONE,BOONE
BOONE - 000017,46,0.0517241379,3.0000000000,58.0000000000,0,BOONE,BOONE
BOONE - 000018,47,1.0000000000,60.0000000000,60.0000000000,0,BOONE,BOONE
BOONE - 000019,47,1.0000000000,39.0000000000,39.0000000000,0,BOONE,BOONE
BOONE - 00001A,45,0.8571428571,72.0000000000,84.0000000000,0,BOONE,BOONE
BOONE - 00001A,46,0.1428571429,12.0000000000,84.0000000000,0,BOONE,BOONE
BOONE - 00001B,45,1.0000000000,9.0000000000,9.0000000000,0,BOONE,BOONE
BOONE - 00001C,45,1.0000000000,28.0000000000,28.0000000000,0,BOONE,BOONE
BOONE - 00001D,45,0.8484848485,56.0000000000,66.0000000000,0,BOONE,BOONE
BOONE - 00001D,46,0.1515151515,10.0000000000,66.0000000000,0,BOONE,BOONE
BOONE - 00001E,45,1.0000000000,18.0000000000,18.0000000000,0,BOONE,BOONE
BOONE - 00001F,45,1.0000000000,10.0000000000,10.0000000000,0,BOONE,BOONE
BOONE - 00001G,45,0.9705882353,33.0000000000,34.0000000000,0,BOONE,BOONE
BOONE - 00001G,46,0.0294117647,1.0000000000,34.0000000000,0,BOONE,BOONE
BOONE - 00001I,45,1.0000000000,16.0000000000,16.0000000000,0,BOONE,BOONE
BOONE - 000020,47,1.0000000000,48.0000000000,48.0000000000,0,BOONE,BOONE
BOONE - 000021,47,1.0000000000,38.0000000000,38.0000000000,0,BOONE,BOONE
BOONE - 000022,44,0.3636363636,16.0000000000,44.0000000000,0,BOONE,BOONE
BOONE - 000022,46,0.1136363636,5.0000000000,44.0000000000,0,BOONE,BOONE
BOONE - 000022,47,0.5227272727,23.0000000000,44.0000000000,0,BOONE,BOONE
BOONE - 000023,44,1.0000000000,23.0000000000,23.0000000000,0,BOONE,BOONE
BOONE - 000024,44,1.0000000000,52.0000000000,52.0000000000,0,BOONE,BOONE
BOONE - 000025,44,1.0000000000,27.0000000000,27.0000000000,0,BOONE,BOONE
BOONE - 000026,44,0.7263157895,69.0000000000,95.0000000000,0,BOONE,BOONE
BOONE - 000026,50,0.2736842105,26.0000000000,95.0000000000,0,BOONE,BOONE
BOONE - 000027,44,0.8666666667,65.0000000000,75.0000000000,0,BOONE,BOONE
BOONE - 000027,47,0.0533333333,4.0000000000,75.0000000000,0,BOONE,BOONE
BOONE - 000027,50,0.0800000000,6.0000000000,75.0000000000,0,BOONE,BOONE
BOONE - 000028,44,0.0606060606,2.0000000000,33.0000000000,0,BOONE,BOONE
BOONE - 000028,50,0.9393939394,31.0000000000,33.0000000000,0,BOONE,BOONE
BOONE - 000029,44,1.0000000000,57.0000000000,57.0000000000,0,BOONE,BOONE
BOONE - 00002A,46,1.0000000000,25.0000000000,25.0000000000,0,BOONE,BOONE
BOONE - 00002B,46,1.0000000000,24.0000000000,24.0000000000,0,BOONE,BOONE
BOONE - 00002C,46,1.0000000000,23.0000000000,23.0000000000,0,BOONE,BOONE
BOONE - 00002D,46,1.0000000000,35.0000000000,35.0000000000,0,BOONE,BOONE
BOONE - 00002F,46,1.0000000000,26.0000000000,26.0000000000,0,BOONE,BOONE
BOONE - 00002G,46,1.0000000000,28.0000000000,28.0000000000,0,BOONE,BOONE
BOONE - 00002H,46,1.0000000000,47.0000000000,47.0000000000,0,BOONE,BOONE
BOONE - 00002I,46,1.0000000000,52.0000000000,52.0000000000,0,BOONE,BOONE
BOONE - 00002J,46,1.0000000000,40.0000000000,40.0000000000,0,BOONE,BOONE
BOONE - 00002K,47,1.0000000000,17.0000000000,17.0000000000,0,BOONE,BOONE
BOONE - 000030,44,1.0000000000,96.0000000000,96.0000000000,0,BOONE,BOONE
BOONE - 000031,44,1.0000000000,68.0000000000,68.0000000000,0,BOONE,BOONE
BOONE - 000032,44,1.0000000000,21.0000000000,21.0000000000,0,BOONE,BOONE
BOONE - 000033,44,0.9545454545,21.0000000000,22.0000000000,0,BOONE,BOONE
BOONE - 000033,46,0.0454545455,1.0000000000,22.0000000000,0,BOONE,BOONE
BOONE - 000034,44,0.1666666667,4.0000000000,24.0000000000,0,BOONE,BOONE
BOONE - 000034,50,0.8333333333,20.0000000000,24.0000000000,0,BOONE,BOONE
BOONE - 000035,44,1.0000000000,26.0000000000,26.0000000000,0,BOONE,BOONE
BOONE - 000036,47,0.6500000000,13.0000000000,20.0000000000,0,BOONE,BOONE
BOONE - 000036,50,0.3500000000,7.0000000000,20.0000000000,0,BOONE,BOONE
BOONE - 000037,47,1.0000000000,14.0000000000,14.0000000000,0,BOONE,BOONE
BOONE - 000038,47,1.0000000000,46.0000000000,46.0000000000,0,BOONE,BOONE
BOONE - 000039,44,0.6101694915,36.0000000000,59.0000000000,0,BOONE,BOONE
BOONE - 000039,47,0.3898305085,23.0000000000,59.0000000000,0,BOONE,BOONE
BOONE - 00003A,46,1.0000000000,48.0000000000,48.0000000000,0,BOONE,BOONE
BOONE - 00003B,46,1.0000000000,61.0000000000,61.0000000000,0,BOONE,BOONE
BOONE - 00003C,46,1.0000000000,44.0000000000,44.0000000000,0,BOONE,BOONE
BOONE - 00003D,45,0.9152542373,54.0000000000,59.0000000000,0,BOONE,BOONE
BOONE - 00003D,46,0.0847457627,5.0000000000,59.0000000000,0,BOONE,BOONE
BOONE - 00003E,46,0.7560975610,31.0000000000,41.0000000000,0,BOONE,BOONE
BOONE - 00003E,50,0.2439024390,10.0000000000,41.0000000000,0,BOONE,BOONE
BOONE - 00003F,46,1.0000000000,41.0000000000,41.0000000000,0,BOONE,BOONE
BOONE - 000040,44,0.8918918919,33.0000000000,37.0000000000,0,BOONE,BOONE
BOONE - 000040,46,0.1081081081,4.0000000000,37.0000000000,0,BOONE,BOONE
BOONE - 000041,44,0.4888888889,22.0000000000,45.0000000000,0,BOONE,BOONE
BOONE - 000041,46,0.5111111111,23.0000000000,45.0000000000,0,BOONE,BOONE
BOONE - 000042,44,1.0000000000,23.0000000000,23.0000000000,0,BOONE,BOONE
BOONE - 00004A,47,1.0000000000,18.0000000000,18.0000000000,0,BOONE,BOONE
BOONE - 00004B,47,1.0000000000,26.0000000000,26.0000000000,0,BOONE,BOONE
BOONE - 00004C,47,1.0000000000,28.0000000000,28.0000000000,0,BOONE,BOONE
BOONE - 00004D,47,1.0000000000,13.0000000000,13.0000000000,0,BOONE,BOONE
BOONE - 00004E,47,1.0000000000,36.0000000000,36.0000000000,0,BOONE,BOONE
BOONE - 00004F,45,1.0000000000,15.0000000000,15.0000000000,0,BOONE,BOONE
BOONE - 00004G,47,1.0000000000,26.0000000000,26.0000000000,0,BOONE,BOONE
BOONE - 00004H,47,1.0000000000,13.0000000000,13.0000000000,0,BOONE,BOONE
BOONE - 00004I,45,1.0000000000,16.0000000000,16.0000000000,0,BOONE,BOONE
BOONE - 00004J,47,1.0000000000,21.0000000000,21.0000000000,0,BOONE,BOONE
BOONE - 00004K,47,1.0000000000,24.0000000000,24.0000000000,0,BOONE,BOONE
BOONE - 00004L,47,1.0000000000,25.0000000000,25.0000000000,0,BOONE,BOONE
BOONE - 00005A,45,1.0000000000,21.0000000000,21.0000000000,0,BOONE,BOONE
BOONE - 00005B,50,1.0000000000,20.0000000000,20.0000000000,0,BOONE,BOONE
BOONE - 00005C,50,1.0000000000,21.0000000000,21.0000000000,0,BOONE,BOONE
BOONE - 00005D,50,1.0000000000,26.0000000000,26.0000000000,0,BOONE,BOONE
BOONE - 00005E,50,1.0000000000,32.0000000000,32.0000000000,0,BOONE,BOONE
BOONE - 00005F,50,1.0000000000,42.0000000000,42.0000000000,0,BOONE,BOONE
BOONE - 00005G,50,1.0000000000,4.0000000000,4.0000000000,0,BOONE,BOONE
BOONE - 00005H,50,1.0000000000,27.0000000000,27.0000000000,0,BOONE,BOONE
BOONE - 00005I,50,1.0000000000,19.0000000000,19.0000000000,0,BOONE,BOONE
BOONE - 00005J,50,1.0000000000,28.0000000000,28.0000000000,0,BOONE,BOONE
BOONE - 00005K,50,1.0000000000,15.0000000000,15.0000000000,0,BOONE,BOONE
BOONE - 00005L,47,1.0000000000,7.0000000000,7.0000000000,0,BOONE,BOONE
BOONE - 00005M,50,1.0000000000,7.0000000000,7.0000000000,0,BOONE,BOONE
BOONE - 00006A,45,1.0000000000,30.0000000000,30.0000000000,0,BOONE,BOONE
BOONE - 00006B,45,1.0000000000,10.0000000000,10.0000000000,0,BOONE,BOONE
BOONE - 00006C,45,0.9333333333,28.0000000000,30.0000000000,0,BOONE,BOONE
BOONE - 00006C,50,0.0666666667,2.0000000000,30.0000000000,0,BOONE,BOONE
BOONE - 00006D,45,0.0175438596,1.0000000000,57.0000000000,0,BOONE,BOONE
BOONE - 00006D,50,0.9824561404,56.0000000000,57.0000000000,0,BOONE,BOONE
BOONE - 00006E,45,0.0588235294,1.0000000000,17.0000000000,0,BOONE,BOONE
BOONE - 00006E,50,0.9411764706,16.0000000000,17.0000000000,0,BOONE,BOONE
BOONE - 00006F,45,1.0000000000,10.0000000000,10.0000000000,0,BOONE,BOONE
BOONE - 00006G,45,0.0285714286,1.0000000000,35.0000000000,0,BOONE,BOONE
BOONE - 00006G,50,0.9714285714,34.0000000000,35.0000000000,0,BOONE,BOONE
BOONE - 00006H,45,1.0000000000,11.0000000000,11.0000000000,0,BOONE,BOONE
BOONE - 00006I,45,1.0000000000,15.0000000000,15.0000000000,0,BOONE,BOONE
BOONE - 16-01J,45,1.0000000000,24.0000000000,24.0000000000,0,BOONE,BOONE
BOONE - 16-01K,45,0.5263157895,10.0000000000,19.0000000000,0,BOONE,BOONE
BOONE - 16-01K,47,0.4736842105,9.0000000000,19.0000000000,0,BOONE,BOONE
BOONE - 16-01L,45,1.0000000000,6.0000000000,6.0000000000,0,BOONE,BOONE
BOONE - 16-01M,45,1.0000000000,44.0000000000,44.0000000000,0,BOONE,BOONE
BOONE - 16-02L,46,1.0000000000,9.0000000000,9.0000000000,0,BOONE,BOONE
BOONE - 16-03G,46,1.0000000000,14.0000000000,14.0000000000,0,BOONE,BOONE
BOONE - 16-03H,45,0.5384615385,21.0000000000,39.0000000000,0,BOONE,BOONE
BOONE - 16-03H,46,0.4615384615,18.0000000000,39.0000000000,0,BOONE,BOONE
BOONE - 16-03I,46,1.0000000000,6.0000000000,6.0000000000,0,BOONE,BOONE
BOONE - 16-03J,46,1.0000000000,20.0000000000,20.0000000000,0,BOONE,BOONE
BOONE - 16-03L,46,1.0000000000,10.0000000000,10.0000000000,0,BOONE,BOONE
BOONE - 16-03M,45,0.0434782609,1.0000000000,23.0000000000,0,BOONE,BOONE
BOONE - 16-03M,46,0.8695652174,20.0000000000,23.0000000000,0,BOONE,BOONE
BOONE - 16-03M,50,0.0869565217,2.0000000000,23.0000000000,0,BOONE,BOONE
BOONE - 16-03N,46,1.0000000000,6.0000000000,6.0000000000,0,BOONE,BOONE
BOONE - 16-043,44,1.0000000000,34.0000000000,34.0000000000,0,BOONE,BOONE
BOONE - 16-044,47,0.5000000000,7.0000000000,14.0000000000,0,BOONE,BOONE
BOONE - 16-044,50,0.5000000000,7.0000000000,14.0000000000,0,BOONE,BOONE
BOONE - 16-045,44,0.8333333333,20.0000000000,24.0000000000,0,BOONE,BOONE
BOONE - 16-045,46,0.1666666667,4.0000000000,24.0000000000,0,BOONE,BOONE
BOONE - 16-04M,47,1.0000000000,25.0000000000,25.0000000000,0,BOONE,BOONE
BOONE - 16-05N,50,1.0000000000,22.0000000000,22.0000000000,0,BOONE,BOONE
BOONE - 16-05P,47,0.3333333333,1.0000000000,3.0000000000,0,BOONE,BOONE
BOONE - 16-05P,50,0.6666666667,2.0000000000,3.0000000000,0,BOONE,BOONE
BOONE - 16-06J,50,1.0000000000,40.0000000000,40.0000000000,0,BOONE,BOONE
BOONE - 16-06K,45,0.3684210526,7.0000000000,19.0000000000,0,BOONE,BOONE
BOONE - 16-06K,50,0.6315789474,12.0000000000,19.0000000000,0,BOONE,BOONE
BOONE - 16-06L,45,1.0000000000,4.0000000000,4.0000000000,0,BOONE,BOONE
BOONE - 16-06M,50,1.0000000000,12.0000000000,12.0000000000,0,BOONE,BOONE
BUCHANAN - 000001,10,1.0000000000,99.0000000000,99.0000000000,0,BUCHANAN,BUCHANAN
BUCHANAN - 000002,10,1.0000000000,277.0000000000,277.0000000000,0,BUCHANAN,BUCHANAN
BUCHANAN - 000004,10,1.0000000000,121.0000000000,121.0000000000,0,BUCHANAN,BUCHANAN
BUCHANAN - 000006,10,1.0000000000,358.0000000000,358.0000000000,0,BUCHANAN,BUCHANAN
BUCHANAN - 000008,10,0.7394366197,105.0000000000,142.0000000000,0,BUCHANAN,BUCHANAN
BUCHANAN - 000008,11,0.2605633803,37.0000000000,142.0000000000,0,BUCHANAN,BUCHANAN
BUCHANAN - 000010,10,1.0000000000,194.0000000000,194.0000000000,0,BUCHANAN,BUCHANAN
BUCHANAN - 000011,10,1.0000000000,276.0000000000,276.0000000000,0,BUCHANAN,BUCHANAN
BUCHANAN - 000012,10,0.2383419689,46.0000000000,193.0000000000,0,BUCHANAN,BUCHANAN
BUCHANAN - 000012,11,0.7616580311,147.0000000000,193.0000000000,0,BUCHANAN,BUCHANAN
BUCHANAN - 000014,11,1.0000000000,118.0000000000,118.0000000000,0,BUCHANAN,BUCHANAN
BUCHANAN - 000016,10,0.0168067227,8.0000000000,476.0000000000,0,BUCHANAN,BUCHANAN
BUCHANAN - 000016,11,0.9831932773,468.0000000000,476.0000000000,0,BUCHANAN,BUCHANAN
BUCHANAN - 000018,11,1.0000000000,118.0000000000,118.0000000000,0,BUCHANAN,BUCHANAN
BUCHANAN - 000020,10,0.9622641509,51.0000000000,53.0000000000,0,BUCHANAN,BUCHANAN
BUCHANAN - 000020,11,0.0377358491,2.0000000000,53.0000000000,0,BUCHANAN,BUCHANAN
BUCHANAN - 000021,10,0.9819819820,109.0000000000,111.0000000000,0,BUCHANAN,BUCHANAN
BUCHANAN - 000021,11,0.0180180180,2.0000000000,111.0000000000,0,BUCHANAN,BUCHANAN
BUCHANAN - 000022,10,0.2019230769,21.0000000000,104.0000000000,0,BUCHANAN,BUCHANAN
BUCHANAN - 000022,11,0.7980769231,83.0000000000,104.0000000000,0,BUCHANAN,BUCHANAN
BUCHANAN - 000023,11,1.0000000000,80.0000000000,80.0000000000,0,BUCHANAN,BUCHANAN
BUCHANAN - 000024,11,1.0000000000,101.0000000000,101.0000000000,0,BUCHANAN,BUCHANAN
BUCHANAN - 000027,13,1.0000000000,93.0000000000,93.0000000000,0,BUCHANAN,BUCHANAN
BUCHANAN - 000028,13,1.0000000000,85.0000000000,85.0000000000,0,BUCHANAN,BUCHANAN
BUCHANAN - 000029,11,1.0000000000,66.0000000000,66.0000000000,0,BUCHANAN,BUCHANAN
BUCHANAN - 000030,13,1.0000000000,181.0000000000,181.0000000000,0,BUCHANAN,BUCHANAN
BUCHANAN - 000031,13,1.0000000000,111.0000000000,111.0000000000,0,BUCHANAN,BUCHANAN
BUCHANAN - 000032,13,1.0000000000,181.0000000000,181.0000000000,0,BUCHANAN,BUCHANAN
BUCHANAN - 000033,13,1.0000000000,144.0000000000,144.0000000000,0,BUCHANAN,BUCHANAN
BUCHANAN - 000034,11,0.2114695341,59.0000000000,279.0000000000,0,BUCHANAN,BUCHANAN
BUCHANAN - 000034,13,0.7885304659,220.0000000000,279.0000000000,0,BUCHANAN,BUCHANAN
BUCHANAN - 000035,13,1.0000000000,71.0000000000,71.0000000000,0,BUCHANAN,BUCHANAN
BUTLER - 000002,152,1.0000000000,161.0000000000,161.0000000000,0,BUTLER,BUTLER
BUTLER - 000003,150,0.0493827160,4.0000000000,81.0000000000,0,BUTLER,BUTLER
BUTLER - 000003,152,0.9506172840,77.0000000000,81.0000000000,0,BUTLER,BUTLER
BUTLER - 000004,150,1.0000000000,51.0000000000,51.0000000000,0,BUTLER,BUTLER
BUTLER - 000005,150,1.0000000000,77.0000000000,77.0000000000,0,BUTLER,BUTLER
BUTLER - 000006,152,1.0000000000,128.0000000000,128.0000000000,0,BUTLER,BUTLER
BUTLER - 000007,152,1.0000000000,74.0000000000,74.0000000000,0,BUTLER,BUTLER
BUTLER - 000008,150,1.0000000000,133.0000000000,133.0000000000,0,BUTLER,BUTLER
BUTLER - 000009,150,0.0109890110,1.0000000000,91.0000000000,0,BUTLER,BUTLER
BUTLER - 000009,152,0.9890109890,90.0000000000,91.0000000000,0,BUTLER,BUTLER
BUTLER - 000010,152,1.0000000000,123.0000000000,123.0000000000,0,BUTLER,BUTLER
BUTLER - 000011,152,1.0000000000,58.0000000000,58.0000000000,0,BUTLER,BUTLER
BUTLER - 000012,150,1.0000000000,121.0000000000,121.0000000000,0,BUTLER,BUTLER
BUTLER - 000013,152,1.0000000000,22.0000000000,22.0000000000,0,BUTLER,BUTLER
BUTLER - 000014,152,1.0000000000,136.0000000000,136.0000000000,0,BUTLER,BUTLER
BUTLER - 000015,150,1.0000000000,51.0000000000,51.0000000000,0,BUTLER,BUTLER
BUTLER - 000016,152,1.0000000000,139.0000000000,139.0000000000,0,BUTLER,BUTLER
BUTLER - 000017,152,1.0000000000,185.0000000000,185.0000000000,0,BUTLER,BUTLER
BUTLER - 000018,152,1.0000000000,199.0000000000,199.0000000000,0,BUTLER,BUTLER
BUTLER - 000019,152,1.0000000000,101.0000000000,101.0000000000,0,BUTLER,BUTLER
BUTLER - 000020,152,1.0000000000,150.0000000000,150.0000000000,0,BUTLER,BUTLER
BUTLER - 000021,152,1.0000000000,147.0000000000,147.0000000000,0,BUTLER,BUTLER
BUTLER - 000022,152,1.0000000000,43.0000000000,43.0000000000,0,BUTLER,BUTLER
BUTLER - 000023,150,0.2074074074,28.0000000000,135.0000000000,0,BUTLER,BUTLER
BUTLER - 000023,152,0.7925925926,107.0000000000,135.0000000000,0,BUTLER,BUTLER
BUTLER - 000024,150,0.3456790123,28.0000000000,81.0000000000,0,BUTLER,BUTLER
BUTLER - 000024,152,0.6543209877,53.0000000000,81.0000000000,0,BUTLER,BUTLER
BUTLER - 000025,152,1.0000000000,61.0000000000,61.0000000000,0,BUTLER,BUTLER
BUTLER - 000026,152,1.0000000000,69.0000000000,69.0000000000,0,BUTLER,BUTLER
CALDWELL - 000277,2,1.0000000000,192.0000000000,192.0000000000,0,CALDWELL,CALDWELL
CALDWELL - 000280,2,1.0000000000,371.0000000000,371.0000000000,0,CALDWELL,CALDWELL
CALDWELL - 000281,2,1.0000000000,208.0000000000,208.0000000000,0,CALDWELL,CALDWELL
CALDWELL - 000284,2,1.0000000000,64.0000000000,64.0000000000,0,CALDWELL,CALDWELL
CALDWELL - 000353,2,1.0000000000,262.0000000000,262.0000000000,0,CALDWELL,CALDWELL
CALDWELL - 000356,2,1.0000000000,113.0000000000,113.0000000000,0,CALDWELL,CALDWELL
CALDWELL - 000357,2,1.0000000000,305.0000000000,305.0000000000,0,CALDWELL,CALDWELL
CALDWELL - 000358,2,1.0000000000,192.0000000000,192.0000000000,0,CALDWELL,CALDWELL
CALDWELL - 000389,2,1.0000000000,141.0000000000,141.0000000000,0,CALDWELL,CALDWELL
CALDWELL - 000390,2,1.0000000000,216.0000000000,216.0000000000,0,CALDWELL,CALDWELL
CALLAWAY - 000826,43,0.7272727273,32.0000000000,44.0000000000,0,CALLAWAY,CALLAWAY
CALLAWAY - 000826,49,0.2727272727,12.0000000000,44.0000000000,0,CALLAWAY,CALLAWAY
CALLAWAY - 000828,43,1.0000000000,64.0000000000,64.0000000000,0,CALLAWAY,CALLAWAY
CALLAWAY - 000839,43,1.0000000000,193.0000000000,193.0000000000,0,CALLAWAY,CALLAWAY
CALLAWAY - 000842,43,1.0000000000,110.0000000000,110.0000000000,0,CALLAWAY,CALLAWAY
CALLAWAY - 000998,43,0.9842105263,187.0000000000,190.0000000000,0,CALLAWAY,CALLAWAY
CALLAWAY - 000998,49,0.0157894737,3.0000000000,190.0000000000,0,CALLAWAY,CALLAWAY
CALLAWAY - 001069,43,0.3333333333,19.0000000000,57.0000000000,0,CALLAWAY,CALLAWAY
CALLAWAY - 001069,49,0.6666666667,38.0000000000,57.0000000000,0,CALLAWAY,CALLAWAY
CALLAWAY - 001081,43,0.3488372093,45.0000000000,129.0000000000,0,CALLAWAY,CALLAWAY
CALLAWAY - 001081,49,0.6511627907,84.0000000000,129.0000000000,0,CALLAWAY,CALLAWAY
CALLAWAY - 001083,43,0.3838383838,76.0000000000,198.0000000000,0,CALLAWAY,CALLAWAY
CALLAWAY - 001083,49,0.6161616162,122.0000000000,198.0000000000,0,CALLAWAY,CALLAWAY
CALLAWAY - 001189,43,0.0895522388,6.0000000000,67.0000000000,0,CALLAWAY,CALLAWAY
CALLAWAY - 001189,49,0.9104477612,61.0000000000,67.0000000000,0,CALLAWAY,CALLAWAY
CALLAWAY - 001190,43,0.0947368421,27.0000000000,285.0000000000,0,CALLAWAY,CALLAWAY
CALLAWAY - 001190,49,0.9052631579,258.0000000000,285.0000000000,0,CALLAWAY,CALLAWAY
CALLAWAY - 001271,49,1.0000000000,80.0000000000,80.0000000000,0,CALLAWAY,CALLAWAY
CALLAWAY - 001272,49,1.0000000000,37.0000000000,37.0000000000,0,CALLAWAY,CALLAWAY
CALLAWAY - 001292,49,1.0000000000,86.0000000000,86.0000000000,0,CALLAWAY,CALLAWAY
CALLAWAY - 001297,49,1.0000000000,70.0000000000,70.0000000000,0,CALLAWAY,CALLAWAY
CALLAWAY - 001306,49,1.0000000000,119.0000000000,119.0000000000,0,CALLAWAY,CALLAWAY
CALLAWAY - 001350,49,1.0000000000,107.0000000000,107.0000000000,0,CALLAWAY,CALLAWAY
CALLAWAY - 001351,49,1.0000000000,90.0000000000,90.0000000000,0,CALLAWAY,CALLAWAY
CALLAWAY - 001438,49,1.0000000000,34.0000000000,34.0000000000,0,CALLAWAY,CALLAWAY
CALLAWAY - 001543,49,1.0000000000,32.0000000000,32.0000000000,0,CALLAWAY,CALLAWAY
CALLAWAY - 001584,49,1.0000000000,130.0000000000,130.0000000000,0,CALLAWAY,CALLAWAY
CALLAWAY - 001595,49,1.0000000000,61.0000000000,61.0000000000,0,CALLAWAY,CALLAWAY
CALLAWAY - 001763,49,1.0000000000,107.0000000000,107.0000000000,0,CALLAWAY,CALLAWAY
CALLAWAY - 001843,49,1.0000000000,156.0000000000,156.0000000000,0,CALLAWAY,CALLAWAY
CALLAWAY - 001989,49,1.0000000000,26.0000000000,26.0000000000,0,CALLAWAY,CALLAWAY
CALLAWAY - 001991,49,1.0000000000,39.0000000000,39.0000000000,0,CALLAWAY,CALLAWAY
CAMDEN - 000002,123,1.0000000000,94.0000000000,94.0000000000,0,CAMDEN,CAMDEN
CAMDEN - 000003,123,0.9538461538,124.0000000000,130.0000000000,0,CAMDEN,CAMDEN
CAMDEN - 000003,142,0.0461538462,6.0000000000,130.0000000000,0,CAMDEN,CAMDEN
CAMDEN - 000004,123,1.0000000000,166.0000000000,166.0000000000,0,CAMDEN,CAMDEN
CAMDEN - 000005,123,1.0000000000,83.0000000000,83.0000000000,0,CAMDEN,CAMDEN
CAMDEN - 000006,123,1.0000000000,118.0000000000,118.0000000000,0,CAMDEN,CAMDEN
CAMDEN - 000007,123,1.0000000000,55.0000000000,55.0000000000,0,CAMDEN,CAMDEN
CAMDEN - 000008,123,1.0000000000,57.0000000000,57.0000000000,0,CAMDEN,CAMDEN
CAMDEN - 000009,123,1.0000000000,66.0000000000,66.0000000000,0,CAMDEN,CAMDEN
CAMDEN - 000010,142,1.0000000000,48.0000000000,48.0000000000,0,CAMDEN,CAMDEN
CAMDEN - 000011,123,1.0000000000,52.0000000000,52.0000000000,0,CAMDEN,CAMDEN
CAMDEN - 000012,123,1.0000000000,154.0000000000,154.0000000000,0,CAMDEN,CAMDEN
CAMDEN - 000013,123,1.0000000000,67.0000000000,67.0000000000,0,CAMDEN,CAMDEN
CAMDEN - 000014,142,1.0000000000,182.0000000000,182.0000000000,0,CAMDEN,CAMDEN
CAMDEN - 000015,123,1.0000000000,52.0000000000,52.0000000000,0,CAMDEN,CAMDEN
CAMDEN - 000016,123,1.0000000000,63.0000000000,63.0000000000,0,CAMDEN,CAMDEN
CAMDEN - 000017,123,1.0000000000,132.0000000000,132.0000000000,0,CAMDEN,CAMDEN
CAMDEN - 000018,123,1.0000000000,119.0000000000,119.0000000000,0,CAMDEN,CAMDEN
CAMDEN - 000019,123,0.5185185185,42.0000000000,81.0000000000,0,CAMDEN,CAMDEN
CAMDEN - 000019,142,0.4814814815,39.0000000000,81.0000000000,0,CAMDEN,CAMDEN
CAMDEN - 000020,123,1.0000000000,68.0000000000,68.0000000000,0,CAMDEN,CAMDEN
CAMDEN - 000021,142,1.0000000000,22.0000000000,22.0000000000,0,CAMDEN,CAMDEN
CAMDEN - 000022,123,1.0000000000,118.0000000000,118.0000000000,0,CAMDEN,CAMDEN
CAMDEN - 000023,123,1.0000000000,88.0000000000,88.0000000000,0,CAMDEN,CAMDEN
CAMDEN - 000024,123,1.0000000000,140.0000000000,140.0000000000,0,CAMDEN,CAMDEN
CAMDEN - 000025,123,1.0000000000,19.0000000000,19.0000000000,0,CAMDEN,CAMDEN
CAPE GIRARDEAU - 000002,146,1.0000000000,41.0000000000,41.0000000000,0,CAPE GIRARDEAU,CAPE GIRARDEAU
CAPE GIRARDEAU - 000003,146,1.0000000000,74.0000000000,74.0000000000,0,CAPE GIRARDEAU,CAPE GIRARDEAU
CAPE GIRARDEAU - 000004,146,1.0000000000,69.0000000000,69.0000000000,0,CAPE GIRARDEAU,CAPE GIRARDEAU
CAPE GIRARDEAU - 000005,146,1.0000000000,156.0000000000,156.0000000000,0,CAPE GIRARDEAU,CAPE GIRARDEAU
CAPE GIRARDEAU - 000006,146,1.0000000000,70.0000000000,70.0000000000,0,CAPE GIRARDEAU,CAPE GIRARDEAU
CAPE GIRARDEAU - 000007,146,1.0000000000,75.0000000000,75.0000000000,0,CAPE GIRARDEAU,CAPE GIRARDEAU
CAPE GIRARDEAU - 000008,146,1.0000000000,66.0000000000,66.0000000000,0,CAPE GIRARDEAU,CAPE GIRARDEAU
CAPE GIRARDEAU - 000009,146,1.0000000000,89.0000000000,89.0000000000,0,CAPE GIRARDEAU,CAPE GIRARDEAU
CAPE GIRARDEAU - 000010,146,1.0000000000,93.0000000000,93.0000000000,0,CAPE GIRARDEAU,CAPE GIRARDEAU
CAPE GIRARDEAU - 000011,147,1.0000000000,58.0000000000,58.0000000000,0,CAPE GIRARDEAU,CAPE GIRARDEAU
CAPE GIRARDEAU - 000012,147,1.0000000000,44.0000000000,44.0000000000,0,CAPE GIRARDEAU,CAPE GIRARDEAU
CAPE GIRARDEAU - 000013,147,1.0000000000,36.0000000000,36.0000000000,0,CAPE GIRARDEAU,CAPE GIRARDEAU
CAPE GIRARDEAU - 000014,147,1.0000000000,20.0000000000,20.0000000000,0,CAPE GIRARDEAU,CAPE GIRARDEAU
CAPE GIRARDEAU - 000015,147,1.0000000000,41.0000000000,41.0000000000,0,CAPE GIRARDEAU,CAPE GIRARDEAU
CAPE GIRARDEAU - 000016,147,1.0000000000,62.0000000000,62.0000000000,0,CAPE GIRARDEAU,CAPE GIRARDEAU
CAPE GIRARDEAU - 000017,146,0.2344827586,34.0000000000,145.0000000000,0,CAPE GIRARDEAU,CAPE GIRARDEAU
CAPE GIRARDEAU - 000017,147,0.7655172414,111.0000000000,145.0000000000,0,CAPE GIRARDEAU,CAPE GIRARDEAU
CAPE GIRARDEAU - 000018,146,0.3114754098,38.0000000000,122.0000000000,0,CAPE GIRARDEAU,CAPE GIRARDEAU
CAPE GIRARDEAU - 000018,147,0.6885245902,84.0000000000,122.0000000000,0,CAPE GIRARDEAU,CAPE GIRARDEAU
CAPE GIRARDEAU - 000019,147,1.0000000000,69.0000000000,69.0000000000,0,CAPE GIRARDEAU,CAPE GIRARDEAU
CAPE GIRARDEAU - 000020,147,1.0000000000,70.0000000000,70.0000000000,0,CAPE GIRARDEAU,CAPE GIRARDEAU
CAPE GIRARDEAU - 000021,147,1.0000000000,89.0000000000,89.0000000000,0,CAPE GIRARDEAU,CAPE GIRARDEAU
CAPE GIRARDEAU - 000022,147,1.0000000000,76.0000000000,76.0000000000,0,CAPE GIRARDEAU,CAPE GIRARDEAU
CAPE GIRARDEAU - 000023,147,1.0000000000,100.0000000000,100.0000000000,0,CAPE GIRARDEAU,CAPE GIRARDEAU
CAPE GIRARDEAU - 000024,147,1.0000000000,61.0000000000,61.0000000000,0,CAPE GIRARDEAU,CAPE GIRARDEAU
CAPE GIRARDEAU - 000025,151,1.0000000000,10.0000000000,10.0000000000,0,CAPE GIRARDEAU,CAPE GIRARDEAU
CAPE GIRARDEAU - 000026,151,1.0000000000,12.0000000000,12.0000000000,0,CAPE GIRARDEAU,CAPE GIRARDEAU
CAPE GIRARDEAU - 000027,151,1.0000000000,93.0000000000,93.0000000000,0,CAPE GIRARDEAU,CAPE GIRARDEAU
CAPE GIRARDEAU - 000028,146,1.0000000000,49.0000000000,49.0000000000,0,CAPE GIRARDEAU,CAPE GIRARDEAU
CAPE GIRARDEAU - 000029,146,1.0000000000,103.0000000000,103.0000000000,0,CAPE GIRARDEAU,CAPE GIRARDEAU
CAPE GIRARDEAU - 000030,146,0.3300970874,34.0000000000,103.0000000000,0,CAPE GIRARDEAU,CAPE GIRARDEAU
CAPE GIRARDEAU - 000030,151,0.6699029126,69.0000000000,103.0000000000,0,CAPE GIRARDEAU,CAPE GIRARDEAU
CAPE GIRARDEAU - 000031,146,0.6747967480,83.0000000000,123.0000000000,0,CAPE GIRARDEAU,CAPE GIRARDEAU
CAPE GIRARDEAU - 000031,147,0.3252032520,40.0000000000,123.0000000000,0,CAPE GIRARDEAU,CAPE GIRARDEAU
CAPE GIRARDEAU - 000032,146,1.0000000000,70.0000000000,70.0000000000,0,CAPE GIRARDEAU,CAPE GIRARDEAU
CAPE GIRARDEAU - 000033,146,1.0000000000,69.0000000000,69.0000000000,0,CAPE GIRARDEAU,CAPE GIRARDEAU
CAPE GIRARDEAU - 000034,146,0.9857142857,69.0000000000,70.0000000000,0,CAPE GIRARDEAU,CAPE GIRARDEAU
CAPE GIRARDEAU - 000034,147,0.0142857143,1.0000000000,70.0000000000,0,CAPE GIRARDEAU,CAPE GIRARDEAU
CAPE GIRARDEAU - 000035,146,1.0000000000,71.0000000000,71.0000000000,0,CAPE GIRARDEAU,CAPE GIRARDEAU
CAPE GIRARDEAU - 000036,146,1.0000000000,113.0000000000,113.0000000000,0,CAPE GIRARDEAU,CAPE GIRARDEAU
CAPE GIRARDEAU - 000037,146,1.0000000000,39.0000000000,39.0000000000,0,CAPE GIRARDEAU,CAPE GIRARDEAU
CAPE GIRARDEAU - 000038,146,1.0000000000,7.0000000000,7.0000000000,0,CAPE GIRARDEAU,CAPE GIRARDEAU
CAPE GIRARDEAU - 000039,151,1.0000000000,81.0000000000,81.0000000000,0,CAPE GIRARDEAU,CAPE GIRARDEAU
CARROLL - 000006,7,1.0000000000,122.0000000000,122.0000000000,0,CARROLL,CARROLL
CARROLL - 000007,7,1.0000000000,119.0000000000,119.0000000000,0,CARROLL,CARROLL
CARROLL - 000009,7,1.0000000000,124.0000000000,124.0000000000,0,CARROLL,CARROLL
CARROLL - 000010,7,1.0000000000,139.0000000000,139.0000000000,0,CARROLL,CARROLL
CARROLL - 000012,7,1.0000000000,112.0000000000,112.0000000000,0,CARROLL,CARROLL
CARROLL - 000013,7,1.0000000000,114.0000000000,114.0000000000,0,CARROLL,CARROLL
CARROLL - 000014,7,1.0000000000,234.0000000000,234.0000000000,0,CARROLL,CARROLL
CARROLL - 16-001,7,1.0000000000,71.0000000000,71.0000000000,0,CARROLL,CARROLL
CARROLL - 16-003,7,1.0000000000,53.0000000000,53.0000000000,0,CARROLL,CARROLL
CARROLL - 16-004,7,1.0000000000,44.0000000000,44.0000000000,0,CARROLL,CARROLL
CARROLL - 16-016,7,1.0000000000,81.0000000000,81.0000000000,0,CARROLL,CARROLL
CARROLL - 16-017,7,1.0000000000,181.0000000000,181.0000000000,0,CARROLL,CARROLL
CARROLL - 16-019,7,1.0000000000,64.0000000000,64.0000000000,0,CARROLL,CARROLL
CARTER - 003611,153,1.0000000000,181.0000000000,181.0000000000,0,CARTER,CARTER
CARTER - 003628,153,1.0000000000,85.0000000000,85.0000000000,0,CARTER,CARTER
CARTER - 003668,153,1.0000000000,86.0000000000,86.0000000000,0,CARTER,CARTER
CARTER - 003694,153,1.0000000000,24.0000000000,24.0000000000,0,CARTER,CARTER
CARTER - 003731,153,1.0000000000,94.0000000000,94.0000000000,0,CARTER,CARTER
CARTER - 003756,153,1.0000000000,36.0000000000,36.0000000000,0,CARTER,CARTER
CARTER - 003789,153,1.0000000000,59.0000000000,59.0000000000,0,CARTER,CARTER
CASS - 000001,62,1.0000000000,97.0000000000,97.0000000000,0,CASS,CASS
CASS - 000002,62,1.0000000000,71.0000000000,71.0000000000,0,CASS,CASS
CASS - 000003,62,1.0000000000,99.0000000000,99.0000000000,0,CASS,CASS
CASS - 000004,62,1.0000000000,54.0000000000,54.0000000000,0,CASS,CASS
CASS - 000005,62,1.0000000000,120.0000000000,120.0000000000,0,CASS,CASS
CASS - 000006,62,1.0000000000,48.0000000000,48.0000000000,0,CASS,CASS
CASS - 000007,62,1.0000000000,103.0000000000,103.0000000000,0,CASS,CASS
CASS - 000008,62,1.0000000000,74.0000000000,74.0000000000,0,CASS,CASS
CASS - 000009,62,1.0000000000,106.0000000000,106.0000000000,0,CASS,CASS
CASS - 000010,55,0.1767955801,32.0000000000,181.0000000000,0,CASS,CASS
CASS - 000010,62,0.8232044199,149.0000000000,181.0000000000,0,CASS,CASS
CASS - 000011,55,1.0000000000,34.0000000000,34.0000000000,0,CASS,CASS
CASS - 000012,55,1.0000000000,95.0000000000,95.0000000000,0,CASS,CASS
CASS - 000013,55,1.0000000000,156.0000000000,156.0000000000,0,CASS,CASS
CASS - 000014,55,1.0000000000,55.0000000000,55.0000000000,0,CASS,CASS
CASS - 000015,62,1.0000000000,56.0000000000,56.0000000000,0,CASS,CASS
CASS - 000016,55,0.9019607843,92.0000000000,102.0000000000,0,CASS,CASS
CASS - 000016,62,0.0980392157,10.0000000000,102.0000000000,0,CASS,CASS
CASS - 000017,55,0.1891891892,7.0000000000,37.0000000000,0,CASS,CASS
CASS - 000017,62,0.8108108108,30.0000000000,37.0000000000,0,CASS,CASS
CASS - 000018,55,0.9555555556,43.0000000000,45.0000000000,0,CASS,CASS
CASS - 000018,62,0.0444444444,2.0000000000,45.0000000000,0,CASS,CASS
CASS - 000019,55,1.0000000000,142.0000000000,142.0000000000,0,CASS,CASS
CASS - 000020,55,1.0000000000,38.0000000000,38.0000000000,0,CASS,CASS
CASS - 000021,55,1.0000000000,47.0000000000,47.0000000000,0,CASS,CASS
CASS - 000022,55,1.0000000000,110.0000000000,110.0000000000,0,CASS,CASS
CASS - 000023,55,1.0000000000,63.0000000000,63.0000000000,0,CASS,CASS
CASS - 000024,55,0.9814814815,106.0000000000,108.0000000000,0,CASS,CASS
CASS - 000024,62,0.0185185185,2.0000000000,108.0000000000,0,CASS,CASS
CASS - 000025,55,0.2300000000,23.0000000000,100.0000000000,0,CASS,CASS
CASS - 000025,62,0.7700000000,77.0000000000,100.0000000000,0,CASS,CASS
CASS - 000026,62,1.0000000000,129.0000000000,129.0000000000,0,CASS,CASS
CASS - 000027,62,1.0000000000,87.0000000000,87.0000000000,0,CASS,CASS
CASS - 000028,55,1.0000000000,84.0000000000,84.0000000000,0,CASS,CASS
CASS - 000029,55,1.0000000000,88.0000000000,88.0000000000,0,CASS,CASS
CASS - 000030,55,0.9729729730,72.0000000000,74.0000000000,0,CASS,CASS
CASS - 000030,56,0.0270270270,2.0000000000,74.0000000000,0,CASS,CASS
CASS - 000031,56,1.0000000000,36.0000000000,36.0000000000,0,CASS,CASS
CASS - 000032,56,0.5681818182,25.0000000000,44.0000000000,0,CASS,CASS
CASS - 000032,62,0.4318181818,19.0000000000,44.0000000000,0,CASS,CASS
CASS - 000033,56,0.7187500000,23.0000000000,32.0000000000,0,CASS,CASS
CASS - 000033,62,0.2812500000,9.0000000000,32.0000000000,0,CASS,CASS
CASS - 000034,55,0.1617647059,11.0000000000,68.0000000000,0,CASS,CASS
CASS - 000034,56,0.8382352941,57.0000000000,68.0000000000,0,CASS,CASS
CASS - 000035,55,1.0000000000,73.0000000000,73.0000000000,0,CASS,CASS
CASS - 000036,56,0.2637362637,24.0000000000,91.0000000000,0,CASS,CASS
CASS - 000036,62,0.7362637363,67.0000000000,91.0000000000,0,CASS,CASS
CASS - 000037,62,1.0000000000,39.0000000000,39.0000000000,0,CASS,CASS
CASS - 000038,56,1.0000000000,44.0000000000,44.0000000000,0,CASS,CASS
CASS - 000039,56,1.0000000000,53.0000000000,53.0000000000,0,CASS,CASS
CASS - 000040,56,1.0000000000,35.0000000000,35.0000000000,0,CASS,CASS
CASS - 000041,56,1.0000000000,63.0000000000,63.0000000000,0,CASS,CASS
CASS - 000042,56,0.9887640449,88.0000000000,89.0000000000,0,CASS,CASS
CASS - 000042,62,0.0112359551,1.0000000000,89.0000000000,0,CASS,CASS
CASS - 000043,56,0.9696969697,32.0000000000,33.0000000000,0,CASS,CASS
CASS - 000043,62,0.0303030303,1.0000000000,33.0000000000,0,CASS,CASS
CASS - 000044,56,1.0000000000,81.0000000000,81.0000000000,0,CASS,CASS
CASS - 000045,56,1.0000000000,74.0000000000,74.0000000000,0,CASS,CASS
CASS - 000046,56,0.0800000000,4.0000000000,50.0000000000,0,CASS,CASS
CASS - 000046,62,0.9200000000,46.0000000000,50.0000000000,0,CASS,CASS
CASS - 000047,56,0.5714285714,36.0000000000,63.0000000000,0,CASS,CASS
CASS - 000047,62,0.4285714286,27.0000000000,63.0000000000,0,CASS,CASS
CEDAR - 003052,125,1.0000000000,235.0000000000,235.0000000000,0,CEDAR,CEDAR
CEDAR - 003054,125,1.0000000000,223.0000000000,223.0000000000,0,CEDAR,CEDAR
CEDAR - 003057,125,1.0000000000,99.0000000000,99.0000000000,0,CEDAR,CEDAR
CEDAR - 003092,125,1.0000000000,195.0000000000,195.0000000000,0,CEDAR,CEDAR
CEDAR - 003129,125,0.9253731343,124.0000000000,134.0000000000,0,CEDAR,CEDAR
CEDAR - 003129,127,0.0746268657,10.0000000000,134.0000000000,0,CEDAR,CEDAR
CEDAR - 003139,125,0.5401459854,74.0000000000,137.0000000000,0,CEDAR,CEDAR
CEDAR - 003139,127,0.4598540146,63.0000000000,137.0000000000,0,CEDAR,CEDAR
CEDAR - 003178,127,1.0000000000,275.0000000000,275.0000000000,0,CEDAR,CEDAR
CEDAR - 003191,125,0.2133333333,48.0000000000,225.0000000000,0,CEDAR,CEDAR
CEDAR - 003191,127,0.7866666667,177.0000000000,225.0000000000,0,CEDAR,CEDAR
CEDAR - 003192,127,1.0000000000,109.0000000000,109.0000000000,0,CEDAR,CEDAR
CHARITON - 000344,48,1.0000000000,101.0000000000,101.0000000000,0,CHARITON,CHARITON
CHARITON - 000346,48,1.0000000000,147.0000000000,147.0000000000,0,CHARITON,CHARITON
CHARITON - 000352,48,1.0000000000,138.0000000000,138.0000000000,0,CHARITON,CHARITON
CHARITON - 000354,48,1.0000000000,141.0000000000,141.0000000000,0,CHARITON,CHARITON
CHARITON - 000381,48,1.0000000000,198.0000000000,198.0000000000,0,CHARITON,CHARITON
CHARITON - 000386,48,1.0000000000,156.0000000000,156.0000000000,0,CHARITON,CHARITON
CHARITON - 000392,48,1.0000000000,264.0000000000,264.0000000000,0,CHARITON,CHARITON
CHARITON - 000418,48,1.0000000000,407.0000000000,407.0000000000,0,CHARITON,CHARITON
CHARITON - 000424,48,1.0000000000,381.0000000000,381.0000000000,0,CHARITON,CHARITON
CHARITON - 000431,48,1.0000000000,210.0000000000,210.0000000000,0,CHARITON,CHARITON
CHARITON - 000465,48,1.0000000000,183.0000000000,183.0000000000,0,CHARITON,CHARITON
CHARITON - 000503,48,1.0000000000,127.0000000000,127.0000000000,0,CHARITON,CHARITON
CHRISTIAN - 000002,138,0.2222222222,10.0000000000,45.0000000000,0,CHRISTIAN,CHRISTIAN
CHRISTIAN - 000002,140,0.7777777778,35.0000000000,45.0000000000,0,CHRISTIAN,CHRISTIAN
CHRISTIAN - 000003,139,0.0414201183,7.0000000000,169.0000000000,0,CHRISTIAN,CHRISTIAN
CHRISTIAN - 000003,140,0.9585798817,162.0000000000,169.0000000000,0,CHRISTIAN,CHRISTIAN
CHRISTIAN - 000004,140,1.0000000000,25.0000000000,25.0000000000,0,CHRISTIAN,CHRISTIAN
CHRISTIAN - 000005,138,1.0000000000,18.0000000000,18.0000000000,0,CHRISTIAN,CHRISTIAN
CHRISTIAN - 000006,140,1.0000000000,65.0000000000,65.0000000000,0,CHRISTIAN,CHRISTIAN
CHRISTIAN - 000007,140,1.0000000000,171.0000000000,171.0000000000,0,CHRISTIAN,CHRISTIAN
CHRISTIAN - 000008,139,1.0000000000,66.0000000000,66.0000000000,0,CHRISTIAN,CHRISTIAN
CHRISTIAN - 000009,138,1.0000000000,29.0000000000,29.0000000000,0,CHRISTIAN,CHRISTIAN
CHRISTIAN - 000010,138,1.0000000000,21.0000000000,21.0000000000,0,CHRISTIAN,CHRISTIAN
CHRISTIAN - 000011,139,1.0000000000,128.0000000000,128.0000000000,0,CHRISTIAN,CHRISTIAN
CHRISTIAN - 000012,139,1.0000000000,58.0000000000,58.0000000000,0,CHRISTIAN,CHRISTIAN
CHRISTIAN - 000013,140,1.0000000000,70.0000000000,70.0000000000,0,CHRISTIAN,CHRISTIAN
CHRISTIAN - 000014,140,1.0000000000,97.0000000000,97.0000000000,0,CHRISTIAN,CHRISTIAN
CHRISTIAN - 000015,138,1.0000000000,183.0000000000,183.0000000000,0,CHRISTIAN,CHRISTIAN
CHRISTIAN - 000016,138,1.0000000000,35.0000000000,35.0000000000,0,CHRISTIAN,CHRISTIAN
CHRISTIAN - 000017,139,0.7572815534,78.0000000000,103.0000000000,0,CHRISTIAN,CHRISTIAN
CHRISTIAN - 000017,140,0.2427184466,25.0000000000,103.0000000000,0,CHRISTIAN,CHRISTIAN
CHRISTIAN - 000018,139,1.0000000000,33.0000000000,33.0000000000,0,CHRISTIAN,CHRISTIAN
CHRISTIAN - 000019,138,1.0000000000,32.0000000000,32.0000000000,0,CHRISTIAN,CHRISTIAN
CHRISTIAN - 000020,139,1.0000000000,171.0000000000,171.0000000000,0,CHRISTIAN,CHRISTIAN
CHRISTIAN - 000021,140,1.0000000000,68.0000000000,68.0000000000,0,CHRISTIAN,CHRISTIAN
CHRISTIAN - 000022,140,1.0000000000,80.0000000000,80.0000000000,0,CHRISTIAN,CHRISTIAN
CHRISTIAN - 000023,139,1.0000000000,50.0000000000,50.0000000000,0,CHRISTIAN,CHRISTIAN
CHRISTIAN - 000024,139,1.0000000000,38.0000000000,38.0000000000,0,CHRISTIAN,CHRISTIAN
CHRISTIAN - 000025,139,1.0000000000,82.0000000000,82.0000000000,0,CHRISTIAN,CHRISTIAN
CHRISTIAN - 000026,138,1.0000000000,17.0000000000,17.0000000000,0,CHRISTIAN,CHRISTIAN
CHRISTIAN - 000027,138,1.0000000000,14.0000000000,14.0000000000,0,CHRISTIAN,CHRISTIAN
CHRISTIAN - 000028,138,1.0000000000,125.0000000000,125.0000000000,0,CHRISTIAN,CHRISTIAN
CHRISTIAN - 000029,138,1.0000000000,26.0000000000,26.0000000000,0,CHRISTIAN,CHRISTIAN
CHRISTIAN - 000030,138,1.0000000000,99.0000000000,99.0000000000,0,CHRISTIAN,CHRISTIAN
CHRISTIAN - 000031,139,1.0000000000,88.0000000000,88.0000000000,0,CHRISTIAN,CHRISTIAN
CHRISTIAN - 000032,139,0.4876033058,59.0000000000,121.0000000000,0,CHRISTIAN,CHRISTIAN
CHRISTIAN - 000032,140,0.5123966942,62.0000000000,121.0000000000,0,CHRISTIAN,CHRISTIAN
CHRISTIAN - 000033,140,1.0000000000,53.0000000000,53.0000000000,0,CHRISTIAN,CHRISTIAN
CHRISTIAN - 000034,139,0.2867132867,41.0000000000,143.0000000000,0,CHRISTIAN,CHRISTIAN
CHRISTIAN - 000034,140,0.7132867133,102.0000000000,143.0000000000,0,CHRISTIAN,CHRISTIAN
CLARK - 000002,4,1.0000000000,59.0000000000,59.0000000000,0,CLARK,CLARK
CLARK - 000003,4,1.0000000000,58.0000000000,58.0000000000,0,CLARK,CLARK
CLARK - 000004,4,1.0000000000,130.0000000000,130.0000000000,0,CLARK,CLARK
CLARK - 000005,4,1.0000000000,137.0000000000,137.0000000000,0,CLARK,CLARK
CLARK - 000006,4,1.0000000000,194.0000000000,194.0000000000,0,CLARK,CLARK
CLARK - 000007,4,1.0000000000,69.0000000000,69.0000000000,0,CLARK,CLARK
CLARK - 000008,4,1.0000000000,129.0000000000,129.0000000000,0,CLARK,CLARK
CLARK - 000009,4,1.0000000000,22.0000000000,22.0000000000,0,CLARK,CLARK
CLARK - 000010,4,1.0000000000,243.0000000000,243.0000000000,0,CLARK,CLARK
CLAY - 000002,17,1.0000000000,45.0000000000,45.0000000000,0,CLAY,CLAY
CLAY - 000003,39,1.0000000000,72.0000000000,72.0000000000,0,CLAY,CLAY
CLAY - 000004,39,1.0000000000,97.0000000000,97.0000000000,0,CLAY,CLAY
CLAY - 000005,39,1.0000000000,90.0000000000,90.0000000000,0,CLAY,CLAY
CLAY - 000006,39,1.0000000000,134.0000000000,134.0000000000,0,CLAY,CLAY
CLAY - 000007,39,1.0000000000,145.0000000000,145.0000000000,0,CLAY,CLAY
CLAY - 000009,15,1.0000000000,53.0000000000,53.0000000000,0,CLAY,CLAY
CLAY - 000010,15,1.0000000000,46.0000000000,46.0000000000,0,CLAY,CLAY
CLAY - 000011,15,1.0000000000,41.0000000000,41.0000000000,0,CLAY,CLAY
CLAY - 000012,15,1.0000000000,49.0000000000,49.0000000000,0,CLAY,CLAY
CLAY - 000013,15,1.0000000000,35.0000000000,35.0000000000,0,CLAY,CLAY
CLAY - 000014,15,1.0000000000,36.0000000000,36.0000000000,0,CLAY,CLAY
CLAY - 000015,15,1.0000000000,38.0000000000,38.0000000000,0,CLAY,CLAY
CLAY - 000016,15,1.0000000000,29.0000000000,29.0000000000,0,CLAY,CLAY
CLAY - 000017,15,1.0000000000,18.0000000000,18.0000000000,0,CLAY,CLAY
CLAY - 000020,18,1.0000000000,243.0000000000,243.0000000000,0,CLAY,CLAY
CLAY - 000021,18,1.0000000000,16.0000000000,16.0000000000,0,CLAY,CLAY
CLAY - 000022,15,0.6750000000,27.0000000000,40.0000000000,0,CLAY,CLAY
CLAY - 000022,18,0.3250000000,13.0000000000,40.0000000000,0,CLAY,CLAY
CLAY - 000023,15,1.0000000000,43.0000000000,43.0000000000,0,CLAY,CLAY
CLAY - 000024,15,1.0000000000,26.0000000000,26.0000000000,0,CLAY,CLAY
CLAY - 000025,39,1.0000000000,55.0000000000,55.0000000000,0,CLAY,CLAY
CLAY - 000026,17,1.0000000000,77.0000000000,77.0000000000,0,CLAY,CLAY
CLAY - 000027,17,0.9886363636,87.0000000000,88.0000000000,0,CLAY,CLAY
CLAY - 000027,38,0.0113636364,1.0000000000,88.0000000000,0,CLAY,CLAY
CLAY - 000028,8,1.0000000000,139.0000000000,139.0000000000,0,CLAY,CLAY
CLAY - 000029,15,0.6964285714,39.0000000000,56.0000000000,0,CLAY,CLAY
CLAY - 000029,16,0.3035714286,17.0000000000,56.0000000000,0,CLAY,CLAY
CLAY - 000030,15,0.0487804878,2.0000000000,41.0000000000,0,CLAY,CLAY
CLAY - 000030,16,0.9512195122,39.0000000000,41.0000000000,0,CLAY,CLAY
CLAY - 000031,18,1.0000000000,40.0000000000,40.0000000000,0,CLAY,CLAY
CLAY - 000032,15,0.4285714286,48.0000000000,112.0000000000,0,CLAY,CLAY
CLAY - 000032,16,0.0535714286,6.0000000000,112.0000000000,0,CLAY,CLAY
CLAY - 000032,17,0.5178571429,58.0000000000,112.0000000000,0,CLAY,CLAY
CLAY - 000033,16,1.0000000000,32.0000000000,32.0000000000,0,CLAY,CLAY
CLAY - 000034,17,1.0000000000,22.0000000000,22.0000000000,0,CLAY,CLAY
CLAY - 000035,15,0.4651162791,20.0000000000,43.0000000000,0,CLAY,CLAY
CLAY - 000035,18,0.5348837209,23.0000000000,43.0000000000,0,CLAY,CLAY
CLAY - 000036,16,1.0000000000,89.0000000000,89.0000000000,0,CLAY,CLAY
CLAY - 000037,16,1.0000000000,137.0000000000,137.0000000000,0,CLAY,CLAY
CLAY - 000038,17,1.0000000000,126.0000000000,126.0000000000,0,CLAY,CLAY
CLAY - 000039,17,1.0000000000,26.0000000000,26.0000000000,0,CLAY,CLAY
CLAY - 000040,15,0.0168067227,2.0000000000,119.0000000000,0,CLAY,CLAY
CLAY - 000040,18,0.9831932773,117.0000000000,119.0000000000,0,CLAY,CLAY
CLAY - 000041,18,1.0000000000,61.0000000000,61.0000000000,0,CLAY,CLAY
CLAY - 000042,17,1.0000000000,46.0000000000,46.0000000000,0,CLAY,CLAY
CLAY - 000043,17,1.0000000000,86.0000000000,86.0000000000,0,CLAY,CLAY
CLAY - 000044,17,0.8461538462,33.0000000000,39.0000000000,0,CLAY,CLAY
CLAY - 000044,18,0.1538461538,6.0000000000,39.0000000000,0,CLAY,CLAY
CLAY - 000045,17,1.0000000000,49.0000000000,49.0000000000,0,CLAY,CLAY
CLAY - 000046,15,0.0750000000,3.0000000000,40.0000000000,0,CLAY,CLAY
CLAY - 000046,16,0.9250000000,37.0000000000,40.0000000000,0,CLAY,CLAY
CLAY - 000047,16,1.0000000000,64.0000000000,64.0000000000,0,CLAY,CLAY
CLAY - 000048,18,1.0000000000,55.0000000000,55.0000000000,0,CLAY,CLAY
CLAY - 000049,18,1.0000000000,39.0000000000,39.0000000000,0,CLAY,CLAY
CLAY - 000050,15,0.2083333333,10.0000000000,48.0000000000,0,CLAY,CLAY
CLAY - 000050,17,0.1666666667,8.0000000000,48.0000000000,0,CLAY,CLAY
CLAY - 000050,18,0.6250000000,30.0000000000,48.0000000000,0,CLAY,CLAY
CLAY - 000051,17,0.1063829787,5.0000000000,47.0000000000,0,CLAY,CLAY
CLAY - 000051,18,0.8936170213,42.0000000000,47.0000000000,0,CLAY,CLAY
CLAY - 000052,17,0.1016949153,6.0000000000,59.0000000000,0,CLAY,CLAY
CLAY - 000052,18,0.8983050847,53.0000000000,59.0000000000,0,CLAY,CLAY
CLAY - 000053,18,1.0000000000,35.0000000000,35.0000000000,0,CLAY,CLAY
CLAY - 000054,18,1.0000000000,33.0000000000,33.0000000000,0,CLAY,CLAY
CLAY - 000055,8,1.0000000000,86.0000000000,86.0000000000,0,CLAY,CLAY
CLAY - 000056,39,1.0000000000,116.0000000000,116.0000000000,0,CLAY,CLAY
CLAY - 000057,8,0.4461538462,58.0000000000,130.0000000000,0,CLAY,CLAY
CLAY - 000057,39,0.5538461538,72.0000000000,130.0000000000,0,CLAY,CLAY
CLAY - 000058,39,1.0000000000,63.0000000000,63.0000000000,0,CLAY,CLAY
CLAY - 000059,38,1.0000000000,55.0000000000,55.0000000000,0,CLAY,CLAY
CLAY - 000060,38,0.9615384615,125.0000000000,130.0000000000,0,CLAY,CLAY
CLAY - 000060,39,0.0384615385,5.0000000000,130.0000000000,0,CLAY,CLAY
CLAY - 000061,38,1.0000000000,34.0000000000,34.0000000000,0,CLAY,CLAY
CLAY - 000062,38,1.0000000000,75.0000000000,75.0000000000,0,CLAY,CLAY
CLAY - 000063,38,1.0000000000,10.0000000000,10.0000000000,0,CLAY,CLAY
CLAY - 000064,17,0.1081081081,8.0000000000,74.0000000000,0,CLAY,CLAY
CLAY - 000064,38,0.8918918919,66.0000000000,74.0000000000,0,CLAY,CLAY
CLAY - 000065,38,1.0000000000,23.0000000000,23.0000000000,0,CLAY,CLAY
CLAY - 000066,38,1.0000000000,39.0000000000,39.0000000000,0,CLAY,CLAY
CLAY - 000067,38,1.0000000000,25.0000000000,25.0000000000,0,CLAY,CLAY
CLAY - 000068,17,0.9242424242,61.0000000000,66.0000000000,0,CLAY,CLAY
CLAY - 000068,38,0.0757575758,5.0000000000,66.0000000000,0,CLAY,CLAY
CLAY - 000069,17,0.0422535211,3.0000000000,71.0000000000,0,CLAY,CLAY
CLAY - 000069,38,0.9577464789,68.0000000000,71.0000000000,0,CLAY,CLAY
CLAY - 000070,38,1.0000000000,59.0000000000,59.0000000000,0,CLAY,CLAY
CLAY - 000071,38,0.1000000000,4.0000000000,40.0000000000,0,CLAY,CLAY
CLAY - 000071,39,0.9000000000,36.0000000000,40.0000000000,0,CLAY,CLAY
CLAY - 000072,38,0.0315789474,3.0000000000,95.0000000000,0,CLAY,CLAY
CLAY - 000072,39,0.9684210526,92.0000000000,95.0000000000,0,CLAY,CLAY
CLAY - 000073,8,1.0000000000,86.0000000000,86.0000000000,0,CLAY,CLAY
CLAY - 000074,8,1.0000000000,228.0000000000,228.0000000000,0,CLAY,CLAY
CLAY - 000075,8,1.0000000000,81.0000000000,81.0000000000,0,CLAY,CLAY
CLAY - 000076,8,0.9545454545,84.0000000000,88.0000000000,0,CLAY,CLAY
CLAY - 000076,39,0.0454545455,4.0000000000,88.0000000000,0,CLAY,CLAY
CLAY - 000077,8,0.0250000000,1.0000000000,40.0000000000,0,CLAY,CLAY
CLAY - 000077,39,0.9750000000,39.0000000000,40.0000000000,0,CLAY,CLAY
CLAY - 000078,8,1.0000000000,69.0000000000,69.0000000000,0,CLAY,CLAY
CLAY - 16-214,38,0.9696969697,32.0000000000,33.0000000000,0,CLAY,CLAY
CLAY - 16-214,39,0.0303030303,1.0000000000,33.0000000000,0,CLAY,CLAY
CLAY - 16-215,38,0.2571428571,18.0000000000,70.0000000000,0,CLAY,CLAY
CLAY - 16-215,39,0.7428571429,52.0000000000,70.0000000000,0,CLAY,CLAY
CLAY - 16-216,38,1.0000000000,35.0000000000,35.0000000000,0,CLAY,CLAY
CLAY - 162127,15,0.0294117647,3.0000000000,102.0000000000,0,CLAY,CLAY
CLAY - 162127,16,0.7647058824,78.0000000000,102.0000000000,0,CLAY,CLAY
CLAY - 162127,17,0.2058823529,21.0000000000,102.0000000000,0,CLAY,CLAY
CLINTON - 000002,9,1.0000000000,363.0000000000,363.0000000000,0,CLINTON,CLINTON
CLINTON - 000003,8,0.6558441558,101.0000000000,154.0000000000,0,CLINTON,CLINTON
CLINTON - 000003,9,0.3441558442,53.0000000000,154.0000000000,0,CLINTON,CLINTON
CLINTON - 000005,8,0.5852713178,151.0000000000,258.0000000000,0,CLINTON,CLINTON
CLINTON - 000005,9,0.4147286822,107.0000000000,258.0000000000,0,CLINTON,CLINTON
CLINTON - 000006,8,1.0000000000,114.0000000000,114.0000000000,0,CLINTON,CLINTON
CLINTON - 000007,8,0.9794871795,191.0000000000,195.0000000000,0,CLINTON,CLINTON
CLINTON - 000007,9,0.0205128205,4.0000000000,195.0000000000,0,CLINTON,CLINTON
CLINTON - 000008,8,0.4857142857,102.0000000000,210.0000000000,0,CLINTON,CLINTON
CLINTON - 000008,9,0.5142857143,108.0000000000,210.0000000000,0,CLINTON,CLINTON
COLE - 000002,59,1.0000000000,53.0000000000,53.0000000000,0,COLE,COLE
COLE - 000003,59,1.0000000000,99.0000000000,99.0000000000,0,COLE,COLE
COLE - 000004,59,1.0000000000,69.0000000000,69.0000000000,0,COLE,COLE
COLE - 000005,59,1.0000000000,70.0000000000,70.0000000000,0,COLE,COLE
COLE - 000006,59,1.0000000000,19.0000000000,19.0000000000,0,COLE,COLE
COLE - 000007,59,1.0000000000,83.0000000000,83.0000000000,0,COLE,COLE
COLE - 000008,59,0.9090909091,10.0000000000,11.0000000000,0,COLE,COLE
COLE - 000008,60,0.0909090909,1.0000000000,11.0000000000,0,COLE,COLE
COLE - 000009,60,1.0000000000,101.0000000000,101.0000000000,0,COLE,COLE
COLE - 000010,60,1.0000000000,32.0000000000,32.0000000000,0,COLE,COLE
COLE - 000011,60,1.0000000000,63.0000000000,63.0000000000,0,COLE,COLE
COLE - 000016,60,1.0000000000,145.0000000000,145.0000000000,0,COLE,COLE
COLE - 000032,59,1.0000000000,33.0000000000,33.0000000000,0,COLE,COLE
COLE - 000034,59,1.0000000000,29.0000000000,29.0000000000,0,COLE,COLE
COLE - 000035,59,1.0000000000,8.0000000000,8.0000000000,0,COLE,COLE
COLE - 000036,59,1.0000000000,10.0000000000,10.0000000000,0,COLE,COLE
COLE - 000037,59,1.0000000000,62.0000000000,62.0000000000,0,COLE,COLE
COLE - 000038,59,1.0000000000,19.0000000000,19.0000000000,0,COLE,COLE
COLE - 000039,59,1.0000000000,16.0000000000,16.0000000000,0,COLE,COLE
COLE - 000040,59,0.9682539683,61.0000000000,63.0000000000,0,COLE,COLE
COLE - 000040,60,0.0317460317,2.0000000000,63.0000000000,0,COLE,COLE
COLE - 000041,59,1.0000000000,69.0000000000,69.0000000000,0,COLE,COLE
COLE - 000042,59,1.0000000000,12.0000000000,12.0000000000,0,COLE,COLE
COLE - 000043,59,1.0000000000,22.0000000000,22.0000000000,0,COLE,COLE
COLE - 000044,59,1.0000000000,34.0000000000,34.0000000000,0,COLE,COLE
COLE - 000045,59,1.0000000000,14.0000000000,14.0000000000,0,COLE,COLE
COLE - 000046,59,1.0000000000,131.0000000000,131.0000000000,0,COLE,COLE
COLE - 000049,59,1.0000000000,67.0000000000,67.0000000000,0,COLE,COLE
COLE - 000050,59,1.0000000000,14.0000000000,14.0000000000,0,COLE,COLE
COLE - 000051,59,1.0000000000,3.0000000000,3.0000000000,0,COLE,COLE
COLE - 000052,59,1.0000000000,4.0000000000,4.0000000000,0,COLE,COLE
COLE - 16-001,59,1.0000000000,17.0000000000,17.0000000000,0,COLE,COLE
COLE - 16-002,59,1.0000000000,24.0000000000,24.0000000000,0,COLE,COLE
COLE - 16-2-5,60,1.0000000000,48.0000000000,48.0000000000,0,COLE,COLE
COLE - 16-2-6,60,1.0000000000,61.0000000000,61.0000000000,0,COLE,COLE
COLE - 16-3-7,60,1.0000000000,36.0000000000,36.0000000000,0,COLE,COLE
COLE - 16-3-8,60,1.0000000000,33.0000000000,33.0000000000,0,COLE,COLE
COLE - 16-3-9,59,0.1842105263,7.0000000000,38.0000000000,0,COLE,COLE
COLE - 16-3-9,60,0.8157894737,31.0000000000,38.0000000000,0,COLE,COLE
COLE - 16-410,59,0.0724637681,5.0000000000,69.0000000000,0,COLE,COLE
COLE - 16-410,60,0.9275362319,64.0000000000,69.0000000000,0,COLE,COLE
COLE - 16-411,59,1.0000000000,67.0000000000,67.0000000000,0,COLE,COLE
COLE - 16-512,60,1.0000000000,57.0000000000,57.0000000000,0,COLE,COLE
COLE - 16-513,60,1.0000000000,36.0000000000,36.0000000000,0,COLE,COLE
COLE - 16-514,60,1.0000000000,18.0000000000,18.0000000000,0,COLE,COLE
COOPER - 000002,48,1.0000000000,116.0000000000,116.0000000000,0,COOPER,COOPER
COOPER - 000004,48,1.0000000000,214.0000000000,214.0000000000,0,COOPER,COOPER
COOPER - 000005,48,0.8606060606,142.0000000000,165.0000000000,0,COOPER,COOPER
COOPER - 000005,58,0.1393939394,23.0000000000,165.0000000000,0,COOPER,COOPER
COOPER - 000006,48,1.0000000000,112.0000000000,112.0000000000,0,COOPER,COOPER
COOPER - 000007,48,1.0000000000,91.0000000000,91.0000000000,0,COOPER,COOPER
COOPER - 000008,48,1.0000000000,213.0000000000,213.0000000000,0,COOPER,COOPER
COOPER - 000009,48,1.0000000000,17.0000000000,17.0000000000,0,COOPER,COOPER
COOPER - 000010,48,1.0000000000,55.0000000000,55.0000000000,0,COOPER,COOPER
COOPER - 000011,48,1.0000000000,77.0000000000,77.0000000000,0,COOPER,COOPER
COOPER - 000012,48,1.0000000000,78.0000000000,78.0000000000,0,COOPER,COOPER
COOPER - 000013,48,1.0000000000,164.0000000000,164.0000000000,0,COOPER,COOPER
CRAWFORD - 000002,120,1.0000000000,196.0000000000,196.0000000000,0,CRAWFORD,CRAWFORD
CRAWFORD - 000003,120,1.0000000000,129.0000000000,129.0000000000,0,CRAWFORD,CRAWFORD
CRAWFORD - 000004,120,1.0000000000,37.0000000000,37.0000000000,0,CRAWFORD,CRAWFORD
CRAWFORD - 000005,120,1.0000000000,205.0000000000,205.0000000000,0,CRAWFORD,CRAWFORD
CRAWFORD - 000006,120,1.0000000000,50.0000000000,50.0000000000,0,CRAWFORD,CRAWFORD
CRAWFORD - 000007,120,1.0000000000,50.0000000000,50.0000000000,0,CRAWFORD,CRAWFORD
CRAWFORD - 000008,120,1.0000000000,76.0000000000,76.0000000000,0,CRAWFORD,CRAWFORD
CRAWFORD - 000009,120,1.0000000000,56.0000000000,56.0000000000,0,CRAWFORD,CRAWFORD
CRAWFORD - 000010,120,1.0000000000,43.0000000000,43.0000000000,0,CRAWFORD,CRAWFORD
CRAWFORD - 000011,120,1.0000000000,39.0000000000,39.0000000000,0,CRAWFORD,CRAWFORD
CRAWFORD - 000012,120,1.0000000000,31.0000000000,31.0000000000,0,CRAWFORD,CRAWFORD
CRAWFORD - 000013,120,1.0000000000,54.0000000000,54.0000000000,0,CRAWFORD,CRAWFORD
CRAWFORD - 000014,120,1.0000000000,70.0000000000,70.0000000000,0,CRAWFORD,CRAWFORD
CRAWFORD - 000015,120,1.0000000000,22.0000000000,22.0000000000,0,CRAWFORD,CRAWFORD
CRAWFORD - 000016,120,1.0000000000,125.0000000000,125.0000000000,0,CRAWFORD,CRAWFORD
CRAWFORD - 000017,120,1.0000000000,68.0000000000,68.0000000000,0,CRAWFORD,CRAWFORD
CRAWFORD - 000018,120,1.0000000000,77.0000000000,77.0000000000,0,CRAWFORD,CRAWFORD
CRAWFORD - 000019,120,1.0000000000,57.0000000000,57.0000000000,0,CRAWFORD,CRAWFORD
DADE - 003243,127,1.0000000000,188.0000000000,188.0000000000,0,DADE,DADE
DADE - 003244,127,1.0000000000,153.0000000000,153.0000000000,0,DADE,DADE
DADE - 003246,127,1.0000000000,222.0000000000,222.0000000000,0,DADE,DADE
DADE - 003263,127,1.0000000000,295.0000000000,295.0000000000,0,DADE,DADE
DADE - 003289,127,1.0000000000,233.0000000000,233.0000000000,0,DADE,DADE
DADE - 003294,127,1.0000000000,143.0000000000,143.0000000000,0,DADE,DADE
DADE - 003300,127,1.0000000000,263.0000000000,263.0000000000,0,DADE,DADE
DADE - 003330,127,1.0000000000,228.0000000000,228.0000000000,0,DADE,DADE
DALLAS - 000002,142,1.0000000000,74.0000000000,74.0000000000,0,DALLAS,DALLAS
DALLAS - 000003,142,1.0000000000,56.0000000000,56.0000000000,0,DALLAS,DALLAS
DALLAS - 000004,142,1.0000000000,77.0000000000,77.0000000000,0,DALLAS,DALLAS
DALLAS - 000005,142,1.0000000000,86.0000000000,86.0000000000,0,DALLAS,DALLAS
DALLAS - 000006,142,1.0000000000,61.0000000000,61.0000000000,0,DALLAS,DALLAS
DALLAS - 000007,142,1.0000000000,212.0000000000,212.0000000000,0,DALLAS,DALLAS
DALLAS - 000008,142,1.0000000000,97.0000000000,97.0000000000,0,DALLAS,DALLAS
DALLAS - 000009,142,1.0000000000,87.0000000000,87.0000000000,0,DALLAS,DALLAS
DALLAS - 000010,142,1.0000000000,98.0000000000,98.0000000000,0,DALLAS,DALLAS
DALLAS - 000011,142,1.0000000000,77.0000000000,77.0000000000,0,DALLAS,DALLAS
DALLAS - 000012,142,1.0000000000,77.0000000000,77.0000000000,0,DALLAS,DALLAS
DAVIESS - 000002,2,1.0000000000,273.0000000000,273.0000000000,0,DAVIESS,DAVIESS
DAVIESS - 000008,2,1.0000000000,264.0000000000,264.0000000000,0,DAVIESS,DAVIESS
DAVIESS - 000009,2,1.0000000000,283.0000000000,283.0000000000,0,DAVIESS,DAVIESS
DAVIESS - 000012,2,1.0000000000,454.0000000000,454.0000000000,0,DAVIESS,DAVIESS
DAVIESS - 000016,2,1.0000000000,279.0000000000,279.0000000000,0,DAVIESS,DAVIESS
DAVIESS - 16-017,2,1.0000000000,388.0000000000,388.0000000000,0,DAVIESS,DAVIESS
DEKALB - 000002,9,1.0000000000,254.0000000000,254.0000000000,0,DEKALB,DEKALB
DEKALB - 000003,9,1.0000000000,132.0000000000,132.0000000000,0,DEKALB,DEKALB
DEKALB - 000004,9,1.0000000000,175.0000000000,175.0000000000,0,DEKALB,DEKALB
DEKALB - 000005,9,1.0000000000,172.0000000000,172.0000000000,0,DEKALB,DEKALB
DEKALB - 000006,9,1.0000000000,187.0000000000,187.0000000000,0,DEKALB,DEKALB
DEKALB - 000007,9,1.0000000000,102.0000000000,102.0000000000,0,DEKALB,DEKALB
DEKALB - 000008,9,1.0000000000,187.0000000000,187.0000000000,0,DEKALB,DEKALB
DEKALB - 000009,9,1.0000000000,165.0000000000,165.0000000000,0,DEKALB,DEKALB
DEKALB - 000010,9,1.0000000000,223.0000000000,223.0000000000,0,DEKALB,DEKALB
DEKALB - 000011,9,1.0000000000,221.0000000000,221.0000000000,0,DEKALB,DEKALB
DEKALB - 000012,9,1.0000000000,260.0000000000,260.0000000000,0,DEKALB,DEKALB
DENT - 000002,120,1.0000000000,59.0000000000,59.0000000000,0,DENT,DENT
DENT - 000003,120,1.0000000000,94.0000000000,94.0000000000,0,DENT,DENT
DENT - 000004,120,1.0000000000,78.0000000000,78.0000000000,0,DENT,DENT
DENT - 000005,120,1.0000000000,100.0000000000,100.0000000000,0,DENT,DENT
DENT - 000006,120,1.0000000000,245.0000000000,245.0000000000,0,DENT,DENT
DENT - 000007,120,1.0000000000,228.0000000000,228.0000000000,0,DENT,DENT
DENT - 000008,120,1.0000000000,264.0000000000,264.0000000000,0,DENT,DENT
DOUGLAS - 000002,141,1.0000000000,51.0000000000,51.0000000000,0,DOUGLAS,DOUGLAS
DOUGLAS - 000003,155,1.0000000000,57.0000000000,57.0000000000,0,DOUGLAS,DOUGLAS
DOUGLAS - 000004,141,1.0000000000,56.0000000000,56.0000000000,0,DOUGLAS,DOUGLAS
DOUGLAS - 000005,141,1.0000000000,33.0000000000,33.0000000000,0,DOUGLAS,DOUGLAS
DOUGLAS - 000006,141,1.0000000000,51.0000000000,51.0000000000,0,DOUGLAS,DOUGLAS
DOUGLAS - 000007,155,1.0000000000,79.0000000000,79.0000000000,0,DOUGLAS,DOUGLAS
DOUGLAS - 000008,155,1.0000000000,44.0000000000,44.0000000000,0,DOUGLAS,DOUGLAS
DOUGLAS - 000009,155,1.0000000000,52.0000000000,52.0000000000,0,DOUGLAS,DOUGLAS
DOUGLAS - 000010,141,0.7222222222,39.0000000000,54.0000000000,0,DOUGLAS,DOUGLAS
DOUGLAS - 000010,155,0.2777777778,15.0000000000,54.0000000000,0,DOUGLAS,DOUGLAS
DOUGLAS - 000011,141,1.0000000000,65.0000000000,65.0000000000,0,DOUGLAS,DOUGLAS
DOUGLAS - 000012,155,1.0000000000,111.0000000000,111.0000000000,0,DOUGLAS,DOUGLAS
DOUGLAS - 000013,155,1.0000000000,69.0000000000,69.0000000000,0,DOUGLAS,DOUGLAS
DOUGLAS - 000014,155,1.0000000000,29.0000000000,29.0000000000,0,DOUGLAS,DOUGLAS
DOUGLAS - 000015,155,1.0000000000,50.0000000000,50.0000000000,0,DOUGLAS,DOUGLAS
DOUGLAS - 000016,155,1.0000000000,54.0000000000,54.0000000000,0,DOUGLAS,DOUGLAS
DOUGLAS - 000017,155,1.0000000000,87.0000000000,87.0000000000,0,DOUGLAS,DOUGLAS
DOUGLAS - 000018,141,1.0000000000,33.0000000000,33.0000000000,0,DOUGLAS,DOUGLAS
DOUGLAS - 000019,155,1.0000000000,144.0000000000,144.0000000000,0,DOUGLAS,DOUGLAS
DOUGLAS - 000020,155,1.0000000000,90.0000000000,90.0000000000,0,DOUGLAS,DOUGLAS
DOUGLAS - 000021,155,1.0000000000,45.0000000000,45.0000000000,0,DOUGLAS,DOUGLAS
DOUGLAS - 000022,155,1.0000000000,44.0000000000,44.0000000000,0,DOUGLAS,DOUGLAS
DOUGLAS - 000023,155,1.0000000000,45.0000000000,45.0000000000,0,DOUGLAS,DOUGLAS
DOUGLAS - 000024,155,1.0000000000,36.0000000000,36.0000000000,0,DOUGLAS,DOUGLAS
DOUGLAS - 000025,155,1.0000000000,54.0000000000,54.0000000000,0,DOUGLAS,DOUGLAS
DUNKLIN - 000002,150,1.0000000000,63.0000000000,63.0000000000,0,DUNKLIN,DUNKLIN
DUNKLIN - 000003,150,1.0000000000,123.0000000000,123.0000000000,0,DUNKLIN,DUNKLIN
DUNKLIN - 000004,150,1.0000000000,186.0000000000,186.0000000000,0,DUNKLIN,DUNKLIN
DUNKLIN - 000005,150,1.0000000000,160.0000000000,160.0000000000,0,DUNKLIN,DUNKLIN
DUNKLIN - 000006,150,1.0000000000,53.0000000000,53.0000000000,0,DUNKLIN,DUNKLIN
DUNKLIN - 000007,150,1.0000000000,126.0000000000,126.0000000000,0,DUNKLIN,DUNKLIN
DUNKLIN - 000008,150,1.0000000000,67.0000000000,67.0000000000,0,DUNKLIN,DUNKLIN
DUNKLIN - 000009,150,1.0000000000,170.0000000000,170.0000000000,0,DUNKLIN,DUNKLIN
DUNKLIN - 000010,150,1.0000000000,107.0000000000,107.0000000000,0,DUNKLIN,DUNKLIN
DUNKLIN - 000011,150,1.0000000000,312.0000000000,312.0000000000,0,DUNKLIN,DUNKLIN
DUNKLIN - 000012,150,1.0000000000,101.0000000000,101.0000000000,0,DUNKLIN,DUNKLIN
DUNKLIN - 000013,150,1.0000000000,67.0000000000,67.0000000000,0,DUNKLIN,DUNKLIN
DUNKLIN - 000014,150,1.0000000000,104.0000000000,104.0000000000,0,DUNKLIN,DUNKLIN
DUNKLIN - 000015,150,1.0000000000,104.0000000000,104.0000000000,0,DUNKLIN,DUNKLIN
DUNKLIN - 000016,150,1.0000000000,75.0000000000,75.0000000000,0,DUNKLIN,DUNKLIN
DUNKLIN - 000017,150,1.0000000000,219.0000000000,219.0000000000,0,DUNKLIN,DUNKLIN
DUNKLIN - 000018,150,1.0000000000,120.0000000000,120.0000000000,0,DUNKLIN,DUNKLIN
DUNKLIN - 000019,150,1.0000000000,111.0000000000,111.0000000000,0,DUNKLIN,DUNKLIN
DUNKLIN - 000020,150,1.0000000000,93.0000000000,93.0000000000,0,DUNKLIN,DUNKLIN
DUNKLIN - 000021,150,1.0000000000,186.0000000000,186.0000000000,0,DUNKLIN,DUNKLIN
DUNKLIN - 000022,150,1.0000000000,44.0000000000,44.0000000000,0,DUNKLIN,DUNKLIN
FRANKLIN - 000002,118,1.0000000000,76.0000000000,76.0000000000,0,FRANKLIN,FRANKLIN
FRANKLIN - 000003,118,1.0000000000,21.0000000000,21.0000000000,0,FRANKLIN,FRANKLIN
FRANKLIN - 000004,109,1.0000000000,61.0000000000,61.0000000000,0,FRANKLIN,FRANKLIN
FRANKLIN - 000005,109,1.0000000000,12.0000000000,12.0000000000,0,FRANKLIN,FRANKLIN
FRANKLIN - 000006,109,1.0000000000,11.0000000000,11.0000000000,0,FRANKLIN,FRANKLIN
FRANKLIN - 000007,118,0.0875000000,7.0000000000,80.0000000000,0,FRANKLIN,FRANKLIN
FRANKLIN - 000007,119,0.9125000000,73.0000000000,80.0000000000,0,FRANKLIN,FRANKLIN
FRANKLIN - 000008,109,1.0000000000,14.0000000000,14.0000000000,0,FRANKLIN,FRANKLIN
FRANKLIN - 000009,109,1.0000000000,22.0000000000,22.0000000000,0,FRANKLIN,FRANKLIN
FRANKLIN - 000010,109,1.0000000000,44.0000000000,44.0000000000,0,FRANKLIN,FRANKLIN
FRANKLIN - 000011,118,0.7777777778,35.0000000000,45.0000000000,0,FRANKLIN,FRANKLIN
FRANKLIN - 000011,119,0.2222222222,10.0000000000,45.0000000000,0,FRANKLIN,FRANKLIN
FRANKLIN - 000012,118,1.0000000000,67.0000000000,67.0000000000,0,FRANKLIN,FRANKLIN
FRANKLIN - 000013,118,1.0000000000,39.0000000000,39.0000000000,0,FRANKLIN,FRANKLIN
FRANKLIN - 000014,109,1.0000000000,38.0000000000,38.0000000000,0,FRANKLIN,FRANKLIN
FRANKLIN - 000015,118,1.0000000000,51.0000000000,51.0000000000,0,FRANKLIN,FRANKLIN
FRANKLIN - 000016,118,1.0000000000,34.0000000000,34.0000000000,0,FRANKLIN,FRANKLIN
FRANKLIN - 000017,118,1.0000000000,41.0000000000,41.0000000000,0,FRANKLIN,FRANKLIN
FRANKLIN - 000018,109,1.0000000000,47.0000000000,47.0000000000,0,FRANKLIN,FRANKLIN
FRANKLIN - 000019,109,0.1505376344,14.0000000000,93.0000000000,0,FRANKLIN,FRANKLIN
FRANKLIN - 000019,119,0.8494623656,79.0000000000,93.0000000000,0,FRANKLIN,FRANKLIN
FRANKLIN - 000020,118,1.0000000000,43.0000000000,43.0000000000,0,FRANKLIN,FRANKLIN
FRANKLIN - 000021,118,1.0000000000,66.0000000000,66.0000000000,0,FRANKLIN,FRANKLIN
FRANKLIN - 000022,118,1.0000000000,55.0000000000,55.0000000000,0,FRANKLIN,FRANKLIN
FRANKLIN - 000023,109,1.0000000000,56.0000000000,56.0000000000,0,FRANKLIN,FRANKLIN
FRANKLIN - 000024,109,0.9864864865,73.0000000000,74.0000000000,0,FRANKLIN,FRANKLIN
FRANKLIN - 000024,119,0.0135135135,1.0000000000,74.0000000000,0,FRANKLIN,FRANKLIN
FRANKLIN - 000025,118,1.0000000000,59.0000000000,59.0000000000,0,FRANKLIN,FRANKLIN
FRANKLIN - 000026,118,1.0000000000,20.0000000000,20.0000000000,0,FRANKLIN,FRANKLIN
FRANKLIN - 000027,118,1.0000000000,88.0000000000,88.0000000000,0,FRANKLIN,FRANKLIN
FRANKLIN - 000028,109,1.0000000000,62.0000000000,62.0000000000,0,FRANKLIN,FRANKLIN
FRANKLIN - 000029,118,1.0000000000,8.0000000000,8.0000000000,0,FRANKLIN,FRANKLIN
FRANKLIN - 000030,109,1.0000000000,20.0000000000,20.0000000000,0,FRANKLIN,FRANKLIN
FRANKLIN - 000031,109,1.0000000000,37.0000000000,37.0000000000,0,FRANKLIN,FRANKLIN
FRANKLIN - 000032,118,1.0000000000,28.0000000000,28.0000000000,0,FRANKLIN,FRANKLIN
FRANKLIN - 000033,109,0.0555555556,4.0000000000,72.0000000000,0,FRANKLIN,FRANKLIN
FRANKLIN - 000033,119,0.9444444444,68.0000000000,72.0000000000,0,FRANKLIN,FRANKLIN
FRANKLIN - 000034,119,1.0000000000,74.0000000000,74.0000000000,0,FRANKLIN,FRANKLIN
FRANKLIN - 000035,119,1.0000000000,87.0000000000,87.0000000000,0,FRANKLIN,FRANKLIN
FRANKLIN - 000036,119,1.0000000000,66.0000000000,66.0000000000,0,FRANKLIN,FRANKLIN
FRANKLIN - 000037,119,1.0000000000,18.0000000000,18.0000000000,0,FRANKLIN,FRANKLIN
FRANKLIN - 000038,118,1.0000000000,18.0000000000,18.0000000000,0,FRANKLIN,FRANKLIN
FRANKLIN - 000039,109,0.0833333333,7.0000000000,84.0000000000,0,FRANKLIN,FRANKLIN
FRANKLIN - 000039,119,0.9166666667,77.0000000000,84.0000000000,0,FRANKLIN,FRANKLIN
FRANKLIN - 000040,118,1.0000000000,78.0000000000,78.0000000000,0,FRANKLIN,FRANKLIN
FRANKLIN - 000041,109,1.0000000000,67.0000000000,67.0000000000,0,FRANKLIN,FRANKLIN
FRANKLIN - 000042,118,1.0000000000,23.0000000000,23.0000000000,0,FRANKLIN,FRANKLIN
FRANKLIN - 000043,109,1.0000000000,60.0000000000,60.0000000000,0,FRANKLIN,FRANKLIN
FRANKLIN - 000044,118,0.0134228188,2.0000000000,149.0000000000,0,FRANKLIN,FRANKLIN
FRANKLIN - 000044,119,0.9865771812,147.0000000000,149.0000000000,0,FRANKLIN,FRANKLIN
FRANKLIN - 000045,119,1.0000000000,83.0000000000,83.0000000000,0,FRANKLIN,FRANKLIN
FRANKLIN - 000046,119,1.0000000000,69.0000000000,69.0000000000,0,FRANKLIN,FRANKLIN
FRANKLIN - 000047,118,1.0000000000,71.0000000000,71.0000000000,0,FRANKLIN,FRANKLIN
FRANKLIN - 000048,118,1.0000000000,79.0000000000,79.0000000000,0,FRANKLIN,FRANKLIN
FRANKLIN - 000049,118,1.0000000000,82.0000000000,82.0000000000,0,FRANKLIN,FRANKLIN
FRANKLIN - 000050,118,1.0000000000,67.0000000000,67.0000000000,0,FRANKLIN,FRANKLIN
FRANKLIN - 000051,118,1.0000000000,44.0000000000,44.0000000000,0,FRANKLIN,FRANKLIN
FRANKLIN - 000052,109,0.6666666667,32.0000000000,48.0000000000,0,FRANKLIN,FRANKLIN
FRANKLIN - 000052,118,0.2083333333,10.0000000000,48.0000000000,0,FRANKLIN,FRANKLIN
FRANKLIN - 000052,119,0.1250000000,6.0000000000,48.0000000000,0,FRANKLIN,FRANKLIN
FRANKLIN - 000053,119,1.0000000000,85.0000000000,85.0000000000,0,FRANKLIN,FRANKLIN
FRANKLIN - 000054,119,1.0000000000,47.0000000000,47.0000000000,0,FRANKLIN,FRANKLIN
FRANKLIN - 000055,119,1.0000000000,87.0000000000,87.0000000000,0,FRANKLIN,FRANKLIN
FRANKLIN - 000056,119,1.0000000000,53.0000000000,53.0000000000,0,FRANKLIN,FRANKLIN
FRANKLIN - 000057,109,0.7078651685,63.0000000000,89.0000000000,0,FRANKLIN,FRANKLIN
FRANKLIN - 000057,119,0.2921348315,26.0000000000,89.0000000000,0,FRANKLIN,FRANKLIN
FRANKLIN - 000058,109,1.0000000000,125.0000000000,125.0000000000,0,FRANKLIN,FRANKLIN
FRANKLIN - 000059,109,1.0000000000,56.0000000000,56.0000000000,0,FRANKLIN,FRANKLIN
FRANKLIN - 000060,109,1.0000000000,58.0000000000,58.0000000000,0,FRANKLIN,FRANKLIN
FRANKLIN - 000061,109,1.0000000000,105.0000000000,105.0000000000,0,FRANKLIN,FRANKLIN
FRANKLIN - 000062,109,1.0000000000,42.0000000000,42.0000000000,0,FRANKLIN,FRANKLIN
FRANKLIN - 000063,109,1.0000000000,20.0000000000,20.0000000000,0,FRANKLIN,FRANKLIN
FRANKLIN - 16-064,118,1.0000000000,3.0000000000,3.0000000000,0,FRANKLIN,FRANKLIN
GASCONADE - 000002,61,1.0000000000,73.0000000000,73.0000000000,0,GASCONADE,GASCONADE
GASCONADE - 000003,61,1.0000000000,83.0000000000,83.0000000000,0,GASCONADE,GASCONADE
GASCONADE - 000004,61,1.0000000000,57.0000000000,57.0000000000,0,GASCONADE,GASCONADE
GASCONADE - 000005,61,1.0000000000,28.0000000000,28.0000000000,0,GASCONADE,GASCONADE
GASCONADE - 000006,61,1.0000000000,156.0000000000,156.0000000000,0,GASCONADE,GASCONADE
GASCONADE - 000007,61,1.0000000000,56.0000000000,56.0000000000,0,GASCONADE,GASCONADE
GASCONADE - 000008,61,1.0000000000,89.0000000000,89.0000000000,0,GASCONADE,GASCONADE
GASCONADE - 000009,61,1.0000000000,40.0000000000,40.0000000000,0,GASCONADE,GASCONADE
GASCONADE - 000010,61,1.0000000000,67.0000000000,67.0000000000,0,GASCONADE,GASCONADE
GASCONADE - 000011,61,1.0000000000,71.0000000000,71.0000000000,0,GASCONADE,GASCONADE
GASCONADE - 000012,61,1.0000000000,125.0000000000,125.0000000000,0,GASCONADE,GASCONADE
GASCONADE - 000013,61,1.0000000000,47.0000000000,47.0000000000,0,GASCONADE,GASCONADE
GASCONADE - 000014,61,1.0000000000,70.0000000000,70.0000000000,0,GASCONADE,GASCONADE
GASCONADE - 000015,61,1.0000000000,54.0000000000,54.0000000000,0,GASCONADE,GASCONADE
GASCONADE - 000016,61,1.0000000000,96.0000000000,96.0000000000,0,GASCONADE,GASCONADE
GASCONADE - 000017,61,1.0000000000,55.0000000000,55.0000000000,0,GASCONADE,GASCONADE
GENTRY - 000002,1,1.0000000000,156.0000000000,156.0000000000,0,GENTRY,GENTRY
GENTRY - 000003,1,1.0000000000,72.0000000000,72.0000000000,0,GENTRY,GENTRY
GENTRY - 000004,1,1.0000000000,71.0000000000,71.0000000000,0,GENTRY,GENTRY
GENTRY - 000005,1,1.0000000000,72.0000000000,72.0000000000,0,GENTRY,GENTRY
GENTRY - 000006,1,1.0000000000,120.0000000000,120.0000000000,0,GENTRY,GENTRY
GENTRY - 000007,1,1.0000000000,46.0000000000,46.0000000000,0,GENTRY,GENTRY
GENTRY - 000008,1,1.0000000000,32.0000000000,32.0000000000,0,GENTRY,GENTRY
GENTRY - 000009,1,1.0000000000,40.0000000000,40.0000000000,0,GENTRY,GENTRY
GENTRY - 000010,1,1.0000000000,87.0000000000,87.0000000000,0,GENTRY,GENTRY
GENTRY - 000011,1,1.0000000000,127.0000000000,127.0000000000,0,GENTRY,GENTRY
GENTRY - 000012,1,1.0000000000,77.0000000000,77.0000000000,0,GENTRY,GENTRY
GENTRY - 000013,1,1.0000000000,78.0000000000,78.0000000000,0,GENTRY,GENTRY
GENTRY - 000014,1,1.0000000000,38.0000000000,38.0000000000,0,GENTRY,GENTRY
GREENE - 000002,135,0.5098039216,26.0000000000,51.0000000000,0,GREENE,GREENE
GREENE - 000002,136,0.4901960784,25.0000000000,51.0000000000,0,GREENE,GREENE
GREENE - 000003,135,1.0000000000,50.0000000000,50.0000000000,0,GREENE,GREENE
GREENE - 000004,132,0.2600000000,13.0000000000,50.0000000000,0,GREENE,GREENE
GREENE - 000004,135,0.7400000000,37.0000000000,50.0000000000,0,GREENE,GREENE
GREENE - 000005,132,0.9689922481,125.0000000000,129.0000000000,0,GREENE,GREENE
GREENE - 000005,133,0.0310077519,4.0000000000,129.0000000000,0,GREENE,GREENE
GREENE - 000006,133,1.0000000000,50.0000000000,50.0000000000,0,GREENE,GREENE
GREENE - 000007,130,0.0285714286,2.0000000000,70.0000000000,0,GREENE,GREENE
GREENE - 000007,132,0.8142857143,57.0000000000,70.0000000000,0,GREENE,GREENE
GREENE - 000007,133,0.1571428571,11.0000000000,70.0000000000,0,GREENE,GREENE
GREENE - 000008,135,1.0000000000,17.0000000000,17.0000000000,0,GREENE,GREENE
GREENE - 000009,135,1.0000000000,27.0000000000,27.0000000000,0,GREENE,GREENE
GREENE - 000010,135,1.0000000000,39.0000000000,39.0000000000,0,GREENE,GREENE
GREENE - 000011,131,1.0000000000,76.0000000000,76.0000000000,0,GREENE,GREENE
GREENE - 000012,135,0.1884057971,13.0000000000,69.0000000000,0,GREENE,GREENE
GREENE - 000012,136,0.0869565217,6.0000000000,69.0000000000,0,GREENE,GREENE
GREENE - 000012,137,0.7246376812,50.0000000000,69.0000000000,0,GREENE,GREENE
GREENE - 000013,130,0.2777777778,40.0000000000,144.0000000000,0,GREENE,GREENE
GREENE - 000013,131,0.7222222222,104.0000000000,144.0000000000,0,GREENE,GREENE
GREENE - 000014,131,1.0000000000,84.0000000000,84.0000000000,0,GREENE,GREENE
GREENE - 000015,137,1.0000000000,137.0000000000,137.0000000000,0,GREENE,GREENE
GREENE - 000016,131,0.2736842105,26.0000000000,95.0000000000,0,GREENE,GREENE
GREENE - 000016,135,0.0842105263,8.0000000000,95.0000000000,0,GREENE,GREENE
GREENE - 000016,137,0.6421052632,61.0000000000,95.0000000000,0,GREENE,GREENE
GREENE - 000017,131,1.0000000000,51.0000000000,51.0000000000,0,GREENE,GREENE
GREENE - 000018,131,1.0000000000,52.0000000000,52.0000000000,0,GREENE,GREENE
GREENE - 000019,132,1.0000000000,107.0000000000,107.0000000000,0,GREENE,GREENE
GREENE - 000020,132,1.0000000000,60.0000000000,60.0000000000,0,GREENE,GREENE
GREENE - 000021,135,1.0000000000,46.0000000000,46.0000000000,0,GREENE,GREENE
GREENE - 000022,132,0.4098360656,25.0000000000,61.0000000000,0,GREENE,GREENE
GREENE - 000022,135,0.5901639344,36.0000000000,61.0000000000,0,GREENE,GREENE
GREENE - 000023,132,1.0000000000,87.0000000000,87.0000000000,0,GREENE,GREENE
GREENE - 000024,132,1.0000000000,47.0000000000,47.0000000000,0,GREENE,GREENE
GREENE - 000025,132,1.0000000000,43.0000000000,43.0000000000,0,GREENE,GREENE
GREENE - 000026,132,1.0000000000,32.0000000000,32.0000000000,0,GREENE,GREENE
GREENE - 000027,132,1.0000000000,61.0000000000,61.0000000000,0,GREENE,GREENE
GREENE - 000028,132,1.0000000000,73.0000000000,73.0000000000,0,GREENE,GREENE
GREENE - 000029,130,0.0545454545,3.0000000000,55.0000000000,0,GREENE,GREENE
GREENE - 000029,132,0.9454545455,52.0000000000,55.0000000000,0,GREENE,GREENE
GREENE - 000030,132,0.2653061224,26.0000000000,98.0000000000,0,GREENE,GREENE
GREENE - 000030,135,0.7346938776,72.0000000000,98.0000000000,0,GREENE,GREENE
GREENE - 000031,132,0.2982456140,17.0000000000,57.0000000000,0,GREENE,GREENE
GREENE - 000031,135,0.7017543860,40.0000000000,57.0000000000,0,GREENE,GREENE
GREENE - 000032,132,1.0000000000,30.0000000000,30.0000000000,0,GREENE,GREENE
GREENE - 000033,135,1.0000000000,12.0000000000,12.0000000000,0,GREENE,GREENE
GREENE - 000034,135,1.0000000000,16.0000000000,16.0000000000,0,GREENE,GREENE
GREENE - 000035,131,1.0000000000,75.0000000000,75.0000000000,0,GREENE,GREENE
GREENE - 000036,130,0.3356164384,49.0000000000,146.0000000000,0,GREENE,GREENE
GREENE - 000036,134,0.6643835616,97.0000000000,146.0000000000,0,GREENE,GREENE
GREENE - 000037,130,1.0000000000,124.0000000000,124.0000000000,0,GREENE,GREENE
GREENE - 000038,130,0.5405405405,20.0000000000,37.0000000000,0,GREENE,GREENE
GREENE - 000038,134,0.4594594595,17.0000000000,37.0000000000,0,GREENE,GREENE
GREENE - 000039,130,1.0000000000,63.0000000000,63.0000000000,0,GREENE,GREENE
GREENE - 000040,131,1.0000000000,101.0000000000,101.0000000000,0,GREENE,GREENE
GREENE - 000041,137,1.0000000000,179.0000000000,179.0000000000,0,GREENE,GREENE
GREENE - 000042,131,0.9500000000,57.0000000000,60.0000000000,0,GREENE,GREENE
GREENE - 000042,132,0.0166666667,1.0000000000,60.0000000000,0,GREENE,GREENE
GREENE - 000042,135,0.0333333333,2.0000000000,60.0000000000,0,GREENE,GREENE
GREENE - 000043,131,1.0000000000,93.0000000000,93.0000000000,0,GREENE,GREENE
GREENE - 000044,135,1.0000000000,63.0000000000,63.0000000000,0,GREENE,GREENE
GREENE - 000045,132,0.0461538462,3.0000000000,65.0000000000,0,GREENE,GREENE
GREENE - 000045,135,0.9538461538,62.0000000000,65.0000000000,0,GREENE,GREENE
GREENE - 000046,135,1.0000000000,19.0000000000,19.0000000000,0,GREENE,GREENE
GREENE - 000047,135,1.0000000000,26.0000000000,26.0000000000,0,GREENE,GREENE
GREENE - 000048,135,1.0000000000,47.0000000000,47.0000000000,0,GREENE,GREENE
GREENE - 000049,136,1.0000000000,38.0000000000,38.0000000000,0,GREENE,GREENE
GREENE - 000050,136,1.0000000000,36.0000000000,36.0000000000,0,GREENE,GREENE
GREENE - 000051,136,1.0000000000,18.0000000000,18.0000000000,0,GREENE,GREENE
GREENE - 000052,136,1.0000000000,23.0000000000,23.0000000000,0,GREENE,GREENE
GREENE - 000053,136,1.0000000000,26.0000000000,26.0000000000,0,GREENE,GREENE
GREENE - 000054,133,1.0000000000,36.0000000000,36.0000000000,0,GREENE,GREENE
GREENE - 000055,133,0.8918918919,33.0000000000,37.0000000000,0,GREENE,GREENE
GREENE - 000055,136,0.1081081081,4.0000000000,37.0000000000,0,GREENE,GREENE
GREENE - 000056,133,1.0000000000,75.0000000000,75.0000000000,0,GREENE,GREENE
GREENE - 000057,130,0.0389610390,3.0000000000,77.0000000000,0,GREENE,GREENE
GREENE - 000057,133,0.9610389610,74.0000000000,77.0000000000,0,GREENE,GREENE
GREENE - 000058,130,1.0000000000,74.0000000000,74.0000000000,0,GREENE,GREENE
GREENE - 000059,130,1.0000000000,82.0000000000,82.0000000000,0,GREENE,GREENE
GREENE - 000060,135,1.0000000000,26.0000000000,26.0000000000,0,GREENE,GREENE
GREENE - 000061,135,1.0000000000,27.0000000000,27.0000000000,0,GREENE,GREENE
GREENE - 000062,135,1.0000000000,16.0000000000,16.0000000000,0,GREENE,GREENE
GREENE - 000063,136,1.0000000000,25.0000000000,25.0000000000,0,GREENE,GREENE
GREENE - 000064,136,1.0000000000,27.0000000000,27.0000000000,0,GREENE,GREENE
GREENE - 000065,137,1.0000000000,54.0000000000,54.0000000000,0,GREENE,GREENE
GREENE - 000066,136,0.5447761194,73.0000000000,134.0000000000,0,GREENE,GREENE
GREENE - 000066,137,0.4552238806,61.0000000000,134.0000000000,0,GREENE,GREENE
GREENE - 000067,137,1.0000000000,59.0000000000,59.0000000000,0,GREENE,GREENE
GREENE - 000068,135,0.6078431373,31.0000000000,51.0000000000,0,GREENE,GREENE
GREENE - 000068,136,0.3921568627,20.0000000000,51.0000000000,0,GREENE,GREENE
GREENE - 000069,132,0.0200000000,1.0000000000,50.0000000000,0,GREENE,GREENE
GREENE - 000069,135,0.9800000000,49.0000000000,50.0000000000,0,GREENE,GREENE
GREENE - 000070,131,1.0000000000,111.0000000000,111.0000000000,0,GREENE,GREENE
GREENE - 000071,131,0.8933333333,67.0000000000,75.0000000000,0,GREENE,GREENE
GREENE - 000071,132,0.1066666667,8.0000000000,75.0000000000,0,GREENE,GREENE
GREENE - 000072,130,0.5666666667,51.0000000000,90.0000000000,0,GREENE,GREENE
GREENE - 000072,131,0.4333333333,39.0000000000,90.0000000000,0,GREENE,GREENE
GREENE - 000073,136,1.0000000000,25.0000000000,25.0000000000,0,GREENE,GREENE
GREENE - 000074,134,0.1470588235,5.0000000000,34.0000000000,0,GREENE,GREENE
GREENE - 000074,136,0.8529411765,29.0000000000,34.0000000000,0,GREENE,GREENE
GREENE - 000075,136,1.0000000000,85.0000000000,85.0000000000,0,GREENE,GREENE
GREENE - 000076,136,1.0000000000,24.0000000000,24.0000000000,0,GREENE,GREENE
GREENE - 000077,134,1.0000000000,88.0000000000,88.0000000000,0,GREENE,GREENE
GREENE - 000078,133,0.8474576271,50.0000000000,59.0000000000,0,GREENE,GREENE
GREENE - 000078,134,0.1525423729,9.0000000000,59.0000000000,0,GREENE,GREENE
GREENE - 000079,134,1.0000000000,22.0000000000,22.0000000000,0,GREENE,GREENE
GREENE - 000080,136,1.0000000000,40.0000000000,40.0000000000,0,GREENE,GREENE
GREENE - 000081,136,1.0000000000,27.0000000000,27.0000000000,0,GREENE,GREENE
GREENE - 000082,136,1.0000000000,18.0000000000,18.0000000000,0,GREENE,GREENE
GREENE - 000083,136,1.0000000000,29.0000000000,29.0000000000,0,GREENE,GREENE
GREENE - 000084,136,1.0000000000,32.0000000000,32.0000000000,0,GREENE,GREENE
GREENE - 000085,135,0.7307692308,19.0000000000,26.0000000000,0,GREENE,GREENE
GREENE - 000085,136,0.2692307692,7.0000000000,26.0000000000,0,GREENE,GREENE
GREENE - 000086,132,1.0000000000,20.0000000000,20.0000000000,0,GREENE,GREENE
GREENE - 000087,136,1.0000000000,26.0000000000,26.0000000000,0,GREENE,GREENE
GREENE - 000088,133,1.0000000000,27.0000000000,27.0000000000,0,GREENE,GREENE
GREENE - 000089,133,0.9807692308,51.0000000000,52.0000000000,0,GREENE,GREENE
GREENE - 000089,136,0.0192307692,1.0000000000,52.0000000000,0,GREENE,GREENE
GREENE - 000090,133,1.0000000000,46.0000000000,46.0000000000,0,GREENE,GREENE
GREENE - 000091,133,1.0000000000,45.0000000000,45.0000000000,0,GREENE,GREENE
GREENE - 000092,133,1.0000000000,73.0000000000,73.0000000000,0,GREENE,GREENE
GREENE - 000093,130,0.0689655172,4.0000000000,58.0000000000,0,GREENE,GREENE
GREENE - 000093,133,0.9310344828,54.0000000000,58.0000000000,0,GREENE,GREENE
GREENE - 000094,132,1.0000000000,69.0000000000,69.0000000000,0,GREENE,GREENE
GREENE - 000095,132,1.0000000000,76.0000000000,76.0000000000,0,GREENE,GREENE
GREENE - 000096,130,0.0648148148,7.0000000000,108.0000000000,0,GREENE,GREENE
GREENE - 000096,134,0.9351851852,101.0000000000,108.0000000000,0,GREENE,GREENE
GREENE - 000097,130,0.1057692308,11.0000000000,104.0000000000,0,GREENE,GREENE
GREENE - 000097,133,0.0192307692,2.0000000000,104.0000000000,0,GREENE,GREENE
GREENE - 000097,134,0.8750000000,91.0000000000,104.0000000000,0,GREENE,GREENE
GREENE - 000098,130,0.9516908213,197.0000000000,207.0000000000,0,GREENE,GREENE
GREENE - 000098,131,0.0483091787,10.0000000000,207.0000000000,0,GREENE,GREENE
GREENE - 000099,131,1.0000000000,82.0000000000,82.0000000000,0,GREENE,GREENE
GREENE - 000100,134,0.5063291139,40.0000000000,79.0000000000,0,GREENE,GREENE
GREENE - 000100,137,0.4936708861,39.0000000000,79.0000000000,0,GREENE,GREENE
GREENE - 000101,137,1.0000000000,68.0000000000,68.0000000000,0,GREENE,GREENE
GREENE - 000102,136,0.2187500000,21.0000000000,96.0000000000,0,GREENE,GREENE
GREENE - 000102,137,0.7812500000,75.0000000000,96.0000000000,0,GREENE,GREENE
GREENE - 000103,137,1.0000000000,67.0000000000,67.0000000000,0,GREENE,GREENE
GREENE - 000104,130,1.0000000000,104.0000000000,104.0000000000,0,GREENE,GREENE
GREENE - 000105,131,1.0000000000,162.0000000000,162.0000000000,0,GREENE,GREENE
GREENE - 000106,131,1.0000000000,76.0000000000,76.0000000000,0,GREENE,GREENE
GREENE - 000107,130,0.8595505618,153.0000000000,178.0000000000,0,GREENE,GREENE
GREENE - 000107,131,0.1404494382,25.0000000000,178.0000000000,0,GREENE,GREENE
GREENE - 000108,137,1.0000000000,100.0000000000,100.0000000000,0,GREENE,GREENE
GREENE - 000109,131,1.0000000000,103.0000000000,103.0000000000,0,GREENE,GREENE
GREENE - 000110,137,1.0000000000,140.0000000000,140.0000000000,0,GREENE,GREENE
GREENE - 000111,130,0.7313432836,98.0000000000,134.0000000000,0,GREENE,GREENE
GREENE - 000111,131,0.2686567164,36.0000000000,134.0000000000,0,GREENE,GREENE
GREENE - 000112,133,0.7761194030,52.0000000000,67.0000000000,0,GREENE,GREENE
GREENE - 000112,134,0.2238805970,15.0000000000,67.0000000000,0,GREENE,GREENE
GREENE - 000113,134,1.0000000000,57.0000000000,57.0000000000,0,GREENE,GREENE
GREENE - 000114,133,0.0394736842,3.0000000000,76.0000000000,0,GREENE,GREENE
GREENE - 000114,134,0.9605263158,73.0000000000,76.0000000000,0,GREENE,GREENE
GRUNDY - 000002,2,1.0000000000,87.0000000000,87.0000000000,0,GRUNDY,GRUNDY
GRUNDY - 000003,2,1.0000000000,35.0000000000,35.0000000000,0,GRUNDY,GRUNDY
GRUNDY - 000004,2,1.0000000000,30.0000000000,30.0000000000,0,GRUNDY,GRUNDY
GRUNDY - 000005,2,1.0000000000,63.0000000000,63.0000000000,0,GRUNDY,GRUNDY
GRUNDY - 000006,2,1.0000000000,79.0000000000,79.0000000000,0,GRUNDY,GRUNDY
GRUNDY - 000007,2,1.0000000000,67.0000000000,67.0000000000,0,GRUNDY,GRUNDY
GRUNDY - 000008,2,1.0000000000,72.0000000000,72.0000000000,0,GRUNDY,GRUNDY
GRUNDY - 000009,2,1.0000000000,65.0000000000,65.0000000000,0,GRUNDY,GRUNDY
GRUNDY - 000010,2,1.0000000000,44.0000000000,44.0000000000,0,GRUNDY,GRUNDY
GRUNDY - 000011,2,1.0000000000,47.0000000000,47.0000000000,0,GRUNDY,GRUNDY
GRUNDY - 000012,2,1.0000000000,136.0000000000,136.0000000000,0,GRUNDY,GRUNDY
GRUNDY - 000013,2,1.0000000000,179.0000000000,179.0000000000,0,GRUNDY,GRUNDY
GRUNDY - 000014,2,1.0000000000,119.0000000000,119.0000000000,0,GRUNDY,GRUNDY
GRUNDY - 000015,2,1.0000000000,84.0000000000,84.0000000000,0,GRUNDY,GRUNDY
GRUNDY - 000016,2,1.0000000000,35.0000000000,35.0000000000,0,GRUNDY,GRUNDY
GRUNDY - 000017,2,1.0000000000,88.0000000000,88.0000000000,0,GRUNDY,GRUNDY
HARRISON - 000003,2,1.0000000000,423.0000000000,423.0000000000,0,HARRISON,HARRISON
HARRISON - 000004,2,1.0000000000,168.0000000000,168.0000000000,0,HARRISON,HARRISON
HARRISON - 000008,2,1.0000000000,189.0000000000,189.0000000000,0,HARRISON,HARRISON
HARRISON - 000009,2,1.0000000000,395.0000000000,395.0000000000,0,HARRISON,HARRISON
HARRISON - 000010,2,1.0000000000,175.0000000000,175.0000000000,0,HARRISON,HARRISON
HARRISON - 16-012,2,1.0000000000,513.0000000000,513.0000000000,0,HARRISON,HARRISON
HENRY - 000002,126,1.0000000000,152.0000000000,152.0000000000,0,HENRY,HENRY
HENRY - 000003,126,1.0000000000,616.0000000000,616.0000000000,0,HENRY,HENRY
HENRY - 000004,126,1.0000000000,329.0000000000,329.0000000000,0,HENRY,HENRY
HENRY - 000009,126,1.0000000000,139.0000000000,139.0000000000,0,HENRY,HENRY
HENRY - 000010,126,1.0000000000,45.0000000000,45.0000000000,0,HENRY,HENRY
HENRY - 000011,126,1.0000000000,82.0000000000,82.0000000000,0,HENRY,HENRY
HENRY - 000013,126,1.0000000000,183.0000000000,183.0000000000,0,HENRY,HENRY
HENRY - 000015,126,1.0000000000,182.0000000000,182.0000000000,0,HENRY,HENRY
HENRY - 16-020,126,1.0000000000,132.0000000000,132.0000000000,0,HENRY,HENRY
HICKORY - 000002,128,1.0000000000,55.0000000000,55.0000000000,0,HICKORY,HICKORY
HICKORY - 000003,126,1.0000000000,118.0000000000,118.0000000000,0,HICKORY,HICKORY
HICKORY - 000004,128,1.0000000000,97.0000000000,97.0000000000,0,HICKORY,HICKORY
HICKORY - 000005,128,1.0000000000,94.0000000000,94.0000000000,0,HICKORY,HICKORY
HICKORY - 000006,128,1.0000000000,129.0000000000,129.0000000000,0,HICKORY,HICKORY
HICKORY - 000007,128,1.0000000000,45.0000000000,45.0000000000,0,HICKORY,HICKORY
HICKORY - 000008,126,1.0000000000,58.0000000000,58.0000000000,0,HICKORY,HICKORY
HICKORY - 000009,126,1.0000000000,62.0000000000,62.0000000000,0,HICKORY,HICKORY
HICKORY - 000010,128,1.0000000000,131.0000000000,131.0000000000,0,HICKORY,HICKORY
HICKORY - 000011,126,1.0000000000,123.0000000000,123.0000000000,0,HICKORY,HICKORY
HOLT - 000002,1,1.0000000000,253.0000000000,253.0000000000,0,HOLT,HOLT
HOLT - 000003,1,1.0000000000,99.0000000000,99.0000000000,0,HOLT,HOLT
HOLT - 000004,1,1.0000000000,182.0000000000,182.0000000000,0,HOLT,HOLT
HOLT - 000005,1,1.0000000000,282.0000000000,282.0000000000,0,HOLT,HOLT
HOLT - 000006,1,1.0000000000,78.0000000000,78.0000000000,0,HOLT,HOLT
HOLT - 000007,1,1.0000000000,132.0000000000,132.0000000000,0,HOLT,HOLT
HOWARD - 000002,48,1.0000000000,139.0000000000,139.0000000000,0,HOWARD,HOWARD
HOWARD - 000003,48,1.0000000000,322.0000000000,322.0000000000,0,HOWARD,HOWARD
HOWARD - 000004,48,1.0000000000,85.0000000000,85.0000000000,0,HOWARD,HOWARD
HOWARD - 000005,48,1.0000000000,161.0000000000,161.0000000000,0,HOWARD,HOWARD
HOWARD - 000006,48,1.0000000000,180.0000000000,180.0000000000,0,HOWARD,HOWARD
HOWARD - 000007,48,1.0000000000,110.0000000000,110.0000000000,0,HOWARD,HOWARD
HOWARD - 000008,48,1.0000000000,210.0000000000,210.0000000000,0,HOWARD,HOWARD
HOWARD - 000009,48,1.0000000000,173.0000000000,173.0000000000,0,HOWARD,HOWARD
HOWELL - 000002,154,1.0000000000,107.0000000000,107.0000000000,0,HOWELL,HOWELL
HOWELL - 000003,154,1.0000000000,296.0000000000,296.0000000000,0,HOWELL,HOWELL
HOWELL - 000004,154,1.0000000000,120.0000000000,120.0000000000,0,HOWELL,HOWELL
HOWELL - 000005,154,1.0000000000,80.0000000000,80.0000000000,0,HOWELL,HOWELL
HOWELL - 000006,154,1.0000000000,104.0000000000,104.0000000000,0,HOWELL,HOWELL
HOWELL - 000007,154,1.0000000000,52.0000000000,52.0000000000,0,HOWELL,HOWELL
HOWELL - 000008,154,1.0000000000,48.0000000000,48.0000000000,0,HOWELL,HOWELL
HOWELL - 000009,154,1.0000000000,108.0000000000,108.0000000000,0,HOWELL,HOWELL
HOWELL - 000010,154,1.0000000000,80.0000000000,80.0000000000,0,HOWELL,HOWELL
HOWELL - 000011,154,1.0000000000,107.0000000000,107.0000000000,0,HOWELL,HOWELL
HOWELL - 000012,154,1.0000000000,129.0000000000,129.0000000000,0,HOWELL,HOWELL
HOWELL - 000013,154,1.0000000000,139.0000000000,139.0000000000,0,HOWELL,HOWELL
HOWELL - 000014,154,1.0000000000,193.0000000000,193.0000000000,0,HOWELL,HOWELL
HOWELL - 000015,154,1.0000000000,109.0000000000,109.0000000000,0,HOWELL,HOWELL
HOWELL - 000016,154,1.0000000000,32.0000000000,32.0000000000,0,HOWELL,HOWELL
HOWELL - 000017,154,1.0000000000,142.0000000000,142.0000000000,0,HOWELL,HOWELL
HOWELL - 000018,153,0.1988950276,36.0000000000,181.0000000000,0,HOWELL,HOWELL
HOWELL - 000018,154,0.8011049724,145.0000000000,181.0000000000,0,HOWELL,HOWELL
HOWELL - 000019,154,1.0000000000,164.0000000000,164.0000000000,0,HOWELL,HOWELL
HOWELL - 000020,154,1.0000000000,163.0000000000,163.0000000000,0,HOWELL,HOWELL
HOWELL - 000021,154,1.0000000000,142.0000000000,142.0000000000,0,HOWELL,HOWELL
HOWELL - 012-22,154,1.0000000000,12.0000000000,12.0000000000,0,HOWELL,HOWELL
IRON - 000002,144,1.0000000000,116.0000000000,116.0000000000,0,IRON,IRON
IRON - 000003,144,1.0000000000,60.0000000000,60.0000000000,0,IRON,IRON
IRON - 000004,144,1.0000000000,146.0000000000,146.0000000000,0,IRON,IRON
IRON - 000005,144,1.0000000000,23.0000000000,23.0000000000,0,IRON,IRON
IRON - 000006,144,1.0000000000,134.0000000000,134.0000000000,0,IRON,IRON
IRON - 000007,144,1.0000000000,124.0000000000,124.0000000000,0,IRON,IRON
IRON - 000008,144,1.0000000000,64.0000000000,64.0000000000,0,IRON,IRON
IRON - 000009,144,1.0000000000,52.0000000000,52.0000000000,0,IRON,IRON
IRON - 000010,144,1.0000000000,89.0000000000,89.0000000000,0,IRON,IRON
JACKSON - 000002,19,0.0121951220,1.0000000000,82.0000000000,0,JACKSON,JACKSON|KANSAS CITY
JACKSON - 000002,21,0.9878048780,81.0000000000,82.0000000000,0,JACKSON,JACKSON|KANSAS CITY
JACKSON - 000003,20,0.9577464789,68.0000000000,71.0000000000,0,JACKSON,JACKSON|KANSAS CITY
JACKSON - 000003,21,0.0422535211,3.0000000000,71.0000000000,0,JACKSON,JACKSON|KANSAS CITY
JACKSON - 000006,20,1.0000000000,13.0000000000,13.0000000000,0,JACKSON,JACKSON|KANSAS CITY
JACKSON - 000007,20,1.0000000000,17.0000000000,17.0000000000,0,JACKSON,JACKSON|KANSAS CITY
JACKSON - 000008,19,1.0000000000,20.0000000000,20.0000000000,0,JACKSON,JACKSON|KANSAS CITY
JACKSON - 000010,21,1.0000000000,34.0000000000,34.0000000000,0,JACKSON,JACKSON|KANSAS CITY
JACKSON - 000015,20,0.9666666667,29.0000000000,30.0000000000,0,JACKSON,JACKSON|KANSAS CITY
JACKSON - 000015,39,0.0333333333,1.0000000000,30.0000000000,0,JACKSON,JACKSON|KANSAS CITY
JACKSON - 000016,20,1.0000000000,47.0000000000,47.0000000000,0,JACKSON,JACKSON|KANSAS CITY
JACKSON - 000017,20,1.0000000000,22.0000000000,22.0000000000,0,JACKSON,JACKSON|KANSAS CITY
JACKSON - 000019,20,1.0000000000,32.0000000000,32.0000000000,0,JACKSON,JACKSON|KANSAS CITY
JACKSON - 000020,20,0.7600000000,19.0000000000,25.0000000000,0,JACKSON,JACKSON|KANSAS CITY
JACKSON - 000020,21,0.2400000000,6.0000000000,25.0000000000,0,JACKSON,JACKSON|KANSAS CITY
JACKSON - 000022,20,1.0000000000,53.0000000000,53.0000000000,0,JACKSON,JACKSON|KANSAS CITY
JACKSON - 000023,20,1.0000000000,21.0000000000,21.0000000000,0,JACKSON,JACKSON|KANSAS CITY
JACKSON - 000024,20,0.0937500000,3.0000000000,32.0000000000,0,JACKSON,JACKSON|KANSAS CITY
JACKSON - 000024,21,0.9062500000,29.0000000000,32.0000000000,0,JACKSON,JACKSON|KANSAS CITY
JACKSON - 000025,21,1.0000000000,21.0000000000,21.0000000000,0,JACKSON,JACKSON|KANSAS CITY
JACKSON - 000026,21,1.0000000000,62.0000000000,62.0000000000,0,JACKSON,JACKSON|KANSAS CITY
JACKSON - 000029,20,1.0000000000,20.0000000000,20.0000000000,0,JACKSON,JACKSON|KANSAS CITY
JACKSON - 000030,32,1.0000000000,24.0000000000,24.0000000000,0,JACKSON,JACKSON|KANSAS CITY
JACKSON - 000031,20,0.2826086957,13.0000000000,46.0000000000,0,JACKSON,JACKSON|KANSAS CITY
JACKSON - 000031,32,0.7173913043,33.0000000000,46.0000000000,0,JACKSON,JACKSON|KANSAS CITY
JACKSON - 000032,20,0.8918918919,33.0000000000,37.0000000000,0,JACKSON,JACKSON|KANSAS CITY
JACKSON - 000032,32,0.1081081081,4.0000000000,37.0000000000,0,JACKSON,JACKSON|KANSAS CITY
JACKSON - 000033,20,0.7272727273,8.0000000000,11.0000000000,0,JACKSON,JACKSON|KANSAS CITY
JACKSON - 000033,32,0.1818181818,2.0000000000,11.0000000000,0,JACKSON,JACKSON|KANSAS CITY
JACKSON - 000033,39,0.0909090909,1.0000000000,11.0000000000,0,JACKSON,JACKSON|KANSAS CITY
JACKSON - 000034,20,1.0000000000,36.0000000000,36.0000000000,0,JACKSON,JACKSON|KANSAS CITY
JACKSON - 000035,20,1.0000000000,23.0000000000,23.0000000000,0,JACKSON,JACKSON|KANSAS CITY
JACKSON - 000036,20,1.0000000000,28.0000000000,28.0000000000,0,JACKSON,JACKSON|KANSAS CITY
JACKSON - 000037,20,1.0000000000,23.0000000000,23.0000000000,0,JACKSON,JACKSON|KANSAS CITY
JACKSON - 000043,21,1.0000000000,25.0000000000,25.0000000000,0,JACKSON,JACKSON|KANSAS CITY
JACKSON - 000044,21,1.0000000000,41.0000000000,41.0000000000,0,JACKSON,JACKSON|KANSAS CITY
JACKSON - 000045,21,1.0000000000,63.0000000000,63.0000000000,0,JACKSON,JACKSON|KANSAS CITY
JACKSON - 000047,21,1.0000000000,16.0000000000,16.0000000000,0,JACKSON,JACKSON|KANSAS CITY
JACKSON - 000050,21,1.0000000000,43.0000000000,43.0000000000,0,JACKSON,JACKSON|KANSAS CITY
JACKSON - 000052,22,1.0000000000,20.0000000000,20.0000000000,0,JACKSON,JACKSON|KANSAS CITY
JACKSON - 000054,29,1.0000000000,24.0000000000,24.0000000000,0,JACKSON,JACKSON|KANSAS CITY
JACKSON - 000055,22,1.0000000000,35.0000000000,35.0000000000,0,JACKSON,JACKSON|KANSAS CITY
JACKSON - 000056,22,1.0000000000,28.0000000000,28.0000000000,0,JACKSON,JACKSON|KANSAS CITY
JACKSON - 000057,22,1.0000000000,36.0000000000,36.0000000000,0,JACKSON,JACKSON|KANSAS CITY
JACKSON - 000059,21,0.3958333333,19.0000000000,48.0000000000,0,JACKSON,JACKSON|KANSAS CITY
JACKSON - 000059,22,0.6041666667,29.0000000000,48.0000000000,0,JACKSON,JACKSON|KANSAS CITY
JACKSON - 000060,29,1.0000000000,20.0000000000,20.0000000000,0,JACKSON,JACKSON|KANSAS CITY
JACKSON - 000061,21,0.8888888889,16.0000000000,18.0000000000,0,JACKSON,JACKSON|KANSAS CITY
JACKSON - 000061,29,0.1111111111,2.0000000000,18.0000000000,0,JACKSON,JACKSON|KANSAS CITY
JACKSON - 000062,29,1.0000000000,31.0000000000,31.0000000000,0,JACKSON,JACKSON|KANSAS CITY
JACKSON - 000064,21,0.0975609756,4.0000000000,41.0000000000,0,JACKSON,JACKSON|KANSAS CITY
JACKSON - 000064,22,0.8292682927,34.0000000000,41.0000000000,0,JACKSON,JACKSON|KANSAS CITY
JACKSON - 000064,29,0.0731707317,3.0000000000,41.0000000000,0,JACKSON,JACKSON|KANSAS CITY
JACKSON - 000066,20,0.5357142857,15.0000000000,28.0000000000,0,JACKSON,JACKSON|KANSAS CITY
JACKSON - 000066,29,0.4642857143,13.0000000000,28.0000000000,0,JACKSON,JACKSON|KANSAS CITY
JACKSON - 000067,20,1.0000000000,26.0000000000,26.0000000000,0,JACKSON,JACKSON|KANSAS CITY
JACKSON - 000069,21,1.0000000000,31.0000000000,31.0000000000,0,JACKSON,JACKSON|KANSAS CITY
JACKSON - 000071,21,1.0000000000,12.0000000000,12.0000000000,0,JACKSON,JACKSON|KANSAS CITY
JACKSON - 000072,20,0.8400000000,21.0000000000,25.0000000000,0,JACKSON,JACKSON|KANSAS CITY
JACKSON - 000072,21,0.1600000000,4.0000000000,25.0000000000,0,JACKSON,JACKSON|KANSAS CITY
JACKSON - 000076,20,1.0000000000,22.0000000000,22.0000000000,0,JACKSON,JACKSON|KANSAS CITY
JACKSON - 000079,29,1.0000000000,33.0000000000,33.0000000000,0,JACKSON,JACKSON|KANSAS CITY
JACKSON - 000081,29,1.0000000000,64.0000000000,64.0000000000,0,JACKSON,JACKSON|KANSAS CITY
JACKSON - 000082,29,1.0000000000,37.0000000000,37.0000000000,0,JACKSON,JACKSON|KANSAS CITY
JACKSON - 000084,29,1.0000000000,26.0000000000,26.0000000000,0,JACKSON,JACKSON|KANSAS CITY
JACKSON - 000086,29,1.0000000000,10.0000000000,10.0000000000,0,JACKSON,JACKSON|KANSAS CITY
JACKSON - 000087,29,1.0000000000,23.0000000000,23.0000000000,0,JACKSON,JACKSON|KANSAS CITY
JACKSON - 000088,22,1.0000000000,13.0000000000,13.0000000000,0,JACKSON,JACKSON|KANSAS CITY
JACKSON - 000090,22,0.7317073171,30.0000000000,41.0000000000,0,JACKSON,JACKSON|KANSAS CITY
JACKSON - 000090,29,0.2682926829,11.0000000000,41.0000000000,0,JACKSON,JACKSON|KANSAS CITY
JACKSON - 000091,22,0.3214285714,9.0000000000,28.0000000000,0,JACKSON,JACKSON|KANSAS CITY
JACKSON - 000091,29,0.6785714286,19.0000000000,28.0000000000,0,JACKSON,JACKSON|KANSAS CITY
JACKSON - 000092,29,1.0000000000,39.0000000000,39.0000000000,0,JACKSON,JACKSON|KANSAS CITY
JACKSON - 000095,29,1.0000000000,28.0000000000,28.0000000000,0,JACKSON,JACKSON|KANSAS CITY
JACKSON - 000096,29,1.0000000000,37.0000000000,37.0000000000,0,JACKSON,JACKSON|KANSAS CITY
JACKSON - 000097,29,1.0000000000,30.0000000000,30.0000000000,0,JACKSON,JACKSON|KANSAS CITY
JACKSON - 000099,29,1.0000000000,7.0000000000,7.0000000000,0,JACKSON,JACKSON|KANSAS CITY
JACKSON - 000100,20,0.1388888889,5.0000000000,36.0000000000,0,JACKSON,JACKSON|KANSAS CITY
JACKSON - 000100,29,0.8611111111,31.0000000000,36.0000000000,0,JACKSON,JACKSON|KANSAS CITY
JACKSON - 000103,29,1.0000000000,38.0000000000,38.0000000000,0,JACKSON,JACKSON|KANSAS CITY
JACKSON - 000104,20,0.1481481481,8.0000000000,54.0000000000,0,JACKSON,JACKSON|KANSAS CITY
JACKSON - 000104,29,0.8518518519,46.0000000000,54.0000000000,0,JACKSON,JACKSON|KANSAS CITY
JACKSON - 000107,29,1.0000000000,22.0000000000,22.0000000000,0,JACKSON,JACKSON|KANSAS CITY
JACKSON - 000109,28,1.0000000000,17.0000000000,17.0000000000,0,JACKSON,JACKSON|KANSAS CITY
JACKSON - 000116,28,1.0000000000,30.0000000000,30.0000000000,0,JACKSON,JACKSON|KANSAS CITY
JACKSON - 000120,28,1.0000000000,57.0000000000,57.0000000000,0,JACKSON,JACKSON|KANSAS CITY
JACKSON - 000123,28,1.0000000000,20.0000000000,20.0000000000,0,JACKSON,JACKSON|KANSAS CITY
JACKSON - 000125,28,1.0000000000,34.0000000000,34.0000000000,0,JACKSON,JACKSON|KANSAS CITY
JACKSON - 000128,28,1.0000000000,28.0000000000,28.0000000000,0,JACKSON,JACKSON|KANSAS CITY
JACKSON - 000129,28,1.0000000000,7.0000000000,7.0000000000,0,JACKSON,JACKSON|KANSAS CITY
JACKSON - 000130,28,1.0000000000,49.0000000000,49.0000000000,0,JACKSON,JACKSON|KANSAS CITY
JACKSON - 000131,28,1.0000000000,2.0000000000,2.0000000000,0,JACKSON,JACKSON|KANSAS CITY
JACKSON - 000132,28,1.0000000000,29.0000000000,29.0000000000,0,JACKSON,JACKSON|KANSAS CITY
JACKSON - 000134,28,1.0000000000,31.0000000000,31.0000000000,0,JACKSON,JACKSON|KANSAS CITY
JACKSON - 000136,28,1.0000000000,25.0000000000,25.0000000000,0,JACKSON,JACKSON|KANSAS CITY
JACKSON - 000138,20,1.0000000000,66.0000000000,66.0000000000,0,JACKSON,JACKSON|KANSAS CITY
JACKSON - 000140,32,1.0000000000,53.0000000000,53.0000000000,0,JACKSON,JACKSON|KANSAS CITY
JACKSON - 000142,32,1.0000000000,55.0000000000,55.0000000000,0,JACKSON,JACKSON|KANSAS CITY
JACKSON - 000143,32,1.0000000000,23.0000000000,23.0000000000,0,JACKSON,JACKSON|KANSAS CITY
JACKSON - 000144,32,1.0000000000,15.0000000000,15.0000000000,0,JACKSON,JACKSON|KANSAS CITY
JACKSON - 000145,32,1.0000000000,34.0000000000,34.0000000000,0,JACKSON,JACKSON|KANSAS CITY
JACKSON - 000146,32,1.0000000000,16.0000000000,16.0000000000,0,JACKSON,JACKSON|KANSAS CITY
JACKSON - 000147,32,1.0000000000,17.0000000000,17.0000000000,0,JACKSON,JACKSON|KANSAS CITY
JACKSON - 000148,19,0.7822580645,97.0000000000,124.0000000000,1,KANSAS CITY,KANSAS CITY|JACKSON
JACKSON - 000148,24,0.2177419355,27.0000000000,124.0000000000,1,KANSAS CITY,KANSAS CITY|JACKSON
JACKSON - 000149,19,0.8688524590,53.0000000000,61.0000000000,1,KANSAS CITY,KANSAS CITY|JACKSON
JACKSON - 000149,24,0.1311475410,8.0000000000,61.0000000000,1,KANSAS CITY,KANSAS CITY|JACKSON
JACKSON - 000150,23,0.3833333333,23.0000000000,60.0000000000,1,KANSAS CITY,KANSAS CITY|JACKSON
JACKSON - 000150,24,0.6166666667,37.0000000000,60.0000000000,1,KANSAS CITY,KANSAS CITY|JACKSON
JACKSON - 000151,23,0.3720930233,32.0000000000,86.0000000000,1,KANSAS CITY,KANSAS CITY|JACKSON
JACKSON - 000151,24,0.6279069767,54.0000000000,86.0000000000,1,KANSAS CITY,KANSAS CITY|JACKSON
JACKSON - 000152,19,0.7714285714,54.0000000000,70.0000000000,1,KANSAS CITY,KANSAS CITY|JACKSON
JACKSON - 000152,24,0.2285714286,16.0000000000,70.0000000000,1,KANSAS CITY,KANSAS CITY|JACKSON
JACKSON - 000153,19,0.0318471338,5.0000000000,157.0000000000,1,KANSAS CITY,KANSAS CITY|JACKSON
JACKSON - 000153,23,0.0127388535,2.0000000000,157.0000000000,1,KANSAS CITY,KANSAS CITY|JACKSON
JACKSON - 000153,24,0.9554140127,150.0000000000,157.0000000000,1,KANSAS CITY,KANSAS CITY|JACKSON
JACKSON - 000154,19,0.0384615385,2.0000000000,52.0000000000,1,KANSAS CITY,KANSAS CITY|JACKSON
JACKSON - 000154,24,0.9615384615,50.0000000000,52.0000000000,1,KANSAS CITY,KANSAS CITY|JACKSON
JACKSON - 000155,19,1.0000000000,45.0000000000,45.0000000000,1,KANSAS CITY,KANSAS CITY|JACKSON
JACKSON - 000156,24,1.0000000000,16.0000000000,16.0000000000,1,KANSAS CITY,KANSAS CITY|JACKSON
JACKSON - 000157,23,1.0000000000,23.0000000000,23.0000000000,1,KANSAS CITY,KANSAS CITY|JACKSON
JACKSON - 000159,24,1.0000000000,16.0000000000,16.0000000000,1,KANSAS CITY,KANSAS CITY|JACKSON
JACKSON - 000160,25,1.0000000000,27.0000000000,27.0000000000,1,KANSAS CITY,KANSAS CITY|JACKSON
JACKSON - 000161,25,0.9565217391,22.0000000000,23.0000000000,1,KANSAS CITY,KANSAS CITY|JACKSON
JACKSON - 000161,26,0.0434782609,1.0000000000,23.0000000000,1,KANSAS CITY,KANSAS CITY|JACKSON
JACKSON - 000162,26,1.0000000000,29.0000000000,29.0000000000,1,KANSAS CITY,KANSAS CITY|JACKSON
JACKSON - 000163,26,1.0000000000,7.0000000000,7.0000000000,1,KANSAS CITY,KANSAS CITY|JACKSON
JACKSON - 000164,25,1.0000000000,14.0000000000,14.0000000000,1,KANSAS CITY,KANSAS CITY|JACKSON
JACKSON - 000165,25,1.0000000000,16.0000000000,16.0000000000,1,KANSAS CITY,KANSAS CITY|JACKSON
JACKSON - 000166,37,1.0000000000,8.0000000000,8.0000000000,1,KANSAS CITY,KANSAS CITY|JACKSON
JACKSON - 000167,26,0.2727272727,3.0000000000,11.0000000000,1,KANSAS CITY,KANSAS CITY|JACKSON
JACKSON - 000167,37,0.7272727273,8.0000000000,11.0000000000,1,KANSAS CITY,KANSAS CITY|JACKSON
JACKSON - 000168,26,1.0000000000,8.0000000000,8.0000000000,1,KANSAS CITY,KANSAS CITY|JACKSON
JACKSON - 000169,26,0.0526315789,1.0000000000,19.0000000000,1,KANSAS CITY,KANSAS CITY|JACKSON
JACKSON - 000169,37,0.9473684211,18.0000000000,19.0000000000,1,KANSAS CITY,KANSAS CITY|JACKSON
JACKSON - 000172,37,1.0000000000,1.0000000000,1.0000000000,1,KANSAS CITY,KANSAS CITY|JACKSON
JACKSON - 000173,37,1.0000000000,1.0000000000,1.0000000000,1,KANSAS CITY,KANSAS CITY|JACKSON
JACKSON - 000174,37,1.0000000000,7.0000000000,7.0000000000,1,KANSAS CITY,KANSAS CITY|JACKSON
JACKSON - 000175,19,0.9272727273,51.0000000000,55.0000000000,1,KANSAS CITY,KANSAS CITY|JACKSON
JACKSON - 000175,23,0.0727272727,4.0000000000,55.0000000000,1,KANSAS CITY,KANSAS CITY|JACKSON
JACKSON - 000176,19,1.0000000000,44.0000000000,44.0000000000,1,KANSAS CITY,KANSAS CITY|JACKSON
JACKSON - 000177,19,0.2222222222,10.0000000000,45.0000000000,1,KANSAS CITY,KANSAS CITY|JACKSON
JACKSON - 000177,23,0.7777777778,35.0000000000,45.0000000000,1,KANSAS CITY,KANSAS CITY|JACKSON
JACKSON - 000178,19,0.5454545455,6.0000000000,11.0000000000,1,KANSAS CITY,KANSAS CITY|JACKSON
JACKSON - 000178,23,0.4545454545,5.0000000000,11.0000000000,1,KANSAS CITY,KANSAS CITY|JACKSON
JACKSON - 000179,19,1.0000000000,39.0000000000,39.0000000000,1,KANSAS CITY,KANSAS CITY|JACKSON
JACKSON - 000180,19,1.0000000000,18.0000000000,18.0000000000,1,KANSAS CITY,KANSAS CITY|JACKSON
JACKSON - 000181,19,1.0000000000,2.0000000000,2.0000000000,1,KANSAS CITY,KANSAS CITY|JACKSON
JACKSON - 000182,23,1.0000000000,12.0000000000,12.0000000000,1,KANSAS CITY,KANSAS CITY|JACKSON
JACKSON - 000183,19,1.0000000000,7.0000000000,7.0000000000,1,KANSAS CITY,KANSAS CITY|JACKSON
JACKSON - 000184,19,1.0000000000,5.0000000000,5.0000000000,1,KANSAS CITY,KANSAS CITY|JACKSON
JACKSON - 000185,19,0.7000000000,7.0000000000,10.0000000000,1,KANSAS CITY,KANSAS CITY|JACKSON
JACKSON - 000185,23,0.3000000000,3.0000000000,10.0000000000,1,KANSAS CITY,KANSAS CITY|JACKSON
JACKSON - 000186,19,1.0000000000,24.0000000000,24.0000000000,1,KANSAS CITY,KANSAS CITY|JACKSON
JACKSON - 000187,19,1.0000000000,16.0000000000,16.0000000000,1,KANSAS CITY,KANSAS CITY|JACKSON
JACKSON - 000188,19,1.0000000000,24.0000000000,24.0000000000,1,KANSAS CITY,KANSAS CITY|JACKSON
JACKSON - 000189,19,1.0000000000,16.0000000000,16.0000000000,1,KANSAS CITY,KANSAS CITY|JACKSON
JACKSON - 000190,19,1.0000000000,16.0000000000,16.0000000000,1,KANSAS CITY,KANSAS CITY|JACKSON
JACKSON - 000191,19,1.0000000000,34.0000000000,34.0000000000,1,KANSAS CITY,KANSAS CITY|JACKSON
JACKSON - 000192,19,1.0000000000,16.0000000000,16.0000000000,1,KANSAS CITY,KANSAS CITY|JACKSON
JACKSON - 000193,19,1.0000000000,18.0000000000,18.0000000000,1,KANSAS CITY,KANSAS CITY|JACKSON
JACKSON - 000194,19,1.0000000000,9.0000000000,9.0000000000,1,KANSAS CITY,KANSAS CITY|JACKSON
JACKSON - 000195,19,1.0000000000,23.0000000000,23.0000000000,1,KANSAS CITY,KANSAS CITY|JACKSON
JACKSON - 000196,19,1.0000000000,91.0000000000,91.0000000000,1,KANSAS CITY,KANSAS CITY|JACKSON
JACKSON - 000197,19,1.0000000000,41.0000000000,41.0000000000,1,KANSAS CITY,KANSAS CITY|JACKSON
JACKSON - 000198,19,1.0000000000,37.0000000000,37.0000000000,1,KANSAS CITY,KANSAS CITY|JACKSON
JACKSON - 000200,19,1.0000000000,7.0000000000,7.0000000000,1,KANSAS CITY,KANSAS CITY|JACKSON
JACKSON - 000201,19,0.9444444444,17.0000000000,18.0000000000,1,KANSAS CITY,KANSAS CITY|JACKSON
JACKSON - 000201,23,0.0555555556,1.0000000000,18.0000000000,1,KANSAS CITY,KANSAS CITY|JACKSON
JACKSON - 000202,19,1.0000000000,35.0000000000,35.0000000000,1,KANSAS CITY,KANSAS CITY|JACKSON
JACKSON - 000203,19,0.8076923077,21.0000000000,26.0000000000,1,KANSAS CITY,KANSAS CITY|JACKSON
JACKSON - 000203,23,0.1923076923,5.0000000000,26.0000000000,1,KANSAS CITY,KANSAS CITY|JACKSON
JACKSON - 000204,19,0.2181818182,12.0000000000,55.0000000000,1,KANSAS CITY,KANSAS CITY|JACKSON
JACKSON - 000204,23,0.7818181818,43.0000000000,55.0000000000,1,KANSAS CITY,KANSAS CITY|JACKSON
JACKSON - 000205,23,1.0000000000,54.0000000000,54.0000000000,1,KANSAS CITY,KANSAS CITY|JACKSON
JACKSON - 000206,23,1.0000000000,35.0000000000,35.0000000000,1,KANSAS CITY,KANSAS CITY|JACKSON
JACKSON - 000207,23,1.0000000000,39.0000000000,39.0000000000,1,KANSAS CITY,KANSAS CITY|JACKSON
JACKSON - 000208,23,1.0000000000,14.0000000000,14.0000000000,1,KANSAS CITY,KANSAS CITY|JACKSON
JACKSON - 000209,23,1.0000000000,41.0000000000,41.0000000000,1,KANSAS CITY,KANSAS CITY|JACKSON
JACKSON - 000210,23,1.0000000000,21.0000000000,21.0000000000,1,KANSAS CITY,KANSAS CITY|JACKSON
JACKSON - 000211,23,1.0000000000,28.0000000000,28.0000000000,1,KANSAS CITY,KANSAS CITY|JACKSON
JACKSON - 000212,23,1.0000000000,34.0000000000,34.0000000000,1,KANSAS CITY,KANSAS CITY|JACKSON
JACKSON - 000213,23,1.0000000000,30.0000000000,30.0000000000,1,KANSAS CITY,KANSAS CITY|JACKSON
JACKSON - 000214,23,1.0000000000,18.0000000000,18.0000000000,1,KANSAS CITY,KANSAS CITY|JACKSON
JACKSON - 000215,23,1.0000000000,14.0000000000,14.0000000000,1,KANSAS CITY,KANSAS CITY|JACKSON
JACKSON - 000216,23,1.0000000000,18.0000000000,18.0000000000,1,KANSAS CITY,KANSAS CITY|JACKSON
JACKSON - 000217,23,1.0000000000,26.0000000000,26.0000000000,1,KANSAS CITY,KANSAS CITY|JACKSON
JACKSON - 000218,23,1.0000000000,13.0000000000,13.0000000000,1,KANSAS CITY,KANSAS CITY|JACKSON
JACKSON - 000219,23,1.0000000000,11.0000000000,11.0000000000,1,KANSAS CITY,KANSAS CITY|JACKSON
JACKSON - 000220,22,0.5882352941,10.0000000000,17.0000000000,1,KANSAS CITY,KANSAS CITY|JACKSON
JACKSON - 000220,23,0.4117647059,7.0000000000,17.0000000000,1,KANSAS CITY,KANSAS CITY|JACKSON
JACKSON - 000221,22,1.0000000000,14.0000000000,14.0000000000,1,KANSAS CITY,KANSAS CITY|JACKSON
JACKSON - 000222,22,0.3333333333,6.0000000000,18.0000000000,1,KANSAS CITY,KANSAS CITY|JACKSON
JACKSON - 000222,23,0.6666666667,12.0000000000,18.0000000000,1,KANSAS CITY,KANSAS CITY|JACKSON
JACKSON - 000223,22,0.1428571429,2.0000000000,14.0000000000,1,KANSAS CITY,KANSAS CITY|JACKSON
JACKSON - 000223,23,0.8571428571,12.0000000000,14.0000000000,1,KANSAS CITY,KANSAS CITY|JACKSON
JACKSON - 000224,22,1.0000000000,7.0000000000,7.0000000000,1,KANSAS CITY,KANSAS CITY|JACKSON
JACKSON - 000225,19,0.6428571429,18.0000000000,28.0000000000,1,KANSAS CITY,KANSAS CITY|JACKSON
JACKSON - 000225,22,0.3214285714,9.0000000000,28.0000000000,1,KANSAS CITY,KANSAS CITY|JACKSON
JACKSON - 000225,23,0.0357142857,1.0000000000,28.0000000000,1,KANSAS CITY,KANSAS CITY|JACKSON
JACKSON - 000226,22,1.0000000000,15.0000000000,15.0000000000,1,KANSAS CITY,KANSAS CITY|JACKSON
JACKSON - 000227,22,1.0000000000,16.0000000000,16.0000000000,1,KANSAS CITY,KANSAS CITY|JACKSON
JACKSON - 000228,22,1.0000000000,27.0000000000,27.0000000000,1,KANSAS CITY,KANSAS CITY|JACKSON
JACKSON - 000229,22,1.0000000000,15.0000000000,15.0000000000,1,KANSAS CITY,KANSAS CITY|JACKSON
JACKSON - 000230,22,0.8421052632,16.0000000000,19.0000000000,1,KANSAS CITY,KANSAS CITY|JACKSON
JACKSON - 000230,23,0.1578947368,3.0000000000,19.0000000000,1,KANSAS CITY,KANSAS CITY|JACKSON
JACKSON - 000231,22,1.0000000000,26.0000000000,26.0000000000,1,KANSAS CITY,KANSAS CITY|JACKSON
JACKSON - 000232,22,1.0000000000,22.0000000000,22.0000000000,1,KANSAS CITY,KANSAS CITY|JACKSON
JACKSON - 000233,22,1.0000000000,39.0000000000,39.0000000000,1,KANSAS CITY,KANSAS CITY|JACKSON
JACKSON - 000234,22,0.0357142857,1.0000000000,28.0000000000,1,KANSAS CITY,KANSAS CITY|JACKSON
JACKSON - 000234,27,0.9642857143,27.0000000000,28.0000000000,1,KANSAS CITY,KANSAS CITY|JACKSON
JACKSON - 000235,27,1.0000000000,5.0000000000,5.0000000000,1,KANSAS CITY,KANSAS CITY|JACKSON
JACKSON - 000236,27,1.0000000000,10.0000000000,10.0000000000,1,KANSAS CITY,KANSAS CITY|JACKSON
JACKSON - 000238,27,1.0000000000,5.0000000000,5.0000000000,1,KANSAS CITY,KANSAS CITY|JACKSON
JACKSON - 000239,27,1.0000000000,7.0000000000,7.0000000000,1,KANSAS CITY,KANSAS CITY|JACKSON
JACKSON - 000241,27,1.0000000000,33.0000000000,33.0000000000,1,KANSAS CITY,KANSAS CITY|JACKSON
JACKSON - 000242,27,1.0000000000,26.0000000000,26.0000000000,1,KANSAS CITY,KANSAS CITY|JACKSON
JACKSON - 000243,22,0.8800000000,22.0000000000,25.0000000000,1,KANSAS CITY,KANSAS CITY|JACKSON
JACKSON - 000243,27,0.1200000000,3.0000000000,25.0000000000,1,KANSAS CITY,KANSAS CITY|JACKSON
JACKSON - 000244,27,1.0000000000,19.0000000000,19.0000000000,1,KANSAS CITY,KANSAS CITY|JACKSON
JACKSON - 000245,22,0.4285714286,6.0000000000,14.0000000000,1,KANSAS CITY,KANSAS CITY|JACKSON
JACKSON - 000245,27,0.5714285714,8.0000000000,14.0000000000,1,KANSAS CITY,KANSAS CITY|JACKSON
JACKSON - 000246,27,1.0000000000,33.0000000000,33.0000000000,1,KANSAS CITY,KANSAS CITY|JACKSON
JACKSON - 000247,27,1.0000000000,21.0000000000,21.0000000000,1,KANSAS CITY,KANSAS CITY|JACKSON
JACKSON - 000248,27,1.0000000000,6.0000000000,6.0000000000,1,KANSAS CITY,KANSAS CITY|JACKSON
JACKSON - 000249,27,1.0000000000,10.0000000000,10.0000000000,1,KANSAS CITY,KANSAS CITY|JACKSON
JACKSON - 000250,27,1.0000000000,5.0000000000,5.0000000000,1,KANSAS CITY,KANSAS CITY|JACKSON
JACKSON - 000251,27,1.0000000000,28.0000000000,28.0000000000,1,KANSAS CITY,KANSAS CITY|JACKSON
JACKSON - 000253,27,1.0000000000,26.0000000000,26.0000000000,0,JACKSON,JACKSON|KANSAS CITY
JACKSON - 000254,27,1.0000000000,25.0000000000,25.0000000000,1,KANSAS CITY,KANSAS CITY|JACKSON
JACKSON - 000255,27,1.0000000000,28.0000000000,28.0000000000,1,KANSAS CITY,KANSAS CITY|JACKSON
JACKSON - 000256,27,1.0000000000,27.0000000000,27.0000000000,1,KANSAS CITY,KANSAS CITY|JACKSON
JACKSON - 000257,27,1.0000000000,11.0000000000,11.0000000000,1,KANSAS CITY,KANSAS CITY|JACKSON
JACKSON - 000258,27,1.0000000000,26.0000000000,26.0000000000,1,KANSAS CITY,KANSAS CITY|JACKSON
JACKSON - 000259,27,1.0000000000,75.0000000000,75.0000000000,1,KANSAS CITY,KANSAS CITY|JACKSON
JACKSON - 000260,27,1.0000000000,16.0000000000,16.0000000000,1,KANSAS CITY,KANSAS CITY|JACKSON
JACKSON - 000261,27,1.0000000000,36.0000000000,36.0000000000,1,KANSAS CITY,KANSAS CITY|JACKSON
JACKSON - 000263,27,1.0000000000,8.0000000000,8.0000000000,1,KANSAS CITY,KANSAS CITY|JACKSON
JACKSON - 000264,27,1.0000000000,1.0000000000,1.0000000000,1,KANSAS CITY,KANSAS CITY|JACKSON
JACKSON - 000265,26,1.0000000000,27.0000000000,27.0000000000,1,KANSAS CITY,KANSAS CITY|JACKSON
JACKSON - 000266,27,1.0000000000,30.0000000000,30.0000000000,1,KANSAS CITY,KANSAS CITY|JACKSON
JACKSON - 000267,27,1.0000000000,34.0000000000,34.0000000000,1,KANSAS CITY,KANSAS CITY|JACKSON
JACKSON - 000268,27,1.0000000000,29.0000000000,29.0000000000,1,KANSAS CITY,KANSAS CITY|JACKSON
JACKSON - 000269,26,1.0000000000,13.0000000000,13.0000000000,1,KANSAS CITY,KANSAS CITY|JACKSON
JACKSON - 000270,26,0.9729729730,36.0000000000,37.0000000000,1,KANSAS CITY,KANSAS CITY|JACKSON
JACKSON - 000270,27,0.0270270270,1.0000000000,37.0000000000,1,KANSAS CITY,KANSAS CITY|JACKSON
JACKSON - 000271,26,1.0000000000,25.0000000000,25.0000000000,1,KANSAS CITY,KANSAS CITY|JACKSON
JACKSON - 000272,26,1.0000000000,37.0000000000,37.0000000000,1,KANSAS CITY,KANSAS CITY|JACKSON
JACKSON - 000273,26,1.0000000000,22.0000000000,22.0000000000,1,KANSAS CITY,KANSAS CITY|JACKSON
JACKSON - 000275,26,1.0000000000,17.0000000000,17.0000000000,1,KANSAS CITY,KANSAS CITY|JACKSON
JACKSON - 000276,26,1.0000000000,12.0000000000,12.0000000000,1,KANSAS CITY,KANSAS CITY|JACKSON
JACKSON - 000277,27,1.0000000000,15.0000000000,15.0000000000,1,KANSAS CITY,KANSAS CITY|JACKSON
JACKSON - 000278,27,1.0000000000,14.0000000000,14.0000000000,1,KANSAS CITY,KANSAS CITY|JACKSON
JACKSON - 000279,26,1.0000000000,10.0000000000,10.0000000000,1,KANSAS CITY,KANSAS CITY|JACKSON
JACKSON - 000280,26,1.0000000000,3.0000000000,3.0000000000,1,KANSAS CITY,KANSAS CITY|JACKSON
JACKSON - 000281,26,1.0000000000,10.0000000000,10.0000000000,1,KANSAS CITY,KANSAS CITY|JACKSON
JACKSON - 000282,26,1.0000000000,35.0000000000,35.0000000000,1,KANSAS CITY,KANSAS CITY|JACKSON
JACKSON - 000283,26,1.0000000000,12.0000000000,12.0000000000,1,KANSAS CITY,KANSAS CITY|JACKSON
JACKSON - 000284,26,1.0000000000,11.0000000000,11.0000000000,1,KANSAS CITY,KANSAS CITY|JACKSON
JACKSON - 000285,26,1.0000000000,31.0000000000,31.0000000000,1,KANSAS CITY,KANSAS CITY|JACKSON
JACKSON - 000286,26,1.0000000000,26.0000000000,26.0000000000,1,KANSAS CITY,KANSAS CITY|JACKSON
JACKSON - 000287,26,1.0000000000,21.0000000000,21.0000000000,1,KANSAS CITY,KANSAS CITY|JACKSON
JACKSON - 000288,26,1.0000000000,15.0000000000,15.0000000000,1,KANSAS CITY,KANSAS CITY|JACKSON
JACKSON - 000289,26,1.0000000000,5.0000000000,5.0000000000,1,KANSAS CITY,KANSAS CITY|JACKSON
JACKSON - 000290,26,0.8571428571,6.0000000000,7.0000000000,1,KANSAS CITY,KANSAS CITY|JACKSON
JACKSON - 000290,37,0.1428571429,1.0000000000,7.0000000000,1,KANSAS CITY,KANSAS CITY|JACKSON
JACKSON - 000291,37,1.0000000000,21.0000000000,21.0000000000,1,KANSAS CITY,KANSAS CITY|JACKSON
JACKSON - 000292,26,0.7500000000,3.0000000000,4.0000000000,1,KANSAS CITY,KANSAS CITY|JACKSON
JACKSON - 000292,27,0.2500000000,1.0000000000,4.0000000000,1,KANSAS CITY,KANSAS CITY|JACKSON
JACKSON - 000293,26,1.0000000000,8.0000000000,8.0000000000,1,KANSAS CITY,KANSAS CITY|JACKSON
JACKSON - 000295,26,1.0000000000,9.0000000000,9.0000000000,1,KANSAS CITY,KANSAS CITY|JACKSON
JACKSON - 000296,25,0.8333333333,25.0000000000,30.0000000000,1,KANSAS CITY,KANSAS CITY|JACKSON
JACKSON - 000296,26,0.1666666667,5.0000000000,30.0000000000,1,KANSAS CITY,KANSAS CITY|JACKSON
JACKSON - 000298,23,1.0000000000,28.0000000000,28.0000000000,1,KANSAS CITY,KANSAS CITY|JACKSON
JACKSON - 000299,23,1.0000000000,24.0000000000,24.0000000000,1,KANSAS CITY,KANSAS CITY|JACKSON
JACKSON - 000300,23,1.0000000000,52.0000000000,52.0000000000,1,KANSAS CITY,KANSAS CITY|JACKSON
JACKSON - 000301,23,1.0000000000,63.0000000000,63.0000000000,1,KANSAS CITY,KANSAS CITY|JACKSON
JACKSON - 000302,22,0.0500000000,2.0000000000,40.0000000000,1,KANSAS CITY,KANSAS CITY|JACKSON
JACKSON - 000302,23,0.8000000000,32.0000000000,40.0000000000,1,KANSAS CITY,KANSAS CITY|JACKSON
JACKSON - 000302,24,0.1500000000,6.0000000000,40.0000000000,1,KANSAS CITY,KANSAS CITY|JACKSON
JACKSON - 000303,23,1.0000000000,10.0000000000,10.0000000000,1,KANSAS CITY,KANSAS CITY|JACKSON
JACKSON - 000304,23,1.0000000000,23.0000000000,23.0000000000,1,KANSAS CITY,KANSAS CITY|JACKSON
JACKSON - 000305,23,1.0000000000,31.0000000000,31.0000000000,1,KANSAS CITY,KANSAS CITY|JACKSON
JACKSON - 000306,23,1.0000000000,28.0000000000,28.0000000000,1,KANSAS CITY,KANSAS CITY|JACKSON
JACKSON - 000307,23,1.0000000000,22.0000000000,22.0000000000,1,KANSAS CITY,KANSAS CITY|JACKSON
JACKSON - 000308,23,1.0000000000,75.0000000000,75.0000000000,1,KANSAS CITY,KANSAS CITY|JACKSON
JACKSON - 000310,19,0.4242424242,14.0000000000,33.0000000000,1,KANSAS CITY,KANSAS CITY|JACKSON
JACKSON - 000310,23,0.5757575758,19.0000000000,33.0000000000,1,KANSAS CITY,KANSAS CITY|JACKSON
JACKSON - 000311,23,0.9705882353,33.0000000000,34.0000000000,1,KANSAS CITY,KANSAS CITY|JACKSON
JACKSON - 000311,24,0.0294117647,1.0000000000,34.0000000000,1,KANSAS CITY,KANSAS CITY|JACKSON
JACKSON - 000312,23,1.0000000000,23.0000000000,23.0000000000,1,KANSAS CITY,KANSAS CITY|JACKSON
JACKSON - 000313,19,1.0000000000,2.0000000000,2.0000000000,1,KANSAS CITY,KANSAS CITY|JACKSON
JACKSON - 000314,37,1.0000000000,27.0000000000,27.0000000000,1,KANSAS CITY,KANSAS CITY|JACKSON
JACKSON - 000315,37,1.0000000000,29.0000000000,29.0000000000,1,KANSAS CITY,KANSAS CITY|JACKSON
JACKSON - 000316,37,1.0000000000,29.0000000000,29.0000000000,1,KANSAS CITY,KANSAS CITY|JACKSON
JACKSON - 000317,37,1.0000000000,18.0000000000,18.0000000000,1,KANSAS CITY,KANSAS CITY|JACKSON
JACKSON - 000318,37,1.0000000000,16.0000000000,16.0000000000,1,KANSAS CITY,KANSAS CITY|JACKSON
JACKSON - 000319,37,1.0000000000,19.0000000000,19.0000000000,1,KANSAS CITY,KANSAS CITY|JACKSON
JACKSON - 000320,36,1.0000000000,9.0000000000,9.0000000000,1,KANSAS CITY,KANSAS CITY|JACKSON
JACKSON - 000321,36,0.0555555556,1.0000000000,18.0000000000,1,KANSAS CITY,KANSAS CITY|JACKSON
JACKSON - 000321,37,0.9444444444,17.0000000000,18.0000000000,1,KANSAS CITY,KANSAS CITY|JACKSON
JACKSON - 000322,37,1.0000000000,46.0000000000,46.0000000000,1,KANSAS CITY,KANSAS CITY|JACKSON
JACKSON - 000324,37,1.0000000000,38.0000000000,38.0000000000,1,KANSAS CITY,KANSAS CITY|JACKSON
JACKSON - 000326,36,0.0333333333,1.0000000000,30.0000000000,1,KANSAS CITY,KANSAS CITY|JACKSON
JACKSON - 000326,37,0.9666666667,29.0000000000,30.0000000000,1,KANSAS CITY,KANSAS CITY|JACKSON
JACKSON - 000327,37,1.0000000000,15.0000000000,15.0000000000,1,KANSAS CITY,KANSAS CITY|JACKSON
JACKSON - 000328,36,1.0000000000,14.0000000000,14.0000000000,1,KANSAS CITY,KANSAS CITY|JACKSON
JACKSON - 000329,36,1.0000000000,20.0000000000,20.0000000000,1,KANSAS CITY,KANSAS CITY|JACKSON
JACKSON - 000330,36,1.0000000000,5.0000000000,5.0000000000,1,KANSAS CITY,KANSAS CITY|JACKSON
JACKSON - 000331,36,1.0000000000,13.0000000000,13.0000000000,1,KANSAS CITY,KANSAS CITY|JACKSON
JACKSON - 000332,36,0.9090909091,20.0000000000,22.0000000000,1,KANSAS CITY,KANSAS CITY|JACKSON
JACKSON - 000332,37,0.0909090909,2.0000000000,22.0000000000,1,KANSAS CITY,KANSAS CITY|JACKSON
JACKSON - 000333,36,1.0000000000,24.0000000000,24.0000000000,1,KANSAS CITY,KANSAS CITY|JACKSON
JACKSON - 000334,36,1.0000000000,13.0000000000,13.0000000000,1,KANSAS CITY,KANSAS CITY|JACKSON
JACKSON - 000335,36,1.0000000000,66.0000000000,66.0000000000,1,KANSAS CITY,KANSAS CITY|JACKSON
JACKSON - 000337,22,1.0000000000,6.0000000000,6.0000000000,1,KANSAS CITY,KANSAS CITY|JACKSON
JACKSON - 000338,19,0.9750000000,39.0000000000,40.0000000000,1,KANSAS CITY,KANSAS CITY|JACKSON
JACKSON - 000338,22,0.0250000000,1.0000000000,40.0000000000,1,KANSAS CITY,KANSAS CITY|JACKSON
JACKSON - 000339,19,0.0645161290,2.0000000000,31.0000000000,1,KANSAS CITY,KANSAS CITY|JACKSON
JACKSON - 000339,22,0.9354838710,29.0000000000,31.0000000000,1,KANSAS CITY,KANSAS CITY|JACKSON
JACKSON - 000340,28,1.0000000000,2.0000000000,2.0000000000,1,KANSAS CITY,KANSAS CITY|JACKSON
JACKSON - 000341,28,1.0000000000,27.0000000000,27.0000000000,1,KANSAS CITY,KANSAS CITY|JACKSON
JACKSON - 000342,28,0.9565217391,22.0000000000,23.0000000000,1,KANSAS CITY,KANSAS CITY|JACKSON
JACKSON - 000342,29,0.0434782609,1.0000000000,23.0000000000,1,KANSAS CITY,KANSAS CITY|JACKSON
JACKSON - 000343,28,1.0000000000,21.0000000000,21.0000000000,1,KANSAS CITY,KANSAS CITY|JACKSON
JACKSON - 000344,22,0.2500000000,1.0000000000,4.0000000000,1,KANSAS CITY,KANSAS CITY|JACKSON
JACKSON - 000344,28,0.7500000000,3.0000000000,4.0000000000,1,KANSAS CITY,KANSAS CITY|JACKSON
JACKSON - 000345,28,1.0000000000,12.0000000000,12.0000000000,1,KANSAS CITY,KANSAS CITY|JACKSON
JACKSON - 000346,22,0.8888888889,8.0000000000,9.0000000000,1,KANSAS CITY,KANSAS CITY|JACKSON
JACKSON - 000346,28,0.1111111111,1.0000000000,9.0000000000,1,KANSAS CITY,KANSAS CITY|JACKSON
JACKSON - 000347,27,0.2222222222,2.0000000000,9.0000000000,1,KANSAS CITY,KANSAS CITY|JACKSON
JACKSON - 000347,28,0.7777777778,7.0000000000,9.0000000000,1,KANSAS CITY,KANSAS CITY|JACKSON
JACKSON - 000348,22,0.3636363636,8.0000000000,22.0000000000,1,KANSAS CITY,KANSAS CITY|JACKSON
JACKSON - 000348,27,0.6363636364,14.0000000000,22.0000000000,1,KANSAS CITY,KANSAS CITY|JACKSON
JACKSON - 000349,27,0.8500000000,17.0000000000,20.0000000000,1,KANSAS CITY,KANSAS CITY|JACKSON
JACKSON - 000349,28,0.1500000000,3.0000000000,20.0000000000,1,KANSAS CITY,KANSAS CITY|JACKSON
JACKSON - 000350,27,1.0000000000,16.0000000000,16.0000000000,1,KANSAS CITY,KANSAS CITY|JACKSON
JACKSON - 000353,22,1.0000000000,26.0000000000,26.0000000000,1,KANSAS CITY,KANSAS CITY|JACKSON
JACKSON - 000354,28,1.0000000000,10.0000000000,10.0000000000,1,KANSAS CITY,KANSAS CITY|JACKSON
JACKSON - 000355,35,1.0000000000,8.0000000000,8.0000000000,1,KANSAS CITY,KANSAS CITY|JACKSON
JACKSON - 000356,35,1.0000000000,14.0000000000,14.0000000000,1,KANSAS CITY,KANSAS CITY|JACKSON
JACKSON - 000357,35,1.0000000000,28.0000000000,28.0000000000,1,KANSAS CITY,KANSAS CITY|JACKSON
JACKSON - 000358,35,1.0000000000,40.0000000000,40.0000000000,1,KANSAS CITY,KANSAS CITY|JACKSON
JACKSON - 000359,35,1.0000000000,27.0000000000,27.0000000000,1,KANSAS CITY,KANSAS CITY|JACKSON
JACKSON - 000360,35,1.0000000000,7.0000000000,7.0000000000,1,KANSAS CITY,KANSAS CITY|JACKSON
JACKSON - 000361,35,1.0000000000,5.0000000000,5.0000000000,1,KANSAS CITY,KANSAS CITY|JACKSON
JACKSON - 000362,35,1.0000000000,21.0000000000,21.0000000000,1,KANSAS CITY,KANSAS CITY|JACKSON
JACKSON - 000363,35,1.0000000000,2.0000000000,2.0000000000,1,KANSAS CITY,KANSAS CITY|JACKSON
JACKSON - 000364,35,1.0000000000,25.0000000000,25.0000000000,1,KANSAS CITY,KANSAS CITY|JACKSON
JACKSON - 000365,35,1.0000000000,7.0000000000,7.0000000000,1,KANSAS CITY,KANSAS CITY|JACKSON
JACKSON - 000366,35,1.0000000000,4.0000000000,4.0000000000,1,KANSAS CITY,KANSAS CITY|JACKSON
JACKSON - 000368,35,1.0000000000,3.0000000000,3.0000000000,1,KANSAS CITY,KANSAS CITY|JACKSON
JACKSON - 000369,35,1.0000000000,5.0000000000,5.0000000000,1,KANSAS CITY,KANSAS CITY|JACKSON
JACKSON - 000370,35,1.0000000000,3.0000000000,3.0000000000,1,KANSAS CITY,KANSAS CITY|JACKSON
JACKSON - 000371,35,1.0000000000,16.0000000000,16.0000000000,1,KANSAS CITY,KANSAS CITY|JACKSON
JACKSON - 000372,35,1.0000000000,4.0000000000,4.0000000000,1,KANSAS CITY,KANSAS CITY|JACKSON
JACKSON - 000373,35,1.0000000000,11.0000000000,11.0000000000,1,KANSAS CITY,KANSAS CITY|JACKSON
JACKSON - 000374,26,0.5333333333,8.0000000000,15.0000000000,1,KANSAS CITY,KANSAS CITY|JACKSON
JACKSON - 000374,35,0.4666666667,7.0000000000,15.0000000000,1,KANSAS CITY,KANSAS CITY|JACKSON
JACKSON - 000375,26,1.0000000000,7.0000000000,7.0000000000,1,KANSAS CITY,KANSAS CITY|JACKSON
JACKSON - 000378,35,1.0000000000,1.0000000000,1.0000000000,1,KANSAS CITY,KANSAS CITY|JACKSON
JACKSON - 000379,35,1.0000000000,1.0000000000,1.0000000000,1,KANSAS CITY,KANSAS CITY|JACKSON
JACKSON - 000382,35,1.0000000000,1.0000000000,1.0000000000,1,KANSAS CITY,KANSAS CITY|JACKSON
JACKSON - 000383,35,1.0000000000,5.0000000000,5.0000000000,1,KANSAS CITY,KANSAS CITY|JACKSON
JACKSON - 000385,35,1.0000000000,2.0000000000,2.0000000000,1,KANSAS CITY,KANSAS CITY|JACKSON
JACKSON - 000386,26,1.0000000000,20.0000000000,20.0000000000,1,KANSAS CITY,KANSAS CITY|JACKSON
JACKSON - 000387,37,1.0000000000,16.0000000000,16.0000000000,1,KANSAS CITY,KANSAS CITY|JACKSON
JACKSON - 000388,37,1.0000000000,24.0000000000,24.0000000000,1,KANSAS CITY,KANSAS CITY|JACKSON
JACKSON - 000389,35,0.5675675676,21.0000000000,37.0000000000,1,KANSAS CITY,KANSAS CITY|JACKSON
JACKSON - 000389,37,0.4324324324,16.0000000000,37.0000000000,1,KANSAS CITY,KANSAS CITY|JACKSON
JACKSON - 000390,37,1.0000000000,14.0000000000,14.0000000000,1,KANSAS CITY,KANSAS CITY|JACKSON
JACKSON - 000391,37,1.0000000000,15.0000000000,15.0000000000,1,KANSAS CITY,KANSAS CITY|JACKSON
JACKSON - 000392,37,1.0000000000,21.0000000000,21.0000000000,1,KANSAS CITY,KANSAS CITY|JACKSON
JACKSON - 000393,37,1.0000000000,20.0000000000,20.0000000000,1,KANSAS CITY,KANSAS CITY|JACKSON
JACKSON - 000394,37,1.0000000000,22.0000000000,22.0000000000,1,KANSAS CITY,KANSAS CITY|JACKSON
JACKSON - 000395,37,1.0000000000,22.0000000000,22.0000000000,1,KANSAS CITY,KANSAS CITY|JACKSON
JACKSON - 000396,36,1.0000000000,31.0000000000,31.0000000000,1,KANSAS CITY,KANSAS CITY|JACKSON
JACKSON - 000397,36,1.0000000000,5.0000000000,5.0000000000,1,KANSAS CITY,KANSAS CITY|JACKSON
JACKSON - 000398,35,0.2500000000,1.0000000000,4.0000000000,1,KANSAS CITY,KANSAS CITY|JACKSON
JACKSON - 000398,37,0.7500000000,3.0000000000,4.0000000000,1,KANSAS CITY,KANSAS CITY|JACKSON
JACKSON - 000399,26,0.9565217391,22.0000000000,23.0000000000,1,KANSAS CITY,KANSAS CITY|JACKSON
JACKSON - 000399,27,0.0434782609,1.0000000000,23.0000000000,1,KANSAS CITY,KANSAS CITY|JACKSON
JACKSON - 000400,26,1.0000000000,15.0000000000,15.0000000000,1,KANSAS CITY,KANSAS CITY|JACKSON
JACKSON - 000401,37,1.0000000000,10.0000000000,10.0000000000,1,KANSAS CITY,KANSAS CITY|JACKSON
JACKSON - 000402,26,1.0000000000,12.0000000000,12.0000000000,1,KANSAS CITY,KANSAS CITY|JACKSON
JACKSON - 000403,26,1.0000000000,18.0000000000,18.0000000000,1,KANSAS CITY,KANSAS CITY|JACKSON
JACKSON - 000404,26,1.0000000000,12.0000000000,12.0000000000,1,KANSAS CITY,KANSAS CITY|JACKSON
JACKSON - 000405,26,1.0000000000,16.0000000000,16.0000000000,1,KANSAS CITY,KANSAS CITY|JACKSON
JACKSON - 000406,26,0.3333333333,2.0000000000,6.0000000000,1,KANSAS CITY,KANSAS CITY|JACKSON
JACKSON - 000406,35,0.5000000000,3.0000000000,6.0000000000,1,KANSAS CITY,KANSAS CITY|JACKSON
JACKSON - 000406,37,0.1666666667,1.0000000000,6.0000000000,1,KANSAS CITY,KANSAS CITY|JACKSON
JACKSON - 000407,26,0.8750000000,7.0000000000,8.0000000000,1,KANSAS CITY,KANSAS CITY|JACKSON
JACKSON - 000407,37,0.1250000000,1.0000000000,8.0000000000,1,KANSAS CITY,KANSAS CITY|JACKSON
JACKSON - 000408,26,0.6400000000,16.0000000000,25.0000000000,1,KANSAS CITY,KANSAS CITY|JACKSON
JACKSON - 000408,37,0.3600000000,9.0000000000,25.0000000000,1,KANSAS CITY,KANSAS CITY|JACKSON
JACKSON - 000409,37,1.0000000000,26.0000000000,26.0000000000,1,KANSAS CITY,KANSAS CITY|JACKSON
JACKSON - 000412,22,0.3125000000,5.0000000000,16.0000000000,1,KANSAS CITY,KANSAS CITY|JACKSON
JACKSON - 000412,24,0.6875000000,11.0000000000,16.0000000000,1,KANSAS CITY,KANSAS CITY|JACKSON
JACKSON - 000413,22,0.2500000000,2.0000000000,8.0000000000,1,KANSAS CITY,KANSAS CITY|JACKSON
JACKSON - 000413,24,0.7500000000,6.0000000000,8.0000000000,1,KANSAS CITY,KANSAS CITY|JACKSON
JACKSON - 000414,22,0.5185185185,14.0000000000,27.0000000000,1,KANSAS CITY,KANSAS CITY|JACKSON
JACKSON - 000414,23,0.4814814815,13.0000000000,27.0000000000,1,KANSAS CITY,KANSAS CITY|JACKSON
JACKSON - 000415,22,0.1250000000,2.0000000000,16.0000000000,1,KANSAS CITY,KANSAS CITY|JACKSON
JACKSON - 000415,23,0.8750000000,14.0000000000,16.0000000000,1,KANSAS CITY,KANSAS CITY|JACKSON
JACKSON - 000416,22,1.0000000000,16.0000000000,16.0000000000,1,KANSAS CITY,KANSAS CITY|JACKSON
JACKSON - 000417,22,1.0000000000,18.0000000000,18.0000000000,1,KANSAS CITY,KANSAS CITY|JACKSON
JACKSON - 000418,22,1.0000000000,16.0000000000,16.0000000000,1,KANSAS CITY,KANSAS CITY|JACKSON
JACKSON - 000419,22,1.0000000000,17.0000000000,17.0000000000,1,KANSAS CITY,KANSAS CITY|JACKSON
JACKSON - 000420,22,1.0000000000,29.0000000000,29.0000000000,1,KANSAS CITY,KANSAS CITY|JACKSON
JACKSON - 000421,22,1.0000000000,27.0000000000,27.0000000000,1,KANSAS CITY,KANSAS CITY|JACKSON
JACKSON - 000422,22,1.0000000000,16.0000000000,16.0000000000,1,KANSAS CITY,KANSAS CITY|JACKSON
JACKSON - 000423,22,1.0000000000,27.0000000000,27.0000000000,1,KANSAS CITY,KANSAS CITY|JACKSON
JACKSON - 000424,22,1.0000000000,8.0000000000,8.0000000000,1,KANSAS CITY,KANSAS CITY|JACKSON
JACKSON - 000425,24,1.0000000000,16.0000000000,16.0000000000,1,KANSAS CITY,KANSAS CITY|JACKSON
JACKSON - 000426,24,1.0000000000,13.0000000000,13.0000000000,1,KANSAS CITY,KANSAS CITY|JACKSON
JACKSON - 000427,24,1.0000000000,23.0000000000,23.0000000000,1,KANSAS CITY,KANSAS CITY|JACKSON
JACKSON - 000428,24,1.0000000000,14.0000000000,14.0000000000,1,KANSAS CITY,KANSAS CITY|JACKSON
JACKSON - 000429,24,1.0000000000,16.0000000000,16.0000000000,1,KANSAS CITY,KANSAS CITY|JACKSON
JACKSON - 000430,24,1.0000000000,25.0000000000,25.0000000000,1,KANSAS CITY,KANSAS CITY|JACKSON
JACKSON - 000431,24,1.0000000000,14.0000000000,14.0000000000,1,KANSAS CITY,KANSAS CITY|JACKSON
JACKSON - 000432,24,0.3636363636,4.0000000000,11.0000000000,1,KANSAS CITY,KANSAS CITY|JACKSON
JACKSON - 000432,27,0.6363636364,7.0000000000,11.0000000000,1,KANSAS CITY,KANSAS CITY|JACKSON
JACKSON - 000433,24,1.0000000000,14.0000000000,14.0000000000,1,KANSAS CITY,KANSAS CITY|JACKSON
JACKSON - 000434,24,0.1000000000,2.0000000000,20.0000000000,1,KANSAS CITY,KANSAS CITY|JACKSON
JACKSON - 000434,27,0.9000000000,18.0000000000,20.0000000000,1,KANSAS CITY,KANSAS CITY|JACKSON
JACKSON - 000435,24,0.9200000000,23.0000000000,25.0000000000,1,KANSAS CITY,KANSAS CITY|JACKSON
JACKSON - 000435,27,0.0800000000,2.0000000000,25.0000000000,1,KANSAS CITY,KANSAS CITY|JACKSON
JACKSON - 000436,24,1.0000000000,36.0000000000,36.0000000000,1,KANSAS CITY,KANSAS CITY|JACKSON
JACKSON - 000437,24,1.0000000000,39.0000000000,39.0000000000,1,KANSAS CITY,KANSAS CITY|JACKSON
JACKSON - 000438,24,1.0000000000,17.0000000000,17.0000000000,1,KANSAS CITY,KANSAS CITY|JACKSON
JACKSON - 000439,24,1.0000000000,22.0000000000,22.0000000000,1,KANSAS CITY,KANSAS CITY|JACKSON
JACKSON - 000440,24,0.8947368421,17.0000000000,19.0000000000,1,KANSAS CITY,KANSAS CITY|JACKSON
JACKSON - 000440,25,0.1052631579,2.0000000000,19.0000000000,1,KANSAS CITY,KANSAS CITY|JACKSON
JACKSON - 000441,24,1.0000000000,14.0000000000,14.0000000000,1,KANSAS CITY,KANSAS CITY|JACKSON
JACKSON - 000442,24,1.0000000000,26.0000000000,26.0000000000,1,KANSAS CITY,KANSAS CITY|JACKSON
JACKSON - 000443,24,0.3333333333,6.0000000000,18.0000000000,1,KANSAS CITY,KANSAS CITY|JACKSON
JACKSON - 000443,25,0.6666666667,12.0000000000,18.0000000000,1,KANSAS CITY,KANSAS CITY|JACKSON
JACKSON - 000444,25,1.0000000000,10.0000000000,10.0000000000,1,KANSAS CITY,KANSAS CITY|JACKSON
JACKSON - 000446,25,0.0476190476,1.0000000000,21.0000000000,1,KANSAS CITY,KANSAS CITY|JACKSON
JACKSON - 000446,27,0.9523809524,20.0000000000,21.0000000000,1,KANSAS CITY,KANSAS CITY|JACKSON
JACKSON - 000447,25,1.0000000000,29.0000000000,29.0000000000,1,KANSAS CITY,KANSAS CITY|JACKSON
JACKSON - 000448,25,1.0000000000,9.0000000000,9.0000000000,1,KANSAS CITY,KANSAS CITY|JACKSON
JACKSON - 000449,25,1.0000000000,6.0000000000,6.0000000000,1,KANSAS CITY,KANSAS CITY|JACKSON
JACKSON - 000450,25,1.0000000000,18.0000000000,18.0000000000,1,KANSAS CITY,KANSAS CITY|JACKSON
JACKSON - 000451,25,1.0000000000,25.0000000000,25.0000000000,1,KANSAS CITY,KANSAS CITY|JACKSON
JACKSON - 000452,25,1.0000000000,30.0000000000,30.0000000000,1,KANSAS CITY,KANSAS CITY|JACKSON
JACKSON - 000453,25,1.0000000000,35.0000000000,35.0000000000,1,KANSAS CITY,KANSAS CITY|JACKSON
JACKSON - 000454,25,1.0000000000,14.0000000000,14.0000000000,1,KANSAS CITY,KANSAS CITY|JACKSON
JACKSON - 000455,25,1.0000000000,12.0000000000,12.0000000000,1,KANSAS CITY,KANSAS CITY|JACKSON
JACKSON - 000456,25,0.3043478261,7.0000000000,23.0000000000,1,KANSAS CITY,KANSAS CITY|JACKSON
JACKSON - 000456,27,0.6956521739,16.0000000000,23.0000000000,1,KANSAS CITY,KANSAS CITY|JACKSON
JACKSON - 000457,25,1.0000000000,6.0000000000,6.0000000000,1,KANSAS CITY,KANSAS CITY|JACKSON
JACKSON - 000458,22,0.5500000000,11.0000000000,20.0000000000,1,KANSAS CITY,KANSAS CITY|JACKSON
JACKSON - 000458,27,0.4500000000,9.0000000000,20.0000000000,1,KANSAS CITY,KANSAS CITY|JACKSON
JACKSON - 000459,22,1.0000000000,25.0000000000,25.0000000000,1,KANSAS CITY,KANSAS CITY|JACKSON
JACKSON - 000460,22,1.0000000000,22.0000000000,22.0000000000,1,KANSAS CITY,KANSAS CITY|JACKSON
JACKSON - 000461,22,1.0000000000,16.0000000000,16.0000000000,1,KANSAS CITY,KANSAS CITY|JACKSON
JACKSON - 000462,22,0.4800000000,12.0000000000,25.0000000000,1,KANSAS CITY,KANSAS CITY|JACKSON
JACKSON - 000462,27,0.5200000000,13.0000000000,25.0000000000,1,KANSAS CITY,KANSAS CITY|JACKSON
JACKSON - 000463,22,1.0000000000,31.0000000000,31.0000000000,1,KANSAS CITY,KANSAS CITY|JACKSON
JACKSON - 000464,22,0.4000000000,2.0000000000,5.0000000000,1,KANSAS CITY,KANSAS CITY|JACKSON
JACKSON - 000464,27,0.6000000000,3.0000000000,5.0000000000,1,KANSAS CITY,KANSAS CITY|JACKSON
JACKSON - 000467,27,1.0000000000,31.0000000000,31.0000000000,1,KANSAS CITY,KANSAS CITY|JACKSON
JACKSON - 000469,27,1.0000000000,36.0000000000,36.0000000000,1,KANSAS CITY,KANSAS CITY|JACKSON
JACKSON - 000470,22,0.9677419355,30.0000000000,31.0000000000,1,KANSAS CITY,KANSAS CITY|JACKSON
JACKSON - 000470,27,0.0322580645,1.0000000000,31.0000000000,1,KANSAS CITY,KANSAS CITY|JACKSON
JACKSON - 000471,22,1.0000000000,21.0000000000,21.0000000000,1,KANSAS CITY,KANSAS CITY|JACKSON
JACKSON - 000474,25,0.5555555556,10.0000000000,18.0000000000,1,KANSAS CITY,KANSAS CITY|JACKSON
JACKSON - 000474,27,0.4444444444,8.0000000000,18.0000000000,1,KANSAS CITY,KANSAS CITY|JACKSON
JACKSON - 000475,25,0.6111111111,11.0000000000,18.0000000000,1,KANSAS CITY,KANSAS CITY|JACKSON
JACKSON - 000475,27,0.3888888889,7.0000000000,18.0000000000,1,KANSAS CITY,KANSAS CITY|JACKSON
JACKSON - 000476,25,1.0000000000,25.0000000000,25.0000000000,1,KANSAS CITY,KANSAS CITY|JACKSON
JACKSON - 000477,25,1.0000000000,29.0000000000,29.0000000000,1,KANSAS CITY,KANSAS CITY|JACKSON
JACKSON - 000478,25,1.0000000000,37.0000000000,37.0000000000,1,KANSAS CITY,KANSAS CITY|JACKSON
JACKSON - 000479,25,1.0000000000,18.0000000000,18.0000000000,1,KANSAS CITY,KANSAS CITY|JACKSON
JACKSON - 000480,25,1.0000000000,35.0000000000,35.0000000000,1,KANSAS CITY,KANSAS CITY|JACKSON
JACKSON - 000481,25,1.0000000000,20.0000000000,20.0000000000,1,KANSAS CITY,KANSAS CITY|JACKSON
JACKSON - 000482,25,0.6969696970,23.0000000000,33.0000000000,1,KANSAS CITY,KANSAS CITY|JACKSON
JACKSON - 000482,27,0.3030303030,10.0000000000,33.0000000000,1,KANSAS CITY,KANSAS CITY|JACKSON
JACKSON - 000483,25,0.9230769231,24.0000000000,26.0000000000,1,KANSAS CITY,KANSAS CITY|JACKSON
JACKSON - 000483,26,0.0769230769,2.0000000000,26.0000000000,1,KANSAS CITY,KANSAS CITY|JACKSON
JACKSON - 000484,26,0.8888888889,16.0000000000,18.0000000000,1,KANSAS CITY,KANSAS CITY|JACKSON
JACKSON - 000484,27,0.1111111111,2.0000000000,18.0000000000,1,KANSAS CITY,KANSAS CITY|JACKSON
JACKSON - 000485,25,0.6000000000,6.0000000000,10.0000000000,1,KANSAS CITY,KANSAS CITY|JACKSON
JACKSON - 000485,27,0.4000000000,4.0000000000,10.0000000000,1,KANSAS CITY,KANSAS CITY|JACKSON
JACKSON - 000486,26,1.0000000000,17.0000000000,17.0000000000,1,KANSAS CITY,KANSAS CITY|JACKSON
JACKSON - 000488,25,1.0000000000,31.0000000000,31.0000000000,1,KANSAS CITY,KANSAS CITY|JACKSON
JACKSON - 000489,25,1.0000000000,42.0000000000,42.0000000000,1,KANSAS CITY,KANSAS CITY|JACKSON
JACKSON - 000490,25,0.2857142857,8.0000000000,28.0000000000,1,KANSAS CITY,KANSAS CITY|JACKSON
JACKSON - 000490,26,0.7142857143,20.0000000000,28.0000000000,1,KANSAS CITY,KANSAS CITY|JACKSON
JACKSON - 000491,26,1.0000000000,6.0000000000,6.0000000000,1,KANSAS CITY,KANSAS CITY|JACKSON
JACKSON - 000492,25,1.0000000000,18.0000000000,18.0000000000,1,KANSAS CITY,KANSAS CITY|JACKSON
JACKSON - 000493,25,1.0000000000,29.0000000000,29.0000000000,1,KANSAS CITY,KANSAS CITY|JACKSON
JACKSON - 000494,25,1.0000000000,22.0000000000,22.0000000000,1,KANSAS CITY,KANSAS CITY|JACKSON
JACKSON - 000495,25,1.0000000000,30.0000000000,30.0000000000,1,KANSAS CITY,KANSAS CITY|JACKSON
JACKSON - 000496,25,1.0000000000,34.0000000000,34.0000000000,1,KANSAS CITY,KANSAS CITY|JACKSON
JACKSON - 000497,25,0.2666666667,8.0000000000,30.0000000000,1,KANSAS CITY,KANSAS CITY|JACKSON
JACKSON - 000497,26,0.7333333333,22.0000000000,30.0000000000,1,KANSAS CITY,KANSAS CITY|JACKSON
JACKSON - 000499,35,1.0000000000,33.0000000000,33.0000000000,0,JACKSON,JACKSON|KANSAS CITY
JACKSON - 000500,35,1.0000000000,24.0000000000,24.0000000000,0,JACKSON,JACKSON|KANSAS CITY
JACKSON - 000501,35,1.0000000000,14.0000000000,14.0000000000,0,JACKSON,JACKSON|KANSAS CITY
JACKSON - 000503,35,1.0000000000,17.0000000000,17.0000000000,0,JACKSON,JACKSON|KANSAS CITY
JACKSON - 000505,35,1.0000000000,30.0000000000,30.0000000000,0,JACKSON,JACKSON|KANSAS CITY
JACKSON - 000506,35,1.0000000000,29.0000000000,29.0000000000,0,JACKSON,JACKSON|KANSAS CITY
JACKSON - 000508,35,1.0000000000,22.0000000000,22.0000000000,0,JACKSON,JACKSON|KANSAS CITY
JACKSON - 000509,35,1.0000000000,15.0000000000,15.0000000000,0,JACKSON,JACKSON|KANSAS CITY
JACKSON - 000510,35,1.0000000000,61.0000000000,61.0000000000,0,JACKSON,JACKSON|KANSAS CITY
JACKSON - 000511,35,1.0000000000,23.0000000000,23.0000000000,0,JACKSON,JACKSON|KANSAS CITY
JACKSON - 000512,35,1.0000000000,18.0000000000,18.0000000000,0,JACKSON,JACKSON|KANSAS CITY
JACKSON - 000514,34,1.0000000000,37.0000000000,37.0000000000,0,JACKSON,JACKSON|KANSAS CITY
JACKSON - 000515,34,0.9500000000,19.0000000000,20.0000000000,0,JACKSON,JACKSON|KANSAS CITY
JACKSON - 000515,35,0.0500000000,1.0000000000,20.0000000000,0,JACKSON,JACKSON|KANSAS CITY
JACKSON - 000516,34,1.0000000000,24.0000000000,24.0000000000,0,JACKSON,JACKSON|KANSAS CITY
JACKSON - 000517,34,1.0000000000,24.0000000000,24.0000000000,0,JACKSON,JACKSON|KANSAS CITY
JACKSON - 000518,30,1.0000000000,24.0000000000,24.0000000000,0,JACKSON,JACKSON|KANSAS CITY
JACKSON - 000519,20,0.0357142857,1.0000000000,28.0000000000,0,JACKSON,JACKSON|KANSAS CITY
JACKSON - 000519,30,0.9642857143,27.0000000000,28.0000000000,0,JACKSON,JACKSON|KANSAS CITY
JACKSON - 000520,34,1.0000000000,79.0000000000,79.0000000000,0,JACKSON,JACKSON|KANSAS CITY
JACKSON - 000523,20,0.1785714286,5.0000000000,28.0000000000,0,JACKSON,JACKSON|KANSAS CITY
JACKSON - 000523,30,0.8214285714,23.0000000000,28.0000000000,0,JACKSON,JACKSON|KANSAS CITY
JACKSON - 000524,30,1.0000000000,36.0000000000,36.0000000000,0,JACKSON,JACKSON|KANSAS CITY
JACKSON - 000525,30,1.0000000000,26.0000000000,26.0000000000,0,JACKSON,JACKSON|KANSAS CITY
JACKSON - 000527,30,1.0000000000,20.0000000000,20.0000000000,0,JACKSON,JACKSON|KANSAS CITY
JACKSON - 000529,34,1.0000000000,80.0000000000,80.0000000000,0,JACKSON,JACKSON|KANSAS CITY
JACKSON - 000531,34,1.0000000000,13.0000000000,13.0000000000,0,JACKSON,JACKSON|KANSAS CITY
JACKSON - 000532,34,1.0000000000,32.0000000000,32.0000000000,0,JACKSON,JACKSON|KANSAS CITY
JACKSON - 000534,34,1.0000000000,21.0000000000,21.0000000000,0,JACKSON,JACKSON|KANSAS CITY
JACKSON - 000536,30,1.0000000000,47.0000000000,47.0000000000,0,JACKSON,JACKSON|KANSAS CITY
JACKSON - 000537,30,0.8717948718,34.0000000000,39.0000000000,0,JACKSON,JACKSON|KANSAS CITY
JACKSON - 000537,34,0.1282051282,5.0000000000,39.0000000000,0,JACKSON,JACKSON|KANSAS CITY
JACKSON - 000538,34,1.0000000000,32.0000000000,32.0000000000,0,JACKSON,JACKSON|KANSAS CITY
JACKSON - 000539,34,1.0000000000,35.0000000000,35.0000000000,0,JACKSON,JACKSON|KANSAS CITY
JACKSON - 000540,30,1.0000000000,32.0000000000,32.0000000000,0,JACKSON,JACKSON|KANSAS CITY
JACKSON - 000542,30,1.0000000000,49.0000000000,49.0000000000,0,JACKSON,JACKSON|KANSAS CITY
JACKSON - 000543,34,1.0000000000,28.0000000000,28.0000000000,0,JACKSON,JACKSON|KANSAS CITY
JACKSON - 000544,30,1.0000000000,26.0000000000,26.0000000000,0,JACKSON,JACKSON|KANSAS CITY
JACKSON - 000546,30,1.0000000000,27.0000000000,27.0000000000,0,JACKSON,JACKSON|KANSAS CITY
JACKSON - 000547,33,1.0000000000,19.0000000000,19.0000000000,0,JACKSON,JACKSON|KANSAS CITY
JACKSON - 000548,30,1.0000000000,23.0000000000,23.0000000000,0,JACKSON,JACKSON|KANSAS CITY
JACKSON - 000550,33,1.0000000000,48.0000000000,48.0000000000,0,JACKSON,JACKSON|KANSAS CITY
JACKSON - 000551,30,0.0232558140,1.0000000000,43.0000000000,0,JACKSON,JACKSON|KANSAS CITY
JACKSON - 000551,33,0.9767441860,42.0000000000,43.0000000000,0,JACKSON,JACKSON|KANSAS CITY
JACKSON - 000552,33,1.0000000000,30.0000000000,30.0000000000,0,JACKSON,JACKSON|KANSAS CITY
JACKSON - 000554,34,0.3571428571,10.0000000000,28.0000000000,0,JACKSON,JACKSON|KANSAS CITY
JACKSON - 000554,35,0.6428571429,18.0000000000,28.0000000000,0,JACKSON,JACKSON|KANSAS CITY
JACKSON - 000555,33,1.0000000000,51.0000000000,51.0000000000,0,JACKSON,JACKSON|KANSAS CITY
JACKSON - 000556,31,0.5312500000,17.0000000000,32.0000000000,0,JACKSON,JACKSON|KANSAS CITY
JACKSON - 000556,33,0.4687500000,15.0000000000,32.0000000000,0,JACKSON,JACKSON|KANSAS CITY
JACKSON - 000557,33,1.0000000000,1.0000000000,1.0000000000,0,JACKSON,JACKSON|KANSAS CITY
JACKSON - 000558,34,1.0000000000,12.0000000000,12.0000000000,0,JACKSON,JACKSON|KANSAS CITY
JACKSON - 000561,30,1.0000000000,21.0000000000,21.0000000000,0,JACKSON,JACKSON|KANSAS CITY
JACKSON - 000562,30,1.0000000000,53.0000000000,53.0000000000,0,JACKSON,JACKSON|KANSAS CITY
JACKSON - 000563,30,1.0000000000,26.0000000000,26.0000000000,0,JACKSON,JACKSON|KANSAS CITY
JACKSON - 000564,34,1.0000000000,17.0000000000,17.0000000000,0,JACKSON,JACKSON|KANSAS CITY
JACKSON - 000566,34,1.0000000000,47.0000000000,47.0000000000,0,JACKSON,JACKSON|KANSAS CITY
JACKSON - 000567,34,1.0000000000,29.0000000000,29.0000000000,0,JACKSON,JACKSON|KANSAS CITY
JACKSON - 000568,30,1.0000000000,15.0000000000,15.0000000000,0,JACKSON,JACKSON|KANSAS CITY
JACKSON - 000569,20,0.4166666667,10.0000000000,24.0000000000,0,JACKSON,JACKSON|KANSAS CITY
JACKSON - 000569,29,0.5833333333,14.0000000000,24.0000000000,0,JACKSON,JACKSON|KANSAS CITY
JACKSON - 000570,31,0.5555555556,20.0000000000,36.0000000000,0,JACKSON,JACKSON|KANSAS CITY
JACKSON - 000570,33,0.4444444444,16.0000000000,36.0000000000,0,JACKSON,JACKSON|KANSAS CITY
JACKSON - 000572,31,1.0000000000,28.0000000000,28.0000000000,0,JACKSON,JACKSON|KANSAS CITY
JACKSON - 000573,33,1.0000000000,18.0000000000,18.0000000000,0,JACKSON,JACKSON|KANSAS CITY
JACKSON - 000578,31,1.0000000000,25.0000000000,25.0000000000,0,JACKSON,JACKSON|KANSAS CITY
JACKSON - 000579,31,1.0000000000,21.0000000000,21.0000000000,0,JACKSON,JACKSON|KANSAS CITY
JACKSON - 000580,31,1.0000000000,24.0000000000,24.0000000000,0,JACKSON,JACKSON|KANSAS CITY
JACKSON - 000581,20,0.7500000000,3.0000000000,4.0000000000,0,JACKSON,JACKSON|KANSAS CITY
JACKSON - 000581,30,0.2500000000,1.0000000000,4.0000000000,0,JACKSON,JACKSON|KANSAS CITY
JACKSON - 000582,20,1.0000000000,19.0000000000,19.0000000000,0,JACKSON,JACKSON|KANSAS CITY
JACKSON - 000584,31,1.0000000000,39.0000000000,39.0000000000,0,JACKSON,JACKSON|KANSAS CITY
JACKSON - 000586,31,0.9878048780,81.0000000000,82.0000000000,0,JACKSON,JACKSON|KANSAS CITY
JACKSON - 000586,33,0.0121951220,1.0000000000,82.0000000000,0,JACKSON,JACKSON|KANSAS CITY
JACKSON - 000587,33,1.0000000000,35.0000000000,35.0000000000,0,JACKSON,JACKSON|KANSAS CITY
JACKSON - 000590,31,1.0000000000,5.0000000000,5.0000000000,0,JACKSON,JACKSON|KANSAS CITY
JACKSON - 000591,31,1.0000000000,24.0000000000,24.0000000000,0,JACKSON,JACKSON|KANSAS CITY
JACKSON - 000592,31,1.0000000000,18.0000000000,18.0000000000,0,JACKSON,JACKSON|KANSAS CITY
JACKSON - 000593,20,0.8888888889,32.0000000000,36.0000000000,0,JACKSON,JACKSON|KANSAS CITY
JACKSON - 000593,32,0.1111111111,4.0000000000,36.0000000000,0,JACKSON,JACKSON|KANSAS CITY
JACKSON - 000595,31,1.0000000000,20.0000000000,20.0000000000,0,JACKSON,JACKSON|KANSAS CITY
JACKSON - 000596,33,1.0000000000,40.0000000000,40.0000000000,0,JACKSON,JACKSON|KANSAS CITY
JACKSON - 000599,33,1.0000000000,44.0000000000,44.0000000000,0,JACKSON,JACKSON|KANSAS CITY
JACKSON - 000601,31,1.0000000000,24.0000000000,24.0000000000,0,JACKSON,JACKSON|KANSAS CITY
JACKSON - 000603,33,1.0000000000,32.0000000000,32.0000000000,0,JACKSON,JACKSON|KANSAS CITY
JACKSON - 000604,32,0.3000000000,6.0000000000,20.0000000000,0,JACKSON,JACKSON|KANSAS CITY
JACKSON - 000604,33,0.7000000000,14.0000000000,20.0000000000,0,JACKSON,JACKSON|KANSAS CITY
JACKSON - 000605,33,1.0000000000,6.0000000000,6.0000000000,0,JACKSON,JACKSON|KANSAS CITY
JACKSON - 000606,20,0.7428571429,26.0000000000,35.0000000000,0,JACKSON,JACKSON|KANSAS CITY
JACKSON - 000606,32,0.2571428571,9.0000000000,35.0000000000,0,JACKSON,JACKSON|KANSAS CITY
JACKSON - 000607,32,1.0000000000,45.0000000000,45.0000000000,0,JACKSON,JACKSON|KANSAS CITY
JACKSON - 000608,32,1.0000000000,73.0000000000,73.0000000000,0,JACKSON,JACKSON|KANSAS CITY
JACKSON - 000610,32,0.9600000000,24.0000000000,25.0000000000,0,JACKSON,JACKSON|KANSAS CITY
JACKSON - 000610,33,0.0400000000,1.0000000000,25.0000000000,0,JACKSON,JACKSON|KANSAS CITY
JACKSON - 000612,32,1.0000000000,8.0000000000,8.0000000000,0,JACKSON,JACKSON|KANSAS CITY
JACKSON - 000613,31,1.0000000000,14.0000000000,14.0000000000,0,JACKSON,JACKSON|KANSAS CITY
JACKSON - 000614,32,1.0000000000,55.0000000000,55.0000000000,0,JACKSON,JACKSON|KANSAS CITY
JACKSON - 000616,32,1.0000000000,18.0000000000,18.0000000000,0,JACKSON,JACKSON|KANSAS CITY
JACKSON - 000617,32,1.0000000000,24.0000000000,24.0000000000,0,JACKSON,JACKSON|KANSAS CITY
JACKSON - 000619,32,1.0000000000,42.0000000000,42.0000000000,0,JACKSON,JACKSON|KANSAS CITY
JACKSON - 000620,20,0.0789473684,3.0000000000,38.0000000000,0,JACKSON,JACKSON|KANSAS CITY
JACKSON - 000620,31,0.9210526316,35.0000000000,38.0000000000,0,JACKSON,JACKSON|KANSAS CITY
JACKSON - 000622,20,0.1219512195,5.0000000000,41.0000000000,0,JACKSON,JACKSON|KANSAS CITY
JACKSON - 000622,31,0.5365853659,22.0000000000,41.0000000000,0,JACKSON,JACKSON|KANSAS CITY
JACKSON - 000622,32,0.3414634146,14.0000000000,41.0000000000,0,JACKSON,JACKSON|KANSAS CITY
JACKSON - 000623,20,0.0131578947,1.0000000000,76.0000000000,0,JACKSON,JACKSON|KANSAS CITY
JACKSON - 000623,30,0.0394736842,3.0000000000,76.0000000000,0,JACKSON,JACKSON|KANSAS CITY
JACKSON - 000623,31,0.3815789474,29.0000000000,76.0000000000,0,JACKSON,JACKSON|KANSAS CITY
JACKSON - 000623,33,0.5657894737,43.0000000000,76.0000000000,0,JACKSON,JACKSON|KANSAS CITY
JACKSON - 000625,31,1.0000000000,22.0000000000,22.0000000000,0,JACKSON,JACKSON|KANSAS CITY
JACKSON - 000626,31,0.5000000000,14.0000000000,28.0000000000,0,JACKSON,JACKSON|KANSAS CITY
JACKSON - 000626,32,0.2142857143,6.0000000000,28.0000000000,0,JACKSON,JACKSON|KANSAS CITY
JACKSON - 000626,33,0.2857142857,8.0000000000,28.0000000000,0,JACKSON,JACKSON|KANSAS CITY
JACKSON - 000629,32,0.3243243243,12.0000000000,37.0000000000,0,JACKSON,JACKSON|KANSAS CITY
JACKSON - 000629,33,0.6756756757,25.0000000000,37.0000000000,0,JACKSON,JACKSON|KANSAS CITY
JACKSON - 000630,31,1.0000000000,26.0000000000,26.0000000000,0,JACKSON,JACKSON|KANSAS CITY
JACKSON - 000631,32,1.0000000000,25.0000000000,25.0000000000,0,JACKSON,JACKSON|KANSAS CITY
JACKSON - 000632,32,1.0000000000,49.0000000000,49.0000000000,0,JACKSON,JACKSON|KANSAS CITY
JACKSON - 000633,32,1.0000000000,53.0000000000,53.0000000000,0,JACKSON,JACKSON|KANSAS CITY
JACKSON - 000634,32,0.9811320755,52.0000000000,53.0000000000,0,JACKSON,JACKSON|KANSAS CITY
JACKSON - 000634,33,0.0188679245,1.0000000000,53.0000000000,0,JACKSON,JACKSON|KANSAS CITY
JACKSON - 000637,32,1.0000000000,28.0000000000,28.0000000000,0,JACKSON,JACKSON|KANSAS CITY
JACKSON - 000638,32,0.7272727273,32.0000000000,44.0000000000,0,JACKSON,JACKSON|KANSAS CITY
JACKSON - 000638,33,0.2727272727,12.0000000000,44.0000000000,0,JACKSON,JACKSON|KANSAS CITY
JACKSON - 000639,32,0.9722222222,35.0000000000,36.0000000000,0,JACKSON,JACKSON|KANSAS CITY
JACKSON - 000639,33,0.0277777778,1.0000000000,36.0000000000,0,JACKSON,JACKSON|KANSAS CITY
JACKSON - 000640,33,1.0000000000,14.0000000000,14.0000000000,0,JACKSON,JACKSON|KANSAS CITY
JACKSON - 000641,32,0.5454545455,6.0000000000,11.0000000000,0,JACKSON,JACKSON|KANSAS CITY
JACKSON - 000641,33,0.4545454545,5.0000000000,11.0000000000,0,JACKSON,JACKSON|KANSAS CITY
JACKSON - 000642,33,1.0000000000,14.0000000000,14.0000000000,0,JACKSON,JACKSON|KANSAS CITY
JACKSON - 000643,33,1.0000000000,17.0000000000,17.0000000000,0,JACKSON,JACKSON|KANSAS CITY
JACKSON - 000644,33,1.0000000000,26.0000000000,26.0000000000,0,JACKSON,JACKSON|KANSAS CITY
JACKSON - 000645,33,1.0000000000,83.0000000000,83.0000000000,0,JACKSON,JACKSON|KANSAS CITY
JACKSON - 000648,36,1.0000000000,26.0000000000,26.0000000000,0,JACKSON,JACKSON|KANSAS CITY
JACKSON - 000650,36,1.0000000000,29.0000000000,29.0000000000,0,JACKSON,JACKSON|KANSAS CITY
JACKSON - 000651,36,1.0000000000,34.0000000000,34.0000000000,0,JACKSON,JACKSON|KANSAS CITY
JACKSON - 000654,36,1.0000000000,46.0000000000,46.0000000000,0,JACKSON,JACKSON|KANSAS CITY
JACKSON - 000655,36,1.0000000000,36.0000000000,36.0000000000,0,JACKSON,JACKSON|KANSAS CITY
JACKSON - 000656,36,1.0000000000,48.0000000000,48.0000000000,0,JACKSON,JACKSON|KANSAS CITY
JACKSON - 000658,36,1.0000000000,12.0000000000,12.0000000000,0,JACKSON,JACKSON|KANSAS CITY
JACKSON - 000660,36,1.0000000000,49.0000000000,49.0000000000,0,JACKSON,JACKSON|KANSAS CITY
JACKSON - 000661,36,1.0000000000,38.0000000000,38.0000000000,0,JACKSON,JACKSON|KANSAS CITY
JACKSON - 000662,36,1.0000000000,26.0000000000,26.0000000000,0,JACKSON,JACKSON|KANSAS CITY
JACKSON - 000663,36,1.0000000000,26.0000000000,26.0000000000,0,JACKSON,JACKSON|KANSAS CITY
JACKSON - 000664,36,1.0000000000,79.0000000000,79.0000000000,0,JACKSON,JACKSON|KANSAS CITY
JACKSON - 16-100,33,1.0000000000,27.0000000000,27.0000000000,0,JACKSON,JACKSON|KANSAS CITY
JACKSON - 16-101,32,1.0000000000,1.0000000000,1.0000000000,0,JACKSON,JACKSON|KANSAS CITY
JACKSON - 160102,19,0.0298507463,2.0000000000,67.0000000000,0,JACKSON,JACKSON|KANSAS CITY
JACKSON - 160102,21,0.9701492537,65.0000000000,67.0000000000,0,JACKSON,JACKSON|KANSAS CITY
JACKSON - 160103,21,0.9866666667,74.0000000000,75.0000000000,0,JACKSON,JACKSON|KANSAS CITY
JACKSON - 160103,22,0.0133333333,1.0000000000,75.0000000000,0,JACKSON,JACKSON|KANSAS CITY
JACKSON - 160104,21,1.0000000000,51.0000000000,51.0000000000,0,JACKSON,JACKSON|KANSAS CITY
JACKSON - 160406,21,1.0000000000,49.0000000000,49.0000000000,0,JACKSON,JACKSON|KANSAS CITY
JACKSON - BR1608,28,1.0000000000,34.0000000000,34.0000000000,0,JACKSON,JACKSON|KANSAS CITY
JACKSON - BR1610,28,1.0000000000,61.0000000000,61.0000000000,0,JACKSON,JACKSON|KANSAS CITY
JACKSON - BR1611,28,1.0000000000,3.0000000000,3.0000000000,0,JACKSON,JACKSON|KANSAS CITY
JACKSON - BR1612,28,1.0000000000,43.0000000000,43.0000000000,0,JACKSON,JACKSON|KANSAS CITY
JACKSON - BR1613,28,1.0000000000,37.0000000000,37.0000000000,0,JACKSON,JACKSON|KANSAS CITY
JACKSON - BR1619,28,1.0000000000,2.0000000000,2.0000000000,0,JACKSON,JACKSON|KANSAS CITY
JACKSON - BR1620,28,1.0000000000,13.0000000000,13.0000000000,0,JACKSON,JACKSON|KANSAS CITY
JACKSON - BRNO06,28,1.0000000000,6.0000000000,6.0000000000,0,JACKSON,JACKSON|KANSAS CITY
JACKSON - FO1601,20,1.0000000000,10.0000000000,10.0000000000,0,JACKSON,JACKSON|KANSAS CITY
JACKSON - FO1609,32,1.0000000000,13.0000000000,13.0000000000,0,JACKSON,JACKSON|KANSAS CITY
JACKSON - K16106,23,0.4848484848,16.0000000000,33.0000000000,1,KANSAS CITY,KANSAS CITY|JACKSON
JACKSON - K16106,24,0.5151515152,17.0000000000,33.0000000000,1,KANSAS CITY,KANSAS CITY|JACKSON
JACKSON - K16207,23,1.0000000000,2.0000000000,2.0000000000,1,KANSAS CITY,KANSAS CITY|JACKSON
JACKSON - K16218,23,1.0000000000,26.0000000000,26.0000000000,1,KANSAS CITY,KANSAS CITY|JACKSON
JACKSON - K16316,22,1.0000000000,7.0000000000,7.0000000000,1,KANSAS CITY,KANSAS CITY|JACKSON
JACKSON - K16419,24,1.0000000000,8.0000000000,8.0000000000,1,KANSAS CITY,KANSAS CITY|JACKSON
JACKSON - K16429,24,1.0000000000,8.0000000000,8.0000000000,0,JACKSON,JACKSON|KANSAS CITY
JACKSON - K16439,24,1.0000000000,9.0000000000,9.0000000000,0,JACKSON,JACKSON|KANSAS CITY
JACKSON - K16449,24,0.3333333333,2.0000000000,6.0000000000,0,JACKSON,JACKSON|KANSAS CITY
JACKSON - K16449,27,0.6666666667,4.0000000000,6.0000000000,0,JACKSON,JACKSON|KANSAS CITY
JACKSON - K16457,25,1.0000000000,1.0000000000,1.0000000000,0,JACKSON,JACKSON|KANSAS CITY
JACKSON - K16459,27,1.0000000000,9.0000000000,9.0000000000,0,JACKSON,JACKSON|KANSAS CITY
JACKSON - K16463,27,1.0000000000,13.0000000000,13.0000000000,0,JACKSON,JACKSON|KANSAS CITY
JACKSON - K16467,27,1.0000000000,1.0000000000,1.0000000000,0,JACKSON,JACKSON|KANSAS CITY
JACKSON - K16469,25,0.2500000000,1.0000000000,4.0000000000,0,JACKSON,JACKSON|KANSAS CITY
JACKSON - K16469,27,0.7500000000,3.0000000000,4.0000000000,0,JACKSON,JACKSON|KANSAS CITY
JACKSON - K16512,24,1.0000000000,8.0000000000,8.0000000000,1,KANSAS CITY,KANSAS CITY|JACKSON
JACKSON - K16513,24,1.0000000000,3.0000000000,3.0000000000,1,KANSAS CITY,KANSAS CITY|JACKSON
JACKSON - K16611,25,1.0000000000,14.0000000000,14.0000000000,1,KANSAS CITY,KANSAS CITY|JACKSON
JACKSON - K16615,25,1.0000000000,9.0000000000,9.0000000000,1,KANSAS CITY,KANSAS CITY|JACKSON
JACKSON - K16718,22,1.0000000000,4.0000000000,4.0000000000,1,KANSAS CITY,KANSAS CITY|JACKSON
JACKSON - K16804,25,1.0000000000,18.0000000000,18.0000000000,1,KANSAS CITY,KANSAS CITY|JACKSON
JACKSON - K16811,25,1.0000000000,1.0000000000,1.0000000000,1,KANSAS CITY,KANSAS CITY|JACKSON
JACKSON - K16814,25,1.0000000000,20.0000000000,20.0000000000,1,KANSAS CITY,KANSAS CITY|JACKSON
JACKSON - K16815,25,1.0000000000,6.0000000000,6.0000000000,1,KANSAS CITY,KANSAS CITY|JACKSON
JACKSON - K16903,25,0.7142857143,5.0000000000,7.0000000000,1,KANSAS CITY,KANSAS CITY|JACKSON
JACKSON - K16903,26,0.2857142857,2.0000000000,7.0000000000,1,KANSAS CITY,KANSAS CITY|JACKSON
JACKSON - K16913,26,1.0000000000,6.0000000000,6.0000000000,1,KANSAS CITY,KANSAS CITY|JACKSON
JACKSON - KC1004,26,1.0000000000,8.0000000000,8.0000000000,1,KANSAS CITY,KANSAS CITY|JACKSON
JACKSON - KC1010,37,1.0000000000,2.0000000000,2.0000000000,1,KANSAS CITY,KANSAS CITY|JACKSON
JACKSON - KC1042,25,1.0000000000,7.0000000000,7.0000000000,1,KANSAS CITY,KANSAS CITY|JACKSON
JACKSON - KC1107,19,1.0000000000,12.0000000000,12.0000000000,1,KANSAS CITY,KANSAS CITY|JACKSON
JACKSON - KC1110,19,1.0000000000,15.0000000000,15.0000000000,1,KANSAS CITY,KANSAS CITY|JACKSON
JACKSON - KC1111,19,1.0000000000,19.0000000000,19.0000000000,1,KANSAS CITY,KANSAS CITY|JACKSON
JACKSON - KC1113,19,1.0000000000,9.0000000000,9.0000000000,1,KANSAS CITY,KANSAS CITY|JACKSON
JACKSON - KC1209,23,1.0000000000,13.0000000000,13.0000000000,1,KANSAS CITY,KANSAS CITY|JACKSON
JACKSON - KC1212,19,1.0000000000,1.0000000000,1.0000000000,1,KANSAS CITY,KANSAS CITY|JACKSON
JACKSON - KC1310,19,1.0000000000,7.0000000000,7.0000000000,1,KANSAS CITY,KANSAS CITY|JACKSON
JACKSON - KC1311,19,1.0000000000,15.0000000000,15.0000000000,1,KANSAS CITY,KANSAS CITY|JACKSON
JACKSON - KC1313,19,0.8695652174,20.0000000000,23.0000000000,1,KANSAS CITY,KANSAS CITY|JACKSON
JACKSON - KC1313,23,0.1304347826,3.0000000000,23.0000000000,1,KANSAS CITY,KANSAS CITY|JACKSON
JACKSON - KC1314,19,1.0000000000,17.0000000000,17.0000000000,1,KANSAS CITY,KANSAS CITY|JACKSON
JACKSON - KC1504,23,1.0000000000,6.0000000000,6.0000000000,1,KANSAS CITY,KANSAS CITY|JACKSON
JACKSON - KC1507,22,0.0952380952,2.0000000000,21.0000000000,1,KANSAS CITY,KANSAS CITY|JACKSON
JACKSON - KC1507,23,0.9047619048,19.0000000000,21.0000000000,1,KANSAS CITY,KANSAS CITY|JACKSON
JACKSON - KC1515,27,1.0000000000,1.0000000000,1.0000000000,1,KANSAS CITY,KANSAS CITY|JACKSON
JACKSON - KC1516,22,1.0000000000,2.0000000000,2.0000000000,1,KANSAS CITY,KANSAS CITY|JACKSON
JACKSON - KC1520,22,1.0000000000,8.0000000000,8.0000000000,1,KANSAS CITY,KANSAS CITY|JACKSON
JACKSON - KC1523,19,1.0000000000,6.0000000000,6.0000000000,1,KANSAS CITY,KANSAS CITY|JACKSON
JACKSON - KC1607,27,1.0000000000,4.0000000000,4.0000000000,1,KANSAS CITY,KANSAS CITY|JACKSON
JACKSON - KC1904,37,1.0000000000,7.0000000000,7.0000000000,1,KANSAS CITY,KANSAS CITY|JACKSON
JACKSON - KC1905,26,1.0000000000,6.0000000000,6.0000000000,1,KANSAS CITY,KANSAS CITY|JACKSON
JACKSON - KC1907,26,1.0000000000,2.0000000000,2.0000000000,1,KANSAS CITY,KANSAS CITY|JACKSON
JACKSON - KC1915,37,1.0000000000,1.0000000000,1.0000000000,1,KANSAS CITY,KANSAS CITY|JACKSON
JACKSON - KC1916,37,1.0000000000,18.0000000000,18.0000000000,1,KANSAS CITY,KANSAS CITY|JACKSON
JACKSON - KC1920,26,0.7500000000,6.0000000000,8.0000000000,1,KANSAS CITY,KANSAS CITY|JACKSON
JACKSON - KC1920,37,0.2500000000,2.0000000000,8.0000000000,1,KANSAS CITY,KANSAS CITY|JACKSON
JACKSON - KC2003,37,1.0000000000,5.0000000000,5.0000000000,1,KANSAS CITY,KANSAS CITY|JACKSON
JACKSON - KC2010,36,0.5000000000,2.0000000000,4.0000000000,1,KANSAS CITY,KANSAS CITY|JACKSON
JACKSON - KC2010,37,0.5000000000,2.0000000000,4.0000000000,1,KANSAS CITY,KANSAS CITY|JACKSON
JACKSON - KC2201,36,1.0000000000,9.0000000000,9.0000000000,1,KANSAS CITY,KANSAS CITY|JACKSON
JACKSON - KC2212,36,1.0000000000,18.0000000000,18.0000000000,1,KANSAS CITY,KANSAS CITY|JACKSON
JACKSON - KC2213,36,1.0000000000,5.0000000000,5.0000000000,1,KANSAS CITY,KANSAS CITY|JACKSON
JACKSON - KC2301,28,1.0000000000,8.0000000000,8.0000000000,1,KANSAS CITY,KANSAS CITY|JACKSON
JACKSON - KC2302,22,1.0000000000,3.0000000000,3.0000000000,1,KANSAS CITY,KANSAS CITY|JACKSON
JACKSON - KC2304,28,1.0000000000,1.0000000000,1.0000000000,1,KANSAS CITY,KANSAS CITY|JACKSON
JACKSON - KC2308,22,1.0000000000,1.0000000000,1.0000000000,1,KANSAS CITY,KANSAS CITY|JACKSON
JACKSON - KC2312,27,1.0000000000,6.0000000000,6.0000000000,1,KANSAS CITY,KANSAS CITY|JACKSON
JACKSON - KC2403,35,1.0000000000,5.0000000000,5.0000000000,1,KANSAS CITY,KANSAS CITY|JACKSON
JACKSON - KC2414,35,1.0000000000,2.0000000000,2.0000000000,1,KANSAS CITY,KANSAS CITY|JACKSON
JACKSON - KC2416,35,1.0000000000,3.0000000000,3.0000000000,1,KANSAS CITY,KANSAS CITY|JACKSON
JACKSON - KC2419,35,1.0000000000,5.0000000000,5.0000000000,1,KANSAS CITY,KANSAS CITY|JACKSON
JACKSON - KC2423,35,1.0000000000,5.0000000000,5.0000000000,1,KANSAS CITY,KANSAS CITY|JACKSON
JACKSON - KC2427,35,1.0000000000,1.0000000000,1.0000000000,1,KANSAS CITY,KANSAS CITY|JACKSON
JACKSON - KC2428,35,1.0000000000,3.0000000000,3.0000000000,1,KANSAS CITY,KANSAS CITY|JACKSON
JACKSON - KC2430,35,1.0000000000,1.0000000000,1.0000000000,1,KANSAS CITY,KANSAS CITY|JACKSON
JACKSON - KC2512,35,0.7777777778,7.0000000000,9.0000000000,1,KANSAS CITY,KANSAS CITY|JACKSON
JACKSON - KC2512,37,0.2222222222,2.0000000000,9.0000000000,1,KANSAS CITY,KANSAS CITY|JACKSON
JACKSON - KC2607,26,1.0000000000,4.0000000000,4.0000000000,1,KANSAS CITY,KANSAS CITY|JACKSON
JACKSON - KC2608,26,1.0000000000,8.0000000000,8.0000000000,1,KANSAS CITY,KANSAS CITY|JACKSON
JACKSON - KC2611,26,1.0000000000,6.0000000000,6.0000000000,1,KANSAS CITY,KANSAS CITY|JACKSON
JACKSON - KC2612,37,1.0000000000,1.0000000000,1.0000000000,1,KANSAS CITY,KANSAS CITY|JACKSON
JACKSON - KC2613,26,1.0000000000,4.0000000000,4.0000000000,1,KANSAS CITY,KANSAS CITY|JACKSON
JACKSON - PR1601,20,1.0000000000,2.0000000000,2.0000000000,0,JACKSON,JACKSON|KANSAS CITY
JACKSON - PR1602,34,1.0000000000,39.0000000000,39.0000000000,0,JACKSON,JACKSON|KANSAS CITY
JACKSON - PR1610,34,1.0000000000,19.0000000000,19.0000000000,0,JACKSON,JACKSON|KANSAS CITY
JACKSON - PR1625,34,0.7400000000,37.0000000000,50.0000000000,0,JACKSON,JACKSON|KANSAS CITY
JACKSON - PR1625,35,0.2600000000,13.0000000000,50.0000000000,0,JACKSON,JACKSON|KANSAS CITY
JACKSON - PR1654,33,1.0000000000,19.0000000000,19.0000000000,0,JACKSON,JACKSON|KANSAS CITY
JACKSON - PR1655,33,1.0000000000,2.0000000000,2.0000000000,0,JACKSON,JACKSON|KANSAS CITY
JACKSON - PR1657,33,1.0000000000,1.0000000000,1.0000000000,0,JACKSON,JACKSON|KANSAS CITY
JACKSON - PR1658,33,1.0000000000,1.0000000000,1.0000000000,0,JACKSON,JACKSON|KANSAS CITY
JACKSON - PR1661,33,1.0000000000,2.0000000000,2.0000000000,0,JACKSON,JACKSON|KANSAS CITY
JACKSON - PR1663,33,1.0000000000,1.0000000000,1.0000000000,0,JACKSON,JACKSON|KANSAS CITY
JACKSON - SB1602,20,0.7142857143,10.0000000000,14.0000000000,0,JACKSON,JACKSON|KANSAS CITY
JACKSON - SB1602,31,0.2857142857,4.0000000000,14.0000000000,0,JACKSON,JACKSON|KANSAS CITY
JACKSON - SB1616,32,0.2400000000,6.0000000000,25.0000000000,0,JACKSON,JACKSON|KANSAS CITY
JACKSON - SB1616,33,0.7600000000,19.0000000000,25.0000000000,0,JACKSON,JACKSON|KANSAS CITY
JACKSON - SB1634,33,1.0000000000,10.0000000000,10.0000000000,0,JACKSON,JACKSON|KANSAS CITY
JACKSON - SB1635,33,1.0000000000,3.0000000000,3.0000000000,0,JACKSON,JACKSON|KANSAS CITY
JACKSON - SB1649,32,1.0000000000,9.0000000000,9.0000000000,0,JACKSON,JACKSON|KANSAS CITY
JACKSON - SB1683,33,1.0000000000,1.0000000000,1.0000000000,0,JACKSON,JACKSON|KANSAS CITY
JACKSON - VB1601,33,1.0000000000,6.0000000000,6.0000000000,0,JACKSON,JACKSON|KANSAS CITY
JACKSON - VB1603,33,1.0000000000,14.0000000000,14.0000000000,0,JACKSON,JACKSON|KANSAS CITY
JACKSON - VB1604,33,1.0000000000,3.0000000000,3.0000000000,0,JACKSON,JACKSON|KANSAS CITY
JACKSON - VB1606,33,1.0000000000,1.0000000000,1.0000000000,0,JACKSON,JACKSON|KANSAS CITY
JACKSON - VB1607,33,1.0000000000,7.0000000000,7.0000000000,0,JACKSON,JACKSON|KANSAS CITY
JACKSON - VB1608,33,1.0000000000,20.0000000000,20.0000000000,0,JACKSON,JACKSON|KANSAS CITY
JACKSON - VB1609,33,1.0000000000,10.0000000000,10.0000000000,0,JACKSON,JACKSON|KANSAS CITY
JACKSON - VB1610,33,1.0000000000,8.0000000000,8.0000000000,0,JACKSON,JACKSON|KANSAS CITY
JACKSON - VB1611,33,1.0000000000,54.0000000000,54.0000000000,0,JACKSON,JACKSON|KANSAS CITY
JACKSON - VB1613,33,1.0000000000,33.0000000000,33.0000000000,0,JACKSON,JACKSON|KANSAS CITY
JACKSON - VB1617,33,1.0000000000,9.0000000000,9.0000000000,0,JACKSON,JACKSON|KANSAS CITY
JASPER - 000002,127,0.9893617021,93.0000000000,94.0000000000,0,JASPER,JASPER
JASPER - 000002,163,0.0106382979,1.0000000000,94.0000000000,0,JASPER,JASPER
JASPER - 000003,162,1.0000000000,139.0000000000,139.0000000000,0,JASPER,JASPER
JASPER - 000004,162,1.0000000000,161.0000000000,161.0000000000,0,JASPER,JASPER
JASPER - 000005,162,1.0000000000,62.0000000000,62.0000000000,0,JASPER,JASPER
JASPER - 000006,162,0.8143712575,136.0000000000,167.0000000000,0,JASPER,JASPER
JASPER - 000006,163,0.1856287425,31.0000000000,167.0000000000,0,JASPER,JASPER
JASPER - 000007,163,1.0000000000,119.0000000000,119.0000000000,0,JASPER,JASPER
JASPER - 000008,163,1.0000000000,87.0000000000,87.0000000000,0,JASPER,JASPER
JASPER - 000009,163,1.0000000000,90.0000000000,90.0000000000,0,JASPER,JASPER
JASPER - 000010,163,1.0000000000,97.0000000000,97.0000000000,0,JASPER,JASPER
JASPER - 000011,163,1.0000000000,156.0000000000,156.0000000000,0,JASPER,JASPER
JASPER - 000012,127,0.5376344086,100.0000000000,186.0000000000,0,JASPER,JASPER
JASPER - 000012,163,0.4623655914,86.0000000000,186.0000000000,0,JASPER,JASPER
JASPER - 000013,163,1.0000000000,94.0000000000,94.0000000000,0,JASPER,JASPER
JASPER - 000014,163,1.0000000000,107.0000000000,107.0000000000,0,JASPER,JASPER
JASPER - 000015,127,1.0000000000,125.0000000000,125.0000000000,0,JASPER,JASPER
JASPER - 000016,161,0.9841269841,124.0000000000,126.0000000000,0,JASPER,JASPER
JASPER - 000016,162,0.0158730159,2.0000000000,126.0000000000,0,JASPER,JASPER
JASPER - 000017,161,1.0000000000,151.0000000000,151.0000000000,0,JASPER,JASPER
JASPER - 000018,161,1.0000000000,151.0000000000,151.0000000000,0,JASPER,JASPER
JASPER - 000019,162,1.0000000000,130.0000000000,130.0000000000,0,JASPER,JASPER
JASPER - 000020,161,1.0000000000,112.0000000000,112.0000000000,0,JASPER,JASPER
JASPER - 000021,161,0.8403361345,100.0000000000,119.0000000000,0,JASPER,JASPER
JASPER - 000021,162,0.1596638655,19.0000000000,119.0000000000,0,JASPER,JASPER
JASPER - 000022,161,1.0000000000,191.0000000000,191.0000000000,0,JASPER,JASPER
JASPER - 000023,161,1.0000000000,56.0000000000,56.0000000000,0,JASPER,JASPER
JASPER - 000024,161,1.0000000000,82.0000000000,82.0000000000,0,JASPER,JASPER
JASPER - 000026,161,0.6065573770,37.0000000000,61.0000000000,0,JASPER,JASPER
JASPER - 000026,163,0.3934426230,24.0000000000,61.0000000000,0,JASPER,JASPER
JASPER - 000027,163,1.0000000000,88.0000000000,88.0000000000,0,JASPER,JASPER
JASPER - 000029,161,1.0000000000,226.0000000000,226.0000000000,0,JASPER,JASPER
JASPER - 000030,162,0.7291666667,35.0000000000,48.0000000000,0,JASPER,JASPER
JASPER - 000030,163,0.2708333333,13.0000000000,48.0000000000,0,JASPER,JASPER
JASPER - 000031,127,1.0000000000,113.0000000000,113.0000000000,0,JASPER,JASPER
JASPER - 000032,127,0.2380952381,25.0000000000,105.0000000000,0,JASPER,JASPER
JASPER - 000032,163,0.7619047619,80.0000000000,105.0000000000,0,JASPER,JASPER
JASPER - 000033,127,1.0000000000,73.0000000000,73.0000000000,0,JASPER,JASPER
JASPER - 000034,163,1.0000000000,106.0000000000,106.0000000000,0,JASPER,JASPER
JASPER - 000035,127,0.0240963855,2.0000000000,83.0000000000,0,JASPER,JASPER
JASPER - 000035,163,0.9759036145,81.0000000000,83.0000000000,0,JASPER,JASPER
JASPER - 000036,127,0.5645161290,35.0000000000,62.0000000000,0,JASPER,JASPER
JASPER - 000036,162,0.3709677419,23.0000000000,62.0000000000,0,JASPER,JASPER
JASPER - 000036,163,0.0645161290,4.0000000000,62.0000000000,0,JASPER,JASPER
JASPER - 000037,127,0.8842105263,84.0000000000,95.0000000000,0,JASPER,JASPER
JASPER - 000037,163,0.1157894737,11.0000000000,95.0000000000,0,JASPER,JASPER
JASPER - 000038,127,1.0000000000,73.0000000000,73.0000000000,0,JASPER,JASPER
JASPER - 000040,163,1.0000000000,101.0000000000,101.0000000000,0,JASPER,JASPER
JASPER - 000041,127,1.0000000000,177.0000000000,177.0000000000,0,JASPER,JASPER
JASPER - 000042,127,0.1714285714,6.0000000000,35.0000000000,0,JASPER,JASPER
JASPER - 000042,163,0.8285714286,29.0000000000,35.0000000000,0,JASPER,JASPER
JASPER - 000043,162,1.0000000000,92.0000000000,92.0000000000,0,JASPER,JASPER
JASPER - 000044,162,1.0000000000,185.0000000000,185.0000000000,0,JASPER,JASPER
JASPER - 000045,162,1.0000000000,164.0000000000,164.0000000000,0,JASPER,JASPER
JASPER - 000046,163,1.0000000000,84.0000000000,84.0000000000,0,JASPER,JASPER
JASPER - 000047,162,1.0000000000,34.0000000000,34.0000000000,0,JASPER,JASPER
JASPER - 16-004,162,1.0000000000,16.0000000000,16.0000000000,0,JASPER,JASPER
JASPER - 16-026,161,1.0000000000,35.0000000000,35.0000000000,0,JASPER,JASPER
JEFFERSON - 000002,114,1.0000000000,65.0000000000,65.0000000000,0,JEFFERSON,JEFFERSON
JEFFERSON - 000004,112,1.0000000000,25.0000000000,25.0000000000,0,JEFFERSON,JEFFERSON
JEFFERSON - 000006,113,1.0000000000,73.0000000000,73.0000000000,0,JEFFERSON,JEFFERSON
JEFFERSON - 000007,113,1.0000000000,75.0000000000,75.0000000000,0,JEFFERSON,JEFFERSON
JEFFERSON - 000008,113,1.0000000000,56.0000000000,56.0000000000,0,JEFFERSON,JEFFERSON
JEFFERSON - 000009,112,0.0638297872,3.0000000000,47.0000000000,0,JEFFERSON,JEFFERSON
JEFFERSON - 000009,113,0.9361702128,44.0000000000,47.0000000000,0,JEFFERSON,JEFFERSON
JEFFERSON - 000010,115,1.0000000000,96.0000000000,96.0000000000,0,JEFFERSON,JEFFERSON
JEFFERSON - 000011,113,1.0000000000,51.0000000000,51.0000000000,0,JEFFERSON,JEFFERSON
JEFFERSON - 000013,111,1.0000000000,16.0000000000,16.0000000000,0,JEFFERSON,JEFFERSON
JEFFERSON - 000014,111,1.0000000000,9.0000000000,9.0000000000,0,JEFFERSON,JEFFERSON
JEFFERSON - 000015,111,1.0000000000,27.0000000000,27.0000000000,0,JEFFERSON,JEFFERSON
JEFFERSON - 000016,111,1.0000000000,116.0000000000,116.0000000000,0,JEFFERSON,JEFFERSON
JEFFERSON - 000017,111,1.0000000000,19.0000000000,19.0000000000,0,JEFFERSON,JEFFERSON
JEFFERSON - 000018,111,1.0000000000,69.0000000000,69.0000000000,0,JEFFERSON,JEFFERSON
JEFFERSON - 000020,114,1.0000000000,93.0000000000,93.0000000000,0,JEFFERSON,JEFFERSON
JEFFERSON - 000021,115,1.0000000000,159.0000000000,159.0000000000,0,JEFFERSON,JEFFERSON
JEFFERSON - 000022,114,1.0000000000,49.0000000000,49.0000000000,0,JEFFERSON,JEFFERSON
JEFFERSON - 000023,114,1.0000000000,42.0000000000,42.0000000000,0,JEFFERSON,JEFFERSON
JEFFERSON - 000024,113,1.0000000000,42.0000000000,42.0000000000,0,JEFFERSON,JEFFERSON
JEFFERSON - 000026,111,1.0000000000,82.0000000000,82.0000000000,0,JEFFERSON,JEFFERSON
JEFFERSON - 000028,111,0.0361445783,3.0000000000,83.0000000000,0,JEFFERSON,JEFFERSON
JEFFERSON - 000028,115,0.9638554217,80.0000000000,83.0000000000,0,JEFFERSON,JEFFERSON
JEFFERSON - 000029,115,1.0000000000,9.0000000000,9.0000000000,0,JEFFERSON,JEFFERSON
JEFFERSON - 000030,114,1.0000000000,50.0000000000,50.0000000000,0,JEFFERSON,JEFFERSON
JEFFERSON - 000031,114,1.0000000000,65.0000000000,65.0000000000,0,JEFFERSON,JEFFERSON
JEFFERSON - 000034,97,1.0000000000,73.0000000000,73.0000000000,0,JEFFERSON,JEFFERSON
JEFFERSON - 000036,111,1.0000000000,22.0000000000,22.0000000000,0,JEFFERSON,JEFFERSON
JEFFERSON - 000037,111,0.8319327731,99.0000000000,119.0000000000,0,JEFFERSON,JEFFERSON
JEFFERSON - 000037,115,0.1680672269,20.0000000000,119.0000000000,0,JEFFERSON,JEFFERSON
JEFFERSON - 000038,111,1.0000000000,13.0000000000,13.0000000000,0,JEFFERSON,JEFFERSON
JEFFERSON - 000039,111,1.0000000000,59.0000000000,59.0000000000,0,JEFFERSON,JEFFERSON
JEFFERSON - 000040,114,1.0000000000,107.0000000000,107.0000000000,0,JEFFERSON,JEFFERSON
JEFFERSON - 000043,111,1.0000000000,71.0000000000,71.0000000000,0,JEFFERSON,JEFFERSON
JEFFERSON - 000044,112,1.0000000000,36.0000000000,36.0000000000,0,JEFFERSON,JEFFERSON
JEFFERSON - 000045,112,1.0000000000,8.0000000000,8.0000000000,0,JEFFERSON,JEFFERSON
JEFFERSON - 000047,112,1.0000000000,23.0000000000,23.0000000000,0,JEFFERSON,JEFFERSON
JEFFERSON - 000048,114,0.0612244898,6.0000000000,98.0000000000,0,JEFFERSON,JEFFERSON
JEFFERSON - 000048,115,0.9387755102,92.0000000000,98.0000000000,0,JEFFERSON,JEFFERSON
JEFFERSON - 000050,113,1.0000000000,28.0000000000,28.0000000000,0,JEFFERSON,JEFFERSON
JEFFERSON - 000051,111,1.0000000000,9.0000000000,9.0000000000,0,JEFFERSON,JEFFERSON
JEFFERSON - 000052,114,1.0000000000,99.0000000000,99.0000000000,0,JEFFERSON,JEFFERSON
JEFFERSON - 000054,112,1.0000000000,45.0000000000,45.0000000000,0,JEFFERSON,JEFFERSON
JEFFERSON - 000056,112,1.0000000000,36.0000000000,36.0000000000,0,JEFFERSON,JEFFERSON
JEFFERSON - 000057,111,1.0000000000,57.0000000000,57.0000000000,0,JEFFERSON,JEFFERSON
JEFFERSON - 000058,113,1.0000000000,47.0000000000,47.0000000000,0,JEFFERSON,JEFFERSON
JEFFERSON - 000061,96,0.0136986301,1.0000000000,73.0000000000,0,JEFFERSON,JEFFERSON
JEFFERSON - 000061,97,0.9863013699,72.0000000000,73.0000000000,0,JEFFERSON,JEFFERSON
JEFFERSON - 000062,115,1.0000000000,80.0000000000,80.0000000000,0,JEFFERSON,JEFFERSON
JEFFERSON - 000063,115,1.0000000000,26.0000000000,26.0000000000,0,JEFFERSON,JEFFERSON
JEFFERSON - 000064,97,1.0000000000,6.0000000000,6.0000000000,0,JEFFERSON,JEFFERSON
JEFFERSON - 000065,114,1.0000000000,41.0000000000,41.0000000000,0,JEFFERSON,JEFFERSON
JEFFERSON - 000068,115,1.0000000000,42.0000000000,42.0000000000,0,JEFFERSON,JEFFERSON
JEFFERSON - 000069,114,1.0000000000,8.0000000000,8.0000000000,0,JEFFERSON,JEFFERSON
JEFFERSON - 000070,112,1.0000000000,4.0000000000,4.0000000000,0,JEFFERSON,JEFFERSON
JEFFERSON - 000071,112,1.0000000000,64.0000000000,64.0000000000,0,JEFFERSON,JEFFERSON
JEFFERSON - 000074,111,1.0000000000,89.0000000000,89.0000000000,0,JEFFERSON,JEFFERSON
JEFFERSON - 000075,97,1.0000000000,53.0000000000,53.0000000000,0,JEFFERSON,JEFFERSON
JEFFERSON - 000077,97,1.0000000000,29.0000000000,29.0000000000,0,JEFFERSON,JEFFERSON
JEFFERSON - 000078,111,1.0000000000,8.0000000000,8.0000000000,0,JEFFERSON,JEFFERSON
JEFFERSON - 000079,97,1.0000000000,51.0000000000,51.0000000000,0,JEFFERSON,JEFFERSON
JEFFERSON - 000080,115,1.0000000000,140.0000000000,140.0000000000,0,JEFFERSON,JEFFERSON
JEFFERSON - 000081,115,1.0000000000,50.0000000000,50.0000000000,0,JEFFERSON,JEFFERSON
JEFFERSON - 000083,115,1.0000000000,68.0000000000,68.0000000000,0,JEFFERSON,JEFFERSON
JEFFERSON - 000085,115,1.0000000000,101.0000000000,101.0000000000,0,JEFFERSON,JEFFERSON
JEFFERSON - 000086,115,1.0000000000,69.0000000000,69.0000000000,0,JEFFERSON,JEFFERSON
JEFFERSON - 000087,113,1.0000000000,110.0000000000,110.0000000000,0,JEFFERSON,JEFFERSON
JEFFERSON - 13-107,114,1.0000000000,18.0000000000,18.0000000000,0,JEFFERSON,JEFFERSON
JEFFERSON - 16-088,111,1.0000000000,8.0000000000,8.0000000000,0,JEFFERSON,JEFFERSON
JEFFERSON - 16-089,97,1.0000000000,33.0000000000,33.0000000000,0,JEFFERSON,JEFFERSON
JEFFERSON - 16-090,96,0.0128205128,1.0000000000,78.0000000000,0,JEFFERSON,JEFFERSON
JEFFERSON - 16-090,97,0.9871794872,77.0000000000,78.0000000000,0,JEFFERSON,JEFFERSON
JEFFERSON - 16-091,97,1.0000000000,58.0000000000,58.0000000000,0,JEFFERSON,JEFFERSON
JEFFERSON - 16-092,97,1.0000000000,4.0000000000,4.0000000000,0,JEFFERSON,JEFFERSON
JEFFERSON - 16-093,111,1.0000000000,55.0000000000,55.0000000000,0,JEFFERSON,JEFFERSON
JEFFERSON - 16-094,115,1.0000000000,79.0000000000,79.0000000000,0,JEFFERSON,JEFFERSON
JEFFERSON - 16-095,115,1.0000000000,109.0000000000,109.0000000000,0,JEFFERSON,JEFFERSON
JEFFERSON - 16-096,112,1.0000000000,47.0000000000,47.0000000000,0,JEFFERSON,JEFFERSON
JEFFERSON - 16-097,112,1.0000000000,34.0000000000,34.0000000000,0,JEFFERSON,JEFFERSON
JEFFERSON - 16-098,112,1.0000000000,12.0000000000,12.0000000000,0,JEFFERSON,JEFFERSON
JEFFERSON - 16-099,111,1.0000000000,12.0000000000,12.0000000000,0,JEFFERSON,JEFFERSON
JEFFERSON - 16-100,111,1.0000000000,36.0000000000,36.0000000000,0,JEFFERSON,JEFFERSON
JEFFERSON - 16-102,114,1.0000000000,62.0000000000,62.0000000000,0,JEFFERSON,JEFFERSON
JEFFERSON - 16-103,114,1.0000000000,98.0000000000,98.0000000000,0,JEFFERSON,JEFFERSON
JEFFERSON - 16-104,114,1.0000000000,4.0000000000,4.0000000000,0,JEFFERSON,JEFFERSON
JEFFERSON - 16-105,114,1.0000000000,93.0000000000,93.0000000000,0,JEFFERSON,JEFFERSON
JEFFERSON - 16-106,114,1.0000000000,46.0000000000,46.0000000000,0,JEFFERSON,JEFFERSON
JEFFERSON - 16-107,114,1.0000000000,54.0000000000,54.0000000000,0,JEFFERSON,JEFFERSON
JEFFERSON - 16-108,114,1.0000000000,25.0000000000,25.0000000000,0,JEFFERSON,JEFFERSON
JEFFERSON - 16-109,114,1.0000000000,25.0000000000,25.0000000000,0,JEFFERSON,JEFFERSON
JEFFERSON - 16-110,114,1.0000000000,22.0000000000,22.0000000000,0,JEFFERSON,JEFFERSON
JEFFERSON - 16-111,114,1.0000000000,31.0000000000,31.0000000000,0,JEFFERSON,JEFFERSON
JEFFERSON - 16-112,114,1.0000000000,16.0000000000,16.0000000000,0,JEFFERSON,JEFFERSON
JEFFERSON - 16-115,115,1.0000000000,46.0000000000,46.0000000000,0,JEFFERSON,JEFFERSON
JOHNSON - 000002,57,1.0000000000,302.0000000000,302.0000000000,0,JOHNSON,JOHNSON
JOHNSON - 000003,54,1.0000000000,77.0000000000,77.0000000000,0,JOHNSON,JOHNSON
JOHNSON - 000004,57,1.0000000000,110.0000000000,110.0000000000,0,JOHNSON,JOHNSON
JOHNSON - 000005,54,1.0000000000,146.0000000000,146.0000000000,0,JOHNSON,JOHNSON
JOHNSON - 000006,57,1.0000000000,160.0000000000,160.0000000000,0,JOHNSON,JOHNSON
JOHNSON - 000007,57,1.0000000000,124.0000000000,124.0000000000,0,JOHNSON,JOHNSON
JOHNSON - 000008,54,1.0000000000,92.0000000000,92.0000000000,0,JOHNSON,JOHNSON
JOHNSON - 000009,54,1.0000000000,138.0000000000,138.0000000000,0,JOHNSON,JOHNSON
JOHNSON - 000010,54,1.0000000000,160.0000000000,160.0000000000,0,JOHNSON,JOHNSON
JOHNSON - 000011,54,1.0000000000,78.0000000000,78.0000000000,0,JOHNSON,JOHNSON
JOHNSON - 000012,54,1.0000000000,150.0000000000,150.0000000000,0,JOHNSON,JOHNSON
JOHNSON - 000013,54,1.0000000000,82.0000000000,82.0000000000,0,JOHNSON,JOHNSON
JOHNSON - 000014,54,1.0000000000,98.0000000000,98.0000000000,0,JOHNSON,JOHNSON
JOHNSON - 000015,57,1.0000000000,137.0000000000,137.0000000000,0,JOHNSON,JOHNSON
JOHNSON - 000016,54,1.0000000000,76.0000000000,76.0000000000,0,JOHNSON,JOHNSON
JOHNSON - 000017,54,1.0000000000,71.0000000000,71.0000000000,0,JOHNSON,JOHNSON
JOHNSON - 000018,54,1.0000000000,122.0000000000,122.0000000000,0,JOHNSON,JOHNSON
JOHNSON - 000019,54,1.0000000000,93.0000000000,93.0000000000,0,JOHNSON,JOHNSON
JOHNSON - 000020,57,1.0000000000,82.0000000000,82.0000000000,0,JOHNSON,JOHNSON
JOHNSON - 000021,57,1.0000000000,95.0000000000,95.0000000000,0,JOHNSON,JOHNSON
KNOX - 000002,4,1.0000000000,180.0000000000,180.0000000000,0,KNOX,KNOX
KNOX - 000003,4,1.0000000000,245.0000000000,245.0000000000,0,KNOX,KNOX
KNOX - 000004,4,1.0000000000,136.0000000000,136.0000000000,0,KNOX,KNOX
KNOX - 000005,4,1.0000000000,223.0000000000,223.0000000000,0,KNOX,KNOX
KNOX - 000006,4,1.0000000000,165.0000000000,165.0000000000,0,KNOX,KNOX
KNOX - 000007,4,1.0000000000,204.0000000000,204.0000000000,0,KNOX,KNOX
LACLEDE - 000002,141,1.0000000000,45.0000000000,45.0000000000,0,LACLEDE,LACLEDE
LACLEDE - 000004,141,1.0000000000,56.0000000000,56.0000000000,0,LACLEDE,LACLEDE
LACLEDE - 000005,141,0.4140625000,53.0000000000,128.0000000000,0,LACLEDE,LACLEDE
LACLEDE - 000005,142,0.5859375000,75.0000000000,128.0000000000,0,LACLEDE,LACLEDE
LACLEDE - 000006,142,1.0000000000,60.0000000000,60.0000000000,0,LACLEDE,LACLEDE
LACLEDE - 000007,141,0.3623188406,25.0000000000,69.0000000000,0,LACLEDE,LACLEDE
LACLEDE - 000007,142,0.6376811594,44.0000000000,69.0000000000,0,LACLEDE,LACLEDE
LACLEDE - 000008,141,0.9555555556,43.0000000000,45.0000000000,0,LACLEDE,LACLEDE
LACLEDE - 000008,142,0.0444444444,2.0000000000,45.0000000000,0,LACLEDE,LACLEDE
LACLEDE - 000009,141,1.0000000000,90.0000000000,90.0000000000,0,LACLEDE,LACLEDE
LACLEDE - 000010,141,1.0000000000,87.0000000000,87.0000000000,0,LACLEDE,LACLEDE
LACLEDE - 000011,141,1.0000000000,136.0000000000,136.0000000000,0,LACLEDE,LACLEDE
LACLEDE - 000012,141,1.0000000000,74.0000000000,74.0000000000,0,LACLEDE,LACLEDE
LACLEDE - 000013,141,1.0000000000,87.0000000000,87.0000000000,0,LACLEDE,LACLEDE
LACLEDE - 000014,141,1.0000000000,82.0000000000,82.0000000000,0,LACLEDE,LACLEDE
LACLEDE - 000015,141,0.9067796610,107.0000000000,118.0000000000,0,LACLEDE,LACLEDE
LACLEDE - 000015,142,0.0932203390,11.0000000000,118.0000000000,0,LACLEDE,LACLEDE
LACLEDE - 000016,141,1.0000000000,20.0000000000,20.0000000000,0,LACLEDE,LACLEDE
LACLEDE - 000017,141,1.0000000000,95.0000000000,95.0000000000,0,LACLEDE,LACLEDE
LACLEDE - 000018,142,1.0000000000,168.0000000000,168.0000000000,0,LACLEDE,LACLEDE
LACLEDE - 000019,141,0.9896907216,96.0000000000,97.0000000000,0,LACLEDE,LACLEDE
LACLEDE - 000019,142,0.0103092784,1.0000000000,97.0000000000,0,LACLEDE,LACLEDE
LACLEDE - 000020,141,1.0000000000,118.0000000000,118.0000000000,0,LACLEDE,LACLEDE
LACLEDE - 000022,141,0.3373493976,28.0000000000,83.0000000000,0,LACLEDE,LACLEDE
LACLEDE - 000022,142,0.6626506024,55.0000000000,83.0000000000,0,LACLEDE,LACLEDE
LACLEDE - 000023,141,0.2253521127,32.0000000000,142.0000000000,0,LACLEDE,LACLEDE
LACLEDE - 000023,142,0.7746478873,110.0000000000,142.0000000000,0,LACLEDE,LACLEDE
LACLEDE - 16-024,141,1.0000000000,103.0000000000,103.0000000000,0,LACLEDE,LACLEDE
LACLEDE - 16-025,141,1.0000000000,25.0000000000,25.0000000000,0,LACLEDE,LACLEDE
LACLEDE - 16-026,142,1.0000000000,90.0000000000,90.0000000000,0,LACLEDE,LACLEDE
LACLEDE - 16-027,141,1.0000000000,52.0000000000,52.0000000000,0,LACLEDE,LACLEDE
LAFAYETTE - 000002,51,1.0000000000,270.0000000000,270.0000000000,0,LAFAYETTE,LAFAYETTE
LAFAYETTE - 000003,51,0.9760000000,122.0000000000,125.0000000000,0,LAFAYETTE,LAFAYETTE
LAFAYETTE - 000003,53,0.0240000000,3.0000000000,125.0000000000,0,LAFAYETTE,LAFAYETTE
LAFAYETTE - 000004,51,1.0000000000,150.0000000000,150.0000000000,0,LAFAYETTE,LAFAYETTE
LAFAYETTE - 000005,51,1.0000000000,114.0000000000,114.0000000000,0,LAFAYETTE,LAFAYETTE
LAFAYETTE - 000006,53,1.0000000000,105.0000000000,105.0000000000,0,LAFAYETTE,LAFAYETTE
LAFAYETTE - 000007,51,1.0000000000,191.0000000000,191.0000000000,0,LAFAYETTE,LAFAYETTE
LAFAYETTE - 000008,51,1.0000000000,74.0000000000,74.0000000000,0,LAFAYETTE,LAFAYETTE
LAFAYETTE - 000009,51,0.3787878788,25.0000000000,66.0000000000,0,LAFAYETTE,LAFAYETTE
LAFAYETTE - 000009,53,0.6212121212,41.0000000000,66.0000000000,0,LAFAYETTE,LAFAYETTE
LAFAYETTE - 000010,51,0.8970588235,122.0000000000,136.0000000000,0,LAFAYETTE,LAFAYETTE
LAFAYETTE - 000010,53,0.1029411765,14.0000000000,136.0000000000,0,LAFAYETTE,LAFAYETTE
LAFAYETTE - 000011,51,0.0131578947,1.0000000000,76.0000000000,0,LAFAYETTE,LAFAYETTE
LAFAYETTE - 000011,53,0.9868421053,75.0000000000,76.0000000000,0,LAFAYETTE,LAFAYETTE
LAFAYETTE - 000012,53,1.0000000000,2.0000000000,2.0000000000,0,LAFAYETTE,LAFAYETTE
LAFAYETTE - 000013,51,0.0048309179,1.0000000000,207.0000000000,0,LAFAYETTE,LAFAYETTE
LAFAYETTE - 000013,53,0.9951690821,206.0000000000,207.0000000000,0,LAFAYETTE,LAFAYETTE
LAFAYETTE - 000014,53,1.0000000000,94.0000000000,94.0000000000,0,LAFAYETTE,LAFAYETTE
LAFAYETTE - 000015,53,1.0000000000,110.0000000000,110.0000000000,0,LAFAYETTE,LAFAYETTE
LAFAYETTE - 000016,51,1.0000000000,78.0000000000,78.0000000000,0,LAFAYETTE,LAFAYETTE
LAFAYETTE - 000017,53,1.0000000000,211.0000000000,211.0000000000,0,LAFAYETTE,LAFAYETTE
LAFAYETTE - 000018,53,1.0000000000,66.0000000000,66.0000000000,0,LAFAYETTE,LAFAYETTE
LAFAYETTE - 000019,51,0.6190476190,65.0000000000,105.0000000000,0,LAFAYETTE,LAFAYETTE
LAFAYETTE - 000019,53,0.3809523810,40.0000000000,105.0000000000,0,LAFAYETTE,LAFAYETTE
LAFAYETTE - 000020,51,1.0000000000,97.0000000000,97.0000000000,0,LAFAYETTE,LAFAYETTE
LAFAYETTE - 000021,53,1.0000000000,125.0000000000,125.0000000000,0,LAFAYETTE,LAFAYETTE
LAWRENCE - 000002,157,1.0000000000,181.0000000000,181.0000000000,0,LAWRENCE,LAWRENCE
LAWRENCE - 000003,157,1.0000000000,140.0000000000,140.0000000000,0,LAWRENCE,LAWRENCE
LAWRENCE - 000004,157,1.0000000000,203.0000000000,203.0000000000,0,LAWRENCE,LAWRENCE
LAWRENCE - 000005,157,1.0000000000,145.0000000000,145.0000000000,0,LAWRENCE,LAWRENCE
LAWRENCE - 000006,157,1.0000000000,154.0000000000,154.0000000000,0,LAWRENCE,LAWRENCE
LAWRENCE - 000007,157,1.0000000000,194.0000000000,194.0000000000,0,LAWRENCE,LAWRENCE
LAWRENCE - 000008,157,1.0000000000,218.0000000000,218.0000000000,0,LAWRENCE,LAWRENCE
LAWRENCE - 000009,157,1.0000000000,119.0000000000,119.0000000000,0,LAWRENCE,LAWRENCE
LAWRENCE - 000010,157,1.0000000000,192.0000000000,192.0000000000,0,LAWRENCE,LAWRENCE
LAWRENCE - 000011,157,1.0000000000,195.0000000000,195.0000000000,0,LAWRENCE,LAWRENCE
LAWRENCE - 000012,157,1.0000000000,208.0000000000,208.0000000000,0,LAWRENCE,LAWRENCE
LAWRENCE - 000013,157,1.0000000000,254.0000000000,254.0000000000,0,LAWRENCE,LAWRENCE
LAWRENCE - 000014,157,1.0000000000,233.0000000000,233.0000000000,0,LAWRENCE,LAWRENCE
LAWRENCE - 000015,157,1.0000000000,151.0000000000,151.0000000000,0,LAWRENCE,LAWRENCE
LAWRENCE - 000016,157,1.0000000000,274.0000000000,274.0000000000,0,LAWRENCE,LAWRENCE
LAWRENCE - 000017,157,1.0000000000,148.0000000000,148.0000000000,0,LAWRENCE,LAWRENCE
LAWRENCE - 000018,157,1.0000000000,90.0000000000,90.0000000000,0,LAWRENCE,LAWRENCE
LAWRENCE - 000019,157,1.0000000000,99.0000000000,99.0000000000,0,LAWRENCE,LAWRENCE
LAWRENCE - 000020,157,1.0000000000,116.0000000000,116.0000000000,0,LAWRENCE,LAWRENCE
LEWIS - 000002,4,1.0000000000,244.0000000000,244.0000000000,0,LEWIS,LEWIS
LEWIS - 000003,4,1.0000000000,114.0000000000,114.0000000000,0,LEWIS,LEWIS
LEWIS - 000006,4,1.0000000000,67.0000000000,67.0000000000,0,LEWIS,LEWIS
LEWIS - 000007,4,1.0000000000,158.0000000000,158.0000000000,0,LEWIS,LEWIS
LEWIS - 000008,4,1.0000000000,190.0000000000,190.0000000000,0,LEWIS,LEWIS
LEWIS - 000011,4,1.0000000000,216.0000000000,216.0000000000,0,LEWIS,LEWIS
LINCOLN - 000002,40,0.0985915493,7.0000000000,71.0000000000,0,LINCOLN,LINCOLN
LINCOLN - 000002,41,0.9014084507,64.0000000000,71.0000000000,0,LINCOLN,LINCOLN
LINCOLN - 000003,40,0.3333333333,18.0000000000,54.0000000000,0,LINCOLN,LINCOLN
LINCOLN - 000003,41,0.6666666667,36.0000000000,54.0000000000,0,LINCOLN,LINCOLN
LINCOLN - 000004,40,0.3678160920,32.0000000000,87.0000000000,0,LINCOLN,LINCOLN
LINCOLN - 000004,41,0.6321839080,55.0000000000,87.0000000000,0,LINCOLN,LINCOLN
LINCOLN - 000005,40,1.0000000000,175.0000000000,175.0000000000,0,LINCOLN,LINCOLN
LINCOLN - 000008,40,1.0000000000,152.0000000000,152.0000000000,0,LINCOLN,LINCOLN
LINCOLN - 000009,40,1.0000000000,229.0000000000,229.0000000000,0,LINCOLN,LINCOLN
LINCOLN - 000011,40,0.9160839161,131.0000000000,143.0000000000,0,LINCOLN,LINCOLN
LINCOLN - 000011,41,0.0839160839,12.0000000000,143.0000000000,0,LINCOLN,LINCOLN
LINCOLN - 000012,41,1.0000000000,90.0000000000,90.0000000000,0,LINCOLN,LINCOLN
LINCOLN - 000013,41,1.0000000000,130.0000000000,130.0000000000,0,LINCOLN,LINCOLN
LINCOLN - 000014,40,1.0000000000,68.0000000000,68.0000000000,0,LINCOLN,LINCOLN
LINCOLN - 000015,40,0.7234042553,102.0000000000,141.0000000000,0,LINCOLN,LINCOLN
LINCOLN - 000015,41,0.2765957447,39.0000000000,141.0000000000,0,LINCOLN,LINCOLN
LINCOLN - 000017,40,1.0000000000,60.0000000000,60.0000000000,0,LINCOLN,LINCOLN
LINCOLN - 000018,41,1.0000000000,91.0000000000,91.0000000000,0,LINCOLN,LINCOLN
LINCOLN - 000019,41,1.0000000000,64.0000000000,64.0000000000,0,LINCOLN,LINCOLN
LINCOLN - 000020,41,1.0000000000,82.0000000000,82.0000000000,0,LINCOLN,LINCOLN
LINCOLN - 000021,41,1.0000000000,128.0000000000,128.0000000000,0,LINCOLN,LINCOLN
LINCOLN - 000023,40,1.0000000000,90.0000000000,90.0000000000,0,LINCOLN,LINCOLN
LINCOLN - 000024,40,0.9545454545,105.0000000000,110.0000000000,0,LINCOLN,LINCOLN
LINCOLN - 000024,41,0.0454545455,5.0000000000,110.0000000000,0,LINCOLN,LINCOLN
LINCOLN - 000025,41,1.0000000000,106.0000000000,106.0000000000,0,LINCOLN,LINCOLN
LINN - 000002,7,1.0000000000,98.0000000000,98.0000000000,0,LINN,LINN
LINN - 000003,7,1.0000000000,102.0000000000,102.0000000000,0,LINN,LINN
LINN - 000004,7,1.0000000000,90.0000000000,90.0000000000,0,LINN,LINN
LINN - 000005,7,1.0000000000,148.0000000000,148.0000000000,0,LINN,LINN
LINN - 000006,7,1.0000000000,52.0000000000,52.0000000000,0,LINN,LINN
LINN - 000007,7,1.0000000000,82.0000000000,82.0000000000,0,LINN,LINN
LINN - 000008,7,1.0000000000,60.0000000000,60.0000000000,0,LINN,LINN
LINN - 000009,7,1.0000000000,52.0000000000,52.0000000000,0,LINN,LINN
LINN - 000010,7,1.0000000000,172.0000000000,172.0000000000,0,LINN,LINN
LINN - 000011,7,1.0000000000,194.0000000000,194.0000000000,0,LINN,LINN
LINN - 000012,7,1.0000000000,60.0000000000,60.0000000000,0,LINN,LINN
LINN - 000013,7,1.0000000000,122.0000000000,122.0000000000,0,LINN,LINN
LINN - 000014,7,1.0000000000,204.0000000000,204.0000000000,0,LINN,LINN
LINN - 000015,7,1.0000000000,305.0000000000,305.0000000000,0,LINN,LINN
LINN - 000016,7,1.0000000000,211.0000000000,211.0000000000,0,LINN,LINN
LINN - 000017,7,1.0000000000,95.0000000000,95.0000000000,0,LINN,LINN
LINN - 000018,7,1.0000000000,39.0000000000,39.0000000000,0,LINN,LINN
LINN - 000019,7,1.0000000000,31.0000000000,31.0000000000,0,LINN,LINN
LINN - 000020,7,1.0000000000,23.0000000000,23.0000000000,0,LINN,LINN
LINN - 000021,7,1.0000000000,29.0000000000,29.0000000000,0,LINN,LINN
LINN - 000022,7,1.0000000000,65.0000000000,65.0000000000,0,LINN,LINN
LINN - 000023,7,1.0000000000,188.0000000000,188.0000000000,0,LINN,LINN
LINN - 000024,7,1.0000000000,141.0000000000,141.0000000000,0,LINN,LINN
LIVINGSTON - 000005,7,1.0000000000,128.0000000000,128.0000000000,0,LIVINGSTON,LIVINGSTON
LIVINGSTON - 000006,7,1.0000000000,265.0000000000,265.0000000000,0,LIVINGSTON,LIVINGSTON
LIVINGSTON - 000007,7,1.0000000000,137.0000000000,137.0000000000,0,LIVINGSTON,LIVINGSTON
LIVINGSTON - 000008,7,1.0000000000,109.0000000000,109.0000000000,0,LIVINGSTON,LIVINGSTON
LIVINGSTON - 000009,7,1.0000000000,147.0000000000,147.0000000000,0,LIVINGSTON,LIVINGSTON
LIVINGSTON - 000010,7,1.0000000000,72.0000000000,72.0000000000,0,LIVINGSTON,LIVINGSTON
LIVINGSTON - 000011,7,1.0000000000,45.0000000000,45.0000000000,0,LIVINGSTON,LIVINGSTON
LIVINGSTON - 000012,7,1.0000000000,182.0000000000,182.0000000000,0,LIVINGSTON,LIVINGSTON
LIVINGSTON - 000013,7,1.0000000000,82.0000000000,82.0000000000,0,LIVINGSTON,LIVINGSTON
LIVINGSTON - 000014,7,1.0000000000,129.0000000000,129.0000000000,0,LIVINGSTON,LIVINGSTON
LIVINGSTON - 000015,7,1.0000000000,405.0000000000,405.0000000000,0,LIVINGSTON,LIVINGSTON
MACON - 000002,6,1.0000000000,64.0000000000,64.0000000000,0,MACON,MACON
MACON - 000003,6,1.0000000000,66.0000000000,66.0000000000,0,MACON,MACON
MACON - 000004,6,1.0000000000,82.0000000000,82.0000000000,0,MACON,MACON
MACON - 000005,6,1.0000000000,255.0000000000,255.0000000000,0,MACON,MACON
MACON - 000007,6,1.0000000000,342.0000000000,342.0000000000,0,MACON,MACON
MACON - 000008,6,1.0000000000,317.0000000000,317.0000000000,0,MACON,MACON
MACON - 000010,6,1.0000000000,186.0000000000,186.0000000000,0,MACON,MACON
MACON - 000011,6,1.0000000000,607.0000000000,607.0000000000,0,MACON,MACON
MACON - 000012,6,1.0000000000,429.0000000000,429.0000000000,0,MACON,MACON
MACON - 000013,6,1.0000000000,51.0000000000,51.0000000000,0,MACON,MACON
MACON - 12-014,6,1.0000000000,427.0000000000,427.0000000000,0,MACON,MACON
MADISON - 000002,116,1.0000000000,259.0000000000,259.0000000000,0,MADISON,MADISON
MADISON - 000003,116,0.1204188482,23.0000000000,191.0000000000,0,MADISON,MADISON
MADISON - 000003,144,0.8795811518,168.0000000000,191.0000000000,0,MADISON,MADISON
MADISON - 000004,116,1.0000000000,44.0000000000,44.0000000000,0,MADISON,MADISON
MADISON - 000005,116,1.0000000000,38.0000000000,38.0000000000,0,MADISON,MADISON
MADISON - 000006,116,1.0000000000,48.0000000000,48.0000000000,0,MADISON,MADISON
MADISON - 000007,144,1.0000000000,121.0000000000,121.0000000000,0,MADISON,MADISON
MADISON - 000008,116,1.0000000000,145.0000000000,145.0000000000,0,MADISON,MADISON
MARIES - 000002,143,1.0000000000,42.0000000000,42.0000000000,0,MARIES,MARIES
MARIES - 000003,143,1.0000000000,157.0000000000,157.0000000000,0,MARIES,MARIES
MARIES - 000004,143,1.0000000000,164.0000000000,164.0000000000,0,MARIES,MARIES
MARIES - 000005,143,1.0000000000,64.0000000000,64.0000000000,0,MARIES,MARIES
MARIES - 000006,143,1.0000000000,63.0000000000,63.0000000000,0,MARIES,MARIES
MARIES - 000007,143,1.0000000000,63.0000000000,63.0000000000,0,MARIES,MARIES
MARIES - 000008,143,1.0000000000,76.0000000000,76.0000000000,0,MARIES,MARIES
MARIES - 000009,143,1.0000000000,23.0000000000,23.0000000000,0,MARIES,MARIES
MARIES - 000010,143,1.0000000000,35.0000000000,35.0000000000,0,MARIES,MARIES
MARION - 000002,5,1.0000000000,105.0000000000,105.0000000000,0,MARION,MARION
MARION - 000003,5,1.0000000000,106.0000000000,106.0000000000,0,MARION,MARION
MARION - 000004,5,1.0000000000,50.0000000000,50.0000000000,0,MARION,MARION
MARION - 000006,5,1.0000000000,139.0000000000,139.0000000000,0,MARION,MARION
MARION - 000008,5,1.0000000000,29.0000000000,29.0000000000,0,MARION,MARION
MARION - 000009,5,1.0000000000,142.0000000000,142.0000000000,0,MARION,MARION
MARION - 000013,5,1.0000000000,109.0000000000,109.0000000000,0,MARION,MARION
MARION - 000014,5,1.0000000000,109.0000000000,109.0000000000,0,MARION,MARION
MARION - 000016,5,1.0000000000,57.0000000000,57.0000000000,0,MARION,MARION
MARION - 000019,5,1.0000000000,159.0000000000,159.0000000000,0,MARION,MARION
MARION - 000022,5,1.0000000000,124.0000000000,124.0000000000,0,MARION,MARION
MARION - 000023,5,1.0000000000,56.0000000000,56.0000000000,0,MARION,MARION
MARION - 16-020,5,1.0000000000,102.0000000000,102.0000000000,0,MARION,MARION
MARION - 16-030,5,1.0000000000,17.0000000000,17.0000000000,0,MARION,MARION
MARION - 16-031,5,1.0000000000,59.0000000000,59.0000000000,0,MARION,MARION
MARION - 16-032,5,1.0000000000,39.0000000000,39.0000000000,0,MARION,MARION
MARION - 16-033,5,1.0000000000,51.0000000000,51.0000000000,0,MARION,MARION
MARION - 16-034,5,1.0000000000,109.0000000000,109.0000000000,0,MARION,MARION
MCDONALD - 000002,159,1.0000000000,112.0000000000,112.0000000000,0,MCDONALD,MCDONALD
MCDONALD - 000003,159,1.0000000000,86.0000000000,86.0000000000,0,MCDONALD,MCDONALD
MCDONALD - 000004,159,1.0000000000,46.0000000000,46.0000000000,0,MCDONALD,MCDONALD
MCDONALD - 000006,158,1.0000000000,90.0000000000,90.0000000000,0,MCDONALD,MCDONALD
MCDONALD - 000007,159,1.0000000000,76.0000000000,76.0000000000,0,MCDONALD,MCDONALD
MCDONALD - 000008,159,1.0000000000,54.0000000000,54.0000000000,0,MCDONALD,MCDONALD
MCDONALD - 000009,159,1.0000000000,87.0000000000,87.0000000000,0,MCDONALD,MCDONALD
MCDONALD - 000010,159,1.0000000000,132.0000000000,132.0000000000,0,MCDONALD,MCDONALD
MCDONALD - 000011,159,1.0000000000,50.0000000000,50.0000000000,0,MCDONALD,MCDONALD
MCDONALD - 000012,159,1.0000000000,48.0000000000,48.0000000000,0,MCDONALD,MCDONALD
MCDONALD - 000013,159,1.0000000000,29.0000000000,29.0000000000,0,MCDONALD,MCDONALD
MCDONALD - 000014,158,1.0000000000,56.0000000000,56.0000000000,0,MCDONALD,MCDONALD
MCDONALD - 000015,159,1.0000000000,73.0000000000,73.0000000000,0,MCDONALD,MCDONALD
MCDONALD - 000016,158,0.0280373832,3.0000000000,107.0000000000,0,MCDONALD,MCDONALD
MCDONALD - 000016,159,0.9719626168,104.0000000000,107.0000000000,0,MCDONALD,MCDONALD
MCDONALD - 000017,158,0.1764705882,12.0000000000,68.0000000000,0,MCDONALD,MCDONALD
MCDONALD - 000017,159,0.8235294118,56.0000000000,68.0000000000,0,MCDONALD,MCDONALD
MCDONALD - 000018,159,1.0000000000,90.0000000000,90.0000000000,0,MCDONALD,MCDONALD
MCDONALD - 000019,159,1.0000000000,68.0000000000,68.0000000000,0,MCDONALD,MCDONALD
MCDONALD - 000020,158,1.0000000000,62.0000000000,62.0000000000,0,MCDONALD,MCDONALD
MERCER - 000002,3,1.0000000000,60.0000000000,60.0000000000,0,MERCER,MERCER
MERCER - 000003,3,1.0000000000,52.0000000000,52.0000000000,0,MERCER,MERCER
MERCER - 000004,3,1.0000000000,49.0000000000,49.0000000000,0,MERCER,MERCER
MERCER - 000005,3,1.0000000000,48.0000000000,48.0000000000,0,MERCER,MERCER
MERCER - 000006,3,1.0000000000,140.0000000000,140.0000000000,0,MERCER,MERCER
MERCER - 000007,3,1.0000000000,55.0000000000,55.0000000000,0,MERCER,MERCER
MERCER - 000008,3,1.0000000000,162.0000000000,162.0000000000,0,MERCER,MERCER
MERCER - 000009,3,1.0000000000,61.0000000000,61.0000000000,0,MERCER,MERCER
MERCER - 000010,3,1.0000000000,39.0000000000,39.0000000000,0,MERCER,MERCER
MILLER - 000005,124,1.0000000000,233.0000000000,233.0000000000,0,MILLER,MILLER
MILLER - 000008,124,1.0000000000,187.0000000000,187.0000000000,0,MILLER,MILLER
MILLER - 000009,124,1.0000000000,89.0000000000,89.0000000000,0,MILLER,MILLER
MILLER - 000011,124,1.0000000000,182.0000000000,182.0000000000,0,MILLER,MILLER
MILLER - 000012,124,1.0000000000,172.0000000000,172.0000000000,0,MILLER,MILLER
MILLER - 000013,124,1.0000000000,119.0000000000,119.0000000000,0,MILLER,MILLER
MILLER - 000016,61,0.3368421053,32.0000000000,95.0000000000,0,MILLER,MILLER
MILLER - 000016,124,0.6631578947,63.0000000000,95.0000000000,0,MILLER,MILLER
MILLER - 000018,61,1.0000000000,109.0000000000,109.0000000000,0,MILLER,MILLER
MILLER - 000019,124,1.0000000000,145.0000000000,145.0000000000,0,MILLER,MILLER
MILLER - 000020,124,1.0000000000,67.0000000000,67.0000000000,0,MILLER,MILLER
MILLER - 000023,124,1.0000000000,72.0000000000,72.0000000000,0,MILLER,MILLER
MILLER - 000029,124,1.0000000000,168.0000000000,168.0000000000,0,MILLER,MILLER
MISSISSIPPI - 000002,149,1.0000000000,19.0000000000,19.0000000000,0,MISSISSIPPI,MISSISSIPPI
MISSISSIPPI - 000003,149,1.0000000000,16.0000000000,16.0000000000,0,MISSISSIPPI,MISSISSIPPI
MISSISSIPPI - 000004,149,1.0000000000,20.0000000000,20.0000000000,0,MISSISSIPPI,MISSISSIPPI
MISSISSIPPI - 000005,149,1.0000000000,70.0000000000,70.0000000000,0,MISSISSIPPI,MISSISSIPPI
MISSISSIPPI - 000006,149,1.0000000000,11.0000000000,11.0000000000,0,MISSISSIPPI,MISSISSIPPI
MISSISSIPPI - 000007,149,1.0000000000,16.0000000000,16.0000000000,0,MISSISSIPPI,MISSISSIPPI
MISSISSIPPI - 000008,149,1.0000000000,38.0000000000,38.0000000000,0,MISSISSIPPI,MISSISSIPPI
MISSISSIPPI - 000009,149,1.0000000000,37.0000000000,37.0000000000,0,MISSISSIPPI,MISSISSIPPI
MISSISSIPPI - 000010,149,1.0000000000,54.0000000000,54.0000000000,0,MISSISSIPPI,MISSISSIPPI
MISSISSIPPI - 000011,149,1.0000000000,35.0000000000,35.0000000000,0,MISSISSIPPI,MISSISSIPPI
MISSISSIPPI - 000012,149,1.0000000000,67.0000000000,67.0000000000,0,MISSISSIPPI,MISSISSIPPI
MISSISSIPPI - 000013,149,1.0000000000,164.0000000000,164.0000000000,0,MISSISSIPPI,MISSISSIPPI
MISSISSIPPI - 000014,149,1.0000000000,47.0000000000,47.0000000000,0,MISSISSIPPI,MISSISSIPPI
MISSISSIPPI - 000015,149,1.0000000000,148.0000000000,148.0000000000,0,MISSISSIPPI,MISSISSIPPI
MISSISSIPPI - 000016,149,1.0000000000,76.0000000000,76.0000000000,0,MISSISSIPPI,MISSISSIPPI
MISSISSIPPI - 000017,149,1.0000000000,41.0000000000,41.0000000000,0,MISSISSIPPI,MISSISSIPPI
MISSISSIPPI - 000018,149,1.0000000000,78.0000000000,78.0000000000,0,MISSISSIPPI,MISSISSIPPI
MISSISSIPPI - 000019,149,1.0000000000,4.0000000000,4.0000000000,0,MISSISSIPPI,MISSISSIPPI
MISSISSIPPI - 000020,149,1.0000000000,124.0000000000,124.0000000000,0,MISSISSIPPI,MISSISSIPPI
MISSISSIPPI - 000021,149,1.0000000000,61.0000000000,61.0000000000,0,MISSISSIPPI,MISSISSIPPI
MISSISSIPPI - 000022,149,1.0000000000,8.0000000000,8.0000000000,0,MISSISSIPPI,MISSISSIPPI
MISSISSIPPI - 000023,149,1.0000000000,36.0000000000,36.0000000000,0,MISSISSIPPI,MISSISSIPPI
MONITEAU - 000002,58,1.0000000000,146.0000000000,146.0000000000,0,MONITEAU,MONITEAU
MONITEAU - 000003,58,1.0000000000,52.0000000000,52.0000000000,0,MONITEAU,MONITEAU
MONITEAU - 000004,58,1.0000000000,132.0000000000,132.0000000000,0,MONITEAU,MONITEAU
MONITEAU - 000005,58,1.0000000000,76.0000000000,76.0000000000,0,MONITEAU,MONITEAU
MONITEAU - 000006,58,1.0000000000,143.0000000000,143.0000000000,0,MONITEAU,MONITEAU
MONITEAU - 000007,58,1.0000000000,169.0000000000,169.0000000000,0,MONITEAU,MONITEAU
MONITEAU - 000008,58,1.0000000000,147.0000000000,147.0000000000,0,MONITEAU,MONITEAU
MONITEAU - 000009,58,1.0000000000,171.0000000000,171.0000000000,0,MONITEAU,MONITEAU
MONITEAU - 000010,58,1.0000000000,80.0000000000,80.0000000000,0,MONITEAU,MONITEAU
MONITEAU - 000011,58,1.0000000000,117.0000000000,117.0000000000,0,MONITEAU,MONITEAU
MONITEAU - 000012,58,1.0000000000,157.0000000000,157.0000000000,0,MONITEAU,MONITEAU
MONITEAU - 000013,58,1.0000000000,274.0000000000,274.0000000000,0,MONITEAU,MONITEAU
MONROE - 000002,4,0.1046511628,27.0000000000,258.0000000000,0,MONROE,MONROE
MONROE - 000002,43,0.8953488372,231.0000000000,258.0000000000,0,MONROE,MONROE
MONROE - 000003,4,0.3277310924,39.0000000000,119.0000000000,0,MONROE,MONROE
MONROE - 000003,43,0.6722689076,80.0000000000,119.0000000000,0,MONROE,MONROE
MONROE - 000004,43,1.0000000000,70.0000000000,70.0000000000,0,MONROE,MONROE
MONROE - 000005,43,1.0000000000,226.0000000000,226.0000000000,0,MONROE,MONROE
MONROE - 000006,4,1.0000000000,123.0000000000,123.0000000000,0,MONROE,MONROE
MONROE - 000007,43,1.0000000000,148.0000000000,148.0000000000,0,MONROE,MONROE
MONROE - 000008,43,1.0000000000,128.0000000000,128.0000000000,0,MONROE,MONROE
MONROE - 000009,43,1.0000000000,159.0000000000,159.0000000000,0,MONROE,MONROE
MONROE - 16-014,43,1.0000000000,129.0000000000,129.0000000000,0,MONROE,MONROE
MONROE - 16-015,43,1.0000000000,123.0000000000,123.0000000000,0,MONROE,MONROE
MONROE - 16-020,43,1.0000000000,105.0000000000,105.0000000000,0,MONROE,MONROE
MONROE - 16-021,43,1.0000000000,95.0000000000,95.0000000000,0,MONROE,MONROE
MONTGOMERY - 000002,61,1.0000000000,105.0000000000,105.0000000000,0,MONTGOMERY,MONTGOMERY
MONTGOMERY - 000003,61,1.0000000000,256.0000000000,256.0000000000,0,MONTGOMERY,MONTGOMERY
MONTGOMERY - 000004,42,1.0000000000,234.0000000000,234.0000000000,0,MONTGOMERY,MONTGOMERY
MONTGOMERY - 000005,61,1.0000000000,140.0000000000,140.0000000000,0,MONTGOMERY,MONTGOMERY
MONTGOMERY - 000006,42,1.0000000000,87.0000000000,87.0000000000,0,MONTGOMERY,MONTGOMERY
MONTGOMERY - 000007,42,1.0000000000,107.0000000000,107.0000000000,0,MONTGOMERY,MONTGOMERY
MONTGOMERY - 000008,42,1.0000000000,137.0000000000,137.0000000000,0,MONTGOMERY,MONTGOMERY
MONTGOMERY - 000010,61,1.0000000000,395.0000000000,395.0000000000,0,MONTGOMERY,MONTGOMERY
MONTGOMERY - 000011,61,1.0000000000,326.0000000000,326.0000000000,0,MONTGOMERY,MONTGOMERY
MORGAN - 000002,58,1.0000000000,45.0000000000,45.0000000000,0,MORGAN,MORGAN
MORGAN - 000003,58,1.0000000000,57.0000000000,57.0000000000,0,MORGAN,MORGAN
MORGAN - 000004,58,1.0000000000,46.0000000000,46.0000000000,0,MORGAN,MORGAN
MORGAN - 000005,58,1.0000000000,41.0000000000,41.0000000000,0,MORGAN,MORGAN
MORGAN - 000006,58,1.0000000000,34.0000000000,34.0000000000,0,MORGAN,MORGAN
MORGAN - 000007,58,1.0000000000,115.0000000000,115.0000000000,0,MORGAN,MORGAN
MORGAN - 000008,58,1.0000000000,124.0000000000,124.0000000000,0,MORGAN,MORGAN
MORGAN - 000009,58,1.0000000000,173.0000000000,173.0000000000,0,MORGAN,MORGAN
MORGAN - 000010,58,1.0000000000,163.0000000000,163.0000000000,0,MORGAN,MORGAN
MORGAN - 000011,58,1.0000000000,57.0000000000,57.0000000000,0,MORGAN,MORGAN
MORGAN - 000012,58,1.0000000000,81.0000000000,81.0000000000,0,MORGAN,MORGAN
MORGAN - 000013,58,1.0000000000,23.0000000000,23.0000000000,0,MORGAN,MORGAN
MORGAN - 000014,58,1.0000000000,96.0000000000,96.0000000000,0,MORGAN,MORGAN
MORGAN - 000015,58,1.0000000000,102.0000000000,102.0000000000,0,MORGAN,MORGAN
MORGAN - 000016,58,1.0000000000,92.0000000000,92.0000000000,0,MORGAN,MORGAN
MORGAN - 000017,58,1.0000000000,181.0000000000,181.0000000000,0,MORGAN,MORGAN
NEW MADRID - 000002,149,1.0000000000,61.0000000000,61.0000000000,0,NEW MADRID,NEW MADRID
NEW MADRID - 000003,149,1.0000000000,122.0000000000,122.0000000000,0,NEW MADRID,NEW MADRID
NEW MADRID - 000004,149,1.0000000000,49.0000000000,49.0000000000,0,NEW MADRID,NEW MADRID
NEW MADRID - 000005,149,1.0000000000,52.0000000000,52.0000000000,0,NEW MADRID,NEW MADRID
NEW MADRID - 000006,149,1.0000000000,135.0000000000,135.0000000000,0,NEW MADRID,NEW MADRID
NEW MADRID - 000007,149,1.0000000000,60.0000000000,60.0000000000,0,NEW MADRID,NEW MADRID
NEW MADRID - 000008,149,1.0000000000,50.0000000000,50.0000000000,0,NEW MADRID,NEW MADRID
NEW MADRID - 000009,149,1.0000000000,55.0000000000,55.0000000000,0,NEW MADRID,NEW MADRID
NEW MADRID - 000010,149,1.0000000000,111.0000000000,111.0000000000,0,NEW MADRID,NEW MADRID
NEW MADRID - 000011,149,1.0000000000,32.0000000000,32.0000000000,0,NEW MADRID,NEW MADRID
NEW MADRID - 000012,149,1.0000000000,18.0000000000,18.0000000000,0,NEW MADRID,NEW MADRID
NEW MADRID - 000013,149,1.0000000000,50.0000000000,50.0000000000,0,NEW MADRID,NEW MADRID
NEW MADRID - 000014,149,1.0000000000,73.0000000000,73.0000000000,0,NEW MADRID,NEW MADRID
NEW MADRID - 000015,149,1.0000000000,60.0000000000,60.0000000000,0,NEW MADRID,NEW MADRID
NEW MADRID - 000016,149,1.0000000000,42.0000000000,42.0000000000,0,NEW MADRID,NEW MADRID
NEW MADRID - 000017,149,1.0000000000,21.0000000000,21.0000000000,0,NEW MADRID,NEW MADRID
NEW MADRID - 000018,149,1.0000000000,117.0000000000,117.0000000000,0,NEW MADRID,NEW MADRID
NEW MADRID - 000019,149,1.0000000000,9.0000000000,9.0000000000,0,NEW MADRID,NEW MADRID
NEW MADRID - 000020,149,1.0000000000,9.0000000000,9.0000000000,0,NEW MADRID,NEW MADRID
NEW MADRID - 000021,149,1.0000000000,193.0000000000,193.0000000000,0,NEW MADRID,NEW MADRID
NEW MADRID - 000022,149,1.0000000000,43.0000000000,43.0000000000,0,NEW MADRID,NEW MADRID
NEW MADRID - 000023,149,1.0000000000,21.0000000000,21.0000000000,0,NEW MADRID,NEW MADRID
NEW MADRID - 000024,149,1.0000000000,29.0000000000,29.0000000000,0,NEW MADRID,NEW MADRID
NEW MADRID - 000025,149,1.0000000000,158.0000000000,158.0000000000,0,NEW MADRID,NEW MADRID
NEW MADRID - 000026,149,1.0000000000,68.0000000000,68.0000000000,0,NEW MADRID,NEW MADRID
NEW MADRID - 000027,149,1.0000000000,22.0000000000,22.0000000000,0,NEW MADRID,NEW MADRID
NEW MADRID - 000028,149,1.0000000000,35.0000000000,35.0000000000,0,NEW MADRID,NEW MADRID
NEW MADRID - 000029,149,1.0000000000,43.0000000000,43.0000000000,0,NEW MADRID,NEW MADRID
NEW MADRID - 000030,149,1.0000000000,41.0000000000,41.0000000000,0,NEW MADRID,NEW MADRID
NEW MADRID - 000031,149,1.0000000000,13.0000000000,13.0000000000,0,NEW MADRID,NEW MADRID
NEWTON - 000002,160,1.0000000000,145.0000000000,145.0000000000,0,NEWTON,NEWTON
NEWTON - 000003,160,1.0000000000,261.0000000000,261.0000000000,0,NEWTON,NEWTON
NEWTON - 000004,159,1.0000000000,81.0000000000,81.0000000000,0,NEWTON,NEWTON
NEWTON - 000005,159,0.7416666667,89.0000000000,120.0000000000,0,NEWTON,NEWTON
NEWTON - 000005,160,0.2583333333,31.0000000000,120.0000000000,0,NEWTON,NEWTON
NEWTON - 000006,159,1.0000000000,115.0000000000,115.0000000000,0,NEWTON,NEWTON
NEWTON - 000007,159,1.0000000000,158.0000000000,158.0000000000,0,NEWTON,NEWTON
NEWTON - 000008,159,1.0000000000,162.0000000000,162.0000000000,0,NEWTON,NEWTON
NEWTON - 000009,159,0.3275862069,19.0000000000,58.0000000000,0,NEWTON,NEWTON
NEWTON - 000009,160,0.6724137931,39.0000000000,58.0000000000,0,NEWTON,NEWTON
NEWTON - 000010,159,1.0000000000,103.0000000000,103.0000000000,0,NEWTON,NEWTON
NEWTON - 000011,160,1.0000000000,142.0000000000,142.0000000000,0,NEWTON,NEWTON
NEWTON - 000012,159,1.0000000000,161.0000000000,161.0000000000,0,NEWTON,NEWTON
NEWTON - 000013,159,1.0000000000,119.0000000000,119.0000000000,0,NEWTON,NEWTON
NEWTON - 000014,160,1.0000000000,200.0000000000,200.0000000000,0,NEWTON,NEWTON
NEWTON - 000015,159,1.0000000000,105.0000000000,105.0000000000,0,NEWTON,NEWTON
NEWTON - 000016,160,1.0000000000,206.0000000000,206.0000000000,0,NEWTON,NEWTON
NEWTON - 000017,159,1.0000000000,97.0000000000,97.0000000000,0,NEWTON,NEWTON
NEWTON - 000018,160,1.0000000000,105.0000000000,105.0000000000,0,NEWTON,NEWTON
NEWTON - 16-021,160,1.0000000000,107.0000000000,107.0000000000,0,NEWTON,NEWTON
NEWTON - 16-027,160,1.0000000000,102.0000000000,102.0000000000,0,NEWTON,NEWTON
NEWTON - 16-028,160,1.0000000000,38.0000000000,38.0000000000,0,NEWTON,NEWTON
NEWTON - 16-029,160,1.0000000000,98.0000000000,98.0000000000,0,NEWTON,NEWTON
NEWTON - 16-030,160,1.0000000000,131.0000000000,131.0000000000,0,NEWTON,NEWTON
NEWTON - 16-032,160,1.0000000000,77.0000000000,77.0000000000,0,NEWTON,NEWTON
NODAWAY - 000002,1,1.0000000000,111.0000000000,111.0000000000,0,NODAWAY,NODAWAY
NODAWAY - 000003,1,1.0000000000,107.0000000000,107.0000000000,0,NODAWAY,NODAWAY
NODAWAY - 000004,1,1.0000000000,80.0000000000,80.0000000000,0,NODAWAY,NODAWAY
NODAWAY - 000005,1,1.0000000000,123.0000000000,123.0000000000,0,NODAWAY,NODAWAY
NODAWAY - 000006,1,1.0000000000,113.0000000000,113.0000000000,0,NODAWAY,NODAWAY
NODAWAY - 000007,1,1.0000000000,123.0000000000,123.0000000000,0,NODAWAY,NODAWAY
NODAWAY - 000008,1,1.0000000000,115.0000000000,115.0000000000,0,NODAWAY,NODAWAY
NODAWAY - 000009,1,1.0000000000,112.0000000000,112.0000000000,0,NODAWAY,NODAWAY
NODAWAY - 000010,1,1.0000000000,120.0000000000,120.0000000000,0,NODAWAY,NODAWAY
NODAWAY - 000011,1,1.0000000000,89.0000000000,89.0000000000,0,NODAWAY,NODAWAY
NODAWAY - 000012,1,1.0000000000,112.0000000000,112.0000000000,0,NODAWAY,NODAWAY
NODAWAY - 000013,1,1.0000000000,212.0000000000,212.0000000000,0,NODAWAY,NODAWAY
NODAWAY - 000014,1,1.0000000000,88.0000000000,88.0000000000,0,NODAWAY,NODAWAY
NODAWAY - 000015,1,1.0000000000,147.0000000000,147.0000000000,0,NODAWAY,NODAWAY
NODAWAY - 000016,1,1.0000000000,149.0000000000,149.0000000000,0,NODAWAY,NODAWAY
NODAWAY - 000017,1,1.0000000000,69.0000000000,69.0000000000,0,NODAWAY,NODAWAY
NODAWAY - 000018,1,1.0000000000,123.0000000000,123.0000000000,0,NODAWAY,NODAWAY
NODAWAY - 000019,1,1.0000000000,95.0000000000,95.0000000000,0,NODAWAY,NODAWAY
NODAWAY - 000020,1,1.0000000000,121.0000000000,121.0000000000,0,NODAWAY,NODAWAY
OREGON - 000002,153,1.0000000000,73.0000000000,73.0000000000,0,OREGON,OREGON
OREGON - 000003,153,1.0000000000,12.0000000000,12.0000000000,0,OREGON,OREGON
OREGON - 000004,153,1.0000000000,56.0000000000,56.0000000000,0,OREGON,OREGON
OREGON - 000005,153,1.0000000000,36.0000000000,36.0000000000,0,OREGON,OREGON
OREGON - 000006,153,1.0000000000,32.0000000000,32.0000000000,0,OREGON,OREGON
OREGON - 000007,153,1.0000000000,68.0000000000,68.0000000000,0,OREGON,OREGON
OREGON - 000008,153,1.0000000000,52.0000000000,52.0000000000,0,OREGON,OREGON
OREGON - 000009,153,1.0000000000,17.0000000000,17.0000000000,0,OREGON,OREGON
OREGON - 000010,153,1.0000000000,64.0000000000,64.0000000000,0,OREGON,OREGON
OREGON - 000011,153,1.0000000000,20.0000000000,20.0000000000,0,OREGON,OREGON
OREGON - 000012,153,1.0000000000,83.0000000000,83.0000000000,0,OREGON,OREGON
OREGON - 000013,153,1.0000000000,54.0000000000,54.0000000000,0,OREGON,OREGON
OREGON - 000014,153,1.0000000000,125.0000000000,125.0000000000,0,OREGON,OREGON
OREGON - 000015,153,1.0000000000,130.0000000000,130.0000000000,0,OREGON,OREGON
OREGON - 000016,153,1.0000000000,72.0000000000,72.0000000000,0,OREGON,OREGON
OSAGE - 000002,61,1.0000000000,32.0000000000,32.0000000000,0,OSAGE,OSAGE
OSAGE - 000003,61,1.0000000000,88.0000000000,88.0000000000,0,OSAGE,OSAGE
OSAGE - 000004,61,1.0000000000,30.0000000000,30.0000000000,0,OSAGE,OSAGE
OSAGE - 000005,61,1.0000000000,127.0000000000,127.0000000000,0,OSAGE,OSAGE
OSAGE - 000006,61,1.0000000000,19.0000000000,19.0000000000,0,OSAGE,OSAGE
OSAGE - 000007,61,1.0000000000,16.0000000000,16.0000000000,0,OSAGE,OSAGE
OSAGE - 000008,61,1.0000000000,64.0000000000,64.0000000000,0,OSAGE,OSAGE
OSAGE - 000009,61,1.0000000000,82.0000000000,82.0000000000,0,OSAGE,OSAGE
OSAGE - 000010,61,1.0000000000,23.0000000000,23.0000000000,0,OSAGE,OSAGE
OSAGE - 000011,61,1.0000000000,41.0000000000,41.0000000000,0,OSAGE,OSAGE
OSAGE - 000012,61,1.0000000000,32.0000000000,32.0000000000,0,OSAGE,OSAGE
OSAGE - 000013,61,1.0000000000,58.0000000000,58.0000000000,0,OSAGE,OSAGE
OSAGE - 000014,61,1.0000000000,74.0000000000,74.0000000000,0,OSAGE,OSAGE
OSAGE - 000015,61,1.0000000000,69.0000000000,69.0000000000,0,OSAGE,OSAGE
OSAGE - 000018,61,1.0000000000,57.0000000000,57.0000000000,0,OSAGE,OSAGE
OSAGE - 000019,61,1.0000000000,91.0000000000,91.0000000000,0,OSAGE,OSAGE
OSAGE - 000020,61,1.0000000000,65.0000000000,65.0000000000,0,OSAGE,OSAGE
OZARK - 000002,155,1.0000000000,32.0000000000,32.0000000000,0,OZARK,OZARK
OZARK - 000003,155,1.0000000000,154.0000000000,154.0000000000,0,OZARK,OZARK
OZARK - 000004,155,1.0000000000,115.0000000000,115.0000000000,0,OZARK,OZARK
OZARK - 000005,155,1.0000000000,155.0000000000,155.0000000000,0,OZARK,OZARK
OZARK - 000006,155,1.0000000000,143.0000000000,143.0000000000,0,OZARK,OZARK
OZARK - 000007,155,1.0000000000,180.0000000000,180.0000000000,0,OZARK,OZARK
OZARK - 000008,155,1.0000000000,251.0000000000,251.0000000000,0,OZARK,OZARK
OZARK - 000009,155,1.0000000000,98.0000000000,98.0000000000,0,OZARK,OZARK
OZARK - 000010,155,1.0000000000,102.0000000000,102.0000000000,0,OZARK,OZARK
OZARK - 000011,155,1.0000000000,57.0000000000,57.0000000000,0,OZARK,OZARK
PEMISCOT - 000002,150,1.0000000000,63.0000000000,63.0000000000,0,PEMISCOT,PEMISCOT
PEMISCOT - 000003,150,1.0000000000,34.0000000000,34.0000000000,0,PEMISCOT,PEMISCOT
PEMISCOT - 000004,149,1.0000000000,27.0000000000,27.0000000000,0,PEMISCOT,PEMISCOT
PEMISCOT - 000005,149,1.0000000000,267.0000000000,267.0000000000,0,PEMISCOT,PEMISCOT
PEMISCOT - 000006,149,1.0000000000,71.0000000000,71.0000000000,0,PEMISCOT,PEMISCOT
PEMISCOT - 000007,150,1.0000000000,69.0000000000,69.0000000000,0,PEMISCOT,PEMISCOT
PEMISCOT - 000008,150,1.0000000000,15.0000000000,15.0000000000,0,PEMISCOT,PEMISCOT
PEMISCOT - 000009,150,1.0000000000,64.0000000000,64.0000000000,0,PEMISCOT,PEMISCOT
PEMISCOT - 000010,149,1.0000000000,47.0000000000,47.0000000000,0,PEMISCOT,PEMISCOT
PEMISCOT - 000011,149,1.0000000000,103.0000000000,103.0000000000,0,PEMISCOT,PEMISCOT
PEMISCOT - 000012,149,0.9735099338,147.0000000000,151.0000000000,0,PEMISCOT,PEMISCOT
PEMISCOT - 000012,150,0.0264900662,4.0000000000,151.0000000000,0,PEMISCOT,PEMISCOT
PEMISCOT - 000013,149,1.0000000000,5.0000000000,5.0000000000,0,PEMISCOT,PEMISCOT
PEMISCOT - 000014,150,1.0000000000,79.0000000000,79.0000000000,0,PEMISCOT,PEMISCOT
PEMISCOT - 000015,150,1.0000000000,5.0000000000,5.0000000000,0,PEMISCOT,PEMISCOT
PEMISCOT - 000016,150,1.0000000000,98.0000000000,98.0000000000,0,PEMISCOT,PEMISCOT
PEMISCOT - 000017,149,0.9454545455,52.0000000000,55.0000000000,0,PEMISCOT,PEMISCOT
PEMISCOT - 000017,150,0.0545454545,3.0000000000,55.0000000000,0,PEMISCOT,PEMISCOT
PEMISCOT - 000018,150,1.0000000000,131.0000000000,131.0000000000,0,PEMISCOT,PEMISCOT
PEMISCOT - 000019,150,1.0000000000,31.0000000000,31.0000000000,0,PEMISCOT,PEMISCOT
PEMISCOT - 000020,150,1.0000000000,83.0000000000,83.0000000000,0,PEMISCOT,PEMISCOT
PEMISCOT - 000021,150,1.0000000000,132.0000000000,132.0000000000,0,PEMISCOT,PEMISCOT
PERRY - 000002,145,1.0000000000,49.0000000000,49.0000000000,0,PERRY,PERRY
PERRY - 000003,145,1.0000000000,81.0000000000,81.0000000000,0,PERRY,PERRY
PERRY - 000004,145,1.0000000000,44.0000000000,44.0000000000,0,PERRY,PERRY
PERRY - 000005,145,1.0000000000,62.0000000000,62.0000000000,0,PERRY,PERRY
PERRY - 000006,145,1.0000000000,29.0000000000,29.0000000000,0,PERRY,PERRY
PERRY - 000007,145,1.0000000000,38.0000000000,38.0000000000,0,PERRY,PERRY
PERRY - 000008,145,1.0000000000,55.0000000000,55.0000000000,0,PERRY,PERRY
PERRY - 000009,145,1.0000000000,27.0000000000,27.0000000000,0,PERRY,PERRY
PERRY - 000010,145,1.0000000000,42.0000000000,42.0000000000,0,PERRY,PERRY
PERRY - 000011,145,1.0000000000,30.0000000000,30.0000000000,0,PERRY,PERRY
PERRY - 000012,145,1.0000000000,49.0000000000,49.0000000000,0,PERRY,PERRY
PERRY - 000013,145,1.0000000000,91.0000000000,91.0000000000,0,PERRY,PERRY
PERRY - 000015,145,1.0000000000,51.0000000000,51.0000000000,0,PERRY,PERRY
PERRY - 000016,145,1.0000000000,48.0000000000,48.0000000000,0,PERRY,PERRY
PERRY - 000017,145,1.0000000000,69.0000000000,69.0000000000,0,PERRY,PERRY
PERRY - 16-018,145,1.0000000000,95.0000000000,95.0000000000,0,PERRY,PERRY
PERRY - 16-019,145,1.0000000000,80.0000000000,80.0000000000,0,PERRY,PERRY
PERRY - 16-020,145,1.0000000000,78.0000000000,78.0000000000,0,PERRY,PERRY
PETTIS - 000002,52,1.0000000000,55.0000000000,55.0000000000,0,PETTIS,PETTIS
PETTIS - 000003,52,1.0000000000,71.0000000000,71.0000000000,0,PETTIS,PETTIS
PETTIS - 000004,52,1.0000000000,191.0000000000,191.0000000000,0,PETTIS,PETTIS
PETTIS - 000005,52,1.0000000000,157.0000000000,157.0000000000,0,PETTIS,PETTIS
PETTIS - 000006,52,1.0000000000,156.0000000000,156.0000000000,0,PETTIS,PETTIS
PETTIS - 000007,57,1.0000000000,99.0000000000,99.0000000000,0,PETTIS,PETTIS
PETTIS - 000008,52,1.0000000000,74.0000000000,74.0000000000,0,PETTIS,PETTIS
PETTIS - 000009,52,1.0000000000,63.0000000000,63.0000000000,0,PETTIS,PETTIS
PETTIS - 000010,52,1.0000000000,43.0000000000,43.0000000000,0,PETTIS,PETTIS
PETTIS - 000011,52,1.0000000000,66.0000000000,66.0000000000,0,PETTIS,PETTIS
PETTIS - 000012,52,1.0000000000,80.0000000000,80.0000000000,0,PETTIS,PETTIS
PETTIS - 000013,52,1.0000000000,96.0000000000,96.0000000000,0,PETTIS,PETTIS
PETTIS - 000014,52,1.0000000000,248.0000000000,248.0000000000,0,PETTIS,PETTIS
PETTIS - 000015,52,1.0000000000,81.0000000000,81.0000000000,0,PETTIS,PETTIS
PETTIS - 000016,52,1.0000000000,118.0000000000,118.0000000000,0,PETTIS,PETTIS
PETTIS - 000017,52,1.0000000000,96.0000000000,96.0000000000,0,PETTIS,PETTIS
PETTIS - 000018,52,1.0000000000,135.0000000000,135.0000000000,0,PETTIS,PETTIS
PETTIS - 000019,52,1.0000000000,169.0000000000,169.0000000000,0,PETTIS,PETTIS
PETTIS - 000020,52,1.0000000000,72.0000000000,72.0000000000,0,PETTIS,PETTIS
PETTIS - 000021,52,1.0000000000,49.0000000000,49.0000000000,0,PETTIS,PETTIS
PETTIS - 000022,52,1.0000000000,55.0000000000,55.0000000000,0,PETTIS,PETTIS
PETTIS - 000023,52,1.0000000000,120.0000000000,120.0000000000,0,PETTIS,PETTIS
PETTIS - 000024,52,1.0000000000,98.0000000000,98.0000000000,0,PETTIS,PETTIS
PETTIS - 000025,52,1.0000000000,123.0000000000,123.0000000000,0,PETTIS,PETTIS
PETTIS - 000026,52,0.4299065421,46.0000000000,107.0000000000,0,PETTIS,PETTIS
PETTIS - 000026,57,0.5700934579,61.0000000000,107.0000000000,0,PETTIS,PETTIS
PETTIS - 000027,57,1.0000000000,282.0000000000,282.0000000000,0,PETTIS,PETTIS
PHELPS - 000002,143,1.0000000000,106.0000000000,106.0000000000,0,PHELPS,PHELPS
PHELPS - 000003,143,1.0000000000,16.0000000000,16.0000000000,0,PHELPS,PHELPS
PHELPS - 000004,143,1.0000000000,11.0000000000,11.0000000000,0,PHELPS,PHELPS
PHELPS - 000005,143,1.0000000000,11.0000000000,11.0000000000,0,PHELPS,PHELPS
PHELPS - 000006,143,1.0000000000,11.0000000000,11.0000000000,0,PHELPS,PHELPS
PHELPS - 000007,143,1.0000000000,14.0000000000,14.0000000000,0,PHELPS,PHELPS
PHELPS - 000008,143,1.0000000000,69.0000000000,69.0000000000,0,PHELPS,PHELPS
PHELPS - 000009,143,1.0000000000,40.0000000000,40.0000000000,0,PHELPS,PHELPS
PHELPS - 000010,143,1.0000000000,39.0000000000,39.0000000000,0,PHELPS,PHELPS
PHELPS - 000011,122,1.0000000000,103.0000000000,103.0000000000,0,PHELPS,PHELPS
PHELPS - 000012,122,1.0000000000,36.0000000000,36.0000000000,0,PHELPS,PHELPS
PHELPS - 000013,122,0.7796610169,46.0000000000,59.0000000000,0,PHELPS,PHELPS
PHELPS - 000013,143,0.2203389831,13.0000000000,59.0000000000,0,PHELPS,PHELPS
PHELPS - 000014,143,1.0000000000,60.0000000000,60.0000000000,0,PHELPS,PHELPS
PHELPS - 000015,143,1.0000000000,15.0000000000,15.0000000000,0,PHELPS,PHELPS
PHELPS - 000016,143,1.0000000000,27.0000000000,27.0000000000,0,PHELPS,PHELPS
PHELPS - 000017,122,1.0000000000,158.0000000000,158.0000000000,0,PHELPS,PHELPS
PHELPS - 000018,122,1.0000000000,87.0000000000,87.0000000000,0,PHELPS,PHELPS
PHELPS - 000019,122,1.0000000000,54.0000000000,54.0000000000,0,PHELPS,PHELPS
PHELPS - 000020,122,1.0000000000,65.0000000000,65.0000000000,0,PHELPS,PHELPS
PHELPS - 000021,122,1.0000000000,125.0000000000,125.0000000000,0,PHELPS,PHELPS
PHELPS - 000022,122,1.0000000000,68.0000000000,68.0000000000,0,PHELPS,PHELPS
PHELPS - 000023,122,1.0000000000,61.0000000000,61.0000000000,0,PHELPS,PHELPS
PHELPS - 000024,122,1.0000000000,25.0000000000,25.0000000000,0,PHELPS,PHELPS
PHELPS - 000025,122,1.0000000000,54.0000000000,54.0000000000,0,PHELPS,PHELPS
PHELPS - 000026,143,1.0000000000,123.0000000000,123.0000000000,0,PHELPS,PHELPS
PHELPS - 000027,143,1.0000000000,40.0000000000,40.0000000000,0,PHELPS,PHELPS
PHELPS - 000028,122,1.0000000000,50.0000000000,50.0000000000,0,PHELPS,PHELPS
PHELPS - 000029,122,1.0000000000,84.0000000000,84.0000000000,0,PHELPS,PHELPS
PHELPS - 000030,122,1.0000000000,55.0000000000,55.0000000000,0,PHELPS,PHELPS
PHELPS - 000031,122,1.0000000000,30.0000000000,30.0000000000,0,PHELPS,PHELPS
PHELPS - 000032,122,1.0000000000,61.0000000000,61.0000000000,0,PHELPS,PHELPS
PHELPS - 000033,122,1.0000000000,58.0000000000,58.0000000000,0,PHELPS,PHELPS
PHELPS - 000034,122,1.0000000000,32.0000000000,32.0000000000,0,PHELPS,PHELPS
PHELPS - 000035,122,1.0000000000,101.0000000000,101.0000000000,0,PHELPS,PHELPS
PHELPS - 000036,122,1.0000000000,65.0000000000,65.0000000000,0,PHELPS,PHELPS
PHELPS - 000037,122,1.0000000000,41.0000000000,41.0000000000,0,PHELPS,PHELPS
PIKE - 000002,40,1.0000000000,228.0000000000,228.0000000000,0,PIKE,PIKE
PIKE - 000003,40,1.0000000000,144.0000000000,144.0000000000,0,PIKE,PIKE
PIKE - 000004,40,1.0000000000,117.0000000000,117.0000000000,0,PIKE,PIKE
PIKE - 000005,40,1.0000000000,103.0000000000,103.0000000000,0,PIKE,PIKE
PIKE - 000006,40,1.0000000000,37.0000000000,37.0000000000,0,PIKE,PIKE
PIKE - 000007,40,1.0000000000,121.0000000000,121.0000000000,0,PIKE,PIKE
PIKE - 000008,40,1.0000000000,81.0000000000,81.0000000000,0,PIKE,PIKE
PIKE - 000009,40,1.0000000000,145.0000000000,145.0000000000,0,PIKE,PIKE
PIKE - 000010,40,1.0000000000,161.0000000000,161.0000000000,0,PIKE,PIKE
PIKE - 000011,40,1.0000000000,46.0000000000,46.0000000000,0,PIKE,PIKE
PIKE - 000012,40,1.0000000000,110.0000000000,110.0000000000,0,PIKE,PIKE
PIKE - 000013,40,1.0000000000,137.0000000000,137.0000000000,0,PIKE,PIKE
PIKE - 000014,40,1.0000000000,88.0000000000,88.0000000000,0,PIKE,PIKE
PIKE - 000015,40,1.0000000000,101.0000000000,101.0000000000,0,PIKE,PIKE
PLATTE - 000002,14,1.0000000000,75.0000000000,75.0000000000,0,PLATTE,PLATTE
PLATTE - 000003,13,0.0253164557,2.0000000000,79.0000000000,0,PLATTE,PLATTE
PLATTE - 000003,14,0.9746835443,77.0000000000,79.0000000000,0,PLATTE,PLATTE
PLATTE - 000004,12,0.0178571429,1.0000000000,56.0000000000,0,PLATTE,PLATTE
PLATTE - 000004,14,0.9821428571,55.0000000000,56.0000000000,0,PLATTE,PLATTE
PLATTE - 000005,13,1.0000000000,25.0000000000,25.0000000000,0,PLATTE,PLATTE
PLATTE - 000006,13,1.0000000000,59.0000000000,59.0000000000,0,PLATTE,PLATTE
PLATTE - 000007,13,1.0000000000,83.0000000000,83.0000000000,0,PLATTE,PLATTE
PLATTE - 000008,13,1.0000000000,33.0000000000,33.0000000000,0,PLATTE,PLATTE
PLATTE - 000009,13,1.0000000000,70.0000000000,70.0000000000,0,PLATTE,PLATTE
PLATTE - 000010,14,1.0000000000,39.0000000000,39.0000000000,0,PLATTE,PLATTE
PLATTE - 000011,13,1.0000000000,58.0000000000,58.0000000000,0,PLATTE,PLATTE
PLATTE - 000012,12,0.6428571429,18.0000000000,28.0000000000,0,PLATTE,PLATTE
PLATTE - 000012,14,0.3571428571,10.0000000000,28.0000000000,0,PLATTE,PLATTE
PLATTE - 000013,12,0.2523364486,27.0000000000,107.0000000000,0,PLATTE,PLATTE
PLATTE - 000013,13,0.6542056075,70.0000000000,107.0000000000,0,PLATTE,PLATTE
PLATTE - 000013,14,0.0934579439,10.0000000000,107.0000000000,0,PLATTE,PLATTE
PLATTE - 000014,13,1.0000000000,48.0000000000,48.0000000000,0,PLATTE,PLATTE
PLATTE - 000015,12,1.0000000000,8.0000000000,8.0000000000,0,PLATTE,PLATTE
PLATTE - 000016,13,1.0000000000,5.0000000000,5.0000000000,0,PLATTE,PLATTE
PLATTE - 000017,14,1.0000000000,7.0000000000,7.0000000000,0,PLATTE,PLATTE
PLATTE - 000018,13,1.0000000000,49.0000000000,49.0000000000,0,PLATTE,PLATTE
PLATTE - 000019,12,1.0000000000,72.0000000000,72.0000000000,0,PLATTE,PLATTE
PLATTE - 000020,13,0.4523809524,76.0000000000,168.0000000000,0,PLATTE,PLATTE
PLATTE - 000020,14,0.5476190476,92.0000000000,168.0000000000,0,PLATTE,PLATTE
PLATTE - 000021,13,1.0000000000,98.0000000000,98.0000000000,0,PLATTE,PLATTE
PLATTE - 000022,13,1.0000000000,29.0000000000,29.0000000000,0,PLATTE,PLATTE
PLATTE - 000023,12,0.9634146341,79.0000000000,82.0000000000,0,PLATTE,PLATTE
PLATTE - 000023,14,0.0365853659,3.0000000000,82.0000000000,0,PLATTE,PLATTE
PLATTE - 000024,12,1.0000000000,15.0000000000,15.0000000000,0,PLATTE,PLATTE
PLATTE - 000025,12,1.0000000000,56.0000000000,56.0000000000,0,PLATTE,PLATTE
PLATTE - 000026,12,0.0344827586,1.0000000000,29.0000000000,0,PLATTE,PLATTE
PLATTE - 000026,14,0.9655172414,28.0000000000,29.0000000000,0,PLATTE,PLATTE
PLATTE - 000027,14,1.0000000000,64.0000000000,64.0000000000,0,PLATTE,PLATTE
PLATTE - 000028,12,0.9794520548,143.0000000000,146.0000000000,0,PLATTE,PLATTE
PLATTE - 000028,13,0.0136986301,2.0000000000,146.0000000000,0,PLATTE,PLATTE
PLATTE - 000028,14,0.0068493151,1.0000000000,146.0000000000,0,PLATTE,PLATTE
PLATTE - 000029,13,1.0000000000,26.0000000000,26.0000000000,0,PLATTE,PLATTE
PLATTE - 000030,13,1.0000000000,89.0000000000,89.0000000000,0,PLATTE,PLATTE
PLATTE - 000031,12,0.2105263158,4.0000000000,19.0000000000,0,PLATTE,PLATTE
PLATTE - 000031,14,0.7894736842,15.0000000000,19.0000000000,0,PLATTE,PLATTE
PLATTE - 000032,12,1.0000000000,12.0000000000,12.0000000000,0,PLATTE,PLATTE
PLATTE - 000033,13,0.5104166667,49.0000000000,96.0000000000,0,PLATTE,PLATTE
PLATTE - 000033,14,0.4895833333,47.0000000000,96.0000000000,0,PLATTE,PLATTE
PLATTE - 000034,13,1.0000000000,53.0000000000,53.0000000000,0,PLATTE,PLATTE
PLATTE - 000035,12,1.0000000000,103.0000000000,103.0000000000,0,PLATTE,PLATTE
PLATTE - 000036,13,1.0000000000,22.0000000000,22.0000000000,0,PLATTE,PLATTE
PLATTE - 000037,13,1.0000000000,70.0000000000,70.0000000000,0,PLATTE,PLATTE
PLATTE - 000038,13,1.0000000000,38.0000000000,38.0000000000,0,PLATTE,PLATTE
PLATTE - 000039,12,0.7500000000,60.0000000000,80.0000000000,0,PLATTE,PLATTE
PLATTE - 000039,14,0.2500000000,20.0000000000,80.0000000000,0,PLATTE,PLATTE
PLATTE - 000040,12,0.0307692308,2.0000000000,65.0000000000,0,PLATTE,PLATTE
PLATTE - 000040,13,0.9538461538,62.0000000000,65.0000000000,0,PLATTE,PLATTE
PLATTE - 000040,14,0.0153846154,1.0000000000,65.0000000000,0,PLATTE,PLATTE
PLATTE - 000041,13,1.0000000000,57.0000000000,57.0000000000,0,PLATTE,PLATTE
PLATTE - 000042,14,1.0000000000,30.0000000000,30.0000000000,0,PLATTE,PLATTE
PLATTE - 000043,13,1.0000000000,60.0000000000,60.0000000000,0,PLATTE,PLATTE
PLATTE - 000044,13,1.0000000000,67.0000000000,67.0000000000,0,PLATTE,PLATTE
POLK - 000002,128,1.0000000000,70.0000000000,70.0000000000,0,POLK,POLK
POLK - 000003,128,1.0000000000,207.0000000000,207.0000000000,0,POLK,POLK
POLK - 000004,128,1.0000000000,116.0000000000,116.0000000000,0,POLK,POLK
POLK - 000005,128,1.0000000000,63.0000000000,63.0000000000,0,POLK,POLK
POLK - 000006,128,1.0000000000,67.0000000000,67.0000000000,0,POLK,POLK
POLK - 000007,128,1.0000000000,47.0000000000,47.0000000000,0,POLK,POLK
POLK - 000008,128,1.0000000000,134.0000000000,134.0000000000,0,POLK,POLK
POLK - 000009,128,1.0000000000,132.0000000000,132.0000000000,0,POLK,POLK
POLK - 000010,128,1.0000000000,117.0000000000,117.0000000000,0,POLK,POLK
POLK - 000011,128,1.0000000000,132.0000000000,132.0000000000,0,POLK,POLK
POLK - 000012,128,1.0000000000,48.0000000000,48.0000000000,0,POLK,POLK
POLK - 000013,128,1.0000000000,57.0000000000,57.0000000000,0,POLK,POLK
POLK - 000014,128,1.0000000000,172.0000000000,172.0000000000,0,POLK,POLK
POLK - 000015,128,1.0000000000,124.0000000000,124.0000000000,0,POLK,POLK
POLK - 000016,128,1.0000000000,57.0000000000,57.0000000000,0,POLK,POLK
POLK - 000017,128,1.0000000000,99.0000000000,99.0000000000,0,POLK,POLK
POLK - 000018,128,1.0000000000,38.0000000000,38.0000000000,0,POLK,POLK
POLK - 000019,128,1.0000000000,58.0000000000,58.0000000000,0,POLK,POLK
POLK - 000020,128,1.0000000000,40.0000000000,40.0000000000,0,POLK,POLK
POLK - 000021,128,1.0000000000,62.0000000000,62.0000000000,0,POLK,POLK
POLK - 000022,128,1.0000000000,56.0000000000,56.0000000000,0,POLK,POLK
POLK - 000023,128,1.0000000000,111.0000000000,111.0000000000,0,POLK,POLK
PULASKI - 000002,121,1.0000000000,45.0000000000,45.0000000000,0,PULASKI,PULASKI
PULASKI - 000003,124,1.0000000000,226.0000000000,226.0000000000,0,PULASKI,PULASKI
PULASKI - 000004,121,0.1554621849,37.0000000000,238.0000000000,0,PULASKI,PULASKI
PULASKI - 000004,124,0.8445378151,201.0000000000,238.0000000000,0,PULASKI,PULASKI
PULASKI - 000006,124,1.0000000000,183.0000000000,183.0000000000,0,PULASKI,PULASKI
PULASKI - 000007,124,1.0000000000,110.0000000000,110.0000000000,0,PULASKI,PULASKI
PULASKI - 000008,121,0.9807162534,712.0000000000,726.0000000000,0,PULASKI,PULASKI
PULASKI - 000008,124,0.0192837466,14.0000000000,726.0000000000,0,PULASKI,PULASKI
PULASKI - 000009,124,1.0000000000,58.0000000000,58.0000000000,0,PULASKI,PULASKI
PULASKI - 000010,121,0.8178913738,256.0000000000,313.0000000000,0,PULASKI,PULASKI
PULASKI - 000010,124,0.1821086262,57.0000000000,313.0000000000,0,PULASKI,PULASKI
PUTNAM - 000002,3,1.0000000000,72.0000000000,72.0000000000,0,PUTNAM,PUTNAM
PUTNAM - 000003,3,1.0000000000,117.0000000000,117.0000000000,0,PUTNAM,PUTNAM
PUTNAM - 000004,3,1.0000000000,86.0000000000,86.0000000000,0,PUTNAM,PUTNAM
PUTNAM - 000005,3,1.0000000000,33.0000000000,33.0000000000,0,PUTNAM,PUTNAM
PUTNAM - 000006,3,1.0000000000,59.0000000000,59.0000000000,0,PUTNAM,PUTNAM
PUTNAM - 000007,3,1.0000000000,36.0000000000,36.0000000000,0,PUTNAM,PUTNAM
PUTNAM - 000008,3,1.0000000000,35.0000000000,35.0000000000,0,PUTNAM,PUTNAM
PUTNAM - 000009,3,1.0000000000,85.0000000000,85.0000000000,0,PUTNAM,PUTNAM
PUTNAM - 000010,3,1.0000000000,109.0000000000,109.0000000000,0,PUTNAM,PUTNAM
PUTNAM - 000011,3,1.0000000000,27.0000000000,27.0000000000,0,PUTNAM,PUTNAM
PUTNAM - 000012,3,1.0000000000,120.0000000000,120.0000000000,0,PUTNAM,PUTNAM
PUTNAM - 000013,3,1.0000000000,62.0000000000,62.0000000000,0,PUTNAM,PUTNAM
RALLS - 000002,5,1.0000000000,81.0000000000,81.0000000000,0,RALLS,RALLS
RALLS - 000003,5,1.0000000000,128.0000000000,128.0000000000,0,RALLS,RALLS
RALLS - 000004,5,1.0000000000,100.0000000000,100.0000000000,0,RALLS,RALLS
RALLS - 000005,5,1.0000000000,210.0000000000,210.0000000000,0,RALLS,RALLS
RALLS - 000007,5,1.0000000000,181.0000000000,181.0000000000,0,RALLS,RALLS
RALLS - 000009,5,1.0000000000,219.0000000000,219.0000000000,0,RALLS,RALLS
RALLS - 000010,5,1.0000000000,125.0000000000,125.0000000000,0,RALLS,RALLS
RANDOLPH - 000002,6,1.0000000000,116.0000000000,116.0000000000,0,RANDOLPH,RANDOLPH
RANDOLPH - 000003,6,1.0000000000,69.0000000000,69.0000000000,0,RANDOLPH,RANDOLPH
RANDOLPH - 000004,48,1.0000000000,55.0000000000,55.0000000000,0,RANDOLPH,RANDOLPH
RANDOLPH - 000005,6,1.0000000000,23.0000000000,23.0000000000,0,RANDOLPH,RANDOLPH
RANDOLPH - 000006,48,1.0000000000,96.0000000000,96.0000000000,0,RANDOLPH,RANDOLPH
RANDOLPH - 000007,6,1.0000000000,167.0000000000,167.0000000000,0,RANDOLPH,RANDOLPH
RANDOLPH - 000008,6,1.0000000000,65.0000000000,65.0000000000,0,RANDOLPH,RANDOLPH
RANDOLPH - 000009,6,1.0000000000,56.0000000000,56.0000000000,0,RANDOLPH,RANDOLPH
RANDOLPH - 000010,48,1.0000000000,27.0000000000,27.0000000000,0,RANDOLPH,RANDOLPH
RANDOLPH - 000011,6,1.0000000000,360.0000000000,360.0000000000,0,RANDOLPH,RANDOLPH
RANDOLPH - 000012,6,0.9028571429,158.0000000000,175.0000000000,0,RANDOLPH,RANDOLPH
RANDOLPH - 000012,48,0.0971428571,17.0000000000,175.0000000000,0,RANDOLPH,RANDOLPH
RANDOLPH - 000013,48,1.0000000000,48.0000000000,48.0000000000,0,RANDOLPH,RANDOLPH
RANDOLPH - 000014,6,1.0000000000,281.0000000000,281.0000000000,0,RANDOLPH,RANDOLPH
RANDOLPH - 000015,48,1.0000000000,54.0000000000,54.0000000000,0,RANDOLPH,RANDOLPH
RANDOLPH - 000016,6,1.0000000000,59.0000000000,59.0000000000,0,RANDOLPH,RANDOLPH
RANDOLPH - 000017,48,1.0000000000,41.0000000000,41.0000000000,0,RANDOLPH,RANDOLPH
RAY - 000002,53,1.0000000000,85.0000000000,85.0000000000,0,RAY,RAY
RAY - 000003,7,1.0000000000,48.0000000000,48.0000000000,0,RAY,RAY
RAY - 000004,53,1.0000000000,26.0000000000,26.0000000000,0,RAY,RAY
RAY - 000005,53,1.0000000000,37.0000000000,37.0000000000,0,RAY,RAY
RAY - 000006,7,0.8260869565,152.0000000000,184.0000000000,0,RAY,RAY
RAY - 000006,53,0.1739130435,32.0000000000,184.0000000000,0,RAY,RAY
RAY - 000007,53,1.0000000000,104.0000000000,104.0000000000,0,RAY,RAY
RAY - 000008,53,1.0000000000,61.0000000000,61.0000000000,0,RAY,RAY
RAY - 000009,7,1.0000000000,84.0000000000,84.0000000000,0,RAY,RAY
RAY - 000010,7,0.1103448276,16.0000000000,145.0000000000,0,RAY,RAY
RAY - 000010,53,0.8896551724,129.0000000000,145.0000000000,0,RAY,RAY
RAY - 000011,7,1.0000000000,65.0000000000,65.0000000000,0,RAY,RAY
RAY - 000012,53,1.0000000000,184.0000000000,184.0000000000,0,RAY,RAY
RAY - 000013,53,1.0000000000,62.0000000000,62.0000000000,0,RAY,RAY
RAY - 000014,7,1.0000000000,45.0000000000,45.0000000000,0,RAY,RAY
RAY - 000015,53,1.0000000000,99.0000000000,99.0000000000,0,RAY,RAY
RAY - 000016,7,0.0108695652,1.0000000000,92.0000000000,0,RAY,RAY
RAY - 000016,53,0.9891304348,91.0000000000,92.0000000000,0,RAY,RAY
RAY - 000017,7,0.0937500000,9.0000000000,96.0000000000,0,RAY,RAY
RAY - 000017,53,0.9062500000,87.0000000000,96.0000000000,0,RAY,RAY
RAY - 000018,53,1.0000000000,60.0000000000,60.0000000000,0,RAY,RAY
RAY - 000019,53,1.0000000000,92.0000000000,92.0000000000,0,RAY,RAY
REYNOLDS - 000002,144,1.0000000000,73.0000000000,73.0000000000,0,REYNOLDS,REYNOLDS
REYNOLDS - 000003,144,1.0000000000,118.0000000000,118.0000000000,0,REYNOLDS,REYNOLDS
REYNOLDS - 000004,144,1.0000000000,38.0000000000,38.0000000000,0,REYNOLDS,REYNOLDS
REYNOLDS - 000005,144,1.0000000000,24.0000000000,24.0000000000,0,REYNOLDS,REYNOLDS
REYNOLDS - 000006,144,1.0000000000,20.0000000000,20.0000000000,0,REYNOLDS,REYNOLDS
REYNOLDS - 000007,144,1.0000000000,58.0000000000,58.0000000000,0,REYNOLDS,REYNOLDS
REYNOLDS - 000008,144,1.0000000000,79.0000000000,79.0000000000,0,REYNOLDS,REYNOLDS
REYNOLDS - 000009,144,1.0000000000,187.0000000000,187.0000000000,0,REYNOLDS,REYNOLDS
REYNOLDS - 000010,144,1.0000000000,78.0000000000,78.0000000000,0,REYNOLDS,REYNOLDS
REYNOLDS - 000011,144,1.0000000000,48.0000000000,48.0000000000,0,REYNOLDS,REYNOLDS
REYNOLDS - 000012,144,1.0000000000,24.0000000000,24.0000000000,0,REYNOLDS,REYNOLDS
REYNOLDS - 000013,144,1.0000000000,116.0000000000,116.0000000000,0,REYNOLDS,REYNOLDS
REYNOLDS - 000014,144,1.0000000000,125.0000000000,125.0000000000,0,REYNOLDS,REYNOLDS
RIPLEY - 000002,153,1.0000000000,184.0000000000,184.0000000000,0,RIPLEY,RIPLEY
RIPLEY - 000005,153,1.0000000000,68.0000000000,68.0000000000,0,RIPLEY,RIPLEY
RIPLEY - 000006,153,1.0000000000,64.0000000000,64.0000000000,0,RIPLEY,RIPLEY
RIPLEY - 000007,153,1.0000000000,49.0000000000,49.0000000000,0,RIPLEY,RIPLEY
RIPLEY - 000008,153,1.0000000000,42.0000000000,42.0000000000,0,RIPLEY,RIPLEY
RIPLEY - 000010,153,1.0000000000,73.0000000000,73.0000000000,0,RIPLEY,RIPLEY
RIPLEY - 000011,153,1.0000000000,91.0000000000,91.0000000000,0,RIPLEY,RIPLEY
RIPLEY - 000012,153,1.0000000000,126.0000000000,126.0000000000,0,RIPLEY,RIPLEY
SALINE - 000003,51,1.0000000000,120.0000000000,120.0000000000,0,SALINE,SALINE
SALINE - 000004,51,1.0000000000,140.0000000000,140.0000000000,0,SALINE,SALINE
SALINE - 000005,51,1.0000000000,125.0000000000,125.0000000000,0,SALINE,SALINE
SALINE - 000006,51,1.0000000000,351.0000000000,351.0000000000,0,SALINE,SALINE
SALINE - 000007,51,1.0000000000,159.0000000000,159.0000000000,0,SALINE,SALINE
SALINE - 000008,51,1.0000000000,142.0000000000,142.0000000000,0,SALINE,SALINE
SALINE - 000010,51,1.0000000000,161.0000000000,161.0000000000,0,SALINE,SALINE
SALINE - 000011,51,1.0000000000,147.0000000000,147.0000000000,0,SALINE,SALINE
SALINE - 000012,51,1.0000000000,86.0000000000,86.0000000000,0,SALINE,SALINE
SALINE - 16-013,51,1.0000000000,140.0000000000,140.0000000000,0,SALINE,SALINE
SALINE - 16-014,51,1.0000000000,243.0000000000,243.0000000000,0,SALINE,SALINE
SALINE - 16-015,51,1.0000000000,172.0000000000,172.0000000000,0,SALINE,SALINE
SALINE - 16-016,51,1.0000000000,135.0000000000,135.0000000000,0,SALINE,SALINE
SCHUYLER - 000002,4,1.0000000000,49.0000000000,49.0000000000,0,SCHUYLER,SCHUYLER
SCHUYLER - 000003,4,1.0000000000,106.0000000000,106.0000000000,0,SCHUYLER,SCHUYLER
SCHUYLER - 000004,4,1.0000000000,142.0000000000,142.0000000000,0,SCHUYLER,SCHUYLER
SCHUYLER - 000005,4,1.0000000000,113.0000000000,113.0000000000,0,SCHUYLER,SCHUYLER
SCHUYLER - 000006,4,1.0000000000,78.0000000000,78.0000000000,0,SCHUYLER,SCHUYLER
SCHUYLER - 000007,4,1.0000000000,102.0000000000,102.0000000000,0,SCHUYLER,SCHUYLER
SCHUYLER - 000008,4,1.0000000000,88.0000000000,88.0000000000,0,SCHUYLER,SCHUYLER
SCHUYLER - 000009,4,1.0000000000,54.0000000000,54.0000000000,0,SCHUYLER,SCHUYLER
SCHUYLER - 000010,4,1.0000000000,54.0000000000,54.0000000000,0,SCHUYLER,SCHUYLER
SCOTLAND - 000002,4,1.0000000000,224.0000000000,224.0000000000,0,SCOTLAND,SCOTLAND
SCOTLAND - 000003,4,1.0000000000,138.0000000000,138.0000000000,0,SCOTLAND,SCOTLAND
SCOTLAND - 000004,4,1.0000000000,44.0000000000,44.0000000000,0,SCOTLAND,SCOTLAND
SCOTLAND - 000005,4,1.0000000000,121.0000000000,121.0000000000,0,SCOTLAND,SCOTLAND
SCOTLAND - 000006,4,1.0000000000,151.0000000000,151.0000000000,0,SCOTLAND,SCOTLAND
SCOTLAND - 000007,4,1.0000000000,29.0000000000,29.0000000000,0,SCOTLAND,SCOTLAND
SCOTLAND - 000008,4,1.0000000000,391.0000000000,391.0000000000,0,SCOTLAND,SCOTLAND
SCOTT - 000003,148,1.0000000000,162.0000000000,162.0000000000,0,SCOTT,SCOTT
SCOTT - 000004,148,1.0000000000,112.0000000000,112.0000000000,0,SCOTT,SCOTT
SCOTT - 000006,148,1.0000000000,187.0000000000,187.0000000000,0,SCOTT,SCOTT
SCOTT - 000007,148,1.0000000000,62.0000000000,62.0000000000,0,SCOTT,SCOTT
SCOTT - 000009,148,1.0000000000,55.0000000000,55.0000000000,0,SCOTT,SCOTT
SCOTT - 000010,148,1.0000000000,21.0000000000,21.0000000000,0,SCOTT,SCOTT
SCOTT - 000011,148,1.0000000000,92.0000000000,92.0000000000,0,SCOTT,SCOTT
SCOTT - 000012,148,1.0000000000,143.0000000000,143.0000000000,0,SCOTT,SCOTT
SCOTT - 000013,148,1.0000000000,43.0000000000,43.0000000000,0,SCOTT,SCOTT
SCOTT - 000014,148,1.0000000000,49.0000000000,49.0000000000,0,SCOTT,SCOTT
SCOTT - 000015,148,1.0000000000,80.0000000000,80.0000000000,0,SCOTT,SCOTT
SCOTT - 000016,148,1.0000000000,51.0000000000,51.0000000000,0,SCOTT,SCOTT
SCOTT - 000017,148,1.0000000000,152.0000000000,152.0000000000,0,SCOTT,SCOTT
SCOTT - 000019,148,1.0000000000,47.0000000000,47.0000000000,0,SCOTT,SCOTT
SCOTT - 000021,148,1.0000000000,335.0000000000,335.0000000000,0,SCOTT,SCOTT
SCOTT - 000022,148,1.0000000000,92.0000000000,92.0000000000,0,SCOTT,SCOTT
SCOTT - 000023,148,1.0000000000,136.0000000000,136.0000000000,0,SCOTT,SCOTT
SCOTT - 12-001,148,1.0000000000,195.0000000000,195.0000000000,0,SCOTT,SCOTT
SCOTT - 12-002,148,1.0000000000,145.0000000000,145.0000000000,0,SCOTT,SCOTT
SHANNON - 000002,153,1.0000000000,31.0000000000,31.0000000000,0,SHANNON,SHANNON
SHANNON - 000003,144,1.0000000000,90.0000000000,90.0000000000,0,SHANNON,SHANNON
SHANNON - 000004,144,0.7777777778,126.0000000000,162.0000000000,0,SHANNON,SHANNON
SHANNON - 000004,153,0.2222222222,36.0000000000,162.0000000000,0,SHANNON,SHANNON
SHANNON - 000005,153,1.0000000000,53.0000000000,53.0000000000,0,SHANNON,SHANNON
SHANNON - 000006,153,1.0000000000,96.0000000000,96.0000000000,0,SHANNON,SHANNON
SHANNON - 000007,144,1.0000000000,31.0000000000,31.0000000000,0,SHANNON,SHANNON
SHANNON - 000008,144,1.0000000000,281.0000000000,281.0000000000,0,SHANNON,SHANNON
SHANNON - 000009,153,1.0000000000,66.0000000000,66.0000000000,0,SHANNON,SHANNON
SHANNON - 000010,144,1.0000000000,59.0000000000,59.0000000000,0,SHANNON,SHANNON
SHANNON - 000011,144,1.0000000000,65.0000000000,65.0000000000,0,SHANNON,SHANNON
SHELBY - 000002,4,1.0000000000,111.0000000000,111.0000000000,0,SHELBY,SHELBY
SHELBY - 000003,4,1.0000000000,114.0000000000,114.0000000000,0,SHELBY,SHELBY
SHELBY - 000004,4,1.0000000000,222.0000000000,222.0000000000,0,SHELBY,SHELBY
SHELBY - 000005,4,1.0000000000,117.0000000000,117.0000000000,0,SHELBY,SHELBY
SHELBY - 000006,4,1.0000000000,21.0000000000,21.0000000000,0,SHELBY,SHELBY
SHELBY - 000007,4,1.0000000000,131.0000000000,131.0000000000,0,SHELBY,SHELBY
SHELBY - 000008,4,1.0000000000,128.0000000000,128.0000000000,0,SHELBY,SHELBY
SHELBY - 000009,4,1.0000000000,77.0000000000,77.0000000000,0,SHELBY,SHELBY
ST. CHARLES - 000001,65,0.2018348624,44.0000000000,218.0000000000,0,ST CHARLES,ST CHARLES
ST. CHARLES - 000001,106,0.7981651376,174.0000000000,218.0000000000,0,ST CHARLES,ST CHARLES
ST. CHARLES - 000004,65,1.0000000000,53.0000000000,53.0000000000,0,ST CHARLES,ST CHARLES
ST. CHARLES - 000005,65,1.0000000000,139.0000000000,139.0000000000,0,ST CHARLES,ST CHARLES
ST. CHARLES - 000014,105,1.0000000000,184.0000000000,184.0000000000,0,ST CHARLES,ST CHARLES
ST. CHARLES - 000015,104,0.1886792453,20.0000000000,106.0000000000,0,ST CHARLES,ST CHARLES
ST. CHARLES - 000015,105,0.8113207547,86.0000000000,106.0000000000,0,ST CHARLES,ST CHARLES
ST. CHARLES - 000016,105,1.0000000000,66.0000000000,66.0000000000,0,ST CHARLES,ST CHARLES
ST. CHARLES - 000021,106,1.0000000000,31.0000000000,31.0000000000,0,ST CHARLES,ST CHARLES
ST. CHARLES - 000022,105,1.0000000000,48.0000000000,48.0000000000,0,ST CHARLES,ST CHARLES
ST. CHARLES - 000024,105,1.0000000000,81.0000000000,81.0000000000,0,ST CHARLES,ST CHARLES
ST. CHARLES - 000025,104,0.9487179487,37.0000000000,39.0000000000,0,ST CHARLES,ST CHARLES
ST. CHARLES - 000025,105,0.0512820513,2.0000000000,39.0000000000,0,ST CHARLES,ST CHARLES
ST. CHARLES - 000028,105,1.0000000000,80.0000000000,80.0000000000,0,ST CHARLES,ST CHARLES
ST. CHARLES - 000031,105,0.7551020408,37.0000000000,49.0000000000,0,ST CHARLES,ST CHARLES
ST. CHARLES - 000031,106,0.2448979592,12.0000000000,49.0000000000,0,ST CHARLES,ST CHARLES
ST. CHARLES - 000033,106,1.0000000000,33.0000000000,33.0000000000,0,ST CHARLES,ST CHARLES
ST. CHARLES - 000034,106,1.0000000000,34.0000000000,34.0000000000,0,ST CHARLES,ST CHARLES
ST. CHARLES - 000036,105,0.1219512195,5.0000000000,41.0000000000,0,ST CHARLES,ST CHARLES
ST. CHARLES - 000036,106,0.8780487805,36.0000000000,41.0000000000,0,ST CHARLES,ST CHARLES
ST. CHARLES - 000041,65,0.0187265918,5.0000000000,267.0000000000,0,ST CHARLES,ST CHARLES
ST. CHARLES - 000041,106,0.9812734082,262.0000000000,267.0000000000,0,ST CHARLES,ST CHARLES
ST. CHARLES - 000043,65,0.9384615385,61.0000000000,65.0000000000,0,ST CHARLES,ST CHARLES
ST. CHARLES - 000043,106,0.0615384615,4.0000000000,65.0000000000,0,ST CHARLES,ST CHARLES
ST. CHARLES - 000045,65,1.0000000000,16.0000000000,16.0000000000,0,ST CHARLES,ST CHARLES
ST. CHARLES - 000047,105,1.0000000000,29.0000000000,29.0000000000,0,ST CHARLES,ST CHARLES
ST. CHARLES - 000051,106,1.0000000000,35.0000000000,35.0000000000,0,ST CHARLES,ST CHARLES
ST. CHARLES - 000054,106,1.0000000000,34.0000000000,34.0000000000,0,ST CHARLES,ST CHARLES
ST. CHARLES - 000056,106,1.0000000000,65.0000000000,65.0000000000,0,ST CHARLES,ST CHARLES
ST. CHARLES - 000057,106,1.0000000000,24.0000000000,24.0000000000,0,ST CHARLES,ST CHARLES
ST. CHARLES - 000062,106,1.0000000000,44.0000000000,44.0000000000,0,ST CHARLES,ST CHARLES
ST. CHARLES - 000063,65,0.3076923077,16.0000000000,52.0000000000,0,ST CHARLES,ST CHARLES
ST. CHARLES - 000063,106,0.6923076923,36.0000000000,52.0000000000,0,ST CHARLES,ST CHARLES
ST. CHARLES - 000071,105,1.0000000000,96.0000000000,96.0000000000,0,ST CHARLES,ST CHARLES
ST. CHARLES - 000080,69,0.9166666667,33.0000000000,36.0000000000,0,ST CHARLES,ST CHARLES
ST. CHARLES - 000080,104,0.0277777778,1.0000000000,36.0000000000,0,ST CHARLES,ST CHARLES
ST. CHARLES - 000080,105,0.0555555556,2.0000000000,36.0000000000,0,ST CHARLES,ST CHARLES
ST. CHARLES - 000083,69,1.0000000000,12.0000000000,12.0000000000,0,ST CHARLES,ST CHARLES
ST. CHARLES - 000084,69,0.9565217391,44.0000000000,46.0000000000,0,ST CHARLES,ST CHARLES
ST. CHARLES - 000084,102,0.0217391304,1.0000000000,46.0000000000,0,ST CHARLES,ST CHARLES
ST. CHARLES - 000084,104,0.0217391304,1.0000000000,46.0000000000,0,ST CHARLES,ST CHARLES
ST. CHARLES - 000085,69,1.0000000000,37.0000000000,37.0000000000,0,ST CHARLES,ST CHARLES
ST. CHARLES - 000086,69,1.0000000000,37.0000000000,37.0000000000,0,ST CHARLES,ST CHARLES
ST. CHARLES - 000087,69,1.0000000000,17.0000000000,17.0000000000,0,ST CHARLES,ST CHARLES
ST. CHARLES - 000091,69,0.9736842105,74.0000000000,76.0000000000,0,ST CHARLES,ST CHARLES
ST. CHARLES - 000091,104,0.0263157895,2.0000000000,76.0000000000,0,ST CHARLES,ST CHARLES
ST. CHARLES - 000100,102,0.0714285714,4.0000000000,56.0000000000,0,ST CHARLES,ST CHARLES
ST. CHARLES - 000100,104,0.9285714286,52.0000000000,56.0000000000,0,ST CHARLES,ST CHARLES
ST. CHARLES - 000101,102,0.1904761905,4.0000000000,21.0000000000,0,ST CHARLES,ST CHARLES
ST. CHARLES - 000101,104,0.8095238095,17.0000000000,21.0000000000,0,ST CHARLES,ST CHARLES
ST. CHARLES - 000102,104,1.0000000000,41.0000000000,41.0000000000,0,ST CHARLES,ST CHARLES
ST. CHARLES - 000103,104,0.8421052632,32.0000000000,38.0000000000,0,ST CHARLES,ST CHARLES
ST. CHARLES - 000103,106,0.1578947368,6.0000000000,38.0000000000,0,ST CHARLES,ST CHARLES
ST. CHARLES - 000104,104,1.0000000000,59.0000000000,59.0000000000,0,ST CHARLES,ST CHARLES
ST. CHARLES - 000106,104,1.0000000000,18.0000000000,18.0000000000,0,ST CHARLES,ST CHARLES
ST. CHARLES - 000107,65,0.2343750000,15.0000000000,64.0000000000,0,ST CHARLES,ST CHARLES
ST. CHARLES - 000107,104,0.7656250000,49.0000000000,64.0000000000,0,ST CHARLES,ST CHARLES
ST. CHARLES - 000111,102,0.9787234043,46.0000000000,47.0000000000,0,ST CHARLES,ST CHARLES
ST. CHARLES - 000111,104,0.0212765957,1.0000000000,47.0000000000,0,ST CHARLES,ST CHARLES
ST. CHARLES - 000113,104,1.0000000000,30.0000000000,30.0000000000,0,ST CHARLES,ST CHARLES
ST. CHARLES - 000121,65,1.0000000000,37.0000000000,37.0000000000,0,ST CHARLES,ST CHARLES
ST. CHARLES - 000122,64,0.2348484848,31.0000000000,132.0000000000,0,ST CHARLES,ST CHARLES
ST. CHARLES - 000122,65,0.6969696970,92.0000000000,132.0000000000,0,ST CHARLES,ST CHARLES
ST. CHARLES - 000122,103,0.0151515152,2.0000000000,132.0000000000,0,ST CHARLES,ST CHARLES
ST. CHARLES - 000122,104,0.0530303030,7.0000000000,132.0000000000,0,ST CHARLES,ST CHARLES
ST. CHARLES - 000124,65,1.0000000000,35.0000000000,35.0000000000,0,ST CHARLES,ST CHARLES
ST. CHARLES - 000126,65,0.4878048780,20.0000000000,41.0000000000,0,ST CHARLES,ST CHARLES
ST. CHARLES - 000126,102,0.3902439024,16.0000000000,41.0000000000,0,ST CHARLES,ST CHARLES
ST. CHARLES - 000126,104,0.1219512195,5.0000000000,41.0000000000,0,ST CHARLES,ST CHARLES
ST. CHARLES - 000128,104,1.0000000000,20.0000000000,20.0000000000,0,ST CHARLES,ST CHARLES
ST. CHARLES - 000129,102,1.0000000000,39.0000000000,39.0000000000,0,ST CHARLES,ST CHARLES
ST. CHARLES - 000130,102,0.7368421053,14.0000000000,19.0000000000,0,ST CHARLES,ST CHARLES
ST. CHARLES - 000130,104,0.2631578947,5.0000000000,19.0000000000,0,ST CHARLES,ST CHARLES
ST. CHARLES - 000131,104,1.0000000000,17.0000000000,17.0000000000,0,ST CHARLES,ST CHARLES
ST. CHARLES - 000132,104,1.0000000000,40.0000000000,40.0000000000,0,ST CHARLES,ST CHARLES
ST. CHARLES - 000139,103,1.0000000000,23.0000000000,23.0000000000,0,ST CHARLES,ST CHARLES
ST. CHARLES - 000140,103,1.0000000000,52.0000000000,52.0000000000,0,ST CHARLES,ST CHARLES
ST. CHARLES - 000143,65,0.2000000000,4.0000000000,20.0000000000,0,ST CHARLES,ST CHARLES
ST. CHARLES - 000143,103,0.8000000000,16.0000000000,20.0000000000,0,ST CHARLES,ST CHARLES
ST. CHARLES - 000144,65,0.8695652174,20.0000000000,23.0000000000,0,ST CHARLES,ST CHARLES
ST. CHARLES - 000144,103,0.1304347826,3.0000000000,23.0000000000,0,ST CHARLES,ST CHARLES
ST. CHARLES - 000145,65,0.7931034483,23.0000000000,29.0000000000,0,ST CHARLES,ST CHARLES
ST. CHARLES - 000145,103,0.2068965517,6.0000000000,29.0000000000,0,ST CHARLES,ST CHARLES
ST. CHARLES - 000146,65,1.0000000000,31.0000000000,31.0000000000,0,ST CHARLES,ST CHARLES
ST. CHARLES - 000147,65,0.3692307692,24.0000000000,65.0000000000,0,ST CHARLES,ST CHARLES
ST. CHARLES - 000147,102,0.6307692308,41.0000000000,65.0000000000,0,ST CHARLES,ST CHARLES
ST. CHARLES - 000148,65,1.0000000000,21.0000000000,21.0000000000,0,ST CHARLES,ST CHARLES
ST. CHARLES - 000149,65,1.0000000000,39.0000000000,39.0000000000,0,ST CHARLES,ST CHARLES
ST. CHARLES - 000150,102,1.0000000000,40.0000000000,40.0000000000,0,ST CHARLES,ST CHARLES
ST. CHARLES - 000151,103,1.0000000000,41.0000000000,41.0000000000,0,ST CHARLES,ST CHARLES
ST. CHARLES - 000152,102,1.0000000000,39.0000000000,39.0000000000,0,ST CHARLES,ST CHARLES
ST. CHARLES - 000153,103,1.0000000000,32.0000000000,32.0000000000,0,ST CHARLES,ST CHARLES
ST. CHARLES - 000154,65,0.6666666667,38.0000000000,57.0000000000,0,ST CHARLES,ST CHARLES
ST. CHARLES - 000154,107,0.3333333333,19.0000000000,57.0000000000,0,ST CHARLES,ST CHARLES
ST. CHARLES - 000155,65,1.0000000000,42.0000000000,42.0000000000,0,ST CHARLES,ST CHARLES
ST. CHARLES - 000156,65,1.0000000000,19.0000000000,19.0000000000,0,ST CHARLES,ST CHARLES
ST. CHARLES - 000157,103,1.0000000000,13.0000000000,13.0000000000,0,ST CHARLES,ST CHARLES
ST. CHARLES - 000159,103,1.0000000000,53.0000000000,53.0000000000,0,ST CHARLES,ST CHARLES
ST. CHARLES - 000160,103,1.0000000000,58.0000000000,58.0000000000,0,ST CHARLES,ST CHARLES
ST. CHARLES - 000161,64,0.9259259259,50.0000000000,54.0000000000,0,ST CHARLES,ST CHARLES
ST. CHARLES - 000161,108,0.0740740741,4.0000000000,54.0000000000,0,ST CHARLES,ST CHARLES
ST. CHARLES - 000162,64,0.1379310345,8.0000000000,58.0000000000,0,ST CHARLES,ST CHARLES
ST. CHARLES - 000162,103,0.8620689655,50.0000000000,58.0000000000,0,ST CHARLES,ST CHARLES
ST. CHARLES - 000163,64,1.0000000000,64.0000000000,64.0000000000,0,ST CHARLES,ST CHARLES
ST. CHARLES - 000165,64,1.0000000000,59.0000000000,59.0000000000,0,ST CHARLES,ST CHARLES
ST. CHARLES - 000166,64,1.0000000000,45.0000000000,45.0000000000,0,ST CHARLES,ST CHARLES
ST. CHARLES - 000167,64,1.0000000000,32.0000000000,32.0000000000,0,ST CHARLES,ST CHARLES
ST. CHARLES - 000169,64,1.0000000000,74.0000000000,74.0000000000,0,ST CHARLES,ST CHARLES
ST. CHARLES - 000170,107,1.0000000000,27.0000000000,27.0000000000,0,ST CHARLES,ST CHARLES
ST. CHARLES - 000173,103,1.0000000000,86.0000000000,86.0000000000,0,ST CHARLES,ST CHARLES
ST. CHARLES - 000181,63,0.9068965517,263.0000000000,290.0000000000,0,ST CHARLES,ST CHARLES
ST. CHARLES - 000181,64,0.0620689655,18.0000000000,290.0000000000,0,ST CHARLES,ST CHARLES
ST. CHARLES - 000181,102,0.0310344828,9.0000000000,290.0000000000,0,ST CHARLES,ST CHARLES
ST. CHARLES - 000182,63,0.7346938776,72.0000000000,98.0000000000,0,ST CHARLES,ST CHARLES
ST. CHARLES - 000182,64,0.2653061224,26.0000000000,98.0000000000,0,ST CHARLES,ST CHARLES
ST. CHARLES - 000183,64,0.9239130435,85.0000000000,92.0000000000,0,ST CHARLES,ST CHARLES
ST. CHARLES - 000183,102,0.0760869565,7.0000000000,92.0000000000,0,ST CHARLES,ST CHARLES
ST. CHARLES - 000184,64,1.0000000000,130.0000000000,130.0000000000,0,ST CHARLES,ST CHARLES
ST. CHARLES - 000185,63,0.0892857143,5.0000000000,56.0000000000,0,ST CHARLES,ST CHARLES
ST. CHARLES - 000185,64,0.9107142857,51.0000000000,56.0000000000,0,ST CHARLES,ST CHARLES
ST. CHARLES - 000186,63,0.9772727273,43.0000000000,44.0000000000,0,ST CHARLES,ST CHARLES
ST. CHARLES - 000186,102,0.0227272727,1.0000000000,44.0000000000,0,ST CHARLES,ST CHARLES
ST. CHARLES - 000187,63,1.0000000000,76.0000000000,76.0000000000,0,ST CHARLES,ST CHARLES
ST. CHARLES - 000189,63,0.5000000000,18.0000000000,36.0000000000,0,ST CHARLES,ST CHARLES
ST. CHARLES - 000189,102,0.5000000000,18.0000000000,36.0000000000,0,ST CHARLES,ST CHARLES
ST. CHARLES - 000190,63,0.9166666667,44.0000000000,48.0000000000,0,ST CHARLES,ST CHARLES
ST. CHARLES - 000190,64,0.0833333333,4.0000000000,48.0000000000,0,ST CHARLES,ST CHARLES
ST. CHARLES - 000193,103,1.0000000000,19.0000000000,19.0000000000,0,ST CHARLES,ST CHARLES
ST. CHARLES - 000194,103,0.9545454545,21.0000000000,22.0000000000,0,ST CHARLES,ST CHARLES
ST. CHARLES - 000194,108,0.0454545455,1.0000000000,22.0000000000,0,ST CHARLES,ST CHARLES
ST. CHARLES - 000196,107,0.6800000000,17.0000000000,25.0000000000,0,ST CHARLES,ST CHARLES
ST. CHARLES - 000196,108,0.3200000000,8.0000000000,25.0000000000,0,ST CHARLES,ST CHARLES
ST. CHARLES - 000197,103,0.3220338983,19.0000000000,59.0000000000,0,ST CHARLES,ST CHARLES
ST. CHARLES - 000197,108,0.6779661017,40.0000000000,59.0000000000,0,ST CHARLES,ST CHARLES
ST. CHARLES - 000198,63,0.4705882353,16.0000000000,34.0000000000,0,ST CHARLES,ST CHARLES
ST. CHARLES - 000198,108,0.5294117647,18.0000000000,34.0000000000,0,ST CHARLES,ST CHARLES
ST. CHARLES - 000199,108,1.0000000000,55.0000000000,55.0000000000,0,ST CHARLES,ST CHARLES
ST. CHARLES - 000200,108,1.0000000000,44.0000000000,44.0000000000,0,ST CHARLES,ST CHARLES
ST. CHARLES - 000202,108,1.0000000000,37.0000000000,37.0000000000,0,ST CHARLES,ST CHARLES
ST. CHARLES - 000203,107,0.9843750000,63.0000000000,64.0000000000,0,ST CHARLES,ST CHARLES
ST. CHARLES - 000203,108,0.0156250000,1.0000000000,64.0000000000,0,ST CHARLES,ST CHARLES
ST. CHARLES - 000205,107,1.0000000000,28.0000000000,28.0000000000,0,ST CHARLES,ST CHARLES
ST. CHARLES - 000206,102,0.0259740260,2.0000000000,77.0000000000,0,ST CHARLES,ST CHARLES
ST. CHARLES - 000206,107,0.9740259740,75.0000000000,77.0000000000,0,ST CHARLES,ST CHARLES
ST. CHARLES - 000207,107,1.0000000000,70.0000000000,70.0000000000,0,ST CHARLES,ST CHARLES
ST. CHARLES - 000208,107,0.9500000000,38.0000000000,40.0000000000,0,ST CHARLES,ST CHARLES
ST. CHARLES - 000208,108,0.0500000000,2.0000000000,40.0000000000,0,ST CHARLES,ST CHARLES
ST. CHARLES - 000210,63,0.2328767123,17.0000000000,73.0000000000,0,ST CHARLES,ST CHARLES
ST. CHARLES - 000210,102,0.2328767123,17.0000000000,73.0000000000,0,ST CHARLES,ST CHARLES
ST. CHARLES - 000210,108,0.5342465753,39.0000000000,73.0000000000,0,ST CHARLES,ST CHARLES
ST. CHARLES - 000211,107,0.9821428571,55.0000000000,56.0000000000,0,ST CHARLES,ST CHARLES
ST. CHARLES - 000211,108,0.0178571429,1.0000000000,56.0000000000,0,ST CHARLES,ST CHARLES
ST. CHARLES - 000212,107,0.6521739130,15.0000000000,23.0000000000,0,ST CHARLES,ST CHARLES
ST. CHARLES - 000212,108,0.3478260870,8.0000000000,23.0000000000,0,ST CHARLES,ST CHARLES
ST. CHARLES - 000213,103,0.6400000000,16.0000000000,25.0000000000,0,ST CHARLES,ST CHARLES
ST. CHARLES - 000213,108,0.3600000000,9.0000000000,25.0000000000,0,ST CHARLES,ST CHARLES
ST. CHARLES - 000214,102,0.1153846154,18.0000000000,156.0000000000,0,ST CHARLES,ST CHARLES
ST. CHARLES - 000214,108,0.8846153846,138.0000000000,156.0000000000,0,ST CHARLES,ST CHARLES
ST. CHARLES - 000215,102,0.4000000000,16.0000000000,40.0000000000,0,ST CHARLES,ST CHARLES
ST. CHARLES - 000215,107,0.6000000000,24.0000000000,40.0000000000,0,ST CHARLES,ST CHARLES
ST. CHARLES - 000217,102,0.0845070423,6.0000000000,71.0000000000,0,ST CHARLES,ST CHARLES
ST. CHARLES - 000217,107,0.1267605634,9.0000000000,71.0000000000,0,ST CHARLES,ST CHARLES
ST. CHARLES - 000217,108,0.7887323944,56.0000000000,71.0000000000,0,ST CHARLES,ST CHARLES
ST. CHARLES - 000218,107,0.7857142857,11.0000000000,14.0000000000,0,ST CHARLES,ST CHARLES
ST. CHARLES - 000218,108,0.2142857143,3.0000000000,14.0000000000,0,ST CHARLES,ST CHARLES
ST. CHARLES - 000219,107,1.0000000000,18.0000000000,18.0000000000,0,ST CHARLES,ST CHARLES
ST. CHARLES - 000220,69,1.0000000000,9.0000000000,9.0000000000,0,ST CHARLES,ST CHARLES
ST. CHARLES - 000221,102,0.8589743590,67.0000000000,78.0000000000,0,ST CHARLES,ST CHARLES
ST. CHARLES - 000221,107,0.1410256410,11.0000000000,78.0000000000,0,ST CHARLES,ST CHARLES
ST. CHARLES - 000222,102,1.0000000000,58.0000000000,58.0000000000,0,ST CHARLES,ST CHARLES
ST. CHARLES - 000225,102,1.0000000000,94.0000000000,94.0000000000,0,ST CHARLES,ST CHARLES
ST. CHARLES - 000226,102,0.9622641509,51.0000000000,53.0000000000,0,ST CHARLES,ST CHARLES
ST. CHARLES - 000226,108,0.0377358491,2.0000000000,53.0000000000,0,ST CHARLES,ST CHARLES
ST. CHARLES - 000227,69,0.7222222222,26.0000000000,36.0000000000,0,ST CHARLES,ST CHARLES
ST. CHARLES - 000227,102,0.2777777778,10.0000000000,36.0000000000,0,ST CHARLES,ST CHARLES
ST. CHARLES - 000228,69,0.5777777778,26.0000000000,45.0000000000,0,ST CHARLES,ST CHARLES
ST. CHARLES - 000228,102,0.4222222222,19.0000000000,45.0000000000,0,ST CHARLES,ST CHARLES
ST. CHARLES - 000229,102,1.0000000000,57.0000000000,57.0000000000,0,ST CHARLES,ST CHARLES
ST. CHARLES - 000230,69,1.0000000000,17.0000000000,17.0000000000,0,ST CHARLES,ST CHARLES
ST. CHARLES - 000231,69,0.2400000000,6.0000000000,25.0000000000,0,ST CHARLES,ST CHARLES
ST. CHARLES - 000231,102,0.7600000000,19.0000000000,25.0000000000,0,ST CHARLES,ST CHARLES
ST. CHARLES - 000234,69,1.0000000000,8.0000000000,8.0000000000,0,ST CHARLES,ST CHARLES
ST. CLAIR - 000002,126,1.0000000000,76.0000000000,76.0000000000,0,ST CLAIR,ST CLAIR
ST. CLAIR - 000003,126,1.0000000000,61.0000000000,61.0000000000,0,ST CLAIR,ST CLAIR
ST. CLAIR - 000004,126,1.0000000000,116.0000000000,116.0000000000,0,ST CLAIR,ST CLAIR
ST. CLAIR - 000005,126,1.0000000000,62.0000000000,62.0000000000,0,ST CLAIR,ST CLAIR
ST. CLAIR - 000006,126,1.0000000000,152.0000000000,152.0000000000,0,ST CLAIR,ST CLAIR
ST. CLAIR - 000007,126,1.0000000000,54.0000000000,54.0000000000,0,ST CLAIR,ST CLAIR
ST. CLAIR - 000008,126,1.0000000000,144.0000000000,144.0000000000,0,ST CLAIR,ST CLAIR
ST. CLAIR - 000009,126,1.0000000000,153.0000000000,153.0000000000,0,ST CLAIR,ST CLAIR
ST. CLAIR - 000010,126,1.0000000000,107.0000000000,107.0000000000,0,ST CLAIR,ST CLAIR
ST. CLAIR - 000011,126,1.0000000000,107.0000000000,107.0000000000,0,ST CLAIR,ST CLAIR
ST. CLAIR - 000012,126,1.0000000000,37.0000000000,37.0000000000,0,ST CLAIR,ST CLAIR
ST. CLAIR - 000013,126,1.0000000000,111.0000000000,111.0000000000,0,ST CLAIR,ST CLAIR
ST. CLAIR - 000014,126,1.0000000000,95.0000000000,95.0000000000,0,ST CLAIR,ST CLAIR
ST. CLAIR - 000015,126,1.0000000000,88.0000000000,88.0000000000,0,ST CLAIR,ST CLAIR
ST. CLAIR - 000016,126,1.0000000000,53.0000000000,53.0000000000,0,ST CLAIR,ST CLAIR
ST. CLAIR - 000017,126,1.0000000000,149.0000000000,149.0000000000,0,ST CLAIR,ST CLAIR
ST. CLAIR - 000018,126,1.0000000000,106.0000000000,106.0000000000,0,ST CLAIR,ST CLAIR
ST. CLAIR - 000019,126,1.0000000000,168.0000000000,168.0000000000,0,ST CLAIR,ST CLAIR
ST. FRANCOIS - 000002,116,0.6412213740,84.0000000000,131.0000000000,0,ST FRANCOIS,ST FRANCOIS
ST. FRANCOIS - 000002,117,0.3587786260,47.0000000000,131.0000000000,0,ST FRANCOIS,ST FRANCOIS
ST. FRANCOIS - 000005,117,1.0000000000,258.0000000000,258.0000000000,0,ST FRANCOIS,ST FRANCOIS
ST. FRANCOIS - 000006,116,1.0000000000,42.0000000000,42.0000000000,0,ST FRANCOIS,ST FRANCOIS
ST. FRANCOIS - 000007,117,1.0000000000,56.0000000000,56.0000000000,0,ST FRANCOIS,ST FRANCOIS
ST. FRANCOIS - 000008,117,1.0000000000,70.0000000000,70.0000000000,0,ST FRANCOIS,ST FRANCOIS
ST. FRANCOIS - 000009,117,1.0000000000,87.0000000000,87.0000000000,0,ST FRANCOIS,ST FRANCOIS
ST. FRANCOIS - 000010,116,0.8019801980,81.0000000000,101.0000000000,0,ST FRANCOIS,ST FRANCOIS
ST. FRANCOIS - 000010,117,0.1980198020,20.0000000000,101.0000000000,0,ST FRANCOIS,ST FRANCOIS
ST. FRANCOIS - 000011,116,0.6030534351,79.0000000000,131.0000000000,0,ST FRANCOIS,ST FRANCOIS
ST. FRANCOIS - 000011,117,0.3969465649,52.0000000000,131.0000000000,0,ST FRANCOIS,ST FRANCOIS
ST. FRANCOIS - 000012,116,0.8156028369,115.0000000000,141.0000000000,0,ST FRANCOIS,ST FRANCOIS
ST. FRANCOIS - 000012,117,0.1843971631,26.0000000000,141.0000000000,0,ST FRANCOIS,ST FRANCOIS
ST. FRANCOIS - 000013,116,0.9848484848,130.0000000000,132.0000000000,0,ST FRANCOIS,ST FRANCOIS
ST. FRANCOIS - 000013,117,0.0151515152,2.0000000000,132.0000000000,0,ST FRANCOIS,ST FRANCOIS
ST. FRANCOIS - 000014,116,1.0000000000,127.0000000000,127.0000000000,0,ST FRANCOIS,ST FRANCOIS
ST. FRANCOIS - 000016,116,1.0000000000,103.0000000000,103.0000000000,0,ST FRANCOIS,ST FRANCOIS
ST. FRANCOIS - 000017,116,1.0000000000,52.0000000000,52.0000000000,0,ST FRANCOIS,ST FRANCOIS
ST. FRANCOIS - 000018,117,1.0000000000,61.0000000000,61.0000000000,0,ST FRANCOIS,ST FRANCOIS
ST. FRANCOIS - 000019,117,1.0000000000,136.0000000000,136.0000000000,0,ST FRANCOIS,ST FRANCOIS
ST. FRANCOIS - 000020,116,1.0000000000,51.0000000000,51.0000000000,0,ST FRANCOIS,ST FRANCOIS
ST. FRANCOIS - 000021,117,1.0000000000,183.0000000000,183.0000000000,0,ST FRANCOIS,ST FRANCOIS
ST. FRANCOIS - 000023,117,1.0000000000,155.0000000000,155.0000000000,0,ST FRANCOIS,ST FRANCOIS
ST. FRANCOIS - 000024,117,1.0000000000,182.0000000000,182.0000000000,0,ST FRANCOIS,ST FRANCOIS
ST. FRANCOIS - 000025,117,1.0000000000,178.0000000000,178.0000000000,0,ST FRANCOIS,ST FRANCOIS
ST. FRANCOIS - 000026,117,1.0000000000,208.0000000000,208.0000000000,0,ST FRANCOIS,ST FRANCOIS
ST. FRANCOIS - 000027,117,1.0000000000,145.0000000000,145.0000000000,0,ST FRANCOIS,ST FRANCOIS
ST. LOUIS - 001600,75,1.0000000000,4.0000000000,4.0000000000,0,ST LOUIS,ST LOUIS
ST. LOUIS - 0AP001,73,1.0000000000,8.0000000000,8.0000000000,0,ST LOUIS,ST LOUIS
ST. LOUIS - 0AP002,73,1.0000000000,9.0000000000,9.0000000000,0,ST LOUIS,ST LOUIS
ST. LOUIS - 0AP003,70,0.0952380952,2.0000000000,21.0000000000,0,ST LOUIS,ST LOUIS
ST. LOUIS - 0AP003,73,0.9047619048,19.0000000000,21.0000000000,0,ST LOUIS,ST LOUIS
ST. LOUIS - 0AP004,72,1.0000000000,5.0000000000,5.0000000000,0,ST LOUIS,ST LOUIS
ST. LOUIS - 0AP005,73,1.0000000000,21.0000000000,21.0000000000,0,ST LOUIS,ST LOUIS
ST. LOUIS - 0AP006,74,1.0000000000,1.0000000000,1.0000000000,0,ST LOUIS,ST LOUIS
ST. LOUIS - 0AP007,73,1.0000000000,6.0000000000,6.0000000000,0,ST LOUIS,ST LOUIS
ST. LOUIS - 0AP008,72,1.0000000000,10.0000000000,10.0000000000,0,ST LOUIS,ST LOUIS
ST. LOUIS - 0AP009,74,1.0000000000,12.0000000000,12.0000000000,0,ST LOUIS,ST LOUIS
ST. LOUIS - 0AP010,73,1.0000000000,45.0000000000,45.0000000000,0,ST LOUIS,ST LOUIS
ST. LOUIS - 0AP011,72,1.0000000000,4.0000000000,4.0000000000,0,ST LOUIS,ST LOUIS
ST. LOUIS - 0AP012,70,1.0000000000,12.0000000000,12.0000000000,0,ST LOUIS,ST LOUIS
ST. LOUIS - 0AP013,74,1.0000000000,8.0000000000,8.0000000000,0,ST LOUIS,ST LOUIS
ST. LOUIS - 0AP014,74,1.0000000000,3.0000000000,3.0000000000,0,ST LOUIS,ST LOUIS
ST. LOUIS - 0AP015,74,1.0000000000,10.0000000000,10.0000000000,0,ST LOUIS,ST LOUIS
ST. LOUIS - 0AP016,74,1.0000000000,12.0000000000,12.0000000000,0,ST LOUIS,ST LOUIS
ST. LOUIS - 0AP017,70,1.0000000000,17.0000000000,17.0000000000,0,ST LOUIS,ST LOUIS
ST. LOUIS - 0AP018,73,1.0000000000,10.0000000000,10.0000000000,0,ST LOUIS,ST LOUIS
ST. LOUIS - 0AP019,70,1.0000000000,25.0000000000,25.0000000000,0,ST LOUIS,ST LOUIS
ST. LOUIS - 0AP020,72,1.0000000000,8.0000000000,8.0000000000,0,ST LOUIS,ST LOUIS
ST. LOUIS - 0AP021,73,1.0000000000,3.0000000000,3.0000000000,0,ST LOUIS,ST LOUIS
ST. LOUIS - 0AP022,73,1.0000000000,6.0000000000,6.0000000000,0,ST LOUIS,ST LOUIS
ST. LOUIS - 0AP023,70,1.0000000000,1.0000000000,1.0000000000,0,ST LOUIS,ST LOUIS
ST. LOUIS - 0AP024,72,1.0000000000,10.0000000000,10.0000000000,0,ST LOUIS,ST LOUIS
ST. LOUIS - 0AP025,74,1.0000000000,1.0000000000,1.0000000000,0,ST LOUIS,ST LOUIS
ST. LOUIS - 0AP026,70,1.0000000000,1.0000000000,1.0000000000,0,ST LOUIS,ST LOUIS
ST. LOUIS - 0AP027,73,1.0000000000,54.0000000000,54.0000000000,0,ST LOUIS,ST LOUIS
ST. LOUIS - 0AP028,72,1.0000000000,22.0000000000,22.0000000000,0,ST LOUIS,ST LOUIS
ST. LOUIS - 0AP029,70,1.0000000000,6.0000000000,6.0000000000,0,ST LOUIS,ST LOUIS
ST. LOUIS - 0AP030,72,0.8750000000,14.0000000000,16.0000000000,0,ST LOUIS,ST LOUIS
ST. LOUIS - 0AP030,73,0.1250000000,2.0000000000,16.0000000000,0,ST LOUIS,ST LOUIS
ST. LOUIS - 0AP031,72,1.0000000000,26.0000000000,26.0000000000,0,ST LOUIS,ST LOUIS
ST. LOUIS - 0AP032,87,1.0000000000,14.0000000000,14.0000000000,0,ST LOUIS,ST LOUIS
ST. LOUIS - 0AP033,72,1.0000000000,5.0000000000,5.0000000000,0,ST LOUIS,ST LOUIS
ST. LOUIS - 0AP034,70,1.0000000000,18.0000000000,18.0000000000,0,ST LOUIS,ST LOUIS
ST. LOUIS - 0AP035,70,1.0000000000,4.0000000000,4.0000000000,0,ST LOUIS,ST LOUIS
ST. LOUIS - 0AP036,73,1.0000000000,16.0000000000,16.0000000000,0,ST LOUIS,ST LOUIS
ST. LOUIS - 0AP037,73,0.0909090909,1.0000000000,11.0000000000,0,ST LOUIS,ST LOUIS
ST. LOUIS - 0AP037,74,0.9090909091,10.0000000000,11.0000000000,0,ST LOUIS,ST LOUIS
ST. LOUIS - 0AP038,70,0.1578947368,3.0000000000,19.0000000000,0,ST LOUIS,ST LOUIS
ST. LOUIS - 0AP038,73,0.8421052632,16.0000000000,19.0000000000,0,ST LOUIS,ST LOUIS
ST. LOUIS - 0AP039,73,1.0000000000,18.0000000000,18.0000000000,0,ST LOUIS,ST LOUIS
ST. LOUIS - 0AP040,72,1.0000000000,18.0000000000,18.0000000000,0,ST LOUIS,ST LOUIS
ST. LOUIS - 0AP041,87,1.0000000000,15.0000000000,15.0000000000,0,ST LOUIS,ST LOUIS
ST. LOUIS - 0AP042,70,1.0000000000,2.0000000000,2.0000000000,0,ST LOUIS,ST LOUIS
ST. LOUIS - 0AP043,73,1.0000000000,13.0000000000,13.0000000000,0,ST LOUIS,ST LOUIS
ST. LOUIS - 0AP044,72,1.0000000000,6.0000000000,6.0000000000,0,ST LOUIS,ST LOUIS
ST. LOUIS - 0AP045,74,1.0000000000,14.0000000000,14.0000000000,0,ST LOUIS,ST LOUIS
ST. LOUIS - 0AP046,72,1.0000000000,7.0000000000,7.0000000000,0,ST LOUIS,ST LOUIS
ST. LOUIS - 0AP047,70,0.8333333333,5.0000000000,6.0000000000,0,ST LOUIS,ST LOUIS
ST. LOUIS - 0AP047,72,0.1666666667,1.0000000000,6.0000000000,0,ST LOUIS,ST LOUIS
ST. LOUIS - 0AP048,74,1.0000000000,4.0000000000,4.0000000000,0,ST LOUIS,ST LOUIS
ST. LOUIS - 0AP049,72,1.0000000000,26.0000000000,26.0000000000,0,ST LOUIS,ST LOUIS
ST. LOUIS - 0AP050,74,1.0000000000,8.0000000000,8.0000000000,0,ST LOUIS,ST LOUIS
ST. LOUIS - 0AP051,74,1.0000000000,3.0000000000,3.0000000000,0,ST LOUIS,ST LOUIS
ST. LOUIS - 0AP200,70,1.0000000000,3.0000000000,3.0000000000,0,ST LOUIS,ST LOUIS
ST. LOUIS - 0AP201,87,1.0000000000,2.0000000000,2.0000000000,0,ST LOUIS,ST LOUIS
ST. LOUIS - 0AP202,87,1.0000000000,1.0000000000,1.0000000000,0,ST LOUIS,ST LOUIS
ST. LOUIS - 0AP203,70,1.0000000000,14.0000000000,14.0000000000,0,ST LOUIS,ST LOUIS
ST. LOUIS - 0AP206,73,1.0000000000,8.0000000000,8.0000000000,0,ST LOUIS,ST LOUIS
ST. LOUIS - 0AP207,70,1.0000000000,2.0000000000,2.0000000000,0,ST LOUIS,ST LOUIS
ST. LOUIS - 0AP208,72,0.4000000000,4.0000000000,10.0000000000,0,ST LOUIS,ST LOUIS
ST. LOUIS - 0AP208,73,0.6000000000,6.0000000000,10.0000000000,0,ST LOUIS,ST LOUIS
ST. LOUIS - 0AP211,70,0.8000000000,4.0000000000,5.0000000000,0,ST LOUIS,ST LOUIS
ST. LOUIS - 0AP211,73,0.2000000000,1.0000000000,5.0000000000,0,ST LOUIS,ST LOUIS
ST. LOUIS - 0AP214,70,1.0000000000,1.0000000000,1.0000000000,0,ST LOUIS,ST LOUIS
ST. LOUIS - 0AP215,73,1.0000000000,4.0000000000,4.0000000000,0,ST LOUIS,ST LOUIS
ST. LOUIS - 0AP216,70,1.0000000000,2.0000000000,2.0000000000,0,ST LOUIS,ST LOUIS
ST. LOUIS - 0AP217,70,1.0000000000,2.0000000000,2.0000000000,0,ST LOUIS,ST LOUIS
ST. LOUIS - 0AP218,72,1.0000000000,1.0000000000,1.0000000000,0,ST LOUIS,ST LOUIS
ST. LOUIS - 0AP225,73,1.0000000000,3.0000000000,3.0000000000,0,ST LOUIS,ST LOUIS
ST. LOUIS - 0AP230,73,1.0000000000,1.0000000000,1.0000000000,0,ST LOUIS,ST LOUIS
ST. LOUIS - 0AP232,70,1.0000000000,9.0000000000,9.0000000000,0,ST LOUIS,ST LOUIS
ST. LOUIS - 0AP233,73,1.0000000000,1.0000000000,1.0000000000,0,ST LOUIS,ST LOUIS
ST. LOUIS - 0AP237,73,1.0000000000,2.0000000000,2.0000000000,0,ST LOUIS,ST LOUIS
ST. LOUIS - 0CC001,71,1.0000000000,17.0000000000,17.0000000000,0,ST LOUIS,ST LOUIS
ST. LOUIS - 0CC002,71,1.0000000000,9.0000000000,9.0000000000,0,ST LOUIS,ST LOUIS
ST. LOUIS - 0CC003,71,1.0000000000,7.0000000000,7.0000000000,0,ST LOUIS,ST LOUIS
ST. LOUIS - 0CC004,71,1.0000000000,11.0000000000,11.0000000000,0,ST LOUIS,ST LOUIS
ST. LOUIS - 0CC005,71,1.0000000000,10.0000000000,10.0000000000,0,ST LOUIS,ST LOUIS
ST. LOUIS - 0CC006,71,1.0000000000,19.0000000000,19.0000000000,0,ST LOUIS,ST LOUIS
ST. LOUIS - 0CC007,71,1.0000000000,11.0000000000,11.0000000000,0,ST LOUIS,ST LOUIS
ST. LOUIS - 0CC008,71,0.2000000000,2.0000000000,10.0000000000,0,ST LOUIS,ST LOUIS
ST. LOUIS - 0CC008,87,0.8000000000,8.0000000000,10.0000000000,0,ST LOUIS,ST LOUIS
ST. LOUIS - 0CC009,71,1.0000000000,2.0000000000,2.0000000000,0,ST LOUIS,ST LOUIS
ST. LOUIS - 0CC010,71,1.0000000000,9.0000000000,9.0000000000,0,ST LOUIS,ST LOUIS
ST. LOUIS - 0CC011,71,1.0000000000,13.0000000000,13.0000000000,0,ST LOUIS,ST LOUIS
ST. LOUIS - 0CC012,99,1.0000000000,5.0000000000,5.0000000000,0,ST LOUIS,ST LOUIS
ST. LOUIS - 0CC013,99,1.0000000000,3.0000000000,3.0000000000,0,ST LOUIS,ST LOUIS
ST. LOUIS - 0CC014,71,1.0000000000,33.0000000000,33.0000000000,0,ST LOUIS,ST LOUIS
ST. LOUIS - 0CC015,99,1.0000000000,12.0000000000,12.0000000000,0,ST LOUIS,ST LOUIS
ST. LOUIS - 0CC016,71,1.0000000000,9.0000000000,9.0000000000,0,ST LOUIS,ST LOUIS
ST. LOUIS - 0CC017,72,1.0000000000,10.0000000000,10.0000000000,0,ST LOUIS,ST LOUIS
ST. LOUIS - 0CC018,87,1.0000000000,10.0000000000,10.0000000000,0,ST LOUIS,ST LOUIS
ST. LOUIS - 0CC019,99,1.0000000000,11.0000000000,11.0000000000,0,ST LOUIS,ST LOUIS
ST. LOUIS - 0CC020,71,0.0303030303,1.0000000000,33.0000000000,0,ST LOUIS,ST LOUIS
ST. LOUIS - 0CC020,89,0.9696969697,32.0000000000,33.0000000000,0,ST LOUIS,ST LOUIS
ST. LOUIS - 0CC021,71,1.0000000000,2.0000000000,2.0000000000,0,ST LOUIS,ST LOUIS
ST. LOUIS - 0CC022,99,1.0000000000,10.0000000000,10.0000000000,0,ST LOUIS,ST LOUIS
ST. LOUIS - 0CC023,71,1.0000000000,9.0000000000,9.0000000000,0,ST LOUIS,ST LOUIS
ST. LOUIS - 0CC024,99,1.0000000000,5.0000000000,5.0000000000,0,ST LOUIS,ST LOUIS
ST. LOUIS - 0CC025,71,1.0000000000,18.0000000000,18.0000000000,0,ST LOUIS,ST LOUIS
ST. LOUIS - 0CC026,89,1.0000000000,3.0000000000,3.0000000000,0,ST LOUIS,ST LOUIS
ST. LOUIS - 0CC027,89,1.0000000000,41.0000000000,41.0000000000,0,ST LOUIS,ST LOUIS
ST. LOUIS - 0CC028,71,1.0000000000,1.0000000000,1.0000000000,0,ST LOUIS,ST LOUIS
ST. LOUIS - 0CC030,71,1.0000000000,2.0000000000,2.0000000000,0,ST LOUIS,ST LOUIS
ST. LOUIS - 0CC031,71,1.0000000000,17.0000000000,17.0000000000,0,ST LOUIS,ST LOUIS
ST. LOUIS - 0CC032,71,1.0000000000,6.0000000000,6.0000000000,0,ST LOUIS,ST LOUIS
ST. LOUIS - 0CC033,71,1.0000000000,7.0000000000,7.0000000000,0,ST LOUIS,ST LOUIS
ST. LOUIS - 0CC034,99,1.0000000000,2.0000000000,2.0000000000,0,ST LOUIS,ST LOUIS
ST. LOUIS - 0CC035,71,1.0000000000,17.0000000000,17.0000000000,0,ST LOUIS,ST LOUIS
ST. LOUIS - 0CC036,71,1.0000000000,3.0000000000,3.0000000000,0,ST LOUIS,ST LOUIS
ST. LOUIS - 0CC037,71,1.0000000000,5.0000000000,5.0000000000,0,ST LOUIS,ST LOUIS
ST. LOUIS - 0CC038,71,0.3000000000,3.0000000000,10.0000000000,0,ST LOUIS,ST LOUIS
ST. LOUIS - 0CC038,99,0.7000000000,7.0000000000,10.0000000000,0,ST LOUIS,ST LOUIS
ST. LOUIS - 0CC039,89,1.0000000000,5.0000000000,5.0000000000,0,ST LOUIS,ST LOUIS
ST. LOUIS - 0CC040,89,1.0000000000,7.0000000000,7.0000000000,0,ST LOUIS,ST LOUIS
ST. LOUIS - 0CC041,71,1.0000000000,10.0000000000,10.0000000000,0,ST LOUIS,ST LOUIS
ST. LOUIS - 0CC042,72,1.0000000000,8.0000000000,8.0000000000,0,ST LOUIS,ST LOUIS
ST. LOUIS - 0CC043,72,1.0000000000,1.0000000000,1.0000000000,0,ST LOUIS,ST LOUIS
ST. LOUIS - 0CC044,71,0.0555555556,1.0000000000,18.0000000000,0,ST LOUIS,ST LOUIS
ST. LOUIS - 0CC044,72,0.9444444444,17.0000000000,18.0000000000,0,ST LOUIS,ST LOUIS
ST. LOUIS - 0CC045,71,1.0000000000,1.0000000000,1.0000000000,0,ST LOUIS,ST LOUIS
ST. LOUIS - 0CC046,71,1.0000000000,5.0000000000,5.0000000000,0,ST LOUIS,ST LOUIS
ST. LOUIS - 0CC047,72,1.0000000000,7.0000000000,7.0000000000,0,ST LOUIS,ST LOUIS
ST. LOUIS - 0CC048,71,0.8571428571,6.0000000000,7.0000000000,0,ST LOUIS,ST LOUIS
ST. LOUIS - 0CC048,99,0.1428571429,1.0000000000,7.0000000000,0,ST LOUIS,ST LOUIS
ST. LOUIS - 0CC049,71,1.0000000000,6.0000000000,6.0000000000,0,ST LOUIS,ST LOUIS
ST. LOUIS - 0CC050,71,1.0000000000,14.0000000000,14.0000000000,0,ST LOUIS,ST LOUIS
ST. LOUIS - 0CC051,99,1.0000000000,1.0000000000,1.0000000000,0,ST LOUIS,ST LOUIS
ST. LOUIS - 0CC052,71,1.0000000000,3.0000000000,3.0000000000,0,ST LOUIS,ST LOUIS
ST. LOUIS - 0CC053,71,1.0000000000,18.0000000000,18.0000000000,0,ST LOUIS,ST LOUIS
ST. LOUIS - 0CC054,71,1.0000000000,3.0000000000,3.0000000000,0,ST LOUIS,ST LOUIS
ST. LOUIS - 0CC055,71,1.0000000000,4.0000000000,4.0000000000,0,ST LOUIS,ST LOUIS
ST. LOUIS - 0CC056,71,1.0000000000,4.0000000000,4.0000000000,0,ST LOUIS,ST LOUIS
ST. LOUIS - 0CC057,72,1.0000000000,10.0000000000,10.0000000000,0,ST LOUIS,ST LOUIS
ST. LOUIS - 0CC058,71,1.0000000000,15.0000000000,15.0000000000,0,ST LOUIS,ST LOUIS
ST. LOUIS - 0CC201,87,1.0000000000,3.0000000000,3.0000000000,0,ST LOUIS,ST LOUIS
ST. LOUIS - 0CC202,71,1.0000000000,1.0000000000,1.0000000000,0,ST LOUIS,ST LOUIS
ST. LOUIS - 0CC203,71,0.8750000000,7.0000000000,8.0000000000,0,ST LOUIS,ST LOUIS
ST. LOUIS - 0CC203,72,0.1250000000,1.0000000000,8.0000000000,0,ST LOUIS,ST LOUIS
ST. LOUIS - 0CC205,72,1.0000000000,5.0000000000,5.0000000000,0,ST LOUIS,ST LOUIS
ST. LOUIS - 0CC208,71,1.0000000000,9.0000000000,9.0000000000,0,ST LOUIS,ST LOUIS
ST. LOUIS - 0CC214,71,1.0000000000,3.0000000000,3.0000000000,0,ST LOUIS,ST LOUIS
ST. LOUIS - 0CC221,87,1.0000000000,1.0000000000,1.0000000000,0,ST LOUIS,ST LOUIS
ST. LOUIS - 0LC001,68,0.9230769231,12.0000000000,13.0000000000,0,ST LOUIS,ST LOUIS
ST. LOUIS - 0LC001,70,0.0769230769,1.0000000000,13.0000000000,0,ST LOUIS,ST LOUIS
ST. LOUIS - 0LC002,68,0.2000000000,3.0000000000,15.0000000000,0,ST LOUIS,ST LOUIS
ST. LOUIS - 0LC002,75,0.8000000000,12.0000000000,15.0000000000,0,ST LOUIS,ST LOUIS
ST. LOUIS - 0LC003,75,1.0000000000,21.0000000000,21.0000000000,0,ST LOUIS,ST LOUIS
ST. LOUIS - 0LC004,75,1.0000000000,14.0000000000,14.0000000000,0,ST LOUIS,ST LOUIS
ST. LOUIS - 0LC005,68,1.0000000000,27.0000000000,27.0000000000,0,ST LOUIS,ST LOUIS
ST. LOUIS - 0LC006,68,1.0000000000,6.0000000000,6.0000000000,0,ST LOUIS,ST LOUIS
ST. LOUIS - 0LC007,75,1.0000000000,2.0000000000,2.0000000000,0,ST LOUIS,ST LOUIS
ST. LOUIS - 0LC008,67,0.9000000000,9.0000000000,10.0000000000,0,ST LOUIS,ST LOUIS
ST. LOUIS - 0LC008,75,0.1000000000,1.0000000000,10.0000000000,0,ST LOUIS,ST LOUIS
ST. LOUIS - 0LC009,68,1.0000000000,18.0000000000,18.0000000000,0,ST LOUIS,ST LOUIS
ST. LOUIS - 0LC010,68,0.6923076923,18.0000000000,26.0000000000,0,ST LOUIS,ST LOUIS
ST. LOUIS - 0LC010,75,0.3076923077,8.0000000000,26.0000000000,0,ST LOUIS,ST LOUIS
ST. LOUIS - 0LC011,70,1.0000000000,8.0000000000,8.0000000000,0,ST LOUIS,ST LOUIS
ST. LOUIS - 0LC012,67,1.0000000000,9.0000000000,9.0000000000,0,ST LOUIS,ST LOUIS
ST. LOUIS - 0LC013,70,1.0000000000,19.0000000000,19.0000000000,0,ST LOUIS,ST LOUIS
ST. LOUIS - 0LC014,67,1.0000000000,12.0000000000,12.0000000000,0,ST LOUIS,ST LOUIS
ST. LOUIS - 0LC015,70,1.0000000000,24.0000000000,24.0000000000,0,ST LOUIS,ST LOUIS
ST. LOUIS - 0LC016,70,1.0000000000,8.0000000000,8.0000000000,0,ST LOUIS,ST LOUIS
ST. LOUIS - 0LC017,67,1.0000000000,15.0000000000,15.0000000000,0,ST LOUIS,ST LOUIS
ST. LOUIS - 0LC018,75,1.0000000000,2.0000000000,2.0000000000,0,ST LOUIS,ST LOUIS
ST. LOUIS - 0LC019,68,1.0000000000,1.0000000000,1.0000000000,0,ST LOUIS,ST LOUIS
ST. LOUIS - 0LC020,67,0.1250000000,1.0000000000,8.0000000000,0,ST LOUIS,ST LOUIS
ST. LOUIS - 0LC020,75,0.8750000000,7.0000000000,8.0000000000,0,ST LOUIS,ST LOUIS
ST. LOUIS - 0LC021,75,1.0000000000,19.0000000000,19.0000000000,0,ST LOUIS,ST LOUIS
ST. LOUIS - 0LC022,67,1.0000000000,6.0000000000,6.0000000000,0,ST LOUIS,ST LOUIS
ST. LOUIS - 0LC023,70,1.0000000000,5.0000000000,5.0000000000,0,ST LOUIS,ST LOUIS
ST. LOUIS - 0LC024,70,1.0000000000,8.0000000000,8.0000000000,0,ST LOUIS,ST LOUIS
ST. LOUIS - 0LC025,75,1.0000000000,9.0000000000,9.0000000000,0,ST LOUIS,ST LOUIS
ST. LOUIS - 0LC026,67,1.0000000000,14.0000000000,14.0000000000,0,ST LOUIS,ST LOUIS
ST. LOUIS - 0LC027,75,1.0000000000,1.0000000000,1.0000000000,0,ST LOUIS,ST LOUIS
ST. LOUIS - 0LC028,67,1.0000000000,12.0000000000,12.0000000000,0,ST LOUIS,ST LOUIS
ST. LOUIS - 0LC029,70,1.0000000000,7.0000000000,7.0000000000,0,ST LOUIS,ST LOUIS
ST. LOUIS - 0LC030,67,1.0000000000,18.0000000000,18.0000000000,0,ST LOUIS,ST LOUIS
ST. LOUIS - 0LC031,75,1.0000000000,12.0000000000,12.0000000000,0,ST LOUIS,ST LOUIS
ST. LOUIS - 0LC032,67,1.0000000000,8.0000000000,8.0000000000,0,ST LOUIS,ST LOUIS
ST. LOUIS - 0LC200,75,1.0000000000,3.0000000000,3.0000000000,0,ST LOUIS,ST LOUIS
ST. LOUIS - 0LC203,75,1.0000000000,2.0000000000,2.0000000000,0,ST LOUIS,ST LOUIS
ST. LOUIS - 0LC204,70,1.0000000000,1.0000000000,1.0000000000,0,ST LOUIS,ST LOUIS
ST. LOUIS - 0LC209,70,1.0000000000,2.0000000000,2.0000000000,0,ST LOUIS,ST LOUIS
ST. LOUIS - 0MR001,89,1.0000000000,7.0000000000,7.0000000000,0,ST LOUIS,ST LOUIS
ST. LOUIS - 0MR002,89,1.0000000000,5.0000000000,5.0000000000,0,ST LOUIS,ST LOUIS
ST. LOUIS - 0MR003,89,1.0000000000,12.0000000000,12.0000000000,0,ST LOUIS,ST LOUIS
ST. LOUIS - 0MR004,89,1.0000000000,13.0000000000,13.0000000000,0,ST LOUIS,ST LOUIS
ST. LOUIS - 0MR005,89,1.0000000000,2.0000000000,2.0000000000,0,ST LOUIS,ST LOUIS
ST. LOUIS - 0MR006,89,1.0000000000,14.0000000000,14.0000000000,0,ST LOUIS,ST LOUIS
ST. LOUIS - 0MR007,89,0.9000000000,9.0000000000,10.0000000000,0,ST LOUIS,ST LOUIS
ST. LOUIS - 0MR007,90,0.1000000000,1.0000000000,10.0000000000,0,ST LOUIS,ST LOUIS
ST. LOUIS - 0MR008,89,1.0000000000,3.0000000000,3.0000000000,0,ST LOUIS,ST LOUIS
ST. LOUIS - 0MR009,89,1.0000000000,7.0000000000,7.0000000000,0,ST LOUIS,ST LOUIS
ST. LOUIS - 0MR010,101,1.0000000000,7.0000000000,7.0000000000,0,ST LOUIS,ST LOUIS
ST. LOUIS - 0MR011,89,0.9642857143,27.0000000000,28.0000000000,0,ST LOUIS,ST LOUIS
ST. LOUIS - 0MR011,90,0.0357142857,1.0000000000,28.0000000000,0,ST LOUIS,ST LOUIS
ST. LOUIS - 0MR012,89,1.0000000000,7.0000000000,7.0000000000,0,ST LOUIS,ST LOUIS
ST. LOUIS - 0MR013,101,1.0000000000,4.0000000000,4.0000000000,0,ST LOUIS,ST LOUIS
ST. LOUIS - 0MR014,98,1.0000000000,9.0000000000,9.0000000000,0,ST LOUIS,ST LOUIS
ST. LOUIS - 0MR015,89,1.0000000000,3.0000000000,3.0000000000,0,ST LOUIS,ST LOUIS
ST. LOUIS - 0MR016,101,1.0000000000,17.0000000000,17.0000000000,0,ST LOUIS,ST LOUIS
ST. LOUIS - 0MR017,101,1.0000000000,1.0000000000,1.0000000000,0,ST LOUIS,ST LOUIS
ST. LOUIS - 0MR018,101,1.0000000000,19.0000000000,19.0000000000,0,ST LOUIS,ST LOUIS
ST. LOUIS - 0MR019,89,1.0000000000,18.0000000000,18.0000000000,0,ST LOUIS,ST LOUIS
ST. LOUIS - 0MR020,101,1.0000000000,1.0000000000,1.0000000000,0,ST LOUIS,ST LOUIS
ST. LOUIS - 0MR021,98,1.0000000000,1.0000000000,1.0000000000,0,ST LOUIS,ST LOUIS
ST. LOUIS - 0MR022,89,1.0000000000,11.0000000000,11.0000000000,0,ST LOUIS,ST LOUIS
ST. LOUIS - 0MR023,101,1.0000000000,3.0000000000,3.0000000000,0,ST LOUIS,ST LOUIS
ST. LOUIS - 0MR024,89,1.0000000000,1.0000000000,1.0000000000,0,ST LOUIS,ST LOUIS
ST. LOUIS - 0MR025,89,1.0000000000,15.0000000000,15.0000000000,0,ST LOUIS,ST LOUIS
ST. LOUIS - 0MR026,89,1.0000000000,20.0000000000,20.0000000000,0,ST LOUIS,ST LOUIS
ST. LOUIS - 0MR027,89,0.3913043478,9.0000000000,23.0000000000,0,ST LOUIS,ST LOUIS
ST. LOUIS - 0MR027,90,0.6086956522,14.0000000000,23.0000000000,0,ST LOUIS,ST LOUIS
ST. LOUIS - 0MR028,89,1.0000000000,19.0000000000,19.0000000000,0,ST LOUIS,ST LOUIS
ST. LOUIS - 0MR029,89,1.0000000000,7.0000000000,7.0000000000,0,ST LOUIS,ST LOUIS
ST. LOUIS - 0MR030,98,1.0000000000,15.0000000000,15.0000000000,0,ST LOUIS,ST LOUIS
ST. LOUIS - 0MR031,89,1.0000000000,2.0000000000,2.0000000000,0,ST LOUIS,ST LOUIS
ST. LOUIS - 0MR032,101,1.0000000000,4.0000000000,4.0000000000,0,ST LOUIS,ST LOUIS
ST. LOUIS - 0MR033,89,1.0000000000,15.0000000000,15.0000000000,0,ST LOUIS,ST LOUIS
ST. LOUIS - 0MR034,89,1.0000000000,7.0000000000,7.0000000000,0,ST LOUIS,ST LOUIS
ST. LOUIS - 0MR035,98,1.0000000000,15.0000000000,15.0000000000,0,ST LOUIS,ST LOUIS
ST. LOUIS - 0MR036,89,1.0000000000,5.0000000000,5.0000000000,0,ST LOUIS,ST LOUIS
ST. LOUIS - 0MR037,89,1.0000000000,7.0000000000,7.0000000000,0,ST LOUIS,ST LOUIS
ST. LOUIS - 0MR038,101,1.0000000000,6.0000000000,6.0000000000,0,ST LOUIS,ST LOUIS
ST. LOUIS - 0MR039,89,1.0000000000,9.0000000000,9.0000000000,0,ST LOUIS,ST LOUIS
ST. LOUIS - 0MR040,89,1.0000000000,7.0000000000,7.0000000000,0,ST LOUIS,ST LOUIS
ST. LOUIS - 0MR041,89,1.0000000000,7.0000000000,7.0000000000,0,ST LOUIS,ST LOUIS
ST. LOUIS - 0MR042,89,1.0000000000,4.0000000000,4.0000000000,0,ST LOUIS,ST LOUIS
ST. LOUIS - 0MR043,89,1.0000000000,5.0000000000,5.0000000000,0,ST LOUIS,ST LOUIS
ST. LOUIS - 0MR044,89,1.0000000000,7.0000000000,7.0000000000,0,ST LOUIS,ST LOUIS
ST. LOUIS - 0MR045,89,1.0000000000,14.0000000000,14.0000000000,0,ST LOUIS,ST LOUIS
ST. LOUIS - 0MR046,89,1.0000000000,11.0000000000,11.0000000000,0,ST LOUIS,ST LOUIS
ST. LOUIS - 0MR047,89,1.0000000000,1.0000000000,1.0000000000,0,ST LOUIS,ST LOUIS
ST. LOUIS - 0MR048,89,1.0000000000,9.0000000000,9.0000000000,0,ST LOUIS,ST LOUIS
ST. LOUIS - 0MR049,89,1.0000000000,3.0000000000,3.0000000000,0,ST LOUIS,ST LOUIS
ST. LOUIS - 0MR050,101,1.0000000000,4.0000000000,4.0000000000,0,ST LOUIS,ST LOUIS
ST. LOUIS - 0MR051,89,1.0000000000,12.0000000000,12.0000000000,0,ST LOUIS,ST LOUIS
ST. LOUIS - 0MR052,101,1.0000000000,6.0000000000,6.0000000000,0,ST LOUIS,ST LOUIS
ST. LOUIS - 0MR053,89,1.0000000000,5.0000000000,5.0000000000,0,ST LOUIS,ST LOUIS
ST. LOUIS - 0MR054,89,1.0000000000,2.0000000000,2.0000000000,0,ST LOUIS,ST LOUIS
ST. LOUIS - 0MR055,101,1.0000000000,6.0000000000,6.0000000000,0,ST LOUIS,ST LOUIS
ST. LOUIS - 0MR056,89,1.0000000000,8.0000000000,8.0000000000,0,ST LOUIS,ST LOUIS
ST. LOUIS - 0MR057,98,1.0000000000,2.0000000000,2.0000000000,0,ST LOUIS,ST LOUIS
ST. LOUIS - 0MR058,98,1.0000000000,9.0000000000,9.0000000000,0,ST LOUIS,ST LOUIS
ST. LOUIS - 0MR059,89,1.0000000000,2.0000000000,2.0000000000,0,ST LOUIS,ST LOUIS
ST. LOUIS - 0MR200,89,1.0000000000,9.0000000000,9.0000000000,0,ST LOUIS,ST LOUIS
ST. LOUIS - 0MR202,89,1.0000000000,1.0000000000,1.0000000000,0,ST LOUIS,ST LOUIS
ST. LOUIS - 0MR203,100,1.0000000000,4.0000000000,4.0000000000,0,ST LOUIS,ST LOUIS
ST. LOUIS - 0MR204,89,1.0000000000,4.0000000000,4.0000000000,0,ST LOUIS,ST LOUIS
ST. LOUIS - 0MR205,98,1.0000000000,1.0000000000,1.0000000000,0,ST LOUIS,ST LOUIS
ST. LOUIS - 0MR209,100,1.0000000000,1.0000000000,1.0000000000,0,ST LOUIS,ST LOUIS
ST. LOUIS - 0MR210,89,1.0000000000,4.0000000000,4.0000000000,0,ST LOUIS,ST LOUIS
ST. LOUIS - 0MR212,101,1.0000000000,1.0000000000,1.0000000000,0,ST LOUIS,ST LOUIS
ST. LOUIS - 0MR213,101,1.0000000000,1.0000000000,1.0000000000,0,ST LOUIS,ST LOUIS
ST. LOUIS - 0NW001,70,0.0625000000,1.0000000000,16.0000000000,0,ST LOUIS,ST LOUIS
ST. LOUIS - 0NW001,87,0.9375000000,15.0000000000,16.0000000000,0,ST LOUIS,ST LOUIS
ST. LOUIS - 0NW002,75,1.0000000000,31.0000000000,31.0000000000,0,ST LOUIS,ST LOUIS
ST. LOUIS - 0NW003,70,1.0000000000,13.0000000000,13.0000000000,0,ST LOUIS,ST LOUIS
ST. LOUIS - 0NW004,75,1.0000000000,9.0000000000,9.0000000000,0,ST LOUIS,ST LOUIS
ST. LOUIS - 0NW005,70,1.0000000000,13.0000000000,13.0000000000,0,ST LOUIS,ST LOUIS
ST. LOUIS - 0NW006,70,1.0000000000,12.0000000000,12.0000000000,0,ST LOUIS,ST LOUIS
ST. LOUIS - 0NW007,70,1.0000000000,4.0000000000,4.0000000000,0,ST LOUIS,ST LOUIS
ST. LOUIS - 0NW008,68,0.1538461538,2.0000000000,13.0000000000,0,ST LOUIS,ST LOUIS
ST. LOUIS - 0NW008,75,0.8461538462,11.0000000000,13.0000000000,0,ST LOUIS,ST LOUIS
ST. LOUIS - 0NW009,70,0.8333333333,10.0000000000,12.0000000000,0,ST LOUIS,ST LOUIS
ST. LOUIS - 0NW009,75,0.1666666667,2.0000000000,12.0000000000,0,ST LOUIS,ST LOUIS
ST. LOUIS - 0NW010,75,1.0000000000,7.0000000000,7.0000000000,0,ST LOUIS,ST LOUIS
ST. LOUIS - 0NW011,70,1.0000000000,4.0000000000,4.0000000000,0,ST LOUIS,ST LOUIS
ST. LOUIS - 0NW012,70,1.0000000000,16.0000000000,16.0000000000,0,ST LOUIS,ST LOUIS
ST. LOUIS - 0NW013,87,1.0000000000,40.0000000000,40.0000000000,0,ST LOUIS,ST LOUIS
ST. LOUIS - 0NW014,70,1.0000000000,1.0000000000,1.0000000000,0,ST LOUIS,ST LOUIS
ST. LOUIS - 0NW015,68,0.5000000000,3.0000000000,6.0000000000,0,ST LOUIS,ST LOUIS
ST. LOUIS - 0NW015,75,0.5000000000,3.0000000000,6.0000000000,0,ST LOUIS,ST LOUIS
ST. LOUIS - 0NW016,70,1.0000000000,10.0000000000,10.0000000000,0,ST LOUIS,ST LOUIS
ST. LOUIS - 0NW017,70,1.0000000000,3.0000000000,3.0000000000,0,ST LOUIS,ST LOUIS
ST. LOUIS - 0NW018,70,1.0000000000,18.0000000000,18.0000000000,0,ST LOUIS,ST LOUIS
ST. LOUIS - 0NW019,87,1.0000000000,4.0000000000,4.0000000000,0,ST LOUIS,ST LOUIS
ST. LOUIS - 0NW020,87,1.0000000000,14.0000000000,14.0000000000,0,ST LOUIS,ST LOUIS
ST. LOUIS - 0NW021,70,0.3333333333,2.0000000000,6.0000000000,0,ST LOUIS,ST LOUIS
ST. LOUIS - 0NW021,87,0.6666666667,4.0000000000,6.0000000000,0,ST LOUIS,ST LOUIS
ST. LOUIS - 0NW022,70,1.0000000000,12.0000000000,12.0000000000,0,ST LOUIS,ST LOUIS
ST. LOUIS - 0NW023,70,1.0000000000,6.0000000000,6.0000000000,0,ST LOUIS,ST LOUIS
ST. LOUIS - 0NW024,70,1.0000000000,3.0000000000,3.0000000000,0,ST LOUIS,ST LOUIS
ST. LOUIS - 0NW025,70,1.0000000000,10.0000000000,10.0000000000,0,ST LOUIS,ST LOUIS
ST. LOUIS - 0NW026,70,1.0000000000,2.0000000000,2.0000000000,0,ST LOUIS,ST LOUIS
ST. LOUIS - 0NW027,70,1.0000000000,2.0000000000,2.0000000000,0,ST LOUIS,ST LOUIS
ST. LOUIS - 0NW028,70,1.0000000000,5.0000000000,5.0000000000,0,ST LOUIS,ST LOUIS
ST. LOUIS - 0NW029,87,1.0000000000,11.0000000000,11.0000000000,0,ST LOUIS,ST LOUIS
ST. LOUIS - 0NW030,70,1.0000000000,3.0000000000,3.0000000000,0,ST LOUIS,ST LOUIS
ST. LOUIS - 0NW031,70,1.0000000000,4.0000000000,4.0000000000,0,ST LOUIS,ST LOUIS
ST. LOUIS - 0NW032,70,1.0000000000,20.0000000000,20.0000000000,0,ST LOUIS,ST LOUIS
ST. LOUIS - 0NW033,87,1.0000000000,11.0000000000,11.0000000000,0,ST LOUIS,ST LOUIS
ST. LOUIS - 0NW034,70,1.0000000000,15.0000000000,15.0000000000,0,ST LOUIS,ST LOUIS
ST. LOUIS - 0NW035,87,1.0000000000,24.0000000000,24.0000000000,0,ST LOUIS,ST LOUIS
ST. LOUIS - 0NW036,70,1.0000000000,14.0000000000,14.0000000000,0,ST LOUIS,ST LOUIS
ST. LOUIS - 0NW037,70,1.0000000000,4.0000000000,4.0000000000,0,ST LOUIS,ST LOUIS
ST. LOUIS - 0NW038,87,1.0000000000,16.0000000000,16.0000000000,0,ST LOUIS,ST LOUIS
ST. LOUIS - 0NW039,70,1.0000000000,1.0000000000,1.0000000000,0,ST LOUIS,ST LOUIS
ST. LOUIS - 0NW040,70,1.0000000000,5.0000000000,5.0000000000,0,ST LOUIS,ST LOUIS
ST. LOUIS - 0NW041,70,1.0000000000,15.0000000000,15.0000000000,0,ST LOUIS,ST LOUIS
ST. LOUIS - 0NW042,70,1.0000000000,22.0000000000,22.0000000000,0,ST LOUIS,ST LOUIS
ST. LOUIS - 0NW043,70,1.0000000000,2.0000000000,2.0000000000,0,ST LOUIS,ST LOUIS
ST. LOUIS - 0NW044,70,1.0000000000,56.0000000000,56.0000000000,0,ST LOUIS,ST LOUIS
ST. LOUIS - 0NW045,70,1.0000000000,3.0000000000,3.0000000000,0,ST LOUIS,ST LOUIS
ST. LOUIS - 0NW046,70,1.0000000000,7.0000000000,7.0000000000,0,ST LOUIS,ST LOUIS
ST. LOUIS - 0NW047,87,1.0000000000,7.0000000000,7.0000000000,0,ST LOUIS,ST LOUIS
ST. LOUIS - 0NW048,70,1.0000000000,21.0000000000,21.0000000000,0,ST LOUIS,ST LOUIS
ST. LOUIS - 0NW049,87,1.0000000000,28.0000000000,28.0000000000,0,ST LOUIS,ST LOUIS
ST. LOUIS - 0NW050,70,1.0000000000,13.0000000000,13.0000000000,0,ST LOUIS,ST LOUIS
ST. LOUIS - 0NW051,70,1.0000000000,7.0000000000,7.0000000000,0,ST LOUIS,ST LOUIS
ST. LOUIS - 0NW052,87,1.0000000000,2.0000000000,2.0000000000,0,ST LOUIS,ST LOUIS
ST. LOUIS - 0NW200,70,1.0000000000,2.0000000000,2.0000000000,0,ST LOUIS,ST LOUIS
ST. LOUIS - 0NW201,87,1.0000000000,6.0000000000,6.0000000000,0,ST LOUIS,ST LOUIS
ST. LOUIS - 0NW202,70,1.0000000000,9.0000000000,9.0000000000,0,ST LOUIS,ST LOUIS
ST. LOUIS - 0NW203,70,0.7142857143,5.0000000000,7.0000000000,0,ST LOUIS,ST LOUIS
ST. LOUIS - 0NW203,87,0.2857142857,2.0000000000,7.0000000000,0,ST LOUIS,ST LOUIS
ST. LOUIS - 0NW204,70,1.0000000000,2.0000000000,2.0000000000,0,ST LOUIS,ST LOUIS
ST. LOUIS - 0NW205,70,1.0000000000,5.0000000000,5.0000000000,0,ST LOUIS,ST LOUIS
ST. LOUIS - 0NW206,70,1.0000000000,6.0000000000,6.0000000000,0,ST LOUIS,ST LOUIS
ST. LOUIS - 0NW207,70,1.0000000000,4.0000000000,4.0000000000,0,ST LOUIS,ST LOUIS
ST. LOUIS - 0NW208,70,1.0000000000,1.0000000000,1.0000000000,0,ST LOUIS,ST LOUIS
ST. LOUIS - 0NW209,70,1.0000000000,2.0000000000,2.0000000000,0,ST LOUIS,ST LOUIS
ST. LOUIS - 0NW210,70,1.0000000000,1.0000000000,1.0000000000,0,ST LOUIS,ST LOUIS
ST. LOUIS - 0NW211,87,1.0000000000,10.0000000000,10.0000000000,0,ST LOUIS,ST LOUIS
ST. LOUIS - 0NW212,70,1.0000000000,4.0000000000,4.0000000000,0,ST LOUIS,ST LOUIS
ST. LOUIS - 0NW213,70,1.0000000000,40.0000000000,40.0000000000,0,ST LOUIS,ST LOUIS
ST. LOUIS - 0NW214,70,1.0000000000,1.0000000000,1.0000000000,0,ST LOUIS,ST LOUIS
ST. LOUIS - 0NW215,70,1.0000000000,8.0000000000,8.0000000000,0,ST LOUIS,ST LOUIS
ST. LOUIS - 0NW216,70,1.0000000000,1.0000000000,1.0000000000,0,ST LOUIS,ST LOUIS
ST. LOUIS - 0NW217,70,1.0000000000,1.0000000000,1.0000000000,0,ST LOUIS,ST LOUIS
ST. LOUIS - 0NW219,70,1.0000000000,2.0000000000,2.0000000000,0,ST LOUIS,ST LOUIS
ST. LOUIS - 0NW220,70,0.5000000000,1.0000000000,2.0000000000,0,ST LOUIS,ST LOUIS
ST. LOUIS - 0NW220,87,0.5000000000,1.0000000000,2.0000000000,0,ST LOUIS,ST LOUIS
ST. LOUIS - 0NW224,75,1.0000000000,1.0000000000,1.0000000000,0,ST LOUIS,ST LOUIS
ST. LOUIS - 0NW225,75,1.0000000000,2.0000000000,2.0000000000,0,ST LOUIS,ST LOUIS
ST. LOUIS - 0NW226,75,1.0000000000,3.0000000000,3.0000000000,0,ST LOUIS,ST LOUIS
ST. LOUIS - 0NW227,75,1.0000000000,1.0000000000,1.0000000000,0,ST LOUIS,ST LOUIS
ST. LOUIS - 0NW229,70,1.0000000000,4.0000000000,4.0000000000,0,ST LOUIS,ST LOUIS
ST. LOUIS - 0SF001,66,1.0000000000,21.0000000000,21.0000000000,0,ST LOUIS,ST LOUIS
ST. LOUIS - 0SF002,66,0.8000000000,12.0000000000,15.0000000000,0,ST LOUIS,ST LOUIS
ST. LOUIS - 0SF002,85,0.2000000000,3.0000000000,15.0000000000,0,ST LOUIS,ST LOUIS
ST. LOUIS - 0SF003,85,1.0000000000,20.0000000000,20.0000000000,0,ST LOUIS,ST LOUIS
ST. LOUIS - 0SF004,66,0.6222222222,28.0000000000,45.0000000000,0,ST LOUIS,ST LOUIS
ST. LOUIS - 0SF004,85,0.3777777778,17.0000000000,45.0000000000,0,ST LOUIS,ST LOUIS
ST. LOUIS - 0SF005,66,1.0000000000,1.0000000000,1.0000000000,0,ST LOUIS,ST LOUIS
ST. LOUIS - 0SF006,66,1.0000000000,18.0000000000,18.0000000000,0,ST LOUIS,ST LOUIS
ST. LOUIS - 0SF007,66,1.0000000000,34.0000000000,34.0000000000,0,ST LOUIS,ST LOUIS
ST. LOUIS - 0SF008,66,1.0000000000,2.0000000000,2.0000000000,0,ST LOUIS,ST LOUIS
ST. LOUIS - 0SF009,66,1.0000000000,4.0000000000,4.0000000000,0,ST LOUIS,ST LOUIS
ST. LOUIS - 0SF010,66,1.0000000000,34.0000000000,34.0000000000,0,ST LOUIS,ST LOUIS
ST. LOUIS - 0SF011,66,1.0000000000,2.0000000000,2.0000000000,0,ST LOUIS,ST LOUIS
ST. LOUIS - 0SF012,66,1.0000000000,1.0000000000,1.0000000000,0,ST LOUIS,ST LOUIS
ST. LOUIS - 0SF013,66,1.0000000000,23.0000000000,23.0000000000,0,ST LOUIS,ST LOUIS
ST. LOUIS - 0SF014,66,1.0000000000,28.0000000000,28.0000000000,0,ST LOUIS,ST LOUIS
ST. LOUIS - 0SF015,66,1.0000000000,20.0000000000,20.0000000000,0,ST LOUIS,ST LOUIS
ST. LOUIS - 0SF016,66,1.0000000000,25.0000000000,25.0000000000,0,ST LOUIS,ST LOUIS
ST. LOUIS - 0SF017,66,1.0000000000,1.0000000000,1.0000000000,0,ST LOUIS,ST LOUIS
ST. LOUIS - 0SF018,66,1.0000000000,25.0000000000,25.0000000000,0,ST LOUIS,ST LOUIS
ST. LOUIS - 0SF019,66,1.0000000000,12.0000000000,12.0000000000,0,ST LOUIS,ST LOUIS
ST. LOUIS - 0SF020,66,1.0000000000,21.0000000000,21.0000000000,0,ST LOUIS,ST LOUIS
ST. LOUIS - 0SF021,66,1.0000000000,3.0000000000,3.0000000000,0,ST LOUIS,ST LOUIS
ST. LOUIS - 0SF022,85,1.0000000000,6.0000000000,6.0000000000,0,ST LOUIS,ST LOUIS
ST. LOUIS - 0SF023,66,1.0000000000,8.0000000000,8.0000000000,0,ST LOUIS,ST LOUIS
ST. LOUIS - 0SF024,85,1.0000000000,5.0000000000,5.0000000000,0,ST LOUIS,ST LOUIS
ST. LOUIS - 0SF025,66,1.0000000000,38.0000000000,38.0000000000,0,ST LOUIS,ST LOUIS
ST. LOUIS - 0SF026,66,1.0000000000,10.0000000000,10.0000000000,0,ST LOUIS,ST LOUIS
ST. LOUIS - 0SF027,66,1.0000000000,24.0000000000,24.0000000000,0,ST LOUIS,ST LOUIS
ST. LOUIS - 0SF028,66,1.0000000000,5.0000000000,5.0000000000,0,ST LOUIS,ST LOUIS
ST. LOUIS - 0SF029,66,1.0000000000,18.0000000000,18.0000000000,0,ST LOUIS,ST LOUIS
ST. LOUIS - 0SF030,66,1.0000000000,7.0000000000,7.0000000000,0,ST LOUIS,ST LOUIS
ST. LOUIS - 0SF031,66,1.0000000000,12.0000000000,12.0000000000,0,ST LOUIS,ST LOUIS
ST. LOUIS - 0SF032,66,1.0000000000,32.0000000000,32.0000000000,0,ST LOUIS,ST LOUIS
ST. LOUIS - 0SF033,66,1.0000000000,16.0000000000,16.0000000000,0,ST LOUIS,ST LOUIS
ST. LOUIS - 0SF034,66,1.0000000000,17.0000000000,17.0000000000,0,ST LOUIS,ST LOUIS
ST. LOUIS - 0SF035,66,1.0000000000,13.0000000000,13.0000000000,0,ST LOUIS,ST LOUIS
ST. LOUIS - 0SF200,66,1.0000000000,3.0000000000,3.0000000000,0,ST LOUIS,ST LOUIS
ST. LOUIS - 0WH001,88,1.0000000000,12.0000000000,12.0000000000,0,ST LOUIS,ST LOUIS
ST. LOUIS - 0WH002,110,1.0000000000,5.0000000000,5.0000000000,0,ST LOUIS,ST LOUIS
ST. LOUIS - 0WH003,110,1.0000000000,13.0000000000,13.0000000000,0,ST LOUIS,ST LOUIS
ST. LOUIS - 0WH004,110,1.0000000000,1.0000000000,1.0000000000,0,ST LOUIS,ST LOUIS
ST. LOUIS - 0WH005,110,1.0000000000,2.0000000000,2.0000000000,0,ST LOUIS,ST LOUIS
ST. LOUIS - 0WH006,100,1.0000000000,7.0000000000,7.0000000000,0,ST LOUIS,ST LOUIS
ST. LOUIS - 0WH007,110,1.0000000000,7.0000000000,7.0000000000,0,ST LOUIS,ST LOUIS
ST. LOUIS - 0WH008,110,1.0000000000,15.0000000000,15.0000000000,0,ST LOUIS,ST LOUIS
ST. LOUIS - 0WH009,110,1.0000000000,21.0000000000,21.0000000000,0,ST LOUIS,ST LOUIS
ST. LOUIS - 0WH010,110,1.0000000000,1.0000000000,1.0000000000,0,ST LOUIS,ST LOUIS
ST. LOUIS - 0WH011,100,1.0000000000,12.0000000000,12.0000000000,0,ST LOUIS,ST LOUIS
ST. LOUIS - 0WH012,110,1.0000000000,13.0000000000,13.0000000000,0,ST LOUIS,ST LOUIS
ST. LOUIS - 0WH013,88,0.0833333333,1.0000000000,12.0000000000,0,ST LOUIS,ST LOUIS
ST. LOUIS - 0WH013,110,0.9166666667,11.0000000000,12.0000000000,0,ST LOUIS,ST LOUIS
ST. LOUIS - 0WH014,88,1.0000000000,1.0000000000,1.0000000000,0,ST LOUIS,ST LOUIS
ST. LOUIS - 0WH015,100,1.0000000000,8.0000000000,8.0000000000,0,ST LOUIS,ST LOUIS
ST. LOUIS - 0WH016,88,1.0000000000,8.0000000000,8.0000000000,0,ST LOUIS,ST LOUIS
ST. LOUIS - 0WH017,88,0.6666666667,2.0000000000,3.0000000000,0,ST LOUIS,ST LOUIS
ST. LOUIS - 0WH017,110,0.3333333333,1.0000000000,3.0000000000,0,ST LOUIS,ST LOUIS
ST. LOUIS - 0WH018,88,0.2000000000,1.0000000000,5.0000000000,0,ST LOUIS,ST LOUIS
ST. LOUIS - 0WH018,110,0.8000000000,4.0000000000,5.0000000000,0,ST LOUIS,ST LOUIS
ST. LOUIS - 0WH019,88,0.1000000000,1.0000000000,10.0000000000,0,ST LOUIS,ST LOUIS
ST. LOUIS - 0WH019,110,0.9000000000,9.0000000000,10.0000000000,0,ST LOUIS,ST LOUIS
ST. LOUIS - 0WH020,110,1.0000000000,9.0000000000,9.0000000000,0,ST LOUIS,ST LOUIS
ST. LOUIS - 0WH021,110,1.0000000000,13.0000000000,13.0000000000,0,ST LOUIS,ST LOUIS
ST. LOUIS - 0WH022,110,1.0000000000,7.0000000000,7.0000000000,0,ST LOUIS,ST LOUIS
ST. LOUIS - 0WH023,110,1.0000000000,6.0000000000,6.0000000000,0,ST LOUIS,ST LOUIS
ST. LOUIS - 0WH024,100,1.0000000000,2.0000000000,2.0000000000,0,ST LOUIS,ST LOUIS
ST. LOUIS - 0WH025,88,0.9375000000,15.0000000000,16.0000000000,0,ST LOUIS,ST LOUIS
ST. LOUIS - 0WH025,110,0.0625000000,1.0000000000,16.0000000000,0,ST LOUIS,ST LOUIS
ST. LOUIS - 0WH026,88,1.0000000000,2.0000000000,2.0000000000,0,ST LOUIS,ST LOUIS
ST. LOUIS - 0WH027,88,0.8695652174,20.0000000000,23.0000000000,0,ST LOUIS,ST LOUIS
ST. LOUIS - 0WH027,110,0.1304347826,3.0000000000,23.0000000000,0,ST LOUIS,ST LOUIS
ST. LOUIS - 0WH028,110,1.0000000000,1.0000000000,1.0000000000,0,ST LOUIS,ST LOUIS
ST. LOUIS - 0WH029,100,1.0000000000,6.0000000000,6.0000000000,0,ST LOUIS,ST LOUIS
ST. LOUIS - 0WH030,88,1.0000000000,2.0000000000,2.0000000000,0,ST LOUIS,ST LOUIS
ST. LOUIS - 0WH031,88,0.8750000000,21.0000000000,24.0000000000,0,ST LOUIS,ST LOUIS
ST. LOUIS - 0WH031,100,0.1250000000,3.0000000000,24.0000000000,0,ST LOUIS,ST LOUIS
ST. LOUIS - 0WH032,100,1.0000000000,1.0000000000,1.0000000000,0,ST LOUIS,ST LOUIS
ST. LOUIS - 0WH033,100,1.0000000000,8.0000000000,8.0000000000,0,ST LOUIS,ST LOUIS
ST. LOUIS - 0WH034,100,1.0000000000,16.0000000000,16.0000000000,0,ST LOUIS,ST LOUIS
ST. LOUIS - 0WH035,88,1.0000000000,6.0000000000,6.0000000000,0,ST LOUIS,ST LOUIS
ST. LOUIS - 0WH036,88,1.0000000000,1.0000000000,1.0000000000,0,ST LOUIS,ST LOUIS
ST. LOUIS - 0WH037,88,1.0000000000,4.0000000000,4.0000000000,0,ST LOUIS,ST LOUIS
ST. LOUIS - 0WH038,100,1.0000000000,3.0000000000,3.0000000000,0,ST LOUIS,ST LOUIS
ST. LOUIS - 0WH039,88,1.0000000000,5.0000000000,5.0000000000,0,ST LOUIS,ST LOUIS
ST. LOUIS - 0WH040,88,1.0000000000,15.0000000000,15.0000000000,0,ST LOUIS,ST LOUIS
ST. LOUIS - 0WH041,100,1.0000000000,7.0000000000,7.0000000000,0,ST LOUIS,ST LOUIS
ST. LOUIS - 0WH042,100,1.0000000000,1.0000000000,1.0000000000,0,ST LOUIS,ST LOUIS
ST. LOUIS - 0WH043,100,1.0000000000,5.0000000000,5.0000000000,0,ST LOUIS,ST LOUIS
ST. LOUIS - 0WH044,100,1.0000000000,7.0000000000,7.0000000000,0,ST LOUIS,ST LOUIS
ST. LOUIS - 0WH045,100,1.0000000000,8.0000000000,8.0000000000,0,ST LOUIS,ST LOUIS
ST. LOUIS - 0WH046,100,1.0000000000,8.0000000000,8.0000000000,0,ST LOUIS,ST LOUIS
ST. LOUIS - 0WH047,100,1.0000000000,1.0000000000,1.0000000000,0,ST LOUIS,ST LOUIS
ST. LOUIS - 0WH200,88,1.0000000000,1.0000000000,1.0000000000,0,ST LOUIS,ST LOUIS
ST. LOUIS - 0WH201,110,1.0000000000,6.0000000000,6.0000000000,0,ST LOUIS,ST LOUIS
ST. LOUIS - 0WH202,88,0.3333333333,1.0000000000,3.0000000000,0,ST LOUIS,ST LOUIS
ST. LOUIS - 0WH202,100,0.6666666667,2.0000000000,3.0000000000,0,ST LOUIS,ST LOUIS
ST. LOUIS - 0WH203,88,1.0000000000,2.0000000000,2.0000000000,0,ST LOUIS,ST LOUIS
ST. LOUIS - 0WH208,88,0.7500000000,3.0000000000,4.0000000000,0,ST LOUIS,ST LOUIS
ST. LOUIS - 0WH208,110,0.2500000000,1.0000000000,4.0000000000,0,ST LOUIS,ST LOUIS
ST. LOUIS - BON001,90,1.0000000000,25.0000000000,25.0000000000,0,ST LOUIS,ST LOUIS
ST. LOUIS - BON002,90,1.0000000000,18.0000000000,18.0000000000,0,ST LOUIS,ST LOUIS
ST. LOUIS - BON003,96,1.0000000000,20.0000000000,20.0000000000,0,ST LOUIS,ST LOUIS
ST. LOUIS - BON004,90,1.0000000000,9.0000000000,9.0000000000,0,ST LOUIS,ST LOUIS
ST. LOUIS - BON005,90,1.0000000000,31.0000000000,31.0000000000,0,ST LOUIS,ST LOUIS
ST. LOUIS - BON006,90,1.0000000000,35.0000000000,35.0000000000,0,ST LOUIS,ST LOUIS
ST. LOUIS - BON007,90,1.0000000000,3.0000000000,3.0000000000,0,ST LOUIS,ST LOUIS
ST. LOUIS - BON008,90,1.0000000000,13.0000000000,13.0000000000,0,ST LOUIS,ST LOUIS
ST. LOUIS - BON009,90,1.0000000000,27.0000000000,27.0000000000,0,ST LOUIS,ST LOUIS
ST. LOUIS - BON010,88,1.0000000000,25.0000000000,25.0000000000,0,ST LOUIS,ST LOUIS
ST. LOUIS - BON011,90,1.0000000000,10.0000000000,10.0000000000,0,ST LOUIS,ST LOUIS
ST. LOUIS - BON012,90,1.0000000000,24.0000000000,24.0000000000,0,ST LOUIS,ST LOUIS
ST. LOUIS - BON013,90,1.0000000000,7.0000000000,7.0000000000,0,ST LOUIS,ST LOUIS
ST. LOUIS - BON014,90,1.0000000000,1.0000000000,1.0000000000,0,ST LOUIS,ST LOUIS
ST. LOUIS - BON015,88,0.0666666667,2.0000000000,30.0000000000,0,ST LOUIS,ST LOUIS
ST. LOUIS - BON015,96,0.9333333333,28.0000000000,30.0000000000,0,ST LOUIS,ST LOUIS
ST. LOUIS - BON016,96,1.0000000000,16.0000000000,16.0000000000,0,ST LOUIS,ST LOUIS
ST. LOUIS - BON017,90,1.0000000000,14.0000000000,14.0000000000,0,ST LOUIS,ST LOUIS
ST. LOUIS - BON018,90,1.0000000000,12.0000000000,12.0000000000,0,ST LOUIS,ST LOUIS
ST. LOUIS - BON019,90,1.0000000000,18.0000000000,18.0000000000,0,ST LOUIS,ST LOUIS
ST. LOUIS - BON020,96,1.0000000000,6.0000000000,6.0000000000,0,ST LOUIS,ST LOUIS
ST. LOUIS - BON021,96,1.0000000000,21.0000000000,21.0000000000,0,ST LOUIS,ST LOUIS
ST. LOUIS - BON022,90,1.0000000000,2.0000000000,2.0000000000,0,ST LOUIS,ST LOUIS
ST. LOUIS - BON023,90,1.0000000000,6.0000000000,6.0000000000,0,ST LOUIS,ST LOUIS
ST. LOUIS - BON024,90,1.0000000000,18.0000000000,18.0000000000,0,ST LOUIS,ST LOUIS
ST. LOUIS - BON025,88,1.0000000000,7.0000000000,7.0000000000,0,ST LOUIS,ST LOUIS
ST. LOUIS - BON026,90,1.0000000000,6.0000000000,6.0000000000,0,ST LOUIS,ST LOUIS
ST. LOUIS - BON027,90,1.0000000000,19.0000000000,19.0000000000,0,ST LOUIS,ST LOUIS
ST. LOUIS - BON028,96,1.0000000000,26.0000000000,26.0000000000,0,ST LOUIS,ST LOUIS
ST. LOUIS - BON029,90,1.0000000000,11.0000000000,11.0000000000,0,ST LOUIS,ST LOUIS
ST. LOUIS - BON030,96,1.0000000000,6.0000000000,6.0000000000,0,ST LOUIS,ST LOUIS
ST. LOUIS - BON031,90,1.0000000000,9.0000000000,9.0000000000,0,ST LOUIS,ST LOUIS
ST. LOUIS - BON032,90,1.0000000000,22.0000000000,22.0000000000,0,ST LOUIS,ST LOUIS
ST. LOUIS - BON033,89,0.1500000000,3.0000000000,20.0000000000,0,ST LOUIS,ST LOUIS
ST. LOUIS - BON033,90,0.8500000000,17.0000000000,20.0000000000,0,ST LOUIS,ST LOUIS
ST. LOUIS - BON034,90,1.0000000000,15.0000000000,15.0000000000,0,ST LOUIS,ST LOUIS
ST. LOUIS - BON035,96,1.0000000000,7.0000000000,7.0000000000,0,ST LOUIS,ST LOUIS
ST. LOUIS - BON036,90,1.0000000000,13.0000000000,13.0000000000,0,ST LOUIS,ST LOUIS
ST. LOUIS - BON037,96,1.0000000000,48.0000000000,48.0000000000,0,ST LOUIS,ST LOUIS
ST. LOUIS - BON038,96,1.0000000000,17.0000000000,17.0000000000,0,ST LOUIS,ST LOUIS
ST. LOUIS - BON039,96,1.0000000000,7.0000000000,7.0000000000,0,ST LOUIS,ST LOUIS
ST. LOUIS - BON040,96,1.0000000000,1.0000000000,1.0000000000,0,ST LOUIS,ST LOUIS
ST. LOUIS - BON200,96,1.0000000000,3.0000000000,3.0000000000,0,ST LOUIS,ST LOUIS
ST. LOUIS - BON202,96,1.0000000000,3.0000000000,3.0000000000,0,ST LOUIS,ST LOUIS
ST. LOUIS - BON203,90,1.0000000000,1.0000000000,1.0000000000,0,ST LOUIS,ST LOUIS
ST. LOUIS - BON205,90,1.0000000000,1.0000000000,1.0000000000,0,ST LOUIS,ST LOUIS
ST. LOUIS - BON206,95,0.1111111111,1.0000000000,9.0000000000,0,ST LOUIS,ST LOUIS
ST. LOUIS - BON206,96,0.8888888889,8.0000000000,9.0000000000,0,ST LOUIS,ST LOUIS
ST. LOUIS - BON207,96,1.0000000000,2.0000000000,2.0000000000,0,ST LOUIS,ST LOUIS
ST. LOUIS - BON208,96,1.0000000000,1.0000000000,1.0000000000,0,ST LOUIS,ST LOUIS
ST. LOUIS - BON210,90,1.0000000000,3.0000000000,3.0000000000,0,ST LOUIS,ST LOUIS
ST. LOUIS - BON211,90,1.0000000000,3.0000000000,3.0000000000,0,ST LOUIS,ST LOUIS
ST. LOUIS - CC1601,89,1.0000000000,1.0000000000,1.0000000000,0,ST LOUIS,ST LOUIS
ST. LOUIS - CC1602,89,1.0000000000,1.0000000000,1.0000000000,0,ST LOUIS,ST LOUIS
ST. LOUIS - CC1603,89,1.0000000000,2.0000000000,2.0000000000,0,ST LOUIS,ST LOUIS
ST. LOUIS - CH1605,101,1.0000000000,11.0000000000,11.0000000000,0,ST LOUIS,ST LOUIS
ST. LOUIS - CHE001,101,0.5294117647,9.0000000000,17.0000000000,0,ST LOUIS,ST LOUIS
ST. LOUIS - CHE001,110,0.4705882353,8.0000000000,17.0000000000,0,ST LOUIS,ST LOUIS
ST. LOUIS - CHE002,101,1.0000000000,48.0000000000,48.0000000000,0,ST LOUIS,ST LOUIS
ST. LOUIS - CHE003,88,0.1250000000,1.0000000000,8.0000000000,0,ST LOUIS,ST LOUIS
ST. LOUIS - CHE003,100,0.1250000000,1.0000000000,8.0000000000,0,ST LOUIS,ST LOUIS
ST. LOUIS - CHE003,110,0.7500000000,6.0000000000,8.0000000000,0,ST LOUIS,ST LOUIS
ST. LOUIS - CHE004,110,1.0000000000,5.0000000000,5.0000000000,0,ST LOUIS,ST LOUIS
ST. LOUIS - CHE005,110,1.0000000000,17.0000000000,17.0000000000,0,ST LOUIS,ST LOUIS
ST. LOUIS - CHE006,110,1.0000000000,5.0000000000,5.0000000000,0,ST LOUIS,ST LOUIS
ST. LOUIS - CHE007,101,0.1250000000,3.0000000000,24.0000000000,0,ST LOUIS,ST LOUIS
ST. LOUIS - CHE007,110,0.8750000000,21.0000000000,24.0000000000,0,ST LOUIS,ST LOUIS
ST. LOUIS - CHE008,101,1.0000000000,11.0000000000,11.0000000000,0,ST LOUIS,ST LOUIS
ST. LOUIS - CHE009,110,1.0000000000,5.0000000000,5.0000000000,0,ST LOUIS,ST LOUIS
ST. LOUIS - CHE010,101,1.0000000000,9.0000000000,9.0000000000,0,ST LOUIS,ST LOUIS
ST. LOUIS - CHE011,110,1.0000000000,5.0000000000,5.0000000000,0,ST LOUIS,ST LOUIS
ST. LOUIS - CHE012,101,1.0000000000,23.0000000000,23.0000000000,0,ST LOUIS,ST LOUIS
ST. LOUIS - CHE013,88,0.0833333333,1.0000000000,12.0000000000,0,ST LOUIS,ST LOUIS
ST. LOUIS - CHE013,110,0.9166666667,11.0000000000,12.0000000000,0,ST LOUIS,ST LOUIS
ST. LOUIS - CHE014,101,1.0000000000,4.0000000000,4.0000000000,0,ST LOUIS,ST LOUIS
ST. LOUIS - CHE015,101,1.0000000000,17.0000000000,17.0000000000,0,ST LOUIS,ST LOUIS
ST. LOUIS - CHE016,101,1.0000000000,7.0000000000,7.0000000000,0,ST LOUIS,ST LOUIS
ST. LOUIS - CHE017,110,1.0000000000,4.0000000000,4.0000000000,0,ST LOUIS,ST LOUIS
ST. LOUIS - CHE018,101,1.0000000000,19.0000000000,19.0000000000,0,ST LOUIS,ST LOUIS
ST. LOUIS - CHE019,101,1.0000000000,2.0000000000,2.0000000000,0,ST LOUIS,ST LOUIS
ST. LOUIS - CHE020,110,1.0000000000,6.0000000000,6.0000000000,0,ST LOUIS,ST LOUIS
ST. LOUIS - CHE021,110,1.0000000000,3.0000000000,3.0000000000,0,ST LOUIS,ST LOUIS
ST. LOUIS - CHE022,87,0.5000000000,11.0000000000,22.0000000000,0,ST LOUIS,ST LOUIS
ST. LOUIS - CHE022,101,0.5000000000,11.0000000000,22.0000000000,0,ST LOUIS,ST LOUIS
ST. LOUIS - CHE023,88,1.0000000000,4.0000000000,4.0000000000,0,ST LOUIS,ST LOUIS
ST. LOUIS - CHE024,110,1.0000000000,1.0000000000,1.0000000000,0,ST LOUIS,ST LOUIS
ST. LOUIS - CHE025,110,1.0000000000,13.0000000000,13.0000000000,0,ST LOUIS,ST LOUIS
ST. LOUIS - CHE026,110,1.0000000000,10.0000000000,10.0000000000,0,ST LOUIS,ST LOUIS
ST. LOUIS - CHE027,110,1.0000000000,12.0000000000,12.0000000000,0,ST LOUIS,ST LOUIS
ST. LOUIS - CHE028,110,1.0000000000,13.0000000000,13.0000000000,0,ST LOUIS,ST LOUIS
ST. LOUIS - CHE029,110,1.0000000000,2.0000000000,2.0000000000,0,ST LOUIS,ST LOUIS
ST. LOUIS - CHE030,101,1.0000000000,23.0000000000,23.0000000000,0,ST LOUIS,ST LOUIS
ST. LOUIS - CHE031,101,1.0000000000,2.0000000000,2.0000000000,0,ST LOUIS,ST LOUIS
ST. LOUIS - CHE032,101,1.0000000000,3.0000000000,3.0000000000,0,ST LOUIS,ST LOUIS
ST. LOUIS - CHE033,101,1.0000000000,3.0000000000,3.0000000000,0,ST LOUIS,ST LOUIS
ST. LOUIS - CHE034,110,1.0000000000,31.0000000000,31.0000000000,0,ST LOUIS,ST LOUIS
ST. LOUIS - CHE035,110,1.0000000000,1.0000000000,1.0000000000,0,ST LOUIS,ST LOUIS
ST. LOUIS - CHE036,110,1.0000000000,3.0000000000,3.0000000000,0,ST LOUIS,ST LOUIS
ST. LOUIS - CHE037,101,1.0000000000,10.0000000000,10.0000000000,0,ST LOUIS,ST LOUIS
ST. LOUIS - CHE038,110,1.0000000000,2.0000000000,2.0000000000,0,ST LOUIS,ST LOUIS
ST. LOUIS - CHE039,110,1.0000000000,7.0000000000,7.0000000000,0,ST LOUIS,ST LOUIS
ST. LOUIS - CHE040,110,1.0000000000,4.0000000000,4.0000000000,0,ST LOUIS,ST LOUIS
ST. LOUIS - CHE041,101,1.0000000000,9.0000000000,9.0000000000,0,ST LOUIS,ST LOUIS
ST. LOUIS - CHE042,87,0.8888888889,16.0000000000,18.0000000000,0,ST LOUIS,ST LOUIS
ST. LOUIS - CHE042,101,0.1111111111,2.0000000000,18.0000000000,0,ST LOUIS,ST LOUIS
ST. LOUIS - CHE043,110,1.0000000000,22.0000000000,22.0000000000,0,ST LOUIS,ST LOUIS
ST. LOUIS - CHE044,101,1.0000000000,5.0000000000,5.0000000000,0,ST LOUIS,ST LOUIS
ST. LOUIS - CHE045,87,1.0000000000,4.0000000000,4.0000000000,0,ST LOUIS,ST LOUIS
ST. LOUIS - CHE046,110,1.0000000000,1.0000000000,1.0000000000,0,ST LOUIS,ST LOUIS
ST. LOUIS - CHE047,110,1.0000000000,2.0000000000,2.0000000000,0,ST LOUIS,ST LOUIS
ST. LOUIS - CHE048,110,1.0000000000,12.0000000000,12.0000000000,0,ST LOUIS,ST LOUIS
ST. LOUIS - CHE049,110,1.0000000000,2.0000000000,2.0000000000,0,ST LOUIS,ST LOUIS
ST. LOUIS - CHE050,110,1.0000000000,8.0000000000,8.0000000000,0,ST LOUIS,ST LOUIS
ST. LOUIS - CHE051,110,1.0000000000,8.0000000000,8.0000000000,0,ST LOUIS,ST LOUIS
ST. LOUIS - CHE052,101,1.0000000000,1.0000000000,1.0000000000,0,ST LOUIS,ST LOUIS
ST. LOUIS - CHE053,110,1.0000000000,7.0000000000,7.0000000000,0,ST LOUIS,ST LOUIS
ST. LOUIS - CHE054,110,1.0000000000,3.0000000000,3.0000000000,0,ST LOUIS,ST LOUIS
ST. LOUIS - CHE055,101,0.3333333333,1.0000000000,3.0000000000,0,ST LOUIS,ST LOUIS
ST. LOUIS - CHE055,110,0.6666666667,2.0000000000,3.0000000000,0,ST LOUIS,ST LOUIS
ST. LOUIS - CHE200,101,1.0000000000,3.0000000000,3.0000000000,0,ST LOUIS,ST LOUIS
ST. LOUIS - CHE203,100,1.0000000000,1.0000000000,1.0000000000,0,ST LOUIS,ST LOUIS
ST. LOUIS - CHE212,101,1.0000000000,2.0000000000,2.0000000000,0,ST LOUIS,ST LOUIS
ST. LOUIS - CHE214,110,1.0000000000,2.0000000000,2.0000000000,0,ST LOUIS,ST LOUIS
ST. LOUIS - CHE215,110,1.0000000000,1.0000000000,1.0000000000,0,ST LOUIS,ST LOUIS
ST. LOUIS - CHE600,101,1.0000000000,1.0000000000,1.0000000000,0,ST LOUIS,ST LOUIS
ST. LOUIS - CLA001,86,1.0000000000,34.0000000000,34.0000000000,0,ST LOUIS,ST LOUIS
ST. LOUIS - CLA002,99,1.0000000000,7.0000000000,7.0000000000,0,ST LOUIS,ST LOUIS
ST. LOUIS - CLA003,86,0.0256410256,1.0000000000,39.0000000000,0,ST LOUIS,ST LOUIS
ST. LOUIS - CLA003,99,0.9743589744,38.0000000000,39.0000000000,0,ST LOUIS,ST LOUIS
ST. LOUIS - CLA004,99,1.0000000000,22.0000000000,22.0000000000,0,ST LOUIS,ST LOUIS
ST. LOUIS - CLA005,86,1.0000000000,8.0000000000,8.0000000000,0,ST LOUIS,ST LOUIS
ST. LOUIS - CLA006,90,1.0000000000,15.0000000000,15.0000000000,0,ST LOUIS,ST LOUIS
ST. LOUIS - CLA007,99,1.0000000000,7.0000000000,7.0000000000,0,ST LOUIS,ST LOUIS
ST. LOUIS - CLA008,99,1.0000000000,16.0000000000,16.0000000000,0,ST LOUIS,ST LOUIS
ST. LOUIS - CLA009,83,1.0000000000,9.0000000000,9.0000000000,0,ST LOUIS,ST LOUIS
ST. LOUIS - CLA010,83,1.0000000000,2.0000000000,2.0000000000,0,ST LOUIS,ST LOUIS
ST. LOUIS - CLA011,86,0.5263157895,10.0000000000,19.0000000000,0,ST LOUIS,ST LOUIS
ST. LOUIS - CLA011,99,0.4736842105,9.0000000000,19.0000000000,0,ST LOUIS,ST LOUIS
ST. LOUIS - CLA012,99,1.0000000000,5.0000000000,5.0000000000,0,ST LOUIS,ST LOUIS
ST. LOUIS - CLA013,99,1.0000000000,14.0000000000,14.0000000000,0,ST LOUIS,ST LOUIS
ST. LOUIS - CLA014,99,1.0000000000,14.0000000000,14.0000000000,0,ST LOUIS,ST LOUIS
ST. LOUIS - CLA015,90,1.0000000000,15.0000000000,15.0000000000,0,ST LOUIS,ST LOUIS
ST. LOUIS - CLA016,99,1.0000000000,8.0000000000,8.0000000000,0,ST LOUIS,ST LOUIS
ST. LOUIS - CLA017,83,1.0000000000,5.0000000000,5.0000000000,0,ST LOUIS,ST LOUIS
ST. LOUIS - CLA019,83,1.0000000000,22.0000000000,22.0000000000,0,ST LOUIS,ST LOUIS
ST. LOUIS - CLA020,83,1.0000000000,15.0000000000,15.0000000000,0,ST LOUIS,ST LOUIS
ST. LOUIS - CLA021,91,1.0000000000,37.0000000000,37.0000000000,0,ST LOUIS,ST LOUIS
ST. LOUIS - CLA022,91,1.0000000000,11.0000000000,11.0000000000,0,ST LOUIS,ST LOUIS
ST. LOUIS - CLA023,91,1.0000000000,28.0000000000,28.0000000000,0,ST LOUIS,ST LOUIS
ST. LOUIS - CLA024,99,1.0000000000,5.0000000000,5.0000000000,0,ST LOUIS,ST LOUIS
ST. LOUIS - CLA025,99,1.0000000000,7.0000000000,7.0000000000,0,ST LOUIS,ST LOUIS
ST. LOUIS - CLA026,99,1.0000000000,1.0000000000,1.0000000000,0,ST LOUIS,ST LOUIS
ST. LOUIS - CLA027,83,1.0000000000,10.0000000000,10.0000000000,0,ST LOUIS,ST LOUIS
ST. LOUIS - CLA028,99,1.0000000000,1.0000000000,1.0000000000,0,ST LOUIS,ST LOUIS
ST. LOUIS - CLA029,86,1.0000000000,6.0000000000,6.0000000000,0,ST LOUIS,ST LOUIS
ST. LOUIS - CLA030,83,1.0000000000,9.0000000000,9.0000000000,0,ST LOUIS,ST LOUIS
ST. LOUIS - CLA031,83,1.0000000000,6.0000000000,6.0000000000,0,ST LOUIS,ST LOUIS
ST. LOUIS - CLA032,83,1.0000000000,13.0000000000,13.0000000000,0,ST LOUIS,ST LOUIS
ST. LOUIS - CLA033,99,1.0000000000,7.0000000000,7.0000000000,0,ST LOUIS,ST LOUIS
ST. LOUIS - CLA034,89,1.0000000000,4.0000000000,4.0000000000,0,ST LOUIS,ST LOUIS
ST. LOUIS - CLA035,83,1.0000000000,29.0000000000,29.0000000000,0,ST LOUIS,ST LOUIS
ST. LOUIS - CLA036,89,1.0000000000,4.0000000000,4.0000000000,0,ST LOUIS,ST LOUIS
ST. LOUIS - CLA037,99,1.0000000000,20.0000000000,20.0000000000,0,ST LOUIS,ST LOUIS
ST. LOUIS - CLA038,83,1.0000000000,14.0000000000,14.0000000000,0,ST LOUIS,ST LOUIS
ST. LOUIS - CLA039,83,1.0000000000,18.0000000000,18.0000000000,0,ST LOUIS,ST LOUIS
ST. LOUIS - CLA040,99,1.0000000000,15.0000000000,15.0000000000,0,ST LOUIS,ST LOUIS
ST. LOUIS - CLA041,83,1.0000000000,9.0000000000,9.0000000000,0,ST LOUIS,ST LOUIS
ST. LOUIS - CLA042,99,1.0000000000,9.0000000000,9.0000000000,0,ST LOUIS,ST LOUIS
ST. LOUIS - CLA043,86,1.0000000000,11.0000000000,11.0000000000,0,ST LOUIS,ST LOUIS
ST. LOUIS - CLA044,99,1.0000000000,7.0000000000,7.0000000000,0,ST LOUIS,ST LOUIS
ST. LOUIS - CLA045,99,1.0000000000,14.0000000000,14.0000000000,0,ST LOUIS,ST LOUIS
ST. LOUIS - CLA046,83,1.0000000000,36.0000000000,36.0000000000,0,ST LOUIS,ST LOUIS
ST. LOUIS - CLA047,99,1.0000000000,3.0000000000,3.0000000000,0,ST LOUIS,ST LOUIS
ST. LOUIS - CLA049,89,1.0000000000,2.0000000000,2.0000000000,0,ST LOUIS,ST LOUIS
ST. LOUIS - CLA050,91,1.0000000000,17.0000000000,17.0000000000,0,ST LOUIS,ST LOUIS
ST. LOUIS - CLA051,91,1.0000000000,9.0000000000,9.0000000000,0,ST LOUIS,ST LOUIS
ST. LOUIS - CLA052,99,1.0000000000,4.0000000000,4.0000000000,0,ST LOUIS,ST LOUIS
ST. LOUIS - CLA200,91,1.0000000000,1.0000000000,1.0000000000,0,ST LOUIS,ST LOUIS
ST. LOUIS - CLA201,99,1.0000000000,3.0000000000,3.0000000000,0,ST LOUIS,ST LOUIS
ST. LOUIS - CLA202,99,1.0000000000,2.0000000000,2.0000000000,0,ST LOUIS,ST LOUIS
ST. LOUIS - CLA203,99,1.0000000000,1.0000000000,1.0000000000,0,ST LOUIS,ST LOUIS
ST. LOUIS - CLA205,99,1.0000000000,5.0000000000,5.0000000000,0,ST LOUIS,ST LOUIS
ST. LOUIS - CLA206,83,1.0000000000,7.0000000000,7.0000000000,0,ST LOUIS,ST LOUIS
ST. LOUIS - CON001,96,1.0000000000,14.0000000000,14.0000000000,0,ST LOUIS,ST LOUIS
ST. LOUIS - CON002,93,1.0000000000,23.0000000000,23.0000000000,0,ST LOUIS,ST LOUIS
ST. LOUIS - CON003,96,1.0000000000,5.0000000000,5.0000000000,0,ST LOUIS,ST LOUIS
ST. LOUIS - CON004,92,0.9375000000,30.0000000000,32.0000000000,0,ST LOUIS,ST LOUIS
ST. LOUIS - CON004,93,0.0625000000,2.0000000000,32.0000000000,0,ST LOUIS,ST LOUIS
ST. LOUIS - CON005,93,1.0000000000,21.0000000000,21.0000000000,0,ST LOUIS,ST LOUIS
ST. LOUIS - CON006,92,1.0000000000,1.0000000000,1.0000000000,0,ST LOUIS,ST LOUIS
ST. LOUIS - CON007,93,1.0000000000,2.0000000000,2.0000000000,0,ST LOUIS,ST LOUIS
ST. LOUIS - CON008,92,1.0000000000,11.0000000000,11.0000000000,0,ST LOUIS,ST LOUIS
ST. LOUIS - CON009,92,1.0000000000,21.0000000000,21.0000000000,0,ST LOUIS,ST LOUIS
ST. LOUIS - CON010,91,0.2272727273,5.0000000000,22.0000000000,0,ST LOUIS,ST LOUIS
ST. LOUIS - CON010,92,0.7727272727,17.0000000000,22.0000000000,0,ST LOUIS,ST LOUIS
ST. LOUIS - CON011,92,1.0000000000,7.0000000000,7.0000000000,0,ST LOUIS,ST LOUIS
ST. LOUIS - CON012,92,0.7777777778,7.0000000000,9.0000000000,0,ST LOUIS,ST LOUIS
ST. LOUIS - CON012,94,0.2222222222,2.0000000000,9.0000000000,0,ST LOUIS,ST LOUIS
ST. LOUIS - CON013,96,1.0000000000,7.0000000000,7.0000000000,0,ST LOUIS,ST LOUIS
ST. LOUIS - CON014,92,1.0000000000,8.0000000000,8.0000000000,0,ST LOUIS,ST LOUIS
ST. LOUIS - CON015,92,1.0000000000,4.0000000000,4.0000000000,0,ST LOUIS,ST LOUIS
ST. LOUIS - CON016,92,0.8095238095,17.0000000000,21.0000000000,0,ST LOUIS,ST LOUIS
ST. LOUIS - CON016,94,0.1904761905,4.0000000000,21.0000000000,0,ST LOUIS,ST LOUIS
ST. LOUIS - CON017,92,0.1666666667,2.0000000000,12.0000000000,0,ST LOUIS,ST LOUIS
ST. LOUIS - CON017,93,0.8333333333,10.0000000000,12.0000000000,0,ST LOUIS,ST LOUIS
ST. LOUIS - CON018,92,1.0000000000,7.0000000000,7.0000000000,0,ST LOUIS,ST LOUIS
ST. LOUIS - CON019,92,0.3333333333,1.0000000000,3.0000000000,0,ST LOUIS,ST LOUIS
ST. LOUIS - CON019,93,0.6666666667,2.0000000000,3.0000000000,0,ST LOUIS,ST LOUIS
ST. LOUIS - CON020,93,1.0000000000,6.0000000000,6.0000000000,0,ST LOUIS,ST LOUIS
ST. LOUIS - CON021,92,1.0000000000,14.0000000000,14.0000000000,0,ST LOUIS,ST LOUIS
ST. LOUIS - CON022,92,1.0000000000,14.0000000000,14.0000000000,0,ST LOUIS,ST LOUIS
ST. LOUIS - CON023,91,1.0000000000,1.0000000000,1.0000000000,0,ST LOUIS,ST LOUIS
ST. LOUIS - CON024,96,1.0000000000,5.0000000000,5.0000000000,0,ST LOUIS,ST LOUIS
ST. LOUIS - CON025,96,1.0000000000,16.0000000000,16.0000000000,0,ST LOUIS,ST LOUIS
ST. LOUIS - CON026,92,1.0000000000,5.0000000000,5.0000000000,0,ST LOUIS,ST LOUIS
ST. LOUIS - CON027,92,1.0000000000,16.0000000000,16.0000000000,0,ST LOUIS,ST LOUIS
ST. LOUIS - CON028,96,1.0000000000,4.0000000000,4.0000000000,0,ST LOUIS,ST LOUIS
ST. LOUIS - CON029,92,1.0000000000,1.0000000000,1.0000000000,0,ST LOUIS,ST LOUIS
ST. LOUIS - CON030,92,1.0000000000,15.0000000000,15.0000000000,0,ST LOUIS,ST LOUIS
ST. LOUIS - CON031,92,1.0000000000,3.0000000000,3.0000000000,0,ST LOUIS,ST LOUIS
ST. LOUIS - CON032,92,1.0000000000,11.0000000000,11.0000000000,0,ST LOUIS,ST LOUIS
ST. LOUIS - CON033,92,1.0000000000,1.0000000000,1.0000000000,0,ST LOUIS,ST LOUIS
ST. LOUIS - CON034,92,1.0000000000,6.0000000000,6.0000000000,0,ST LOUIS,ST LOUIS
ST. LOUIS - CON035,93,1.0000000000,7.0000000000,7.0000000000,0,ST LOUIS,ST LOUIS
ST. LOUIS - CON036,92,1.0000000000,5.0000000000,5.0000000000,0,ST LOUIS,ST LOUIS
ST. LOUIS - CON037,92,1.0000000000,3.0000000000,3.0000000000,0,ST LOUIS,ST LOUIS
ST. LOUIS - CON038,91,1.0000000000,3.0000000000,3.0000000000,0,ST LOUIS,ST LOUIS
ST. LOUIS - CON039,92,1.0000000000,3.0000000000,3.0000000000,0,ST LOUIS,ST LOUIS
ST. LOUIS - CON040,92,1.0000000000,6.0000000000,6.0000000000,0,ST LOUIS,ST LOUIS
ST. LOUIS - CON041,92,1.0000000000,1.0000000000,1.0000000000,0,ST LOUIS,ST LOUIS
ST. LOUIS - CON042,92,1.0000000000,11.0000000000,11.0000000000,0,ST LOUIS,ST LOUIS
ST. LOUIS - CON043,92,1.0000000000,8.0000000000,8.0000000000,0,ST LOUIS,ST LOUIS
ST. LOUIS - CON044,96,1.0000000000,3.0000000000,3.0000000000,0,ST LOUIS,ST LOUIS
ST. LOUIS - CON045,92,1.0000000000,2.0000000000,2.0000000000,0,ST LOUIS,ST LOUIS
ST. LOUIS - CON046,96,1.0000000000,8.0000000000,8.0000000000,0,ST LOUIS,ST LOUIS
ST. LOUIS - CON047,92,1.0000000000,6.0000000000,6.0000000000,0,ST LOUIS,ST LOUIS
ST. LOUIS - CON048,96,1.0000000000,2.0000000000,2.0000000000,0,ST LOUIS,ST LOUIS
ST. LOUIS - CON049,92,1.0000000000,6.0000000000,6.0000000000,0,ST LOUIS,ST LOUIS
ST. LOUIS - CON050,92,1.0000000000,6.0000000000,6.0000000000,0,ST LOUIS,ST LOUIS
ST. LOUIS - CON051,93,1.0000000000,6.0000000000,6.0000000000,0,ST LOUIS,ST LOUIS
ST. LOUIS - CON052,92,1.0000000000,1.0000000000,1.0000000000,0,ST LOUIS,ST LOUIS
ST. LOUIS - CON053,91,1.0000000000,4.0000000000,4.0000000000,0,ST LOUIS,ST LOUIS
ST. LOUIS - CON200,92,1.0000000000,3.0000000000,3.0000000000,0,ST LOUIS,ST LOUIS
ST. LOUIS - CON202,96,1.0000000000,2.0000000000,2.0000000000,0,ST LOUIS,ST LOUIS
ST. LOUIS - CON204,92,1.0000000000,3.0000000000,3.0000000000,0,ST LOUIS,ST LOUIS
ST. LOUIS - CON205,92,0.3333333333,1.0000000000,3.0000000000,0,ST LOUIS,ST LOUIS
ST. LOUIS - CON205,94,0.6666666667,2.0000000000,3.0000000000,0,ST LOUIS,ST LOUIS
ST. LOUIS - CON206,96,1.0000000000,9.0000000000,9.0000000000,0,ST LOUIS,ST LOUIS
ST. LOUIS - CON212,92,1.0000000000,1.0000000000,1.0000000000,0,ST LOUIS,ST LOUIS
ST. LOUIS - CON213,92,1.0000000000,1.0000000000,1.0000000000,0,ST LOUIS,ST LOUIS
ST. LOUIS - FER001,68,0.0500000000,1.0000000000,20.0000000000,0,ST LOUIS,ST LOUIS
ST. LOUIS - FER001,70,0.9000000000,18.0000000000,20.0000000000,0,ST LOUIS,ST LOUIS
ST. LOUIS - FER001,73,0.0500000000,1.0000000000,20.0000000000,0,ST LOUIS,ST LOUIS
ST. LOUIS - FER002,73,1.0000000000,18.0000000000,18.0000000000,0,ST LOUIS,ST LOUIS
ST. LOUIS - FER003,68,1.0000000000,2.0000000000,2.0000000000,0,ST LOUIS,ST LOUIS
ST. LOUIS - FER004,85,1.0000000000,12.0000000000,12.0000000000,0,ST LOUIS,ST LOUIS
ST. LOUIS - FER005,68,0.0400000000,1.0000000000,25.0000000000,0,ST LOUIS,ST LOUIS
ST. LOUIS - FER005,73,0.9200000000,23.0000000000,25.0000000000,0,ST LOUIS,ST LOUIS
ST. LOUIS - FER005,85,0.0400000000,1.0000000000,25.0000000000,0,ST LOUIS,ST LOUIS
ST. LOUIS - FER006,85,1.0000000000,9.0000000000,9.0000000000,0,ST LOUIS,ST LOUIS
ST. LOUIS - FER007,85,1.0000000000,9.0000000000,9.0000000000,0,ST LOUIS,ST LOUIS
ST. LOUIS - FER008,85,1.0000000000,20.0000000000,20.0000000000,0,ST LOUIS,ST LOUIS
ST. LOUIS - FER009,85,1.0000000000,16.0000000000,16.0000000000,0,ST LOUIS,ST LOUIS
ST. LOUIS - FER010,85,1.0000000000,3.0000000000,3.0000000000,0,ST LOUIS,ST LOUIS
ST. LOUIS - FER011,68,1.0000000000,8.0000000000,8.0000000000,0,ST LOUIS,ST LOUIS
ST. LOUIS - FER012,73,1.0000000000,10.0000000000,10.0000000000,0,ST LOUIS,ST LOUIS
ST. LOUIS - FER013,68,1.0000000000,9.0000000000,9.0000000000,0,ST LOUIS,ST LOUIS
ST. LOUIS - FER014,85,1.0000000000,2.0000000000,2.0000000000,0,ST LOUIS,ST LOUIS
ST. LOUIS - FER015,68,1.0000000000,6.0000000000,6.0000000000,0,ST LOUIS,ST LOUIS
ST. LOUIS - FER016,68,1.0000000000,7.0000000000,7.0000000000,0,ST LOUIS,ST LOUIS
ST. LOUIS - FER017,75,1.0000000000,8.0000000000,8.0000000000,0,ST LOUIS,ST LOUIS
ST. LOUIS - FER018,75,1.0000000000,7.0000000000,7.0000000000,0,ST LOUIS,ST LOUIS
ST. LOUIS - FER019,75,1.0000000000,25.0000000000,25.0000000000,0,ST LOUIS,ST LOUIS
ST. LOUIS - FER020,73,1.0000000000,5.0000000000,5.0000000000,0,ST LOUIS,ST LOUIS
ST. LOUIS - FER021,73,1.0000000000,5.0000000000,5.0000000000,0,ST LOUIS,ST LOUIS
ST. LOUIS - FER022,67,0.0250000000,1.0000000000,40.0000000000,0,ST LOUIS,ST LOUIS
ST. LOUIS - FER022,68,0.5500000000,22.0000000000,40.0000000000,0,ST LOUIS,ST LOUIS
ST. LOUIS - FER022,73,0.4250000000,17.0000000000,40.0000000000,0,ST LOUIS,ST LOUIS
ST. LOUIS - FER023,68,1.0000000000,9.0000000000,9.0000000000,0,ST LOUIS,ST LOUIS
ST. LOUIS - FER024,70,1.0000000000,24.0000000000,24.0000000000,0,ST LOUIS,ST LOUIS
ST. LOUIS - FER025,85,1.0000000000,1.0000000000,1.0000000000,0,ST LOUIS,ST LOUIS
ST. LOUIS - FER026,70,1.0000000000,2.0000000000,2.0000000000,0,ST LOUIS,ST LOUIS
ST. LOUIS - FER027,85,1.0000000000,2.0000000000,2.0000000000,0,ST LOUIS,ST LOUIS
ST. LOUIS - FER028,85,1.0000000000,4.0000000000,4.0000000000,0,ST LOUIS,ST LOUIS
ST. LOUIS - FER029,68,1.0000000000,1.0000000000,1.0000000000,0,ST LOUIS,ST LOUIS
ST. LOUIS - FER030,85,1.0000000000,11.0000000000,11.0000000000,0,ST LOUIS,ST LOUIS
ST. LOUIS - FER031,73,1.0000000000,1.0000000000,1.0000000000,0,ST LOUIS,ST LOUIS
ST. LOUIS - FER032,73,1.0000000000,18.0000000000,18.0000000000,0,ST LOUIS,ST LOUIS
ST. LOUIS - FER033,73,1.0000000000,13.0000000000,13.0000000000,0,ST LOUIS,ST LOUIS
ST. LOUIS - FER034,73,1.0000000000,7.0000000000,7.0000000000,0,ST LOUIS,ST LOUIS
ST. LOUIS - FER035,73,1.0000000000,15.0000000000,15.0000000000,0,ST LOUIS,ST LOUIS
ST. LOUIS - FER036,68,0.7500000000,6.0000000000,8.0000000000,0,ST LOUIS,ST LOUIS
ST. LOUIS - FER036,73,0.2500000000,2.0000000000,8.0000000000,0,ST LOUIS,ST LOUIS
ST. LOUIS - FER037,68,0.8125000000,26.0000000000,32.0000000000,0,ST LOUIS,ST LOUIS
ST. LOUIS - FER037,73,0.1875000000,6.0000000000,32.0000000000,0,ST LOUIS,ST LOUIS
ST. LOUIS - FER038,73,1.0000000000,13.0000000000,13.0000000000,0,ST LOUIS,ST LOUIS
ST. LOUIS - FER039,85,1.0000000000,10.0000000000,10.0000000000,0,ST LOUIS,ST LOUIS
ST. LOUIS - FER040,68,0.5000000000,5.0000000000,10.0000000000,0,ST LOUIS,ST LOUIS
ST. LOUIS - FER040,73,0.5000000000,5.0000000000,10.0000000000,0,ST LOUIS,ST LOUIS
ST. LOUIS - FER041,85,1.0000000000,15.0000000000,15.0000000000,0,ST LOUIS,ST LOUIS
ST. LOUIS - FER042,66,0.2142857143,3.0000000000,14.0000000000,0,ST LOUIS,ST LOUIS
ST. LOUIS - FER042,67,0.7142857143,10.0000000000,14.0000000000,0,ST LOUIS,ST LOUIS
ST. LOUIS - FER042,73,0.0714285714,1.0000000000,14.0000000000,0,ST LOUIS,ST LOUIS
ST. LOUIS - FER043,85,1.0000000000,24.0000000000,24.0000000000,0,ST LOUIS,ST LOUIS
ST. LOUIS - FER044,68,1.0000000000,12.0000000000,12.0000000000,0,ST LOUIS,ST LOUIS
ST. LOUIS - FER045,75,1.0000000000,1.0000000000,1.0000000000,0,ST LOUIS,ST LOUIS
ST. LOUIS - FER046,68,1.0000000000,1.0000000000,1.0000000000,0,ST LOUIS,ST LOUIS
ST. LOUIS - FER206,73,1.0000000000,1.0000000000,1.0000000000,0,ST LOUIS,ST LOUIS
ST. LOUIS - FER207,68,1.0000000000,2.0000000000,2.0000000000,0,ST LOUIS,ST LOUIS
ST. LOUIS - FER208,66,1.0000000000,5.0000000000,5.0000000000,0,ST LOUIS,ST LOUIS
ST. LOUIS - FLO001,75,1.0000000000,16.0000000000,16.0000000000,0,ST LOUIS,ST LOUIS
ST. LOUIS - FLO002,68,0.8888888889,8.0000000000,9.0000000000,0,ST LOUIS,ST LOUIS
ST. LOUIS - FLO002,75,0.1111111111,1.0000000000,9.0000000000,0,ST LOUIS,ST LOUIS
ST. LOUIS - FLO003,68,1.0000000000,28.0000000000,28.0000000000,0,ST LOUIS,ST LOUIS
ST. LOUIS - FLO004,68,1.0000000000,22.0000000000,22.0000000000,0,ST LOUIS,ST LOUIS
ST. LOUIS - FLO005,68,1.0000000000,8.0000000000,8.0000000000,0,ST LOUIS,ST LOUIS
ST. LOUIS - FLO006,68,1.0000000000,11.0000000000,11.0000000000,0,ST LOUIS,ST LOUIS
ST. LOUIS - FLO007,68,1.0000000000,6.0000000000,6.0000000000,0,ST LOUIS,ST LOUIS
ST. LOUIS - FLO008,68,0.9310344828,27.0000000000,29.0000000000,0,ST LOUIS,ST LOUIS
ST. LOUIS - FLO008,70,0.0689655172,2.0000000000,29.0000000000,0,ST LOUIS,ST LOUIS
ST. LOUIS - FLO009,75,1.0000000000,29.0000000000,29.0000000000,0,ST LOUIS,ST LOUIS
ST. LOUIS - FLO010,68,1.0000000000,2.0000000000,2.0000000000,0,ST LOUIS,ST LOUIS
ST. LOUIS - FLO011,68,1.0000000000,14.0000000000,14.0000000000,0,ST LOUIS,ST LOUIS
ST. LOUIS - FLO012,75,1.0000000000,59.0000000000,59.0000000000,0,ST LOUIS,ST LOUIS
ST. LOUIS - FLO013,68,1.0000000000,7.0000000000,7.0000000000,0,ST LOUIS,ST LOUIS
ST. LOUIS - FLO014,68,0.6486486486,24.0000000000,37.0000000000,0,ST LOUIS,ST LOUIS
ST. LOUIS - FLO014,75,0.3513513514,13.0000000000,37.0000000000,0,ST LOUIS,ST LOUIS
ST. LOUIS - FLO015,75,1.0000000000,1.0000000000,1.0000000000,0,ST LOUIS,ST LOUIS
ST. LOUIS - FLO016,75,1.0000000000,22.0000000000,22.0000000000,0,ST LOUIS,ST LOUIS
ST. LOUIS - FLO017,68,1.0000000000,19.0000000000,19.0000000000,0,ST LOUIS,ST LOUIS
ST. LOUIS - FLO018,75,1.0000000000,8.0000000000,8.0000000000,0,ST LOUIS,ST LOUIS
ST. LOUIS - FLO019,75,1.0000000000,17.0000000000,17.0000000000,0,ST LOUIS,ST LOUIS
ST. LOUIS - FLO020,68,1.0000000000,13.0000000000,13.0000000000,0,ST LOUIS,ST LOUIS
ST. LOUIS - FLO021,75,1.0000000000,21.0000000000,21.0000000000,0,ST LOUIS,ST LOUIS
ST. LOUIS - FLO022,68,1.0000000000,8.0000000000,8.0000000000,0,ST LOUIS,ST LOUIS
ST. LOUIS - FLO023,68,0.5416666667,13.0000000000,24.0000000000,0,ST LOUIS,ST LOUIS
ST. LOUIS - FLO023,75,0.4583333333,11.0000000000,24.0000000000,0,ST LOUIS,ST LOUIS
ST. LOUIS - FLO024,75,1.0000000000,11.0000000000,11.0000000000,0,ST LOUIS,ST LOUIS
ST. LOUIS - FLO025,75,1.0000000000,1.0000000000,1.0000000000,0,ST LOUIS,ST LOUIS
ST. LOUIS - FLO026,70,1.0000000000,6.0000000000,6.0000000000,0,ST LOUIS,ST LOUIS
ST. LOUIS - FLO027,75,1.0000000000,5.0000000000,5.0000000000,0,ST LOUIS,ST LOUIS
ST. LOUIS - FLO028,70,1.0000000000,3.0000000000,3.0000000000,0,ST LOUIS,ST LOUIS
ST. LOUIS - FLO029,68,1.0000000000,14.0000000000,14.0000000000,0,ST LOUIS,ST LOUIS
ST. LOUIS - FLO030,70,1.0000000000,13.0000000000,13.0000000000,0,ST LOUIS,ST LOUIS
ST. LOUIS - FLO031,68,0.5151515152,17.0000000000,33.0000000000,0,ST LOUIS,ST LOUIS
ST. LOUIS - FLO031,75,0.4848484848,16.0000000000,33.0000000000,0,ST LOUIS,ST LOUIS
ST. LOUIS - FLO200,75,1.0000000000,2.0000000000,2.0000000000,0,ST LOUIS,ST LOUIS
ST. LOUIS - FLO201,68,0.5000000000,1.0000000000,2.0000000000,0,ST LOUIS,ST LOUIS
ST. LOUIS - FLO201,75,0.5000000000,1.0000000000,2.0000000000,0,ST LOUIS,ST LOUIS
ST. LOUIS - FLO205,75,1.0000000000,2.0000000000,2.0000000000,0,ST LOUIS,ST LOUIS
ST. LOUIS - FLO207,68,0.3333333333,1.0000000000,3.0000000000,0,ST LOUIS,ST LOUIS
ST. LOUIS - FLO207,70,0.6666666667,2.0000000000,3.0000000000,0,ST LOUIS,ST LOUIS
ST. LOUIS - GRA001,96,1.0000000000,3.0000000000,3.0000000000,0,ST LOUIS,ST LOUIS
ST. LOUIS - GRA002,96,1.0000000000,7.0000000000,7.0000000000,0,ST LOUIS,ST LOUIS
ST. LOUIS - GRA003,96,1.0000000000,3.0000000000,3.0000000000,0,ST LOUIS,ST LOUIS
ST. LOUIS - GRA004,96,1.0000000000,23.0000000000,23.0000000000,0,ST LOUIS,ST LOUIS
ST. LOUIS - GRA005,96,1.0000000000,24.0000000000,24.0000000000,0,ST LOUIS,ST LOUIS
ST. LOUIS - GRA006,96,1.0000000000,21.0000000000,21.0000000000,0,ST LOUIS,ST LOUIS
ST. LOUIS - GRA007,92,1.0000000000,16.0000000000,16.0000000000,0,ST LOUIS,ST LOUIS
ST. LOUIS - GRA008,96,1.0000000000,6.0000000000,6.0000000000,0,ST LOUIS,ST LOUIS
ST. LOUIS - GRA009,96,1.0000000000,17.0000000000,17.0000000000,0,ST LOUIS,ST LOUIS
ST. LOUIS - GRA010,96,1.0000000000,4.0000000000,4.0000000000,0,ST LOUIS,ST LOUIS
ST. LOUIS - GRA011,96,1.0000000000,11.0000000000,11.0000000000,0,ST LOUIS,ST LOUIS
ST. LOUIS - GRA012,96,1.0000000000,3.0000000000,3.0000000000,0,ST LOUIS,ST LOUIS
ST. LOUIS - GRA013,96,1.0000000000,3.0000000000,3.0000000000,0,ST LOUIS,ST LOUIS
ST. LOUIS - GRA014,96,1.0000000000,1.0000000000,1.0000000000,0,ST LOUIS,ST LOUIS
ST. LOUIS - GRA015,83,0.1428571429,4.0000000000,28.0000000000,0,ST LOUIS,ST LOUIS
ST. LOUIS - GRA015,91,0.8571428571,24.0000000000,28.0000000000,0,ST LOUIS,ST LOUIS
ST. LOUIS - GRA016,83,0.4838709677,15.0000000000,31.0000000000,0,ST LOUIS,ST LOUIS
ST. LOUIS - GRA016,92,0.5161290323,16.0000000000,31.0000000000,0,ST LOUIS,ST LOUIS
ST. LOUIS - GRA017,91,0.0526315789,1.0000000000,19.0000000000,0,ST LOUIS,ST LOUIS
ST. LOUIS - GRA017,96,0.9473684211,18.0000000000,19.0000000000,0,ST LOUIS,ST LOUIS
ST. LOUIS - GRA018,83,0.1052631579,2.0000000000,19.0000000000,0,ST LOUIS,ST LOUIS
ST. LOUIS - GRA018,91,0.8947368421,17.0000000000,19.0000000000,0,ST LOUIS,ST LOUIS
ST. LOUIS - GRA019,83,0.2500000000,6.0000000000,24.0000000000,0,ST LOUIS,ST LOUIS
ST. LOUIS - GRA019,92,0.7500000000,18.0000000000,24.0000000000,0,ST LOUIS,ST LOUIS
ST. LOUIS - GRA020,96,1.0000000000,9.0000000000,9.0000000000,0,ST LOUIS,ST LOUIS
ST. LOUIS - GRA021,92,1.0000000000,12.0000000000,12.0000000000,0,ST LOUIS,ST LOUIS
ST. LOUIS - GRA022,83,1.0000000000,31.0000000000,31.0000000000,0,ST LOUIS,ST LOUIS
ST. LOUIS - GRA023,96,1.0000000000,2.0000000000,2.0000000000,0,ST LOUIS,ST LOUIS
ST. LOUIS - GRA024,96,1.0000000000,1.0000000000,1.0000000000,0,ST LOUIS,ST LOUIS
ST. LOUIS - GRA025,92,1.0000000000,25.0000000000,25.0000000000,0,ST LOUIS,ST LOUIS
ST. LOUIS - GRA026,96,1.0000000000,9.0000000000,9.0000000000,0,ST LOUIS,ST LOUIS
ST. LOUIS - GRA027,96,1.0000000000,5.0000000000,5.0000000000,0,ST LOUIS,ST LOUIS
ST. LOUIS - GRA028,96,1.0000000000,10.0000000000,10.0000000000,0,ST LOUIS,ST LOUIS
ST. LOUIS - GRA029,96,1.0000000000,13.0000000000,13.0000000000,0,ST LOUIS,ST LOUIS
ST. LOUIS - GRA030,96,1.0000000000,1.0000000000,1.0000000000,0,ST LOUIS,ST LOUIS
ST. LOUIS - GRA031,96,1.0000000000,8.0000000000,8.0000000000,0,ST LOUIS,ST LOUIS
ST. LOUIS - GRA032,96,1.0000000000,17.0000000000,17.0000000000,0,ST LOUIS,ST LOUIS
ST. LOUIS - GRA033,93,1.0000000000,15.0000000000,15.0000000000,0,ST LOUIS,ST LOUIS
ST. LOUIS - GRA034,96,1.0000000000,1.0000000000,1.0000000000,0,ST LOUIS,ST LOUIS
ST. LOUIS - GRA035,91,1.0000000000,1.0000000000,1.0000000000,0,ST LOUIS,ST LOUIS
ST. LOUIS - GRA036,96,1.0000000000,10.0000000000,10.0000000000,0,ST LOUIS,ST LOUIS
ST. LOUIS - GRA037,96,1.0000000000,12.0000000000,12.0000000000,0,ST LOUIS,ST LOUIS
ST. LOUIS - GRA038,96,1.0000000000,3.0000000000,3.0000000000,0,ST LOUIS,ST LOUIS
ST. LOUIS - GRA039,83,1.0000000000,4.0000000000,4.0000000000,0,ST LOUIS,ST LOUIS
ST. LOUIS - GRA040,93,1.0000000000,7.0000000000,7.0000000000,0,ST LOUIS,ST LOUIS
ST. LOUIS - GRA041,96,1.0000000000,9.0000000000,9.0000000000,0,ST LOUIS,ST LOUIS
ST. LOUIS - GRA042,93,1.0000000000,20.0000000000,20.0000000000,0,ST LOUIS,ST LOUIS
ST. LOUIS - GRA043,91,1.0000000000,2.0000000000,2.0000000000,0,ST LOUIS,ST LOUIS
ST. LOUIS - GRA044,91,1.0000000000,17.0000000000,17.0000000000,0,ST LOUIS,ST LOUIS
ST. LOUIS - GRA045,91,1.0000000000,3.0000000000,3.0000000000,0,ST LOUIS,ST LOUIS
ST. LOUIS - GRA046,96,1.0000000000,14.0000000000,14.0000000000,0,ST LOUIS,ST LOUIS
ST. LOUIS - GRA047,96,1.0000000000,3.0000000000,3.0000000000,0,ST LOUIS,ST LOUIS
ST. LOUIS - GRA048,91,1.0000000000,2.0000000000,2.0000000000,0,ST LOUIS,ST LOUIS
ST. LOUIS - GRA201,96,1.0000000000,1.0000000000,1.0000000000,0,ST LOUIS,ST LOUIS
ST. LOUIS - GRA202,91,1.0000000000,2.0000000000,2.0000000000,0,ST LOUIS,ST LOUIS
ST. LOUIS - GRA206,96,1.0000000000,8.0000000000,8.0000000000,0,ST LOUIS,ST LOUIS
ST. LOUIS - GRA209,96,1.0000000000,2.0000000000,2.0000000000,0,ST LOUIS,ST LOUIS
ST. LOUIS - GRA210,90,1.0000000000,3.0000000000,3.0000000000,0,ST LOUIS,ST LOUIS
ST. LOUIS - HAD001,99,1.0000000000,32.0000000000,32.0000000000,0,ST LOUIS,ST LOUIS
ST. LOUIS - HAD002,83,1.0000000000,3.0000000000,3.0000000000,0,ST LOUIS,ST LOUIS
ST. LOUIS - HAD003,83,1.0000000000,4.0000000000,4.0000000000,0,ST LOUIS,ST LOUIS
ST. LOUIS - HAD004,99,1.0000000000,2.0000000000,2.0000000000,0,ST LOUIS,ST LOUIS
ST. LOUIS - HAD005,99,1.0000000000,17.0000000000,17.0000000000,0,ST LOUIS,ST LOUIS
ST. LOUIS - HAD006,83,1.0000000000,20.0000000000,20.0000000000,0,ST LOUIS,ST LOUIS
ST. LOUIS - HAD007,83,0.8333333333,5.0000000000,6.0000000000,0,ST LOUIS,ST LOUIS
ST. LOUIS - HAD007,91,0.1666666667,1.0000000000,6.0000000000,0,ST LOUIS,ST LOUIS
ST. LOUIS - HAD008,86,1.0000000000,15.0000000000,15.0000000000,0,ST LOUIS,ST LOUIS
ST. LOUIS - HAD009,86,1.0000000000,14.0000000000,14.0000000000,0,ST LOUIS,ST LOUIS
ST. LOUIS - HAD010,86,1.0000000000,7.0000000000,7.0000000000,0,ST LOUIS,ST LOUIS
ST. LOUIS - HAD011,86,1.0000000000,19.0000000000,19.0000000000,0,ST LOUIS,ST LOUIS
ST. LOUIS - HAD012,86,1.0000000000,24.0000000000,24.0000000000,0,ST LOUIS,ST LOUIS
ST. LOUIS - HAD013,83,1.0000000000,4.0000000000,4.0000000000,0,ST LOUIS,ST LOUIS
ST. LOUIS - HAD014,99,1.0000000000,18.0000000000,18.0000000000,0,ST LOUIS,ST LOUIS
ST. LOUIS - HAD015,99,1.0000000000,28.0000000000,28.0000000000,0,ST LOUIS,ST LOUIS
ST. LOUIS - HAD016,86,1.0000000000,9.0000000000,9.0000000000,0,ST LOUIS,ST LOUIS
ST. LOUIS - HAD017,86,1.0000000000,2.0000000000,2.0000000000,0,ST LOUIS,ST LOUIS
ST. LOUIS - HAD018,86,1.0000000000,8.0000000000,8.0000000000,0,ST LOUIS,ST LOUIS
ST. LOUIS - HAD019,83,1.0000000000,7.0000000000,7.0000000000,0,ST LOUIS,ST LOUIS
ST. LOUIS - HAD020,83,1.0000000000,8.0000000000,8.0000000000,0,ST LOUIS,ST LOUIS
ST. LOUIS - HAD021,83,1.0000000000,23.0000000000,23.0000000000,0,ST LOUIS,ST LOUIS
ST. LOUIS - HAD022,83,1.0000000000,14.0000000000,14.0000000000,0,ST LOUIS,ST LOUIS
ST. LOUIS - HAD023,83,1.0000000000,13.0000000000,13.0000000000,0,ST LOUIS,ST LOUIS
ST. LOUIS - HAD024,83,1.0000000000,9.0000000000,9.0000000000,0,ST LOUIS,ST LOUIS
ST. LOUIS - HAD025,83,1.0000000000,11.0000000000,11.0000000000,0,ST LOUIS,ST LOUIS
ST. LOUIS - HAD026,83,1.0000000000,6.0000000000,6.0000000000,0,ST LOUIS,ST LOUIS
ST. LOUIS - HAD027,83,1.0000000000,13.0000000000,13.0000000000,0,ST LOUIS,ST LOUIS
ST. LOUIS - HAD028,83,1.0000000000,17.0000000000,17.0000000000,0,ST LOUIS,ST LOUIS
ST. LOUIS - HAD029,83,1.0000000000,11.0000000000,11.0000000000,0,ST LOUIS,ST LOUIS
ST. LOUIS - HAD030,83,1.0000000000,49.0000000000,49.0000000000,0,ST LOUIS,ST LOUIS
ST. LOUIS - HAD031,83,1.0000000000,13.0000000000,13.0000000000,0,ST LOUIS,ST LOUIS
ST. LOUIS - HAD032,83,1.0000000000,39.0000000000,39.0000000000,0,ST LOUIS,ST LOUIS
ST. LOUIS - HAD033,83,1.0000000000,51.0000000000,51.0000000000,0,ST LOUIS,ST LOUIS
ST. LOUIS - HAD034,86,1.0000000000,11.0000000000,11.0000000000,0,ST LOUIS,ST LOUIS
ST. LOUIS - HAD035,86,1.0000000000,1.0000000000,1.0000000000,0,ST LOUIS,ST LOUIS
ST. LOUIS - HAD200,83,1.0000000000,4.0000000000,4.0000000000,0,ST LOUIS,ST LOUIS
ST. LOUIS - JEF001,99,1.0000000000,13.0000000000,13.0000000000,0,ST LOUIS,ST LOUIS
ST. LOUIS - JEF002,90,1.0000000000,10.0000000000,10.0000000000,0,ST LOUIS,ST LOUIS
ST. LOUIS - JEF003,96,1.0000000000,17.0000000000,17.0000000000,0,ST LOUIS,ST LOUIS
ST. LOUIS - JEF004,96,1.0000000000,19.0000000000,19.0000000000,0,ST LOUIS,ST LOUIS
ST. LOUIS - JEF005,91,1.0000000000,26.0000000000,26.0000000000,0,ST LOUIS,ST LOUIS
ST. LOUIS - JEF006,83,1.0000000000,4.0000000000,4.0000000000,0,ST LOUIS,ST LOUIS
ST. LOUIS - JEF007,91,1.0000000000,6.0000000000,6.0000000000,0,ST LOUIS,ST LOUIS
ST. LOUIS - JEF008,91,1.0000000000,3.0000000000,3.0000000000,0,ST LOUIS,ST LOUIS
ST. LOUIS - JEF009,83,1.0000000000,17.0000000000,17.0000000000,0,ST LOUIS,ST LOUIS
ST. LOUIS - JEF010,91,0.9677419355,30.0000000000,31.0000000000,0,ST LOUIS,ST LOUIS
ST. LOUIS - JEF010,96,0.0322580645,1.0000000000,31.0000000000,0,ST LOUIS,ST LOUIS
ST. LOUIS - JEF011,83,1.0000000000,10.0000000000,10.0000000000,0,ST LOUIS,ST LOUIS
ST. LOUIS - JEF012,91,1.0000000000,8.0000000000,8.0000000000,0,ST LOUIS,ST LOUIS
ST. LOUIS - JEF013,91,1.0000000000,10.0000000000,10.0000000000,0,ST LOUIS,ST LOUIS
ST. LOUIS - JEF014,91,1.0000000000,41.0000000000,41.0000000000,0,ST LOUIS,ST LOUIS
ST. LOUIS - JEF015,83,1.0000000000,7.0000000000,7.0000000000,0,ST LOUIS,ST LOUIS
ST. LOUIS - JEF016,91,1.0000000000,16.0000000000,16.0000000000,0,ST LOUIS,ST LOUIS
ST. LOUIS - JEF017,91,1.0000000000,23.0000000000,23.0000000000,0,ST LOUIS,ST LOUIS
ST. LOUIS - JEF018,83,0.1714285714,6.0000000000,35.0000000000,0,ST LOUIS,ST LOUIS
ST. LOUIS - JEF018,91,0.8285714286,29.0000000000,35.0000000000,0,ST LOUIS,ST LOUIS
ST. LOUIS - JEF019,91,1.0000000000,37.0000000000,37.0000000000,0,ST LOUIS,ST LOUIS
ST. LOUIS - JEF020,91,1.0000000000,14.0000000000,14.0000000000,0,ST LOUIS,ST LOUIS
ST. LOUIS - JEF021,91,1.0000000000,32.0000000000,32.0000000000,0,ST LOUIS,ST LOUIS
ST. LOUIS - JEF022,91,1.0000000000,15.0000000000,15.0000000000,0,ST LOUIS,ST LOUIS
ST. LOUIS - JEF023,91,1.0000000000,20.0000000000,20.0000000000,0,ST LOUIS,ST LOUIS
ST. LOUIS - JEF024,91,1.0000000000,14.0000000000,14.0000000000,0,ST LOUIS,ST LOUIS
ST. LOUIS - JEF025,91,1.0000000000,5.0000000000,5.0000000000,0,ST LOUIS,ST LOUIS
ST. LOUIS - JEF026,91,1.0000000000,6.0000000000,6.0000000000,0,ST LOUIS,ST LOUIS
ST. LOUIS - JEF027,91,1.0000000000,36.0000000000,36.0000000000,0,ST LOUIS,ST LOUIS
ST. LOUIS - JEF028,91,1.0000000000,4.0000000000,4.0000000000,0,ST LOUIS,ST LOUIS
ST. LOUIS - JEF029,83,1.0000000000,11.0000000000,11.0000000000,0,ST LOUIS,ST LOUIS
ST. LOUIS - JEF030,91,1.0000000000,20.0000000000,20.0000000000,0,ST LOUIS,ST LOUIS
ST. LOUIS - JEF031,91,1.0000000000,20.0000000000,20.0000000000,0,ST LOUIS,ST LOUIS
ST. LOUIS - JEF032,90,1.0000000000,38.0000000000,38.0000000000,0,ST LOUIS,ST LOUIS
ST. LOUIS - JEF033,90,1.0000000000,4.0000000000,4.0000000000,0,ST LOUIS,ST LOUIS
ST. LOUIS - JEF034,90,1.0000000000,22.0000000000,22.0000000000,0,ST LOUIS,ST LOUIS
ST. LOUIS - JEF035,90,1.0000000000,2.0000000000,2.0000000000,0,ST LOUIS,ST LOUIS
ST. LOUIS - JEF036,90,1.0000000000,6.0000000000,6.0000000000,0,ST LOUIS,ST LOUIS
ST. LOUIS - JEF037,90,1.0000000000,18.0000000000,18.0000000000,0,ST LOUIS,ST LOUIS
ST. LOUIS - JEF200,96,1.0000000000,8.0000000000,8.0000000000,0,ST LOUIS,ST LOUIS
ST. LOUIS - JEF202,91,1.0000000000,2.0000000000,2.0000000000,0,ST LOUIS,ST LOUIS
ST. LOUIS - LAF001,101,1.0000000000,9.0000000000,9.0000000000,0,ST LOUIS,ST LOUIS
ST. LOUIS - LAF002,98,1.0000000000,33.0000000000,33.0000000000,0,ST LOUIS,ST LOUIS
ST. LOUIS - LAF003,98,1.0000000000,4.0000000000,4.0000000000,0,ST LOUIS,ST LOUIS
ST. LOUIS - LAF004,98,0.0500000000,1.0000000000,20.0000000000,0,ST LOUIS,ST LOUIS
ST. LOUIS - LAF004,100,0.9500000000,19.0000000000,20.0000000000,0,ST LOUIS,ST LOUIS
ST. LOUIS - LAF005,100,1.0000000000,24.0000000000,24.0000000000,0,ST LOUIS,ST LOUIS
ST. LOUIS - LAF006,89,1.0000000000,9.0000000000,9.0000000000,0,ST LOUIS,ST LOUIS
ST. LOUIS - LAF007,100,1.0000000000,1.0000000000,1.0000000000,0,ST LOUIS,ST LOUIS
ST. LOUIS - LAF008,101,1.0000000000,8.0000000000,8.0000000000,0,ST LOUIS,ST LOUIS
ST. LOUIS - LAF009,100,1.0000000000,23.0000000000,23.0000000000,0,ST LOUIS,ST LOUIS
ST. LOUIS - LAF010,100,1.0000000000,1.0000000000,1.0000000000,0,ST LOUIS,ST LOUIS
ST. LOUIS - LAF011,89,1.0000000000,10.0000000000,10.0000000000,0,ST LOUIS,ST LOUIS
ST. LOUIS - LAF012,101,1.0000000000,8.0000000000,8.0000000000,0,ST LOUIS,ST LOUIS
ST. LOUIS - LAF013,100,1.0000000000,2.0000000000,2.0000000000,0,ST LOUIS,ST LOUIS
ST. LOUIS - LAF014,89,1.0000000000,4.0000000000,4.0000000000,0,ST LOUIS,ST LOUIS
ST. LOUIS - LAF015,89,1.0000000000,3.0000000000,3.0000000000,0,ST LOUIS,ST LOUIS
ST. LOUIS - LAF016,100,1.0000000000,9.0000000000,9.0000000000,0,ST LOUIS,ST LOUIS
ST. LOUIS - LAF017,100,1.0000000000,4.0000000000,4.0000000000,0,ST LOUIS,ST LOUIS
ST. LOUIS - LAF018,98,0.0434782609,1.0000000000,23.0000000000,0,ST LOUIS,ST LOUIS
ST. LOUIS - LAF018,100,0.9565217391,22.0000000000,23.0000000000,0,ST LOUIS,ST LOUIS
ST. LOUIS - LAF019,100,1.0000000000,20.0000000000,20.0000000000,0,ST LOUIS,ST LOUIS
ST. LOUIS - LAF020,89,1.0000000000,5.0000000000,5.0000000000,0,ST LOUIS,ST LOUIS
ST. LOUIS - LAF023,100,1.0000000000,6.0000000000,6.0000000000,0,ST LOUIS,ST LOUIS
ST. LOUIS - LAF024,100,1.0000000000,13.0000000000,13.0000000000,0,ST LOUIS,ST LOUIS
ST. LOUIS - LAF025,100,1.0000000000,19.0000000000,19.0000000000,0,ST LOUIS,ST LOUIS
ST. LOUIS - LAF026,101,1.0000000000,2.0000000000,2.0000000000,0,ST LOUIS,ST LOUIS
ST. LOUIS - LAF027,100,1.0000000000,5.0000000000,5.0000000000,0,ST LOUIS,ST LOUIS
ST. LOUIS - LAF028,89,1.0000000000,14.0000000000,14.0000000000,0,ST LOUIS,ST LOUIS
ST. LOUIS - LAF029,101,1.0000000000,10.0000000000,10.0000000000,0,ST LOUIS,ST LOUIS
ST. LOUIS - LAF030,101,1.0000000000,15.0000000000,15.0000000000,0,ST LOUIS,ST LOUIS
ST. LOUIS - LAF031,101,1.0000000000,8.0000000000,8.0000000000,0,ST LOUIS,ST LOUIS
ST. LOUIS - LAF032,101,1.0000000000,15.0000000000,15.0000000000,0,ST LOUIS,ST LOUIS
ST. LOUIS - LAF033,101,1.0000000000,15.0000000000,15.0000000000,0,ST LOUIS,ST LOUIS
ST. LOUIS - LAF034,100,1.0000000000,1.0000000000,1.0000000000,0,ST LOUIS,ST LOUIS
ST. LOUIS - LAF035,100,1.0000000000,9.0000000000,9.0000000000,0,ST LOUIS,ST LOUIS
ST. LOUIS - LAF036,100,1.0000000000,9.0000000000,9.0000000000,0,ST LOUIS,ST LOUIS
ST. LOUIS - LAF037,100,0.1250000000,1.0000000000,8.0000000000,0,ST LOUIS,ST LOUIS
ST. LOUIS - LAF037,101,0.8750000000,7.0000000000,8.0000000000,0,ST LOUIS,ST LOUIS
ST. LOUIS - LAF038,100,1.0000000000,12.0000000000,12.0000000000,0,ST LOUIS,ST LOUIS
ST. LOUIS - LAF039,100,1.0000000000,30.0000000000,30.0000000000,0,ST LOUIS,ST LOUIS
ST. LOUIS - LAF040,100,1.0000000000,4.0000000000,4.0000000000,0,ST LOUIS,ST LOUIS
ST. LOUIS - LAF041,101,1.0000000000,7.0000000000,7.0000000000,0,ST LOUIS,ST LOUIS
ST. LOUIS - LAF042,100,1.0000000000,5.0000000000,5.0000000000,0,ST LOUIS,ST LOUIS
ST. LOUIS - LAF043,100,0.6666666667,4.0000000000,6.0000000000,0,ST LOUIS,ST LOUIS
ST. LOUIS - LAF043,110,0.3333333333,2.0000000000,6.0000000000,0,ST LOUIS,ST LOUIS
ST. LOUIS - LAF044,100,1.0000000000,6.0000000000,6.0000000000,0,ST LOUIS,ST LOUIS
ST. LOUIS - LAF045,100,1.0000000000,2.0000000000,2.0000000000,0,ST LOUIS,ST LOUIS
ST. LOUIS - LAF046,89,1.0000000000,4.0000000000,4.0000000000,0,ST LOUIS,ST LOUIS
ST. LOUIS - LAF047,101,1.0000000000,2.0000000000,2.0000000000,0,ST LOUIS,ST LOUIS
ST. LOUIS - LAF200,98,1.0000000000,1.0000000000,1.0000000000,0,ST LOUIS,ST LOUIS
ST. LOUIS - LAF205,100,1.0000000000,2.0000000000,2.0000000000,0,ST LOUIS,ST LOUIS
ST. LOUIS - LAF207,89,0.5714285714,4.0000000000,7.0000000000,0,ST LOUIS,ST LOUIS
ST. LOUIS - LAF207,98,0.2857142857,2.0000000000,7.0000000000,0,ST LOUIS,ST LOUIS
ST. LOUIS - LAF207,100,0.1428571429,1.0000000000,7.0000000000,0,ST LOUIS,ST LOUIS
ST. LOUIS - LEM001,93,1.0000000000,51.0000000000,51.0000000000,0,ST LOUIS,ST LOUIS
ST. LOUIS - LEM002,93,1.0000000000,52.0000000000,52.0000000000,0,ST LOUIS,ST LOUIS
ST. LOUIS - LEM003,94,1.0000000000,9.0000000000,9.0000000000,0,ST LOUIS,ST LOUIS
ST. LOUIS - LEM004,93,0.0714285714,1.0000000000,14.0000000000,0,ST LOUIS,ST LOUIS
ST. LOUIS - LEM004,94,0.9285714286,13.0000000000,14.0000000000,0,ST LOUIS,ST LOUIS
ST. LOUIS - LEM005,93,1.0000000000,2.0000000000,2.0000000000,0,ST LOUIS,ST LOUIS
ST. LOUIS - LEM006,93,1.0000000000,21.0000000000,21.0000000000,0,ST LOUIS,ST LOUIS
ST. LOUIS - LEM007,93,1.0000000000,51.0000000000,51.0000000000,0,ST LOUIS,ST LOUIS
ST. LOUIS - LEM008,93,1.0000000000,11.0000000000,11.0000000000,0,ST LOUIS,ST LOUIS
ST. LOUIS - LEM009,92,0.9200000000,23.0000000000,25.0000000000,0,ST LOUIS,ST LOUIS
ST. LOUIS - LEM009,93,0.0800000000,2.0000000000,25.0000000000,0,ST LOUIS,ST LOUIS
ST. LOUIS - LEM010,93,1.0000000000,32.0000000000,32.0000000000,0,ST LOUIS,ST LOUIS
ST. LOUIS - LEM011,93,1.0000000000,20.0000000000,20.0000000000,0,ST LOUIS,ST LOUIS
ST. LOUIS - LEM012,93,1.0000000000,7.0000000000,7.0000000000,0,ST LOUIS,ST LOUIS
ST. LOUIS - LEM013,93,1.0000000000,25.0000000000,25.0000000000,0,ST LOUIS,ST LOUIS
ST. LOUIS - LEM014,93,1.0000000000,4.0000000000,4.0000000000,0,ST LOUIS,ST LOUIS
ST. LOUIS - LEM015,93,0.4545454545,10.0000000000,22.0000000000,0,ST LOUIS,ST LOUIS
ST. LOUIS - LEM015,94,0.5454545455,12.0000000000,22.0000000000,0,ST LOUIS,ST LOUIS
ST. LOUIS - LEM016,94,1.0000000000,6.0000000000,6.0000000000,0,ST LOUIS,ST LOUIS
ST. LOUIS - LEM017,92,1.0000000000,4.0000000000,4.0000000000,0,ST LOUIS,ST LOUIS
ST. LOUIS - LEM018,93,1.0000000000,3.0000000000,3.0000000000,0,ST LOUIS,ST LOUIS
ST. LOUIS - LEM019,93,1.0000000000,2.0000000000,2.0000000000,0,ST LOUIS,ST LOUIS
ST. LOUIS - LEM020,93,1.0000000000,2.0000000000,2.0000000000,0,ST LOUIS,ST LOUIS
ST. LOUIS - LEM021,93,1.0000000000,18.0000000000,18.0000000000,0,ST LOUIS,ST LOUIS
ST. LOUIS - LEM022,92,0.1176470588,2.0000000000,17.0000000000,0,ST LOUIS,ST LOUIS
ST. LOUIS - LEM022,93,0.8823529412,15.0000000000,17.0000000000,0,ST LOUIS,ST LOUIS
ST. LOUIS - LEM023,93,1.0000000000,15.0000000000,15.0000000000,0,ST LOUIS,ST LOUIS
ST. LOUIS - LEM024,92,0.1578947368,3.0000000000,19.0000000000,0,ST LOUIS,ST LOUIS
ST. LOUIS - LEM024,94,0.8421052632,16.0000000000,19.0000000000,0,ST LOUIS,ST LOUIS
ST. LOUIS - LEM025,93,1.0000000000,3.0000000000,3.0000000000,0,ST LOUIS,ST LOUIS
ST. LOUIS - LEM026,93,1.0000000000,7.0000000000,7.0000000000,0,ST LOUIS,ST LOUIS
ST. LOUIS - LEM027,93,1.0000000000,7.0000000000,7.0000000000,0,ST LOUIS,ST LOUIS
ST. LOUIS - LEM028,93,1.0000000000,5.0000000000,5.0000000000,0,ST LOUIS,ST LOUIS
ST. LOUIS - LEM029,92,1.0000000000,7.0000000000,7.0000000000,0,ST LOUIS,ST LOUIS
ST. LOUIS - LEM030,93,1.0000000000,37.0000000000,37.0000000000,0,ST LOUIS,ST LOUIS
ST. LOUIS - LEM031,93,0.2200000000,11.0000000000,50.0000000000,0,ST LOUIS,ST LOUIS
ST. LOUIS - LEM031,94,0.7800000000,39.0000000000,50.0000000000,0,ST LOUIS,ST LOUIS
ST. LOUIS - LEM032,93,0.3000000000,3.0000000000,10.0000000000,0,ST LOUIS,ST LOUIS
ST. LOUIS - LEM032,94,0.7000000000,7.0000000000,10.0000000000,0,ST LOUIS,ST LOUIS
ST. LOUIS - LEM033,94,1.0000000000,2.0000000000,2.0000000000,0,ST LOUIS,ST LOUIS
ST. LOUIS - LEM200,93,1.0000000000,3.0000000000,3.0000000000,0,ST LOUIS,ST LOUIS
ST. LOUIS - LEM201,93,1.0000000000,2.0000000000,2.0000000000,0,ST LOUIS,ST LOUIS
ST. LOUIS - LEM202,93,1.0000000000,2.0000000000,2.0000000000,0,ST LOUIS,ST LOUIS
ST. LOUIS - LEM204,93,1.0000000000,3.0000000000,3.0000000000,0,ST LOUIS,ST LOUIS
ST. LOUIS - LEM205,93,1.0000000000,2.0000000000,2.0000000000,0,ST LOUIS,ST LOUIS
ST. LOUIS - LEM208,94,1.0000000000,1.0000000000,1.0000000000,0,ST LOUIS,ST LOUIS
ST. LOUIS - MER001,88,1.0000000000,10.0000000000,10.0000000000,0,ST LOUIS,ST LOUIS
ST. LOUIS - MER002,110,1.0000000000,1.0000000000,1.0000000000,0,ST LOUIS,ST LOUIS
ST. LOUIS - MER003,110,1.0000000000,17.0000000000,17.0000000000,0,ST LOUIS,ST LOUIS
ST. LOUIS - MER004,110,1.0000000000,17.0000000000,17.0000000000,0,ST LOUIS,ST LOUIS
ST. LOUIS - MER005,110,1.0000000000,5.0000000000,5.0000000000,0,ST LOUIS,ST LOUIS
ST. LOUIS - MER006,88,1.0000000000,47.0000000000,47.0000000000,0,ST LOUIS,ST LOUIS
ST. LOUIS - MER007,88,1.0000000000,8.0000000000,8.0000000000,0,ST LOUIS,ST LOUIS
ST. LOUIS - MER008,88,0.1250000000,1.0000000000,8.0000000000,0,ST LOUIS,ST LOUIS
ST. LOUIS - MER008,110,0.8750000000,7.0000000000,8.0000000000,0,ST LOUIS,ST LOUIS
ST. LOUIS - MER009,88,1.0000000000,4.0000000000,4.0000000000,0,ST LOUIS,ST LOUIS
ST. LOUIS - MER010,110,1.0000000000,4.0000000000,4.0000000000,0,ST LOUIS,ST LOUIS
ST. LOUIS - MER011,88,1.0000000000,19.0000000000,19.0000000000,0,ST LOUIS,ST LOUIS
ST. LOUIS - MER012,100,1.0000000000,9.0000000000,9.0000000000,0,ST LOUIS,ST LOUIS
ST. LOUIS - MER013,88,1.0000000000,33.0000000000,33.0000000000,0,ST LOUIS,ST LOUIS
ST. LOUIS - MER014,88,1.0000000000,13.0000000000,13.0000000000,0,ST LOUIS,ST LOUIS
ST. LOUIS - MER015,88,1.0000000000,4.0000000000,4.0000000000,0,ST LOUIS,ST LOUIS
ST. LOUIS - MER016,88,0.9000000000,9.0000000000,10.0000000000,0,ST LOUIS,ST LOUIS
ST. LOUIS - MER016,119,0.1000000000,1.0000000000,10.0000000000,0,ST LOUIS,ST LOUIS
ST. LOUIS - MER017,88,1.0000000000,32.0000000000,32.0000000000,0,ST LOUIS,ST LOUIS
ST. LOUIS - MER018,88,1.0000000000,30.0000000000,30.0000000000,0,ST LOUIS,ST LOUIS
ST. LOUIS - MER019,88,0.9750000000,39.0000000000,40.0000000000,0,ST LOUIS,ST LOUIS
ST. LOUIS - MER019,111,0.0250000000,1.0000000000,40.0000000000,0,ST LOUIS,ST LOUIS
ST. LOUIS - MER020,88,1.0000000000,8.0000000000,8.0000000000,0,ST LOUIS,ST LOUIS
ST. LOUIS - MER021,88,1.0000000000,1.0000000000,1.0000000000,0,ST LOUIS,ST LOUIS
ST. LOUIS - MER022,88,1.0000000000,24.0000000000,24.0000000000,0,ST LOUIS,ST LOUIS
ST. LOUIS - MER023,88,1.0000000000,14.0000000000,14.0000000000,0,ST LOUIS,ST LOUIS
ST. LOUIS - MER024,96,0.1176470588,2.0000000000,17.0000000000,0,ST LOUIS,ST LOUIS
ST. LOUIS - MER024,98,0.8823529412,15.0000000000,17.0000000000,0,ST LOUIS,ST LOUIS
ST. LOUIS - MER025,88,1.0000000000,13.0000000000,13.0000000000,0,ST LOUIS,ST LOUIS
ST. LOUIS - MER026,96,1.0000000000,2.0000000000,2.0000000000,0,ST LOUIS,ST LOUIS
ST. LOUIS - MER027,100,1.0000000000,5.0000000000,5.0000000000,0,ST LOUIS,ST LOUIS
ST. LOUIS - MER028,110,1.0000000000,1.0000000000,1.0000000000,0,ST LOUIS,ST LOUIS
ST. LOUIS - MER029,88,0.7142857143,5.0000000000,7.0000000000,0,ST LOUIS,ST LOUIS
ST. LOUIS - MER029,100,0.2857142857,2.0000000000,7.0000000000,0,ST LOUIS,ST LOUIS
ST. LOUIS - MER030,88,1.0000000000,11.0000000000,11.0000000000,0,ST LOUIS,ST LOUIS
ST. LOUIS - MER031,98,1.0000000000,4.0000000000,4.0000000000,0,ST LOUIS,ST LOUIS
ST. LOUIS - MER032,88,1.0000000000,4.0000000000,4.0000000000,0,ST LOUIS,ST LOUIS
ST. LOUIS - MER033,100,1.0000000000,5.0000000000,5.0000000000,0,ST LOUIS,ST LOUIS
ST. LOUIS - MER034,100,1.0000000000,7.0000000000,7.0000000000,0,ST LOUIS,ST LOUIS
ST. LOUIS - MER035,110,1.0000000000,4.0000000000,4.0000000000,0,ST LOUIS,ST LOUIS
ST. LOUIS - MER036,100,1.0000000000,4.0000000000,4.0000000000,0,ST LOUIS,ST LOUIS
ST. LOUIS - MER037,88,1.0000000000,7.0000000000,7.0000000000,0,ST LOUIS,ST LOUIS
ST. LOUIS - MER038,88,1.0000000000,9.0000000000,9.0000000000,0,ST LOUIS,ST LOUIS
ST. LOUIS - MER039,100,1.0000000000,2.0000000000,2.0000000000,0,ST LOUIS,ST LOUIS
ST. LOUIS - MER040,88,1.0000000000,12.0000000000,12.0000000000,0,ST LOUIS,ST LOUIS
ST. LOUIS - MER041,88,1.0000000000,1.0000000000,1.0000000000,0,ST LOUIS,ST LOUIS
ST. LOUIS - MER042,88,1.0000000000,16.0000000000,16.0000000000,0,ST LOUIS,ST LOUIS
ST. LOUIS - MER043,96,0.8750000000,14.0000000000,16.0000000000,0,ST LOUIS,ST LOUIS
ST. LOUIS - MER043,98,0.1250000000,2.0000000000,16.0000000000,0,ST LOUIS,ST LOUIS
ST. LOUIS - MER044,98,1.0000000000,1.0000000000,1.0000000000,0,ST LOUIS,ST LOUIS
ST. LOUIS - MER045,88,1.0000000000,21.0000000000,21.0000000000,0,ST LOUIS,ST LOUIS
ST. LOUIS - MER046,88,0.9230769231,12.0000000000,13.0000000000,0,ST LOUIS,ST LOUIS
ST. LOUIS - MER046,111,0.0769230769,1.0000000000,13.0000000000,0,ST LOUIS,ST LOUIS
ST. LOUIS - MER047,88,1.0000000000,5.0000000000,5.0000000000,0,ST LOUIS,ST LOUIS
ST. LOUIS - MER048,88,1.0000000000,1.0000000000,1.0000000000,0,ST LOUIS,ST LOUIS
ST. LOUIS - MER200,88,1.0000000000,4.0000000000,4.0000000000,0,ST LOUIS,ST LOUIS
ST. LOUIS - MER202,98,1.0000000000,2.0000000000,2.0000000000,0,ST LOUIS,ST LOUIS
ST. LOUIS - MER204,98,1.0000000000,1.0000000000,1.0000000000,0,ST LOUIS,ST LOUIS
ST. LOUIS - MER207,88,1.0000000000,11.0000000000,11.0000000000,0,ST LOUIS,ST LOUIS
ST. LOUIS - MER209,110,1.0000000000,1.0000000000,1.0000000000,0,ST LOUIS,ST LOUIS
ST. LOUIS - MER210,88,1.0000000000,1.0000000000,1.0000000000,0,ST LOUIS,ST LOUIS
ST. LOUIS - MER213,98,1.0000000000,2.0000000000,2.0000000000,0,ST LOUIS,ST LOUIS
ST. LOUIS - MER214,88,1.0000000000,8.0000000000,8.0000000000,0,ST LOUIS,ST LOUIS
ST. LOUIS - MER215,98,1.0000000000,1.0000000000,1.0000000000,0,ST LOUIS,ST LOUIS
ST. LOUIS - MER219,88,0.2500000000,1.0000000000,4.0000000000,0,ST LOUIS,ST LOUIS
ST. LOUIS - MER219,110,0.7500000000,3.0000000000,4.0000000000,0,ST LOUIS,ST LOUIS
ST. LOUIS - MHT001,87,1.0000000000,8.0000000000,8.0000000000,0,ST LOUIS,ST LOUIS
ST. LOUIS - MHT002,101,1.0000000000,10.0000000000,10.0000000000,0,ST LOUIS,ST LOUIS
ST. LOUIS - MHT003,101,1.0000000000,9.0000000000,9.0000000000,0,ST LOUIS,ST LOUIS
ST. LOUIS - MHT004,101,1.0000000000,9.0000000000,9.0000000000,0,ST LOUIS,ST LOUIS
ST. LOUIS - MHT005,87,1.0000000000,30.0000000000,30.0000000000,0,ST LOUIS,ST LOUIS
ST. LOUIS - MHT006,87,1.0000000000,1.0000000000,1.0000000000,0,ST LOUIS,ST LOUIS
ST. LOUIS - MHT007,101,1.0000000000,1.0000000000,1.0000000000,0,ST LOUIS,ST LOUIS
ST. LOUIS - MHT008,71,0.7500000000,3.0000000000,4.0000000000,0,ST LOUIS,ST LOUIS
ST. LOUIS - MHT008,87,0.2500000000,1.0000000000,4.0000000000,0,ST LOUIS,ST LOUIS
ST. LOUIS - MHT009,71,0.7500000000,15.0000000000,20.0000000000,0,ST LOUIS,ST LOUIS
ST. LOUIS - MHT009,87,0.2000000000,4.0000000000,20.0000000000,0,ST LOUIS,ST LOUIS
ST. LOUIS - MHT009,89,0.0500000000,1.0000000000,20.0000000000,0,ST LOUIS,ST LOUIS
ST. LOUIS - MHT010,71,1.0000000000,7.0000000000,7.0000000000,0,ST LOUIS,ST LOUIS
ST. LOUIS - MHT011,71,0.8888888889,8.0000000000,9.0000000000,0,ST LOUIS,ST LOUIS
ST. LOUIS - MHT011,87,0.1111111111,1.0000000000,9.0000000000,0,ST LOUIS,ST LOUIS
ST. LOUIS - MHT012,87,1.0000000000,4.0000000000,4.0000000000,0,ST LOUIS,ST LOUIS
ST. LOUIS - MHT013,71,0.8333333333,5.0000000000,6.0000000000,0,ST LOUIS,ST LOUIS
ST. LOUIS - MHT013,87,0.1666666667,1.0000000000,6.0000000000,0,ST LOUIS,ST LOUIS
ST. LOUIS - MHT014,87,1.0000000000,51.0000000000,51.0000000000,0,ST LOUIS,ST LOUIS
ST. LOUIS - MHT015,87,1.0000000000,10.0000000000,10.0000000000,0,ST LOUIS,ST LOUIS
ST. LOUIS - MHT016,87,1.0000000000,6.0000000000,6.0000000000,0,ST LOUIS,ST LOUIS
ST. LOUIS - MHT017,87,1.0000000000,14.0000000000,14.0000000000,0,ST LOUIS,ST LOUIS
ST. LOUIS - MHT018,87,1.0000000000,27.0000000000,27.0000000000,0,ST LOUIS,ST LOUIS
ST. LOUIS - MHT019,87,1.0000000000,23.0000000000,23.0000000000,0,ST LOUIS,ST LOUIS
ST. LOUIS - MHT020,87,1.0000000000,13.0000000000,13.0000000000,0,ST LOUIS,ST LOUIS
ST. LOUIS - MHT021,71,1.0000000000,1.0000000000,1.0000000000,0,ST LOUIS,ST LOUIS
ST. LOUIS - MHT022,87,1.0000000000,10.0000000000,10.0000000000,0,ST LOUIS,ST LOUIS
ST. LOUIS - MHT023,71,0.0588235294,1.0000000000,17.0000000000,0,ST LOUIS,ST LOUIS
ST. LOUIS - MHT023,87,0.9411764706,16.0000000000,17.0000000000,0,ST LOUIS,ST LOUIS
ST. LOUIS - MHT024,101,1.0000000000,6.0000000000,6.0000000000,0,ST LOUIS,ST LOUIS
ST. LOUIS - MHT025,71,1.0000000000,20.0000000000,20.0000000000,0,ST LOUIS,ST LOUIS
ST. LOUIS - MHT026,101,1.0000000000,5.0000000000,5.0000000000,0,ST LOUIS,ST LOUIS
ST. LOUIS - MHT027,87,1.0000000000,8.0000000000,8.0000000000,0,ST LOUIS,ST LOUIS
ST. LOUIS - MHT028,71,1.0000000000,4.0000000000,4.0000000000,0,ST LOUIS,ST LOUIS
ST. LOUIS - MHT029,87,1.0000000000,1.0000000000,1.0000000000,0,ST LOUIS,ST LOUIS
ST. LOUIS - MHT030,87,1.0000000000,24.0000000000,24.0000000000,0,ST LOUIS,ST LOUIS
ST. LOUIS - MHT031,87,1.0000000000,1.0000000000,1.0000000000,0,ST LOUIS,ST LOUIS
ST. LOUIS - MHT032,87,1.0000000000,9.0000000000,9.0000000000,0,ST LOUIS,ST LOUIS
ST. LOUIS - MHT033,71,1.0000000000,1.0000000000,1.0000000000,0,ST LOUIS,ST LOUIS
ST. LOUIS - MHT034,71,1.0000000000,18.0000000000,18.0000000000,0,ST LOUIS,ST LOUIS
ST. LOUIS - MHT035,89,1.0000000000,21.0000000000,21.0000000000,0,ST LOUIS,ST LOUIS
ST. LOUIS - MHT036,87,1.0000000000,16.0000000000,16.0000000000,0,ST LOUIS,ST LOUIS
ST. LOUIS - MHT037,87,1.0000000000,20.0000000000,20.0000000000,0,ST LOUIS,ST LOUIS
ST. LOUIS - MHT038,87,1.0000000000,9.0000000000,9.0000000000,0,ST LOUIS,ST LOUIS
ST. LOUIS - MHT039,89,1.0000000000,8.0000000000,8.0000000000,0,ST LOUIS,ST LOUIS
ST. LOUIS - MHT040,71,0.8333333333,5.0000000000,6.0000000000,0,ST LOUIS,ST LOUIS
ST. LOUIS - MHT040,87,0.1666666667,1.0000000000,6.0000000000,0,ST LOUIS,ST LOUIS
ST. LOUIS - MHT041,87,1.0000000000,9.0000000000,9.0000000000,0,ST LOUIS,ST LOUIS
ST. LOUIS - MHT042,87,1.0000000000,5.0000000000,5.0000000000,0,ST LOUIS,ST LOUIS
ST. LOUIS - MHT043,71,1.0000000000,7.0000000000,7.0000000000,0,ST LOUIS,ST LOUIS
ST. LOUIS - MHT044,71,0.1250000000,1.0000000000,8.0000000000,0,ST LOUIS,ST LOUIS
ST. LOUIS - MHT044,87,0.8750000000,7.0000000000,8.0000000000,0,ST LOUIS,ST LOUIS
ST. LOUIS - MHT045,87,1.0000000000,1.0000000000,1.0000000000,0,ST LOUIS,ST LOUIS
ST. LOUIS - MHT046,87,1.0000000000,3.0000000000,3.0000000000,0,ST LOUIS,ST LOUIS
ST. LOUIS - MHT047,87,1.0000000000,1.0000000000,1.0000000000,0,ST LOUIS,ST LOUIS
ST. LOUIS - MHT048,87,1.0000000000,1.0000000000,1.0000000000,0,ST LOUIS,ST LOUIS
ST. LOUIS - MHT049,87,1.0000000000,3.0000000000,3.0000000000,0,ST LOUIS,ST LOUIS
ST. LOUIS - MHT050,71,1.0000000000,7.0000000000,7.0000000000,0,ST LOUIS,ST LOUIS
ST. LOUIS - MHT051,71,1.0000000000,2.0000000000,2.0000000000,0,ST LOUIS,ST LOUIS
ST. LOUIS - MHT052,87,1.0000000000,4.0000000000,4.0000000000,0,ST LOUIS,ST LOUIS
ST. LOUIS - MHT053,71,1.0000000000,5.0000000000,5.0000000000,0,ST LOUIS,ST LOUIS
ST. LOUIS - MHT054,89,1.0000000000,6.0000000000,6.0000000000,0,ST LOUIS,ST LOUIS
ST. LOUIS - MHT055,71,1.0000000000,2.0000000000,2.0000000000,0,ST LOUIS,ST LOUIS
ST. LOUIS - MHT056,89,1.0000000000,17.0000000000,17.0000000000,0,ST LOUIS,ST LOUIS
ST. LOUIS - MHT057,87,1.0000000000,1.0000000000,1.0000000000,0,ST LOUIS,ST LOUIS
ST. LOUIS - MHT058,87,1.0000000000,3.0000000000,3.0000000000,0,ST LOUIS,ST LOUIS
ST. LOUIS - MHT059,87,1.0000000000,1.0000000000,1.0000000000,0,ST LOUIS,ST LOUIS
ST. LOUIS - MHT200,71,1.0000000000,5.0000000000,5.0000000000,0,ST LOUIS,ST LOUIS
ST. LOUIS - MHT203,87,1.0000000000,13.0000000000,13.0000000000,0,ST LOUIS,ST LOUIS
ST. LOUIS - MHT206,87,1.0000000000,4.0000000000,4.0000000000,0,ST LOUIS,ST LOUIS
ST. LOUIS - MHT207,71,0.5000000000,2.0000000000,4.0000000000,0,ST LOUIS,ST LOUIS
ST. LOUIS - MHT207,89,0.5000000000,2.0000000000,4.0000000000,0,ST LOUIS,ST LOUIS
ST. LOUIS - MHT208,89,1.0000000000,1.0000000000,1.0000000000,0,ST LOUIS,ST LOUIS
ST. LOUIS - MHT211,87,1.0000000000,1.0000000000,1.0000000000,0,ST LOUIS,ST LOUIS
ST. LOUIS - MHT212,71,1.0000000000,1.0000000000,1.0000000000,0,ST LOUIS,ST LOUIS
ST. LOUIS - MHT213,87,1.0000000000,3.0000000000,3.0000000000,0,ST LOUIS,ST LOUIS
ST. LOUIS - MHT214,101,1.0000000000,4.0000000000,4.0000000000,0,ST LOUIS,ST LOUIS
ST. LOUIS - MHT216,87,1.0000000000,6.0000000000,6.0000000000,0,ST LOUIS,ST LOUIS
ST. LOUIS - MHT219,89,1.0000000000,1.0000000000,1.0000000000,0,ST LOUIS,ST LOUIS
ST. LOUIS - MHT220,87,1.0000000000,1.0000000000,1.0000000000,0,ST LOUIS,ST LOUIS
ST. LOUIS - MHT222,87,1.0000000000,1.0000000000,1.0000000000,0,ST LOUIS,ST LOUIS
ST. LOUIS - MHT223,71,1.0000000000,1.0000000000,1.0000000000,0,ST LOUIS,ST LOUIS
ST. LOUIS - MID001,99,1.0000000000,5.0000000000,5.0000000000,0,ST LOUIS,ST LOUIS
ST. LOUIS - MID002,72,1.0000000000,49.0000000000,49.0000000000,0,ST LOUIS,ST LOUIS
ST. LOUIS - MID003,72,1.0000000000,10.0000000000,10.0000000000,0,ST LOUIS,ST LOUIS
ST. LOUIS - MID004,72,1.0000000000,17.0000000000,17.0000000000,0,ST LOUIS,ST LOUIS
ST. LOUIS - MID005,72,1.0000000000,18.0000000000,18.0000000000,0,ST LOUIS,ST LOUIS
ST. LOUIS - MID006,72,1.0000000000,9.0000000000,9.0000000000,0,ST LOUIS,ST LOUIS
ST. LOUIS - MID007,73,1.0000000000,8.0000000000,8.0000000000,0,ST LOUIS,ST LOUIS
ST. LOUIS - MID008,72,1.0000000000,12.0000000000,12.0000000000,0,ST LOUIS,ST LOUIS
ST. LOUIS - MID009,72,1.0000000000,14.0000000000,14.0000000000,0,ST LOUIS,ST LOUIS
ST. LOUIS - MID010,74,1.0000000000,5.0000000000,5.0000000000,0,ST LOUIS,ST LOUIS
ST. LOUIS - MID011,72,1.0000000000,8.0000000000,8.0000000000,0,ST LOUIS,ST LOUIS
ST. LOUIS - MID012,72,1.0000000000,23.0000000000,23.0000000000,0,ST LOUIS,ST LOUIS
ST. LOUIS - MID013,99,1.0000000000,2.0000000000,2.0000000000,0,ST LOUIS,ST LOUIS
ST. LOUIS - MID014,72,1.0000000000,18.0000000000,18.0000000000,0,ST LOUIS,ST LOUIS
ST. LOUIS - MID015,74,1.0000000000,17.0000000000,17.0000000000,0,ST LOUIS,ST LOUIS
ST. LOUIS - MID016,99,1.0000000000,18.0000000000,18.0000000000,0,ST LOUIS,ST LOUIS
ST. LOUIS - MID017,99,1.0000000000,9.0000000000,9.0000000000,0,ST LOUIS,ST LOUIS
ST. LOUIS - MID018,74,1.0000000000,8.0000000000,8.0000000000,0,ST LOUIS,ST LOUIS
ST. LOUIS - MID019,72,0.1111111111,1.0000000000,9.0000000000,0,ST LOUIS,ST LOUIS
ST. LOUIS - MID019,99,0.8888888889,8.0000000000,9.0000000000,0,ST LOUIS,ST LOUIS
ST. LOUIS - MID020,72,0.1666666667,1.0000000000,6.0000000000,0,ST LOUIS,ST LOUIS
ST. LOUIS - MID020,74,0.8333333333,5.0000000000,6.0000000000,0,ST LOUIS,ST LOUIS
ST. LOUIS - MID021,73,1.0000000000,10.0000000000,10.0000000000,0,ST LOUIS,ST LOUIS
ST. LOUIS - MID022,73,1.0000000000,18.0000000000,18.0000000000,0,ST LOUIS,ST LOUIS
ST. LOUIS - MID023,72,1.0000000000,8.0000000000,8.0000000000,0,ST LOUIS,ST LOUIS
ST. LOUIS - MID024,72,1.0000000000,26.0000000000,26.0000000000,0,ST LOUIS,ST LOUIS
ST. LOUIS - MID025,74,1.0000000000,7.0000000000,7.0000000000,0,ST LOUIS,ST LOUIS
ST. LOUIS - MID026,72,1.0000000000,15.0000000000,15.0000000000,0,ST LOUIS,ST LOUIS
ST. LOUIS - MID027,72,1.0000000000,6.0000000000,6.0000000000,0,ST LOUIS,ST LOUIS
ST. LOUIS - MID028,99,1.0000000000,4.0000000000,4.0000000000,0,ST LOUIS,ST LOUIS
ST. LOUIS - MID029,99,1.0000000000,1.0000000000,1.0000000000,0,ST LOUIS,ST LOUIS
ST. LOUIS - MID030,74,1.0000000000,10.0000000000,10.0000000000,0,ST LOUIS,ST LOUIS
ST. LOUIS - MID031,72,1.0000000000,12.0000000000,12.0000000000,0,ST LOUIS,ST LOUIS
ST. LOUIS - MID032,74,1.0000000000,3.0000000000,3.0000000000,0,ST LOUIS,ST LOUIS
ST. LOUIS - MID033,72,1.0000000000,15.0000000000,15.0000000000,0,ST LOUIS,ST LOUIS
ST. LOUIS - MID034,99,1.0000000000,1.0000000000,1.0000000000,0,ST LOUIS,ST LOUIS
ST. LOUIS - MID035,72,0.6857142857,24.0000000000,35.0000000000,0,ST LOUIS,ST LOUIS
ST. LOUIS - MID035,87,0.3142857143,11.0000000000,35.0000000000,0,ST LOUIS,ST LOUIS
ST. LOUIS - MID036,99,1.0000000000,7.0000000000,7.0000000000,0,ST LOUIS,ST LOUIS
ST. LOUIS - MID037,99,1.0000000000,20.0000000000,20.0000000000,0,ST LOUIS,ST LOUIS
ST. LOUIS - MID038,74,1.0000000000,3.0000000000,3.0000000000,0,ST LOUIS,ST LOUIS
ST. LOUIS - MID039,99,1.0000000000,4.0000000000,4.0000000000,0,ST LOUIS,ST LOUIS
ST. LOUIS - MID040,99,1.0000000000,1.0000000000,1.0000000000,0,ST LOUIS,ST LOUIS
ST. LOUIS - MID041,99,1.0000000000,9.0000000000,9.0000000000,0,ST LOUIS,ST LOUIS
ST. LOUIS - MID042,72,1.0000000000,15.0000000000,15.0000000000,0,ST LOUIS,ST LOUIS
ST. LOUIS - MID043,72,1.0000000000,17.0000000000,17.0000000000,0,ST LOUIS,ST LOUIS
ST. LOUIS - MID044,99,1.0000000000,4.0000000000,4.0000000000,0,ST LOUIS,ST LOUIS
ST. LOUIS - MID045,99,1.0000000000,6.0000000000,6.0000000000,0,ST LOUIS,ST LOUIS
ST. LOUIS - MID046,72,1.0000000000,7.0000000000,7.0000000000,0,ST LOUIS,ST LOUIS
ST. LOUIS - MID047,73,1.0000000000,8.0000000000,8.0000000000,0,ST LOUIS,ST LOUIS
ST. LOUIS - MID048,99,1.0000000000,4.0000000000,4.0000000000,0,ST LOUIS,ST LOUIS
ST. LOUIS - MID049,99,1.0000000000,1.0000000000,1.0000000000,0,ST LOUIS,ST LOUIS
ST. LOUIS - MID050,72,1.0000000000,4.0000000000,4.0000000000,0,ST LOUIS,ST LOUIS
ST. LOUIS - MID051,99,1.0000000000,1.0000000000,1.0000000000,0,ST LOUIS,ST LOUIS
ST. LOUIS - MID052,72,1.0000000000,8.0000000000,8.0000000000,0,ST LOUIS,ST LOUIS
ST. LOUIS - MID053,72,1.0000000000,10.0000000000,10.0000000000,0,ST LOUIS,ST LOUIS
ST. LOUIS - MID054,99,1.0000000000,8.0000000000,8.0000000000,0,ST LOUIS,ST LOUIS
ST. LOUIS - MID055,74,1.0000000000,5.0000000000,5.0000000000,0,ST LOUIS,ST LOUIS
ST. LOUIS - MID056,72,1.0000000000,1.0000000000,1.0000000000,0,ST LOUIS,ST LOUIS
ST. LOUIS - MID057,99,1.0000000000,2.0000000000,2.0000000000,0,ST LOUIS,ST LOUIS
ST. LOUIS - MID058,99,1.0000000000,1.0000000000,1.0000000000,0,ST LOUIS,ST LOUIS
ST. LOUIS - MID059,72,1.0000000000,6.0000000000,6.0000000000,0,ST LOUIS,ST LOUIS
ST. LOUIS - MID060,74,1.0000000000,1.0000000000,1.0000000000,0,ST LOUIS,ST LOUIS
ST. LOUIS - MID061,72,1.0000000000,1.0000000000,1.0000000000,0,ST LOUIS,ST LOUIS
ST. LOUIS - MID200,99,1.0000000000,2.0000000000,2.0000000000,0,ST LOUIS,ST LOUIS
ST. LOUIS - MID201,72,0.5000000000,1.0000000000,2.0000000000,0,ST LOUIS,ST LOUIS
ST. LOUIS - MID201,99,0.5000000000,1.0000000000,2.0000000000,0,ST LOUIS,ST LOUIS
ST. LOUIS - MID202,99,1.0000000000,1.0000000000,1.0000000000,0,ST LOUIS,ST LOUIS
ST. LOUIS - MID204,99,1.0000000000,3.0000000000,3.0000000000,0,ST LOUIS,ST LOUIS
ST. LOUIS - NOR001,85,1.0000000000,20.0000000000,20.0000000000,0,ST LOUIS,ST LOUIS
ST. LOUIS - NOR002,85,1.0000000000,24.0000000000,24.0000000000,0,ST LOUIS,ST LOUIS
ST. LOUIS - NOR003,85,1.0000000000,19.0000000000,19.0000000000,0,ST LOUIS,ST LOUIS
ST. LOUIS - NOR004,74,1.0000000000,10.0000000000,10.0000000000,0,ST LOUIS,ST LOUIS
ST. LOUIS - NOR005,85,1.0000000000,10.0000000000,10.0000000000,0,ST LOUIS,ST LOUIS
ST. LOUIS - NOR006,85,1.0000000000,18.0000000000,18.0000000000,0,ST LOUIS,ST LOUIS
ST. LOUIS - NOR007,85,1.0000000000,18.0000000000,18.0000000000,0,ST LOUIS,ST LOUIS
ST. LOUIS - NOR008,85,1.0000000000,3.0000000000,3.0000000000,0,ST LOUIS,ST LOUIS
ST. LOUIS - NOR009,74,1.0000000000,15.0000000000,15.0000000000,0,ST LOUIS,ST LOUIS
ST. LOUIS - NOR010,74,1.0000000000,18.0000000000,18.0000000000,0,ST LOUIS,ST LOUIS
ST. LOUIS - NOR011,74,1.0000000000,15.0000000000,15.0000000000,0,ST LOUIS,ST LOUIS
ST. LOUIS - NOR012,74,1.0000000000,17.0000000000,17.0000000000,0,ST LOUIS,ST LOUIS
ST. LOUIS - NOR013,74,1.0000000000,3.0000000000,3.0000000000,0,ST LOUIS,ST LOUIS
ST. LOUIS - NOR014,74,1.0000000000,9.0000000000,9.0000000000,0,ST LOUIS,ST LOUIS
ST. LOUIS - NOR015,74,1.0000000000,17.0000000000,17.0000000000,0,ST LOUIS,ST LOUIS
ST. LOUIS - NOR016,74,1.0000000000,9.0000000000,9.0000000000,0,ST LOUIS,ST LOUIS
ST. LOUIS - NOR017,74,1.0000000000,1.0000000000,1.0000000000,0,ST LOUIS,ST LOUIS
ST. LOUIS - NOR018,74,1.0000000000,17.0000000000,17.0000000000,0,ST LOUIS,ST LOUIS
ST. LOUIS - NOR019,74,1.0000000000,3.0000000000,3.0000000000,0,ST LOUIS,ST LOUIS
ST. LOUIS - NOR020,74,1.0000000000,9.0000000000,9.0000000000,0,ST LOUIS,ST LOUIS
ST. LOUIS - NOR021,74,1.0000000000,24.0000000000,24.0000000000,0,ST LOUIS,ST LOUIS
ST. LOUIS - NOR022,74,1.0000000000,5.0000000000,5.0000000000,0,ST LOUIS,ST LOUIS
ST. LOUIS - NOR023,72,1.0000000000,17.0000000000,17.0000000000,0,ST LOUIS,ST LOUIS
ST. LOUIS - NOR024,74,1.0000000000,12.0000000000,12.0000000000,0,ST LOUIS,ST LOUIS
ST. LOUIS - NOR025,74,1.0000000000,18.0000000000,18.0000000000,0,ST LOUIS,ST LOUIS
ST. LOUIS - NOR026,74,1.0000000000,42.0000000000,42.0000000000,0,ST LOUIS,ST LOUIS
ST. LOUIS - NOR027,74,1.0000000000,13.0000000000,13.0000000000,0,ST LOUIS,ST LOUIS
ST. LOUIS - NOR028,74,1.0000000000,2.0000000000,2.0000000000,0,ST LOUIS,ST LOUIS
ST. LOUIS - NOR029,85,1.0000000000,29.0000000000,29.0000000000,0,ST LOUIS,ST LOUIS
ST. LOUIS - NOR030,74,1.0000000000,23.0000000000,23.0000000000,0,ST LOUIS,ST LOUIS
ST. LOUIS - NOR031,74,1.0000000000,18.0000000000,18.0000000000,0,ST LOUIS,ST LOUIS
ST. LOUIS - NOR032,74,1.0000000000,10.0000000000,10.0000000000,0,ST LOUIS,ST LOUIS
ST. LOUIS - NOR033,74,1.0000000000,8.0000000000,8.0000000000,0,ST LOUIS,ST LOUIS
ST. LOUIS - NOR034,85,1.0000000000,4.0000000000,4.0000000000,0,ST LOUIS,ST LOUIS
ST. LOUIS - NOR035,74,1.0000000000,3.0000000000,3.0000000000,0,ST LOUIS,ST LOUIS
ST. LOUIS - NOR036,74,1.0000000000,13.0000000000,13.0000000000,0,ST LOUIS,ST LOUIS
ST. LOUIS - NOR037,74,1.0000000000,16.0000000000,16.0000000000,0,ST LOUIS,ST LOUIS
ST. LOUIS - NOR038,74,1.0000000000,1.0000000000,1.0000000000,0,ST LOUIS,ST LOUIS
ST. LOUIS - NOR039,74,1.0000000000,16.0000000000,16.0000000000,0,ST LOUIS,ST LOUIS
ST. LOUIS - NOR040,74,1.0000000000,6.0000000000,6.0000000000,0,ST LOUIS,ST LOUIS
ST. LOUIS - NOR041,74,1.0000000000,10.0000000000,10.0000000000,0,ST LOUIS,ST LOUIS
ST. LOUIS - NOR042,74,1.0000000000,13.0000000000,13.0000000000,0,ST LOUIS,ST LOUIS
ST. LOUIS - NOR043,74,1.0000000000,2.0000000000,2.0000000000,0,ST LOUIS,ST LOUIS
ST. LOUIS - NOR044,85,1.0000000000,27.0000000000,27.0000000000,0,ST LOUIS,ST LOUIS
ST. LOUIS - NOR045,85,1.0000000000,25.0000000000,25.0000000000,0,ST LOUIS,ST LOUIS
ST. LOUIS - NOR046,74,1.0000000000,3.0000000000,3.0000000000,0,ST LOUIS,ST LOUIS
ST. LOUIS - NOR047,74,1.0000000000,2.0000000000,2.0000000000,0,ST LOUIS,ST LOUIS
ST. LOUIS - NOR048,85,1.0000000000,3.0000000000,3.0000000000,0,ST LOUIS,ST LOUIS
ST. LOUIS - NOR049,74,1.0000000000,2.0000000000,2.0000000000,0,ST LOUIS,ST LOUIS
ST. LOUIS - NOR050,74,1.0000000000,23.0000000000,23.0000000000,0,ST LOUIS,ST LOUIS
ST. LOUIS - NOR051,85,1.0000000000,27.0000000000,27.0000000000,0,ST LOUIS,ST LOUIS
ST. LOUIS - NOR052,74,1.0000000000,8.0000000000,8.0000000000,0,ST LOUIS,ST LOUIS
ST. LOUIS - NOR053,73,1.0000000000,3.0000000000,3.0000000000,0,ST LOUIS,ST LOUIS
ST. LOUIS - NOR054,74,1.0000000000,16.0000000000,16.0000000000,0,ST LOUIS,ST LOUIS
ST. LOUIS - NOR055,74,1.0000000000,12.0000000000,12.0000000000,0,ST LOUIS,ST LOUIS
ST. LOUIS - NOR056,74,1.0000000000,8.0000000000,8.0000000000,0,ST LOUIS,ST LOUIS
ST. LOUIS - NOR200,74,1.0000000000,3.0000000000,3.0000000000,0,ST LOUIS,ST LOUIS
ST. LOUIS - NOR201,74,1.0000000000,2.0000000000,2.0000000000,0,ST LOUIS,ST LOUIS
ST. LOUIS - NOR202,74,1.0000000000,7.0000000000,7.0000000000,0,ST LOUIS,ST LOUIS
ST. LOUIS - NOR203,74,1.0000000000,1.0000000000,1.0000000000,0,ST LOUIS,ST LOUIS
ST. LOUIS - NOR204,74,1.0000000000,6.0000000000,6.0000000000,0,ST LOUIS,ST LOUIS
ST. LOUIS - NOR208,74,1.0000000000,5.0000000000,5.0000000000,0,ST LOUIS,ST LOUIS
ST. LOUIS - NOR213,74,1.0000000000,3.0000000000,3.0000000000,0,ST LOUIS,ST LOUIS
ST. LOUIS - NOR218,85,1.0000000000,6.0000000000,6.0000000000,0,ST LOUIS,ST LOUIS
ST. LOUIS - NOR222,85,1.0000000000,4.0000000000,4.0000000000,0,ST LOUIS,ST LOUIS
ST. LOUIS - NRW001,73,1.0000000000,2.0000000000,2.0000000000,0,ST LOUIS,ST LOUIS
ST. LOUIS - NRW002,73,1.0000000000,7.0000000000,7.0000000000,0,ST LOUIS,ST LOUIS
ST. LOUIS - NRW003,73,1.0000000000,9.0000000000,9.0000000000,0,ST LOUIS,ST LOUIS
ST. LOUIS - NRW004,73,1.0000000000,10.0000000000,10.0000000000,0,ST LOUIS,ST LOUIS
ST. LOUIS - NRW005,73,1.0000000000,15.0000000000,15.0000000000,0,ST LOUIS,ST LOUIS
ST. LOUIS - NRW006,73,1.0000000000,8.0000000000,8.0000000000,0,ST LOUIS,ST LOUIS
ST. LOUIS - NRW007,73,1.0000000000,20.0000000000,20.0000000000,0,ST LOUIS,ST LOUIS
ST. LOUIS - NRW008,73,1.0000000000,34.0000000000,34.0000000000,0,ST LOUIS,ST LOUIS
ST. LOUIS - NRW009,73,1.0000000000,1.0000000000,1.0000000000,0,ST LOUIS,ST LOUIS
ST. LOUIS - NRW010,85,1.0000000000,13.0000000000,13.0000000000,0,ST LOUIS,ST LOUIS
ST. LOUIS - NRW011,85,1.0000000000,25.0000000000,25.0000000000,0,ST LOUIS,ST LOUIS
ST. LOUIS - NRW012,85,1.0000000000,1.0000000000,1.0000000000,0,ST LOUIS,ST LOUIS
ST. LOUIS - NRW013,85,1.0000000000,11.0000000000,11.0000000000,0,ST LOUIS,ST LOUIS
ST. LOUIS - NRW014,85,1.0000000000,4.0000000000,4.0000000000,0,ST LOUIS,ST LOUIS
ST. LOUIS - NRW015,73,1.0000000000,13.0000000000,13.0000000000,0,ST LOUIS,ST LOUIS
ST. LOUIS - NRW016,85,1.0000000000,1.0000000000,1.0000000000,0,ST LOUIS,ST LOUIS
ST. LOUIS - NRW017,73,1.0000000000,22.0000000000,22.0000000000,0,ST LOUIS,ST LOUIS
ST. LOUIS - NRW018,85,1.0000000000,11.0000000000,11.0000000000,0,ST LOUIS,ST LOUIS
ST. LOUIS - NRW019,73,1.0000000000,28.0000000000,28.0000000000,0,ST LOUIS,ST LOUIS
ST. LOUIS - NRW020,85,1.0000000000,1.0000000000,1.0000000000,0,ST LOUIS,ST LOUIS
ST. LOUIS - NRW021,73,1.0000000000,42.0000000000,42.0000000000,0,ST LOUIS,ST LOUIS
ST. LOUIS - NRW022,85,1.0000000000,8.0000000000,8.0000000000,0,ST LOUIS,ST LOUIS
ST. LOUIS - NRW023,85,1.0000000000,10.0000000000,10.0000000000,0,ST LOUIS,ST LOUIS
ST. LOUIS - NRW024,85,1.0000000000,1.0000000000,1.0000000000,0,ST LOUIS,ST LOUIS
ST. LOUIS - NRW025,73,1.0000000000,19.0000000000,19.0000000000,0,ST LOUIS,ST LOUIS
ST. LOUIS - NRW026,73,1.0000000000,11.0000000000,11.0000000000,0,ST LOUIS,ST LOUIS
ST. LOUIS - NRW027,73,1.0000000000,3.0000000000,3.0000000000,0,ST LOUIS,ST LOUIS
ST. LOUIS - NRW028,73,0.9375000000,15.0000000000,16.0000000000,0,ST LOUIS,ST LOUIS
ST. LOUIS - NRW028,85,0.0625000000,1.0000000000,16.0000000000,0,ST LOUIS,ST LOUIS
ST. LOUIS - NRW029,73,1.0000000000,21.0000000000,21.0000000000,0,ST LOUIS,ST LOUIS
ST. LOUIS - NRW030,73,0.1000000000,2.0000000000,20.0000000000,0,ST LOUIS,ST LOUIS
ST. LOUIS - NRW030,85,0.9000000000,18.0000000000,20.0000000000,0,ST LOUIS,ST LOUIS
ST. LOUIS - NRW031,85,1.0000000000,1.0000000000,1.0000000000,0,ST LOUIS,ST LOUIS
ST. LOUIS - NRW032,73,1.0000000000,13.0000000000,13.0000000000,0,ST LOUIS,ST LOUIS
ST. LOUIS - NRW033,85,1.0000000000,3.0000000000,3.0000000000,0,ST LOUIS,ST LOUIS
ST. LOUIS - NRW034,85,1.0000000000,7.0000000000,7.0000000000,0,ST LOUIS,ST LOUIS
ST. LOUIS - NRW035,74,1.0000000000,2.0000000000,2.0000000000,0,ST LOUIS,ST LOUIS
ST. LOUIS - NRW036,85,1.0000000000,8.0000000000,8.0000000000,0,ST LOUIS,ST LOUIS
ST. LOUIS - NRW037,85,1.0000000000,15.0000000000,15.0000000000,0,ST LOUIS,ST LOUIS
ST. LOUIS - NRW038,85,1.0000000000,6.0000000000,6.0000000000,0,ST LOUIS,ST LOUIS
ST. LOUIS - NRW039,85,1.0000000000,16.0000000000,16.0000000000,0,ST LOUIS,ST LOUIS
ST. LOUIS - NRW040,85,1.0000000000,14.0000000000,14.0000000000,0,ST LOUIS,ST LOUIS
ST. LOUIS - NRW041,85,1.0000000000,20.0000000000,20.0000000000,0,ST LOUIS,ST LOUIS
ST. LOUIS - NRW042,66,0.1153846154,3.0000000000,26.0000000000,0,ST LOUIS,ST LOUIS
ST. LOUIS - NRW042,85,0.8846153846,23.0000000000,26.0000000000,0,ST LOUIS,ST LOUIS
ST. LOUIS - NRW043,85,1.0000000000,28.0000000000,28.0000000000,0,ST LOUIS,ST LOUIS
ST. LOUIS - NRW044,85,1.0000000000,5.0000000000,5.0000000000,0,ST LOUIS,ST LOUIS
ST. LOUIS - NRW045,85,1.0000000000,2.0000000000,2.0000000000,0,ST LOUIS,ST LOUIS
ST. LOUIS - NRW046,85,1.0000000000,20.0000000000,20.0000000000,0,ST LOUIS,ST LOUIS
ST. LOUIS - NRW047,85,1.0000000000,24.0000000000,24.0000000000,0,ST LOUIS,ST LOUIS
ST. LOUIS - NRW048,85,1.0000000000,22.0000000000,22.0000000000,0,ST LOUIS,ST LOUIS
ST. LOUIS - NRW049,85,1.0000000000,6.0000000000,6.0000000000,0,ST LOUIS,ST LOUIS
ST. LOUIS - NRW050,85,1.0000000000,10.0000000000,10.0000000000,0,ST LOUIS,ST LOUIS
ST. LOUIS - NRW051,85,1.0000000000,16.0000000000,16.0000000000,0,ST LOUIS,ST LOUIS
ST. LOUIS - NRW200,73,1.0000000000,6.0000000000,6.0000000000,0,ST LOUIS,ST LOUIS
ST. LOUIS - NRW201,85,1.0000000000,1.0000000000,1.0000000000,0,ST LOUIS,ST LOUIS
ST. LOUIS - NRW202,74,1.0000000000,2.0000000000,2.0000000000,0,ST LOUIS,ST LOUIS
ST. LOUIS - NRW203,85,1.0000000000,4.0000000000,4.0000000000,0,ST LOUIS,ST LOUIS
ST. LOUIS - NRW204,74,0.5000000000,1.0000000000,2.0000000000,0,ST LOUIS,ST LOUIS
ST. LOUIS - NRW204,85,0.5000000000,1.0000000000,2.0000000000,0,ST LOUIS,ST LOUIS
ST. LOUIS - NRW205,74,0.2000000000,2.0000000000,10.0000000000,0,ST LOUIS,ST LOUIS
ST. LOUIS - NRW205,85,0.8000000000,8.0000000000,10.0000000000,0,ST LOUIS,ST LOUIS
ST. LOUIS - NW1604,68,1.0000000000,4.0000000000,4.0000000000,0,ST LOUIS,ST LOUIS
ST. LOUIS - OAK001,94,1.0000000000,12.0000000000,12.0000000000,0,ST LOUIS,ST LOUIS
ST. LOUIS - OAK002,94,1.0000000000,26.0000000000,26.0000000000,0,ST LOUIS,ST LOUIS
ST. LOUIS - OAK003,94,1.0000000000,14.0000000000,14.0000000000,0,ST LOUIS,ST LOUIS
ST. LOUIS - OAK004,94,1.0000000000,3.0000000000,3.0000000000,0,ST LOUIS,ST LOUIS
ST. LOUIS - OAK005,94,1.0000000000,17.0000000000,17.0000000000,0,ST LOUIS,ST LOUIS
ST. LOUIS - OAK006,94,1.0000000000,11.0000000000,11.0000000000,0,ST LOUIS,ST LOUIS
ST. LOUIS - OAK007,95,1.0000000000,9.0000000000,9.0000000000,0,ST LOUIS,ST LOUIS
ST. LOUIS - OAK008,94,0.5555555556,5.0000000000,9.0000000000,0,ST LOUIS,ST LOUIS
ST. LOUIS - OAK008,95,0.4444444444,4.0000000000,9.0000000000,0,ST LOUIS,ST LOUIS
ST. LOUIS - OAK009,94,1.0000000000,9.0000000000,9.0000000000,0,ST LOUIS,ST LOUIS
ST. LOUIS - OAK010,94,1.0000000000,8.0000000000,8.0000000000,0,ST LOUIS,ST LOUIS
ST. LOUIS - OAK011,94,0.9090909091,10.0000000000,11.0000000000,0,ST LOUIS,ST LOUIS
ST. LOUIS - OAK011,95,0.0909090909,1.0000000000,11.0000000000,0,ST LOUIS,ST LOUIS
ST. LOUIS - OAK012,93,0.1176470588,2.0000000000,17.0000000000,0,ST LOUIS,ST LOUIS
ST. LOUIS - OAK012,94,0.8823529412,15.0000000000,17.0000000000,0,ST LOUIS,ST LOUIS
ST. LOUIS - OAK013,95,1.0000000000,17.0000000000,17.0000000000,0,ST LOUIS,ST LOUIS
ST. LOUIS - OAK014,94,1.0000000000,6.0000000000,6.0000000000,0,ST LOUIS,ST LOUIS
ST. LOUIS - OAK015,95,1.0000000000,26.0000000000,26.0000000000,0,ST LOUIS,ST LOUIS
ST. LOUIS - OAK016,94,1.0000000000,8.0000000000,8.0000000000,0,ST LOUIS,ST LOUIS
ST. LOUIS - OAK017,95,1.0000000000,9.0000000000,9.0000000000,0,ST LOUIS,ST LOUIS
ST. LOUIS - OAK018,95,1.0000000000,2.0000000000,2.0000000000,0,ST LOUIS,ST LOUIS
ST. LOUIS - OAK019,95,1.0000000000,26.0000000000,26.0000000000,0,ST LOUIS,ST LOUIS
ST. LOUIS - OAK020,95,1.0000000000,8.0000000000,8.0000000000,0,ST LOUIS,ST LOUIS
ST. LOUIS - OAK021,95,1.0000000000,8.0000000000,8.0000000000,0,ST LOUIS,ST LOUIS
ST. LOUIS - OAK022,94,0.2857142857,2.0000000000,7.0000000000,0,ST LOUIS,ST LOUIS
ST. LOUIS - OAK022,95,0.7142857143,5.0000000000,7.0000000000,0,ST LOUIS,ST LOUIS
ST. LOUIS - OAK023,94,1.0000000000,9.0000000000,9.0000000000,0,ST LOUIS,ST LOUIS
ST. LOUIS - OAK024,94,1.0000000000,12.0000000000,12.0000000000,0,ST LOUIS,ST LOUIS
ST. LOUIS - OAK025,95,1.0000000000,6.0000000000,6.0000000000,0,ST LOUIS,ST LOUIS
ST. LOUIS - OAK026,95,1.0000000000,7.0000000000,7.0000000000,0,ST LOUIS,ST LOUIS
ST. LOUIS - OAK027,94,1.0000000000,7.0000000000,7.0000000000,0,ST LOUIS,ST LOUIS
ST. LOUIS - OAK028,94,1.0000000000,6.0000000000,6.0000000000,0,ST LOUIS,ST LOUIS
ST. LOUIS - OAK029,94,1.0000000000,2.0000000000,2.0000000000,0,ST LOUIS,ST LOUIS
ST. LOUIS - QUE001,98,1.0000000000,17.0000000000,17.0000000000,0,ST LOUIS,ST LOUIS
ST. LOUIS - QUE002,98,1.0000000000,10.0000000000,10.0000000000,0,ST LOUIS,ST LOUIS
ST. LOUIS - QUE003,98,1.0000000000,7.0000000000,7.0000000000,0,ST LOUIS,ST LOUIS
ST. LOUIS - QUE004,98,1.0000000000,9.0000000000,9.0000000000,0,ST LOUIS,ST LOUIS
ST. LOUIS - QUE005,98,1.0000000000,5.0000000000,5.0000000000,0,ST LOUIS,ST LOUIS
ST. LOUIS - QUE006,96,1.0000000000,15.0000000000,15.0000000000,0,ST LOUIS,ST LOUIS
ST. LOUIS - QUE007,98,1.0000000000,10.0000000000,10.0000000000,0,ST LOUIS,ST LOUIS
ST. LOUIS - QUE008,90,1.0000000000,16.0000000000,16.0000000000,0,ST LOUIS,ST LOUIS
ST. LOUIS - QUE009,96,1.0000000000,8.0000000000,8.0000000000,0,ST LOUIS,ST LOUIS
ST. LOUIS - QUE010,98,1.0000000000,6.0000000000,6.0000000000,0,ST LOUIS,ST LOUIS
ST. LOUIS - QUE011,90,1.0000000000,14.0000000000,14.0000000000,0,ST LOUIS,ST LOUIS
ST. LOUIS - QUE012,100,1.0000000000,6.0000000000,6.0000000000,0,ST LOUIS,ST LOUIS
ST. LOUIS - QUE013,100,1.0000000000,2.0000000000,2.0000000000,0,ST LOUIS,ST LOUIS
ST. LOUIS - QUE014,98,1.0000000000,2.0000000000,2.0000000000,0,ST LOUIS,ST LOUIS
ST. LOUIS - QUE015,98,1.0000000000,1.0000000000,1.0000000000,0,ST LOUIS,ST LOUIS
ST. LOUIS - QUE016,98,1.0000000000,7.0000000000,7.0000000000,0,ST LOUIS,ST LOUIS
ST. LOUIS - QUE017,98,1.0000000000,62.0000000000,62.0000000000,0,ST LOUIS,ST LOUIS
ST. LOUIS - QUE018,98,1.0000000000,19.0000000000,19.0000000000,0,ST LOUIS,ST LOUIS
ST. LOUIS - QUE019,100,1.0000000000,6.0000000000,6.0000000000,0,ST LOUIS,ST LOUIS
ST. LOUIS - QUE020,98,1.0000000000,19.0000000000,19.0000000000,0,ST LOUIS,ST LOUIS
ST. LOUIS - QUE021,98,1.0000000000,1.0000000000,1.0000000000,0,ST LOUIS,ST LOUIS
ST. LOUIS - QUE022,98,1.0000000000,18.0000000000,18.0000000000,0,ST LOUIS,ST LOUIS
ST. LOUIS - QUE023,98,1.0000000000,12.0000000000,12.0000000000,0,ST LOUIS,ST LOUIS
ST. LOUIS - QUE024,98,0.6923076923,9.0000000000,13.0000000000,0,ST LOUIS,ST LOUIS
ST. LOUIS - QUE024,100,0.3076923077,4.0000000000,13.0000000000,0,ST LOUIS,ST LOUIS
ST. LOUIS - QUE025,98,1.0000000000,1.0000000000,1.0000000000,0,ST LOUIS,ST LOUIS
ST. LOUIS - QUE026,100,1.0000000000,9.0000000000,9.0000000000,0,ST LOUIS,ST LOUIS
ST. LOUIS - QUE027,100,1.0000000000,4.0000000000,4.0000000000,0,ST LOUIS,ST LOUIS
ST. LOUIS - QUE028,98,1.0000000000,3.0000000000,3.0000000000,0,ST LOUIS,ST LOUIS
ST. LOUIS - QUE029,98,1.0000000000,17.0000000000,17.0000000000,0,ST LOUIS,ST LOUIS
ST. LOUIS - QUE030,98,1.0000000000,5.0000000000,5.0000000000,0,ST LOUIS,ST LOUIS
ST. LOUIS - QUE031,98,1.0000000000,4.0000000000,4.0000000000,0,ST LOUIS,ST LOUIS
ST. LOUIS - QUE032,98,1.0000000000,8.0000000000,8.0000000000,0,ST LOUIS,ST LOUIS
ST. LOUIS - QUE033,98,1.0000000000,3.0000000000,3.0000000000,0,ST LOUIS,ST LOUIS
ST. LOUIS - QUE034,98,1.0000000000,4.0000000000,4.0000000000,0,ST LOUIS,ST LOUIS
ST. LOUIS - QUE035,98,1.0000000000,20.0000000000,20.0000000000,0,ST LOUIS,ST LOUIS
ST. LOUIS - QUE036,98,1.0000000000,8.0000000000,8.0000000000,0,ST LOUIS,ST LOUIS
ST. LOUIS - QUE037,98,1.0000000000,7.0000000000,7.0000000000,0,ST LOUIS,ST LOUIS
ST. LOUIS - QUE038,98,1.0000000000,8.0000000000,8.0000000000,0,ST LOUIS,ST LOUIS
ST. LOUIS - QUE039,98,1.0000000000,10.0000000000,10.0000000000,0,ST LOUIS,ST LOUIS
ST. LOUIS - QUE040,98,1.0000000000,7.0000000000,7.0000000000,0,ST LOUIS,ST LOUIS
ST. LOUIS - QUE041,98,1.0000000000,2.0000000000,2.0000000000,0,ST LOUIS,ST LOUIS
ST. LOUIS - QUE042,98,1.0000000000,15.0000000000,15.0000000000,0,ST LOUIS,ST LOUIS
ST. LOUIS - QUE043,98,1.0000000000,10.0000000000,10.0000000000,0,ST LOUIS,ST LOUIS
ST. LOUIS - QUE044,98,1.0000000000,14.0000000000,14.0000000000,0,ST LOUIS,ST LOUIS
ST. LOUIS - QUE045,100,1.0000000000,10.0000000000,10.0000000000,0,ST LOUIS,ST LOUIS
ST. LOUIS - QUE046,98,1.0000000000,3.0000000000,3.0000000000,0,ST LOUIS,ST LOUIS
ST. LOUIS - QUE047,98,1.0000000000,1.0000000000,1.0000000000,0,ST LOUIS,ST LOUIS
ST. LOUIS - QUE048,98,1.0000000000,2.0000000000,2.0000000000,0,ST LOUIS,ST LOUIS
ST. LOUIS - QUE049,98,1.0000000000,5.0000000000,5.0000000000,0,ST LOUIS,ST LOUIS
ST. LOUIS - QUE200,96,0.8750000000,7.0000000000,8.0000000000,0,ST LOUIS,ST LOUIS
ST. LOUIS - QUE200,98,0.1250000000,1.0000000000,8.0000000000,0,ST LOUIS,ST LOUIS
ST. LOUIS - QUE201,98,1.0000000000,1.0000000000,1.0000000000,0,ST LOUIS,ST LOUIS
ST. LOUIS - QUE202,98,1.0000000000,10.0000000000,10.0000000000,0,ST LOUIS,ST LOUIS
ST. LOUIS - QUE203,96,0.9230769231,12.0000000000,13.0000000000,0,ST LOUIS,ST LOUIS
ST. LOUIS - QUE203,98,0.0769230769,1.0000000000,13.0000000000,0,ST LOUIS,ST LOUIS
ST. LOUIS - QUE204,98,1.0000000000,4.0000000000,4.0000000000,0,ST LOUIS,ST LOUIS
ST. LOUIS - QUE205,96,1.0000000000,2.0000000000,2.0000000000,0,ST LOUIS,ST LOUIS
ST. LOUIS - QUE207,100,1.0000000000,1.0000000000,1.0000000000,0,ST LOUIS,ST LOUIS
ST. LOUIS - QUE208,100,1.0000000000,1.0000000000,1.0000000000,0,ST LOUIS,ST LOUIS
ST. LOUIS - QUE209,98,1.0000000000,2.0000000000,2.0000000000,0,ST LOUIS,ST LOUIS
ST. LOUIS - QUE210,98,1.0000000000,5.0000000000,5.0000000000,0,ST LOUIS,ST LOUIS
ST. LOUIS - QUE211,98,1.0000000000,1.0000000000,1.0000000000,0,ST LOUIS,ST LOUIS
ST. LOUIS - QUE213,98,1.0000000000,17.0000000000,17.0000000000,0,ST LOUIS,ST LOUIS
ST. LOUIS - SPL001,67,1.0000000000,21.0000000000,21.0000000000,0,ST LOUIS,ST LOUIS
ST. LOUIS - SPL002,67,1.0000000000,19.0000000000,19.0000000000,0,ST LOUIS,ST LOUIS
ST. LOUIS - SPL003,66,0.6750000000,27.0000000000,40.0000000000,0,ST LOUIS,ST LOUIS
ST. LOUIS - SPL003,67,0.3250000000,13.0000000000,40.0000000000,0,ST LOUIS,ST LOUIS
ST. LOUIS - SPL004,66,0.2222222222,6.0000000000,27.0000000000,0,ST LOUIS,ST LOUIS
ST. LOUIS - SPL004,67,0.7777777778,21.0000000000,27.0000000000,0,ST LOUIS,ST LOUIS
ST. LOUIS - SPL005,66,1.0000000000,13.0000000000,13.0000000000,0,ST LOUIS,ST LOUIS
ST. LOUIS - SPL006,67,1.0000000000,4.0000000000,4.0000000000,0,ST LOUIS,ST LOUIS
ST. LOUIS - SPL007,67,0.9523809524,20.0000000000,21.0000000000,0,ST LOUIS,ST LOUIS
ST. LOUIS - SPL007,75,0.0476190476,1.0000000000,21.0000000000,0,ST LOUIS,ST LOUIS
ST. LOUIS - SPL008,67,1.0000000000,5.0000000000,5.0000000000,0,ST LOUIS,ST LOUIS
ST. LOUIS - SPL009,68,1.0000000000,5.0000000000,5.0000000000,0,ST LOUIS,ST LOUIS
ST. LOUIS - SPL010,67,1.0000000000,15.0000000000,15.0000000000,0,ST LOUIS,ST LOUIS
ST. LOUIS - SPL011,67,1.0000000000,10.0000000000,10.0000000000,0,ST LOUIS,ST LOUIS
ST. LOUIS - SPL012,68,1.0000000000,16.0000000000,16.0000000000,0,ST LOUIS,ST LOUIS
ST. LOUIS - SPL013,67,1.0000000000,15.0000000000,15.0000000000,0,ST LOUIS,ST LOUIS
ST. LOUIS - SPL014,67,1.0000000000,9.0000000000,9.0000000000,0,ST LOUIS,ST LOUIS
ST. LOUIS - SPL015,75,1.0000000000,13.0000000000,13.0000000000,0,ST LOUIS,ST LOUIS
ST. LOUIS - SPL016,67,1.0000000000,13.0000000000,13.0000000000,0,ST LOUIS,ST LOUIS
ST. LOUIS - SPL017,66,0.6666666667,6.0000000000,9.0000000000,0,ST LOUIS,ST LOUIS
ST. LOUIS - SPL017,67,0.3333333333,3.0000000000,9.0000000000,0,ST LOUIS,ST LOUIS
ST. LOUIS - SPL018,75,1.0000000000,10.0000000000,10.0000000000,0,ST LOUIS,ST LOUIS
ST. LOUIS - SPL019,66,0.6250000000,10.0000000000,16.0000000000,0,ST LOUIS,ST LOUIS
ST. LOUIS - SPL019,67,0.3750000000,6.0000000000,16.0000000000,0,ST LOUIS,ST LOUIS
ST. LOUIS - SPL020,68,0.4285714286,3.0000000000,7.0000000000,0,ST LOUIS,ST LOUIS
ST. LOUIS - SPL020,75,0.5714285714,4.0000000000,7.0000000000,0,ST LOUIS,ST LOUIS
ST. LOUIS - SPL021,75,1.0000000000,4.0000000000,4.0000000000,0,ST LOUIS,ST LOUIS
ST. LOUIS - SPL022,75,1.0000000000,8.0000000000,8.0000000000,0,ST LOUIS,ST LOUIS
ST. LOUIS - SPL023,66,0.2105263158,4.0000000000,19.0000000000,0,ST LOUIS,ST LOUIS
ST. LOUIS - SPL023,67,0.7894736842,15.0000000000,19.0000000000,0,ST LOUIS,ST LOUIS
ST. LOUIS - SPL024,67,1.0000000000,17.0000000000,17.0000000000,0,ST LOUIS,ST LOUIS
ST. LOUIS - SPL025,67,1.0000000000,7.0000000000,7.0000000000,0,ST LOUIS,ST LOUIS
ST. LOUIS - SPL026,75,1.0000000000,18.0000000000,18.0000000000,0,ST LOUIS,ST LOUIS
ST. LOUIS - SPL027,67,1.0000000000,14.0000000000,14.0000000000,0,ST LOUIS,ST LOUIS
ST. LOUIS - SPL028,67,1.0000000000,16.0000000000,16.0000000000,0,ST LOUIS,ST LOUIS
ST. LOUIS - SPL201,68,1.0000000000,1.0000000000,1.0000000000,0,ST LOUIS,ST LOUIS
ST. LOUIS - SPL202,75,1.0000000000,2.0000000000,2.0000000000,0,ST LOUIS,ST LOUIS
ST. LOUIS - SPL207,66,1.0000000000,3.0000000000,3.0000000000,0,ST LOUIS,ST LOUIS
ST. LOUIS - SPL208,75,1.0000000000,1.0000000000,1.0000000000,0,ST LOUIS,ST LOUIS
ST. LOUIS - TSF001,95,1.0000000000,4.0000000000,4.0000000000,0,ST LOUIS,ST LOUIS
ST. LOUIS - TSF002,95,1.0000000000,15.0000000000,15.0000000000,0,ST LOUIS,ST LOUIS
ST. LOUIS - TSF003,95,1.0000000000,13.0000000000,13.0000000000,0,ST LOUIS,ST LOUIS
ST. LOUIS - TSF004,95,1.0000000000,7.0000000000,7.0000000000,0,ST LOUIS,ST LOUIS
ST. LOUIS - TSF005,95,1.0000000000,6.0000000000,6.0000000000,0,ST LOUIS,ST LOUIS
ST. LOUIS - TSF006,94,0.2000000000,2.0000000000,10.0000000000,0,ST LOUIS,ST LOUIS
ST. LOUIS - TSF006,95,0.8000000000,8.0000000000,10.0000000000,0,ST LOUIS,ST LOUIS
ST. LOUIS - TSF007,94,1.0000000000,20.0000000000,20.0000000000,0,ST LOUIS,ST LOUIS
ST. LOUIS - TSF008,94,1.0000000000,4.0000000000,4.0000000000,0,ST LOUIS,ST LOUIS
ST. LOUIS - TSF009,95,1.0000000000,9.0000000000,9.0000000000,0,ST LOUIS,ST LOUIS
ST. LOUIS - TSF010,92,0.8181818182,9.0000000000,11.0000000000,0,ST LOUIS,ST LOUIS
ST. LOUIS - TSF010,94,0.1818181818,2.0000000000,11.0000000000,0,ST LOUIS,ST LOUIS
ST. LOUIS - TSF011,94,0.7777777778,14.0000000000,18.0000000000,0,ST LOUIS,ST LOUIS
ST. LOUIS - TSF011,95,0.2222222222,4.0000000000,18.0000000000,0,ST LOUIS,ST LOUIS
ST. LOUIS - TSF012,94,1.0000000000,10.0000000000,10.0000000000,0,ST LOUIS,ST LOUIS
ST. LOUIS - TSF013,94,1.0000000000,3.0000000000,3.0000000000,0,ST LOUIS,ST LOUIS
ST. LOUIS - TSF014,92,0.7500000000,6.0000000000,8.0000000000,0,ST LOUIS,ST LOUIS
ST. LOUIS - TSF014,95,0.2500000000,2.0000000000,8.0000000000,0,ST LOUIS,ST LOUIS
ST. LOUIS - TSF015,95,1.0000000000,9.0000000000,9.0000000000,0,ST LOUIS,ST LOUIS
ST. LOUIS - TSF016,95,1.0000000000,12.0000000000,12.0000000000,0,ST LOUIS,ST LOUIS
ST. LOUIS - TSF017,95,1.0000000000,12.0000000000,12.0000000000,0,ST LOUIS,ST LOUIS
ST. LOUIS - TSF018,94,1.0000000000,30.0000000000,30.0000000000,0,ST LOUIS,ST LOUIS
ST. LOUIS - TSF019,92,1.0000000000,16.0000000000,16.0000000000,0,ST LOUIS,ST LOUIS
ST. LOUIS - TSF020,95,1.0000000000,7.0000000000,7.0000000000,0,ST LOUIS,ST LOUIS
ST. LOUIS - TSF021,94,1.0000000000,17.0000000000,17.0000000000,0,ST LOUIS,ST LOUIS
ST. LOUIS - TSF022,92,0.8750000000,14.0000000000,16.0000000000,0,ST LOUIS,ST LOUIS
ST. LOUIS - TSF022,94,0.1250000000,2.0000000000,16.0000000000,0,ST LOUIS,ST LOUIS
ST. LOUIS - TSF023,92,1.0000000000,14.0000000000,14.0000000000,0,ST LOUIS,ST LOUIS
ST. LOUIS - TSF024,95,1.0000000000,15.0000000000,15.0000000000,0,ST LOUIS,ST LOUIS
ST. LOUIS - TSF025,94,0.1000000000,1.0000000000,10.0000000000,0,ST LOUIS,ST LOUIS
ST. LOUIS - TSF025,95,0.9000000000,9.0000000000,10.0000000000,0,ST LOUIS,ST LOUIS
ST. LOUIS - TSF026,94,1.0000000000,7.0000000000,7.0000000000,0,ST LOUIS,ST LOUIS
ST. LOUIS - TSF027,95,1.0000000000,4.0000000000,4.0000000000,0,ST LOUIS,ST LOUIS
ST. LOUIS - TSF201,94,1.0000000000,2.0000000000,2.0000000000,0,ST LOUIS,ST LOUIS
ST. LOUIS - UNV001,74,1.0000000000,20.0000000000,20.0000000000,0,ST LOUIS,ST LOUIS
ST. LOUIS - UNV002,74,1.0000000000,3.0000000000,3.0000000000,0,ST LOUIS,ST LOUIS
ST. LOUIS - UNV003,74,1.0000000000,14.0000000000,14.0000000000,0,ST LOUIS,ST LOUIS
ST. LOUIS - UNV004,86,1.0000000000,19.0000000000,19.0000000000,0,ST LOUIS,ST LOUIS
ST. LOUIS - UNV005,74,1.0000000000,3.0000000000,3.0000000000,0,ST LOUIS,ST LOUIS
ST. LOUIS - UNV006,74,1.0000000000,7.0000000000,7.0000000000,0,ST LOUIS,ST LOUIS
ST. LOUIS - UNV007,74,1.0000000000,9.0000000000,9.0000000000,0,ST LOUIS,ST LOUIS
ST. LOUIS - UNV008,74,1.0000000000,13.0000000000,13.0000000000,0,ST LOUIS,ST LOUIS
ST. LOUIS - UNV009,74,1.0000000000,15.0000000000,15.0000000000,0,ST LOUIS,ST LOUIS
ST. LOUIS - UNV010,74,1.0000000000,22.0000000000,22.0000000000,0,ST LOUIS,ST LOUIS
ST. LOUIS - UNV011,74,1.0000000000,10.0000000000,10.0000000000,0,ST LOUIS,ST LOUIS
ST. LOUIS - UNV012,74,1.0000000000,20.0000000000,20.0000000000,0,ST LOUIS,ST LOUIS
ST. LOUIS - UNV013,74,1.0000000000,1.0000000000,1.0000000000,0,ST LOUIS,ST LOUIS
ST. LOUIS - UNV014,86,1.0000000000,30.0000000000,30.0000000000,0,ST LOUIS,ST LOUIS
ST. LOUIS - UNV015,74,0.0952380952,2.0000000000,21.0000000000,0,ST LOUIS,ST LOUIS
ST. LOUIS - UNV015,86,0.9047619048,19.0000000000,21.0000000000,0,ST LOUIS,ST LOUIS
ST. LOUIS - UNV016,86,1.0000000000,12.0000000000,12.0000000000,0,ST LOUIS,ST LOUIS
ST. LOUIS - UNV017,74,1.0000000000,31.0000000000,31.0000000000,0,ST LOUIS,ST LOUIS
ST. LOUIS - UNV018,74,0.8000000000,4.0000000000,5.0000000000,0,ST LOUIS,ST LOUIS
ST. LOUIS - UNV018,86,0.2000000000,1.0000000000,5.0000000000,0,ST LOUIS,ST LOUIS
ST. LOUIS - UNV019,86,1.0000000000,20.0000000000,20.0000000000,0,ST LOUIS,ST LOUIS
ST. LOUIS - UNV020,86,1.0000000000,6.0000000000,6.0000000000,0,ST LOUIS,ST LOUIS
ST. LOUIS - UNV021,85,1.0000000000,20.0000000000,20.0000000000,0,ST LOUIS,ST LOUIS
ST. LOUIS - UNV022,86,1.0000000000,1.0000000000,1.0000000000,0,ST LOUIS,ST LOUIS
ST. LOUIS - UNV023,86,1.0000000000,24.0000000000,24.0000000000,0,ST LOUIS,ST LOUIS
ST. LOUIS - UNV024,86,1.0000000000,15.0000000000,15.0000000000,0,ST LOUIS,ST LOUIS
ST. LOUIS - UNV025,74,0.0312500000,1.0000000000,32.0000000000,0,ST LOUIS,ST LOUIS
ST. LOUIS - UNV025,86,0.9687500000,31.0000000000,32.0000000000,0,ST LOUIS,ST LOUIS
ST. LOUIS - UNV026,74,0.1578947368,3.0000000000,19.0000000000,0,ST LOUIS,ST LOUIS
ST. LOUIS - UNV026,86,0.8421052632,16.0000000000,19.0000000000,0,ST LOUIS,ST LOUIS
ST. LOUIS - UNV027,86,1.0000000000,21.0000000000,21.0000000000,0,ST LOUIS,ST LOUIS
ST. LOUIS - UNV028,86,1.0000000000,23.0000000000,23.0000000000,0,ST LOUIS,ST LOUIS
ST. LOUIS - UNV029,86,1.0000000000,23.0000000000,23.0000000000,0,ST LOUIS,ST LOUIS
ST. LOUIS - UNV030,74,1.0000000000,13.0000000000,13.0000000000,0,ST LOUIS,ST LOUIS
ST. LOUIS - UNV031,86,1.0000000000,14.0000000000,14.0000000000,0,ST LOUIS,ST LOUIS
ST. LOUIS - UNV032,86,1.0000000000,3.0000000000,3.0000000000,0,ST LOUIS,ST LOUIS
ST. LOUIS - UNV033,86,1.0000000000,11.0000000000,11.0000000000,0,ST LOUIS,ST LOUIS
ST. LOUIS - UNV034,86,1.0000000000,2.0000000000,2.0000000000,0,ST LOUIS,ST LOUIS
ST. LOUIS - UNV035,86,1.0000000000,20.0000000000,20.0000000000,0,ST LOUIS,ST LOUIS
ST. LOUIS - UNV036,74,1.0000000000,24.0000000000,24.0000000000,0,ST LOUIS,ST LOUIS
ST. LOUIS - UNV037,74,1.0000000000,21.0000000000,21.0000000000,0,ST LOUIS,ST LOUIS
ST. LOUIS - UNV038,86,1.0000000000,7.0000000000,7.0000000000,0,ST LOUIS,ST LOUIS
ST. LOUIS - UNV039,86,1.0000000000,3.0000000000,3.0000000000,0,ST LOUIS,ST LOUIS
ST. LOUIS - UNV040,86,1.0000000000,19.0000000000,19.0000000000,0,ST LOUIS,ST LOUIS
ST. LOUIS - UNV041,86,1.0000000000,15.0000000000,15.0000000000,0,ST LOUIS,ST LOUIS
ST. LOUIS - UNV042,86,1.0000000000,9.0000000000,9.0000000000,0,ST LOUIS,ST LOUIS
ST. LOUIS - UNV043,86,1.0000000000,9.0000000000,9.0000000000,0,ST LOUIS,ST LOUIS
ST. LOUIS - UNV045,74,1.0000000000,12.0000000000,12.0000000000,0,ST LOUIS,ST LOUIS
ST. LOUIS - UNV201,74,1.0000000000,2.0000000000,2.0000000000,0,ST LOUIS,ST LOUIS
ST. LOUIS - UNV202,72,1.0000000000,2.0000000000,2.0000000000,0,ST LOUIS,ST LOUIS
ST. LOUIS - UNV205,74,1.0000000000,5.0000000000,5.0000000000,0,ST LOUIS,ST LOUIS
ST. LOUIS - UNV206,86,1.0000000000,4.0000000000,4.0000000000,0,ST LOUIS,ST LOUIS
ST. LOUIS - UNV208,74,1.0000000000,1.0000000000,1.0000000000,0,ST LOUIS,ST LOUIS
ST. LOUIS CITY - 000003,84,1.0000000000,39.0000000000,39.0000000000,0,ST LOUIS CITY,ST LOUIS CITY
ST. LOUIS CITY - 000004,76,0.9722222222,35.0000000000,36.0000000000,0,ST LOUIS CITY,ST LOUIS CITY
ST. LOUIS CITY - 000004,84,0.0277777778,1.0000000000,36.0000000000,0,ST LOUIS CITY,ST LOUIS CITY
ST. LOUIS CITY - 000005,76,1.0000000000,44.0000000000,44.0000000000,0,ST LOUIS CITY,ST LOUIS CITY
ST. LOUIS CITY - 000006,77,0.8372093023,36.0000000000,43.0000000000,0,ST LOUIS CITY,ST LOUIS CITY
ST. LOUIS CITY - 000006,84,0.1627906977,7.0000000000,43.0000000000,0,ST LOUIS CITY,ST LOUIS CITY
ST. LOUIS CITY - 000007,77,0.2962962963,8.0000000000,27.0000000000,0,ST LOUIS CITY,ST LOUIS CITY
ST. LOUIS CITY - 000007,84,0.7037037037,19.0000000000,27.0000000000,0,ST LOUIS CITY,ST LOUIS CITY
ST. LOUIS CITY - 000008,77,1.0000000000,4.0000000000,4.0000000000,0,ST LOUIS CITY,ST LOUIS CITY
ST. LOUIS CITY - 000010,76,1.0000000000,133.0000000000,133.0000000000,0,ST LOUIS CITY,ST LOUIS CITY
ST. LOUIS CITY - 000011,76,1.0000000000,41.0000000000,41.0000000000,0,ST LOUIS CITY,ST LOUIS CITY
ST. LOUIS CITY - 000012,76,1.0000000000,69.0000000000,69.0000000000,0,ST LOUIS CITY,ST LOUIS CITY
ST. LOUIS CITY - 000014,76,1.0000000000,21.0000000000,21.0000000000,0,ST LOUIS CITY,ST LOUIS CITY
ST. LOUIS CITY - 000017,79,1.0000000000,51.0000000000,51.0000000000,0,ST LOUIS CITY,ST LOUIS CITY
ST. LOUIS CITY - 000019,76,0.5238095238,44.0000000000,84.0000000000,0,ST LOUIS CITY,ST LOUIS CITY
ST. LOUIS CITY - 000019,79,0.4761904762,40.0000000000,84.0000000000,0,ST LOUIS CITY,ST LOUIS CITY
ST. LOUIS CITY - 000020,76,0.0487804878,2.0000000000,41.0000000000,0,ST LOUIS CITY,ST LOUIS CITY
ST. LOUIS CITY - 000020,79,0.9512195122,39.0000000000,41.0000000000,0,ST LOUIS CITY,ST LOUIS CITY
ST. LOUIS CITY - 000022,76,0.5964912281,34.0000000000,57.0000000000,0,ST LOUIS CITY,ST LOUIS CITY
ST. LOUIS CITY - 000022,79,0.4035087719,23.0000000000,57.0000000000,0,ST LOUIS CITY,ST LOUIS CITY
ST. LOUIS CITY - 000023,76,1.0000000000,36.0000000000,36.0000000000,0,ST LOUIS CITY,ST LOUIS CITY
ST. LOUIS CITY - 000025,77,0.1551724138,9.0000000000,58.0000000000,0,ST LOUIS CITY,ST LOUIS CITY
ST. LOUIS CITY - 000025,79,0.8448275862,49.0000000000,58.0000000000,0,ST LOUIS CITY,ST LOUIS CITY
ST. LOUIS CITY - 000026,79,1.0000000000,36.0000000000,36.0000000000,0,ST LOUIS CITY,ST LOUIS CITY
ST. LOUIS CITY - 000027,77,1.0000000000,15.0000000000,15.0000000000,0,ST LOUIS CITY,ST LOUIS CITY
ST. LOUIS CITY - 000028,77,1.0000000000,27.0000000000,27.0000000000,0,ST LOUIS CITY,ST LOUIS CITY
ST. LOUIS CITY - 000030,77,1.0000000000,35.0000000000,35.0000000000,0,ST LOUIS CITY,ST LOUIS CITY
ST. LOUIS CITY - 000031,77,1.0000000000,6.0000000000,6.0000000000,0,ST LOUIS CITY,ST LOUIS CITY
ST. LOUIS CITY - 000032,78,0.3548387097,22.0000000000,62.0000000000,0,ST LOUIS CITY,ST LOUIS CITY
ST. LOUIS CITY - 000032,79,0.6451612903,40.0000000000,62.0000000000,0,ST LOUIS CITY,ST LOUIS CITY
ST. LOUIS CITY - 000033,76,0.0444444444,2.0000000000,45.0000000000,0,ST LOUIS CITY,ST LOUIS CITY
ST. LOUIS CITY - 000033,78,0.9555555556,43.0000000000,45.0000000000,0,ST LOUIS CITY,ST LOUIS CITY
ST. LOUIS CITY - 000035,76,0.4536082474,44.0000000000,97.0000000000,0,ST LOUIS CITY,ST LOUIS CITY
ST. LOUIS CITY - 000035,78,0.5463917526,53.0000000000,97.0000000000,0,ST LOUIS CITY,ST LOUIS CITY
ST. LOUIS CITY - 000036,78,1.0000000000,31.0000000000,31.0000000000,0,ST LOUIS CITY,ST LOUIS CITY
ST. LOUIS CITY - 000037,76,0.5542168675,46.0000000000,83.0000000000,0,ST LOUIS CITY,ST LOUIS CITY
ST. LOUIS CITY - 000037,78,0.4457831325,37.0000000000,83.0000000000,0,ST LOUIS CITY,ST LOUIS CITY
ST. LOUIS CITY - 000040,78,0.9090909091,30.0000000000,33.0000000000,0,ST LOUIS CITY,ST LOUIS CITY
ST. LOUIS CITY - 000040,79,0.0909090909,3.0000000000,33.0000000000,0,ST LOUIS CITY,ST LOUIS CITY
ST. LOUIS CITY - 000041,78,0.3125000000,5.0000000000,16.0000000000,0,ST LOUIS CITY,ST LOUIS CITY
ST. LOUIS CITY - 000041,79,0.6875000000,11.0000000000,16.0000000000,0,ST LOUIS CITY,ST LOUIS CITY
ST. LOUIS CITY - 000042,78,1.0000000000,41.0000000000,41.0000000000,0,ST LOUIS CITY,ST LOUIS CITY
ST. LOUIS CITY - 000043,78,0.0612244898,3.0000000000,49.0000000000,0,ST LOUIS CITY,ST LOUIS CITY
ST. LOUIS CITY - 000043,79,0.9387755102,46.0000000000,49.0000000000,0,ST LOUIS CITY,ST LOUIS CITY
ST. LOUIS CITY - 000044,78,0.2173913043,15.0000000000,69.0000000000,0,ST LOUIS CITY,ST LOUIS CITY
ST. LOUIS CITY - 000044,79,0.7826086957,54.0000000000,69.0000000000,0,ST LOUIS CITY,ST LOUIS CITY
ST. LOUIS CITY - 000045,78,0.5714285714,16.0000000000,28.0000000000,0,ST LOUIS CITY,ST LOUIS CITY
ST. LOUIS CITY - 000045,79,0.4285714286,12.0000000000,28.0000000000,0,ST LOUIS CITY,ST LOUIS CITY
ST. LOUIS CITY - 000046,78,0.2826086957,13.0000000000,46.0000000000,0,ST LOUIS CITY,ST LOUIS CITY
ST. LOUIS CITY - 000046,79,0.3043478261,14.0000000000,46.0000000000,0,ST LOUIS CITY,ST LOUIS CITY
ST. LOUIS CITY - 000046,80,0.4130434783,19.0000000000,46.0000000000,0,ST LOUIS CITY,ST LOUIS CITY
ST. LOUIS CITY - 000047,78,1.0000000000,35.0000000000,35.0000000000,0,ST LOUIS CITY,ST LOUIS CITY
ST. LOUIS CITY - 000048,78,0.9000000000,9.0000000000,10.0000000000,0,ST LOUIS CITY,ST LOUIS CITY
ST. LOUIS CITY - 000048,80,0.1000000000,1.0000000000,10.0000000000,0,ST LOUIS CITY,ST LOUIS CITY
ST. LOUIS CITY - 000049,78,1.0000000000,21.0000000000,21.0000000000,0,ST LOUIS CITY,ST LOUIS CITY
ST. LOUIS CITY - 000050,76,0.3125000000,10.0000000000,32.0000000000,0,ST LOUIS CITY,ST LOUIS CITY
ST. LOUIS CITY - 000050,78,0.6875000000,22.0000000000,32.0000000000,0,ST LOUIS CITY,ST LOUIS CITY
ST. LOUIS CITY - 000051,78,1.0000000000,12.0000000000,12.0000000000,0,ST LOUIS CITY,ST LOUIS CITY
ST. LOUIS CITY - 000052,76,0.3780487805,62.0000000000,164.0000000000,0,ST LOUIS CITY,ST LOUIS CITY
ST. LOUIS CITY - 000052,78,0.6219512195,102.0000000000,164.0000000000,0,ST LOUIS CITY,ST LOUIS CITY
ST. LOUIS CITY - 000053,76,0.5789473684,66.0000000000,114.0000000000,0,ST LOUIS CITY,ST LOUIS CITY
ST. LOUIS CITY - 000053,78,0.4210526316,48.0000000000,114.0000000000,0,ST LOUIS CITY,ST LOUIS CITY
ST. LOUIS CITY - 000054,76,1.0000000000,183.0000000000,183.0000000000,0,ST LOUIS CITY,ST LOUIS CITY
ST. LOUIS CITY - 000056,77,0.0222222222,1.0000000000,45.0000000000,0,ST LOUIS CITY,ST LOUIS CITY
ST. LOUIS CITY - 000056,79,0.8444444444,38.0000000000,45.0000000000,0,ST LOUIS CITY,ST LOUIS CITY
ST. LOUIS CITY - 000056,80,0.1333333333,6.0000000000,45.0000000000,0,ST LOUIS CITY,ST LOUIS CITY
ST. LOUIS CITY - 000057,80,0.8461538462,22.0000000000,26.0000000000,0,ST LOUIS CITY,ST LOUIS CITY
ST. LOUIS CITY - 000057,82,0.1538461538,4.0000000000,26.0000000000,0,ST LOUIS CITY,ST LOUIS CITY
ST. LOUIS CITY - 000058,79,1.0000000000,20.0000000000,20.0000000000,0,ST LOUIS CITY,ST LOUIS CITY
ST. LOUIS CITY - 000059,79,0.8571428571,24.0000000000,28.0000000000,0,ST LOUIS CITY,ST LOUIS CITY
ST. LOUIS CITY - 000059,80,0.1428571429,4.0000000000,28.0000000000,0,ST LOUIS CITY,ST LOUIS CITY
ST. LOUIS CITY - 000060,79,1.0000000000,30.0000000000,30.0000000000,0,ST LOUIS CITY,ST LOUIS CITY
ST. LOUIS CITY - 000061,80,1.0000000000,3.0000000000,3.0000000000,0,ST LOUIS CITY,ST LOUIS CITY
ST. LOUIS CITY - 000062,79,0.2857142857,4.0000000000,14.0000000000,0,ST LOUIS CITY,ST LOUIS CITY
ST. LOUIS CITY - 000062,80,0.7142857143,10.0000000000,14.0000000000,0,ST LOUIS CITY,ST LOUIS CITY
ST. LOUIS CITY - 000063,79,1.0000000000,26.0000000000,26.0000000000,0,ST LOUIS CITY,ST LOUIS CITY
ST. LOUIS CITY - 000064,80,1.0000000000,24.0000000000,24.0000000000,0,ST LOUIS CITY,ST LOUIS CITY
ST. LOUIS CITY - 000066,76,0.1186440678,7.0000000000,59.0000000000,0,ST LOUIS CITY,ST LOUIS CITY
ST. LOUIS CITY - 000066,81,0.8813559322,52.0000000000,59.0000000000,0,ST LOUIS CITY,ST LOUIS CITY
ST. LOUIS CITY - 000067,76,1.0000000000,31.0000000000,31.0000000000,0,ST LOUIS CITY,ST LOUIS CITY
ST. LOUIS CITY - 000068,76,1.0000000000,65.0000000000,65.0000000000,0,ST LOUIS CITY,ST LOUIS CITY
ST. LOUIS CITY - 000069,76,1.0000000000,35.0000000000,35.0000000000,0,ST LOUIS CITY,ST LOUIS CITY
ST. LOUIS CITY - 000070,78,1.0000000000,47.0000000000,47.0000000000,0,ST LOUIS CITY,ST LOUIS CITY
ST. LOUIS CITY - 000072,76,1.0000000000,43.0000000000,43.0000000000,0,ST LOUIS CITY,ST LOUIS CITY
ST. LOUIS CITY - 000073,80,0.1944444444,7.0000000000,36.0000000000,0,ST LOUIS CITY,ST LOUIS CITY
ST. LOUIS CITY - 000073,82,0.8055555556,29.0000000000,36.0000000000,0,ST LOUIS CITY,ST LOUIS CITY
ST. LOUIS CITY - 000074,80,0.0740740741,4.0000000000,54.0000000000,0,ST LOUIS CITY,ST LOUIS CITY
ST. LOUIS CITY - 000074,82,0.9259259259,50.0000000000,54.0000000000,0,ST LOUIS CITY,ST LOUIS CITY
ST. LOUIS CITY - 000075,77,0.1509433962,8.0000000000,53.0000000000,0,ST LOUIS CITY,ST LOUIS CITY
ST. LOUIS CITY - 000075,80,0.0188679245,1.0000000000,53.0000000000,0,ST LOUIS CITY,ST LOUIS CITY
ST. LOUIS CITY - 000075,82,0.8301886792,44.0000000000,53.0000000000,0,ST LOUIS CITY,ST LOUIS CITY
ST. LOUIS CITY - 000076,80,1.0000000000,48.0000000000,48.0000000000,0,ST LOUIS CITY,ST LOUIS CITY
ST. LOUIS CITY - 000077,80,1.0000000000,33.0000000000,33.0000000000,0,ST LOUIS CITY,ST LOUIS CITY
ST. LOUIS CITY - 000078,82,1.0000000000,18.0000000000,18.0000000000,0,ST LOUIS CITY,ST LOUIS CITY
ST. LOUIS CITY - 000079,80,1.0000000000,49.0000000000,49.0000000000,0,ST LOUIS CITY,ST LOUIS CITY
ST. LOUIS CITY - 000080,81,1.0000000000,88.0000000000,88.0000000000,0,ST LOUIS CITY,ST LOUIS CITY
ST. LOUIS CITY - 000081,81,1.0000000000,43.0000000000,43.0000000000,0,ST LOUIS CITY,ST LOUIS CITY
ST. LOUIS CITY - 000082,81,1.0000000000,67.0000000000,67.0000000000,0,ST LOUIS CITY,ST LOUIS CITY
ST. LOUIS CITY - 000083,81,1.0000000000,91.0000000000,91.0000000000,0,ST LOUIS CITY,ST LOUIS CITY
ST. LOUIS CITY - 000084,81,1.0000000000,59.0000000000,59.0000000000,0,ST LOUIS CITY,ST LOUIS CITY
ST. LOUIS CITY - 000085,81,1.0000000000,21.0000000000,21.0000000000,0,ST LOUIS CITY,ST LOUIS CITY
ST. LOUIS CITY - 000086,81,1.0000000000,27.0000000000,27.0000000000,0,ST LOUIS CITY,ST LOUIS CITY
ST. LOUIS CITY - 000087,81,1.0000000000,18.0000000000,18.0000000000,0,ST LOUIS CITY,ST LOUIS CITY
ST. LOUIS CITY - 000088,81,1.0000000000,61.0000000000,61.0000000000,0,ST LOUIS CITY,ST LOUIS CITY
ST. LOUIS CITY - 000089,81,0.0714285714,3.0000000000,42.0000000000,0,ST LOUIS CITY,ST LOUIS CITY
ST. LOUIS CITY - 000089,82,0.9285714286,39.0000000000,42.0000000000,0,ST LOUIS CITY,ST LOUIS CITY
ST. LOUIS CITY - 000090,82,1.0000000000,59.0000000000,59.0000000000,0,ST LOUIS CITY,ST LOUIS CITY
ST. LOUIS CITY - 000091,82,1.0000000000,5.0000000000,5.0000000000,0,ST LOUIS CITY,ST LOUIS CITY
ST. LOUIS CITY - 000092,81,0.9275362319,64.0000000000,69.0000000000,0,ST LOUIS CITY,ST LOUIS CITY
ST. LOUIS CITY - 000092,82,0.0724637681,5.0000000000,69.0000000000,0,ST LOUIS CITY,ST LOUIS CITY
ST. LOUIS CITY - 000093,81,1.0000000000,54.0000000000,54.0000000000,0,ST LOUIS CITY,ST LOUIS CITY
ST. LOUIS CITY - 000094,81,1.0000000000,63.0000000000,63.0000000000,0,ST LOUIS CITY,ST LOUIS CITY
ST. LOUIS CITY - 000095,81,1.0000000000,58.0000000000,58.0000000000,0,ST LOUIS CITY,ST LOUIS CITY
ST. LOUIS CITY - 000096,81,1.0000000000,6.0000000000,6.0000000000,0,ST LOUIS CITY,ST LOUIS CITY
ST. LOUIS CITY - 000097,81,1.0000000000,45.0000000000,45.0000000000,0,ST LOUIS CITY,ST LOUIS CITY
ST. LOUIS CITY - 000098,80,0.3846153846,10.0000000000,26.0000000000,0,ST LOUIS CITY,ST LOUIS CITY
ST. LOUIS CITY - 000098,81,0.1923076923,5.0000000000,26.0000000000,0,ST LOUIS CITY,ST LOUIS CITY
ST. LOUIS CITY - 000098,82,0.4230769231,11.0000000000,26.0000000000,0,ST LOUIS CITY,ST LOUIS CITY
ST. LOUIS CITY - 000099,80,1.0000000000,33.0000000000,33.0000000000,0,ST LOUIS CITY,ST LOUIS CITY
ST. LOUIS CITY - 000100,80,0.4473684211,17.0000000000,38.0000000000,0,ST LOUIS CITY,ST LOUIS CITY
ST. LOUIS CITY - 000100,81,0.5526315789,21.0000000000,38.0000000000,0,ST LOUIS CITY,ST LOUIS CITY
ST. LOUIS CITY - 000101,80,0.6428571429,18.0000000000,28.0000000000,0,ST LOUIS CITY,ST LOUIS CITY
ST. LOUIS CITY - 000101,82,0.3571428571,10.0000000000,28.0000000000,0,ST LOUIS CITY,ST LOUIS CITY
ST. LOUIS CITY - 000102,80,1.0000000000,16.0000000000,16.0000000000,0,ST LOUIS CITY,ST LOUIS CITY
ST. LOUIS CITY - 000103,80,1.0000000000,36.0000000000,36.0000000000,0,ST LOUIS CITY,ST LOUIS CITY
ST. LOUIS CITY - 000104,80,1.0000000000,5.0000000000,5.0000000000,0,ST LOUIS CITY,ST LOUIS CITY
ST. LOUIS CITY - 000105,80,1.0000000000,32.0000000000,32.0000000000,0,ST LOUIS CITY,ST LOUIS CITY
ST. LOUIS CITY - 000106,80,1.0000000000,31.0000000000,31.0000000000,0,ST LOUIS CITY,ST LOUIS CITY
ST. LOUIS CITY - 000107,80,1.0000000000,41.0000000000,41.0000000000,0,ST LOUIS CITY,ST LOUIS CITY
ST. LOUIS CITY - 000108,80,1.0000000000,44.0000000000,44.0000000000,0,ST LOUIS CITY,ST LOUIS CITY
ST. LOUIS CITY - 000109,80,1.0000000000,38.0000000000,38.0000000000,0,ST LOUIS CITY,ST LOUIS CITY
ST. LOUIS CITY - 000111,82,1.0000000000,16.0000000000,16.0000000000,0,ST LOUIS CITY,ST LOUIS CITY
ST. LOUIS CITY - 000112,82,1.0000000000,32.0000000000,32.0000000000,0,ST LOUIS CITY,ST LOUIS CITY
ST. LOUIS CITY - 000113,82,1.0000000000,25.0000000000,25.0000000000,0,ST LOUIS CITY,ST LOUIS CITY
ST. LOUIS CITY - 000115,82,1.0000000000,34.0000000000,34.0000000000,0,ST LOUIS CITY,ST LOUIS CITY
ST. LOUIS CITY - 000116,82,1.0000000000,45.0000000000,45.0000000000,0,ST LOUIS CITY,ST LOUIS CITY
ST. LOUIS CITY - 000117,82,1.0000000000,42.0000000000,42.0000000000,0,ST LOUIS CITY,ST LOUIS CITY
ST. LOUIS CITY - 000118,82,1.0000000000,17.0000000000,17.0000000000,0,ST LOUIS CITY,ST LOUIS CITY
ST. LOUIS CITY - 000119,77,0.6301369863,46.0000000000,73.0000000000,0,ST LOUIS CITY,ST LOUIS CITY
ST. LOUIS CITY - 000119,79,0.3698630137,27.0000000000,73.0000000000,0,ST LOUIS CITY,ST LOUIS CITY
ST. LOUIS CITY - 000122,77,0.6206896552,18.0000000000,29.0000000000,0,ST LOUIS CITY,ST LOUIS CITY
ST. LOUIS CITY - 000122,79,0.3793103448,11.0000000000,29.0000000000,0,ST LOUIS CITY,ST LOUIS CITY
ST. LOUIS CITY - 000124,77,1.0000000000,54.0000000000,54.0000000000,0,ST LOUIS CITY,ST LOUIS CITY
ST. LOUIS CITY - 000125,77,1.0000000000,15.0000000000,15.0000000000,0,ST LOUIS CITY,ST LOUIS CITY
ST. LOUIS CITY - 000126,77,0.7209302326,31.0000000000,43.0000000000,0,ST LOUIS CITY,ST LOUIS CITY
ST. LOUIS CITY - 000126,82,0.1162790698,5.0000000000,43.0000000000,0,ST LOUIS CITY,ST LOUIS CITY
ST. LOUIS CITY - 000126,84,0.1627906977,7.0000000000,43.0000000000,0,ST LOUIS CITY,ST LOUIS CITY
ST. LOUIS CITY - 000127,77,1.0000000000,6.0000000000,6.0000000000,0,ST LOUIS CITY,ST LOUIS CITY
ST. LOUIS CITY - 000128,77,1.0000000000,16.0000000000,16.0000000000,0,ST LOUIS CITY,ST LOUIS CITY
ST. LOUIS CITY - 000130,77,0.7777777778,28.0000000000,36.0000000000,0,ST LOUIS CITY,ST LOUIS CITY
ST. LOUIS CITY - 000130,79,0.2222222222,8.0000000000,36.0000000000,0,ST LOUIS CITY,ST LOUIS CITY
ST. LOUIS CITY - 000131,77,0.7500000000,30.0000000000,40.0000000000,0,ST LOUIS CITY,ST LOUIS CITY
ST. LOUIS CITY - 000131,79,0.2500000000,10.0000000000,40.0000000000,0,ST LOUIS CITY,ST LOUIS CITY
ST. LOUIS CITY - 000133,77,0.6341463415,26.0000000000,41.0000000000,0,ST LOUIS CITY,ST LOUIS CITY
ST. LOUIS CITY - 000133,84,0.3658536585,15.0000000000,41.0000000000,0,ST LOUIS CITY,ST LOUIS CITY
ST. LOUIS CITY - 000134,77,1.0000000000,34.0000000000,34.0000000000,0,ST LOUIS CITY,ST LOUIS CITY
ST. LOUIS CITY - 000135,77,0.6585365854,27.0000000000,41.0000000000,0,ST LOUIS CITY,ST LOUIS CITY
ST. LOUIS CITY - 000135,84,0.3414634146,14.0000000000,41.0000000000,0,ST LOUIS CITY,ST LOUIS CITY
ST. LOUIS CITY - 000136,77,0.2258064516,7.0000000000,31.0000000000,0,ST LOUIS CITY,ST LOUIS CITY
ST. LOUIS CITY - 000136,79,0.7741935484,24.0000000000,31.0000000000,0,ST LOUIS CITY,ST LOUIS CITY
ST. LOUIS CITY - 000139,79,1.0000000000,29.0000000000,29.0000000000,0,ST LOUIS CITY,ST LOUIS CITY
ST. LOUIS CITY - 000140,79,1.0000000000,38.0000000000,38.0000000000,0,ST LOUIS CITY,ST LOUIS CITY
ST. LOUIS CITY - 000141,79,1.0000000000,43.0000000000,43.0000000000,0,ST LOUIS CITY,ST LOUIS CITY
ST. LOUIS CITY - 000142,78,0.1568627451,8.0000000000,51.0000000000,0,ST LOUIS CITY,ST LOUIS CITY
ST. LOUIS CITY - 000142,79,0.8431372549,43.0000000000,51.0000000000,0,ST LOUIS CITY,ST LOUIS CITY
ST. LOUIS CITY - 000143,79,1.0000000000,12.0000000000,12.0000000000,0,ST LOUIS CITY,ST LOUIS CITY
ST. LOUIS CITY - 000144,79,1.0000000000,30.0000000000,30.0000000000,0,ST LOUIS CITY,ST LOUIS CITY
ST. LOUIS CITY - 000145,79,1.0000000000,38.0000000000,38.0000000000,0,ST LOUIS CITY,ST LOUIS CITY
ST. LOUIS CITY - 000146,78,1.0000000000,42.0000000000,42.0000000000,0,ST LOUIS CITY,ST LOUIS CITY
ST. LOUIS CITY - 000147,76,0.1891891892,7.0000000000,37.0000000000,0,ST LOUIS CITY,ST LOUIS CITY
ST. LOUIS CITY - 000147,78,0.1621621622,6.0000000000,37.0000000000,0,ST LOUIS CITY,ST LOUIS CITY
ST. LOUIS CITY - 000147,81,0.6486486486,24.0000000000,37.0000000000,0,ST LOUIS CITY,ST LOUIS CITY
ST. LOUIS CITY - 000148,78,1.0000000000,48.0000000000,48.0000000000,0,ST LOUIS CITY,ST LOUIS CITY
ST. LOUIS CITY - 000149,76,0.6190476190,26.0000000000,42.0000000000,0,ST LOUIS CITY,ST LOUIS CITY
ST. LOUIS CITY - 000149,78,0.3809523810,16.0000000000,42.0000000000,0,ST LOUIS CITY,ST LOUIS CITY
ST. LOUIS CITY - 000150,76,0.3928571429,22.0000000000,56.0000000000,0,ST LOUIS CITY,ST LOUIS CITY
ST. LOUIS CITY - 000150,78,0.6071428571,34.0000000000,56.0000000000,0,ST LOUIS CITY,ST LOUIS CITY
ST. LOUIS CITY - 000151,77,1.0000000000,25.0000000000,25.0000000000,0,ST LOUIS CITY,ST LOUIS CITY
ST. LOUIS CITY - 000152,77,1.0000000000,41.0000000000,41.0000000000,0,ST LOUIS CITY,ST LOUIS CITY
ST. LOUIS CITY - 000153,76,1.0000000000,43.0000000000,43.0000000000,0,ST LOUIS CITY,ST LOUIS CITY
ST. LOUIS CITY - 000154,76,1.0000000000,19.0000000000,19.0000000000,0,ST LOUIS CITY,ST LOUIS CITY
ST. LOUIS CITY - 000155,76,0.6923076923,18.0000000000,26.0000000000,0,ST LOUIS CITY,ST LOUIS CITY
ST. LOUIS CITY - 000155,77,0.3076923077,8.0000000000,26.0000000000,0,ST LOUIS CITY,ST LOUIS CITY
ST. LOUIS CITY - 000156,76,0.6956521739,16.0000000000,23.0000000000,0,ST LOUIS CITY,ST LOUIS CITY
ST. LOUIS CITY - 000156,77,0.3043478261,7.0000000000,23.0000000000,0,ST LOUIS CITY,ST LOUIS CITY
ST. LOUIS CITY - 000157,77,1.0000000000,17.0000000000,17.0000000000,0,ST LOUIS CITY,ST LOUIS CITY
ST. LOUIS CITY - 000158,84,1.0000000000,29.0000000000,29.0000000000,0,ST LOUIS CITY,ST LOUIS CITY
ST. LOUIS CITY - 000159,84,1.0000000000,34.0000000000,34.0000000000,0,ST LOUIS CITY,ST LOUIS CITY
ST. LOUIS CITY - 000160,84,1.0000000000,65.0000000000,65.0000000000,0,ST LOUIS CITY,ST LOUIS CITY
ST. LOUIS CITY - 000161,84,1.0000000000,41.0000000000,41.0000000000,0,ST LOUIS CITY,ST LOUIS CITY
ST. LOUIS CITY - 000162,84,1.0000000000,22.0000000000,22.0000000000,0,ST LOUIS CITY,ST LOUIS CITY
ST. LOUIS CITY - 000163,84,1.0000000000,30.0000000000,30.0000000000,0,ST LOUIS CITY,ST LOUIS CITY
ST. LOUIS CITY - 000164,84,1.0000000000,22.0000000000,22.0000000000,0,ST LOUIS CITY,ST LOUIS CITY
ST. LOUIS CITY - 000165,82,1.0000000000,59.0000000000,59.0000000000,0,ST LOUIS CITY,ST LOUIS CITY
ST. LOUIS CITY - 000166,82,1.0000000000,43.0000000000,43.0000000000,0,ST LOUIS CITY,ST LOUIS CITY
ST. LOUIS CITY - 000167,82,1.0000000000,25.0000000000,25.0000000000,0,ST LOUIS CITY,ST LOUIS CITY
ST. LOUIS CITY - 000168,80,0.0857142857,3.0000000000,35.0000000000,0,ST LOUIS CITY,ST LOUIS CITY
ST. LOUIS CITY - 000168,82,0.9142857143,32.0000000000,35.0000000000,0,ST LOUIS CITY,ST LOUIS CITY
ST. LOUIS CITY - 000169,80,0.3225806452,10.0000000000,31.0000000000,0,ST LOUIS CITY,ST LOUIS CITY
ST. LOUIS CITY - 000169,82,0.6774193548,21.0000000000,31.0000000000,0,ST LOUIS CITY,ST LOUIS CITY
ST. LOUIS CITY - 000170,82,1.0000000000,38.0000000000,38.0000000000,0,ST LOUIS CITY,ST LOUIS CITY
ST. LOUIS CITY - 000171,82,1.0000000000,38.0000000000,38.0000000000,0,ST LOUIS CITY,ST LOUIS CITY
ST. LOUIS CITY - 000172,82,1.0000000000,29.0000000000,29.0000000000,0,ST LOUIS CITY,ST LOUIS CITY
ST. LOUIS CITY - 000174,82,0.0930232558,4.0000000000,43.0000000000,0,ST LOUIS CITY,ST LOUIS CITY
ST. LOUIS CITY - 000174,84,0.9069767442,39.0000000000,43.0000000000,0,ST LOUIS CITY,ST LOUIS CITY
ST. LOUIS CITY - 000175,82,0.8723404255,41.0000000000,47.0000000000,0,ST LOUIS CITY,ST LOUIS CITY
ST. LOUIS CITY - 000175,84,0.1276595745,6.0000000000,47.0000000000,0,ST LOUIS CITY,ST LOUIS CITY
ST. LOUIS CITY - 000176,82,1.0000000000,53.0000000000,53.0000000000,0,ST LOUIS CITY,ST LOUIS CITY
ST. LOUIS CITY - 000177,82,1.0000000000,23.0000000000,23.0000000000,0,ST LOUIS CITY,ST LOUIS CITY
ST. LOUIS CITY - 000178,84,1.0000000000,37.0000000000,37.0000000000,0,ST LOUIS CITY,ST LOUIS CITY
ST. LOUIS CITY - 000179,84,1.0000000000,35.0000000000,35.0000000000,0,ST LOUIS CITY,ST LOUIS CITY
ST. LOUIS CITY - 000180,84,1.0000000000,8.0000000000,8.0000000000,0,ST LOUIS CITY,ST LOUIS CITY
ST. LOUIS CITY - 000182,80,0.2857142857,14.0000000000,49.0000000000,0,ST LOUIS CITY,ST LOUIS CITY
ST. LOUIS CITY - 000182,81,0.7142857143,35.0000000000,49.0000000000,0,ST LOUIS CITY,ST LOUIS CITY
ST. LOUIS CITY - 000183,80,0.9333333333,56.0000000000,60.0000000000,0,ST LOUIS CITY,ST LOUIS CITY
ST. LOUIS CITY - 000183,81,0.0666666667,4.0000000000,60.0000000000,0,ST LOUIS CITY,ST LOUIS CITY
ST. LOUIS CITY - 000184,80,1.0000000000,43.0000000000,43.0000000000,0,ST LOUIS CITY,ST LOUIS CITY
ST. LOUIS CITY - 000185,80,0.0943396226,5.0000000000,53.0000000000,0,ST LOUIS CITY,ST LOUIS CITY
ST. LOUIS CITY - 000185,81,0.9056603774,48.0000000000,53.0000000000,0,ST LOUIS CITY,ST LOUIS CITY
ST. LOUIS CITY - 000186,77,0.0476190476,1.0000000000,21.0000000000,0,ST LOUIS CITY,ST LOUIS CITY
ST. LOUIS CITY - 000186,84,0.9523809524,20.0000000000,21.0000000000,0,ST LOUIS CITY,ST LOUIS CITY
ST. LOUIS CITY - 000187,84,1.0000000000,22.0000000000,22.0000000000,0,ST LOUIS CITY,ST LOUIS CITY
ST. LOUIS CITY - 000188,84,1.0000000000,28.0000000000,28.0000000000,0,ST LOUIS CITY,ST LOUIS CITY
ST. LOUIS CITY - 000189,84,1.0000000000,25.0000000000,25.0000000000,0,ST LOUIS CITY,ST LOUIS CITY
ST. LOUIS CITY - 000190,84,1.0000000000,30.0000000000,30.0000000000,0,ST LOUIS CITY,ST LOUIS CITY
ST. LOUIS CITY - 000191,84,1.0000000000,17.0000000000,17.0000000000,0,ST LOUIS CITY,ST LOUIS CITY
ST. LOUIS CITY - 000192,76,0.5128205128,20.0000000000,39.0000000000,0,ST LOUIS CITY,ST LOUIS CITY
ST. LOUIS CITY - 000192,84,0.4871794872,19.0000000000,39.0000000000,0,ST LOUIS CITY,ST LOUIS CITY
ST. LOUIS CITY - 000193,76,1.0000000000,44.0000000000,44.0000000000,0,ST LOUIS CITY,ST LOUIS CITY
ST. LOUIS CITY - 000194,76,1.0000000000,39.0000000000,39.0000000000,0,ST LOUIS CITY,ST LOUIS CITY
ST. LOUIS CITY - 000195,76,1.0000000000,46.0000000000,46.0000000000,0,ST LOUIS CITY,ST LOUIS CITY
ST. LOUIS CITY - 000196,76,1.0000000000,23.0000000000,23.0000000000,0,ST LOUIS CITY,ST LOUIS CITY
ST. LOUIS CITY - 000197,76,1.0000000000,42.0000000000,42.0000000000,0,ST LOUIS CITY,ST LOUIS CITY
ST. LOUIS CITY - 000198,76,1.0000000000,32.0000000000,32.0000000000,0,ST LOUIS CITY,ST LOUIS CITY
ST. LOUIS CITY - 000199,76,1.0000000000,27.0000000000,27.0000000000,0,ST LOUIS CITY,ST LOUIS CITY
ST. LOUIS CITY - 000200,77,1.0000000000,6.0000000000,6.0000000000,0,ST LOUIS CITY,ST LOUIS CITY
ST. LOUIS CITY - 000201,77,1.0000000000,19.0000000000,19.0000000000,0,ST LOUIS CITY,ST LOUIS CITY
ST. LOUIS CITY - 000202,84,1.0000000000,19.0000000000,19.0000000000,0,ST LOUIS CITY,ST LOUIS CITY
ST. LOUIS CITY - 000203,77,0.1333333333,6.0000000000,45.0000000000,0,ST LOUIS CITY,ST LOUIS CITY
ST. LOUIS CITY - 000203,84,0.8666666667,39.0000000000,45.0000000000,0,ST LOUIS CITY,ST LOUIS CITY
ST. LOUIS CITY - 000204,84,1.0000000000,14.0000000000,14.0000000000,0,ST LOUIS CITY,ST LOUIS CITY
ST. LOUIS CITY - 000205,84,1.0000000000,30.0000000000,30.0000000000,0,ST LOUIS CITY,ST LOUIS CITY
ST. LOUIS CITY - 000206,84,1.0000000000,21.0000000000,21.0000000000,0,ST LOUIS CITY,ST LOUIS CITY
ST. LOUIS CITY - 000208,84,1.0000000000,12.0000000000,12.0000000000,0,ST LOUIS CITY,ST LOUIS CITY
ST. LOUIS CITY - 000209,77,1.0000000000,8.0000000000,8.0000000000,0,ST LOUIS CITY,ST LOUIS CITY
ST. LOUIS CITY - 16-011,76,0.2500000000,10.0000000000,40.0000000000,0,ST LOUIS CITY,ST LOUIS CITY
ST. LOUIS CITY - 16-011,77,0.5750000000,23.0000000000,40.0000000000,0,ST LOUIS CITY,ST LOUIS CITY
ST. LOUIS CITY - 16-011,84,0.1750000000,7.0000000000,40.0000000000,0,ST LOUIS CITY,ST LOUIS CITY
ST. LOUIS CITY - 16-013,76,1.0000000000,37.0000000000,37.0000000000,0,ST LOUIS CITY,ST LOUIS CITY
ST. LOUIS CITY - 16-014,76,1.0000000000,48.0000000000,48.0000000000,0,ST LOUIS CITY,ST LOUIS CITY
ST. LOUIS CITY - 16-024,76,1.0000000000,23.0000000000,23.0000000000,0,ST LOUIS CITY,ST LOUIS CITY
ST. LOUIS CITY - 16-026,76,1.0000000000,30.0000000000,30.0000000000,0,ST LOUIS CITY,ST LOUIS CITY
ST. LOUIS CITY - 16-031,78,1.0000000000,15.0000000000,15.0000000000,0,ST LOUIS CITY,ST LOUIS CITY
ST. LOUIS CITY - 16-036,79,1.0000000000,37.0000000000,37.0000000000,0,ST LOUIS CITY,ST LOUIS CITY
ST. LOUIS CITY - 16-039,76,0.5121951220,21.0000000000,41.0000000000,0,ST LOUIS CITY,ST LOUIS CITY
ST. LOUIS CITY - 16-039,78,0.4634146341,19.0000000000,41.0000000000,0,ST LOUIS CITY,ST LOUIS CITY
ST. LOUIS CITY - 16-039,79,0.0243902439,1.0000000000,41.0000000000,0,ST LOUIS CITY,ST LOUIS CITY
ST. LOUIS CITY - 16-041,77,1.0000000000,28.0000000000,28.0000000000,0,ST LOUIS CITY,ST LOUIS CITY
ST. LOUIS CITY - 16-046,77,1.0000000000,31.0000000000,31.0000000000,0,ST LOUIS CITY,ST LOUIS CITY
ST. LOUIS CITY - 16-049,77,1.0000000000,7.0000000000,7.0000000000,0,ST LOUIS CITY,ST LOUIS CITY
ST. LOUIS CITY - 16-053,78,1.0000000000,28.0000000000,28.0000000000,0,ST LOUIS CITY,ST LOUIS CITY
ST. LOUIS CITY - 16-057,78,1.0000000000,36.0000000000,36.0000000000,0,ST LOUIS CITY,ST LOUIS CITY
ST. LOUIS CITY - 16-058,78,1.0000000000,8.0000000000,8.0000000000,0,ST LOUIS CITY,ST LOUIS CITY
ST. LOUIS CITY - 16-091,76,0.2741935484,17.0000000000,62.0000000000,0,ST LOUIS CITY,ST LOUIS CITY
ST. LOUIS CITY - 16-091,78,0.7258064516,45.0000000000,62.0000000000,0,ST LOUIS CITY,ST LOUIS CITY
ST. LOUIS CITY - 16-097,78,0.6666666667,4.0000000000,6.0000000000,0,ST LOUIS CITY,ST LOUIS CITY
ST. LOUIS CITY - 16-097,80,0.3333333333,2.0000000000,6.0000000000,0,ST LOUIS CITY,ST LOUIS CITY
ST. LOUIS CITY - 16-099,76,0.8000000000,16.0000000000,20.0000000000,0,ST LOUIS CITY,ST LOUIS CITY
ST. LOUIS CITY - 16-099,78,0.2000000000,4.0000000000,20.0000000000,0,ST LOUIS CITY,ST LOUIS CITY
ST. LOUIS CITY - 16-101,81,1.0000000000,6.0000000000,6.0000000000,0,ST LOUIS CITY,ST LOUIS CITY
ST. LOUIS CITY - 16-102,81,1.0000000000,5.0000000000,5.0000000000,0,ST LOUIS CITY,ST LOUIS CITY
ST. LOUIS CITY - 16-108,80,1.0000000000,3.0000000000,3.0000000000,0,ST LOUIS CITY,ST LOUIS CITY
ST. LOUIS CITY - 16-109,80,1.0000000000,7.0000000000,7.0000000000,0,ST LOUIS CITY,ST LOUIS CITY
ST. LOUIS CITY - 16-116,81,1.0000000000,64.0000000000,64.0000000000,0,ST LOUIS CITY,ST LOUIS CITY
ST. LOUIS CITY - 16-137,80,1.0000000000,1.0000000000,1.0000000000,0,ST LOUIS CITY,ST LOUIS CITY
ST. LOUIS CITY - 16-148,80,1.0000000000,3.0000000000,3.0000000000,0,ST LOUIS CITY,ST LOUIS CITY
ST. LOUIS CITY - 16-149,80,1.0000000000,16.0000000000,16.0000000000,0,ST LOUIS CITY,ST LOUIS CITY
ST. LOUIS CITY - 16-156,80,1.0000000000,30.0000000000,30.0000000000,0,ST LOUIS CITY,ST LOUIS CITY
ST. LOUIS CITY - 16-157,80,1.0000000000,4.0000000000,4.0000000000,0,ST LOUIS CITY,ST LOUIS CITY
ST. LOUIS CITY - 16-164,82,1.0000000000,41.0000000000,41.0000000000,0,ST LOUIS CITY,ST LOUIS CITY
ST. LOUIS CITY - 16-173,77,1.0000000000,12.0000000000,12.0000000000,0,ST LOUIS CITY,ST LOUIS CITY
ST. LOUIS CITY - 16-183,79,1.0000000000,25.0000000000,25.0000000000,0,ST LOUIS CITY,ST LOUIS CITY
ST. LOUIS CITY - 16-192,77,1.0000000000,3.0000000000,3.0000000000,0,ST LOUIS CITY,ST LOUIS CITY
ST. LOUIS CITY - 16-202,77,1.0000000000,16.0000000000,16.0000000000,0,ST LOUIS CITY,ST LOUIS CITY
ST. LOUIS CITY - 16-206,78,0.6818181818,15.0000000000,22.0000000000,0,ST LOUIS CITY,ST LOUIS CITY
ST. LOUIS CITY - 16-206,80,0.0454545455,1.0000000000,22.0000000000,0,ST LOUIS CITY,ST LOUIS CITY
ST. LOUIS CITY - 16-206,81,0.2727272727,6.0000000000,22.0000000000,0,ST LOUIS CITY,ST LOUIS CITY
ST. LOUIS CITY - 16-207,78,0.6363636364,7.0000000000,11.0000000000,0,ST LOUIS CITY,ST LOUIS CITY
ST. LOUIS CITY - 16-207,80,0.3636363636,4.0000000000,11.0000000000,0,ST LOUIS CITY,ST LOUIS CITY
ST. LOUIS CITY - 16-218,76,0.0645161290,2.0000000000,31.0000000000,0,ST LOUIS CITY,ST LOUIS CITY
ST. LOUIS CITY - 16-218,77,0.9354838710,29.0000000000,31.0000000000,0,ST LOUIS CITY,ST LOUIS CITY
ST. LOUIS CITY - 16-219,76,0.1304347826,3.0000000000,23.0000000000,0,ST LOUIS CITY,ST LOUIS CITY
ST. LOUIS CITY - 16-219,77,0.8695652174,20.0000000000,23.0000000000,0,ST LOUIS CITY,ST LOUIS CITY
ST. LOUIS CITY - 16-228,84,1.0000000000,6.0000000000,6.0000000000,0,ST LOUIS CITY,ST LOUIS CITY
ST. LOUIS CITY - 16-239,82,1.0000000000,15.0000000000,15.0000000000,0,ST LOUIS CITY,ST LOUIS CITY
ST. LOUIS CITY - 16-241,84,1.0000000000,36.0000000000,36.0000000000,0,ST LOUIS CITY,ST LOUIS CITY
ST. LOUIS CITY - 16-255,80,1.0000000000,24.0000000000,24.0000000000,0,ST LOUIS CITY,ST LOUIS CITY
ST. LOUIS CITY - 16-256,80,1.0000000000,1.0000000000,1.0000000000,0,ST LOUIS CITY,ST LOUIS CITY
ST. LOUIS CITY - 16-257,80,1.0000000000,1.0000000000,1.0000000000,0,ST LOUIS CITY,ST LOUIS CITY
ST. LOUIS CITY - 16-279,76,1.0000000000,1.0000000000,1.0000000000,0,ST LOUIS CITY,ST LOUIS CITY
ST. LOUIS CITY - 16-303,78,0.3150684932,23.0000000000,73.0000000000,0,ST LOUIS CITY,ST LOUIS CITY
ST. LOUIS CITY - 16-303,79,0.6849315068,50.0000000000,73.0000000000,0,ST LOUIS CITY,ST LOUIS CITY
ST. LOUIS CITY - 16-410,79,1.0000000000,14.0000000000,14.0000000000,0,ST LOUIS CITY,ST LOUIS CITY
ST. LOUIS CITY - 161010,82,1.0000000000,10.0000000000,10.0000000000,0,ST LOUIS CITY,ST LOUIS CITY
ST. LOUIS CITY - 161011,82,1.0000000000,2.0000000000,2.0000000000,0,ST LOUIS CITY,ST LOUIS CITY
ST. LOUIS CITY - 161012,82,1.0000000000,2.0000000000,2.0000000000,0,ST LOUIS CITY,ST LOUIS CITY
ST. LOUIS CITY - 161013,77,1.0000000000,4.0000000000,4.0000000000,0,ST LOUIS CITY,ST LOUIS CITY
ST. LOUIS CITY - 161410,80,1.0000000000,1.0000000000,1.0000000000,0,ST LOUIS CITY,ST LOUIS CITY
ST. LOUIS CITY - 162811,77,1.0000000000,11.0000000000,11.0000000000,0,ST LOUIS CITY,ST LOUIS CITY
STE. GENEVIEVE - 000002,145,1.0000000000,88.0000000000,88.0000000000,0,STE GENEVIEVE,STE GENEVIEVE
STE. GENEVIEVE - 000003,145,1.0000000000,44.0000000000,44.0000000000,0,STE GENEVIEVE,STE GENEVIEVE
STE. GENEVIEVE - 000004,145,1.0000000000,77.0000000000,77.0000000000,0,STE GENEVIEVE,STE GENEVIEVE
STE. GENEVIEVE - 000005,145,1.0000000000,81.0000000000,81.0000000000,0,STE GENEVIEVE,STE GENEVIEVE
STE. GENEVIEVE - 000006,145,1.0000000000,122.0000000000,122.0000000000,0,STE GENEVIEVE,STE GENEVIEVE
STE. GENEVIEVE - 000007,145,1.0000000000,63.0000000000,63.0000000000,0,STE GENEVIEVE,STE GENEVIEVE
STE. GENEVIEVE - 000009,145,1.0000000000,62.0000000000,62.0000000000,0,STE GENEVIEVE,STE GENEVIEVE
STE. GENEVIEVE - 000010,145,1.0000000000,59.0000000000,59.0000000000,0,STE GENEVIEVE,STE GENEVIEVE
STE. GENEVIEVE - 000011,145,1.0000000000,73.0000000000,73.0000000000,0,STE GENEVIEVE,STE GENEVIEVE
STE. GENEVIEVE - 000012,145,1.0000000000,79.0000000000,79.0000000000,0,STE GENEVIEVE,STE GENEVIEVE
STE. GENEVIEVE - 000013,145,1.0000000000,57.0000000000,57.0000000000,0,STE GENEVIEVE,STE GENEVIEVE
STE. GENEVIEVE - 000014,145,1.0000000000,83.0000000000,83.0000000000,0,STE GENEVIEVE,STE GENEVIEVE
STODDARD - 000002,151,1.0000000000,39.0000000000,39.0000000000,0,STODDARD,STODDARD
STODDARD - 000003,151,1.0000000000,291.0000000000,291.0000000000,0,STODDARD,STODDARD
STODDARD - 000004,151,1.0000000000,154.0000000000,154.0000000000,0,STODDARD,STODDARD
STODDARD - 000005,151,1.0000000000,135.0000000000,135.0000000000,0,STODDARD,STODDARD
STODDARD - 000006,151,1.0000000000,142.0000000000,142.0000000000,0,STODDARD,STODDARD
STODDARD - 000007,151,1.0000000000,144.0000000000,144.0000000000,0,STODDARD,STODDARD
STODDARD - 000008,151,1.0000000000,123.0000000000,123.0000000000,0,STODDARD,STODDARD
STODDARD - 000009,151,1.0000000000,112.0000000000,112.0000000000,0,STODDARD,STODDARD
STODDARD - 000010,151,1.0000000000,163.0000000000,163.0000000000,0,STODDARD,STODDARD
STODDARD - 000011,151,1.0000000000,53.0000000000,53.0000000000,0,STODDARD,STODDARD
STODDARD - 000012,151,1.0000000000,128.0000000000,128.0000000000,0,STODDARD,STODDARD
STODDARD - 000013,151,1.0000000000,114.0000000000,114.0000000000,0,STODDARD,STODDARD
STODDARD - 000014,151,1.0000000000,105.0000000000,105.0000000000,0,STODDARD,STODDARD
STODDARD - 000015,151,1.0000000000,83.0000000000,83.0000000000,0,STODDARD,STODDARD
STODDARD - 000016,151,1.0000000000,95.0000000000,95.0000000000,0,STODDARD,STODDARD
STODDARD - 000017,151,1.0000000000,172.0000000000,172.0000000000,0,STODDARD,STODDARD
STODDARD - 000018,151,1.0000000000,92.0000000000,92.0000000000,0,STODDARD,STODDARD
STODDARD - 000019,151,1.0000000000,203.0000000000,203.0000000000,0,STODDARD,STODDARD
STODDARD - 000020,151,1.0000000000,289.0000000000,289.0000000000,0,STODDARD,STODDARD
STODDARD - 000021,151,1.0000000000,38.0000000000,38.0000000000,0,STODDARD,STODDARD
STONE - 003698,138,1.0000000000,91.0000000000,91.0000000000,0,STONE,STONE
STONE - 003699,138,1.0000000000,49.0000000000,49.0000000000,0,STONE,STONE
STONE - 003701,138,1.0000000000,96.0000000000,96.0000000000,0,STONE,STONE
STONE - 003723,138,1.0000000000,119.0000000000,119.0000000000,0,STONE,STONE
STONE - 003730,138,1.0000000000,56.0000000000,56.0000000000,0,STONE,STONE
STONE - 003751,138,1.0000000000,185.0000000000,185.0000000000,0,STONE,STONE
STONE - 003782,138,1.0000000000,121.0000000000,121.0000000000,0,STONE,STONE
STONE - 003794,138,1.0000000000,34.0000000000,34.0000000000,0,STONE,STONE
STONE - 003800,138,1.0000000000,201.0000000000,201.0000000000,0,STONE,STONE
STONE - 003814,138,1.0000000000,268.0000000000,268.0000000000,0,STONE,STONE
STONE - 003842,138,1.0000000000,139.0000000000,139.0000000000,0,STONE,STONE
STONE - 003877,138,1.0000000000,56.0000000000,56.0000000000,0,STONE,STONE
STONE - 003889,138,1.0000000000,221.0000000000,221.0000000000,0,STONE,STONE
STONE - 003898,138,1.0000000000,100.0000000000,100.0000000000,0,STONE,STONE
STONE - 003900,138,1.0000000000,131.0000000000,131.0000000000,0,STONE,STONE
STONE - 003903,138,1.0000000000,161.0000000000,161.0000000000,0,STONE,STONE
STONE - 003908,138,1.0000000000,78.0000000000,78.0000000000,0,STONE,STONE
STONE - 003933,138,0.7333333333,88.0000000000,120.0000000000,0,STONE,STONE
STONE - 003933,155,0.2666666667,32.0000000000,120.0000000000,0,STONE,STONE
STONE - 003935,155,1.0000000000,121.0000000000,121.0000000000,0,STONE,STONE
STONE - 003938,155,1.0000000000,105.0000000000,105.0000000000,0,STONE,STONE
SULLIVAN - 000002,3,1.0000000000,87.0000000000,87.0000000000,0,SULLIVAN,SULLIVAN
SULLIVAN - 000003,3,1.0000000000,67.0000000000,67.0000000000,0,SULLIVAN,SULLIVAN
SULLIVAN - 000004,3,1.0000000000,68.0000000000,68.0000000000,0,SULLIVAN,SULLIVAN
SULLIVAN - 000005,3,1.0000000000,60.0000000000,60.0000000000,0,SULLIVAN,SULLIVAN
SULLIVAN - 000006,3,1.0000000000,127.0000000000,127.0000000000,0,SULLIVAN,SULLIVAN
SULLIVAN - 000007,3,1.0000000000,64.0000000000,64.0000000000,0,SULLIVAN,SULLIVAN
SULLIVAN - 000008,3,1.0000000000,121.0000000000,121.0000000000,0,SULLIVAN,SULLIVAN
SULLIVAN - 000009,3,1.0000000000,87.0000000000,87.0000000000,0,SULLIVAN,SULLIVAN
SULLIVAN - 000010,3,1.0000000000,70.0000000000,70.0000000000,0,SULLIVAN,SULLIVAN
SULLIVAN - 000011,3,1.0000000000,79.0000000000,79.0000000000,0,SULLIVAN,SULLIVAN
SULLIVAN - 000012,3,1.0000000000,96.0000000000,96.0000000000,0,SULLIVAN,SULLIVAN
SULLIVAN - 000013,3,1.0000000000,60.0000000000,60.0000000000,0,SULLIVAN,SULLIVAN
SULLIVAN - 000014,3,1.0000000000,88.0000000000,88.0000000000,0,SULLIVAN,SULLIVAN
SULLIVAN - 000015,3,1.0000000000,67.0000000000,67.0000000000,0,SULLIVAN,SULLIVAN
SULLIVAN - 000016,3,1.0000000000,51.0000000000,51.0000000000,0,SULLIVAN,SULLIVAN
SULLIVAN - 000017,3,1.0000000000,75.0000000000,75.0000000000,0,SULLIVAN,SULLIVAN
SULLIVAN - 000018,3,1.0000000000,90.0000000000,90.0000000000,0,SULLIVAN,SULLIVAN
SULLIVAN - 000019,3,1.0000000000,67.0000000000,67.0000000000,0,SULLIVAN,SULLIVAN
SULLIVAN - 000020,3,1.0000000000,67.0000000000,67.0000000000,0,SULLIVAN,SULLIVAN
TANEY - 000002,156,1.0000000000,32.0000000000,32.0000000000,0,TANEY,TANEY
TANEY - 000003,155,1.0000000000,58.0000000000,58.0000000000,0,TANEY,TANEY
TANEY - 000004,156,1.0000000000,128.0000000000,128.0000000000,0,TANEY,TANEY
TANEY - 000005,156,1.0000000000,181.0000000000,181.0000000000,0,TANEY,TANEY
TANEY - 000006,156,1.0000000000,158.0000000000,158.0000000000,0,TANEY,TANEY
TANEY - 000009,155,1.0000000000,60.0000000000,60.0000000000,0,TANEY,TANEY
TANEY - 000010,155,1.0000000000,92.0000000000,92.0000000000,0,TANEY,TANEY
TANEY - 000011,155,1.0000000000,217.0000000000,217.0000000000,0,TANEY,TANEY
TANEY - 000012,156,1.0000000000,173.0000000000,173.0000000000,0,TANEY,TANEY
TANEY - 000013,155,0.5217391304,84.0000000000,161.0000000000,0,TANEY,TANEY
TANEY - 000013,156,0.4782608696,77.0000000000,161.0000000000,0,TANEY,TANEY
TANEY - 000014,155,1.0000000000,194.0000000000,194.0000000000,0,TANEY,TANEY
TANEY - 000015,155,1.0000000000,77.0000000000,77.0000000000,0,TANEY,TANEY
TANEY - 000016,155,1.0000000000,124.0000000000,124.0000000000,0,TANEY,TANEY
TANEY - 000017,156,1.0000000000,121.0000000000,121.0000000000,0,TANEY,TANEY
TANEY - 000018,156,1.0000000000,93.0000000000,93.0000000000,0,TANEY,TANEY
TANEY - 000019,156,1.0000000000,153.0000000000,153.0000000000,0,TANEY,TANEY
TANEY - 000020,155,1.0000000000,72.0000000000,72.0000000000,0,TANEY,TANEY
TANEY - 000021,156,1.0000000000,75.0000000000,75.0000000000,0,TANEY,TANEY
TANEY - 000022,156,1.0000000000,144.0000000000,144.0000000000,0,TANEY,TANEY
TANEY - 000023,155,1.0000000000,102.0000000000,102.0000000000,0,TANEY,TANEY
TANEY - 000024,156,1.0000000000,116.0000000000,116.0000000000,0,TANEY,TANEY
TEXAS - 000002,143,1.0000000000,78.0000000000,78.0000000000,0,TEXAS,TEXAS
TEXAS - 000003,143,1.0000000000,109.0000000000,109.0000000000,0,TEXAS,TEXAS
TEXAS - 000005,143,1.0000000000,86.0000000000,86.0000000000,0,TEXAS,TEXAS
TEXAS - 000006,143,1.0000000000,73.0000000000,73.0000000000,0,TEXAS,TEXAS
TEXAS - 000007,143,1.0000000000,59.0000000000,59.0000000000,0,TEXAS,TEXAS
TEXAS - 000008,143,1.0000000000,290.0000000000,290.0000000000,0,TEXAS,TEXAS
TEXAS - 000009,121,0.0198019802,2.0000000000,101.0000000000,0,TEXAS,TEXAS
TEXAS - 000009,143,0.9801980198,99.0000000000,101.0000000000,0,TEXAS,TEXAS
TEXAS - 000011,143,1.0000000000,48.0000000000,48.0000000000,0,TEXAS,TEXAS
TEXAS - 000012,121,0.0344827586,1.0000000000,29.0000000000,0,TEXAS,TEXAS
TEXAS - 000012,143,0.9655172414,28.0000000000,29.0000000000,0,TEXAS,TEXAS
TEXAS - 000013,143,1.0000000000,127.0000000000,127.0000000000,0,TEXAS,TEXAS
TEXAS - 000014,143,1.0000000000,75.0000000000,75.0000000000,0,TEXAS,TEXAS
TEXAS - 000016,143,1.0000000000,215.0000000000,215.0000000000,0,TEXAS,TEXAS
TEXAS - 000017,143,1.0000000000,81.0000000000,81.0000000000,0,TEXAS,TEXAS
TEXAS - 000018,143,1.0000000000,165.0000000000,165.0000000000,0,TEXAS,TEXAS
TEXAS - 000020,143,1.0000000000,109.0000000000,109.0000000000,0,TEXAS,TEXAS
TEXAS - 000021,143,1.0000000000,18.0000000000,18.0000000000,0,TEXAS,TEXAS
TEXAS - 000022,143,1.0000000000,54.0000000000,54.0000000000,0,TEXAS,TEXAS
VERNON - 000002,125,1.0000000000,117.0000000000,117.0000000000,0,VERNON,VERNON
VERNON - 000003,125,1.0000000000,45.0000000000,45.0000000000,0,VERNON,VERNON
VERNON - 000004,125,1.0000000000,123.0000000000,123.0000000000,0,VERNON,VERNON
VERNON - 000005,125,1.0000000000,190.0000000000,190.0000000000,0,VERNON,VERNON
VERNON - 000006,125,1.0000000000,138.0000000000,138.0000000000,0,VERNON,VERNON
VERNON - 000007,125,1.0000000000,152.0000000000,152.0000000000,0,VERNON,VERNON
VERNON - 000008,125,1.0000000000,106.0000000000,106.0000000000,0,VERNON,VERNON
VERNON - 000009,125,1.0000000000,110.0000000000,110.0000000000,0,VERNON,VERNON
VERNON - 000010,125,1.0000000000,93.0000000000,93.0000000000,0,VERNON,VERNON
VERNON - 000011,125,1.0000000000,266.0000000000,266.0000000000,0,VERNON,VERNON
VERNON - 000012,125,1.0000000000,138.0000000000,138.0000000000,0,VERNON,VERNON
VERNON - 000013,125,1.0000000000,273.0000000000,273.0000000000,0,VERNON,VERNON
VERNON - 000014,125,1.0000000000,79.0000000000,79.0000000000,0,VERNON,VERNON
VERNON - 000015,125,1.0000000000,94.0000000000,94.0000000000,0,VERNON,VERNON
VERNON - 000016,125,1.0000000000,76.0000000000,76.0000000000,0,VERNON,VERNON
VERNON - 000017,125,1.0000000000,154.0000000000,154.0000000000,0,VERNON,VERNON
WARREN - 000002,42,1.0000000000,51.0000000000,51.0000000000,0,WARREN,WARREN
WARREN - 000003,42,1.0000000000,78.0000000000,78.0000000000,0,WARREN,WARREN
WARREN - 000004,42,1.0000000000,54.0000000000,54.0000000000,0,WARREN,WARREN
WARREN - 000005,42,1.0000000000,102.0000000000,102.0000000000,0,WARREN,WARREN
WARREN - 000006,42,1.0000000000,67.0000000000,67.0000000000,0,WARREN,WARREN
WARREN - 000007,42,1.0000000000,28.0000000000,28.0000000000,0,WARREN,WARREN
WARREN - 000008,42,1.0000000000,88.0000000000,88.0000000000,0,WARREN,WARREN
WARREN - 000009,42,1.0000000000,106.0000000000,106.0000000000,0,WARREN,WARREN
WARREN - 000010,42,1.0000000000,37.0000000000,37.0000000000,0,WARREN,WARREN
WARREN - 000011,42,1.0000000000,44.0000000000,44.0000000000,0,WARREN,WARREN
WARREN - 000012,42,1.0000000000,39.0000000000,39.0000000000,0,WARREN,WARREN
WARREN - 000013,42,1.0000000000,178.0000000000,178.0000000000,0,WARREN,WARREN
WARREN - 000014,42,1.0000000000,139.0000000000,139.0000000000,0,WARREN,WARREN
WARREN - 000015,42,1.0000000000,57.0000000000,57.0000000000,0,WARREN,WARREN
WARREN - 000016,42,1.0000000000,68.0000000000,68.0000000000,0,WARREN,WARREN
WARREN - 000017,42,1.0000000000,22.0000000000,22.0000000000,0,WARREN,WARREN
WARREN - 000018,42,1.0000000000,66.0000000000,66.0000000000,0,WARREN,WARREN
WARREN - 000019,42,1.0000000000,81.0000000000,81.0000000000,0,WARREN,WARREN
WARREN - 000020,42,1.0000000000,42.0000000000,42.0000000000,0,WARREN,WARREN
WARREN - 000021,42,1.0000000000,50.0000000000,50.0000000000,0,WARREN,WARREN
WARREN - 000022,42,1.0000000000,140.0000000000,140.0000000000,0,WARREN,WARREN
WARREN - 000023,42,1.0000000000,55.0000000000,55.0000000000,0,WARREN,WARREN
WARREN - 000024,42,1.0000000000,19.0000000000,19.0000000000,0,WARREN,WARREN
WASHINGTON - 000002,144,1.0000000000,222.0000000000,222.0000000000,0,WASHINGTON,WASHINGTON
WASHINGTON - 000003,144,1.0000000000,69.0000000000,69.0000000000,0,WASHINGTON,WASHINGTON
WASHINGTON - 000005,144,1.0000000000,76.0000000000,76.0000000000,0,WASHINGTON,WASHINGTON
WASHINGTON - 000006,118,0.5562130178,94.0000000000,169.0000000000,0,WASHINGTON,WASHINGTON
WASHINGTON - 000006,144,0.4437869822,75.0000000000,169.0000000000,0,WASHINGTON,WASHINGTON
WASHINGTON - 000007,118,0.8372093023,108.0000000000,129.0000000000,0,WASHINGTON,WASHINGTON
WASHINGTON - 000007,144,0.1627906977,21.0000000000,129.0000000000,0,WASHINGTON,WASHINGTON
WASHINGTON - 000008,118,1.0000000000,68.0000000000,68.0000000000,0,WASHINGTON,WASHINGTON
WASHINGTON - 000009,118,0.3793103448,44.0000000000,116.0000000000,0,WASHINGTON,WASHINGTON
WASHINGTON - 000009,144,0.6206896552,72.0000000000,116.0000000000,0,WASHINGTON,WASHINGTON
WASHINGTON - 000011,144,1.0000000000,134.0000000000,134.0000000000,0,WASHINGTON,WASHINGTON
WASHINGTON - 000013,118,0.9333333333,84.0000000000,90.0000000000,0,WASHINGTON,WASHINGTON
WASHINGTON - 000013,144,0.0666666667,6.0000000000,90.0000000000,0,WASHINGTON,WASHINGTON
WASHINGTON - 000015,144,1.0000000000,91.0000000000,91.0000000000,0,WASHINGTON,WASHINGTON
WASHINGTON - 000016,118,0.7777777778,56.0000000000,72.0000000000,0,WASHINGTON,WASHINGTON
WASHINGTON - 000016,144,0.2222222222,16.0000000000,72.0000000000,0,WASHINGTON,WASHINGTON
WASHINGTON - 000017,144,1.0000000000,88.0000000000,88.0000000000,0,WASHINGTON,WASHINGTON
WASHINGTON - 000019,118,0.3504273504,41.0000000000,117.0000000000,0,WASHINGTON,WASHINGTON
WASHINGTON - 000019,144,0.6495726496,76.0000000000,117.0000000000,0,WASHINGTON,WASHINGTON
WAYNE - 000002,153,1.0000000000,33.0000000000,33.0000000000,0,WAYNE,WAYNE
WAYNE - 000003,153,1.0000000000,26.0000000000,26.0000000000,0,WAYNE,WAYNE
WAYNE - 000004,153,1.0000000000,121.0000000000,121.0000000000,0,WAYNE,WAYNE
WAYNE - 000005,153,1.0000000000,91.0000000000,91.0000000000,0,WAYNE,WAYNE
WAYNE - 000006,153,1.0000000000,19.0000000000,19.0000000000,0,WAYNE,WAYNE
WAYNE - 000007,153,1.0000000000,86.0000000000,86.0000000000,0,WAYNE,WAYNE
WAYNE - 000008,153,1.0000000000,78.0000000000,78.0000000000,0,WAYNE,WAYNE
WAYNE - 000009,153,1.0000000000,27.0000000000,27.0000000000,0,WAYNE,WAYNE
WAYNE - 000010,153,1.0000000000,69.0000000000,69.0000000000,0,WAYNE,WAYNE
WAYNE - 000011,153,1.0000000000,65.0000000000,65.0000000000,0,WAYNE,WAYNE
WAYNE - 000012,144,1.0000000000,31.0000000000,31.0000000000,0,WAYNE,WAYNE
WAYNE - 000013,153,1.0000000000,108.0000000000,108.0000000000,0,WAYNE,WAYNE
WAYNE - 000014,153,1.0000000000,32.0000000000,32.0000000000,0,WAYNE,WAYNE
WAYNE - 000015,144,1.0000000000,30.0000000000,30.0000000000,0,WAYNE,WAYNE
WAYNE - 000016,153,1.0000000000,29.0000000000,29.0000000000,0,WAYNE,WAYNE
WAYNE - 000017,144,1.0000000000,37.0000000000,37.0000000000,0,WAYNE,WAYNE
WAYNE - 000018,144,1.0000000000,55.0000000000,55.0000000000,0,WAYNE,WAYNE
WAYNE - 000019,153,1.0000000000,42.0000000000,42.0000000000,0,WAYNE,WAYNE
WAYNE - 000020,153,1.0000000000,96.0000000000,96.0000000000,0,WAYNE,WAYNE
WAYNE - 000021,153,1.0000000000,27.0000000000,27.0000000000,0,WAYNE,WAYNE
WEBSTER - 000002,129,1.0000000000,57.0000000000,57.0000000000,0,WEBSTER,WEBSTER
WEBSTER - 000003,129,1.0000000000,52.0000000000,52.0000000000,0,WEBSTER,WEBSTER
WEBSTER - 000005,129,1.0000000000,102.0000000000,102.0000000000,0,WEBSTER,WEBSTER
WEBSTER - 000006,129,1.0000000000,84.0000000000,84.0000000000,0,WEBSTER,WEBSTER
WEBSTER - 000008,129,1.0000000000,79.0000000000,79.0000000000,0,WEBSTER,WEBSTER
WEBSTER - 000010,129,1.0000000000,184.0000000000,184.0000000000,0,WEBSTER,WEBSTER
WEBSTER - 000011,129,1.0000000000,161.0000000000,161.0000000000,0,WEBSTER,WEBSTER
WEBSTER - 000012,129,1.0000000000,118.0000000000,118.0000000000,0,WEBSTER,WEBSTER
WEBSTER - 000013,129,1.0000000000,66.0000000000,66.0000000000,0,WEBSTER,WEBSTER
WEBSTER - 000014,129,1.0000000000,111.0000000000,111.0000000000,0,WEBSTER,WEBSTER
WEBSTER - 12-019,129,1.0000000000,38.0000000000,38.0000000000,0,WEBSTER,WEBSTER
WEBSTER - 12-020,129,1.0000000000,256.0000000000,256.0000000000,0,WEBSTER,WEBSTER
WEBSTER - 14-017,129,0.8900000000,89.0000000000,100.0000000000,0,WEBSTER,WEBSTER
WEBSTER - 14-017,141,0.1100000000,11.0000000000,100.0000000000,0,WEBSTER,WEBSTER
WEBSTER - 16-015,129,1.0000000000,121.0000000000,121.0000000000,0,WEBSTER,WEBSTER
WEBSTER - 16-016,129,1.0000000000,157.0000000000,157.0000000000,0,WEBSTER,WEBSTER
WEBSTER - 16-018,129,1.0000000000,96.0000000000,96.0000000000,0,WEBSTER,WEBSTER
WORTH - 000002,2,1.0000000000,48.0000000000,48.0000000000,0,WORTH,WORTH
WORTH - 000003,2,1.0000000000,32.0000000000,32.0000000000,0,WORTH,WORTH
WORTH - 000004,2,1.0000000000,105.0000000000,105.0000000000,0,WORTH,WORTH
WORTH - 000005,2,1.0000000000,38.0000000000,38.0000000000,0,WORTH,WORTH
WORTH - 000006,2,1.0000000000,54.0000000000,54.0000000000,0,WORTH,WORTH
WORTH - 000007,2,1.0000000000,46.0000000000,46.0000000000,0,WORTH,WORTH
WORTH - 000008,2,1.0000000000,65.0000000000,65.0000000000,0,WORTH,WORTH
WRIGHT - 000002,141,1.0000000000,284.0000000000,284.0000000000,0,WRIGHT,WRIGHT
WRIGHT - 000003,141,1.0000000000,365.0000000000,365.0000000000,0,WRIGHT,WRIGHT
WRIGHT - 000004,141,1.0000000000,138.0000000000,138.0000000000,0,WRIGHT,WRIGHT
WRIGHT - 000005,141,1.0000000000,146.0000000000,146.0000000000,0,WRIGHT,WRIGHT
WRIGHT - 000006,141,1.0000000000,63.0000000000,63.0000000000,0,WRIGHT,WRIGHT
WRIGHT - 000007,141,1.0000000000,41.0000000000,41.0000000000,0,WRIGHT,WRIGHT
WRIGHT - 000008,141,1.0000000000,160.0000000000,160.0000000000,0,WRIGHT,WRIGHT
WRIGHT - 000009,141,1.0000000000,195.0000000000,195.0000000000,0,WRIGHT,WRIGHT
