precinct_key,district_num,area_weight,block_weight,precinct_block_weight,is_kansas_city,election_county,election_county_aliases
ADAIR - 000002,18,1.0000000000,93.0000000000,93.0000000000,0,ADAIR,ADAIR
ADAIR - 000003,18,1.0000000000,59.0000000001,59.0000000001,0,ADAIR,ADAIR
ADAIR - 000004,18,1.0000000000,111.0000000000,111.0000000000,0,ADAIR,ADAIR
ADAIR - 000005,18,1.0000000000,59.0000000000,59.0000000000,0,ADAIR,ADAIR
ADAIR - 000006,18,1.0000000000,111.0000000000,111.0000000000,0,ADAIR,ADAIR
ADAIR - 000007,18,1.0000000000,48.9999999999,48.9999999999,0,ADAIR,ADAIR
ADAIR - 000008,18,1.0000000000,43.9999999999,43.9999999999,0,ADAIR,ADAIR
ADAIR - 000009,18,1.0000000000,228.0000000000,228.0000000000,0,ADAIR,ADAIR
ADAIR - 000010,18,1.0000000000,211.0000000004,211.0000000004,0,ADAIR,ADAIR
ADAIR - 000011,18,1.0000000000,109.0000000002,109.0000000002,0,ADAIR,ADAIR
ADAIR - 000012,18,1.0000000000,121.0000000000,121.0000000000,0,ADAIR,ADAIR
ADAIR - 000013,18,1.0000000000,119.0000000001,119.0000000001,0,ADAIR,ADAIR
ADAIR - 000014,18,1.0000000000,74.9999999999,74.9999999999,0,ADAIR,ADAIR
ADAIR - 000015,18,1.0000000000,4.0000000000,4.0000000000,0,ADAIR,ADAIR
ADAIR - 000016,18,1.0000000000,82.0000000000,82.0000000000,0,ADAIR,ADAIR
ADAIR - 000017,18,1.0000000000,53.0000000000,53.0000000000,0,ADAIR,ADAIR
ADAIR - 000018,18,1.0000000000,32.0000000000,32.0000000000,0,ADAIR,ADAIR
ANDREW - 000002,12,1.0000000000,45.9999999999,45.9999999999,0,ANDREW,ANDREW
ANDREW - 000003,12,1.0000000000,65.0000000000,65.0000000000,0,ANDREW,ANDREW
ANDREW - 000004,12,1.0000000000,110.0000000001,110.0000000001,0,ANDREW,ANDREW
ANDREW - 000005,12,1.0000000000,30.9999999999,30.9999999999,0,ANDREW,ANDREW
ANDREW - 000006,12,1.0000000000,51.0000000001,51.0000000001,0,ANDREW,ANDREW
ANDREW - 000007,12,1.0000000000,97.0000000001,97.0000000001,0,ANDREW,ANDREW
ANDREW - 000008,12,1.0000000000,62.0000000000,62.0000000000,0,ANDREW,ANDREW
ANDREW - 000009,12,1.0000000000,66.9999999997,66.9999999997,0,ANDREW,ANDREW
ANDREW - 000010,12,1.0000000000,131.0000000001,131.0000000001,0,ANDREW,ANDREW
ANDREW - 000011,12,1.0000000000,56.0000000001,56.0000000001,0,ANDREW,ANDREW
ANDREW - 000012,12,1.0000000000,39.9999999999,39.9999999999,0,ANDREW,ANDREW
ANDREW - 000013,12,1.0000000000,31.0000000000,31.0000000000,0,ANDREW,ANDREW
ANDREW - 000014,12,1.0000000000,68.0000000001,68.0000000001,0,ANDREW,ANDREW
ANDREW - 000015,12,1.0000000000,49.0000000000,49.0000000000,0,ANDREW,ANDREW
ANDREW - 000016,12,1.0000000000,70.9999999998,70.9999999998,0,ANDREW,ANDREW
ANDREW - 000017,12,1.0000000000,92.0000000000,92.0000000000,0,ANDREW,ANDREW
ANDREW - 000018,12,1.0000000000,66.0000000000,66.0000000000,0,ANDREW,ANDREW
ANDREW - 000019,12,1.0000000000,49.9999999997,49.9999999997,0,ANDREW,ANDREW
ANDREW - 000020,12,1.0000000000,41.9999999999,41.9999999999,0,ANDREW,ANDREW
ATCHISON - 000002,12,1.0000000000,211.0000000000,211.0000000000,0,ATCHISON,ATCHISON
ATCHISON - 000003,12,1.0000000000,87.0000000002,87.0000000002,0,ATCHISON,ATCHISON
ATCHISON - 000004,12,1.0000000000,329.9999999998,329.9999999998,0,ATCHISON,ATCHISON
ATCHISON - 000005,12,1.0000000000,239.0000000000,239.0000000000,0,ATCHISON,ATCHISON
ATCHISON - 000006,12,1.0000000000,132.0000000000,132.0000000000,0,ATCHISON,ATCHISON
ATCHISON - 000007,12,1.0000000000,121.9999999999,121.9999999999,0,ATCHISON,ATCHISON
AUDRAIN - 000002,18,1.0000000000,127.9999999999,127.9999999999,0,AUDRAIN,AUDRAIN
AUDRAIN - 000003,18,1.0000000000,44.0000000000,44.0000000000,0,AUDRAIN,AUDRAIN
AUDRAIN - 000004,18,1.0000000000,50.9999999999,50.9999999999,0,AUDRAIN,AUDRAIN
AUDRAIN - 000005,18,1.0000000000,164.9999999997,164.9999999997,0,AUDRAIN,AUDRAIN
AUDRAIN - 000006,18,1.0000000000,106.0000000002,106.0000000002,0,AUDRAIN,AUDRAIN
AUDRAIN - 000007,18,1.0000000000,135.0000000001,135.0000000001,0,AUDRAIN,AUDRAIN
AUDRAIN - 000008,18,1.0000000000,123.9999999997,123.9999999997,0,AUDRAIN,AUDRAIN
AUDRAIN - 000009,18,1.0000000000,115.0000000001,115.0000000001,0,AUDRAIN,AUDRAIN
AUDRAIN - 000010,18,1.0000000000,75.0000000003,75.0000000003,0,AUDRAIN,AUDRAIN
AUDRAIN - 000011,18,1.0000000000,47.9999999999,47.9999999999,0,AUDRAIN,AUDRAIN
AUDRAIN - 000012,18,1.0000000000,58.0000000000,58.0000000000,0,AUDRAIN,AUDRAIN
AUDRAIN - 000013,18,1.0000000000,15.0000000000,15.0000000000,0,AUDRAIN,AUDRAIN
AUDRAIN - 000014,18,1.0000000000,39.9999999998,39.9999999998,0,AUDRAIN,AUDRAIN
AUDRAIN - 000015,18,1.0000000000,193.0000000000,193.0000000000,0,AUDRAIN,AUDRAIN
AUDRAIN - 000017,18,1.0000000000,34.9999999999,34.9999999999,0,AUDRAIN,AUDRAIN
AUDRAIN - 000018,18,1.0000000000,25.0000000000,25.0000000000,0,AUDRAIN,AUDRAIN
AUDRAIN - 000019,18,1.0000000000,41.0000000000,41.0000000000,0,AUDRAIN,AUDRAIN
AUDRAIN - 000020,18,1.0000000000,62.0000000002,62.0000000002,0,AUDRAIN,AUDRAIN
AUDRAIN - 000021,18,1.0000000000,88.9999999999,88.9999999999,0,AUDRAIN,AUDRAIN
AUDRAIN - 000022,18,1.0000000000,96.9999999998,96.9999999998,0,AUDRAIN,AUDRAIN
AUDRAIN - 000023,18,1.0000000000,179.9999999998,179.9999999998,0,AUDRAIN,AUDRAIN
AUDRAIN - 000024,18,1.0000000000,65.0000000000,65.0000000000,0,AUDRAIN,AUDRAIN
AUDRAIN - 000025,18,1.0000000000,105.0000000000,105.0000000000,0,AUDRAIN,AUDRAIN
AUDRAIN - 000026,18,1.0000000000,59.0000000000,59.0000000000,0,AUDRAIN,AUDRAIN
BARRY - 000002,29,1.0000000000,51.9999999999,51.9999999999,0,BARRY,BARRY
BARRY - 000003,29,1.0000000000,125.0000000000,125.0000000000,0,BARRY,BARRY
BARRY - 000004,29,1.0000000000,53.0000000002,53.0000000002,0,BARRY,BARRY
BARRY - 000005,29,1.0000000000,57.0000000001,57.0000000001,0,BARRY,BARRY
BARRY - 000006,29,1.0000000000,156.0000000000,156.0000000000,0,BARRY,BARRY
BARRY - 000007,29,1.0000000000,178.0000000003,178.0000000003,0,BARRY,BARRY
BARRY - 000008,29,1.0000000000,281.9999999996,281.9999999996,0,BARRY,BARRY
BARRY - 000009,29,1.0000000000,142.9999999999,142.9999999999,0,BARRY,BARRY
BARRY - 000010,29,1.0000000000,75.0000000003,75.0000000003,0,BARRY,BARRY
BARRY - 000011,29,1.0000000000,191.0000000000,191.0000000000,0,BARRY,BARRY
BARRY - 000012,29,1.0000000000,104.0000000000,104.0000000000,0,BARRY,BARRY
BARRY - 000013,29,1.0000000000,56.0000000000,56.0000000000,0,BARRY,BARRY
BARRY - 000014,29,1.0000000000,48.9999999999,48.9999999999,0,BARRY,BARRY
BARRY - 000015,29,1.0000000000,229.0000000003,229.0000000003,0,BARRY,BARRY
BARRY - 000016,29,1.0000000000,171.8990692520,171.8990692520,0,BARRY,BARRY
BARRY - 000017,29,1.0000000000,177.0000000003,177.0000000003,0,BARRY,BARRY
BARRY - 000018,29,1.0000000000,115.5129321108,115.5129321108,0,BARRY,BARRY
BARRY - 000019,29,1.0000000000,122.0000000001,122.0000000001,0,BARRY,BARRY
BARRY - 000020,29,1.0000000000,146.9999999999,146.9999999999,0,BARRY,BARRY
BARRY - 000021,29,0.9999985577,176.9997447192,177.0000000003,0,BARRY,BARRY
BARRY - 000021,33,0.0000014423,0.0002552811,177.0000000003,0,BARRY,BARRY
BARRY - 000022,29,1.0000000000,138.0000000003,138.0000000003,0,BARRY,BARRY
BARTON - 000002,20,1.0000000000,28.9999999999,28.9999999999,0,BARTON,BARTON
BARTON - 000003,20,1.0000000000,93.9999999999,93.9999999999,0,BARTON,BARTON
BARTON - 000004,20,1.0000000000,130.0000000000,130.0000000000,0,BARTON,BARTON
BARTON - 000005,20,1.0000000000,97.9999999999,97.9999999999,0,BARTON,BARTON
BARTON - 000006,20,1.0000000000,34.0000000000,34.0000000000,0,BARTON,BARTON
BARTON - 000007,20,1.0000000000,135.0000000000,135.0000000000,0,BARTON,BARTON
BARTON - 000008,20,1.0000000000,133.9999999999,133.9999999999,0,BARTON,BARTON
BARTON - 000009,20,1.0000000000,73.0000000003,73.0000000003,0,BARTON,BARTON
BARTON - 000010,20,1.0000000000,53.0000000002,53.0000000002,0,BARTON,BARTON
BARTON - 000011,20,1.0000000000,70.0000000001,70.0000000001,0,BARTON,BARTON
BARTON - 000012,20,1.0000000000,32.0000000003,32.0000000003,0,BARTON,BARTON
BARTON - 000013,20,1.0000000000,54.9999999997,54.9999999997,0,BARTON,BARTON
BARTON - 000014,20,1.0000000000,98.0000000002,98.0000000002,0,BARTON,BARTON
BARTON - 000015,20,1.0000000000,115.0000000002,115.0000000002,0,BARTON,BARTON
BARTON - 000016,20,1.0000000000,84.0000000001,84.0000000001,0,BARTON,BARTON
BARTON - 000017,20,1.0000000000,63.0000000000,63.0000000000,0,BARTON,BARTON
BATES - 000002,31,1.0000000000,148.9999999999,148.9999999999,0,BATES,BATES
BATES - 000003,31,1.0000000000,147.9999999994,147.9999999994,0,BATES,BATES
BATES - 000004,31,1.0000000000,100.0000000000,100.0000000000,0,BATES,BATES
BATES - 000005,31,1.0000000000,106.0000000000,106.0000000000,0,BATES,BATES
BATES - 000006,31,1.0000000000,110.9999999999,110.9999999999,0,BATES,BATES
BATES - 000007,31,1.0000000000,131.0000000000,131.0000000000,0,BATES,BATES
BATES - 000008,31,1.0000000000,197.0000000000,197.0000000000,0,BATES,BATES
BATES - 000009,31,1.0000000000,153.0000000000,153.0000000000,0,BATES,BATES
BATES - 000010,31,1.0000000000,54.0000000000,54.0000000000,0,BATES,BATES
BATES - 000011,31,1.0000000000,87.0000000001,87.0000000001,0,BATES,BATES
BATES - 000012,31,1.0000000000,88.0000000000,88.0000000000,0,BATES,BATES
BATES - 000013,31,1.0000000000,125.0000000001,125.0000000001,0,BATES,BATES
BATES - 000014,31,1.0000000000,170.9999999999,170.9999999999,0,BATES,BATES
BATES - 000015,31,1.0000000000,259.0000000000,259.0000000000,0,BATES,BATES
BATES - 000016,31,1.0000000000,77.0000000000,77.0000000000,0,BATES,BATES
BENTON - 000002,28,1.0000000000,98.0000000012,98.0000000012,0,BENTON,BENTON
BENTON - 000003,28,1.0000000000,179.9999999996,179.9999999996,0,BENTON,BENTON
BENTON - 000004,28,1.0000000000,122.9999999999,122.9999999999,0,BENTON,BENTON
BENTON - 000005,28,1.0000000000,68.0000000000,68.0000000000,0,BENTON,BENTON
BENTON - 000006,28,1.0000000000,164.0000000002,164.0000000002,0,BENTON,BENTON
BENTON - 000007,28,1.0000000000,60.9999999999,60.9999999999,0,BENTON,BENTON
BENTON - 000008,28,1.0000000000,267.0000000001,267.0000000001,0,BENTON,BENTON
BENTON - 000009,28,1.0000000000,221.9999999998,221.9999999998,0,BENTON,BENTON
BENTON - 000010,28,1.0000000000,233.9999999998,233.9999999998,0,BENTON,BENTON
BENTON - 000011,28,1.0000000000,73.0000000001,73.0000000001,0,BENTON,BENTON
BENTON - 000012,28,1.0000000000,91.0000000000,91.0000000000,0,BENTON,BENTON
BENTON - 000013,28,1.0000000000,142.0000000001,142.0000000001,0,BENTON,BENTON
BENTON - 000014,28,1.0000000000,130.9999999999,130.9999999999,0,BENTON,BENTON
BENTON - 000015,28,1.0000000000,138.9999999997,138.9999999997,0,BENTON,BENTON
BOLLINGER - 000002,27,1.0000000000,70.9999999999,70.9999999999,0,BOLLINGER,BOLLINGER
BOLLINGER - 000003,27,1.0000000000,117.0000000001,117.0000000001,0,BOLLINGER,BOLLINGER
BOLLINGER - 000004,27,1.0000000000,38.0000000000,38.0000000000,0,BOLLINGER,BOLLINGER
BOLLINGER - 000005,27,1.0000000000,63.0000000002,63.0000000002,0,BOLLINGER,BOLLINGER
BOLLINGER - 000006,27,1.0000000000,119.9999999999,119.9999999999,0,BOLLINGER,BOLLINGER
BOLLINGER - 000007,27,1.0000000000,83.9999999999,83.9999999999,0,BOLLINGER,BOLLINGER
BOLLINGER - 000008,27,1.0000000000,75.0000000000,75.0000000000,0,BOLLINGER,BOLLINGER
BOLLINGER - 000009,27,1.0000000000,105.0000000000,105.0000000000,0,BOLLINGER,BOLLINGER
BOLLINGER - 000010,27,1.0000000000,88.0000000000,88.0000000000,0,BOLLINGER,BOLLINGER
BOLLINGER - 000011,27,1.0000000000,95.0000000000,95.0000000000,0,BOLLINGER,BOLLINGER
BOLLINGER - 000012,27,1.0000000000,56.0000000000,56.0000000000,0,BOLLINGER,BOLLINGER
BOLLINGER - 000014,27,1.0000000000,66.0000000000,66.0000000000,0,BOLLINGER,BOLLINGER
BOLLINGER - 000015,27,1.0000000000,149.9999999997,149.9999999997,0,BOLLINGER,BOLLINGER
BOONE - 000002,19,1.0000000000,57.0000000000,57.0000000000,0,BOONE,BOONE
BOONE - 000003,19,1.0000000000,28.0000000001,28.0000000001,0,BOONE,BOONE
BOONE - 000004,19,1.0000000000,115.0000000001,115.0000000001,0,BOONE,BOONE
BOONE - 000005,19,1.0000000000,59.0000000000,59.0000000000,0,BOONE,BOONE
BOONE - 000006,19,1.0000000000,45.9999999999,45.9999999999,0,BOONE,BOONE
BOONE - 000007,19,1.0000000000,55.9999999998,55.9999999998,0,BOONE,BOONE
BOONE - 000008,19,1.0000000000,159.9999999998,159.9999999998,0,BOONE,BOONE
BOONE - 000009,19,1.0000000000,45.0000000000,45.0000000000,0,BOONE,BOONE
BOONE - 000010,19,1.0000000000,88.0000000001,88.0000000001,0,BOONE,BOONE
BOONE - 000011,19,1.0000000000,28.9999999999,28.9999999999,0,BOONE,BOONE
BOONE - 000012,19,1.0000000000,49.0000000000,49.0000000000,0,BOONE,BOONE
BOONE - 000013,19,1.0000000000,34.0000000000,34.0000000000,0,BOONE,BOONE
BOONE - 000014,19,1.0000000000,27.0000000000,27.0000000000,0,BOONE,BOONE
BOONE - 000015,19,1.0000000000,51.0000000000,51.0000000000,0,BOONE,BOONE
BOONE - 000016,19,1.0000000000,22.0000000000,22.0000000000,0,BOONE,BOONE
BOONE - 000017,19,1.0000000000,8.0000000000,8.0000000000,0,BOONE,BOONE
BOONE - 000018,19,1.0000000000,29.0000000000,29.0000000000,0,BOONE,BOONE
BOONE - 000019,19,1.0000000000,20.0000000002,20.0000000002,0,BOONE,BOONE
BOONE - 000020,19,1.0000000000,17.9999999998,17.9999999998,0,BOONE,BOONE
BOONE - 000021,19,1.0000000000,77.9999999993,77.9999999993,0,BOONE,BOONE
BOONE - 000022,19,1.0000000000,54.9999999999,54.9999999999,0,BOONE,BOONE
BOONE - 000023,19,1.0000000000,53.9999999999,53.9999999999,0,BOONE,BOONE
BOONE - 000024,19,1.0000000000,31.0000000000,31.0000000000,0,BOONE,BOONE
BOONE - 000025,19,1.0000000000,78.9999999997,78.9999999997,0,BOONE,BOONE
BOONE - 000026,19,1.0000000000,79.0000000002,79.0000000002,0,BOONE,BOONE
BOONE - 000027,19,1.0000000000,49.0000000002,49.0000000002,0,BOONE,BOONE
BOONE - 000028,19,1.0000000000,69.0000000001,69.0000000001,0,BOONE,BOONE
BOONE - 000029,19,1.0000000000,51.0000000000,51.0000000000,0,BOONE,BOONE
BOONE - 000030,19,1.0000000000,51.0000000000,51.0000000000,0,BOONE,BOONE
BOONE - 000031,19,1.0000000000,44.0000000000,44.0000000000,0,BOONE,BOONE
BOONE - 000032,19,1.0000000000,34.0000000004,34.0000000004,0,BOONE,BOONE
BOONE - 000033,19,1.0000000000,38.9999999998,38.9999999998,0,BOONE,BOONE
BOONE - 000034,19,1.0000000000,29.0000000003,29.0000000003,0,BOONE,BOONE
BOONE - 000035,19,1.0000000000,103.0000000002,103.0000000002,0,BOONE,BOONE
BOONE - 000036,19,1.0000000000,87.9999999996,87.9999999996,0,BOONE,BOONE
BOONE - 000037,19,1.0000000000,35.0000000001,35.0000000001,0,BOONE,BOONE
BOONE - 000038,19,1.0000000000,14.0000000000,14.0000000000,0,BOONE,BOONE
BOONE - 000039,19,1.0000000000,14.9999999998,14.9999999998,0,BOONE,BOONE
BOONE - 000040,19,1.0000000000,9.9999999999,9.9999999999,0,BOONE,BOONE
BOONE - 000041,19,1.0000000000,43.0000000001,43.0000000001,0,BOONE,BOONE
BOONE - 000042,19,1.0000000000,12.0000000001,12.0000000001,0,BOONE,BOONE
BOONE - 000043,19,1.0000000000,35.0000000001,35.0000000001,0,BOONE,BOONE
BOONE - 000044,19,1.0000000000,47.9999999999,47.9999999999,0,BOONE,BOONE
BOONE - 000045,19,1.0000000000,39.9999999999,39.9999999999,0,BOONE,BOONE
BOONE - 000046,19,1.0000000000,63.0000000000,63.0000000000,0,BOONE,BOONE
BOONE - 000047,19,1.0000000000,53.9999999999,53.9999999999,0,BOONE,BOONE
BOONE - 000048,19,1.0000000000,36.9999999998,36.9999999998,0,BOONE,BOONE
BOONE - 000049,19,1.0000000000,31.9999999999,31.9999999999,0,BOONE,BOONE
BOONE - 000050,19,1.0000000000,30.0000000000,30.0000000000,0,BOONE,BOONE
BOONE - 000051,19,1.0000000000,25.0000000000,25.0000000000,0,BOONE,BOONE
BOONE - 000052,19,1.0000000000,14.0000000000,14.0000000000,0,BOONE,BOONE
BOONE - 000053,19,1.0000000000,36.0000000001,36.0000000001,0,BOONE,BOONE
BOONE - 000054,19,1.0000000000,18.0000000000,18.0000000000,0,BOONE,BOONE
BOONE - 000055,19,1.0000000000,77.9999999996,77.9999999996,0,BOONE,BOONE
BOONE - 000056,19,1.0000000000,14.0000000000,14.0000000000,0,BOONE,BOONE
BOONE - 000057,19,1.0000000000,16.0000000000,16.0000000000,0,BOONE,BOONE
BOONE - 000058,19,1.0000000000,21.0000000000,21.0000000000,0,BOONE,BOONE
BOONE - 000059,19,1.0000000000,16.0000000000,16.0000000000,0,BOONE,BOONE
BOONE - 000060,19,1.0000000000,16.0000000000,16.0000000000,0,BOONE,BOONE
BOONE - 000061,19,1.0000000000,11.0000000001,11.0000000001,0,BOONE,BOONE
BOONE - 000062,19,1.0000000000,15.0000000000,15.0000000000,0,BOONE,BOONE
BOONE - 000063,19,1.0000000000,16.0000000000,16.0000000000,0,BOONE,BOONE
BOONE - 000064,19,1.0000000000,46.0000000000,46.0000000000,0,BOONE,BOONE
BOONE - 000065,19,1.0000000000,15.0000000000,15.0000000000,0,BOONE,BOONE
BOONE - 000066,19,1.0000000000,17.0000000000,17.0000000000,0,BOONE,BOONE
BOONE - 000067,19,1.0000000000,55.9999999999,55.9999999999,0,BOONE,BOONE
BOONE - 000068,19,1.0000000000,18.0000000001,18.0000000001,0,BOONE,BOONE
BOONE - 000069,19,1.0000000000,34.0000000001,34.0000000001,0,BOONE,BOONE
BOONE - 000070,19,1.0000000000,31.9999999998,31.9999999998,0,BOONE,BOONE
BOONE - 000071,19,1.0000000000,68.0000000001,68.0000000001,0,BOONE,BOONE
BOONE - 000072,19,1.0000000000,18.0000000000,18.0000000000,0,BOONE,BOONE
BOONE - 000073,19,1.0000000000,113.0000000000,113.0000000000,0,BOONE,BOONE
BOONE - 000074,19,1.0000000000,165.9999999999,165.9999999999,0,BOONE,BOONE
BOONE - 000075,19,1.0000000000,81.0000000000,81.0000000000,0,BOONE,BOONE
BUCHANAN - 000002,34,1.0000000000,79.0000000004,79.0000000004,0,BUCHANAN,BUCHANAN
BUCHANAN - 000003,34,1.0000000000,55.0000000002,55.0000000002,0,BUCHANAN,BUCHANAN
BUCHANAN - 000004,34,1.0000000000,35.9999999999,35.9999999999,0,BUCHANAN,BUCHANAN
BUCHANAN - 000005,34,1.0000000000,30.0000000001,30.0000000001,0,BUCHANAN,BUCHANAN
BUCHANAN - 000006,34,1.0000000000,49.0000000002,49.0000000002,0,BUCHANAN,BUCHANAN
BUCHANAN - 000007,34,1.0000000000,46.0000000000,46.0000000000,0,BUCHANAN,BUCHANAN
BUCHANAN - 000008,34,1.0000000000,58.9999999999,58.9999999999,0,BUCHANAN,BUCHANAN
BUCHANAN - 000009,34,1.0000000000,67.9999999999,67.9999999999,0,BUCHANAN,BUCHANAN
BUCHANAN - 000010,12,0.0250000000,1.0000000000,40.0000000001,0,BUCHANAN,BUCHANAN
BUCHANAN - 000010,34,0.9750000000,39.0000000001,40.0000000001,0,BUCHANAN,BUCHANAN
BUCHANAN - 000011,34,1.0000000000,45.9999999999,45.9999999999,0,BUCHANAN,BUCHANAN
BUCHANAN - 000012,34,1.0000000000,27.9999999998,27.9999999998,0,BUCHANAN,BUCHANAN
BUCHANAN - 000013,12,0.0000706234,0.0028249379,40.0000000001,0,BUCHANAN,BUCHANAN
BUCHANAN - 000013,34,0.9999293766,39.9971750622,40.0000000001,0,BUCHANAN,BUCHANAN
BUCHANAN - 000014,12,1.0000000000,62.9999999998,62.9999999998,0,BUCHANAN,BUCHANAN
BUCHANAN - 000015,34,1.0000000000,65.9999999999,65.9999999999,0,BUCHANAN,BUCHANAN
BUCHANAN - 000016,34,1.0000000000,29.0000000001,29.0000000001,0,BUCHANAN,BUCHANAN
BUCHANAN - 000017,12,0.3902439024,16.0000000001,41.0000000000,0,BUCHANAN,BUCHANAN
BUCHANAN - 000017,34,0.6097560976,24.9999999999,41.0000000000,0,BUCHANAN,BUCHANAN
BUCHANAN - 000018,12,0.2970273585,36.5343650901,122.9999999999,0,BUCHANAN,BUCHANAN
BUCHANAN - 000018,34,0.7029726415,86.4656349098,122.9999999999,0,BUCHANAN,BUCHANAN
BUCHANAN - 000019,12,0.9586547084,49.8500448388,52.0000000002,0,BUCHANAN,BUCHANAN
BUCHANAN - 000019,34,0.0413452916,2.1499551614,52.0000000002,0,BUCHANAN,BUCHANAN
BUCHANAN - 000020,34,1.0000000000,15.9999999999,15.9999999999,0,BUCHANAN,BUCHANAN
BUCHANAN - 000021,12,1.0000000000,75.9999999997,75.9999999997,0,BUCHANAN,BUCHANAN
BUCHANAN - 000022,12,1.0000000000,68.9999999998,68.9999999998,0,BUCHANAN,BUCHANAN
BUCHANAN - 000023,12,1.0000000000,52.0000000000,52.0000000000,0,BUCHANAN,BUCHANAN
BUCHANAN - 000024,34,1.0000000000,38.0000000000,38.0000000000,0,BUCHANAN,BUCHANAN
BUCHANAN - 000025,34,1.0000000000,86.0000000000,86.0000000000,0,BUCHANAN,BUCHANAN
BUCHANAN - 000026,12,1.0000000000,63.9999999999,63.9999999999,0,BUCHANAN,BUCHANAN
BUCHANAN - 000027,12,0.5086788543,17.8037598995,34.9999999999,0,BUCHANAN,BUCHANAN
BUCHANAN - 000027,34,0.4913211457,17.1962401004,34.9999999999,0,BUCHANAN,BUCHANAN
BUCHANAN - 000028,34,1.0000000000,15.0000000000,15.0000000000,0,BUCHANAN,BUCHANAN
BUCHANAN - 000029,34,1.0000000000,13.9999999999,13.9999999999,0,BUCHANAN,BUCHANAN
BUCHANAN - 000030,12,0.4528294046,25.3584466582,56.0000000000,0,BUCHANAN,BUCHANAN
BUCHANAN - 000030,34,0.5471705954,30.6415533418,56.0000000000,0,BUCHANAN,BUCHANAN
BUCHANAN - 000031,34,1.0000000000,20.9999999999,20.9999999999,0,BUCHANAN,BUCHANAN
BUCHANAN - 000032,34,1.0000000000,76.9999999998,76.9999999998,0,BUCHANAN,BUCHANAN
BUCHANAN - 000033,34,1.0000000000,35.9999999999,35.9999999999,0,BUCHANAN,BUCHANAN
BUCHANAN - 000034,34,1.0000000000,50.0000000002,50.0000000002,0,BUCHANAN,BUCHANAN
BUCHANAN - 000035,34,1.0000000000,46.9999999998,46.9999999998,0,BUCHANAN,BUCHANAN
BUCHANAN - 000036,34,1.0000000000,9.0000000001,9.0000000001,0,BUCHANAN,BUCHANAN
BUCHANAN - 000037,34,1.0000000000,17.0000000000,17.0000000000,0,BUCHANAN,BUCHANAN
BUCHANAN - 000038,34,1.0000000000,66.0000000000,66.0000000000,0,BUCHANAN,BUCHANAN
BUCHANAN - 000039,34,1.0000000000,13.9999999997,13.9999999997,0,BUCHANAN,BUCHANAN
BUCHANAN - 000040,34,1.0000000000,68.0000000000,68.0000000000,0,BUCHANAN,BUCHANAN
BUCHANAN - 000041,34,1.0000000000,90.0000000002,90.0000000002,0,BUCHANAN,BUCHANAN
BUCHANAN - 000042,34,1.0000000000,41.0000000001,41.0000000001,0,BUCHANAN,BUCHANAN
BUCHANAN - 000043,34,1.0000000000,42.0000000000,42.0000000000,0,BUCHANAN,BUCHANAN
BUCHANAN - 000044,34,1.0000000000,39.0000000002,39.0000000002,0,BUCHANAN,BUCHANAN
BUCHANAN - 000045,34,1.0000000000,96.0000000001,96.0000000001,0,BUCHANAN,BUCHANAN
BUCHANAN - 000046,34,1.0000000000,58.9999999999,58.9999999999,0,BUCHANAN,BUCHANAN
BUCHANAN - 000047,34,1.0000000000,135.0000000001,135.0000000001,0,BUCHANAN,BUCHANAN
BUCHANAN - 000048,34,1.0000000000,31.0000000000,31.0000000000,0,BUCHANAN,BUCHANAN
BUCHANAN - 000049,34,1.0000000000,28.9999999999,28.9999999999,0,BUCHANAN,BUCHANAN
BUCHANAN - 000050,34,1.0000000000,18.0000000001,18.0000000001,0,BUCHANAN,BUCHANAN
BUCHANAN - 000051,34,1.0000000000,67.0000000000,67.0000000000,0,BUCHANAN,BUCHANAN
BUCHANAN - 000052,34,1.0000000000,39.9999999999,39.9999999999,0,BUCHANAN,BUCHANAN
BUCHANAN - 000053,34,1.0000000000,58.0000000000,58.0000000000,0,BUCHANAN,BUCHANAN
BUCHANAN - 000054,34,1.0000000000,33.0000000000,33.0000000000,0,BUCHANAN,BUCHANAN
BUCHANAN - 000055,34,1.0000000000,31.0000000002,31.0000000002,0,BUCHANAN,BUCHANAN
BUCHANAN - 000056,34,1.0000000000,21.9999999999,21.9999999999,0,BUCHANAN,BUCHANAN
BUCHANAN - 000057,34,1.0000000000,32.0000000000,32.0000000000,0,BUCHANAN,BUCHANAN
BUCHANAN - 000058,34,1.0000000000,18.0000000000,18.0000000000,0,BUCHANAN,BUCHANAN
BUCHANAN - 000059,34,1.0000000000,47.9999999997,47.9999999997,0,BUCHANAN,BUCHANAN
BUCHANAN - 000060,34,1.0000000000,130.0000000002,130.0000000002,0,BUCHANAN,BUCHANAN
BUCHANAN - 000061,34,1.0000000000,27.0000000001,27.0000000001,0,BUCHANAN,BUCHANAN
BUTLER - 000002,25,1.0000000000,113.9999999997,113.9999999997,0,BUTLER,BUTLER
BUTLER - 000003,25,1.0000000000,58.0000000000,58.0000000000,0,BUTLER,BUTLER
BUTLER - 000004,25,1.0000000000,56.0000000000,56.0000000000,0,BUTLER,BUTLER
BUTLER - 000005,25,1.0000000000,56.9999999999,56.9999999999,0,BUTLER,BUTLER
BUTLER - 000006,25,1.0000000000,281.9999999999,281.9999999999,0,BUTLER,BUTLER
BUTLER - 000007,25,1.0000000000,98.0000000004,98.0000000004,0,BUTLER,BUTLER
BUTLER - 000008,25,1.0000000000,125.0000000001,125.0000000001,0,BUTLER,BUTLER
BUTLER - 000009,25,1.0000000000,86.0000000000,86.0000000000,0,BUTLER,BUTLER
BUTLER - 000010,25,1.0000000000,125.9999999999,125.9999999999,0,BUTLER,BUTLER
BUTLER - 000011,25,1.0000000000,44.0000000001,44.0000000001,0,BUTLER,BUTLER
BUTLER - 000012,25,1.0000000000,160.9999999999,160.9999999999,0,BUTLER,BUTLER
BUTLER - 000013,25,1.0000000000,9.0000000000,9.0000000000,0,BUTLER,BUTLER
BUTLER - 000014,25,1.0000000000,122.9999999995,122.9999999995,0,BUTLER,BUTLER
BUTLER - 000015,25,1.0000000000,81.0000000000,81.0000000000,0,BUTLER,BUTLER
BUTLER - 000016,25,1.0000000000,229.9999999999,229.9999999999,0,BUTLER,BUTLER
BUTLER - 000017,25,1.0000000000,145.0000000003,145.0000000003,0,BUTLER,BUTLER
BUTLER - 000018,25,1.0000000000,145.0000000000,145.0000000000,0,BUTLER,BUTLER
BUTLER - 000019,25,1.0000000000,107.0000000000,107.0000000000,0,BUTLER,BUTLER
BUTLER - 000020,25,1.0000000000,103.9999999999,103.9999999999,0,BUTLER,BUTLER
BUTLER - 000021,25,1.0000000000,49.9999999999,49.9999999999,0,BUTLER,BUTLER
BUTLER - 000022,25,1.0000000000,54.9999999999,54.9999999999,0,BUTLER,BUTLER
BUTLER - 000023,25,1.0000000000,158.9999999997,158.9999999997,0,BUTLER,BUTLER
BUTLER - 000024,25,1.0000000000,75.9999999999,75.9999999999,0,BUTLER,BUTLER
BUTLER - 000025,25,1.0000000000,44.9999999999,44.9999999999,0,BUTLER,BUTLER
BUTLER - 000026,25,1.0000000000,69.0000000001,69.0000000001,0,BUTLER,BUTLER
CALDWELL - 000002,12,1.0000000000,124.0000000002,124.0000000002,0,CALDWELL,CALDWELL
CALDWELL - 000003,12,1.0000000000,176.0000000002,176.0000000002,0,CALDWELL,CALDWELL
CALDWELL - 000004,12,1.0000000000,166.0000000001,166.0000000001,0,CALDWELL,CALDWELL
CALDWELL - 000005,12,1.0000000000,156.9999999999,156.9999999999,0,CALDWELL,CALDWELL
CALDWELL - 000006,12,1.0000000000,112.0000000000,112.0000000000,0,CALDWELL,CALDWELL
CALDWELL - 000007,12,1.0000000000,101.9999999997,101.9999999997,0,CALDWELL,CALDWELL
CALDWELL - 000008,12,1.0000000000,135.0000000004,135.0000000004,0,CALDWELL,CALDWELL
CALDWELL - 000009,12,1.0000000000,78.0000000000,78.0000000000,0,CALDWELL,CALDWELL
CALDWELL - 000010,12,1.0000000000,117.0000000002,117.0000000002,0,CALDWELL,CALDWELL
CALDWELL - 000011,12,1.0000000000,71.9999999998,71.9999999998,0,CALDWELL,CALDWELL
CALLAWAY - 000002,10,1.0000000000,160.9999999999,160.9999999999,0,CALLAWAY,CALLAWAY
CALLAWAY - 000003,10,1.0000000000,73.0000000001,73.0000000001,0,CALLAWAY,CALLAWAY
CALLAWAY - 000004,10,1.0000000000,51.0000000000,51.0000000000,0,CALLAWAY,CALLAWAY
CALLAWAY - 000005,10,1.0000000000,34.0000000003,34.0000000003,0,CALLAWAY,CALLAWAY
CALLAWAY - 000006,10,1.0000000000,36.0000000000,36.0000000000,0,CALLAWAY,CALLAWAY
CALLAWAY - 000007,10,1.0000000000,270.0000000004,270.0000000004,0,CALLAWAY,CALLAWAY
CALLAWAY - 000008,10,1.0000000000,20.0000000001,20.0000000001,0,CALLAWAY,CALLAWAY
CALLAWAY - 000009,10,1.0000000000,95.0000000001,95.0000000001,0,CALLAWAY,CALLAWAY
CALLAWAY - 000010,10,1.0000000000,76.9999999999,76.9999999999,0,CALLAWAY,CALLAWAY
CALLAWAY - 000011,10,1.0000000000,119.0000000003,119.0000000003,0,CALLAWAY,CALLAWAY
CALLAWAY - 000012,10,1.0000000000,61.0000000000,61.0000000000,0,CALLAWAY,CALLAWAY
CALLAWAY - 000013,10,1.0000000000,40.0000000000,40.0000000000,0,CALLAWAY,CALLAWAY
CALLAWAY - 000014,10,1.0000000000,36.0000000000,36.0000000000,0,CALLAWAY,CALLAWAY
CALLAWAY - 000015,10,1.0000000000,52.0000000000,52.0000000000,0,CALLAWAY,CALLAWAY
CALLAWAY - 000016,10,1.0000000000,141.0000000002,141.0000000002,0,CALLAWAY,CALLAWAY
CALLAWAY - 000017,10,1.0000000000,27.0000000001,27.0000000001,0,CALLAWAY,CALLAWAY
CALLAWAY - 000018,10,1.0000000000,38.0000000000,38.0000000000,0,CALLAWAY,CALLAWAY
CALLAWAY - 000019,10,1.0000000000,118.9999999999,118.9999999999,0,CALLAWAY,CALLAWAY
CALLAWAY - 000020,10,1.0000000000,83.0000000001,83.0000000001,0,CALLAWAY,CALLAWAY
CALLAWAY - 000021,10,1.0000000000,68.0000000000,68.0000000000,0,CALLAWAY,CALLAWAY
CALLAWAY - 000022,10,1.0000000000,128.9999999998,128.9999999998,0,CALLAWAY,CALLAWAY
CALLAWAY - 000023,10,1.0000000000,68.9999999998,68.9999999998,0,CALLAWAY,CALLAWAY
CALLAWAY - 000024,10,1.0000000000,74.9999999997,74.9999999997,0,CALLAWAY,CALLAWAY
CALLAWAY - 000025,10,1.0000000000,80.0000000001,80.0000000001,0,CALLAWAY,CALLAWAY
CALLAWAY - 000026,10,1.0000000000,31.9999999999,31.9999999999,0,CALLAWAY,CALLAWAY
CALLAWAY - 000027,10,1.0000000000,106.9999999998,106.9999999998,0,CALLAWAY,CALLAWAY
CALLAWAY - 000028,10,1.0000000000,140.9999999998,140.9999999998,0,CALLAWAY,CALLAWAY
CAMDEN - 000002,6,1.0000000000,124.9999999999,124.9999999999,0,CAMDEN,CAMDEN
CAMDEN - 000003,6,1.0000000000,18.0000000000,18.0000000000,0,CAMDEN,CAMDEN
CAMDEN - 000004,6,1.0000000000,117.0000000002,117.0000000002,0,CAMDEN,CAMDEN
CAMDEN - 000005,6,1.0000000000,139.0000000001,139.0000000001,0,CAMDEN,CAMDEN
CAMDEN - 000006,6,1.0000000000,94.9999999998,94.9999999998,0,CAMDEN,CAMDEN
CAMDEN - 000007,6,1.0000000000,63.9999999998,63.9999999998,0,CAMDEN,CAMDEN
CAMDEN - 000008,6,1.0000000000,231.0000000000,231.0000000000,0,CAMDEN,CAMDEN
CAMDEN - 000009,6,1.0000000000,56.0000000002,56.0000000002,0,CAMDEN,CAMDEN
CAMDEN - 000010,6,1.0000000000,82.0000000001,82.0000000001,0,CAMDEN,CAMDEN
CAMDEN - 000011,6,1.0000000000,150.0000000001,150.0000000001,0,CAMDEN,CAMDEN
CAMDEN - 000012,6,1.0000000000,65.9999999999,65.9999999999,0,CAMDEN,CAMDEN
CAMDEN - 000013,6,1.0000000000,69.0000000000,69.0000000000,0,CAMDEN,CAMDEN
CAMDEN - 000014,6,1.0000000000,231.0000000003,231.0000000003,0,CAMDEN,CAMDEN
CAMDEN - 000015,6,1.0000000000,121.9999999998,121.9999999998,0,CAMDEN,CAMDEN
CAMDEN - 000016,6,1.0000000000,224.0000000001,224.0000000001,0,CAMDEN,CAMDEN
CAMDEN - 000017,6,1.0000000000,51.0000000002,51.0000000002,0,CAMDEN,CAMDEN
CAMDEN - 000018,6,1.0000000000,67.0000000001,67.0000000001,0,CAMDEN,CAMDEN
CAMDEN - 000019,6,1.0000000000,212.0000000004,212.0000000004,0,CAMDEN,CAMDEN
CAMDEN - 000020,6,1.0000000000,159.9999999998,159.9999999998,0,CAMDEN,CAMDEN
CAMDEN - 000021,6,1.0000000000,116.0000000000,116.0000000000,0,CAMDEN,CAMDEN
CAMDEN - 000022,6,1.0000000000,81.0000000000,81.0000000000,0,CAMDEN,CAMDEN
CAMDEN - 000023,6,1.0000000000,40.0000000000,40.0000000000,0,CAMDEN,CAMDEN
CAMDEN - 000024,6,1.0000000000,169.0000000000,169.0000000000,0,CAMDEN,CAMDEN
CAMDEN - 000025,6,1.0000000000,136.0000000005,136.0000000005,0,CAMDEN,CAMDEN
CAMDEN - 000026,6,1.0000000000,183.9999999992,183.9999999992,0,CAMDEN,CAMDEN
CAMDEN - 000028,6,1.0000000000,39.9999999998,39.9999999998,0,CAMDEN,CAMDEN
CAPE GIRARDEAU - 000002,27,1.0000000000,45.0000000002,45.0000000002,0,CAPE GIRARDEAU,CAPE GIRARDEAU
CAPE GIRARDEAU - 000003,27,1.0000000000,79.0000000000,79.0000000000,0,CAPE GIRARDEAU,CAPE GIRARDEAU
CAPE GIRARDEAU - 000004,27,1.0000000000,67.0000000001,67.0000000001,0,CAPE GIRARDEAU,CAPE GIRARDEAU
CAPE GIRARDEAU - 000005,27,1.0000000000,130.0000000006,130.0000000006,0,CAPE GIRARDEAU,CAPE GIRARDEAU
CAPE GIRARDEAU - 000006,27,1.0000000000,69.0000000000,69.0000000000,0,CAPE GIRARDEAU,CAPE GIRARDEAU
CAPE GIRARDEAU - 000007,27,1.0000000000,70.9999999999,70.9999999999,0,CAPE GIRARDEAU,CAPE GIRARDEAU
CAPE GIRARDEAU - 000008,27,1.0000000000,155.9999999999,155.9999999999,0,CAPE GIRARDEAU,CAPE GIRARDEAU
CAPE GIRARDEAU - 000009,27,1.0000000000,106.0000000001,106.0000000001,0,CAPE GIRARDEAU,CAPE GIRARDEAU
CAPE GIRARDEAU - 000010,27,1.0000000000,61.0000000001,61.0000000001,0,CAPE GIRARDEAU,CAPE GIRARDEAU
CAPE GIRARDEAU - 000011,27,1.0000000000,50.0000000001,50.0000000001,0,CAPE GIRARDEAU,CAPE GIRARDEAU
CAPE GIRARDEAU - 000012,27,1.0000000000,57.9999999999,57.9999999999,0,CAPE GIRARDEAU,CAPE GIRARDEAU
CAPE GIRARDEAU - 000013,27,1.0000000000,36.0000000000,36.0000000000,0,CAPE GIRARDEAU,CAPE GIRARDEAU
CAPE GIRARDEAU - 000014,27,1.0000000000,37.9999999999,37.9999999999,0,CAPE GIRARDEAU,CAPE GIRARDEAU
CAPE GIRARDEAU - 000015,27,1.0000000000,49.0000000000,49.0000000000,0,CAPE GIRARDEAU,CAPE GIRARDEAU
CAPE GIRARDEAU - 000016,27,1.0000000000,63.9999999997,63.9999999997,0,CAPE GIRARDEAU,CAPE GIRARDEAU
CAPE GIRARDEAU - 000017,27,1.0000000000,122.0000000002,122.0000000002,0,CAPE GIRARDEAU,CAPE GIRARDEAU
CAPE GIRARDEAU - 000018,27,1.0000000000,151.0000000001,151.0000000001,0,CAPE GIRARDEAU,CAPE GIRARDEAU
CAPE GIRARDEAU - 000019,27,1.0000000000,49.9999999999,49.9999999999,0,CAPE GIRARDEAU,CAPE GIRARDEAU
CAPE GIRARDEAU - 000020,27,1.0000000000,31.0000000000,31.0000000000,0,CAPE GIRARDEAU,CAPE GIRARDEAU
CAPE GIRARDEAU - 000021,27,1.0000000000,31.0000000000,31.0000000000,0,CAPE GIRARDEAU,CAPE GIRARDEAU
CAPE GIRARDEAU - 000022,27,1.0000000000,43.0000000000,43.0000000000,0,CAPE GIRARDEAU,CAPE GIRARDEAU
CAPE GIRARDEAU - 000023,27,1.0000000000,59.0000000000,59.0000000000,0,CAPE GIRARDEAU,CAPE GIRARDEAU
CAPE GIRARDEAU - 000024,27,1.0000000000,92.0000000000,92.0000000000,0,CAPE GIRARDEAU,CAPE GIRARDEAU
CAPE GIRARDEAU - 000025,27,1.0000000000,51.0000000001,51.0000000001,0,CAPE GIRARDEAU,CAPE GIRARDEAU
CAPE GIRARDEAU - 000026,27,1.0000000000,142.9999999999,142.9999999999,0,CAPE GIRARDEAU,CAPE GIRARDEAU
CAPE GIRARDEAU - 000027,27,1.0000000000,34.0000000001,34.0000000001,0,CAPE GIRARDEAU,CAPE GIRARDEAU
CAPE GIRARDEAU - 000028,27,1.0000000000,118.9999999997,118.9999999997,0,CAPE GIRARDEAU,CAPE GIRARDEAU
CAPE GIRARDEAU - 000029,27,1.0000000000,138.0000000000,138.0000000000,0,CAPE GIRARDEAU,CAPE GIRARDEAU
CAPE GIRARDEAU - 000030,27,1.0000000000,127.9999999998,127.9999999998,0,CAPE GIRARDEAU,CAPE GIRARDEAU
CAPE GIRARDEAU - 000031,27,1.0000000000,86.0000000000,86.0000000000,0,CAPE GIRARDEAU,CAPE GIRARDEAU
CAPE GIRARDEAU - 000032,27,1.0000000000,103.0000000001,103.0000000001,0,CAPE GIRARDEAU,CAPE GIRARDEAU
CAPE GIRARDEAU - 000033,27,1.0000000000,51.0000000000,51.0000000000,0,CAPE GIRARDEAU,CAPE GIRARDEAU
CAPE GIRARDEAU - 000034,27,1.0000000000,130.0000000001,130.0000000001,0,CAPE GIRARDEAU,CAPE GIRARDEAU
CAPE GIRARDEAU - 000035,27,1.0000000000,54.0000000002,54.0000000002,0,CAPE GIRARDEAU,CAPE GIRARDEAU
CAPE GIRARDEAU - 000036,27,1.0000000000,108.0000000001,108.0000000001,0,CAPE GIRARDEAU,CAPE GIRARDEAU
CAPE GIRARDEAU - 000037,27,1.0000000000,44.9999999999,44.9999999999,0,CAPE GIRARDEAU,CAPE GIRARDEAU
CAPE GIRARDEAU - 000038,27,1.0000000000,104.0000000000,104.0000000000,0,CAPE GIRARDEAU,CAPE GIRARDEAU
CARROLL - 000002,12,1.0000000000,118.0000000000,118.0000000000,0,CARROLL,CARROLL
CARROLL - 000003,12,1.0000000000,81.0000000000,81.0000000000,0,CARROLL,CARROLL
CARROLL - 000004,12,1.0000000000,64.0000000000,64.0000000000,0,CARROLL,CARROLL
CARROLL - 000005,12,1.0000000000,66.9999999999,66.9999999999,0,CARROLL,CARROLL
CARROLL - 000006,12,1.0000000000,143.0000000001,143.0000000001,0,CARROLL,CARROLL
CARROLL - 000007,12,0.9848656613,137.8811925819,139.9999999999,0,CARROLL,CARROLL
CARROLL - 000007,21,0.0151343387,2.1188074180,139.9999999999,0,CARROLL,CARROLL
CARROLL - 000008,12,1.0000000000,151.9999999999,151.9999999999,0,CARROLL,CARROLL
CARROLL - 000009,12,1.0000000000,51.0000000000,51.0000000000,0,CARROLL,CARROLL
CARROLL - 000010,12,1.0000000000,40.0000000000,40.0000000000,0,CARROLL,CARROLL
CARROLL - 000011,12,1.0000000000,141.0000000000,141.0000000000,0,CARROLL,CARROLL
CARROLL - 000012,12,1.0000000000,163.0000000000,163.0000000000,0,CARROLL,CARROLL
CARROLL - 000013,12,1.0000000000,159.9999999999,159.9999999999,0,CARROLL,CARROLL
CARROLL - 000014,12,1.0000000000,62.0000000000,62.0000000000,0,CARROLL,CARROLL
CARROLL - 000015,12,1.0000000000,137.0000000000,137.0000000000,0,CARROLL,CARROLL
CARROLL - 000016,12,1.0000000000,71.0000000000,71.0000000000,0,CARROLL,CARROLL
CARROLL - 000017,12,1.0000000000,79.0000000000,79.0000000000,0,CARROLL,CARROLL
CARROLL - 000018,12,1.0000000000,43.0000000000,43.0000000000,0,CARROLL,CARROLL
CARTER - 000002,25,1.0000000000,66.0000000000,66.0000000000,0,CARTER,CARTER
CARTER - 000003,25,1.0000000000,86.9999999998,86.9999999998,0,CARTER,CARTER
CARTER - 000004,25,1.0000000000,118.0000000001,118.0000000001,0,CARTER,CARTER
CARTER - 000005,25,1.0000000000,91.0000000000,91.0000000000,0,CARTER,CARTER
CARTER - 000006,25,1.0000000000,63.0000000001,63.0000000001,0,CARTER,CARTER
CARTER - 000007,25,1.0000000000,29.9999999999,29.9999999999,0,CARTER,CARTER
CARTER - 000008,25,1.0000000000,237.9999999997,237.9999999997,0,CARTER,CARTER
CASS - 000002,31,1.0000000000,41.0000000000,41.0000000000,0,CASS,CASS
CASS - 000003,31,1.0000000000,118.9999999998,118.9999999998,0,CASS,CASS
CASS - 000004,31,1.0000000000,73.9999999998,73.9999999998,0,CASS,CASS
CASS - 000005,31,1.0000000000,23.0000000000,23.0000000000,0,CASS,CASS
CASS - 000006,31,1.0000000000,55.0000000001,55.0000000001,0,CASS,CASS
CASS - 000007,31,1.0000000000,95.0000000000,95.0000000000,0,CASS,CASS
CASS - 000008,31,1.0000000000,57.9999999999,57.9999999999,0,CASS,CASS
CASS - 000009,31,1.0000000000,37.0000000000,37.0000000000,0,CASS,CASS
CASS - 000010,31,1.0000000000,47.0000000000,47.0000000000,0,CASS,CASS
CASS - 000011,31,1.0000000000,56.0000000000,56.0000000000,0,CASS,CASS
CASS - 000012,31,1.0000000000,107.0000000002,107.0000000002,0,CASS,CASS
CASS - 000013,31,1.0000000000,109.0000000000,109.0000000000,0,CASS,CASS
CASS - 000014,31,1.0000000000,61.9999999999,61.9999999999,0,CASS,CASS
CASS - 000015,31,1.0000000000,85.0000000001,85.0000000001,0,CASS,CASS
CASS - 000016,31,1.0000000000,72.0000000000,72.0000000000,0,CASS,CASS
CASS - 000017,31,1.0000000000,12.0000000000,12.0000000000,0,CASS,CASS
CASS - 000018,31,1.0000000000,121.0000000000,121.0000000000,0,CASS,CASS
CASS - 000019,31,1.0000000000,62.0000000000,62.0000000000,0,CASS,CASS
CASS - 000020,31,1.0000000000,86.0000000002,86.0000000002,0,CASS,CASS
CASS - 000021,31,1.0000000000,210.0000000004,210.0000000004,0,CASS,CASS
CASS - 000022,31,1.0000000000,86.0000000000,86.0000000000,0,CASS,CASS
CASS - 000023,31,1.0000000000,29.0000000000,29.0000000000,0,CASS,CASS
CASS - 000024,31,1.0000000000,103.0000000000,103.0000000000,0,CASS,CASS
CASS - 000025,31,1.0000000000,92.9999999997,92.9999999997,0,CASS,CASS
CASS - 000026,31,1.0000000000,64.0000000000,64.0000000000,0,CASS,CASS
CASS - 000027,31,1.0000000000,43.9999999998,43.9999999998,0,CASS,CASS
CASS - 000028,31,1.0000000000,88.9999999996,88.9999999996,0,CASS,CASS
CASS - 000029,31,1.0000000000,126.0000000002,126.0000000002,0,CASS,CASS
CASS - 000030,31,1.0000000000,102.0000000000,102.0000000000,0,CASS,CASS
CASS - 000031,31,1.0000000000,45.9999999997,45.9999999997,0,CASS,CASS
CASS - 000032,31,1.0000000000,16.0000000000,16.0000000000,0,CASS,CASS
CASS - 000033,31,1.0000000000,89.0000000003,89.0000000003,0,CASS,CASS
CASS - 000034,31,1.0000000000,150.0000000000,150.0000000000,0,CASS,CASS
CASS - 000035,31,1.0000000000,43.0000000002,43.0000000002,0,CASS,CASS
CASS - 000036,31,1.0000000000,21.0000000000,21.0000000000,0,CASS,CASS
CASS - 000037,31,1.0000000000,70.0000000001,70.0000000001,0,CASS,CASS
CASS - 000038,31,1.0000000000,34.9999999999,34.9999999999,0,CASS,CASS
CASS - 000039,31,1.0000000000,19.9999999999,19.9999999999,0,CASS,CASS
CASS - 000040,31,1.0000000000,63.9999999999,63.9999999999,0,CASS,CASS
CASS - 000041,31,1.0000000000,57.0000000003,57.0000000003,0,CASS,CASS
CASS - 000042,31,1.0000000000,99.0000000002,99.0000000002,0,CASS,CASS
CASS - 000043,31,1.0000000000,106.0000000000,106.0000000000,0,CASS,CASS
CASS - 000044,31,1.0000000000,72.9999999999,72.9999999999,0,CASS,CASS
CASS - 000045,31,1.0000000000,10.0000000000,10.0000000000,0,CASS,CASS
CASS - 000046,31,1.0000000000,51.0000000000,51.0000000000,0,CASS,CASS
CASS - 000047,31,1.0000000000,142.0000000001,142.0000000001,0,CASS,CASS
CEDAR - 000002,28,1.0000000000,85.9999999999,85.9999999999,0,CEDAR,CEDAR
CEDAR - 000003,28,1.0000000000,44.0000000000,44.0000000000,0,CEDAR,CEDAR
CEDAR - 000004,28,1.0000000000,80.9999999998,80.9999999998,0,CEDAR,CEDAR
CEDAR - 000005,28,1.0000000000,62.9999999998,62.9999999998,0,CEDAR,CEDAR
CEDAR - 000006,28,1.0000000000,77.9999999998,77.9999999998,0,CEDAR,CEDAR
CEDAR - 000007,28,1.0000000000,50.9999999998,50.9999999998,0,CEDAR,CEDAR
CEDAR - 000008,28,1.0000000000,60.9999999998,60.9999999998,0,CEDAR,CEDAR
CEDAR - 000009,28,1.0000000000,62.0000000000,62.0000000000,0,CEDAR,CEDAR
CEDAR - 000010,28,1.0000000000,76.0000000000,76.0000000000,0,CEDAR,CEDAR
CEDAR - 000011,28,1.0000000000,108.0000000000,108.0000000000,0,CEDAR,CEDAR
CEDAR - 000012,28,1.0000000000,260.0000000003,260.0000000003,0,CEDAR,CEDAR
CEDAR - 000013,28,1.0000000000,96.9999999998,96.9999999998,0,CEDAR,CEDAR
CEDAR - 000014,28,1.0000000000,14.0000000000,14.0000000000,0,CEDAR,CEDAR
CEDAR - 000015,28,1.0000000000,88.0000000000,88.0000000000,0,CEDAR,CEDAR
CHARITON - 000002,12,1.0000000000,73.0000000002,73.0000000002,0,CHARITON,CHARITON
CHARITON - 000003,12,1.0000000000,91.0000000001,91.0000000001,0,CHARITON,CHARITON
CHARITON - 000004,12,1.0000000000,222.0000000001,222.0000000001,0,CHARITON,CHARITON
CHARITON - 000005,12,0.9082568807,98.9999999997,108.9999999997,0,CHARITON,CHARITON
CHARITON - 000005,21,0.0917431193,10.0000000000,108.9999999997,0,CHARITON,CHARITON
CHARITON - 000006,12,1.0000000000,68.0000000000,68.0000000000,0,CHARITON,CHARITON
CHARITON - 000007,12,1.0000000000,71.0000000002,71.0000000002,0,CHARITON,CHARITON
CHARITON - 000008,12,1.0000000000,159.0000000003,159.0000000003,0,CHARITON,CHARITON
CHARITON - 000009,12,1.0000000000,151.9999999997,151.9999999997,0,CHARITON,CHARITON
CHARITON - 000010,12,1.0000000000,108.0000000002,108.0000000002,0,CHARITON,CHARITON
CHARITON - 000011,12,1.0000000000,138.9999999998,138.9999999998,0,CHARITON,CHARITON
CHARITON - 000012,12,0.9999363246,150.9903850175,150.9999999997,0,CHARITON,CHARITON
CHARITON - 000012,18,0.0000636754,0.0096149822,150.9999999997,0,CHARITON,CHARITON
CHARITON - 000013,12,1.0000000000,120.0000000002,120.0000000002,0,CHARITON,CHARITON
CHARITON - 000014,12,1.0000000000,41.9999999999,41.9999999999,0,CHARITON,CHARITON
CHARITON - 000015,12,1.0000000000,111.9999999996,111.9999999996,0,CHARITON,CHARITON
CHARITON - 000016,12,1.0000000000,97.9999999999,97.9999999999,0,CHARITON,CHARITON
CHARITON - 000017,12,1.0000000000,80.9999999999,80.9999999999,0,CHARITON,CHARITON
CHRISTIAN - 000002,20,0.0002763446,0.0143699199,52.0000000000,0,CHRISTIAN,CHRISTIAN
CHRISTIAN - 000002,29,0.9997236554,51.9856300801,52.0000000000,0,CHRISTIAN,CHRISTIAN
CHRISTIAN - 000003,29,1.0000000000,54.0000000000,54.0000000000,0,CHRISTIAN,CHRISTIAN
CHRISTIAN - 000004,29,1.0000000000,51.0000000001,51.0000000001,0,CHRISTIAN,CHRISTIAN
CHRISTIAN - 000005,29,1.0000000000,229.0000000001,229.0000000001,0,CHRISTIAN,CHRISTIAN
CHRISTIAN - 000006,29,0.9412798986,48.9465547275,52.0000000002,0,CHRISTIAN,CHRISTIAN
CHRISTIAN - 000006,33,0.0587201014,3.0534452727,52.0000000002,0,CHRISTIAN,CHRISTIAN
CHRISTIAN - 000007,29,1.0000000000,207.0000000006,207.0000000006,0,CHRISTIAN,CHRISTIAN
CHRISTIAN - 000008,29,1.0000000000,176.0000000000,176.0000000000,0,CHRISTIAN,CHRISTIAN
CHRISTIAN - 000009,29,1.0000000000,159.0000000002,159.0000000002,0,CHRISTIAN,CHRISTIAN
CHRISTIAN - 000010,29,0.9831888711,92.4197538811,94.0000000001,0,CHRISTIAN,CHRISTIAN
CHRISTIAN - 000010,33,0.0168111289,1.5802461190,94.0000000001,0,CHRISTIAN,CHRISTIAN
CHRISTIAN - 000011,29,1.0000000000,52.0000000001,52.0000000001,0,CHRISTIAN,CHRISTIAN
CHRISTIAN - 000012,29,1.0000000000,29.0000000000,29.0000000000,0,CHRISTIAN,CHRISTIAN
CHRISTIAN - 000013,29,0.8856368934,30.9972912688,35.0000000002,0,CHRISTIAN,CHRISTIAN
CHRISTIAN - 000013,33,0.1143631066,4.0027087314,35.0000000002,0,CHRISTIAN,CHRISTIAN
CHRISTIAN - 000014,29,1.0000000000,156.0000000002,156.0000000002,0,CHRISTIAN,CHRISTIAN
CHRISTIAN - 000015,29,1.0000000000,91.0000000000,91.0000000000,0,CHRISTIAN,CHRISTIAN
CHRISTIAN - 000016,29,1.0000000000,92.0000000001,92.0000000001,0,CHRISTIAN,CHRISTIAN
CHRISTIAN - 000017,29,1.0000000000,49.9999999999,49.9999999999,0,CHRISTIAN,CHRISTIAN
CHRISTIAN - 000018,29,1.0000000000,86.9999999997,86.9999999997,0,CHRISTIAN,CHRISTIAN
CHRISTIAN - 000019,29,1.0000000000,32.0000000000,32.0000000000,0,CHRISTIAN,CHRISTIAN
CHRISTIAN - 000020,29,1.0000000000,106.0000000004,106.0000000004,0,CHRISTIAN,CHRISTIAN
CHRISTIAN - 000021,29,1.0000000000,75.9999999999,75.9999999999,0,CHRISTIAN,CHRISTIAN
CHRISTIAN - 000022,29,0.9999754109,140.9965329408,140.9999999998,0,CHRISTIAN,CHRISTIAN
CHRISTIAN - 000022,30,0.0000245891,0.0034670590,140.9999999998,0,CHRISTIAN,CHRISTIAN
CHRISTIAN - 000023,29,1.0000000000,141.0000000001,141.0000000001,0,CHRISTIAN,CHRISTIAN
CHRISTIAN - 000024,29,1.0000000000,21.0000000000,21.0000000000,0,CHRISTIAN,CHRISTIAN
CHRISTIAN - 000025,29,1.0000000000,97.9999999997,97.9999999997,0,CHRISTIAN,CHRISTIAN
CHRISTIAN - 000026,29,1.0000000000,221.9999999999,221.9999999999,0,CHRISTIAN,CHRISTIAN
CLARK - 000002,18,1.0000000000,89.9999999999,89.9999999999,0,CLARK,CLARK
CLARK - 000003,18,1.0000000000,34.0000000001,34.0000000001,0,CLARK,CLARK
CLARK - 000004,18,1.0000000000,49.0000000001,49.0000000001,0,CLARK,CLARK
CLARK - 000005,18,1.0000000000,22.9999999999,22.9999999999,0,CLARK,CLARK
CLARK - 000006,18,1.0000000000,181.0000000002,181.0000000002,0,CLARK,CLARK
CLARK - 000007,18,1.0000000000,25.0000000000,25.0000000000,0,CLARK,CLARK
CLARK - 000008,18,1.0000000000,225.9999999998,225.9999999998,0,CLARK,CLARK
CLARK - 000009,18,1.0000000000,57.0000000000,57.0000000000,0,CLARK,CLARK
CLARK - 000010,18,1.0000000000,77.0000000001,77.0000000001,0,CLARK,CLARK
CLARK - 000011,18,1.0000000000,76.0000000000,76.0000000000,0,CLARK,CLARK
CLARK - 000012,18,1.0000000000,151.0000000001,151.0000000001,0,CLARK,CLARK
CLARK - 000013,18,1.0000000000,158.0000000004,158.0000000004,0,CLARK,CLARK
CLAY - 000002,17,1.0000000000,109.0000000000,109.0000000000,0,CLAY,CLAY
CLAY - 000003,17,1.0000000000,46.0000000002,46.0000000002,0,CLAY,CLAY
CLAY - 000004,17,1.0000000000,38.0000000001,38.0000000001,0,CLAY,CLAY
CLAY - 000005,17,1.0000000000,102.9999999996,102.9999999996,0,CLAY,CLAY
CLAY - 000006,17,1.0000000000,111.9999999998,111.9999999998,0,CLAY,CLAY
CLAY - 000007,17,1.0000000000,31.0000000001,31.0000000001,0,CLAY,CLAY
CLAY - 000008,17,1.0000000000,39.0000000000,39.0000000000,0,CLAY,CLAY
CLAY - 000009,17,1.0000000000,91.0000000002,91.0000000002,0,CLAY,CLAY
CLAY - 000010,17,1.0000000000,40.9999999998,40.9999999998,0,CLAY,CLAY
CLAY - 000011,17,1.0000000000,36.0000000001,36.0000000001,0,CLAY,CLAY
CLAY - 000012,17,1.0000000000,49.0000000000,49.0000000000,0,CLAY,CLAY
CLAY - 000013,17,1.0000000000,33.0000000000,33.0000000000,0,CLAY,CLAY
CLAY - 000014,17,1.0000000000,43.0000000000,43.0000000000,0,CLAY,CLAY
CLAY - 000015,17,1.0000000000,116.0000000001,116.0000000001,0,CLAY,CLAY
CLAY - 000016,17,1.0000000000,52.0000000000,52.0000000000,0,CLAY,CLAY
CLAY - 000017,17,1.0000000000,32.9999999999,32.9999999999,0,CLAY,CLAY
CLAY - 000018,17,1.0000000000,25.0000000000,25.0000000000,0,CLAY,CLAY
CLAY - 000019,17,1.0000000000,33.9999999998,33.9999999998,0,CLAY,CLAY
CLAY - 000020,17,1.0000000000,46.0000000000,46.0000000000,0,CLAY,CLAY
CLAY - 000021,17,1.0000000000,32.0000000001,32.0000000001,0,CLAY,CLAY
CLAY - 000022,17,1.0000000000,57.0000000001,57.0000000001,0,CLAY,CLAY
CLAY - 000023,17,1.0000000000,55.0000000000,55.0000000000,0,CLAY,CLAY
CLAY - 000024,17,1.0000000000,55.0000000001,55.0000000001,0,CLAY,CLAY
CLAY - 000025,17,1.0000000000,40.0000000000,40.0000000000,0,CLAY,CLAY
CLAY - 000026,17,1.0000000000,27.0000000000,27.0000000000,0,CLAY,CLAY
CLAY - 000027,17,0.9767015361,102.5536612919,105.0000000004,0,CLAY,CLAY
CLAY - 000027,21,0.0232984639,2.4463387085,105.0000000004,0,CLAY,CLAY
CLAY - 000028,17,0.9509803922,96.9999999998,101.9999999998,0,CLAY,CLAY
CLAY - 000028,21,0.0490196078,5.0000000000,101.9999999998,0,CLAY,CLAY
CLAY - 000029,17,0.9995260603,55.9734593796,56.0000000000,0,CLAY,CLAY
CLAY - 000029,21,0.0004739397,0.0265406204,56.0000000000,0,CLAY,CLAY
CLAY - 000030,21,1.0000000000,88.0000000001,88.0000000001,0,CLAY,CLAY
CLAY - 000031,21,1.0000000000,79.0000000000,79.0000000000,0,CLAY,CLAY
CLAY - 000032,21,1.0000000000,89.0000000000,89.0000000000,0,CLAY,CLAY
CLAY - 000033,21,1.0000000000,108.9999999998,108.9999999998,0,CLAY,CLAY
CLAY - 000034,21,1.0000000000,124.9999999999,124.9999999999,0,CLAY,CLAY
CLAY - 000035,17,1.0000000000,176.0000000004,176.0000000004,0,CLAY,CLAY
CLAY - 000036,17,1.0000000000,59.9999999999,59.9999999999,0,CLAY,CLAY
CLAY - 000037,17,1.0000000000,50.0000000000,50.0000000000,0,CLAY,CLAY
CLAY - 000038,17,1.0000000000,43.0000000000,43.0000000000,0,CLAY,CLAY
CLAY - 000039,17,1.0000000000,49.0000000000,49.0000000000,0,CLAY,CLAY
CLAY - 000040,17,1.0000000000,36.0000000000,36.0000000000,0,CLAY,CLAY
CLAY - 000041,17,1.0000000000,39.0000000000,39.0000000000,0,CLAY,CLAY
CLAY - 000042,17,1.0000000000,35.0000000000,35.0000000000,0,CLAY,CLAY
CLAY - 000043,17,1.0000000000,32.9999999998,32.9999999998,0,CLAY,CLAY
CLAY - 000044,17,1.0000000000,34.0000000000,34.0000000000,0,CLAY,CLAY
CLAY - 000045,17,1.0000000000,17.0000000000,17.0000000000,0,CLAY,CLAY
CLAY - 000046,17,1.0000000000,32.0000000000,32.0000000000,0,CLAY,CLAY
CLAY - 000047,17,1.0000000000,75.0000000001,75.0000000001,0,CLAY,CLAY
CLAY - 000048,17,1.0000000000,24.0000000000,24.0000000000,0,CLAY,CLAY
CLAY - 000049,17,1.0000000000,34.0000000000,34.0000000000,0,CLAY,CLAY
CLAY - 000050,17,1.0000000000,41.0000000000,41.0000000000,0,CLAY,CLAY
CLAY - 000051,17,1.0000000000,24.0000000000,24.0000000000,0,CLAY,CLAY
CLAY - 000052,21,1.0000000000,102.0000000000,102.0000000000,0,CLAY,CLAY
CLAY - 000053,21,1.0000000000,107.0000000001,107.0000000001,0,CLAY,CLAY
CLAY - 000054,21,1.0000000000,110.9999999999,110.9999999999,0,CLAY,CLAY
CLAY - 000055,21,1.0000000000,89.0000000000,89.0000000000,0,CLAY,CLAY
CLAY - 000056,17,0.0453818514,1.0437825832,23.0000000000,0,CLAY,CLAY
CLAY - 000056,21,0.9546181486,21.9562174168,23.0000000000,0,CLAY,CLAY
CLAY - 000057,21,1.0000000000,80.0000000000,80.0000000000,0,CLAY,CLAY
CLAY - 000058,21,1.0000000000,9.9999999999,9.9999999999,0,CLAY,CLAY
CLAY - 000059,21,1.0000000000,26.9999999999,26.9999999999,0,CLAY,CLAY
CLAY - 000060,17,0.1215343715,8.1428028931,66.9999999998,0,CLAY,CLAY
CLAY - 000060,21,0.8784656285,58.8571971067,66.9999999998,0,CLAY,CLAY
CLAY - 000061,17,0.0147058824,1.0000000000,68.0000000000,0,CLAY,CLAY
CLAY - 000061,21,0.9852941176,67.0000000000,68.0000000000,0,CLAY,CLAY
CLAY - 000062,17,0.8672752992,52.9037932513,61.0000000003,0,CLAY,CLAY
CLAY - 000062,21,0.1327247008,8.0962067490,61.0000000003,0,CLAY,CLAY
CLAY - 000063,17,0.1632653061,8.0000000000,49.0000000001,0,CLAY,CLAY
CLAY - 000063,21,0.8367346939,41.0000000001,49.0000000001,0,CLAY,CLAY
CLAY - 000064,21,1.0000000000,74.0000000000,74.0000000000,0,CLAY,CLAY
CLAY - 000065,21,1.0000000000,30.0000000001,30.0000000001,0,CLAY,CLAY
CLAY - 000066,17,0.1116294624,8.9303569902,79.9999999998,0,CLAY,CLAY
CLAY - 000066,21,0.8883705376,71.0696430097,79.9999999998,0,CLAY,CLAY
CLAY - 000067,17,0.0001312613,0.0220519030,168.0000000000,0,CLAY,CLAY
CLAY - 000067,21,0.9998687387,167.9779480970,168.0000000000,0,CLAY,CLAY
CLAY - 000068,17,0.0573248408,9.0000000000,157.0000000003,0,CLAY,CLAY
CLAY - 000068,21,0.9426751592,148.0000000003,157.0000000003,0,CLAY,CLAY
CLAY - 000069,21,1.0000000000,152.0000000000,152.0000000000,0,CLAY,CLAY
CLAY - 000070,21,1.0000000000,37.0000000000,37.0000000000,0,CLAY,CLAY
CLINTON - 000002,12,1.0000000000,118.0000000000,118.0000000000,0,CLINTON,CLINTON
CLINTON - 000003,12,1.0000000000,40.0000000000,40.0000000000,0,CLINTON,CLINTON
CLINTON - 000004,12,1.0000000000,237.9999999998,237.9999999998,0,CLINTON,CLINTON
CLINTON - 000005,12,1.0000000000,103.0000000000,103.0000000000,0,CLINTON,CLINTON
CLINTON - 000006,12,1.0000000000,192.0000000004,192.0000000004,0,CLINTON,CLINTON
CLINTON - 000007,12,1.0000000000,102.0000000000,102.0000000000,0,CLINTON,CLINTON
CLINTON - 000008,12,1.0000000000,214.9999999998,214.9999999998,0,CLINTON,CLINTON
CLINTON - 000009,12,1.0000000000,90.0000000000,90.0000000000,0,CLINTON,CLINTON
CLINTON - 000010,12,1.0000000000,252.0000000000,252.0000000000,0,CLINTON,CLINTON
COLE - 000002,6,1.0000000000,99.0000000002,99.0000000002,0,COLE,COLE
COLE - 000003,6,1.0000000000,56.0000000000,56.0000000000,0,COLE,COLE
COLE - 000004,6,1.0000000000,93.9999999999,93.9999999999,0,COLE,COLE
COLE - 000005,6,1.0000000000,96.0000000002,96.0000000002,0,COLE,COLE
COLE - 000006,6,1.0000000000,19.9999999998,19.9999999998,0,COLE,COLE
COLE - 000007,6,1.0000000000,84.9999999997,84.9999999997,0,COLE,COLE
COLE - 000008,6,1.0000000000,18.0000000000,18.0000000000,0,COLE,COLE
COLE - 000009,6,1.0000000000,43.0000000002,43.0000000002,0,COLE,COLE
COLE - 000010,6,1.0000000000,29.0000000000,29.0000000000,0,COLE,COLE
COLE - 000011,6,1.0000000000,22.0000000000,22.0000000000,0,COLE,COLE
COLE - 000012,6,1.0000000000,17.0000000000,17.0000000000,0,COLE,COLE
COLE - 000013,6,1.0000000000,29.0000000000,29.0000000000,0,COLE,COLE
COLE - 000014,6,1.0000000000,35.0000000000,35.0000000000,0,COLE,COLE
COLE - 000015,6,1.0000000000,49.9999999999,49.9999999999,0,COLE,COLE
COLE - 000016,6,1.0000000000,48.0000000000,48.0000000000,0,COLE,COLE
COLE - 000017,6,1.0000000000,31.0000000000,31.0000000000,0,COLE,COLE
COLE - 000018,6,1.0000000000,18.0000000000,18.0000000000,0,COLE,COLE
COLE - 000019,6,1.0000000000,39.0000000000,39.0000000000,0,COLE,COLE
COLE - 000020,6,1.0000000000,50.0000000001,50.0000000001,0,COLE,COLE
COLE - 000021,6,1.0000000000,17.0000000000,17.0000000000,0,COLE,COLE
COLE - 000022,6,1.0000000000,8.0000000000,8.0000000000,0,COLE,COLE
COLE - 000023,6,1.0000000000,34.0000000000,34.0000000000,0,COLE,COLE
COLE - 000024,6,1.0000000000,27.0000000000,27.0000000000,0,COLE,COLE
COLE - 000025,6,1.0000000000,17.9999999999,17.9999999999,0,COLE,COLE
COLE - 000026,6,1.0000000000,52.9999999998,52.9999999998,0,COLE,COLE
COLE - 000027,6,1.0000000000,43.0000000000,43.0000000000,0,COLE,COLE
COLE - 000028,6,1.0000000000,16.0000000000,16.0000000000,0,COLE,COLE
COLE - 000029,6,1.0000000000,22.0000000000,22.0000000000,0,COLE,COLE
COLE - 000030,6,1.0000000000,18.0000000000,18.0000000000,0,COLE,COLE
COLE - 000031,6,1.0000000000,8.0000000000,8.0000000000,0,COLE,COLE
COLE - 000032,6,1.0000000000,6.0000000000,6.0000000000,0,COLE,COLE
COLE - 000033,6,0.9756438418,55.6116989799,56.9999999988,0,COLE,COLE
COLE - 000033,26,0.0243561582,1.3883010188,56.9999999988,0,COLE,COLE
COLE - 000034,6,1.0000000000,55.0000000000,55.0000000000,0,COLE,COLE
COLE - 000035,6,1.0000000000,109.9999999999,109.9999999999,0,COLE,COLE
COLE - 000036,6,1.0000000000,90.0000000002,90.0000000002,0,COLE,COLE
COLE - 000037,6,1.0000000000,103.9999999997,103.9999999997,0,COLE,COLE
COLE - 000038,6,1.0000000000,48.0000000001,48.0000000001,0,COLE,COLE
COLE - 000039,6,1.0000000000,89.0000000001,89.0000000001,0,COLE,COLE
COLE - 000040,6,1.0000000000,74.0000000005,74.0000000005,0,COLE,COLE
COOPER - 000002,21,1.0000000000,71.9999999999,71.9999999999,0,COOPER,COOPER
COOPER - 000003,21,1.0000000000,78.9999999999,78.9999999999,0,COOPER,COOPER
COOPER - 000004,21,1.0000000000,69.9999999999,69.9999999999,0,COOPER,COOPER
COOPER - 000005,21,1.0000000000,118.0000000001,118.0000000001,0,COOPER,COOPER
COOPER - 000006,21,1.0000000000,82.0000000000,82.0000000000,0,COOPER,COOPER
COOPER - 000007,21,1.0000000000,79.0000000001,79.0000000001,0,COOPER,COOPER
COOPER - 000008,21,1.0000000000,66.0000000000,66.0000000000,0,COOPER,COOPER
COOPER - 000009,21,1.0000000000,160.0000000000,160.0000000000,0,COOPER,COOPER
COOPER - 000010,21,1.0000000000,41.9999999999,41.9999999999,0,COOPER,COOPER
COOPER - 000011,21,1.0000000000,90.0000000001,90.0000000001,0,COOPER,COOPER
COOPER - 000012,21,1.0000000000,89.0000000000,89.0000000000,0,COOPER,COOPER
COOPER - 000013,21,1.0000000000,62.0000000001,62.0000000001,0,COOPER,COOPER
COOPER - 000014,21,1.0000000000,142.0000000000,142.0000000000,0,COOPER,COOPER
COOPER - 000015,21,1.0000000000,116.9999999998,116.9999999998,0,COOPER,COOPER
COOPER - 000016,21,1.0000000000,99.0000000000,99.0000000000,0,COOPER,COOPER
COOPER - 000017,21,1.0000000000,39.0000000000,39.0000000000,0,COOPER,COOPER
CRAWFORD - 000002,3,1.0000000000,212.9999999998,212.9999999998,0,CRAWFORD,CRAWFORD
CRAWFORD - 000003,3,1.0000000000,153.0000000001,153.0000000001,0,CRAWFORD,CRAWFORD
CRAWFORD - 000004,3,1.0000000000,44.0000000002,44.0000000002,0,CRAWFORD,CRAWFORD
CRAWFORD - 000005,3,1.0000000000,227.0000000001,227.0000000001,0,CRAWFORD,CRAWFORD
CRAWFORD - 000006,3,1.0000000000,78.0000000000,78.0000000000,0,CRAWFORD,CRAWFORD
CRAWFORD - 000007,3,1.0000000000,80.0000000000,80.0000000000,0,CRAWFORD,CRAWFORD
CRAWFORD - 000008,3,1.0000000000,123.0000000001,123.0000000001,0,CRAWFORD,CRAWFORD
CRAWFORD - 000009,3,1.0000000000,81.0000000002,81.0000000002,0,CRAWFORD,CRAWFORD
CRAWFORD - 000010,3,1.0000000000,51.0000000001,51.0000000001,0,CRAWFORD,CRAWFORD
CRAWFORD - 000011,3,1.0000000000,101.0000000000,101.0000000000,0,CRAWFORD,CRAWFORD
CRAWFORD - 000012,3,1.0000000000,49.0000000000,49.0000000000,0,CRAWFORD,CRAWFORD
CRAWFORD - 000013,3,1.0000000000,64.0000000000,64.0000000000,0,CRAWFORD,CRAWFORD
CRAWFORD - 000014,3,1.0000000000,103.0000000000,103.0000000000,0,CRAWFORD,CRAWFORD
CRAWFORD - 000015,3,1.0000000000,31.0000000000,31.0000000000,0,CRAWFORD,CRAWFORD
CRAWFORD - 000016,3,1.0000000000,152.9999999999,152.9999999999,0,CRAWFORD,CRAWFORD
CRAWFORD - 000017,3,1.0000000000,99.0000000000,99.0000000000,0,CRAWFORD,CRAWFORD
CRAWFORD - 000018,3,1.0000000000,104.0000000001,104.0000000001,0,CRAWFORD,CRAWFORD
CRAWFORD - 000019,3,1.0000000000,87.0000000000,87.0000000000,0,CRAWFORD,CRAWFORD
DADE - 000002,20,1.0000000000,94.0000000004,94.0000000004,0,DADE,DADE
DADE - 000003,20,1.0000000000,137.9999999998,137.9999999998,0,DADE,DADE
DADE - 000004,20,1.0000000000,79.0000000001,79.0000000001,0,DADE,DADE
DADE - 000005,20,1.0000000000,63.0000000002,63.0000000002,0,DADE,DADE
DADE - 000006,20,1.0000000000,104.9999999996,104.9999999996,0,DADE,DADE
DADE - 000007,20,1.0000000000,107.0000000002,107.0000000002,0,DADE,DADE
DADE - 000008,20,1.0000000000,140.0000000000,140.0000000000,0,DADE,DADE
DADE - 000009,20,1.0000000000,106.0000000000,106.0000000000,0,DADE,DADE
DADE - 000010,20,1.0000000000,68.9999999998,68.9999999998,0,DADE,DADE
DADE - 000011,20,1.0000000000,72.0000000000,72.0000000000,0,DADE,DADE
DADE - 000012,20,1.0000000000,111.0000000003,111.0000000003,0,DADE,DADE
DADE - 000013,20,1.0000000000,84.9999999999,84.9999999999,0,DADE,DADE
DALLAS - 000002,28,1.0000000000,115.9999999999,115.9999999999,0,DALLAS,DALLAS
DALLAS - 000003,28,1.0000000000,97.9999999998,97.9999999998,0,DALLAS,DALLAS
DALLAS - 000004,28,1.0000000000,73.9999999999,73.9999999999,0,DALLAS,DALLAS
DALLAS - 000005,28,1.0000000000,21.9999999999,21.9999999999,0,DALLAS,DALLAS
DALLAS - 000006,28,1.0000000000,90.9999999999,90.9999999999,0,DALLAS,DALLAS
DALLAS - 000007,28,1.0000000000,101.0000000001,101.0000000001,0,DALLAS,DALLAS
DALLAS - 000008,28,1.0000000000,107.9999999997,107.9999999997,0,DALLAS,DALLAS
DALLAS - 000009,28,1.0000000000,90.0000000000,90.0000000000,0,DALLAS,DALLAS
DALLAS - 000010,28,1.0000000000,71.0000000001,71.0000000001,0,DALLAS,DALLAS
DALLAS - 000011,28,1.0000000000,47.0000000001,47.0000000001,0,DALLAS,DALLAS
DALLAS - 000012,28,1.0000000000,86.0000000000,86.0000000000,0,DALLAS,DALLAS
DALLAS - 000013,28,1.0000000000,103.0000000000,103.0000000000,0,DALLAS,DALLAS
DALLAS - 000014,28,1.0000000000,73.0000000000,73.0000000000,0,DALLAS,DALLAS
DAVIESS - 000002,12,1.0000000000,142.9999999998,142.9999999998,0,DAVIESS,DAVIESS
DAVIESS - 000003,12,1.0000000000,78.0000000001,78.0000000001,0,DAVIESS,DAVIESS
DAVIESS - 000004,12,1.0000000000,109.0000000003,109.0000000003,0,DAVIESS,DAVIESS
DAVIESS - 000005,12,1.0000000000,47.0000000000,47.0000000000,0,DAVIESS,DAVIESS
DAVIESS - 000006,12,1.0000000000,138.0000000001,138.0000000001,0,DAVIESS,DAVIESS
DAVIESS - 000007,12,1.0000000000,195.0000000001,195.0000000001,0,DAVIESS,DAVIESS
DAVIESS - 000008,12,1.0000000000,98.9999999998,98.9999999998,0,DAVIESS,DAVIESS
DAVIESS - 000009,12,1.0000000000,74.9999999999,74.9999999999,0,DAVIESS,DAVIESS
DAVIESS - 000010,12,1.0000000000,120.9999999999,120.9999999999,0,DAVIESS,DAVIESS
DAVIESS - 000011,12,1.0000000000,250.0000000002,250.0000000002,0,DAVIESS,DAVIESS
DAVIESS - 000012,12,1.0000000000,59.0000000002,59.0000000002,0,DAVIESS,DAVIESS
DAVIESS - 000013,12,1.0000000000,159.9999999997,159.9999999997,0,DAVIESS,DAVIESS
DEKALB - 000002,12,1.0000000000,107.0000000000,107.0000000000,0,DEKALB,DEKALB
DEKALB - 000003,12,1.0000000000,125.0000000000,125.0000000000,0,DEKALB,DEKALB
DEKALB - 000004,12,1.0000000000,43.0000000004,43.0000000004,0,DEKALB,DEKALB
DEKALB - 000005,12,1.0000000000,109.0000000000,109.0000000000,0,DEKALB,DEKALB
DEKALB - 000006,12,1.0000000000,79.9999999998,79.9999999998,0,DEKALB,DEKALB
DEKALB - 000007,12,1.0000000000,109.0000000002,109.0000000002,0,DEKALB,DEKALB
DEKALB - 000008,12,1.0000000000,86.9999999999,86.9999999999,0,DEKALB,DEKALB
DEKALB - 000009,12,1.0000000000,141.9999999997,141.9999999997,0,DEKALB,DEKALB
DEKALB - 000010,12,1.0000000000,97.0000000001,97.0000000001,0,DEKALB,DEKALB
DEKALB - 000011,12,1.0000000000,67.0000000000,67.0000000000,0,DEKALB,DEKALB
DEKALB - 000012,12,1.0000000000,123.0000000001,123.0000000001,0,DEKALB,DEKALB
DENT - 000002,16,1.0000000000,103.0000000000,103.0000000000,0,DENT,DENT
DENT - 000003,16,1.0000000000,87.0000000000,87.0000000000,0,DENT,DENT
DENT - 000004,16,1.0000000000,182.0000000000,182.0000000000,0,DENT,DENT
DENT - 000005,16,1.0000000000,130.0000000002,130.0000000002,0,DENT,DENT
DENT - 000006,16,1.0000000000,122.9999999999,122.9999999999,0,DENT,DENT
DENT - 000007,16,1.0000000000,236.0000000002,236.0000000002,0,DENT,DENT
DENT - 000008,16,1.0000000000,286.0000000001,286.0000000001,0,DENT,DENT
DENT - 000009,16,1.0000000000,300.0000000000,300.0000000000,0,DENT,DENT
DOUGLAS - 000002,33,1.0000000000,100.9999999999,100.9999999999,0,DOUGLAS,DOUGLAS
DOUGLAS - 000003,33,1.0000000000,138.0000000000,138.0000000000,0,DOUGLAS,DOUGLAS
DOUGLAS - 000004,33,1.0000000000,82.9999999999,82.9999999999,0,DOUGLAS,DOUGLAS
DOUGLAS - 000005,33,1.0000000000,49.9999999999,49.9999999999,0,DOUGLAS,DOUGLAS
DOUGLAS - 000006,33,1.0000000000,41.0000000000,41.0000000000,0,DOUGLAS,DOUGLAS
DOUGLAS - 000007,33,1.0000000000,59.0000000000,59.0000000000,0,DOUGLAS,DOUGLAS
DOUGLAS - 000008,33,1.0000000000,62.0000000000,62.0000000000,0,DOUGLAS,DOUGLAS
DOUGLAS - 000009,33,1.0000000000,55.9999999999,55.9999999999,0,DOUGLAS,DOUGLAS
DOUGLAS - 000010,33,1.0000000000,55.0000000000,55.0000000000,0,DOUGLAS,DOUGLAS
DOUGLAS - 000011,33,1.0000000000,43.0000000000,43.0000000000,0,DOUGLAS,DOUGLAS
DOUGLAS - 000012,33,1.0000000000,64.0000000001,64.0000000001,0,DOUGLAS,DOUGLAS
DOUGLAS - 000013,33,1.0000000000,32.9999999999,32.9999999999,0,DOUGLAS,DOUGLAS
DOUGLAS - 000014,33,1.0000000000,49.9999999998,49.9999999998,0,DOUGLAS,DOUGLAS
DOUGLAS - 000015,33,1.0000000000,72.9999999998,72.9999999998,0,DOUGLAS,DOUGLAS
DOUGLAS - 000016,33,1.0000000000,26.0000000000,26.0000000000,0,DOUGLAS,DOUGLAS
DOUGLAS - 000017,33,1.0000000000,66.0000000002,66.0000000002,0,DOUGLAS,DOUGLAS
DOUGLAS - 000018,33,1.0000000000,43.0000000000,43.0000000000,0,DOUGLAS,DOUGLAS
DOUGLAS - 000019,33,1.0000000000,84.9999999999,84.9999999999,0,DOUGLAS,DOUGLAS
DOUGLAS - 000020,33,1.0000000000,57.9999999998,57.9999999998,0,DOUGLAS,DOUGLAS
DOUGLAS - 000021,33,1.0000000000,36.0000000000,36.0000000000,0,DOUGLAS,DOUGLAS
DOUGLAS - 000022,33,1.0000000000,49.9999999999,49.9999999999,0,DOUGLAS,DOUGLAS
DOUGLAS - 000023,33,1.0000000000,56.9999999999,56.9999999999,0,DOUGLAS,DOUGLAS
DOUGLAS - 000024,33,1.0000000000,68.9999999997,68.9999999997,0,DOUGLAS,DOUGLAS
DOUGLAS - 000025,33,1.0000000000,38.0000000000,38.0000000000,0,DOUGLAS,DOUGLAS
DUNKLIN - 000002,25,1.0000000000,61.0000000000,61.0000000000,0,DUNKLIN,DUNKLIN
DUNKLIN - 000003,25,1.0000000000,62.9999999999,62.9999999999,0,DUNKLIN,DUNKLIN
DUNKLIN - 000004,25,1.0000000000,243.9982339969,243.9982339969,0,DUNKLIN,DUNKLIN
DUNKLIN - 000005,25,1.0000000000,186.0000000000,186.0000000000,0,DUNKLIN,DUNKLIN
DUNKLIN - 000006,25,1.0000000000,52.0000000000,52.0000000000,0,DUNKLIN,DUNKLIN
DUNKLIN - 000007,25,1.0000000000,135.9999999999,135.9999999999,0,DUNKLIN,DUNKLIN
DUNKLIN - 000008,25,1.0000000000,57.0000000000,57.0000000000,0,DUNKLIN,DUNKLIN
DUNKLIN - 000009,25,1.0000000000,172.0000000001,172.0000000001,0,DUNKLIN,DUNKLIN
DUNKLIN - 000010,25,1.0000000000,107.9999999999,107.9999999999,0,DUNKLIN,DUNKLIN
DUNKLIN - 000011,25,1.0000000000,309.2029850748,309.2029850748,0,DUNKLIN,DUNKLIN
DUNKLIN - 000012,25,1.0000000000,89.0000000000,89.0000000000,0,DUNKLIN,DUNKLIN
DUNKLIN - 000013,25,1.0000000000,109.0000000000,109.0000000000,0,DUNKLIN,DUNKLIN
DUNKLIN - 000014,25,1.0000000000,119.0000000000,119.0000000000,0,DUNKLIN,DUNKLIN
DUNKLIN - 000015,25,1.0000000000,123.0000000000,123.0000000000,0,DUNKLIN,DUNKLIN
DUNKLIN - 000016,25,1.0000000000,74.0000000001,74.0000000001,0,DUNKLIN,DUNKLIN
DUNKLIN - 000017,25,1.0000000000,116.9999999998,116.9999999998,0,DUNKLIN,DUNKLIN
DUNKLIN - 000018,25,1.0000000000,194.9999999999,194.9999999999,0,DUNKLIN,DUNKLIN
DUNKLIN - 000019,25,1.0000000000,123.9999999998,123.9999999998,0,DUNKLIN,DUNKLIN
DUNKLIN - 000020,25,1.0000000000,117.0000000002,117.0000000002,0,DUNKLIN,DUNKLIN
DUNKLIN - 000021,25,1.0000000000,224.0000000000,224.0000000000,0,DUNKLIN,DUNKLIN
DUNKLIN - 000022,25,1.0000000000,30.9999999996,30.9999999996,0,DUNKLIN,DUNKLIN
FRANKLIN - 000002,26,1.0000000000,73.0000000000,73.0000000000,0,FRANKLIN,FRANKLIN
FRANKLIN - 000003,26,1.0000000000,62.0000000000,62.0000000000,0,FRANKLIN,FRANKLIN
FRANKLIN - 000004,26,1.0000000000,13.0000000000,13.0000000000,0,FRANKLIN,FRANKLIN
FRANKLIN - 000005,26,1.0000000000,9.0000000000,9.0000000000,0,FRANKLIN,FRANKLIN
FRANKLIN - 000006,26,1.0000000000,80.0000000000,80.0000000000,0,FRANKLIN,FRANKLIN
FRANKLIN - 000007,26,1.0000000000,91.0000000003,91.0000000003,0,FRANKLIN,FRANKLIN
FRANKLIN - 000008,26,1.0000000000,37.0000000002,37.0000000002,0,FRANKLIN,FRANKLIN
FRANKLIN - 000009,26,1.0000000000,112.9999999997,112.9999999997,0,FRANKLIN,FRANKLIN
FRANKLIN - 000010,26,1.0000000000,55.0000000004,55.0000000004,0,FRANKLIN,FRANKLIN
FRANKLIN - 000011,26,1.0000000000,75.9999999999,75.9999999999,0,FRANKLIN,FRANKLIN
FRANKLIN - 000012,26,1.0000000000,125.0000000000,125.0000000000,0,FRANKLIN,FRANKLIN
FRANKLIN - 000013,26,1.0000000000,79.0000000000,79.0000000000,0,FRANKLIN,FRANKLIN
FRANKLIN - 000014,26,1.0000000000,29.0000000001,29.0000000001,0,FRANKLIN,FRANKLIN
FRANKLIN - 000015,26,1.0000000000,43.0000000000,43.0000000000,0,FRANKLIN,FRANKLIN
FRANKLIN - 000016,26,1.0000000000,61.0000000001,61.0000000001,0,FRANKLIN,FRANKLIN
FRANKLIN - 000017,26,1.0000000000,46.9999999999,46.9999999999,0,FRANKLIN,FRANKLIN
FRANKLIN - 000018,26,1.0000000000,12.0000000000,12.0000000000,0,FRANKLIN,FRANKLIN
FRANKLIN - 000019,26,1.0000000000,138.0000000001,138.0000000001,0,FRANKLIN,FRANKLIN
FRANKLIN - 000020,26,1.0000000000,52.0000000004,52.0000000004,0,FRANKLIN,FRANKLIN
FRANKLIN - 000021,26,1.0000000000,62.9999999993,62.9999999993,0,FRANKLIN,FRANKLIN
FRANKLIN - 000022,26,1.0000000000,102.9999999999,102.9999999999,0,FRANKLIN,FRANKLIN
FRANKLIN - 000023,26,1.0000000000,11.0000000000,11.0000000000,0,FRANKLIN,FRANKLIN
FRANKLIN - 000024,26,1.0000000000,83.0000000003,83.0000000003,0,FRANKLIN,FRANKLIN
FRANKLIN - 000025,26,1.0000000000,93.9999999995,93.9999999995,0,FRANKLIN,FRANKLIN
FRANKLIN - 000026,26,1.0000000000,57.0000000000,57.0000000000,0,FRANKLIN,FRANKLIN
FRANKLIN - 000027,26,1.0000000000,8.0000000000,8.0000000000,0,FRANKLIN,FRANKLIN
FRANKLIN - 000028,26,1.0000000000,24.0000000000,24.0000000000,0,FRANKLIN,FRANKLIN
FRANKLIN - 000029,26,1.0000000000,27.0000000000,27.0000000000,0,FRANKLIN,FRANKLIN
FRANKLIN - 000030,26,1.0000000000,20.0000000000,20.0000000000,0,FRANKLIN,FRANKLIN
FRANKLIN - 000031,26,1.0000000000,86.0000000000,86.0000000000,0,FRANKLIN,FRANKLIN
FRANKLIN - 000032,26,1.0000000000,47.0000000001,47.0000000001,0,FRANKLIN,FRANKLIN
FRANKLIN - 000033,26,1.0000000000,28.0000000000,28.0000000000,0,FRANKLIN,FRANKLIN
FRANKLIN - 000034,26,1.0000000000,26.0000000005,26.0000000005,0,FRANKLIN,FRANKLIN
FRANKLIN - 000035,26,1.0000000000,8.0000000000,8.0000000000,0,FRANKLIN,FRANKLIN
FRANKLIN - 000037,26,1.0000000000,102.0000000005,102.0000000005,0,FRANKLIN,FRANKLIN
FRANKLIN - 000038,26,1.0000000000,109.0000000000,109.0000000000,0,FRANKLIN,FRANKLIN
FRANKLIN - 000039,26,1.0000000000,58.9999999992,58.9999999992,0,FRANKLIN,FRANKLIN
FRANKLIN - 000040,26,1.0000000000,29.0000000001,29.0000000001,0,FRANKLIN,FRANKLIN
FRANKLIN - 000041,26,1.0000000000,70.9999999998,70.9999999998,0,FRANKLIN,FRANKLIN
FRANKLIN - 000042,26,1.0000000000,79.0000000000,79.0000000000,0,FRANKLIN,FRANKLIN
FRANKLIN - 000043,26,1.0000000000,51.9999999999,51.9999999999,0,FRANKLIN,FRANKLIN
FRANKLIN - 000044,26,1.0000000000,192.9999999999,192.9999999999,0,FRANKLIN,FRANKLIN
FRANKLIN - 000045,26,1.0000000000,84.0000000002,84.0000000002,0,FRANKLIN,FRANKLIN
FRANKLIN - 000046,26,1.0000000000,50.9999999999,50.9999999999,0,FRANKLIN,FRANKLIN
FRANKLIN - 000047,26,1.0000000000,85.9999999999,85.9999999999,0,FRANKLIN,FRANKLIN
FRANKLIN - 000048,26,1.0000000000,44.0000000000,44.0000000000,0,FRANKLIN,FRANKLIN
FRANKLIN - 000049,26,1.0000000000,44.0000000000,44.0000000000,0,FRANKLIN,FRANKLIN
FRANKLIN - 000050,26,1.0000000000,55.9999999999,55.9999999999,0,FRANKLIN,FRANKLIN
FRANKLIN - 000051,26,1.0000000000,10.0000000001,10.0000000001,0,FRANKLIN,FRANKLIN
FRANKLIN - 000052,26,1.0000000000,103.0000000000,103.0000000000,0,FRANKLIN,FRANKLIN
FRANKLIN - 000053,26,1.0000000000,50.0000000001,50.0000000001,0,FRANKLIN,FRANKLIN
FRANKLIN - 000054,26,1.0000000000,75.0000000002,75.0000000002,0,FRANKLIN,FRANKLIN
FRANKLIN - 000055,26,1.0000000000,22.9999999999,22.9999999999,0,FRANKLIN,FRANKLIN
FRANKLIN - 000056,26,1.0000000000,31.0000000001,31.0000000001,0,FRANKLIN,FRANKLIN
FRANKLIN - 000057,26,1.0000000000,117.0000000000,117.0000000000,0,FRANKLIN,FRANKLIN
FRANKLIN - 000058,26,1.0000000000,94.0000000001,94.0000000001,0,FRANKLIN,FRANKLIN
FRANKLIN - 000059,26,1.0000000000,55.9999999998,55.9999999998,0,FRANKLIN,FRANKLIN
FRANKLIN - 000060,26,1.0000000000,49.9999999997,49.9999999997,0,FRANKLIN,FRANKLIN
FRANKLIN - 000061,26,1.0000000000,72.0000000000,72.0000000000,0,FRANKLIN,FRANKLIN
FRANKLIN - 000062,26,1.0000000000,109.0000000000,109.0000000000,0,FRANKLIN,FRANKLIN
GASCONADE - 000002,26,1.0000000000,70.9999999999,70.9999999999,0,GASCONADE,GASCONADE
GASCONADE - 000003,26,1.0000000000,144.9999999998,144.9999999998,0,GASCONADE,GASCONADE
GASCONADE - 000004,26,1.0000000000,58.0000000000,58.0000000000,0,GASCONADE,GASCONADE
GASCONADE - 000005,26,1.0000000000,15.0000000000,15.0000000000,0,GASCONADE,GASCONADE
GASCONADE - 000006,26,1.0000000000,83.0000000000,83.0000000000,0,GASCONADE,GASCONADE
GASCONADE - 000007,26,1.0000000000,55.0000000000,55.0000000000,0,GASCONADE,GASCONADE
GASCONADE - 000008,10,0.0182686034,2.0278149734,110.9999999999,0,GASCONADE,GASCONADE
GASCONADE - 000008,26,0.9817313966,108.9721850265,110.9999999999,0,GASCONADE,GASCONADE
GASCONADE - 000009,26,1.0000000000,51.0000000000,51.0000000000,0,GASCONADE,GASCONADE
GASCONADE - 000010,26,1.0000000000,48.0000000000,48.0000000000,0,GASCONADE,GASCONADE
GASCONADE - 000011,26,1.0000000000,83.0000000000,83.0000000000,0,GASCONADE,GASCONADE
GASCONADE - 000012,26,1.0000000000,79.9999999999,79.9999999999,0,GASCONADE,GASCONADE
GASCONADE - 000013,26,1.0000000000,36.0000000000,36.0000000000,0,GASCONADE,GASCONADE
GASCONADE - 000014,3,0.0138846821,0.9996971124,71.9999999999,0,GASCONADE,GASCONADE
GASCONADE - 000014,26,0.9861153179,71.0003028875,71.9999999999,0,GASCONADE,GASCONADE
GASCONADE - 000015,26,1.0000000000,26.0000000000,26.0000000000,0,GASCONADE,GASCONADE
GASCONADE - 000016,26,1.0000000000,79.9999999998,79.9999999998,0,GASCONADE,GASCONADE
GASCONADE - 000017,26,1.0000000000,82.9999999996,82.9999999996,0,GASCONADE,GASCONADE
GASCONADE - 000018,26,1.0000000000,53.9999999998,53.9999999998,0,GASCONADE,GASCONADE
GASCONADE - 000019,26,1.0000000000,28.0000000000,28.0000000000,0,GASCONADE,GASCONADE
GASCONADE - 000020,26,1.0000000000,34.0000000001,34.0000000001,0,GASCONADE,GASCONADE
GASCONADE - 000021,26,1.0000000000,78.9999999998,78.9999999998,0,GASCONADE,GASCONADE
GASCONADE - 000022,26,1.0000000000,96.9999999998,96.9999999998,0,GASCONADE,GASCONADE
GENTRY - 000002,12,1.0000000000,245.0000000001,245.0000000001,0,GENTRY,GENTRY
GENTRY - 000003,12,1.0000000000,70.0000000000,70.0000000000,0,GENTRY,GENTRY
GENTRY - 000004,12,1.0000000000,50.0000000000,50.0000000000,0,GENTRY,GENTRY
GENTRY - 000005,12,1.0000000000,218.0000000000,218.0000000000,0,GENTRY,GENTRY
GENTRY - 000006,12,1.0000000000,35.0000000000,35.0000000000,0,GENTRY,GENTRY
GENTRY - 000007,12,1.0000000000,51.0000000000,51.0000000000,0,GENTRY,GENTRY
GENTRY - 000008,12,1.0000000000,213.0000000000,213.0000000000,0,GENTRY,GENTRY
GENTRY - 000009,12,1.0000000000,65.0000000000,65.0000000000,0,GENTRY,GENTRY
GENTRY - 000010,12,1.0000000000,85.9999999999,85.9999999999,0,GENTRY,GENTRY
GENTRY - 000011,12,1.0000000000,45.0000000000,45.0000000000,0,GENTRY,GENTRY
GREENE - 000002,20,1.0000000000,84.0000000000,84.0000000000,0,GREENE,GREENE
GREENE - 000003,20,1.0000000000,93.0000000001,93.0000000001,0,GREENE,GREENE
GREENE - 000004,20,0.9744140912,126.6738318553,129.9999999996,0,GREENE,GREENE
GREENE - 000004,30,0.0255859088,3.3261681444,129.9999999996,0,GREENE,GREENE
GREENE - 000005,20,0.8809679559,46.6913016641,53.0000000000,0,GREENE,GREENE
GREENE - 000005,30,0.1190320441,6.3086983359,53.0000000000,0,GREENE,GREENE
GREENE - 000006,20,0.6602745333,79.2329439902,119.9999999995,0,GREENE,GREENE
GREENE - 000006,30,0.3397254667,40.7670560093,119.9999999995,0,GREENE,GREENE
GREENE - 000007,20,0.4937805350,28.1454904922,56.9999999998,0,GREENE,GREENE
GREENE - 000007,30,0.5062194650,28.8545095076,56.9999999998,0,GREENE,GREENE
GREENE - 000008,30,1.0000000000,23.0000000001,23.0000000001,0,GREENE,GREENE
GREENE - 000009,30,1.0000000000,4.0000000000,4.0000000000,0,GREENE,GREENE
GREENE - 000010,20,0.7148764094,92.9339332265,129.9999999999,0,GREENE,GREENE
GREENE - 000010,30,0.2851235906,37.0660667734,129.9999999999,0,GREENE,GREENE
GREENE - 000011,20,0.6343730297,17.1280718026,26.9999999998,0,GREENE,GREENE
GREENE - 000011,30,0.3656269703,9.8719281972,26.9999999998,0,GREENE,GREENE
GREENE - 000012,20,0.9187097696,61.5535545649,67.0000000003,0,GREENE,GREENE
GREENE - 000012,30,0.0812902304,5.4464454354,67.0000000003,0,GREENE,GREENE
GREENE - 000013,20,0.0000073072,0.0001607591,21.9999999998,0,GREENE,GREENE
GREENE - 000013,30,0.9999926928,21.9998392407,21.9999999998,0,GREENE,GREENE
GREENE - 000014,20,1.0000000000,95.0000000000,95.0000000000,0,GREENE,GREENE
GREENE - 000015,20,0.9990767496,87.9187539630,87.9999999999,0,GREENE,GREENE
GREENE - 000015,30,0.0009232504,0.0812460369,87.9999999999,0,GREENE,GREENE
GREENE - 000016,20,1.0000000000,36.0000000000,36.0000000000,0,GREENE,GREENE
GREENE - 000017,20,1.0000000000,90.0000000001,90.0000000001,0,GREENE,GREENE
GREENE - 000018,20,0.1931607455,16.9981455999,88.0000000003,0,GREENE,GREENE
GREENE - 000018,30,0.8068392545,71.0018544004,88.0000000003,0,GREENE,GREENE
GREENE - 000019,29,0.0622551336,2.1789296744,34.9999999994,0,GREENE,GREENE
GREENE - 000019,30,0.9377448664,32.8210703250,34.9999999994,0,GREENE,GREENE
GREENE - 000020,20,0.7734155440,75.7947233091,98.0000000001,0,GREENE,GREENE
GREENE - 000020,29,0.0001126115,0.0110359304,98.0000000001,0,GREENE,GREENE
GREENE - 000020,30,0.2264718445,22.1942407605,98.0000000001,0,GREENE,GREENE
GREENE - 000021,20,0.9048885151,47.9590913015,53.0000000002,0,GREENE,GREENE
GREENE - 000021,30,0.0951114849,5.0409086987,53.0000000002,0,GREENE,GREENE
GREENE - 000022,20,1.0000000000,90.0000000001,90.0000000001,0,GREENE,GREENE
GREENE - 000023,20,1.0000000000,104.0000000000,104.0000000000,0,GREENE,GREENE
GREENE - 000024,20,1.0000000000,161.9999999999,161.9999999999,0,GREENE,GREENE
GREENE - 000025,20,1.0000000000,218.0000000002,218.0000000002,0,GREENE,GREENE
GREENE - 000026,20,1.0000000000,138.0000000001,138.0000000001,0,GREENE,GREENE
GREENE - 000027,20,1.0000000000,84.0000000000,84.0000000000,0,GREENE,GREENE
GREENE - 000028,20,1.0000000000,73.9999999999,73.9999999999,0,GREENE,GREENE
GREENE - 000029,20,1.0000000000,129.0000000001,129.0000000001,0,GREENE,GREENE
GREENE - 000030,20,1.0000000000,132.0000000000,132.0000000000,0,GREENE,GREENE
GREENE - 000031,20,1.0000000000,40.9999999999,40.9999999999,0,GREENE,GREENE
GREENE - 000032,20,1.0000000000,71.0000000001,71.0000000001,0,GREENE,GREENE
GREENE - 000033,20,1.0000000000,114.0000000000,114.0000000000,0,GREENE,GREENE
GREENE - 000034,30,1.0000000000,20.0000000001,20.0000000001,0,GREENE,GREENE
GREENE - 000035,30,1.0000000000,27.0000000000,27.0000000000,0,GREENE,GREENE
GREENE - 000036,30,1.0000000000,32.0000000000,32.0000000000,0,GREENE,GREENE
GREENE - 000037,20,0.0005862562,0.0246227595,42.0000000001,0,GREENE,GREENE
GREENE - 000037,30,0.9994137438,41.9753772406,42.0000000001,0,GREENE,GREENE
GREENE - 000038,30,1.0000000000,36.0000000001,36.0000000001,0,GREENE,GREENE
GREENE - 000039,30,1.0000000000,47.0000000000,47.0000000000,0,GREENE,GREENE
GREENE - 000040,30,1.0000000000,98.0000000000,98.0000000000,0,GREENE,GREENE
GREENE - 000041,30,1.0000000000,31.0000000000,31.0000000000,0,GREENE,GREENE
GREENE - 000042,30,1.0000000000,73.9999999998,73.9999999998,0,GREENE,GREENE
GREENE - 000043,30,1.0000000000,11.0000000000,11.0000000000,0,GREENE,GREENE
GREENE - 000044,30,1.0000000000,17.0000000000,17.0000000000,0,GREENE,GREENE
GREENE - 000045,30,1.0000000000,111.0000000000,111.0000000000,0,GREENE,GREENE
GREENE - 000046,30,1.0000000000,43.0000000001,43.0000000001,0,GREENE,GREENE
GREENE - 000047,30,1.0000000000,41.0000000000,41.0000000000,0,GREENE,GREENE
GREENE - 000048,30,1.0000000000,55.0000000000,55.0000000000,0,GREENE,GREENE
GREENE - 000049,30,1.0000000000,63.0000000000,63.0000000000,0,GREENE,GREENE
GREENE - 000050,30,1.0000000000,44.0000000000,44.0000000000,0,GREENE,GREENE
GREENE - 000051,30,1.0000000000,42.0000000000,42.0000000000,0,GREENE,GREENE
GREENE - 000052,30,1.0000000000,67.0000000000,67.0000000000,0,GREENE,GREENE
GREENE - 000053,30,1.0000000000,49.9999999999,49.9999999999,0,GREENE,GREENE
GREENE - 000054,20,0.0038737757,0.1704461303,43.9999999999,0,GREENE,GREENE
GREENE - 000054,30,0.9961262243,43.8295538696,43.9999999999,0,GREENE,GREENE
GREENE - 000055,30,1.0000000000,33.9999999999,33.9999999999,0,GREENE,GREENE
GREENE - 000056,20,0.0204746866,1.4332280625,70.0000000001,0,GREENE,GREENE
GREENE - 000056,30,0.9795253134,68.5667719376,70.0000000001,0,GREENE,GREENE
GREENE - 000057,20,0.0487841099,2.3904213859,49.0000000001,0,GREENE,GREENE
GREENE - 000057,30,0.9512158901,46.6095786142,49.0000000001,0,GREENE,GREENE
GREENE - 000058,30,1.0000000000,21.0000000001,21.0000000001,0,GREENE,GREENE
GREENE - 000059,30,1.0000000000,45.0000000000,45.0000000000,0,GREENE,GREENE
GREENE - 000060,30,1.0000000000,42.0000000000,42.0000000000,0,GREENE,GREENE
GREENE - 000061,30,1.0000000000,60.0000000001,60.0000000001,0,GREENE,GREENE
GREENE - 000062,30,1.0000000000,37.0000000000,37.0000000000,0,GREENE,GREENE
GREENE - 000063,30,1.0000000000,14.9999999999,14.9999999999,0,GREENE,GREENE
GREENE - 000064,30,1.0000000000,17.0000000000,17.0000000000,0,GREENE,GREENE
GREENE - 000065,30,1.0000000000,46.0000000001,46.0000000001,0,GREENE,GREENE
GREENE - 000066,30,1.0000000000,23.0000000001,23.0000000001,0,GREENE,GREENE
GREENE - 000067,30,1.0000000000,34.0000000000,34.0000000000,0,GREENE,GREENE
GREENE - 000068,30,1.0000000000,11.9999999999,11.9999999999,0,GREENE,GREENE
GREENE - 000069,30,1.0000000000,19.0000000000,19.0000000000,0,GREENE,GREENE
GREENE - 000070,30,1.0000000000,20.0000000000,20.0000000000,0,GREENE,GREENE
GREENE - 000071,30,1.0000000000,25.0000000000,25.0000000000,0,GREENE,GREENE
GREENE - 000072,30,1.0000000000,30.0000000001,30.0000000001,0,GREENE,GREENE
GREENE - 000073,30,1.0000000000,69.9999999993,69.9999999993,0,GREENE,GREENE
GREENE - 000074,30,1.0000000000,73.0000000001,73.0000000001,0,GREENE,GREENE
GREENE - 000075,30,1.0000000000,44.9999999999,44.9999999999,0,GREENE,GREENE
GREENE - 000076,20,0.1620275993,16.8508703304,104.0000000008,0,GREENE,GREENE
GREENE - 000076,30,0.8379724007,87.1491296704,104.0000000008,0,GREENE,GREENE
GREENE - 000077,30,1.0000000000,23.0000000001,23.0000000001,0,GREENE,GREENE
GREENE - 000078,30,1.0000000000,27.0000000001,27.0000000001,0,GREENE,GREENE
GREENE - 000079,30,1.0000000000,13.9999999999,13.9999999999,0,GREENE,GREENE
GREENE - 000080,30,1.0000000000,28.0000000000,28.0000000000,0,GREENE,GREENE
GREENE - 000081,20,0.0140388769,0.3930885529,27.9999999999,0,GREENE,GREENE
GREENE - 000081,30,0.9859611231,27.6069114470,27.9999999999,0,GREENE,GREENE
GREENE - 000082,30,1.0000000000,47.0000000000,47.0000000000,0,GREENE,GREENE
GREENE - 000083,20,0.0045595972,0.5106748815,112.0000000005,0,GREENE,GREENE
GREENE - 000083,29,0.0105017615,1.1761972900,112.0000000005,0,GREENE,GREENE
GREENE - 000083,30,0.9849386413,110.3131278290,112.0000000005,0,GREENE,GREENE
GREENE - 000084,30,1.0000000000,54.9999999999,54.9999999999,0,GREENE,GREENE
GREENE - 000085,30,1.0000000000,18.0000000000,18.0000000000,0,GREENE,GREENE
GREENE - 000086,30,1.0000000000,23.0000000000,23.0000000000,0,GREENE,GREENE
GREENE - 000087,30,1.0000000000,17.9999999999,17.9999999999,0,GREENE,GREENE
GREENE - 000088,30,1.0000000000,30.0000000000,30.0000000000,0,GREENE,GREENE
GREENE - 000089,30,1.0000000000,57.0000000001,57.0000000001,0,GREENE,GREENE
GREENE - 000090,30,1.0000000000,16.0000000003,16.0000000003,0,GREENE,GREENE
GREENE - 000091,20,0.0142857143,1.0000000000,69.9999999996,0,GREENE,GREENE
GREENE - 000091,30,0.9857142857,68.9999999996,69.9999999996,0,GREENE,GREENE
GREENE - 000092,30,1.0000000000,28.9999999998,28.9999999998,0,GREENE,GREENE
GREENE - 000093,30,1.0000000000,13.0000000000,13.0000000000,0,GREENE,GREENE
GREENE - 000094,30,1.0000000000,30.9999999999,30.9999999999,0,GREENE,GREENE
GREENE - 000095,30,1.0000000000,23.0000000000,23.0000000000,0,GREENE,GREENE
GREENE - 000096,30,1.0000000000,15.0000000000,15.0000000000,0,GREENE,GREENE
GREENE - 000097,30,1.0000000000,30.0000000000,30.0000000000,0,GREENE,GREENE
GREENE - 000098,30,1.0000000000,46.0000000000,46.0000000000,0,GREENE,GREENE
GREENE - 000099,30,1.0000000000,27.0000000001,27.0000000001,0,GREENE,GREENE
GREENE - 000100,30,1.0000000000,21.0000000000,21.0000000000,0,GREENE,GREENE
GREENE - 000101,30,1.0000000000,20.9999999999,20.9999999999,0,GREENE,GREENE
GREENE - 000102,30,1.0000000000,35.0000000000,35.0000000000,0,GREENE,GREENE
GREENE - 000103,30,1.0000000000,39.9999999999,39.9999999999,0,GREENE,GREENE
GREENE - 000104,30,1.0000000000,59.0000000001,59.0000000001,0,GREENE,GREENE
GREENE - 000105,30,1.0000000000,63.9999999999,63.9999999999,0,GREENE,GREENE
GREENE - 000106,30,1.0000000000,59.0000000000,59.0000000000,0,GREENE,GREENE
GREENE - 000107,30,1.0000000000,64.0000000001,64.0000000001,0,GREENE,GREENE
GREENE - 000108,20,1.0000000000,134.9999999999,134.9999999999,0,GREENE,GREENE
GREENE - 000109,20,1.0000000000,132.0000000000,132.0000000000,0,GREENE,GREENE
GREENE - 000110,20,1.0000000000,93.0000000001,93.0000000001,0,GREENE,GREENE
GREENE - 000111,20,0.8405710362,39.5068387001,47.0000000000,0,GREENE,GREENE
GREENE - 000111,30,0.1594289638,7.4931612999,47.0000000000,0,GREENE,GREENE
GREENE - 000112,20,1.0000000000,58.9999999996,58.9999999996,0,GREENE,GREENE
GREENE - 000113,20,1.0000000000,49.9999999999,49.9999999999,0,GREENE,GREENE
GREENE - 000114,20,0.6193042597,40.8740811371,65.9999999999,0,GREENE,GREENE
GREENE - 000114,30,0.3806957403,25.1259188628,65.9999999999,0,GREENE,GREENE
GREENE - 000115,20,0.9287987761,53.8703290159,58.0000000003,0,GREENE,GREENE
GREENE - 000115,30,0.0712012239,4.1296709844,58.0000000003,0,GREENE,GREENE
GRUNDY - 000002,12,1.0000000000,102.0000000000,102.0000000000,0,GRUNDY,GRUNDY
GRUNDY - 000003,12,1.0000000000,36.0000000001,36.0000000001,0,GRUNDY,GRUNDY
GRUNDY - 000004,12,1.0000000000,32.9999999999,32.9999999999,0,GRUNDY,GRUNDY
GRUNDY - 000005,12,1.0000000000,57.9999999999,57.9999999999,0,GRUNDY,GRUNDY
GRUNDY - 000006,12,1.0000000000,101.0000000000,101.0000000000,0,GRUNDY,GRUNDY
GRUNDY - 000007,12,1.0000000000,86.0000000000,86.0000000000,0,GRUNDY,GRUNDY
GRUNDY - 000008,12,1.0000000000,69.0000000002,69.0000000002,0,GRUNDY,GRUNDY
GRUNDY - 000009,12,1.0000000000,61.0000000002,61.0000000002,0,GRUNDY,GRUNDY
GRUNDY - 000010,12,1.0000000000,67.0000000000,67.0000000000,0,GRUNDY,GRUNDY
GRUNDY - 000011,12,1.0000000000,50.0000000000,50.0000000000,0,GRUNDY,GRUNDY
GRUNDY - 000012,12,1.0000000000,184.9999999999,184.9999999999,0,GRUNDY,GRUNDY
GRUNDY - 000013,12,1.0000000000,121.0000000000,121.0000000000,0,GRUNDY,GRUNDY
GRUNDY - 000014,12,1.0000000000,103.0000000001,103.0000000001,0,GRUNDY,GRUNDY
GRUNDY - 000015,12,1.0000000000,131.9999999999,131.9999999999,0,GRUNDY,GRUNDY
GRUNDY - 000016,12,1.0000000000,34.0000000000,34.0000000000,0,GRUNDY,GRUNDY
GRUNDY - 000017,12,1.0000000000,88.0000000001,88.0000000001,0,GRUNDY,GRUNDY
HARRISON - 000002,12,1.0000000000,193.9999999999,193.9999999999,0,HARRISON,HARRISON
HARRISON - 000003,12,1.0000000000,198.9999999998,198.9999999998,0,HARRISON,HARRISON
HARRISON - 000004,12,1.0000000000,87.0000000000,87.0000000000,0,HARRISON,HARRISON
HARRISON - 000005,12,1.0000000000,183.0000000000,183.0000000000,0,HARRISON,HARRISON
HARRISON - 000006,12,1.0000000000,148.0000000001,148.0000000001,0,HARRISON,HARRISON
HARRISON - 000007,12,1.0000000000,146.0000000000,146.0000000000,0,HARRISON,HARRISON
HARRISON - 000008,12,1.0000000000,70.9999999998,70.9999999998,0,HARRISON,HARRISON
HARRISON - 000009,12,1.0000000000,82.0000000001,82.0000000001,0,HARRISON,HARRISON
HARRISON - 000010,12,1.0000000000,128.0000000001,128.0000000001,0,HARRISON,HARRISON
HARRISON - 000011,12,1.0000000000,123.0000000007,123.0000000007,0,HARRISON,HARRISON
HARRISON - 000012,12,1.0000000000,151.9999999999,151.9999999999,0,HARRISON,HARRISON
HENRY - 000002,28,1.0000000000,161.9999999998,161.9999999998,0,HENRY,HENRY
HENRY - 000003,28,1.0000000000,48.9999999999,48.9999999999,0,HENRY,HENRY
HENRY - 000004,28,1.0000000000,136.0000000001,136.0000000001,0,HENRY,HENRY
HENRY - 000005,28,1.0000000000,158.9999999995,158.9999999995,0,HENRY,HENRY
HENRY - 000006,28,1.0000000000,57.0000000000,57.0000000000,0,HENRY,HENRY
HENRY - 000007,28,1.0000000000,63.0000000000,63.0000000000,0,HENRY,HENRY
HENRY - 000008,28,1.0000000000,100.9999999999,100.9999999999,0,HENRY,HENRY
HENRY - 000009,28,1.0000000000,146.0000000001,146.0000000001,0,HENRY,HENRY
HENRY - 000011,28,1.0000000000,67.0000000000,67.0000000000,0,HENRY,HENRY
HENRY - 000012,28,1.0000000000,144.0000000000,144.0000000000,0,HENRY,HENRY
HENRY - 000013,28,1.0000000000,83.0000000000,83.0000000000,0,HENRY,HENRY
HENRY - 000014,28,1.0000000000,58.0000000000,58.0000000000,0,HENRY,HENRY
HENRY - 000015,28,1.0000000000,63.9999999999,63.9999999999,0,HENRY,HENRY
HENRY - 000016,28,1.0000000000,105.0000000001,105.0000000001,0,HENRY,HENRY
HENRY - 000017,28,1.0000000000,52.0000000001,52.0000000001,0,HENRY,HENRY
HENRY - 000018,28,1.0000000000,222.0000000001,222.0000000001,0,HENRY,HENRY
HENRY - 000020,28,1.0000000000,91.0000000000,91.0000000000,0,HENRY,HENRY
HENRY - 000021,28,1.0000000000,41.0000000000,41.0000000000,0,HENRY,HENRY
HENRY - 000022,28,1.0000000000,85.0000000001,85.0000000001,0,HENRY,HENRY
HENRY - 000023,28,1.0000000000,88.9999999999,88.9999999999,0,HENRY,HENRY
HICKORY - 000002,28,1.0000000000,75.0000000001,75.0000000001,0,HICKORY,HICKORY
HICKORY - 000003,28,1.0000000000,79.0000000000,79.0000000000,0,HICKORY,HICKORY
HICKORY - 000004,28,1.0000000000,124.0000000000,124.0000000000,0,HICKORY,HICKORY
HICKORY - 000005,28,1.0000000000,129.0000000001,129.0000000001,0,HICKORY,HICKORY
HICKORY - 000006,28,1.0000000000,36.0000000000,36.0000000000,0,HICKORY,HICKORY
HICKORY - 000007,28,1.0000000000,219.0000000008,219.0000000008,0,HICKORY,HICKORY
HICKORY - 000008,28,1.0000000000,45.0000000001,45.0000000001,0,HICKORY,HICKORY
HICKORY - 000009,28,1.0000000000,81.0000000000,81.0000000000,0,HICKORY,HICKORY
HICKORY - 000010,28,1.0000000000,46.0000000002,46.0000000002,0,HICKORY,HICKORY
HICKORY - 000011,28,1.0000000000,94.0000000002,94.0000000002,0,HICKORY,HICKORY
HICKORY - 000012,28,1.0000000000,104.0000000001,104.0000000001,0,HICKORY,HICKORY
HOLT - 000002,12,1.0000000000,263.9999999999,263.9999999999,0,HOLT,HOLT
HOLT - 000003,12,1.0000000000,112.0000000000,112.0000000000,0,HOLT,HOLT
HOLT - 000004,12,1.0000000000,193.0000000001,193.0000000001,0,HOLT,HOLT
HOLT - 000005,12,1.0000000000,313.0000000000,313.0000000000,0,HOLT,HOLT
HOLT - 000006,12,1.0000000000,124.0000000000,124.0000000000,0,HOLT,HOLT
HOLT - 000007,12,1.0000000000,191.0000000000,191.0000000000,0,HOLT,HOLT
HOWARD - 000003,21,1.0000000000,53.0000000000,53.0000000000,0,HOWARD,HOWARD
HOWARD - 000004,21,1.0000000000,71.9999999998,71.9999999998,0,HOWARD,HOWARD
HOWARD - 000005,21,1.0000000000,169.0000000004,169.0000000004,0,HOWARD,HOWARD
HOWARD - 000009,21,1.0000000000,101.0000000004,101.0000000004,0,HOWARD,HOWARD
HOWARD - 000013,21,1.0000000000,56.0000000002,56.0000000002,0,HOWARD,HOWARD
HOWARD - 000015,18,0.0001233286,0.0193625969,157.0000000000,0,HOWARD,HOWARD
HOWARD - 000015,21,0.9998766714,156.9806374031,157.0000000000,0,HOWARD,HOWARD
HOWARD - 000016,21,1.0000000000,265.0000000000,265.0000000000,0,HOWARD,HOWARD
HOWARD - 000017,19,0.0289855072,2.0000000000,68.9999999999,0,HOWARD,HOWARD
HOWARD - 000017,21,0.9710144928,66.9999999999,68.9999999999,0,HOWARD,HOWARD
HOWARD - 000018,21,1.0000000000,119.9999999999,119.9999999999,0,HOWARD,HOWARD
HOWELL - 000002,33,1.0000000000,73.0000000001,73.0000000001,0,HOWELL,HOWELL
HOWELL - 000003,33,1.0000000000,89.9999999997,89.9999999997,0,HOWELL,HOWELL
HOWELL - 000004,33,1.0000000000,52.9999999999,52.9999999999,0,HOWELL,HOWELL
HOWELL - 000005,33,1.0000000000,134.0000000000,134.0000000000,0,HOWELL,HOWELL
HOWELL - 000006,33,1.0000000000,210.0000000001,210.0000000001,0,HOWELL,HOWELL
HOWELL - 000007,33,1.0000000000,113.0000000001,113.0000000001,0,HOWELL,HOWELL
HOWELL - 000008,33,1.0000000000,127.0000000004,127.0000000004,0,HOWELL,HOWELL
HOWELL - 000009,33,1.0000000000,132.0000000007,132.0000000007,0,HOWELL,HOWELL
HOWELL - 000010,33,1.0000000000,80.0000000000,80.0000000000,0,HOWELL,HOWELL
HOWELL - 000011,33,1.0000000000,425.9999999998,425.9999999998,0,HOWELL,HOWELL
HOWELL - 000012,33,1.0000000000,115.0000000001,115.0000000001,0,HOWELL,HOWELL
HOWELL - 000013,33,1.0000000000,92.0000000000,92.0000000000,0,HOWELL,HOWELL
HOWELL - 000014,33,1.0000000000,101.0000000000,101.0000000000,0,HOWELL,HOWELL
HOWELL - 000015,33,1.0000000000,67.0000000000,67.0000000000,0,HOWELL,HOWELL
HOWELL - 000016,33,1.0000000000,87.0000000000,87.0000000000,0,HOWELL,HOWELL
HOWELL - 000017,33,1.0000000000,119.0000000000,119.0000000000,0,HOWELL,HOWELL
HOWELL - 000018,33,1.0000000000,106.0000000000,106.0000000000,0,HOWELL,HOWELL
HOWELL - 000019,33,1.0000000000,144.9999999997,144.9999999997,0,HOWELL,HOWELL
HOWELL - 000020,33,1.0000000000,167.9999999999,167.9999999999,0,HOWELL,HOWELL
HOWELL - 000021,33,1.0000000000,189.9999999996,189.9999999996,0,HOWELL,HOWELL
IRON - 000002,27,1.0000000000,117.9999999999,117.9999999999,0,IRON,IRON
IRON - 000003,27,1.0000000000,33.9999999999,33.9999999999,0,IRON,IRON
IRON - 000004,27,1.0000000000,57.9999999999,57.9999999999,0,IRON,IRON
IRON - 000005,27,1.0000000000,85.9999999999,85.9999999999,0,IRON,IRON
IRON - 000006,27,1.0000000000,74.0000000002,74.0000000002,0,IRON,IRON
IRON - 000007,3,0.0000996163,0.0100612480,101.0000000000,0,IRON,IRON
IRON - 000007,27,0.9999003837,100.9899387520,101.0000000000,0,IRON,IRON
IRON - 000008,27,1.0000000000,132.9999999999,132.9999999999,0,IRON,IRON
IRON - 000009,27,1.0000000000,74.0000000001,74.0000000001,0,IRON,IRON
IRON - 000010,27,1.0000000000,10.0000000001,10.0000000001,0,IRON,IRON
IRON - 000011,27,1.0000000000,93.0000000000,93.0000000000,0,IRON,IRON
IRON - 000012,27,1.0000000000,43.0000000001,43.0000000001,0,IRON,IRON
IRON - 000013,27,1.0000000000,24.9999999999,24.9999999999,0,IRON,IRON
IRON - 000014,27,1.0000000000,81.0000000002,81.0000000002,0,IRON,IRON
IRON - 000015,27,1.0000000000,32.9999999999,32.9999999999,0,IRON,IRON
IRON - 000016,27,1.0000000000,122.9999999995,122.9999999995,0,IRON,IRON
IRON - 000017,27,1.0000000000,27.0000000001,27.0000000001,0,IRON,IRON
JACKSON - 000002,7,1.0000000000,16.0000000000,16.0000000000,1,KANSAS CITY,KANSAS CITY|JACKSON
JACKSON - 000003,11,1.0000000000,55.0000000000,55.0000000000,0,JACKSON,JACKSON|KANSAS CITY
JACKSON - 000004,11,1.0000000000,42.0000000001,42.0000000001,0,JACKSON,JACKSON|KANSAS CITY
JACKSON - 000005,11,1.0000000000,15.0000000000,15.0000000000,0,JACKSON,JACKSON|KANSAS CITY
JACKSON - 000006,11,1.0000000000,11.0000000000,11.0000000000,0,JACKSON,JACKSON|KANSAS CITY
JACKSON - 000007,11,1.0000000000,15.0000000000,15.0000000000,0,JACKSON,JACKSON|KANSAS CITY
JACKSON - 000008,11,1.0000000000,25.0000000001,25.0000000001,0,JACKSON,JACKSON|KANSAS CITY
JACKSON - 000009,11,1.0000000000,43.0000000000,43.0000000000,0,JACKSON,JACKSON|KANSAS CITY
JACKSON - 000010,11,1.0000000000,40.0000000000,40.0000000000,0,JACKSON,JACKSON|KANSAS CITY
JACKSON - 000011,11,1.0000000000,35.0000000000,35.0000000000,0,JACKSON,JACKSON|KANSAS CITY
JACKSON - 000012,11,1.0000000000,42.0000000001,42.0000000001,0,JACKSON,JACKSON|KANSAS CITY
JACKSON - 000013,11,1.0000000000,15.0000000000,15.0000000000,0,JACKSON,JACKSON|KANSAS CITY
JACKSON - 000014,11,1.0000000000,46.9999999999,46.9999999999,0,JACKSON,JACKSON|KANSAS CITY
JACKSON - 000015,11,1.0000000000,57.0000000002,57.0000000002,0,JACKSON,JACKSON|KANSAS CITY
JACKSON - 000016,11,1.0000000000,19.0000000000,19.0000000000,0,JACKSON,JACKSON|KANSAS CITY
JACKSON - 000017,11,1.0000000000,20.0000000000,20.0000000000,0,JACKSON,JACKSON|KANSAS CITY
JACKSON - 000018,11,1.0000000000,39.0000000000,39.0000000000,0,JACKSON,JACKSON|KANSAS CITY
JACKSON - 000019,11,1.0000000000,12.0000000000,12.0000000000,0,JACKSON,JACKSON|KANSAS CITY
JACKSON - 000020,11,1.0000000000,26.0000000000,26.0000000000,0,JACKSON,JACKSON|KANSAS CITY
JACKSON - 000021,11,1.0000000000,6.0000000000,6.0000000000,0,JACKSON,JACKSON|KANSAS CITY
JACKSON - 000022,11,1.0000000000,5.0000000000,5.0000000000,0,JACKSON,JACKSON|KANSAS CITY
JACKSON - 000023,11,1.0000000000,17.0000000000,17.0000000000,0,JACKSON,JACKSON|KANSAS CITY
JACKSON - 000024,11,1.0000000000,67.0000000000,67.0000000000,0,JACKSON,JACKSON|KANSAS CITY
JACKSON - 000025,11,1.0000000000,36.0000000000,36.0000000000,0,JACKSON,JACKSON|KANSAS CITY
JACKSON - 000026,11,1.0000000000,23.0000000000,23.0000000000,0,JACKSON,JACKSON|KANSAS CITY
JACKSON - 000027,11,1.0000000000,30.0000000000,30.0000000000,0,JACKSON,JACKSON|KANSAS CITY
JACKSON - 000028,11,1.0000000000,18.0000000000,18.0000000000,0,JACKSON,JACKSON|KANSAS CITY
JACKSON - 000029,11,1.0000000000,14.9999999999,14.9999999999,0,JACKSON,JACKSON|KANSAS CITY
JACKSON - 000030,11,1.0000000000,11.0000000000,11.0000000000,0,JACKSON,JACKSON|KANSAS CITY
JACKSON - 000031,11,1.0000000000,22.0000000000,22.0000000000,0,JACKSON,JACKSON|KANSAS CITY
JACKSON - 000032,11,1.0000000000,29.9999999999,29.9999999999,0,JACKSON,JACKSON|KANSAS CITY
JACKSON - 000033,11,1.0000000000,18.0000000001,18.0000000001,0,JACKSON,JACKSON|KANSAS CITY
JACKSON - 000034,11,1.0000000000,11.0000000000,11.0000000000,0,JACKSON,JACKSON|KANSAS CITY
JACKSON - 000035,11,1.0000000000,26.9999999998,26.9999999998,0,JACKSON,JACKSON|KANSAS CITY
JACKSON - 000036,11,1.0000000000,9.0000000000,9.0000000000,0,JACKSON,JACKSON|KANSAS CITY
JACKSON - 000037,11,1.0000000000,19.0000000001,19.0000000001,0,JACKSON,JACKSON|KANSAS CITY
JACKSON - 000038,11,1.0000000000,13.0000000001,13.0000000001,0,JACKSON,JACKSON|KANSAS CITY
JACKSON - 000039,11,1.0000000000,16.0000000000,16.0000000000,0,JACKSON,JACKSON|KANSAS CITY
JACKSON - 000040,11,1.0000000000,51.0000000000,51.0000000000,0,JACKSON,JACKSON|KANSAS CITY
JACKSON - 000041,11,1.0000000000,24.0000000000,24.0000000000,0,JACKSON,JACKSON|KANSAS CITY
JACKSON - 000042,11,1.0000000000,14.0000000000,14.0000000000,0,JACKSON,JACKSON|KANSAS CITY
JACKSON - 000043,11,1.0000000000,15.9999999999,15.9999999999,0,JACKSON,JACKSON|KANSAS CITY
JACKSON - 000044,11,1.0000000000,22.0000000000,22.0000000000,0,JACKSON,JACKSON|KANSAS CITY
JACKSON - 000045,11,1.0000000000,44.0000000000,44.0000000000,0,JACKSON,JACKSON|KANSAS CITY
JACKSON - 000046,11,1.0000000000,85.0000000000,85.0000000000,0,JACKSON,JACKSON|KANSAS CITY
JACKSON - 000047,11,1.0000000000,26.0000000000,26.0000000000,0,JACKSON,JACKSON|KANSAS CITY
JACKSON - 000048,11,1.0000000000,31.0000000000,31.0000000000,0,JACKSON,JACKSON|KANSAS CITY
JACKSON - 000049,11,1.0000000000,26.0000000000,26.0000000000,0,JACKSON,JACKSON|KANSAS CITY
JACKSON - 000050,11,1.0000000000,11.9999999999,11.9999999999,0,JACKSON,JACKSON|KANSAS CITY
JACKSON - 000051,11,1.0000000000,4.0000000000,4.0000000000,0,JACKSON,JACKSON|KANSAS CITY
JACKSON - 000052,11,1.0000000000,24.0000000000,24.0000000000,0,JACKSON,JACKSON|KANSAS CITY
JACKSON - 000053,11,1.0000000000,22.0000000000,22.0000000000,0,JACKSON,JACKSON|KANSAS CITY
JACKSON - 000054,11,1.0000000000,15.0000000000,15.0000000000,0,JACKSON,JACKSON|KANSAS CITY
JACKSON - 000055,11,1.0000000000,11.0000000000,11.0000000000,0,JACKSON,JACKSON|KANSAS CITY
JACKSON - 000056,11,1.0000000000,35.0000000000,35.0000000000,0,JACKSON,JACKSON|KANSAS CITY
JACKSON - 000057,11,1.0000000000,23.0000000000,23.0000000000,0,JACKSON,JACKSON|KANSAS CITY
JACKSON - 000058,11,1.0000000000,25.0000000000,25.0000000000,0,JACKSON,JACKSON|KANSAS CITY
JACKSON - 000059,11,1.0000000000,24.0000000000,24.0000000000,0,JACKSON,JACKSON|KANSAS CITY
JACKSON - 000060,11,1.0000000000,35.0000000000,35.0000000000,0,JACKSON,JACKSON|KANSAS CITY
JACKSON - 000061,11,1.0000000000,19.0000000000,19.0000000000,0,JACKSON,JACKSON|KANSAS CITY
JACKSON - 000062,11,1.0000000000,14.0000000000,14.0000000000,0,JACKSON,JACKSON|KANSAS CITY
JACKSON - 000063,11,1.0000000000,12.0000000000,12.0000000000,0,JACKSON,JACKSON|KANSAS CITY
JACKSON - 000064,11,1.0000000000,19.0000000000,19.0000000000,0,JACKSON,JACKSON|KANSAS CITY
JACKSON - 000065,11,1.0000000000,10.0000000000,10.0000000000,0,JACKSON,JACKSON|KANSAS CITY
JACKSON - 000066,11,1.0000000000,11.0000000000,11.0000000000,0,JACKSON,JACKSON|KANSAS CITY
JACKSON - 000067,11,1.0000000000,21.0000000000,21.0000000000,0,JACKSON,JACKSON|KANSAS CITY
JACKSON - 000068,11,1.0000000000,16.0000000000,16.0000000000,0,JACKSON,JACKSON|KANSAS CITY
JACKSON - 000069,11,1.0000000000,10.9999999998,10.9999999998,0,JACKSON,JACKSON|KANSAS CITY
JACKSON - 000070,11,1.0000000000,11.0000000001,11.0000000001,0,JACKSON,JACKSON|KANSAS CITY
JACKSON - 000071,11,1.0000000000,20.9999999999,20.9999999999,0,JACKSON,JACKSON|KANSAS CITY
JACKSON - 000072,11,1.0000000000,12.0000000000,12.0000000000,0,JACKSON,JACKSON|KANSAS CITY
JACKSON - 000073,11,1.0000000000,10.0000000000,10.0000000000,0,JACKSON,JACKSON|KANSAS CITY
JACKSON - 000074,11,1.0000000000,15.0000000000,15.0000000000,0,JACKSON,JACKSON|KANSAS CITY
JACKSON - 000075,11,1.0000000000,34.0000000000,34.0000000000,0,JACKSON,JACKSON|KANSAS CITY
JACKSON - 000076,9,0.0080212391,0.3609557615,45.0000000000,0,JACKSON,JACKSON|KANSAS CITY
JACKSON - 000076,11,0.9919787609,44.6390442385,45.0000000000,0,JACKSON,JACKSON|KANSAS CITY
JACKSON - 000077,11,1.0000000000,20.0000000000,20.0000000000,0,JACKSON,JACKSON|KANSAS CITY
JACKSON - 000078,11,1.0000000000,22.0000000000,22.0000000000,0,JACKSON,JACKSON|KANSAS CITY
JACKSON - 000079,9,0.0001227655,0.0033146698,27.0000000000,0,JACKSON,JACKSON|KANSAS CITY
JACKSON - 000079,11,0.9998772345,26.9966853302,27.0000000000,0,JACKSON,JACKSON|KANSAS CITY
JACKSON - 000080,11,1.0000000000,19.0000000000,19.0000000000,0,JACKSON,JACKSON|KANSAS CITY
JACKSON - 000081,11,1.0000000000,18.0000000001,18.0000000001,0,JACKSON,JACKSON|KANSAS CITY
JACKSON - 000082,11,1.0000000000,23.0000000000,23.0000000000,0,JACKSON,JACKSON|KANSAS CITY
JACKSON - 000083,11,1.0000000000,3.0000000000,3.0000000000,0,JACKSON,JACKSON|KANSAS CITY
JACKSON - 000084,11,1.0000000000,26.0000000000,26.0000000000,0,JACKSON,JACKSON|KANSAS CITY
JACKSON - 000085,11,1.0000000000,15.0000000000,15.0000000000,0,JACKSON,JACKSON|KANSAS CITY
JACKSON - 000086,11,1.0000000000,18.0000000000,18.0000000000,0,JACKSON,JACKSON|KANSAS CITY
JACKSON - 000087,11,1.0000000000,22.0000000000,22.0000000000,0,JACKSON,JACKSON|KANSAS CITY
JACKSON - 000088,11,1.0000000000,13.0000000000,13.0000000000,0,JACKSON,JACKSON|KANSAS CITY
JACKSON - 000089,11,1.0000000000,33.0000000002,33.0000000002,0,JACKSON,JACKSON|KANSAS CITY
JACKSON - 000090,11,1.0000000000,22.0000000000,22.0000000000,0,JACKSON,JACKSON|KANSAS CITY
JACKSON - 000091,11,1.0000000000,23.0000000000,23.0000000000,0,JACKSON,JACKSON|KANSAS CITY
JACKSON - 000092,11,1.0000000000,18.0000000000,18.0000000000,0,JACKSON,JACKSON|KANSAS CITY
JACKSON - 000093,11,1.0000000000,33.0000000000,33.0000000000,0,JACKSON,JACKSON|KANSAS CITY
JACKSON - 000094,11,1.0000000000,12.0000000000,12.0000000000,0,JACKSON,JACKSON|KANSAS CITY
JACKSON - 000095,11,1.0000000000,14.0000000000,14.0000000000,0,JACKSON,JACKSON|KANSAS CITY
JACKSON - 000096,11,1.0000000000,28.0000000000,28.0000000000,0,JACKSON,JACKSON|KANSAS CITY
JACKSON - 000097,11,1.0000000000,26.9999999999,26.9999999999,0,JACKSON,JACKSON|KANSAS CITY
JACKSON - 000098,11,1.0000000000,11.0000000000,11.0000000000,0,JACKSON,JACKSON|KANSAS CITY
JACKSON - 000099,11,1.0000000000,19.0000000000,19.0000000000,0,JACKSON,JACKSON|KANSAS CITY
JACKSON - 000100,11,1.0000000000,15.0000000000,15.0000000000,0,JACKSON,JACKSON|KANSAS CITY
JACKSON - 000101,11,1.0000000000,4.9999999999,4.9999999999,0,JACKSON,JACKSON|KANSAS CITY
JACKSON - 000102,9,1.0000000000,20.0000000000,20.0000000000,0,JACKSON,JACKSON|KANSAS CITY
JACKSON - 000103,9,1.0000000000,14.0000000000,14.0000000000,0,JACKSON,JACKSON|KANSAS CITY
JACKSON - 000104,9,1.0000000000,5.0000000000,5.0000000000,0,JACKSON,JACKSON|KANSAS CITY
JACKSON - 000105,9,1.0000000000,10.0000000001,10.0000000001,0,JACKSON,JACKSON|KANSAS CITY
JACKSON - 000106,9,1.0000000000,13.0000000000,13.0000000000,0,JACKSON,JACKSON|KANSAS CITY
JACKSON - 000107,9,1.0000000000,34.0000000000,34.0000000000,0,JACKSON,JACKSON|KANSAS CITY
JACKSON - 000108,9,1.0000000000,27.0000000000,27.0000000000,0,JACKSON,JACKSON|KANSAS CITY
JACKSON - 000109,9,1.0000000000,21.0000000000,21.0000000000,0,JACKSON,JACKSON|KANSAS CITY
JACKSON - 000110,9,1.0000000000,16.0000000001,16.0000000001,0,JACKSON,JACKSON|KANSAS CITY
JACKSON - 000111,9,1.0000000000,8.0000000000,8.0000000000,0,JACKSON,JACKSON|KANSAS CITY
JACKSON - 000112,9,1.0000000000,25.0000000000,25.0000000000,0,JACKSON,JACKSON|KANSAS CITY
JACKSON - 000113,9,1.0000000000,18.0000000000,18.0000000000,0,JACKSON,JACKSON|KANSAS CITY
JACKSON - 000114,9,1.0000000000,12.0000000000,12.0000000000,0,JACKSON,JACKSON|KANSAS CITY
JACKSON - 000115,9,1.0000000000,23.0000000001,23.0000000001,0,JACKSON,JACKSON|KANSAS CITY
JACKSON - 000116,9,1.0000000000,19.0000000000,19.0000000000,0,JACKSON,JACKSON|KANSAS CITY
JACKSON - 000117,9,1.0000000000,6.0000000000,6.0000000000,0,JACKSON,JACKSON|KANSAS CITY
JACKSON - 000118,9,1.0000000000,18.0000000000,18.0000000000,0,JACKSON,JACKSON|KANSAS CITY
JACKSON - 000119,9,1.0000000000,23.0000000000,23.0000000000,0,JACKSON,JACKSON|KANSAS CITY
JACKSON - 000120,9,1.0000000000,31.0000000000,31.0000000000,0,JACKSON,JACKSON|KANSAS CITY
JACKSON - 000121,9,1.0000000000,29.0000000000,29.0000000000,0,JACKSON,JACKSON|KANSAS CITY
JACKSON - 000122,9,1.0000000000,31.0000000000,31.0000000000,0,JACKSON,JACKSON|KANSAS CITY
JACKSON - 000123,9,1.0000000000,31.0000000000,31.0000000000,0,JACKSON,JACKSON|KANSAS CITY
JACKSON - 000124,9,1.0000000000,27.0000000000,27.0000000000,0,JACKSON,JACKSON|KANSAS CITY
JACKSON - 000125,9,1.0000000000,24.0000000000,24.0000000000,0,JACKSON,JACKSON|KANSAS CITY
JACKSON - 000126,9,1.0000000000,27.0000000000,27.0000000000,0,JACKSON,JACKSON|KANSAS CITY
JACKSON - 000127,9,1.0000000000,13.0000000000,13.0000000000,0,JACKSON,JACKSON|KANSAS CITY
JACKSON - 000128,9,1.0000000000,7.0000000000,7.0000000000,0,JACKSON,JACKSON|KANSAS CITY
JACKSON - 000129,11,1.0000000000,20.0000000000,20.0000000000,0,JACKSON,JACKSON|KANSAS CITY
JACKSON - 000130,11,1.0000000000,54.0000000000,54.0000000000,0,JACKSON,JACKSON|KANSAS CITY
JACKSON - 000131,11,1.0000000000,22.0000000000,22.0000000000,0,JACKSON,JACKSON|KANSAS CITY
JACKSON - 000132,11,1.0000000000,28.0000000000,28.0000000000,0,JACKSON,JACKSON|KANSAS CITY
JACKSON - 000133,11,1.0000000000,23.0000000000,23.0000000000,0,JACKSON,JACKSON|KANSAS CITY
JACKSON - 000134,11,1.0000000000,12.0000000000,12.0000000000,0,JACKSON,JACKSON|KANSAS CITY
JACKSON - 000135,11,1.0000000000,37.0000000000,37.0000000000,0,JACKSON,JACKSON|KANSAS CITY
JACKSON - 000136,11,1.0000000000,11.0000000000,11.0000000000,0,JACKSON,JACKSON|KANSAS CITY
JACKSON - 000137,11,1.0000000000,21.9999999999,21.9999999999,0,JACKSON,JACKSON|KANSAS CITY
JACKSON - 000138,8,1.0000000000,20.0000000000,20.0000000000,0,JACKSON,JACKSON|KANSAS CITY
JACKSON - 000139,8,0.9990725267,34.9675384352,35.0000000001,0,JACKSON,JACKSON|KANSAS CITY
JACKSON - 000139,9,0.0009274733,0.0324615649,35.0000000001,0,JACKSON,JACKSON|KANSAS CITY
JACKSON - 000140,8,1.0000000000,14.0000000000,14.0000000000,0,JACKSON,JACKSON|KANSAS CITY
JACKSON - 000141,8,1.0000000000,10.9999999999,10.9999999999,0,JACKSON,JACKSON|KANSAS CITY
JACKSON - 000142,8,1.0000000000,5.0000000000,5.0000000000,0,JACKSON,JACKSON|KANSAS CITY
JACKSON - 000143,8,1.0000000000,10.0000000000,10.0000000000,0,JACKSON,JACKSON|KANSAS CITY
JACKSON - 000144,8,1.0000000000,1.0000000000,1.0000000000,0,JACKSON,JACKSON|KANSAS CITY
JACKSON - 000145,8,1.0000000000,19.0000000000,19.0000000000,0,JACKSON,JACKSON|KANSAS CITY
JACKSON - 000146,7,0.0070775503,0.4317305702,61.0000000001,0,JACKSON,JACKSON|KANSAS CITY
JACKSON - 000146,8,0.9929224497,60.5682694299,61.0000000001,0,JACKSON,JACKSON|KANSAS CITY
JACKSON - 000147,8,1.0000000000,42.0000000000,42.0000000000,0,JACKSON,JACKSON|KANSAS CITY
JACKSON - 000148,8,1.0000000000,11.0000000001,11.0000000001,0,JACKSON,JACKSON|KANSAS CITY
JACKSON - 000149,8,1.0000000000,21.9999999999,21.9999999999,0,JACKSON,JACKSON|KANSAS CITY
JACKSON - 000150,8,1.0000000000,16.0000000000,16.0000000000,0,JACKSON,JACKSON|KANSAS CITY
JACKSON - 000151,7,0.0001103414,0.0033102423,30.0000000004,0,JACKSON,JACKSON|KANSAS CITY
JACKSON - 000151,8,0.9998896586,29.9966897581,30.0000000004,0,JACKSON,JACKSON|KANSAS CITY
JACKSON - 000152,8,1.0000000000,8.0000000000,8.0000000000,0,JACKSON,JACKSON|KANSAS CITY
JACKSON - 000153,8,1.0000000000,14.9999999999,14.9999999999,0,JACKSON,JACKSON|KANSAS CITY
JACKSON - 000154,8,0.9771955722,14.6579335834,14.9999999999,0,JACKSON,JACKSON|KANSAS CITY
JACKSON - 000154,9,0.0228044278,0.3420664165,14.9999999999,0,JACKSON,JACKSON|KANSAS CITY
JACKSON - 000155,8,1.0000000000,39.9999999999,39.9999999999,0,JACKSON,JACKSON|KANSAS CITY
JACKSON - 000156,8,1.0000000000,11.0000000000,11.0000000000,0,JACKSON,JACKSON|KANSAS CITY
JACKSON - 000157,8,0.9484988811,39.8369530046,41.9999999999,0,JACKSON,JACKSON|KANSAS CITY
JACKSON - 000157,9,0.0004692036,0.0197065503,41.9999999999,0,JACKSON,JACKSON|KANSAS CITY
JACKSON - 000157,11,0.0510319154,2.1433404450,41.9999999999,0,JACKSON,JACKSON|KANSAS CITY
JACKSON - 000158,8,1.0000000000,40.9999999999,40.9999999999,0,JACKSON,JACKSON|KANSAS CITY
JACKSON - 000159,8,1.0000000000,25.0000000001,25.0000000001,0,JACKSON,JACKSON|KANSAS CITY
JACKSON - 000160,8,0.9996674121,40.9863638974,41.0000000001,0,JACKSON,JACKSON|KANSAS CITY
JACKSON - 000160,9,0.0003325879,0.0136361027,41.0000000001,0,JACKSON,JACKSON|KANSAS CITY
JACKSON - 000161,8,1.0000000000,25.9999999999,25.9999999999,0,JACKSON,JACKSON|KANSAS CITY
JACKSON - 000162,8,1.0000000000,46.9999999999,46.9999999999,0,JACKSON,JACKSON|KANSAS CITY
JACKSON - 000163,8,1.0000000000,28.0000000000,28.0000000000,0,JACKSON,JACKSON|KANSAS CITY
JACKSON - 000164,8,1.0000000000,16.0000000000,16.0000000000,0,JACKSON,JACKSON|KANSAS CITY
JACKSON - 000165,8,1.0000000000,27.0000000001,27.0000000001,0,JACKSON,JACKSON|KANSAS CITY
JACKSON - 000166,8,1.0000000000,21.9999999999,21.9999999999,0,JACKSON,JACKSON|KANSAS CITY
JACKSON - 000167,8,1.0000000000,5.0000000000,5.0000000000,0,JACKSON,JACKSON|KANSAS CITY
JACKSON - 000168,8,1.0000000000,33.0000000000,33.0000000000,0,JACKSON,JACKSON|KANSAS CITY
JACKSON - 000169,8,1.0000000000,13.0000000000,13.0000000000,0,JACKSON,JACKSON|KANSAS CITY
JACKSON - 000170,8,1.0000000000,12.0000000000,12.0000000000,0,JACKSON,JACKSON|KANSAS CITY
JACKSON - 000171,8,1.0000000000,15.0000000000,15.0000000000,0,JACKSON,JACKSON|KANSAS CITY
JACKSON - 000172,8,1.0000000000,18.0000000000,18.0000000000,0,JACKSON,JACKSON|KANSAS CITY
JACKSON - 000173,8,1.0000000000,28.0000000000,28.0000000000,0,JACKSON,JACKSON|KANSAS CITY
JACKSON - 000174,8,1.0000000000,16.0000000000,16.0000000000,0,JACKSON,JACKSON|KANSAS CITY
JACKSON - 000175,8,1.0000000000,31.0000000001,31.0000000001,0,JACKSON,JACKSON|KANSAS CITY
JACKSON - 000176,8,1.0000000000,16.0000000000,16.0000000000,0,JACKSON,JACKSON|KANSAS CITY
JACKSON - 000177,8,1.0000000000,18.0000000000,18.0000000000,0,JACKSON,JACKSON|KANSAS CITY
JACKSON - 000178,8,1.0000000000,51.0000000001,51.0000000001,0,JACKSON,JACKSON|KANSAS CITY
JACKSON - 000179,8,0.7718606595,8.4904672548,11.0000000001,0,JACKSON,JACKSON|KANSAS CITY
JACKSON - 000179,9,0.2281393405,2.5095327453,11.0000000001,0,JACKSON,JACKSON|KANSAS CITY
JACKSON - 000180,8,0.9113336957,13.6700054351,15.0000000000,0,JACKSON,JACKSON|KANSAS CITY
JACKSON - 000180,9,0.0886663043,1.3299945649,15.0000000000,0,JACKSON,JACKSON|KANSAS CITY
JACKSON - 000181,8,1.0000000000,17.0000000001,17.0000000001,0,JACKSON,JACKSON|KANSAS CITY
JACKSON - 000182,8,1.0000000000,47.9999999994,47.9999999994,0,JACKSON,JACKSON|KANSAS CITY
JACKSON - 000183,8,1.0000000000,16.0000000000,16.0000000000,0,JACKSON,JACKSON|KANSAS CITY
JACKSON - 000184,8,1.0000000000,22.0000000000,22.0000000000,0,JACKSON,JACKSON|KANSAS CITY
JACKSON - 000185,8,1.0000000000,15.0000000000,15.0000000000,0,JACKSON,JACKSON|KANSAS CITY
JACKSON - 000186,8,1.0000000000,31.0000000001,31.0000000001,0,JACKSON,JACKSON|KANSAS CITY
JACKSON - 000187,8,1.0000000000,16.0000000001,16.0000000001,0,JACKSON,JACKSON|KANSAS CITY
JACKSON - 000188,8,1.0000000000,9.9999999999,9.9999999999,0,JACKSON,JACKSON|KANSAS CITY
JACKSON - 000189,8,1.0000000000,37.0000000000,37.0000000000,0,JACKSON,JACKSON|KANSAS CITY
JACKSON - 000190,8,1.0000000000,11.0000000000,11.0000000000,0,JACKSON,JACKSON|KANSAS CITY
JACKSON - 000191,8,1.0000000000,34.9999999999,34.9999999999,0,JACKSON,JACKSON|KANSAS CITY
JACKSON - 000192,8,0.2242141808,9.8654239569,44.0000000000,0,JACKSON,JACKSON|KANSAS CITY
JACKSON - 000192,11,0.7757858192,34.1345760431,44.0000000000,0,JACKSON,JACKSON|KANSAS CITY
JACKSON - 000193,8,1.0000000000,9.0000000000,9.0000000000,0,JACKSON,JACKSON|KANSAS CITY
JACKSON - 000194,8,1.0000000000,15.9999999999,15.9999999999,0,JACKSON,JACKSON|KANSAS CITY
JACKSON - 000195,8,1.0000000000,18.0000000000,18.0000000000,0,JACKSON,JACKSON|KANSAS CITY
JACKSON - 000196,8,1.0000000000,20.0000000000,20.0000000000,0,JACKSON,JACKSON|KANSAS CITY
JACKSON - 000197,8,0.9979011268,7.9832090146,8.0000000000,0,JACKSON,JACKSON|KANSAS CITY
JACKSON - 000197,11,0.0020988732,0.0167909854,8.0000000000,0,JACKSON,JACKSON|KANSAS CITY
JACKSON - 000198,8,0.1266463838,8.1053685626,64.0000000000,0,JACKSON,JACKSON|KANSAS CITY
JACKSON - 000198,11,0.8733536162,55.8946314374,64.0000000000,0,JACKSON,JACKSON|KANSAS CITY
JACKSON - 000199,8,1.0000000000,12.0000000000,12.0000000000,0,JACKSON,JACKSON|KANSAS CITY
JACKSON - 000200,8,0.9945640327,44.7553814721,45.0000000002,0,JACKSON,JACKSON|KANSAS CITY
JACKSON - 000200,11,0.0054359673,0.2446185281,45.0000000002,0,JACKSON,JACKSON|KANSAS CITY
JACKSON - 000201,8,1.0000000000,28.0000000000,28.0000000000,0,JACKSON,JACKSON|KANSAS CITY
JACKSON - 000202,8,1.0000000000,27.0000000001,27.0000000001,0,JACKSON,JACKSON|KANSAS CITY
JACKSON - 000203,8,1.0000000000,8.0000000000,8.0000000000,0,JACKSON,JACKSON|KANSAS CITY
JACKSON - 000204,8,1.0000000000,15.0000000000,15.0000000000,0,JACKSON,JACKSON|KANSAS CITY
JACKSON - 000205,11,1.0000000000,2.0000000000,2.0000000000,0,JACKSON,JACKSON|KANSAS CITY
JACKSON - 000206,8,1.0000000000,9.0000000000,9.0000000000,0,JACKSON,JACKSON|KANSAS CITY
JACKSON - 000207,8,1.0000000000,38.0000000001,38.0000000001,0,JACKSON,JACKSON|KANSAS CITY
JACKSON - 000208,8,1.0000000000,25.0000000000,25.0000000000,0,JACKSON,JACKSON|KANSAS CITY
JACKSON - 000209,8,1.0000000000,71.0000000000,71.0000000000,0,JACKSON,JACKSON|KANSAS CITY
JACKSON - 000210,8,1.0000000000,10.0000000000,10.0000000000,0,JACKSON,JACKSON|KANSAS CITY
JACKSON - 000211,8,1.0000000000,22.0000000000,22.0000000000,0,JACKSON,JACKSON|KANSAS CITY
JACKSON - 000212,8,0.9842348556,74.8018490257,75.9999999996,0,JACKSON,JACKSON|KANSAS CITY
JACKSON - 000212,11,0.0157651444,1.1981509739,75.9999999996,0,JACKSON,JACKSON|KANSAS CITY
JACKSON - 000213,8,1.0000000000,15.0000000000,15.0000000000,0,JACKSON,JACKSON|KANSAS CITY
JACKSON - 000214,8,0.0263157895,1.0000000000,38.0000000000,0,JACKSON,JACKSON|KANSAS CITY
JACKSON - 000214,11,0.9736842105,37.0000000000,38.0000000000,0,JACKSON,JACKSON|KANSAS CITY
JACKSON - 000215,8,1.0000000000,4.0000000000,4.0000000000,0,JACKSON,JACKSON|KANSAS CITY
JACKSON - 000216,8,1.0000000000,2.0000000000,2.0000000000,0,JACKSON,JACKSON|KANSAS CITY
JACKSON - 000217,8,1.0000000000,13.0000000000,13.0000000000,0,JACKSON,JACKSON|KANSAS CITY
JACKSON - 000218,8,1.0000000000,16.0000000000,16.0000000000,0,JACKSON,JACKSON|KANSAS CITY
JACKSON - 000219,8,1.0000000000,19.9999999999,19.9999999999,0,JACKSON,JACKSON|KANSAS CITY
JACKSON - 000220,8,1.0000000000,15.0000000000,15.0000000000,0,JACKSON,JACKSON|KANSAS CITY
JACKSON - 000221,8,1.0000000000,23.0000000000,23.0000000000,0,JACKSON,JACKSON|KANSAS CITY
JACKSON - 000222,8,1.0000000000,4.0000000000,4.0000000000,0,JACKSON,JACKSON|KANSAS CITY
JACKSON - 000223,8,1.0000000000,11.0000000000,11.0000000000,0,JACKSON,JACKSON|KANSAS CITY
JACKSON - 000224,8,0.0941273257,13.0836982742,139.0000000001,0,JACKSON,JACKSON|KANSAS CITY
JACKSON - 000224,11,0.9058726743,125.9163017258,139.0000000001,0,JACKSON,JACKSON|KANSAS CITY
JACKSON - 000226,11,1.0000000000,5.0000000001,5.0000000001,0,JACKSON,JACKSON|KANSAS CITY
JACKSON - 000228,11,1.0000000000,51.0000000007,51.0000000007,0,JACKSON,JACKSON|KANSAS CITY
JACKSON - 000229,8,1.0000000000,4.0000000000,4.0000000000,0,JACKSON,JACKSON|KANSAS CITY
JACKSON - 000230,11,1.0000000000,67.9999999999,67.9999999999,0,JACKSON,JACKSON|KANSAS CITY
JACKSON - 000231,8,0.0034531719,0.0759697818,22.0000000000,0,JACKSON,JACKSON|KANSAS CITY
JACKSON - 000231,11,0.9965468281,21.9240302182,22.0000000000,0,JACKSON,JACKSON|KANSAS CITY
JACKSON - 000232,11,1.0000000000,14.0000000000,14.0000000000,0,JACKSON,JACKSON|KANSAS CITY
JACKSON - 000233,11,1.0000000000,24.0000000000,24.0000000000,0,JACKSON,JACKSON|KANSAS CITY
JACKSON - 000234,11,1.0000000000,6.0000000000,6.0000000000,0,JACKSON,JACKSON|KANSAS CITY
JACKSON - 000235,11,1.0000000000,9.9999999997,9.9999999997,0,JACKSON,JACKSON|KANSAS CITY
JACKSON - 000236,8,1.0000000000,25.0000000001,25.0000000001,0,JACKSON,JACKSON|KANSAS CITY
JACKSON - 000237,8,0.8089339924,63.9057854007,79.0000000003,0,JACKSON,JACKSON|KANSAS CITY
JACKSON - 000237,11,0.1910660076,15.0942145996,79.0000000003,0,JACKSON,JACKSON|KANSAS CITY
JACKSON - 000238,8,0.8571428571,30.0000000004,35.0000000004,0,JACKSON,JACKSON|KANSAS CITY
JACKSON - 000238,11,0.1428571429,5.0000000000,35.0000000004,0,JACKSON,JACKSON|KANSAS CITY
JACKSON - 000240,8,1.0000000000,13.0000000000,13.0000000000,0,JACKSON,JACKSON|KANSAS CITY
JACKSON - 000241,8,0.6828294852,31.4101563176,46.0000000000,0,JACKSON,JACKSON|KANSAS CITY
JACKSON - 000241,11,0.3171705148,14.5898436824,46.0000000000,0,JACKSON,JACKSON|KANSAS CITY
JACKSON - 000242,8,1.0000000000,16.0000000000,16.0000000000,0,JACKSON,JACKSON|KANSAS CITY
JACKSON - 000243,8,0.7808092134,13.2737566278,16.9999999999,0,JACKSON,JACKSON|KANSAS CITY
JACKSON - 000243,11,0.2191907866,3.7262433721,16.9999999999,0,JACKSON,JACKSON|KANSAS CITY
JACKSON - 000244,8,1.0000000000,31.0000000000,31.0000000000,0,JACKSON,JACKSON|KANSAS CITY
JACKSON - 000245,8,0.9997194268,18.9946691085,18.9999999998,0,JACKSON,JACKSON|KANSAS CITY
JACKSON - 000245,31,0.0002805732,0.0053308913,18.9999999998,0,JACKSON,JACKSON|KANSAS CITY
JACKSON - 000246,8,1.0000000000,24.0000000000,24.0000000000,0,JACKSON,JACKSON|KANSAS CITY
JACKSON - 000247,8,1.0000000000,30.0000000000,30.0000000000,0,JACKSON,JACKSON|KANSAS CITY
JACKSON - 000248,8,0.9666477279,64.7653977702,67.0000000003,0,JACKSON,JACKSON|KANSAS CITY
JACKSON - 000248,31,0.0333522721,2.2346022301,67.0000000003,0,JACKSON,JACKSON|KANSAS CITY
JACKSON - 000249,8,1.0000000000,13.0000000002,13.0000000002,0,JACKSON,JACKSON|KANSAS CITY
JACKSON - 000250,8,1.0000000000,20.0000000001,20.0000000001,0,JACKSON,JACKSON|KANSAS CITY
JACKSON - 000251,8,1.0000000000,7.0000000000,7.0000000000,0,JACKSON,JACKSON|KANSAS CITY
JACKSON - 000252,8,1.0000000000,6.0000000000,6.0000000000,0,JACKSON,JACKSON|KANSAS CITY
JACKSON - 000253,8,1.0000000000,19.0000000001,19.0000000001,0,JACKSON,JACKSON|KANSAS CITY
JACKSON - 000254,7,1.0000000000,17.0000000002,17.0000000002,0,JACKSON,JACKSON|KANSAS CITY
JACKSON - 000255,7,1.0000000000,44.0000000000,44.0000000000,0,JACKSON,JACKSON|KANSAS CITY
JACKSON - 000256,7,1.0000000000,29.0000000000,29.0000000000,0,JACKSON,JACKSON|KANSAS CITY
JACKSON - 000257,7,1.0000000000,13.0000000000,13.0000000000,0,JACKSON,JACKSON|KANSAS CITY
JACKSON - 000258,7,1.0000000000,13.9999999999,13.9999999999,0,JACKSON,JACKSON|KANSAS CITY
JACKSON - 000259,7,1.0000000000,18.9999999999,18.9999999999,0,JACKSON,JACKSON|KANSAS CITY
JACKSON - 000260,7,1.0000000000,19.0000000000,19.0000000000,0,JACKSON,JACKSON|KANSAS CITY
JACKSON - 000261,7,1.0000000000,32.0000000002,32.0000000002,0,JACKSON,JACKSON|KANSAS CITY
JACKSON - 000262,7,1.0000000000,41.0000000001,41.0000000001,0,JACKSON,JACKSON|KANSAS CITY
JACKSON - 000263,7,0.9957504652,17.9235083734,17.9999999998,0,JACKSON,JACKSON|KANSAS CITY
JACKSON - 000263,8,0.0041638415,0.0749491472,17.9999999998,0,JACKSON,JACKSON|KANSAS CITY
JACKSON - 000263,9,0.0000856933,0.0015424792,17.9999999998,0,JACKSON,JACKSON|KANSAS CITY
JACKSON - 000264,7,1.0000000000,9.0000000000,9.0000000000,0,JACKSON,JACKSON|KANSAS CITY
JACKSON - 000265,7,1.0000000000,27.0000000000,27.0000000000,0,JACKSON,JACKSON|KANSAS CITY
JACKSON - 000266,7,1.0000000000,20.0000000000,20.0000000000,0,JACKSON,JACKSON|KANSAS CITY
JACKSON - 000267,7,1.0000000000,25.0000000000,25.0000000000,0,JACKSON,JACKSON|KANSAS CITY
JACKSON - 000268,7,1.0000000000,25.0000000000,25.0000000000,0,JACKSON,JACKSON|KANSAS CITY
JACKSON - 000269,7,1.0000000000,25.0000000000,25.0000000000,0,JACKSON,JACKSON|KANSAS CITY
JACKSON - 000270,7,1.0000000000,48.0000000001,48.0000000001,0,JACKSON,JACKSON|KANSAS CITY
JACKSON - 000271,7,1.0000000000,147.9999999997,147.9999999997,1,KANSAS CITY,KANSAS CITY|JACKSON
JACKSON - 000273,7,1.0000000000,39.0000000004,39.0000000004,1,KANSAS CITY,KANSAS CITY|JACKSON
JACKSON - 000274,7,1.0000000000,72.0000000000,72.0000000000,1,KANSAS CITY,KANSAS CITY|JACKSON
JACKSON - 000275,7,0.9413651919,102.6088059161,108.9999999997,1,KANSAS CITY,KANSAS CITY|JACKSON
JACKSON - 000275,9,0.0586348081,6.3911940836,108.9999999997,1,KANSAS CITY,KANSAS CITY|JACKSON
JACKSON - 000276,7,1.0000000000,67.0000000000,67.0000000000,1,KANSAS CITY,KANSAS CITY|JACKSON
JACKSON - 000277,7,0.9735634104,256.0471769328,262.9999999999,1,KANSAS CITY,KANSAS CITY|JACKSON
JACKSON - 000277,9,0.0264365896,6.9528230671,262.9999999999,1,KANSAS CITY,KANSAS CITY|JACKSON
JACKSON - 000279,7,1.0000000000,62.9999999995,62.9999999995,1,KANSAS CITY,KANSAS CITY|JACKSON
JACKSON - 000280,7,1.0000000000,32.0000000000,32.0000000000,1,KANSAS CITY,KANSAS CITY|JACKSON
JACKSON - 000281,7,1.0000000000,54.0000000000,54.0000000000,1,KANSAS CITY,KANSAS CITY|JACKSON
JACKSON - 000282,9,1.0000000000,55.0000000000,55.0000000000,1,KANSAS CITY,KANSAS CITY|JACKSON
JACKSON - 000285,7,1.0000000000,31.0000000000,31.0000000000,1,KANSAS CITY,KANSAS CITY|JACKSON
JACKSON - 000286,7,0.6512439293,8.4661710805,13.0000000000,1,KANSAS CITY,KANSAS CITY|JACKSON
JACKSON - 000286,9,0.3487560707,4.5338289195,13.0000000000,1,KANSAS CITY,KANSAS CITY|JACKSON
JACKSON - 000287,7,1.0000000000,30.9999999999,30.9999999999,1,KANSAS CITY,KANSAS CITY|JACKSON
JACKSON - 000289,7,1.0000000000,9.0000000000,9.0000000000,1,KANSAS CITY,KANSAS CITY|JACKSON
JACKSON - 000290,7,0.7268767093,12.3569040577,17.0000000001,1,KANSAS CITY,KANSAS CITY|JACKSON
JACKSON - 000290,9,0.2731232907,4.6430959424,17.0000000001,1,KANSAS CITY,KANSAS CITY|JACKSON
JACKSON - 000292,7,1.0000000000,58.0000000000,58.0000000000,1,KANSAS CITY,KANSAS CITY|JACKSON
JACKSON - 000293,7,1.0000000000,90.9999999998,90.9999999998,1,KANSAS CITY,KANSAS CITY|JACKSON
JACKSON - 000294,7,1.0000000000,59.0000000000,59.0000000000,1,KANSAS CITY,KANSAS CITY|JACKSON
JACKSON - 000297,7,1.0000000000,53.0000000000,53.0000000000,1,KANSAS CITY,KANSAS CITY|JACKSON
JACKSON - 000298,7,1.0000000000,33.0000000000,33.0000000000,1,KANSAS CITY,KANSAS CITY|JACKSON
JACKSON - 000299,7,1.0000000000,23.0000000000,23.0000000000,1,KANSAS CITY,KANSAS CITY|JACKSON
JACKSON - 000300,7,1.0000000000,12.0000000000,12.0000000000,1,KANSAS CITY,KANSAS CITY|JACKSON
JACKSON - 000301,7,0.7407407407,20.0000000000,27.0000000000,1,KANSAS CITY,KANSAS CITY|JACKSON
JACKSON - 000301,11,0.2592592593,7.0000000000,27.0000000000,1,KANSAS CITY,KANSAS CITY|JACKSON
JACKSON - 000302,11,1.0000000000,47.0000000001,47.0000000001,1,KANSAS CITY,KANSAS CITY|JACKSON
JACKSON - 000304,7,1.0000000000,15.0000000000,15.0000000000,1,KANSAS CITY,KANSAS CITY|JACKSON
JACKSON - 000305,7,1.0000000000,22.0000000000,22.0000000000,1,KANSAS CITY,KANSAS CITY|JACKSON
JACKSON - 000306,11,1.0000000000,48.0000000000,48.0000000000,1,KANSAS CITY,KANSAS CITY|JACKSON
JACKSON - 000308,7,0.3600000000,9.0000000000,25.0000000000,1,KANSAS CITY,KANSAS CITY|JACKSON
JACKSON - 000308,11,0.6400000000,16.0000000000,25.0000000000,1,KANSAS CITY,KANSAS CITY|JACKSON
JACKSON - 000309,7,0.8500000000,17.0000000000,20.0000000000,1,KANSAS CITY,KANSAS CITY|JACKSON
JACKSON - 000309,11,0.1500000000,3.0000000000,20.0000000000,1,KANSAS CITY,KANSAS CITY|JACKSON
JACKSON - 000310,11,1.0000000000,171.0000000001,171.0000000001,1,KANSAS CITY,KANSAS CITY|JACKSON
JACKSON - 000311,7,0.6842105263,26.0000000001,38.0000000001,1,KANSAS CITY,KANSAS CITY|JACKSON
JACKSON - 000311,11,0.3157894737,12.0000000000,38.0000000001,1,KANSAS CITY,KANSAS CITY|JACKSON
JACKSON - 000312,11,1.0000000000,53.0000000000,53.0000000000,1,KANSAS CITY,KANSAS CITY|JACKSON
JACKSON - 000313,11,1.0000000000,41.9999999999,41.9999999999,1,KANSAS CITY,KANSAS CITY|JACKSON
JACKSON - 000314,7,1.0000000000,48.0000000000,48.0000000000,1,KANSAS CITY,KANSAS CITY|JACKSON
JACKSON - 000315,9,0.1355932203,8.0000000000,59.0000000000,1,KANSAS CITY,KANSAS CITY|JACKSON
JACKSON - 000315,11,0.8644067797,51.0000000000,59.0000000000,1,KANSAS CITY,KANSAS CITY|JACKSON
JACKSON - 000316,9,0.0851063830,4.0000000000,46.9999999999,1,KANSAS CITY,KANSAS CITY|JACKSON
JACKSON - 000316,11,0.9148936170,42.9999999999,46.9999999999,1,KANSAS CITY,KANSAS CITY|JACKSON
JACKSON - 000317,9,1.0000000000,69.0000000000,69.0000000000,1,KANSAS CITY,KANSAS CITY|JACKSON
JACKSON - 000319,9,1.0000000000,24.0000000000,24.0000000000,1,KANSAS CITY,KANSAS CITY|JACKSON
JACKSON - 000320,9,1.0000000000,33.0000000000,33.0000000000,1,KANSAS CITY,KANSAS CITY|JACKSON
JACKSON - 000322,9,1.0000000000,21.0000000000,21.0000000000,1,KANSAS CITY,KANSAS CITY|JACKSON
JACKSON - 000323,9,1.0000000000,44.0000000000,44.0000000000,1,KANSAS CITY,KANSAS CITY|JACKSON
JACKSON - 000324,9,1.0000000000,47.0000000000,47.0000000000,1,KANSAS CITY,KANSAS CITY|JACKSON
JACKSON - 000326,9,1.0000000000,33.0000000000,33.0000000000,1,KANSAS CITY,KANSAS CITY|JACKSON
JACKSON - 000328,9,1.0000000000,47.0000000000,47.0000000000,1,KANSAS CITY,KANSAS CITY|JACKSON
JACKSON - 000330,9,1.0000000000,35.0000000000,35.0000000000,1,KANSAS CITY,KANSAS CITY|JACKSON
JACKSON - 000331,9,1.0000000000,16.0000000000,16.0000000000,1,KANSAS CITY,KANSAS CITY|JACKSON
JACKSON - 000332,9,1.0000000000,20.0000000000,20.0000000000,1,KANSAS CITY,KANSAS CITY|JACKSON
JACKSON - 000334,9,1.0000000000,14.0000000000,14.0000000000,1,KANSAS CITY,KANSAS CITY|JACKSON
JACKSON - 000335,9,1.0000000000,26.0000000000,26.0000000000,1,KANSAS CITY,KANSAS CITY|JACKSON
JACKSON - 000337,9,1.0000000000,22.0000000000,22.0000000000,1,KANSAS CITY,KANSAS CITY|JACKSON
JACKSON - 000338,9,1.0000000000,14.0000000000,14.0000000000,1,KANSAS CITY,KANSAS CITY|JACKSON
JACKSON - 000340,9,1.0000000000,43.0000000000,43.0000000000,1,KANSAS CITY,KANSAS CITY|JACKSON
JACKSON - 000344,9,1.0000000000,82.0000000001,82.0000000001,1,KANSAS CITY,KANSAS CITY|JACKSON
JACKSON - 000345,9,1.0000000000,20.0000000000,20.0000000000,1,KANSAS CITY,KANSAS CITY|JACKSON
JACKSON - 000346,9,1.0000000000,25.0000000000,25.0000000000,1,KANSAS CITY,KANSAS CITY|JACKSON
JACKSON - 000347,9,1.0000000000,48.0000000000,48.0000000000,1,KANSAS CITY,KANSAS CITY|JACKSON
JACKSON - 000349,9,1.0000000000,34.0000000000,34.0000000000,1,KANSAS CITY,KANSAS CITY|JACKSON
JACKSON - 000352,9,1.0000000000,32.9999999999,32.9999999999,1,KANSAS CITY,KANSAS CITY|JACKSON
JACKSON - 000357,9,1.0000000000,28.0000000000,28.0000000000,1,KANSAS CITY,KANSAS CITY|JACKSON
JACKSON - 000358,9,1.0000000000,15.0000000000,15.0000000000,1,KANSAS CITY,KANSAS CITY|JACKSON
JACKSON - 000361,9,1.0000000000,25.0000000000,25.0000000000,1,KANSAS CITY,KANSAS CITY|JACKSON
JACKSON - 000362,9,1.0000000000,27.0000000000,27.0000000000,1,KANSAS CITY,KANSAS CITY|JACKSON
JACKSON - 000365,9,1.0000000000,18.0000000000,18.0000000000,1,KANSAS CITY,KANSAS CITY|JACKSON
JACKSON - 000367,9,1.0000000000,31.0000000002,31.0000000002,1,KANSAS CITY,KANSAS CITY|JACKSON
JACKSON - 000369,9,1.0000000000,34.0000000000,34.0000000000,1,KANSAS CITY,KANSAS CITY|JACKSON
JACKSON - 000372,9,1.0000000000,23.0000000000,23.0000000000,1,KANSAS CITY,KANSAS CITY|JACKSON
JACKSON - 000373,9,1.0000000000,26.0000000000,26.0000000000,1,KANSAS CITY,KANSAS CITY|JACKSON
JACKSON - 000374,9,1.0000000000,95.0000000000,95.0000000000,1,KANSAS CITY,KANSAS CITY|JACKSON
JACKSON - 000375,9,1.0000000000,37.0000000000,37.0000000000,1,KANSAS CITY,KANSAS CITY|JACKSON
JACKSON - 000377,9,1.0000000000,20.0000000000,20.0000000000,1,KANSAS CITY,KANSAS CITY|JACKSON
JACKSON - 000378,9,1.0000000000,1.0000000000,1.0000000000,1,KANSAS CITY,KANSAS CITY|JACKSON
JACKSON - 000379,9,1.0000000000,19.0000000000,19.0000000000,1,KANSAS CITY,KANSAS CITY|JACKSON
JACKSON - 000380,9,1.0000000000,27.0000000000,27.0000000000,1,KANSAS CITY,KANSAS CITY|JACKSON
JACKSON - 000381,9,1.0000000000,32.0000000000,32.0000000000,1,KANSAS CITY,KANSAS CITY|JACKSON
JACKSON - 000382,9,1.0000000000,31.0000000000,31.0000000000,1,KANSAS CITY,KANSAS CITY|JACKSON
JACKSON - 000383,9,1.0000000000,28.0000000000,28.0000000000,1,KANSAS CITY,KANSAS CITY|JACKSON
JACKSON - 000384,9,1.0000000000,43.0000000000,43.0000000000,1,KANSAS CITY,KANSAS CITY|JACKSON
JACKSON - 000386,9,1.0000000000,25.0000000000,25.0000000000,1,KANSAS CITY,KANSAS CITY|JACKSON
JACKSON - 000387,9,1.0000000000,36.0000000000,36.0000000000,1,KANSAS CITY,KANSAS CITY|JACKSON
JACKSON - 000388,9,1.0000000000,26.9999999997,26.9999999997,1,KANSAS CITY,KANSAS CITY|JACKSON
JACKSON - 000389,7,1.0000000000,34.0000000000,34.0000000000,1,KANSAS CITY,KANSAS CITY|JACKSON
JACKSON - 000390,9,1.0000000000,56.0000000000,56.0000000000,1,KANSAS CITY,KANSAS CITY|JACKSON
JACKSON - 000391,9,1.0000000000,21.0000000000,21.0000000000,1,KANSAS CITY,KANSAS CITY|JACKSON
JACKSON - 000392,9,1.0000000000,8.0000000000,8.0000000000,1,KANSAS CITY,KANSAS CITY|JACKSON
JACKSON - 000393,9,1.0000000000,23.0000000001,23.0000000001,1,KANSAS CITY,KANSAS CITY|JACKSON
JACKSON - 000395,9,1.0000000000,8.0000000000,8.0000000000,1,KANSAS CITY,KANSAS CITY|JACKSON
JACKSON - 000396,9,1.0000000000,7.0000000000,7.0000000000,1,KANSAS CITY,KANSAS CITY|JACKSON
JACKSON - 000399,9,1.0000000000,65.0000000001,65.0000000001,1,KANSAS CITY,KANSAS CITY|JACKSON
JACKSON - 000400,9,1.0000000000,25.0000000000,25.0000000000,1,KANSAS CITY,KANSAS CITY|JACKSON
JACKSON - 000401,9,1.0000000000,28.9999999999,28.9999999999,1,KANSAS CITY,KANSAS CITY|JACKSON
JACKSON - 000402,7,1.0000000000,54.0000000000,54.0000000000,1,KANSAS CITY,KANSAS CITY|JACKSON
JACKSON - 000403,9,1.0000000000,30.0000000000,30.0000000000,1,KANSAS CITY,KANSAS CITY|JACKSON
JACKSON - 000404,7,0.3503033619,24.1709319684,69.0000000000,1,KANSAS CITY,KANSAS CITY|JACKSON
JACKSON - 000404,9,0.6496966381,44.8290680316,69.0000000000,1,KANSAS CITY,KANSAS CITY|JACKSON
JACKSON - 000405,7,1.0000000000,32.0000000000,32.0000000000,1,KANSAS CITY,KANSAS CITY|JACKSON
JACKSON - 000408,9,1.0000000000,48.0000000001,48.0000000001,1,KANSAS CITY,KANSAS CITY|JACKSON
JACKSON - 000410,7,0.2916666667,14.0000000000,48.0000000001,1,KANSAS CITY,KANSAS CITY|JACKSON
JACKSON - 000410,9,0.7083333333,34.0000000001,48.0000000001,1,KANSAS CITY,KANSAS CITY|JACKSON
JACKSON - 000411,9,1.0000000000,92.9999999999,92.9999999999,1,KANSAS CITY,KANSAS CITY|JACKSON
JACKSON - 000412,9,1.0000000000,48.9999999999,48.9999999999,1,KANSAS CITY,KANSAS CITY|JACKSON
JACKSON - 000414,9,1.0000000000,42.9999999998,42.9999999998,1,KANSAS CITY,KANSAS CITY|JACKSON
JACKSON - 000417,9,1.0000000000,27.0000000000,27.0000000000,1,KANSAS CITY,KANSAS CITY|JACKSON
JACKSON - 000418,7,0.3829135130,10.7215783647,27.9999999999,1,KANSAS CITY,KANSAS CITY|JACKSON
JACKSON - 000418,9,0.6170864870,17.2784216352,27.9999999999,1,KANSAS CITY,KANSAS CITY|JACKSON
JACKSON - 000419,7,0.9938270220,54.6604862094,55.0000000000,1,KANSAS CITY,KANSAS CITY|JACKSON
JACKSON - 000419,9,0.0061729780,0.3395137906,55.0000000000,1,KANSAS CITY,KANSAS CITY|JACKSON
JACKSON - 000422,7,1.0000000000,16.9999999999,16.9999999999,1,KANSAS CITY,KANSAS CITY|JACKSON
JACKSON - 000423,7,1.0000000000,25.0000000000,25.0000000000,1,KANSAS CITY,KANSAS CITY|JACKSON
JACKSON - 000424,7,1.0000000000,16.0000000000,16.0000000000,1,KANSAS CITY,KANSAS CITY|JACKSON
JACKSON - 000425,7,1.0000000000,43.9999999999,43.9999999999,1,KANSAS CITY,KANSAS CITY|JACKSON
JACKSON - 000426,7,1.0000000000,37.9999999999,37.9999999999,1,KANSAS CITY,KANSAS CITY|JACKSON
JACKSON - 000427,7,1.0000000000,17.0000000000,17.0000000000,1,KANSAS CITY,KANSAS CITY|JACKSON
JACKSON - 000429,7,1.0000000000,67.0000000002,67.0000000002,1,KANSAS CITY,KANSAS CITY|JACKSON
JACKSON - 000431,7,1.0000000000,31.9999999999,31.9999999999,1,KANSAS CITY,KANSAS CITY|JACKSON
JACKSON - 000432,7,1.0000000000,12.0000000000,12.0000000000,1,KANSAS CITY,KANSAS CITY|JACKSON
JACKSON - 000434,7,1.0000000000,43.0000000000,43.0000000000,1,KANSAS CITY,KANSAS CITY|JACKSON
JACKSON - 000435,7,1.0000000000,26.0000000000,26.0000000000,1,KANSAS CITY,KANSAS CITY|JACKSON
JACKSON - 000436,7,1.0000000000,31.0000000000,31.0000000000,1,KANSAS CITY,KANSAS CITY|JACKSON
JACKSON - 000438,11,1.0000000000,38.9999999999,38.9999999999,1,KANSAS CITY,KANSAS CITY|JACKSON
JACKSON - 000440,9,1.0000000000,44.0000000000,44.0000000000,1,KANSAS CITY,KANSAS CITY|JACKSON
JACKSON - 000442,9,1.0000000000,19.0000000000,19.0000000000,1,KANSAS CITY,KANSAS CITY|JACKSON
JACKSON - 000443,9,1.0000000000,11.0000000000,11.0000000000,1,KANSAS CITY,KANSAS CITY|JACKSON
JACKSON - 000445,9,0.9979367662,34.9277868186,35.0000000000,1,KANSAS CITY,KANSAS CITY|JACKSON
JACKSON - 000445,11,0.0020632338,0.0722131814,35.0000000000,1,KANSAS CITY,KANSAS CITY|JACKSON
JACKSON - 000446,9,1.0000000000,1.0000000000,1.0000000000,1,KANSAS CITY,KANSAS CITY|JACKSON
JACKSON - 000447,9,1.0000000000,33.0000000000,33.0000000000,1,KANSAS CITY,KANSAS CITY|JACKSON
JACKSON - 000448,9,0.9857744670,20.7012638077,20.9999999999,1,KANSAS CITY,KANSAS CITY|JACKSON
JACKSON - 000448,11,0.0142255330,0.2987361922,20.9999999999,1,KANSAS CITY,KANSAS CITY|JACKSON
JACKSON - 000449,9,1.0000000000,41.0000000000,41.0000000000,1,KANSAS CITY,KANSAS CITY|JACKSON
JACKSON - 000450,9,1.0000000000,48.0000000000,48.0000000000,1,KANSAS CITY,KANSAS CITY|JACKSON
JACKSON - 000452,9,1.0000000000,30.0000000000,30.0000000000,1,KANSAS CITY,KANSAS CITY|JACKSON
JACKSON - 000453,9,1.0000000000,25.0000000000,25.0000000000,1,KANSAS CITY,KANSAS CITY|JACKSON
JACKSON - 000454,9,1.0000000000,8.0000000000,8.0000000000,1,KANSAS CITY,KANSAS CITY|JACKSON
JACKSON - 000455,9,1.0000000000,14.0000000000,14.0000000000,1,KANSAS CITY,KANSAS CITY|JACKSON
JACKSON - 000456,9,1.0000000000,7.0000000000,7.0000000000,1,KANSAS CITY,KANSAS CITY|JACKSON
JACKSON - 000457,9,1.0000000000,14.0000000000,14.0000000000,1,KANSAS CITY,KANSAS CITY|JACKSON
JACKSON - 000458,8,0.1804476481,1.9849241287,11.0000000000,1,KANSAS CITY,KANSAS CITY|JACKSON
JACKSON - 000458,9,0.8195523519,9.0150758713,11.0000000000,1,KANSAS CITY,KANSAS CITY|JACKSON
JACKSON - 000459,9,1.0000000000,17.0000000000,17.0000000000,1,KANSAS CITY,KANSAS CITY|JACKSON
JACKSON - 000460,8,0.0202376438,0.1619011505,8.0000000000,1,KANSAS CITY,KANSAS CITY|JACKSON
JACKSON - 000460,9,0.9797623562,7.8380988495,8.0000000000,1,KANSAS CITY,KANSAS CITY|JACKSON
JACKSON - 000461,9,1.0000000000,13.0000000000,13.0000000000,1,KANSAS CITY,KANSAS CITY|JACKSON
JACKSON - 000462,9,1.0000000000,6.0000000000,6.0000000000,1,KANSAS CITY,KANSAS CITY|JACKSON
JACKSON - 000463,9,1.0000000000,14.0000000000,14.0000000000,1,KANSAS CITY,KANSAS CITY|JACKSON
JACKSON - 000464,9,1.0000000000,28.0000000000,28.0000000000,1,KANSAS CITY,KANSAS CITY|JACKSON
JACKSON - 000467,9,0.9858340178,82.8100574939,84.0000000001,1,KANSAS CITY,KANSAS CITY|JACKSON
JACKSON - 000467,11,0.0141659822,1.1899425062,84.0000000001,1,KANSAS CITY,KANSAS CITY|JACKSON
JACKSON - 000470,8,0.0922704234,1.0149746572,11.0000000000,1,KANSAS CITY,KANSAS CITY|JACKSON
JACKSON - 000470,9,0.9077295766,9.9850253428,11.0000000000,1,KANSAS CITY,KANSAS CITY|JACKSON
JACKSON - 000471,8,0.1541164196,4.3152597497,28.0000000000,1,KANSAS CITY,KANSAS CITY|JACKSON
JACKSON - 000471,9,0.8458835804,23.6847402503,28.0000000000,1,KANSAS CITY,KANSAS CITY|JACKSON
JACKSON - 000472,9,1.0000000000,8.0000000000,8.0000000000,1,KANSAS CITY,KANSAS CITY|JACKSON
JACKSON - 000473,9,1.0000000000,25.0000000000,25.0000000000,1,KANSAS CITY,KANSAS CITY|JACKSON
JACKSON - 000474,8,0.1039260671,3.1177820125,30.0000000000,1,KANSAS CITY,KANSAS CITY|JACKSON
JACKSON - 000474,9,0.8960739329,26.8822179875,30.0000000000,1,KANSAS CITY,KANSAS CITY|JACKSON
JACKSON - 000475,7,0.8271374939,29.7769497792,36.0000000000,1,KANSAS CITY,KANSAS CITY|JACKSON
JACKSON - 000475,8,0.1728625061,6.2230502208,36.0000000000,1,KANSAS CITY,KANSAS CITY|JACKSON
JACKSON - 000476,7,1.0000000000,3.0000000000,3.0000000000,1,KANSAS CITY,KANSAS CITY|JACKSON
JACKSON - 000477,9,1.0000000000,4.0000000000,4.0000000000,1,KANSAS CITY,KANSAS CITY|JACKSON
JACKSON - 000478,8,0.2611265195,15.4064646530,59.0000000001,1,KANSAS CITY,KANSAS CITY|JACKSON
JACKSON - 000478,9,0.7388734805,43.5935353471,59.0000000001,1,KANSAS CITY,KANSAS CITY|JACKSON
JACKSON - 000480,9,1.0000000000,15.0000000000,15.0000000000,1,KANSAS CITY,KANSAS CITY|JACKSON
JACKSON - 000481,9,1.0000000000,19.0000000000,19.0000000000,1,KANSAS CITY,KANSAS CITY|JACKSON
JACKSON - 000482,9,1.0000000000,20.0000000000,20.0000000000,1,KANSAS CITY,KANSAS CITY|JACKSON
JACKSON - 000483,7,0.0452513101,0.9955288227,22.0000000000,1,KANSAS CITY,KANSAS CITY|JACKSON
JACKSON - 000483,9,0.9547486899,21.0044711773,22.0000000000,1,KANSAS CITY,KANSAS CITY|JACKSON
JACKSON - 000484,7,0.8823529412,15.0000000000,17.0000000000,1,KANSAS CITY,KANSAS CITY|JACKSON
JACKSON - 000484,9,0.1176470588,2.0000000000,17.0000000000,1,KANSAS CITY,KANSAS CITY|JACKSON
JACKSON - 000485,9,1.0000000000,42.9999999999,42.9999999999,1,KANSAS CITY,KANSAS CITY|JACKSON
JACKSON - 000486,9,1.0000000000,11.0000000000,11.0000000000,1,KANSAS CITY,KANSAS CITY|JACKSON
JACKSON - 000487,7,0.4166666667,10.0000000000,24.0000000000,1,KANSAS CITY,KANSAS CITY|JACKSON
JACKSON - 000487,9,0.5833333333,14.0000000000,24.0000000000,1,KANSAS CITY,KANSAS CITY|JACKSON
JACKSON - 000491,9,1.0000000000,18.0000000000,18.0000000000,1,KANSAS CITY,KANSAS CITY|JACKSON
JACKSON - 000492,9,1.0000000000,29.0000000000,29.0000000000,1,KANSAS CITY,KANSAS CITY|JACKSON
JACKSON - 000494,9,1.0000000000,28.9999999998,28.9999999998,1,KANSAS CITY,KANSAS CITY|JACKSON
JACKSON - 000496,9,1.0000000000,25.0000000000,25.0000000000,1,KANSAS CITY,KANSAS CITY|JACKSON
JACKSON - 000497,9,1.0000000000,17.0000000000,17.0000000000,1,KANSAS CITY,KANSAS CITY|JACKSON
JACKSON - 000500,9,1.0000000000,14.0000000000,14.0000000000,1,KANSAS CITY,KANSAS CITY|JACKSON
JACKSON - 000502,9,1.0000000000,8.0000000000,8.0000000000,1,KANSAS CITY,KANSAS CITY|JACKSON
JACKSON - 000503,9,1.0000000000,10.0000000000,10.0000000000,1,KANSAS CITY,KANSAS CITY|JACKSON
JACKSON - 000504,9,1.0000000000,30.0000000000,30.0000000000,1,KANSAS CITY,KANSAS CITY|JACKSON
JACKSON - 000505,9,1.0000000000,50.0000000000,50.0000000000,1,KANSAS CITY,KANSAS CITY|JACKSON
JACKSON - 000508,9,1.0000000000,16.0000000000,16.0000000000,1,KANSAS CITY,KANSAS CITY|JACKSON
JACKSON - 000509,9,1.0000000000,86.0000000000,86.0000000000,1,KANSAS CITY,KANSAS CITY|JACKSON
JACKSON - 000510,7,1.0000000000,43.0000000000,43.0000000000,1,KANSAS CITY,KANSAS CITY|JACKSON
JACKSON - 000512,7,1.0000000000,38.0000000000,38.0000000000,1,KANSAS CITY,KANSAS CITY|JACKSON
JACKSON - 000514,7,1.0000000000,16.0000000000,16.0000000000,1,KANSAS CITY,KANSAS CITY|JACKSON
JACKSON - 000515,7,1.0000000000,22.0000000000,22.0000000000,1,KANSAS CITY,KANSAS CITY|JACKSON
JACKSON - 000516,7,1.0000000000,22.0000000000,22.0000000000,1,KANSAS CITY,KANSAS CITY|JACKSON
JACKSON - 000517,7,1.0000000000,18.0000000000,18.0000000000,1,KANSAS CITY,KANSAS CITY|JACKSON
JACKSON - 000518,7,1.0000000000,14.0000000000,14.0000000000,1,KANSAS CITY,KANSAS CITY|JACKSON
JACKSON - 000520,7,1.0000000000,12.0000000001,12.0000000001,1,KANSAS CITY,KANSAS CITY|JACKSON
JACKSON - 000521,7,1.0000000000,49.9999999999,49.9999999999,1,KANSAS CITY,KANSAS CITY|JACKSON
JACKSON - 000522,7,1.0000000000,36.0000000000,36.0000000000,1,KANSAS CITY,KANSAS CITY|JACKSON
JACKSON - 000523,7,1.0000000000,47.0000000000,47.0000000000,1,KANSAS CITY,KANSAS CITY|JACKSON
JACKSON - 000525,7,1.0000000000,35.0000000000,35.0000000000,1,KANSAS CITY,KANSAS CITY|JACKSON
JACKSON - 000527,7,1.0000000000,26.0000000000,26.0000000000,1,KANSAS CITY,KANSAS CITY|JACKSON
JACKSON - 000528,7,1.0000000000,43.0000000000,43.0000000000,1,KANSAS CITY,KANSAS CITY|JACKSON
JACKSON - 000529,7,1.0000000000,3.0000000000,3.0000000000,1,KANSAS CITY,KANSAS CITY|JACKSON
JACKSON - 000530,7,1.0000000000,97.0000000000,97.0000000000,1,KANSAS CITY,KANSAS CITY|JACKSON
JACKSON - 000532,7,1.0000000000,22.0000000000,22.0000000000,1,KANSAS CITY,KANSAS CITY|JACKSON
JACKSON - 000533,7,1.0000000000,57.0000000000,57.0000000000,1,KANSAS CITY,KANSAS CITY|JACKSON
JACKSON - 000534,7,1.0000000000,23.0000000000,23.0000000000,1,KANSAS CITY,KANSAS CITY|JACKSON
JACKSON - 000535,7,1.0000000000,64.0000000000,64.0000000000,1,KANSAS CITY,KANSAS CITY|JACKSON
JACKSON - 000538,7,1.0000000000,7.0000000000,7.0000000000,1,KANSAS CITY,KANSAS CITY|JACKSON
JACKSON - 000539,7,1.0000000000,12.0000000000,12.0000000000,1,KANSAS CITY,KANSAS CITY|JACKSON
JACKSON - 000540,7,1.0000000000,17.0000000000,17.0000000000,1,KANSAS CITY,KANSAS CITY|JACKSON
JACKSON - 000541,7,1.0000000000,29.0000000000,29.0000000000,1,KANSAS CITY,KANSAS CITY|JACKSON
JACKSON - 000543,9,1.0000000000,36.9999999999,36.9999999999,1,KANSAS CITY,KANSAS CITY|JACKSON
JACKSON - 000545,9,1.0000000000,22.0000000000,22.0000000000,1,KANSAS CITY,KANSAS CITY|JACKSON
JACKSON - 000546,9,1.0000000000,57.9999999999,57.9999999999,1,KANSAS CITY,KANSAS CITY|JACKSON
JACKSON - 000547,9,1.0000000000,30.0000000000,30.0000000000,1,KANSAS CITY,KANSAS CITY|JACKSON
JACKSON - 000548,9,1.0000000000,25.0000000000,25.0000000000,1,KANSAS CITY,KANSAS CITY|JACKSON
JACKSON - 000549,9,1.0000000000,24.0000000000,24.0000000000,1,KANSAS CITY,KANSAS CITY|JACKSON
JACKSON - 000551,9,1.0000000000,12.0000000000,12.0000000000,1,KANSAS CITY,KANSAS CITY|JACKSON
JACKSON - 000552,9,1.0000000000,16.0000000000,16.0000000000,1,KANSAS CITY,KANSAS CITY|JACKSON
JACKSON - 000553,9,1.0000000000,30.0000000000,30.0000000000,1,KANSAS CITY,KANSAS CITY|JACKSON
JACKSON - 000558,7,1.0000000000,64.0000000000,64.0000000000,1,KANSAS CITY,KANSAS CITY|JACKSON
JACKSON - 000559,7,0.5609756098,23.0000000000,41.0000000000,1,KANSAS CITY,KANSAS CITY|JACKSON
JACKSON - 000559,9,0.4390243902,18.0000000000,41.0000000000,1,KANSAS CITY,KANSAS CITY|JACKSON
JACKSON - 000563,7,1.0000000000,44.0000000000,44.0000000000,1,KANSAS CITY,KANSAS CITY|JACKSON
JACKSON - 000564,7,1.0000000000,40.0000000000,40.0000000000,1,KANSAS CITY,KANSAS CITY|JACKSON
JACKSON - 000565,7,1.0000000000,29.0000000000,29.0000000000,1,KANSAS CITY,KANSAS CITY|JACKSON
JACKSON - 000567,7,1.0000000000,60.0000000000,60.0000000000,1,KANSAS CITY,KANSAS CITY|JACKSON
JACKSON - 000568,7,0.9487179487,37.0000000000,39.0000000000,1,KANSAS CITY,KANSAS CITY|JACKSON
JACKSON - 000568,9,0.0512820513,2.0000000000,39.0000000000,1,KANSAS CITY,KANSAS CITY|JACKSON
JACKSON - 000569,7,1.0000000000,31.0000000000,31.0000000000,1,KANSAS CITY,KANSAS CITY|JACKSON
JACKSON - 000571,7,1.0000000000,30.0000000000,30.0000000000,1,KANSAS CITY,KANSAS CITY|JACKSON
JACKSON - 000572,9,1.0000000000,18.0000000000,18.0000000000,1,KANSAS CITY,KANSAS CITY|JACKSON
JACKSON - 000573,7,1.0000000000,45.0000000000,45.0000000000,1,KANSAS CITY,KANSAS CITY|JACKSON
JACKSON - 000574,7,1.0000000000,10.0000000000,10.0000000000,1,KANSAS CITY,KANSAS CITY|JACKSON
JACKSON - 000575,7,0.6842105263,26.0000000000,38.0000000000,1,KANSAS CITY,KANSAS CITY|JACKSON
JACKSON - 000575,9,0.3157894737,12.0000000000,38.0000000000,1,KANSAS CITY,KANSAS CITY|JACKSON
JACKSON - 000577,7,1.0000000000,48.0000000000,48.0000000000,1,KANSAS CITY,KANSAS CITY|JACKSON
JACKSON - 000579,7,1.0000000000,92.0000000001,92.0000000001,1,KANSAS CITY,KANSAS CITY|JACKSON
JACKSON - 000581,11,1.0000000000,34.0000000001,34.0000000001,0,JACKSON,JACKSON|KANSAS CITY
JASPER - 000002,32,1.0000000000,38.0000000000,38.0000000000,0,JASPER,JASPER
JASPER - 000003,32,1.0000000000,132.9999999998,132.9999999998,0,JASPER,JASPER
JASPER - 000004,32,1.0000000000,70.9999999999,70.9999999999,0,JASPER,JASPER
JASPER - 000005,32,1.0000000000,100.0000000001,100.0000000001,0,JASPER,JASPER
JASPER - 000006,32,1.0000000000,22.9999999998,22.9999999998,0,JASPER,JASPER
JASPER - 000007,32,1.0000000000,27.0000000001,27.0000000001,0,JASPER,JASPER
JASPER - 000008,32,1.0000000000,133.9999999998,133.9999999998,0,JASPER,JASPER
JASPER - 000009,32,1.0000000000,52.0000000000,52.0000000000,0,JASPER,JASPER
JASPER - 000010,32,1.0000000000,40.0000000000,40.0000000000,0,JASPER,JASPER
JASPER - 000011,32,1.0000000000,110.9999999998,110.9999999998,0,JASPER,JASPER
JASPER - 000012,32,1.0000000000,77.0000000000,77.0000000000,0,JASPER,JASPER
JASPER - 000013,32,1.0000000000,59.0000000000,59.0000000000,0,JASPER,JASPER
JASPER - 000014,32,1.0000000000,58.0000000000,58.0000000000,0,JASPER,JASPER
JASPER - 000015,32,1.0000000000,26.0000000000,26.0000000000,0,JASPER,JASPER
JASPER - 000016,32,1.0000000000,41.0000000000,41.0000000000,0,JASPER,JASPER
JASPER - 000017,32,1.0000000000,34.0000000000,34.0000000000,0,JASPER,JASPER
JASPER - 000018,32,1.0000000000,44.0000000000,44.0000000000,0,JASPER,JASPER
JASPER - 000019,32,1.0000000000,90.0000000000,90.0000000000,0,JASPER,JASPER
JASPER - 000020,32,1.0000000000,54.9999999999,54.9999999999,0,JASPER,JASPER
JASPER - 000021,32,1.0000000000,72.0000000001,72.0000000001,0,JASPER,JASPER
JASPER - 000022,32,1.0000000000,56.0000000000,56.0000000000,0,JASPER,JASPER
JASPER - 000023,32,1.0000000000,137.9999999997,137.9999999997,0,JASPER,JASPER
JASPER - 000024,32,1.0000000000,92.0000000003,92.0000000003,0,JASPER,JASPER
JASPER - 000025,32,1.0000000000,149.9999999999,149.9999999999,0,JASPER,JASPER
JASPER - 000026,32,1.0000000000,189.0000000000,189.0000000000,0,JASPER,JASPER
JASPER - 000027,32,1.0000000000,103.0000000000,103.0000000000,0,JASPER,JASPER
JASPER - 000028,32,1.0000000000,57.0000000001,57.0000000001,0,JASPER,JASPER
JASPER - 000029,32,1.0000000000,55.0000000000,55.0000000000,0,JASPER,JASPER
JASPER - 000030,32,1.0000000000,56.0000000000,56.0000000000,0,JASPER,JASPER
JASPER - 000031,32,1.0000000000,118.0000000000,118.0000000000,0,JASPER,JASPER
JASPER - 000032,32,1.0000000000,70.9999999999,70.9999999999,0,JASPER,JASPER
JASPER - 000033,32,1.0000000000,68.0000000000,68.0000000000,0,JASPER,JASPER
JASPER - 000034,32,1.0000000000,83.0000000000,83.0000000000,0,JASPER,JASPER
JASPER - 000035,32,1.0000000000,66.0000000000,66.0000000000,0,JASPER,JASPER
JASPER - 000036,32,1.0000000000,84.0000000000,84.0000000000,0,JASPER,JASPER
JASPER - 000037,32,1.0000000000,61.0000000000,61.0000000000,0,JASPER,JASPER
JASPER - 000038,32,1.0000000000,78.0000000000,78.0000000000,0,JASPER,JASPER
JASPER - 000039,32,1.0000000000,40.0000000000,40.0000000000,0,JASPER,JASPER
JASPER - 000040,32,1.0000000000,29.0000000000,29.0000000000,0,JASPER,JASPER
JASPER - 000041,32,1.0000000000,38.0000000000,38.0000000000,0,JASPER,JASPER
JASPER - 000042,32,1.0000000000,49.0000000000,49.0000000000,0,JASPER,JASPER
JASPER - 000043,32,1.0000000000,94.0000000001,94.0000000001,0,JASPER,JASPER
JASPER - 000044,32,1.0000000000,103.0000000000,103.0000000000,0,JASPER,JASPER
JASPER - 000045,32,1.0000000000,59.0000000000,59.0000000000,0,JASPER,JASPER
JASPER - 000046,32,1.0000000000,39.0000000000,39.0000000000,0,JASPER,JASPER
JASPER - 000047,32,1.0000000000,41.0000000000,41.0000000000,0,JASPER,JASPER
JASPER - 000048,32,1.0000000000,59.0000000000,59.0000000000,0,JASPER,JASPER
JASPER - 000049,32,1.0000000000,93.0000000000,93.0000000000,0,JASPER,JASPER
JASPER - 000050,32,1.0000000000,45.0000000000,45.0000000000,0,JASPER,JASPER
JASPER - 000051,32,1.0000000000,110.9999999999,110.9999999999,0,JASPER,JASPER
JASPER - 000052,32,1.0000000000,80.0000000000,80.0000000000,0,JASPER,JASPER
JASPER - 000053,32,1.0000000000,119.9999999999,119.9999999999,0,JASPER,JASPER
JASPER - 000054,32,1.0000000000,56.9999999999,56.9999999999,0,JASPER,JASPER
JASPER - 000055,32,1.0000000000,141.0000000000,141.0000000000,0,JASPER,JASPER
JASPER - 000056,32,1.0000000000,67.0000000000,67.0000000000,0,JASPER,JASPER
JASPER - 000057,32,1.0000000000,34.0000000000,34.0000000000,0,JASPER,JASPER
JASPER - 000058,32,1.0000000000,53.0000000000,53.0000000000,0,JASPER,JASPER
JASPER - 000059,32,1.0000000000,89.0000000000,89.0000000000,0,JASPER,JASPER
JASPER - 000060,32,1.0000000000,47.9999999999,47.9999999999,0,JASPER,JASPER
JASPER - 000061,32,1.0000000000,82.0000000001,82.0000000001,0,JASPER,JASPER
JASPER - 000062,32,1.0000000000,61.0000000000,61.0000000000,0,JASPER,JASPER
JASPER - 000063,32,1.0000000000,96.9999999997,96.9999999997,0,JASPER,JASPER
JASPER - 000064,32,1.0000000000,108.9999999999,108.9999999999,0,JASPER,JASPER
JASPER - 000065,32,1.0000000000,76.0000000000,76.0000000000,0,JASPER,JASPER
JASPER - 000066,32,1.0000000000,79.0000000000,79.0000000000,0,JASPER,JASPER
JASPER - 000067,32,1.0000000000,79.0000000000,79.0000000000,0,JASPER,JASPER
JASPER - 000068,32,1.0000000000,33.0000000000,33.0000000000,0,JASPER,JASPER
JEFFERSON - 000002,3,0.4255127573,15.3184592614,36.0000000001,0,JEFFERSON,JEFFERSON
JEFFERSON - 000002,22,0.5744872427,20.6815407387,36.0000000001,0,JEFFERSON,JEFFERSON
JEFFERSON - 000003,3,0.2831464721,4.8134900265,17.0000000001,0,JEFFERSON,JEFFERSON
JEFFERSON - 000003,22,0.7168535279,12.1865099736,17.0000000001,0,JEFFERSON,JEFFERSON
JEFFERSON - 000004,22,1.0000000000,41.0000000002,41.0000000002,0,JEFFERSON,JEFFERSON
JEFFERSON - 000005,22,1.0000000000,45.0000000000,45.0000000000,0,JEFFERSON,JEFFERSON
JEFFERSON - 000006,1,0.0003351551,0.0180983744,53.9999999999,0,JEFFERSON,JEFFERSON
JEFFERSON - 000006,22,0.9996648449,53.9819016255,53.9999999999,0,JEFFERSON,JEFFERSON
JEFFERSON - 000007,1,0.0128205128,1.0000000000,77.9999999999,0,JEFFERSON,JEFFERSON
JEFFERSON - 000007,22,0.9871794872,76.9999999999,77.9999999999,0,JEFFERSON,JEFFERSON
JEFFERSON - 000008,22,1.0000000000,46.9999999996,46.9999999996,0,JEFFERSON,JEFFERSON
JEFFERSON - 000009,22,1.0000000000,8.0000000000,8.0000000000,0,JEFFERSON,JEFFERSON
JEFFERSON - 000010,22,1.0000000000,36.0000000001,36.0000000001,0,JEFFERSON,JEFFERSON
JEFFERSON - 000012,3,1.0000000000,186.9999999999,186.9999999999,0,JEFFERSON,JEFFERSON
JEFFERSON - 000013,22,1.0000000000,28.9999999999,28.9999999999,0,JEFFERSON,JEFFERSON
JEFFERSON - 000014,22,1.0000000000,65.0000000001,65.0000000001,0,JEFFERSON,JEFFERSON
JEFFERSON - 000015,22,1.0000000000,31.0000000000,31.0000000000,0,JEFFERSON,JEFFERSON
JEFFERSON - 000016,22,1.0000000000,159.9999999999,159.9999999999,0,JEFFERSON,JEFFERSON
JEFFERSON - 000017,22,1.0000000000,97.0000000000,97.0000000000,0,JEFFERSON,JEFFERSON
JEFFERSON - 000018,22,1.0000000000,42.9999999999,42.9999999999,0,JEFFERSON,JEFFERSON
JEFFERSON - 000019,22,1.0000000000,61.0000000001,61.0000000001,0,JEFFERSON,JEFFERSON
JEFFERSON - 000020,22,1.0000000000,50.9999999998,50.9999999998,0,JEFFERSON,JEFFERSON
JEFFERSON - 000021,3,0.0010663653,0.0319909604,30.0000000001,0,JEFFERSON,JEFFERSON
JEFFERSON - 000021,22,0.9989336347,29.9680090397,30.0000000001,0,JEFFERSON,JEFFERSON
JEFFERSON - 000022,3,1.0000000000,49.0000000000,49.0000000000,0,JEFFERSON,JEFFERSON
JEFFERSON - 000023,3,1.0000000000,103.0000000000,103.0000000000,0,JEFFERSON,JEFFERSON
JEFFERSON - 000024,3,1.0000000000,52.0000000000,52.0000000000,0,JEFFERSON,JEFFERSON
JEFFERSON - 000025,3,1.0000000000,162.0000000000,162.0000000000,0,JEFFERSON,JEFFERSON
JEFFERSON - 000026,22,1.0000000000,16.0000000000,16.0000000000,0,JEFFERSON,JEFFERSON
JEFFERSON - 000027,22,1.0000000000,58.0000000005,58.0000000005,0,JEFFERSON,JEFFERSON
JEFFERSON - 000028,3,0.0006199931,0.0297596690,47.9999999996,0,JEFFERSON,JEFFERSON
JEFFERSON - 000028,22,0.9993800069,47.9702403306,47.9999999996,0,JEFFERSON,JEFFERSON
JEFFERSON - 000029,22,1.0000000000,116.9999999992,116.9999999992,0,JEFFERSON,JEFFERSON
JEFFERSON - 000030,22,1.0000000000,74.0000000002,74.0000000002,0,JEFFERSON,JEFFERSON
JEFFERSON - 000031,3,1.0000000000,106.0000000004,106.0000000004,0,JEFFERSON,JEFFERSON
JEFFERSON - 000032,3,0.0251706144,1.1830188773,47.0000000000,0,JEFFERSON,JEFFERSON
JEFFERSON - 000032,22,0.9748293856,45.8169811227,47.0000000000,0,JEFFERSON,JEFFERSON
JEFFERSON - 000033,3,1.0000000000,38.0000000000,38.0000000000,0,JEFFERSON,JEFFERSON
JEFFERSON - 000034,3,0.7407233565,56.2949750944,76.0000000000,0,JEFFERSON,JEFFERSON
JEFFERSON - 000034,22,0.2592766435,19.7050249056,76.0000000000,0,JEFFERSON,JEFFERSON
JEFFERSON - 000035,22,1.0000000000,99.9999999998,99.9999999998,0,JEFFERSON,JEFFERSON
JEFFERSON - 000036,22,1.0000000000,48.0000000004,48.0000000004,0,JEFFERSON,JEFFERSON
JEFFERSON - 000037,22,1.0000000000,34.0000000000,34.0000000000,0,JEFFERSON,JEFFERSON
JEFFERSON - 000038,22,1.0000000000,44.9999999998,44.9999999998,0,JEFFERSON,JEFFERSON
JEFFERSON - 000039,22,1.0000000000,14.0000000001,14.0000000001,0,JEFFERSON,JEFFERSON
JEFFERSON - 000040,3,1.0000000000,105.9999999997,105.9999999997,0,JEFFERSON,JEFFERSON
JEFFERSON - 000041,3,0.3504122263,22.4263824853,64.0000000002,0,JEFFERSON,JEFFERSON
JEFFERSON - 000041,22,0.6495877737,41.5736175149,64.0000000002,0,JEFFERSON,JEFFERSON
JEFFERSON - 000042,3,1.0000000000,40.0000000001,40.0000000001,0,JEFFERSON,JEFFERSON
JEFFERSON - 000043,22,1.0000000000,35.9999999998,35.9999999998,0,JEFFERSON,JEFFERSON
JEFFERSON - 000044,22,1.0000000000,72.0000000001,72.0000000001,0,JEFFERSON,JEFFERSON
JEFFERSON - 000045,22,1.0000000000,70.9999999997,70.9999999997,0,JEFFERSON,JEFFERSON
JEFFERSON - 000046,22,1.0000000000,85.9999999999,85.9999999999,0,JEFFERSON,JEFFERSON
JEFFERSON - 000047,22,1.0000000000,42.9999999999,42.9999999999,0,JEFFERSON,JEFFERSON
JEFFERSON - 000048,22,1.0000000000,20.0000000001,20.0000000001,0,JEFFERSON,JEFFERSON
JEFFERSON - 000049,22,1.0000000000,28.0000000000,28.0000000000,0,JEFFERSON,JEFFERSON
JEFFERSON - 000050,3,0.8806685495,71.3341525079,80.9999999997,0,JEFFERSON,JEFFERSON
JEFFERSON - 000050,22,0.1193314505,9.6658474918,80.9999999997,0,JEFFERSON,JEFFERSON
JEFFERSON - 000051,3,1.0000000000,20.9999999999,20.9999999999,0,JEFFERSON,JEFFERSON
JEFFERSON - 000052,22,1.0000000000,96.0000000002,96.0000000002,0,JEFFERSON,JEFFERSON
JEFFERSON - 000053,3,0.0114942529,1.0000000000,87.0000000000,0,JEFFERSON,JEFFERSON
JEFFERSON - 000053,22,0.9885057471,86.0000000000,87.0000000000,0,JEFFERSON,JEFFERSON
JEFFERSON - 000054,22,1.0000000000,8.0000000000,8.0000000000,0,JEFFERSON,JEFFERSON
JEFFERSON - 000055,22,1.0000000000,42.9999999999,42.9999999999,0,JEFFERSON,JEFFERSON
JEFFERSON - 000056,22,1.0000000000,41.0000000000,41.0000000000,0,JEFFERSON,JEFFERSON
JEFFERSON - 000057,3,0.9505790442,76.9969025839,80.9999999999,0,JEFFERSON,JEFFERSON
JEFFERSON - 000057,22,0.0494209558,4.0030974160,80.9999999999,0,JEFFERSON,JEFFERSON
JEFFERSON - 000058,22,1.0000000000,65.9999999998,65.9999999998,0,JEFFERSON,JEFFERSON
JEFFERSON - 000059,22,1.0000000000,83.0000000000,83.0000000000,0,JEFFERSON,JEFFERSON
JEFFERSON - 000060,22,0.9933430046,149.9947936998,150.9999999994,0,JEFFERSON,JEFFERSON
JEFFERSON - 000060,26,0.0066569954,1.0052062996,150.9999999994,0,JEFFERSON,JEFFERSON
JEFFERSON - 000061,22,1.0000000000,109.0000000002,109.0000000002,0,JEFFERSON,JEFFERSON
JEFFERSON - 000062,22,1.0000000000,89.0000000001,89.0000000001,0,JEFFERSON,JEFFERSON
JEFFERSON - 000063,3,1.0000000000,36.9999999998,36.9999999998,0,JEFFERSON,JEFFERSON
JEFFERSON - 000064,22,1.0000000000,28.0000000000,28.0000000000,0,JEFFERSON,JEFFERSON
JEFFERSON - 000065,22,1.0000000000,59.0000000001,59.0000000001,0,JEFFERSON,JEFFERSON
JEFFERSON - 000066,22,1.0000000000,131.9999999997,131.9999999997,0,JEFFERSON,JEFFERSON
JEFFERSON - 000067,3,1.0000000000,171.0000000000,171.0000000000,0,JEFFERSON,JEFFERSON
JEFFERSON - 000068,3,1.0000000000,225.9999999998,225.9999999998,0,JEFFERSON,JEFFERSON
JEFFERSON - 000069,3,1.0000000000,58.9999999996,58.9999999996,0,JEFFERSON,JEFFERSON
JOHNSON - 000002,31,1.0000000000,165.9999999998,165.9999999998,0,JOHNSON,JOHNSON
JOHNSON - 000003,31,1.0000000000,164.0000000000,164.0000000000,0,JOHNSON,JOHNSON
JOHNSON - 000004,31,1.0000000000,81.0000000001,81.0000000001,0,JOHNSON,JOHNSON
JOHNSON - 000005,31,1.0000000000,89.0000000000,89.0000000000,0,JOHNSON,JOHNSON
JOHNSON - 000006,31,1.0000000000,161.0000000001,161.0000000001,0,JOHNSON,JOHNSON
JOHNSON - 000007,31,1.0000000000,65.0000000000,65.0000000000,0,JOHNSON,JOHNSON
JOHNSON - 000008,31,1.0000000000,102.0000000000,102.0000000000,0,JOHNSON,JOHNSON
JOHNSON - 000009,31,1.0000000000,106.0000000000,106.0000000000,0,JOHNSON,JOHNSON
JOHNSON - 000010,31,1.0000000000,250.0000000002,250.0000000002,0,JOHNSON,JOHNSON
JOHNSON - 000011,31,1.0000000000,65.0000000000,65.0000000000,0,JOHNSON,JOHNSON
JOHNSON - 000012,31,1.0000000000,113.0000000000,113.0000000000,0,JOHNSON,JOHNSON
JOHNSON - 000013,31,1.0000000000,139.0000000000,139.0000000000,0,JOHNSON,JOHNSON
JOHNSON - 000014,31,1.0000000000,182.9999999999,182.9999999999,0,JOHNSON,JOHNSON
JOHNSON - 000015,31,1.0000000000,134.0000000000,134.0000000000,0,JOHNSON,JOHNSON
JOHNSON - 000016,31,1.0000000000,83.0000000000,83.0000000000,0,JOHNSON,JOHNSON
JOHNSON - 000017,31,1.0000000000,113.9999999999,113.9999999999,0,JOHNSON,JOHNSON
JOHNSON - 000018,31,1.0000000000,181.9999999999,181.9999999999,0,JOHNSON,JOHNSON
JOHNSON - 000019,31,1.0000000000,67.9999999999,67.9999999999,0,JOHNSON,JOHNSON
JOHNSON - 000020,31,1.0000000000,64.0000000000,64.0000000000,0,JOHNSON,JOHNSON
JOHNSON - 000021,31,1.0000000000,102.0000000000,102.0000000000,0,JOHNSON,JOHNSON
KNOX - 000002,18,1.0000000000,133.0000000001,133.0000000001,0,KNOX,KNOX
KNOX - 000003,18,1.0000000000,193.0000000003,193.0000000003,0,KNOX,KNOX
KNOX - 000004,18,1.0000000000,91.9999999996,91.9999999996,0,KNOX,KNOX
KNOX - 000005,18,1.0000000000,170.0000000000,170.0000000000,0,KNOX,KNOX
KNOX - 000006,18,1.0000000000,109.9999999999,109.9999999999,0,KNOX,KNOX
KNOX - 000007,18,1.0000000000,140.9999999998,140.9999999998,0,KNOX,KNOX
LACLEDE - 000002,16,1.0000000000,65.0000000001,65.0000000001,0,LACLEDE,LACLEDE
LACLEDE - 000003,16,1.0000000000,42.0000000000,42.0000000000,0,LACLEDE,LACLEDE
LACLEDE - 000004,16,1.0000000000,50.0000000004,50.0000000004,0,LACLEDE,LACLEDE
LACLEDE - 000005,16,1.0000000000,136.9999999999,136.9999999999,0,LACLEDE,LACLEDE
LACLEDE - 000006,16,1.0000000000,70.0000000000,70.0000000000,0,LACLEDE,LACLEDE
LACLEDE - 000007,16,1.0000000000,176.0000000004,176.0000000004,0,LACLEDE,LACLEDE
LACLEDE - 000008,16,1.0000000000,108.0000000001,108.0000000001,0,LACLEDE,LACLEDE
LACLEDE - 000009,16,1.0000000000,100.9999999997,100.9999999997,0,LACLEDE,LACLEDE
LACLEDE - 000010,16,1.0000000000,115.9999999998,115.9999999998,0,LACLEDE,LACLEDE
LACLEDE - 000011,16,1.0000000000,72.0000000000,72.0000000000,0,LACLEDE,LACLEDE
LACLEDE - 000012,16,1.0000000000,83.0000000000,83.0000000000,0,LACLEDE,LACLEDE
LACLEDE - 000013,16,1.0000000000,153.9999999998,153.9999999998,0,LACLEDE,LACLEDE
LACLEDE - 000014,16,1.0000000000,36.9999999999,36.9999999999,0,LACLEDE,LACLEDE
LACLEDE - 000015,16,1.0000000000,90.0000000000,90.0000000000,0,LACLEDE,LACLEDE
LACLEDE - 000016,16,1.0000000000,178.9999999999,178.9999999999,0,LACLEDE,LACLEDE
LACLEDE - 000017,16,1.0000000000,104.0000000001,104.0000000001,0,LACLEDE,LACLEDE
LACLEDE - 000018,16,1.0000000000,145.0000000000,145.0000000000,0,LACLEDE,LACLEDE
LACLEDE - 000019,16,1.0000000000,66.0000000002,66.0000000002,0,LACLEDE,LACLEDE
LACLEDE - 000020,16,1.0000000000,69.0000000000,69.0000000000,0,LACLEDE,LACLEDE
LACLEDE - 000021,16,1.0000000000,128.0000000004,128.0000000004,0,LACLEDE,LACLEDE
LAFAYETTE - 000002,21,1.0000000000,248.0000000002,248.0000000002,0,LAFAYETTE,LAFAYETTE
LAFAYETTE - 000003,21,1.0000000000,140.0000000002,140.0000000002,0,LAFAYETTE,LAFAYETTE
LAFAYETTE - 000004,21,1.0000000000,146.0000000000,146.0000000000,0,LAFAYETTE,LAFAYETTE
LAFAYETTE - 000005,21,1.0000000000,103.0000000002,103.0000000002,0,LAFAYETTE,LAFAYETTE
LAFAYETTE - 000006,21,1.0000000000,86.0000000003,86.0000000003,0,LAFAYETTE,LAFAYETTE
LAFAYETTE - 000007,21,1.0000000000,199.0000000001,199.0000000001,0,LAFAYETTE,LAFAYETTE
LAFAYETTE - 000008,21,1.0000000000,75.0000000000,75.0000000000,0,LAFAYETTE,LAFAYETTE
LAFAYETTE - 000009,21,1.0000000000,76.0000000000,76.0000000000,0,LAFAYETTE,LAFAYETTE
LAFAYETTE - 000010,21,1.0000000000,81.0000000000,81.0000000000,0,LAFAYETTE,LAFAYETTE
LAFAYETTE - 000011,21,1.0000000000,1.0000000000,1.0000000000,0,LAFAYETTE,LAFAYETTE
LAFAYETTE - 000012,21,1.0000000000,124.9999999999,124.9999999999,0,LAFAYETTE,LAFAYETTE
LAFAYETTE - 000013,21,1.0000000000,297.0000000003,297.0000000003,0,LAFAYETTE,LAFAYETTE
LAFAYETTE - 000014,21,1.0000000000,89.0000000000,89.0000000000,0,LAFAYETTE,LAFAYETTE
LAFAYETTE - 000015,21,1.0000000000,353.0000000000,353.0000000000,0,LAFAYETTE,LAFAYETTE
LAFAYETTE - 000016,21,1.0000000000,45.0000000000,45.0000000000,0,LAFAYETTE,LAFAYETTE
LAFAYETTE - 000017,21,1.0000000000,96.0000000001,96.0000000001,0,LAFAYETTE,LAFAYETTE
LAFAYETTE - 000018,21,1.0000000000,105.9999999999,105.9999999999,0,LAFAYETTE,LAFAYETTE
LAFAYETTE - 000019,21,1.0000000000,120.9999999998,120.9999999998,0,LAFAYETTE,LAFAYETTE
LAWRENCE - 000002,29,1.0000000000,152.9999999998,152.9999999998,0,LAWRENCE,LAWRENCE
LAWRENCE - 000003,29,1.0000000000,178.9999999999,178.9999999999,0,LAWRENCE,LAWRENCE
LAWRENCE - 000004,29,1.0000000000,109.0000000002,109.0000000002,0,LAWRENCE,LAWRENCE
LAWRENCE - 000005,29,1.0000000000,233.0000000001,233.0000000001,0,LAWRENCE,LAWRENCE
LAWRENCE - 000006,29,1.0000000000,115.9999999994,115.9999999994,0,LAWRENCE,LAWRENCE
LAWRENCE - 000007,29,1.0000000000,54.0000000000,54.0000000000,0,LAWRENCE,LAWRENCE
LAWRENCE - 000008,29,1.0000000000,50.0000000001,50.0000000001,0,LAWRENCE,LAWRENCE
LAWRENCE - 000009,29,1.0000000000,88.9999999999,88.9999999999,0,LAWRENCE,LAWRENCE
LAWRENCE - 000010,20,0.0001961980,0.0235437615,119.9999999997,0,LAWRENCE,LAWRENCE
LAWRENCE - 000010,29,0.9998038020,119.9764562382,119.9999999997,0,LAWRENCE,LAWRENCE
LAWRENCE - 000011,29,1.0000000000,84.9999999998,84.9999999998,0,LAWRENCE,LAWRENCE
LAWRENCE - 000012,29,1.0000000000,157.9999999997,157.9999999997,0,LAWRENCE,LAWRENCE
LAWRENCE - 000013,29,1.0000000000,113.0000000001,113.0000000001,0,LAWRENCE,LAWRENCE
LAWRENCE - 000014,29,1.0000000000,112.9999999999,112.9999999999,0,LAWRENCE,LAWRENCE
LAWRENCE - 000015,29,1.0000000000,136.9999999999,136.9999999999,0,LAWRENCE,LAWRENCE
LAWRENCE - 000016,29,1.0000000000,170.0000000001,170.0000000001,0,LAWRENCE,LAWRENCE
LAWRENCE - 000017,29,1.0000000000,64.0000000000,64.0000000000,0,LAWRENCE,LAWRENCE
LAWRENCE - 000018,29,1.0000000000,147.0000000001,147.0000000001,0,LAWRENCE,LAWRENCE
LAWRENCE - 000019,29,1.0000000000,155.9999999998,155.9999999998,0,LAWRENCE,LAWRENCE
LAWRENCE - 000020,29,1.0000000000,173.0000000001,173.0000000001,0,LAWRENCE,LAWRENCE
LEWIS - 000002,18,1.0000000000,250.9999999999,250.9999999999,0,LEWIS,LEWIS
LEWIS - 000003,18,1.0000000000,106.9999999999,106.9999999999,0,LEWIS,LEWIS
LEWIS - 000004,18,1.0000000000,39.0000000000,39.0000000000,0,LEWIS,LEWIS
LEWIS - 000005,18,1.0000000000,85.0000000000,85.0000000000,0,LEWIS,LEWIS
LEWIS - 000006,18,1.0000000000,82.0000000000,82.0000000000,0,LEWIS,LEWIS
LEWIS - 000007,18,1.0000000000,114.9999999999,114.9999999999,0,LEWIS,LEWIS
LEWIS - 000008,18,1.0000000000,117.0000000000,117.0000000000,0,LEWIS,LEWIS
LEWIS - 000009,18,1.0000000000,96.0000000000,96.0000000000,0,LEWIS,LEWIS
LEWIS - 000010,18,1.0000000000,70.0000000000,70.0000000000,0,LEWIS,LEWIS
LEWIS - 000011,18,1.0000000000,178.0000000000,178.0000000000,0,LEWIS,LEWIS
LINCOLN - 000002,10,1.0000000000,55.0000000003,55.0000000003,0,LINCOLN,LINCOLN
LINCOLN - 000003,10,1.0000000000,55.0000000000,55.0000000000,0,LINCOLN,LINCOLN
LINCOLN - 000004,10,1.0000000000,110.9999999997,110.9999999997,0,LINCOLN,LINCOLN
LINCOLN - 000005,10,1.0000000000,107.9999999999,107.9999999999,0,LINCOLN,LINCOLN
LINCOLN - 000006,10,1.0000000000,119.9999999999,119.9999999999,0,LINCOLN,LINCOLN
LINCOLN - 000007,10,1.0000000000,77.0000000000,77.0000000000,0,LINCOLN,LINCOLN
LINCOLN - 000008,10,1.0000000000,200.9999999998,200.9999999998,0,LINCOLN,LINCOLN
LINCOLN - 000009,10,1.0000000000,128.0000000004,128.0000000004,0,LINCOLN,LINCOLN
LINCOLN - 000010,10,1.0000000000,56.0000000000,56.0000000000,0,LINCOLN,LINCOLN
LINCOLN - 000011,10,1.0000000000,89.9999999999,89.9999999999,0,LINCOLN,LINCOLN
LINCOLN - 000012,10,1.0000000000,187.0000000002,187.0000000002,0,LINCOLN,LINCOLN
LINCOLN - 000013,10,1.0000000000,80.0000000002,80.0000000002,0,LINCOLN,LINCOLN
LINCOLN - 000014,10,1.0000000000,81.9999999999,81.9999999999,0,LINCOLN,LINCOLN
LINCOLN - 000015,10,1.0000000000,45.0000000000,45.0000000000,0,LINCOLN,LINCOLN
LINCOLN - 000016,10,1.0000000000,64.0000000000,64.0000000000,0,LINCOLN,LINCOLN
LINCOLN - 000017,10,1.0000000000,71.9999999998,71.9999999998,0,LINCOLN,LINCOLN
LINCOLN - 000018,10,1.0000000000,63.0000000003,63.0000000003,0,LINCOLN,LINCOLN
LINCOLN - 000019,10,1.0000000000,148.9999999999,148.9999999999,0,LINCOLN,LINCOLN
LINCOLN - 000020,10,1.0000000000,38.0000000000,38.0000000000,0,LINCOLN,LINCOLN
LINCOLN - 000021,10,1.0000000000,55.9999999998,55.9999999998,0,LINCOLN,LINCOLN
LINCOLN - 000022,10,1.0000000000,118.0000000000,118.0000000000,0,LINCOLN,LINCOLN
LINCOLN - 000023,10,1.0000000000,79.0000000000,79.0000000000,0,LINCOLN,LINCOLN
LIVINGSTON - 000002,12,1.0000000000,74.0000000001,74.0000000001,0,LIVINGSTON,LIVINGSTON
LIVINGSTON - 000003,12,1.0000000000,75.0000000000,75.0000000000,0,LIVINGSTON,LIVINGSTON
LIVINGSTON - 000004,12,1.0000000000,83.0000000000,83.0000000000,0,LIVINGSTON,LIVINGSTON
LIVINGSTON - 000005,12,1.0000000000,184.0000000000,184.0000000000,0,LIVINGSTON,LIVINGSTON
LIVINGSTON - 000006,12,1.0000000000,60.0000000000,60.0000000000,0,LIVINGSTON,LIVINGSTON
LIVINGSTON - 000007,12,1.0000000000,158.0000000001,158.0000000001,0,LIVINGSTON,LIVINGSTON
LIVINGSTON - 000008,12,1.0000000000,119.0000000001,119.0000000001,0,LIVINGSTON,LIVINGSTON
LIVINGSTON - 000009,12,1.0000000000,87.9999999999,87.9999999999,0,LIVINGSTON,LIVINGSTON
LIVINGSTON - 000010,12,1.0000000000,91.9999999996,91.9999999996,0,LIVINGSTON,LIVINGSTON
LIVINGSTON - 000011,12,1.0000000000,86.0000000000,86.0000000000,0,LIVINGSTON,LIVINGSTON
LIVINGSTON - 000012,12,1.0000000000,108.0000000001,108.0000000001,0,LIVINGSTON,LIVINGSTON
LIVINGSTON - 000013,12,1.0000000000,30.0000000000,30.0000000000,0,LIVINGSTON,LIVINGSTON
LIVINGSTON - 000014,12,1.0000000000,82.0000000000,82.0000000000,0,LIVINGSTON,LIVINGSTON
LIVINGSTON - 000015,12,1.0000000000,63.0000000000,63.0000000000,0,LIVINGSTON,LIVINGSTON
LIVINGSTON - 000016,12,1.0000000000,58.9999999999,58.9999999999,0,LIVINGSTON,LIVINGSTON
LIVINGSTON - 000017,12,1.0000000000,58.0000000000,58.0000000000,0,LIVINGSTON,LIVINGSTON
LIVINGSTON - 000018,12,1.0000000000,81.0000000002,81.0000000002,0,LIVINGSTON,LIVINGSTON
MACON - 000002,18,1.0000000000,163.0000000002,163.0000000002,0,MACON,MACON
MACON - 000003,18,1.0000000000,247.9999999998,247.9999999998,0,MACON,MACON
MACON - 000004,18,1.0000000000,222.0000000002,222.0000000002,0,MACON,MACON
MACON - 000005,18,1.0000000000,108.0000000001,108.0000000001,0,MACON,MACON
MACON - 000006,18,1.0000000000,133.9999999998,133.9999999998,0,MACON,MACON
MACON - 000007,18,1.0000000000,338.9999999999,338.9999999999,0,MACON,MACON
MACON - 000008,18,1.0000000000,327.0000000000,327.0000000000,0,MACON,MACON
MACON - 000009,18,1.0000000000,59.9999999999,59.9999999999,0,MACON,MACON
MACON - 000010,18,1.0000000000,52.9999999999,52.9999999999,0,MACON,MACON
MACON - 000011,18,1.0000000000,68.9999999999,68.9999999999,0,MACON,MACON
MACON - 000012,18,1.0000000000,79.0000000000,79.0000000000,0,MACON,MACON
MACON - 000013,18,1.0000000000,197.9999999999,197.9999999999,0,MACON,MACON
MADISON - 000002,27,1.0000000000,28.0000000000,28.0000000000,0,MADISON,MADISON
MADISON - 000003,27,1.0000000000,15.0000000000,15.0000000000,0,MADISON,MADISON
MADISON - 000004,3,0.0000221390,0.0019703685,89.0000000005,0,MADISON,MADISON
MADISON - 000004,27,0.9999778610,88.9980296320,89.0000000005,0,MADISON,MADISON
MADISON - 000005,27,1.0000000000,115.0000000001,115.0000000001,0,MADISON,MADISON
MADISON - 000006,27,1.0000000000,38.0000000000,38.0000000000,0,MADISON,MADISON
MADISON - 000007,27,1.0000000000,43.0000000001,43.0000000001,0,MADISON,MADISON
MADISON - 000008,27,1.0000000000,55.0000000000,55.0000000000,0,MADISON,MADISON
MADISON - 000009,27,1.0000000000,106.9999999999,106.9999999999,0,MADISON,MADISON
MADISON - 000010,27,1.0000000000,58.9999999999,58.9999999999,0,MADISON,MADISON
MADISON - 000011,27,1.0000000000,15.0000000001,15.0000000001,0,MADISON,MADISON
MADISON - 000012,27,1.0000000000,100.0000000000,100.0000000000,0,MADISON,MADISON
MADISON - 000013,27,1.0000000000,16.0000000000,16.0000000000,0,MADISON,MADISON
MADISON - 000014,27,1.0000000000,7.0000000000,7.0000000000,0,MADISON,MADISON
MADISON - 000015,27,1.0000000000,131.0000000001,131.0000000001,0,MADISON,MADISON
MADISON - 000016,27,1.0000000000,41.0000000000,41.0000000000,0,MADISON,MADISON
MADISON - 000017,27,1.0000000000,50.0000000000,50.0000000000,0,MADISON,MADISON
MADISON - 000018,27,1.0000000000,63.0000000000,63.0000000000,0,MADISON,MADISON
MARIES - 000002,16,1.0000000000,154.0000000005,154.0000000005,0,MARIES,MARIES
MARIES - 000003,16,1.0000000000,59.0000000001,59.0000000001,0,MARIES,MARIES
MARIES - 000004,16,1.0000000000,90.0000000000,90.0000000000,0,MARIES,MARIES
MARIES - 000005,16,1.0000000000,41.0000000001,41.0000000001,0,MARIES,MARIES
MARIES - 000006,16,1.0000000000,69.0000000000,69.0000000000,0,MARIES,MARIES
MARIES - 000007,16,1.0000000000,75.0000000001,75.0000000001,0,MARIES,MARIES
MARIES - 000008,16,1.0000000000,45.0000000001,45.0000000001,0,MARIES,MARIES
MARIES - 000009,16,1.0000000000,48.0000000001,48.0000000001,0,MARIES,MARIES
MARIES - 000010,16,1.0000000000,56.9999999999,56.9999999999,0,MARIES,MARIES
MARIES - 000011,16,1.0000000000,163.0000000005,163.0000000005,0,MARIES,MARIES
MARION - 000002,18,1.0000000000,51.9999999999,51.9999999999,0,MARION,MARION
MARION - 000003,18,1.0000000000,35.0000000000,35.0000000000,0,MARION,MARION
MARION - 000004,18,1.0000000000,80.9999999999,80.9999999999,0,MARION,MARION
MARION - 000005,18,1.0000000000,32.0000000000,32.0000000000,0,MARION,MARION
MARION - 000006,18,1.0000000000,79.0000000000,79.0000000000,0,MARION,MARION
MARION - 000007,18,1.0000000000,82.9999999999,82.9999999999,0,MARION,MARION
MARION - 000008,18,1.0000000000,61.0000000000,61.0000000000,0,MARION,MARION
MARION - 000009,18,1.0000000000,105.9999999998,105.9999999998,0,MARION,MARION
MARION - 000010,18,1.0000000000,34.0000000000,34.0000000000,0,MARION,MARION
MARION - 000011,18,1.0000000000,30.0000000002,30.0000000002,0,MARION,MARION
MARION - 000012,18,1.0000000000,109.9999999999,109.9999999999,0,MARION,MARION
MARION - 000013,18,1.0000000000,26.9999999999,26.9999999999,0,MARION,MARION
MARION - 000014,18,1.0000000000,92.0000000003,92.0000000003,0,MARION,MARION
MARION - 000015,18,1.0000000000,80.9999999999,80.9999999999,0,MARION,MARION
MARION - 000016,18,1.0000000000,98.0000000002,98.0000000002,0,MARION,MARION
MARION - 000017,18,1.0000000000,89.0000000001,89.0000000001,0,MARION,MARION
MARION - 000018,18,1.0000000000,107.0000000000,107.0000000000,0,MARION,MARION
MARION - 000019,18,1.0000000000,110.9999999997,110.9999999997,0,MARION,MARION
MARION - 000020,18,1.0000000000,134.0000000001,134.0000000001,0,MARION,MARION
MARION - 000021,18,1.0000000000,54.0000000000,54.0000000000,0,MARION,MARION
MCDONALD - 000002,29,1.0000000000,116.0000000001,116.0000000001,0,MCDONALD,MCDONALD
MCDONALD - 000003,29,1.0000000000,106.0000000001,106.0000000001,0,MCDONALD,MCDONALD
MCDONALD - 000004,29,1.0000000000,24.0000000000,24.0000000000,0,MCDONALD,MCDONALD
MCDONALD - 000005,29,1.0000000000,62.0000000000,62.0000000000,0,MCDONALD,MCDONALD
MCDONALD - 000006,29,1.0000000000,114.0000000000,114.0000000000,0,MCDONALD,MCDONALD
MCDONALD - 000007,29,1.0000000000,78.0000000001,78.0000000001,0,MCDONALD,MCDONALD
MCDONALD - 000008,29,1.0000000000,50.0000000000,50.0000000000,0,MCDONALD,MCDONALD
MCDONALD - 000009,29,1.0000000000,108.9999999999,108.9999999999,0,MCDONALD,MCDONALD
MCDONALD - 000010,29,1.0000000000,112.9999999996,112.9999999996,0,MCDONALD,MCDONALD
MCDONALD - 000011,29,1.0000000000,64.0000000000,64.0000000000,0,MCDONALD,MCDONALD
MCDONALD - 000012,29,1.0000000000,34.0000000000,34.0000000000,0,MCDONALD,MCDONALD
MCDONALD - 000013,29,1.0000000000,52.9999999999,52.9999999999,0,MCDONALD,MCDONALD
MCDONALD - 000014,29,1.0000000000,65.0000000000,65.0000000000,0,MCDONALD,MCDONALD
MCDONALD - 000015,29,1.0000000000,71.9999999998,71.9999999998,0,MCDONALD,MCDONALD
MCDONALD - 000016,29,1.0000000000,97.9999999997,97.9999999997,0,MCDONALD,MCDONALD
MCDONALD - 000017,29,1.0000000000,75.9999999999,75.9999999999,0,MCDONALD,MCDONALD
MCDONALD - 000018,29,1.0000000000,100.9999999999,100.9999999999,0,MCDONALD,MCDONALD
MCDONALD - 000019,29,1.0000000000,71.0000000000,71.0000000000,0,MCDONALD,MCDONALD
MCDONALD - 000020,29,1.0000000000,57.9999999999,57.9999999999,0,MCDONALD,MCDONALD
MERCER - 000002,12,1.0000000000,51.9999999999,51.9999999999,0,MERCER,MERCER
MERCER - 000003,12,1.0000000000,79.0000000000,79.0000000000,0,MERCER,MERCER
MERCER - 000004,12,1.0000000000,43.0000000000,43.0000000000,0,MERCER,MERCER
MERCER - 000005,12,1.0000000000,167.9999999998,167.9999999998,0,MERCER,MERCER
MERCER - 000006,12,1.0000000000,59.0000000000,59.0000000000,0,MERCER,MERCER
MERCER - 000007,12,1.0000000000,198.0000000000,198.0000000000,0,MERCER,MERCER
MERCER - 000008,12,1.0000000000,67.0000000000,67.0000000000,0,MERCER,MERCER
MERCER - 000009,12,1.0000000000,35.0000000000,35.0000000000,0,MERCER,MERCER
MERCER - 000010,12,1.0000000000,70.0000000000,70.0000000000,0,MERCER,MERCER
MILLER - 000002,6,1.0000000000,92.9999999999,92.9999999999,0,MILLER,MILLER
MILLER - 000003,6,1.0000000000,21.0000000000,21.0000000000,0,MILLER,MILLER
MILLER - 000004,6,1.0000000000,16.0000000000,16.0000000000,0,MILLER,MILLER
MILLER - 000005,6,1.0000000000,84.0000000002,84.0000000002,0,MILLER,MILLER
MILLER - 000006,6,1.0000000000,54.9999999999,54.9999999999,0,MILLER,MILLER
MILLER - 000007,6,1.0000000000,100.0000000000,100.0000000000,0,MILLER,MILLER
MILLER - 000008,6,1.0000000000,177.9999999997,177.9999999997,0,MILLER,MILLER
MILLER - 000009,6,1.0000000000,113.0000000002,113.0000000002,0,MILLER,MILLER
MILLER - 000010,6,1.0000000000,39.0000000000,39.0000000000,0,MILLER,MILLER
MILLER - 000011,6,1.0000000000,100.0000000000,100.0000000000,0,MILLER,MILLER
MILLER - 000012,6,1.0000000000,115.0000000001,115.0000000001,0,MILLER,MILLER
MILLER - 000013,6,1.0000000000,166.0000000003,166.0000000003,0,MILLER,MILLER
MILLER - 000014,6,1.0000000000,68.0000000002,68.0000000002,0,MILLER,MILLER
MILLER - 000015,6,1.0000000000,67.9999999999,67.9999999999,0,MILLER,MILLER
MILLER - 000016,6,1.0000000000,122.9999999999,122.9999999999,0,MILLER,MILLER
MILLER - 000017,6,1.0000000000,16.9999999999,16.9999999999,0,MILLER,MILLER
MILLER - 000018,6,0.9999345355,138.9909004290,139.0000000000,0,MILLER,MILLER
MILLER - 000018,16,0.0000654645,0.0090995710,139.0000000000,0,MILLER,MILLER
MILLER - 000019,6,1.0000000000,141.0000000001,141.0000000001,0,MILLER,MILLER
MILLER - 000020,6,1.0000000000,102.9999999998,102.9999999998,0,MILLER,MILLER
MILLER - 000021,6,1.0000000000,23.0000000000,23.0000000000,0,MILLER,MILLER
MILLER - 000022,6,1.0000000000,147.9999999999,147.9999999999,0,MILLER,MILLER
MILLER - 000023,6,1.0000000000,96.0000000000,96.0000000000,0,MILLER,MILLER
MISSISSIPPI - 000002,25,1.0000000000,108.0000000000,108.0000000000,0,MISSISSIPPI,MISSISSIPPI
MISSISSIPPI - 000003,25,0.9999530548,110.9947890810,111.0000000001,0,MISSISSIPPI,MISSISSIPPI
MISSISSIPPI - 000003,27,0.0000469452,0.0052109191,111.0000000001,0,MISSISSIPPI,MISSISSIPPI
MISSISSIPPI - 000004,25,1.0000000000,128.0000000001,128.0000000001,0,MISSISSIPPI,MISSISSIPPI
MISSISSIPPI - 000005,25,0.9933328448,148.9999267180,150.0000000001,0,MISSISSIPPI,MISSISSIPPI
MISSISSIPPI - 000005,27,0.0066671552,1.0000732821,150.0000000001,0,MISSISSIPPI,MISSISSIPPI
MISSISSIPPI - 000006,25,1.0000000000,102.0000000004,102.0000000004,0,MISSISSIPPI,MISSISSIPPI
MISSISSIPPI - 000007,25,1.0000000000,46.9999999999,46.9999999999,0,MISSISSIPPI,MISSISSIPPI
MISSISSIPPI - 000008,25,1.0000000000,197.0000000000,197.0000000000,0,MISSISSIPPI,MISSISSIPPI
MISSISSIPPI - 000009,25,1.0000000000,116.9999999999,116.9999999999,0,MISSISSIPPI,MISSISSIPPI
MISSISSIPPI - 000010,25,1.0000000000,3.0000000000,3.0000000000,0,MISSISSIPPI,MISSISSIPPI
MISSISSIPPI - 000011,25,1.0000000000,87.0000000001,87.0000000001,0,MISSISSIPPI,MISSISSIPPI
MISSISSIPPI - 000012,25,1.0000000000,143.0000000000,143.0000000000,0,MISSISSIPPI,MISSISSIPPI
MONITEAU - 000002,6,1.0000000000,74.0000000003,74.0000000003,0,MONITEAU,MONITEAU
MONITEAU - 000003,6,1.0000000000,76.0000000001,76.0000000001,0,MONITEAU,MONITEAU
MONITEAU - 000004,6,1.0000000000,65.0000000000,65.0000000000,0,MONITEAU,MONITEAU
MONITEAU - 000005,6,1.0000000000,100.0000000000,100.0000000000,0,MONITEAU,MONITEAU
MONITEAU - 000006,6,1.0000000000,53.0000000000,53.0000000000,0,MONITEAU,MONITEAU
MONITEAU - 000007,6,1.0000000000,82.9999999998,82.9999999998,0,MONITEAU,MONITEAU
MONITEAU - 000008,6,1.0000000000,95.0000000000,95.0000000000,0,MONITEAU,MONITEAU
MONITEAU - 000009,6,1.0000000000,98.9999999999,98.9999999999,0,MONITEAU,MONITEAU
MONITEAU - 000010,6,1.0000000000,101.9999999999,101.9999999999,0,MONITEAU,MONITEAU
MONITEAU - 000011,6,1.0000000000,66.0000000000,66.0000000000,0,MONITEAU,MONITEAU
MONITEAU - 000012,6,1.0000000000,77.0000000001,77.0000000001,0,MONITEAU,MONITEAU
MONITEAU - 000013,6,1.0000000000,74.0000000000,74.0000000000,0,MONITEAU,MONITEAU
MONITEAU - 000014,6,1.0000000000,83.0000000000,83.0000000000,0,MONITEAU,MONITEAU
MONITEAU - 000015,6,1.0000000000,137.0000000006,137.0000000006,0,MONITEAU,MONITEAU
MONROE - 000002,18,1.0000000000,73.0000000001,73.0000000001,0,MONROE,MONROE
MONROE - 000003,18,1.0000000000,83.9999999996,83.9999999996,0,MONROE,MONROE
MONROE - 000004,18,1.0000000000,57.0000000000,57.0000000000,0,MONROE,MONROE
MONROE - 000005,18,1.0000000000,31.0000000000,31.0000000000,0,MONROE,MONROE
MONROE - 000006,18,1.0000000000,126.0000000001,126.0000000001,0,MONROE,MONROE
MONROE - 000007,18,1.0000000000,47.9999999999,47.9999999999,0,MONROE,MONROE
MONROE - 000008,18,1.0000000000,31.0000000000,31.0000000000,0,MONROE,MONROE
MONROE - 000009,18,1.0000000000,91.9999999998,91.9999999998,0,MONROE,MONROE
MONROE - 000010,18,1.0000000000,86.0000000001,86.0000000001,0,MONROE,MONROE
MONROE - 000011,18,1.0000000000,43.9999999999,43.9999999999,0,MONROE,MONROE
MONROE - 000012,18,1.0000000000,41.9999999999,41.9999999999,0,MONROE,MONROE
MONROE - 000013,18,1.0000000000,167.0000000000,167.0000000000,0,MONROE,MONROE
MONROE - 000014,18,1.0000000000,89.0000000002,89.0000000002,0,MONROE,MONROE
MONROE - 000015,18,1.0000000000,103.0000000003,103.0000000003,0,MONROE,MONROE
MONROE - 000016,18,1.0000000000,120.0000000001,120.0000000001,0,MONROE,MONROE
MONROE - 000017,18,1.0000000000,64.9999999999,64.9999999999,0,MONROE,MONROE
MONTGOMERY - 000002,10,1.0000000000,151.0000000001,151.0000000001,0,MONTGOMERY,MONTGOMERY
MONTGOMERY - 000003,10,1.0000000000,82.0000000001,82.0000000001,0,MONTGOMERY,MONTGOMERY
MONTGOMERY - 000004,10,1.0000000000,86.0000000003,86.0000000003,0,MONTGOMERY,MONTGOMERY
MONTGOMERY - 000005,10,1.0000000000,114.9999999998,114.9999999998,0,MONTGOMERY,MONTGOMERY
MONTGOMERY - 000006,10,1.0000000000,132.0000000000,132.0000000000,0,MONTGOMERY,MONTGOMERY
MONTGOMERY - 000007,10,1.0000000000,65.0000000002,65.0000000002,0,MONTGOMERY,MONTGOMERY
MONTGOMERY - 000008,10,1.0000000000,279.9999999997,279.9999999997,0,MONTGOMERY,MONTGOMERY
MONTGOMERY - 000009,10,1.0000000000,186.0000000001,186.0000000001,0,MONTGOMERY,MONTGOMERY
MONTGOMERY - 000010,10,0.9952469247,160.2347548848,161.0000000002,0,MONTGOMERY,MONTGOMERY
MONTGOMERY - 000010,26,0.0047530753,0.7652451154,161.0000000002,0,MONTGOMERY,MONTGOMERY
MONTGOMERY - 000011,10,1.0000000000,212.0000000000,212.0000000000,0,MONTGOMERY,MONTGOMERY
MORGAN - 000002,6,1.0000000000,111.9999999999,111.9999999999,0,MORGAN,MORGAN
MORGAN - 000003,6,0.9999375308,155.9902548037,156.0000000000,0,MORGAN,MORGAN
MORGAN - 000003,28,0.0000624692,0.0097451963,156.0000000000,0,MORGAN,MORGAN
MORGAN - 000004,6,1.0000000000,214.0000000000,214.0000000000,0,MORGAN,MORGAN
MORGAN - 000005,6,1.0000000000,271.0000000001,271.0000000001,0,MORGAN,MORGAN
MORGAN - 000006,6,1.0000000000,275.0000000000,275.0000000000,0,MORGAN,MORGAN
MORGAN - 000007,6,1.0000000000,81.0000000001,81.0000000001,0,MORGAN,MORGAN
MORGAN - 000008,6,1.0000000000,111.0000000000,111.0000000000,0,MORGAN,MORGAN
MORGAN - 000009,6,1.0000000000,128.0000000000,128.0000000000,0,MORGAN,MORGAN
MORGAN - 000010,6,1.0000000000,172.9999999998,172.9999999998,0,MORGAN,MORGAN
MORGAN - 000011,6,1.0000000000,201.9999999999,201.9999999999,0,MORGAN,MORGAN
MORGAN - 000012,6,1.0000000000,258.9999999991,258.9999999991,0,MORGAN,MORGAN
NEW MADRID - 000002,25,1.0000000000,186.9999999999,186.9999999999,0,NEW MADRID,NEW MADRID
NEW MADRID - 000003,25,1.0000000000,98.0000000000,98.0000000000,0,NEW MADRID,NEW MADRID
NEW MADRID - 000004,25,1.0000000000,91.9999999999,91.9999999999,0,NEW MADRID,NEW MADRID
NEW MADRID - 000005,25,0.9794879049,47.9949073390,48.9999999999,0,NEW MADRID,NEW MADRID
NEW MADRID - 000005,27,0.0205120951,1.0050926609,48.9999999999,0,NEW MADRID,NEW MADRID
NEW MADRID - 000006,25,1.0000000000,137.0000000000,137.0000000000,0,NEW MADRID,NEW MADRID
NEW MADRID - 000007,25,1.0000000000,158.0000000001,158.0000000001,0,NEW MADRID,NEW MADRID
NEW MADRID - 000008,25,1.0000000000,43.0000000000,43.0000000000,0,NEW MADRID,NEW MADRID
NEW MADRID - 000009,25,1.0000000000,137.0000000001,137.0000000001,0,NEW MADRID,NEW MADRID
NEW MADRID - 000010,25,1.0000000000,44.0000000001,44.0000000001,0,NEW MADRID,NEW MADRID
NEW MADRID - 000011,25,1.0000000000,62.0000000001,62.0000000001,0,NEW MADRID,NEW MADRID
NEW MADRID - 000012,25,1.0000000000,150.0000000001,150.0000000001,0,NEW MADRID,NEW MADRID
NEW MADRID - 000013,25,1.0000000000,19.9999999999,19.9999999999,0,NEW MADRID,NEW MADRID
NEW MADRID - 000014,25,1.0000000000,3.0000000000,3.0000000000,0,NEW MADRID,NEW MADRID
NEW MADRID - 000015,25,1.0000000000,58.0000000000,58.0000000000,0,NEW MADRID,NEW MADRID
NEW MADRID - 000016,25,1.0000000000,132.9999999998,132.9999999998,0,NEW MADRID,NEW MADRID
NEW MADRID - 000017,25,1.0000000000,46.9999999999,46.9999999999,0,NEW MADRID,NEW MADRID
NEW MADRID - 000018,25,1.0000000000,51.0000000000,51.0000000000,0,NEW MADRID,NEW MADRID
NEW MADRID - 000019,25,1.0000000000,15.9999999999,15.9999999999,0,NEW MADRID,NEW MADRID
NEW MADRID - 000020,25,1.0000000000,56.0000000000,56.0000000000,0,NEW MADRID,NEW MADRID
NEW MADRID - 000021,25,1.0000000000,156.0000000000,156.0000000000,0,NEW MADRID,NEW MADRID
NEW MADRID - 000022,25,1.0000000000,67.9999999997,67.9999999997,0,NEW MADRID,NEW MADRID
NEW MADRID - 000023,25,1.0000000000,98.0000000000,98.0000000000,0,NEW MADRID,NEW MADRID
NEW MADRID - 000024,25,1.0000000000,56.0000000000,56.0000000000,0,NEW MADRID,NEW MADRID
NEWTON - 000002,32,1.0000000000,160.0000000001,160.0000000001,0,NEWTON,NEWTON
NEWTON - 000003,32,1.0000000000,206.9999999999,206.9999999999,0,NEWTON,NEWTON
NEWTON - 000004,32,1.0000000000,129.0000000000,129.0000000000,0,NEWTON,NEWTON
NEWTON - 000005,32,1.0000000000,225.9999999999,225.9999999999,0,NEWTON,NEWTON
NEWTON - 000006,32,1.0000000000,92.8866200183,92.8866200183,0,NEWTON,NEWTON
NEWTON - 000007,32,1.0000000000,159.0000000001,159.0000000001,0,NEWTON,NEWTON
NEWTON - 000008,32,1.0000000000,106.0000000000,106.0000000000,0,NEWTON,NEWTON
NEWTON - 000009,32,1.0000000000,113.9999999999,113.9999999999,0,NEWTON,NEWTON
NEWTON - 000010,32,1.0000000000,149.9999999998,149.9999999998,0,NEWTON,NEWTON
NEWTON - 000011,32,1.0000000000,68.0000000002,68.0000000002,0,NEWTON,NEWTON
NEWTON - 000012,32,1.0000000000,210.9999999996,210.9999999996,0,NEWTON,NEWTON
NEWTON - 000013,32,1.0000000000,91.0000000000,91.0000000000,0,NEWTON,NEWTON
NEWTON - 000014,32,1.0000000000,104.0000000002,104.0000000002,0,NEWTON,NEWTON
NEWTON - 000015,32,1.0000000000,85.0000000000,85.0000000000,0,NEWTON,NEWTON
NEWTON - 000016,32,1.0000000000,174.0000000000,174.0000000000,0,NEWTON,NEWTON
NEWTON - 000017,32,1.0000000000,32.9999999996,32.9999999996,0,NEWTON,NEWTON
NEWTON - 000018,32,1.0000000000,45.0000000000,45.0000000000,0,NEWTON,NEWTON
NEWTON - 000019,32,1.0000000000,76.9999999998,76.9999999998,0,NEWTON,NEWTON
NEWTON - 000020,32,1.0000000000,70.9999999998,70.9999999998,0,NEWTON,NEWTON
NEWTON - 000021,32,1.0000000000,114.0000000000,114.0000000000,0,NEWTON,NEWTON
NEWTON - 000022,32,1.0000000000,115.0000000001,115.0000000001,0,NEWTON,NEWTON
NEWTON - 000023,32,1.0000000000,113.9999999999,113.9999999999,0,NEWTON,NEWTON
NEWTON - 000024,32,1.0000000000,126.0000000001,126.0000000001,0,NEWTON,NEWTON
NODAWAY - 000002,12,1.0000000000,113.9999999998,113.9999999998,0,NODAWAY,NODAWAY
NODAWAY - 000003,12,1.0000000000,115.9999999999,115.9999999999,0,NODAWAY,NODAWAY
NODAWAY - 000004,12,1.0000000000,99.0000000000,99.0000000000,0,NODAWAY,NODAWAY
NODAWAY - 000005,12,1.0000000000,124.0000000003,124.0000000003,0,NODAWAY,NODAWAY
NODAWAY - 000006,12,1.0000000000,140.9999999999,140.9999999999,0,NODAWAY,NODAWAY
NODAWAY - 000007,12,1.0000000000,59.0000000001,59.0000000001,0,NODAWAY,NODAWAY
NODAWAY - 000008,12,1.0000000000,64.0000000000,64.0000000000,0,NODAWAY,NODAWAY
NODAWAY - 000009,12,1.0000000000,132.0000000001,132.0000000001,0,NODAWAY,NODAWAY
NODAWAY - 000010,12,1.0000000000,113.0000000001,113.0000000001,0,NODAWAY,NODAWAY
NODAWAY - 000011,12,1.0000000000,130.0000000001,130.0000000001,0,NODAWAY,NODAWAY
NODAWAY - 000012,12,1.0000000000,104.9999999999,104.9999999999,0,NODAWAY,NODAWAY
NODAWAY - 000013,12,1.0000000000,124.0000000000,124.0000000000,0,NODAWAY,NODAWAY
NODAWAY - 000014,12,1.0000000000,171.0000000000,171.0000000000,0,NODAWAY,NODAWAY
NODAWAY - 000015,12,1.0000000000,139.0000000001,139.0000000001,0,NODAWAY,NODAWAY
NODAWAY - 000016,12,1.0000000000,163.0000000002,163.0000000002,0,NODAWAY,NODAWAY
NODAWAY - 000017,12,1.0000000000,157.0000000000,157.0000000000,0,NODAWAY,NODAWAY
NODAWAY - 000018,12,1.0000000000,113.0000000001,113.0000000001,0,NODAWAY,NODAWAY
NODAWAY - 000019,12,1.0000000000,91.0000000000,91.0000000000,0,NODAWAY,NODAWAY
NODAWAY - 000020,12,1.0000000000,60.0000000000,60.0000000000,0,NODAWAY,NODAWAY
NODAWAY - 000021,12,1.0000000000,54.0000000000,54.0000000000,0,NODAWAY,NODAWAY
OREGON - 000002,25,1.0000000000,92.0000000001,92.0000000001,0,OREGON,OREGON
OREGON - 000003,25,1.0000000000,19.0000000000,19.0000000000,0,OREGON,OREGON
OREGON - 000004,25,1.0000000000,91.0000000000,91.0000000000,0,OREGON,OREGON
OREGON - 000005,25,1.0000000000,45.0000000000,45.0000000000,0,OREGON,OREGON
OREGON - 000006,25,1.0000000000,49.0000000000,49.0000000000,0,OREGON,OREGON
OREGON - 000007,25,1.0000000000,87.0000000000,87.0000000000,0,OREGON,OREGON
OREGON - 000008,25,1.0000000000,67.0000000000,67.0000000000,0,OREGON,OREGON
OREGON - 000009,25,1.0000000000,20.9999999999,20.9999999999,0,OREGON,OREGON
OREGON - 000010,25,1.0000000000,129.0000000007,129.0000000007,0,OREGON,OREGON
OREGON - 000011,25,1.0000000000,34.0000000000,34.0000000000,0,OREGON,OREGON
OREGON - 000012,25,1.0000000000,104.0000000000,104.0000000000,0,OREGON,OREGON
OREGON - 000013,25,1.0000000000,81.0000000000,81.0000000000,0,OREGON,OREGON
OREGON - 000014,25,1.0000000000,135.0000000000,135.0000000000,0,OREGON,OREGON
OREGON - 000015,25,1.0000000000,121.0000000002,121.0000000002,0,OREGON,OREGON
OREGON - 000016,25,0.9999896664,60.9993696526,61.0000000000,0,OREGON,OREGON
OREGON - 000016,33,0.0000103336,0.0006303474,61.0000000000,0,OREGON,OREGON
OSAGE - 000002,26,1.0000000000,38.0000000000,38.0000000000,0,OSAGE,OSAGE
OSAGE - 000003,26,1.0000000000,117.9999999999,117.9999999999,0,OSAGE,OSAGE
OSAGE - 000004,6,0.0530100649,1.9083623352,35.9999999995,0,OSAGE,OSAGE
OSAGE - 000004,26,0.9469899351,34.0916376643,35.9999999995,0,OSAGE,OSAGE
OSAGE - 000005,26,1.0000000000,125.9999999999,125.9999999999,0,OSAGE,OSAGE
OSAGE - 000006,26,1.0000000000,25.0000000001,25.0000000001,0,OSAGE,OSAGE
OSAGE - 000007,6,0.0666666667,1.0000000000,15.0000000002,0,OSAGE,OSAGE
OSAGE - 000007,26,0.9333333333,14.0000000002,15.0000000002,0,OSAGE,OSAGE
OSAGE - 000008,26,1.0000000000,46.0000000001,46.0000000001,0,OSAGE,OSAGE
OSAGE - 000009,16,0.0009598658,0.0662307407,69.0000000002,0,OSAGE,OSAGE
OSAGE - 000009,26,0.9990401342,68.9337692595,69.0000000002,0,OSAGE,OSAGE
OSAGE - 000010,26,1.0000000000,27.0000000000,27.0000000000,0,OSAGE,OSAGE
OSAGE - 000011,26,1.0000000000,29.0000000000,29.0000000000,0,OSAGE,OSAGE
OSAGE - 000012,26,1.0000000000,23.9999999999,23.9999999999,0,OSAGE,OSAGE
OSAGE - 000013,26,1.0000000000,54.0000000001,54.0000000001,0,OSAGE,OSAGE
OSAGE - 000014,26,1.0000000000,108.0000000002,108.0000000002,0,OSAGE,OSAGE
OSAGE - 000015,26,1.0000000000,73.0000000003,73.0000000003,0,OSAGE,OSAGE
OSAGE - 000016,26,1.0000000000,34.0000000000,34.0000000000,0,OSAGE,OSAGE
OSAGE - 000017,26,1.0000000000,40.0000000000,40.0000000000,0,OSAGE,OSAGE
OSAGE - 000018,26,1.0000000000,61.0000000000,61.0000000000,0,OSAGE,OSAGE
OSAGE - 000019,26,1.0000000000,124.0000000002,124.0000000002,0,OSAGE,OSAGE
OSAGE - 000020,26,1.0000000000,68.0000000002,68.0000000002,0,OSAGE,OSAGE
OZARK - 000002,33,1.0000000000,173.0000000002,173.0000000002,0,OZARK,OZARK
OZARK - 000004,33,1.0000000000,173.0000000002,173.0000000002,0,OZARK,OZARK
OZARK - 000005,33,1.0000000000,296.9809091737,296.9809091737,0,OZARK,OZARK
OZARK - 000006,33,1.0000000000,227.9999999994,227.9999999994,0,OZARK,OZARK
OZARK - 000007,33,1.0000000000,69.0000000002,69.0000000002,0,OZARK,OZARK
OZARK - 000008,33,1.0000000000,50.9999999998,50.9999999998,0,OZARK,OZARK
OZARK - 000009,33,1.0000000000,46.0000000003,46.0000000003,0,OZARK,OZARK
OZARK - 000010,33,1.0000000000,64.0000000001,64.0000000001,0,OZARK,OZARK
OZARK - 000011,33,1.0000000000,38.0000000002,38.0000000002,0,OZARK,OZARK
OZARK - 000012,33,1.0000000000,124.0000000001,124.0000000001,0,OZARK,OZARK
OZARK - 000013,33,1.0000000000,142.9999999999,142.9999999999,0,OZARK,OZARK
PEMISCOT - 000002,25,1.0000000000,58.0000000000,58.0000000000,0,PEMISCOT,PEMISCOT
PEMISCOT - 000003,25,1.0000000000,41.0000000000,41.0000000000,0,PEMISCOT,PEMISCOT
PEMISCOT - 000004,25,1.0000000000,152.9999999999,152.9999999999,0,PEMISCOT,PEMISCOT
PEMISCOT - 000005,25,1.0000000000,70.0000000000,70.0000000000,0,PEMISCOT,PEMISCOT
PEMISCOT - 000006,25,1.0000000000,69.0000000000,69.0000000000,0,PEMISCOT,PEMISCOT
PEMISCOT - 000007,25,1.0000000000,48.0000000000,48.0000000000,0,PEMISCOT,PEMISCOT
PEMISCOT - 000008,25,1.0000000000,77.0000000000,77.0000000000,0,PEMISCOT,PEMISCOT
PEMISCOT - 000009,25,1.0000000000,94.0000000001,94.0000000001,0,PEMISCOT,PEMISCOT
PEMISCOT - 000010,25,1.0000000000,41.0000000000,41.0000000000,0,PEMISCOT,PEMISCOT
PEMISCOT - 000011,25,1.0000000000,128.0000000002,128.0000000002,0,PEMISCOT,PEMISCOT
PEMISCOT - 000012,25,1.0000000000,142.0000000000,142.0000000000,0,PEMISCOT,PEMISCOT
PEMISCOT - 000013,25,1.0000000000,77.0000000000,77.0000000000,0,PEMISCOT,PEMISCOT
PEMISCOT - 000014,25,1.0000000000,201.0000000001,201.0000000001,0,PEMISCOT,PEMISCOT
PEMISCOT - 000015,25,1.0000000000,57.0000000000,57.0000000000,0,PEMISCOT,PEMISCOT
PEMISCOT - 000016,25,1.0000000000,147.0000000001,147.0000000001,0,PEMISCOT,PEMISCOT
PEMISCOT - 000017,25,1.0000000000,82.0000000000,82.0000000000,0,PEMISCOT,PEMISCOT
PEMISCOT - 000018,25,1.0000000000,124.0000000000,124.0000000000,0,PEMISCOT,PEMISCOT
PERRY - 000002,27,1.0000000000,76.0000000001,76.0000000001,0,PERRY,PERRY
PERRY - 000003,27,1.0000000000,118.0000000000,118.0000000000,0,PERRY,PERRY
PERRY - 000004,27,1.0000000000,51.0000000000,51.0000000000,0,PERRY,PERRY
PERRY - 000005,27,1.0000000000,53.9999999998,53.9999999998,0,PERRY,PERRY
PERRY - 000006,27,1.0000000000,41.0000000000,41.0000000000,0,PERRY,PERRY
PERRY - 000007,27,1.0000000000,47.0000000000,47.0000000000,0,PERRY,PERRY
PERRY - 000008,27,1.0000000000,67.0000000001,67.0000000001,0,PERRY,PERRY
PERRY - 000009,27,1.0000000000,34.0000000000,34.0000000000,0,PERRY,PERRY
PERRY - 000010,27,1.0000000000,44.0000000001,44.0000000001,0,PERRY,PERRY
PERRY - 000011,27,1.0000000000,32.0000000000,32.0000000000,0,PERRY,PERRY
PERRY - 000012,27,1.0000000000,81.0000000000,81.0000000000,0,PERRY,PERRY
PERRY - 000013,27,1.0000000000,80.0000000000,80.0000000000,0,PERRY,PERRY
PERRY - 000014,27,1.0000000000,55.0000000000,55.0000000000,0,PERRY,PERRY
PERRY - 000015,27,1.0000000000,43.0000000000,43.0000000000,0,PERRY,PERRY
PERRY - 000016,27,1.0000000000,118.0000000003,118.0000000003,0,PERRY,PERRY
PERRY - 000017,27,1.0000000000,63.9999999998,63.9999999998,0,PERRY,PERRY
PERRY - 000018,27,1.0000000000,57.9999999999,57.9999999999,0,PERRY,PERRY
PERRY - 000019,27,1.0000000000,96.9999999999,96.9999999999,0,PERRY,PERRY
PETTIS - 000002,28,1.0000000000,68.0000000000,68.0000000000,0,PETTIS,PETTIS
PETTIS - 000003,21,0.0000133055,0.0008382465,62.9999999999,0,PETTIS,PETTIS
PETTIS - 000003,28,0.9999866945,62.9991617534,62.9999999999,0,PETTIS,PETTIS
PETTIS - 000004,28,1.0000000000,84.0000000002,84.0000000002,0,PETTIS,PETTIS
PETTIS - 000005,28,1.0000000000,108.0000000001,108.0000000001,0,PETTIS,PETTIS
PETTIS - 000006,28,1.0000000000,68.0000000001,68.0000000001,0,PETTIS,PETTIS
PETTIS - 000007,28,1.0000000000,105.0000000000,105.0000000000,0,PETTIS,PETTIS
PETTIS - 000008,28,1.0000000000,156.9999999998,156.9999999998,0,PETTIS,PETTIS
PETTIS - 000009,28,1.0000000000,74.9999999999,74.9999999999,0,PETTIS,PETTIS
PETTIS - 000010,28,1.0000000000,62.0000000000,62.0000000000,0,PETTIS,PETTIS
PETTIS - 000011,28,1.0000000000,89.9999999998,89.9999999998,0,PETTIS,PETTIS
PETTIS - 000012,28,1.0000000000,106.0000000000,106.0000000000,0,PETTIS,PETTIS
PETTIS - 000013,28,1.0000000000,57.0000000000,57.0000000000,0,PETTIS,PETTIS
PETTIS - 000014,28,1.0000000000,67.9999999998,67.9999999998,0,PETTIS,PETTIS
PETTIS - 000015,28,1.0000000000,114.9999999999,114.9999999999,0,PETTIS,PETTIS
PETTIS - 000016,28,1.0000000000,66.0000000000,66.0000000000,0,PETTIS,PETTIS
PETTIS - 000017,28,1.0000000000,66.0000000006,66.0000000006,0,PETTIS,PETTIS
PETTIS - 000018,28,1.0000000000,146.0000000001,146.0000000001,0,PETTIS,PETTIS
PETTIS - 000019,28,1.0000000000,55.9999999999,55.9999999999,0,PETTIS,PETTIS
PETTIS - 000020,28,1.0000000000,55.0000000001,55.0000000001,0,PETTIS,PETTIS
PETTIS - 000021,28,1.0000000000,70.9999999999,70.9999999999,0,PETTIS,PETTIS
PETTIS - 000022,28,1.0000000000,178.0000000001,178.0000000001,0,PETTIS,PETTIS
PETTIS - 000023,28,1.0000000000,84.0000000003,84.0000000003,0,PETTIS,PETTIS
PETTIS - 000024,28,1.0000000000,58.0000000001,58.0000000001,0,PETTIS,PETTIS
PETTIS - 000025,28,1.0000000000,66.0000000000,66.0000000000,0,PETTIS,PETTIS
PETTIS - 000026,28,1.0000000000,90.0000000001,90.0000000001,0,PETTIS,PETTIS
PETTIS - 000027,28,1.0000000000,103.9999999999,103.9999999999,0,PETTIS,PETTIS
PETTIS - 000028,28,1.0000000000,61.0000000000,61.0000000000,0,PETTIS,PETTIS
PETTIS - 000029,28,1.0000000000,88.0000000001,88.0000000001,0,PETTIS,PETTIS
PETTIS - 000030,28,1.0000000000,84.0000000000,84.0000000000,0,PETTIS,PETTIS
PETTIS - 000031,28,1.0000000000,100.0000000002,100.0000000002,0,PETTIS,PETTIS
PHELPS - 000002,16,1.0000000000,48.0000000000,48.0000000000,0,PHELPS,PHELPS
PHELPS - 000003,16,1.0000000000,73.9999999998,73.9999999998,0,PHELPS,PHELPS
PHELPS - 000004,16,1.0000000000,45.0000000000,45.0000000000,0,PHELPS,PHELPS
PHELPS - 000005,16,1.0000000000,89.0000000004,89.0000000004,0,PHELPS,PHELPS
PHELPS - 000006,16,1.0000000000,4.0000000000,4.0000000000,0,PHELPS,PHELPS
PHELPS - 000007,16,1.0000000000,84.0000000000,84.0000000000,0,PHELPS,PHELPS
PHELPS - 000008,16,1.0000000000,13.0000000000,13.0000000000,0,PHELPS,PHELPS
PHELPS - 000009,16,1.0000000000,43.0000000001,43.0000000001,0,PHELPS,PHELPS
PHELPS - 000010,16,1.0000000000,127.0000000002,127.0000000002,0,PHELPS,PHELPS
PHELPS - 000011,16,1.0000000000,17.9999999999,17.9999999999,0,PHELPS,PHELPS
PHELPS - 000012,16,1.0000000000,13.9999999999,13.9999999999,0,PHELPS,PHELPS
PHELPS - 000013,16,1.0000000000,9.9999999999,9.9999999999,0,PHELPS,PHELPS
PHELPS - 000014,16,1.0000000000,6.0000000000,6.0000000000,0,PHELPS,PHELPS
PHELPS - 000015,16,1.0000000000,15.0000000001,15.0000000001,0,PHELPS,PHELPS
PHELPS - 000016,16,1.0000000000,89.9999999999,89.9999999999,0,PHELPS,PHELPS
PHELPS - 000017,16,1.0000000000,37.0000000000,37.0000000000,0,PHELPS,PHELPS
PHELPS - 000018,16,1.0000000000,42.0000000000,42.0000000000,0,PHELPS,PHELPS
PHELPS - 000019,16,1.0000000000,83.9999999996,83.9999999996,0,PHELPS,PHELPS
PHELPS - 000020,16,1.0000000000,74.9999999999,74.9999999999,0,PHELPS,PHELPS
PHELPS - 000021,16,1.0000000000,77.9999999999,77.9999999999,0,PHELPS,PHELPS
PHELPS - 000022,16,1.0000000000,27.0000000001,27.0000000001,0,PHELPS,PHELPS
PHELPS - 000023,16,1.0000000000,15.0000000000,15.0000000000,0,PHELPS,PHELPS
PHELPS - 000024,16,1.0000000000,111.0000000000,111.0000000000,0,PHELPS,PHELPS
PHELPS - 000025,16,1.0000000000,96.9999999996,96.9999999996,0,PHELPS,PHELPS
PHELPS - 000026,16,1.0000000000,78.0000000000,78.0000000000,0,PHELPS,PHELPS
PHELPS - 000027,16,1.0000000000,88.0000000000,88.0000000000,0,PHELPS,PHELPS
PHELPS - 000028,16,1.0000000000,122.9999999999,122.9999999999,0,PHELPS,PHELPS
PHELPS - 000029,16,1.0000000000,55.0000000000,55.0000000000,0,PHELPS,PHELPS
PHELPS - 000030,16,1.0000000000,39.9999999998,39.9999999998,0,PHELPS,PHELPS
PHELPS - 000031,16,1.0000000000,82.9999999998,82.9999999998,0,PHELPS,PHELPS
PHELPS - 000032,16,1.0000000000,136.0000000000,136.0000000000,0,PHELPS,PHELPS
PHELPS - 000033,16,1.0000000000,53.0000000000,53.0000000000,0,PHELPS,PHELPS
PHELPS - 000034,16,1.0000000000,49.9999999999,49.9999999999,0,PHELPS,PHELPS
PHELPS - 000035,16,1.0000000000,76.9999999998,76.9999999998,0,PHELPS,PHELPS
PHELPS - 000036,16,1.0000000000,41.0000000001,41.0000000001,0,PHELPS,PHELPS
PHELPS - 000037,16,1.0000000000,28.9999999998,28.9999999998,0,PHELPS,PHELPS
PHELPS - 000038,16,1.0000000000,41.9999999998,41.9999999998,0,PHELPS,PHELPS
PHELPS - 000039,16,1.0000000000,35.9999999999,35.9999999999,0,PHELPS,PHELPS
PIKE - 000002,10,1.0000000000,102.9999999997,102.9999999997,0,PIKE,PIKE
PIKE - 000003,10,1.0000000000,83.0000000003,83.0000000003,0,PIKE,PIKE
PIKE - 000004,10,1.0000000000,161.0000000002,161.0000000002,0,PIKE,PIKE
PIKE - 000005,10,1.0000000000,214.0000000005,214.0000000005,0,PIKE,PIKE
PIKE - 000006,10,1.0000000000,49.0000000000,49.0000000000,0,PIKE,PIKE
PIKE - 000007,10,1.0000000000,139.0000000001,139.0000000001,0,PIKE,PIKE
PIKE - 000008,10,1.0000000000,110.9999999998,110.9999999998,0,PIKE,PIKE
PIKE - 000009,10,1.0000000000,68.0000000001,68.0000000001,0,PIKE,PIKE
PIKE - 000010,10,1.0000000000,120.0000000002,120.0000000002,0,PIKE,PIKE
PIKE - 000011,10,1.0000000000,66.9999999999,66.9999999999,0,PIKE,PIKE
PIKE - 000012,10,1.0000000000,160.9999999999,160.9999999999,0,PIKE,PIKE
PIKE - 000013,10,1.0000000000,170.0000000000,170.0000000000,0,PIKE,PIKE
PIKE - 000014,10,1.0000000000,61.9999999998,61.9999999998,0,PIKE,PIKE
PIKE - 000015,10,1.0000000000,96.0000000000,96.0000000000,0,PIKE,PIKE
PIKE - 000016,10,1.0000000000,112.0000000001,112.0000000001,0,PIKE,PIKE
PIKE - 000017,10,1.0000000000,52.9999999998,52.9999999998,0,PIKE,PIKE
PLATTE - 000002,34,1.0000000000,176.0000000003,176.0000000003,0,PLATTE,PLATTE
PLATTE - 000003,34,1.0000000000,36.9999999997,36.9999999997,0,PLATTE,PLATTE
PLATTE - 000004,34,1.0000000000,27.9999999999,27.9999999999,0,PLATTE,PLATTE
PLATTE - 000005,34,1.0000000000,65.0000000000,65.0000000000,0,PLATTE,PLATTE
PLATTE - 000006,34,1.0000000000,107.0000000002,107.0000000002,0,PLATTE,PLATTE
PLATTE - 000007,34,1.0000000000,62.0000000000,62.0000000000,0,PLATTE,PLATTE
PLATTE - 000008,12,0.0005685738,0.0500344957,88.0000000002,0,PLATTE,PLATTE
PLATTE - 000008,34,0.9994314262,87.9499655045,88.0000000002,0,PLATTE,PLATTE
PLATTE - 000009,12,0.0261009911,2.1663822595,82.9999999998,0,PLATTE,PLATTE
PLATTE - 000009,34,0.9738990089,80.8336177403,82.9999999998,0,PLATTE,PLATTE
PLATTE - 000010,34,1.0000000000,69.0000000003,69.0000000003,0,PLATTE,PLATTE
PLATTE - 000011,17,0.0000024666,0.0006339057,257.0000000004,0,PLATTE,PLATTE
PLATTE - 000011,34,0.9999975334,256.9993660947,257.0000000004,0,PLATTE,PLATTE
PLATTE - 000012,34,1.0000000000,41.0000000000,41.0000000000,0,PLATTE,PLATTE
PLATTE - 000013,34,1.0000000000,80.0000000001,80.0000000001,0,PLATTE,PLATTE
PLATTE - 000014,34,1.0000000000,54.0000000000,54.0000000000,0,PLATTE,PLATTE
PLATTE - 000015,34,1.0000000000,9.9999999999,9.9999999999,0,PLATTE,PLATTE
PLATTE - 000016,34,1.0000000000,10.0000000000,10.0000000000,0,PLATTE,PLATTE
PLATTE - 000017,34,1.0000000000,106.9999999999,106.9999999999,0,PLATTE,PLATTE
PLATTE - 000018,34,1.0000000000,52.0000000004,52.0000000004,0,PLATTE,PLATTE
PLATTE - 000019,34,1.0000000000,45.9999999999,45.9999999999,0,PLATTE,PLATTE
PLATTE - 000020,17,0.0721832780,1.2271157258,17.0000000000,0,PLATTE,PLATTE
PLATTE - 000020,34,0.9278167220,15.7728842742,17.0000000000,0,PLATTE,PLATTE
PLATTE - 000021,34,1.0000000000,52.0000000001,52.0000000001,0,PLATTE,PLATTE
PLATTE - 000022,34,1.0000000000,62.0000000000,62.0000000000,0,PLATTE,PLATTE
PLATTE - 000023,34,1.0000000000,85.0000000003,85.0000000003,0,PLATTE,PLATTE
PLATTE - 000024,34,1.0000000000,68.9999999999,68.9999999999,0,PLATTE,PLATTE
PLATTE - 000025,34,1.0000000000,167.0000000002,167.0000000002,0,PLATTE,PLATTE
PLATTE - 000026,34,1.0000000000,21.0000000001,21.0000000001,0,PLATTE,PLATTE
PLATTE - 000027,34,1.0000000000,15.9999999999,15.9999999999,0,PLATTE,PLATTE
PLATTE - 000028,34,1.0000000000,98.0000000002,98.0000000002,0,PLATTE,PLATTE
PLATTE - 000029,34,1.0000000000,60.0000000000,60.0000000000,0,PLATTE,PLATTE
PLATTE - 000030,17,0.0047213489,0.4579708460,97.0000000000,0,PLATTE,PLATTE
PLATTE - 000030,34,0.9952786511,96.5420291540,97.0000000000,0,PLATTE,PLATTE
PLATTE - 000031,34,1.0000000000,61.9999999999,61.9999999999,0,PLATTE,PLATTE
PLATTE - 000032,34,1.0000000000,80.9999999996,80.9999999996,0,PLATTE,PLATTE
PLATTE - 000033,34,1.0000000000,29.0000000000,29.0000000000,0,PLATTE,PLATTE
PLATTE - 000034,34,1.0000000000,31.0000000000,31.0000000000,0,PLATTE,PLATTE
POLK - 000002,28,1.0000000000,56.0000000000,56.0000000000,0,POLK,POLK
POLK - 000003,28,1.0000000000,100.0000000000,100.0000000000,0,POLK,POLK
POLK - 000004,28,1.0000000000,44.0000000000,44.0000000000,0,POLK,POLK
POLK - 000005,28,1.0000000000,64.0000000001,64.0000000001,0,POLK,POLK
POLK - 000006,28,1.0000000000,39.0000000000,39.0000000000,0,POLK,POLK
POLK - 000007,28,1.0000000000,56.0000000000,56.0000000000,0,POLK,POLK
POLK - 000008,28,1.0000000000,62.0000000000,62.0000000000,0,POLK,POLK
POLK - 000009,28,1.0000000000,101.0000000002,101.0000000002,0,POLK,POLK
POLK - 000010,28,1.0000000000,93.0000000001,93.0000000001,0,POLK,POLK
POLK - 000011,28,1.0000000000,151.9999999998,151.9999999998,0,POLK,POLK
POLK - 000012,28,1.0000000000,100.0000000001,100.0000000001,0,POLK,POLK
POLK - 000013,28,1.0000000000,70.0000000001,70.0000000001,0,POLK,POLK
POLK - 000014,28,1.0000000000,67.0000000001,67.0000000001,0,POLK,POLK
POLK - 000015,28,1.0000000000,37.9999999999,37.9999999999,0,POLK,POLK
POLK - 000016,28,1.0000000000,144.0000000000,144.0000000000,0,POLK,POLK
POLK - 000017,28,1.0000000000,115.0000000000,115.0000000000,0,POLK,POLK
POLK - 000018,28,1.0000000000,127.0000000001,127.0000000001,0,POLK,POLK
POLK - 000019,28,1.0000000000,134.0000000000,134.0000000000,0,POLK,POLK
POLK - 000020,28,1.0000000000,67.0000000001,67.0000000001,0,POLK,POLK
POLK - 000021,20,0.0055379676,1.0023721422,181.0000000000,0,POLK,POLK
POLK - 000021,28,0.9944620324,179.9976278578,181.0000000000,0,POLK,POLK
POLK - 000022,28,1.0000000000,111.0000000001,111.0000000001,0,POLK,POLK
POLK - 000023,28,1.0000000000,77.0000000000,77.0000000000,0,POLK,POLK
PULASKI - 000002,16,1.0000000000,102.9999999998,102.9999999998,0,PULASKI,PULASKI
PULASKI - 000003,16,1.0000000000,51.9999999995,51.9999999995,0,PULASKI,PULASKI
PULASKI - 000004,16,1.0000000000,248.0000000000,248.0000000000,0,PULASKI,PULASKI
PULASKI - 000005,16,1.0000000000,325.0000000001,325.0000000001,0,PULASKI,PULASKI
PULASKI - 000006,16,1.0000000000,21.9999999996,21.9999999996,0,PULASKI,PULASKI
PULASKI - 000007,16,1.0000000000,171.0000000002,171.0000000002,0,PULASKI,PULASKI
PULASKI - 000008,16,1.0000000000,104.9999999998,104.9999999998,0,PULASKI,PULASKI
PULASKI - 000009,16,1.0000000000,151.0000000007,151.0000000007,0,PULASKI,PULASKI
PULASKI - 000010,16,1.0000000000,270.0000000009,270.0000000009,0,PULASKI,PULASKI
PULASKI - 000011,16,1.0000000000,54.9999999998,54.9999999998,0,PULASKI,PULASKI
PULASKI - 000012,16,1.0000000000,311.9999999994,311.9999999994,0,PULASKI,PULASKI
PUTNAM - 000002,18,1.0000000000,45.0000000000,45.0000000000,0,PUTNAM,PUTNAM
PUTNAM - 000003,18,1.0000000000,50.9999999998,50.9999999998,0,PUTNAM,PUTNAM
PUTNAM - 000004,18,1.0000000000,46.0000000000,46.0000000000,0,PUTNAM,PUTNAM
PUTNAM - 000005,18,1.0000000000,42.0000000000,42.0000000000,0,PUTNAM,PUTNAM
PUTNAM - 000006,18,1.0000000000,73.0000000000,73.0000000000,0,PUTNAM,PUTNAM
PUTNAM - 000007,18,1.0000000000,84.0000000000,84.0000000000,0,PUTNAM,PUTNAM
PUTNAM - 000008,18,1.0000000000,28.9999999999,28.9999999999,0,PUTNAM,PUTNAM
PUTNAM - 000009,18,1.0000000000,140.0000000002,140.0000000002,0,PUTNAM,PUTNAM
PUTNAM - 000010,18,1.0000000000,66.0000000000,66.0000000000,0,PUTNAM,PUTNAM
PUTNAM - 000011,18,1.0000000000,38.0000000001,38.0000000001,0,PUTNAM,PUTNAM
PUTNAM - 000012,18,1.0000000000,56.0000000000,56.0000000000,0,PUTNAM,PUTNAM
PUTNAM - 000013,18,1.0000000000,83.0000000001,83.0000000001,0,PUTNAM,PUTNAM
PUTNAM - 000014,18,1.0000000000,41.0000000000,41.0000000000,0,PUTNAM,PUTNAM
PUTNAM - 000015,18,1.0000000000,40.9999999999,40.9999999999,0,PUTNAM,PUTNAM
RALLS - 000002,18,1.0000000000,192.9999999999,192.9999999999,0,RALLS,RALLS
RALLS - 000003,18,1.0000000000,98.9999999999,98.9999999999,0,RALLS,RALLS
RALLS - 000004,18,1.0000000000,68.9999999999,68.9999999999,0,RALLS,RALLS
RALLS - 000005,18,1.0000000000,41.0000000001,41.0000000001,0,RALLS,RALLS
RALLS - 000006,18,1.0000000000,197.0000000002,197.0000000002,0,RALLS,RALLS
RALLS - 000007,18,1.0000000000,105.9999999996,105.9999999996,0,RALLS,RALLS
RALLS - 000008,18,1.0000000000,168.9999999996,168.9999999996,0,RALLS,RALLS
RALLS - 000009,18,1.0000000000,55.0000000001,55.0000000001,0,RALLS,RALLS
RALLS - 000010,18,1.0000000000,71.9999999999,71.9999999999,0,RALLS,RALLS
RANDOLPH - 000002,18,1.0000000000,148.0000000001,148.0000000001,0,RANDOLPH,RANDOLPH
RANDOLPH - 000003,18,1.0000000000,79.9999999999,79.9999999999,0,RANDOLPH,RANDOLPH
RANDOLPH - 000004,18,1.0000000000,86.0000000000,86.0000000000,0,RANDOLPH,RANDOLPH
RANDOLPH - 000005,18,1.0000000000,41.0000000001,41.0000000001,0,RANDOLPH,RANDOLPH
RANDOLPH - 000006,18,1.0000000000,101.0000000002,101.0000000002,0,RANDOLPH,RANDOLPH
RANDOLPH - 000007,18,1.0000000000,25.0000000000,25.0000000000,0,RANDOLPH,RANDOLPH
RANDOLPH - 000008,18,1.0000000000,48.0000000000,48.0000000000,0,RANDOLPH,RANDOLPH
RANDOLPH - 000009,18,1.0000000000,77.0000000000,77.0000000000,0,RANDOLPH,RANDOLPH
RANDOLPH - 000010,18,1.0000000000,54.0000000000,54.0000000000,0,RANDOLPH,RANDOLPH
RANDOLPH - 000011,18,1.0000000000,50.0000000001,50.0000000001,0,RANDOLPH,RANDOLPH
RANDOLPH - 000012,18,1.0000000000,81.9999999999,81.9999999999,0,RANDOLPH,RANDOLPH
RANDOLPH - 000013,18,1.0000000000,69.0000000000,69.0000000000,0,RANDOLPH,RANDOLPH
RANDOLPH - 000014,18,1.0000000000,35.0000000000,35.0000000000,0,RANDOLPH,RANDOLPH
RANDOLPH - 000015,18,1.0000000000,38.9999999999,38.9999999999,0,RANDOLPH,RANDOLPH
RANDOLPH - 000016,18,1.0000000000,25.0000000001,25.0000000001,0,RANDOLPH,RANDOLPH
RANDOLPH - 000017,18,1.0000000000,25.0000000000,25.0000000000,0,RANDOLPH,RANDOLPH
RANDOLPH - 000018,18,1.0000000000,37.9999999999,37.9999999999,0,RANDOLPH,RANDOLPH
RANDOLPH - 000019,18,1.0000000000,55.0000000001,55.0000000001,0,RANDOLPH,RANDOLPH
RANDOLPH - 000020,18,1.0000000000,93.0000000002,93.0000000002,0,RANDOLPH,RANDOLPH
RANDOLPH - 000021,18,1.0000000000,60.0000000000,60.0000000000,0,RANDOLPH,RANDOLPH
RANDOLPH - 000022,18,1.0000000000,162.0000000000,162.0000000000,0,RANDOLPH,RANDOLPH
RANDOLPH - 000023,18,1.0000000000,161.9999999998,161.9999999998,0,RANDOLPH,RANDOLPH
RANDOLPH - 000024,18,1.0000000000,73.9999999999,73.9999999999,0,RANDOLPH,RANDOLPH
RANDOLPH - 000025,18,1.0000000000,107.0000000000,107.0000000000,0,RANDOLPH,RANDOLPH
RANDOLPH - 000026,18,1.0000000000,45.9999999997,45.9999999997,0,RANDOLPH,RANDOLPH
RANDOLPH - 000027,18,1.0000000000,64.0000000000,64.0000000000,0,RANDOLPH,RANDOLPH
RANDOLPH - 000028,18,1.0000000000,47.0000000000,47.0000000000,0,RANDOLPH,RANDOLPH
RAY - 000002,21,1.0000000000,105.0000000000,105.0000000000,0,RAY,RAY
RAY - 000003,21,1.0000000000,107.9999999999,107.9999999999,0,RAY,RAY
RAY - 000004,21,1.0000000000,206.0000000001,206.0000000001,0,RAY,RAY
RAY - 000005,21,1.0000000000,99.0000000001,99.0000000001,0,RAY,RAY
RAY - 000006,21,1.0000000000,111.0000000000,111.0000000000,0,RAY,RAY
RAY - 000007,21,1.0000000000,221.0000000000,221.0000000000,0,RAY,RAY
RAY - 000008,21,1.0000000000,91.0000000000,91.0000000000,0,RAY,RAY
RAY - 000009,21,1.0000000000,206.0000000000,206.0000000000,0,RAY,RAY
RAY - 000010,21,1.0000000000,70.0000000002,70.0000000002,0,RAY,RAY
RAY - 000011,21,1.0000000000,195.9999999998,195.9999999998,0,RAY,RAY
RAY - 000012,21,1.0000000000,183.0000000001,183.0000000001,0,RAY,RAY
RAY - 000013,21,1.0000000000,56.0000000000,56.0000000000,0,RAY,RAY
RAY - 000014,21,1.0000000000,119.0000000000,119.0000000000,0,RAY,RAY
REYNOLDS - 000002,27,1.0000000000,75.0000000000,75.0000000000,0,REYNOLDS,REYNOLDS
REYNOLDS - 000003,27,1.0000000000,124.9999999999,124.9999999999,0,REYNOLDS,REYNOLDS
REYNOLDS - 000004,27,1.0000000000,252.0000000000,252.0000000000,0,REYNOLDS,REYNOLDS
REYNOLDS - 000005,27,1.0000000000,99.0000000000,99.0000000000,0,REYNOLDS,REYNOLDS
REYNOLDS - 000006,27,1.0000000000,72.0000000000,72.0000000000,0,REYNOLDS,REYNOLDS
REYNOLDS - 000007,27,1.0000000000,40.9999999999,40.9999999999,0,REYNOLDS,REYNOLDS
REYNOLDS - 000008,27,1.0000000000,133.9999999998,133.9999999998,0,REYNOLDS,REYNOLDS
REYNOLDS - 000009,27,1.0000000000,168.0000000001,168.0000000001,0,REYNOLDS,REYNOLDS
REYNOLDS - 000010,27,1.0000000000,94.0000000000,94.0000000000,0,REYNOLDS,REYNOLDS
REYNOLDS - 000011,27,1.0000000000,142.0000000001,142.0000000001,0,REYNOLDS,REYNOLDS
REYNOLDS - 000012,27,1.0000000000,57.9999999999,57.9999999999,0,REYNOLDS,REYNOLDS
REYNOLDS - 000013,27,1.0000000000,34.0000000000,34.0000000000,0,REYNOLDS,REYNOLDS
REYNOLDS - 000014,27,1.0000000000,19.9999999999,19.9999999999,0,REYNOLDS,REYNOLDS
RIPLEY - 000002,25,1.0000000000,140.0000000001,140.0000000001,0,RIPLEY,RIPLEY
RIPLEY - 000003,25,1.0000000000,125.9999999999,125.9999999999,0,RIPLEY,RIPLEY
RIPLEY - 000004,25,1.0000000000,65.0000000000,65.0000000000,0,RIPLEY,RIPLEY
RIPLEY - 000005,25,1.0000000000,38.0000000000,38.0000000000,0,RIPLEY,RIPLEY
RIPLEY - 000006,25,1.0000000000,93.7676446219,93.7676446219,0,RIPLEY,RIPLEY
RIPLEY - 000007,25,1.0000000000,56.0000000000,56.0000000000,0,RIPLEY,RIPLEY
RIPLEY - 000008,25,1.0000000000,81.0000000002,81.0000000002,0,RIPLEY,RIPLEY
RIPLEY - 000009,25,1.0000000000,33.0000000000,33.0000000000,0,RIPLEY,RIPLEY
RIPLEY - 000010,25,1.0000000000,54.0000000000,54.0000000000,0,RIPLEY,RIPLEY
RIPLEY - 000011,25,1.0000000000,94.9999999997,94.9999999997,0,RIPLEY,RIPLEY
RIPLEY - 000012,25,1.0000000000,120.0000000001,120.0000000001,0,RIPLEY,RIPLEY
RIPLEY - 000013,25,1.0000000000,75.0000000000,75.0000000000,0,RIPLEY,RIPLEY
RIPLEY - 000014,25,1.0000000000,42.0000000000,42.0000000000,0,RIPLEY,RIPLEY
SALINE - 000002,21,1.0000000000,54.9999999999,54.9999999999,0,SALINE,SALINE
SALINE - 000003,21,1.0000000000,108.9999999998,108.9999999998,0,SALINE,SALINE
SALINE - 000004,21,1.0000000000,98.0000000002,98.0000000002,0,SALINE,SALINE
SALINE - 000005,21,1.0000000000,117.0000000002,117.0000000002,0,SALINE,SALINE
SALINE - 000006,21,1.0000000000,183.0000000002,183.0000000002,0,SALINE,SALINE
SALINE - 000007,21,1.0000000000,81.0000000001,81.0000000001,0,SALINE,SALINE
SALINE - 000008,21,1.0000000000,25.0000000000,25.0000000000,0,SALINE,SALINE
SALINE - 000009,21,1.0000000000,83.9999999999,83.9999999999,0,SALINE,SALINE
SALINE - 000010,21,1.0000000000,73.0000000000,73.0000000000,0,SALINE,SALINE
SALINE - 000011,21,1.0000000000,167.0000000002,167.0000000002,0,SALINE,SALINE
SALINE - 000012,21,1.0000000000,130.9999999999,130.9999999999,0,SALINE,SALINE
SALINE - 000013,21,1.0000000000,157.0000000000,157.0000000000,0,SALINE,SALINE
SALINE - 000014,21,1.0000000000,237.9999999996,237.9999999996,0,SALINE,SALINE
SALINE - 000015,21,1.0000000000,132.0000000000,132.0000000000,0,SALINE,SALINE
SALINE - 000016,21,1.0000000000,69.0000000000,69.0000000000,0,SALINE,SALINE
SALINE - 000017,21,1.0000000000,83.9999999999,83.9999999999,0,SALINE,SALINE
SALINE - 000018,21,1.0000000000,100.0000000001,100.0000000001,0,SALINE,SALINE
SALINE - 000019,21,1.0000000000,107.0000000001,107.0000000001,0,SALINE,SALINE
SALINE - 000020,21,1.0000000000,66.0000000000,66.0000000000,0,SALINE,SALINE
SCHUYLER - 000002,18,1.0000000000,188.0000000000,188.0000000000,0,SCHUYLER,SCHUYLER
SCHUYLER - 000003,18,1.0000000000,115.0000000000,115.0000000000,0,SCHUYLER,SCHUYLER
SCHUYLER - 000004,18,1.0000000000,137.0000000001,137.0000000001,0,SCHUYLER,SCHUYLER
SCHUYLER - 000005,18,1.0000000000,140.0000000001,140.0000000001,0,SCHUYLER,SCHUYLER
SCHUYLER - 000006,18,1.0000000000,81.0000000001,81.0000000001,0,SCHUYLER,SCHUYLER
SCOTLAND - 000002,18,1.0000000000,159.0000000000,159.0000000000,0,SCOTLAND,SCOTLAND
SCOTLAND - 000003,18,1.0000000000,110.9999999999,110.9999999999,0,SCOTLAND,SCOTLAND
SCOTLAND - 000004,18,1.0000000000,37.0000000000,37.0000000000,0,SCOTLAND,SCOTLAND
SCOTLAND - 000005,18,1.0000000000,93.9999999997,93.9999999997,0,SCOTLAND,SCOTLAND
SCOTLAND - 000006,18,1.0000000000,97.9999999998,97.9999999998,0,SCOTLAND,SCOTLAND
SCOTLAND - 000007,18,1.0000000000,26.0000000000,26.0000000000,0,SCOTLAND,SCOTLAND
SCOTLAND - 000008,18,1.0000000000,74.0000000000,74.0000000000,0,SCOTLAND,SCOTLAND
SCOTLAND - 000009,18,1.0000000000,220.9999999999,220.9999999999,0,SCOTLAND,SCOTLAND
SCOTT - 000002,27,1.0000000000,69.0000000000,69.0000000000,0,SCOTT,SCOTT
SCOTT - 000003,27,1.0000000000,50.0000000000,50.0000000000,0,SCOTT,SCOTT
SCOTT - 000004,25,0.0088369079,0.4860299372,55.0000000000,0,SCOTT,SCOTT
SCOTT - 000004,27,0.9911630921,54.5139700628,55.0000000000,0,SCOTT,SCOTT
SCOTT - 000005,27,1.0000000000,162.0000000004,162.0000000004,0,SCOTT,SCOTT
SCOTT - 000006,27,1.0000000000,31.0000000000,31.0000000000,0,SCOTT,SCOTT
SCOTT - 000007,27,1.0000000000,152.9999999999,152.9999999999,0,SCOTT,SCOTT
SCOTT - 000008,25,0.0000850093,0.0055256038,64.9999999999,0,SCOTT,SCOTT
SCOTT - 000008,27,0.9999149907,64.9944743961,64.9999999999,0,SCOTT,SCOTT
SCOTT - 000009,27,1.0000000000,103.0000000000,103.0000000000,0,SCOTT,SCOTT
SCOTT - 000010,27,1.0000000000,53.9999999999,53.9999999999,0,SCOTT,SCOTT
SCOTT - 000011,25,0.0000017233,0.0001068464,62.0000000000,0,SCOTT,SCOTT
SCOTT - 000011,27,0.9999982767,61.9998931536,62.0000000000,0,SCOTT,SCOTT
SCOTT - 000012,27,1.0000000000,72.9999999999,72.9999999999,0,SCOTT,SCOTT
SCOTT - 000013,27,1.0000000000,30.0000000000,30.0000000000,0,SCOTT,SCOTT
SCOTT - 000014,25,0.0019523360,0.1483775373,76.0000000000,0,SCOTT,SCOTT
SCOTT - 000014,27,0.9980476640,75.8516224627,76.0000000000,0,SCOTT,SCOTT
SCOTT - 000015,25,0.0000388852,0.0029163878,75.0000000000,0,SCOTT,SCOTT
SCOTT - 000015,27,0.9999611148,74.9970836122,75.0000000000,0,SCOTT,SCOTT
SCOTT - 000016,27,1.0000000000,22.0000000000,22.0000000000,0,SCOTT,SCOTT
SCOTT - 000017,27,1.0000000000,151.0000000000,151.0000000000,0,SCOTT,SCOTT
SCOTT - 000018,27,1.0000000000,59.0000000000,59.0000000000,0,SCOTT,SCOTT
SCOTT - 000019,27,1.0000000000,123.9999999997,123.9999999997,0,SCOTT,SCOTT
SCOTT - 000020,27,1.0000000000,110.0000000000,110.0000000000,0,SCOTT,SCOTT
SCOTT - 000021,27,1.0000000000,48.0000000000,48.0000000000,0,SCOTT,SCOTT
SCOTT - 000022,27,1.0000000000,39.9999999999,39.9999999999,0,SCOTT,SCOTT
SCOTT - 000023,27,1.0000000000,71.0000000000,71.0000000000,0,SCOTT,SCOTT
SCOTT - 000024,27,1.0000000000,67.0000000000,67.0000000000,0,SCOTT,SCOTT
SCOTT - 000025,27,1.0000000000,61.0000000000,61.0000000000,0,SCOTT,SCOTT
SCOTT - 000026,27,1.0000000000,43.0000000000,43.0000000000,0,SCOTT,SCOTT
SCOTT - 000027,25,0.0000443414,0.0022614127,51.0000000000,0,SCOTT,SCOTT
SCOTT - 000027,27,0.9999556586,50.9977385873,51.0000000000,0,SCOTT,SCOTT
SCOTT - 000028,27,1.0000000000,153.0000000003,153.0000000003,0,SCOTT,SCOTT
SCOTT - 000029,27,1.0000000000,188.0000000000,188.0000000000,0,SCOTT,SCOTT
SCOTT - 000030,27,1.0000000000,31.0000000000,31.0000000000,0,SCOTT,SCOTT
SCOTT - 000031,27,1.0000000000,66.9999999999,66.9999999999,0,SCOTT,SCOTT
SHANNON - 000002,33,1.0000000000,77.0000000000,77.0000000000,0,SHANNON,SHANNON
SHANNON - 000003,33,1.0000000000,143.9999999999,143.9999999999,0,SHANNON,SHANNON
SHANNON - 000004,33,1.0000000000,53.0000000000,53.0000000000,0,SHANNON,SHANNON
SHANNON - 000005,27,0.0000430480,0.0155833614,362.0000000000,0,SHANNON,SHANNON
SHANNON - 000005,33,0.9999569520,361.9844166386,362.0000000000,0,SHANNON,SHANNON
SHANNON - 000006,33,1.0000000000,43.0000000000,43.0000000000,0,SHANNON,SHANNON
SHANNON - 000007,33,1.0000000000,42.0000000000,42.0000000000,0,SHANNON,SHANNON
SHANNON - 000008,33,1.0000000000,117.9999999999,117.9999999999,0,SHANNON,SHANNON
SHANNON - 000009,16,0.0103863067,1.3086746437,126.0000000002,0,SHANNON,SHANNON
SHANNON - 000009,33,0.9896136933,124.6913253565,126.0000000002,0,SHANNON,SHANNON
SHANNON - 000010,33,1.0000000000,32.0000000000,32.0000000000,0,SHANNON,SHANNON
SHANNON - 000011,33,1.0000000000,135.9999999998,135.9999999998,0,SHANNON,SHANNON
SHANNON - 000012,33,1.0000000000,236.0000000000,236.0000000000,0,SHANNON,SHANNON
SHELBY - 000002,18,1.0000000000,122.0000000000,122.0000000000,0,SHELBY,SHELBY
SHELBY - 000003,18,1.0000000000,209.9999999998,209.9999999998,0,SHELBY,SHELBY
SHELBY - 000004,18,1.0000000000,24.0000000000,24.0000000000,0,SHELBY,SHELBY
SHELBY - 000005,18,1.0000000000,156.9999999999,156.9999999999,0,SHELBY,SHELBY
SHELBY - 000006,18,1.0000000000,94.0000000000,94.0000000000,0,SHELBY,SHELBY
SHELBY - 000007,18,1.0000000000,91.0000000000,91.0000000000,0,SHELBY,SHELBY
SHELBY - 000008,18,1.0000000000,135.9999999998,135.9999999998,0,SHELBY,SHELBY
SHELBY - 000009,18,1.0000000000,130.0000000000,130.0000000000,0,SHELBY,SHELBY
ST. CHARLES - 000002,23,1.0000000000,130.0000000005,130.0000000005,0,ST CHARLES,ST CHARLES
ST. CHARLES - 000003,23,1.0000000000,25.9999999999,25.9999999999,0,ST CHARLES,ST CHARLES
ST. CHARLES - 000004,23,1.0000000000,22.0000000000,22.0000000000,0,ST CHARLES,ST CHARLES
ST. CHARLES - 000005,23,1.0000000000,19.9999999999,19.9999999999,0,ST CHARLES,ST CHARLES
ST. CHARLES - 000006,23,1.0000000000,43.9999999997,43.9999999997,0,ST CHARLES,ST CHARLES
ST. CHARLES - 000007,23,1.0000000000,62.0000000000,62.0000000000,0,ST CHARLES,ST CHARLES
ST. CHARLES - 000008,23,1.0000000000,32.0000000000,32.0000000000,0,ST CHARLES,ST CHARLES
ST. CHARLES - 000009,23,1.0000000000,10.9999999999,10.9999999999,0,ST CHARLES,ST CHARLES
ST. CHARLES - 000010,23,1.0000000000,14.0000000001,14.0000000001,0,ST CHARLES,ST CHARLES
ST. CHARLES - 000012,23,1.0000000000,24.0000000000,24.0000000000,0,ST CHARLES,ST CHARLES
ST. CHARLES - 000013,23,1.0000000000,25.0000000000,25.0000000000,0,ST CHARLES,ST CHARLES
ST. CHARLES - 000014,23,1.0000000000,43.9999999999,43.9999999999,0,ST CHARLES,ST CHARLES
ST. CHARLES - 000015,23,1.0000000000,9.0000000000,9.0000000000,0,ST CHARLES,ST CHARLES
ST. CHARLES - 000016,23,1.0000000000,23.0000000000,23.0000000000,0,ST CHARLES,ST CHARLES
ST. CHARLES - 000017,23,1.0000000000,45.0000000000,45.0000000000,0,ST CHARLES,ST CHARLES
ST. CHARLES - 000018,2,0.0833581698,6.2518627348,75.0000000001,0,ST CHARLES,ST CHARLES
ST. CHARLES - 000018,23,0.9166418302,68.7481372653,75.0000000001,0,ST CHARLES,ST CHARLES
ST. CHARLES - 000019,23,1.0000000000,52.0000000000,52.0000000000,0,ST CHARLES,ST CHARLES
ST. CHARLES - 000020,23,1.0000000000,42.9999999994,42.9999999994,0,ST CHARLES,ST CHARLES
ST. CHARLES - 000021,23,1.0000000000,21.0000000002,21.0000000002,0,ST CHARLES,ST CHARLES
ST. CHARLES - 000022,2,0.0004844141,0.0169544920,35.0000000002,0,ST CHARLES,ST CHARLES
ST. CHARLES - 000022,23,0.9995155859,34.9830455082,35.0000000002,0,ST CHARLES,ST CHARLES
ST. CHARLES - 000023,23,1.0000000000,6.9999999999,6.9999999999,0,ST CHARLES,ST CHARLES
ST. CHARLES - 000024,23,1.0000000000,20.0000000000,20.0000000000,0,ST CHARLES,ST CHARLES
ST. CHARLES - 000025,23,1.0000000000,15.0000000000,15.0000000000,0,ST CHARLES,ST CHARLES
ST. CHARLES - 000026,23,1.0000000000,24.9999999999,24.9999999999,0,ST CHARLES,ST CHARLES
ST. CHARLES - 000027,23,1.0000000000,12.0000000000,12.0000000000,0,ST CHARLES,ST CHARLES
ST. CHARLES - 000028,23,1.0000000000,19.0000000000,19.0000000000,0,ST CHARLES,ST CHARLES
ST. CHARLES - 000029,23,1.0000000000,23.0000000000,23.0000000000,0,ST CHARLES,ST CHARLES
ST. CHARLES - 000030,23,1.0000000000,3.0000000000,3.0000000000,0,ST CHARLES,ST CHARLES
ST. CHARLES - 000031,23,1.0000000000,14.0000000001,14.0000000001,0,ST CHARLES,ST CHARLES
ST. CHARLES - 000032,2,0.9341923712,36.4335024785,39.0000000000,0,ST CHARLES,ST CHARLES
ST. CHARLES - 000032,23,0.0658076288,2.5664975215,39.0000000000,0,ST CHARLES,ST CHARLES
ST. CHARLES - 000033,2,1.0000000000,71.0000000007,71.0000000007,0,ST CHARLES,ST CHARLES
ST. CHARLES - 000034,2,0.5109606688,25.0370727695,49.0000000000,0,ST CHARLES,ST CHARLES
ST. CHARLES - 000034,23,0.4890393312,23.9629272305,49.0000000000,0,ST CHARLES,ST CHARLES
ST. CHARLES - 000035,2,1.0000000000,59.0000000005,59.0000000005,0,ST CHARLES,ST CHARLES
ST. CHARLES - 000036,2,0.8498775392,37.3946117251,44.0000000000,0,ST CHARLES,ST CHARLES
ST. CHARLES - 000036,23,0.1501224608,6.6053882749,44.0000000000,0,ST CHARLES,ST CHARLES
ST. CHARLES - 000037,2,0.0104779655,0.1362135519,13.0000000001,0,ST CHARLES,ST CHARLES
ST. CHARLES - 000037,23,0.9895220345,12.8637864482,13.0000000001,0,ST CHARLES,ST CHARLES
ST. CHARLES - 000038,2,0.5972784720,39.4203791506,65.9999999996,0,ST CHARLES,ST CHARLES
ST. CHARLES - 000038,23,0.4027215280,26.5796208490,65.9999999996,0,ST CHARLES,ST CHARLES
ST. CHARLES - 000039,2,1.0000000000,32.0000000001,32.0000000001,0,ST CHARLES,ST CHARLES
ST. CHARLES - 000040,2,0.2117717187,9.3179556209,44.0000000002,0,ST CHARLES,ST CHARLES
ST. CHARLES - 000040,23,0.7882282813,34.6820443793,44.0000000002,0,ST CHARLES,ST CHARLES
ST. CHARLES - 000041,23,1.0000000000,12.9999999999,12.9999999999,0,ST CHARLES,ST CHARLES
ST. CHARLES - 000043,23,1.0000000000,27.0000000001,27.0000000001,0,ST CHARLES,ST CHARLES
ST. CHARLES - 000044,23,1.0000000000,70.9999999996,70.9999999996,0,ST CHARLES,ST CHARLES
ST. CHARLES - 000045,2,0.9474541050,22.7388985197,24.0000000001,0,ST CHARLES,ST CHARLES
ST. CHARLES - 000045,23,0.0525458950,1.2611014804,24.0000000001,0,ST CHARLES,ST CHARLES
ST. CHARLES - 000046,2,1.0000000000,66.0000000001,66.0000000001,0,ST CHARLES,ST CHARLES
ST. CHARLES - 000047,2,1.0000000000,23.0000000001,23.0000000001,0,ST CHARLES,ST CHARLES
ST. CHARLES - 000048,2,1.0000000000,30.0000000001,30.0000000001,0,ST CHARLES,ST CHARLES
ST. CHARLES - 000049,2,1.0000000000,27.9999999996,27.9999999996,0,ST CHARLES,ST CHARLES
ST. CHARLES - 000050,2,0.8969732180,21.5273572323,23.9999999999,0,ST CHARLES,ST CHARLES
ST. CHARLES - 000050,23,0.1030267820,2.4726427676,23.9999999999,0,ST CHARLES,ST CHARLES
ST. CHARLES - 000051,2,1.0000000000,60.9999999999,60.9999999999,0,ST CHARLES,ST CHARLES
ST. CHARLES - 000052,2,0.9997410631,37.9901603995,37.9999999999,0,ST CHARLES,ST CHARLES
ST. CHARLES - 000052,23,0.0002589369,0.0098396004,37.9999999999,0,ST CHARLES,ST CHARLES
ST. CHARLES - 000053,2,0.9999643286,75.9972889746,76.0000000004,0,ST CHARLES,ST CHARLES
ST. CHARLES - 000053,23,0.0000356714,0.0027110258,76.0000000004,0,ST CHARLES,ST CHARLES
ST. CHARLES - 000054,2,1.0000000000,50.9999999999,50.9999999999,0,ST CHARLES,ST CHARLES
ST. CHARLES - 000055,2,0.9142857143,31.9999999998,34.9999999998,0,ST CHARLES,ST CHARLES
ST. CHARLES - 000055,23,0.0857142857,3.0000000000,34.9999999998,0,ST CHARLES,ST CHARLES
ST. CHARLES - 000056,2,1.0000000000,50.9999999997,50.9999999997,0,ST CHARLES,ST CHARLES
ST. CHARLES - 000057,2,1.0000000000,12.0000000000,12.0000000000,0,ST CHARLES,ST CHARLES
ST. CHARLES - 000058,2,1.0000000000,10.0000000001,10.0000000001,0,ST CHARLES,ST CHARLES
ST. CHARLES - 000059,2,0.0120212095,1.1660573179,96.9999999995,0,ST CHARLES,ST CHARLES
ST. CHARLES - 000059,10,0.9879787905,95.8339426816,96.9999999995,0,ST CHARLES,ST CHARLES
ST. CHARLES - 000060,10,1.0000000000,135.9999999985,135.9999999985,0,ST CHARLES,ST CHARLES
ST. CHARLES - 000062,2,0.1229576254,17.7058980632,143.9999999998,0,ST CHARLES,ST CHARLES
ST. CHARLES - 000062,10,0.8770423746,126.2941019366,143.9999999998,0,ST CHARLES,ST CHARLES
ST. CHARLES - 000063,10,1.0000000000,92.9999999998,92.9999999998,0,ST CHARLES,ST CHARLES
ST. CHARLES - 000064,2,0.0130307343,1.0554894747,80.9999999996,0,ST CHARLES,ST CHARLES
ST. CHARLES - 000064,10,0.9869692657,79.9445105249,80.9999999996,0,ST CHARLES,ST CHARLES
ST. CHARLES - 000065,2,0.8921670049,29.4415111621,33.0000000001,0,ST CHARLES,ST CHARLES
ST. CHARLES - 000065,10,0.1078329951,3.5584888380,33.0000000001,0,ST CHARLES,ST CHARLES
ST. CHARLES - 000066,2,0.2795665666,15.3761611603,54.9999999996,0,ST CHARLES,ST CHARLES
ST. CHARLES - 000066,10,0.7204334334,39.6238388393,54.9999999996,0,ST CHARLES,ST CHARLES
ST. CHARLES - 000067,2,0.9988332705,28.9661648447,29.0000000000,0,ST CHARLES,ST CHARLES
ST. CHARLES - 000067,10,0.0011667295,0.0338351553,29.0000000000,0,ST CHARLES,ST CHARLES
ST. CHARLES - 000068,2,1.0000000000,56.0000000001,56.0000000001,0,ST CHARLES,ST CHARLES
ST. CHARLES - 000069,2,1.0000000000,38.9999999998,38.9999999998,0,ST CHARLES,ST CHARLES
ST. CHARLES - 000071,2,1.0000000000,128.0000000011,128.0000000011,0,ST CHARLES,ST CHARLES
ST. CHARLES - 000072,2,1.0000000000,73.0000000000,73.0000000000,0,ST CHARLES,ST CHARLES
ST. CHARLES - 000073,2,1.0000000000,63.9999999998,63.9999999998,0,ST CHARLES,ST CHARLES
ST. CHARLES - 000074,2,1.0000000000,100.0000000000,100.0000000000,0,ST CHARLES,ST CHARLES
ST. CHARLES - 000076,2,1.0000000000,45.0000000000,45.0000000000,0,ST CHARLES,ST CHARLES
ST. CHARLES - 000077,2,1.0000000000,38.9999999999,38.9999999999,0,ST CHARLES,ST CHARLES
ST. CHARLES - 000078,2,1.0000000000,18.0000000001,18.0000000001,0,ST CHARLES,ST CHARLES
ST. CHARLES - 000079,2,0.4437830748,13.3134922431,30.0000000002,0,ST CHARLES,ST CHARLES
ST. CHARLES - 000079,10,0.5562169252,16.6865077571,30.0000000002,0,ST CHARLES,ST CHARLES
ST. CHARLES - 000081,2,1.0000000000,48.9999999999,48.9999999999,0,ST CHARLES,ST CHARLES
ST. CHARLES - 000082,2,1.0000000000,38.9999999997,38.9999999997,0,ST CHARLES,ST CHARLES
ST. CHARLES - 000084,23,1.0000000000,27.0000000000,27.0000000000,0,ST CHARLES,ST CHARLES
ST. CHARLES - 000085,23,1.0000000000,52.9999999993,52.9999999993,0,ST CHARLES,ST CHARLES
ST. CHARLES - 000086,2,1.0000000000,14.0000000001,14.0000000001,0,ST CHARLES,ST CHARLES
ST. CHARLES - 000087,2,0.9998644762,248.9662545620,248.9999999997,0,ST CHARLES,ST CHARLES
ST. CHARLES - 000087,15,0.0001355238,0.0337454377,248.9999999997,0,ST CHARLES,ST CHARLES
ST. CHARLES - 000088,2,1.0000000000,56.0000000001,56.0000000001,0,ST CHARLES,ST CHARLES
ST. CHARLES - 000089,2,1.0000000000,29.0000000001,29.0000000001,0,ST CHARLES,ST CHARLES
ST. CHARLES - 000090,2,1.0000000000,78.9999999998,78.9999999998,0,ST CHARLES,ST CHARLES
ST. CHARLES - 000091,2,1.0000000000,44.0000000000,44.0000000000,0,ST CHARLES,ST CHARLES
ST. CHARLES - 000092,2,0.7857024436,21.2139659777,27.0000000001,0,ST CHARLES,ST CHARLES
ST. CHARLES - 000092,15,0.0216100568,0.5834715323,27.0000000001,0,ST CHARLES,ST CHARLES
ST. CHARLES - 000092,23,0.1926874996,5.2025624901,27.0000000001,0,ST CHARLES,ST CHARLES
ST. CHARLES - 000093,2,0.0298419223,0.5669965245,18.9999999999,0,ST CHARLES,ST CHARLES
ST. CHARLES - 000093,23,0.9701580777,18.4330034754,18.9999999999,0,ST CHARLES,ST CHARLES
ST. CHARLES - 000094,2,1.0000000000,34.0000000000,34.0000000000,0,ST CHARLES,ST CHARLES
ST. CHARLES - 000095,23,1.0000000000,63.0000000000,63.0000000000,0,ST CHARLES,ST CHARLES
ST. CHARLES - 000096,2,0.0836925515,1.9249286850,22.9999999998,0,ST CHARLES,ST CHARLES
ST. CHARLES - 000096,23,0.9163074485,21.0750713148,22.9999999998,0,ST CHARLES,ST CHARLES
ST. CHARLES - 000097,2,0.6186079510,7.4232954121,12.0000000000,0,ST CHARLES,ST CHARLES
ST. CHARLES - 000097,23,0.3813920490,4.5767045879,12.0000000000,0,ST CHARLES,ST CHARLES
ST. CHARLES - 000098,23,1.0000000000,80.9999999999,80.9999999999,0,ST CHARLES,ST CHARLES
ST. CHARLES - 000099,23,1.0000000000,32.9999999999,32.9999999999,0,ST CHARLES,ST CHARLES
ST. CHARLES - 000100,23,1.0000000000,48.0000000000,48.0000000000,0,ST CHARLES,ST CHARLES
ST. CHARLES - 000101,23,1.0000000000,31.0000000001,31.0000000001,0,ST CHARLES,ST CHARLES
ST. CHARLES - 000102,23,1.0000000000,52.9999999998,52.9999999998,0,ST CHARLES,ST CHARLES
ST. CHARLES - 000103,23,1.0000000000,21.9999999999,21.9999999999,0,ST CHARLES,ST CHARLES
ST. CHARLES - 000104,23,1.0000000000,22.0000000000,22.0000000000,0,ST CHARLES,ST CHARLES
ST. CHARLES - 000105,23,1.0000000000,14.0000000000,14.0000000000,0,ST CHARLES,ST CHARLES
ST. CHARLES - 000106,23,1.0000000000,13.0000000000,13.0000000000,0,ST CHARLES,ST CHARLES
ST. CHARLES - 000107,23,1.0000000000,32.0000000001,32.0000000001,0,ST CHARLES,ST CHARLES
ST. CHARLES - 000108,23,1.0000000000,22.0000000001,22.0000000001,0,ST CHARLES,ST CHARLES
ST. CHARLES - 000109,23,1.0000000000,55.0000000004,55.0000000004,0,ST CHARLES,ST CHARLES
ST. CHARLES - 000110,23,1.0000000000,68.9999999997,68.9999999997,0,ST CHARLES,ST CHARLES
ST. CHARLES - 000111,23,1.0000000000,85.0000000000,85.0000000000,0,ST CHARLES,ST CHARLES
ST. CHARLES - 000112,23,1.0000000000,58.9999999999,58.9999999999,0,ST CHARLES,ST CHARLES
ST. CHARLES - 000113,23,1.0000000000,43.0000000001,43.0000000001,0,ST CHARLES,ST CHARLES
ST. CHARLES - 000114,23,1.0000000000,52.0000000001,52.0000000001,0,ST CHARLES,ST CHARLES
ST. CHARLES - 000115,23,1.0000000000,104.0000000005,104.0000000005,0,ST CHARLES,ST CHARLES
ST. CHARLES - 000117,23,1.0000000000,21.0000000001,21.0000000001,0,ST CHARLES,ST CHARLES
ST. CHARLES - 000118,23,1.0000000000,104.9999999999,104.9999999999,0,ST CHARLES,ST CHARLES
ST. CHARLES - 000119,23,1.0000000000,29.0000000000,29.0000000000,0,ST CHARLES,ST CHARLES
ST. CHARLES - 000120,23,1.0000000000,34.0000000000,34.0000000000,0,ST CHARLES,ST CHARLES
ST. CHARLES - 000121,23,1.0000000000,29.0000000000,29.0000000000,0,ST CHARLES,ST CHARLES
ST. CHARLES - 000122,23,1.0000000000,12.9999999998,12.9999999998,0,ST CHARLES,ST CHARLES
ST. CHARLES - 000123,23,1.0000000000,24.0000000002,24.0000000002,0,ST CHARLES,ST CHARLES
ST. CHARLES - 000124,23,1.0000000000,10.0000000000,10.0000000000,0,ST CHARLES,ST CHARLES
ST. CHARLES - 000125,23,1.0000000000,52.9999999997,52.9999999997,0,ST CHARLES,ST CHARLES
ST. CHARLES - 000126,23,1.0000000000,63.0000000002,63.0000000002,0,ST CHARLES,ST CHARLES
ST. CHARLES - 000127,23,1.0000000000,28.0000000001,28.0000000001,0,ST CHARLES,ST CHARLES
ST. CHARLES - 000128,23,1.0000000000,11.0000000000,11.0000000000,0,ST CHARLES,ST CHARLES
ST. CHARLES - 000129,23,1.0000000000,42.0000000001,42.0000000001,0,ST CHARLES,ST CHARLES
ST. CHARLES - 000130,23,1.0000000000,41.9999999999,41.9999999999,0,ST CHARLES,ST CHARLES
ST. CHARLES - 000131,23,1.0000000000,56.9999999999,56.9999999999,0,ST CHARLES,ST CHARLES
ST. CHARLES - 000132,23,1.0000000000,24.0000000004,24.0000000004,0,ST CHARLES,ST CHARLES
ST. CHARLES - 000133,23,1.0000000000,7.9999999999,7.9999999999,0,ST CHARLES,ST CHARLES
ST. CHARLES - 000134,23,1.0000000000,29.9999999999,29.9999999999,0,ST CHARLES,ST CHARLES
ST. CHARLES - 000135,2,0.0570539488,3.7655606212,65.9999999997,0,ST CHARLES,ST CHARLES
ST. CHARLES - 000135,23,0.9429460512,62.2344393785,65.9999999997,0,ST CHARLES,ST CHARLES
ST. CHARLES - 000136,2,0.6794767120,9.5126739682,14.0000000000,0,ST CHARLES,ST CHARLES
ST. CHARLES - 000136,23,0.3205232880,4.4873260318,14.0000000000,0,ST CHARLES,ST CHARLES
ST. CHARLES - 000137,23,1.0000000000,4.0000000000,4.0000000000,0,ST CHARLES,ST CHARLES
ST. CHARLES - 000138,23,1.0000000000,32.0000000002,32.0000000002,0,ST CHARLES,ST CHARLES
ST. CHARLES - 000139,23,1.0000000000,14.9999999999,14.9999999999,0,ST CHARLES,ST CHARLES
ST. CHARLES - 000140,23,1.0000000000,21.9999999999,21.9999999999,0,ST CHARLES,ST CHARLES
ST. CHARLES - 000141,23,1.0000000000,46.0000000005,46.0000000005,0,ST CHARLES,ST CHARLES
ST. CHARLES - 000142,2,1.0000000000,51.0000000000,51.0000000000,0,ST CHARLES,ST CHARLES
ST. CLAIR - 000002,28,1.0000000000,49.0000000000,49.0000000000,0,ST CLAIR,ST CLAIR
ST. CLAIR - 000003,28,1.0000000000,114.0000000000,114.0000000000,0,ST CLAIR,ST CLAIR
ST. CLAIR - 000004,28,1.0000000000,73.9999999998,73.9999999998,0,ST CLAIR,ST CLAIR
ST. CLAIR - 000005,28,1.0000000000,89.0000000000,89.0000000000,0,ST CLAIR,ST CLAIR
ST. CLAIR - 000006,28,1.0000000000,36.0000000000,36.0000000000,0,ST CLAIR,ST CLAIR
ST. CLAIR - 000007,28,1.0000000000,69.9999999998,69.9999999998,0,ST CLAIR,ST CLAIR
ST. CLAIR - 000008,28,1.0000000000,63.0000000003,63.0000000003,0,ST CLAIR,ST CLAIR
ST. CLAIR - 000009,28,1.0000000000,83.0000000005,83.0000000005,0,ST CLAIR,ST CLAIR
ST. CLAIR - 000010,28,1.0000000000,65.0000000003,65.0000000003,0,ST CLAIR,ST CLAIR
ST. CLAIR - 000011,28,1.0000000000,44.0000000000,44.0000000000,0,ST CLAIR,ST CLAIR
ST. CLAIR - 000012,28,1.0000000000,54.0000000000,54.0000000000,0,ST CLAIR,ST CLAIR
ST. CLAIR - 000013,28,1.0000000000,46.9999999999,46.9999999999,0,ST CLAIR,ST CLAIR
ST. CLAIR - 000014,28,1.0000000000,122.0000000000,122.0000000000,0,ST CLAIR,ST CLAIR
ST. CLAIR - 000015,28,1.0000000000,34.9999999994,34.9999999994,0,ST CLAIR,ST CLAIR
ST. CLAIR - 000016,28,1.0000000000,104.0000000004,104.0000000004,0,ST CLAIR,ST CLAIR
ST. CLAIR - 000017,28,1.0000000000,88.0000000002,88.0000000002,0,ST CLAIR,ST CLAIR
ST. CLAIR - 000018,28,1.0000000000,43.9999999997,43.9999999997,0,ST CLAIR,ST CLAIR
ST. CLAIR - 000019,28,1.0000000000,42.0000000001,42.0000000001,0,ST CLAIR,ST CLAIR
ST. FRANCOIS - 000002,3,1.0000000000,68.0000000000,68.0000000000,0,ST FRANCOIS,ST FRANCOIS
ST. FRANCOIS - 000003,3,1.0000000000,84.0000000001,84.0000000001,0,ST FRANCOIS,ST FRANCOIS
ST. FRANCOIS - 000004,3,1.0000000000,123.0000000000,123.0000000000,0,ST FRANCOIS,ST FRANCOIS
ST. FRANCOIS - 000005,3,1.0000000000,224.0000000001,224.0000000001,0,ST FRANCOIS,ST FRANCOIS
ST. FRANCOIS - 000006,3,1.0000000000,49.9999999993,49.9999999993,0,ST FRANCOIS,ST FRANCOIS
ST. FRANCOIS - 000007,3,1.0000000000,37.0000000001,37.0000000001,0,ST FRANCOIS,ST FRANCOIS
ST. FRANCOIS - 000008,3,1.0000000000,45.0000000000,45.0000000000,0,ST FRANCOIS,ST FRANCOIS
ST. FRANCOIS - 000009,3,1.0000000000,91.0000000001,91.0000000001,0,ST FRANCOIS,ST FRANCOIS
ST. FRANCOIS - 000010,3,1.0000000000,104.0000000000,104.0000000000,0,ST FRANCOIS,ST FRANCOIS
ST. FRANCOIS - 000011,3,1.0000000000,125.9999999999,125.9999999999,0,ST FRANCOIS,ST FRANCOIS
ST. FRANCOIS - 000012,3,1.0000000000,149.9999999998,149.9999999998,0,ST FRANCOIS,ST FRANCOIS
ST. FRANCOIS - 000013,3,1.0000000000,123.0000000001,123.0000000001,0,ST FRANCOIS,ST FRANCOIS
ST. FRANCOIS - 000014,3,1.0000000000,119.9999999987,119.9999999987,0,ST FRANCOIS,ST FRANCOIS
ST. FRANCOIS - 000015,3,1.0000000000,119.0000000000,119.0000000000,0,ST FRANCOIS,ST FRANCOIS
ST. FRANCOIS - 000016,3,1.0000000000,58.9999999999,58.9999999999,0,ST FRANCOIS,ST FRANCOIS
ST. FRANCOIS - 000017,3,1.0000000000,120.0000000000,120.0000000000,0,ST FRANCOIS,ST FRANCOIS
ST. FRANCOIS - 000018,3,0.9989610255,78.9179210181,79.0000000001,0,ST FRANCOIS,ST FRANCOIS
ST. FRANCOIS - 000018,27,0.0010389745,0.0820789820,79.0000000001,0,ST FRANCOIS,ST FRANCOIS
ST. FRANCOIS - 000019,3,1.0000000000,63.9999999999,63.9999999999,0,ST FRANCOIS,ST FRANCOIS
ST. FRANCOIS - 000020,3,1.0000000000,33.0000000001,33.0000000001,0,ST FRANCOIS,ST FRANCOIS
ST. FRANCOIS - 000021,3,1.0000000000,75.0000000001,75.0000000001,0,ST FRANCOIS,ST FRANCOIS
ST. FRANCOIS - 000022,3,0.9974200643,68.8219844359,69.0000000001,0,ST FRANCOIS,ST FRANCOIS
ST. FRANCOIS - 000022,27,0.0025799357,0.1780155642,69.0000000001,0,ST FRANCOIS,ST FRANCOIS
ST. FRANCOIS - 000023,3,1.0000000000,276.0000000003,276.0000000003,0,ST FRANCOIS,ST FRANCOIS
ST. FRANCOIS - 000024,3,1.0000000000,74.0000000000,74.0000000000,0,ST FRANCOIS,ST FRANCOIS
ST. FRANCOIS - 000025,3,1.0000000000,86.0000000000,86.0000000000,0,ST FRANCOIS,ST FRANCOIS
ST. FRANCOIS - 000026,3,1.0000000000,260.0000000000,260.0000000000,0,ST FRANCOIS,ST FRANCOIS
ST. FRANCOIS - 000027,3,1.0000000000,169.9999999997,169.9999999997,0,ST FRANCOIS,ST FRANCOIS
ST. FRANCOIS - 000028,3,1.0000000000,194.9999999998,194.9999999998,0,ST FRANCOIS,ST FRANCOIS
ST. FRANCOIS - 000029,3,1.0000000000,156.0000000001,156.0000000001,0,ST FRANCOIS,ST FRANCOIS
ST. LOUIS - 000002,14,1.0000000000,21.9999999999,21.9999999999,0,ST LOUIS,ST LOUIS
ST. LOUIS - 000003,14,1.0000000000,61.0000000001,61.0000000001,0,ST LOUIS,ST LOUIS
ST. LOUIS - 000004,14,1.0000000000,31.0000000001,31.0000000001,0,ST LOUIS,ST LOUIS
ST. LOUIS - 000005,14,1.0000000000,11.0000000000,11.0000000000,0,ST LOUIS,ST LOUIS
ST. LOUIS - 000006,14,1.0000000000,10.0000000000,10.0000000000,0,ST LOUIS,ST LOUIS
ST. LOUIS - 000007,13,0.0544280328,4.4630986913,82.0000000018,0,ST LOUIS,ST LOUIS
ST. LOUIS - 000007,14,0.9455719672,77.5369013104,82.0000000018,0,ST LOUIS,ST LOUIS
ST. LOUIS - 000008,14,1.0000000000,7.0000000000,7.0000000000,0,ST LOUIS,ST LOUIS
ST. LOUIS - 000009,14,1.0000000000,15.0000000000,15.0000000000,0,ST LOUIS,ST LOUIS
ST. LOUIS - 000010,14,0.1804638204,0.3609276408,2.0000000000,0,ST LOUIS,ST LOUIS
ST. LOUIS - 000010,24,0.8195361796,1.6390723592,2.0000000000,0,ST LOUIS,ST LOUIS
ST. LOUIS - 000011,14,1.0000000000,53.9999999998,53.9999999998,0,ST LOUIS,ST LOUIS
ST. LOUIS - 000012,14,1.0000000000,8.0000000000,8.0000000000,0,ST LOUIS,ST LOUIS
ST. LOUIS - 000013,14,1.0000000000,9.9999999999,9.9999999999,0,ST LOUIS,ST LOUIS
ST. LOUIS - 000014,14,1.0000000000,29.0000000000,29.0000000000,0,ST LOUIS,ST LOUIS
ST. LOUIS - 000016,24,1.0000000000,20.0000000000,20.0000000000,0,ST LOUIS,ST LOUIS
ST. LOUIS - 000017,13,0.8523355330,12.7850329951,15.0000000000,0,ST LOUIS,ST LOUIS
ST. LOUIS - 000017,14,0.1476644670,2.2149670049,15.0000000000,0,ST LOUIS,ST LOUIS
ST. LOUIS - 000018,14,1.0000000000,26.0000000001,26.0000000001,0,ST LOUIS,ST LOUIS
ST. LOUIS - 000019,13,0.8144199848,18.7316596504,23.0000000000,0,ST LOUIS,ST LOUIS
ST. LOUIS - 000019,14,0.1855800152,4.2683403496,23.0000000000,0,ST LOUIS,ST LOUIS
ST. LOUIS - 000020,14,1.0000000000,5.0000000000,5.0000000000,0,ST LOUIS,ST LOUIS
ST. LOUIS - 000021,14,1.0000000000,44.0000000000,44.0000000000,0,ST LOUIS,ST LOUIS
ST. LOUIS - 000022,13,0.9374615526,9.3746155255,10.0000000000,0,ST LOUIS,ST LOUIS
ST. LOUIS - 000022,14,0.0625384475,0.6253844745,10.0000000000,0,ST LOUIS,ST LOUIS
ST. LOUIS - 000023,14,1.0000000000,8.0000000000,8.0000000000,0,ST LOUIS,ST LOUIS
ST. LOUIS - 000024,14,1.0000000000,6.9999999997,6.9999999997,0,ST LOUIS,ST LOUIS
ST. LOUIS - 000025,13,1.0000000000,7.0000000001,7.0000000001,0,ST LOUIS,ST LOUIS
ST. LOUIS - 000026,14,1.0000000000,17.9999999999,17.9999999999,0,ST LOUIS,ST LOUIS
ST. LOUIS - 000027,14,1.0000000000,16.0000000000,16.0000000000,0,ST LOUIS,ST LOUIS
ST. LOUIS - 000028,14,1.0000000000,33.9999999998,33.9999999998,0,ST LOUIS,ST LOUIS
ST. LOUIS - 000029,24,1.0000000000,18.0000000000,18.0000000000,0,ST LOUIS,ST LOUIS
ST. LOUIS - 000030,22,0.0008888358,0.0275539108,31.0000000000,0,ST LOUIS,ST LOUIS
ST. LOUIS - 000030,24,0.9991111642,30.9724460892,31.0000000000,0,ST LOUIS,ST LOUIS
ST. LOUIS - 000031,24,1.0000000000,23.0000000001,23.0000000001,0,ST LOUIS,ST LOUIS
ST. LOUIS - 000032,24,1.0000000000,28.0000000001,28.0000000001,0,ST LOUIS,ST LOUIS
ST. LOUIS - 000033,24,1.0000000000,17.0000000000,17.0000000000,0,ST LOUIS,ST LOUIS
ST. LOUIS - 000034,1,1.0000000000,55.0000000000,55.0000000000,0,ST LOUIS,ST LOUIS
ST. LOUIS - 000035,22,0.0424069654,3.2229293670,76.0000000000,0,ST LOUIS,ST LOUIS
ST. LOUIS - 000035,24,0.9575930346,72.7770706330,76.0000000000,0,ST LOUIS,ST LOUIS
ST. LOUIS - 000036,24,1.0000000000,14.0000000000,14.0000000000,0,ST LOUIS,ST LOUIS
ST. LOUIS - 000037,24,1.0000000000,31.0000000000,31.0000000000,0,ST LOUIS,ST LOUIS
ST. LOUIS - 000038,24,1.0000000000,18.0000000000,18.0000000000,0,ST LOUIS,ST LOUIS
ST. LOUIS - 000039,1,0.0170060886,0.3741339492,22.0000000000,0,ST LOUIS,ST LOUIS
ST. LOUIS - 000039,24,0.9829939114,21.6258660508,22.0000000000,0,ST LOUIS,ST LOUIS
ST. LOUIS - 000040,24,1.0000000000,15.9999999999,15.9999999999,0,ST LOUIS,ST LOUIS
ST. LOUIS - 000041,24,1.0000000000,18.0000000001,18.0000000001,0,ST LOUIS,ST LOUIS
ST. LOUIS - 000042,24,1.0000000000,57.0000000001,57.0000000001,0,ST LOUIS,ST LOUIS
ST. LOUIS - 000043,24,1.0000000000,33.0000000000,33.0000000000,0,ST LOUIS,ST LOUIS
ST. LOUIS - 000044,24,1.0000000000,22.0000000000,22.0000000000,0,ST LOUIS,ST LOUIS
ST. LOUIS - 000045,1,0.0001469760,0.0058790418,40.0000000000,0,ST LOUIS,ST LOUIS
ST. LOUIS - 000045,24,0.9998530240,39.9941209582,40.0000000000,0,ST LOUIS,ST LOUIS
ST. LOUIS - 000046,24,1.0000000000,9.0000000000,9.0000000000,0,ST LOUIS,ST LOUIS
ST. LOUIS - 000047,24,1.0000000000,30.0000000000,30.0000000000,0,ST LOUIS,ST LOUIS
ST. LOUIS - 000048,24,1.0000000000,31.0000000000,31.0000000000,0,ST LOUIS,ST LOUIS
ST. LOUIS - 000049,24,1.0000000000,28.0000000000,28.0000000000,0,ST LOUIS,ST LOUIS
ST. LOUIS - 000050,24,1.0000000000,16.0000000000,16.0000000000,0,ST LOUIS,ST LOUIS
ST. LOUIS - 000051,24,1.0000000000,29.0000000000,29.0000000000,0,ST LOUIS,ST LOUIS
ST. LOUIS - 000052,15,1.0000000000,60.0000000002,60.0000000002,0,ST LOUIS,ST LOUIS
ST. LOUIS - 000053,15,1.0000000000,16.0000000000,16.0000000000,0,ST LOUIS,ST LOUIS
ST. LOUIS - 000054,15,1.0000000000,18.0000000001,18.0000000001,0,ST LOUIS,ST LOUIS
ST. LOUIS - 000055,15,1.0000000000,17.0000000001,17.0000000001,0,ST LOUIS,ST LOUIS
ST. LOUIS - 000056,15,1.0000000000,14.9999999999,14.9999999999,0,ST LOUIS,ST LOUIS
ST. LOUIS - 000057,15,1.0000000000,5.0000000001,5.0000000001,0,ST LOUIS,ST LOUIS
ST. LOUIS - 000058,15,1.0000000000,70.0000000003,70.0000000003,0,ST LOUIS,ST LOUIS
ST. LOUIS - 000059,15,1.0000000000,18.0000000001,18.0000000001,0,ST LOUIS,ST LOUIS
ST. LOUIS - 000060,15,1.0000000000,31.0000000001,31.0000000001,0,ST LOUIS,ST LOUIS
ST. LOUIS - 000061,15,1.0000000000,19.9999999999,19.9999999999,0,ST LOUIS,ST LOUIS
ST. LOUIS - 000062,15,1.0000000000,10.0000000000,10.0000000000,0,ST LOUIS,ST LOUIS
ST. LOUIS - 000063,15,1.0000000000,27.0000000004,27.0000000004,0,ST LOUIS,ST LOUIS
ST. LOUIS - 000064,15,1.0000000000,32.9999999992,32.9999999992,0,ST LOUIS,ST LOUIS
ST. LOUIS - 000065,15,1.0000000000,8.0000000000,8.0000000000,0,ST LOUIS,ST LOUIS
ST. LOUIS - 000066,15,1.0000000000,6.0000000000,6.0000000000,0,ST LOUIS,ST LOUIS
ST. LOUIS - 000067,15,0.9234639091,32.3212368196,35.0000000001,0,ST LOUIS,ST LOUIS
ST. LOUIS - 000067,24,0.0765360909,2.6787631805,35.0000000001,0,ST LOUIS,ST LOUIS
ST. LOUIS - 000068,15,1.0000000000,25.0000000000,25.0000000000,0,ST LOUIS,ST LOUIS
ST. LOUIS - 000069,15,1.0000000000,26.0000000002,26.0000000002,0,ST LOUIS,ST LOUIS
ST. LOUIS - 000070,15,1.0000000000,5.0000000001,5.0000000001,0,ST LOUIS,ST LOUIS
ST. LOUIS - 000071,15,1.0000000000,16.0000000001,16.0000000001,0,ST LOUIS,ST LOUIS
ST. LOUIS - 000072,15,1.0000000000,24.0000000000,24.0000000000,0,ST LOUIS,ST LOUIS
ST. LOUIS - 000073,15,1.0000000000,18.0000000000,18.0000000000,0,ST LOUIS,ST LOUIS
ST. LOUIS - 000074,14,1.0000000000,32.0000000000,32.0000000000,0,ST LOUIS,ST LOUIS
ST. LOUIS - 000075,4,0.9515647577,25.6922484577,27.0000000000,0,ST LOUIS,ST LOUIS
ST. LOUIS - 000075,14,0.0484352423,1.3077515423,27.0000000000,0,ST LOUIS,ST LOUIS
ST. LOUIS - 000076,24,1.0000000000,5.0000000000,5.0000000000,0,ST LOUIS,ST LOUIS
ST. LOUIS - 000077,4,0.0286911598,0.9754994329,34.0000000001,0,ST LOUIS,ST LOUIS
ST. LOUIS - 000077,14,0.0164086395,0.5578937416,34.0000000001,0,ST LOUIS,ST LOUIS
ST. LOUIS - 000077,24,0.9549002008,32.4666068256,34.0000000001,0,ST LOUIS,ST LOUIS
ST. LOUIS - 000078,24,1.0000000000,24.9999999999,24.9999999999,0,ST LOUIS,ST LOUIS
ST. LOUIS - 000079,4,0.0540540541,2.0000000000,37.0000000001,0,ST LOUIS,ST LOUIS
ST. LOUIS - 000079,24,0.9459459459,35.0000000001,37.0000000001,0,ST LOUIS,ST LOUIS
ST. LOUIS - 000080,4,1.0000000000,54.9999999999,54.9999999999,0,ST LOUIS,ST LOUIS
ST. LOUIS - 000081,1,1.0000000000,42.0000000000,42.0000000000,0,ST LOUIS,ST LOUIS
ST. LOUIS - 000082,4,0.9999119529,19.9982390573,19.9999999999,0,ST LOUIS,ST LOUIS
ST. LOUIS - 000082,24,0.0000880471,0.0017609426,19.9999999999,0,ST LOUIS,ST LOUIS
ST. LOUIS - 000083,4,1.0000000000,27.0000000000,27.0000000000,0,ST LOUIS,ST LOUIS
ST. LOUIS - 000084,4,0.0150155207,0.5255432236,35.0000000000,0,ST LOUIS,ST LOUIS
ST. LOUIS - 000084,24,0.9849844793,34.4744567764,35.0000000000,0,ST LOUIS,ST LOUIS
ST. LOUIS - 000085,24,1.0000000000,23.0000000001,23.0000000001,0,ST LOUIS,ST LOUIS
ST. LOUIS - 000086,4,1.0000000000,39.0000000001,39.0000000001,0,ST LOUIS,ST LOUIS
ST. LOUIS - 000087,4,1.0000000000,2.0000000000,2.0000000000,0,ST LOUIS,ST LOUIS
ST. LOUIS - 000088,4,0.9803921569,50.0000000000,51.0000000000,0,ST LOUIS,ST LOUIS
ST. LOUIS - 000088,24,0.0196078431,1.0000000000,51.0000000000,0,ST LOUIS,ST LOUIS
ST. LOUIS - 000089,4,1.0000000000,12.9999999998,12.9999999998,0,ST LOUIS,ST LOUIS
ST. LOUIS - 000090,4,1.0000000000,42.9999999999,42.9999999999,0,ST LOUIS,ST LOUIS
ST. LOUIS - 000091,4,0.9999895142,19.9997902849,20.0000000000,0,ST LOUIS,ST LOUIS
ST. LOUIS - 000091,24,0.0000104858,0.0002097151,20.0000000000,0,ST LOUIS,ST LOUIS
ST. LOUIS - 000092,4,1.0000000000,27.0000000001,27.0000000001,0,ST LOUIS,ST LOUIS
ST. LOUIS - 000093,4,1.0000000000,24.0000000000,24.0000000000,0,ST LOUIS,ST LOUIS
ST. LOUIS - 000094,1,0.1004487837,2.0089756734,20.0000000000,0,ST LOUIS,ST LOUIS
ST. LOUIS - 000094,4,0.8995512163,17.9910243266,20.0000000000,0,ST LOUIS,ST LOUIS
ST. LOUIS - 000095,4,1.0000000000,7.0000000000,7.0000000000,0,ST LOUIS,ST LOUIS
ST. LOUIS - 000097,4,0.2000000000,1.0000000000,5.0000000000,0,ST LOUIS,ST LOUIS
ST. LOUIS - 000097,24,0.8000000000,4.0000000000,5.0000000000,0,ST LOUIS,ST LOUIS
ST. LOUIS - 000098,4,1.0000000000,14.0000000000,14.0000000000,0,ST LOUIS,ST LOUIS
ST. LOUIS - 000099,4,1.0000000000,17.0000000000,17.0000000000,0,ST LOUIS,ST LOUIS
ST. LOUIS - 000100,1,0.5815423279,15.7016428523,27.0000000000,0,ST LOUIS,ST LOUIS
ST. LOUIS - 000100,4,0.4184576721,11.2983571477,27.0000000000,0,ST LOUIS,ST LOUIS
ST. LOUIS - 000101,1,1.0000000000,14.0000000000,14.0000000000,0,ST LOUIS,ST LOUIS
ST. LOUIS - 000102,1,1.0000000000,42.9999999998,42.9999999998,0,ST LOUIS,ST LOUIS
ST. LOUIS - 000103,1,1.0000000000,20.9999999999,20.9999999999,0,ST LOUIS,ST LOUIS
ST. LOUIS - 000104,1,1.0000000000,5.0000000000,5.0000000000,0,ST LOUIS,ST LOUIS
ST. LOUIS - 000105,1,1.0000000000,9.0000000000,9.0000000000,0,ST LOUIS,ST LOUIS
ST. LOUIS - 000106,1,0.9932058682,41.7146464647,42.0000000001,0,ST LOUIS,ST LOUIS
ST. LOUIS - 000106,4,0.0067941318,0.2853535354,42.0000000001,0,ST LOUIS,ST LOUIS
ST. LOUIS - 000107,1,1.0000000000,4.0000000000,4.0000000000,0,ST LOUIS,ST LOUIS
ST. LOUIS - 000108,1,1.0000000000,30.0000000001,30.0000000001,0,ST LOUIS,ST LOUIS
ST. LOUIS - 000109,1,1.0000000000,15.0000000000,15.0000000000,0,ST LOUIS,ST LOUIS
ST. LOUIS - 000110,1,0.7500000000,12.0000000001,16.0000000001,0,ST LOUIS,ST LOUIS
ST. LOUIS - 000110,24,0.2500000000,4.0000000000,16.0000000001,0,ST LOUIS,ST LOUIS
ST. LOUIS - 000111,24,1.0000000000,16.9999999999,16.9999999999,0,ST LOUIS,ST LOUIS
ST. LOUIS - 000112,1,1.0000000000,9.0000000000,9.0000000000,0,ST LOUIS,ST LOUIS
ST. LOUIS - 000113,1,1.0000000000,2.0000000000,2.0000000000,0,ST LOUIS,ST LOUIS
ST. LOUIS - 000114,1,1.0000000000,29.0000000000,29.0000000000,0,ST LOUIS,ST LOUIS
ST. LOUIS - 000115,1,1.0000000000,7.0000000000,7.0000000000,0,ST LOUIS,ST LOUIS
ST. LOUIS - 000116,1,1.0000000000,7.0000000000,7.0000000000,0,ST LOUIS,ST LOUIS
ST. LOUIS - 000117,1,1.0000000000,12.0000000000,12.0000000000,0,ST LOUIS,ST LOUIS
ST. LOUIS - 000118,1,1.0000000000,23.0000000001,23.0000000001,0,ST LOUIS,ST LOUIS
ST. LOUIS - 000119,1,1.0000000000,13.0000000001,13.0000000001,0,ST LOUIS,ST LOUIS
ST. LOUIS - 000120,1,1.0000000000,15.0000000000,15.0000000000,0,ST LOUIS,ST LOUIS
ST. LOUIS - 000121,1,1.0000000000,5.0000000000,5.0000000000,0,ST LOUIS,ST LOUIS
ST. LOUIS - 000122,1,1.0000000000,12.0000000000,12.0000000000,0,ST LOUIS,ST LOUIS
ST. LOUIS - 000123,1,1.0000000000,7.9999999999,7.9999999999,0,ST LOUIS,ST LOUIS
ST. LOUIS - 000124,1,1.0000000000,11.9999999999,11.9999999999,0,ST LOUIS,ST LOUIS
ST. LOUIS - 000125,1,1.0000000000,47.0000000001,47.0000000001,0,ST LOUIS,ST LOUIS
ST. LOUIS - 000126,24,1.0000000000,20.0000000000,20.0000000000,0,ST LOUIS,ST LOUIS
ST. LOUIS - 000127,24,1.0000000000,15.0000000001,15.0000000001,0,ST LOUIS,ST LOUIS
ST. LOUIS - 000128,24,1.0000000000,31.9999999999,31.9999999999,0,ST LOUIS,ST LOUIS
ST. LOUIS - 000129,24,1.0000000000,9.9999999999,9.9999999999,0,ST LOUIS,ST LOUIS
ST. LOUIS - 000130,24,1.0000000000,25.0000000000,25.0000000000,0,ST LOUIS,ST LOUIS
ST. LOUIS - 000131,24,1.0000000000,2.0000000000,2.0000000000,0,ST LOUIS,ST LOUIS
ST. LOUIS - 000132,14,0.6183379989,34.0085899388,54.9999999999,0,ST LOUIS,ST LOUIS
ST. LOUIS - 000132,24,0.3816620011,20.9914100611,54.9999999999,0,ST LOUIS,ST LOUIS
ST. LOUIS - 000133,14,0.9999921646,28.9997727730,29.0000000000,0,ST LOUIS,ST LOUIS
ST. LOUIS - 000133,24,0.0000078354,0.0002272270,29.0000000000,0,ST LOUIS,ST LOUIS
ST. LOUIS - 000134,14,0.9985517666,18.9724835653,18.9999999998,0,ST LOUIS,ST LOUIS
ST. LOUIS - 000134,24,0.0014482334,0.0275164345,18.9999999998,0,ST LOUIS,ST LOUIS
ST. LOUIS - 000135,24,1.0000000000,29.9999999999,29.9999999999,0,ST LOUIS,ST LOUIS
ST. LOUIS - 000136,14,1.0000000000,7.0000000000,7.0000000000,0,ST LOUIS,ST LOUIS
ST. LOUIS - 000137,14,1.0000000000,4.0000000000,4.0000000000,0,ST LOUIS,ST LOUIS
ST. LOUIS - 000138,14,1.0000000000,7.0000000000,7.0000000000,0,ST LOUIS,ST LOUIS
ST. LOUIS - 000139,24,1.0000000000,16.0000000001,16.0000000001,0,ST LOUIS,ST LOUIS
ST. LOUIS - 000140,24,1.0000000000,16.0000000000,16.0000000000,0,ST LOUIS,ST LOUIS
ST. LOUIS - 000141,14,1.0000000000,9.9999999999,9.9999999999,0,ST LOUIS,ST LOUIS
ST. LOUIS - 000142,24,1.0000000000,14.0000000000,14.0000000000,0,ST LOUIS,ST LOUIS
ST. LOUIS - 000143,24,1.0000000000,7.0000000000,7.0000000000,0,ST LOUIS,ST LOUIS
ST. LOUIS - 000144,24,1.0000000000,29.9999999998,29.9999999998,0,ST LOUIS,ST LOUIS
ST. LOUIS - 000145,24,1.0000000000,4.9999999999,4.9999999999,0,ST LOUIS,ST LOUIS
ST. LOUIS - 000146,24,1.0000000000,6.0000000000,6.0000000000,0,ST LOUIS,ST LOUIS
ST. LOUIS - 000147,24,1.0000000000,13.0000000000,13.0000000000,0,ST LOUIS,ST LOUIS
ST. LOUIS - 000148,14,0.3000000000,3.0000000000,10.0000000000,0,ST LOUIS,ST LOUIS
ST. LOUIS - 000148,24,0.7000000000,7.0000000000,10.0000000000,0,ST LOUIS,ST LOUIS
ST. LOUIS - 000149,24,1.0000000000,5.0000000000,5.0000000000,0,ST LOUIS,ST LOUIS
ST. LOUIS - 000150,24,1.0000000000,15.0000000000,15.0000000000,0,ST LOUIS,ST LOUIS
ST. LOUIS - 000152,24,1.0000000000,54.0000000000,54.0000000000,0,ST LOUIS,ST LOUIS
ST. LOUIS - 000153,24,1.0000000000,32.0000000001,32.0000000001,0,ST LOUIS,ST LOUIS
ST. LOUIS - 000154,14,1.0000000000,19.9999999998,19.9999999998,0,ST LOUIS,ST LOUIS
ST. LOUIS - 000155,14,1.0000000000,6.0000000000,6.0000000000,0,ST LOUIS,ST LOUIS
ST. LOUIS - 000156,14,1.0000000000,4.0000000000,4.0000000000,0,ST LOUIS,ST LOUIS
ST. LOUIS - 000157,14,1.0000000000,17.0000000000,17.0000000000,0,ST LOUIS,ST LOUIS
ST. LOUIS - 000158,14,1.0000000000,50.9999999999,50.9999999999,0,ST LOUIS,ST LOUIS
ST. LOUIS - 000159,14,1.0000000000,29.0000000000,29.0000000000,0,ST LOUIS,ST LOUIS
ST. LOUIS - 000160,14,1.0000000000,21.9999999999,21.9999999999,0,ST LOUIS,ST LOUIS
ST. LOUIS - 000161,14,1.0000000000,13.0000000000,13.0000000000,0,ST LOUIS,ST LOUIS
ST. LOUIS - 000162,14,1.0000000000,26.0000000001,26.0000000001,0,ST LOUIS,ST LOUIS
ST. LOUIS - 000163,14,1.0000000000,26.0000000000,26.0000000000,0,ST LOUIS,ST LOUIS
ST. LOUIS - 000164,14,1.0000000000,17.0000000000,17.0000000000,0,ST LOUIS,ST LOUIS
ST. LOUIS - 000165,13,0.3582860263,11.8234388682,33.0000000000,0,ST LOUIS,ST LOUIS
ST. LOUIS - 000165,14,0.6417139737,21.1765611318,33.0000000000,0,ST LOUIS,ST LOUIS
ST. LOUIS - 000166,14,1.0000000000,9.0000000000,9.0000000000,0,ST LOUIS,ST LOUIS
ST. LOUIS - 000167,14,1.0000000000,20.0000000000,20.0000000000,0,ST LOUIS,ST LOUIS
ST. LOUIS - 000168,14,1.0000000000,23.0000000000,23.0000000000,0,ST LOUIS,ST LOUIS
ST. LOUIS - 000169,13,1.0000000000,26.0000000000,26.0000000000,0,ST LOUIS,ST LOUIS
ST. LOUIS - 000170,13,1.0000000000,23.0000000000,23.0000000000,0,ST LOUIS,ST LOUIS
ST. LOUIS - 000171,13,0.9125686975,13.6885304619,15.0000000001,0,ST LOUIS,ST LOUIS
ST. LOUIS - 000171,14,0.0874313025,1.3114695382,15.0000000001,0,ST LOUIS,ST LOUIS
ST. LOUIS - 000172,14,1.0000000000,7.0000000000,7.0000000000,0,ST LOUIS,ST LOUIS
ST. LOUIS - 000173,13,1.0000000000,8.0000000000,8.0000000000,0,ST LOUIS,ST LOUIS
ST. LOUIS - 000174,13,1.0000000000,3.0000000000,3.0000000000,0,ST LOUIS,ST LOUIS
ST. LOUIS - 000175,13,0.0500000000,1.0000000000,19.9999999999,0,ST LOUIS,ST LOUIS
ST. LOUIS - 000175,14,0.9500000000,18.9999999999,19.9999999999,0,ST LOUIS,ST LOUIS
ST. LOUIS - 000176,13,1.0000000000,28.9999999999,28.9999999999,0,ST LOUIS,ST LOUIS
ST. LOUIS - 000177,14,1.0000000000,2.0000000000,2.0000000000,0,ST LOUIS,ST LOUIS
ST. LOUIS - 000178,14,1.0000000000,12.0000000000,12.0000000000,0,ST LOUIS,ST LOUIS
ST. LOUIS - 000179,14,1.0000000000,15.0000000000,15.0000000000,0,ST LOUIS,ST LOUIS
ST. LOUIS - 000180,13,0.3382625172,8.1183004133,24.0000000000,0,ST LOUIS,ST LOUIS
ST. LOUIS - 000180,14,0.6617374828,15.8816995867,24.0000000000,0,ST LOUIS,ST LOUIS
ST. LOUIS - 000181,14,1.0000000000,9.0000000000,9.0000000000,0,ST LOUIS,ST LOUIS
ST. LOUIS - 000183,13,1.0000000000,26.0000000000,26.0000000000,0,ST LOUIS,ST LOUIS
ST. LOUIS - 000184,13,1.0000000000,53.9999999999,53.9999999999,0,ST LOUIS,ST LOUIS
ST. LOUIS - 000185,13,1.0000000000,34.0000000000,34.0000000000,0,ST LOUIS,ST LOUIS
ST. LOUIS - 000186,13,1.0000000000,23.0000000000,23.0000000000,0,ST LOUIS,ST LOUIS
ST. LOUIS - 000187,13,1.0000000000,30.0000000001,30.0000000001,0,ST LOUIS,ST LOUIS
ST. LOUIS - 000188,13,1.0000000000,22.0000000000,22.0000000000,0,ST LOUIS,ST LOUIS
ST. LOUIS - 000189,13,1.0000000000,51.0000000000,51.0000000000,0,ST LOUIS,ST LOUIS
ST. LOUIS - 000190,13,1.0000000000,19.0000000000,19.0000000000,0,ST LOUIS,ST LOUIS
ST. LOUIS - 000191,13,1.0000000000,26.0000000000,26.0000000000,0,ST LOUIS,ST LOUIS
ST. LOUIS - 000192,13,1.0000000000,14.0000000000,14.0000000000,0,ST LOUIS,ST LOUIS
ST. LOUIS - 000193,13,1.0000000000,10.0000000000,10.0000000000,0,ST LOUIS,ST LOUIS
ST. LOUIS - 000194,13,1.0000000000,34.0000000000,34.0000000000,0,ST LOUIS,ST LOUIS
ST. LOUIS - 000195,13,1.0000000000,10.0000000000,10.0000000000,0,ST LOUIS,ST LOUIS
ST. LOUIS - 000196,13,1.0000000000,19.0000000000,19.0000000000,0,ST LOUIS,ST LOUIS
ST. LOUIS - 000197,13,1.0000000000,5.0000000000,5.0000000000,0,ST LOUIS,ST LOUIS
ST. LOUIS - 000198,13,1.0000000000,3.9999999999,3.9999999999,0,ST LOUIS,ST LOUIS
ST. LOUIS - 000199,13,0.9855571681,16.7544718580,16.9999999999,0,ST LOUIS,ST LOUIS
ST. LOUIS - 000199,14,0.0144428319,0.2455281419,16.9999999999,0,ST LOUIS,ST LOUIS
ST. LOUIS - 000200,13,1.0000000000,21.0000000000,21.0000000000,0,ST LOUIS,ST LOUIS
ST. LOUIS - 000201,13,1.0000000000,19.0000000000,19.0000000000,0,ST LOUIS,ST LOUIS
ST. LOUIS - 000202,13,1.0000000000,29.9999999999,29.9999999999,0,ST LOUIS,ST LOUIS
ST. LOUIS - 000203,1,1.0000000000,24.0000000000,24.0000000000,0,ST LOUIS,ST LOUIS
ST. LOUIS - 000204,1,1.0000000000,10.0000000000,10.0000000000,0,ST LOUIS,ST LOUIS
ST. LOUIS - 000205,1,1.0000000000,7.0000000000,7.0000000000,0,ST LOUIS,ST LOUIS
ST. LOUIS - 000206,1,1.0000000000,6.0000000000,6.0000000000,0,ST LOUIS,ST LOUIS
ST. LOUIS - 000207,1,1.0000000000,9.0000000000,9.0000000000,0,ST LOUIS,ST LOUIS
ST. LOUIS - 000208,1,1.0000000000,19.0000000000,19.0000000000,0,ST LOUIS,ST LOUIS
ST. LOUIS - 000209,1,0.6000000000,15.0000000000,25.0000000000,0,ST LOUIS,ST LOUIS
ST. LOUIS - 000209,4,0.4000000000,10.0000000000,25.0000000000,0,ST LOUIS,ST LOUIS
ST. LOUIS - 000210,1,1.0000000000,15.0000000001,15.0000000001,0,ST LOUIS,ST LOUIS
ST. LOUIS - 000211,1,1.0000000000,15.0000000000,15.0000000000,0,ST LOUIS,ST LOUIS
ST. LOUIS - 000212,24,1.0000000000,21.0000000000,21.0000000000,0,ST LOUIS,ST LOUIS
ST. LOUIS - 000213,1,0.4763205714,10.0027319991,21.0000000001,0,ST LOUIS,ST LOUIS
ST. LOUIS - 000213,4,0.5236794286,10.9972680010,21.0000000001,0,ST LOUIS,ST LOUIS
ST. LOUIS - 000214,4,1.0000000000,30.0000000000,30.0000000000,0,ST LOUIS,ST LOUIS
ST. LOUIS - 000215,1,1.0000000000,18.0000000000,18.0000000000,0,ST LOUIS,ST LOUIS
ST. LOUIS - 000216,1,0.4444444444,12.0000000000,27.0000000000,0,ST LOUIS,ST LOUIS
ST. LOUIS - 000216,4,0.5555555556,15.0000000000,27.0000000000,0,ST LOUIS,ST LOUIS
ST. LOUIS - 000217,1,1.0000000000,13.0000000000,13.0000000000,0,ST LOUIS,ST LOUIS
ST. LOUIS - 000218,1,1.0000000000,21.9999999999,21.9999999999,0,ST LOUIS,ST LOUIS
ST. LOUIS - 000219,1,1.0000000000,19.0000000000,19.0000000000,0,ST LOUIS,ST LOUIS
ST. LOUIS - 000220,24,1.0000000000,12.0000000000,12.0000000000,0,ST LOUIS,ST LOUIS
ST. LOUIS - 000221,1,1.0000000000,32.0000000000,32.0000000000,0,ST LOUIS,ST LOUIS
ST. LOUIS - 000222,1,1.0000000000,11.0000000000,11.0000000000,0,ST LOUIS,ST LOUIS
ST. LOUIS - 000223,1,0.9545454545,21.0000000000,22.0000000000,0,ST LOUIS,ST LOUIS
ST. LOUIS - 000223,24,0.0454545455,1.0000000000,22.0000000000,0,ST LOUIS,ST LOUIS
ST. LOUIS - 000224,1,0.9164585177,21.9950044244,24.0000000001,0,ST LOUIS,ST LOUIS
ST. LOUIS - 000224,24,0.0835414823,2.0049955757,24.0000000001,0,ST LOUIS,ST LOUIS
ST. LOUIS - 000225,4,1.0000000000,1.0000000000,1.0000000000,0,ST LOUIS,ST LOUIS
ST. LOUIS - 000226,24,1.0000000000,9.0000000001,9.0000000001,0,ST LOUIS,ST LOUIS
ST. LOUIS - 000227,1,1.0000000000,23.9999999999,23.9999999999,0,ST LOUIS,ST LOUIS
ST. LOUIS - 000228,1,0.9998687049,16.9977679837,17.0000000000,0,ST LOUIS,ST LOUIS
ST. LOUIS - 000228,24,0.0001312951,0.0022320163,17.0000000000,0,ST LOUIS,ST LOUIS
ST. LOUIS - 000229,1,1.0000000000,18.0000000000,18.0000000000,0,ST LOUIS,ST LOUIS
ST. LOUIS - 000230,1,1.0000000000,38.9999999999,38.9999999999,0,ST LOUIS,ST LOUIS
ST. LOUIS - 000231,1,0.0070916484,0.0709164838,10.0000000001,0,ST LOUIS,ST LOUIS
ST. LOUIS - 000231,24,0.9929083516,9.9290835163,10.0000000001,0,ST LOUIS,ST LOUIS
ST. LOUIS - 000232,24,1.0000000000,7.0000000000,7.0000000000,0,ST LOUIS,ST LOUIS
ST. LOUIS - 000233,4,1.0000000000,12.0000000000,12.0000000000,0,ST LOUIS,ST LOUIS
ST. LOUIS - 000234,4,0.0005728678,0.0137488275,24.0000000000,0,ST LOUIS,ST LOUIS
ST. LOUIS - 000234,14,0.9994271322,23.9862511725,24.0000000000,0,ST LOUIS,ST LOUIS
ST. LOUIS - 000235,4,0.1094538062,0.9850842558,9.0000000002,0,ST LOUIS,ST LOUIS
ST. LOUIS - 000235,14,0.8905461938,8.0149157444,9.0000000002,0,ST LOUIS,ST LOUIS
ST. LOUIS - 000236,14,1.0000000000,12.0000000000,12.0000000000,0,ST LOUIS,ST LOUIS
ST. LOUIS - 000237,4,1.0000000000,14.0000000001,14.0000000001,0,ST LOUIS,ST LOUIS
ST. LOUIS - 000238,4,1.0000000000,16.0000000001,16.0000000001,0,ST LOUIS,ST LOUIS
ST. LOUIS - 000239,4,1.0000000000,45.9999999987,45.9999999987,0,ST LOUIS,ST LOUIS
ST. LOUIS - 000240,4,1.0000000000,33.0000000000,33.0000000000,0,ST LOUIS,ST LOUIS
ST. LOUIS - 000241,4,1.0000000000,23.9999999999,23.9999999999,0,ST LOUIS,ST LOUIS
ST. LOUIS - 000242,4,1.0000000000,29.0000000000,29.0000000000,0,ST LOUIS,ST LOUIS
ST. LOUIS - 000243,4,1.0000000000,15.0000000000,15.0000000000,0,ST LOUIS,ST LOUIS
ST. LOUIS - 000244,4,1.0000000000,17.0000000000,17.0000000000,0,ST LOUIS,ST LOUIS
ST. LOUIS - 000245,4,1.0000000000,36.0000000000,36.0000000000,0,ST LOUIS,ST LOUIS
ST. LOUIS - 000246,4,1.0000000000,28.0000000000,28.0000000000,0,ST LOUIS,ST LOUIS
ST. LOUIS - 000247,1,0.0043552017,0.0914592350,20.9999999999,0,ST LOUIS,ST LOUIS
ST. LOUIS - 000247,4,0.9956447983,20.9085407649,20.9999999999,0,ST LOUIS,ST LOUIS
ST. LOUIS - 000248,4,1.0000000000,31.0000000000,31.0000000000,0,ST LOUIS,ST LOUIS
ST. LOUIS - 000249,4,1.0000000000,31.0000000000,31.0000000000,0,ST LOUIS,ST LOUIS
ST. LOUIS - 000250,4,1.0000000000,14.0000000000,14.0000000000,0,ST LOUIS,ST LOUIS
ST. LOUIS - 000251,4,0.0429875293,1.0746882337,25.0000000000,0,ST LOUIS,ST LOUIS
ST. LOUIS - 000251,14,0.9570124707,23.9253117663,25.0000000000,0,ST LOUIS,ST LOUIS
ST. LOUIS - 000252,14,1.0000000000,28.0000000000,28.0000000000,0,ST LOUIS,ST LOUIS
ST. LOUIS - 000253,14,1.0000000000,16.0000000000,16.0000000000,0,ST LOUIS,ST LOUIS
ST. LOUIS - 000254,13,1.0000000000,34.0000000000,34.0000000000,0,ST LOUIS,ST LOUIS
ST. LOUIS - 000255,13,1.0000000000,12.0000000001,12.0000000001,0,ST LOUIS,ST LOUIS
ST. LOUIS - 000256,13,1.0000000000,23.0000000000,23.0000000000,0,ST LOUIS,ST LOUIS
ST. LOUIS - 000257,13,0.9999451814,38.9978620755,38.9999999999,0,ST LOUIS,ST LOUIS
ST. LOUIS - 000257,14,0.0000548186,0.0021379244,38.9999999999,0,ST LOUIS,ST LOUIS
ST. LOUIS - 000258,13,1.0000000000,12.0000000000,12.0000000000,0,ST LOUIS,ST LOUIS
ST. LOUIS - 000259,13,1.0000000000,19.0000000000,19.0000000000,0,ST LOUIS,ST LOUIS
ST. LOUIS - 000260,13,1.0000000000,28.9999999999,28.9999999999,0,ST LOUIS,ST LOUIS
ST. LOUIS - 000261,13,1.0000000000,24.0000000000,24.0000000000,0,ST LOUIS,ST LOUIS
ST. LOUIS - 000262,13,1.0000000000,3.0000000000,3.0000000000,0,ST LOUIS,ST LOUIS
ST. LOUIS - 000263,13,1.0000000000,2.0000000000,2.0000000000,0,ST LOUIS,ST LOUIS
ST. LOUIS - 000264,13,1.0000000000,16.9999999999,16.9999999999,0,ST LOUIS,ST LOUIS
ST. LOUIS - 000265,13,1.0000000000,10.0000000000,10.0000000000,0,ST LOUIS,ST LOUIS
ST. LOUIS - 000266,13,1.0000000000,41.9999999999,41.9999999999,0,ST LOUIS,ST LOUIS
ST. LOUIS - 000267,13,0.0011262934,0.0326625088,29.0000000000,0,ST LOUIS,ST LOUIS
ST. LOUIS - 000267,14,0.9988737066,28.9673374912,29.0000000000,0,ST LOUIS,ST LOUIS
ST. LOUIS - 000268,13,1.0000000000,22.0000000000,22.0000000000,0,ST LOUIS,ST LOUIS
ST. LOUIS - 000269,13,1.0000000000,18.9999999999,18.9999999999,0,ST LOUIS,ST LOUIS
ST. LOUIS - 000270,13,1.0000000000,19.0000000000,19.0000000000,0,ST LOUIS,ST LOUIS
ST. LOUIS - 000271,13,1.0000000000,9.0000000000,9.0000000000,0,ST LOUIS,ST LOUIS
ST. LOUIS - 000272,13,1.0000000000,12.0000000000,12.0000000000,0,ST LOUIS,ST LOUIS
ST. LOUIS - 000273,13,1.0000000000,25.0000000000,25.0000000000,0,ST LOUIS,ST LOUIS
ST. LOUIS - 000274,4,0.9615384615,25.0000000000,26.0000000000,0,ST LOUIS,ST LOUIS
ST. LOUIS - 000274,24,0.0384615385,1.0000000000,26.0000000000,0,ST LOUIS,ST LOUIS
ST. LOUIS - 000275,4,1.0000000000,11.0000000000,11.0000000000,0,ST LOUIS,ST LOUIS
ST. LOUIS - 000276,4,1.0000000000,1.0000000000,1.0000000000,0,ST LOUIS,ST LOUIS
ST. LOUIS - 000277,4,1.0000000000,5.0000000000,5.0000000000,0,ST LOUIS,ST LOUIS
ST. LOUIS - 000278,1,1.0000000000,59.0000000000,59.0000000000,0,ST LOUIS,ST LOUIS
ST. LOUIS - 000279,1,1.0000000000,22.0000000000,22.0000000000,0,ST LOUIS,ST LOUIS
ST. LOUIS - 000280,1,0.9999986754,31.9999576133,32.0000000000,0,ST LOUIS,ST LOUIS
ST. LOUIS - 000280,24,0.0000013246,0.0000423867,32.0000000000,0,ST LOUIS,ST LOUIS
ST. LOUIS - 000281,1,0.9486972836,42.6913777640,44.9999999998,0,ST LOUIS,ST LOUIS
ST. LOUIS - 000281,4,0.0513027164,2.3086222358,44.9999999998,0,ST LOUIS,ST LOUIS
ST. LOUIS - 000282,24,1.0000000000,8.0000000000,8.0000000000,0,ST LOUIS,ST LOUIS
ST. LOUIS - 000283,4,1.0000000000,8.9999999999,8.9999999999,0,ST LOUIS,ST LOUIS
ST. LOUIS - 000284,1,1.0000000000,33.0000000000,33.0000000000,0,ST LOUIS,ST LOUIS
ST. LOUIS - 000285,1,1.0000000000,19.0000000000,19.0000000000,0,ST LOUIS,ST LOUIS
ST. LOUIS - 000286,1,1.0000000000,31.9999999999,31.9999999999,0,ST LOUIS,ST LOUIS
ST. LOUIS - 000287,1,1.0000000000,41.0000000000,41.0000000000,0,ST LOUIS,ST LOUIS
ST. LOUIS - 000288,1,1.0000000000,39.0000000000,39.0000000000,0,ST LOUIS,ST LOUIS
ST. LOUIS - 000289,1,0.0215874625,1.0146107389,47.0000000000,0,ST LOUIS,ST LOUIS
ST. LOUIS - 000289,24,0.9784125375,45.9853892611,47.0000000000,0,ST LOUIS,ST LOUIS
ST. LOUIS - 000290,24,1.0000000000,32.0000000001,32.0000000001,0,ST LOUIS,ST LOUIS
ST. LOUIS - 000291,4,0.0779286726,2.0261454880,26.0000000000,0,ST LOUIS,ST LOUIS
ST. LOUIS - 000291,24,0.9220713274,23.9738545120,26.0000000000,0,ST LOUIS,ST LOUIS
ST. LOUIS - 000292,4,1.0000000000,23.0000000000,23.0000000000,0,ST LOUIS,ST LOUIS
ST. LOUIS - 000293,1,1.0000000000,4.0000000000,4.0000000000,0,ST LOUIS,ST LOUIS
ST. LOUIS - 000294,1,1.0000000000,29.0000000000,29.0000000000,0,ST LOUIS,ST LOUIS
ST. LOUIS - 000295,1,1.0000000000,29.0000000001,29.0000000001,0,ST LOUIS,ST LOUIS
ST. LOUIS - 000296,1,1.0000000000,15.0000000000,15.0000000000,0,ST LOUIS,ST LOUIS
ST. LOUIS - 000297,1,0.8333333333,5.0000000000,6.0000000000,0,ST LOUIS,ST LOUIS
ST. LOUIS - 000297,4,0.1666666667,1.0000000000,6.0000000000,0,ST LOUIS,ST LOUIS
ST. LOUIS - 000298,4,1.0000000000,13.0000000000,13.0000000000,0,ST LOUIS,ST LOUIS
ST. LOUIS - 000299,1,0.0003051429,0.0054925731,18.0000000000,0,ST LOUIS,ST LOUIS
ST. LOUIS - 000299,4,0.9996948571,17.9945074269,18.0000000000,0,ST LOUIS,ST LOUIS
ST. LOUIS - 000300,4,1.0000000000,11.0000000000,11.0000000000,0,ST LOUIS,ST LOUIS
ST. LOUIS - 000301,4,1.0000000000,12.9999999999,12.9999999999,0,ST LOUIS,ST LOUIS
ST. LOUIS - 000302,15,1.0000000000,8.0000000000,8.0000000000,0,ST LOUIS,ST LOUIS
ST. LOUIS - 000303,15,1.0000000000,4.0000000000,4.0000000000,0,ST LOUIS,ST LOUIS
ST. LOUIS - 000304,15,1.0000000000,9.0000000001,9.0000000001,0,ST LOUIS,ST LOUIS
ST. LOUIS - 000305,15,1.0000000000,30.0000000000,30.0000000000,0,ST LOUIS,ST LOUIS
ST. LOUIS - 000306,15,1.0000000000,30.0000000000,30.0000000000,0,ST LOUIS,ST LOUIS
ST. LOUIS - 000307,15,1.0000000000,14.0000000000,14.0000000000,0,ST LOUIS,ST LOUIS
ST. LOUIS - 000308,15,1.0000000000,6.0000000000,6.0000000000,0,ST LOUIS,ST LOUIS
ST. LOUIS - 000309,15,1.0000000000,7.0000000000,7.0000000000,0,ST LOUIS,ST LOUIS
ST. LOUIS - 000310,15,1.0000000000,21.0000000002,21.0000000002,0,ST LOUIS,ST LOUIS
ST. LOUIS - 000311,15,1.0000000000,13.0000000001,13.0000000001,0,ST LOUIS,ST LOUIS
ST. LOUIS - 000312,15,1.0000000000,8.0000000000,8.0000000000,0,ST LOUIS,ST LOUIS
ST. LOUIS - 000313,15,1.0000000000,11.0000000000,11.0000000000,0,ST LOUIS,ST LOUIS
ST. LOUIS - 000314,15,1.0000000000,12.0000000003,12.0000000003,0,ST LOUIS,ST LOUIS
ST. LOUIS - 000315,15,1.0000000000,18.0000000000,18.0000000000,0,ST LOUIS,ST LOUIS
ST. LOUIS - 000316,15,1.0000000000,16.0000000000,16.0000000000,0,ST LOUIS,ST LOUIS
ST. LOUIS - 000317,15,1.0000000000,20.0000000001,20.0000000001,0,ST LOUIS,ST LOUIS
ST. LOUIS - 000318,15,1.0000000000,25.0000000000,25.0000000000,0,ST LOUIS,ST LOUIS
ST. LOUIS - 000319,15,1.0000000000,5.0000000000,5.0000000000,0,ST LOUIS,ST LOUIS
ST. LOUIS - 000320,15,1.0000000000,9.0000000000,9.0000000000,0,ST LOUIS,ST LOUIS
ST. LOUIS - 000321,15,1.0000000000,18.0000000002,18.0000000002,0,ST LOUIS,ST LOUIS
ST. LOUIS - 000322,15,1.0000000000,16.9999999999,16.9999999999,0,ST LOUIS,ST LOUIS
ST. LOUIS - 000323,15,1.0000000000,11.0000000000,11.0000000000,0,ST LOUIS,ST LOUIS
ST. LOUIS - 000324,15,1.0000000000,8.0000000001,8.0000000001,0,ST LOUIS,ST LOUIS
ST. LOUIS - 000325,15,1.0000000000,12.9999999999,12.9999999999,0,ST LOUIS,ST LOUIS
ST. LOUIS - 000326,1,1.0000000000,51.9999999999,51.9999999999,0,ST LOUIS,ST LOUIS
ST. LOUIS - 000327,1,1.0000000000,29.9999999999,29.9999999999,0,ST LOUIS,ST LOUIS
ST. LOUIS - 000328,1,0.9995693758,19.9913875165,20.0000000000,0,ST LOUIS,ST LOUIS
ST. LOUIS - 000328,4,0.0004306242,0.0086124835,20.0000000000,0,ST LOUIS,ST LOUIS
ST. LOUIS - 000329,1,1.0000000000,10.0000000000,10.0000000000,0,ST LOUIS,ST LOUIS
ST. LOUIS - 000330,1,1.0000000000,22.0000000000,22.0000000000,0,ST LOUIS,ST LOUIS
ST. LOUIS - 000331,1,0.7342042656,2.9368170624,4.0000000000,0,ST LOUIS,ST LOUIS
ST. LOUIS - 000331,4,0.2657957344,1.0631829376,4.0000000000,0,ST LOUIS,ST LOUIS
ST. LOUIS - 000332,1,1.0000000000,6.0000000000,6.0000000000,0,ST LOUIS,ST LOUIS
ST. LOUIS - 000333,1,1.0000000000,25.9999999999,25.9999999999,0,ST LOUIS,ST LOUIS
ST. LOUIS - 000334,1,1.0000000000,3.9999999999,3.9999999999,0,ST LOUIS,ST LOUIS
ST. LOUIS - 000335,1,1.0000000000,44.0000000001,44.0000000001,0,ST LOUIS,ST LOUIS
ST. LOUIS - 000336,1,1.0000000000,23.9999999999,23.9999999999,0,ST LOUIS,ST LOUIS
ST. LOUIS - 000337,1,1.0000000000,13.0000000000,13.0000000000,0,ST LOUIS,ST LOUIS
ST. LOUIS - 000338,1,1.0000000000,18.0000000000,18.0000000000,0,ST LOUIS,ST LOUIS
ST. LOUIS - 000339,1,1.0000000000,18.0000000002,18.0000000002,0,ST LOUIS,ST LOUIS
ST. LOUIS - 000340,1,1.0000000000,12.0000000000,12.0000000000,0,ST LOUIS,ST LOUIS
ST. LOUIS - 000341,1,1.0000000000,28.9999999998,28.9999999998,0,ST LOUIS,ST LOUIS
ST. LOUIS - 000343,1,1.0000000000,28.0000000000,28.0000000000,0,ST LOUIS,ST LOUIS
ST. LOUIS - 000344,1,1.0000000000,84.9999999997,84.9999999997,0,ST LOUIS,ST LOUIS
ST. LOUIS - 000345,1,0.9918992193,25.7893797013,26.0000000000,0,ST LOUIS,ST LOUIS
ST. LOUIS - 000345,5,0.0081007807,0.2106202987,26.0000000000,0,ST LOUIS,ST LOUIS
ST. LOUIS - 000346,1,0.9999976818,23.9999443637,24.0000000000,0,ST LOUIS,ST LOUIS
ST. LOUIS - 000346,5,0.0000023182,0.0000556363,24.0000000000,0,ST LOUIS,ST LOUIS
ST. LOUIS - 000347,13,0.9984810248,15.9756963975,16.0000000000,0,ST LOUIS,ST LOUIS
ST. LOUIS - 000347,14,0.0015189752,0.0243036025,16.0000000000,0,ST LOUIS,ST LOUIS
ST. LOUIS - 000348,13,1.0000000000,15.0000000000,15.0000000000,0,ST LOUIS,ST LOUIS
ST. LOUIS - 000349,13,0.9848347154,13.7876860154,14.0000000000,0,ST LOUIS,ST LOUIS
ST. LOUIS - 000349,14,0.0151652846,0.2123139846,14.0000000000,0,ST LOUIS,ST LOUIS
ST. LOUIS - 000350,13,0.9991512163,23.9796291903,24.0000000000,0,ST LOUIS,ST LOUIS
ST. LOUIS - 000350,14,0.0008487837,0.0203708097,24.0000000000,0,ST LOUIS,ST LOUIS
ST. LOUIS - 000351,13,1.0000000000,22.0000000000,22.0000000000,0,ST LOUIS,ST LOUIS
ST. LOUIS - 000352,13,0.0612594771,1.3477084966,22.0000000001,0,ST LOUIS,ST LOUIS
ST. LOUIS - 000352,14,0.9387405229,20.6522915035,22.0000000001,0,ST LOUIS,ST LOUIS
ST. LOUIS - 000353,13,1.0000000000,23.0000000001,23.0000000001,0,ST LOUIS,ST LOUIS
ST. LOUIS - 000354,13,1.0000000000,35.0000000000,35.0000000000,0,ST LOUIS,ST LOUIS
ST. LOUIS - 000355,13,1.0000000000,28.9999999999,28.9999999999,0,ST LOUIS,ST LOUIS
ST. LOUIS - 000356,13,1.0000000000,18.0000000000,18.0000000000,0,ST LOUIS,ST LOUIS
ST. LOUIS - 000357,13,1.0000000000,11.0000000000,11.0000000000,0,ST LOUIS,ST LOUIS
ST. LOUIS - 000358,13,1.0000000000,7.0000000000,7.0000000000,0,ST LOUIS,ST LOUIS
ST. LOUIS - 000359,13,1.0000000000,22.0000000000,22.0000000000,0,ST LOUIS,ST LOUIS
ST. LOUIS - 000360,13,1.0000000000,14.9999999999,14.9999999999,0,ST LOUIS,ST LOUIS
ST. LOUIS - 000361,13,1.0000000000,23.0000000001,23.0000000001,0,ST LOUIS,ST LOUIS
ST. LOUIS - 000362,13,1.0000000000,22.0000000000,22.0000000000,0,ST LOUIS,ST LOUIS
ST. LOUIS - 000363,13,1.0000000000,36.0000000000,36.0000000000,0,ST LOUIS,ST LOUIS
ST. LOUIS - 000364,15,1.0000000000,20.0000000000,20.0000000000,0,ST LOUIS,ST LOUIS
ST. LOUIS - 000365,24,1.0000000000,9.0000000000,9.0000000000,0,ST LOUIS,ST LOUIS
ST. LOUIS - 000366,24,1.0000000000,18.9999999999,18.9999999999,0,ST LOUIS,ST LOUIS
ST. LOUIS - 000367,24,1.0000000000,44.0000000003,44.0000000003,0,ST LOUIS,ST LOUIS
ST. LOUIS - 000368,24,1.0000000000,45.0000000001,45.0000000001,0,ST LOUIS,ST LOUIS
ST. LOUIS - 000369,15,0.9748768312,0.9748768312,1.0000000000,0,ST LOUIS,ST LOUIS
ST. LOUIS - 000369,24,0.0251231688,0.0251231688,1.0000000000,0,ST LOUIS,ST LOUIS
ST. LOUIS - 000370,24,1.0000000000,14.9999999999,14.9999999999,0,ST LOUIS,ST LOUIS
ST. LOUIS - 000371,15,0.0000422681,0.0008453612,20.0000000000,0,ST LOUIS,ST LOUIS
ST. LOUIS - 000371,24,0.9999577319,19.9991546388,20.0000000000,0,ST LOUIS,ST LOUIS
ST. LOUIS - 000372,15,0.7766558212,13.9798047816,17.9999999999,0,ST LOUIS,ST LOUIS
ST. LOUIS - 000372,24,0.2233441788,4.0201952183,17.9999999999,0,ST LOUIS,ST LOUIS
ST. LOUIS - 000373,15,0.9756097561,40.0000000001,41.0000000001,0,ST LOUIS,ST LOUIS
ST. LOUIS - 000373,24,0.0243902439,1.0000000000,41.0000000001,0,ST LOUIS,ST LOUIS
ST. LOUIS - 000374,24,1.0000000000,10.0000000000,10.0000000000,0,ST LOUIS,ST LOUIS
ST. LOUIS - 000375,15,1.0000000000,8.0000000000,8.0000000000,0,ST LOUIS,ST LOUIS
ST. LOUIS - 000376,15,1.0000000000,19.0000000000,19.0000000000,0,ST LOUIS,ST LOUIS
ST. LOUIS - 000377,15,0.0440563134,0.8811262687,20.0000000000,0,ST LOUIS,ST LOUIS
ST. LOUIS - 000377,24,0.9559436866,19.1188737313,20.0000000000,0,ST LOUIS,ST LOUIS
ST. LOUIS - 000378,24,1.0000000000,25.0000000001,25.0000000001,0,ST LOUIS,ST LOUIS
ST. LOUIS - 000379,15,0.9064530681,29.9129512468,32.9999999996,0,ST LOUIS,ST LOUIS
ST. LOUIS - 000379,24,0.0935469319,3.0870487529,32.9999999996,0,ST LOUIS,ST LOUIS
ST. LOUIS - 000380,24,1.0000000000,2.0000000000,2.0000000000,0,ST LOUIS,ST LOUIS
ST. LOUIS - 000381,15,1.0000000000,9.0000000001,9.0000000001,0,ST LOUIS,ST LOUIS
ST. LOUIS - 000382,24,1.0000000000,8.0000000000,8.0000000000,0,ST LOUIS,ST LOUIS
ST. LOUIS - 000383,15,0.0953959523,1.4309392852,14.9999999999,0,ST LOUIS,ST LOUIS
ST. LOUIS - 000383,24,0.9046040477,13.5690607147,14.9999999999,0,ST LOUIS,ST LOUIS
ST. LOUIS - 000384,15,1.0000000000,33.0000000001,33.0000000001,0,ST LOUIS,ST LOUIS
ST. LOUIS - 000385,24,1.0000000000,21.0000000000,21.0000000000,0,ST LOUIS,ST LOUIS
ST. LOUIS - 000386,15,1.0000000000,8.0000000000,8.0000000000,0,ST LOUIS,ST LOUIS
ST. LOUIS - 000387,15,0.2472406943,15.5761637417,63.0000000006,0,ST LOUIS,ST LOUIS
ST. LOUIS - 000387,24,0.7527593057,47.4238362588,63.0000000006,0,ST LOUIS,ST LOUIS
ST. LOUIS - 000388,15,1.0000000000,28.0000000001,28.0000000001,0,ST LOUIS,ST LOUIS
ST. LOUIS - 000389,15,0.0400000000,1.0000000000,24.9999999999,0,ST LOUIS,ST LOUIS
ST. LOUIS - 000389,26,0.9600000000,23.9999999999,24.9999999999,0,ST LOUIS,ST LOUIS
ST. LOUIS - 000390,22,0.0154495309,0.9578709182,62.0000000000,0,ST LOUIS,ST LOUIS
ST. LOUIS - 000390,26,0.9845504691,61.0421290818,62.0000000000,0,ST LOUIS,ST LOUIS
ST. LOUIS - 000391,15,1.0000000000,13.0000000001,13.0000000001,0,ST LOUIS,ST LOUIS
ST. LOUIS - 000392,24,1.0000000000,15.0000000000,15.0000000000,0,ST LOUIS,ST LOUIS
ST. LOUIS - 000393,15,1.0000000000,56.0000000003,56.0000000003,0,ST LOUIS,ST LOUIS
ST. LOUIS - 000394,15,1.0000000000,15.9999999999,15.9999999999,0,ST LOUIS,ST LOUIS
ST. LOUIS - 000395,15,0.8485753383,94.1918625504,111.0000000002,0,ST LOUIS,ST LOUIS
ST. LOUIS - 000395,26,0.1514246617,16.8081374498,111.0000000002,0,ST LOUIS,ST LOUIS
ST. LOUIS - 000396,15,1.0000000000,13.0000000001,13.0000000001,0,ST LOUIS,ST LOUIS
ST. LOUIS - 000397,15,0.3552676219,15.9870429864,44.9999999998,0,ST LOUIS,ST LOUIS
ST. LOUIS - 000397,22,0.0222222222,1.0000000000,44.9999999998,0,ST LOUIS,ST LOUIS
ST. LOUIS - 000397,26,0.6225101559,28.0129570134,44.9999999998,0,ST LOUIS,ST LOUIS
ST. LOUIS - 000398,24,1.0000000000,10.0000000000,10.0000000000,0,ST LOUIS,ST LOUIS
ST. LOUIS - 000399,15,1.0000000000,26.9999999999,26.9999999999,0,ST LOUIS,ST LOUIS
ST. LOUIS - 000400,24,1.0000000000,6.0000000000,6.0000000000,0,ST LOUIS,ST LOUIS
ST. LOUIS - 000402,15,1.0000000000,13.9999999999,13.9999999999,0,ST LOUIS,ST LOUIS
ST. LOUIS - 000403,15,1.0000000000,12.9999999999,12.9999999999,0,ST LOUIS,ST LOUIS
ST. LOUIS - 000404,24,1.0000000000,6.0000000000,6.0000000000,0,ST LOUIS,ST LOUIS
ST. LOUIS - 000405,15,1.0000000000,7.0000000000,7.0000000000,0,ST LOUIS,ST LOUIS
ST. LOUIS - 000406,24,1.0000000000,11.0000000000,11.0000000000,0,ST LOUIS,ST LOUIS
ST. LOUIS - 000407,15,1.0000000000,6.9999999999,6.9999999999,0,ST LOUIS,ST LOUIS
ST. LOUIS - 000408,15,1.0000000000,11.0000000001,11.0000000001,0,ST LOUIS,ST LOUIS
ST. LOUIS - 000409,15,0.0508474576,3.0000000000,59.0000000001,0,ST LOUIS,ST LOUIS
ST. LOUIS - 000409,26,0.9491525424,56.0000000001,59.0000000001,0,ST LOUIS,ST LOUIS
ST. LOUIS - 000410,24,1.0000000000,25.0000000000,25.0000000000,0,ST LOUIS,ST LOUIS
ST. LOUIS - 000411,14,1.0000000000,30.0000000000,30.0000000000,0,ST LOUIS,ST LOUIS
ST. LOUIS - 000412,14,1.0000000000,24.0000000000,24.0000000000,0,ST LOUIS,ST LOUIS
ST. LOUIS - 000413,14,1.0000000000,17.0000000000,17.0000000000,0,ST LOUIS,ST LOUIS
ST. LOUIS - 000414,14,1.0000000000,38.0000000000,38.0000000000,0,ST LOUIS,ST LOUIS
ST. LOUIS - 000415,14,1.0000000000,25.9999999999,25.9999999999,0,ST LOUIS,ST LOUIS
ST. LOUIS - 000416,14,0.0625000000,2.0000000000,32.0000000000,0,ST LOUIS,ST LOUIS
ST. LOUIS - 000416,24,0.9375000000,30.0000000000,32.0000000000,0,ST LOUIS,ST LOUIS
ST. LOUIS - 000417,14,1.0000000000,19.0000000000,19.0000000000,0,ST LOUIS,ST LOUIS
ST. LOUIS - 000418,14,1.0000000000,38.9999999996,38.9999999996,0,ST LOUIS,ST LOUIS
ST. LOUIS - 000419,14,1.0000000000,6.0000000000,6.0000000000,0,ST LOUIS,ST LOUIS
ST. LOUIS - 000420,14,1.0000000000,23.0000000000,23.0000000000,0,ST LOUIS,ST LOUIS
ST. LOUIS - 000421,14,1.0000000000,8.0000000000,8.0000000000,0,ST LOUIS,ST LOUIS
ST. LOUIS - 000422,14,1.0000000000,10.0000000000,10.0000000000,0,ST LOUIS,ST LOUIS
ST. LOUIS - 000423,14,1.0000000000,9.0000000001,9.0000000001,0,ST LOUIS,ST LOUIS
ST. LOUIS - 000424,14,0.6250000000,5.0000000000,8.0000000001,0,ST LOUIS,ST LOUIS
ST. LOUIS - 000424,24,0.3750000000,3.0000000001,8.0000000001,0,ST LOUIS,ST LOUIS
ST. LOUIS - 000425,14,1.0000000000,23.0000000000,23.0000000000,0,ST LOUIS,ST LOUIS
ST. LOUIS - 000426,14,1.0000000000,3.0000000000,3.0000000000,0,ST LOUIS,ST LOUIS
ST. LOUIS - 000427,14,1.0000000000,12.0000000000,12.0000000000,0,ST LOUIS,ST LOUIS
ST. LOUIS - 000428,14,1.0000000000,19.0000000000,19.0000000000,0,ST LOUIS,ST LOUIS
ST. LOUIS - 000429,14,1.0000000000,23.0000000000,23.0000000000,0,ST LOUIS,ST LOUIS
ST. LOUIS - 000430,14,1.0000000000,10.0000000000,10.0000000000,0,ST LOUIS,ST LOUIS
ST. LOUIS - 000431,14,1.0000000000,1.0000000000,1.0000000000,0,ST LOUIS,ST LOUIS
ST. LOUIS - 000432,14,1.0000000000,27.0000000000,27.0000000000,0,ST LOUIS,ST LOUIS
ST. LOUIS - 000433,14,1.0000000000,15.0000000000,15.0000000000,0,ST LOUIS,ST LOUIS
ST. LOUIS - 000434,14,1.0000000000,21.0000000000,21.0000000000,0,ST LOUIS,ST LOUIS
ST. LOUIS - 000435,14,1.0000000000,24.0000000000,24.0000000000,0,ST LOUIS,ST LOUIS
ST. LOUIS - 000436,15,1.0000000000,8.0000000000,8.0000000000,0,ST LOUIS,ST LOUIS
ST. LOUIS - 000437,24,1.0000000000,9.9999999999,9.9999999999,0,ST LOUIS,ST LOUIS
ST. LOUIS - 000438,24,1.0000000000,9.0000000000,9.0000000000,0,ST LOUIS,ST LOUIS
ST. LOUIS - 000439,15,0.4658590689,15.3733492737,33.0000000001,0,ST LOUIS,ST LOUIS
ST. LOUIS - 000439,24,0.5341409311,17.6266507264,33.0000000001,0,ST LOUIS,ST LOUIS
ST. LOUIS - 000440,24,1.0000000000,4.0000000000,4.0000000000,0,ST LOUIS,ST LOUIS
ST. LOUIS - 000441,15,1.0000000000,9.0000000000,9.0000000000,0,ST LOUIS,ST LOUIS
ST. LOUIS - 000442,15,1.0000000000,13.0000000001,13.0000000001,0,ST LOUIS,ST LOUIS
ST. LOUIS - 000443,15,1.0000000000,2.0000000000,2.0000000000,0,ST LOUIS,ST LOUIS
ST. LOUIS - 000444,15,1.0000000000,17.0000000001,17.0000000001,0,ST LOUIS,ST LOUIS
ST. LOUIS - 000445,15,1.0000000000,22.0000000000,22.0000000000,0,ST LOUIS,ST LOUIS
ST. LOUIS - 000446,24,1.0000000000,14.0000000000,14.0000000000,0,ST LOUIS,ST LOUIS
ST. LOUIS - 000447,24,1.0000000000,12.0000000000,12.0000000000,0,ST LOUIS,ST LOUIS
ST. LOUIS - 000448,24,1.0000000000,27.0000000002,27.0000000002,0,ST LOUIS,ST LOUIS
ST. LOUIS - 000449,15,0.1450052230,0.5800208918,4.0000000000,0,ST LOUIS,ST LOUIS
ST. LOUIS - 000449,24,0.8549947770,3.4199791082,4.0000000000,0,ST LOUIS,ST LOUIS
ST. LOUIS - 000450,15,0.0007077237,0.0148621971,20.9999999999,0,ST LOUIS,ST LOUIS
ST. LOUIS - 000450,24,0.9992922763,20.9851378028,20.9999999999,0,ST LOUIS,ST LOUIS
ST. LOUIS - 000451,15,0.6541271254,39.9017546518,61.0000000001,0,ST LOUIS,ST LOUIS
ST. LOUIS - 000451,24,0.3458728746,21.0982453483,61.0000000001,0,ST LOUIS,ST LOUIS
ST. LOUIS - 000452,15,1.0000000000,13.0000000000,13.0000000000,0,ST LOUIS,ST LOUIS
ST. LOUIS - 000453,15,1.0000000000,13.9999999998,13.9999999998,0,ST LOUIS,ST LOUIS
ST. LOUIS - 000454,15,0.0481786655,1.0117519760,20.9999999998,0,ST LOUIS,ST LOUIS
ST. LOUIS - 000454,24,0.9518213345,19.9882480238,20.9999999998,0,ST LOUIS,ST LOUIS
ST. LOUIS - 000455,24,1.0000000000,35.9999999998,35.9999999998,0,ST LOUIS,ST LOUIS
ST. LOUIS - 000456,24,1.0000000000,29.0000000000,29.0000000000,0,ST LOUIS,ST LOUIS
ST. LOUIS - 000457,24,1.0000000000,9.0000000000,9.0000000000,0,ST LOUIS,ST LOUIS
ST. LOUIS - 000458,15,1.0000000000,9.0000000000,9.0000000000,0,ST LOUIS,ST LOUIS
ST. LOUIS - 000459,15,0.8501836936,26.3556945001,30.9999999999,0,ST LOUIS,ST LOUIS
ST. LOUIS - 000459,24,0.1498163064,4.6443054998,30.9999999999,0,ST LOUIS,ST LOUIS
ST. LOUIS - 000461,14,1.0000000000,23.0000000000,23.0000000000,0,ST LOUIS,ST LOUIS
ST. LOUIS - 000462,14,1.0000000000,19.9999999999,19.9999999999,0,ST LOUIS,ST LOUIS
ST. LOUIS - 000463,13,0.0000187773,0.0011454159,60.9999999999,0,ST LOUIS,ST LOUIS
ST. LOUIS - 000463,14,0.9999812227,60.9988545840,60.9999999999,0,ST LOUIS,ST LOUIS
ST. LOUIS - 000464,14,1.0000000000,42.0000000002,42.0000000002,0,ST LOUIS,ST LOUIS
ST. LOUIS - 000465,14,1.0000000000,6.0000000001,6.0000000001,0,ST LOUIS,ST LOUIS
ST. LOUIS - 000466,14,1.0000000000,6.0000000001,6.0000000001,0,ST LOUIS,ST LOUIS
ST. LOUIS - 000467,14,1.0000000000,24.0000000001,24.0000000001,0,ST LOUIS,ST LOUIS
ST. LOUIS - 000468,14,1.0000000000,11.0000000000,11.0000000000,0,ST LOUIS,ST LOUIS
ST. LOUIS - 000469,14,1.0000000000,24.0000000000,24.0000000000,0,ST LOUIS,ST LOUIS
ST. LOUIS - 000470,14,1.0000000000,30.0000000000,30.0000000000,0,ST LOUIS,ST LOUIS
ST. LOUIS - 000471,14,1.0000000000,29.0000000000,29.0000000000,0,ST LOUIS,ST LOUIS
ST. LOUIS - 000472,14,1.0000000000,27.9999999999,27.9999999999,0,ST LOUIS,ST LOUIS
ST. LOUIS - 000473,14,1.0000000000,14.0000000000,14.0000000000,0,ST LOUIS,ST LOUIS
ST. LOUIS - 000474,14,1.0000000000,15.0000000000,15.0000000000,0,ST LOUIS,ST LOUIS
ST. LOUIS - 000475,13,0.0009318093,0.0242270420,26.0000000000,0,ST LOUIS,ST LOUIS
ST. LOUIS - 000475,14,0.9990681907,25.9757729580,26.0000000000,0,ST LOUIS,ST LOUIS
ST. LOUIS - 000476,5,0.0157088329,0.2199236613,14.0000000000,0,ST LOUIS,ST LOUIS
ST. LOUIS - 000476,14,0.9842911671,13.7800763387,14.0000000000,0,ST LOUIS,ST LOUIS
ST. LOUIS - 000477,14,1.0000000000,40.9999999999,40.9999999999,0,ST LOUIS,ST LOUIS
ST. LOUIS - 000478,14,1.0000000000,4.0000000000,4.0000000000,0,ST LOUIS,ST LOUIS
ST. LOUIS - 000479,14,1.0000000000,6.0000000000,6.0000000000,0,ST LOUIS,ST LOUIS
ST. LOUIS - 000480,14,1.0000000000,13.0000000001,13.0000000001,0,ST LOUIS,ST LOUIS
ST. LOUIS - 000481,14,1.0000000000,20.0000000000,20.0000000000,0,ST LOUIS,ST LOUIS
ST. LOUIS - 000482,14,1.0000000000,13.0000000000,13.0000000000,0,ST LOUIS,ST LOUIS
ST. LOUIS - 000483,14,1.0000000000,11.0000000000,11.0000000000,0,ST LOUIS,ST LOUIS
ST. LOUIS - 000484,14,1.0000000000,2.0000000000,2.0000000000,0,ST LOUIS,ST LOUIS
ST. LOUIS - 000485,5,0.0444984460,1.0679627031,24.0000000001,0,ST LOUIS,ST LOUIS
ST. LOUIS - 000485,14,0.9555015540,22.9320372970,24.0000000001,0,ST LOUIS,ST LOUIS
ST. LOUIS - 000486,14,1.0000000000,11.0000000000,11.0000000000,0,ST LOUIS,ST LOUIS
ST. LOUIS - 000487,14,1.0000000000,14.0000000000,14.0000000000,0,ST LOUIS,ST LOUIS
ST. LOUIS - 000488,14,1.0000000000,29.9999999999,29.9999999999,0,ST LOUIS,ST LOUIS
ST. LOUIS - 000489,14,1.0000000000,12.0000000000,12.0000000000,0,ST LOUIS,ST LOUIS
ST. LOUIS - 000490,14,1.0000000000,16.0000000000,16.0000000000,0,ST LOUIS,ST LOUIS
ST. LOUIS - 000491,14,1.0000000000,34.0000000001,34.0000000001,0,ST LOUIS,ST LOUIS
ST. LOUIS - 000492,14,0.0040447358,0.0768499803,18.9999999999,0,ST LOUIS,ST LOUIS
ST. LOUIS - 000492,24,0.9959552642,18.9231500196,18.9999999999,0,ST LOUIS,ST LOUIS
ST. LOUIS - 000493,14,1.0000000000,4.0000000000,4.0000000000,0,ST LOUIS,ST LOUIS
ST. LOUIS - 000494,14,1.0000000000,22.0000000000,22.0000000000,0,ST LOUIS,ST LOUIS
ST. LOUIS - 000495,24,1.0000000000,13.0000000000,13.0000000000,0,ST LOUIS,ST LOUIS
ST. LOUIS - 000496,14,0.9998495352,15.9975925635,16.0000000000,0,ST LOUIS,ST LOUIS
ST. LOUIS - 000496,24,0.0001504648,0.0024074365,16.0000000000,0,ST LOUIS,ST LOUIS
ST. LOUIS - 000497,14,1.0000000000,48.0000000003,48.0000000003,0,ST LOUIS,ST LOUIS
ST. LOUIS - 000498,14,1.0000000000,11.0000000001,11.0000000001,0,ST LOUIS,ST LOUIS
ST. LOUIS - 000499,24,1.0000000000,8.0000000000,8.0000000000,0,ST LOUIS,ST LOUIS
ST. LOUIS - 000500,24,1.0000000000,19.9999999999,19.9999999999,0,ST LOUIS,ST LOUIS
ST. LOUIS - 000501,14,0.0053890400,0.0538904002,10.0000000000,0,ST LOUIS,ST LOUIS
ST. LOUIS - 000501,24,0.9946109600,9.9461095998,10.0000000000,0,ST LOUIS,ST LOUIS
ST. LOUIS - 000502,14,0.1533072111,9.5050470893,61.9999999995,0,ST LOUIS,ST LOUIS
ST. LOUIS - 000502,24,0.8466927889,52.4949529102,61.9999999995,0,ST LOUIS,ST LOUIS
ST. LOUIS - 000503,14,1.0000000000,19.0000000000,19.0000000000,0,ST LOUIS,ST LOUIS
ST. LOUIS - 000504,14,0.8908029745,1.7816059490,2.0000000000,0,ST LOUIS,ST LOUIS
ST. LOUIS - 000504,24,0.1091970255,0.2183940510,2.0000000000,0,ST LOUIS,ST LOUIS
ST. LOUIS - 000505,14,1.0000000000,17.0000000001,17.0000000001,0,ST LOUIS,ST LOUIS
ST. LOUIS - 000506,14,1.0000000000,9.0000000000,9.0000000000,0,ST LOUIS,ST LOUIS
ST. LOUIS - 000507,14,1.0000000000,12.0000000000,12.0000000000,0,ST LOUIS,ST LOUIS
ST. LOUIS - 000508,14,1.0000000000,15.0000000000,15.0000000000,0,ST LOUIS,ST LOUIS
ST. LOUIS - 000509,14,0.0017575164,0.0123026151,7.0000000000,0,ST LOUIS,ST LOUIS
ST. LOUIS - 000509,24,0.9982424836,6.9876973849,7.0000000000,0,ST LOUIS,ST LOUIS
ST. LOUIS - 000510,14,0.8738100412,20.9714409890,23.9999999999,0,ST LOUIS,ST LOUIS
ST. LOUIS - 000510,24,0.1261899588,3.0285590109,23.9999999999,0,ST LOUIS,ST LOUIS
ST. LOUIS - 000511,14,0.9845111541,0.9845111542,1.0000000001,0,ST LOUIS,ST LOUIS
ST. LOUIS - 000511,24,0.0154888459,0.0154888459,1.0000000001,0,ST LOUIS,ST LOUIS
ST. LOUIS - 000512,14,1.0000000000,17.0000000000,17.0000000000,0,ST LOUIS,ST LOUIS
ST. LOUIS - 000513,14,1.0000000000,8.0000000000,8.0000000000,0,ST LOUIS,ST LOUIS
ST. LOUIS - 000514,24,1.0000000000,25.0000000000,25.0000000000,0,ST LOUIS,ST LOUIS
ST. LOUIS - 000515,24,1.0000000000,11.0000000000,11.0000000000,0,ST LOUIS,ST LOUIS
ST. LOUIS - 000516,14,1.0000000000,115.0000000001,115.0000000001,0,ST LOUIS,ST LOUIS
ST. LOUIS - 000517,14,1.0000000000,19.0000000002,19.0000000002,0,ST LOUIS,ST LOUIS
ST. LOUIS - 000518,14,1.0000000000,2.0000000000,2.0000000000,0,ST LOUIS,ST LOUIS
ST. LOUIS - 000519,13,0.0369952330,0.7029094266,19.0000000001,0,ST LOUIS,ST LOUIS
ST. LOUIS - 000519,14,0.9630047670,18.2970905735,19.0000000001,0,ST LOUIS,ST LOUIS
ST. LOUIS - 000520,14,1.0000000000,24.0000000000,24.0000000000,0,ST LOUIS,ST LOUIS
ST. LOUIS - 000521,13,0.0007361980,0.0250307310,34.0000000000,0,ST LOUIS,ST LOUIS
ST. LOUIS - 000521,14,0.9992638020,33.9749692690,34.0000000000,0,ST LOUIS,ST LOUIS
ST. LOUIS - 000522,13,0.0900736238,4.3235339433,47.9999999998,0,ST LOUIS,ST LOUIS
ST. LOUIS - 000522,14,0.9099263762,43.6764660565,47.9999999998,0,ST LOUIS,ST LOUIS
ST. LOUIS - 000523,14,1.0000000000,24.0000000000,24.0000000000,0,ST LOUIS,ST LOUIS
ST. LOUIS - 000524,14,1.0000000000,18.0000000001,18.0000000001,0,ST LOUIS,ST LOUIS
ST. LOUIS - 000525,14,1.0000000000,15.0000000000,15.0000000000,0,ST LOUIS,ST LOUIS
ST. LOUIS - 000526,14,1.0000000000,4.0000000000,4.0000000000,0,ST LOUIS,ST LOUIS
ST. LOUIS - 000527,13,0.9811381931,30.4152839857,30.9999999999,0,ST LOUIS,ST LOUIS
ST. LOUIS - 000527,14,0.0188618069,0.5847160142,30.9999999999,0,ST LOUIS,ST LOUIS
ST. LOUIS - 000528,13,1.0000000000,9.0000000000,9.0000000000,0,ST LOUIS,ST LOUIS
ST. LOUIS - 000529,13,1.0000000000,20.0000000000,20.0000000000,0,ST LOUIS,ST LOUIS
ST. LOUIS - 000530,13,1.0000000000,27.0000000000,27.0000000000,0,ST LOUIS,ST LOUIS
ST. LOUIS - 000531,13,1.0000000000,25.0000000000,25.0000000000,0,ST LOUIS,ST LOUIS
ST. LOUIS - 000532,13,1.0000000000,28.0000000000,28.0000000000,0,ST LOUIS,ST LOUIS
ST. LOUIS - 000533,13,0.9762202458,18.5481846706,19.0000000001,0,ST LOUIS,ST LOUIS
ST. LOUIS - 000533,14,0.0237797542,0.4518153295,19.0000000001,0,ST LOUIS,ST LOUIS
ST. LOUIS - 000534,13,1.0000000000,30.0000000000,30.0000000000,0,ST LOUIS,ST LOUIS
ST. LOUIS - 000535,13,1.0000000000,30.0000000000,30.0000000000,0,ST LOUIS,ST LOUIS
ST. LOUIS - 000536,14,1.0000000000,33.0000000000,33.0000000000,0,ST LOUIS,ST LOUIS
ST. LOUIS - 000537,13,0.8666666667,13.0000000000,15.0000000001,0,ST LOUIS,ST LOUIS
ST. LOUIS - 000537,14,0.1333333333,2.0000000001,15.0000000001,0,ST LOUIS,ST LOUIS
ST. LOUIS - 000538,13,0.8719020627,28.7727680691,33.0000000000,0,ST LOUIS,ST LOUIS
ST. LOUIS - 000538,14,0.1280979373,4.2272319309,33.0000000000,0,ST LOUIS,ST LOUIS
ST. LOUIS - 000539,14,1.0000000000,72.0000000002,72.0000000002,0,ST LOUIS,ST LOUIS
ST. LOUIS - 000540,1,1.0000000000,9.0000000000,9.0000000000,0,ST LOUIS,ST LOUIS
ST. LOUIS - 000541,1,1.0000000000,8.0000000000,8.0000000000,0,ST LOUIS,ST LOUIS
ST. LOUIS - 000542,1,1.0000000000,19.0000000002,19.0000000002,0,ST LOUIS,ST LOUIS
ST. LOUIS - 000543,1,1.0000000000,14.0000000000,14.0000000000,0,ST LOUIS,ST LOUIS
ST. LOUIS - 000544,1,1.0000000000,11.0000000002,11.0000000002,0,ST LOUIS,ST LOUIS
ST. LOUIS - 000545,1,1.0000000000,17.0000000000,17.0000000000,0,ST LOUIS,ST LOUIS
ST. LOUIS - 000546,1,1.0000000000,14.0000000000,14.0000000000,0,ST LOUIS,ST LOUIS
ST. LOUIS - 000547,1,1.0000000000,17.0000000001,17.0000000001,0,ST LOUIS,ST LOUIS
ST. LOUIS - 000548,1,1.0000000000,25.0000000001,25.0000000001,0,ST LOUIS,ST LOUIS
ST. LOUIS - 000549,1,1.0000000000,9.0000000001,9.0000000001,0,ST LOUIS,ST LOUIS
ST. LOUIS - 000550,1,1.0000000000,11.9999999999,11.9999999999,0,ST LOUIS,ST LOUIS
ST. LOUIS - 000551,1,1.0000000000,5.0000000000,5.0000000000,0,ST LOUIS,ST LOUIS
ST. LOUIS - 000552,1,1.0000000000,12.0000000001,12.0000000001,0,ST LOUIS,ST LOUIS
ST. LOUIS - 000553,1,1.0000000000,16.9999999999,16.9999999999,0,ST LOUIS,ST LOUIS
ST. LOUIS - 000554,1,1.0000000000,10.9999999999,10.9999999999,0,ST LOUIS,ST LOUIS
ST. LOUIS - 000555,1,1.0000000000,5.0000000000,5.0000000000,0,ST LOUIS,ST LOUIS
ST. LOUIS - 000556,1,1.0000000000,15.9999999999,15.9999999999,0,ST LOUIS,ST LOUIS
ST. LOUIS - 000557,1,1.0000000000,18.9999999998,18.9999999998,0,ST LOUIS,ST LOUIS
ST. LOUIS - 000558,15,1.0000000000,8.0000000000,8.0000000000,0,ST LOUIS,ST LOUIS
ST. LOUIS - 000559,15,0.6187673923,12.9941152379,21.0000000002,0,ST LOUIS,ST LOUIS
ST. LOUIS - 000559,24,0.3812326077,8.0058847623,21.0000000002,0,ST LOUIS,ST LOUIS
ST. LOUIS - 000560,24,1.0000000000,80.9999999998,80.9999999998,0,ST LOUIS,ST LOUIS
ST. LOUIS - 000561,15,1.0000000000,7.0000000000,7.0000000000,0,ST LOUIS,ST LOUIS
ST. LOUIS - 000562,15,1.0000000000,13.0000000000,13.0000000000,0,ST LOUIS,ST LOUIS
ST. LOUIS - 000563,15,1.0000000000,1.0000000000,1.0000000000,0,ST LOUIS,ST LOUIS
ST. LOUIS - 000564,15,1.0000000000,11.0000000000,11.0000000000,0,ST LOUIS,ST LOUIS
ST. LOUIS - 000565,15,0.1034482759,3.0000000000,28.9999999999,0,ST LOUIS,ST LOUIS
ST. LOUIS - 000565,24,0.8965517241,25.9999999999,28.9999999999,0,ST LOUIS,ST LOUIS
ST. LOUIS - 000566,15,1.0000000000,10.0000000000,10.0000000000,0,ST LOUIS,ST LOUIS
ST. LOUIS - 000567,15,1.0000000000,22.0000000000,22.0000000000,0,ST LOUIS,ST LOUIS
ST. LOUIS - 000568,15,1.0000000000,25.9999999999,25.9999999999,0,ST LOUIS,ST LOUIS
ST. LOUIS - 000569,15,1.0000000000,33.0000000000,33.0000000000,0,ST LOUIS,ST LOUIS
ST. LOUIS - 000570,15,0.9411764706,16.0000000000,17.0000000000,0,ST LOUIS,ST LOUIS
ST. LOUIS - 000570,24,0.0588235294,1.0000000000,17.0000000000,0,ST LOUIS,ST LOUIS
ST. LOUIS - 000571,15,0.9992072738,25.9793891199,26.0000000000,0,ST LOUIS,ST LOUIS
ST. LOUIS - 000571,24,0.0007927262,0.0206108801,26.0000000000,0,ST LOUIS,ST LOUIS
ST. LOUIS - 000572,15,0.6614085559,11.2439454511,17.0000000000,0,ST LOUIS,ST LOUIS
ST. LOUIS - 000572,24,0.3385914441,5.7560545489,17.0000000000,0,ST LOUIS,ST LOUIS
ST. LOUIS - 000573,15,1.0000000000,33.0000000002,33.0000000002,0,ST LOUIS,ST LOUIS
ST. LOUIS - 000574,15,1.0000000000,5.0000000000,5.0000000000,0,ST LOUIS,ST LOUIS
ST. LOUIS - 000575,15,1.0000000000,10.0000000000,10.0000000000,0,ST LOUIS,ST LOUIS
ST. LOUIS - 000576,15,1.0000000000,24.9999999999,24.9999999999,0,ST LOUIS,ST LOUIS
ST. LOUIS - 000577,15,1.0000000000,13.0000000000,13.0000000000,0,ST LOUIS,ST LOUIS
ST. LOUIS - 000578,15,0.1516158939,7.5807946964,49.9999999999,0,ST LOUIS,ST LOUIS
ST. LOUIS - 000578,24,0.8483841061,42.4192053035,49.9999999999,0,ST LOUIS,ST LOUIS
ST. LOUIS - 000579,15,0.9804395786,10.7848353643,11.0000000000,0,ST LOUIS,ST LOUIS
ST. LOUIS - 000579,24,0.0195604214,0.2151646357,11.0000000000,0,ST LOUIS,ST LOUIS
ST. LOUIS - 000580,13,1.0000000000,21.0000000000,21.0000000000,0,ST LOUIS,ST LOUIS
ST. LOUIS - 000581,13,1.0000000000,14.0000000000,14.0000000000,0,ST LOUIS,ST LOUIS
ST. LOUIS - 000582,13,1.0000000000,22.9999999999,22.9999999999,0,ST LOUIS,ST LOUIS
ST. LOUIS - 000583,13,1.0000000000,25.9999999999,25.9999999999,0,ST LOUIS,ST LOUIS
ST. LOUIS - 000584,13,1.0000000000,8.0000000000,8.0000000000,0,ST LOUIS,ST LOUIS
ST. LOUIS - 000585,13,1.0000000000,19.0000000000,19.0000000000,0,ST LOUIS,ST LOUIS
ST. LOUIS - 000586,13,1.0000000000,19.0000000000,19.0000000000,0,ST LOUIS,ST LOUIS
ST. LOUIS - 000587,13,1.0000000000,22.0000000000,22.0000000000,0,ST LOUIS,ST LOUIS
ST. LOUIS - 000588,13,1.0000000000,12.0000000000,12.0000000000,0,ST LOUIS,ST LOUIS
ST. LOUIS - 000589,13,1.0000000000,2.0000000000,2.0000000000,0,ST LOUIS,ST LOUIS
ST. LOUIS - 000590,13,1.0000000000,26.0000000000,26.0000000000,0,ST LOUIS,ST LOUIS
ST. LOUIS - 000591,13,1.0000000000,16.0000000000,16.0000000000,0,ST LOUIS,ST LOUIS
ST. LOUIS - 000592,13,1.0000000000,11.0000000001,11.0000000001,0,ST LOUIS,ST LOUIS
ST. LOUIS - 000593,13,1.0000000000,14.9999999997,14.9999999997,0,ST LOUIS,ST LOUIS
ST. LOUIS - 000594,13,1.0000000000,17.0000000000,17.0000000000,0,ST LOUIS,ST LOUIS
ST. LOUIS - 000595,13,1.0000000000,8.0000000000,8.0000000000,0,ST LOUIS,ST LOUIS
ST. LOUIS - 000596,13,1.0000000000,23.9999999999,23.9999999999,0,ST LOUIS,ST LOUIS
ST. LOUIS - 000597,13,1.0000000000,13.0000000000,13.0000000000,0,ST LOUIS,ST LOUIS
ST. LOUIS - 000598,13,1.0000000000,21.0000000000,21.0000000000,0,ST LOUIS,ST LOUIS
ST. LOUIS - 000599,13,1.0000000000,18.0000000000,18.0000000000,0,ST LOUIS,ST LOUIS
ST. LOUIS - 000600,13,1.0000000000,47.0000000000,47.0000000000,0,ST LOUIS,ST LOUIS
ST. LOUIS - 000601,13,1.0000000000,22.9999999999,22.9999999999,0,ST LOUIS,ST LOUIS
ST. LOUIS - 000602,5,0.0008185008,0.0351955333,42.9999999999,0,ST LOUIS,ST LOUIS
ST. LOUIS - 000602,13,0.9991814992,42.9648044666,42.9999999999,0,ST LOUIS,ST LOUIS
ST. LOUIS - 000603,13,1.0000000000,43.0000000001,43.0000000001,0,ST LOUIS,ST LOUIS
ST. LOUIS - 000604,13,1.0000000000,15.0000000000,15.0000000000,0,ST LOUIS,ST LOUIS
ST. LOUIS - 000605,13,1.0000000000,22.0000000000,22.0000000000,0,ST LOUIS,ST LOUIS
ST. LOUIS - 000606,13,1.0000000000,25.9999999998,25.9999999998,0,ST LOUIS,ST LOUIS
ST. LOUIS - 000607,13,1.0000000000,17.0000000000,17.0000000000,0,ST LOUIS,ST LOUIS
ST. LOUIS - 000608,13,1.0000000000,34.0000000003,34.0000000003,0,ST LOUIS,ST LOUIS
ST. LOUIS - 000609,13,1.0000000000,43.0000000000,43.0000000000,0,ST LOUIS,ST LOUIS
ST. LOUIS - 000610,13,1.0000000000,22.0000000000,22.0000000000,0,ST LOUIS,ST LOUIS
ST. LOUIS - 000611,13,1.0000000000,18.9999999999,18.9999999999,0,ST LOUIS,ST LOUIS
ST. LOUIS - 000612,13,1.0000000000,13.0000000000,13.0000000000,0,ST LOUIS,ST LOUIS
ST. LOUIS - 000613,13,1.0000000000,44.9999999999,44.9999999999,0,ST LOUIS,ST LOUIS
ST. LOUIS - 000614,13,1.0000000000,11.0000000000,11.0000000000,0,ST LOUIS,ST LOUIS
ST. LOUIS - 000615,13,1.0000000000,27.0000000001,27.0000000001,0,ST LOUIS,ST LOUIS
ST. LOUIS - 000616,5,0.0043854981,0.1973474150,45.0000000002,0,ST LOUIS,ST LOUIS
ST. LOUIS - 000616,13,0.9956145019,44.8026525852,45.0000000002,0,ST LOUIS,ST LOUIS
ST. LOUIS - 000617,24,1.0000000000,18.0000000002,18.0000000002,0,ST LOUIS,ST LOUIS
ST. LOUIS - 000618,1,0.0503795103,0.4030360824,8.0000000000,0,ST LOUIS,ST LOUIS
ST. LOUIS - 000618,24,0.9496204897,7.5969639176,8.0000000000,0,ST LOUIS,ST LOUIS
ST. LOUIS - 000619,1,0.8181818182,26.9999999999,32.9999999998,0,ST LOUIS,ST LOUIS
ST. LOUIS - 000619,24,0.1818181818,5.9999999999,32.9999999998,0,ST LOUIS,ST LOUIS
ST. LOUIS - 000620,1,1.0000000000,36.0000000000,36.0000000000,0,ST LOUIS,ST LOUIS
ST. LOUIS - 000621,24,1.0000000000,10.0000000001,10.0000000001,0,ST LOUIS,ST LOUIS
ST. LOUIS - 000622,1,0.9966985763,9.9669857634,10.0000000000,0,ST LOUIS,ST LOUIS
ST. LOUIS - 000622,24,0.0033014237,0.0330142366,10.0000000000,0,ST LOUIS,ST LOUIS
ST. LOUIS - 000623,1,1.0000000000,13.0000000000,13.0000000000,0,ST LOUIS,ST LOUIS
ST. LOUIS - 000624,1,1.0000000000,20.0000000000,20.0000000000,0,ST LOUIS,ST LOUIS
ST. LOUIS - 000625,1,0.6785714286,18.9999999999,27.9999999999,0,ST LOUIS,ST LOUIS
ST. LOUIS - 000625,24,0.3214285714,9.0000000000,27.9999999999,0,ST LOUIS,ST LOUIS
ST. LOUIS - 000626,24,1.0000000000,10.9999999999,10.9999999999,0,ST LOUIS,ST LOUIS
ST. LOUIS - 000627,1,1.0000000000,11.0000000001,11.0000000001,0,ST LOUIS,ST LOUIS
ST. LOUIS - 000628,1,1.0000000000,12.0000000000,12.0000000000,0,ST LOUIS,ST LOUIS
ST. LOUIS - 000629,1,0.9984485918,11.9813831015,11.9999999999,0,ST LOUIS,ST LOUIS
ST. LOUIS - 000629,24,0.0015514082,0.0186168984,11.9999999999,0,ST LOUIS,ST LOUIS
ST. LOUIS - 000630,24,1.0000000000,16.0000000000,16.0000000000,0,ST LOUIS,ST LOUIS
ST. LOUIS - 000631,24,1.0000000000,10.0000000001,10.0000000001,0,ST LOUIS,ST LOUIS
ST. LOUIS - 000632,24,1.0000000000,4.9999999999,4.9999999999,0,ST LOUIS,ST LOUIS
ST. LOUIS - 000633,22,0.0220947367,0.2209473673,10.0000000001,0,ST LOUIS,ST LOUIS
ST. LOUIS - 000633,24,0.9779052633,9.7790526328,10.0000000001,0,ST LOUIS,ST LOUIS
ST. LOUIS - 000634,1,1.0000000000,2.0000000000,2.0000000000,0,ST LOUIS,ST LOUIS
ST. LOUIS - 000635,24,1.0000000000,8.0000000000,8.0000000000,0,ST LOUIS,ST LOUIS
ST. LOUIS - 000636,24,1.0000000000,7.0000000001,7.0000000001,0,ST LOUIS,ST LOUIS
ST. LOUIS - 000637,1,0.3638086953,6.9123652103,19.0000000000,0,ST LOUIS,ST LOUIS
ST. LOUIS - 000637,24,0.6361913047,12.0876347897,19.0000000000,0,ST LOUIS,ST LOUIS
ST. LOUIS - 000638,14,1.0000000000,32.0000000000,32.0000000000,0,ST LOUIS,ST LOUIS
ST. LOUIS - 000639,4,0.0109339996,0.3608219864,33.0000000000,0,ST LOUIS,ST LOUIS
ST. LOUIS - 000639,14,0.9890660004,32.6391780136,33.0000000000,0,ST LOUIS,ST LOUIS
ST. LOUIS - 000640,4,0.0906645747,4.3518995834,48.0000000002,0,ST LOUIS,ST LOUIS
ST. LOUIS - 000640,14,0.9093354253,43.6481004168,48.0000000002,0,ST LOUIS,ST LOUIS
ST. LOUIS - 000641,14,1.0000000000,28.0000000000,28.0000000000,0,ST LOUIS,ST LOUIS
ST. LOUIS - 000642,14,1.0000000000,40.0000000000,40.0000000000,0,ST LOUIS,ST LOUIS
ST. LOUIS - 000643,14,1.0000000000,28.0000000000,28.0000000000,0,ST LOUIS,ST LOUIS
ST. LOUIS - 000644,14,1.0000000000,18.0000000000,18.0000000000,0,ST LOUIS,ST LOUIS
ST. LOUIS - 000645,14,1.0000000000,9.0000000000,9.0000000000,0,ST LOUIS,ST LOUIS
ST. LOUIS - 000646,14,1.0000000000,23.0000000000,23.0000000000,0,ST LOUIS,ST LOUIS
ST. LOUIS - 000647,14,1.0000000000,40.9999999999,40.9999999999,0,ST LOUIS,ST LOUIS
ST. LOUIS - 000648,14,1.0000000000,45.0000000000,45.0000000000,0,ST LOUIS,ST LOUIS
ST. LOUIS - 000649,14,1.0000000000,21.0000000000,21.0000000000,0,ST LOUIS,ST LOUIS
ST. LOUIS - 000650,14,1.0000000000,36.0000000000,36.0000000000,0,ST LOUIS,ST LOUIS
ST. LOUIS - 000651,4,0.0847510363,5.6783194345,67.0000000000,0,ST LOUIS,ST LOUIS
ST. LOUIS - 000651,14,0.9152489637,61.3216805655,67.0000000000,0,ST LOUIS,ST LOUIS
ST. LOUIS - 000652,14,1.0000000000,29.0000000000,29.0000000000,0,ST LOUIS,ST LOUIS
ST. LOUIS - 000653,14,1.0000000000,27.0000000000,27.0000000000,0,ST LOUIS,ST LOUIS
ST. LOUIS - 000654,14,1.0000000000,7.0000000000,7.0000000000,0,ST LOUIS,ST LOUIS
ST. LOUIS - 000655,14,1.0000000000,5.0000000000,5.0000000000,0,ST LOUIS,ST LOUIS
ST. LOUIS - 000656,14,1.0000000000,18.9999999999,18.9999999999,0,ST LOUIS,ST LOUIS
ST. LOUIS - 000657,4,0.0409834047,1.2295021419,30.0000000000,0,ST LOUIS,ST LOUIS
ST. LOUIS - 000657,5,0.0000173880,0.0005216386,30.0000000000,0,ST LOUIS,ST LOUIS
ST. LOUIS - 000657,14,0.9589992073,28.7699762195,30.0000000000,0,ST LOUIS,ST LOUIS
ST. LOUIS - 000658,4,0.0061689372,0.2159128011,35.0000000000,0,ST LOUIS,ST LOUIS
ST. LOUIS - 000658,14,0.9938310628,34.7840871989,35.0000000000,0,ST LOUIS,ST LOUIS
ST. LOUIS CITY - 000002,4,0.7000000000,7.0000000000,10.0000000000,0,ST LOUIS CITY,ST LOUIS CITY
ST. LOUIS CITY - 000002,5,0.3000000000,3.0000000000,10.0000000000,0,ST LOUIS CITY,ST LOUIS CITY
ST. LOUIS CITY - 000003,5,1.0000000000,4.0000000000,4.0000000000,0,ST LOUIS CITY,ST LOUIS CITY
ST. LOUIS CITY - 000004,5,1.0000000000,7.0000000000,7.0000000000,0,ST LOUIS CITY,ST LOUIS CITY
ST. LOUIS CITY - 000005,5,1.0000000000,7.9999999999,7.9999999999,0,ST LOUIS CITY,ST LOUIS CITY
ST. LOUIS CITY - 000006,5,1.0000000000,10.0000000001,10.0000000001,0,ST LOUIS CITY,ST LOUIS CITY
ST. LOUIS CITY - 000007,5,0.9987741750,25.9681285503,25.9999999997,0,ST LOUIS CITY,ST LOUIS CITY
ST. LOUIS CITY - 000007,14,0.0012258250,0.0318714494,25.9999999997,0,ST LOUIS CITY,ST LOUIS CITY
ST. LOUIS CITY - 000008,5,1.0000000000,9.9999999999,9.9999999999,0,ST LOUIS CITY,ST LOUIS CITY
ST. LOUIS CITY - 000009,5,1.0000000000,7.9999999999,7.9999999999,0,ST LOUIS CITY,ST LOUIS CITY
ST. LOUIS CITY - 000010,5,1.0000000000,5.0000000000,5.0000000000,0,ST LOUIS CITY,ST LOUIS CITY
ST. LOUIS CITY - 000011,5,1.0000000000,7.0000000000,7.0000000000,0,ST LOUIS CITY,ST LOUIS CITY
ST. LOUIS CITY - 000012,5,1.0000000000,3.9999999999,3.9999999999,0,ST LOUIS CITY,ST LOUIS CITY
ST. LOUIS CITY - 000013,5,1.0000000000,11.9999999998,11.9999999998,0,ST LOUIS CITY,ST LOUIS CITY
ST. LOUIS CITY - 000014,5,1.0000000000,12.0000000000,12.0000000000,0,ST LOUIS CITY,ST LOUIS CITY
ST. LOUIS CITY - 000015,5,1.0000000000,7.0000000000,7.0000000000,0,ST LOUIS CITY,ST LOUIS CITY
ST. LOUIS CITY - 000016,5,1.0000000000,11.9999999998,11.9999999998,0,ST LOUIS CITY,ST LOUIS CITY
ST. LOUIS CITY - 000017,5,1.0000000000,12.0000000000,12.0000000000,0,ST LOUIS CITY,ST LOUIS CITY
ST. LOUIS CITY - 000018,5,1.0000000000,15.0000000001,15.0000000001,0,ST LOUIS CITY,ST LOUIS CITY
ST. LOUIS CITY - 000019,5,1.0000000000,61.0000000002,61.0000000002,0,ST LOUIS CITY,ST LOUIS CITY
ST. LOUIS CITY - 000020,5,1.0000000000,1.9999999999,1.9999999999,0,ST LOUIS CITY,ST LOUIS CITY
ST. LOUIS CITY - 000021,5,1.0000000000,5.0000000000,5.0000000000,0,ST LOUIS CITY,ST LOUIS CITY
ST. LOUIS CITY - 000022,5,1.0000000000,23.0000000001,23.0000000001,0,ST LOUIS CITY,ST LOUIS CITY
ST. LOUIS CITY - 000023,5,1.0000000000,16.0000000000,16.0000000000,0,ST LOUIS CITY,ST LOUIS CITY
ST. LOUIS CITY - 000024,5,1.0000000000,10.0000000000,10.0000000000,0,ST LOUIS CITY,ST LOUIS CITY
ST. LOUIS CITY - 000025,5,1.0000000000,15.0000000002,15.0000000002,0,ST LOUIS CITY,ST LOUIS CITY
ST. LOUIS CITY - 000026,5,1.0000000000,62.0000000000,62.0000000000,0,ST LOUIS CITY,ST LOUIS CITY
ST. LOUIS CITY - 000027,4,1.0000000000,10.0000000000,10.0000000000,0,ST LOUIS CITY,ST LOUIS CITY
ST. LOUIS CITY - 000028,1,0.0222222222,1.0000000000,45.0000000001,0,ST LOUIS CITY,ST LOUIS CITY
ST. LOUIS CITY - 000028,5,0.9777777778,44.0000000001,45.0000000001,0,ST LOUIS CITY,ST LOUIS CITY
ST. LOUIS CITY - 000029,4,1.0000000000,1.0000000000,1.0000000000,0,ST LOUIS CITY,ST LOUIS CITY
ST. LOUIS CITY - 000030,5,1.0000000000,42.0000000000,42.0000000000,0,ST LOUIS CITY,ST LOUIS CITY
ST. LOUIS CITY - 000031,5,1.0000000000,27.0000000000,27.0000000000,0,ST LOUIS CITY,ST LOUIS CITY
ST. LOUIS CITY - 000032,5,1.0000000000,29.9999999999,29.9999999999,0,ST LOUIS CITY,ST LOUIS CITY
ST. LOUIS CITY - 000033,5,1.0000000000,33.9999999999,33.9999999999,0,ST LOUIS CITY,ST LOUIS CITY
ST. LOUIS CITY - 000034,5,1.0000000000,23.0000000001,23.0000000001,0,ST LOUIS CITY,ST LOUIS CITY
ST. LOUIS CITY - 000035,5,1.0000000000,23.9999999999,23.9999999999,0,ST LOUIS CITY,ST LOUIS CITY
ST. LOUIS CITY - 000036,4,0.2666666667,4.0000000000,15.0000000000,0,ST LOUIS CITY,ST LOUIS CITY
ST. LOUIS CITY - 000036,5,0.7333333333,11.0000000000,15.0000000000,0,ST LOUIS CITY,ST LOUIS CITY
ST. LOUIS CITY - 000037,4,0.4666666667,7.0000000000,14.9999999999,0,ST LOUIS CITY,ST LOUIS CITY
ST. LOUIS CITY - 000037,5,0.5333333333,7.9999999999,14.9999999999,0,ST LOUIS CITY,ST LOUIS CITY
ST. LOUIS CITY - 000038,1,0.1111111111,1.0000000000,9.0000000000,0,ST LOUIS CITY,ST LOUIS CITY
ST. LOUIS CITY - 000038,5,0.8888888889,8.0000000000,9.0000000000,0,ST LOUIS CITY,ST LOUIS CITY
ST. LOUIS CITY - 000039,4,1.0000000000,12.9999999999,12.9999999999,0,ST LOUIS CITY,ST LOUIS CITY
ST. LOUIS CITY - 000040,4,1.0000000000,8.0000000000,8.0000000000,0,ST LOUIS CITY,ST LOUIS CITY
ST. LOUIS CITY - 000041,4,1.0000000000,9.0000000000,9.0000000000,0,ST LOUIS CITY,ST LOUIS CITY
ST. LOUIS CITY - 000042,4,1.0000000000,11.0000000002,11.0000000002,0,ST LOUIS CITY,ST LOUIS CITY
ST. LOUIS CITY - 000043,4,1.0000000000,6.9999999999,6.9999999999,0,ST LOUIS CITY,ST LOUIS CITY
ST. LOUIS CITY - 000044,4,1.0000000000,12.9999999999,12.9999999999,0,ST LOUIS CITY,ST LOUIS CITY
ST. LOUIS CITY - 000045,4,1.0000000000,7.0000000000,7.0000000000,0,ST LOUIS CITY,ST LOUIS CITY
ST. LOUIS CITY - 000046,4,0.7647058824,13.0000000000,17.0000000000,0,ST LOUIS CITY,ST LOUIS CITY
ST. LOUIS CITY - 000046,5,0.2352941176,4.0000000000,17.0000000000,0,ST LOUIS CITY,ST LOUIS CITY
ST. LOUIS CITY - 000047,4,1.0000000000,9.0000000000,9.0000000000,0,ST LOUIS CITY,ST LOUIS CITY
ST. LOUIS CITY - 000048,4,1.0000000000,8.0000000000,8.0000000000,0,ST LOUIS CITY,ST LOUIS CITY
ST. LOUIS CITY - 000049,4,1.0000000000,10.0000000000,10.0000000000,0,ST LOUIS CITY,ST LOUIS CITY
ST. LOUIS CITY - 000050,4,1.0000000000,14.0000000001,14.0000000001,0,ST LOUIS CITY,ST LOUIS CITY
ST. LOUIS CITY - 000051,4,1.0000000000,2.0000000000,2.0000000000,0,ST LOUIS CITY,ST LOUIS CITY
ST. LOUIS CITY - 000052,4,0.9541394239,20.9910673254,22.0000000000,0,ST LOUIS CITY,ST LOUIS CITY
ST. LOUIS CITY - 000052,5,0.0458605761,1.0089326746,22.0000000000,0,ST LOUIS CITY,ST LOUIS CITY
ST. LOUIS CITY - 000053,4,1.0000000000,10.9999999999,10.9999999999,0,ST LOUIS CITY,ST LOUIS CITY
ST. LOUIS CITY - 000054,4,1.0000000000,6.0000000000,6.0000000000,0,ST LOUIS CITY,ST LOUIS CITY
ST. LOUIS CITY - 000055,4,1.0000000000,6.0000000001,6.0000000001,0,ST LOUIS CITY,ST LOUIS CITY
ST. LOUIS CITY - 000056,4,1.0000000000,9.9999999999,9.9999999999,0,ST LOUIS CITY,ST LOUIS CITY
ST. LOUIS CITY - 000057,5,1.0000000000,16.0000000000,16.0000000000,0,ST LOUIS CITY,ST LOUIS CITY
ST. LOUIS CITY - 000058,5,1.0000000000,9.9999999999,9.9999999999,0,ST LOUIS CITY,ST LOUIS CITY
ST. LOUIS CITY - 000059,5,1.0000000000,10.0000000000,10.0000000000,0,ST LOUIS CITY,ST LOUIS CITY
ST. LOUIS CITY - 000060,5,1.0000000000,9.0000000000,9.0000000000,0,ST LOUIS CITY,ST LOUIS CITY
ST. LOUIS CITY - 000061,5,1.0000000000,11.0000000000,11.0000000000,0,ST LOUIS CITY,ST LOUIS CITY
ST. LOUIS CITY - 000062,4,0.9444444444,17.0000000000,18.0000000000,0,ST LOUIS CITY,ST LOUIS CITY
ST. LOUIS CITY - 000062,5,0.0555555556,1.0000000000,18.0000000000,0,ST LOUIS CITY,ST LOUIS CITY
ST. LOUIS CITY - 000063,4,0.6250000000,10.0000000000,16.0000000000,0,ST LOUIS CITY,ST LOUIS CITY
ST. LOUIS CITY - 000063,5,0.3750000000,6.0000000000,16.0000000000,0,ST LOUIS CITY,ST LOUIS CITY
ST. LOUIS CITY - 000064,4,1.0000000000,17.0000000001,17.0000000001,0,ST LOUIS CITY,ST LOUIS CITY
ST. LOUIS CITY - 000065,4,1.0000000000,12.9999999998,12.9999999998,0,ST LOUIS CITY,ST LOUIS CITY
ST. LOUIS CITY - 000066,4,1.0000000000,13.0000000000,13.0000000000,0,ST LOUIS CITY,ST LOUIS CITY
ST. LOUIS CITY - 000067,4,1.0000000000,6.0000000000,6.0000000000,0,ST LOUIS CITY,ST LOUIS CITY
ST. LOUIS CITY - 000068,4,1.0000000000,10.0000000001,10.0000000001,0,ST LOUIS CITY,ST LOUIS CITY
ST. LOUIS CITY - 000069,4,1.0000000000,12.9999999999,12.9999999999,0,ST LOUIS CITY,ST LOUIS CITY
ST. LOUIS CITY - 000070,4,1.0000000000,12.0000000001,12.0000000001,0,ST LOUIS CITY,ST LOUIS CITY
ST. LOUIS CITY - 000071,4,1.0000000000,11.0000000000,11.0000000000,0,ST LOUIS CITY,ST LOUIS CITY
ST. LOUIS CITY - 000072,4,1.0000000000,9.9999999999,9.9999999999,0,ST LOUIS CITY,ST LOUIS CITY
ST. LOUIS CITY - 000073,4,1.0000000000,8.0000000000,8.0000000000,0,ST LOUIS CITY,ST LOUIS CITY
ST. LOUIS CITY - 000074,4,1.0000000000,8.0000000000,8.0000000000,0,ST LOUIS CITY,ST LOUIS CITY
ST. LOUIS CITY - 000075,4,1.0000000000,5.0000000000,5.0000000000,0,ST LOUIS CITY,ST LOUIS CITY
ST. LOUIS CITY - 000076,4,1.0000000000,6.0000000000,6.0000000000,0,ST LOUIS CITY,ST LOUIS CITY
ST. LOUIS CITY - 000077,4,1.0000000000,7.0000000000,7.0000000000,0,ST LOUIS CITY,ST LOUIS CITY
ST. LOUIS CITY - 000078,4,1.0000000000,11.9999999999,11.9999999999,0,ST LOUIS CITY,ST LOUIS CITY
ST. LOUIS CITY - 000079,4,0.3750000000,6.0000000000,15.9999999999,0,ST LOUIS CITY,ST LOUIS CITY
ST. LOUIS CITY - 000079,5,0.6250000000,9.9999999999,15.9999999999,0,ST LOUIS CITY,ST LOUIS CITY
ST. LOUIS CITY - 000080,4,1.0000000000,12.0000000000,12.0000000000,0,ST LOUIS CITY,ST LOUIS CITY
ST. LOUIS CITY - 000081,4,1.0000000000,12.0000000000,12.0000000000,0,ST LOUIS CITY,ST LOUIS CITY
ST. LOUIS CITY - 000082,4,1.0000000000,1.0000000000,1.0000000000,0,ST LOUIS CITY,ST LOUIS CITY
ST. LOUIS CITY - 000083,4,1.0000000000,7.0000000000,7.0000000000,0,ST LOUIS CITY,ST LOUIS CITY
ST. LOUIS CITY - 000084,4,1.0000000000,7.0000000000,7.0000000000,0,ST LOUIS CITY,ST LOUIS CITY
ST. LOUIS CITY - 000085,5,1.0000000000,14.0000000001,14.0000000001,0,ST LOUIS CITY,ST LOUIS CITY
ST. LOUIS CITY - 000086,4,1.0000000000,14.0000000001,14.0000000001,0,ST LOUIS CITY,ST LOUIS CITY
ST. LOUIS CITY - 000087,4,1.0000000000,8.0000000000,8.0000000000,0,ST LOUIS CITY,ST LOUIS CITY
ST. LOUIS CITY - 000088,4,1.0000000000,8.0000000000,8.0000000000,0,ST LOUIS CITY,ST LOUIS CITY
ST. LOUIS CITY - 000089,4,1.0000000000,20.9999999999,20.9999999999,0,ST LOUIS CITY,ST LOUIS CITY
ST. LOUIS CITY - 000090,4,1.0000000000,10.0000000001,10.0000000001,0,ST LOUIS CITY,ST LOUIS CITY
ST. LOUIS CITY - 000091,4,1.0000000000,7.0000000000,7.0000000000,0,ST LOUIS CITY,ST LOUIS CITY
ST. LOUIS CITY - 000092,4,1.0000000000,7.9999999999,7.9999999999,0,ST LOUIS CITY,ST LOUIS CITY
ST. LOUIS CITY - 000093,4,1.0000000000,8.0000000000,8.0000000000,0,ST LOUIS CITY,ST LOUIS CITY
ST. LOUIS CITY - 000094,4,1.0000000000,15.0000000000,15.0000000000,0,ST LOUIS CITY,ST LOUIS CITY
ST. LOUIS CITY - 000095,4,1.0000000000,4.0000000000,4.0000000000,0,ST LOUIS CITY,ST LOUIS CITY
ST. LOUIS CITY - 000096,4,1.0000000000,11.9999999999,11.9999999999,0,ST LOUIS CITY,ST LOUIS CITY
ST. LOUIS CITY - 000097,4,1.0000000000,14.0000000001,14.0000000001,0,ST LOUIS CITY,ST LOUIS CITY
ST. LOUIS CITY - 000098,4,1.0000000000,18.0000000000,18.0000000000,0,ST LOUIS CITY,ST LOUIS CITY
ST. LOUIS CITY - 000099,4,1.0000000000,22.9999999999,22.9999999999,0,ST LOUIS CITY,ST LOUIS CITY
ST. LOUIS CITY - 000100,4,1.0000000000,15.0000000000,15.0000000000,0,ST LOUIS CITY,ST LOUIS CITY
ST. LOUIS CITY - 000101,4,1.0000000000,5.0000000000,5.0000000000,0,ST LOUIS CITY,ST LOUIS CITY
ST. LOUIS CITY - 000102,4,1.0000000000,7.0000000000,7.0000000000,0,ST LOUIS CITY,ST LOUIS CITY
ST. LOUIS CITY - 000103,4,1.0000000000,10.0000000000,10.0000000000,0,ST LOUIS CITY,ST LOUIS CITY
ST. LOUIS CITY - 000104,4,1.0000000000,9.0000000000,9.0000000000,0,ST LOUIS CITY,ST LOUIS CITY
ST. LOUIS CITY - 000105,4,1.0000000000,9.0000000000,9.0000000000,0,ST LOUIS CITY,ST LOUIS CITY
ST. LOUIS CITY - 000106,4,1.0000000000,15.0000000001,15.0000000001,0,ST LOUIS CITY,ST LOUIS CITY
ST. LOUIS CITY - 000107,4,1.0000000000,11.0000000000,11.0000000000,0,ST LOUIS CITY,ST LOUIS CITY
ST. LOUIS CITY - 000108,4,1.0000000000,10.0000000001,10.0000000001,0,ST LOUIS CITY,ST LOUIS CITY
ST. LOUIS CITY - 000109,5,1.0000000000,29.9999999999,29.9999999999,0,ST LOUIS CITY,ST LOUIS CITY
ST. LOUIS CITY - 000110,5,1.0000000000,1.0000000000,1.0000000000,0,ST LOUIS CITY,ST LOUIS CITY
ST. LOUIS CITY - 000111,4,1.0000000000,34.9999999999,34.9999999999,0,ST LOUIS CITY,ST LOUIS CITY
ST. LOUIS CITY - 000112,4,0.5000000000,2.0000000001,4.0000000001,0,ST LOUIS CITY,ST LOUIS CITY
ST. LOUIS CITY - 000112,5,0.5000000000,2.0000000000,4.0000000001,0,ST LOUIS CITY,ST LOUIS CITY
ST. LOUIS CITY - 000113,5,1.0000000000,2.0000000000,2.0000000000,0,ST LOUIS CITY,ST LOUIS CITY
ST. LOUIS CITY - 000114,5,1.0000000000,3.0000000000,3.0000000000,0,ST LOUIS CITY,ST LOUIS CITY
ST. LOUIS CITY - 000115,5,1.0000000000,14.0000000002,14.0000000002,0,ST LOUIS CITY,ST LOUIS CITY
ST. LOUIS CITY - 000116,4,1.0000000000,14.0000000000,14.0000000000,0,ST LOUIS CITY,ST LOUIS CITY
ST. LOUIS CITY - 000117,5,1.0000000000,35.0000000003,35.0000000003,0,ST LOUIS CITY,ST LOUIS CITY
ST. LOUIS CITY - 000118,5,1.0000000000,15.0000000000,15.0000000000,0,ST LOUIS CITY,ST LOUIS CITY
ST. LOUIS CITY - 000119,5,1.0000000000,4.0000000000,4.0000000000,0,ST LOUIS CITY,ST LOUIS CITY
ST. LOUIS CITY - 000120,5,1.0000000000,32.0000000003,32.0000000003,0,ST LOUIS CITY,ST LOUIS CITY
ST. LOUIS CITY - 000121,4,1.0000000000,5.0000000000,5.0000000000,0,ST LOUIS CITY,ST LOUIS CITY
ST. LOUIS CITY - 000122,4,0.4703765227,13.1705426358,28.0000000001,0,ST LOUIS CITY,ST LOUIS CITY
ST. LOUIS CITY - 000122,5,0.5296234773,14.8294573643,28.0000000001,0,ST LOUIS CITY,ST LOUIS CITY
ST. LOUIS CITY - 000123,5,1.0000000000,3.0000000000,3.0000000000,0,ST LOUIS CITY,ST LOUIS CITY
ST. LOUIS CITY - 000124,5,1.0000000000,4.0000000000,4.0000000000,0,ST LOUIS CITY,ST LOUIS CITY
ST. LOUIS CITY - 000125,5,1.0000000000,11.0000000000,11.0000000000,0,ST LOUIS CITY,ST LOUIS CITY
ST. LOUIS CITY - 000126,5,1.0000000000,13.0000000000,13.0000000000,0,ST LOUIS CITY,ST LOUIS CITY
ST. LOUIS CITY - 000127,5,1.0000000000,6.0000000000,6.0000000000,0,ST LOUIS CITY,ST LOUIS CITY
ST. LOUIS CITY - 000128,5,1.0000000000,9.9999999999,9.9999999999,0,ST LOUIS CITY,ST LOUIS CITY
ST. LOUIS CITY - 000129,5,1.0000000000,8.0000000000,8.0000000000,0,ST LOUIS CITY,ST LOUIS CITY
ST. LOUIS CITY - 000130,5,1.0000000000,19.0000000000,19.0000000000,0,ST LOUIS CITY,ST LOUIS CITY
ST. LOUIS CITY - 000131,5,1.0000000000,1.0000000000,1.0000000000,0,ST LOUIS CITY,ST LOUIS CITY
ST. LOUIS CITY - 000132,5,1.0000000000,15.0000000000,15.0000000000,0,ST LOUIS CITY,ST LOUIS CITY
ST. LOUIS CITY - 000133,5,1.0000000000,13.0000000000,13.0000000000,0,ST LOUIS CITY,ST LOUIS CITY
ST. LOUIS CITY - 000134,5,1.0000000000,16.0000000000,16.0000000000,0,ST LOUIS CITY,ST LOUIS CITY
ST. LOUIS CITY - 000135,5,1.0000000000,2.0000000000,2.0000000000,0,ST LOUIS CITY,ST LOUIS CITY
ST. LOUIS CITY - 000136,5,1.0000000000,8.0000000000,8.0000000000,0,ST LOUIS CITY,ST LOUIS CITY
ST. LOUIS CITY - 000137,5,1.0000000000,5.0000000000,5.0000000000,0,ST LOUIS CITY,ST LOUIS CITY
ST. LOUIS CITY - 000138,5,1.0000000000,39.9999999999,39.9999999999,0,ST LOUIS CITY,ST LOUIS CITY
ST. LOUIS CITY - 000139,5,1.0000000000,11.9999999999,11.9999999999,0,ST LOUIS CITY,ST LOUIS CITY
ST. LOUIS CITY - 000140,5,1.0000000000,6.9999999999,6.9999999999,0,ST LOUIS CITY,ST LOUIS CITY
ST. LOUIS CITY - 000141,5,1.0000000000,8.0000000000,8.0000000000,0,ST LOUIS CITY,ST LOUIS CITY
ST. LOUIS CITY - 000142,5,1.0000000000,1.0000000000,1.0000000000,0,ST LOUIS CITY,ST LOUIS CITY
ST. LOUIS CITY - 000143,5,1.0000000000,23.0000000000,23.0000000000,0,ST LOUIS CITY,ST LOUIS CITY
ST. LOUIS CITY - 000144,5,1.0000000000,16.0000000000,16.0000000000,0,ST LOUIS CITY,ST LOUIS CITY
ST. LOUIS CITY - 000145,5,1.0000000000,8.0000000000,8.0000000000,0,ST LOUIS CITY,ST LOUIS CITY
ST. LOUIS CITY - 000146,5,1.0000000000,14.0000000000,14.0000000000,0,ST LOUIS CITY,ST LOUIS CITY
ST. LOUIS CITY - 000147,5,1.0000000000,25.0000000000,25.0000000000,0,ST LOUIS CITY,ST LOUIS CITY
ST. LOUIS CITY - 000148,5,1.0000000000,5.0000000000,5.0000000000,0,ST LOUIS CITY,ST LOUIS CITY
ST. LOUIS CITY - 000149,5,1.0000000000,15.0000000001,15.0000000001,0,ST LOUIS CITY,ST LOUIS CITY
ST. LOUIS CITY - 000150,5,1.0000000000,21.0000000001,21.0000000001,0,ST LOUIS CITY,ST LOUIS CITY
ST. LOUIS CITY - 000151,5,1.0000000000,114.0000000003,114.0000000003,0,ST LOUIS CITY,ST LOUIS CITY
ST. LOUIS CITY - 000152,5,0.9556247148,45.8699863088,48.0000000001,0,ST LOUIS CITY,ST LOUIS CITY
ST. LOUIS CITY - 000152,13,0.0443752852,2.1300136913,48.0000000001,0,ST LOUIS CITY,ST LOUIS CITY
ST. LOUIS CITY - 000153,5,1.0000000000,15.0000000000,15.0000000000,0,ST LOUIS CITY,ST LOUIS CITY
ST. LOUIS CITY - 000154,5,1.0000000000,12.0000000000,12.0000000000,0,ST LOUIS CITY,ST LOUIS CITY
ST. LOUIS CITY - 000155,5,1.0000000000,110.0000000002,110.0000000002,0,ST LOUIS CITY,ST LOUIS CITY
ST. LOUIS CITY - 000156,5,1.0000000000,11.0000000000,11.0000000000,0,ST LOUIS CITY,ST LOUIS CITY
ST. LOUIS CITY - 000157,5,1.0000000000,17.0000000000,17.0000000000,0,ST LOUIS CITY,ST LOUIS CITY
ST. LOUIS CITY - 000158,5,1.0000000000,8.0000000000,8.0000000000,0,ST LOUIS CITY,ST LOUIS CITY
ST. LOUIS CITY - 000159,5,1.0000000000,10.0000000000,10.0000000000,0,ST LOUIS CITY,ST LOUIS CITY
ST. LOUIS CITY - 000160,5,1.0000000000,7.0000000000,7.0000000000,0,ST LOUIS CITY,ST LOUIS CITY
ST. LOUIS CITY - 000161,5,1.0000000000,19.0000000000,19.0000000000,0,ST LOUIS CITY,ST LOUIS CITY
ST. LOUIS CITY - 000162,5,1.0000000000,13.0000000001,13.0000000001,0,ST LOUIS CITY,ST LOUIS CITY
ST. LOUIS CITY - 000163,5,1.0000000000,6.0000000000,6.0000000000,0,ST LOUIS CITY,ST LOUIS CITY
ST. LOUIS CITY - 000164,5,1.0000000000,3.0000000000,3.0000000000,0,ST LOUIS CITY,ST LOUIS CITY
ST. LOUIS CITY - 000165,5,1.0000000000,2.0000000000,2.0000000000,0,ST LOUIS CITY,ST LOUIS CITY
ST. LOUIS CITY - 000166,5,1.0000000000,11.0000000000,11.0000000000,0,ST LOUIS CITY,ST LOUIS CITY
ST. LOUIS CITY - 000167,5,1.0000000000,6.0000000000,6.0000000000,0,ST LOUIS CITY,ST LOUIS CITY
ST. LOUIS CITY - 000168,5,1.0000000000,13.9999999998,13.9999999998,0,ST LOUIS CITY,ST LOUIS CITY
ST. LOUIS CITY - 000169,5,1.0000000000,8.0000000000,8.0000000000,0,ST LOUIS CITY,ST LOUIS CITY
ST. LOUIS CITY - 000170,5,1.0000000000,7.0000000000,7.0000000000,0,ST LOUIS CITY,ST LOUIS CITY
ST. LOUIS CITY - 000171,5,1.0000000000,10.0000000000,10.0000000000,0,ST LOUIS CITY,ST LOUIS CITY
ST. LOUIS CITY - 000172,5,1.0000000000,4.9999999999,4.9999999999,0,ST LOUIS CITY,ST LOUIS CITY
ST. LOUIS CITY - 000173,5,1.0000000000,10.0000000000,10.0000000000,0,ST LOUIS CITY,ST LOUIS CITY
ST. LOUIS CITY - 000174,5,1.0000000000,20.0000000000,20.0000000000,0,ST LOUIS CITY,ST LOUIS CITY
ST. LOUIS CITY - 000175,5,1.0000000000,9.0000000000,9.0000000000,0,ST LOUIS CITY,ST LOUIS CITY
ST. LOUIS CITY - 000176,5,1.0000000000,2.0000000000,2.0000000000,0,ST LOUIS CITY,ST LOUIS CITY
ST. LOUIS CITY - 000177,5,1.0000000000,8.0000000000,8.0000000000,0,ST LOUIS CITY,ST LOUIS CITY
ST. LOUIS CITY - 000178,5,1.0000000000,6.0000000000,6.0000000000,0,ST LOUIS CITY,ST LOUIS CITY
ST. LOUIS CITY - 000179,5,1.0000000000,9.0000000001,9.0000000001,0,ST LOUIS CITY,ST LOUIS CITY
ST. LOUIS CITY - 000180,5,1.0000000000,10.0000000000,10.0000000000,0,ST LOUIS CITY,ST LOUIS CITY
ST. LOUIS CITY - 000181,5,1.0000000000,9.0000000001,9.0000000001,0,ST LOUIS CITY,ST LOUIS CITY
ST. LOUIS CITY - 000182,5,1.0000000000,13.0000000000,13.0000000000,0,ST LOUIS CITY,ST LOUIS CITY
ST. LOUIS CITY - 000183,5,1.0000000000,8.0000000000,8.0000000000,0,ST LOUIS CITY,ST LOUIS CITY
ST. LOUIS CITY - 000184,5,1.0000000000,8.9999999999,8.9999999999,0,ST LOUIS CITY,ST LOUIS CITY
ST. LOUIS CITY - 000185,5,1.0000000000,20.0000000000,20.0000000000,0,ST LOUIS CITY,ST LOUIS CITY
ST. LOUIS CITY - 000186,5,1.0000000000,9.0000000000,9.0000000000,0,ST LOUIS CITY,ST LOUIS CITY
ST. LOUIS CITY - 000187,5,1.0000000000,9.0000000000,9.0000000000,0,ST LOUIS CITY,ST LOUIS CITY
ST. LOUIS CITY - 000188,5,1.0000000000,9.0000000000,9.0000000000,0,ST LOUIS CITY,ST LOUIS CITY
ST. LOUIS CITY - 000189,5,1.0000000000,7.9999999999,7.9999999999,0,ST LOUIS CITY,ST LOUIS CITY
ST. LOUIS CITY - 000190,5,1.0000000000,6.9999999999,6.9999999999,0,ST LOUIS CITY,ST LOUIS CITY
ST. LOUIS CITY - 000191,5,1.0000000000,11.0000000000,11.0000000000,0,ST LOUIS CITY,ST LOUIS CITY
ST. LOUIS CITY - 000192,5,1.0000000000,6.0000000000,6.0000000000,0,ST LOUIS CITY,ST LOUIS CITY
ST. LOUIS CITY - 000193,5,1.0000000000,12.0000000000,12.0000000000,0,ST LOUIS CITY,ST LOUIS CITY
ST. LOUIS CITY - 000194,5,1.0000000000,16.0000000000,16.0000000000,0,ST LOUIS CITY,ST LOUIS CITY
ST. LOUIS CITY - 000195,4,1.0000000000,8.0000000000,8.0000000000,0,ST LOUIS CITY,ST LOUIS CITY
ST. LOUIS CITY - 000196,4,1.0000000000,13.0000000000,13.0000000000,0,ST LOUIS CITY,ST LOUIS CITY
ST. LOUIS CITY - 000197,4,0.4000000000,4.0000000000,9.9999999999,0,ST LOUIS CITY,ST LOUIS CITY
ST. LOUIS CITY - 000197,5,0.6000000000,5.9999999999,9.9999999999,0,ST LOUIS CITY,ST LOUIS CITY
ST. LOUIS CITY - 000198,4,0.5333333333,8.0000000000,15.0000000000,0,ST LOUIS CITY,ST LOUIS CITY
ST. LOUIS CITY - 000198,5,0.4666666667,7.0000000000,15.0000000000,0,ST LOUIS CITY,ST LOUIS CITY
ST. LOUIS CITY - 000199,4,1.0000000000,21.0000000000,21.0000000000,0,ST LOUIS CITY,ST LOUIS CITY
ST. LOUIS CITY - 000200,4,1.0000000000,7.0000000000,7.0000000000,0,ST LOUIS CITY,ST LOUIS CITY
ST. LOUIS CITY - 000201,4,1.0000000000,43.0000000000,43.0000000000,0,ST LOUIS CITY,ST LOUIS CITY
ST. LOUIS CITY - 000202,4,1.0000000000,9.0000000000,9.0000000000,0,ST LOUIS CITY,ST LOUIS CITY
ST. LOUIS CITY - 000203,4,1.0000000000,14.0000000000,14.0000000000,0,ST LOUIS CITY,ST LOUIS CITY
ST. LOUIS CITY - 000204,4,1.0000000000,9.0000000000,9.0000000000,0,ST LOUIS CITY,ST LOUIS CITY
ST. LOUIS CITY - 000205,4,1.0000000000,10.0000000000,10.0000000000,0,ST LOUIS CITY,ST LOUIS CITY
ST. LOUIS CITY - 000206,4,1.0000000000,16.0000000000,16.0000000000,0,ST LOUIS CITY,ST LOUIS CITY
ST. LOUIS CITY - 000207,4,1.0000000000,9.0000000000,9.0000000000,0,ST LOUIS CITY,ST LOUIS CITY
ST. LOUIS CITY - 000208,4,1.0000000000,14.0000000002,14.0000000002,0,ST LOUIS CITY,ST LOUIS CITY
ST. LOUIS CITY - 000209,4,1.0000000000,13.0000000000,13.0000000000,0,ST LOUIS CITY,ST LOUIS CITY
ST. LOUIS CITY - 000210,4,1.0000000000,5.0000000000,5.0000000000,0,ST LOUIS CITY,ST LOUIS CITY
ST. LOUIS CITY - 000211,4,1.0000000000,7.9999999999,7.9999999999,0,ST LOUIS CITY,ST LOUIS CITY
ST. LOUIS CITY - 000212,4,1.0000000000,8.0000000001,8.0000000001,0,ST LOUIS CITY,ST LOUIS CITY
ST. LOUIS CITY - 000213,4,1.0000000000,9.0000000001,9.0000000001,0,ST LOUIS CITY,ST LOUIS CITY
ST. LOUIS CITY - 000214,4,1.0000000000,10.0000000000,10.0000000000,0,ST LOUIS CITY,ST LOUIS CITY
ST. LOUIS CITY - 000215,4,1.0000000000,12.0000000000,12.0000000000,0,ST LOUIS CITY,ST LOUIS CITY
ST. LOUIS CITY - 000216,4,1.0000000000,12.0000000001,12.0000000001,0,ST LOUIS CITY,ST LOUIS CITY
ST. LOUIS CITY - 000217,4,1.0000000000,18.0000000001,18.0000000001,0,ST LOUIS CITY,ST LOUIS CITY
ST. LOUIS CITY - 000218,4,1.0000000000,10.0000000000,10.0000000000,0,ST LOUIS CITY,ST LOUIS CITY
ST. LOUIS CITY - 000219,4,1.0000000000,12.0000000000,12.0000000000,0,ST LOUIS CITY,ST LOUIS CITY
ST. LOUIS CITY - 000220,4,1.0000000000,9.0000000000,9.0000000000,0,ST LOUIS CITY,ST LOUIS CITY
ST. LOUIS CITY - 000221,4,1.0000000000,15.0000000000,15.0000000000,0,ST LOUIS CITY,ST LOUIS CITY
ST. LOUIS CITY - 000222,4,1.0000000000,16.0000000000,16.0000000000,0,ST LOUIS CITY,ST LOUIS CITY
ST. LOUIS CITY - 000223,4,1.0000000000,11.0000000000,11.0000000000,0,ST LOUIS CITY,ST LOUIS CITY
ST. LOUIS CITY - 000224,4,1.0000000000,16.0000000000,16.0000000000,0,ST LOUIS CITY,ST LOUIS CITY
ST. LOUIS CITY - 000225,4,1.0000000000,28.0000000000,28.0000000000,0,ST LOUIS CITY,ST LOUIS CITY
ST. LOUIS CITY - 000226,4,1.0000000000,13.0000000000,13.0000000000,0,ST LOUIS CITY,ST LOUIS CITY
ST. LOUIS CITY - 000227,4,1.0000000000,19.0000000000,19.0000000000,0,ST LOUIS CITY,ST LOUIS CITY
ST. LOUIS CITY - 000228,4,1.0000000000,16.9999999998,16.9999999998,0,ST LOUIS CITY,ST LOUIS CITY
ST. LOUIS CITY - 000229,4,1.0000000000,23.0000000000,23.0000000000,0,ST LOUIS CITY,ST LOUIS CITY
ST. LOUIS CITY - 000230,4,1.0000000000,18.0000000000,18.0000000000,0,ST LOUIS CITY,ST LOUIS CITY
ST. LOUIS CITY - 000231,5,1.0000000000,12.0000000002,12.0000000002,0,ST LOUIS CITY,ST LOUIS CITY
ST. LOUIS CITY - 000232,4,1.0000000000,10.9999999999,10.9999999999,0,ST LOUIS CITY,ST LOUIS CITY
ST. LOUIS CITY - 000233,4,1.0000000000,1.0000000000,1.0000000000,0,ST LOUIS CITY,ST LOUIS CITY
ST. LOUIS CITY - 000234,4,1.0000000000,8.0000000000,8.0000000000,0,ST LOUIS CITY,ST LOUIS CITY
ST. LOUIS CITY - 000235,4,1.0000000000,12.9999999999,12.9999999999,0,ST LOUIS CITY,ST LOUIS CITY
ST. LOUIS CITY - 000236,4,1.0000000000,10.0000000000,10.0000000000,0,ST LOUIS CITY,ST LOUIS CITY
ST. LOUIS CITY - 000237,4,1.0000000000,11.9999999999,11.9999999999,0,ST LOUIS CITY,ST LOUIS CITY
ST. LOUIS CITY - 000238,5,1.0000000000,2.0000000000,2.0000000000,0,ST LOUIS CITY,ST LOUIS CITY
ST. LOUIS CITY - 000239,5,1.0000000000,12.0000000001,12.0000000001,0,ST LOUIS CITY,ST LOUIS CITY
ST. LOUIS CITY - 000240,5,1.0000000000,5.0000000000,5.0000000000,0,ST LOUIS CITY,ST LOUIS CITY
ST. LOUIS CITY - 000241,4,0.2000000000,2.0000000000,10.0000000000,0,ST LOUIS CITY,ST LOUIS CITY
ST. LOUIS CITY - 000241,5,0.8000000000,8.0000000000,10.0000000000,0,ST LOUIS CITY,ST LOUIS CITY
ST. LOUIS CITY - 000242,5,1.0000000000,17.0000000000,17.0000000000,0,ST LOUIS CITY,ST LOUIS CITY
ST. LOUIS CITY - 000243,4,0.0555555556,1.0000000000,18.0000000001,0,ST LOUIS CITY,ST LOUIS CITY
ST. LOUIS CITY - 000243,5,0.9444444444,17.0000000001,18.0000000001,0,ST LOUIS CITY,ST LOUIS CITY
ST. LOUIS CITY - 000244,4,1.0000000000,10.0000000000,10.0000000000,0,ST LOUIS CITY,ST LOUIS CITY
ST. LOUIS CITY - 000245,4,1.0000000000,14.9999999997,14.9999999997,0,ST LOUIS CITY,ST LOUIS CITY
ST. LOUIS CITY - 000246,5,1.0000000000,11.0000000000,11.0000000000,0,ST LOUIS CITY,ST LOUIS CITY
ST. LOUIS CITY - 000247,4,1.0000000000,15.9999999998,15.9999999998,0,ST LOUIS CITY,ST LOUIS CITY
ST. LOUIS CITY - 000248,4,1.0000000000,3.0000000000,3.0000000000,0,ST LOUIS CITY,ST LOUIS CITY
ST. LOUIS CITY - 000249,4,1.0000000000,6.0000000000,6.0000000000,0,ST LOUIS CITY,ST LOUIS CITY
ST. LOUIS CITY - 000250,5,1.0000000000,9.0000000001,9.0000000001,0,ST LOUIS CITY,ST LOUIS CITY
ST. LOUIS CITY - 000251,4,1.0000000000,2.0000000000,2.0000000000,0,ST LOUIS CITY,ST LOUIS CITY
ST. LOUIS CITY - 000252,5,1.0000000000,4.0000000000,4.0000000000,0,ST LOUIS CITY,ST LOUIS CITY
ST. LOUIS CITY - 000253,5,1.0000000000,9.0000000000,9.0000000000,0,ST LOUIS CITY,ST LOUIS CITY
ST. LOUIS CITY - 000254,5,1.0000000000,7.0000000000,7.0000000000,0,ST LOUIS CITY,ST LOUIS CITY
ST. LOUIS CITY - 000255,4,1.0000000000,16.0000000000,16.0000000000,0,ST LOUIS CITY,ST LOUIS CITY
ST. LOUIS CITY - 000256,4,1.0000000000,9.0000000001,9.0000000001,0,ST LOUIS CITY,ST LOUIS CITY
ST. LOUIS CITY - 000257,4,0.9997961443,10.9977575869,11.0000000001,0,ST LOUIS CITY,ST LOUIS CITY
ST. LOUIS CITY - 000257,5,0.0002038557,0.0022424132,11.0000000001,0,ST LOUIS CITY,ST LOUIS CITY
ST. LOUIS CITY - 000258,5,1.0000000000,11.0000000000,11.0000000000,0,ST LOUIS CITY,ST LOUIS CITY
ST. LOUIS CITY - 000259,5,1.0000000000,9.0000000000,9.0000000000,0,ST LOUIS CITY,ST LOUIS CITY
ST. LOUIS CITY - 000260,5,1.0000000000,7.0000000000,7.0000000000,0,ST LOUIS CITY,ST LOUIS CITY
ST. LOUIS CITY - 000261,5,1.0000000000,7.0000000000,7.0000000000,0,ST LOUIS CITY,ST LOUIS CITY
ST. LOUIS CITY - 000262,5,1.0000000000,13.0000000001,13.0000000001,0,ST LOUIS CITY,ST LOUIS CITY
ST. LOUIS CITY - 000263,5,0.9957083214,13.9399164998,14.0000000000,0,ST LOUIS CITY,ST LOUIS CITY
ST. LOUIS CITY - 000263,13,0.0042916786,0.0600835002,14.0000000000,0,ST LOUIS CITY,ST LOUIS CITY
ST. LOUIS CITY - 000264,5,0.9405288231,12.2268747004,13.0000000000,0,ST LOUIS CITY,ST LOUIS CITY
ST. LOUIS CITY - 000264,13,0.0594711769,0.7731252996,13.0000000000,0,ST LOUIS CITY,ST LOUIS CITY
ST. LOUIS CITY - 000265,5,0.8882491881,10.6589902568,11.9999999999,0,ST LOUIS CITY,ST LOUIS CITY
ST. LOUIS CITY - 000265,13,0.1117508119,1.3410097431,11.9999999999,0,ST LOUIS CITY,ST LOUIS CITY
ST. LOUIS CITY - 000266,5,1.0000000000,7.0000000001,7.0000000001,0,ST LOUIS CITY,ST LOUIS CITY
ST. LOUIS CITY - 000267,5,1.0000000000,22.0000000002,22.0000000002,0,ST LOUIS CITY,ST LOUIS CITY
ST. LOUIS CITY - 000268,5,0.9718798798,12.6344384380,13.0000000000,0,ST LOUIS CITY,ST LOUIS CITY
ST. LOUIS CITY - 000268,13,0.0281201202,0.3655615620,13.0000000000,0,ST LOUIS CITY,ST LOUIS CITY
ST. LOUIS CITY - 000269,5,1.0000000000,16.0000000002,16.0000000002,0,ST LOUIS CITY,ST LOUIS CITY
ST. LOUIS CITY - 000270,4,1.0000000000,11.0000000000,11.0000000000,0,ST LOUIS CITY,ST LOUIS CITY
ST. LOUIS CITY - 000271,4,0.7142857143,5.0000000000,7.0000000000,0,ST LOUIS CITY,ST LOUIS CITY
ST. LOUIS CITY - 000271,5,0.2857142857,2.0000000000,7.0000000000,0,ST LOUIS CITY,ST LOUIS CITY
ST. LOUIS CITY - 000272,4,0.7560021198,44.6041250683,59.0000000000,0,ST LOUIS CITY,ST LOUIS CITY
ST. LOUIS CITY - 000272,5,0.2439978802,14.3958749317,59.0000000000,0,ST LOUIS CITY,ST LOUIS CITY
ST. LOUIS CITY - 000273,5,1.0000000000,6.0000000000,6.0000000000,0,ST LOUIS CITY,ST LOUIS CITY
ST. LOUIS CITY - 000274,5,1.0000000000,9.0000000000,9.0000000000,0,ST LOUIS CITY,ST LOUIS CITY
ST. LOUIS CITY - 000275,5,1.0000000000,10.0000000000,10.0000000000,0,ST LOUIS CITY,ST LOUIS CITY
ST. LOUIS CITY - 000276,5,1.0000000000,1.0000000000,1.0000000000,0,ST LOUIS CITY,ST LOUIS CITY
ST. LOUIS CITY - 000277,4,1.0000000000,1.0000000000,1.0000000000,0,ST LOUIS CITY,ST LOUIS CITY
ST. LOUIS CITY - 000278,4,1.0000000000,15.0000000000,15.0000000000,0,ST LOUIS CITY,ST LOUIS CITY
ST. LOUIS CITY - 000279,4,1.0000000000,15.0000000000,15.0000000000,0,ST LOUIS CITY,ST LOUIS CITY
ST. LOUIS CITY - 000280,4,1.0000000000,31.9999999999,31.9999999999,0,ST LOUIS CITY,ST LOUIS CITY
ST. LOUIS CITY - 000281,4,1.0000000000,11.0000000000,11.0000000000,0,ST LOUIS CITY,ST LOUIS CITY
ST. LOUIS CITY - 000282,4,1.0000000000,10.0000000000,10.0000000000,0,ST LOUIS CITY,ST LOUIS CITY
ST. LOUIS CITY - 000283,4,1.0000000000,12.0000000000,12.0000000000,0,ST LOUIS CITY,ST LOUIS CITY
ST. LOUIS CITY - 000284,4,1.0000000000,2.9999999999,2.9999999999,0,ST LOUIS CITY,ST LOUIS CITY
ST. LOUIS CITY - 000285,5,1.0000000000,17.0000000000,17.0000000000,0,ST LOUIS CITY,ST LOUIS CITY
ST. LOUIS CITY - 000286,5,1.0000000000,11.0000000000,11.0000000000,0,ST LOUIS CITY,ST LOUIS CITY
ST. LOUIS CITY - 000287,5,1.0000000000,14.9999999998,14.9999999998,0,ST LOUIS CITY,ST LOUIS CITY
ST. LOUIS CITY - 000288,5,1.0000000000,18.0000000000,18.0000000000,0,ST LOUIS CITY,ST LOUIS CITY
ST. LOUIS CITY - 000289,5,1.0000000000,6.0000000000,6.0000000000,0,ST LOUIS CITY,ST LOUIS CITY
ST. LOUIS CITY - 000290,5,1.0000000000,31.0000000000,31.0000000000,0,ST LOUIS CITY,ST LOUIS CITY
ST. LOUIS CITY - 000291,5,1.0000000000,9.0000000000,9.0000000000,0,ST LOUIS CITY,ST LOUIS CITY
ST. LOUIS CITY - 000292,5,1.0000000000,18.9999999999,18.9999999999,0,ST LOUIS CITY,ST LOUIS CITY
ST. LOUIS CITY - 000293,5,1.0000000000,33.0000000001,33.0000000001,0,ST LOUIS CITY,ST LOUIS CITY
ST. LOUIS CITY - 000294,5,1.0000000000,16.0000000000,16.0000000000,0,ST LOUIS CITY,ST LOUIS CITY
ST. LOUIS CITY - 000295,5,1.0000000000,10.0000000000,10.0000000000,0,ST LOUIS CITY,ST LOUIS CITY
ST. LOUIS CITY - 000296,5,1.0000000000,20.0000000000,20.0000000000,0,ST LOUIS CITY,ST LOUIS CITY
ST. LOUIS CITY - 000297,5,1.0000000000,15.0000000000,15.0000000000,0,ST LOUIS CITY,ST LOUIS CITY
ST. LOUIS CITY - 000298,5,1.0000000000,17.0000000000,17.0000000000,0,ST LOUIS CITY,ST LOUIS CITY
ST. LOUIS CITY - 000299,5,1.0000000000,13.0000000000,13.0000000000,0,ST LOUIS CITY,ST LOUIS CITY
ST. LOUIS CITY - 000300,5,1.0000000000,12.0000000000,12.0000000000,0,ST LOUIS CITY,ST LOUIS CITY
ST. LOUIS CITY - 000301,5,1.0000000000,6.0000000000,6.0000000000,0,ST LOUIS CITY,ST LOUIS CITY
ST. LOUIS CITY - 000302,5,1.0000000000,23.0000000000,23.0000000000,0,ST LOUIS CITY,ST LOUIS CITY
ST. LOUIS CITY - 000303,5,1.0000000000,11.0000000000,11.0000000000,0,ST LOUIS CITY,ST LOUIS CITY
ST. LOUIS CITY - 000304,5,1.0000000000,7.0000000000,7.0000000000,0,ST LOUIS CITY,ST LOUIS CITY
ST. LOUIS CITY - 000305,5,1.0000000000,7.0000000000,7.0000000000,0,ST LOUIS CITY,ST LOUIS CITY
ST. LOUIS CITY - 000306,5,1.0000000000,6.0000000000,6.0000000000,0,ST LOUIS CITY,ST LOUIS CITY
ST. LOUIS CITY - 000307,5,1.0000000000,4.0000000000,4.0000000000,0,ST LOUIS CITY,ST LOUIS CITY
ST. LOUIS CITY - 000308,5,1.0000000000,9.0000000000,9.0000000000,0,ST LOUIS CITY,ST LOUIS CITY
ST. LOUIS CITY - 000309,5,1.0000000000,6.0000000000,6.0000000000,0,ST LOUIS CITY,ST LOUIS CITY
ST. LOUIS CITY - 000310,5,1.0000000000,80.0000000000,80.0000000000,0,ST LOUIS CITY,ST LOUIS CITY
ST. LOUIS CITY - 000311,5,1.0000000000,14.9999999999,14.9999999999,0,ST LOUIS CITY,ST LOUIS CITY
ST. LOUIS CITY - 000312,5,1.0000000000,39.0000000002,39.0000000002,0,ST LOUIS CITY,ST LOUIS CITY
ST. LOUIS CITY - 000313,5,1.0000000000,33.0000000000,33.0000000000,0,ST LOUIS CITY,ST LOUIS CITY
ST. LOUIS CITY - 000314,5,1.0000000000,46.0000000000,46.0000000000,0,ST LOUIS CITY,ST LOUIS CITY
ST. LOUIS CITY - 000315,5,1.0000000000,37.0000000000,37.0000000000,0,ST LOUIS CITY,ST LOUIS CITY
ST. LOUIS CITY - 000316,5,1.0000000000,73.0000000000,73.0000000000,0,ST LOUIS CITY,ST LOUIS CITY
ST. LOUIS CITY - 000317,5,1.0000000000,41.0000000000,41.0000000000,0,ST LOUIS CITY,ST LOUIS CITY
ST. LOUIS CITY - 000318,5,1.0000000000,48.0000000001,48.0000000001,0,ST LOUIS CITY,ST LOUIS CITY
ST. LOUIS CITY - 000319,5,1.0000000000,13.0000000000,13.0000000000,0,ST LOUIS CITY,ST LOUIS CITY
ST. LOUIS CITY - 000320,5,1.0000000000,74.0000000001,74.0000000001,0,ST LOUIS CITY,ST LOUIS CITY
ST. LOUIS CITY - 000321,5,1.0000000000,2.0000000000,2.0000000000,0,ST LOUIS CITY,ST LOUIS CITY
ST. LOUIS CITY - 000322,5,1.0000000000,9.0000000001,9.0000000001,0,ST LOUIS CITY,ST LOUIS CITY
ST. LOUIS CITY - 000323,5,1.0000000000,26.0000000000,26.0000000000,0,ST LOUIS CITY,ST LOUIS CITY
ST. LOUIS CITY - 000324,5,1.0000000000,28.0000000000,28.0000000000,0,ST LOUIS CITY,ST LOUIS CITY
ST. LOUIS CITY - 000325,5,1.0000000000,51.0000000000,51.0000000000,0,ST LOUIS CITY,ST LOUIS CITY
ST. LOUIS CITY - 000326,5,1.0000000000,17.9999999999,17.9999999999,0,ST LOUIS CITY,ST LOUIS CITY
ST. LOUIS CITY - 000327,5,1.0000000000,22.0000000000,22.0000000000,0,ST LOUIS CITY,ST LOUIS CITY
ST. LOUIS CITY - 000328,5,1.0000000000,46.9999999997,46.9999999997,0,ST LOUIS CITY,ST LOUIS CITY
ST. LOUIS CITY - 000329,5,1.0000000000,49.0000000000,49.0000000000,0,ST LOUIS CITY,ST LOUIS CITY
ST. LOUIS CITY - 000330,5,1.0000000000,14.0000000000,14.0000000000,0,ST LOUIS CITY,ST LOUIS CITY
ST. LOUIS CITY - 000331,5,1.0000000000,15.9999999999,15.9999999999,0,ST LOUIS CITY,ST LOUIS CITY
ST. LOUIS CITY - 000332,5,1.0000000000,20.0000000001,20.0000000001,0,ST LOUIS CITY,ST LOUIS CITY
ST. LOUIS CITY - 000333,5,1.0000000000,2.0000000000,2.0000000000,0,ST LOUIS CITY,ST LOUIS CITY
ST. LOUIS CITY - 000334,5,1.0000000000,8.9999999999,8.9999999999,0,ST LOUIS CITY,ST LOUIS CITY
ST. LOUIS CITY - 000335,5,1.0000000000,117.9999999999,117.9999999999,0,ST LOUIS CITY,ST LOUIS CITY
ST. LOUIS CITY - 000336,5,1.0000000000,18.0000000000,18.0000000000,0,ST LOUIS CITY,ST LOUIS CITY
ST. LOUIS CITY - 000337,5,1.0000000000,18.0000000000,18.0000000000,0,ST LOUIS CITY,ST LOUIS CITY
ST. LOUIS CITY - 000338,5,1.0000000000,27.9999999999,27.9999999999,0,ST LOUIS CITY,ST LOUIS CITY
ST. LOUIS CITY - 000339,5,1.0000000000,27.0000000001,27.0000000001,0,ST LOUIS CITY,ST LOUIS CITY
ST. LOUIS CITY - 000340,5,1.0000000000,95.9999999999,95.9999999999,0,ST LOUIS CITY,ST LOUIS CITY
ST. LOUIS CITY - 000341,5,1.0000000000,149.0000000002,149.0000000002,0,ST LOUIS CITY,ST LOUIS CITY
ST. LOUIS CITY - 000342,5,1.0000000000,23.0000000000,23.0000000000,0,ST LOUIS CITY,ST LOUIS CITY
ST. LOUIS CITY - 000343,5,1.0000000000,11.0000000000,11.0000000000,0,ST LOUIS CITY,ST LOUIS CITY
ST. LOUIS CITY - 000344,4,1.0000000000,8.0000000000,8.0000000000,0,ST LOUIS CITY,ST LOUIS CITY
ST. LOUIS CITY - 000345,4,0.6666666667,8.0000000000,12.0000000000,0,ST LOUIS CITY,ST LOUIS CITY
ST. LOUIS CITY - 000345,5,0.3333333333,4.0000000000,12.0000000000,0,ST LOUIS CITY,ST LOUIS CITY
ST. LOUIS CITY - 000346,4,1.0000000000,8.0000000000,8.0000000000,0,ST LOUIS CITY,ST LOUIS CITY
ST. LOUIS CITY - 000347,5,1.0000000000,6.0000000000,6.0000000000,0,ST LOUIS CITY,ST LOUIS CITY
ST. LOUIS CITY - 000348,5,1.0000000000,5.0000000000,5.0000000000,0,ST LOUIS CITY,ST LOUIS CITY
ST. LOUIS CITY - 000349,5,1.0000000000,3.0000000000,3.0000000000,0,ST LOUIS CITY,ST LOUIS CITY
ST. LOUIS CITY - 000350,5,1.0000000000,4.0000000000,4.0000000000,0,ST LOUIS CITY,ST LOUIS CITY
ST. LOUIS CITY - 000351,5,1.0000000000,2.0000000000,2.0000000000,0,ST LOUIS CITY,ST LOUIS CITY
ST. LOUIS CITY - 000352,4,1.0000000000,8.0000000000,8.0000000000,0,ST LOUIS CITY,ST LOUIS CITY
ST. LOUIS CITY - 000353,4,1.0000000000,18.0000000000,18.0000000000,0,ST LOUIS CITY,ST LOUIS CITY
ST. LOUIS CITY - 000354,4,1.0000000000,8.0000000000,8.0000000000,0,ST LOUIS CITY,ST LOUIS CITY
ST. LOUIS CITY - 000355,4,1.0000000000,4.0000000000,4.0000000000,0,ST LOUIS CITY,ST LOUIS CITY
ST. LOUIS CITY - 000356,4,1.0000000000,1.0000000000,1.0000000000,0,ST LOUIS CITY,ST LOUIS CITY
ST. LOUIS CITY - 000357,5,1.0000000000,10.0000000000,10.0000000000,0,ST LOUIS CITY,ST LOUIS CITY
ST. LOUIS CITY - 000358,4,1.0000000000,12.0000000001,12.0000000001,0,ST LOUIS CITY,ST LOUIS CITY
ST. LOUIS CITY - 000359,4,1.0000000000,3.0000000000,3.0000000000,0,ST LOUIS CITY,ST LOUIS CITY
ST. LOUIS CITY - 000360,5,1.0000000000,49.0000000001,49.0000000001,0,ST LOUIS CITY,ST LOUIS CITY
ST. LOUIS CITY - 000361,5,1.0000000000,19.0000000000,19.0000000000,0,ST LOUIS CITY,ST LOUIS CITY
ST. LOUIS CITY - 000362,5,1.0000000000,27.0000000000,27.0000000000,0,ST LOUIS CITY,ST LOUIS CITY
ST. LOUIS CITY - 000363,5,1.0000000000,19.9999999996,19.9999999996,0,ST LOUIS CITY,ST LOUIS CITY
ST. LOUIS CITY - 000364,5,1.0000000000,12.0000000000,12.0000000000,0,ST LOUIS CITY,ST LOUIS CITY
ST. LOUIS CITY - 000365,4,0.7764447165,10.0937813145,13.0000000000,0,ST LOUIS CITY,ST LOUIS CITY
ST. LOUIS CITY - 000365,5,0.2235552835,2.9062186855,13.0000000000,0,ST LOUIS CITY,ST LOUIS CITY
ST. LOUIS CITY - 000366,4,0.6923076923,9.0000000000,13.0000000000,0,ST LOUIS CITY,ST LOUIS CITY
ST. LOUIS CITY - 000366,5,0.3076923077,4.0000000000,13.0000000000,0,ST LOUIS CITY,ST LOUIS CITY
ST. LOUIS CITY - 000367,5,1.0000000000,22.9999999998,22.9999999998,0,ST LOUIS CITY,ST LOUIS CITY
ST. LOUIS CITY - 000368,5,1.0000000000,16.0000000001,16.0000000001,0,ST LOUIS CITY,ST LOUIS CITY
ST. LOUIS CITY - 000369,4,0.3076923077,4.0000000000,13.0000000001,0,ST LOUIS CITY,ST LOUIS CITY
ST. LOUIS CITY - 000369,5,0.6923076923,9.0000000001,13.0000000001,0,ST LOUIS CITY,ST LOUIS CITY
ST. LOUIS CITY - 000370,5,1.0000000000,2.9999999999,2.9999999999,0,ST LOUIS CITY,ST LOUIS CITY
ST. LOUIS CITY - 000371,5,1.0000000000,6.0000000000,6.0000000000,0,ST LOUIS CITY,ST LOUIS CITY
ST. LOUIS CITY - 000372,5,1.0000000000,2.0000000000,2.0000000000,0,ST LOUIS CITY,ST LOUIS CITY
ST. LOUIS CITY - 000373,4,1.0000000000,21.0000000000,21.0000000000,0,ST LOUIS CITY,ST LOUIS CITY
ST. LOUIS CITY - 000374,4,1.0000000000,13.0000000000,13.0000000000,0,ST LOUIS CITY,ST LOUIS CITY
ST. LOUIS CITY - 000375,4,1.0000000000,14.0000000001,14.0000000001,0,ST LOUIS CITY,ST LOUIS CITY
STE. GENEVIEVE - 000002,3,1.0000000000,81.0000000001,81.0000000001,0,STE GENEVIEVE,STE GENEVIEVE
STE. GENEVIEVE - 000003,3,1.0000000000,50.0000000002,50.0000000002,0,STE GENEVIEVE,STE GENEVIEVE
STE. GENEVIEVE - 000004,3,1.0000000000,111.9999999998,111.9999999998,0,STE GENEVIEVE,STE GENEVIEVE
STE. GENEVIEVE - 000005,3,1.0000000000,76.0000000000,76.0000000000,0,STE GENEVIEVE,STE GENEVIEVE
STE. GENEVIEVE - 000006,3,1.0000000000,46.0000000001,46.0000000001,0,STE GENEVIEVE,STE GENEVIEVE
STE. GENEVIEVE - 000007,3,1.0000000000,185.0000000001,185.0000000001,0,STE GENEVIEVE,STE GENEVIEVE
STE. GENEVIEVE - 000008,3,1.0000000000,19.0000000001,19.0000000001,0,STE GENEVIEVE,STE GENEVIEVE
STE. GENEVIEVE - 000009,3,1.0000000000,40.0000000000,40.0000000000,0,STE GENEVIEVE,STE GENEVIEVE
STE. GENEVIEVE - 000010,3,1.0000000000,85.0000000001,85.0000000001,0,STE GENEVIEVE,STE GENEVIEVE
STE. GENEVIEVE - 000011,3,0.9997463224,65.9832572811,66.0000000000,0,STE GENEVIEVE,STE GENEVIEVE
STE. GENEVIEVE - 000011,27,0.0002536776,0.0167427189,66.0000000000,0,STE GENEVIEVE,STE GENEVIEVE
STE. GENEVIEVE - 000012,3,1.0000000000,87.0000000003,87.0000000003,0,STE GENEVIEVE,STE GENEVIEVE
STE. GENEVIEVE - 000013,3,1.0000000000,78.0000000000,78.0000000000,0,STE GENEVIEVE,STE GENEVIEVE
STE. GENEVIEVE - 000014,3,1.0000000000,70.9999999999,70.9999999999,0,STE GENEVIEVE,STE GENEVIEVE
STE. GENEVIEVE - 000015,3,1.0000000000,74.0000000001,74.0000000001,0,STE GENEVIEVE,STE GENEVIEVE
STODDARD - 000002,25,1.0000000000,57.9999999999,57.9999999999,0,STODDARD,STODDARD
STODDARD - 000003,25,1.0000000000,91.0000000000,91.0000000000,0,STODDARD,STODDARD
STODDARD - 000004,25,1.0000000000,82.0000000001,82.0000000001,0,STODDARD,STODDARD
STODDARD - 000005,25,1.0000000000,31.0000000000,31.0000000000,0,STODDARD,STODDARD
STODDARD - 000006,25,1.0000000000,128.0000000000,128.0000000000,0,STODDARD,STODDARD
STODDARD - 000007,25,1.0000000000,149.0000000000,149.0000000000,0,STODDARD,STODDARD
STODDARD - 000008,25,1.0000000000,199.9999999994,199.9999999994,0,STODDARD,STODDARD
STODDARD - 000009,25,1.0000000000,44.0000000001,44.0000000001,0,STODDARD,STODDARD
STODDARD - 000010,25,1.0000000000,40.0000000000,40.0000000000,0,STODDARD,STODDARD
STODDARD - 000011,25,1.0000000000,227.0000000000,227.0000000000,0,STODDARD,STODDARD
STODDARD - 000012,25,1.0000000000,119.0000000000,119.0000000000,0,STODDARD,STODDARD
STODDARD - 000013,25,1.0000000000,111.0000000000,111.0000000000,0,STODDARD,STODDARD
STODDARD - 000014,25,1.0000000000,129.9999999999,129.9999999999,0,STODDARD,STODDARD
STODDARD - 000015,25,1.0000000000,20.0000000000,20.0000000000,0,STODDARD,STODDARD
STODDARD - 000016,25,1.0000000000,51.0000000000,51.0000000000,0,STODDARD,STODDARD
STODDARD - 000017,25,1.0000000000,80.9999999999,80.9999999999,0,STODDARD,STODDARD
STODDARD - 000018,25,1.0000000000,87.0000000000,87.0000000000,0,STODDARD,STODDARD
STODDARD - 000019,25,1.0000000000,111.9999999998,111.9999999998,0,STODDARD,STODDARD
STODDARD - 000020,25,1.0000000000,54.9999999998,54.9999999998,0,STODDARD,STODDARD
STODDARD - 000021,25,1.0000000000,268.0000000000,268.0000000000,0,STODDARD,STODDARD
STODDARD - 000022,25,1.0000000000,151.9999999995,151.9999999995,0,STODDARD,STODDARD
STODDARD - 000023,25,1.0000000000,127.9999999998,127.9999999998,0,STODDARD,STODDARD
STODDARD - 000024,25,0.9933022559,167.8680812446,169.0000000000,0,STODDARD,STODDARD
STODDARD - 000024,27,0.0066977441,1.1319187554,169.0000000000,0,STODDARD,STODDARD
STONE - 000002,29,0.0006088543,0.0736713689,120.9999999999,0,STONE,STONE
STONE - 000002,33,0.9993911457,120.9263286310,120.9999999999,0,STONE,STONE
STONE - 000003,33,1.0000000000,66.9999999999,66.9999999999,0,STONE,STONE
STONE - 000004,33,1.0000000000,129.0000000001,129.0000000001,0,STONE,STONE
STONE - 000005,33,1.0000000000,74.0000000000,74.0000000000,0,STONE,STONE
STONE - 000006,33,1.0000000000,58.0000000001,58.0000000001,0,STONE,STONE
STONE - 000007,33,1.0000000000,109.9999999998,109.9999999998,0,STONE,STONE
STONE - 000008,33,1.0000000000,92.0000000000,92.0000000000,0,STONE,STONE
STONE - 000009,33,1.0000000000,20.9999999998,20.9999999998,0,STONE,STONE
STONE - 000010,33,1.0000000000,161.0000000003,161.0000000003,0,STONE,STONE
STONE - 000011,33,1.0000000000,120.9979587777,120.9979587777,0,STONE,STONE
STONE - 000012,33,1.0000000000,96.0000000001,96.0000000001,0,STONE,STONE
STONE - 000013,33,1.0000000000,43.0000000000,43.0000000000,0,STONE,STONE
STONE - 000014,33,1.0000000000,205.9999999996,205.9999999996,0,STONE,STONE
STONE - 000015,33,1.0000000000,133.9999999996,133.9999999996,0,STONE,STONE
STONE - 000016,33,1.0000000000,84.0000000002,84.0000000002,0,STONE,STONE
STONE - 000017,33,1.0000000000,115.9999999998,115.9999999998,0,STONE,STONE
STONE - 000018,33,1.0000000000,190.9999999998,190.9999999998,0,STONE,STONE
STONE - 000019,33,1.0000000000,33.0000000001,33.0000000001,0,STONE,STONE
STONE - 000020,33,1.0000000000,192.0000000002,192.0000000002,0,STONE,STONE
STONE - 000021,33,1.0000000000,116.1897411159,116.1897411159,0,STONE,STONE
SULLIVAN - 000002,12,1.0000000000,56.0000000000,56.0000000000,0,SULLIVAN,SULLIVAN
SULLIVAN - 000003,12,1.0000000000,47.0000000000,47.0000000000,0,SULLIVAN,SULLIVAN
SULLIVAN - 000004,12,1.0000000000,148.9999999997,148.9999999997,0,SULLIVAN,SULLIVAN
SULLIVAN - 000005,12,1.0000000000,68.9999999999,68.9999999999,0,SULLIVAN,SULLIVAN
SULLIVAN - 000006,12,1.0000000000,107.9999999999,107.9999999999,0,SULLIVAN,SULLIVAN
SULLIVAN - 000007,12,1.0000000000,45.0000000002,45.0000000002,0,SULLIVAN,SULLIVAN
SULLIVAN - 000008,12,1.0000000000,59.0000000001,59.0000000001,0,SULLIVAN,SULLIVAN
SULLIVAN - 000009,12,1.0000000000,63.0000000000,63.0000000000,0,SULLIVAN,SULLIVAN
SULLIVAN - 000010,12,1.0000000000,72.0000000001,72.0000000001,0,SULLIVAN,SULLIVAN
SULLIVAN - 000012,12,1.0000000000,149.9999999999,149.9999999999,0,SULLIVAN,SULLIVAN
SULLIVAN - 000013,12,1.0000000000,121.9999999998,121.9999999998,0,SULLIVAN,SULLIVAN
SULLIVAN - 000014,12,1.0000000000,107.9999999999,107.9999999999,0,SULLIVAN,SULLIVAN
SULLIVAN - 000015,12,1.0000000000,33.0000000000,33.0000000000,0,SULLIVAN,SULLIVAN
TANEY - 000002,33,1.0000000000,14.0000000000,14.0000000000,0,TANEY,TANEY
TANEY - 000003,33,1.0000000000,56.0000000001,56.0000000001,0,TANEY,TANEY
TANEY - 000004,33,1.0000000000,220.0000000000,220.0000000000,0,TANEY,TANEY
TANEY - 000005,33,1.0000000000,98.0000000001,98.0000000001,0,TANEY,TANEY
TANEY - 000006,33,1.0000000000,520.0000000068,520.0000000068,0,TANEY,TANEY
TANEY - 000007,33,1.0000000000,29.0000000000,29.0000000000,0,TANEY,TANEY
TANEY - 000008,33,1.0000000000,45.0000000001,45.0000000001,0,TANEY,TANEY
TANEY - 000009,33,1.0000000000,72.0000000000,72.0000000000,0,TANEY,TANEY
TANEY - 000010,33,1.0000000000,153.9999999999,153.9999999999,0,TANEY,TANEY
TANEY - 000011,33,1.0000000000,218.9999999994,218.9999999994,0,TANEY,TANEY
TANEY - 000012,33,1.0000000000,161.0000000006,161.0000000006,0,TANEY,TANEY
TANEY - 000013,33,1.0000000000,123.0000000000,123.0000000000,0,TANEY,TANEY
TANEY - 000014,33,1.0000000000,146.9999999996,146.9999999996,0,TANEY,TANEY
TANEY - 000015,33,1.0000000000,140.9999999999,140.9999999999,0,TANEY,TANEY
TANEY - 000016,33,1.0000000000,124.0000000000,124.0000000000,0,TANEY,TANEY
TANEY - 000017,33,1.0000000000,125.9999999999,125.9999999999,0,TANEY,TANEY
TANEY - 000018,33,1.0000000000,17.9947061706,17.9947061706,0,TANEY,TANEY
TANEY - 000019,33,1.0000000000,93.0000000000,93.0000000000,0,TANEY,TANEY
TANEY - 000020,33,1.0000000000,35.9999999999,35.9999999999,0,TANEY,TANEY
TANEY - 000021,33,1.0000000000,51.0000000001,51.0000000001,0,TANEY,TANEY
TANEY - 000022,33,1.0000000000,90.9999999999,90.9999999999,0,TANEY,TANEY
TANEY - 000023,33,1.0000000000,98.0000000001,98.0000000001,0,TANEY,TANEY
TEXAS - 000002,33,1.0000000000,35.0000000001,35.0000000001,0,TEXAS,TEXAS
TEXAS - 000003,33,1.0000000000,232.0000000002,232.0000000002,0,TEXAS,TEXAS
TEXAS - 000004,33,1.0000000000,96.0000000002,96.0000000002,0,TEXAS,TEXAS
TEXAS - 000005,33,1.0000000000,75.9999999997,75.9999999997,0,TEXAS,TEXAS
TEXAS - 000006,33,1.0000000000,66.0000000001,66.0000000001,0,TEXAS,TEXAS
TEXAS - 000007,33,1.0000000000,132.9999999999,132.9999999999,0,TEXAS,TEXAS
TEXAS - 000008,33,1.0000000000,28.0000000002,28.0000000002,0,TEXAS,TEXAS
TEXAS - 000009,33,1.0000000000,45.0000000000,45.0000000000,0,TEXAS,TEXAS
TEXAS - 000010,33,1.0000000000,125.0000000000,125.0000000000,0,TEXAS,TEXAS
TEXAS - 000011,33,1.0000000000,68.0000000000,68.0000000000,0,TEXAS,TEXAS
TEXAS - 000012,33,1.0000000000,77.0000000000,77.0000000000,0,TEXAS,TEXAS
TEXAS - 000013,33,1.0000000000,99.9999999999,99.9999999999,0,TEXAS,TEXAS
TEXAS - 000014,33,1.0000000000,82.0000000001,82.0000000001,0,TEXAS,TEXAS
TEXAS - 000015,33,1.0000000000,85.0000000000,85.0000000000,0,TEXAS,TEXAS
TEXAS - 000016,33,1.0000000000,294.9999999997,294.9999999997,0,TEXAS,TEXAS
TEXAS - 000017,33,1.0000000000,53.0000000001,53.0000000001,0,TEXAS,TEXAS
TEXAS - 000018,33,1.0000000000,73.0000000000,73.0000000000,0,TEXAS,TEXAS
TEXAS - 000019,33,1.0000000000,40.9999999999,40.9999999999,0,TEXAS,TEXAS
TEXAS - 000020,33,1.0000000000,182.9999999996,182.9999999996,0,TEXAS,TEXAS
TEXAS - 000021,33,1.0000000000,67.9999999999,67.9999999999,0,TEXAS,TEXAS
TEXAS - 000022,33,1.0000000000,47.9999999998,47.9999999998,0,TEXAS,TEXAS
VERNON - 000002,28,1.0000000000,44.0000000000,44.0000000000,0,VERNON,VERNON
VERNON - 000003,28,1.0000000000,53.9999999998,53.9999999998,0,VERNON,VERNON
VERNON - 000004,28,1.0000000000,40.0000000004,40.0000000004,0,VERNON,VERNON
VERNON - 000005,28,1.0000000000,51.0000000000,51.0000000000,0,VERNON,VERNON
VERNON - 000006,28,1.0000000000,175.9999999998,175.9999999998,0,VERNON,VERNON
VERNON - 000007,28,1.0000000000,72.9999999999,72.9999999999,0,VERNON,VERNON
VERNON - 000008,28,1.0000000000,41.9999999999,41.9999999999,0,VERNON,VERNON
VERNON - 000009,28,1.0000000000,40.0000000000,40.0000000000,0,VERNON,VERNON
VERNON - 000010,28,1.0000000000,43.0000000000,43.0000000000,0,VERNON,VERNON
VERNON - 000011,28,1.0000000000,60.0000000000,60.0000000000,0,VERNON,VERNON
VERNON - 000012,28,1.0000000000,45.9999999999,45.9999999999,0,VERNON,VERNON
VERNON - 000013,28,1.0000000000,86.0000000000,86.0000000000,0,VERNON,VERNON
VERNON - 000014,28,1.0000000000,27.9999999999,27.9999999999,0,VERNON,VERNON
VERNON - 000015,28,1.0000000000,62.0000000001,62.0000000001,0,VERNON,VERNON
VERNON - 000016,28,1.0000000000,44.0000000001,44.0000000001,0,VERNON,VERNON
VERNON - 000017,28,1.0000000000,36.0000000001,36.0000000001,0,VERNON,VERNON
VERNON - 000018,28,1.0000000000,55.0000000000,55.0000000000,0,VERNON,VERNON
VERNON - 000019,28,1.0000000000,42.0000000000,42.0000000000,0,VERNON,VERNON
VERNON - 000020,28,1.0000000000,82.0000000000,82.0000000000,0,VERNON,VERNON
VERNON - 000021,28,1.0000000000,32.0000000000,32.0000000000,0,VERNON,VERNON
VERNON - 000022,28,1.0000000000,70.0000000000,70.0000000000,0,VERNON,VERNON
VERNON - 000023,28,1.0000000000,75.0000000001,75.0000000001,0,VERNON,VERNON
VERNON - 000024,28,1.0000000000,46.0000000000,46.0000000000,0,VERNON,VERNON
VERNON - 000025,28,1.0000000000,48.0000000000,48.0000000000,0,VERNON,VERNON
VERNON - 000026,28,1.0000000000,31.9999999998,31.9999999998,0,VERNON,VERNON
VERNON - 000027,28,1.0000000000,73.9999999999,73.9999999999,0,VERNON,VERNON
VERNON - 000028,28,1.0000000000,76.0000000001,76.0000000001,0,VERNON,VERNON
VERNON - 000029,28,1.0000000000,86.0000000000,86.0000000000,0,VERNON,VERNON
VERNON - 000030,28,1.0000000000,98.0000000000,98.0000000000,0,VERNON,VERNON
VERNON - 000031,28,1.0000000000,70.0000000000,70.0000000000,0,VERNON,VERNON
VERNON - 000032,28,1.0000000000,99.0000000000,99.0000000000,0,VERNON,VERNON
VERNON - 000033,28,1.0000000000,48.0000000001,48.0000000001,0,VERNON,VERNON
VERNON - 000034,28,1.0000000000,71.0000000001,71.0000000001,0,VERNON,VERNON
WARREN - 000002,26,1.0000000000,38.0000000000,38.0000000000,0,WARREN,WARREN
WARREN - 000003,26,1.0000000000,76.9999999999,76.9999999999,0,WARREN,WARREN
WARREN - 000004,26,1.0000000000,47.0000000003,47.0000000003,0,WARREN,WARREN
WARREN - 000005,26,1.0000000000,55.0000000006,55.0000000006,0,WARREN,WARREN
WARREN - 000006,26,1.0000000000,69.0000000002,69.0000000002,0,WARREN,WARREN
WARREN - 000007,26,1.0000000000,140.9999999990,140.9999999990,0,WARREN,WARREN
WARREN - 000008,26,1.0000000000,24.0000000001,24.0000000001,0,WARREN,WARREN
WARREN - 000009,26,1.0000000000,78.0000000001,78.0000000001,0,WARREN,WARREN
WARREN - 000010,26,1.0000000000,96.0000000004,96.0000000004,0,WARREN,WARREN
WARREN - 000011,26,1.0000000000,10.0000000003,10.0000000003,0,WARREN,WARREN
WARREN - 000012,26,1.0000000000,40.0000000000,40.0000000000,0,WARREN,WARREN
WARREN - 000013,26,1.0000000000,35.0000000000,35.0000000000,0,WARREN,WARREN
WARREN - 000014,10,0.0087393412,0.5418391524,62.0000000005,0,WARREN,WARREN
WARREN - 000014,26,0.9912606588,61.4581608481,62.0000000005,0,WARREN,WARREN
WARREN - 000015,26,1.0000000000,37.9999999997,37.9999999997,0,WARREN,WARREN
WARREN - 000016,26,1.0000000000,24.0000000000,24.0000000000,0,WARREN,WARREN
WARREN - 000017,26,1.0000000000,45.0000000000,45.0000000000,0,WARREN,WARREN
WARREN - 000018,26,1.0000000000,37.0000000003,37.0000000003,0,WARREN,WARREN
WARREN - 000019,26,1.0000000000,48.9999999999,48.9999999999,0,WARREN,WARREN
WARREN - 000020,26,1.0000000000,30.0000000000,30.0000000000,0,WARREN,WARREN
WARREN - 000021,26,1.0000000000,92.0000000000,92.0000000000,0,WARREN,WARREN
WARREN - 000022,26,1.0000000000,46.9999999999,46.9999999999,0,WARREN,WARREN
WARREN - 000023,26,1.0000000000,18.0000000001,18.0000000001,0,WARREN,WARREN
WASHINGTON - 000002,3,1.0000000000,237.9999999998,237.9999999998,0,WASHINGTON,WASHINGTON
WASHINGTON - 000003,3,1.0000000000,110.0000000004,110.0000000004,0,WASHINGTON,WASHINGTON
WASHINGTON - 000004,3,1.0000000000,79.0000000000,79.0000000000,0,WASHINGTON,WASHINGTON
WASHINGTON - 000005,3,1.0000000000,101.0000000001,101.0000000001,0,WASHINGTON,WASHINGTON
WASHINGTON - 000006,3,1.0000000000,106.0000000000,106.0000000000,0,WASHINGTON,WASHINGTON
WASHINGTON - 000007,3,1.0000000000,172.0000000003,172.0000000003,0,WASHINGTON,WASHINGTON
WASHINGTON - 000008,3,1.0000000000,28.0000000002,28.0000000002,0,WASHINGTON,WASHINGTON
WASHINGTON - 000009,3,1.0000000000,188.9999999999,188.9999999999,0,WASHINGTON,WASHINGTON
WASHINGTON - 000010,3,1.0000000000,63.0000000002,63.0000000002,0,WASHINGTON,WASHINGTON
WASHINGTON - 000011,3,1.0000000000,71.0000000001,71.0000000001,0,WASHINGTON,WASHINGTON
WASHINGTON - 000012,3,1.0000000000,37.9999999999,37.9999999999,0,WASHINGTON,WASHINGTON
WASHINGTON - 000013,3,1.0000000000,127.9999999995,127.9999999995,0,WASHINGTON,WASHINGTON
WASHINGTON - 000014,3,1.0000000000,164.0000000000,164.0000000000,0,WASHINGTON,WASHINGTON
WASHINGTON - 000015,3,1.0000000000,89.0000000001,89.0000000001,0,WASHINGTON,WASHINGTON
WASHINGTON - 000016,3,1.0000000000,137.9999999998,137.9999999998,0,WASHINGTON,WASHINGTON
WASHINGTON - 000017,3,1.0000000000,126.9999999998,126.9999999998,0,WASHINGTON,WASHINGTON
WASHINGTON - 000018,3,1.0000000000,65.0000000000,65.0000000000,0,WASHINGTON,WASHINGTON
WASHINGTON - 000019,3,1.0000000000,36.0000000001,36.0000000001,0,WASHINGTON,WASHINGTON
WAYNE - 000002,25,1.0000000000,18.0000000000,18.0000000000,0,WAYNE,WAYNE
WAYNE - 000003,25,1.0000000000,25.0000000000,25.0000000000,0,WAYNE,WAYNE
WAYNE - 000004,25,1.0000000000,44.9999999995,44.9999999995,0,WAYNE,WAYNE
WAYNE - 000005,25,1.0000000000,48.0000000000,48.0000000000,0,WAYNE,WAYNE
WAYNE - 000006,25,1.0000000000,79.0000000000,79.0000000000,0,WAYNE,WAYNE
WAYNE - 000007,25,1.0000000000,41.0000000000,41.0000000000,0,WAYNE,WAYNE
WAYNE - 000008,25,1.0000000000,102.9999999998,102.9999999998,0,WAYNE,WAYNE
WAYNE - 000009,25,1.0000000000,28.0000000000,28.0000000000,0,WAYNE,WAYNE
WAYNE - 000010,25,1.0000000000,46.0000000000,46.0000000000,0,WAYNE,WAYNE
WAYNE - 000011,25,1.0000000000,46.0000000000,46.0000000000,0,WAYNE,WAYNE
WAYNE - 000012,25,1.0000000000,151.9999999997,151.9999999997,0,WAYNE,WAYNE
WAYNE - 000013,25,1.0000000000,121.9999999999,121.9999999999,0,WAYNE,WAYNE
WAYNE - 000014,25,1.0000000000,46.0000000000,46.0000000000,0,WAYNE,WAYNE
WAYNE - 000015,25,1.0000000000,173.9999999998,173.9999999998,0,WAYNE,WAYNE
WAYNE - 000016,25,1.0000000000,55.0000000000,55.0000000000,0,WAYNE,WAYNE
WAYNE - 000017,25,1.0000000000,44.0000000001,44.0000000001,0,WAYNE,WAYNE
WAYNE - 000018,25,1.0000000000,80.0000000000,80.0000000000,0,WAYNE,WAYNE
WAYNE - 000019,25,1.0000000000,94.9999999999,94.9999999999,0,WAYNE,WAYNE
WAYNE - 000020,25,1.0000000000,130.9999999999,130.9999999999,0,WAYNE,WAYNE
WAYNE - 000021,25,1.0000000000,44.0000000001,44.0000000001,0,WAYNE,WAYNE
WEBSTER - 000002,20,1.0000000000,208.0000000000,208.0000000000,0,WEBSTER,WEBSTER
WEBSTER - 000003,20,1.0000000000,157.0000000000,157.0000000000,0,WEBSTER,WEBSTER
WEBSTER - 000004,20,1.0000000000,97.9999999998,97.9999999998,0,WEBSTER,WEBSTER
WEBSTER - 000005,20,1.0000000000,101.9999999998,101.9999999998,0,WEBSTER,WEBSTER
WEBSTER - 000006,20,1.0000000000,174.9999999997,174.9999999997,0,WEBSTER,WEBSTER
WEBSTER - 000007,20,1.0000000000,44.9999999997,44.9999999997,0,WEBSTER,WEBSTER
WEBSTER - 000008,20,1.0000000000,90.9999999999,90.9999999999,0,WEBSTER,WEBSTER
WEBSTER - 000009,20,1.0000000000,103.0000000002,103.0000000002,0,WEBSTER,WEBSTER
WEBSTER - 000010,16,0.0001560405,0.0121711604,77.9999999998,0,WEBSTER,WEBSTER
WEBSTER - 000010,20,0.9998439595,77.9878288394,77.9999999998,0,WEBSTER,WEBSTER
WEBSTER - 000011,20,1.0000000000,65.9999999999,65.9999999999,0,WEBSTER,WEBSTER
WEBSTER - 000012,20,1.0000000000,126.0000000000,126.0000000000,0,WEBSTER,WEBSTER
WEBSTER - 000013,20,1.0000000000,246.9999999993,246.9999999993,0,WEBSTER,WEBSTER
WEBSTER - 000014,20,1.0000000000,115.0000000007,115.0000000007,0,WEBSTER,WEBSTER
WEBSTER - 000015,20,1.0000000000,45.9999999999,45.9999999999,0,WEBSTER,WEBSTER
WEBSTER - 000016,20,1.0000000000,42.0000000001,42.0000000001,0,WEBSTER,WEBSTER
WEBSTER - 000017,16,0.0000020273,0.0001581266,77.9999999998,0,WEBSTER,WEBSTER
WEBSTER - 000017,20,0.9999979727,77.9998418732,77.9999999998,0,WEBSTER,WEBSTER
WORTH - 000002,12,1.0000000000,60.0000000000,60.0000000000,0,WORTH,WORTH
WORTH - 000004,12,1.0000000000,58.0000000000,58.0000000000,0,WORTH,WORTH
WORTH - 000005,12,1.0000000000,83.0000000000,83.0000000000,0,WORTH,WORTH
WORTH - 000006,12,1.0000000000,48.0000000000,48.0000000000,0,WORTH,WORTH
WORTH - 000007,12,1.0000000000,54.0000000001,54.0000000001,0,WORTH,WORTH
WORTH - 000008,12,1.0000000000,53.0000000000,53.0000000000,0,WORTH,WORTH
WORTH - 000009,12,1.0000000000,85.0000000001,85.0000000001,0,WORTH,WORTH
WRIGHT - 000002,16,1.0000000000,87.0000000000,87.0000000000,0,WRIGHT,WRIGHT
WRIGHT - 000003,16,1.0000000000,44.0000000000,44.0000000000,0,WRIGHT,WRIGHT
WRIGHT - 000004,16,1.0000000000,75.0000000001,75.0000000001,0,WRIGHT,WRIGHT
WRIGHT - 000005,16,1.0000000000,71.9999999999,71.9999999999,0,WRIGHT,WRIGHT
WRIGHT - 000006,16,1.0000000000,84.0000000000,84.0000000000,0,WRIGHT,WRIGHT
WRIGHT - 000007,16,1.0000000000,146.0000000001,146.0000000001,0,WRIGHT,WRIGHT
WRIGHT - 000008,16,1.0000000000,127.0000000001,127.0000000001,0,WRIGHT,WRIGHT
WRIGHT - 000009,16,1.0000000000,169.0000000000,169.0000000000,0,WRIGHT,WRIGHT
WRIGHT - 000010,16,1.0000000000,116.0000000000,116.0000000000,0,WRIGHT,WRIGHT
WRIGHT - 000011,16,1.0000000000,143.9999999999,143.9999999999,0,WRIGHT,WRIGHT
WRIGHT - 000012,16,1.0000000000,54.0000000000,54.0000000000,0,WRIGHT,WRIGHT
WRIGHT - 000013,16,1.0000000000,228.9999999999,228.9999999999,0,WRIGHT,WRIGHT
WRIGHT - 000014,16,1.0000000000,109.0000000000,109.0000000000,0,WRIGHT,WRIGHT
WRIGHT - 000015,16,1.0000000000,77.9999999998,77.9999999998,0,WRIGHT,WRIGHT
WRIGHT - 000016,16,1.0000000000,115.9999999999,115.9999999999,0,WRIGHT,WRIGHT
