precinct_key,district_num,area_weight,block_weight,precinct_block_weight,is_kansas_city,election_county,election_county_aliases
ADAIR - 000002,6,1.0000000000,93.0000000000,93.0000000000,0,ADAIR,ADAIR
ADAIR - 000003,6,1.0000000000,59.0000000001,59.0000000001,0,ADAIR,ADAIR
ADAIR - 000004,6,1.0000000000,111.0000000000,111.0000000000,0,ADAIR,ADAIR
ADAIR - 000005,6,1.0000000000,59.0000000000,59.0000000000,0,ADAIR,ADAIR
ADAIR - 000006,6,1.0000000000,111.0000000000,111.0000000000,0,ADAIR,ADAIR
ADAIR - 000007,6,1.0000000000,48.9999999999,48.9999999999,0,ADAIR,ADAIR
ADAIR - 000008,6,1.0000000000,43.9999999999,43.9999999999,0,ADAIR,ADAIR
ADAIR - 000009,6,1.0000000000,228.0000000000,228.0000000000,0,ADAIR,ADAIR
ADAIR - 000010,6,1.0000000000,211.0000000004,211.0000000004,0,ADAIR,ADAIR
ADAIR - 000011,6,1.0000000000,109.0000000002,109.0000000002,0,ADAIR,ADAIR
ADAIR - 000012,6,1.0000000000,121.0000000000,121.0000000000,0,ADAIR,ADAIR
ADAIR - 000013,6,1.0000000000,119.0000000001,119.0000000001,0,ADAIR,ADAIR
ADAIR - 000014,6,1.0000000000,74.9999999999,74.9999999999,0,ADAIR,ADAIR
ADAIR - 000015,6,1.0000000000,4.0000000000,4.0000000000,0,ADAIR,ADAIR
ADAIR - 000016,6,1.0000000000,82.0000000000,82.0000000000,0,ADAIR,ADAIR
ADAIR - 000017,6,1.0000000000,53.0000000000,53.0000000000,0,ADAIR,ADAIR
ADAIR - 000018,6,1.0000000000,32.0000000000,32.0000000000,0,ADAIR,ADAIR
ANDREW - 000002,6,1.0000000000,45.9999999999,45.9999999999,0,ANDREW,ANDREW
ANDREW - 000003,6,1.0000000000,65.0000000000,65.0000000000,0,ANDREW,ANDREW
ANDREW - 000004,6,1.0000000000,110.0000000001,110.0000000001,0,ANDREW,ANDREW
ANDREW - 000005,6,1.0000000000,30.9999999999,30.9999999999,0,ANDREW,ANDREW
ANDREW - 000006,6,1.0000000000,51.0000000001,51.0000000001,0,ANDREW,ANDREW
ANDREW - 000007,6,1.0000000000,97.0000000001,97.0000000001,0,ANDREW,ANDREW
ANDREW - 000008,6,1.0000000000,62.0000000000,62.0000000000,0,ANDREW,ANDREW
ANDREW - 000009,6,1.0000000000,66.9999999997,66.9999999997,0,ANDREW,ANDREW
ANDREW - 000010,6,1.0000000000,131.0000000001,131.0000000001,0,ANDREW,ANDREW
ANDREW - 000011,6,1.0000000000,56.0000000001,56.0000000001,0,ANDREW,ANDREW
ANDREW - 000012,6,1.0000000000,39.9999999999,39.9999999999,0,ANDREW,ANDREW
ANDREW - 000013,6,1.0000000000,31.0000000000,31.0000000000,0,ANDREW,ANDREW
ANDREW - 000014,6,1.0000000000,68.0000000001,68.0000000001,0,ANDREW,ANDREW
ANDREW - 000015,6,1.0000000000,49.0000000000,49.0000000000,0,ANDREW,ANDREW
ANDREW - 000016,6,1.0000000000,70.9999999998,70.9999999998,0,ANDREW,ANDREW
ANDREW - 000017,6,1.0000000000,92.0000000000,92.0000000000,0,ANDREW,ANDREW
ANDREW - 000018,6,1.0000000000,66.0000000000,66.0000000000,0,ANDREW,ANDREW
ANDREW - 000019,6,1.0000000000,49.9999999997,49.9999999997,0,ANDREW,ANDREW
ANDREW - 000020,6,1.0000000000,41.9999999999,41.9999999999,0,ANDREW,ANDREW
ATCHISON - 000002,6,1.0000000000,211.0000000000,211.0000000000,0,ATCHISON,ATCHISON
ATCHISON - 000003,6,1.0000000000,87.0000000002,87.0000000002,0,ATCHISON,ATCHISON
ATCHISON - 000004,6,1.0000000000,329.9999999998,329.9999999998,0,ATCHISON,ATCHISON
ATCHISON - 000005,6,1.0000000000,239.0000000000,239.0000000000,0,ATCHISON,ATCHISON
ATCHISON - 000006,6,1.0000000000,132.0000000000,132.0000000000,0,ATCHISON,ATCHISON
ATCHISON - 000007,6,1.0000000000,121.9999999999,121.9999999999,0,ATCHISON,ATCHISON
AUDRAIN - 000002,3,1.0000000000,127.9999999999,127.9999999999,0,AUDRAIN,AUDRAIN
AUDRAIN - 000003,3,1.0000000000,44.0000000000,44.0000000000,0,AUDRAIN,AUDRAIN
AUDRAIN - 000004,3,1.0000000000,50.9999999999,50.9999999999,0,AUDRAIN,AUDRAIN
AUDRAIN - 000005,3,1.0000000000,164.9999999997,164.9999999997,0,AUDRAIN,AUDRAIN
AUDRAIN - 000006,3,1.0000000000,106.0000000002,106.0000000002,0,AUDRAIN,AUDRAIN
AUDRAIN - 000007,3,1.0000000000,135.0000000001,135.0000000001,0,AUDRAIN,AUDRAIN
AUDRAIN - 000008,3,1.0000000000,123.9999999997,123.9999999997,0,AUDRAIN,AUDRAIN
AUDRAIN - 000009,3,1.0000000000,115.0000000001,115.0000000001,0,AUDRAIN,AUDRAIN
AUDRAIN - 000010,3,1.0000000000,75.0000000003,75.0000000003,0,AUDRAIN,AUDRAIN
AUDRAIN - 000011,3,1.0000000000,47.9999999999,47.9999999999,0,AUDRAIN,AUDRAIN
AUDRAIN - 000012,3,1.0000000000,58.0000000000,58.0000000000,0,AUDRAIN,AUDRAIN
AUDRAIN - 000013,3,1.0000000000,15.0000000000,15.0000000000,0,AUDRAIN,AUDRAIN
AUDRAIN - 000014,3,1.0000000000,39.9999999998,39.9999999998,0,AUDRAIN,AUDRAIN
AUDRAIN - 000015,3,1.0000000000,193.0000000000,193.0000000000,0,AUDRAIN,AUDRAIN
AUDRAIN - 000017,3,1.0000000000,34.9999999999,34.9999999999,0,AUDRAIN,AUDRAIN
AUDRAIN - 000018,3,1.0000000000,25.0000000000,25.0000000000,0,AUDRAIN,AUDRAIN
AUDRAIN - 000019,3,1.0000000000,41.0000000000,41.0000000000,0,AUDRAIN,AUDRAIN
AUDRAIN - 000020,3,1.0000000000,62.0000000002,62.0000000002,0,AUDRAIN,AUDRAIN
AUDRAIN - 000021,3,1.0000000000,88.9999999999,88.9999999999,0,AUDRAIN,AUDRAIN
AUDRAIN - 000022,3,1.0000000000,96.9999999998,96.9999999998,0,AUDRAIN,AUDRAIN
AUDRAIN - 000023,3,1.0000000000,179.9999999998,179.9999999998,0,AUDRAIN,AUDRAIN
AUDRAIN - 000024,3,1.0000000000,65.0000000000,65.0000000000,0,AUDRAIN,AUDRAIN
AUDRAIN - 000025,3,1.0000000000,105.0000000000,105.0000000000,0,AUDRAIN,AUDRAIN
AUDRAIN - 000026,3,1.0000000000,59.0000000000,59.0000000000,0,AUDRAIN,AUDRAIN
BARRY - 000002,7,1.0000000000,51.9999999999,51.9999999999,0,BARRY,BARRY
BARRY - 000003,7,1.0000000000,125.0000000000,125.0000000000,0,BARRY,BARRY
BARRY - 000004,7,1.0000000000,53.0000000002,53.0000000002,0,BARRY,BARRY
BARRY - 000005,7,1.0000000000,57.0000000001,57.0000000001,0,BARRY,BARRY
BARRY - 000006,7,1.0000000000,156.0000000000,156.0000000000,0,BARRY,BARRY
BARRY - 000007,7,1.0000000000,178.0000000003,178.0000000003,0,BARRY,BARRY
BARRY - 000008,7,1.0000000000,281.9999999996,281.9999999996,0,BARRY,BARRY
BARRY - 000009,7,1.0000000000,142.9999999999,142.9999999999,0,BARRY,BARRY
BARRY - 000010,7,1.0000000000,75.0000000003,75.0000000003,0,BARRY,BARRY
BARRY - 000011,7,1.0000000000,191.0000000000,191.0000000000,0,BARRY,BARRY
BARRY - 000012,7,1.0000000000,104.0000000000,104.0000000000,0,BARRY,BARRY
BARRY - 000013,7,1.0000000000,56.0000000000,56.0000000000,0,BARRY,BARRY
BARRY - 000014,7,1.0000000000,48.9999999999,48.9999999999,0,BARRY,BARRY
BARRY - 000015,7,1.0000000000,229.0000000003,229.0000000003,0,BARRY,BARRY
BARRY - 000016,7,1.0000000000,171.8990692520,171.8990692520,0,BARRY,BARRY
BARRY - 000017,7,1.0000000000,177.0000000003,177.0000000003,0,BARRY,BARRY
BARRY - 000018,7,1.0000000000,115.5129321108,115.5129321108,0,BARRY,BARRY
BARRY - 000019,7,1.0000000000,122.0000000001,122.0000000001,0,BARRY,BARRY
BARRY - 000020,7,1.0000000000,146.9999999999,146.9999999999,0,BARRY,BARRY
BARRY - 000021,7,1.0000000000,177.0000000003,177.0000000003,0,BARRY,BARRY
BARRY - 000022,7,1.0000000000,138.0000000003,138.0000000003,0,BARRY,BARRY
BARTON - 000002,4,1.0000000000,28.9999999999,28.9999999999,0,BARTON,BARTON
BARTON - 000003,4,1.0000000000,93.9999999999,93.9999999999,0,BARTON,BARTON
BARTON - 000004,4,1.0000000000,130.0000000000,130.0000000000,0,BARTON,BARTON
BARTON - 000005,4,1.0000000000,97.9999999999,97.9999999999,0,BARTON,BARTON
BARTON - 000006,4,1.0000000000,34.0000000000,34.0000000000,0,BARTON,BARTON
BARTON - 000007,4,1.0000000000,135.0000000000,135.0000000000,0,BARTON,BARTON
BARTON - 000008,4,1.0000000000,133.9999999999,133.9999999999,0,BARTON,BARTON
BARTON - 000009,4,1.0000000000,73.0000000003,73.0000000003,0,BARTON,BARTON
BARTON - 000010,4,1.0000000000,53.0000000002,53.0000000002,0,BARTON,BARTON
BARTON - 000011,4,1.0000000000,70.0000000001,70.0000000001,0,BARTON,BARTON
BARTON - 000012,4,1.0000000000,32.0000000003,32.0000000003,0,BARTON,BARTON
BARTON - 000013,4,1.0000000000,54.9999999997,54.9999999997,0,BARTON,BARTON
BARTON - 000014,4,1.0000000000,98.0000000002,98.0000000002,0,BARTON,BARTON
BARTON - 000015,4,1.0000000000,115.0000000002,115.0000000002,0,BARTON,BARTON
BARTON - 000016,4,1.0000000000,84.0000000001,84.0000000001,0,BARTON,BARTON
BARTON - 000017,4,1.0000000000,63.0000000000,63.0000000000,0,BARTON,BARTON
BATES - 000002,4,1.0000000000,148.9999999999,148.9999999999,0,BATES,BATES
BATES - 000003,4,1.0000000000,147.9999999994,147.9999999994,0,BATES,BATES
BATES - 000004,4,1.0000000000,100.0000000000,100.0000000000,0,BATES,BATES
BATES - 000005,4,1.0000000000,106.0000000000,106.0000000000,0,BATES,BATES
BATES - 000006,4,1.0000000000,110.9999999999,110.9999999999,0,BATES,BATES
BATES - 000007,4,1.0000000000,131.0000000000,131.0000000000,0,BATES,BATES
BATES - 000008,4,1.0000000000,197.0000000000,197.0000000000,0,BATES,BATES
BATES - 000009,4,1.0000000000,153.0000000000,153.0000000000,0,BATES,BATES
BATES - 000010,4,1.0000000000,54.0000000000,54.0000000000,0,BATES,BATES
BATES - 000011,4,1.0000000000,87.0000000001,87.0000000001,0,BATES,BATES
BATES - 000012,4,1.0000000000,88.0000000000,88.0000000000,0,BATES,BATES
BATES - 000013,4,1.0000000000,125.0000000001,125.0000000001,0,BATES,BATES
BATES - 000014,4,1.0000000000,170.9999999999,170.9999999999,0,BATES,BATES
BATES - 000015,4,1.0000000000,259.0000000000,259.0000000000,0,BATES,BATES
BATES - 000016,4,1.0000000000,77.0000000000,77.0000000000,0,BATES,BATES
BENTON - 000002,4,1.0000000000,98.0000000012,98.0000000012,0,BENTON,BENTON
BENTON - 000003,4,1.0000000000,179.9999999996,179.9999999996,0,BENTON,BENTON
BENTON - 000004,4,1.0000000000,122.9999999999,122.9999999999,0,BENTON,BENTON
BENTON - 000005,4,1.0000000000,68.0000000000,68.0000000000,0,BENTON,BENTON
BENTON - 000006,4,1.0000000000,164.0000000002,164.0000000002,0,BENTON,BENTON
BENTON - 000007,4,1.0000000000,60.9999999999,60.9999999999,0,BENTON,BENTON
BENTON - 000008,4,1.0000000000,267.0000000001,267.0000000001,0,BENTON,BENTON
BENTON - 000009,4,1.0000000000,221.9999999998,221.9999999998,0,BENTON,BENTON
BENTON - 000010,4,1.0000000000,233.9999999998,233.9999999998,0,BENTON,BENTON
BENTON - 000011,4,1.0000000000,73.0000000001,73.0000000001,0,BENTON,BENTON
BENTON - 000012,4,1.0000000000,91.0000000000,91.0000000000,0,BENTON,BENTON
BENTON - 000013,4,1.0000000000,142.0000000001,142.0000000001,0,BENTON,BENTON
BENTON - 000014,4,1.0000000000,130.9999999999,130.9999999999,0,BENTON,BENTON
BENTON - 000015,4,1.0000000000,138.9999999997,138.9999999997,0,BENTON,BENTON
BOLLINGER - 000002,8,1.0000000000,70.9999999999,70.9999999999,0,BOLLINGER,BOLLINGER
BOLLINGER - 000003,8,1.0000000000,117.0000000001,117.0000000001,0,BOLLINGER,BOLLINGER
BOLLINGER - 000004,8,1.0000000000,38.0000000000,38.0000000000,0,BOLLINGER,BOLLINGER
BOLLINGER - 000005,8,1.0000000000,63.0000000002,63.0000000002,0,BOLLINGER,BOLLINGER
BOLLINGER - 000006,8,1.0000000000,119.9999999999,119.9999999999,0,BOLLINGER,BOLLINGER
BOLLINGER - 000007,8,1.0000000000,83.9999999999,83.9999999999,0,BOLLINGER,BOLLINGER
BOLLINGER - 000008,8,1.0000000000,75.0000000000,75.0000000000,0,BOLLINGER,BOLLINGER
BOLLINGER - 000009,8,1.0000000000,105.0000000000,105.0000000000,0,BOLLINGER,BOLLINGER
BOLLINGER - 000010,8,1.0000000000,88.0000000000,88.0000000000,0,BOLLINGER,BOLLINGER
BOLLINGER - 000011,8,1.0000000000,95.0000000000,95.0000000000,0,BOLLINGER,BOLLINGER
BOLLINGER - 000012,8,1.0000000000,56.0000000000,56.0000000000,0,BOLLINGER,BOLLINGER
BOLLINGER - 000014,8,1.0000000000,66.0000000000,66.0000000000,0,BOLLINGER,BOLLINGER
BOLLINGER - 000015,8,1.0000000000,149.9999999997,149.9999999997,0,BOLLINGER,BOLLINGER
BOONE - 000002,5,1.0000000000,57.0000000000,57.0000000000,0,BOONE,BOONE
BOONE - 000003,5,1.0000000000,28.0000000001,28.0000000001,0,BOONE,BOONE
BOONE - 000004,5,1.0000000000,115.0000000001,115.0000000001,0,BOONE,BOONE
BOONE - 000005,5,1.0000000000,59.0000000000,59.0000000000,0,BOONE,BOONE
BOONE - 000006,5,1.0000000000,45.9999999999,45.9999999999,0,BOONE,BOONE
BOONE - 000007,5,1.0000000000,55.9999999998,55.9999999998,0,BOONE,BOONE
BOONE - 000008,5,1.0000000000,159.9999999998,159.9999999998,0,BOONE,BOONE
BOONE - 000009,3,0.1438938865,6.4752248927,45.0000000000,0,BOONE,BOONE
BOONE - 000009,5,0.8561061135,38.5247751073,45.0000000000,0,BOONE,BOONE
BOONE - 000010,5,1.0000000000,88.0000000001,88.0000000001,0,BOONE,BOONE
BOONE - 000011,5,1.0000000000,28.9999999999,28.9999999999,0,BOONE,BOONE
BOONE - 000012,3,1.0000000000,49.0000000000,49.0000000000,0,BOONE,BOONE
BOONE - 000013,3,1.0000000000,34.0000000000,34.0000000000,0,BOONE,BOONE
BOONE - 000014,3,1.0000000000,27.0000000000,27.0000000000,0,BOONE,BOONE
BOONE - 000015,3,1.0000000000,51.0000000000,51.0000000000,0,BOONE,BOONE
BOONE - 000016,3,1.0000000000,22.0000000000,22.0000000000,0,BOONE,BOONE
BOONE - 000017,3,1.0000000000,8.0000000000,8.0000000000,0,BOONE,BOONE
BOONE - 000018,3,1.0000000000,29.0000000000,29.0000000000,0,BOONE,BOONE
BOONE - 000019,3,0.0891822110,1.7836442205,20.0000000002,0,BOONE,BOONE
BOONE - 000019,5,0.9108177890,18.2163557797,20.0000000002,0,BOONE,BOONE
BOONE - 000020,3,0.0692930202,1.2472743628,17.9999999998,0,BOONE,BOONE
BOONE - 000020,5,0.9307069798,16.7527256370,17.9999999998,0,BOONE,BOONE
BOONE - 000021,3,0.2169425628,16.9215198963,77.9999999993,0,BOONE,BOONE
BOONE - 000021,5,0.7830574372,61.0784801030,77.9999999993,0,BOONE,BOONE
BOONE - 000022,3,0.9984612968,54.9153713214,54.9999999999,0,BOONE,BOONE
BOONE - 000022,5,0.0015387032,0.0846286785,54.9999999999,0,BOONE,BOONE
BOONE - 000023,3,0.9825535251,53.0578903568,53.9999999999,0,BOONE,BOONE
BOONE - 000023,5,0.0174464749,0.9421096431,53.9999999999,0,BOONE,BOONE
BOONE - 000024,3,1.0000000000,31.0000000000,31.0000000000,0,BOONE,BOONE
BOONE - 000025,3,1.0000000000,78.9999999997,78.9999999997,0,BOONE,BOONE
BOONE - 000026,3,1.0000000000,79.0000000002,79.0000000002,0,BOONE,BOONE
BOONE - 000027,3,1.0000000000,49.0000000002,49.0000000002,0,BOONE,BOONE
BOONE - 000028,3,1.0000000000,69.0000000001,69.0000000001,0,BOONE,BOONE
BOONE - 000029,3,0.9999999937,50.9999996813,51.0000000000,0,BOONE,BOONE
BOONE - 000029,5,0.0000000063,0.0000003188,51.0000000000,0,BOONE,BOONE
BOONE - 000030,3,1.0000000000,51.0000000000,51.0000000000,0,BOONE,BOONE
BOONE - 000031,3,1.0000000000,44.0000000000,44.0000000000,0,BOONE,BOONE
BOONE - 000032,3,0.9701760193,32.9859846569,34.0000000004,0,BOONE,BOONE
BOONE - 000032,5,0.0298239807,1.0140153435,34.0000000004,0,BOONE,BOONE
BOONE - 000033,3,0.9230769231,35.9999999998,38.9999999998,0,BOONE,BOONE
BOONE - 000033,5,0.0769230769,3.0000000000,38.9999999998,0,BOONE,BOONE
BOONE - 000034,3,0.9655172414,28.0000000003,29.0000000003,0,BOONE,BOONE
BOONE - 000034,5,0.0344827586,1.0000000000,29.0000000003,0,BOONE,BOONE
BOONE - 000035,3,1.0000000000,103.0000000002,103.0000000002,0,BOONE,BOONE
BOONE - 000036,3,1.0000000000,87.9999999996,87.9999999996,0,BOONE,BOONE
BOONE - 000037,3,1.0000000000,35.0000000001,35.0000000001,0,BOONE,BOONE
BOONE - 000038,3,1.0000000000,14.0000000000,14.0000000000,0,BOONE,BOONE
BOONE - 000039,3,1.0000000000,14.9999999998,14.9999999998,0,BOONE,BOONE
BOONE - 000040,3,1.0000000000,9.9999999999,9.9999999999,0,BOONE,BOONE
BOONE - 000041,3,1.0000000000,43.0000000001,43.0000000001,0,BOONE,BOONE
BOONE - 000042,3,0.0137190939,0.1646291265,12.0000000001,0,BOONE,BOONE
BOONE - 000042,5,0.9862809061,11.8353708736,12.0000000001,0,BOONE,BOONE
BOONE - 000043,3,0.1709918128,5.9847134477,35.0000000001,0,BOONE,BOONE
BOONE - 000043,5,0.8290081872,29.0152865524,35.0000000001,0,BOONE,BOONE
BOONE - 000044,3,0.9879658186,47.4223592929,47.9999999999,0,BOONE,BOONE
BOONE - 000044,5,0.0120341814,0.5776407070,47.9999999999,0,BOONE,BOONE
BOONE - 000045,3,0.9609124248,38.4364969922,39.9999999999,0,BOONE,BOONE
BOONE - 000045,5,0.0390875752,1.5635030077,39.9999999999,0,BOONE,BOONE
BOONE - 000046,3,1.0000000000,63.0000000000,63.0000000000,0,BOONE,BOONE
BOONE - 000047,3,1.0000000000,53.9999999999,53.9999999999,0,BOONE,BOONE
BOONE - 000048,3,1.0000000000,36.9999999998,36.9999999998,0,BOONE,BOONE
BOONE - 000049,3,0.7564006633,24.2048212251,31.9999999999,0,BOONE,BOONE
BOONE - 000049,5,0.2435993367,7.7951787748,31.9999999999,0,BOONE,BOONE
BOONE - 000050,3,0.5666666667,17.0000000000,30.0000000000,0,BOONE,BOONE
BOONE - 000050,5,0.4333333333,13.0000000000,30.0000000000,0,BOONE,BOONE
BOONE - 000051,3,1.0000000000,25.0000000000,25.0000000000,0,BOONE,BOONE
BOONE - 000052,3,1.0000000000,14.0000000000,14.0000000000,0,BOONE,BOONE
BOONE - 000053,3,1.0000000000,36.0000000001,36.0000000001,0,BOONE,BOONE
BOONE - 000054,3,1.0000000000,18.0000000000,18.0000000000,0,BOONE,BOONE
BOONE - 000055,3,0.9973640000,77.7943920012,77.9999999996,0,BOONE,BOONE
BOONE - 000055,5,0.0026360000,0.2056079984,77.9999999996,0,BOONE,BOONE
BOONE - 000056,3,1.0000000000,14.0000000000,14.0000000000,0,BOONE,BOONE
BOONE - 000057,3,1.0000000000,16.0000000000,16.0000000000,0,BOONE,BOONE
BOONE - 000058,3,1.0000000000,21.0000000000,21.0000000000,0,BOONE,BOONE
BOONE - 000059,3,1.0000000000,16.0000000000,16.0000000000,0,BOONE,BOONE
BOONE - 000060,3,1.0000000000,16.0000000000,16.0000000000,0,BOONE,BOONE
BOONE - 000061,3,1.0000000000,11.0000000001,11.0000000001,0,BOONE,BOONE
BOONE - 000062,3,1.0000000000,15.0000000000,15.0000000000,0,BOONE,BOONE
BOONE - 000063,3,1.0000000000,16.0000000000,16.0000000000,0,BOONE,BOONE
BOONE - 000064,3,1.0000000000,46.0000000000,46.0000000000,0,BOONE,BOONE
BOONE - 000065,3,1.0000000000,15.0000000000,15.0000000000,0,BOONE,BOONE
BOONE - 000066,3,1.0000000000,17.0000000000,17.0000000000,0,BOONE,BOONE
BOONE - 000067,3,1.0000000000,55.9999999999,55.9999999999,0,BOONE,BOONE
BOONE - 000068,3,1.0000000000,18.0000000001,18.0000000001,0,BOONE,BOONE
BOONE - 000069,3,1.0000000000,34.0000000001,34.0000000001,0,BOONE,BOONE
BOONE - 000070,3,1.0000000000,31.9999999998,31.9999999998,0,BOONE,BOONE
BOONE - 000071,3,1.0000000000,68.0000000001,68.0000000001,0,BOONE,BOONE
BOONE - 000072,3,1.0000000000,18.0000000000,18.0000000000,0,BOONE,BOONE
BOONE - 000073,5,1.0000000000,113.0000000000,113.0000000000,0,BOONE,BOONE
BOONE - 000074,5,1.0000000000,165.9999999999,165.9999999999,0,BOONE,BOONE
BOONE - 000075,5,1.0000000000,81.0000000000,81.0000000000,0,BOONE,BOONE
BUCHANAN - 000002,6,1.0000000000,79.0000000004,79.0000000004,0,BUCHANAN,BUCHANAN
BUCHANAN - 000003,6,1.0000000000,55.0000000002,55.0000000002,0,BUCHANAN,BUCHANAN
BUCHANAN - 000004,6,1.0000000000,35.9999999999,35.9999999999,0,BUCHANAN,BUCHANAN
BUCHANAN - 000005,6,1.0000000000,30.0000000001,30.0000000001,0,BUCHANAN,BUCHANAN
BUCHANAN - 000006,6,1.0000000000,49.0000000002,49.0000000002,0,BUCHANAN,BUCHANAN
BUCHANAN - 000007,6,1.0000000000,46.0000000000,46.0000000000,0,BUCHANAN,BUCHANAN
BUCHANAN - 000008,6,1.0000000000,58.9999999999,58.9999999999,0,BUCHANAN,BUCHANAN
BUCHANAN - 000009,6,1.0000000000,67.9999999999,67.9999999999,0,BUCHANAN,BUCHANAN
BUCHANAN - 000010,6,1.0000000000,40.0000000001,40.0000000001,0,BUCHANAN,BUCHANAN
BUCHANAN - 000011,6,1.0000000000,45.9999999999,45.9999999999,0,BUCHANAN,BUCHANAN
BUCHANAN - 000012,6,1.0000000000,27.9999999998,27.9999999998,0,BUCHANAN,BUCHANAN
BUCHANAN - 000013,6,1.0000000000,40.0000000001,40.0000000001,0,BUCHANAN,BUCHANAN
BUCHANAN - 000014,6,1.0000000000,62.9999999998,62.9999999998,0,BUCHANAN,BUCHANAN
BUCHANAN - 000015,6,1.0000000000,65.9999999999,65.9999999999,0,BUCHANAN,BUCHANAN
BUCHANAN - 000016,6,1.0000000000,29.0000000001,29.0000000001,0,BUCHANAN,BUCHANAN
BUCHANAN - 000017,6,1.0000000000,41.0000000000,41.0000000000,0,BUCHANAN,BUCHANAN
BUCHANAN - 000018,6,1.0000000000,122.9999999999,122.9999999999,0,BUCHANAN,BUCHANAN
BUCHANAN - 000019,6,1.0000000000,52.0000000002,52.0000000002,0,BUCHANAN,BUCHANAN
BUCHANAN - 000020,6,1.0000000000,15.9999999999,15.9999999999,0,BUCHANAN,BUCHANAN
BUCHANAN - 000021,6,1.0000000000,75.9999999997,75.9999999997,0,BUCHANAN,BUCHANAN
BUCHANAN - 000022,6,1.0000000000,68.9999999998,68.9999999998,0,BUCHANAN,BUCHANAN
BUCHANAN - 000023,6,1.0000000000,52.0000000000,52.0000000000,0,BUCHANAN,BUCHANAN
BUCHANAN - 000024,6,1.0000000000,38.0000000000,38.0000000000,0,BUCHANAN,BUCHANAN
BUCHANAN - 000025,6,1.0000000000,86.0000000000,86.0000000000,0,BUCHANAN,BUCHANAN
BUCHANAN - 000026,6,1.0000000000,63.9999999999,63.9999999999,0,BUCHANAN,BUCHANAN
BUCHANAN - 000027,6,1.0000000000,34.9999999999,34.9999999999,0,BUCHANAN,BUCHANAN
BUCHANAN - 000028,6,1.0000000000,15.0000000000,15.0000000000,0,BUCHANAN,BUCHANAN
BUCHANAN - 000029,6,1.0000000000,13.9999999999,13.9999999999,0,BUCHANAN,BUCHANAN
BUCHANAN - 000030,6,1.0000000000,56.0000000000,56.0000000000,0,BUCHANAN,BUCHANAN
BUCHANAN - 000031,6,1.0000000000,20.9999999999,20.9999999999,0,BUCHANAN,BUCHANAN
BUCHANAN - 000032,6,1.0000000000,76.9999999998,76.9999999998,0,BUCHANAN,BUCHANAN
BUCHANAN - 000033,6,1.0000000000,35.9999999999,35.9999999999,0,BUCHANAN,BUCHANAN
BUCHANAN - 000034,6,1.0000000000,50.0000000002,50.0000000002,0,BUCHANAN,BUCHANAN
BUCHANAN - 000035,6,1.0000000000,46.9999999998,46.9999999998,0,BUCHANAN,BUCHANAN
BUCHANAN - 000036,6,1.0000000000,9.0000000001,9.0000000001,0,BUCHANAN,BUCHANAN
BUCHANAN - 000037,6,1.0000000000,17.0000000000,17.0000000000,0,BUCHANAN,BUCHANAN
BUCHANAN - 000038,6,1.0000000000,66.0000000000,66.0000000000,0,BUCHANAN,BUCHANAN
BUCHANAN - 000039,6,1.0000000000,13.9999999997,13.9999999997,0,BUCHANAN,BUCHANAN
BUCHANAN - 000040,6,1.0000000000,68.0000000000,68.0000000000,0,BUCHANAN,BUCHANAN
BUCHANAN - 000041,6,1.0000000000,90.0000000002,90.0000000002,0,BUCHANAN,BUCHANAN
BUCHANAN - 000042,6,1.0000000000,41.0000000001,41.0000000001,0,BUCHANAN,BUCHANAN
BUCHANAN - 000043,6,1.0000000000,42.0000000000,42.0000000000,0,BUCHANAN,BUCHANAN
BUCHANAN - 000044,6,1.0000000000,39.0000000002,39.0000000002,0,BUCHANAN,BUCHANAN
BUCHANAN - 000045,6,1.0000000000,96.0000000001,96.0000000001,0,BUCHANAN,BUCHANAN
BUCHANAN - 000046,6,1.0000000000,58.9999999999,58.9999999999,0,BUCHANAN,BUCHANAN
BUCHANAN - 000047,6,1.0000000000,135.0000000001,135.0000000001,0,BUCHANAN,BUCHANAN
BUCHANAN - 000048,6,1.0000000000,31.0000000000,31.0000000000,0,BUCHANAN,BUCHANAN
BUCHANAN - 000049,6,1.0000000000,28.9999999999,28.9999999999,0,BUCHANAN,BUCHANAN
BUCHANAN - 000050,6,1.0000000000,18.0000000001,18.0000000001,0,BUCHANAN,BUCHANAN
BUCHANAN - 000051,6,1.0000000000,67.0000000000,67.0000000000,0,BUCHANAN,BUCHANAN
BUCHANAN - 000052,6,1.0000000000,39.9999999999,39.9999999999,0,BUCHANAN,BUCHANAN
BUCHANAN - 000053,6,1.0000000000,58.0000000000,58.0000000000,0,BUCHANAN,BUCHANAN
BUCHANAN - 000054,6,1.0000000000,33.0000000000,33.0000000000,0,BUCHANAN,BUCHANAN
BUCHANAN - 000055,6,1.0000000000,31.0000000002,31.0000000002,0,BUCHANAN,BUCHANAN
BUCHANAN - 000056,6,1.0000000000,21.9999999999,21.9999999999,0,BUCHANAN,BUCHANAN
BUCHANAN - 000057,6,1.0000000000,32.0000000000,32.0000000000,0,BUCHANAN,BUCHANAN
BUCHANAN - 000058,6,1.0000000000,18.0000000000,18.0000000000,0,BUCHANAN,BUCHANAN
BUCHANAN - 000059,6,1.0000000000,47.9999999997,47.9999999997,0,BUCHANAN,BUCHANAN
BUCHANAN - 000060,6,1.0000000000,130.0000000002,130.0000000002,0,BUCHANAN,BUCHANAN
BUCHANAN - 000061,6,1.0000000000,27.0000000001,27.0000000001,0,BUCHANAN,BUCHANAN
BUTLER - 000002,8,1.0000000000,113.9999999997,113.9999999997,0,BUTLER,BUTLER
BUTLER - 000003,8,1.0000000000,58.0000000000,58.0000000000,0,BUTLER,BUTLER
BUTLER - 000004,8,1.0000000000,56.0000000000,56.0000000000,0,BUTLER,BUTLER
BUTLER - 000005,8,1.0000000000,56.9999999999,56.9999999999,0,BUTLER,BUTLER
BUTLER - 000006,8,1.0000000000,281.9999999999,281.9999999999,0,BUTLER,BUTLER
BUTLER - 000007,8,1.0000000000,98.0000000004,98.0000000004,0,BUTLER,BUTLER
BUTLER - 000008,8,1.0000000000,125.0000000001,125.0000000001,0,BUTLER,BUTLER
BUTLER - 000009,8,1.0000000000,86.0000000000,86.0000000000,0,BUTLER,BUTLER
BUTLER - 000010,8,1.0000000000,125.9999999999,125.9999999999,0,BUTLER,BUTLER
BUTLER - 000011,8,1.0000000000,44.0000000001,44.0000000001,0,BUTLER,BUTLER
BUTLER - 000012,8,1.0000000000,160.9999999999,160.9999999999,0,BUTLER,BUTLER
BUTLER - 000013,8,1.0000000000,9.0000000000,9.0000000000,0,BUTLER,BUTLER
BUTLER - 000014,8,1.0000000000,122.9999999995,122.9999999995,0,BUTLER,BUTLER
BUTLER - 000015,8,1.0000000000,81.0000000000,81.0000000000,0,BUTLER,BUTLER
BUTLER - 000016,8,1.0000000000,229.9999999999,229.9999999999,0,BUTLER,BUTLER
BUTLER - 000017,8,1.0000000000,145.0000000003,145.0000000003,0,BUTLER,BUTLER
BUTLER - 000018,8,1.0000000000,145.0000000000,145.0000000000,0,BUTLER,BUTLER
BUTLER - 000019,8,1.0000000000,107.0000000000,107.0000000000,0,BUTLER,BUTLER
BUTLER - 000020,8,1.0000000000,103.9999999999,103.9999999999,0,BUTLER,BUTLER
BUTLER - 000021,8,1.0000000000,49.9999999999,49.9999999999,0,BUTLER,BUTLER
BUTLER - 000022,8,1.0000000000,54.9999999999,54.9999999999,0,BUTLER,BUTLER
BUTLER - 000023,8,1.0000000000,158.9999999997,158.9999999997,0,BUTLER,BUTLER
BUTLER - 000024,8,1.0000000000,75.9999999999,75.9999999999,0,BUTLER,BUTLER
BUTLER - 000025,8,1.0000000000,44.9999999999,44.9999999999,0,BUTLER,BUTLER
BUTLER - 000026,8,1.0000000000,69.0000000001,69.0000000001,0,BUTLER,BUTLER
CALDWELL - 000002,6,1.0000000000,124.0000000002,124.0000000002,0,CALDWELL,CALDWELL
CALDWELL - 000003,6,1.0000000000,176.0000000002,176.0000000002,0,CALDWELL,CALDWELL
CALDWELL - 000004,6,1.0000000000,166.0000000001,166.0000000001,0,CALDWELL,CALDWELL
CALDWELL - 000005,6,1.0000000000,156.9999999999,156.9999999999,0,CALDWELL,CALDWELL
CALDWELL - 000006,6,1.0000000000,112.0000000000,112.0000000000,0,CALDWELL,CALDWELL
CALDWELL - 000007,6,1.0000000000,101.9999999997,101.9999999997,0,CALDWELL,CALDWELL
CALDWELL - 000008,6,1.0000000000,135.0000000004,135.0000000004,0,CALDWELL,CALDWELL
CALDWELL - 000009,6,1.0000000000,78.0000000000,78.0000000000,0,CALDWELL,CALDWELL
CALDWELL - 000010,6,1.0000000000,117.0000000002,117.0000000002,0,CALDWELL,CALDWELL
CALDWELL - 000011,6,1.0000000000,71.9999999998,71.9999999998,0,CALDWELL,CALDWELL
CALLAWAY - 000002,3,1.0000000000,160.9999999999,160.9999999999,0,CALLAWAY,CALLAWAY
CALLAWAY - 000003,3,1.0000000000,73.0000000001,73.0000000001,0,CALLAWAY,CALLAWAY
CALLAWAY - 000004,3,1.0000000000,51.0000000000,51.0000000000,0,CALLAWAY,CALLAWAY
CALLAWAY - 000005,3,1.0000000000,34.0000000003,34.0000000003,0,CALLAWAY,CALLAWAY
CALLAWAY - 000006,3,1.0000000000,36.0000000000,36.0000000000,0,CALLAWAY,CALLAWAY
CALLAWAY - 000007,3,1.0000000000,270.0000000004,270.0000000004,0,CALLAWAY,CALLAWAY
CALLAWAY - 000008,3,1.0000000000,20.0000000001,20.0000000001,0,CALLAWAY,CALLAWAY
CALLAWAY - 000009,3,1.0000000000,95.0000000001,95.0000000001,0,CALLAWAY,CALLAWAY
CALLAWAY - 000010,3,1.0000000000,76.9999999999,76.9999999999,0,CALLAWAY,CALLAWAY
CALLAWAY - 000011,3,1.0000000000,119.0000000003,119.0000000003,0,CALLAWAY,CALLAWAY
CALLAWAY - 000012,3,1.0000000000,61.0000000000,61.0000000000,0,CALLAWAY,CALLAWAY
CALLAWAY - 000013,3,1.0000000000,40.0000000000,40.0000000000,0,CALLAWAY,CALLAWAY
CALLAWAY - 000014,3,1.0000000000,36.0000000000,36.0000000000,0,CALLAWAY,CALLAWAY
CALLAWAY - 000015,3,1.0000000000,52.0000000000,52.0000000000,0,CALLAWAY,CALLAWAY
CALLAWAY - 000016,3,1.0000000000,141.0000000002,141.0000000002,0,CALLAWAY,CALLAWAY
CALLAWAY - 000017,3,1.0000000000,27.0000000001,27.0000000001,0,CALLAWAY,CALLAWAY
CALLAWAY - 000018,3,1.0000000000,38.0000000000,38.0000000000,0,CALLAWAY,CALLAWAY
CALLAWAY - 000019,3,1.0000000000,118.9999999999,118.9999999999,0,CALLAWAY,CALLAWAY
CALLAWAY - 000020,3,1.0000000000,83.0000000001,83.0000000001,0,CALLAWAY,CALLAWAY
CALLAWAY - 000021,3,1.0000000000,68.0000000000,68.0000000000,0,CALLAWAY,CALLAWAY
CALLAWAY - 000022,3,1.0000000000,128.9999999998,128.9999999998,0,CALLAWAY,CALLAWAY
CALLAWAY - 000023,3,1.0000000000,68.9999999998,68.9999999998,0,CALLAWAY,CALLAWAY
CALLAWAY - 000024,3,1.0000000000,74.9999999997,74.9999999997,0,CALLAWAY,CALLAWAY
CALLAWAY - 000025,3,1.0000000000,80.0000000001,80.0000000001,0,CALLAWAY,CALLAWAY
CALLAWAY - 000026,3,1.0000000000,31.9999999999,31.9999999999,0,CALLAWAY,CALLAWAY
CALLAWAY - 000027,3,1.0000000000,106.9999999998,106.9999999998,0,CALLAWAY,CALLAWAY
CALLAWAY - 000028,3,1.0000000000,140.9999999998,140.9999999998,0,CALLAWAY,CALLAWAY
CAMDEN - 000002,4,1.0000000000,124.9999999999,124.9999999999,0,CAMDEN,CAMDEN
CAMDEN - 000003,4,1.0000000000,18.0000000000,18.0000000000,0,CAMDEN,CAMDEN
CAMDEN - 000004,4,1.0000000000,117.0000000002,117.0000000002,0,CAMDEN,CAMDEN
CAMDEN - 000005,4,1.0000000000,139.0000000001,139.0000000001,0,CAMDEN,CAMDEN
CAMDEN - 000006,4,1.0000000000,94.9999999998,94.9999999998,0,CAMDEN,CAMDEN
CAMDEN - 000007,4,1.0000000000,63.9999999998,63.9999999998,0,CAMDEN,CAMDEN
CAMDEN - 000008,4,1.0000000000,231.0000000000,231.0000000000,0,CAMDEN,CAMDEN
CAMDEN - 000009,4,1.0000000000,56.0000000002,56.0000000002,0,CAMDEN,CAMDEN
CAMDEN - 000010,4,1.0000000000,82.0000000001,82.0000000001,0,CAMDEN,CAMDEN
CAMDEN - 000011,4,1.0000000000,150.0000000001,150.0000000001,0,CAMDEN,CAMDEN
CAMDEN - 000012,4,1.0000000000,65.9999999999,65.9999999999,0,CAMDEN,CAMDEN
CAMDEN - 000013,4,1.0000000000,69.0000000000,69.0000000000,0,CAMDEN,CAMDEN
CAMDEN - 000014,4,1.0000000000,231.0000000003,231.0000000003,0,CAMDEN,CAMDEN
CAMDEN - 000015,4,1.0000000000,121.9999999998,121.9999999998,0,CAMDEN,CAMDEN
CAMDEN - 000016,4,1.0000000000,224.0000000001,224.0000000001,0,CAMDEN,CAMDEN
CAMDEN - 000017,4,1.0000000000,51.0000000002,51.0000000002,0,CAMDEN,CAMDEN
CAMDEN - 000018,4,1.0000000000,67.0000000001,67.0000000001,0,CAMDEN,CAMDEN
CAMDEN - 000019,4,1.0000000000,212.0000000004,212.0000000004,0,CAMDEN,CAMDEN
CAMDEN - 000020,4,1.0000000000,159.9999999998,159.9999999998,0,CAMDEN,CAMDEN
CAMDEN - 000021,4,1.0000000000,116.0000000000,116.0000000000,0,CAMDEN,CAMDEN
CAMDEN - 000022,4,1.0000000000,81.0000000000,81.0000000000,0,CAMDEN,CAMDEN
CAMDEN - 000023,4,1.0000000000,40.0000000000,40.0000000000,0,CAMDEN,CAMDEN
CAMDEN - 000024,4,1.0000000000,169.0000000000,169.0000000000,0,CAMDEN,CAMDEN
CAMDEN - 000025,4,0.9999971989,135.9996190480,136.0000000005,0,CAMDEN,CAMDEN
CAMDEN - 000025,5,0.0000028011,0.0003809525,136.0000000005,0,CAMDEN,CAMDEN
CAMDEN - 000026,4,1.0000000000,183.9999999992,183.9999999992,0,CAMDEN,CAMDEN
CAMDEN - 000028,4,1.0000000000,39.9999999998,39.9999999998,0,CAMDEN,CAMDEN
CAPE GIRARDEAU - 000002,8,1.0000000000,45.0000000002,45.0000000002,0,CAPE GIRARDEAU,CAPE GIRARDEAU
CAPE GIRARDEAU - 000003,8,1.0000000000,79.0000000000,79.0000000000,0,CAPE GIRARDEAU,CAPE GIRARDEAU
CAPE GIRARDEAU - 000004,8,1.0000000000,67.0000000001,67.0000000001,0,CAPE GIRARDEAU,CAPE GIRARDEAU
CAPE GIRARDEAU - 000005,8,1.0000000000,130.0000000006,130.0000000006,0,CAPE GIRARDEAU,CAPE GIRARDEAU
CAPE GIRARDEAU - 000006,8,1.0000000000,69.0000000000,69.0000000000,0,CAPE GIRARDEAU,CAPE GIRARDEAU
CAPE GIRARDEAU - 000007,8,1.0000000000,70.9999999999,70.9999999999,0,CAPE GIRARDEAU,CAPE GIRARDEAU
CAPE GIRARDEAU - 000008,8,1.0000000000,155.9999999999,155.9999999999,0,CAPE GIRARDEAU,CAPE GIRARDEAU
CAPE GIRARDEAU - 000009,8,1.0000000000,106.0000000001,106.0000000001,0,CAPE GIRARDEAU,CAPE GIRARDEAU
CAPE GIRARDEAU - 000010,8,1.0000000000,61.0000000001,61.0000000001,0,CAPE GIRARDEAU,CAPE GIRARDEAU
CAPE GIRARDEAU - 000011,8,1.0000000000,50.0000000001,50.0000000001,0,CAPE GIRARDEAU,CAPE GIRARDEAU
CAPE GIRARDEAU - 000012,8,1.0000000000,57.9999999999,57.9999999999,0,CAPE GIRARDEAU,CAPE GIRARDEAU
CAPE GIRARDEAU - 000013,8,1.0000000000,36.0000000000,36.0000000000,0,CAPE GIRARDEAU,CAPE GIRARDEAU
CAPE GIRARDEAU - 000014,8,1.0000000000,37.9999999999,37.9999999999,0,CAPE GIRARDEAU,CAPE GIRARDEAU
CAPE GIRARDEAU - 000015,8,1.0000000000,49.0000000000,49.0000000000,0,CAPE GIRARDEAU,CAPE GIRARDEAU
CAPE GIRARDEAU - 000016,8,1.0000000000,63.9999999997,63.9999999997,0,CAPE GIRARDEAU,CAPE GIRARDEAU
CAPE GIRARDEAU - 000017,8,1.0000000000,122.0000000002,122.0000000002,0,CAPE GIRARDEAU,CAPE GIRARDEAU
CAPE GIRARDEAU - 000018,8,1.0000000000,151.0000000001,151.0000000001,0,CAPE GIRARDEAU,CAPE GIRARDEAU
CAPE GIRARDEAU - 000019,8,1.0000000000,49.9999999999,49.9999999999,0,CAPE GIRARDEAU,CAPE GIRARDEAU
CAPE GIRARDEAU - 000020,8,1.0000000000,31.0000000000,31.0000000000,0,CAPE GIRARDEAU,CAPE GIRARDEAU
CAPE GIRARDEAU - 000021,8,1.0000000000,31.0000000000,31.0000000000,0,CAPE GIRARDEAU,CAPE GIRARDEAU
CAPE GIRARDEAU - 000022,8,1.0000000000,43.0000000000,43.0000000000,0,CAPE GIRARDEAU,CAPE GIRARDEAU
CAPE GIRARDEAU - 000023,8,1.0000000000,59.0000000000,59.0000000000,0,CAPE GIRARDEAU,CAPE GIRARDEAU
CAPE GIRARDEAU - 000024,8,1.0000000000,92.0000000000,92.0000000000,0,CAPE GIRARDEAU,CAPE GIRARDEAU
CAPE GIRARDEAU - 000025,8,1.0000000000,51.0000000001,51.0000000001,0,CAPE GIRARDEAU,CAPE GIRARDEAU
CAPE GIRARDEAU - 000026,8,1.0000000000,142.9999999999,142.9999999999,0,CAPE GIRARDEAU,CAPE GIRARDEAU
CAPE GIRARDEAU - 000027,8,1.0000000000,34.0000000001,34.0000000001,0,CAPE GIRARDEAU,CAPE GIRARDEAU
CAPE GIRARDEAU - 000028,8,1.0000000000,118.9999999997,118.9999999997,0,CAPE GIRARDEAU,CAPE GIRARDEAU
CAPE GIRARDEAU - 000029,8,1.0000000000,138.0000000000,138.0000000000,0,CAPE GIRARDEAU,CAPE GIRARDEAU
CAPE GIRARDEAU - 000030,8,1.0000000000,127.9999999998,127.9999999998,0,CAPE GIRARDEAU,CAPE GIRARDEAU
CAPE GIRARDEAU - 000031,8,1.0000000000,86.0000000000,86.0000000000,0,CAPE GIRARDEAU,CAPE GIRARDEAU
CAPE GIRARDEAU - 000032,8,1.0000000000,103.0000000001,103.0000000001,0,CAPE GIRARDEAU,CAPE GIRARDEAU
CAPE GIRARDEAU - 000033,8,1.0000000000,51.0000000000,51.0000000000,0,CAPE GIRARDEAU,CAPE GIRARDEAU
CAPE GIRARDEAU - 000034,8,1.0000000000,130.0000000001,130.0000000001,0,CAPE GIRARDEAU,CAPE GIRARDEAU
CAPE GIRARDEAU - 000035,8,1.0000000000,54.0000000002,54.0000000002,0,CAPE GIRARDEAU,CAPE GIRARDEAU
CAPE GIRARDEAU - 000036,8,1.0000000000,108.0000000001,108.0000000001,0,CAPE GIRARDEAU,CAPE GIRARDEAU
CAPE GIRARDEAU - 000037,8,1.0000000000,44.9999999999,44.9999999999,0,CAPE GIRARDEAU,CAPE GIRARDEAU
CAPE GIRARDEAU - 000038,8,1.0000000000,104.0000000000,104.0000000000,0,CAPE GIRARDEAU,CAPE GIRARDEAU
CARROLL - 000002,6,1.0000000000,118.0000000000,118.0000000000,0,CARROLL,CARROLL
CARROLL - 000003,6,1.0000000000,81.0000000000,81.0000000000,0,CARROLL,CARROLL
CARROLL - 000004,6,1.0000000000,64.0000000000,64.0000000000,0,CARROLL,CARROLL
CARROLL - 000005,6,1.0000000000,66.9999999999,66.9999999999,0,CARROLL,CARROLL
CARROLL - 000006,6,1.0000000000,143.0000000001,143.0000000001,0,CARROLL,CARROLL
CARROLL - 000007,5,0.0151343387,2.1188074180,139.9999999999,0,CARROLL,CARROLL
CARROLL - 000007,6,0.9848656613,137.8811925819,139.9999999999,0,CARROLL,CARROLL
CARROLL - 000008,6,1.0000000000,151.9999999999,151.9999999999,0,CARROLL,CARROLL
CARROLL - 000009,6,1.0000000000,51.0000000000,51.0000000000,0,CARROLL,CARROLL
CARROLL - 000010,6,1.0000000000,40.0000000000,40.0000000000,0,CARROLL,CARROLL
CARROLL - 000011,6,1.0000000000,141.0000000000,141.0000000000,0,CARROLL,CARROLL
CARROLL - 000012,6,1.0000000000,163.0000000000,163.0000000000,0,CARROLL,CARROLL
CARROLL - 000013,6,1.0000000000,159.9999999999,159.9999999999,0,CARROLL,CARROLL
CARROLL - 000014,6,1.0000000000,62.0000000000,62.0000000000,0,CARROLL,CARROLL
CARROLL - 000015,6,1.0000000000,137.0000000000,137.0000000000,0,CARROLL,CARROLL
CARROLL - 000016,6,1.0000000000,71.0000000000,71.0000000000,0,CARROLL,CARROLL
CARROLL - 000017,6,1.0000000000,79.0000000000,79.0000000000,0,CARROLL,CARROLL
CARROLL - 000018,6,1.0000000000,43.0000000000,43.0000000000,0,CARROLL,CARROLL
CARTER - 000002,8,1.0000000000,66.0000000000,66.0000000000,0,CARTER,CARTER
CARTER - 000003,8,1.0000000000,86.9999999998,86.9999999998,0,CARTER,CARTER
CARTER - 000004,8,1.0000000000,118.0000000001,118.0000000001,0,CARTER,CARTER
CARTER - 000005,8,1.0000000000,91.0000000000,91.0000000000,0,CARTER,CARTER
CARTER - 000006,8,1.0000000000,63.0000000001,63.0000000001,0,CARTER,CARTER
CARTER - 000007,8,1.0000000000,29.9999999999,29.9999999999,0,CARTER,CARTER
CARTER - 000008,8,1.0000000000,237.9999999997,237.9999999997,0,CARTER,CARTER
CASS - 000002,4,1.0000000000,41.0000000000,41.0000000000,0,CASS,CASS
CASS - 000003,4,1.0000000000,118.9999999998,118.9999999998,0,CASS,CASS
CASS - 000004,4,1.0000000000,73.9999999998,73.9999999998,0,CASS,CASS
CASS - 000005,4,1.0000000000,23.0000000000,23.0000000000,0,CASS,CASS
CASS - 000006,4,1.0000000000,55.0000000001,55.0000000001,0,CASS,CASS
CASS - 000007,4,1.0000000000,95.0000000000,95.0000000000,0,CASS,CASS
CASS - 000008,4,1.0000000000,57.9999999999,57.9999999999,0,CASS,CASS
CASS - 000009,4,1.0000000000,37.0000000000,37.0000000000,0,CASS,CASS
CASS - 000010,4,1.0000000000,47.0000000000,47.0000000000,0,CASS,CASS
CASS - 000011,4,1.0000000000,56.0000000000,56.0000000000,0,CASS,CASS
CASS - 000012,4,1.0000000000,107.0000000002,107.0000000002,0,CASS,CASS
CASS - 000013,4,1.0000000000,109.0000000000,109.0000000000,0,CASS,CASS
CASS - 000014,4,1.0000000000,61.9999999999,61.9999999999,0,CASS,CASS
CASS - 000015,4,1.0000000000,85.0000000001,85.0000000001,0,CASS,CASS
CASS - 000016,4,1.0000000000,72.0000000000,72.0000000000,0,CASS,CASS
CASS - 000017,4,1.0000000000,12.0000000000,12.0000000000,0,CASS,CASS
CASS - 000018,4,1.0000000000,121.0000000000,121.0000000000,0,CASS,CASS
CASS - 000019,4,1.0000000000,62.0000000000,62.0000000000,0,CASS,CASS
CASS - 000020,4,1.0000000000,86.0000000002,86.0000000002,0,CASS,CASS
CASS - 000021,4,1.0000000000,210.0000000004,210.0000000004,0,CASS,CASS
CASS - 000022,4,1.0000000000,86.0000000000,86.0000000000,0,CASS,CASS
CASS - 000023,4,1.0000000000,29.0000000000,29.0000000000,0,CASS,CASS
CASS - 000024,4,1.0000000000,103.0000000000,103.0000000000,0,CASS,CASS
CASS - 000025,4,1.0000000000,92.9999999997,92.9999999997,0,CASS,CASS
CASS - 000026,4,1.0000000000,64.0000000000,64.0000000000,0,CASS,CASS
CASS - 000027,4,1.0000000000,43.9999999998,43.9999999998,0,CASS,CASS
CASS - 000028,4,1.0000000000,88.9999999996,88.9999999996,0,CASS,CASS
CASS - 000029,4,1.0000000000,126.0000000002,126.0000000002,0,CASS,CASS
CASS - 000030,4,1.0000000000,102.0000000000,102.0000000000,0,CASS,CASS
CASS - 000031,4,1.0000000000,45.9999999997,45.9999999997,0,CASS,CASS
CASS - 000032,4,1.0000000000,16.0000000000,16.0000000000,0,CASS,CASS
CASS - 000033,4,1.0000000000,89.0000000003,89.0000000003,0,CASS,CASS
CASS - 000034,4,1.0000000000,150.0000000000,150.0000000000,0,CASS,CASS
CASS - 000035,4,1.0000000000,43.0000000002,43.0000000002,0,CASS,CASS
CASS - 000036,4,1.0000000000,21.0000000000,21.0000000000,0,CASS,CASS
CASS - 000037,4,1.0000000000,70.0000000001,70.0000000001,0,CASS,CASS
CASS - 000038,4,1.0000000000,34.9999999999,34.9999999999,0,CASS,CASS
CASS - 000039,4,1.0000000000,19.9999999999,19.9999999999,0,CASS,CASS
CASS - 000040,4,1.0000000000,63.9999999999,63.9999999999,0,CASS,CASS
CASS - 000041,4,1.0000000000,57.0000000003,57.0000000003,0,CASS,CASS
CASS - 000042,4,1.0000000000,99.0000000002,99.0000000002,0,CASS,CASS
CASS - 000043,4,1.0000000000,106.0000000000,106.0000000000,0,CASS,CASS
CASS - 000044,4,1.0000000000,72.9999999999,72.9999999999,0,CASS,CASS
CASS - 000045,4,1.0000000000,10.0000000000,10.0000000000,0,CASS,CASS
CASS - 000046,4,1.0000000000,51.0000000000,51.0000000000,0,CASS,CASS
CASS - 000047,4,1.0000000000,142.0000000001,142.0000000001,0,CASS,CASS
CEDAR - 000002,4,1.0000000000,85.9999999999,85.9999999999,0,CEDAR,CEDAR
CEDAR - 000003,4,1.0000000000,44.0000000000,44.0000000000,0,CEDAR,CEDAR
CEDAR - 000004,4,1.0000000000,80.9999999998,80.9999999998,0,CEDAR,CEDAR
CEDAR - 000005,4,1.0000000000,62.9999999998,62.9999999998,0,CEDAR,CEDAR
CEDAR - 000006,4,1.0000000000,77.9999999998,77.9999999998,0,CEDAR,CEDAR
CEDAR - 000007,4,1.0000000000,50.9999999998,50.9999999998,0,CEDAR,CEDAR
CEDAR - 000008,4,1.0000000000,60.9999999998,60.9999999998,0,CEDAR,CEDAR
CEDAR - 000009,4,1.0000000000,62.0000000000,62.0000000000,0,CEDAR,CEDAR
CEDAR - 000010,4,1.0000000000,76.0000000000,76.0000000000,0,CEDAR,CEDAR
CEDAR - 000011,4,1.0000000000,108.0000000000,108.0000000000,0,CEDAR,CEDAR
CEDAR - 000012,4,1.0000000000,260.0000000003,260.0000000003,0,CEDAR,CEDAR
CEDAR - 000013,4,1.0000000000,96.9999999998,96.9999999998,0,CEDAR,CEDAR
CEDAR - 000014,4,1.0000000000,14.0000000000,14.0000000000,0,CEDAR,CEDAR
CEDAR - 000015,4,1.0000000000,88.0000000000,88.0000000000,0,CEDAR,CEDAR
CHARITON - 000002,6,1.0000000000,73.0000000002,73.0000000002,0,CHARITON,CHARITON
CHARITON - 000003,6,1.0000000000,91.0000000001,91.0000000001,0,CHARITON,CHARITON
CHARITON - 000004,6,1.0000000000,222.0000000001,222.0000000001,0,CHARITON,CHARITON
CHARITON - 000005,5,0.0917431193,10.0000000000,108.9999999997,0,CHARITON,CHARITON
CHARITON - 000005,6,0.9082568807,98.9999999997,108.9999999997,0,CHARITON,CHARITON
CHARITON - 000006,6,1.0000000000,68.0000000000,68.0000000000,0,CHARITON,CHARITON
CHARITON - 000007,6,1.0000000000,71.0000000002,71.0000000002,0,CHARITON,CHARITON
CHARITON - 000008,6,1.0000000000,159.0000000003,159.0000000003,0,CHARITON,CHARITON
CHARITON - 000009,6,1.0000000000,151.9999999997,151.9999999997,0,CHARITON,CHARITON
CHARITON - 000010,6,1.0000000000,108.0000000002,108.0000000002,0,CHARITON,CHARITON
CHARITON - 000011,6,1.0000000000,138.9999999998,138.9999999998,0,CHARITON,CHARITON
CHARITON - 000012,5,0.0000636754,0.0096149822,150.9999999997,0,CHARITON,CHARITON
CHARITON - 000012,6,0.9999363246,150.9903850175,150.9999999997,0,CHARITON,CHARITON
CHARITON - 000013,6,1.0000000000,120.0000000002,120.0000000002,0,CHARITON,CHARITON
CHARITON - 000014,6,1.0000000000,41.9999999999,41.9999999999,0,CHARITON,CHARITON
CHARITON - 000015,6,1.0000000000,111.9999999996,111.9999999996,0,CHARITON,CHARITON
CHARITON - 000016,6,1.0000000000,97.9999999999,97.9999999999,0,CHARITON,CHARITON
CHARITON - 000017,6,1.0000000000,80.9999999999,80.9999999999,0,CHARITON,CHARITON
CHRISTIAN - 000002,7,1.0000000000,52.0000000000,52.0000000000,0,CHRISTIAN,CHRISTIAN
CHRISTIAN - 000003,7,1.0000000000,54.0000000000,54.0000000000,0,CHRISTIAN,CHRISTIAN
CHRISTIAN - 000004,7,1.0000000000,51.0000000001,51.0000000001,0,CHRISTIAN,CHRISTIAN
CHRISTIAN - 000005,7,1.0000000000,229.0000000001,229.0000000001,0,CHRISTIAN,CHRISTIAN
CHRISTIAN - 000006,7,1.0000000000,52.0000000002,52.0000000002,0,CHRISTIAN,CHRISTIAN
CHRISTIAN - 000007,7,1.0000000000,207.0000000006,207.0000000006,0,CHRISTIAN,CHRISTIAN
CHRISTIAN - 000008,7,1.0000000000,176.0000000000,176.0000000000,0,CHRISTIAN,CHRISTIAN
CHRISTIAN - 000009,7,1.0000000000,159.0000000002,159.0000000002,0,CHRISTIAN,CHRISTIAN
CHRISTIAN - 000010,7,1.0000000000,94.0000000001,94.0000000001,0,CHRISTIAN,CHRISTIAN
CHRISTIAN - 000011,7,1.0000000000,52.0000000001,52.0000000001,0,CHRISTIAN,CHRISTIAN
CHRISTIAN - 000012,7,1.0000000000,29.0000000000,29.0000000000,0,CHRISTIAN,CHRISTIAN
CHRISTIAN - 000013,7,0.8856368934,30.9972912688,35.0000000002,0,CHRISTIAN,CHRISTIAN
CHRISTIAN - 000013,8,0.1143631066,4.0027087314,35.0000000002,0,CHRISTIAN,CHRISTIAN
CHRISTIAN - 000014,7,1.0000000000,156.0000000002,156.0000000002,0,CHRISTIAN,CHRISTIAN
CHRISTIAN - 000015,7,1.0000000000,91.0000000000,91.0000000000,0,CHRISTIAN,CHRISTIAN
CHRISTIAN - 000016,7,1.0000000000,92.0000000001,92.0000000001,0,CHRISTIAN,CHRISTIAN
CHRISTIAN - 000017,7,1.0000000000,49.9999999999,49.9999999999,0,CHRISTIAN,CHRISTIAN
CHRISTIAN - 000018,7,1.0000000000,86.9999999997,86.9999999997,0,CHRISTIAN,CHRISTIAN
CHRISTIAN - 000019,7,1.0000000000,32.0000000000,32.0000000000,0,CHRISTIAN,CHRISTIAN
CHRISTIAN - 000020,7,1.0000000000,106.0000000004,106.0000000004,0,CHRISTIAN,CHRISTIAN
CHRISTIAN - 000021,7,1.0000000000,75.9999999999,75.9999999999,0,CHRISTIAN,CHRISTIAN
CHRISTIAN - 000022,7,1.0000000000,140.9999999998,140.9999999998,0,CHRISTIAN,CHRISTIAN
CHRISTIAN - 000023,7,1.0000000000,141.0000000001,141.0000000001,0,CHRISTIAN,CHRISTIAN
CHRISTIAN - 000024,7,1.0000000000,21.0000000000,21.0000000000,0,CHRISTIAN,CHRISTIAN
CHRISTIAN - 000025,7,1.0000000000,97.9999999997,97.9999999997,0,CHRISTIAN,CHRISTIAN
CHRISTIAN - 000026,7,1.0000000000,221.9999999999,221.9999999999,0,CHRISTIAN,CHRISTIAN
CLARK - 000002,6,1.0000000000,89.9999999999,89.9999999999,0,CLARK,CLARK
CLARK - 000003,6,1.0000000000,34.0000000001,34.0000000001,0,CLARK,CLARK
CLARK - 000004,6,1.0000000000,49.0000000001,49.0000000001,0,CLARK,CLARK
CLARK - 000005,6,1.0000000000,22.9999999999,22.9999999999,0,CLARK,CLARK
CLARK - 000006,6,1.0000000000,181.0000000002,181.0000000002,0,CLARK,CLARK
CLARK - 000007,6,1.0000000000,25.0000000000,25.0000000000,0,CLARK,CLARK
CLARK - 000008,6,1.0000000000,225.9999999998,225.9999999998,0,CLARK,CLARK
CLARK - 000009,6,1.0000000000,57.0000000000,57.0000000000,0,CLARK,CLARK
CLARK - 000010,6,1.0000000000,77.0000000001,77.0000000001,0,CLARK,CLARK
CLARK - 000011,6,1.0000000000,76.0000000000,76.0000000000,0,CLARK,CLARK
CLARK - 000012,6,1.0000000000,151.0000000001,151.0000000001,0,CLARK,CLARK
CLARK - 000013,6,1.0000000000,158.0000000004,158.0000000004,0,CLARK,CLARK
CLAY - 000002,6,1.0000000000,109.0000000000,109.0000000000,0,CLAY,CLAY
CLAY - 000003,6,1.0000000000,46.0000000002,46.0000000002,0,CLAY,CLAY
CLAY - 000004,6,1.0000000000,38.0000000001,38.0000000001,0,CLAY,CLAY
CLAY - 000005,6,1.0000000000,102.9999999996,102.9999999996,0,CLAY,CLAY
CLAY - 000006,6,1.0000000000,111.9999999998,111.9999999998,0,CLAY,CLAY
CLAY - 000007,6,1.0000000000,31.0000000001,31.0000000001,0,CLAY,CLAY
CLAY - 000008,6,1.0000000000,39.0000000000,39.0000000000,0,CLAY,CLAY
CLAY - 000009,6,1.0000000000,91.0000000002,91.0000000002,0,CLAY,CLAY
CLAY - 000010,6,1.0000000000,40.9999999998,40.9999999998,0,CLAY,CLAY
CLAY - 000011,6,1.0000000000,36.0000000001,36.0000000001,0,CLAY,CLAY
CLAY - 000012,6,1.0000000000,49.0000000000,49.0000000000,0,CLAY,CLAY
CLAY - 000013,6,1.0000000000,33.0000000000,33.0000000000,0,CLAY,CLAY
CLAY - 000014,6,1.0000000000,43.0000000000,43.0000000000,0,CLAY,CLAY
CLAY - 000015,6,1.0000000000,116.0000000001,116.0000000001,0,CLAY,CLAY
CLAY - 000016,6,1.0000000000,52.0000000000,52.0000000000,0,CLAY,CLAY
CLAY - 000017,6,1.0000000000,32.9999999999,32.9999999999,0,CLAY,CLAY
CLAY - 000018,6,1.0000000000,25.0000000000,25.0000000000,0,CLAY,CLAY
CLAY - 000019,6,1.0000000000,33.9999999998,33.9999999998,0,CLAY,CLAY
CLAY - 000020,6,1.0000000000,46.0000000000,46.0000000000,0,CLAY,CLAY
CLAY - 000021,6,1.0000000000,32.0000000001,32.0000000001,0,CLAY,CLAY
CLAY - 000022,6,1.0000000000,57.0000000001,57.0000000001,0,CLAY,CLAY
CLAY - 000023,6,1.0000000000,55.0000000000,55.0000000000,0,CLAY,CLAY
CLAY - 000024,6,1.0000000000,55.0000000001,55.0000000001,0,CLAY,CLAY
CLAY - 000025,6,1.0000000000,40.0000000000,40.0000000000,0,CLAY,CLAY
CLAY - 000026,6,1.0000000000,27.0000000000,27.0000000000,0,CLAY,CLAY
CLAY - 000027,6,1.0000000000,105.0000000004,105.0000000004,0,CLAY,CLAY
CLAY - 000028,6,1.0000000000,101.9999999998,101.9999999998,0,CLAY,CLAY
CLAY - 000029,6,1.0000000000,56.0000000000,56.0000000000,0,CLAY,CLAY
CLAY - 000030,6,1.0000000000,88.0000000001,88.0000000001,0,CLAY,CLAY
CLAY - 000031,6,1.0000000000,79.0000000000,79.0000000000,0,CLAY,CLAY
CLAY - 000032,6,1.0000000000,89.0000000000,89.0000000000,0,CLAY,CLAY
CLAY - 000033,6,1.0000000000,108.9999999998,108.9999999998,0,CLAY,CLAY
CLAY - 000034,6,1.0000000000,124.9999999999,124.9999999999,0,CLAY,CLAY
CLAY - 000035,6,1.0000000000,176.0000000004,176.0000000004,0,CLAY,CLAY
CLAY - 000036,6,1.0000000000,59.9999999999,59.9999999999,0,CLAY,CLAY
CLAY - 000037,6,1.0000000000,50.0000000000,50.0000000000,0,CLAY,CLAY
CLAY - 000038,6,1.0000000000,43.0000000000,43.0000000000,0,CLAY,CLAY
CLAY - 000039,6,1.0000000000,49.0000000000,49.0000000000,0,CLAY,CLAY
CLAY - 000040,6,1.0000000000,36.0000000000,36.0000000000,0,CLAY,CLAY
CLAY - 000041,6,1.0000000000,39.0000000000,39.0000000000,0,CLAY,CLAY
CLAY - 000042,6,1.0000000000,35.0000000000,35.0000000000,0,CLAY,CLAY
CLAY - 000043,6,1.0000000000,32.9999999998,32.9999999998,0,CLAY,CLAY
CLAY - 000044,6,1.0000000000,34.0000000000,34.0000000000,0,CLAY,CLAY
CLAY - 000045,6,1.0000000000,17.0000000000,17.0000000000,0,CLAY,CLAY
CLAY - 000046,6,1.0000000000,32.0000000000,32.0000000000,0,CLAY,CLAY
CLAY - 000047,6,1.0000000000,75.0000000001,75.0000000001,0,CLAY,CLAY
CLAY - 000048,6,1.0000000000,24.0000000000,24.0000000000,0,CLAY,CLAY
CLAY - 000049,6,1.0000000000,34.0000000000,34.0000000000,0,CLAY,CLAY
CLAY - 000050,6,1.0000000000,41.0000000000,41.0000000000,0,CLAY,CLAY
CLAY - 000051,6,1.0000000000,24.0000000000,24.0000000000,0,CLAY,CLAY
CLAY - 000052,6,1.0000000000,102.0000000000,102.0000000000,0,CLAY,CLAY
CLAY - 000053,6,1.0000000000,107.0000000001,107.0000000001,0,CLAY,CLAY
CLAY - 000054,6,1.0000000000,110.9999999999,110.9999999999,0,CLAY,CLAY
CLAY - 000055,6,1.0000000000,89.0000000000,89.0000000000,0,CLAY,CLAY
CLAY - 000056,6,1.0000000000,23.0000000000,23.0000000000,0,CLAY,CLAY
CLAY - 000057,6,1.0000000000,80.0000000000,80.0000000000,0,CLAY,CLAY
CLAY - 000058,6,1.0000000000,9.9999999999,9.9999999999,0,CLAY,CLAY
CLAY - 000059,6,1.0000000000,26.9999999999,26.9999999999,0,CLAY,CLAY
CLAY - 000060,6,1.0000000000,66.9999999998,66.9999999998,0,CLAY,CLAY
CLAY - 000061,6,1.0000000000,68.0000000000,68.0000000000,0,CLAY,CLAY
CLAY - 000062,6,1.0000000000,61.0000000003,61.0000000003,0,CLAY,CLAY
CLAY - 000063,6,1.0000000000,49.0000000001,49.0000000001,0,CLAY,CLAY
CLAY - 000064,6,1.0000000000,74.0000000000,74.0000000000,0,CLAY,CLAY
CLAY - 000065,6,1.0000000000,30.0000000001,30.0000000001,0,CLAY,CLAY
CLAY - 000066,6,1.0000000000,79.9999999998,79.9999999998,0,CLAY,CLAY
CLAY - 000067,6,1.0000000000,168.0000000000,168.0000000000,0,CLAY,CLAY
CLAY - 000068,6,1.0000000000,157.0000000003,157.0000000003,0,CLAY,CLAY
CLAY - 000069,6,1.0000000000,152.0000000000,152.0000000000,0,CLAY,CLAY
CLAY - 000070,6,1.0000000000,37.0000000000,37.0000000000,0,CLAY,CLAY
CLINTON - 000002,6,1.0000000000,118.0000000000,118.0000000000,0,CLINTON,CLINTON
CLINTON - 000003,6,1.0000000000,40.0000000000,40.0000000000,0,CLINTON,CLINTON
CLINTON - 000004,6,1.0000000000,237.9999999998,237.9999999998,0,CLINTON,CLINTON
CLINTON - 000005,6,1.0000000000,103.0000000000,103.0000000000,0,CLINTON,CLINTON
CLINTON - 000006,6,1.0000000000,192.0000000004,192.0000000004,0,CLINTON,CLINTON
CLINTON - 000007,6,1.0000000000,102.0000000000,102.0000000000,0,CLINTON,CLINTON
CLINTON - 000008,6,1.0000000000,214.9999999998,214.9999999998,0,CLINTON,CLINTON
CLINTON - 000009,6,1.0000000000,90.0000000000,90.0000000000,0,CLINTON,CLINTON
CLINTON - 000010,6,1.0000000000,252.0000000000,252.0000000000,0,CLINTON,CLINTON
COLE - 000002,5,1.0000000000,99.0000000002,99.0000000002,0,COLE,COLE
COLE - 000003,5,1.0000000000,56.0000000000,56.0000000000,0,COLE,COLE
COLE - 000004,5,1.0000000000,93.9999999999,93.9999999999,0,COLE,COLE
COLE - 000005,5,1.0000000000,96.0000000002,96.0000000002,0,COLE,COLE
COLE - 000006,5,1.0000000000,19.9999999998,19.9999999998,0,COLE,COLE
COLE - 000007,5,1.0000000000,84.9999999997,84.9999999997,0,COLE,COLE
COLE - 000008,5,1.0000000000,18.0000000000,18.0000000000,0,COLE,COLE
COLE - 000009,5,1.0000000000,43.0000000002,43.0000000002,0,COLE,COLE
COLE - 000010,5,1.0000000000,29.0000000000,29.0000000000,0,COLE,COLE
COLE - 000011,5,1.0000000000,22.0000000000,22.0000000000,0,COLE,COLE
COLE - 000012,5,1.0000000000,17.0000000000,17.0000000000,0,COLE,COLE
COLE - 000013,5,1.0000000000,29.0000000000,29.0000000000,0,COLE,COLE
COLE - 000014,5,1.0000000000,35.0000000000,35.0000000000,0,COLE,COLE
COLE - 000015,5,1.0000000000,49.9999999999,49.9999999999,0,COLE,COLE
COLE - 000016,5,1.0000000000,48.0000000000,48.0000000000,0,COLE,COLE
COLE - 000017,5,1.0000000000,31.0000000000,31.0000000000,0,COLE,COLE
COLE - 000018,5,1.0000000000,18.0000000000,18.0000000000,0,COLE,COLE
COLE - 000019,5,1.0000000000,39.0000000000,39.0000000000,0,COLE,COLE
COLE - 000020,5,1.0000000000,50.0000000001,50.0000000001,0,COLE,COLE
COLE - 000021,5,1.0000000000,17.0000000000,17.0000000000,0,COLE,COLE
COLE - 000022,5,1.0000000000,8.0000000000,8.0000000000,0,COLE,COLE
COLE - 000023,5,1.0000000000,34.0000000000,34.0000000000,0,COLE,COLE
COLE - 000024,5,1.0000000000,27.0000000000,27.0000000000,0,COLE,COLE
COLE - 000025,5,1.0000000000,17.9999999999,17.9999999999,0,COLE,COLE
COLE - 000026,5,1.0000000000,52.9999999998,52.9999999998,0,COLE,COLE
COLE - 000027,5,1.0000000000,43.0000000000,43.0000000000,0,COLE,COLE
COLE - 000028,5,1.0000000000,16.0000000000,16.0000000000,0,COLE,COLE
COLE - 000029,5,1.0000000000,22.0000000000,22.0000000000,0,COLE,COLE
COLE - 000030,5,1.0000000000,18.0000000000,18.0000000000,0,COLE,COLE
COLE - 000031,5,1.0000000000,8.0000000000,8.0000000000,0,COLE,COLE
COLE - 000032,5,1.0000000000,6.0000000000,6.0000000000,0,COLE,COLE
COLE - 000033,5,1.0000000000,56.9999999988,56.9999999988,0,COLE,COLE
COLE - 000034,5,1.0000000000,55.0000000000,55.0000000000,0,COLE,COLE
COLE - 000035,5,1.0000000000,109.9999999999,109.9999999999,0,COLE,COLE
COLE - 000036,5,1.0000000000,90.0000000002,90.0000000002,0,COLE,COLE
COLE - 000037,5,1.0000000000,103.9999999997,103.9999999997,0,COLE,COLE
COLE - 000038,5,1.0000000000,48.0000000001,48.0000000001,0,COLE,COLE
COLE - 000039,5,1.0000000000,89.0000000001,89.0000000001,0,COLE,COLE
COLE - 000040,5,1.0000000000,74.0000000005,74.0000000005,0,COLE,COLE
COOPER - 000002,5,1.0000000000,71.9999999999,71.9999999999,0,COOPER,COOPER
COOPER - 000003,5,1.0000000000,78.9999999999,78.9999999999,0,COOPER,COOPER
COOPER - 000004,5,1.0000000000,69.9999999999,69.9999999999,0,COOPER,COOPER
COOPER - 000005,5,1.0000000000,118.0000000001,118.0000000001,0,COOPER,COOPER
COOPER - 000006,5,1.0000000000,82.0000000000,82.0000000000,0,COOPER,COOPER
COOPER - 000007,5,1.0000000000,79.0000000001,79.0000000001,0,COOPER,COOPER
COOPER - 000008,5,1.0000000000,66.0000000000,66.0000000000,0,COOPER,COOPER
COOPER - 000009,5,1.0000000000,160.0000000000,160.0000000000,0,COOPER,COOPER
COOPER - 000010,5,1.0000000000,41.9999999999,41.9999999999,0,COOPER,COOPER
COOPER - 000011,5,1.0000000000,90.0000000001,90.0000000001,0,COOPER,COOPER
COOPER - 000012,5,1.0000000000,89.0000000000,89.0000000000,0,COOPER,COOPER
COOPER - 000013,5,1.0000000000,62.0000000001,62.0000000001,0,COOPER,COOPER
COOPER - 000014,5,1.0000000000,142.0000000000,142.0000000000,0,COOPER,COOPER
COOPER - 000015,5,1.0000000000,116.9999999998,116.9999999998,0,COOPER,COOPER
COOPER - 000016,5,1.0000000000,99.0000000000,99.0000000000,0,COOPER,COOPER
COOPER - 000017,5,1.0000000000,39.0000000000,39.0000000000,0,COOPER,COOPER
CRAWFORD - 000002,2,1.0000000000,212.9999999998,212.9999999998,0,CRAWFORD,CRAWFORD
CRAWFORD - 000003,2,1.0000000000,153.0000000001,153.0000000001,0,CRAWFORD,CRAWFORD
CRAWFORD - 000004,2,1.0000000000,44.0000000002,44.0000000002,0,CRAWFORD,CRAWFORD
CRAWFORD - 000005,2,1.0000000000,227.0000000001,227.0000000001,0,CRAWFORD,CRAWFORD
CRAWFORD - 000006,2,1.0000000000,78.0000000000,78.0000000000,0,CRAWFORD,CRAWFORD
CRAWFORD - 000007,2,1.0000000000,80.0000000000,80.0000000000,0,CRAWFORD,CRAWFORD
CRAWFORD - 000008,2,1.0000000000,123.0000000001,123.0000000001,0,CRAWFORD,CRAWFORD
CRAWFORD - 000009,2,1.0000000000,81.0000000002,81.0000000002,0,CRAWFORD,CRAWFORD
CRAWFORD - 000010,2,1.0000000000,51.0000000001,51.0000000001,0,CRAWFORD,CRAWFORD
CRAWFORD - 000011,2,1.0000000000,101.0000000000,101.0000000000,0,CRAWFORD,CRAWFORD
CRAWFORD - 000012,2,1.0000000000,49.0000000000,49.0000000000,0,CRAWFORD,CRAWFORD
CRAWFORD - 000013,2,1.0000000000,64.0000000000,64.0000000000,0,CRAWFORD,CRAWFORD
CRAWFORD - 000014,2,1.0000000000,103.0000000000,103.0000000000,0,CRAWFORD,CRAWFORD
CRAWFORD - 000015,2,1.0000000000,31.0000000000,31.0000000000,0,CRAWFORD,CRAWFORD
CRAWFORD - 000016,2,1.0000000000,152.9999999999,152.9999999999,0,CRAWFORD,CRAWFORD
CRAWFORD - 000017,2,1.0000000000,99.0000000000,99.0000000000,0,CRAWFORD,CRAWFORD
CRAWFORD - 000018,2,1.0000000000,104.0000000001,104.0000000001,0,CRAWFORD,CRAWFORD
CRAWFORD - 000019,2,1.0000000000,87.0000000000,87.0000000000,0,CRAWFORD,CRAWFORD
DADE - 000002,4,1.0000000000,94.0000000004,94.0000000004,0,DADE,DADE
DADE - 000003,4,1.0000000000,137.9999999998,137.9999999998,0,DADE,DADE
DADE - 000004,4,1.0000000000,79.0000000001,79.0000000001,0,DADE,DADE
DADE - 000005,4,1.0000000000,63.0000000002,63.0000000002,0,DADE,DADE
DADE - 000006,4,1.0000000000,104.9999999996,104.9999999996,0,DADE,DADE
DADE - 000007,4,1.0000000000,107.0000000002,107.0000000002,0,DADE,DADE
DADE - 000008,4,1.0000000000,140.0000000000,140.0000000000,0,DADE,DADE
DADE - 000009,4,1.0000000000,106.0000000000,106.0000000000,0,DADE,DADE
DADE - 000010,4,1.0000000000,68.9999999998,68.9999999998,0,DADE,DADE
DADE - 000011,4,1.0000000000,72.0000000000,72.0000000000,0,DADE,DADE
DADE - 000012,4,1.0000000000,111.0000000003,111.0000000003,0,DADE,DADE
DADE - 000013,4,1.0000000000,84.9999999999,84.9999999999,0,DADE,DADE
DALLAS - 000002,4,1.0000000000,115.9999999999,115.9999999999,0,DALLAS,DALLAS
DALLAS - 000003,4,1.0000000000,97.9999999998,97.9999999998,0,DALLAS,DALLAS
DALLAS - 000004,4,1.0000000000,73.9999999999,73.9999999999,0,DALLAS,DALLAS
DALLAS - 000005,4,1.0000000000,21.9999999999,21.9999999999,0,DALLAS,DALLAS
DALLAS - 000006,4,1.0000000000,90.9999999999,90.9999999999,0,DALLAS,DALLAS
DALLAS - 000007,4,1.0000000000,101.0000000001,101.0000000001,0,DALLAS,DALLAS
DALLAS - 000008,4,1.0000000000,107.9999999997,107.9999999997,0,DALLAS,DALLAS
DALLAS - 000009,4,1.0000000000,90.0000000000,90.0000000000,0,DALLAS,DALLAS
DALLAS - 000010,4,1.0000000000,71.0000000001,71.0000000001,0,DALLAS,DALLAS
DALLAS - 000011,4,1.0000000000,47.0000000001,47.0000000001,0,DALLAS,DALLAS
DALLAS - 000012,4,1.0000000000,86.0000000000,86.0000000000,0,DALLAS,DALLAS
DALLAS - 000013,4,1.0000000000,103.0000000000,103.0000000000,0,DALLAS,DALLAS
DALLAS - 000014,4,1.0000000000,73.0000000000,73.0000000000,0,DALLAS,DALLAS
DAVIESS - 000002,6,1.0000000000,142.9999999998,142.9999999998,0,DAVIESS,DAVIESS
DAVIESS - 000003,6,1.0000000000,78.0000000001,78.0000000001,0,DAVIESS,DAVIESS
DAVIESS - 000004,6,1.0000000000,109.0000000003,109.0000000003,0,DAVIESS,DAVIESS
DAVIESS - 000005,6,1.0000000000,47.0000000000,47.0000000000,0,DAVIESS,DAVIESS
DAVIESS - 000006,6,1.0000000000,138.0000000001,138.0000000001,0,DAVIESS,DAVIESS
DAVIESS - 000007,6,1.0000000000,195.0000000001,195.0000000001,0,DAVIESS,DAVIESS
DAVIESS - 000008,6,1.0000000000,98.9999999998,98.9999999998,0,DAVIESS,DAVIESS
DAVIESS - 000009,6,1.0000000000,74.9999999999,74.9999999999,0,DAVIESS,DAVIESS
DAVIESS - 000010,6,1.0000000000,120.9999999999,120.9999999999,0,DAVIESS,DAVIESS
DAVIESS - 000011,6,1.0000000000,250.0000000002,250.0000000002,0,DAVIESS,DAVIESS
DAVIESS - 000012,6,1.0000000000,59.0000000002,59.0000000002,0,DAVIESS,DAVIESS
DAVIESS - 000013,6,1.0000000000,159.9999999997,159.9999999997,0,DAVIESS,DAVIESS
DEKALB - 000002,6,1.0000000000,107.0000000000,107.0000000000,0,DEKALB,DEKALB
DEKALB - 000003,6,1.0000000000,125.0000000000,125.0000000000,0,DEKALB,DEKALB
DEKALB - 000004,6,1.0000000000,43.0000000004,43.0000000004,0,DEKALB,DEKALB
DEKALB - 000005,6,1.0000000000,109.0000000000,109.0000000000,0,DEKALB,DEKALB
DEKALB - 000006,6,1.0000000000,79.9999999998,79.9999999998,0,DEKALB,DEKALB
DEKALB - 000007,6,1.0000000000,109.0000000002,109.0000000002,0,DEKALB,DEKALB
DEKALB - 000008,6,1.0000000000,86.9999999999,86.9999999999,0,DEKALB,DEKALB
DEKALB - 000009,6,1.0000000000,141.9999999997,141.9999999997,0,DEKALB,DEKALB
DEKALB - 000010,6,1.0000000000,97.0000000001,97.0000000001,0,DEKALB,DEKALB
DEKALB - 000011,6,1.0000000000,67.0000000000,67.0000000000,0,DEKALB,DEKALB
DEKALB - 000012,6,1.0000000000,123.0000000001,123.0000000001,0,DEKALB,DEKALB
DENT - 000002,8,1.0000000000,103.0000000000,103.0000000000,0,DENT,DENT
DENT - 000003,8,1.0000000000,87.0000000000,87.0000000000,0,DENT,DENT
DENT - 000004,8,1.0000000000,182.0000000000,182.0000000000,0,DENT,DENT
DENT - 000005,8,1.0000000000,130.0000000002,130.0000000002,0,DENT,DENT
DENT - 000006,8,1.0000000000,122.9999999999,122.9999999999,0,DENT,DENT
DENT - 000007,8,1.0000000000,236.0000000002,236.0000000002,0,DENT,DENT
DENT - 000008,8,1.0000000000,286.0000000001,286.0000000001,0,DENT,DENT
DENT - 000009,8,1.0000000000,300.0000000000,300.0000000000,0,DENT,DENT
DOUGLAS - 000002,8,1.0000000000,100.9999999999,100.9999999999,0,DOUGLAS,DOUGLAS
DOUGLAS - 000003,8,1.0000000000,138.0000000000,138.0000000000,0,DOUGLAS,DOUGLAS
DOUGLAS - 000004,8,1.0000000000,82.9999999999,82.9999999999,0,DOUGLAS,DOUGLAS
DOUGLAS - 000005,8,1.0000000000,49.9999999999,49.9999999999,0,DOUGLAS,DOUGLAS
DOUGLAS - 000006,8,1.0000000000,41.0000000000,41.0000000000,0,DOUGLAS,DOUGLAS
DOUGLAS - 000007,8,1.0000000000,59.0000000000,59.0000000000,0,DOUGLAS,DOUGLAS
DOUGLAS - 000008,8,1.0000000000,62.0000000000,62.0000000000,0,DOUGLAS,DOUGLAS
DOUGLAS - 000009,8,1.0000000000,55.9999999999,55.9999999999,0,DOUGLAS,DOUGLAS
DOUGLAS - 000010,8,1.0000000000,55.0000000000,55.0000000000,0,DOUGLAS,DOUGLAS
DOUGLAS - 000011,8,1.0000000000,43.0000000000,43.0000000000,0,DOUGLAS,DOUGLAS
DOUGLAS - 000012,8,1.0000000000,64.0000000001,64.0000000001,0,DOUGLAS,DOUGLAS
DOUGLAS - 000013,8,1.0000000000,32.9999999999,32.9999999999,0,DOUGLAS,DOUGLAS
DOUGLAS - 000014,8,1.0000000000,49.9999999998,49.9999999998,0,DOUGLAS,DOUGLAS
DOUGLAS - 000015,8,1.0000000000,72.9999999998,72.9999999998,0,DOUGLAS,DOUGLAS
DOUGLAS - 000016,8,1.0000000000,26.0000000000,26.0000000000,0,DOUGLAS,DOUGLAS
DOUGLAS - 000017,8,1.0000000000,66.0000000002,66.0000000002,0,DOUGLAS,DOUGLAS
DOUGLAS - 000018,8,1.0000000000,43.0000000000,43.0000000000,0,DOUGLAS,DOUGLAS
DOUGLAS - 000019,8,1.0000000000,84.9999999999,84.9999999999,0,DOUGLAS,DOUGLAS
DOUGLAS - 000020,8,1.0000000000,57.9999999998,57.9999999998,0,DOUGLAS,DOUGLAS
DOUGLAS - 000021,8,1.0000000000,36.0000000000,36.0000000000,0,DOUGLAS,DOUGLAS
DOUGLAS - 000022,8,1.0000000000,49.9999999999,49.9999999999,0,DOUGLAS,DOUGLAS
DOUGLAS - 000023,8,1.0000000000,56.9999999999,56.9999999999,0,DOUGLAS,DOUGLAS
DOUGLAS - 000024,8,1.0000000000,68.9999999997,68.9999999997,0,DOUGLAS,DOUGLAS
DOUGLAS - 000025,8,1.0000000000,38.0000000000,38.0000000000,0,DOUGLAS,DOUGLAS
DUNKLIN - 000002,8,1.0000000000,61.0000000000,61.0000000000,0,DUNKLIN,DUNKLIN
DUNKLIN - 000003,8,1.0000000000,62.9999999999,62.9999999999,0,DUNKLIN,DUNKLIN
DUNKLIN - 000004,8,1.0000000000,243.9982339969,243.9982339969,0,DUNKLIN,DUNKLIN
DUNKLIN - 000005,8,1.0000000000,186.0000000000,186.0000000000,0,DUNKLIN,DUNKLIN
DUNKLIN - 000006,8,1.0000000000,52.0000000000,52.0000000000,0,DUNKLIN,DUNKLIN
DUNKLIN - 000007,8,1.0000000000,135.9999999999,135.9999999999,0,DUNKLIN,DUNKLIN
DUNKLIN - 000008,8,1.0000000000,57.0000000000,57.0000000000,0,DUNKLIN,DUNKLIN
DUNKLIN - 000009,8,1.0000000000,172.0000000001,172.0000000001,0,DUNKLIN,DUNKLIN
DUNKLIN - 000010,8,1.0000000000,107.9999999999,107.9999999999,0,DUNKLIN,DUNKLIN
DUNKLIN - 000011,8,1.0000000000,309.2029850748,309.2029850748,0,DUNKLIN,DUNKLIN
DUNKLIN - 000012,8,1.0000000000,89.0000000000,89.0000000000,0,DUNKLIN,DUNKLIN
DUNKLIN - 000013,8,1.0000000000,109.0000000000,109.0000000000,0,DUNKLIN,DUNKLIN
DUNKLIN - 000014,8,1.0000000000,119.0000000000,119.0000000000,0,DUNKLIN,DUNKLIN
DUNKLIN - 000015,8,1.0000000000,123.0000000000,123.0000000000,0,DUNKLIN,DUNKLIN
DUNKLIN - 000016,8,1.0000000000,74.0000000001,74.0000000001,0,DUNKLIN,DUNKLIN
DUNKLIN - 000017,8,1.0000000000,116.9999999998,116.9999999998,0,DUNKLIN,DUNKLIN
DUNKLIN - 000018,8,1.0000000000,194.9999999999,194.9999999999,0,DUNKLIN,DUNKLIN
DUNKLIN - 000019,8,1.0000000000,123.9999999998,123.9999999998,0,DUNKLIN,DUNKLIN
DUNKLIN - 000020,8,1.0000000000,117.0000000002,117.0000000002,0,DUNKLIN,DUNKLIN
DUNKLIN - 000021,8,1.0000000000,224.0000000000,224.0000000000,0,DUNKLIN,DUNKLIN
DUNKLIN - 000022,8,1.0000000000,30.9999999996,30.9999999996,0,DUNKLIN,DUNKLIN
FRANKLIN - 000002,2,1.0000000000,73.0000000000,73.0000000000,0,FRANKLIN,FRANKLIN
FRANKLIN - 000003,2,1.0000000000,62.0000000000,62.0000000000,0,FRANKLIN,FRANKLIN
FRANKLIN - 000004,2,1.0000000000,13.0000000000,13.0000000000,0,FRANKLIN,FRANKLIN
FRANKLIN - 000005,2,1.0000000000,9.0000000000,9.0000000000,0,FRANKLIN,FRANKLIN
FRANKLIN - 000006,2,1.0000000000,80.0000000000,80.0000000000,0,FRANKLIN,FRANKLIN
FRANKLIN - 000007,2,1.0000000000,91.0000000003,91.0000000003,0,FRANKLIN,FRANKLIN
FRANKLIN - 000008,2,1.0000000000,37.0000000002,37.0000000002,0,FRANKLIN,FRANKLIN
FRANKLIN - 000009,2,1.0000000000,112.9999999997,112.9999999997,0,FRANKLIN,FRANKLIN
FRANKLIN - 000010,2,1.0000000000,55.0000000004,55.0000000004,0,FRANKLIN,FRANKLIN
FRANKLIN - 000011,2,1.0000000000,75.9999999999,75.9999999999,0,FRANKLIN,FRANKLIN
FRANKLIN - 000012,2,1.0000000000,125.0000000000,125.0000000000,0,FRANKLIN,FRANKLIN
FRANKLIN - 000013,2,1.0000000000,79.0000000000,79.0000000000,0,FRANKLIN,FRANKLIN
FRANKLIN - 000014,2,1.0000000000,29.0000000001,29.0000000001,0,FRANKLIN,FRANKLIN
FRANKLIN - 000015,2,1.0000000000,43.0000000000,43.0000000000,0,FRANKLIN,FRANKLIN
FRANKLIN - 000016,2,1.0000000000,61.0000000001,61.0000000001,0,FRANKLIN,FRANKLIN
FRANKLIN - 000017,2,1.0000000000,46.9999999999,46.9999999999,0,FRANKLIN,FRANKLIN
FRANKLIN - 000018,2,1.0000000000,12.0000000000,12.0000000000,0,FRANKLIN,FRANKLIN
FRANKLIN - 000019,2,1.0000000000,138.0000000001,138.0000000001,0,FRANKLIN,FRANKLIN
FRANKLIN - 000020,2,1.0000000000,52.0000000004,52.0000000004,0,FRANKLIN,FRANKLIN
FRANKLIN - 000021,2,1.0000000000,62.9999999993,62.9999999993,0,FRANKLIN,FRANKLIN
FRANKLIN - 000022,2,1.0000000000,102.9999999999,102.9999999999,0,FRANKLIN,FRANKLIN
FRANKLIN - 000023,2,1.0000000000,11.0000000000,11.0000000000,0,FRANKLIN,FRANKLIN
FRANKLIN - 000024,2,1.0000000000,83.0000000003,83.0000000003,0,FRANKLIN,FRANKLIN
FRANKLIN - 000025,2,1.0000000000,93.9999999995,93.9999999995,0,FRANKLIN,FRANKLIN
FRANKLIN - 000026,2,1.0000000000,57.0000000000,57.0000000000,0,FRANKLIN,FRANKLIN
FRANKLIN - 000027,2,1.0000000000,8.0000000000,8.0000000000,0,FRANKLIN,FRANKLIN
FRANKLIN - 000028,2,1.0000000000,24.0000000000,24.0000000000,0,FRANKLIN,FRANKLIN
FRANKLIN - 000029,2,1.0000000000,27.0000000000,27.0000000000,0,FRANKLIN,FRANKLIN
FRANKLIN - 000030,2,1.0000000000,20.0000000000,20.0000000000,0,FRANKLIN,FRANKLIN
FRANKLIN - 000031,2,1.0000000000,86.0000000000,86.0000000000,0,FRANKLIN,FRANKLIN
FRANKLIN - 000032,2,1.0000000000,47.0000000001,47.0000000001,0,FRANKLIN,FRANKLIN
FRANKLIN - 000033,2,1.0000000000,28.0000000000,28.0000000000,0,FRANKLIN,FRANKLIN
FRANKLIN - 000034,2,1.0000000000,26.0000000005,26.0000000005,0,FRANKLIN,FRANKLIN
FRANKLIN - 000035,2,1.0000000000,8.0000000000,8.0000000000,0,FRANKLIN,FRANKLIN
FRANKLIN - 000037,2,1.0000000000,102.0000000005,102.0000000005,0,FRANKLIN,FRANKLIN
FRANKLIN - 000038,2,1.0000000000,109.0000000000,109.0000000000,0,FRANKLIN,FRANKLIN
FRANKLIN - 000039,2,1.0000000000,58.9999999992,58.9999999992,0,FRANKLIN,FRANKLIN
FRANKLIN - 000040,2,1.0000000000,29.0000000001,29.0000000001,0,FRANKLIN,FRANKLIN
FRANKLIN - 000041,2,1.0000000000,70.9999999998,70.9999999998,0,FRANKLIN,FRANKLIN
FRANKLIN - 000042,2,1.0000000000,79.0000000000,79.0000000000,0,FRANKLIN,FRANKLIN
FRANKLIN - 000043,2,1.0000000000,51.9999999999,51.9999999999,0,FRANKLIN,FRANKLIN
FRANKLIN - 000044,2,1.0000000000,192.9999999999,192.9999999999,0,FRANKLIN,FRANKLIN
FRANKLIN - 000045,2,1.0000000000,84.0000000002,84.0000000002,0,FRANKLIN,FRANKLIN
FRANKLIN - 000046,2,1.0000000000,50.9999999999,50.9999999999,0,FRANKLIN,FRANKLIN
FRANKLIN - 000047,2,1.0000000000,85.9999999999,85.9999999999,0,FRANKLIN,FRANKLIN
FRANKLIN - 000048,2,1.0000000000,44.0000000000,44.0000000000,0,FRANKLIN,FRANKLIN
FRANKLIN - 000049,2,1.0000000000,44.0000000000,44.0000000000,0,FRANKLIN,FRANKLIN
FRANKLIN - 000050,2,1.0000000000,55.9999999999,55.9999999999,0,FRANKLIN,FRANKLIN
FRANKLIN - 000051,2,1.0000000000,10.0000000001,10.0000000001,0,FRANKLIN,FRANKLIN
FRANKLIN - 000052,2,1.0000000000,103.0000000000,103.0000000000,0,FRANKLIN,FRANKLIN
FRANKLIN - 000053,2,1.0000000000,50.0000000001,50.0000000001,0,FRANKLIN,FRANKLIN
FRANKLIN - 000054,2,1.0000000000,75.0000000002,75.0000000002,0,FRANKLIN,FRANKLIN
FRANKLIN - 000055,2,1.0000000000,22.9999999999,22.9999999999,0,FRANKLIN,FRANKLIN
FRANKLIN - 000056,2,1.0000000000,31.0000000001,31.0000000001,0,FRANKLIN,FRANKLIN
FRANKLIN - 000057,2,1.0000000000,117.0000000000,117.0000000000,0,FRANKLIN,FRANKLIN
FRANKLIN - 000058,2,1.0000000000,94.0000000001,94.0000000001,0,FRANKLIN,FRANKLIN
FRANKLIN - 000059,2,1.0000000000,55.9999999998,55.9999999998,0,FRANKLIN,FRANKLIN
FRANKLIN - 000060,2,1.0000000000,49.9999999997,49.9999999997,0,FRANKLIN,FRANKLIN
FRANKLIN - 000061,2,1.0000000000,72.0000000000,72.0000000000,0,FRANKLIN,FRANKLIN
FRANKLIN - 000062,2,1.0000000000,109.0000000000,109.0000000000,0,FRANKLIN,FRANKLIN
GASCONADE - 000002,2,1.0000000000,70.9999999999,70.9999999999,0,GASCONADE,GASCONADE
GASCONADE - 000003,2,1.0000000000,144.9999999998,144.9999999998,0,GASCONADE,GASCONADE
GASCONADE - 000004,2,1.0000000000,58.0000000000,58.0000000000,0,GASCONADE,GASCONADE
GASCONADE - 000005,2,1.0000000000,15.0000000000,15.0000000000,0,GASCONADE,GASCONADE
GASCONADE - 000006,2,1.0000000000,83.0000000000,83.0000000000,0,GASCONADE,GASCONADE
GASCONADE - 000007,2,1.0000000000,55.0000000000,55.0000000000,0,GASCONADE,GASCONADE
GASCONADE - 000008,2,0.9817313966,108.9721850265,110.9999999999,0,GASCONADE,GASCONADE
GASCONADE - 000008,3,0.0182686034,2.0278149734,110.9999999999,0,GASCONADE,GASCONADE
GASCONADE - 000009,2,1.0000000000,51.0000000000,51.0000000000,0,GASCONADE,GASCONADE
GASCONADE - 000010,2,1.0000000000,48.0000000000,48.0000000000,0,GASCONADE,GASCONADE
GASCONADE - 000011,2,1.0000000000,83.0000000000,83.0000000000,0,GASCONADE,GASCONADE
GASCONADE - 000012,2,1.0000000000,79.9999999999,79.9999999999,0,GASCONADE,GASCONADE
GASCONADE - 000013,2,1.0000000000,36.0000000000,36.0000000000,0,GASCONADE,GASCONADE
GASCONADE - 000014,2,1.0000000000,71.9999999999,71.9999999999,0,GASCONADE,GASCONADE
GASCONADE - 000015,2,1.0000000000,26.0000000000,26.0000000000,0,GASCONADE,GASCONADE
GASCONADE - 000016,2,1.0000000000,79.9999999998,79.9999999998,0,GASCONADE,GASCONADE
GASCONADE - 000017,2,1.0000000000,82.9999999996,82.9999999996,0,GASCONADE,GASCONADE
GASCONADE - 000018,2,1.0000000000,53.9999999998,53.9999999998,0,GASCONADE,GASCONADE
GASCONADE - 000019,2,1.0000000000,28.0000000000,28.0000000000,0,GASCONADE,GASCONADE
GASCONADE - 000020,2,1.0000000000,34.0000000001,34.0000000001,0,GASCONADE,GASCONADE
GASCONADE - 000021,2,1.0000000000,78.9999999998,78.9999999998,0,GASCONADE,GASCONADE
GASCONADE - 000022,2,1.0000000000,96.9999999998,96.9999999998,0,GASCONADE,GASCONADE
GENTRY - 000002,6,1.0000000000,245.0000000001,245.0000000001,0,GENTRY,GENTRY
GENTRY - 000003,6,1.0000000000,70.0000000000,70.0000000000,0,GENTRY,GENTRY
GENTRY - 000004,6,1.0000000000,50.0000000000,50.0000000000,0,GENTRY,GENTRY
GENTRY - 000005,6,1.0000000000,218.0000000000,218.0000000000,0,GENTRY,GENTRY
GENTRY - 000006,6,1.0000000000,35.0000000000,35.0000000000,0,GENTRY,GENTRY
GENTRY - 000007,6,1.0000000000,51.0000000000,51.0000000000,0,GENTRY,GENTRY
GENTRY - 000008,6,1.0000000000,213.0000000000,213.0000000000,0,GENTRY,GENTRY
GENTRY - 000009,6,1.0000000000,65.0000000000,65.0000000000,0,GENTRY,GENTRY
GENTRY - 000010,6,1.0000000000,85.9999999999,85.9999999999,0,GENTRY,GENTRY
GENTRY - 000011,6,1.0000000000,45.0000000000,45.0000000000,0,GENTRY,GENTRY
GREENE - 000002,7,1.0000000000,84.0000000000,84.0000000000,0,GREENE,GREENE
GREENE - 000003,7,1.0000000000,93.0000000001,93.0000000001,0,GREENE,GREENE
GREENE - 000004,7,1.0000000000,129.9999999996,129.9999999996,0,GREENE,GREENE
GREENE - 000005,7,1.0000000000,53.0000000000,53.0000000000,0,GREENE,GREENE
GREENE - 000006,7,1.0000000000,119.9999999995,119.9999999995,0,GREENE,GREENE
GREENE - 000007,7,1.0000000000,56.9999999998,56.9999999998,0,GREENE,GREENE
GREENE - 000008,7,1.0000000000,23.0000000001,23.0000000001,0,GREENE,GREENE
GREENE - 000009,7,1.0000000000,4.0000000000,4.0000000000,0,GREENE,GREENE
GREENE - 000010,7,1.0000000000,129.9999999999,129.9999999999,0,GREENE,GREENE
GREENE - 000011,7,1.0000000000,26.9999999998,26.9999999998,0,GREENE,GREENE
GREENE - 000012,7,1.0000000000,67.0000000003,67.0000000003,0,GREENE,GREENE
GREENE - 000013,7,1.0000000000,21.9999999998,21.9999999998,0,GREENE,GREENE
GREENE - 000014,7,1.0000000000,95.0000000000,95.0000000000,0,GREENE,GREENE
GREENE - 000015,7,1.0000000000,87.9999999999,87.9999999999,0,GREENE,GREENE
GREENE - 000016,7,1.0000000000,36.0000000000,36.0000000000,0,GREENE,GREENE
GREENE - 000017,7,1.0000000000,90.0000000001,90.0000000001,0,GREENE,GREENE
GREENE - 000018,7,1.0000000000,88.0000000003,88.0000000003,0,GREENE,GREENE
GREENE - 000019,7,1.0000000000,34.9999999994,34.9999999994,0,GREENE,GREENE
GREENE - 000020,7,1.0000000000,98.0000000001,98.0000000001,0,GREENE,GREENE
GREENE - 000021,7,1.0000000000,53.0000000002,53.0000000002,0,GREENE,GREENE
GREENE - 000022,7,1.0000000000,90.0000000001,90.0000000001,0,GREENE,GREENE
GREENE - 000023,7,1.0000000000,104.0000000000,104.0000000000,0,GREENE,GREENE
GREENE - 000024,7,1.0000000000,161.9999999999,161.9999999999,0,GREENE,GREENE
GREENE - 000025,7,1.0000000000,218.0000000002,218.0000000002,0,GREENE,GREENE
GREENE - 000026,7,1.0000000000,138.0000000001,138.0000000001,0,GREENE,GREENE
GREENE - 000027,7,1.0000000000,84.0000000000,84.0000000000,0,GREENE,GREENE
GREENE - 000028,7,1.0000000000,73.9999999999,73.9999999999,0,GREENE,GREENE
GREENE - 000029,7,1.0000000000,129.0000000001,129.0000000001,0,GREENE,GREENE
GREENE - 000030,7,1.0000000000,132.0000000000,132.0000000000,0,GREENE,GREENE
GREENE - 000031,7,1.0000000000,40.9999999999,40.9999999999,0,GREENE,GREENE
GREENE - 000032,7,1.0000000000,71.0000000001,71.0000000001,0,GREENE,GREENE
GREENE - 000033,7,1.0000000000,114.0000000000,114.0000000000,0,GREENE,GREENE
GREENE - 000034,7,1.0000000000,20.0000000001,20.0000000001,0,GREENE,GREENE
GREENE - 000035,7,1.0000000000,27.0000000000,27.0000000000,0,GREENE,GREENE
GREENE - 000036,7,1.0000000000,32.0000000000,32.0000000000,0,GREENE,GREENE
GREENE - 000037,7,1.0000000000,42.0000000001,42.0000000001,0,GREENE,GREENE
GREENE - 000038,7,1.0000000000,36.0000000001,36.0000000001,0,GREENE,GREENE
GREENE - 000039,7,1.0000000000,47.0000000000,47.0000000000,0,GREENE,GREENE
GREENE - 000040,7,1.0000000000,98.0000000000,98.0000000000,0,GREENE,GREENE
GREENE - 000041,7,1.0000000000,31.0000000000,31.0000000000,0,GREENE,GREENE
GREENE - 000042,7,1.0000000000,73.9999999998,73.9999999998,0,GREENE,GREENE
GREENE - 000043,7,1.0000000000,11.0000000000,11.0000000000,0,GREENE,GREENE
GREENE - 000044,7,1.0000000000,17.0000000000,17.0000000000,0,GREENE,GREENE
GREENE - 000045,7,1.0000000000,111.0000000000,111.0000000000,0,GREENE,GREENE
GREENE - 000046,7,1.0000000000,43.0000000001,43.0000000001,0,GREENE,GREENE
GREENE - 000047,7,1.0000000000,41.0000000000,41.0000000000,0,GREENE,GREENE
GREENE - 000048,7,1.0000000000,55.0000000000,55.0000000000,0,GREENE,GREENE
GREENE - 000049,7,1.0000000000,63.0000000000,63.0000000000,0,GREENE,GREENE
GREENE - 000050,7,1.0000000000,44.0000000000,44.0000000000,0,GREENE,GREENE
GREENE - 000051,7,1.0000000000,42.0000000000,42.0000000000,0,GREENE,GREENE
GREENE - 000052,7,1.0000000000,67.0000000000,67.0000000000,0,GREENE,GREENE
GREENE - 000053,7,1.0000000000,49.9999999999,49.9999999999,0,GREENE,GREENE
GREENE - 000054,7,1.0000000000,43.9999999999,43.9999999999,0,GREENE,GREENE
GREENE - 000055,7,1.0000000000,33.9999999999,33.9999999999,0,GREENE,GREENE
GREENE - 000056,7,1.0000000000,70.0000000001,70.0000000001,0,GREENE,GREENE
GREENE - 000057,7,1.0000000000,49.0000000001,49.0000000001,0,GREENE,GREENE
GREENE - 000058,7,1.0000000000,21.0000000001,21.0000000001,0,GREENE,GREENE
GREENE - 000059,7,1.0000000000,45.0000000000,45.0000000000,0,GREENE,GREENE
GREENE - 000060,7,1.0000000000,42.0000000000,42.0000000000,0,GREENE,GREENE
GREENE - 000061,7,1.0000000000,60.0000000001,60.0000000001,0,GREENE,GREENE
GREENE - 000062,7,1.0000000000,37.0000000000,37.0000000000,0,GREENE,GREENE
GREENE - 000063,7,1.0000000000,14.9999999999,14.9999999999,0,GREENE,GREENE
GREENE - 000064,7,1.0000000000,17.0000000000,17.0000000000,0,GREENE,GREENE
GREENE - 000065,7,1.0000000000,46.0000000001,46.0000000001,0,GREENE,GREENE
GREENE - 000066,7,1.0000000000,23.0000000001,23.0000000001,0,GREENE,GREENE
GREENE - 000067,7,1.0000000000,34.0000000000,34.0000000000,0,GREENE,GREENE
GREENE - 000068,7,1.0000000000,11.9999999999,11.9999999999,0,GREENE,GREENE
GREENE - 000069,7,1.0000000000,19.0000000000,19.0000000000,0,GREENE,GREENE
GREENE - 000070,7,1.0000000000,20.0000000000,20.0000000000,0,GREENE,GREENE
GREENE - 000071,7,1.0000000000,25.0000000000,25.0000000000,0,GREENE,GREENE
GREENE - 000072,7,1.0000000000,30.0000000001,30.0000000001,0,GREENE,GREENE
GREENE - 000073,7,1.0000000000,69.9999999993,69.9999999993,0,GREENE,GREENE
GREENE - 000074,7,1.0000000000,73.0000000001,73.0000000001,0,GREENE,GREENE
GREENE - 000075,7,1.0000000000,44.9999999999,44.9999999999,0,GREENE,GREENE
GREENE - 000076,7,1.0000000000,104.0000000008,104.0000000008,0,GREENE,GREENE
GREENE - 000077,7,1.0000000000,23.0000000001,23.0000000001,0,GREENE,GREENE
GREENE - 000078,7,1.0000000000,27.0000000001,27.0000000001,0,GREENE,GREENE
GREENE - 000079,7,1.0000000000,13.9999999999,13.9999999999,0,GREENE,GREENE
GREENE - 000080,7,1.0000000000,28.0000000000,28.0000000000,0,GREENE,GREENE
GREENE - 000081,7,1.0000000000,27.9999999999,27.9999999999,0,GREENE,GREENE
GREENE - 000082,7,1.0000000000,47.0000000000,47.0000000000,0,GREENE,GREENE
GREENE - 000083,7,1.0000000000,112.0000000005,112.0000000005,0,GREENE,GREENE
GREENE - 000084,7,1.0000000000,54.9999999999,54.9999999999,0,GREENE,GREENE
GREENE - 000085,7,1.0000000000,18.0000000000,18.0000000000,0,GREENE,GREENE
GREENE - 000086,7,1.0000000000,23.0000000000,23.0000000000,0,GREENE,GREENE
GREENE - 000087,7,1.0000000000,17.9999999999,17.9999999999,0,GREENE,GREENE
GREENE - 000088,7,1.0000000000,30.0000000000,30.0000000000,0,GREENE,GREENE
GREENE - 000089,7,1.0000000000,57.0000000001,57.0000000001,0,GREENE,GREENE
GREENE - 000090,7,1.0000000000,16.0000000003,16.0000000003,0,GREENE,GREENE
GREENE - 000091,7,1.0000000000,69.9999999996,69.9999999996,0,GREENE,GREENE
GREENE - 000092,7,1.0000000000,28.9999999998,28.9999999998,0,GREENE,GREENE
GREENE - 000093,7,1.0000000000,13.0000000000,13.0000000000,0,GREENE,GREENE
GREENE - 000094,7,1.0000000000,30.9999999999,30.9999999999,0,GREENE,GREENE
GREENE - 000095,7,1.0000000000,23.0000000000,23.0000000000,0,GREENE,GREENE
GREENE - 000096,7,1.0000000000,15.0000000000,15.0000000000,0,GREENE,GREENE
GREENE - 000097,7,1.0000000000,30.0000000000,30.0000000000,0,GREENE,GREENE
GREENE - 000098,7,1.0000000000,46.0000000000,46.0000000000,0,GREENE,GREENE
GREENE - 000099,7,1.0000000000,27.0000000001,27.0000000001,0,GREENE,GREENE
GREENE - 000100,7,1.0000000000,21.0000000000,21.0000000000,0,GREENE,GREENE
GREENE - 000101,7,1.0000000000,20.9999999999,20.9999999999,0,GREENE,GREENE
GREENE - 000102,7,1.0000000000,35.0000000000,35.0000000000,0,GREENE,GREENE
GREENE - 000103,7,1.0000000000,39.9999999999,39.9999999999,0,GREENE,GREENE
GREENE - 000104,7,1.0000000000,59.0000000001,59.0000000001,0,GREENE,GREENE
GREENE - 000105,7,1.0000000000,63.9999999999,63.9999999999,0,GREENE,GREENE
GREENE - 000106,7,1.0000000000,59.0000000000,59.0000000000,0,GREENE,GREENE
GREENE - 000107,7,1.0000000000,64.0000000001,64.0000000001,0,GREENE,GREENE
GREENE - 000108,7,1.0000000000,134.9999999999,134.9999999999,0,GREENE,GREENE
GREENE - 000109,7,1.0000000000,132.0000000000,132.0000000000,0,GREENE,GREENE
GREENE - 000110,7,1.0000000000,93.0000000001,93.0000000001,0,GREENE,GREENE
GREENE - 000111,7,1.0000000000,47.0000000000,47.0000000000,0,GREENE,GREENE
GREENE - 000112,7,1.0000000000,58.9999999996,58.9999999996,0,GREENE,GREENE
GREENE - 000113,7,1.0000000000,49.9999999999,49.9999999999,0,GREENE,GREENE
GREENE - 000114,7,1.0000000000,65.9999999999,65.9999999999,0,GREENE,GREENE
GREENE - 000115,7,1.0000000000,58.0000000003,58.0000000003,0,GREENE,GREENE
GRUNDY - 000002,6,1.0000000000,102.0000000000,102.0000000000,0,GRUNDY,GRUNDY
GRUNDY - 000003,6,1.0000000000,36.0000000001,36.0000000001,0,GRUNDY,GRUNDY
GRUNDY - 000004,6,1.0000000000,32.9999999999,32.9999999999,0,GRUNDY,GRUNDY
GRUNDY - 000005,6,1.0000000000,57.9999999999,57.9999999999,0,GRUNDY,GRUNDY
GRUNDY - 000006,6,1.0000000000,101.0000000000,101.0000000000,0,GRUNDY,GRUNDY
GRUNDY - 000007,6,1.0000000000,86.0000000000,86.0000000000,0,GRUNDY,GRUNDY
GRUNDY - 000008,6,1.0000000000,69.0000000002,69.0000000002,0,GRUNDY,GRUNDY
GRUNDY - 000009,6,1.0000000000,61.0000000002,61.0000000002,0,GRUNDY,GRUNDY
GRUNDY - 000010,6,1.0000000000,67.0000000000,67.0000000000,0,GRUNDY,GRUNDY
GRUNDY - 000011,6,1.0000000000,50.0000000000,50.0000000000,0,GRUNDY,GRUNDY
GRUNDY - 000012,6,1.0000000000,184.9999999999,184.9999999999,0,GRUNDY,GRUNDY
GRUNDY - 000013,6,1.0000000000,121.0000000000,121.0000000000,0,GRUNDY,GRUNDY
GRUNDY - 000014,6,1.0000000000,103.0000000001,103.0000000001,0,GRUNDY,GRUNDY
GRUNDY - 000015,6,1.0000000000,131.9999999999,131.9999999999,0,GRUNDY,GRUNDY
GRUNDY - 000016,6,1.0000000000,34.0000000000,34.0000000000,0,GRUNDY,GRUNDY
GRUNDY - 000017,6,1.0000000000,88.0000000001,88.0000000001,0,GRUNDY,GRUNDY
HARRISON - 000002,6,1.0000000000,193.9999999999,193.9999999999,0,HARRISON,HARRISON
HARRISON - 000003,6,1.0000000000,198.9999999998,198.9999999998,0,HARRISON,HARRISON
HARRISON - 000004,6,1.0000000000,87.0000000000,87.0000000000,0,HARRISON,HARRISON
HARRISON - 000005,6,1.0000000000,183.0000000000,183.0000000000,0,HARRISON,HARRISON
HARRISON - 000006,6,1.0000000000,148.0000000001,148.0000000001,0,HARRISON,HARRISON
HARRISON - 000007,6,1.0000000000,146.0000000000,146.0000000000,0,HARRISON,HARRISON
HARRISON - 000008,6,1.0000000000,70.9999999998,70.9999999998,0,HARRISON,HARRISON
HARRISON - 000009,6,1.0000000000,82.0000000001,82.0000000001,0,HARRISON,HARRISON
HARRISON - 000010,6,1.0000000000,128.0000000001,128.0000000001,0,HARRISON,HARRISON
HARRISON - 000011,6,1.0000000000,123.0000000007,123.0000000007,0,HARRISON,HARRISON
HARRISON - 000012,6,1.0000000000,151.9999999999,151.9999999999,0,HARRISON,HARRISON
HENRY - 000002,4,1.0000000000,161.9999999998,161.9999999998,0,HENRY,HENRY
HENRY - 000003,4,1.0000000000,48.9999999999,48.9999999999,0,HENRY,HENRY
HENRY - 000004,4,1.0000000000,136.0000000001,136.0000000001,0,HENRY,HENRY
HENRY - 000005,4,1.0000000000,158.9999999995,158.9999999995,0,HENRY,HENRY
HENRY - 000006,4,1.0000000000,57.0000000000,57.0000000000,0,HENRY,HENRY
HENRY - 000007,4,1.0000000000,63.0000000000,63.0000000000,0,HENRY,HENRY
HENRY - 000008,4,1.0000000000,100.9999999999,100.9999999999,0,HENRY,HENRY
HENRY - 000009,4,1.0000000000,146.0000000001,146.0000000001,0,HENRY,HENRY
HENRY - 000011,4,1.0000000000,67.0000000000,67.0000000000,0,HENRY,HENRY
HENRY - 000012,4,1.0000000000,144.0000000000,144.0000000000,0,HENRY,HENRY
HENRY - 000013,4,1.0000000000,83.0000000000,83.0000000000,0,HENRY,HENRY
HENRY - 000014,4,1.0000000000,58.0000000000,58.0000000000,0,HENRY,HENRY
HENRY - 000015,4,1.0000000000,63.9999999999,63.9999999999,0,HENRY,HENRY
HENRY - 000016,4,1.0000000000,105.0000000001,105.0000000001,0,HENRY,HENRY
HENRY - 000017,4,1.0000000000,52.0000000001,52.0000000001,0,HENRY,HENRY
HENRY - 000018,4,1.0000000000,222.0000000001,222.0000000001,0,HENRY,HENRY
HENRY - 000020,4,1.0000000000,91.0000000000,91.0000000000,0,HENRY,HENRY
HENRY - 000021,4,1.0000000000,41.0000000000,41.0000000000,0,HENRY,HENRY
HENRY - 000022,4,1.0000000000,85.0000000001,85.0000000001,0,HENRY,HENRY
HENRY - 000023,4,1.0000000000,88.9999999999,88.9999999999,0,HENRY,HENRY
HICKORY - 000002,4,1.0000000000,75.0000000001,75.0000000001,0,HICKORY,HICKORY
HICKORY - 000003,4,1.0000000000,79.0000000000,79.0000000000,0,HICKORY,HICKORY
HICKORY - 000004,4,1.0000000000,124.0000000000,124.0000000000,0,HICKORY,HICKORY
HICKORY - 000005,4,1.0000000000,129.0000000001,129.0000000001,0,HICKORY,HICKORY
HICKORY - 000006,4,1.0000000000,36.0000000000,36.0000000000,0,HICKORY,HICKORY
HICKORY - 000007,4,1.0000000000,219.0000000008,219.0000000008,0,HICKORY,HICKORY
HICKORY - 000008,4,1.0000000000,45.0000000001,45.0000000001,0,HICKORY,HICKORY
HICKORY - 000009,4,1.0000000000,81.0000000000,81.0000000000,0,HICKORY,HICKORY
HICKORY - 000010,4,1.0000000000,46.0000000002,46.0000000002,0,HICKORY,HICKORY
HICKORY - 000011,4,1.0000000000,94.0000000002,94.0000000002,0,HICKORY,HICKORY
HICKORY - 000012,4,1.0000000000,104.0000000001,104.0000000001,0,HICKORY,HICKORY
HOLT - 000002,6,1.0000000000,263.9999999999,263.9999999999,0,HOLT,HOLT
HOLT - 000003,6,1.0000000000,112.0000000000,112.0000000000,0,HOLT,HOLT
HOLT - 000004,6,1.0000000000,193.0000000001,193.0000000001,0,HOLT,HOLT
HOLT - 000005,6,1.0000000000,313.0000000000,313.0000000000,0,HOLT,HOLT
HOLT - 000006,6,1.0000000000,124.0000000000,124.0000000000,0,HOLT,HOLT
HOLT - 000007,6,1.0000000000,191.0000000000,191.0000000000,0,HOLT,HOLT
HOWARD - 000003,5,1.0000000000,53.0000000000,53.0000000000,0,HOWARD,HOWARD
HOWARD - 000004,5,1.0000000000,71.9999999998,71.9999999998,0,HOWARD,HOWARD
HOWARD - 000005,5,1.0000000000,169.0000000004,169.0000000004,0,HOWARD,HOWARD
HOWARD - 000009,5,1.0000000000,101.0000000004,101.0000000004,0,HOWARD,HOWARD
HOWARD - 000013,5,1.0000000000,56.0000000002,56.0000000002,0,HOWARD,HOWARD
HOWARD - 000015,5,1.0000000000,157.0000000000,157.0000000000,0,HOWARD,HOWARD
HOWARD - 000016,5,1.0000000000,265.0000000000,265.0000000000,0,HOWARD,HOWARD
HOWARD - 000017,5,1.0000000000,68.9999999999,68.9999999999,0,HOWARD,HOWARD
HOWARD - 000018,5,1.0000000000,119.9999999999,119.9999999999,0,HOWARD,HOWARD
HOWELL - 000002,8,1.0000000000,73.0000000001,73.0000000001,0,HOWELL,HOWELL
HOWELL - 000003,8,1.0000000000,89.9999999997,89.9999999997,0,HOWELL,HOWELL
HOWELL - 000004,8,1.0000000000,52.9999999999,52.9999999999,0,HOWELL,HOWELL
HOWELL - 000005,8,1.0000000000,134.0000000000,134.0000000000,0,HOWELL,HOWELL
HOWELL - 000006,8,1.0000000000,210.0000000001,210.0000000001,0,HOWELL,HOWELL
HOWELL - 000007,8,1.0000000000,113.0000000001,113.0000000001,0,HOWELL,HOWELL
HOWELL - 000008,8,1.0000000000,127.0000000004,127.0000000004,0,HOWELL,HOWELL
HOWELL - 000009,8,1.0000000000,132.0000000007,132.0000000007,0,HOWELL,HOWELL
HOWELL - 000010,8,1.0000000000,80.0000000000,80.0000000000,0,HOWELL,HOWELL
HOWELL - 000011,8,1.0000000000,425.9999999998,425.9999999998,0,HOWELL,HOWELL
HOWELL - 000012,8,1.0000000000,115.0000000001,115.0000000001,0,HOWELL,HOWELL
HOWELL - 000013,8,1.0000000000,92.0000000000,92.0000000000,0,HOWELL,HOWELL
HOWELL - 000014,8,1.0000000000,101.0000000000,101.0000000000,0,HOWELL,HOWELL
HOWELL - 000015,8,1.0000000000,67.0000000000,67.0000000000,0,HOWELL,HOWELL
HOWELL - 000016,8,1.0000000000,87.0000000000,87.0000000000,0,HOWELL,HOWELL
HOWELL - 000017,8,1.0000000000,119.0000000000,119.0000000000,0,HOWELL,HOWELL
HOWELL - 000018,8,1.0000000000,106.0000000000,106.0000000000,0,HOWELL,HOWELL
HOWELL - 000019,8,1.0000000000,144.9999999997,144.9999999997,0,HOWELL,HOWELL
HOWELL - 000020,8,1.0000000000,167.9999999999,167.9999999999,0,HOWELL,HOWELL
HOWELL - 000021,8,1.0000000000,189.9999999996,189.9999999996,0,HOWELL,HOWELL
IRON - 000002,8,1.0000000000,117.9999999999,117.9999999999,0,IRON,IRON
IRON - 000003,8,1.0000000000,33.9999999999,33.9999999999,0,IRON,IRON
IRON - 000004,8,1.0000000000,57.9999999999,57.9999999999,0,IRON,IRON
IRON - 000005,8,1.0000000000,85.9999999999,85.9999999999,0,IRON,IRON
IRON - 000006,8,1.0000000000,74.0000000002,74.0000000002,0,IRON,IRON
IRON - 000007,2,0.0000996163,0.0100612480,101.0000000000,0,IRON,IRON
IRON - 000007,8,0.9999003837,100.9899387520,101.0000000000,0,IRON,IRON
IRON - 000008,8,1.0000000000,132.9999999999,132.9999999999,0,IRON,IRON
IRON - 000009,8,1.0000000000,74.0000000001,74.0000000001,0,IRON,IRON
IRON - 000010,8,1.0000000000,10.0000000001,10.0000000001,0,IRON,IRON
IRON - 000011,8,1.0000000000,93.0000000000,93.0000000000,0,IRON,IRON
IRON - 000012,8,1.0000000000,43.0000000001,43.0000000001,0,IRON,IRON
IRON - 000013,8,1.0000000000,24.9999999999,24.9999999999,0,IRON,IRON
IRON - 000014,8,1.0000000000,81.0000000002,81.0000000002,0,IRON,IRON
IRON - 000015,8,1.0000000000,32.9999999999,32.9999999999,0,IRON,IRON
IRON - 000016,8,1.0000000000,122.9999999995,122.9999999995,0,IRON,IRON
IRON - 000017,8,1.0000000000,27.0000000001,27.0000000001,0,IRON,IRON
JACKSON - 000002,6,1.0000000000,16.0000000000,16.0000000000,1,KANSAS CITY,KANSAS CITY|JACKSON
JACKSON - 000003,5,1.0000000000,55.0000000000,55.0000000000,0,JACKSON,JACKSON|KANSAS CITY
JACKSON - 000004,5,1.0000000000,42.0000000001,42.0000000001,0,JACKSON,JACKSON|KANSAS CITY
JACKSON - 000005,5,1.0000000000,15.0000000000,15.0000000000,0,JACKSON,JACKSON|KANSAS CITY
JACKSON - 000006,5,1.0000000000,11.0000000000,11.0000000000,0,JACKSON,JACKSON|KANSAS CITY
JACKSON - 000007,5,1.0000000000,15.0000000000,15.0000000000,0,JACKSON,JACKSON|KANSAS CITY
JACKSON - 000008,5,1.0000000000,25.0000000001,25.0000000001,0,JACKSON,JACKSON|KANSAS CITY
JACKSON - 000009,5,1.0000000000,43.0000000000,43.0000000000,0,JACKSON,JACKSON|KANSAS CITY
JACKSON - 000010,5,1.0000000000,40.0000000000,40.0000000000,0,JACKSON,JACKSON|KANSAS CITY
JACKSON - 000011,5,1.0000000000,35.0000000000,35.0000000000,0,JACKSON,JACKSON|KANSAS CITY
JACKSON - 000012,5,1.0000000000,42.0000000001,42.0000000001,0,JACKSON,JACKSON|KANSAS CITY
JACKSON - 000013,5,1.0000000000,15.0000000000,15.0000000000,0,JACKSON,JACKSON|KANSAS CITY
JACKSON - 000014,5,1.0000000000,46.9999999999,46.9999999999,0,JACKSON,JACKSON|KANSAS CITY
JACKSON - 000015,5,1.0000000000,57.0000000002,57.0000000002,0,JACKSON,JACKSON|KANSAS CITY
JACKSON - 000016,5,1.0000000000,19.0000000000,19.0000000000,0,JACKSON,JACKSON|KANSAS CITY
JACKSON - 000017,5,1.0000000000,20.0000000000,20.0000000000,0,JACKSON,JACKSON|KANSAS CITY
JACKSON - 000018,5,1.0000000000,39.0000000000,39.0000000000,0,JACKSON,JACKSON|KANSAS CITY
JACKSON - 000019,5,1.0000000000,12.0000000000,12.0000000000,0,JACKSON,JACKSON|KANSAS CITY
JACKSON - 000020,5,1.0000000000,26.0000000000,26.0000000000,0,JACKSON,JACKSON|KANSAS CITY
JACKSON - 000021,5,1.0000000000,6.0000000000,6.0000000000,0,JACKSON,JACKSON|KANSAS CITY
JACKSON - 000022,5,1.0000000000,5.0000000000,5.0000000000,0,JACKSON,JACKSON|KANSAS CITY
JACKSON - 000023,5,1.0000000000,17.0000000000,17.0000000000,0,JACKSON,JACKSON|KANSAS CITY
JACKSON - 000024,5,1.0000000000,67.0000000000,67.0000000000,0,JACKSON,JACKSON|KANSAS CITY
JACKSON - 000025,5,1.0000000000,36.0000000000,36.0000000000,0,JACKSON,JACKSON|KANSAS CITY
JACKSON - 000026,5,1.0000000000,23.0000000000,23.0000000000,0,JACKSON,JACKSON|KANSAS CITY
JACKSON - 000027,5,1.0000000000,30.0000000000,30.0000000000,0,JACKSON,JACKSON|KANSAS CITY
JACKSON - 000028,5,1.0000000000,18.0000000000,18.0000000000,0,JACKSON,JACKSON|KANSAS CITY
JACKSON - 000029,5,1.0000000000,14.9999999999,14.9999999999,0,JACKSON,JACKSON|KANSAS CITY
JACKSON - 000030,5,1.0000000000,11.0000000000,11.0000000000,0,JACKSON,JACKSON|KANSAS CITY
JACKSON - 000031,5,1.0000000000,22.0000000000,22.0000000000,0,JACKSON,JACKSON|KANSAS CITY
JACKSON - 000032,5,1.0000000000,29.9999999999,29.9999999999,0,JACKSON,JACKSON|KANSAS CITY
JACKSON - 000033,5,1.0000000000,18.0000000001,18.0000000001,0,JACKSON,JACKSON|KANSAS CITY
JACKSON - 000034,5,1.0000000000,11.0000000000,11.0000000000,0,JACKSON,JACKSON|KANSAS CITY
JACKSON - 000035,5,1.0000000000,26.9999999998,26.9999999998,0,JACKSON,JACKSON|KANSAS CITY
JACKSON - 000036,5,1.0000000000,9.0000000000,9.0000000000,0,JACKSON,JACKSON|KANSAS CITY
JACKSON - 000037,5,1.0000000000,19.0000000001,19.0000000001,0,JACKSON,JACKSON|KANSAS CITY
JACKSON - 000038,5,1.0000000000,13.0000000001,13.0000000001,0,JACKSON,JACKSON|KANSAS CITY
JACKSON - 000039,5,1.0000000000,16.0000000000,16.0000000000,0,JACKSON,JACKSON|KANSAS CITY
JACKSON - 000040,5,1.0000000000,51.0000000000,51.0000000000,0,JACKSON,JACKSON|KANSAS CITY
JACKSON - 000041,5,1.0000000000,24.0000000000,24.0000000000,0,JACKSON,JACKSON|KANSAS CITY
JACKSON - 000042,5,1.0000000000,14.0000000000,14.0000000000,0,JACKSON,JACKSON|KANSAS CITY
JACKSON - 000043,5,1.0000000000,15.9999999999,15.9999999999,0,JACKSON,JACKSON|KANSAS CITY
JACKSON - 000044,5,1.0000000000,22.0000000000,22.0000000000,0,JACKSON,JACKSON|KANSAS CITY
JACKSON - 000045,5,1.0000000000,44.0000000000,44.0000000000,0,JACKSON,JACKSON|KANSAS CITY
JACKSON - 000046,5,1.0000000000,85.0000000000,85.0000000000,0,JACKSON,JACKSON|KANSAS CITY
JACKSON - 000047,5,1.0000000000,26.0000000000,26.0000000000,0,JACKSON,JACKSON|KANSAS CITY
JACKSON - 000048,5,1.0000000000,31.0000000000,31.0000000000,0,JACKSON,JACKSON|KANSAS CITY
JACKSON - 000049,5,1.0000000000,26.0000000000,26.0000000000,0,JACKSON,JACKSON|KANSAS CITY
JACKSON - 000050,5,1.0000000000,11.9999999999,11.9999999999,0,JACKSON,JACKSON|KANSAS CITY
JACKSON - 000051,5,1.0000000000,4.0000000000,4.0000000000,0,JACKSON,JACKSON|KANSAS CITY
JACKSON - 000052,5,1.0000000000,24.0000000000,24.0000000000,0,JACKSON,JACKSON|KANSAS CITY
JACKSON - 000053,5,1.0000000000,22.0000000000,22.0000000000,0,JACKSON,JACKSON|KANSAS CITY
JACKSON - 000054,5,1.0000000000,15.0000000000,15.0000000000,0,JACKSON,JACKSON|KANSAS CITY
JACKSON - 000055,5,1.0000000000,11.0000000000,11.0000000000,0,JACKSON,JACKSON|KANSAS CITY
JACKSON - 000056,5,1.0000000000,35.0000000000,35.0000000000,0,JACKSON,JACKSON|KANSAS CITY
JACKSON - 000057,5,1.0000000000,23.0000000000,23.0000000000,0,JACKSON,JACKSON|KANSAS CITY
JACKSON - 000058,5,1.0000000000,25.0000000000,25.0000000000,0,JACKSON,JACKSON|KANSAS CITY
JACKSON - 000059,5,1.0000000000,24.0000000000,24.0000000000,0,JACKSON,JACKSON|KANSAS CITY
JACKSON - 000060,5,1.0000000000,35.0000000000,35.0000000000,0,JACKSON,JACKSON|KANSAS CITY
JACKSON - 000061,5,1.0000000000,19.0000000000,19.0000000000,0,JACKSON,JACKSON|KANSAS CITY
JACKSON - 000062,5,1.0000000000,14.0000000000,14.0000000000,0,JACKSON,JACKSON|KANSAS CITY
JACKSON - 000063,5,1.0000000000,12.0000000000,12.0000000000,0,JACKSON,JACKSON|KANSAS CITY
JACKSON - 000064,5,1.0000000000,19.0000000000,19.0000000000,0,JACKSON,JACKSON|KANSAS CITY
JACKSON - 000065,5,1.0000000000,10.0000000000,10.0000000000,0,JACKSON,JACKSON|KANSAS CITY
JACKSON - 000066,5,1.0000000000,11.0000000000,11.0000000000,0,JACKSON,JACKSON|KANSAS CITY
JACKSON - 000067,5,1.0000000000,21.0000000000,21.0000000000,0,JACKSON,JACKSON|KANSAS CITY
JACKSON - 000068,5,1.0000000000,16.0000000000,16.0000000000,0,JACKSON,JACKSON|KANSAS CITY
JACKSON - 000069,5,1.0000000000,10.9999999998,10.9999999998,0,JACKSON,JACKSON|KANSAS CITY
JACKSON - 000070,5,1.0000000000,11.0000000001,11.0000000001,0,JACKSON,JACKSON|KANSAS CITY
JACKSON - 000071,5,1.0000000000,20.9999999999,20.9999999999,0,JACKSON,JACKSON|KANSAS CITY
JACKSON - 000072,5,1.0000000000,12.0000000000,12.0000000000,0,JACKSON,JACKSON|KANSAS CITY
JACKSON - 000073,5,1.0000000000,10.0000000000,10.0000000000,0,JACKSON,JACKSON|KANSAS CITY
JACKSON - 000074,5,1.0000000000,15.0000000000,15.0000000000,0,JACKSON,JACKSON|KANSAS CITY
JACKSON - 000075,5,1.0000000000,34.0000000000,34.0000000000,0,JACKSON,JACKSON|KANSAS CITY
JACKSON - 000076,5,1.0000000000,45.0000000000,45.0000000000,0,JACKSON,JACKSON|KANSAS CITY
JACKSON - 000077,5,1.0000000000,20.0000000000,20.0000000000,0,JACKSON,JACKSON|KANSAS CITY
JACKSON - 000078,5,1.0000000000,22.0000000000,22.0000000000,0,JACKSON,JACKSON|KANSAS CITY
JACKSON - 000079,5,1.0000000000,27.0000000000,27.0000000000,0,JACKSON,JACKSON|KANSAS CITY
JACKSON - 000080,5,1.0000000000,19.0000000000,19.0000000000,0,JACKSON,JACKSON|KANSAS CITY
JACKSON - 000081,5,1.0000000000,18.0000000001,18.0000000001,0,JACKSON,JACKSON|KANSAS CITY
JACKSON - 000082,5,1.0000000000,23.0000000000,23.0000000000,0,JACKSON,JACKSON|KANSAS CITY
JACKSON - 000083,5,1.0000000000,3.0000000000,3.0000000000,0,JACKSON,JACKSON|KANSAS CITY
JACKSON - 000084,5,1.0000000000,26.0000000000,26.0000000000,0,JACKSON,JACKSON|KANSAS CITY
JACKSON - 000085,5,1.0000000000,15.0000000000,15.0000000000,0,JACKSON,JACKSON|KANSAS CITY
JACKSON - 000086,5,1.0000000000,18.0000000000,18.0000000000,0,JACKSON,JACKSON|KANSAS CITY
JACKSON - 000087,5,1.0000000000,22.0000000000,22.0000000000,0,JACKSON,JACKSON|KANSAS CITY
JACKSON - 000088,5,1.0000000000,13.0000000000,13.0000000000,0,JACKSON,JACKSON|KANSAS CITY
JACKSON - 000089,5,1.0000000000,33.0000000002,33.0000000002,0,JACKSON,JACKSON|KANSAS CITY
JACKSON - 000090,5,1.0000000000,22.0000000000,22.0000000000,0,JACKSON,JACKSON|KANSAS CITY
JACKSON - 000091,5,1.0000000000,23.0000000000,23.0000000000,0,JACKSON,JACKSON|KANSAS CITY
JACKSON - 000092,5,1.0000000000,18.0000000000,18.0000000000,0,JACKSON,JACKSON|KANSAS CITY
JACKSON - 000093,5,1.0000000000,33.0000000000,33.0000000000,0,JACKSON,JACKSON|KANSAS CITY
JACKSON - 000094,5,1.0000000000,12.0000000000,12.0000000000,0,JACKSON,JACKSON|KANSAS CITY
JACKSON - 000095,5,1.0000000000,14.0000000000,14.0000000000,0,JACKSON,JACKSON|KANSAS CITY
JACKSON - 000096,5,1.0000000000,28.0000000000,28.0000000000,0,JACKSON,JACKSON|KANSAS CITY
JACKSON - 000097,5,1.0000000000,26.9999999999,26.9999999999,0,JACKSON,JACKSON|KANSAS CITY
JACKSON - 000098,5,1.0000000000,11.0000000000,11.0000000000,0,JACKSON,JACKSON|KANSAS CITY
JACKSON - 000099,5,1.0000000000,19.0000000000,19.0000000000,0,JACKSON,JACKSON|KANSAS CITY
JACKSON - 000100,5,1.0000000000,15.0000000000,15.0000000000,0,JACKSON,JACKSON|KANSAS CITY
JACKSON - 000101,5,1.0000000000,4.9999999999,4.9999999999,0,JACKSON,JACKSON|KANSAS CITY
JACKSON - 000102,5,1.0000000000,20.0000000000,20.0000000000,0,JACKSON,JACKSON|KANSAS CITY
JACKSON - 000103,5,1.0000000000,14.0000000000,14.0000000000,0,JACKSON,JACKSON|KANSAS CITY
JACKSON - 000104,5,1.0000000000,5.0000000000,5.0000000000,0,JACKSON,JACKSON|KANSAS CITY
JACKSON - 000105,5,1.0000000000,10.0000000001,10.0000000001,0,JACKSON,JACKSON|KANSAS CITY
JACKSON - 000106,5,1.0000000000,13.0000000000,13.0000000000,0,JACKSON,JACKSON|KANSAS CITY
JACKSON - 000107,5,1.0000000000,34.0000000000,34.0000000000,0,JACKSON,JACKSON|KANSAS CITY
JACKSON - 000108,5,1.0000000000,27.0000000000,27.0000000000,0,JACKSON,JACKSON|KANSAS CITY
JACKSON - 000109,5,1.0000000000,21.0000000000,21.0000000000,0,JACKSON,JACKSON|KANSAS CITY
JACKSON - 000110,5,1.0000000000,16.0000000001,16.0000000001,0,JACKSON,JACKSON|KANSAS CITY
JACKSON - 000111,5,1.0000000000,8.0000000000,8.0000000000,0,JACKSON,JACKSON|KANSAS CITY
JACKSON - 000112,5,1.0000000000,25.0000000000,25.0000000000,0,JACKSON,JACKSON|KANSAS CITY
JACKSON - 000113,5,1.0000000000,18.0000000000,18.0000000000,0,JACKSON,JACKSON|KANSAS CITY
JACKSON - 000114,5,1.0000000000,12.0000000000,12.0000000000,0,JACKSON,JACKSON|KANSAS CITY
JACKSON - 000115,5,1.0000000000,23.0000000001,23.0000000001,0,JACKSON,JACKSON|KANSAS CITY
JACKSON - 000116,5,1.0000000000,19.0000000000,19.0000000000,0,JACKSON,JACKSON|KANSAS CITY
JACKSON - 000117,5,1.0000000000,6.0000000000,6.0000000000,0,JACKSON,JACKSON|KANSAS CITY
JACKSON - 000118,5,1.0000000000,18.0000000000,18.0000000000,0,JACKSON,JACKSON|KANSAS CITY
JACKSON - 000119,5,1.0000000000,23.0000000000,23.0000000000,0,JACKSON,JACKSON|KANSAS CITY
JACKSON - 000120,5,1.0000000000,31.0000000000,31.0000000000,0,JACKSON,JACKSON|KANSAS CITY
JACKSON - 000121,5,1.0000000000,29.0000000000,29.0000000000,0,JACKSON,JACKSON|KANSAS CITY
JACKSON - 000122,5,1.0000000000,31.0000000000,31.0000000000,0,JACKSON,JACKSON|KANSAS CITY
JACKSON - 000123,5,1.0000000000,31.0000000000,31.0000000000,0,JACKSON,JACKSON|KANSAS CITY
JACKSON - 000124,5,1.0000000000,27.0000000000,27.0000000000,0,JACKSON,JACKSON|KANSAS CITY
JACKSON - 000125,5,1.0000000000,24.0000000000,24.0000000000,0,JACKSON,JACKSON|KANSAS CITY
JACKSON - 000126,5,1.0000000000,27.0000000000,27.0000000000,0,JACKSON,JACKSON|KANSAS CITY
JACKSON - 000127,5,1.0000000000,13.0000000000,13.0000000000,0,JACKSON,JACKSON|KANSAS CITY
JACKSON - 000128,5,1.0000000000,7.0000000000,7.0000000000,0,JACKSON,JACKSON|KANSAS CITY
JACKSON - 000129,5,1.0000000000,20.0000000000,20.0000000000,0,JACKSON,JACKSON|KANSAS CITY
JACKSON - 000130,5,1.0000000000,54.0000000000,54.0000000000,0,JACKSON,JACKSON|KANSAS CITY
JACKSON - 000131,5,1.0000000000,22.0000000000,22.0000000000,0,JACKSON,JACKSON|KANSAS CITY
JACKSON - 000132,5,1.0000000000,28.0000000000,28.0000000000,0,JACKSON,JACKSON|KANSAS CITY
JACKSON - 000133,5,1.0000000000,23.0000000000,23.0000000000,0,JACKSON,JACKSON|KANSAS CITY
JACKSON - 000134,5,1.0000000000,12.0000000000,12.0000000000,0,JACKSON,JACKSON|KANSAS CITY
JACKSON - 000135,5,1.0000000000,37.0000000000,37.0000000000,0,JACKSON,JACKSON|KANSAS CITY
JACKSON - 000136,5,1.0000000000,11.0000000000,11.0000000000,0,JACKSON,JACKSON|KANSAS CITY
JACKSON - 000137,5,1.0000000000,21.9999999999,21.9999999999,0,JACKSON,JACKSON|KANSAS CITY
JACKSON - 000138,4,1.0000000000,20.0000000000,20.0000000000,0,JACKSON,JACKSON|KANSAS CITY
JACKSON - 000139,4,0.9990725267,34.9675384352,35.0000000001,0,JACKSON,JACKSON|KANSAS CITY
JACKSON - 000139,5,0.0009274733,0.0324615649,35.0000000001,0,JACKSON,JACKSON|KANSAS CITY
JACKSON - 000140,4,1.0000000000,14.0000000000,14.0000000000,0,JACKSON,JACKSON|KANSAS CITY
JACKSON - 000141,4,1.0000000000,10.9999999999,10.9999999999,0,JACKSON,JACKSON|KANSAS CITY
JACKSON - 000142,4,1.0000000000,5.0000000000,5.0000000000,0,JACKSON,JACKSON|KANSAS CITY
JACKSON - 000143,4,1.0000000000,10.0000000000,10.0000000000,0,JACKSON,JACKSON|KANSAS CITY
JACKSON - 000144,4,1.0000000000,1.0000000000,1.0000000000,0,JACKSON,JACKSON|KANSAS CITY
JACKSON - 000145,4,1.0000000000,19.0000000000,19.0000000000,0,JACKSON,JACKSON|KANSAS CITY
JACKSON - 000146,4,1.0000000000,61.0000000001,61.0000000001,0,JACKSON,JACKSON|KANSAS CITY
JACKSON - 000147,4,1.0000000000,42.0000000000,42.0000000000,0,JACKSON,JACKSON|KANSAS CITY
JACKSON - 000148,4,1.0000000000,11.0000000001,11.0000000001,0,JACKSON,JACKSON|KANSAS CITY
JACKSON - 000149,4,1.0000000000,21.9999999999,21.9999999999,0,JACKSON,JACKSON|KANSAS CITY
JACKSON - 000150,4,1.0000000000,16.0000000000,16.0000000000,0,JACKSON,JACKSON|KANSAS CITY
JACKSON - 000151,4,1.0000000000,30.0000000004,30.0000000004,0,JACKSON,JACKSON|KANSAS CITY
JACKSON - 000152,4,1.0000000000,8.0000000000,8.0000000000,0,JACKSON,JACKSON|KANSAS CITY
JACKSON - 000153,4,1.0000000000,14.9999999999,14.9999999999,0,JACKSON,JACKSON|KANSAS CITY
JACKSON - 000154,4,0.9771955722,14.6579335834,14.9999999999,0,JACKSON,JACKSON|KANSAS CITY
JACKSON - 000154,5,0.0228044278,0.3420664165,14.9999999999,0,JACKSON,JACKSON|KANSAS CITY
JACKSON - 000155,4,1.0000000000,39.9999999999,39.9999999999,0,JACKSON,JACKSON|KANSAS CITY
JACKSON - 000156,4,1.0000000000,11.0000000000,11.0000000000,0,JACKSON,JACKSON|KANSAS CITY
JACKSON - 000157,4,0.9484988811,39.8369530046,41.9999999999,0,JACKSON,JACKSON|KANSAS CITY
JACKSON - 000157,5,0.0515011189,2.1630469953,41.9999999999,0,JACKSON,JACKSON|KANSAS CITY
JACKSON - 000158,4,1.0000000000,40.9999999999,40.9999999999,0,JACKSON,JACKSON|KANSAS CITY
JACKSON - 000159,4,1.0000000000,25.0000000001,25.0000000001,0,JACKSON,JACKSON|KANSAS CITY
JACKSON - 000160,4,0.9996674121,40.9863638974,41.0000000001,0,JACKSON,JACKSON|KANSAS CITY
JACKSON - 000160,5,0.0003325879,0.0136361027,41.0000000001,0,JACKSON,JACKSON|KANSAS CITY
JACKSON - 000161,4,1.0000000000,25.9999999999,25.9999999999,0,JACKSON,JACKSON|KANSAS CITY
JACKSON - 000162,4,1.0000000000,46.9999999999,46.9999999999,0,JACKSON,JACKSON|KANSAS CITY
JACKSON - 000163,4,1.0000000000,28.0000000000,28.0000000000,0,JACKSON,JACKSON|KANSAS CITY
JACKSON - 000164,4,1.0000000000,16.0000000000,16.0000000000,0,JACKSON,JACKSON|KANSAS CITY
JACKSON - 000165,4,1.0000000000,27.0000000001,27.0000000001,0,JACKSON,JACKSON|KANSAS CITY
JACKSON - 000166,4,1.0000000000,21.9999999999,21.9999999999,0,JACKSON,JACKSON|KANSAS CITY
JACKSON - 000167,4,1.0000000000,5.0000000000,5.0000000000,0,JACKSON,JACKSON|KANSAS CITY
JACKSON - 000168,4,1.0000000000,33.0000000000,33.0000000000,0,JACKSON,JACKSON|KANSAS CITY
JACKSON - 000169,4,1.0000000000,13.0000000000,13.0000000000,0,JACKSON,JACKSON|KANSAS CITY
JACKSON - 000170,4,1.0000000000,12.0000000000,12.0000000000,0,JACKSON,JACKSON|KANSAS CITY
JACKSON - 000171,4,1.0000000000,15.0000000000,15.0000000000,0,JACKSON,JACKSON|KANSAS CITY
JACKSON - 000172,4,1.0000000000,18.0000000000,18.0000000000,0,JACKSON,JACKSON|KANSAS CITY
JACKSON - 000173,4,1.0000000000,28.0000000000,28.0000000000,0,JACKSON,JACKSON|KANSAS CITY
JACKSON - 000174,4,1.0000000000,16.0000000000,16.0000000000,0,JACKSON,JACKSON|KANSAS CITY
JACKSON - 000175,4,1.0000000000,31.0000000001,31.0000000001,0,JACKSON,JACKSON|KANSAS CITY
JACKSON - 000176,4,1.0000000000,16.0000000000,16.0000000000,0,JACKSON,JACKSON|KANSAS CITY
JACKSON - 000177,4,1.0000000000,18.0000000000,18.0000000000,0,JACKSON,JACKSON|KANSAS CITY
JACKSON - 000178,4,1.0000000000,51.0000000001,51.0000000001,0,JACKSON,JACKSON|KANSAS CITY
JACKSON - 000179,4,0.7718606595,8.4904672548,11.0000000001,0,JACKSON,JACKSON|KANSAS CITY
JACKSON - 000179,5,0.2281393405,2.5095327453,11.0000000001,0,JACKSON,JACKSON|KANSAS CITY
JACKSON - 000180,4,0.9113336957,13.6700054351,15.0000000000,0,JACKSON,JACKSON|KANSAS CITY
JACKSON - 000180,5,0.0886663043,1.3299945649,15.0000000000,0,JACKSON,JACKSON|KANSAS CITY
JACKSON - 000181,4,1.0000000000,17.0000000001,17.0000000001,0,JACKSON,JACKSON|KANSAS CITY
JACKSON - 000182,4,1.0000000000,47.9999999994,47.9999999994,0,JACKSON,JACKSON|KANSAS CITY
JACKSON - 000183,4,1.0000000000,16.0000000000,16.0000000000,0,JACKSON,JACKSON|KANSAS CITY
JACKSON - 000184,4,1.0000000000,22.0000000000,22.0000000000,0,JACKSON,JACKSON|KANSAS CITY
JACKSON - 000185,4,1.0000000000,15.0000000000,15.0000000000,0,JACKSON,JACKSON|KANSAS CITY
JACKSON - 000186,4,1.0000000000,31.0000000001,31.0000000001,0,JACKSON,JACKSON|KANSAS CITY
JACKSON - 000187,4,1.0000000000,16.0000000001,16.0000000001,0,JACKSON,JACKSON|KANSAS CITY
JACKSON - 000188,4,1.0000000000,9.9999999999,9.9999999999,0,JACKSON,JACKSON|KANSAS CITY
JACKSON - 000189,4,1.0000000000,37.0000000000,37.0000000000,0,JACKSON,JACKSON|KANSAS CITY
JACKSON - 000190,4,1.0000000000,11.0000000000,11.0000000000,0,JACKSON,JACKSON|KANSAS CITY
JACKSON - 000191,4,1.0000000000,34.9999999999,34.9999999999,0,JACKSON,JACKSON|KANSAS CITY
JACKSON - 000192,4,0.2242141808,9.8654239569,44.0000000000,0,JACKSON,JACKSON|KANSAS CITY
JACKSON - 000192,5,0.7757858192,34.1345760431,44.0000000000,0,JACKSON,JACKSON|KANSAS CITY
JACKSON - 000193,4,1.0000000000,9.0000000000,9.0000000000,0,JACKSON,JACKSON|KANSAS CITY
JACKSON - 000194,4,1.0000000000,15.9999999999,15.9999999999,0,JACKSON,JACKSON|KANSAS CITY
JACKSON - 000195,4,1.0000000000,18.0000000000,18.0000000000,0,JACKSON,JACKSON|KANSAS CITY
JACKSON - 000196,4,1.0000000000,20.0000000000,20.0000000000,0,JACKSON,JACKSON|KANSAS CITY
JACKSON - 000197,4,1.0000000000,8.0000000000,8.0000000000,0,JACKSON,JACKSON|KANSAS CITY
JACKSON - 000198,4,0.1268463004,8.1181632266,64.0000000000,0,JACKSON,JACKSON|KANSAS CITY
JACKSON - 000198,5,0.8731536996,55.8818367734,64.0000000000,0,JACKSON,JACKSON|KANSAS CITY
JACKSON - 000199,4,1.0000000000,12.0000000000,12.0000000000,0,JACKSON,JACKSON|KANSAS CITY
JACKSON - 000200,4,0.9945640327,44.7553814721,45.0000000002,0,JACKSON,JACKSON|KANSAS CITY
JACKSON - 000200,5,0.0054359673,0.2446185281,45.0000000002,0,JACKSON,JACKSON|KANSAS CITY
JACKSON - 000201,4,1.0000000000,28.0000000000,28.0000000000,0,JACKSON,JACKSON|KANSAS CITY
JACKSON - 000202,4,1.0000000000,27.0000000001,27.0000000001,0,JACKSON,JACKSON|KANSAS CITY
JACKSON - 000203,4,1.0000000000,8.0000000000,8.0000000000,0,JACKSON,JACKSON|KANSAS CITY
JACKSON - 000204,4,1.0000000000,15.0000000000,15.0000000000,0,JACKSON,JACKSON|KANSAS CITY
JACKSON - 000205,5,1.0000000000,2.0000000000,2.0000000000,0,JACKSON,JACKSON|KANSAS CITY
JACKSON - 000206,4,1.0000000000,9.0000000000,9.0000000000,0,JACKSON,JACKSON|KANSAS CITY
JACKSON - 000207,4,1.0000000000,38.0000000001,38.0000000001,0,JACKSON,JACKSON|KANSAS CITY
JACKSON - 000208,4,1.0000000000,25.0000000000,25.0000000000,0,JACKSON,JACKSON|KANSAS CITY
JACKSON - 000209,4,1.0000000000,71.0000000000,71.0000000000,0,JACKSON,JACKSON|KANSAS CITY
JACKSON - 000210,4,1.0000000000,10.0000000000,10.0000000000,0,JACKSON,JACKSON|KANSAS CITY
JACKSON - 000211,4,1.0000000000,22.0000000000,22.0000000000,0,JACKSON,JACKSON|KANSAS CITY
JACKSON - 000212,4,0.9842348556,74.8018490257,75.9999999996,0,JACKSON,JACKSON|KANSAS CITY
JACKSON - 000212,5,0.0157651444,1.1981509739,75.9999999996,0,JACKSON,JACKSON|KANSAS CITY
JACKSON - 000213,4,1.0000000000,15.0000000000,15.0000000000,0,JACKSON,JACKSON|KANSAS CITY
JACKSON - 000214,4,0.0263157895,1.0000000000,38.0000000000,0,JACKSON,JACKSON|KANSAS CITY
JACKSON - 000214,5,0.9736842105,37.0000000000,38.0000000000,0,JACKSON,JACKSON|KANSAS CITY
JACKSON - 000215,4,1.0000000000,4.0000000000,4.0000000000,0,JACKSON,JACKSON|KANSAS CITY
JACKSON - 000216,4,1.0000000000,2.0000000000,2.0000000000,0,JACKSON,JACKSON|KANSAS CITY
JACKSON - 000217,4,1.0000000000,13.0000000000,13.0000000000,0,JACKSON,JACKSON|KANSAS CITY
JACKSON - 000218,4,1.0000000000,16.0000000000,16.0000000000,0,JACKSON,JACKSON|KANSAS CITY
JACKSON - 000219,4,1.0000000000,19.9999999999,19.9999999999,0,JACKSON,JACKSON|KANSAS CITY
JACKSON - 000220,4,1.0000000000,15.0000000000,15.0000000000,0,JACKSON,JACKSON|KANSAS CITY
JACKSON - 000221,4,1.0000000000,23.0000000000,23.0000000000,0,JACKSON,JACKSON|KANSAS CITY
JACKSON - 000222,4,1.0000000000,4.0000000000,4.0000000000,0,JACKSON,JACKSON|KANSAS CITY
JACKSON - 000223,4,1.0000000000,11.0000000000,11.0000000000,0,JACKSON,JACKSON|KANSAS CITY
JACKSON - 000224,4,0.0941273257,13.0836982742,139.0000000001,0,JACKSON,JACKSON|KANSAS CITY
JACKSON - 000224,5,0.9058726743,125.9163017258,139.0000000001,0,JACKSON,JACKSON|KANSAS CITY
JACKSON - 000226,5,1.0000000000,5.0000000001,5.0000000001,0,JACKSON,JACKSON|KANSAS CITY
JACKSON - 000228,5,1.0000000000,51.0000000007,51.0000000007,0,JACKSON,JACKSON|KANSAS CITY
JACKSON - 000229,4,1.0000000000,4.0000000000,4.0000000000,0,JACKSON,JACKSON|KANSAS CITY
JACKSON - 000230,5,1.0000000000,67.9999999999,67.9999999999,0,JACKSON,JACKSON|KANSAS CITY
JACKSON - 000231,4,0.0034531719,0.0759697818,22.0000000000,0,JACKSON,JACKSON|KANSAS CITY
JACKSON - 000231,5,0.9965468281,21.9240302182,22.0000000000,0,JACKSON,JACKSON|KANSAS CITY
JACKSON - 000232,5,1.0000000000,14.0000000000,14.0000000000,0,JACKSON,JACKSON|KANSAS CITY
JACKSON - 000233,5,1.0000000000,24.0000000000,24.0000000000,0,JACKSON,JACKSON|KANSAS CITY
JACKSON - 000234,5,1.0000000000,6.0000000000,6.0000000000,0,JACKSON,JACKSON|KANSAS CITY
JACKSON - 000235,5,1.0000000000,9.9999999997,9.9999999997,0,JACKSON,JACKSON|KANSAS CITY
JACKSON - 000236,4,1.0000000000,25.0000000001,25.0000000001,0,JACKSON,JACKSON|KANSAS CITY
JACKSON - 000237,4,0.8089339924,63.9057854007,79.0000000003,0,JACKSON,JACKSON|KANSAS CITY
JACKSON - 000237,5,0.1910660076,15.0942145996,79.0000000003,0,JACKSON,JACKSON|KANSAS CITY
JACKSON - 000238,4,0.8571428571,30.0000000004,35.0000000004,0,JACKSON,JACKSON|KANSAS CITY
JACKSON - 000238,5,0.1428571429,5.0000000000,35.0000000004,0,JACKSON,JACKSON|KANSAS CITY
JACKSON - 000240,4,1.0000000000,13.0000000000,13.0000000000,0,JACKSON,JACKSON|KANSAS CITY
JACKSON - 000241,4,0.6828294852,31.4101563176,46.0000000000,0,JACKSON,JACKSON|KANSAS CITY
JACKSON - 000241,5,0.3171705148,14.5898436824,46.0000000000,0,JACKSON,JACKSON|KANSAS CITY
JACKSON - 000242,4,1.0000000000,16.0000000000,16.0000000000,0,JACKSON,JACKSON|KANSAS CITY
JACKSON - 000243,4,0.7808092134,13.2737566278,16.9999999999,0,JACKSON,JACKSON|KANSAS CITY
JACKSON - 000243,5,0.2191907866,3.7262433721,16.9999999999,0,JACKSON,JACKSON|KANSAS CITY
JACKSON - 000244,4,1.0000000000,31.0000000000,31.0000000000,0,JACKSON,JACKSON|KANSAS CITY
JACKSON - 000245,4,1.0000000000,18.9999999998,18.9999999998,0,JACKSON,JACKSON|KANSAS CITY
JACKSON - 000246,4,1.0000000000,24.0000000000,24.0000000000,0,JACKSON,JACKSON|KANSAS CITY
JACKSON - 000247,4,1.0000000000,30.0000000000,30.0000000000,0,JACKSON,JACKSON|KANSAS CITY
JACKSON - 000248,4,1.0000000000,67.0000000003,67.0000000003,0,JACKSON,JACKSON|KANSAS CITY
JACKSON - 000249,4,1.0000000000,13.0000000002,13.0000000002,0,JACKSON,JACKSON|KANSAS CITY
JACKSON - 000250,4,1.0000000000,20.0000000001,20.0000000001,0,JACKSON,JACKSON|KANSAS CITY
JACKSON - 000251,4,1.0000000000,7.0000000000,7.0000000000,0,JACKSON,JACKSON|KANSAS CITY
JACKSON - 000252,4,1.0000000000,6.0000000000,6.0000000000,0,JACKSON,JACKSON|KANSAS CITY
JACKSON - 000253,4,1.0000000000,19.0000000001,19.0000000001,0,JACKSON,JACKSON|KANSAS CITY
JACKSON - 000254,4,1.0000000000,17.0000000002,17.0000000002,0,JACKSON,JACKSON|KANSAS CITY
JACKSON - 000255,4,1.0000000000,44.0000000000,44.0000000000,0,JACKSON,JACKSON|KANSAS CITY
JACKSON - 000256,4,1.0000000000,29.0000000000,29.0000000000,0,JACKSON,JACKSON|KANSAS CITY
JACKSON - 000257,4,1.0000000000,13.0000000000,13.0000000000,0,JACKSON,JACKSON|KANSAS CITY
JACKSON - 000258,4,1.0000000000,13.9999999999,13.9999999999,0,JACKSON,JACKSON|KANSAS CITY
JACKSON - 000259,4,1.0000000000,18.9999999999,18.9999999999,0,JACKSON,JACKSON|KANSAS CITY
JACKSON - 000260,4,1.0000000000,19.0000000000,19.0000000000,0,JACKSON,JACKSON|KANSAS CITY
JACKSON - 000261,4,1.0000000000,32.0000000002,32.0000000002,0,JACKSON,JACKSON|KANSAS CITY
JACKSON - 000262,4,1.0000000000,41.0000000001,41.0000000001,0,JACKSON,JACKSON|KANSAS CITY
JACKSON - 000263,4,0.9999143067,17.9984575206,17.9999999998,0,JACKSON,JACKSON|KANSAS CITY
JACKSON - 000263,5,0.0000856933,0.0015424792,17.9999999998,0,JACKSON,JACKSON|KANSAS CITY
JACKSON - 000264,4,1.0000000000,9.0000000000,9.0000000000,0,JACKSON,JACKSON|KANSAS CITY
JACKSON - 000265,4,1.0000000000,27.0000000000,27.0000000000,0,JACKSON,JACKSON|KANSAS CITY
JACKSON - 000266,4,1.0000000000,20.0000000000,20.0000000000,0,JACKSON,JACKSON|KANSAS CITY
JACKSON - 000267,4,1.0000000000,25.0000000000,25.0000000000,0,JACKSON,JACKSON|KANSAS CITY
JACKSON - 000268,4,1.0000000000,25.0000000000,25.0000000000,0,JACKSON,JACKSON|KANSAS CITY
JACKSON - 000269,4,1.0000000000,25.0000000000,25.0000000000,0,JACKSON,JACKSON|KANSAS CITY
JACKSON - 000270,4,1.0000000000,48.0000000001,48.0000000001,0,JACKSON,JACKSON|KANSAS CITY
JACKSON - 000271,4,1.0000000000,147.9999999997,147.9999999997,1,KANSAS CITY,KANSAS CITY|JACKSON
JACKSON - 000273,4,0.9989741175,38.9599905815,39.0000000004,1,KANSAS CITY,KANSAS CITY|JACKSON
JACKSON - 000273,6,0.0010258825,0.0400094189,39.0000000004,1,KANSAS CITY,KANSAS CITY|JACKSON
JACKSON - 000274,4,1.0000000000,72.0000000000,72.0000000000,1,KANSAS CITY,KANSAS CITY|JACKSON
JACKSON - 000275,4,0.9413651919,102.6088059161,108.9999999997,1,KANSAS CITY,KANSAS CITY|JACKSON
JACKSON - 000275,5,0.0586348081,6.3911940836,108.9999999997,1,KANSAS CITY,KANSAS CITY|JACKSON
JACKSON - 000276,4,1.0000000000,67.0000000000,67.0000000000,1,KANSAS CITY,KANSAS CITY|JACKSON
JACKSON - 000277,4,0.9737129574,256.0865077973,262.9999999999,1,KANSAS CITY,KANSAS CITY|JACKSON
JACKSON - 000277,5,0.0262870426,6.9134922026,262.9999999999,1,KANSAS CITY,KANSAS CITY|JACKSON
JACKSON - 000279,4,1.0000000000,62.9999999995,62.9999999995,1,KANSAS CITY,KANSAS CITY|JACKSON
JACKSON - 000280,4,1.0000000000,32.0000000000,32.0000000000,1,KANSAS CITY,KANSAS CITY|JACKSON
JACKSON - 000281,4,1.0000000000,54.0000000000,54.0000000000,1,KANSAS CITY,KANSAS CITY|JACKSON
JACKSON - 000282,5,1.0000000000,55.0000000000,55.0000000000,1,KANSAS CITY,KANSAS CITY|JACKSON
JACKSON - 000285,4,1.0000000000,31.0000000000,31.0000000000,1,KANSAS CITY,KANSAS CITY|JACKSON
JACKSON - 000286,4,0.6512439293,8.4661710805,13.0000000000,1,KANSAS CITY,KANSAS CITY|JACKSON
JACKSON - 000286,5,0.3487560707,4.5338289195,13.0000000000,1,KANSAS CITY,KANSAS CITY|JACKSON
JACKSON - 000287,4,1.0000000000,30.9999999999,30.9999999999,1,KANSAS CITY,KANSAS CITY|JACKSON
JACKSON - 000289,4,1.0000000000,9.0000000000,9.0000000000,1,KANSAS CITY,KANSAS CITY|JACKSON
JACKSON - 000290,4,0.7268767093,12.3569040577,17.0000000001,1,KANSAS CITY,KANSAS CITY|JACKSON
JACKSON - 000290,5,0.2731232907,4.6430959424,17.0000000001,1,KANSAS CITY,KANSAS CITY|JACKSON
JACKSON - 000292,4,0.3620689655,21.0000000001,58.0000000000,1,KANSAS CITY,KANSAS CITY|JACKSON
JACKSON - 000292,6,0.6379310345,36.9999999999,58.0000000000,1,KANSAS CITY,KANSAS CITY|JACKSON
JACKSON - 000293,6,1.0000000000,90.9999999998,90.9999999998,1,KANSAS CITY,KANSAS CITY|JACKSON
JACKSON - 000294,6,1.0000000000,59.0000000000,59.0000000000,1,KANSAS CITY,KANSAS CITY|JACKSON
JACKSON - 000297,6,1.0000000000,53.0000000000,53.0000000000,1,KANSAS CITY,KANSAS CITY|JACKSON
JACKSON - 000298,6,1.0000000000,33.0000000000,33.0000000000,1,KANSAS CITY,KANSAS CITY|JACKSON
JACKSON - 000299,5,1.0000000000,23.0000000000,23.0000000000,1,KANSAS CITY,KANSAS CITY|JACKSON
JACKSON - 000300,4,0.9166666667,11.0000000000,12.0000000000,1,KANSAS CITY,KANSAS CITY|JACKSON
JACKSON - 000300,5,0.0833333333,1.0000000000,12.0000000000,1,KANSAS CITY,KANSAS CITY|JACKSON
JACKSON - 000301,5,0.2592592593,7.0000000000,27.0000000000,1,KANSAS CITY,KANSAS CITY|JACKSON
JACKSON - 000301,6,0.7407407407,20.0000000000,27.0000000000,1,KANSAS CITY,KANSAS CITY|JACKSON
JACKSON - 000302,5,1.0000000000,47.0000000001,47.0000000001,1,KANSAS CITY,KANSAS CITY|JACKSON
JACKSON - 000304,6,1.0000000000,15.0000000000,15.0000000000,1,KANSAS CITY,KANSAS CITY|JACKSON
JACKSON - 000305,6,1.0000000000,22.0000000000,22.0000000000,1,KANSAS CITY,KANSAS CITY|JACKSON
JACKSON - 000306,5,1.0000000000,48.0000000000,48.0000000000,1,KANSAS CITY,KANSAS CITY|JACKSON
JACKSON - 000308,5,1.0000000000,25.0000000000,25.0000000000,1,KANSAS CITY,KANSAS CITY|JACKSON
JACKSON - 000309,5,1.0000000000,20.0000000000,20.0000000000,1,KANSAS CITY,KANSAS CITY|JACKSON
JACKSON - 000310,5,1.0000000000,171.0000000001,171.0000000001,1,KANSAS CITY,KANSAS CITY|JACKSON
JACKSON - 000311,5,1.0000000000,38.0000000001,38.0000000001,1,KANSAS CITY,KANSAS CITY|JACKSON
JACKSON - 000312,5,1.0000000000,53.0000000000,53.0000000000,1,KANSAS CITY,KANSAS CITY|JACKSON
JACKSON - 000313,5,1.0000000000,41.9999999999,41.9999999999,1,KANSAS CITY,KANSAS CITY|JACKSON
JACKSON - 000314,5,1.0000000000,48.0000000000,48.0000000000,1,KANSAS CITY,KANSAS CITY|JACKSON
JACKSON - 000315,5,1.0000000000,59.0000000000,59.0000000000,1,KANSAS CITY,KANSAS CITY|JACKSON
JACKSON - 000316,5,1.0000000000,46.9999999999,46.9999999999,1,KANSAS CITY,KANSAS CITY|JACKSON
JACKSON - 000317,5,1.0000000000,69.0000000000,69.0000000000,1,KANSAS CITY,KANSAS CITY|JACKSON
JACKSON - 000319,5,1.0000000000,24.0000000000,24.0000000000,1,KANSAS CITY,KANSAS CITY|JACKSON
JACKSON - 000320,5,1.0000000000,33.0000000000,33.0000000000,1,KANSAS CITY,KANSAS CITY|JACKSON
JACKSON - 000322,5,1.0000000000,21.0000000000,21.0000000000,1,KANSAS CITY,KANSAS CITY|JACKSON
JACKSON - 000323,5,1.0000000000,44.0000000000,44.0000000000,1,KANSAS CITY,KANSAS CITY|JACKSON
JACKSON - 000324,5,1.0000000000,47.0000000000,47.0000000000,1,KANSAS CITY,KANSAS CITY|JACKSON
JACKSON - 000326,5,1.0000000000,33.0000000000,33.0000000000,1,KANSAS CITY,KANSAS CITY|JACKSON
JACKSON - 000328,5,1.0000000000,47.0000000000,47.0000000000,1,KANSAS CITY,KANSAS CITY|JACKSON
JACKSON - 000330,5,1.0000000000,35.0000000000,35.0000000000,1,KANSAS CITY,KANSAS CITY|JACKSON
JACKSON - 000331,5,1.0000000000,16.0000000000,16.0000000000,1,KANSAS CITY,KANSAS CITY|JACKSON
JACKSON - 000332,5,1.0000000000,20.0000000000,20.0000000000,1,KANSAS CITY,KANSAS CITY|JACKSON
JACKSON - 000334,5,1.0000000000,14.0000000000,14.0000000000,1,KANSAS CITY,KANSAS CITY|JACKSON
JACKSON - 000335,5,1.0000000000,26.0000000000,26.0000000000,1,KANSAS CITY,KANSAS CITY|JACKSON
JACKSON - 000337,5,1.0000000000,22.0000000000,22.0000000000,1,KANSAS CITY,KANSAS CITY|JACKSON
JACKSON - 000338,5,1.0000000000,14.0000000000,14.0000000000,1,KANSAS CITY,KANSAS CITY|JACKSON
JACKSON - 000340,5,1.0000000000,43.0000000000,43.0000000000,1,KANSAS CITY,KANSAS CITY|JACKSON
JACKSON - 000344,5,1.0000000000,82.0000000001,82.0000000001,1,KANSAS CITY,KANSAS CITY|JACKSON
JACKSON - 000345,5,1.0000000000,20.0000000000,20.0000000000,1,KANSAS CITY,KANSAS CITY|JACKSON
JACKSON - 000346,5,1.0000000000,25.0000000000,25.0000000000,1,KANSAS CITY,KANSAS CITY|JACKSON
JACKSON - 000347,5,1.0000000000,48.0000000000,48.0000000000,1,KANSAS CITY,KANSAS CITY|JACKSON
JACKSON - 000349,5,1.0000000000,34.0000000000,34.0000000000,1,KANSAS CITY,KANSAS CITY|JACKSON
JACKSON - 000352,5,1.0000000000,32.9999999999,32.9999999999,1,KANSAS CITY,KANSAS CITY|JACKSON
JACKSON - 000357,5,1.0000000000,28.0000000000,28.0000000000,1,KANSAS CITY,KANSAS CITY|JACKSON
JACKSON - 000358,5,1.0000000000,15.0000000000,15.0000000000,1,KANSAS CITY,KANSAS CITY|JACKSON
JACKSON - 000361,5,1.0000000000,25.0000000000,25.0000000000,1,KANSAS CITY,KANSAS CITY|JACKSON
JACKSON - 000362,5,1.0000000000,27.0000000000,27.0000000000,1,KANSAS CITY,KANSAS CITY|JACKSON
JACKSON - 000365,5,1.0000000000,18.0000000000,18.0000000000,1,KANSAS CITY,KANSAS CITY|JACKSON
JACKSON - 000367,5,1.0000000000,31.0000000002,31.0000000002,1,KANSAS CITY,KANSAS CITY|JACKSON
JACKSON - 000369,5,1.0000000000,34.0000000000,34.0000000000,1,KANSAS CITY,KANSAS CITY|JACKSON
JACKSON - 000372,5,1.0000000000,23.0000000000,23.0000000000,1,KANSAS CITY,KANSAS CITY|JACKSON
JACKSON - 000373,5,1.0000000000,26.0000000000,26.0000000000,1,KANSAS CITY,KANSAS CITY|JACKSON
JACKSON - 000374,5,1.0000000000,95.0000000000,95.0000000000,1,KANSAS CITY,KANSAS CITY|JACKSON
JACKSON - 000375,5,1.0000000000,37.0000000000,37.0000000000,1,KANSAS CITY,KANSAS CITY|JACKSON
JACKSON - 000377,5,1.0000000000,20.0000000000,20.0000000000,1,KANSAS CITY,KANSAS CITY|JACKSON
JACKSON - 000378,5,1.0000000000,1.0000000000,1.0000000000,1,KANSAS CITY,KANSAS CITY|JACKSON
JACKSON - 000379,5,1.0000000000,19.0000000000,19.0000000000,1,KANSAS CITY,KANSAS CITY|JACKSON
JACKSON - 000380,5,1.0000000000,27.0000000000,27.0000000000,1,KANSAS CITY,KANSAS CITY|JACKSON
JACKSON - 000381,5,1.0000000000,32.0000000000,32.0000000000,1,KANSAS CITY,KANSAS CITY|JACKSON
JACKSON - 000382,5,1.0000000000,31.0000000000,31.0000000000,1,KANSAS CITY,KANSAS CITY|JACKSON
JACKSON - 000383,5,1.0000000000,28.0000000000,28.0000000000,1,KANSAS CITY,KANSAS CITY|JACKSON
JACKSON - 000384,5,1.0000000000,43.0000000000,43.0000000000,1,KANSAS CITY,KANSAS CITY|JACKSON
JACKSON - 000386,5,1.0000000000,25.0000000000,25.0000000000,1,KANSAS CITY,KANSAS CITY|JACKSON
JACKSON - 000387,5,1.0000000000,36.0000000000,36.0000000000,1,KANSAS CITY,KANSAS CITY|JACKSON
JACKSON - 000388,5,1.0000000000,26.9999999997,26.9999999997,1,KANSAS CITY,KANSAS CITY|JACKSON
JACKSON - 000389,4,1.0000000000,34.0000000000,34.0000000000,1,KANSAS CITY,KANSAS CITY|JACKSON
JACKSON - 000390,5,1.0000000000,56.0000000000,56.0000000000,1,KANSAS CITY,KANSAS CITY|JACKSON
JACKSON - 000391,5,1.0000000000,21.0000000000,21.0000000000,1,KANSAS CITY,KANSAS CITY|JACKSON
JACKSON - 000392,5,1.0000000000,8.0000000000,8.0000000000,1,KANSAS CITY,KANSAS CITY|JACKSON
JACKSON - 000393,5,1.0000000000,23.0000000001,23.0000000001,1,KANSAS CITY,KANSAS CITY|JACKSON
JACKSON - 000395,5,1.0000000000,8.0000000000,8.0000000000,1,KANSAS CITY,KANSAS CITY|JACKSON
JACKSON - 000396,5,1.0000000000,7.0000000000,7.0000000000,1,KANSAS CITY,KANSAS CITY|JACKSON
JACKSON - 000399,5,1.0000000000,65.0000000001,65.0000000001,1,KANSAS CITY,KANSAS CITY|JACKSON
JACKSON - 000400,5,1.0000000000,25.0000000000,25.0000000000,1,KANSAS CITY,KANSAS CITY|JACKSON
JACKSON - 000401,5,1.0000000000,28.9999999999,28.9999999999,1,KANSAS CITY,KANSAS CITY|JACKSON
JACKSON - 000402,4,0.9629629630,52.0000000000,54.0000000000,1,KANSAS CITY,KANSAS CITY|JACKSON
JACKSON - 000402,6,0.0370370370,2.0000000000,54.0000000000,1,KANSAS CITY,KANSAS CITY|JACKSON
JACKSON - 000403,5,1.0000000000,30.0000000000,30.0000000000,1,KANSAS CITY,KANSAS CITY|JACKSON
JACKSON - 000404,4,0.2463768116,17.0000000000,69.0000000000,1,KANSAS CITY,KANSAS CITY|JACKSON
JACKSON - 000404,5,0.7536231884,52.0000000000,69.0000000000,1,KANSAS CITY,KANSAS CITY|JACKSON
JACKSON - 000405,4,0.0255434783,0.8173913043,32.0000000000,1,KANSAS CITY,KANSAS CITY|JACKSON
JACKSON - 000405,5,0.9744565217,31.1826086957,32.0000000000,1,KANSAS CITY,KANSAS CITY|JACKSON
JACKSON - 000408,5,1.0000000000,48.0000000001,48.0000000001,1,KANSAS CITY,KANSAS CITY|JACKSON
JACKSON - 000410,4,0.2916666667,14.0000000000,48.0000000001,1,KANSAS CITY,KANSAS CITY|JACKSON
JACKSON - 000410,5,0.7083333333,34.0000000001,48.0000000001,1,KANSAS CITY,KANSAS CITY|JACKSON
JACKSON - 000411,5,1.0000000000,92.9999999999,92.9999999999,1,KANSAS CITY,KANSAS CITY|JACKSON
JACKSON - 000412,5,1.0000000000,48.9999999999,48.9999999999,1,KANSAS CITY,KANSAS CITY|JACKSON
JACKSON - 000414,5,1.0000000000,42.9999999998,42.9999999998,1,KANSAS CITY,KANSAS CITY|JACKSON
JACKSON - 000417,5,1.0000000000,27.0000000000,27.0000000000,1,KANSAS CITY,KANSAS CITY|JACKSON
JACKSON - 000418,4,0.3829135130,10.7215783647,27.9999999999,1,KANSAS CITY,KANSAS CITY|JACKSON
JACKSON - 000418,5,0.6170864870,17.2784216352,27.9999999999,1,KANSAS CITY,KANSAS CITY|JACKSON
JACKSON - 000419,4,0.9938270220,54.6604862094,55.0000000000,1,KANSAS CITY,KANSAS CITY|JACKSON
JACKSON - 000419,5,0.0061729780,0.3395137906,55.0000000000,1,KANSAS CITY,KANSAS CITY|JACKSON
JACKSON - 000422,4,1.0000000000,16.9999999999,16.9999999999,1,KANSAS CITY,KANSAS CITY|JACKSON
JACKSON - 000423,4,1.0000000000,25.0000000000,25.0000000000,1,KANSAS CITY,KANSAS CITY|JACKSON
JACKSON - 000424,4,1.0000000000,16.0000000000,16.0000000000,1,KANSAS CITY,KANSAS CITY|JACKSON
JACKSON - 000425,4,1.0000000000,43.9999999999,43.9999999999,1,KANSAS CITY,KANSAS CITY|JACKSON
JACKSON - 000426,4,1.0000000000,37.9999999999,37.9999999999,1,KANSAS CITY,KANSAS CITY|JACKSON
JACKSON - 000427,4,1.0000000000,17.0000000000,17.0000000000,1,KANSAS CITY,KANSAS CITY|JACKSON
JACKSON - 000429,4,1.0000000000,67.0000000002,67.0000000002,1,KANSAS CITY,KANSAS CITY|JACKSON
JACKSON - 000431,4,1.0000000000,31.9999999999,31.9999999999,1,KANSAS CITY,KANSAS CITY|JACKSON
JACKSON - 000432,4,1.0000000000,12.0000000000,12.0000000000,1,KANSAS CITY,KANSAS CITY|JACKSON
JACKSON - 000434,4,1.0000000000,43.0000000000,43.0000000000,1,KANSAS CITY,KANSAS CITY|JACKSON
JACKSON - 000435,4,1.0000000000,26.0000000000,26.0000000000,1,KANSAS CITY,KANSAS CITY|JACKSON
JACKSON - 000436,4,1.0000000000,31.0000000000,31.0000000000,1,KANSAS CITY,KANSAS CITY|JACKSON
JACKSON - 000438,5,1.0000000000,38.9999999999,38.9999999999,1,KANSAS CITY,KANSAS CITY|JACKSON
JACKSON - 000440,5,1.0000000000,44.0000000000,44.0000000000,1,KANSAS CITY,KANSAS CITY|JACKSON
JACKSON - 000442,5,1.0000000000,19.0000000000,19.0000000000,1,KANSAS CITY,KANSAS CITY|JACKSON
JACKSON - 000443,5,1.0000000000,11.0000000000,11.0000000000,1,KANSAS CITY,KANSAS CITY|JACKSON
JACKSON - 000445,5,1.0000000000,35.0000000000,35.0000000000,1,KANSAS CITY,KANSAS CITY|JACKSON
JACKSON - 000446,5,1.0000000000,1.0000000000,1.0000000000,1,KANSAS CITY,KANSAS CITY|JACKSON
JACKSON - 000447,5,1.0000000000,33.0000000000,33.0000000000,1,KANSAS CITY,KANSAS CITY|JACKSON
JACKSON - 000448,5,1.0000000000,20.9999999999,20.9999999999,1,KANSAS CITY,KANSAS CITY|JACKSON
JACKSON - 000449,5,1.0000000000,41.0000000000,41.0000000000,1,KANSAS CITY,KANSAS CITY|JACKSON
JACKSON - 000450,5,1.0000000000,48.0000000000,48.0000000000,1,KANSAS CITY,KANSAS CITY|JACKSON
JACKSON - 000452,5,1.0000000000,30.0000000000,30.0000000000,1,KANSAS CITY,KANSAS CITY|JACKSON
JACKSON - 000453,5,1.0000000000,25.0000000000,25.0000000000,1,KANSAS CITY,KANSAS CITY|JACKSON
JACKSON - 000454,5,1.0000000000,8.0000000000,8.0000000000,1,KANSAS CITY,KANSAS CITY|JACKSON
JACKSON - 000455,5,1.0000000000,14.0000000000,14.0000000000,1,KANSAS CITY,KANSAS CITY|JACKSON
JACKSON - 000456,5,1.0000000000,7.0000000000,7.0000000000,1,KANSAS CITY,KANSAS CITY|JACKSON
JACKSON - 000457,5,1.0000000000,14.0000000000,14.0000000000,1,KANSAS CITY,KANSAS CITY|JACKSON
JACKSON - 000458,4,0.1804476481,1.9849241287,11.0000000000,1,KANSAS CITY,KANSAS CITY|JACKSON
JACKSON - 000458,5,0.8195523519,9.0150758713,11.0000000000,1,KANSAS CITY,KANSAS CITY|JACKSON
JACKSON - 000459,5,1.0000000000,17.0000000000,17.0000000000,1,KANSAS CITY,KANSAS CITY|JACKSON
JACKSON - 000460,4,0.0202376438,0.1619011505,8.0000000000,1,KANSAS CITY,KANSAS CITY|JACKSON
JACKSON - 000460,5,0.9797623562,7.8380988495,8.0000000000,1,KANSAS CITY,KANSAS CITY|JACKSON
JACKSON - 000461,5,1.0000000000,13.0000000000,13.0000000000,1,KANSAS CITY,KANSAS CITY|JACKSON
JACKSON - 000462,5,1.0000000000,6.0000000000,6.0000000000,1,KANSAS CITY,KANSAS CITY|JACKSON
JACKSON - 000463,5,1.0000000000,14.0000000000,14.0000000000,1,KANSAS CITY,KANSAS CITY|JACKSON
JACKSON - 000464,5,1.0000000000,28.0000000000,28.0000000000,1,KANSAS CITY,KANSAS CITY|JACKSON
JACKSON - 000467,5,1.0000000000,84.0000000001,84.0000000001,1,KANSAS CITY,KANSAS CITY|JACKSON
JACKSON - 000470,4,0.0922704234,1.0149746572,11.0000000000,1,KANSAS CITY,KANSAS CITY|JACKSON
JACKSON - 000470,5,0.9077295766,9.9850253428,11.0000000000,1,KANSAS CITY,KANSAS CITY|JACKSON
JACKSON - 000471,4,0.1541164196,4.3152597497,28.0000000000,1,KANSAS CITY,KANSAS CITY|JACKSON
JACKSON - 000471,5,0.8458835804,23.6847402503,28.0000000000,1,KANSAS CITY,KANSAS CITY|JACKSON
JACKSON - 000472,5,1.0000000000,8.0000000000,8.0000000000,1,KANSAS CITY,KANSAS CITY|JACKSON
JACKSON - 000473,5,1.0000000000,25.0000000000,25.0000000000,1,KANSAS CITY,KANSAS CITY|JACKSON
JACKSON - 000474,4,0.1039260671,3.1177820125,30.0000000000,1,KANSAS CITY,KANSAS CITY|JACKSON
JACKSON - 000474,5,0.8960739329,26.8822179875,30.0000000000,1,KANSAS CITY,KANSAS CITY|JACKSON
JACKSON - 000475,4,1.0000000000,36.0000000000,36.0000000000,1,KANSAS CITY,KANSAS CITY|JACKSON
JACKSON - 000476,4,1.0000000000,3.0000000000,3.0000000000,1,KANSAS CITY,KANSAS CITY|JACKSON
JACKSON - 000477,5,1.0000000000,4.0000000000,4.0000000000,1,KANSAS CITY,KANSAS CITY|JACKSON
JACKSON - 000478,4,0.3123691487,18.4297797731,59.0000000001,1,KANSAS CITY,KANSAS CITY|JACKSON
JACKSON - 000478,5,0.6876308513,40.5702202270,59.0000000001,1,KANSAS CITY,KANSAS CITY|JACKSON
JACKSON - 000480,5,1.0000000000,15.0000000000,15.0000000000,1,KANSAS CITY,KANSAS CITY|JACKSON
JACKSON - 000481,5,1.0000000000,19.0000000000,19.0000000000,1,KANSAS CITY,KANSAS CITY|JACKSON
JACKSON - 000482,5,1.0000000000,20.0000000000,20.0000000000,1,KANSAS CITY,KANSAS CITY|JACKSON
JACKSON - 000483,4,0.0452513101,0.9955288227,22.0000000000,1,KANSAS CITY,KANSAS CITY|JACKSON
JACKSON - 000483,5,0.9547486899,21.0044711773,22.0000000000,1,KANSAS CITY,KANSAS CITY|JACKSON
JACKSON - 000484,4,0.8823529412,15.0000000000,17.0000000000,1,KANSAS CITY,KANSAS CITY|JACKSON
JACKSON - 000484,5,0.1176470588,2.0000000000,17.0000000000,1,KANSAS CITY,KANSAS CITY|JACKSON
JACKSON - 000485,5,1.0000000000,42.9999999999,42.9999999999,1,KANSAS CITY,KANSAS CITY|JACKSON
JACKSON - 000486,5,1.0000000000,11.0000000000,11.0000000000,1,KANSAS CITY,KANSAS CITY|JACKSON
JACKSON - 000487,4,0.4166666667,10.0000000000,24.0000000000,1,KANSAS CITY,KANSAS CITY|JACKSON
JACKSON - 000487,5,0.5833333333,14.0000000000,24.0000000000,1,KANSAS CITY,KANSAS CITY|JACKSON
JACKSON - 000491,5,1.0000000000,18.0000000000,18.0000000000,1,KANSAS CITY,KANSAS CITY|JACKSON
JACKSON - 000492,5,1.0000000000,29.0000000000,29.0000000000,1,KANSAS CITY,KANSAS CITY|JACKSON
JACKSON - 000494,5,1.0000000000,28.9999999998,28.9999999998,1,KANSAS CITY,KANSAS CITY|JACKSON
JACKSON - 000496,5,1.0000000000,25.0000000000,25.0000000000,1,KANSAS CITY,KANSAS CITY|JACKSON
JACKSON - 000497,5,1.0000000000,17.0000000000,17.0000000000,1,KANSAS CITY,KANSAS CITY|JACKSON
JACKSON - 000500,5,1.0000000000,14.0000000000,14.0000000000,1,KANSAS CITY,KANSAS CITY|JACKSON
JACKSON - 000502,5,1.0000000000,8.0000000000,8.0000000000,1,KANSAS CITY,KANSAS CITY|JACKSON
JACKSON - 000503,5,1.0000000000,10.0000000000,10.0000000000,1,KANSAS CITY,KANSAS CITY|JACKSON
JACKSON - 000504,5,1.0000000000,30.0000000000,30.0000000000,1,KANSAS CITY,KANSAS CITY|JACKSON
JACKSON - 000505,5,1.0000000000,50.0000000000,50.0000000000,1,KANSAS CITY,KANSAS CITY|JACKSON
JACKSON - 000508,5,1.0000000000,16.0000000000,16.0000000000,1,KANSAS CITY,KANSAS CITY|JACKSON
JACKSON - 000509,5,1.0000000000,86.0000000000,86.0000000000,1,KANSAS CITY,KANSAS CITY|JACKSON
JACKSON - 000510,4,1.0000000000,43.0000000000,43.0000000000,1,KANSAS CITY,KANSAS CITY|JACKSON
JACKSON - 000512,4,1.0000000000,38.0000000000,38.0000000000,1,KANSAS CITY,KANSAS CITY|JACKSON
JACKSON - 000514,4,1.0000000000,16.0000000000,16.0000000000,1,KANSAS CITY,KANSAS CITY|JACKSON
JACKSON - 000515,4,1.0000000000,22.0000000000,22.0000000000,1,KANSAS CITY,KANSAS CITY|JACKSON
JACKSON - 000516,4,1.0000000000,22.0000000000,22.0000000000,1,KANSAS CITY,KANSAS CITY|JACKSON
JACKSON - 000517,4,1.0000000000,18.0000000000,18.0000000000,1,KANSAS CITY,KANSAS CITY|JACKSON
JACKSON - 000518,4,1.0000000000,14.0000000000,14.0000000000,1,KANSAS CITY,KANSAS CITY|JACKSON
JACKSON - 000520,4,1.0000000000,12.0000000001,12.0000000001,1,KANSAS CITY,KANSAS CITY|JACKSON
JACKSON - 000521,4,1.0000000000,49.9999999999,49.9999999999,1,KANSAS CITY,KANSAS CITY|JACKSON
JACKSON - 000522,4,1.0000000000,36.0000000000,36.0000000000,1,KANSAS CITY,KANSAS CITY|JACKSON
JACKSON - 000523,4,1.0000000000,47.0000000000,47.0000000000,1,KANSAS CITY,KANSAS CITY|JACKSON
JACKSON - 000525,4,1.0000000000,35.0000000000,35.0000000000,1,KANSAS CITY,KANSAS CITY|JACKSON
JACKSON - 000527,4,1.0000000000,26.0000000000,26.0000000000,1,KANSAS CITY,KANSAS CITY|JACKSON
JACKSON - 000528,4,1.0000000000,43.0000000000,43.0000000000,1,KANSAS CITY,KANSAS CITY|JACKSON
JACKSON - 000529,4,1.0000000000,3.0000000000,3.0000000000,1,KANSAS CITY,KANSAS CITY|JACKSON
JACKSON - 000530,4,1.0000000000,97.0000000000,97.0000000000,1,KANSAS CITY,KANSAS CITY|JACKSON
JACKSON - 000532,4,1.0000000000,22.0000000000,22.0000000000,1,KANSAS CITY,KANSAS CITY|JACKSON
JACKSON - 000533,4,1.0000000000,57.0000000000,57.0000000000,1,KANSAS CITY,KANSAS CITY|JACKSON
JACKSON - 000534,4,1.0000000000,23.0000000000,23.0000000000,1,KANSAS CITY,KANSAS CITY|JACKSON
JACKSON - 000535,4,1.0000000000,64.0000000000,64.0000000000,1,KANSAS CITY,KANSAS CITY|JACKSON
JACKSON - 000538,4,1.0000000000,7.0000000000,7.0000000000,1,KANSAS CITY,KANSAS CITY|JACKSON
JACKSON - 000539,4,1.0000000000,12.0000000000,12.0000000000,1,KANSAS CITY,KANSAS CITY|JACKSON
JACKSON - 000540,4,1.0000000000,17.0000000000,17.0000000000,1,KANSAS CITY,KANSAS CITY|JACKSON
JACKSON - 000541,4,1.0000000000,29.0000000000,29.0000000000,1,KANSAS CITY,KANSAS CITY|JACKSON
JACKSON - 000543,5,1.0000000000,36.9999999999,36.9999999999,1,KANSAS CITY,KANSAS CITY|JACKSON
JACKSON - 000545,5,1.0000000000,22.0000000000,22.0000000000,1,KANSAS CITY,KANSAS CITY|JACKSON
JACKSON - 000546,5,1.0000000000,57.9999999999,57.9999999999,1,KANSAS CITY,KANSAS CITY|JACKSON
JACKSON - 000547,5,1.0000000000,30.0000000000,30.0000000000,1,KANSAS CITY,KANSAS CITY|JACKSON
JACKSON - 000548,5,1.0000000000,25.0000000000,25.0000000000,1,KANSAS CITY,KANSAS CITY|JACKSON
JACKSON - 000549,5,1.0000000000,24.0000000000,24.0000000000,1,KANSAS CITY,KANSAS CITY|JACKSON
JACKSON - 000551,5,1.0000000000,12.0000000000,12.0000000000,1,KANSAS CITY,KANSAS CITY|JACKSON
JACKSON - 000552,5,1.0000000000,16.0000000000,16.0000000000,1,KANSAS CITY,KANSAS CITY|JACKSON
JACKSON - 000553,5,1.0000000000,30.0000000000,30.0000000000,1,KANSAS CITY,KANSAS CITY|JACKSON
JACKSON - 000558,4,1.0000000000,64.0000000000,64.0000000000,1,KANSAS CITY,KANSAS CITY|JACKSON
JACKSON - 000559,4,0.5609756098,23.0000000000,41.0000000000,1,KANSAS CITY,KANSAS CITY|JACKSON
JACKSON - 000559,5,0.4390243902,18.0000000000,41.0000000000,1,KANSAS CITY,KANSAS CITY|JACKSON
JACKSON - 000563,4,1.0000000000,44.0000000000,44.0000000000,1,KANSAS CITY,KANSAS CITY|JACKSON
JACKSON - 000564,4,1.0000000000,40.0000000000,40.0000000000,1,KANSAS CITY,KANSAS CITY|JACKSON
JACKSON - 000565,4,1.0000000000,29.0000000000,29.0000000000,1,KANSAS CITY,KANSAS CITY|JACKSON
JACKSON - 000567,4,1.0000000000,60.0000000000,60.0000000000,1,KANSAS CITY,KANSAS CITY|JACKSON
JACKSON - 000568,4,0.9487179487,37.0000000000,39.0000000000,1,KANSAS CITY,KANSAS CITY|JACKSON
JACKSON - 000568,5,0.0512820513,2.0000000000,39.0000000000,1,KANSAS CITY,KANSAS CITY|JACKSON
JACKSON - 000569,4,1.0000000000,31.0000000000,31.0000000000,1,KANSAS CITY,KANSAS CITY|JACKSON
JACKSON - 000571,4,1.0000000000,30.0000000000,30.0000000000,1,KANSAS CITY,KANSAS CITY|JACKSON
JACKSON - 000572,5,1.0000000000,18.0000000000,18.0000000000,1,KANSAS CITY,KANSAS CITY|JACKSON
JACKSON - 000573,4,1.0000000000,45.0000000000,45.0000000000,1,KANSAS CITY,KANSAS CITY|JACKSON
JACKSON - 000574,4,1.0000000000,10.0000000000,10.0000000000,1,KANSAS CITY,KANSAS CITY|JACKSON
JACKSON - 000575,4,0.6842105263,26.0000000000,38.0000000000,1,KANSAS CITY,KANSAS CITY|JACKSON
JACKSON - 000575,5,0.3157894737,12.0000000000,38.0000000000,1,KANSAS CITY,KANSAS CITY|JACKSON
JACKSON - 000577,4,1.0000000000,48.0000000000,48.0000000000,1,KANSAS CITY,KANSAS CITY|JACKSON
JACKSON - 000579,4,1.0000000000,92.0000000001,92.0000000001,1,KANSAS CITY,KANSAS CITY|JACKSON
JACKSON - 000581,5,1.0000000000,34.0000000001,34.0000000001,0,JACKSON,JACKSON|KANSAS CITY
JASPER - 000002,7,1.0000000000,38.0000000000,38.0000000000,0,JASPER,JASPER
JASPER - 000003,7,1.0000000000,132.9999999998,132.9999999998,0,JASPER,JASPER
JASPER - 000004,7,1.0000000000,70.9999999999,70.9999999999,0,JASPER,JASPER
JASPER - 000005,7,1.0000000000,100.0000000001,100.0000000001,0,JASPER,JASPER
JASPER - 000006,7,1.0000000000,22.9999999998,22.9999999998,0,JASPER,JASPER
JASPER - 000007,7,1.0000000000,27.0000000001,27.0000000001,0,JASPER,JASPER
JASPER - 000008,7,1.0000000000,133.9999999998,133.9999999998,0,JASPER,JASPER
JASPER - 000009,7,1.0000000000,52.0000000000,52.0000000000,0,JASPER,JASPER
JASPER - 000010,7,1.0000000000,40.0000000000,40.0000000000,0,JASPER,JASPER
JASPER - 000011,7,1.0000000000,110.9999999998,110.9999999998,0,JASPER,JASPER
JASPER - 000012,7,1.0000000000,77.0000000000,77.0000000000,0,JASPER,JASPER
JASPER - 000013,7,1.0000000000,59.0000000000,59.0000000000,0,JASPER,JASPER
JASPER - 000014,7,1.0000000000,58.0000000000,58.0000000000,0,JASPER,JASPER
JASPER - 000015,7,1.0000000000,26.0000000000,26.0000000000,0,JASPER,JASPER
JASPER - 000016,7,1.0000000000,41.0000000000,41.0000000000,0,JASPER,JASPER
JASPER - 000017,7,1.0000000000,34.0000000000,34.0000000000,0,JASPER,JASPER
JASPER - 000018,7,1.0000000000,44.0000000000,44.0000000000,0,JASPER,JASPER
JASPER - 000019,7,1.0000000000,90.0000000000,90.0000000000,0,JASPER,JASPER
JASPER - 000020,7,1.0000000000,54.9999999999,54.9999999999,0,JASPER,JASPER
JASPER - 000021,7,1.0000000000,72.0000000001,72.0000000001,0,JASPER,JASPER
JASPER - 000022,7,1.0000000000,56.0000000000,56.0000000000,0,JASPER,JASPER
JASPER - 000023,7,1.0000000000,137.9999999997,137.9999999997,0,JASPER,JASPER
JASPER - 000024,7,1.0000000000,92.0000000003,92.0000000003,0,JASPER,JASPER
JASPER - 000025,7,1.0000000000,149.9999999999,149.9999999999,0,JASPER,JASPER
JASPER - 000026,7,1.0000000000,189.0000000000,189.0000000000,0,JASPER,JASPER
JASPER - 000027,7,1.0000000000,103.0000000000,103.0000000000,0,JASPER,JASPER
JASPER - 000028,7,1.0000000000,57.0000000001,57.0000000001,0,JASPER,JASPER
JASPER - 000029,7,1.0000000000,55.0000000000,55.0000000000,0,JASPER,JASPER
JASPER - 000030,7,1.0000000000,56.0000000000,56.0000000000,0,JASPER,JASPER
JASPER - 000031,7,1.0000000000,118.0000000000,118.0000000000,0,JASPER,JASPER
JASPER - 000032,7,1.0000000000,70.9999999999,70.9999999999,0,JASPER,JASPER
JASPER - 000033,7,1.0000000000,68.0000000000,68.0000000000,0,JASPER,JASPER
JASPER - 000034,7,1.0000000000,83.0000000000,83.0000000000,0,JASPER,JASPER
JASPER - 000035,7,1.0000000000,66.0000000000,66.0000000000,0,JASPER,JASPER
JASPER - 000036,7,1.0000000000,84.0000000000,84.0000000000,0,JASPER,JASPER
JASPER - 000037,7,1.0000000000,61.0000000000,61.0000000000,0,JASPER,JASPER
JASPER - 000038,7,1.0000000000,78.0000000000,78.0000000000,0,JASPER,JASPER
JASPER - 000039,7,1.0000000000,40.0000000000,40.0000000000,0,JASPER,JASPER
JASPER - 000040,7,1.0000000000,29.0000000000,29.0000000000,0,JASPER,JASPER
JASPER - 000041,7,1.0000000000,38.0000000000,38.0000000000,0,JASPER,JASPER
JASPER - 000042,7,1.0000000000,49.0000000000,49.0000000000,0,JASPER,JASPER
JASPER - 000043,7,1.0000000000,94.0000000001,94.0000000001,0,JASPER,JASPER
JASPER - 000044,7,1.0000000000,103.0000000000,103.0000000000,0,JASPER,JASPER
JASPER - 000045,7,1.0000000000,59.0000000000,59.0000000000,0,JASPER,JASPER
JASPER - 000046,7,1.0000000000,39.0000000000,39.0000000000,0,JASPER,JASPER
JASPER - 000047,7,1.0000000000,41.0000000000,41.0000000000,0,JASPER,JASPER
JASPER - 000048,7,1.0000000000,59.0000000000,59.0000000000,0,JASPER,JASPER
JASPER - 000049,7,1.0000000000,93.0000000000,93.0000000000,0,JASPER,JASPER
JASPER - 000050,7,1.0000000000,45.0000000000,45.0000000000,0,JASPER,JASPER
JASPER - 000051,7,1.0000000000,110.9999999999,110.9999999999,0,JASPER,JASPER
JASPER - 000052,7,1.0000000000,80.0000000000,80.0000000000,0,JASPER,JASPER
JASPER - 000053,7,1.0000000000,119.9999999999,119.9999999999,0,JASPER,JASPER
JASPER - 000054,7,1.0000000000,56.9999999999,56.9999999999,0,JASPER,JASPER
JASPER - 000055,7,1.0000000000,141.0000000000,141.0000000000,0,JASPER,JASPER
JASPER - 000056,7,1.0000000000,67.0000000000,67.0000000000,0,JASPER,JASPER
JASPER - 000057,7,1.0000000000,34.0000000000,34.0000000000,0,JASPER,JASPER
JASPER - 000058,7,1.0000000000,53.0000000000,53.0000000000,0,JASPER,JASPER
JASPER - 000059,7,1.0000000000,89.0000000000,89.0000000000,0,JASPER,JASPER
JASPER - 000060,7,1.0000000000,47.9999999999,47.9999999999,0,JASPER,JASPER
JASPER - 000061,7,1.0000000000,82.0000000001,82.0000000001,0,JASPER,JASPER
JASPER - 000062,7,1.0000000000,61.0000000000,61.0000000000,0,JASPER,JASPER
JASPER - 000063,7,1.0000000000,96.9999999997,96.9999999997,0,JASPER,JASPER
JASPER - 000064,7,1.0000000000,108.9999999999,108.9999999999,0,JASPER,JASPER
JASPER - 000065,7,1.0000000000,76.0000000000,76.0000000000,0,JASPER,JASPER
JASPER - 000066,7,1.0000000000,79.0000000000,79.0000000000,0,JASPER,JASPER
JASPER - 000067,7,1.0000000000,79.0000000000,79.0000000000,0,JASPER,JASPER
JASPER - 000068,7,1.0000000000,33.0000000000,33.0000000000,0,JASPER,JASPER
JEFFERSON - 000002,8,1.0000000000,36.0000000001,36.0000000001,0,JEFFERSON,JEFFERSON
JEFFERSON - 000003,8,1.0000000000,17.0000000001,17.0000000001,0,JEFFERSON,JEFFERSON
JEFFERSON - 000004,8,1.0000000000,41.0000000002,41.0000000002,0,JEFFERSON,JEFFERSON
JEFFERSON - 000005,2,0.1713302821,7.7098626931,45.0000000000,0,JEFFERSON,JEFFERSON
JEFFERSON - 000005,8,0.8286697179,37.2901373069,45.0000000000,0,JEFFERSON,JEFFERSON
JEFFERSON - 000006,2,0.0003351551,0.0180983744,53.9999999999,0,JEFFERSON,JEFFERSON
JEFFERSON - 000006,8,0.9996648449,53.9819016255,53.9999999999,0,JEFFERSON,JEFFERSON
JEFFERSON - 000007,2,0.0128205128,1.0000000000,77.9999999999,0,JEFFERSON,JEFFERSON
JEFFERSON - 000007,8,0.9871794872,76.9999999999,77.9999999999,0,JEFFERSON,JEFFERSON
JEFFERSON - 000008,8,1.0000000000,46.9999999996,46.9999999996,0,JEFFERSON,JEFFERSON
JEFFERSON - 000009,8,1.0000000000,8.0000000000,8.0000000000,0,JEFFERSON,JEFFERSON
JEFFERSON - 000010,8,1.0000000000,36.0000000001,36.0000000001,0,JEFFERSON,JEFFERSON
JEFFERSON - 000012,8,1.0000000000,186.9999999999,186.9999999999,0,JEFFERSON,JEFFERSON
JEFFERSON - 000013,8,1.0000000000,28.9999999999,28.9999999999,0,JEFFERSON,JEFFERSON
JEFFERSON - 000014,8,1.0000000000,65.0000000001,65.0000000001,0,JEFFERSON,JEFFERSON
JEFFERSON - 000015,2,1.0000000000,31.0000000000,31.0000000000,0,JEFFERSON,JEFFERSON
JEFFERSON - 000016,2,1.0000000000,159.9999999999,159.9999999999,0,JEFFERSON,JEFFERSON
JEFFERSON - 000017,2,1.0000000000,97.0000000000,97.0000000000,0,JEFFERSON,JEFFERSON
JEFFERSON - 000018,8,1.0000000000,42.9999999999,42.9999999999,0,JEFFERSON,JEFFERSON
JEFFERSON - 000019,8,1.0000000000,61.0000000001,61.0000000001,0,JEFFERSON,JEFFERSON
JEFFERSON - 000020,8,1.0000000000,50.9999999998,50.9999999998,0,JEFFERSON,JEFFERSON
JEFFERSON - 000021,8,1.0000000000,30.0000000001,30.0000000001,0,JEFFERSON,JEFFERSON
JEFFERSON - 000022,2,1.0000000000,49.0000000000,49.0000000000,0,JEFFERSON,JEFFERSON
JEFFERSON - 000023,2,1.0000000000,103.0000000000,103.0000000000,0,JEFFERSON,JEFFERSON
JEFFERSON - 000024,2,1.0000000000,52.0000000000,52.0000000000,0,JEFFERSON,JEFFERSON
JEFFERSON - 000025,2,1.0000000000,162.0000000000,162.0000000000,0,JEFFERSON,JEFFERSON
JEFFERSON - 000026,8,1.0000000000,16.0000000000,16.0000000000,0,JEFFERSON,JEFFERSON
JEFFERSON - 000027,8,1.0000000000,58.0000000005,58.0000000005,0,JEFFERSON,JEFFERSON
JEFFERSON - 000028,8,1.0000000000,47.9999999996,47.9999999996,0,JEFFERSON,JEFFERSON
JEFFERSON - 000029,8,1.0000000000,116.9999999992,116.9999999992,0,JEFFERSON,JEFFERSON
JEFFERSON - 000030,8,1.0000000000,74.0000000002,74.0000000002,0,JEFFERSON,JEFFERSON
JEFFERSON - 000031,2,1.0000000000,106.0000000004,106.0000000004,0,JEFFERSON,JEFFERSON
JEFFERSON - 000032,2,1.0000000000,47.0000000000,47.0000000000,0,JEFFERSON,JEFFERSON
JEFFERSON - 000033,2,1.0000000000,38.0000000000,38.0000000000,0,JEFFERSON,JEFFERSON
JEFFERSON - 000034,8,1.0000000000,76.0000000000,76.0000000000,0,JEFFERSON,JEFFERSON
JEFFERSON - 000035,8,1.0000000000,99.9999999998,99.9999999998,0,JEFFERSON,JEFFERSON
JEFFERSON - 000036,2,0.9997223232,47.9866715151,48.0000000004,0,JEFFERSON,JEFFERSON
JEFFERSON - 000036,8,0.0002776768,0.0133284853,48.0000000004,0,JEFFERSON,JEFFERSON
JEFFERSON - 000037,2,1.0000000000,34.0000000000,34.0000000000,0,JEFFERSON,JEFFERSON
JEFFERSON - 000038,2,1.0000000000,44.9999999998,44.9999999998,0,JEFFERSON,JEFFERSON
JEFFERSON - 000039,2,1.0000000000,14.0000000001,14.0000000001,0,JEFFERSON,JEFFERSON
JEFFERSON - 000040,2,1.0000000000,105.9999999997,105.9999999997,0,JEFFERSON,JEFFERSON
JEFFERSON - 000041,2,1.0000000000,64.0000000002,64.0000000002,0,JEFFERSON,JEFFERSON
JEFFERSON - 000042,2,1.0000000000,40.0000000001,40.0000000001,0,JEFFERSON,JEFFERSON
JEFFERSON - 000043,2,1.0000000000,35.9999999998,35.9999999998,0,JEFFERSON,JEFFERSON
JEFFERSON - 000044,8,1.0000000000,72.0000000001,72.0000000001,0,JEFFERSON,JEFFERSON
JEFFERSON - 000045,2,1.0000000000,70.9999999997,70.9999999997,0,JEFFERSON,JEFFERSON
JEFFERSON - 000046,2,0.9761205223,83.9463649179,85.9999999999,0,JEFFERSON,JEFFERSON
JEFFERSON - 000046,8,0.0238794777,2.0536350820,85.9999999999,0,JEFFERSON,JEFFERSON
JEFFERSON - 000047,8,1.0000000000,42.9999999999,42.9999999999,0,JEFFERSON,JEFFERSON
JEFFERSON - 000048,8,1.0000000000,20.0000000001,20.0000000001,0,JEFFERSON,JEFFERSON
JEFFERSON - 000049,8,1.0000000000,28.0000000000,28.0000000000,0,JEFFERSON,JEFFERSON
JEFFERSON - 000050,8,1.0000000000,80.9999999997,80.9999999997,0,JEFFERSON,JEFFERSON
JEFFERSON - 000051,8,1.0000000000,20.9999999999,20.9999999999,0,JEFFERSON,JEFFERSON
JEFFERSON - 000052,8,1.0000000000,96.0000000002,96.0000000002,0,JEFFERSON,JEFFERSON
JEFFERSON - 000053,2,0.0184686958,1.6067765343,87.0000000000,0,JEFFERSON,JEFFERSON
JEFFERSON - 000053,8,0.9815313042,85.3932234657,87.0000000000,0,JEFFERSON,JEFFERSON
JEFFERSON - 000054,8,1.0000000000,8.0000000000,8.0000000000,0,JEFFERSON,JEFFERSON
JEFFERSON - 000055,8,1.0000000000,42.9999999999,42.9999999999,0,JEFFERSON,JEFFERSON
JEFFERSON - 000056,8,1.0000000000,41.0000000000,41.0000000000,0,JEFFERSON,JEFFERSON
JEFFERSON - 000057,2,1.0000000000,80.9999999999,80.9999999999,0,JEFFERSON,JEFFERSON
JEFFERSON - 000058,2,0.0157326786,1.0383567884,65.9999999998,0,JEFFERSON,JEFFERSON
JEFFERSON - 000058,8,0.9842673214,64.9616432114,65.9999999998,0,JEFFERSON,JEFFERSON
JEFFERSON - 000059,8,1.0000000000,83.0000000000,83.0000000000,0,JEFFERSON,JEFFERSON
JEFFERSON - 000060,2,1.0000000000,150.9999999994,150.9999999994,0,JEFFERSON,JEFFERSON
JEFFERSON - 000061,8,1.0000000000,109.0000000002,109.0000000002,0,JEFFERSON,JEFFERSON
JEFFERSON - 000062,8,1.0000000000,89.0000000001,89.0000000001,0,JEFFERSON,JEFFERSON
JEFFERSON - 000063,8,1.0000000000,36.9999999998,36.9999999998,0,JEFFERSON,JEFFERSON
JEFFERSON - 000064,8,1.0000000000,28.0000000000,28.0000000000,0,JEFFERSON,JEFFERSON
JEFFERSON - 000065,8,1.0000000000,59.0000000001,59.0000000001,0,JEFFERSON,JEFFERSON
JEFFERSON - 000066,8,1.0000000000,131.9999999997,131.9999999997,0,JEFFERSON,JEFFERSON
JEFFERSON - 000067,2,0.0386066602,6.6017388864,171.0000000000,0,JEFFERSON,JEFFERSON
JEFFERSON - 000067,8,0.9613933398,164.3982611136,171.0000000000,0,JEFFERSON,JEFFERSON
JEFFERSON - 000068,2,0.8195261166,185.2129023464,225.9999999998,0,JEFFERSON,JEFFERSON
JEFFERSON - 000068,8,0.1804738834,40.7870976535,225.9999999998,0,JEFFERSON,JEFFERSON
JEFFERSON - 000069,2,0.6779661017,39.9999999996,58.9999999996,0,JEFFERSON,JEFFERSON
JEFFERSON - 000069,8,0.3220338983,19.0000000000,58.9999999996,0,JEFFERSON,JEFFERSON
JOHNSON - 000002,5,1.0000000000,165.9999999998,165.9999999998,0,JOHNSON,JOHNSON
JOHNSON - 000003,5,1.0000000000,164.0000000000,164.0000000000,0,JOHNSON,JOHNSON
JOHNSON - 000004,5,1.0000000000,81.0000000001,81.0000000001,0,JOHNSON,JOHNSON
JOHNSON - 000005,5,1.0000000000,89.0000000000,89.0000000000,0,JOHNSON,JOHNSON
JOHNSON - 000006,5,1.0000000000,161.0000000001,161.0000000001,0,JOHNSON,JOHNSON
JOHNSON - 000007,5,1.0000000000,65.0000000000,65.0000000000,0,JOHNSON,JOHNSON
JOHNSON - 000008,5,1.0000000000,102.0000000000,102.0000000000,0,JOHNSON,JOHNSON
JOHNSON - 000009,5,1.0000000000,106.0000000000,106.0000000000,0,JOHNSON,JOHNSON
JOHNSON - 000010,5,1.0000000000,250.0000000002,250.0000000002,0,JOHNSON,JOHNSON
JOHNSON - 000011,5,1.0000000000,65.0000000000,65.0000000000,0,JOHNSON,JOHNSON
JOHNSON - 000012,5,1.0000000000,113.0000000000,113.0000000000,0,JOHNSON,JOHNSON
JOHNSON - 000013,5,1.0000000000,139.0000000000,139.0000000000,0,JOHNSON,JOHNSON
JOHNSON - 000014,5,1.0000000000,182.9999999999,182.9999999999,0,JOHNSON,JOHNSON
JOHNSON - 000015,5,1.0000000000,134.0000000000,134.0000000000,0,JOHNSON,JOHNSON
JOHNSON - 000016,5,1.0000000000,83.0000000000,83.0000000000,0,JOHNSON,JOHNSON
JOHNSON - 000017,5,1.0000000000,113.9999999999,113.9999999999,0,JOHNSON,JOHNSON
JOHNSON - 000018,5,1.0000000000,181.9999999999,181.9999999999,0,JOHNSON,JOHNSON
JOHNSON - 000019,5,1.0000000000,67.9999999999,67.9999999999,0,JOHNSON,JOHNSON
JOHNSON - 000020,5,1.0000000000,64.0000000000,64.0000000000,0,JOHNSON,JOHNSON
JOHNSON - 000021,5,1.0000000000,102.0000000000,102.0000000000,0,JOHNSON,JOHNSON
KNOX - 000002,6,1.0000000000,133.0000000001,133.0000000001,0,KNOX,KNOX
KNOX - 000003,6,1.0000000000,193.0000000003,193.0000000003,0,KNOX,KNOX
KNOX - 000004,6,1.0000000000,91.9999999996,91.9999999996,0,KNOX,KNOX
KNOX - 000005,6,1.0000000000,170.0000000000,170.0000000000,0,KNOX,KNOX
KNOX - 000006,6,1.0000000000,109.9999999999,109.9999999999,0,KNOX,KNOX
KNOX - 000007,6,1.0000000000,140.9999999998,140.9999999998,0,KNOX,KNOX
LACLEDE - 000002,4,1.0000000000,65.0000000001,65.0000000001,0,LACLEDE,LACLEDE
LACLEDE - 000003,4,1.0000000000,42.0000000000,42.0000000000,0,LACLEDE,LACLEDE
LACLEDE - 000004,4,1.0000000000,50.0000000004,50.0000000004,0,LACLEDE,LACLEDE
LACLEDE - 000005,4,1.0000000000,136.9999999999,136.9999999999,0,LACLEDE,LACLEDE
LACLEDE - 000006,4,1.0000000000,70.0000000000,70.0000000000,0,LACLEDE,LACLEDE
LACLEDE - 000007,4,1.0000000000,176.0000000004,176.0000000004,0,LACLEDE,LACLEDE
LACLEDE - 000008,4,1.0000000000,108.0000000001,108.0000000001,0,LACLEDE,LACLEDE
LACLEDE - 000009,4,1.0000000000,100.9999999997,100.9999999997,0,LACLEDE,LACLEDE
LACLEDE - 000010,4,1.0000000000,115.9999999998,115.9999999998,0,LACLEDE,LACLEDE
LACLEDE - 000011,4,1.0000000000,72.0000000000,72.0000000000,0,LACLEDE,LACLEDE
LACLEDE - 000012,4,1.0000000000,83.0000000000,83.0000000000,0,LACLEDE,LACLEDE
LACLEDE - 000013,4,1.0000000000,153.9999999998,153.9999999998,0,LACLEDE,LACLEDE
LACLEDE - 000014,4,1.0000000000,36.9999999999,36.9999999999,0,LACLEDE,LACLEDE
LACLEDE - 000015,4,1.0000000000,90.0000000000,90.0000000000,0,LACLEDE,LACLEDE
LACLEDE - 000016,4,1.0000000000,178.9999999999,178.9999999999,0,LACLEDE,LACLEDE
LACLEDE - 000017,4,1.0000000000,104.0000000001,104.0000000001,0,LACLEDE,LACLEDE
LACLEDE - 000018,4,1.0000000000,145.0000000000,145.0000000000,0,LACLEDE,LACLEDE
LACLEDE - 000019,4,1.0000000000,66.0000000002,66.0000000002,0,LACLEDE,LACLEDE
LACLEDE - 000020,4,1.0000000000,69.0000000000,69.0000000000,0,LACLEDE,LACLEDE
LACLEDE - 000021,4,1.0000000000,128.0000000004,128.0000000004,0,LACLEDE,LACLEDE
LAFAYETTE - 000002,5,1.0000000000,248.0000000002,248.0000000002,0,LAFAYETTE,LAFAYETTE
LAFAYETTE - 000003,5,1.0000000000,140.0000000002,140.0000000002,0,LAFAYETTE,LAFAYETTE
LAFAYETTE - 000004,5,1.0000000000,146.0000000000,146.0000000000,0,LAFAYETTE,LAFAYETTE
LAFAYETTE - 000005,5,1.0000000000,103.0000000002,103.0000000002,0,LAFAYETTE,LAFAYETTE
LAFAYETTE - 000006,5,1.0000000000,86.0000000003,86.0000000003,0,LAFAYETTE,LAFAYETTE
LAFAYETTE - 000007,5,1.0000000000,199.0000000001,199.0000000001,0,LAFAYETTE,LAFAYETTE
LAFAYETTE - 000008,5,1.0000000000,75.0000000000,75.0000000000,0,LAFAYETTE,LAFAYETTE
LAFAYETTE - 000009,5,1.0000000000,76.0000000000,76.0000000000,0,LAFAYETTE,LAFAYETTE
LAFAYETTE - 000010,5,1.0000000000,81.0000000000,81.0000000000,0,LAFAYETTE,LAFAYETTE
LAFAYETTE - 000011,5,1.0000000000,1.0000000000,1.0000000000,0,LAFAYETTE,LAFAYETTE
LAFAYETTE - 000012,5,1.0000000000,124.9999999999,124.9999999999,0,LAFAYETTE,LAFAYETTE
LAFAYETTE - 000013,5,0.9972239989,296.1755276610,297.0000000003,0,LAFAYETTE,LAFAYETTE
LAFAYETTE - 000013,6,0.0027760011,0.8244723393,297.0000000003,0,LAFAYETTE,LAFAYETTE
LAFAYETTE - 000014,5,1.0000000000,89.0000000000,89.0000000000,0,LAFAYETTE,LAFAYETTE
LAFAYETTE - 000015,5,1.0000000000,353.0000000000,353.0000000000,0,LAFAYETTE,LAFAYETTE
LAFAYETTE - 000016,5,1.0000000000,45.0000000000,45.0000000000,0,LAFAYETTE,LAFAYETTE
LAFAYETTE - 000017,5,1.0000000000,96.0000000001,96.0000000001,0,LAFAYETTE,LAFAYETTE
LAFAYETTE - 000018,5,1.0000000000,105.9999999999,105.9999999999,0,LAFAYETTE,LAFAYETTE
LAFAYETTE - 000019,5,0.9995762782,120.9487296588,120.9999999998,0,LAFAYETTE,LAFAYETTE
LAFAYETTE - 000019,6,0.0004237218,0.0512703410,120.9999999998,0,LAFAYETTE,LAFAYETTE
LAWRENCE - 000002,7,1.0000000000,152.9999999998,152.9999999998,0,LAWRENCE,LAWRENCE
LAWRENCE - 000003,7,1.0000000000,178.9999999999,178.9999999999,0,LAWRENCE,LAWRENCE
LAWRENCE - 000004,7,1.0000000000,109.0000000002,109.0000000002,0,LAWRENCE,LAWRENCE
LAWRENCE - 000005,7,1.0000000000,233.0000000001,233.0000000001,0,LAWRENCE,LAWRENCE
LAWRENCE - 000006,7,1.0000000000,115.9999999994,115.9999999994,0,LAWRENCE,LAWRENCE
LAWRENCE - 000007,7,1.0000000000,54.0000000000,54.0000000000,0,LAWRENCE,LAWRENCE
LAWRENCE - 000008,7,1.0000000000,50.0000000001,50.0000000001,0,LAWRENCE,LAWRENCE
LAWRENCE - 000009,7,1.0000000000,88.9999999999,88.9999999999,0,LAWRENCE,LAWRENCE
LAWRENCE - 000010,4,0.0001961980,0.0235437615,119.9999999997,0,LAWRENCE,LAWRENCE
LAWRENCE - 000010,7,0.9998038020,119.9764562382,119.9999999997,0,LAWRENCE,LAWRENCE
LAWRENCE - 000011,7,1.0000000000,84.9999999998,84.9999999998,0,LAWRENCE,LAWRENCE
LAWRENCE - 000012,7,1.0000000000,157.9999999997,157.9999999997,0,LAWRENCE,LAWRENCE
LAWRENCE - 000013,7,1.0000000000,113.0000000001,113.0000000001,0,LAWRENCE,LAWRENCE
LAWRENCE - 000014,7,1.0000000000,112.9999999999,112.9999999999,0,LAWRENCE,LAWRENCE
LAWRENCE - 000015,7,1.0000000000,136.9999999999,136.9999999999,0,LAWRENCE,LAWRENCE
LAWRENCE - 000016,7,1.0000000000,170.0000000001,170.0000000001,0,LAWRENCE,LAWRENCE
LAWRENCE - 000017,7,1.0000000000,64.0000000000,64.0000000000,0,LAWRENCE,LAWRENCE
LAWRENCE - 000018,7,1.0000000000,147.0000000001,147.0000000001,0,LAWRENCE,LAWRENCE
LAWRENCE - 000019,7,1.0000000000,155.9999999998,155.9999999998,0,LAWRENCE,LAWRENCE
LAWRENCE - 000020,7,1.0000000000,173.0000000001,173.0000000001,0,LAWRENCE,LAWRENCE
LEWIS - 000002,6,1.0000000000,250.9999999999,250.9999999999,0,LEWIS,LEWIS
LEWIS - 000003,6,1.0000000000,106.9999999999,106.9999999999,0,LEWIS,LEWIS
LEWIS - 000004,6,1.0000000000,39.0000000000,39.0000000000,0,LEWIS,LEWIS
LEWIS - 000005,6,1.0000000000,85.0000000000,85.0000000000,0,LEWIS,LEWIS
LEWIS - 000006,6,1.0000000000,82.0000000000,82.0000000000,0,LEWIS,LEWIS
LEWIS - 000007,6,1.0000000000,114.9999999999,114.9999999999,0,LEWIS,LEWIS
LEWIS - 000008,6,1.0000000000,117.0000000000,117.0000000000,0,LEWIS,LEWIS
LEWIS - 000009,6,1.0000000000,96.0000000000,96.0000000000,0,LEWIS,LEWIS
LEWIS - 000010,6,1.0000000000,70.0000000000,70.0000000000,0,LEWIS,LEWIS
LEWIS - 000011,6,1.0000000000,178.0000000000,178.0000000000,0,LEWIS,LEWIS
LINCOLN - 000002,3,1.0000000000,55.0000000003,55.0000000003,0,LINCOLN,LINCOLN
LINCOLN - 000003,3,1.0000000000,55.0000000000,55.0000000000,0,LINCOLN,LINCOLN
LINCOLN - 000004,3,1.0000000000,110.9999999997,110.9999999997,0,LINCOLN,LINCOLN
LINCOLN - 000005,3,1.0000000000,107.9999999999,107.9999999999,0,LINCOLN,LINCOLN
LINCOLN - 000006,3,1.0000000000,119.9999999999,119.9999999999,0,LINCOLN,LINCOLN
LINCOLN - 000007,3,1.0000000000,77.0000000000,77.0000000000,0,LINCOLN,LINCOLN
LINCOLN - 000008,3,1.0000000000,200.9999999998,200.9999999998,0,LINCOLN,LINCOLN
LINCOLN - 000009,3,1.0000000000,128.0000000004,128.0000000004,0,LINCOLN,LINCOLN
LINCOLN - 000010,3,1.0000000000,56.0000000000,56.0000000000,0,LINCOLN,LINCOLN
LINCOLN - 000011,3,1.0000000000,89.9999999999,89.9999999999,0,LINCOLN,LINCOLN
LINCOLN - 000012,3,1.0000000000,187.0000000002,187.0000000002,0,LINCOLN,LINCOLN
LINCOLN - 000013,3,1.0000000000,80.0000000002,80.0000000002,0,LINCOLN,LINCOLN
LINCOLN - 000014,3,1.0000000000,81.9999999999,81.9999999999,0,LINCOLN,LINCOLN
LINCOLN - 000015,3,1.0000000000,45.0000000000,45.0000000000,0,LINCOLN,LINCOLN
LINCOLN - 000016,3,1.0000000000,64.0000000000,64.0000000000,0,LINCOLN,LINCOLN
LINCOLN - 000017,3,1.0000000000,71.9999999998,71.9999999998,0,LINCOLN,LINCOLN
LINCOLN - 000018,3,1.0000000000,63.0000000003,63.0000000003,0,LINCOLN,LINCOLN
LINCOLN - 000019,3,1.0000000000,148.9999999999,148.9999999999,0,LINCOLN,LINCOLN
LINCOLN - 000020,3,1.0000000000,38.0000000000,38.0000000000,0,LINCOLN,LINCOLN
LINCOLN - 000021,3,1.0000000000,55.9999999998,55.9999999998,0,LINCOLN,LINCOLN
LINCOLN - 000022,3,1.0000000000,118.0000000000,118.0000000000,0,LINCOLN,LINCOLN
LINCOLN - 000023,3,1.0000000000,79.0000000000,79.0000000000,0,LINCOLN,LINCOLN
LIVINGSTON - 000002,6,1.0000000000,74.0000000001,74.0000000001,0,LIVINGSTON,LIVINGSTON
LIVINGSTON - 000003,6,1.0000000000,75.0000000000,75.0000000000,0,LIVINGSTON,LIVINGSTON
LIVINGSTON - 000004,6,1.0000000000,83.0000000000,83.0000000000,0,LIVINGSTON,LIVINGSTON
LIVINGSTON - 000005,6,1.0000000000,184.0000000000,184.0000000000,0,LIVINGSTON,LIVINGSTON
LIVINGSTON - 000006,6,1.0000000000,60.0000000000,60.0000000000,0,LIVINGSTON,LIVINGSTON
LIVINGSTON - 000007,6,1.0000000000,158.0000000001,158.0000000001,0,LIVINGSTON,LIVINGSTON
LIVINGSTON - 000008,6,1.0000000000,119.0000000001,119.0000000001,0,LIVINGSTON,LIVINGSTON
LIVINGSTON - 000009,6,1.0000000000,87.9999999999,87.9999999999,0,LIVINGSTON,LIVINGSTON
LIVINGSTON - 000010,6,1.0000000000,91.9999999996,91.9999999996,0,LIVINGSTON,LIVINGSTON
LIVINGSTON - 000011,6,1.0000000000,86.0000000000,86.0000000000,0,LIVINGSTON,LIVINGSTON
LIVINGSTON - 000012,6,1.0000000000,108.0000000001,108.0000000001,0,LIVINGSTON,LIVINGSTON
LIVINGSTON - 000013,6,1.0000000000,30.0000000000,30.0000000000,0,LIVINGSTON,LIVINGSTON
LIVINGSTON - 000014,6,1.0000000000,82.0000000000,82.0000000000,0,LIVINGSTON,LIVINGSTON
LIVINGSTON - 000015,6,1.0000000000,63.0000000000,63.0000000000,0,LIVINGSTON,LIVINGSTON
LIVINGSTON - 000016,6,1.0000000000,58.9999999999,58.9999999999,0,LIVINGSTON,LIVINGSTON
LIVINGSTON - 000017,6,1.0000000000,58.0000000000,58.0000000000,0,LIVINGSTON,LIVINGSTON
LIVINGSTON - 000018,6,1.0000000000,81.0000000002,81.0000000002,0,LIVINGSTON,LIVINGSTON
MACON - 000002,6,1.0000000000,163.0000000002,163.0000000002,0,MACON,MACON
MACON - 000003,6,1.0000000000,247.9999999998,247.9999999998,0,MACON,MACON
MACON - 000004,6,1.0000000000,222.0000000002,222.0000000002,0,MACON,MACON
MACON - 000005,6,1.0000000000,108.0000000001,108.0000000001,0,MACON,MACON
MACON - 000006,6,1.0000000000,133.9999999998,133.9999999998,0,MACON,MACON
MACON - 000007,6,1.0000000000,338.9999999999,338.9999999999,0,MACON,MACON
MACON - 000008,6,1.0000000000,327.0000000000,327.0000000000,0,MACON,MACON
MACON - 000009,6,1.0000000000,59.9999999999,59.9999999999,0,MACON,MACON
MACON - 000010,6,1.0000000000,52.9999999999,52.9999999999,0,MACON,MACON
MACON - 000011,6,1.0000000000,68.9999999999,68.9999999999,0,MACON,MACON
MACON - 000012,6,1.0000000000,79.0000000000,79.0000000000,0,MACON,MACON
MACON - 000013,6,1.0000000000,197.9999999999,197.9999999999,0,MACON,MACON
MADISON - 000002,8,1.0000000000,28.0000000000,28.0000000000,0,MADISON,MADISON
MADISON - 000003,8,1.0000000000,15.0000000000,15.0000000000,0,MADISON,MADISON
MADISON - 000004,8,1.0000000000,89.0000000005,89.0000000005,0,MADISON,MADISON
MADISON - 000005,8,1.0000000000,115.0000000001,115.0000000001,0,MADISON,MADISON
MADISON - 000006,8,1.0000000000,38.0000000000,38.0000000000,0,MADISON,MADISON
MADISON - 000007,8,1.0000000000,43.0000000001,43.0000000001,0,MADISON,MADISON
MADISON - 000008,8,1.0000000000,55.0000000000,55.0000000000,0,MADISON,MADISON
MADISON - 000009,8,1.0000000000,106.9999999999,106.9999999999,0,MADISON,MADISON
MADISON - 000010,8,1.0000000000,58.9999999999,58.9999999999,0,MADISON,MADISON
MADISON - 000011,8,1.0000000000,15.0000000001,15.0000000001,0,MADISON,MADISON
MADISON - 000012,8,1.0000000000,100.0000000000,100.0000000000,0,MADISON,MADISON
MADISON - 000013,8,1.0000000000,16.0000000000,16.0000000000,0,MADISON,MADISON
MADISON - 000014,8,1.0000000000,7.0000000000,7.0000000000,0,MADISON,MADISON
MADISON - 000015,8,1.0000000000,131.0000000001,131.0000000001,0,MADISON,MADISON
MADISON - 000016,8,1.0000000000,41.0000000000,41.0000000000,0,MADISON,MADISON
MADISON - 000017,8,1.0000000000,50.0000000000,50.0000000000,0,MADISON,MADISON
MADISON - 000018,8,1.0000000000,63.0000000000,63.0000000000,0,MADISON,MADISON
MARIES - 000002,5,1.0000000000,154.0000000005,154.0000000005,0,MARIES,MARIES
MARIES - 000003,5,1.0000000000,59.0000000001,59.0000000001,0,MARIES,MARIES
MARIES - 000004,5,1.0000000000,90.0000000000,90.0000000000,0,MARIES,MARIES
MARIES - 000005,5,1.0000000000,41.0000000001,41.0000000001,0,MARIES,MARIES
MARIES - 000006,5,1.0000000000,69.0000000000,69.0000000000,0,MARIES,MARIES
MARIES - 000007,5,1.0000000000,75.0000000001,75.0000000001,0,MARIES,MARIES
MARIES - 000008,5,1.0000000000,45.0000000001,45.0000000001,0,MARIES,MARIES
MARIES - 000009,4,0.0266919363,1.2812129408,48.0000000001,0,MARIES,MARIES
MARIES - 000009,5,0.9733080637,46.7187870593,48.0000000001,0,MARIES,MARIES
MARIES - 000010,5,1.0000000000,56.9999999999,56.9999999999,0,MARIES,MARIES
MARIES - 000011,5,1.0000000000,163.0000000005,163.0000000005,0,MARIES,MARIES
MARION - 000002,6,1.0000000000,51.9999999999,51.9999999999,0,MARION,MARION
MARION - 000003,6,1.0000000000,35.0000000000,35.0000000000,0,MARION,MARION
MARION - 000004,6,1.0000000000,80.9999999999,80.9999999999,0,MARION,MARION
MARION - 000005,6,1.0000000000,32.0000000000,32.0000000000,0,MARION,MARION
MARION - 000006,6,1.0000000000,79.0000000000,79.0000000000,0,MARION,MARION
MARION - 000007,6,1.0000000000,82.9999999999,82.9999999999,0,MARION,MARION
MARION - 000008,6,1.0000000000,61.0000000000,61.0000000000,0,MARION,MARION
MARION - 000009,6,1.0000000000,105.9999999998,105.9999999998,0,MARION,MARION
MARION - 000010,6,1.0000000000,34.0000000000,34.0000000000,0,MARION,MARION
MARION - 000011,6,1.0000000000,30.0000000002,30.0000000002,0,MARION,MARION
MARION - 000012,6,1.0000000000,109.9999999999,109.9999999999,0,MARION,MARION
MARION - 000013,6,1.0000000000,26.9999999999,26.9999999999,0,MARION,MARION
MARION - 000014,6,1.0000000000,92.0000000003,92.0000000003,0,MARION,MARION
MARION - 000015,6,1.0000000000,80.9999999999,80.9999999999,0,MARION,MARION
MARION - 000016,6,1.0000000000,98.0000000002,98.0000000002,0,MARION,MARION
MARION - 000017,6,1.0000000000,89.0000000001,89.0000000001,0,MARION,MARION
MARION - 000018,6,1.0000000000,107.0000000000,107.0000000000,0,MARION,MARION
MARION - 000019,6,1.0000000000,110.9999999997,110.9999999997,0,MARION,MARION
MARION - 000020,6,1.0000000000,134.0000000001,134.0000000001,0,MARION,MARION
MARION - 000021,6,1.0000000000,54.0000000000,54.0000000000,0,MARION,MARION
MCDONALD - 000002,7,1.0000000000,116.0000000001,116.0000000001,0,MCDONALD,MCDONALD
MCDONALD - 000003,7,1.0000000000,106.0000000001,106.0000000001,0,MCDONALD,MCDONALD
MCDONALD - 000004,7,1.0000000000,24.0000000000,24.0000000000,0,MCDONALD,MCDONALD
MCDONALD - 000005,7,1.0000000000,62.0000000000,62.0000000000,0,MCDONALD,MCDONALD
MCDONALD - 000006,7,1.0000000000,114.0000000000,114.0000000000,0,MCDONALD,MCDONALD
MCDONALD - 000007,7,1.0000000000,78.0000000001,78.0000000001,0,MCDONALD,MCDONALD
MCDONALD - 000008,7,1.0000000000,50.0000000000,50.0000000000,0,MCDONALD,MCDONALD
MCDONALD - 000009,7,1.0000000000,108.9999999999,108.9999999999,0,MCDONALD,MCDONALD
MCDONALD - 000010,7,1.0000000000,112.9999999996,112.9999999996,0,MCDONALD,MCDONALD
MCDONALD - 000011,7,1.0000000000,64.0000000000,64.0000000000,0,MCDONALD,MCDONALD
MCDONALD - 000012,7,1.0000000000,34.0000000000,34.0000000000,0,MCDONALD,MCDONALD
MCDONALD - 000013,7,1.0000000000,52.9999999999,52.9999999999,0,MCDONALD,MCDONALD
MCDONALD - 000014,7,1.0000000000,65.0000000000,65.0000000000,0,MCDONALD,MCDONALD
MCDONALD - 000015,7,1.0000000000,71.9999999998,71.9999999998,0,MCDONALD,MCDONALD
MCDONALD - 000016,7,1.0000000000,97.9999999997,97.9999999997,0,MCDONALD,MCDONALD
MCDONALD - 000017,7,1.0000000000,75.9999999999,75.9999999999,0,MCDONALD,MCDONALD
MCDONALD - 000018,7,1.0000000000,100.9999999999,100.9999999999,0,MCDONALD,MCDONALD
MCDONALD - 000019,7,1.0000000000,71.0000000000,71.0000000000,0,MCDONALD,MCDONALD
MCDONALD - 000020,7,1.0000000000,57.9999999999,57.9999999999,0,MCDONALD,MCDONALD
MERCER - 000002,6,1.0000000000,51.9999999999,51.9999999999,0,MERCER,MERCER
MERCER - 000003,6,1.0000000000,79.0000000000,79.0000000000,0,MERCER,MERCER
MERCER - 000004,6,1.0000000000,43.0000000000,43.0000000000,0,MERCER,MERCER
MERCER - 000005,6,1.0000000000,167.9999999998,167.9999999998,0,MERCER,MERCER
MERCER - 000006,6,1.0000000000,59.0000000000,59.0000000000,0,MERCER,MERCER
MERCER - 000007,6,1.0000000000,198.0000000000,198.0000000000,0,MERCER,MERCER
MERCER - 000008,6,1.0000000000,67.0000000000,67.0000000000,0,MERCER,MERCER
MERCER - 000009,6,1.0000000000,35.0000000000,35.0000000000,0,MERCER,MERCER
MERCER - 000010,6,1.0000000000,70.0000000000,70.0000000000,0,MERCER,MERCER
MILLER - 000002,5,1.0000000000,92.9999999999,92.9999999999,0,MILLER,MILLER
MILLER - 000003,5,1.0000000000,21.0000000000,21.0000000000,0,MILLER,MILLER
MILLER - 000004,5,1.0000000000,16.0000000000,16.0000000000,0,MILLER,MILLER
MILLER - 000005,5,1.0000000000,84.0000000002,84.0000000002,0,MILLER,MILLER
MILLER - 000006,5,1.0000000000,54.9999999999,54.9999999999,0,MILLER,MILLER
MILLER - 000007,5,1.0000000000,100.0000000000,100.0000000000,0,MILLER,MILLER
MILLER - 000008,5,1.0000000000,177.9999999997,177.9999999997,0,MILLER,MILLER
MILLER - 000009,5,1.0000000000,113.0000000002,113.0000000002,0,MILLER,MILLER
MILLER - 000010,5,1.0000000000,39.0000000000,39.0000000000,0,MILLER,MILLER
MILLER - 000011,5,1.0000000000,100.0000000000,100.0000000000,0,MILLER,MILLER
MILLER - 000012,5,1.0000000000,115.0000000001,115.0000000001,0,MILLER,MILLER
MILLER - 000013,5,1.0000000000,166.0000000003,166.0000000003,0,MILLER,MILLER
MILLER - 000014,4,0.0000013161,0.0000894962,68.0000000002,0,MILLER,MILLER
MILLER - 000014,5,0.9999986839,67.9999105040,68.0000000002,0,MILLER,MILLER
MILLER - 000015,5,1.0000000000,67.9999999999,67.9999999999,0,MILLER,MILLER
MILLER - 000016,5,1.0000000000,122.9999999999,122.9999999999,0,MILLER,MILLER
MILLER - 000017,5,1.0000000000,16.9999999999,16.9999999999,0,MILLER,MILLER
MILLER - 000018,5,1.0000000000,139.0000000000,139.0000000000,0,MILLER,MILLER
MILLER - 000019,5,1.0000000000,141.0000000001,141.0000000001,0,MILLER,MILLER
MILLER - 000020,5,1.0000000000,102.9999999998,102.9999999998,0,MILLER,MILLER
MILLER - 000021,5,1.0000000000,23.0000000000,23.0000000000,0,MILLER,MILLER
MILLER - 000022,5,1.0000000000,147.9999999999,147.9999999999,0,MILLER,MILLER
MILLER - 000023,5,1.0000000000,96.0000000000,96.0000000000,0,MILLER,MILLER
MISSISSIPPI - 000002,8,1.0000000000,108.0000000000,108.0000000000,0,MISSISSIPPI,MISSISSIPPI
MISSISSIPPI - 000003,8,1.0000000000,111.0000000001,111.0000000001,0,MISSISSIPPI,MISSISSIPPI
MISSISSIPPI - 000004,8,1.0000000000,128.0000000001,128.0000000001,0,MISSISSIPPI,MISSISSIPPI
MISSISSIPPI - 000005,8,1.0000000000,150.0000000001,150.0000000001,0,MISSISSIPPI,MISSISSIPPI
MISSISSIPPI - 000006,8,1.0000000000,102.0000000004,102.0000000004,0,MISSISSIPPI,MISSISSIPPI
MISSISSIPPI - 000007,8,1.0000000000,46.9999999999,46.9999999999,0,MISSISSIPPI,MISSISSIPPI
MISSISSIPPI - 000008,8,1.0000000000,197.0000000000,197.0000000000,0,MISSISSIPPI,MISSISSIPPI
MISSISSIPPI - 000009,8,1.0000000000,116.9999999999,116.9999999999,0,MISSISSIPPI,MISSISSIPPI
MISSISSIPPI - 000010,8,1.0000000000,3.0000000000,3.0000000000,0,MISSISSIPPI,MISSISSIPPI
MISSISSIPPI - 000011,8,1.0000000000,87.0000000001,87.0000000001,0,MISSISSIPPI,MISSISSIPPI
MISSISSIPPI - 000012,8,1.0000000000,143.0000000000,143.0000000000,0,MISSISSIPPI,MISSISSIPPI
MONITEAU - 000002,5,1.0000000000,74.0000000003,74.0000000003,0,MONITEAU,MONITEAU
MONITEAU - 000003,5,1.0000000000,76.0000000001,76.0000000001,0,MONITEAU,MONITEAU
MONITEAU - 000004,5,1.0000000000,65.0000000000,65.0000000000,0,MONITEAU,MONITEAU
MONITEAU - 000005,5,1.0000000000,100.0000000000,100.0000000000,0,MONITEAU,MONITEAU
MONITEAU - 000006,5,1.0000000000,53.0000000000,53.0000000000,0,MONITEAU,MONITEAU
MONITEAU - 000007,5,1.0000000000,82.9999999998,82.9999999998,0,MONITEAU,MONITEAU
MONITEAU - 000008,5,1.0000000000,95.0000000000,95.0000000000,0,MONITEAU,MONITEAU
MONITEAU - 000009,5,1.0000000000,98.9999999999,98.9999999999,0,MONITEAU,MONITEAU
MONITEAU - 000010,5,1.0000000000,101.9999999999,101.9999999999,0,MONITEAU,MONITEAU
MONITEAU - 000011,5,1.0000000000,66.0000000000,66.0000000000,0,MONITEAU,MONITEAU
MONITEAU - 000012,5,1.0000000000,77.0000000001,77.0000000001,0,MONITEAU,MONITEAU
MONITEAU - 000013,5,1.0000000000,74.0000000000,74.0000000000,0,MONITEAU,MONITEAU
MONITEAU - 000014,5,1.0000000000,83.0000000000,83.0000000000,0,MONITEAU,MONITEAU
MONITEAU - 000015,5,1.0000000000,137.0000000006,137.0000000006,0,MONITEAU,MONITEAU
MONROE - 000002,3,1.0000000000,73.0000000001,73.0000000001,0,MONROE,MONROE
MONROE - 000003,3,1.0000000000,83.9999999996,83.9999999996,0,MONROE,MONROE
MONROE - 000004,3,1.0000000000,57.0000000000,57.0000000000,0,MONROE,MONROE
MONROE - 000005,3,1.0000000000,31.0000000000,31.0000000000,0,MONROE,MONROE
MONROE - 000006,3,1.0000000000,126.0000000001,126.0000000001,0,MONROE,MONROE
MONROE - 000007,3,1.0000000000,47.9999999999,47.9999999999,0,MONROE,MONROE
MONROE - 000008,3,1.0000000000,31.0000000000,31.0000000000,0,MONROE,MONROE
MONROE - 000009,3,1.0000000000,91.9999999998,91.9999999998,0,MONROE,MONROE
MONROE - 000010,3,1.0000000000,86.0000000001,86.0000000001,0,MONROE,MONROE
MONROE - 000011,3,1.0000000000,43.9999999999,43.9999999999,0,MONROE,MONROE
MONROE - 000012,3,1.0000000000,41.9999999999,41.9999999999,0,MONROE,MONROE
MONROE - 000013,3,1.0000000000,167.0000000000,167.0000000000,0,MONROE,MONROE
MONROE - 000014,3,1.0000000000,89.0000000002,89.0000000002,0,MONROE,MONROE
MONROE - 000015,3,1.0000000000,103.0000000003,103.0000000003,0,MONROE,MONROE
MONROE - 000016,3,1.0000000000,120.0000000001,120.0000000001,0,MONROE,MONROE
MONROE - 000017,3,1.0000000000,64.9999999999,64.9999999999,0,MONROE,MONROE
MONTGOMERY - 000002,3,1.0000000000,151.0000000001,151.0000000001,0,MONTGOMERY,MONTGOMERY
MONTGOMERY - 000003,3,1.0000000000,82.0000000001,82.0000000001,0,MONTGOMERY,MONTGOMERY
MONTGOMERY - 000004,3,1.0000000000,86.0000000003,86.0000000003,0,MONTGOMERY,MONTGOMERY
MONTGOMERY - 000005,3,1.0000000000,114.9999999998,114.9999999998,0,MONTGOMERY,MONTGOMERY
MONTGOMERY - 000006,3,1.0000000000,132.0000000000,132.0000000000,0,MONTGOMERY,MONTGOMERY
MONTGOMERY - 000007,3,1.0000000000,65.0000000002,65.0000000002,0,MONTGOMERY,MONTGOMERY
MONTGOMERY - 000008,3,1.0000000000,279.9999999997,279.9999999997,0,MONTGOMERY,MONTGOMERY
MONTGOMERY - 000009,3,1.0000000000,186.0000000001,186.0000000001,0,MONTGOMERY,MONTGOMERY
MONTGOMERY - 000010,2,0.0047530753,0.7652451154,161.0000000002,0,MONTGOMERY,MONTGOMERY
MONTGOMERY - 000010,3,0.9952469247,160.2347548848,161.0000000002,0,MONTGOMERY,MONTGOMERY
MONTGOMERY - 000011,3,1.0000000000,212.0000000000,212.0000000000,0,MONTGOMERY,MONTGOMERY
MORGAN - 000002,5,1.0000000000,111.9999999999,111.9999999999,0,MORGAN,MORGAN
MORGAN - 000003,5,1.0000000000,156.0000000000,156.0000000000,0,MORGAN,MORGAN
MORGAN - 000004,5,1.0000000000,214.0000000000,214.0000000000,0,MORGAN,MORGAN
MORGAN - 000005,5,1.0000000000,271.0000000001,271.0000000001,0,MORGAN,MORGAN
MORGAN - 000006,5,1.0000000000,275.0000000000,275.0000000000,0,MORGAN,MORGAN
MORGAN - 000007,5,1.0000000000,81.0000000001,81.0000000001,0,MORGAN,MORGAN
MORGAN - 000008,5,1.0000000000,111.0000000000,111.0000000000,0,MORGAN,MORGAN
MORGAN - 000009,5,1.0000000000,128.0000000000,128.0000000000,0,MORGAN,MORGAN
MORGAN - 000010,5,1.0000000000,172.9999999998,172.9999999998,0,MORGAN,MORGAN
MORGAN - 000011,5,1.0000000000,201.9999999999,201.9999999999,0,MORGAN,MORGAN
MORGAN - 000012,5,1.0000000000,258.9999999991,258.9999999991,0,MORGAN,MORGAN
NEW MADRID - 000002,8,1.0000000000,186.9999999999,186.9999999999,0,NEW MADRID,NEW MADRID
NEW MADRID - 000003,8,1.0000000000,98.0000000000,98.0000000000,0,NEW MADRID,NEW MADRID
NEW MADRID - 000004,8,1.0000000000,91.9999999999,91.9999999999,0,NEW MADRID,NEW MADRID
NEW MADRID - 000005,8,1.0000000000,48.9999999999,48.9999999999,0,NEW MADRID,NEW MADRID
NEW MADRID - 000006,8,1.0000000000,137.0000000000,137.0000000000,0,NEW MADRID,NEW MADRID
NEW MADRID - 000007,8,1.0000000000,158.0000000001,158.0000000001,0,NEW MADRID,NEW MADRID
NEW MADRID - 000008,8,1.0000000000,43.0000000000,43.0000000000,0,NEW MADRID,NEW MADRID
NEW MADRID - 000009,8,1.0000000000,137.0000000001,137.0000000001,0,NEW MADRID,NEW MADRID
NEW MADRID - 000010,8,1.0000000000,44.0000000001,44.0000000001,0,NEW MADRID,NEW MADRID
NEW MADRID - 000011,8,1.0000000000,62.0000000001,62.0000000001,0,NEW MADRID,NEW MADRID
NEW MADRID - 000012,8,1.0000000000,150.0000000001,150.0000000001,0,NEW MADRID,NEW MADRID
NEW MADRID - 000013,8,1.0000000000,19.9999999999,19.9999999999,0,NEW MADRID,NEW MADRID
NEW MADRID - 000014,8,1.0000000000,3.0000000000,3.0000000000,0,NEW MADRID,NEW MADRID
NEW MADRID - 000015,8,1.0000000000,58.0000000000,58.0000000000,0,NEW MADRID,NEW MADRID
NEW MADRID - 000016,8,1.0000000000,132.9999999998,132.9999999998,0,NEW MADRID,NEW MADRID
NEW MADRID - 000017,8,1.0000000000,46.9999999999,46.9999999999,0,NEW MADRID,NEW MADRID
NEW MADRID - 000018,8,1.0000000000,51.0000000000,51.0000000000,0,NEW MADRID,NEW MADRID
NEW MADRID - 000019,8,1.0000000000,15.9999999999,15.9999999999,0,NEW MADRID,NEW MADRID
NEW MADRID - 000020,8,1.0000000000,56.0000000000,56.0000000000,0,NEW MADRID,NEW MADRID
NEW MADRID - 000021,8,1.0000000000,156.0000000000,156.0000000000,0,NEW MADRID,NEW MADRID
NEW MADRID - 000022,8,1.0000000000,67.9999999997,67.9999999997,0,NEW MADRID,NEW MADRID
NEW MADRID - 000023,8,1.0000000000,98.0000000000,98.0000000000,0,NEW MADRID,NEW MADRID
NEW MADRID - 000024,8,1.0000000000,56.0000000000,56.0000000000,0,NEW MADRID,NEW MADRID
NEWTON - 000002,7,1.0000000000,160.0000000001,160.0000000001,0,NEWTON,NEWTON
NEWTON - 000003,7,1.0000000000,206.9999999999,206.9999999999,0,NEWTON,NEWTON
NEWTON - 000004,7,1.0000000000,129.0000000000,129.0000000000,0,NEWTON,NEWTON
NEWTON - 000005,7,1.0000000000,225.9999999999,225.9999999999,0,NEWTON,NEWTON
NEWTON - 000006,7,1.0000000000,92.8866200183,92.8866200183,0,NEWTON,NEWTON
NEWTON - 000007,7,1.0000000000,159.0000000001,159.0000000001,0,NEWTON,NEWTON
NEWTON - 000008,7,1.0000000000,106.0000000000,106.0000000000,0,NEWTON,NEWTON
NEWTON - 000009,7,1.0000000000,113.9999999999,113.9999999999,0,NEWTON,NEWTON
NEWTON - 000010,7,1.0000000000,149.9999999998,149.9999999998,0,NEWTON,NEWTON
NEWTON - 000011,7,1.0000000000,68.0000000002,68.0000000002,0,NEWTON,NEWTON
NEWTON - 000012,7,1.0000000000,210.9999999996,210.9999999996,0,NEWTON,NEWTON
NEWTON - 000013,7,1.0000000000,91.0000000000,91.0000000000,0,NEWTON,NEWTON
NEWTON - 000014,7,1.0000000000,104.0000000002,104.0000000002,0,NEWTON,NEWTON
NEWTON - 000015,7,1.0000000000,85.0000000000,85.0000000000,0,NEWTON,NEWTON
NEWTON - 000016,7,1.0000000000,174.0000000000,174.0000000000,0,NEWTON,NEWTON
NEWTON - 000017,7,1.0000000000,32.9999999996,32.9999999996,0,NEWTON,NEWTON
NEWTON - 000018,7,1.0000000000,45.0000000000,45.0000000000,0,NEWTON,NEWTON
NEWTON - 000019,7,1.0000000000,76.9999999998,76.9999999998,0,NEWTON,NEWTON
NEWTON - 000020,7,1.0000000000,70.9999999998,70.9999999998,0,NEWTON,NEWTON
NEWTON - 000021,7,1.0000000000,114.0000000000,114.0000000000,0,NEWTON,NEWTON
NEWTON - 000022,7,1.0000000000,115.0000000001,115.0000000001,0,NEWTON,NEWTON
NEWTON - 000023,7,1.0000000000,113.9999999999,113.9999999999,0,NEWTON,NEWTON
NEWTON - 000024,7,1.0000000000,126.0000000001,126.0000000001,0,NEWTON,NEWTON
NODAWAY - 000002,6,1.0000000000,113.9999999998,113.9999999998,0,NODAWAY,NODAWAY
NODAWAY - 000003,6,1.0000000000,115.9999999999,115.9999999999,0,NODAWAY,NODAWAY
NODAWAY - 000004,6,1.0000000000,99.0000000000,99.0000000000,0,NODAWAY,NODAWAY
NODAWAY - 000005,6,1.0000000000,124.0000000003,124.0000000003,0,NODAWAY,NODAWAY
NODAWAY - 000006,6,1.0000000000,140.9999999999,140.9999999999,0,NODAWAY,NODAWAY
NODAWAY - 000007,6,1.0000000000,59.0000000001,59.0000000001,0,NODAWAY,NODAWAY
NODAWAY - 000008,6,1.0000000000,64.0000000000,64.0000000000,0,NODAWAY,NODAWAY
NODAWAY - 000009,6,1.0000000000,132.0000000001,132.0000000001,0,NODAWAY,NODAWAY
NODAWAY - 000010,6,1.0000000000,113.0000000001,113.0000000001,0,NODAWAY,NODAWAY
NODAWAY - 000011,6,1.0000000000,130.0000000001,130.0000000001,0,NODAWAY,NODAWAY
NODAWAY - 000012,6,1.0000000000,104.9999999999,104.9999999999,0,NODAWAY,NODAWAY
NODAWAY - 000013,6,1.0000000000,124.0000000000,124.0000000000,0,NODAWAY,NODAWAY
NODAWAY - 000014,6,1.0000000000,171.0000000000,171.0000000000,0,NODAWAY,NODAWAY
NODAWAY - 000015,6,1.0000000000,139.0000000001,139.0000000001,0,NODAWAY,NODAWAY
NODAWAY - 000016,6,1.0000000000,163.0000000002,163.0000000002,0,NODAWAY,NODAWAY
NODAWAY - 000017,6,1.0000000000,157.0000000000,157.0000000000,0,NODAWAY,NODAWAY
NODAWAY - 000018,6,1.0000000000,113.0000000001,113.0000000001,0,NODAWAY,NODAWAY
NODAWAY - 000019,6,1.0000000000,91.0000000000,91.0000000000,0,NODAWAY,NODAWAY
NODAWAY - 000020,6,1.0000000000,60.0000000000,60.0000000000,0,NODAWAY,NODAWAY
NODAWAY - 000021,6,1.0000000000,54.0000000000,54.0000000000,0,NODAWAY,NODAWAY
OREGON - 000002,8,1.0000000000,92.0000000001,92.0000000001,0,OREGON,OREGON
OREGON - 000003,8,1.0000000000,19.0000000000,19.0000000000,0,OREGON,OREGON
OREGON - 000004,8,1.0000000000,91.0000000000,91.0000000000,0,OREGON,OREGON
OREGON - 000005,8,1.0000000000,45.0000000000,45.0000000000,0,OREGON,OREGON
OREGON - 000006,8,1.0000000000,49.0000000000,49.0000000000,0,OREGON,OREGON
OREGON - 000007,8,1.0000000000,87.0000000000,87.0000000000,0,OREGON,OREGON
OREGON - 000008,8,1.0000000000,67.0000000000,67.0000000000,0,OREGON,OREGON
OREGON - 000009,8,1.0000000000,20.9999999999,20.9999999999,0,OREGON,OREGON
OREGON - 000010,8,1.0000000000,129.0000000007,129.0000000007,0,OREGON,OREGON
OREGON - 000011,8,1.0000000000,34.0000000000,34.0000000000,0,OREGON,OREGON
OREGON - 000012,8,1.0000000000,104.0000000000,104.0000000000,0,OREGON,OREGON
OREGON - 000013,8,1.0000000000,81.0000000000,81.0000000000,0,OREGON,OREGON
OREGON - 000014,8,1.0000000000,135.0000000000,135.0000000000,0,OREGON,OREGON
OREGON - 000015,8,1.0000000000,121.0000000002,121.0000000002,0,OREGON,OREGON
OREGON - 000016,8,1.0000000000,61.0000000000,61.0000000000,0,OREGON,OREGON
OSAGE - 000002,5,1.0000000000,38.0000000000,38.0000000000,0,OSAGE,OSAGE
OSAGE - 000003,5,1.0000000000,117.9999999999,117.9999999999,0,OSAGE,OSAGE
OSAGE - 000004,5,1.0000000000,35.9999999995,35.9999999995,0,OSAGE,OSAGE
OSAGE - 000005,5,1.0000000000,125.9999999999,125.9999999999,0,OSAGE,OSAGE
OSAGE - 000006,5,1.0000000000,25.0000000001,25.0000000001,0,OSAGE,OSAGE
OSAGE - 000007,5,1.0000000000,15.0000000002,15.0000000002,0,OSAGE,OSAGE
OSAGE - 000008,5,1.0000000000,46.0000000001,46.0000000001,0,OSAGE,OSAGE
OSAGE - 000009,5,1.0000000000,69.0000000002,69.0000000002,0,OSAGE,OSAGE
OSAGE - 000010,5,1.0000000000,27.0000000000,27.0000000000,0,OSAGE,OSAGE
OSAGE - 000011,5,1.0000000000,29.0000000000,29.0000000000,0,OSAGE,OSAGE
OSAGE - 000012,5,1.0000000000,23.9999999999,23.9999999999,0,OSAGE,OSAGE
OSAGE - 000013,5,1.0000000000,54.0000000001,54.0000000001,0,OSAGE,OSAGE
OSAGE - 000014,5,1.0000000000,108.0000000002,108.0000000002,0,OSAGE,OSAGE
OSAGE - 000015,5,1.0000000000,73.0000000003,73.0000000003,0,OSAGE,OSAGE
OSAGE - 000016,5,1.0000000000,34.0000000000,34.0000000000,0,OSAGE,OSAGE
OSAGE - 000017,5,1.0000000000,40.0000000000,40.0000000000,0,OSAGE,OSAGE
OSAGE - 000018,5,1.0000000000,61.0000000000,61.0000000000,0,OSAGE,OSAGE
OSAGE - 000019,5,1.0000000000,124.0000000002,124.0000000002,0,OSAGE,OSAGE
OSAGE - 000020,5,1.0000000000,68.0000000002,68.0000000002,0,OSAGE,OSAGE
OZARK - 000002,8,1.0000000000,173.0000000002,173.0000000002,0,OZARK,OZARK
OZARK - 000004,8,1.0000000000,173.0000000002,173.0000000002,0,OZARK,OZARK
OZARK - 000005,8,1.0000000000,296.9809091737,296.9809091737,0,OZARK,OZARK
OZARK - 000006,8,1.0000000000,227.9999999994,227.9999999994,0,OZARK,OZARK
OZARK - 000007,8,1.0000000000,69.0000000002,69.0000000002,0,OZARK,OZARK
OZARK - 000008,8,1.0000000000,50.9999999998,50.9999999998,0,OZARK,OZARK
OZARK - 000009,8,1.0000000000,46.0000000003,46.0000000003,0,OZARK,OZARK
OZARK - 000010,8,1.0000000000,64.0000000001,64.0000000001,0,OZARK,OZARK
OZARK - 000011,8,1.0000000000,38.0000000002,38.0000000002,0,OZARK,OZARK
OZARK - 000012,8,1.0000000000,124.0000000001,124.0000000001,0,OZARK,OZARK
OZARK - 000013,8,1.0000000000,142.9999999999,142.9999999999,0,OZARK,OZARK
PEMISCOT - 000002,8,1.0000000000,58.0000000000,58.0000000000,0,PEMISCOT,PEMISCOT
PEMISCOT - 000003,8,1.0000000000,41.0000000000,41.0000000000,0,PEMISCOT,PEMISCOT
PEMISCOT - 000004,8,1.0000000000,152.9999999999,152.9999999999,0,PEMISCOT,PEMISCOT
PEMISCOT - 000005,8,1.0000000000,70.0000000000,70.0000000000,0,PEMISCOT,PEMISCOT
PEMISCOT - 000006,8,1.0000000000,69.0000000000,69.0000000000,0,PEMISCOT,PEMISCOT
PEMISCOT - 000007,8,1.0000000000,48.0000000000,48.0000000000,0,PEMISCOT,PEMISCOT
PEMISCOT - 000008,8,1.0000000000,77.0000000000,77.0000000000,0,PEMISCOT,PEMISCOT
PEMISCOT - 000009,8,1.0000000000,94.0000000001,94.0000000001,0,PEMISCOT,PEMISCOT
PEMISCOT - 000010,8,1.0000000000,41.0000000000,41.0000000000,0,PEMISCOT,PEMISCOT
PEMISCOT - 000011,8,1.0000000000,128.0000000002,128.0000000002,0,PEMISCOT,PEMISCOT
PEMISCOT - 000012,8,1.0000000000,142.0000000000,142.0000000000,0,PEMISCOT,PEMISCOT
PEMISCOT - 000013,8,1.0000000000,77.0000000000,77.0000000000,0,PEMISCOT,PEMISCOT
PEMISCOT - 000014,8,1.0000000000,201.0000000001,201.0000000001,0,PEMISCOT,PEMISCOT
PEMISCOT - 000015,8,1.0000000000,57.0000000000,57.0000000000,0,PEMISCOT,PEMISCOT
PEMISCOT - 000016,8,1.0000000000,147.0000000001,147.0000000001,0,PEMISCOT,PEMISCOT
PEMISCOT - 000017,8,1.0000000000,82.0000000000,82.0000000000,0,PEMISCOT,PEMISCOT
PEMISCOT - 000018,8,1.0000000000,124.0000000000,124.0000000000,0,PEMISCOT,PEMISCOT
PERRY - 000002,8,1.0000000000,76.0000000001,76.0000000001,0,PERRY,PERRY
PERRY - 000003,8,1.0000000000,118.0000000000,118.0000000000,0,PERRY,PERRY
PERRY - 000004,8,1.0000000000,51.0000000000,51.0000000000,0,PERRY,PERRY
PERRY - 000005,8,1.0000000000,53.9999999998,53.9999999998,0,PERRY,PERRY
PERRY - 000006,8,1.0000000000,41.0000000000,41.0000000000,0,PERRY,PERRY
PERRY - 000007,8,1.0000000000,47.0000000000,47.0000000000,0,PERRY,PERRY
PERRY - 000008,8,1.0000000000,67.0000000001,67.0000000001,0,PERRY,PERRY
PERRY - 000009,8,1.0000000000,34.0000000000,34.0000000000,0,PERRY,PERRY
PERRY - 000010,8,1.0000000000,44.0000000001,44.0000000001,0,PERRY,PERRY
PERRY - 000011,8,1.0000000000,32.0000000000,32.0000000000,0,PERRY,PERRY
PERRY - 000012,8,1.0000000000,81.0000000000,81.0000000000,0,PERRY,PERRY
PERRY - 000013,8,1.0000000000,80.0000000000,80.0000000000,0,PERRY,PERRY
PERRY - 000014,8,1.0000000000,55.0000000000,55.0000000000,0,PERRY,PERRY
PERRY - 000015,8,1.0000000000,43.0000000000,43.0000000000,0,PERRY,PERRY
PERRY - 000016,8,1.0000000000,118.0000000003,118.0000000003,0,PERRY,PERRY
PERRY - 000017,8,1.0000000000,63.9999999998,63.9999999998,0,PERRY,PERRY
PERRY - 000018,8,1.0000000000,57.9999999999,57.9999999999,0,PERRY,PERRY
PERRY - 000019,8,1.0000000000,96.9999999999,96.9999999999,0,PERRY,PERRY
PETTIS - 000002,5,1.0000000000,68.0000000000,68.0000000000,0,PETTIS,PETTIS
PETTIS - 000003,5,1.0000000000,62.9999999999,62.9999999999,0,PETTIS,PETTIS
PETTIS - 000004,5,1.0000000000,84.0000000002,84.0000000002,0,PETTIS,PETTIS
PETTIS - 000005,5,1.0000000000,108.0000000001,108.0000000001,0,PETTIS,PETTIS
PETTIS - 000006,5,1.0000000000,68.0000000001,68.0000000001,0,PETTIS,PETTIS
PETTIS - 000007,5,1.0000000000,105.0000000000,105.0000000000,0,PETTIS,PETTIS
PETTIS - 000008,5,1.0000000000,156.9999999998,156.9999999998,0,PETTIS,PETTIS
PETTIS - 000009,5,1.0000000000,74.9999999999,74.9999999999,0,PETTIS,PETTIS
PETTIS - 000010,5,1.0000000000,62.0000000000,62.0000000000,0,PETTIS,PETTIS
PETTIS - 000011,5,1.0000000000,89.9999999998,89.9999999998,0,PETTIS,PETTIS
PETTIS - 000012,5,1.0000000000,106.0000000000,106.0000000000,0,PETTIS,PETTIS
PETTIS - 000013,5,1.0000000000,57.0000000000,57.0000000000,0,PETTIS,PETTIS
PETTIS - 000014,5,1.0000000000,67.9999999998,67.9999999998,0,PETTIS,PETTIS
PETTIS - 000015,5,1.0000000000,114.9999999999,114.9999999999,0,PETTIS,PETTIS
PETTIS - 000016,5,1.0000000000,66.0000000000,66.0000000000,0,PETTIS,PETTIS
PETTIS - 000017,5,1.0000000000,66.0000000006,66.0000000006,0,PETTIS,PETTIS
PETTIS - 000018,5,1.0000000000,146.0000000001,146.0000000001,0,PETTIS,PETTIS
PETTIS - 000019,5,1.0000000000,55.9999999999,55.9999999999,0,PETTIS,PETTIS
PETTIS - 000020,5,1.0000000000,55.0000000001,55.0000000001,0,PETTIS,PETTIS
PETTIS - 000021,5,1.0000000000,70.9999999999,70.9999999999,0,PETTIS,PETTIS
PETTIS - 000022,5,1.0000000000,178.0000000001,178.0000000001,0,PETTIS,PETTIS
PETTIS - 000023,5,1.0000000000,84.0000000003,84.0000000003,0,PETTIS,PETTIS
PETTIS - 000024,5,1.0000000000,58.0000000001,58.0000000001,0,PETTIS,PETTIS
PETTIS - 000025,5,1.0000000000,66.0000000000,66.0000000000,0,PETTIS,PETTIS
PETTIS - 000026,5,1.0000000000,90.0000000001,90.0000000001,0,PETTIS,PETTIS
PETTIS - 000027,5,1.0000000000,103.9999999999,103.9999999999,0,PETTIS,PETTIS
PETTIS - 000028,5,1.0000000000,61.0000000000,61.0000000000,0,PETTIS,PETTIS
PETTIS - 000029,5,1.0000000000,88.0000000001,88.0000000001,0,PETTIS,PETTIS
PETTIS - 000030,5,1.0000000000,84.0000000000,84.0000000000,0,PETTIS,PETTIS
PETTIS - 000031,5,1.0000000000,100.0000000002,100.0000000002,0,PETTIS,PETTIS
PHELPS - 000002,8,1.0000000000,48.0000000000,48.0000000000,0,PHELPS,PHELPS
PHELPS - 000003,8,1.0000000000,73.9999999998,73.9999999998,0,PHELPS,PHELPS
PHELPS - 000004,8,1.0000000000,45.0000000000,45.0000000000,0,PHELPS,PHELPS
PHELPS - 000005,8,1.0000000000,89.0000000004,89.0000000004,0,PHELPS,PHELPS
PHELPS - 000006,8,1.0000000000,4.0000000000,4.0000000000,0,PHELPS,PHELPS
PHELPS - 000007,8,1.0000000000,84.0000000000,84.0000000000,0,PHELPS,PHELPS
PHELPS - 000008,8,1.0000000000,13.0000000000,13.0000000000,0,PHELPS,PHELPS
PHELPS - 000009,8,1.0000000000,43.0000000001,43.0000000001,0,PHELPS,PHELPS
PHELPS - 000010,8,1.0000000000,127.0000000002,127.0000000002,0,PHELPS,PHELPS
PHELPS - 000011,8,1.0000000000,17.9999999999,17.9999999999,0,PHELPS,PHELPS
PHELPS - 000012,8,1.0000000000,13.9999999999,13.9999999999,0,PHELPS,PHELPS
PHELPS - 000013,8,1.0000000000,9.9999999999,9.9999999999,0,PHELPS,PHELPS
PHELPS - 000014,8,1.0000000000,6.0000000000,6.0000000000,0,PHELPS,PHELPS
PHELPS - 000015,8,1.0000000000,15.0000000001,15.0000000001,0,PHELPS,PHELPS
PHELPS - 000016,8,1.0000000000,89.9999999999,89.9999999999,0,PHELPS,PHELPS
PHELPS - 000017,8,1.0000000000,37.0000000000,37.0000000000,0,PHELPS,PHELPS
PHELPS - 000018,8,1.0000000000,42.0000000000,42.0000000000,0,PHELPS,PHELPS
PHELPS - 000019,8,1.0000000000,83.9999999996,83.9999999996,0,PHELPS,PHELPS
PHELPS - 000020,8,1.0000000000,74.9999999999,74.9999999999,0,PHELPS,PHELPS
PHELPS - 000021,8,1.0000000000,77.9999999999,77.9999999999,0,PHELPS,PHELPS
PHELPS - 000022,8,1.0000000000,27.0000000001,27.0000000001,0,PHELPS,PHELPS
PHELPS - 000023,8,1.0000000000,15.0000000000,15.0000000000,0,PHELPS,PHELPS
PHELPS - 000024,8,1.0000000000,111.0000000000,111.0000000000,0,PHELPS,PHELPS
PHELPS - 000025,8,1.0000000000,96.9999999996,96.9999999996,0,PHELPS,PHELPS
PHELPS - 000026,8,1.0000000000,78.0000000000,78.0000000000,0,PHELPS,PHELPS
PHELPS - 000027,8,1.0000000000,88.0000000000,88.0000000000,0,PHELPS,PHELPS
PHELPS - 000028,8,1.0000000000,122.9999999999,122.9999999999,0,PHELPS,PHELPS
PHELPS - 000029,8,1.0000000000,55.0000000000,55.0000000000,0,PHELPS,PHELPS
PHELPS - 000030,8,1.0000000000,39.9999999998,39.9999999998,0,PHELPS,PHELPS
PHELPS - 000031,8,1.0000000000,82.9999999998,82.9999999998,0,PHELPS,PHELPS
PHELPS - 000032,8,1.0000000000,136.0000000000,136.0000000000,0,PHELPS,PHELPS
PHELPS - 000033,8,1.0000000000,53.0000000000,53.0000000000,0,PHELPS,PHELPS
PHELPS - 000034,8,1.0000000000,49.9999999999,49.9999999999,0,PHELPS,PHELPS
PHELPS - 000035,8,1.0000000000,76.9999999998,76.9999999998,0,PHELPS,PHELPS
PHELPS - 000036,8,1.0000000000,41.0000000001,41.0000000001,0,PHELPS,PHELPS
PHELPS - 000037,8,1.0000000000,28.9999999998,28.9999999998,0,PHELPS,PHELPS
PHELPS - 000038,8,1.0000000000,41.9999999998,41.9999999998,0,PHELPS,PHELPS
PHELPS - 000039,8,1.0000000000,35.9999999999,35.9999999999,0,PHELPS,PHELPS
PIKE - 000002,3,1.0000000000,102.9999999997,102.9999999997,0,PIKE,PIKE
PIKE - 000003,3,1.0000000000,83.0000000003,83.0000000003,0,PIKE,PIKE
PIKE - 000004,3,1.0000000000,161.0000000002,161.0000000002,0,PIKE,PIKE
PIKE - 000005,3,1.0000000000,214.0000000005,214.0000000005,0,PIKE,PIKE
PIKE - 000006,3,1.0000000000,49.0000000000,49.0000000000,0,PIKE,PIKE
PIKE - 000007,3,1.0000000000,139.0000000001,139.0000000001,0,PIKE,PIKE
PIKE - 000008,3,1.0000000000,110.9999999998,110.9999999998,0,PIKE,PIKE
PIKE - 000009,3,1.0000000000,68.0000000001,68.0000000001,0,PIKE,PIKE
PIKE - 000010,3,1.0000000000,120.0000000002,120.0000000002,0,PIKE,PIKE
PIKE - 000011,3,1.0000000000,66.9999999999,66.9999999999,0,PIKE,PIKE
PIKE - 000012,3,1.0000000000,160.9999999999,160.9999999999,0,PIKE,PIKE
PIKE - 000013,3,1.0000000000,170.0000000000,170.0000000000,0,PIKE,PIKE
PIKE - 000014,3,1.0000000000,61.9999999998,61.9999999998,0,PIKE,PIKE
PIKE - 000015,3,1.0000000000,96.0000000000,96.0000000000,0,PIKE,PIKE
PIKE - 000016,3,1.0000000000,112.0000000001,112.0000000001,0,PIKE,PIKE
PIKE - 000017,3,1.0000000000,52.9999999998,52.9999999998,0,PIKE,PIKE
PLATTE - 000002,6,1.0000000000,176.0000000003,176.0000000003,0,PLATTE,PLATTE
PLATTE - 000003,6,1.0000000000,36.9999999997,36.9999999997,0,PLATTE,PLATTE
PLATTE - 000004,6,1.0000000000,27.9999999999,27.9999999999,0,PLATTE,PLATTE
PLATTE - 000005,6,1.0000000000,65.0000000000,65.0000000000,0,PLATTE,PLATTE
PLATTE - 000006,6,1.0000000000,107.0000000002,107.0000000002,0,PLATTE,PLATTE
PLATTE - 000007,6,1.0000000000,62.0000000000,62.0000000000,0,PLATTE,PLATTE
PLATTE - 000008,6,1.0000000000,88.0000000002,88.0000000002,0,PLATTE,PLATTE
PLATTE - 000009,6,1.0000000000,82.9999999998,82.9999999998,0,PLATTE,PLATTE
PLATTE - 000010,6,1.0000000000,69.0000000003,69.0000000003,0,PLATTE,PLATTE
PLATTE - 000011,6,1.0000000000,257.0000000004,257.0000000004,0,PLATTE,PLATTE
PLATTE - 000012,6,1.0000000000,41.0000000000,41.0000000000,0,PLATTE,PLATTE
PLATTE - 000013,6,1.0000000000,80.0000000001,80.0000000001,0,PLATTE,PLATTE
PLATTE - 000014,6,1.0000000000,54.0000000000,54.0000000000,0,PLATTE,PLATTE
PLATTE - 000015,6,1.0000000000,9.9999999999,9.9999999999,0,PLATTE,PLATTE
PLATTE - 000016,6,1.0000000000,10.0000000000,10.0000000000,0,PLATTE,PLATTE
PLATTE - 000017,6,1.0000000000,106.9999999999,106.9999999999,0,PLATTE,PLATTE
PLATTE - 000018,6,1.0000000000,52.0000000004,52.0000000004,0,PLATTE,PLATTE
PLATTE - 000019,6,1.0000000000,45.9999999999,45.9999999999,0,PLATTE,PLATTE
PLATTE - 000020,6,1.0000000000,17.0000000000,17.0000000000,0,PLATTE,PLATTE
PLATTE - 000021,6,1.0000000000,52.0000000001,52.0000000001,0,PLATTE,PLATTE
PLATTE - 000022,6,1.0000000000,62.0000000000,62.0000000000,0,PLATTE,PLATTE
PLATTE - 000023,6,1.0000000000,85.0000000003,85.0000000003,0,PLATTE,PLATTE
PLATTE - 000024,6,1.0000000000,68.9999999999,68.9999999999,0,PLATTE,PLATTE
PLATTE - 000025,6,1.0000000000,167.0000000002,167.0000000002,0,PLATTE,PLATTE
PLATTE - 000026,6,1.0000000000,21.0000000001,21.0000000001,0,PLATTE,PLATTE
PLATTE - 000027,6,1.0000000000,15.9999999999,15.9999999999,0,PLATTE,PLATTE
PLATTE - 000028,6,1.0000000000,98.0000000002,98.0000000002,0,PLATTE,PLATTE
PLATTE - 000029,6,1.0000000000,60.0000000000,60.0000000000,0,PLATTE,PLATTE
PLATTE - 000030,6,1.0000000000,97.0000000000,97.0000000000,0,PLATTE,PLATTE
PLATTE - 000031,6,1.0000000000,61.9999999999,61.9999999999,0,PLATTE,PLATTE
PLATTE - 000032,6,1.0000000000,80.9999999996,80.9999999996,0,PLATTE,PLATTE
PLATTE - 000033,6,1.0000000000,29.0000000000,29.0000000000,0,PLATTE,PLATTE
PLATTE - 000034,6,1.0000000000,31.0000000000,31.0000000000,0,PLATTE,PLATTE
POLK - 000002,4,1.0000000000,56.0000000000,56.0000000000,0,POLK,POLK
POLK - 000003,4,1.0000000000,100.0000000000,100.0000000000,0,POLK,POLK
POLK - 000004,4,1.0000000000,44.0000000000,44.0000000000,0,POLK,POLK
POLK - 000005,4,1.0000000000,64.0000000001,64.0000000001,0,POLK,POLK
POLK - 000006,4,1.0000000000,39.0000000000,39.0000000000,0,POLK,POLK
POLK - 000007,4,1.0000000000,56.0000000000,56.0000000000,0,POLK,POLK
POLK - 000008,4,1.0000000000,62.0000000000,62.0000000000,0,POLK,POLK
POLK - 000009,4,1.0000000000,101.0000000002,101.0000000002,0,POLK,POLK
POLK - 000010,4,1.0000000000,93.0000000001,93.0000000001,0,POLK,POLK
POLK - 000011,4,1.0000000000,151.9999999998,151.9999999998,0,POLK,POLK
POLK - 000012,4,1.0000000000,100.0000000001,100.0000000001,0,POLK,POLK
POLK - 000013,4,1.0000000000,70.0000000001,70.0000000001,0,POLK,POLK
POLK - 000014,4,1.0000000000,67.0000000001,67.0000000001,0,POLK,POLK
POLK - 000015,4,1.0000000000,37.9999999999,37.9999999999,0,POLK,POLK
POLK - 000016,4,1.0000000000,144.0000000000,144.0000000000,0,POLK,POLK
POLK - 000017,4,1.0000000000,115.0000000000,115.0000000000,0,POLK,POLK
POLK - 000018,4,1.0000000000,127.0000000001,127.0000000001,0,POLK,POLK
POLK - 000019,4,1.0000000000,134.0000000000,134.0000000000,0,POLK,POLK
POLK - 000020,4,1.0000000000,67.0000000001,67.0000000001,0,POLK,POLK
POLK - 000021,4,0.9944620324,179.9976278578,181.0000000000,0,POLK,POLK
POLK - 000021,7,0.0055379676,1.0023721422,181.0000000000,0,POLK,POLK
POLK - 000022,4,1.0000000000,111.0000000001,111.0000000001,0,POLK,POLK
POLK - 000023,4,1.0000000000,77.0000000000,77.0000000000,0,POLK,POLK
PULASKI - 000002,4,1.0000000000,102.9999999998,102.9999999998,0,PULASKI,PULASKI
PULASKI - 000003,4,1.0000000000,51.9999999995,51.9999999995,0,PULASKI,PULASKI
PULASKI - 000004,4,1.0000000000,248.0000000000,248.0000000000,0,PULASKI,PULASKI
PULASKI - 000005,4,1.0000000000,325.0000000001,325.0000000001,0,PULASKI,PULASKI
PULASKI - 000006,4,1.0000000000,21.9999999996,21.9999999996,0,PULASKI,PULASKI
PULASKI - 000007,4,1.0000000000,171.0000000002,171.0000000002,0,PULASKI,PULASKI
PULASKI - 000008,4,1.0000000000,104.9999999998,104.9999999998,0,PULASKI,PULASKI
PULASKI - 000009,4,1.0000000000,151.0000000007,151.0000000007,0,PULASKI,PULASKI
PULASKI - 000010,4,1.0000000000,270.0000000009,270.0000000009,0,PULASKI,PULASKI
PULASKI - 000011,4,1.0000000000,54.9999999998,54.9999999998,0,PULASKI,PULASKI
PULASKI - 000012,4,1.0000000000,311.9999999994,311.9999999994,0,PULASKI,PULASKI
PUTNAM - 000002,6,1.0000000000,45.0000000000,45.0000000000,0,PUTNAM,PUTNAM
PUTNAM - 000003,6,1.0000000000,50.9999999998,50.9999999998,0,PUTNAM,PUTNAM
PUTNAM - 000004,6,1.0000000000,46.0000000000,46.0000000000,0,PUTNAM,PUTNAM
PUTNAM - 000005,6,1.0000000000,42.0000000000,42.0000000000,0,PUTNAM,PUTNAM
PUTNAM - 000006,6,1.0000000000,73.0000000000,73.0000000000,0,PUTNAM,PUTNAM
PUTNAM - 000007,6,1.0000000000,84.0000000000,84.0000000000,0,PUTNAM,PUTNAM
PUTNAM - 000008,6,1.0000000000,28.9999999999,28.9999999999,0,PUTNAM,PUTNAM
PUTNAM - 000009,6,1.0000000000,140.0000000002,140.0000000002,0,PUTNAM,PUTNAM
PUTNAM - 000010,6,1.0000000000,66.0000000000,66.0000000000,0,PUTNAM,PUTNAM
PUTNAM - 000011,6,1.0000000000,38.0000000001,38.0000000001,0,PUTNAM,PUTNAM
PUTNAM - 000012,6,1.0000000000,56.0000000000,56.0000000000,0,PUTNAM,PUTNAM
PUTNAM - 000013,6,1.0000000000,83.0000000001,83.0000000001,0,PUTNAM,PUTNAM
PUTNAM - 000014,6,1.0000000000,41.0000000000,41.0000000000,0,PUTNAM,PUTNAM
PUTNAM - 000015,6,1.0000000000,40.9999999999,40.9999999999,0,PUTNAM,PUTNAM
RALLS - 000002,3,1.0000000000,192.9999999999,192.9999999999,0,RALLS,RALLS
RALLS - 000003,3,1.0000000000,98.9999999999,98.9999999999,0,RALLS,RALLS
RALLS - 000004,3,1.0000000000,68.9999999999,68.9999999999,0,RALLS,RALLS
RALLS - 000005,3,1.0000000000,41.0000000001,41.0000000001,0,RALLS,RALLS
RALLS - 000006,3,1.0000000000,197.0000000002,197.0000000002,0,RALLS,RALLS
RALLS - 000007,3,1.0000000000,105.9999999996,105.9999999996,0,RALLS,RALLS
RALLS - 000008,3,1.0000000000,168.9999999996,168.9999999996,0,RALLS,RALLS
RALLS - 000009,3,1.0000000000,55.0000000001,55.0000000001,0,RALLS,RALLS
RALLS - 000010,3,1.0000000000,71.9999999999,71.9999999999,0,RALLS,RALLS
RANDOLPH - 000002,5,1.0000000000,148.0000000001,148.0000000001,0,RANDOLPH,RANDOLPH
RANDOLPH - 000003,5,1.0000000000,79.9999999999,79.9999999999,0,RANDOLPH,RANDOLPH
RANDOLPH - 000004,5,1.0000000000,86.0000000000,86.0000000000,0,RANDOLPH,RANDOLPH
RANDOLPH - 000005,5,1.0000000000,41.0000000001,41.0000000001,0,RANDOLPH,RANDOLPH
RANDOLPH - 000006,5,1.0000000000,101.0000000002,101.0000000002,0,RANDOLPH,RANDOLPH
RANDOLPH - 000007,5,1.0000000000,25.0000000000,25.0000000000,0,RANDOLPH,RANDOLPH
RANDOLPH - 000008,5,1.0000000000,48.0000000000,48.0000000000,0,RANDOLPH,RANDOLPH
RANDOLPH - 000009,5,1.0000000000,77.0000000000,77.0000000000,0,RANDOLPH,RANDOLPH
RANDOLPH - 000010,5,1.0000000000,54.0000000000,54.0000000000,0,RANDOLPH,RANDOLPH
RANDOLPH - 000011,5,1.0000000000,50.0000000001,50.0000000001,0,RANDOLPH,RANDOLPH
RANDOLPH - 000012,5,1.0000000000,81.9999999999,81.9999999999,0,RANDOLPH,RANDOLPH
RANDOLPH - 000013,5,1.0000000000,69.0000000000,69.0000000000,0,RANDOLPH,RANDOLPH
RANDOLPH - 000014,5,1.0000000000,35.0000000000,35.0000000000,0,RANDOLPH,RANDOLPH
RANDOLPH - 000015,5,1.0000000000,38.9999999999,38.9999999999,0,RANDOLPH,RANDOLPH
RANDOLPH - 000016,5,1.0000000000,25.0000000001,25.0000000001,0,RANDOLPH,RANDOLPH
RANDOLPH - 000017,5,1.0000000000,25.0000000000,25.0000000000,0,RANDOLPH,RANDOLPH
RANDOLPH - 000018,5,1.0000000000,37.9999999999,37.9999999999,0,RANDOLPH,RANDOLPH
RANDOLPH - 000019,5,1.0000000000,55.0000000001,55.0000000001,0,RANDOLPH,RANDOLPH
RANDOLPH - 000020,5,1.0000000000,93.0000000002,93.0000000002,0,RANDOLPH,RANDOLPH
RANDOLPH - 000021,5,1.0000000000,60.0000000000,60.0000000000,0,RANDOLPH,RANDOLPH
RANDOLPH - 000022,5,1.0000000000,162.0000000000,162.0000000000,0,RANDOLPH,RANDOLPH
RANDOLPH - 000023,5,1.0000000000,161.9999999998,161.9999999998,0,RANDOLPH,RANDOLPH
RANDOLPH - 000024,5,1.0000000000,73.9999999999,73.9999999999,0,RANDOLPH,RANDOLPH
RANDOLPH - 000025,5,1.0000000000,107.0000000000,107.0000000000,0,RANDOLPH,RANDOLPH
RANDOLPH - 000026,5,1.0000000000,45.9999999997,45.9999999997,0,RANDOLPH,RANDOLPH
RANDOLPH - 000027,5,1.0000000000,64.0000000000,64.0000000000,0,RANDOLPH,RANDOLPH
RANDOLPH - 000028,5,1.0000000000,47.0000000000,47.0000000000,0,RANDOLPH,RANDOLPH
RAY - 000002,6,1.0000000000,105.0000000000,105.0000000000,0,RAY,RAY
RAY - 000003,6,1.0000000000,107.9999999999,107.9999999999,0,RAY,RAY
RAY - 000004,6,1.0000000000,206.0000000001,206.0000000001,0,RAY,RAY
RAY - 000005,5,0.0000507525,0.0050244956,99.0000000001,0,RAY,RAY
RAY - 000005,6,0.9999492475,98.9949755045,99.0000000001,0,RAY,RAY
RAY - 000006,6,1.0000000000,111.0000000000,111.0000000000,0,RAY,RAY
RAY - 000007,6,1.0000000000,221.0000000000,221.0000000000,0,RAY,RAY
RAY - 000008,6,1.0000000000,91.0000000000,91.0000000000,0,RAY,RAY
RAY - 000009,6,1.0000000000,206.0000000000,206.0000000000,0,RAY,RAY
RAY - 000010,6,1.0000000000,70.0000000002,70.0000000002,0,RAY,RAY
RAY - 000011,6,1.0000000000,195.9999999998,195.9999999998,0,RAY,RAY
RAY - 000012,6,1.0000000000,183.0000000001,183.0000000001,0,RAY,RAY
RAY - 000013,6,1.0000000000,56.0000000000,56.0000000000,0,RAY,RAY
RAY - 000014,6,1.0000000000,119.0000000000,119.0000000000,0,RAY,RAY
REYNOLDS - 000002,8,1.0000000000,75.0000000000,75.0000000000,0,REYNOLDS,REYNOLDS
REYNOLDS - 000003,8,1.0000000000,124.9999999999,124.9999999999,0,REYNOLDS,REYNOLDS
REYNOLDS - 000004,8,1.0000000000,252.0000000000,252.0000000000,0,REYNOLDS,REYNOLDS
REYNOLDS - 000005,8,1.0000000000,99.0000000000,99.0000000000,0,REYNOLDS,REYNOLDS
REYNOLDS - 000006,8,1.0000000000,72.0000000000,72.0000000000,0,REYNOLDS,REYNOLDS
REYNOLDS - 000007,8,1.0000000000,40.9999999999,40.9999999999,0,REYNOLDS,REYNOLDS
REYNOLDS - 000008,8,1.0000000000,133.9999999998,133.9999999998,0,REYNOLDS,REYNOLDS
REYNOLDS - 000009,8,1.0000000000,168.0000000001,168.0000000001,0,REYNOLDS,REYNOLDS
REYNOLDS - 000010,8,1.0000000000,94.0000000000,94.0000000000,0,REYNOLDS,REYNOLDS
REYNOLDS - 000011,8,1.0000000000,142.0000000001,142.0000000001,0,REYNOLDS,REYNOLDS
REYNOLDS - 000012,8,1.0000000000,57.9999999999,57.9999999999,0,REYNOLDS,REYNOLDS
REYNOLDS - 000013,8,1.0000000000,34.0000000000,34.0000000000,0,REYNOLDS,REYNOLDS
REYNOLDS - 000014,8,1.0000000000,19.9999999999,19.9999999999,0,REYNOLDS,REYNOLDS
RIPLEY - 000002,8,1.0000000000,140.0000000001,140.0000000001,0,RIPLEY,RIPLEY
RIPLEY - 000003,8,1.0000000000,125.9999999999,125.9999999999,0,RIPLEY,RIPLEY
RIPLEY - 000004,8,1.0000000000,65.0000000000,65.0000000000,0,RIPLEY,RIPLEY
RIPLEY - 000005,8,1.0000000000,38.0000000000,38.0000000000,0,RIPLEY,RIPLEY
RIPLEY - 000006,8,1.0000000000,93.7676446219,93.7676446219,0,RIPLEY,RIPLEY
RIPLEY - 000007,8,1.0000000000,56.0000000000,56.0000000000,0,RIPLEY,RIPLEY
RIPLEY - 000008,8,1.0000000000,81.0000000002,81.0000000002,0,RIPLEY,RIPLEY
RIPLEY - 000009,8,1.0000000000,33.0000000000,33.0000000000,0,RIPLEY,RIPLEY
RIPLEY - 000010,8,1.0000000000,54.0000000000,54.0000000000,0,RIPLEY,RIPLEY
RIPLEY - 000011,8,1.0000000000,94.9999999997,94.9999999997,0,RIPLEY,RIPLEY
RIPLEY - 000012,8,1.0000000000,120.0000000001,120.0000000001,0,RIPLEY,RIPLEY
RIPLEY - 000013,8,1.0000000000,75.0000000000,75.0000000000,0,RIPLEY,RIPLEY
RIPLEY - 000014,8,1.0000000000,42.0000000000,42.0000000000,0,RIPLEY,RIPLEY
SALINE - 000002,5,1.0000000000,54.9999999999,54.9999999999,0,SALINE,SALINE
SALINE - 000003,5,1.0000000000,108.9999999998,108.9999999998,0,SALINE,SALINE
SALINE - 000004,5,1.0000000000,98.0000000002,98.0000000002,0,SALINE,SALINE
SALINE - 000005,5,1.0000000000,117.0000000002,117.0000000002,0,SALINE,SALINE
SALINE - 000006,5,1.0000000000,183.0000000002,183.0000000002,0,SALINE,SALINE
SALINE - 000007,5,1.0000000000,81.0000000001,81.0000000001,0,SALINE,SALINE
SALINE - 000008,5,1.0000000000,25.0000000000,25.0000000000,0,SALINE,SALINE
SALINE - 000009,5,1.0000000000,83.9999999999,83.9999999999,0,SALINE,SALINE
SALINE - 000010,5,1.0000000000,73.0000000000,73.0000000000,0,SALINE,SALINE
SALINE - 000011,5,1.0000000000,167.0000000002,167.0000000002,0,SALINE,SALINE
SALINE - 000012,5,1.0000000000,130.9999999999,130.9999999999,0,SALINE,SALINE
SALINE - 000013,5,1.0000000000,157.0000000000,157.0000000000,0,SALINE,SALINE
SALINE - 000014,5,1.0000000000,237.9999999996,237.9999999996,0,SALINE,SALINE
SALINE - 000015,5,1.0000000000,132.0000000000,132.0000000000,0,SALINE,SALINE
SALINE - 000016,5,1.0000000000,69.0000000000,69.0000000000,0,SALINE,SALINE
SALINE - 000017,5,1.0000000000,83.9999999999,83.9999999999,0,SALINE,SALINE
SALINE - 000018,5,1.0000000000,100.0000000001,100.0000000001,0,SALINE,SALINE
SALINE - 000019,5,1.0000000000,107.0000000001,107.0000000001,0,SALINE,SALINE
SALINE - 000020,5,1.0000000000,66.0000000000,66.0000000000,0,SALINE,SALINE
SCHUYLER - 000002,6,1.0000000000,188.0000000000,188.0000000000,0,SCHUYLER,SCHUYLER
SCHUYLER - 000003,6,1.0000000000,115.0000000000,115.0000000000,0,SCHUYLER,SCHUYLER
SCHUYLER - 000004,6,1.0000000000,137.0000000001,137.0000000001,0,SCHUYLER,SCHUYLER
SCHUYLER - 000005,6,1.0000000000,140.0000000001,140.0000000001,0,SCHUYLER,SCHUYLER
SCHUYLER - 000006,6,1.0000000000,81.0000000001,81.0000000001,0,SCHUYLER,SCHUYLER
SCOTLAND - 000002,6,1.0000000000,159.0000000000,159.0000000000,0,SCOTLAND,SCOTLAND
SCOTLAND - 000003,6,1.0000000000,110.9999999999,110.9999999999,0,SCOTLAND,SCOTLAND
SCOTLAND - 000004,6,1.0000000000,37.0000000000,37.0000000000,0,SCOTLAND,SCOTLAND
SCOTLAND - 000005,6,1.0000000000,93.9999999997,93.9999999997,0,SCOTLAND,SCOTLAND
SCOTLAND - 000006,6,1.0000000000,97.9999999998,97.9999999998,0,SCOTLAND,SCOTLAND
SCOTLAND - 000007,6,1.0000000000,26.0000000000,26.0000000000,0,SCOTLAND,SCOTLAND
SCOTLAND - 000008,6,1.0000000000,74.0000000000,74.0000000000,0,SCOTLAND,SCOTLAND
SCOTLAND - 000009,6,1.0000000000,220.9999999999,220.9999999999,0,SCOTLAND,SCOTLAND
SCOTT - 000002,8,1.0000000000,69.0000000000,69.0000000000,0,SCOTT,SCOTT
SCOTT - 000003,8,1.0000000000,50.0000000000,50.0000000000,0,SCOTT,SCOTT
SCOTT - 000004,8,1.0000000000,55.0000000000,55.0000000000,0,SCOTT,SCOTT
SCOTT - 000005,8,1.0000000000,162.0000000004,162.0000000004,0,SCOTT,SCOTT
SCOTT - 000006,8,1.0000000000,31.0000000000,31.0000000000,0,SCOTT,SCOTT
SCOTT - 000007,8,1.0000000000,152.9999999999,152.9999999999,0,SCOTT,SCOTT
SCOTT - 000008,8,1.0000000000,64.9999999999,64.9999999999,0,SCOTT,SCOTT
SCOTT - 000009,8,1.0000000000,103.0000000000,103.0000000000,0,SCOTT,SCOTT
SCOTT - 000010,8,1.0000000000,53.9999999999,53.9999999999,0,SCOTT,SCOTT
SCOTT - 000011,8,1.0000000000,62.0000000000,62.0000000000,0,SCOTT,SCOTT
SCOTT - 000012,8,1.0000000000,72.9999999999,72.9999999999,0,SCOTT,SCOTT
SCOTT - 000013,8,1.0000000000,30.0000000000,30.0000000000,0,SCOTT,SCOTT
SCOTT - 000014,8,1.0000000000,76.0000000000,76.0000000000,0,SCOTT,SCOTT
SCOTT - 000015,8,1.0000000000,75.0000000000,75.0000000000,0,SCOTT,SCOTT
SCOTT - 000016,8,1.0000000000,22.0000000000,22.0000000000,0,SCOTT,SCOTT
SCOTT - 000017,8,1.0000000000,151.0000000000,151.0000000000,0,SCOTT,SCOTT
SCOTT - 000018,8,1.0000000000,59.0000000000,59.0000000000,0,SCOTT,SCOTT
SCOTT - 000019,8,1.0000000000,123.9999999997,123.9999999997,0,SCOTT,SCOTT
SCOTT - 000020,8,1.0000000000,110.0000000000,110.0000000000,0,SCOTT,SCOTT
SCOTT - 000021,8,1.0000000000,48.0000000000,48.0000000000,0,SCOTT,SCOTT
SCOTT - 000022,8,1.0000000000,39.9999999999,39.9999999999,0,SCOTT,SCOTT
SCOTT - 000023,8,1.0000000000,71.0000000000,71.0000000000,0,SCOTT,SCOTT
SCOTT - 000024,8,1.0000000000,67.0000000000,67.0000000000,0,SCOTT,SCOTT
SCOTT - 000025,8,1.0000000000,61.0000000000,61.0000000000,0,SCOTT,SCOTT
SCOTT - 000026,8,1.0000000000,43.0000000000,43.0000000000,0,SCOTT,SCOTT
SCOTT - 000027,8,1.0000000000,51.0000000000,51.0000000000,0,SCOTT,SCOTT
SCOTT - 000028,8,1.0000000000,153.0000000003,153.0000000003,0,SCOTT,SCOTT
SCOTT - 000029,8,1.0000000000,188.0000000000,188.0000000000,0,SCOTT,SCOTT
SCOTT - 000030,8,1.0000000000,31.0000000000,31.0000000000,0,SCOTT,SCOTT
SCOTT - 000031,8,1.0000000000,66.9999999999,66.9999999999,0,SCOTT,SCOTT
SHANNON - 000002,8,1.0000000000,77.0000000000,77.0000000000,0,SHANNON,SHANNON
SHANNON - 000003,8,1.0000000000,143.9999999999,143.9999999999,0,SHANNON,SHANNON
SHANNON - 000004,8,1.0000000000,53.0000000000,53.0000000000,0,SHANNON,SHANNON
SHANNON - 000005,8,1.0000000000,362.0000000000,362.0000000000,0,SHANNON,SHANNON
SHANNON - 000006,8,1.0000000000,43.0000000000,43.0000000000,0,SHANNON,SHANNON
SHANNON - 000007,8,1.0000000000,42.0000000000,42.0000000000,0,SHANNON,SHANNON
SHANNON - 000008,8,1.0000000000,117.9999999999,117.9999999999,0,SHANNON,SHANNON
SHANNON - 000009,8,1.0000000000,126.0000000002,126.0000000002,0,SHANNON,SHANNON
SHANNON - 000010,8,1.0000000000,32.0000000000,32.0000000000,0,SHANNON,SHANNON
SHANNON - 000011,8,1.0000000000,135.9999999998,135.9999999998,0,SHANNON,SHANNON
SHANNON - 000012,8,1.0000000000,236.0000000000,236.0000000000,0,SHANNON,SHANNON
SHELBY - 000002,6,1.0000000000,122.0000000000,122.0000000000,0,SHELBY,SHELBY
SHELBY - 000003,6,1.0000000000,209.9999999998,209.9999999998,0,SHELBY,SHELBY
SHELBY - 000004,6,1.0000000000,24.0000000000,24.0000000000,0,SHELBY,SHELBY
SHELBY - 000005,6,1.0000000000,156.9999999999,156.9999999999,0,SHELBY,SHELBY
SHELBY - 000006,6,1.0000000000,94.0000000000,94.0000000000,0,SHELBY,SHELBY
SHELBY - 000007,6,1.0000000000,91.0000000000,91.0000000000,0,SHELBY,SHELBY
SHELBY - 000008,6,1.0000000000,135.9999999998,135.9999999998,0,SHELBY,SHELBY
SHELBY - 000009,6,1.0000000000,130.0000000000,130.0000000000,0,SHELBY,SHELBY
ST. CHARLES - 000002,3,1.0000000000,130.0000000005,130.0000000005,0,ST CHARLES,ST CHARLES
ST. CHARLES - 000003,3,1.0000000000,25.9999999999,25.9999999999,0,ST CHARLES,ST CHARLES
ST. CHARLES - 000004,3,1.0000000000,22.0000000000,22.0000000000,0,ST CHARLES,ST CHARLES
ST. CHARLES - 000005,3,1.0000000000,19.9999999999,19.9999999999,0,ST CHARLES,ST CHARLES
ST. CHARLES - 000006,3,1.0000000000,43.9999999997,43.9999999997,0,ST CHARLES,ST CHARLES
ST. CHARLES - 000007,3,1.0000000000,62.0000000000,62.0000000000,0,ST CHARLES,ST CHARLES
ST. CHARLES - 000008,3,1.0000000000,32.0000000000,32.0000000000,0,ST CHARLES,ST CHARLES
ST. CHARLES - 000009,3,1.0000000000,10.9999999999,10.9999999999,0,ST CHARLES,ST CHARLES
ST. CHARLES - 000010,3,1.0000000000,14.0000000001,14.0000000001,0,ST CHARLES,ST CHARLES
ST. CHARLES - 000012,3,1.0000000000,24.0000000000,24.0000000000,0,ST CHARLES,ST CHARLES
ST. CHARLES - 000013,3,1.0000000000,25.0000000000,25.0000000000,0,ST CHARLES,ST CHARLES
ST. CHARLES - 000014,3,1.0000000000,43.9999999999,43.9999999999,0,ST CHARLES,ST CHARLES
ST. CHARLES - 000015,3,1.0000000000,9.0000000000,9.0000000000,0,ST CHARLES,ST CHARLES
ST. CHARLES - 000016,3,1.0000000000,23.0000000000,23.0000000000,0,ST CHARLES,ST CHARLES
ST. CHARLES - 000017,3,1.0000000000,45.0000000000,45.0000000000,0,ST CHARLES,ST CHARLES
ST. CHARLES - 000018,3,1.0000000000,75.0000000001,75.0000000001,0,ST CHARLES,ST CHARLES
ST. CHARLES - 000019,3,1.0000000000,52.0000000000,52.0000000000,0,ST CHARLES,ST CHARLES
ST. CHARLES - 000020,3,1.0000000000,42.9999999994,42.9999999994,0,ST CHARLES,ST CHARLES
ST. CHARLES - 000021,3,1.0000000000,21.0000000002,21.0000000002,0,ST CHARLES,ST CHARLES
ST. CHARLES - 000022,3,1.0000000000,35.0000000002,35.0000000002,0,ST CHARLES,ST CHARLES
ST. CHARLES - 000023,3,1.0000000000,6.9999999999,6.9999999999,0,ST CHARLES,ST CHARLES
ST. CHARLES - 000024,3,1.0000000000,20.0000000000,20.0000000000,0,ST CHARLES,ST CHARLES
ST. CHARLES - 000025,3,1.0000000000,15.0000000000,15.0000000000,0,ST CHARLES,ST CHARLES
ST. CHARLES - 000026,3,1.0000000000,24.9999999999,24.9999999999,0,ST CHARLES,ST CHARLES
ST. CHARLES - 000027,3,1.0000000000,12.0000000000,12.0000000000,0,ST CHARLES,ST CHARLES
ST. CHARLES - 000028,3,1.0000000000,19.0000000000,19.0000000000,0,ST CHARLES,ST CHARLES
ST. CHARLES - 000029,3,1.0000000000,23.0000000000,23.0000000000,0,ST CHARLES,ST CHARLES
ST. CHARLES - 000030,3,1.0000000000,3.0000000000,3.0000000000,0,ST CHARLES,ST CHARLES
ST. CHARLES - 000031,3,1.0000000000,14.0000000001,14.0000000001,0,ST CHARLES,ST CHARLES
ST. CHARLES - 000032,3,1.0000000000,39.0000000000,39.0000000000,0,ST CHARLES,ST CHARLES
ST. CHARLES - 000033,3,1.0000000000,71.0000000007,71.0000000007,0,ST CHARLES,ST CHARLES
ST. CHARLES - 000034,3,1.0000000000,49.0000000000,49.0000000000,0,ST CHARLES,ST CHARLES
ST. CHARLES - 000035,3,1.0000000000,59.0000000005,59.0000000005,0,ST CHARLES,ST CHARLES
ST. CHARLES - 000036,3,1.0000000000,44.0000000000,44.0000000000,0,ST CHARLES,ST CHARLES
ST. CHARLES - 000037,3,1.0000000000,13.0000000001,13.0000000001,0,ST CHARLES,ST CHARLES
ST. CHARLES - 000038,3,1.0000000000,65.9999999996,65.9999999996,0,ST CHARLES,ST CHARLES
ST. CHARLES - 000039,3,1.0000000000,32.0000000001,32.0000000001,0,ST CHARLES,ST CHARLES
ST. CHARLES - 000040,3,1.0000000000,44.0000000002,44.0000000002,0,ST CHARLES,ST CHARLES
ST. CHARLES - 000041,3,1.0000000000,12.9999999999,12.9999999999,0,ST CHARLES,ST CHARLES
ST. CHARLES - 000043,3,1.0000000000,27.0000000001,27.0000000001,0,ST CHARLES,ST CHARLES
ST. CHARLES - 000044,3,1.0000000000,70.9999999996,70.9999999996,0,ST CHARLES,ST CHARLES
ST. CHARLES - 000045,3,1.0000000000,24.0000000001,24.0000000001,0,ST CHARLES,ST CHARLES
ST. CHARLES - 000046,3,1.0000000000,66.0000000001,66.0000000001,0,ST CHARLES,ST CHARLES
ST. CHARLES - 000047,3,1.0000000000,23.0000000001,23.0000000001,0,ST CHARLES,ST CHARLES
ST. CHARLES - 000048,3,1.0000000000,30.0000000001,30.0000000001,0,ST CHARLES,ST CHARLES
ST. CHARLES - 000049,3,1.0000000000,27.9999999996,27.9999999996,0,ST CHARLES,ST CHARLES
ST. CHARLES - 000050,3,1.0000000000,23.9999999999,23.9999999999,0,ST CHARLES,ST CHARLES
ST. CHARLES - 000051,3,1.0000000000,60.9999999999,60.9999999999,0,ST CHARLES,ST CHARLES
ST. CHARLES - 000052,3,1.0000000000,37.9999999999,37.9999999999,0,ST CHARLES,ST CHARLES
ST. CHARLES - 000053,3,1.0000000000,76.0000000004,76.0000000004,0,ST CHARLES,ST CHARLES
ST. CHARLES - 000054,3,1.0000000000,50.9999999999,50.9999999999,0,ST CHARLES,ST CHARLES
ST. CHARLES - 000055,3,1.0000000000,34.9999999998,34.9999999998,0,ST CHARLES,ST CHARLES
ST. CHARLES - 000056,3,1.0000000000,50.9999999997,50.9999999997,0,ST CHARLES,ST CHARLES
ST. CHARLES - 000057,3,1.0000000000,12.0000000000,12.0000000000,0,ST CHARLES,ST CHARLES
ST. CHARLES - 000058,3,1.0000000000,10.0000000001,10.0000000001,0,ST CHARLES,ST CHARLES
ST. CHARLES - 000059,3,1.0000000000,96.9999999995,96.9999999995,0,ST CHARLES,ST CHARLES
ST. CHARLES - 000060,3,1.0000000000,135.9999999985,135.9999999985,0,ST CHARLES,ST CHARLES
ST. CHARLES - 000062,3,1.0000000000,143.9999999998,143.9999999998,0,ST CHARLES,ST CHARLES
ST. CHARLES - 000063,3,1.0000000000,92.9999999998,92.9999999998,0,ST CHARLES,ST CHARLES
ST. CHARLES - 000064,3,1.0000000000,80.9999999996,80.9999999996,0,ST CHARLES,ST CHARLES
ST. CHARLES - 000065,3,1.0000000000,33.0000000001,33.0000000001,0,ST CHARLES,ST CHARLES
ST. CHARLES - 000066,3,1.0000000000,54.9999999996,54.9999999996,0,ST CHARLES,ST CHARLES
ST. CHARLES - 000067,3,1.0000000000,29.0000000000,29.0000000000,0,ST CHARLES,ST CHARLES
ST. CHARLES - 000068,3,1.0000000000,56.0000000001,56.0000000001,0,ST CHARLES,ST CHARLES
ST. CHARLES - 000069,3,1.0000000000,38.9999999998,38.9999999998,0,ST CHARLES,ST CHARLES
ST. CHARLES - 000071,3,1.0000000000,128.0000000011,128.0000000011,0,ST CHARLES,ST CHARLES
ST. CHARLES - 000072,3,1.0000000000,73.0000000000,73.0000000000,0,ST CHARLES,ST CHARLES
ST. CHARLES - 000073,3,1.0000000000,63.9999999998,63.9999999998,0,ST CHARLES,ST CHARLES
ST. CHARLES - 000074,3,1.0000000000,100.0000000000,100.0000000000,0,ST CHARLES,ST CHARLES
ST. CHARLES - 000076,3,1.0000000000,45.0000000000,45.0000000000,0,ST CHARLES,ST CHARLES
ST. CHARLES - 000077,3,1.0000000000,38.9999999999,38.9999999999,0,ST CHARLES,ST CHARLES
ST. CHARLES - 000078,3,1.0000000000,18.0000000001,18.0000000001,0,ST CHARLES,ST CHARLES
ST. CHARLES - 000079,3,1.0000000000,30.0000000002,30.0000000002,0,ST CHARLES,ST CHARLES
ST. CHARLES - 000081,3,1.0000000000,48.9999999999,48.9999999999,0,ST CHARLES,ST CHARLES
ST. CHARLES - 000082,3,1.0000000000,38.9999999997,38.9999999997,0,ST CHARLES,ST CHARLES
ST. CHARLES - 000084,3,1.0000000000,27.0000000000,27.0000000000,0,ST CHARLES,ST CHARLES
ST. CHARLES - 000085,3,1.0000000000,52.9999999993,52.9999999993,0,ST CHARLES,ST CHARLES
ST. CHARLES - 000086,3,1.0000000000,14.0000000001,14.0000000001,0,ST CHARLES,ST CHARLES
ST. CHARLES - 000087,2,0.0001355238,0.0337454377,248.9999999997,0,ST CHARLES,ST CHARLES
ST. CHARLES - 000087,3,0.9998644762,248.9662545620,248.9999999997,0,ST CHARLES,ST CHARLES
ST. CHARLES - 000088,3,1.0000000000,56.0000000001,56.0000000001,0,ST CHARLES,ST CHARLES
ST. CHARLES - 000089,3,1.0000000000,29.0000000001,29.0000000001,0,ST CHARLES,ST CHARLES
ST. CHARLES - 000090,3,1.0000000000,78.9999999998,78.9999999998,0,ST CHARLES,ST CHARLES
ST. CHARLES - 000091,3,1.0000000000,44.0000000000,44.0000000000,0,ST CHARLES,ST CHARLES
ST. CHARLES - 000092,2,0.0216100568,0.5834715323,27.0000000001,0,ST CHARLES,ST CHARLES
ST. CHARLES - 000092,3,0.9783899432,26.4165284678,27.0000000001,0,ST CHARLES,ST CHARLES
ST. CHARLES - 000093,3,1.0000000000,18.9999999999,18.9999999999,0,ST CHARLES,ST CHARLES
ST. CHARLES - 000094,3,1.0000000000,34.0000000000,34.0000000000,0,ST CHARLES,ST CHARLES
ST. CHARLES - 000095,3,1.0000000000,63.0000000000,63.0000000000,0,ST CHARLES,ST CHARLES
ST. CHARLES - 000096,3,1.0000000000,22.9999999998,22.9999999998,0,ST CHARLES,ST CHARLES
ST. CHARLES - 000097,3,1.0000000000,12.0000000000,12.0000000000,0,ST CHARLES,ST CHARLES
ST. CHARLES - 000098,3,1.0000000000,80.9999999999,80.9999999999,0,ST CHARLES,ST CHARLES
ST. CHARLES - 000099,3,1.0000000000,32.9999999999,32.9999999999,0,ST CHARLES,ST CHARLES
ST. CHARLES - 000100,3,1.0000000000,48.0000000000,48.0000000000,0,ST CHARLES,ST CHARLES
ST. CHARLES - 000101,3,1.0000000000,31.0000000001,31.0000000001,0,ST CHARLES,ST CHARLES
ST. CHARLES - 000102,3,1.0000000000,52.9999999998,52.9999999998,0,ST CHARLES,ST CHARLES
ST. CHARLES - 000103,3,1.0000000000,21.9999999999,21.9999999999,0,ST CHARLES,ST CHARLES
ST. CHARLES - 000104,3,1.0000000000,22.0000000000,22.0000000000,0,ST CHARLES,ST CHARLES
ST. CHARLES - 000105,3,1.0000000000,14.0000000000,14.0000000000,0,ST CHARLES,ST CHARLES
ST. CHARLES - 000106,3,1.0000000000,13.0000000000,13.0000000000,0,ST CHARLES,ST CHARLES
ST. CHARLES - 000107,3,1.0000000000,32.0000000001,32.0000000001,0,ST CHARLES,ST CHARLES
ST. CHARLES - 000108,3,1.0000000000,22.0000000001,22.0000000001,0,ST CHARLES,ST CHARLES
ST. CHARLES - 000109,3,1.0000000000,55.0000000004,55.0000000004,0,ST CHARLES,ST CHARLES
ST. CHARLES - 000110,3,1.0000000000,68.9999999997,68.9999999997,0,ST CHARLES,ST CHARLES
ST. CHARLES - 000111,3,1.0000000000,85.0000000000,85.0000000000,0,ST CHARLES,ST CHARLES
ST. CHARLES - 000112,3,1.0000000000,58.9999999999,58.9999999999,0,ST CHARLES,ST CHARLES
ST. CHARLES - 000113,3,1.0000000000,43.0000000001,43.0000000001,0,ST CHARLES,ST CHARLES
ST. CHARLES - 000114,3,1.0000000000,52.0000000001,52.0000000001,0,ST CHARLES,ST CHARLES
ST. CHARLES - 000115,3,1.0000000000,104.0000000005,104.0000000005,0,ST CHARLES,ST CHARLES
ST. CHARLES - 000117,3,1.0000000000,21.0000000001,21.0000000001,0,ST CHARLES,ST CHARLES
ST. CHARLES - 000118,3,1.0000000000,104.9999999999,104.9999999999,0,ST CHARLES,ST CHARLES
ST. CHARLES - 000119,3,1.0000000000,29.0000000000,29.0000000000,0,ST CHARLES,ST CHARLES
ST. CHARLES - 000120,3,1.0000000000,34.0000000000,34.0000000000,0,ST CHARLES,ST CHARLES
ST. CHARLES - 000121,3,1.0000000000,29.0000000000,29.0000000000,0,ST CHARLES,ST CHARLES
ST. CHARLES - 000122,3,1.0000000000,12.9999999998,12.9999999998,0,ST CHARLES,ST CHARLES
ST. CHARLES - 000123,3,1.0000000000,24.0000000002,24.0000000002,0,ST CHARLES,ST CHARLES
ST. CHARLES - 000124,3,1.0000000000,10.0000000000,10.0000000000,0,ST CHARLES,ST CHARLES
ST. CHARLES - 000125,3,1.0000000000,52.9999999997,52.9999999997,0,ST CHARLES,ST CHARLES
ST. CHARLES - 000126,3,1.0000000000,63.0000000002,63.0000000002,0,ST CHARLES,ST CHARLES
ST. CHARLES - 000127,3,1.0000000000,28.0000000001,28.0000000001,0,ST CHARLES,ST CHARLES
ST. CHARLES - 000128,3,1.0000000000,11.0000000000,11.0000000000,0,ST CHARLES,ST CHARLES
ST. CHARLES - 000129,3,1.0000000000,42.0000000001,42.0000000001,0,ST CHARLES,ST CHARLES
ST. CHARLES - 000130,3,1.0000000000,41.9999999999,41.9999999999,0,ST CHARLES,ST CHARLES
ST. CHARLES - 000131,3,1.0000000000,56.9999999999,56.9999999999,0,ST CHARLES,ST CHARLES
ST. CHARLES - 000132,3,1.0000000000,24.0000000004,24.0000000004,0,ST CHARLES,ST CHARLES
ST. CHARLES - 000133,3,1.0000000000,7.9999999999,7.9999999999,0,ST CHARLES,ST CHARLES
ST. CHARLES - 000134,3,1.0000000000,29.9999999999,29.9999999999,0,ST CHARLES,ST CHARLES
ST. CHARLES - 000135,3,1.0000000000,65.9999999997,65.9999999997,0,ST CHARLES,ST CHARLES
ST. CHARLES - 000136,3,1.0000000000,14.0000000000,14.0000000000,0,ST CHARLES,ST CHARLES
ST. CHARLES - 000137,3,1.0000000000,4.0000000000,4.0000000000,0,ST CHARLES,ST CHARLES
ST. CHARLES - 000138,3,1.0000000000,32.0000000002,32.0000000002,0,ST CHARLES,ST CHARLES
ST. CHARLES - 000139,3,1.0000000000,14.9999999999,14.9999999999,0,ST CHARLES,ST CHARLES
ST. CHARLES - 000140,3,1.0000000000,21.9999999999,21.9999999999,0,ST CHARLES,ST CHARLES
ST. CHARLES - 000141,3,1.0000000000,46.0000000005,46.0000000005,0,ST CHARLES,ST CHARLES
ST. CHARLES - 000142,3,1.0000000000,51.0000000000,51.0000000000,0,ST CHARLES,ST CHARLES
ST. CLAIR - 000002,4,1.0000000000,49.0000000000,49.0000000000,0,ST CLAIR,ST CLAIR
ST. CLAIR - 000003,4,1.0000000000,114.0000000000,114.0000000000,0,ST CLAIR,ST CLAIR
ST. CLAIR - 000004,4,1.0000000000,73.9999999998,73.9999999998,0,ST CLAIR,ST CLAIR
ST. CLAIR - 000005,4,1.0000000000,89.0000000000,89.0000000000,0,ST CLAIR,ST CLAIR
ST. CLAIR - 000006,4,1.0000000000,36.0000000000,36.0000000000,0,ST CLAIR,ST CLAIR
ST. CLAIR - 000007,4,1.0000000000,69.9999999998,69.9999999998,0,ST CLAIR,ST CLAIR
ST. CLAIR - 000008,4,1.0000000000,63.0000000003,63.0000000003,0,ST CLAIR,ST CLAIR
ST. CLAIR - 000009,4,1.0000000000,83.0000000005,83.0000000005,0,ST CLAIR,ST CLAIR
ST. CLAIR - 000010,4,1.0000000000,65.0000000003,65.0000000003,0,ST CLAIR,ST CLAIR
ST. CLAIR - 000011,4,1.0000000000,44.0000000000,44.0000000000,0,ST CLAIR,ST CLAIR
ST. CLAIR - 000012,4,1.0000000000,54.0000000000,54.0000000000,0,ST CLAIR,ST CLAIR
ST. CLAIR - 000013,4,1.0000000000,46.9999999999,46.9999999999,0,ST CLAIR,ST CLAIR
ST. CLAIR - 000014,4,1.0000000000,122.0000000000,122.0000000000,0,ST CLAIR,ST CLAIR
ST. CLAIR - 000015,4,1.0000000000,34.9999999994,34.9999999994,0,ST CLAIR,ST CLAIR
ST. CLAIR - 000016,4,1.0000000000,104.0000000004,104.0000000004,0,ST CLAIR,ST CLAIR
ST. CLAIR - 000017,4,1.0000000000,88.0000000002,88.0000000002,0,ST CLAIR,ST CLAIR
ST. CLAIR - 000018,4,1.0000000000,43.9999999997,43.9999999997,0,ST CLAIR,ST CLAIR
ST. CLAIR - 000019,4,1.0000000000,42.0000000001,42.0000000001,0,ST CLAIR,ST CLAIR
ST. FRANCOIS - 000002,8,1.0000000000,68.0000000000,68.0000000000,0,ST FRANCOIS,ST FRANCOIS
ST. FRANCOIS - 000003,8,1.0000000000,84.0000000001,84.0000000001,0,ST FRANCOIS,ST FRANCOIS
ST. FRANCOIS - 000004,8,1.0000000000,123.0000000000,123.0000000000,0,ST FRANCOIS,ST FRANCOIS
ST. FRANCOIS - 000005,8,1.0000000000,224.0000000001,224.0000000001,0,ST FRANCOIS,ST FRANCOIS
ST. FRANCOIS - 000006,8,1.0000000000,49.9999999993,49.9999999993,0,ST FRANCOIS,ST FRANCOIS
ST. FRANCOIS - 000007,8,1.0000000000,37.0000000001,37.0000000001,0,ST FRANCOIS,ST FRANCOIS
ST. FRANCOIS - 000008,8,1.0000000000,45.0000000000,45.0000000000,0,ST FRANCOIS,ST FRANCOIS
ST. FRANCOIS - 000009,8,1.0000000000,91.0000000001,91.0000000001,0,ST FRANCOIS,ST FRANCOIS
ST. FRANCOIS - 000010,8,1.0000000000,104.0000000000,104.0000000000,0,ST FRANCOIS,ST FRANCOIS
ST. FRANCOIS - 000011,8,1.0000000000,125.9999999999,125.9999999999,0,ST FRANCOIS,ST FRANCOIS
ST. FRANCOIS - 000012,8,1.0000000000,149.9999999998,149.9999999998,0,ST FRANCOIS,ST FRANCOIS
ST. FRANCOIS - 000013,8,1.0000000000,123.0000000001,123.0000000001,0,ST FRANCOIS,ST FRANCOIS
ST. FRANCOIS - 000014,8,1.0000000000,119.9999999987,119.9999999987,0,ST FRANCOIS,ST FRANCOIS
ST. FRANCOIS - 000015,8,1.0000000000,119.0000000000,119.0000000000,0,ST FRANCOIS,ST FRANCOIS
ST. FRANCOIS - 000016,8,1.0000000000,58.9999999999,58.9999999999,0,ST FRANCOIS,ST FRANCOIS
ST. FRANCOIS - 000017,8,1.0000000000,120.0000000000,120.0000000000,0,ST FRANCOIS,ST FRANCOIS
ST. FRANCOIS - 000018,8,1.0000000000,79.0000000001,79.0000000001,0,ST FRANCOIS,ST FRANCOIS
ST. FRANCOIS - 000019,8,1.0000000000,63.9999999999,63.9999999999,0,ST FRANCOIS,ST FRANCOIS
ST. FRANCOIS - 000020,8,1.0000000000,33.0000000001,33.0000000001,0,ST FRANCOIS,ST FRANCOIS
ST. FRANCOIS - 000021,8,1.0000000000,75.0000000001,75.0000000001,0,ST FRANCOIS,ST FRANCOIS
ST. FRANCOIS - 000022,8,1.0000000000,69.0000000001,69.0000000001,0,ST FRANCOIS,ST FRANCOIS
ST. FRANCOIS - 000023,8,1.0000000000,276.0000000003,276.0000000003,0,ST FRANCOIS,ST FRANCOIS
ST. FRANCOIS - 000024,8,1.0000000000,74.0000000000,74.0000000000,0,ST FRANCOIS,ST FRANCOIS
ST. FRANCOIS - 000025,8,1.0000000000,86.0000000000,86.0000000000,0,ST FRANCOIS,ST FRANCOIS
ST. FRANCOIS - 000026,8,1.0000000000,260.0000000000,260.0000000000,0,ST FRANCOIS,ST FRANCOIS
ST. FRANCOIS - 000027,8,1.0000000000,169.9999999997,169.9999999997,0,ST FRANCOIS,ST FRANCOIS
ST. FRANCOIS - 000028,8,1.0000000000,194.9999999998,194.9999999998,0,ST FRANCOIS,ST FRANCOIS
ST. FRANCOIS - 000029,8,1.0000000000,156.0000000001,156.0000000001,0,ST FRANCOIS,ST FRANCOIS
ST. LOUIS - 000002,1,1.0000000000,21.9999999999,21.9999999999,0,ST LOUIS,ST LOUIS
ST. LOUIS - 000003,1,1.0000000000,61.0000000001,61.0000000001,0,ST LOUIS,ST LOUIS
ST. LOUIS - 000004,1,1.0000000000,31.0000000001,31.0000000001,0,ST LOUIS,ST LOUIS
ST. LOUIS - 000005,1,1.0000000000,11.0000000000,11.0000000000,0,ST LOUIS,ST LOUIS
ST. LOUIS - 000006,1,1.0000000000,10.0000000000,10.0000000000,0,ST LOUIS,ST LOUIS
ST. LOUIS - 000007,1,1.0000000000,82.0000000018,82.0000000018,0,ST LOUIS,ST LOUIS
ST. LOUIS - 000008,1,1.0000000000,7.0000000000,7.0000000000,0,ST LOUIS,ST LOUIS
ST. LOUIS - 000009,1,1.0000000000,15.0000000000,15.0000000000,0,ST LOUIS,ST LOUIS
ST. LOUIS - 000010,1,0.1804638204,0.3609276408,2.0000000000,0,ST LOUIS,ST LOUIS
ST. LOUIS - 000010,2,0.8195361796,1.6390723592,2.0000000000,0,ST LOUIS,ST LOUIS
ST. LOUIS - 000011,1,1.0000000000,53.9999999998,53.9999999998,0,ST LOUIS,ST LOUIS
ST. LOUIS - 000012,1,1.0000000000,8.0000000000,8.0000000000,0,ST LOUIS,ST LOUIS
ST. LOUIS - 000013,1,1.0000000000,9.9999999999,9.9999999999,0,ST LOUIS,ST LOUIS
ST. LOUIS - 000014,1,1.0000000000,29.0000000000,29.0000000000,0,ST LOUIS,ST LOUIS
ST. LOUIS - 000016,2,1.0000000000,20.0000000000,20.0000000000,0,ST LOUIS,ST LOUIS
ST. LOUIS - 000017,1,1.0000000000,15.0000000000,15.0000000000,0,ST LOUIS,ST LOUIS
ST. LOUIS - 000018,1,1.0000000000,26.0000000001,26.0000000001,0,ST LOUIS,ST LOUIS
ST. LOUIS - 000019,1,1.0000000000,23.0000000000,23.0000000000,0,ST LOUIS,ST LOUIS
ST. LOUIS - 000020,1,1.0000000000,5.0000000000,5.0000000000,0,ST LOUIS,ST LOUIS
ST. LOUIS - 000021,1,1.0000000000,44.0000000000,44.0000000000,0,ST LOUIS,ST LOUIS
ST. LOUIS - 000022,1,1.0000000000,10.0000000000,10.0000000000,0,ST LOUIS,ST LOUIS
ST. LOUIS - 000023,1,1.0000000000,8.0000000000,8.0000000000,0,ST LOUIS,ST LOUIS
ST. LOUIS - 000024,1,1.0000000000,6.9999999997,6.9999999997,0,ST LOUIS,ST LOUIS
ST. LOUIS - 000025,1,1.0000000000,7.0000000001,7.0000000001,0,ST LOUIS,ST LOUIS
ST. LOUIS - 000026,1,1.0000000000,17.9999999999,17.9999999999,0,ST LOUIS,ST LOUIS
ST. LOUIS - 000027,1,1.0000000000,16.0000000000,16.0000000000,0,ST LOUIS,ST LOUIS
ST. LOUIS - 000028,1,1.0000000000,33.9999999998,33.9999999998,0,ST LOUIS,ST LOUIS
ST. LOUIS - 000029,2,1.0000000000,18.0000000000,18.0000000000,0,ST LOUIS,ST LOUIS
ST. LOUIS - 000030,2,0.9991111642,30.9724460892,31.0000000000,0,ST LOUIS,ST LOUIS
ST. LOUIS - 000030,8,0.0008888358,0.0275539108,31.0000000000,0,ST LOUIS,ST LOUIS
ST. LOUIS - 000031,2,1.0000000000,23.0000000001,23.0000000001,0,ST LOUIS,ST LOUIS
ST. LOUIS - 000032,2,1.0000000000,28.0000000001,28.0000000001,0,ST LOUIS,ST LOUIS
ST. LOUIS - 000033,2,1.0000000000,17.0000000000,17.0000000000,0,ST LOUIS,ST LOUIS
ST. LOUIS - 000034,2,1.0000000000,55.0000000000,55.0000000000,0,ST LOUIS,ST LOUIS
ST. LOUIS - 000035,2,0.9574578801,72.7667988874,76.0000000000,0,ST LOUIS,ST LOUIS
ST. LOUIS - 000035,8,0.0425421199,3.2332011126,76.0000000000,0,ST LOUIS,ST LOUIS
ST. LOUIS - 000036,2,1.0000000000,14.0000000000,14.0000000000,0,ST LOUIS,ST LOUIS
ST. LOUIS - 000037,2,1.0000000000,31.0000000000,31.0000000000,0,ST LOUIS,ST LOUIS
ST. LOUIS - 000038,2,1.0000000000,18.0000000000,18.0000000000,0,ST LOUIS,ST LOUIS
ST. LOUIS - 000039,2,1.0000000000,22.0000000000,22.0000000000,0,ST LOUIS,ST LOUIS
ST. LOUIS - 000040,2,1.0000000000,15.9999999999,15.9999999999,0,ST LOUIS,ST LOUIS
ST. LOUIS - 000041,2,1.0000000000,18.0000000001,18.0000000001,0,ST LOUIS,ST LOUIS
ST. LOUIS - 000042,2,1.0000000000,57.0000000001,57.0000000001,0,ST LOUIS,ST LOUIS
ST. LOUIS - 000043,2,1.0000000000,33.0000000000,33.0000000000,0,ST LOUIS,ST LOUIS
ST. LOUIS - 000044,2,1.0000000000,22.0000000000,22.0000000000,0,ST LOUIS,ST LOUIS
ST. LOUIS - 000045,2,1.0000000000,40.0000000000,40.0000000000,0,ST LOUIS,ST LOUIS
ST. LOUIS - 000046,2,1.0000000000,9.0000000000,9.0000000000,0,ST LOUIS,ST LOUIS
ST. LOUIS - 000047,2,1.0000000000,30.0000000000,30.0000000000,0,ST LOUIS,ST LOUIS
ST. LOUIS - 000048,2,1.0000000000,31.0000000000,31.0000000000,0,ST LOUIS,ST LOUIS
ST. LOUIS - 000049,2,1.0000000000,28.0000000000,28.0000000000,0,ST LOUIS,ST LOUIS
ST. LOUIS - 000050,2,1.0000000000,16.0000000000,16.0000000000,0,ST LOUIS,ST LOUIS
ST. LOUIS - 000051,2,1.0000000000,29.0000000000,29.0000000000,0,ST LOUIS,ST LOUIS
ST. LOUIS - 000052,2,1.0000000000,60.0000000002,60.0000000002,0,ST LOUIS,ST LOUIS
ST. LOUIS - 000053,2,1.0000000000,16.0000000000,16.0000000000,0,ST LOUIS,ST LOUIS
ST. LOUIS - 000054,2,1.0000000000,18.0000000001,18.0000000001,0,ST LOUIS,ST LOUIS
ST. LOUIS - 000055,2,1.0000000000,17.0000000001,17.0000000001,0,ST LOUIS,ST LOUIS
ST. LOUIS - 000056,2,1.0000000000,14.9999999999,14.9999999999,0,ST LOUIS,ST LOUIS
ST. LOUIS - 000057,2,1.0000000000,5.0000000001,5.0000000001,0,ST LOUIS,ST LOUIS
ST. LOUIS - 000058,2,1.0000000000,70.0000000003,70.0000000003,0,ST LOUIS,ST LOUIS
ST. LOUIS - 000059,2,1.0000000000,18.0000000001,18.0000000001,0,ST LOUIS,ST LOUIS
ST. LOUIS - 000060,2,1.0000000000,31.0000000001,31.0000000001,0,ST LOUIS,ST LOUIS
ST. LOUIS - 000061,2,1.0000000000,19.9999999999,19.9999999999,0,ST LOUIS,ST LOUIS
ST. LOUIS - 000062,2,1.0000000000,10.0000000000,10.0000000000,0,ST LOUIS,ST LOUIS
ST. LOUIS - 000063,2,1.0000000000,27.0000000004,27.0000000004,0,ST LOUIS,ST LOUIS
ST. LOUIS - 000064,2,1.0000000000,32.9999999992,32.9999999992,0,ST LOUIS,ST LOUIS
ST. LOUIS - 000065,2,1.0000000000,8.0000000000,8.0000000000,0,ST LOUIS,ST LOUIS
ST. LOUIS - 000066,2,1.0000000000,6.0000000000,6.0000000000,0,ST LOUIS,ST LOUIS
ST. LOUIS - 000067,2,1.0000000000,35.0000000001,35.0000000001,0,ST LOUIS,ST LOUIS
ST. LOUIS - 000068,2,1.0000000000,25.0000000000,25.0000000000,0,ST LOUIS,ST LOUIS
ST. LOUIS - 000069,2,1.0000000000,26.0000000002,26.0000000002,0,ST LOUIS,ST LOUIS
ST. LOUIS - 000070,2,1.0000000000,5.0000000001,5.0000000001,0,ST LOUIS,ST LOUIS
ST. LOUIS - 000071,2,1.0000000000,16.0000000001,16.0000000001,0,ST LOUIS,ST LOUIS
ST. LOUIS - 000072,2,1.0000000000,24.0000000000,24.0000000000,0,ST LOUIS,ST LOUIS
ST. LOUIS - 000073,2,1.0000000000,18.0000000000,18.0000000000,0,ST LOUIS,ST LOUIS
ST. LOUIS - 000074,1,1.0000000000,32.0000000000,32.0000000000,0,ST LOUIS,ST LOUIS
ST. LOUIS - 000075,1,1.0000000000,27.0000000000,27.0000000000,0,ST LOUIS,ST LOUIS
ST. LOUIS - 000076,2,1.0000000000,5.0000000000,5.0000000000,0,ST LOUIS,ST LOUIS
ST. LOUIS - 000077,1,0.0450997992,1.5333931745,34.0000000001,0,ST LOUIS,ST LOUIS
ST. LOUIS - 000077,2,0.9549002008,32.4666068256,34.0000000001,0,ST LOUIS,ST LOUIS
ST. LOUIS - 000078,2,1.0000000000,24.9999999999,24.9999999999,0,ST LOUIS,ST LOUIS
ST. LOUIS - 000079,2,1.0000000000,37.0000000001,37.0000000001,0,ST LOUIS,ST LOUIS
ST. LOUIS - 000080,1,1.0000000000,54.9999999999,54.9999999999,0,ST LOUIS,ST LOUIS
ST. LOUIS - 000081,1,1.0000000000,42.0000000000,42.0000000000,0,ST LOUIS,ST LOUIS
ST. LOUIS - 000082,1,0.9999119529,19.9982390573,19.9999999999,0,ST LOUIS,ST LOUIS
ST. LOUIS - 000082,2,0.0000880471,0.0017609426,19.9999999999,0,ST LOUIS,ST LOUIS
ST. LOUIS - 000083,1,0.9998703363,26.9964990810,27.0000000000,0,ST LOUIS,ST LOUIS
ST. LOUIS - 000083,2,0.0001296637,0.0035009190,27.0000000000,0,ST LOUIS,ST LOUIS
ST. LOUIS - 000084,1,0.0150155207,0.5255432236,35.0000000000,0,ST LOUIS,ST LOUIS
ST. LOUIS - 000084,2,0.9849844793,34.4744567764,35.0000000000,0,ST LOUIS,ST LOUIS
ST. LOUIS - 000085,2,1.0000000000,23.0000000001,23.0000000001,0,ST LOUIS,ST LOUIS
ST. LOUIS - 000086,1,1.0000000000,39.0000000001,39.0000000001,0,ST LOUIS,ST LOUIS
ST. LOUIS - 000087,1,1.0000000000,2.0000000000,2.0000000000,0,ST LOUIS,ST LOUIS
ST. LOUIS - 000088,1,0.9803921569,50.0000000000,51.0000000000,0,ST LOUIS,ST LOUIS
ST. LOUIS - 000088,2,0.0196078431,1.0000000000,51.0000000000,0,ST LOUIS,ST LOUIS
ST. LOUIS - 000089,1,1.0000000000,12.9999999998,12.9999999998,0,ST LOUIS,ST LOUIS
ST. LOUIS - 000090,1,1.0000000000,42.9999999999,42.9999999999,0,ST LOUIS,ST LOUIS
ST. LOUIS - 000091,1,0.9999895142,19.9997902849,20.0000000000,0,ST LOUIS,ST LOUIS
ST. LOUIS - 000091,2,0.0000104858,0.0002097151,20.0000000000,0,ST LOUIS,ST LOUIS
ST. LOUIS - 000092,1,1.0000000000,27.0000000001,27.0000000001,0,ST LOUIS,ST LOUIS
ST. LOUIS - 000093,1,1.0000000000,24.0000000000,24.0000000000,0,ST LOUIS,ST LOUIS
ST. LOUIS - 000094,1,1.0000000000,20.0000000000,20.0000000000,0,ST LOUIS,ST LOUIS
ST. LOUIS - 000095,1,1.0000000000,7.0000000000,7.0000000000,0,ST LOUIS,ST LOUIS
ST. LOUIS - 000097,1,0.2000000000,1.0000000000,5.0000000000,0,ST LOUIS,ST LOUIS
ST. LOUIS - 000097,2,0.8000000000,4.0000000000,5.0000000000,0,ST LOUIS,ST LOUIS
ST. LOUIS - 000098,1,1.0000000000,14.0000000000,14.0000000000,0,ST LOUIS,ST LOUIS
ST. LOUIS - 000099,1,1.0000000000,17.0000000000,17.0000000000,0,ST LOUIS,ST LOUIS
ST. LOUIS - 000100,1,0.2332724870,6.2983571477,27.0000000000,0,ST LOUIS,ST LOUIS
ST. LOUIS - 000100,2,0.7667275130,20.7016428523,27.0000000000,0,ST LOUIS,ST LOUIS
ST. LOUIS - 000101,2,1.0000000000,14.0000000000,14.0000000000,0,ST LOUIS,ST LOUIS
ST. LOUIS - 000102,2,1.0000000000,42.9999999998,42.9999999998,0,ST LOUIS,ST LOUIS
ST. LOUIS - 000103,2,1.0000000000,20.9999999999,20.9999999999,0,ST LOUIS,ST LOUIS
ST. LOUIS - 000104,2,1.0000000000,5.0000000000,5.0000000000,0,ST LOUIS,ST LOUIS
ST. LOUIS - 000105,2,1.0000000000,9.0000000000,9.0000000000,0,ST LOUIS,ST LOUIS
ST. LOUIS - 000106,2,1.0000000000,42.0000000001,42.0000000001,0,ST LOUIS,ST LOUIS
ST. LOUIS - 000107,2,1.0000000000,4.0000000000,4.0000000000,0,ST LOUIS,ST LOUIS
ST. LOUIS - 000108,2,1.0000000000,30.0000000001,30.0000000001,0,ST LOUIS,ST LOUIS
ST. LOUIS - 000109,2,1.0000000000,15.0000000000,15.0000000000,0,ST LOUIS,ST LOUIS
ST. LOUIS - 000110,2,1.0000000000,16.0000000001,16.0000000001,0,ST LOUIS,ST LOUIS
ST. LOUIS - 000111,2,1.0000000000,16.9999999999,16.9999999999,0,ST LOUIS,ST LOUIS
ST. LOUIS - 000112,2,1.0000000000,9.0000000000,9.0000000000,0,ST LOUIS,ST LOUIS
ST. LOUIS - 000113,2,1.0000000000,2.0000000000,2.0000000000,0,ST LOUIS,ST LOUIS
ST. LOUIS - 000114,2,1.0000000000,29.0000000000,29.0000000000,0,ST LOUIS,ST LOUIS
ST. LOUIS - 000115,2,1.0000000000,7.0000000000,7.0000000000,0,ST LOUIS,ST LOUIS
ST. LOUIS - 000116,2,1.0000000000,7.0000000000,7.0000000000,0,ST LOUIS,ST LOUIS
ST. LOUIS - 000117,2,1.0000000000,12.0000000000,12.0000000000,0,ST LOUIS,ST LOUIS
ST. LOUIS - 000118,2,1.0000000000,23.0000000001,23.0000000001,0,ST LOUIS,ST LOUIS
ST. LOUIS - 000119,2,1.0000000000,13.0000000001,13.0000000001,0,ST LOUIS,ST LOUIS
ST. LOUIS - 000120,2,1.0000000000,15.0000000000,15.0000000000,0,ST LOUIS,ST LOUIS
ST. LOUIS - 000121,2,1.0000000000,5.0000000000,5.0000000000,0,ST LOUIS,ST LOUIS
ST. LOUIS - 000122,2,1.0000000000,12.0000000000,12.0000000000,0,ST LOUIS,ST LOUIS
ST. LOUIS - 000123,2,1.0000000000,7.9999999999,7.9999999999,0,ST LOUIS,ST LOUIS
ST. LOUIS - 000124,2,1.0000000000,11.9999999999,11.9999999999,0,ST LOUIS,ST LOUIS
ST. LOUIS - 000125,2,1.0000000000,47.0000000001,47.0000000001,0,ST LOUIS,ST LOUIS
ST. LOUIS - 000126,2,1.0000000000,20.0000000000,20.0000000000,0,ST LOUIS,ST LOUIS
ST. LOUIS - 000127,2,1.0000000000,15.0000000001,15.0000000001,0,ST LOUIS,ST LOUIS
ST. LOUIS - 000128,2,1.0000000000,31.9999999999,31.9999999999,0,ST LOUIS,ST LOUIS
ST. LOUIS - 000129,2,1.0000000000,9.9999999999,9.9999999999,0,ST LOUIS,ST LOUIS
ST. LOUIS - 000130,2,1.0000000000,25.0000000000,25.0000000000,0,ST LOUIS,ST LOUIS
ST. LOUIS - 000131,2,1.0000000000,2.0000000000,2.0000000000,0,ST LOUIS,ST LOUIS
ST. LOUIS - 000132,1,0.6198889569,34.0938926276,54.9999999999,0,ST LOUIS,ST LOUIS
ST. LOUIS - 000132,2,0.3801110431,20.9061073723,54.9999999999,0,ST LOUIS,ST LOUIS
ST. LOUIS - 000133,1,0.9999921646,28.9997727730,29.0000000000,0,ST LOUIS,ST LOUIS
ST. LOUIS - 000133,2,0.0000078354,0.0002272270,29.0000000000,0,ST LOUIS,ST LOUIS
ST. LOUIS - 000134,1,0.9985517666,18.9724835653,18.9999999998,0,ST LOUIS,ST LOUIS
ST. LOUIS - 000134,2,0.0014482334,0.0275164345,18.9999999998,0,ST LOUIS,ST LOUIS
ST. LOUIS - 000135,2,1.0000000000,29.9999999999,29.9999999999,0,ST LOUIS,ST LOUIS
ST. LOUIS - 000136,1,1.0000000000,7.0000000000,7.0000000000,0,ST LOUIS,ST LOUIS
ST. LOUIS - 000137,1,1.0000000000,4.0000000000,4.0000000000,0,ST LOUIS,ST LOUIS
ST. LOUIS - 000138,1,1.0000000000,7.0000000000,7.0000000000,0,ST LOUIS,ST LOUIS
ST. LOUIS - 000139,2,1.0000000000,16.0000000001,16.0000000001,0,ST LOUIS,ST LOUIS
ST. LOUIS - 000140,2,1.0000000000,16.0000000000,16.0000000000,0,ST LOUIS,ST LOUIS
ST. LOUIS - 000141,1,1.0000000000,9.9999999999,9.9999999999,0,ST LOUIS,ST LOUIS
ST. LOUIS - 000142,2,1.0000000000,14.0000000000,14.0000000000,0,ST LOUIS,ST LOUIS
ST. LOUIS - 000143,2,1.0000000000,7.0000000000,7.0000000000,0,ST LOUIS,ST LOUIS
ST. LOUIS - 000144,2,1.0000000000,29.9999999998,29.9999999998,0,ST LOUIS,ST LOUIS
ST. LOUIS - 000145,2,1.0000000000,4.9999999999,4.9999999999,0,ST LOUIS,ST LOUIS
ST. LOUIS - 000146,1,0.6666666667,4.0000000000,6.0000000000,0,ST LOUIS,ST LOUIS
ST. LOUIS - 000146,2,0.3333333333,2.0000000000,6.0000000000,0,ST LOUIS,ST LOUIS
ST. LOUIS - 000147,2,1.0000000000,13.0000000000,13.0000000000,0,ST LOUIS,ST LOUIS
ST. LOUIS - 000148,1,1.0000000000,10.0000000000,10.0000000000,0,ST LOUIS,ST LOUIS
ST. LOUIS - 000149,2,1.0000000000,5.0000000000,5.0000000000,0,ST LOUIS,ST LOUIS
ST. LOUIS - 000150,2,1.0000000000,15.0000000000,15.0000000000,0,ST LOUIS,ST LOUIS
ST. LOUIS - 000152,2,1.0000000000,54.0000000000,54.0000000000,0,ST LOUIS,ST LOUIS
ST. LOUIS - 000153,2,1.0000000000,32.0000000001,32.0000000001,0,ST LOUIS,ST LOUIS
ST. LOUIS - 000154,1,1.0000000000,19.9999999998,19.9999999998,0,ST LOUIS,ST LOUIS
ST. LOUIS - 000155,1,1.0000000000,6.0000000000,6.0000000000,0,ST LOUIS,ST LOUIS
ST. LOUIS - 000156,1,1.0000000000,4.0000000000,4.0000000000,0,ST LOUIS,ST LOUIS
ST. LOUIS - 000157,1,1.0000000000,17.0000000000,17.0000000000,0,ST LOUIS,ST LOUIS
ST. LOUIS - 000158,1,1.0000000000,50.9999999999,50.9999999999,0,ST LOUIS,ST LOUIS
ST. LOUIS - 000159,1,1.0000000000,29.0000000000,29.0000000000,0,ST LOUIS,ST LOUIS
ST. LOUIS - 000160,1,1.0000000000,21.9999999999,21.9999999999,0,ST LOUIS,ST LOUIS
ST. LOUIS - 000161,1,1.0000000000,13.0000000000,13.0000000000,0,ST LOUIS,ST LOUIS
ST. LOUIS - 000162,1,1.0000000000,26.0000000001,26.0000000001,0,ST LOUIS,ST LOUIS
ST. LOUIS - 000163,1,1.0000000000,26.0000000000,26.0000000000,0,ST LOUIS,ST LOUIS
ST. LOUIS - 000164,1,1.0000000000,17.0000000000,17.0000000000,0,ST LOUIS,ST LOUIS
ST. LOUIS - 000165,1,1.0000000000,33.0000000000,33.0000000000,0,ST LOUIS,ST LOUIS
ST. LOUIS - 000166,1,1.0000000000,9.0000000000,9.0000000000,0,ST LOUIS,ST LOUIS
ST. LOUIS - 000167,1,1.0000000000,20.0000000000,20.0000000000,0,ST LOUIS,ST LOUIS
ST. LOUIS - 000168,1,1.0000000000,23.0000000000,23.0000000000,0,ST LOUIS,ST LOUIS
ST. LOUIS - 000169,1,1.0000000000,26.0000000000,26.0000000000,0,ST LOUIS,ST LOUIS
ST. LOUIS - 000170,1,1.0000000000,23.0000000000,23.0000000000,0,ST LOUIS,ST LOUIS
ST. LOUIS - 000171,1,1.0000000000,15.0000000001,15.0000000001,0,ST LOUIS,ST LOUIS
ST. LOUIS - 000172,1,1.0000000000,7.0000000000,7.0000000000,0,ST LOUIS,ST LOUIS
ST. LOUIS - 000173,1,1.0000000000,8.0000000000,8.0000000000,0,ST LOUIS,ST LOUIS
ST. LOUIS - 000174,1,1.0000000000,3.0000000000,3.0000000000,0,ST LOUIS,ST LOUIS
ST. LOUIS - 000175,1,1.0000000000,19.9999999999,19.9999999999,0,ST LOUIS,ST LOUIS
ST. LOUIS - 000176,1,1.0000000000,28.9999999999,28.9999999999,0,ST LOUIS,ST LOUIS
ST. LOUIS - 000177,1,1.0000000000,2.0000000000,2.0000000000,0,ST LOUIS,ST LOUIS
ST. LOUIS - 000178,1,1.0000000000,12.0000000000,12.0000000000,0,ST LOUIS,ST LOUIS
ST. LOUIS - 000179,1,1.0000000000,15.0000000000,15.0000000000,0,ST LOUIS,ST LOUIS
ST. LOUIS - 000180,1,1.0000000000,24.0000000000,24.0000000000,0,ST LOUIS,ST LOUIS
ST. LOUIS - 000181,1,1.0000000000,9.0000000000,9.0000000000,0,ST LOUIS,ST LOUIS
ST. LOUIS - 000183,1,1.0000000000,26.0000000000,26.0000000000,0,ST LOUIS,ST LOUIS
ST. LOUIS - 000184,1,1.0000000000,53.9999999999,53.9999999999,0,ST LOUIS,ST LOUIS
ST. LOUIS - 000185,1,1.0000000000,34.0000000000,34.0000000000,0,ST LOUIS,ST LOUIS
ST. LOUIS - 000186,1,1.0000000000,23.0000000000,23.0000000000,0,ST LOUIS,ST LOUIS
ST. LOUIS - 000187,1,1.0000000000,30.0000000001,30.0000000001,0,ST LOUIS,ST LOUIS
ST. LOUIS - 000188,1,1.0000000000,22.0000000000,22.0000000000,0,ST LOUIS,ST LOUIS
ST. LOUIS - 000189,1,1.0000000000,51.0000000000,51.0000000000,0,ST LOUIS,ST LOUIS
ST. LOUIS - 000190,1,1.0000000000,19.0000000000,19.0000000000,0,ST LOUIS,ST LOUIS
ST. LOUIS - 000191,1,1.0000000000,26.0000000000,26.0000000000,0,ST LOUIS,ST LOUIS
ST. LOUIS - 000192,1,1.0000000000,14.0000000000,14.0000000000,0,ST LOUIS,ST LOUIS
ST. LOUIS - 000193,1,1.0000000000,10.0000000000,10.0000000000,0,ST LOUIS,ST LOUIS
ST. LOUIS - 000194,1,1.0000000000,34.0000000000,34.0000000000,0,ST LOUIS,ST LOUIS
ST. LOUIS - 000195,1,1.0000000000,10.0000000000,10.0000000000,0,ST LOUIS,ST LOUIS
ST. LOUIS - 000196,1,1.0000000000,19.0000000000,19.0000000000,0,ST LOUIS,ST LOUIS
ST. LOUIS - 000197,1,1.0000000000,5.0000000000,5.0000000000,0,ST LOUIS,ST LOUIS
ST. LOUIS - 000198,1,1.0000000000,3.9999999999,3.9999999999,0,ST LOUIS,ST LOUIS
ST. LOUIS - 000199,1,1.0000000000,16.9999999999,16.9999999999,0,ST LOUIS,ST LOUIS
ST. LOUIS - 000200,1,1.0000000000,21.0000000000,21.0000000000,0,ST LOUIS,ST LOUIS
ST. LOUIS - 000201,1,1.0000000000,19.0000000000,19.0000000000,0,ST LOUIS,ST LOUIS
ST. LOUIS - 000202,1,1.0000000000,29.9999999999,29.9999999999,0,ST LOUIS,ST LOUIS
ST. LOUIS - 000203,2,1.0000000000,24.0000000000,24.0000000000,0,ST LOUIS,ST LOUIS
ST. LOUIS - 000204,2,1.0000000000,10.0000000000,10.0000000000,0,ST LOUIS,ST LOUIS
ST. LOUIS - 000205,1,0.1428571429,1.0000000000,7.0000000000,0,ST LOUIS,ST LOUIS
ST. LOUIS - 000205,2,0.8571428571,6.0000000000,7.0000000000,0,ST LOUIS,ST LOUIS
ST. LOUIS - 000206,2,1.0000000000,6.0000000000,6.0000000000,0,ST LOUIS,ST LOUIS
ST. LOUIS - 000207,2,1.0000000000,9.0000000000,9.0000000000,0,ST LOUIS,ST LOUIS
ST. LOUIS - 000208,1,0.5789473684,11.0000000000,19.0000000000,0,ST LOUIS,ST LOUIS
ST. LOUIS - 000208,2,0.4210526316,8.0000000000,19.0000000000,0,ST LOUIS,ST LOUIS
ST. LOUIS - 000209,1,1.0000000000,25.0000000000,25.0000000000,0,ST LOUIS,ST LOUIS
ST. LOUIS - 000210,1,0.8665632671,12.9984490067,15.0000000001,0,ST LOUIS,ST LOUIS
ST. LOUIS - 000210,2,0.1334367329,2.0015509934,15.0000000001,0,ST LOUIS,ST LOUIS
ST. LOUIS - 000211,1,0.6000000000,9.0000000000,15.0000000000,0,ST LOUIS,ST LOUIS
ST. LOUIS - 000211,2,0.4000000000,6.0000000000,15.0000000000,0,ST LOUIS,ST LOUIS
ST. LOUIS - 000212,2,1.0000000000,21.0000000000,21.0000000000,0,ST LOUIS,ST LOUIS
ST. LOUIS - 000213,1,1.0000000000,21.0000000001,21.0000000001,0,ST LOUIS,ST LOUIS
ST. LOUIS - 000214,1,1.0000000000,30.0000000000,30.0000000000,0,ST LOUIS,ST LOUIS
ST. LOUIS - 000215,1,0.3888888889,7.0000000000,18.0000000000,0,ST LOUIS,ST LOUIS
ST. LOUIS - 000215,2,0.6111111111,11.0000000000,18.0000000000,0,ST LOUIS,ST LOUIS
ST. LOUIS - 000216,1,1.0000000000,27.0000000000,27.0000000000,0,ST LOUIS,ST LOUIS
ST. LOUIS - 000217,2,1.0000000000,13.0000000000,13.0000000000,0,ST LOUIS,ST LOUIS
ST. LOUIS - 000218,2,1.0000000000,21.9999999999,21.9999999999,0,ST LOUIS,ST LOUIS
ST. LOUIS - 000219,2,1.0000000000,19.0000000000,19.0000000000,0,ST LOUIS,ST LOUIS
ST. LOUIS - 000220,2,1.0000000000,12.0000000000,12.0000000000,0,ST LOUIS,ST LOUIS
ST. LOUIS - 000221,1,1.0000000000,32.0000000000,32.0000000000,0,ST LOUIS,ST LOUIS
ST. LOUIS - 000222,2,1.0000000000,11.0000000000,11.0000000000,0,ST LOUIS,ST LOUIS
ST. LOUIS - 000223,2,1.0000000000,22.0000000000,22.0000000000,0,ST LOUIS,ST LOUIS
ST. LOUIS - 000224,2,1.0000000000,24.0000000001,24.0000000001,0,ST LOUIS,ST LOUIS
ST. LOUIS - 000225,1,1.0000000000,1.0000000000,1.0000000000,0,ST LOUIS,ST LOUIS
ST. LOUIS - 000226,2,1.0000000000,9.0000000001,9.0000000001,0,ST LOUIS,ST LOUIS
ST. LOUIS - 000227,2,1.0000000000,23.9999999999,23.9999999999,0,ST LOUIS,ST LOUIS
ST. LOUIS - 000228,2,1.0000000000,17.0000000000,17.0000000000,0,ST LOUIS,ST LOUIS
ST. LOUIS - 000229,2,1.0000000000,18.0000000000,18.0000000000,0,ST LOUIS,ST LOUIS
ST. LOUIS - 000230,1,0.0370373399,1.4444562560,38.9999999999,0,ST LOUIS,ST LOUIS
ST. LOUIS - 000230,2,0.9629626601,37.5555437439,38.9999999999,0,ST LOUIS,ST LOUIS
ST. LOUIS - 000231,2,1.0000000000,10.0000000001,10.0000000001,0,ST LOUIS,ST LOUIS
ST. LOUIS - 000232,2,1.0000000000,7.0000000000,7.0000000000,0,ST LOUIS,ST LOUIS
ST. LOUIS - 000233,1,1.0000000000,12.0000000000,12.0000000000,0,ST LOUIS,ST LOUIS
ST. LOUIS - 000234,1,1.0000000000,24.0000000000,24.0000000000,0,ST LOUIS,ST LOUIS
ST. LOUIS - 000235,1,1.0000000000,9.0000000002,9.0000000002,0,ST LOUIS,ST LOUIS
ST. LOUIS - 000236,1,1.0000000000,12.0000000000,12.0000000000,0,ST LOUIS,ST LOUIS
ST. LOUIS - 000237,1,1.0000000000,14.0000000001,14.0000000001,0,ST LOUIS,ST LOUIS
ST. LOUIS - 000238,1,1.0000000000,16.0000000001,16.0000000001,0,ST LOUIS,ST LOUIS
ST. LOUIS - 000239,1,1.0000000000,45.9999999987,45.9999999987,0,ST LOUIS,ST LOUIS
ST. LOUIS - 000240,1,1.0000000000,33.0000000000,33.0000000000,0,ST LOUIS,ST LOUIS
ST. LOUIS - 000241,1,1.0000000000,23.9999999999,23.9999999999,0,ST LOUIS,ST LOUIS
ST. LOUIS - 000242,1,1.0000000000,29.0000000000,29.0000000000,0,ST LOUIS,ST LOUIS
ST. LOUIS - 000243,1,1.0000000000,15.0000000000,15.0000000000,0,ST LOUIS,ST LOUIS
ST. LOUIS - 000244,1,1.0000000000,17.0000000000,17.0000000000,0,ST LOUIS,ST LOUIS
ST. LOUIS - 000245,1,1.0000000000,36.0000000000,36.0000000000,0,ST LOUIS,ST LOUIS
ST. LOUIS - 000246,1,1.0000000000,28.0000000000,28.0000000000,0,ST LOUIS,ST LOUIS
ST. LOUIS - 000247,1,1.0000000000,20.9999999999,20.9999999999,0,ST LOUIS,ST LOUIS
ST. LOUIS - 000248,1,1.0000000000,31.0000000000,31.0000000000,0,ST LOUIS,ST LOUIS
ST. LOUIS - 000249,1,1.0000000000,31.0000000000,31.0000000000,0,ST LOUIS,ST LOUIS
ST. LOUIS - 000250,1,1.0000000000,14.0000000000,14.0000000000,0,ST LOUIS,ST LOUIS
ST. LOUIS - 000251,1,1.0000000000,25.0000000000,25.0000000000,0,ST LOUIS,ST LOUIS
ST. LOUIS - 000252,1,1.0000000000,28.0000000000,28.0000000000,0,ST LOUIS,ST LOUIS
ST. LOUIS - 000253,1,1.0000000000,16.0000000000,16.0000000000,0,ST LOUIS,ST LOUIS
ST. LOUIS - 000254,1,1.0000000000,34.0000000000,34.0000000000,0,ST LOUIS,ST LOUIS
ST. LOUIS - 000255,1,1.0000000000,12.0000000001,12.0000000001,0,ST LOUIS,ST LOUIS
ST. LOUIS - 000256,1,1.0000000000,23.0000000000,23.0000000000,0,ST LOUIS,ST LOUIS
ST. LOUIS - 000257,1,1.0000000000,38.9999999999,38.9999999999,0,ST LOUIS,ST LOUIS
ST. LOUIS - 000258,1,1.0000000000,12.0000000000,12.0000000000,0,ST LOUIS,ST LOUIS
ST. LOUIS - 000259,1,1.0000000000,19.0000000000,19.0000000000,0,ST LOUIS,ST LOUIS
ST. LOUIS - 000260,1,1.0000000000,28.9999999999,28.9999999999,0,ST LOUIS,ST LOUIS
ST. LOUIS - 000261,1,1.0000000000,24.0000000000,24.0000000000,0,ST LOUIS,ST LOUIS
ST. LOUIS - 000262,1,1.0000000000,3.0000000000,3.0000000000,0,ST LOUIS,ST LOUIS
ST. LOUIS - 000263,1,1.0000000000,2.0000000000,2.0000000000,0,ST LOUIS,ST LOUIS
ST. LOUIS - 000264,1,1.0000000000,16.9999999999,16.9999999999,0,ST LOUIS,ST LOUIS
ST. LOUIS - 000265,1,1.0000000000,10.0000000000,10.0000000000,0,ST LOUIS,ST LOUIS
ST. LOUIS - 000266,1,1.0000000000,41.9999999999,41.9999999999,0,ST LOUIS,ST LOUIS
ST. LOUIS - 000267,1,1.0000000000,29.0000000000,29.0000000000,0,ST LOUIS,ST LOUIS
ST. LOUIS - 000268,1,1.0000000000,22.0000000000,22.0000000000,0,ST LOUIS,ST LOUIS
ST. LOUIS - 000269,1,1.0000000000,18.9999999999,18.9999999999,0,ST LOUIS,ST LOUIS
ST. LOUIS - 000270,1,1.0000000000,19.0000000000,19.0000000000,0,ST LOUIS,ST LOUIS
ST. LOUIS - 000271,1,1.0000000000,9.0000000000,9.0000000000,0,ST LOUIS,ST LOUIS
ST. LOUIS - 000272,1,1.0000000000,12.0000000000,12.0000000000,0,ST LOUIS,ST LOUIS
ST. LOUIS - 000273,1,1.0000000000,25.0000000000,25.0000000000,0,ST LOUIS,ST LOUIS
ST. LOUIS - 000274,2,1.0000000000,26.0000000000,26.0000000000,0,ST LOUIS,ST LOUIS
ST. LOUIS - 000275,1,1.0000000000,11.0000000000,11.0000000000,0,ST LOUIS,ST LOUIS
ST. LOUIS - 000276,1,1.0000000000,1.0000000000,1.0000000000,0,ST LOUIS,ST LOUIS
ST. LOUIS - 000277,1,1.0000000000,5.0000000000,5.0000000000,0,ST LOUIS,ST LOUIS
ST. LOUIS - 000278,1,1.0000000000,59.0000000000,59.0000000000,0,ST LOUIS,ST LOUIS
ST. LOUIS - 000279,1,1.0000000000,22.0000000000,22.0000000000,0,ST LOUIS,ST LOUIS
ST. LOUIS - 000280,1,0.9999986754,31.9999576133,32.0000000000,0,ST LOUIS,ST LOUIS
ST. LOUIS - 000280,2,0.0000013246,0.0000423867,32.0000000000,0,ST LOUIS,ST LOUIS
ST. LOUIS - 000281,1,1.0000000000,44.9999999998,44.9999999998,0,ST LOUIS,ST LOUIS
ST. LOUIS - 000282,2,1.0000000000,8.0000000000,8.0000000000,0,ST LOUIS,ST LOUIS
ST. LOUIS - 000283,1,1.0000000000,8.9999999999,8.9999999999,0,ST LOUIS,ST LOUIS
ST. LOUIS - 000284,1,1.0000000000,33.0000000000,33.0000000000,0,ST LOUIS,ST LOUIS
ST. LOUIS - 000285,1,1.0000000000,19.0000000000,19.0000000000,0,ST LOUIS,ST LOUIS
ST. LOUIS - 000286,1,1.0000000000,31.9999999999,31.9999999999,0,ST LOUIS,ST LOUIS
ST. LOUIS - 000287,1,1.0000000000,41.0000000000,41.0000000000,0,ST LOUIS,ST LOUIS
ST. LOUIS - 000288,1,1.0000000000,39.0000000000,39.0000000000,0,ST LOUIS,ST LOUIS
ST. LOUIS - 000289,1,0.0215272123,1.0117789803,47.0000000000,0,ST LOUIS,ST LOUIS
ST. LOUIS - 000289,2,0.9784727877,45.9882210197,47.0000000000,0,ST LOUIS,ST LOUIS
ST. LOUIS - 000290,2,1.0000000000,32.0000000001,32.0000000001,0,ST LOUIS,ST LOUIS
ST. LOUIS - 000291,1,0.0010055957,0.0261454880,26.0000000000,0,ST LOUIS,ST LOUIS
ST. LOUIS - 000291,2,0.9989944043,25.9738545120,26.0000000000,0,ST LOUIS,ST LOUIS
ST. LOUIS - 000292,2,1.0000000000,23.0000000000,23.0000000000,0,ST LOUIS,ST LOUIS
ST. LOUIS - 000293,1,1.0000000000,4.0000000000,4.0000000000,0,ST LOUIS,ST LOUIS
ST. LOUIS - 000294,1,1.0000000000,29.0000000000,29.0000000000,0,ST LOUIS,ST LOUIS
ST. LOUIS - 000295,1,1.0000000000,29.0000000001,29.0000000001,0,ST LOUIS,ST LOUIS
ST. LOUIS - 000296,1,1.0000000000,15.0000000000,15.0000000000,0,ST LOUIS,ST LOUIS
ST. LOUIS - 000297,1,1.0000000000,6.0000000000,6.0000000000,0,ST LOUIS,ST LOUIS
ST. LOUIS - 000298,1,1.0000000000,13.0000000000,13.0000000000,0,ST LOUIS,ST LOUIS
ST. LOUIS - 000299,1,1.0000000000,18.0000000000,18.0000000000,0,ST LOUIS,ST LOUIS
ST. LOUIS - 000300,1,1.0000000000,11.0000000000,11.0000000000,0,ST LOUIS,ST LOUIS
ST. LOUIS - 000301,1,1.0000000000,12.9999999999,12.9999999999,0,ST LOUIS,ST LOUIS
ST. LOUIS - 000302,2,1.0000000000,8.0000000000,8.0000000000,0,ST LOUIS,ST LOUIS
ST. LOUIS - 000303,2,1.0000000000,4.0000000000,4.0000000000,0,ST LOUIS,ST LOUIS
ST. LOUIS - 000304,2,1.0000000000,9.0000000001,9.0000000001,0,ST LOUIS,ST LOUIS
ST. LOUIS - 000305,2,1.0000000000,30.0000000000,30.0000000000,0,ST LOUIS,ST LOUIS
ST. LOUIS - 000306,2,1.0000000000,30.0000000000,30.0000000000,0,ST LOUIS,ST LOUIS
ST. LOUIS - 000307,2,1.0000000000,14.0000000000,14.0000000000,0,ST LOUIS,ST LOUIS
ST. LOUIS - 000308,2,1.0000000000,6.0000000000,6.0000000000,0,ST LOUIS,ST LOUIS
ST. LOUIS - 000309,2,1.0000000000,7.0000000000,7.0000000000,0,ST LOUIS,ST LOUIS
ST. LOUIS - 000310,2,1.0000000000,21.0000000002,21.0000000002,0,ST LOUIS,ST LOUIS
ST. LOUIS - 000311,2,1.0000000000,13.0000000001,13.0000000001,0,ST LOUIS,ST LOUIS
ST. LOUIS - 000312,2,1.0000000000,8.0000000000,8.0000000000,0,ST LOUIS,ST LOUIS
ST. LOUIS - 000313,2,1.0000000000,11.0000000000,11.0000000000,0,ST LOUIS,ST LOUIS
ST. LOUIS - 000314,2,1.0000000000,12.0000000003,12.0000000003,0,ST LOUIS,ST LOUIS
ST. LOUIS - 000315,2,1.0000000000,18.0000000000,18.0000000000,0,ST LOUIS,ST LOUIS
ST. LOUIS - 000316,2,1.0000000000,16.0000000000,16.0000000000,0,ST LOUIS,ST LOUIS
ST. LOUIS - 000317,2,1.0000000000,20.0000000001,20.0000000001,0,ST LOUIS,ST LOUIS
ST. LOUIS - 000318,2,1.0000000000,25.0000000000,25.0000000000,0,ST LOUIS,ST LOUIS
ST. LOUIS - 000319,2,1.0000000000,5.0000000000,5.0000000000,0,ST LOUIS,ST LOUIS
ST. LOUIS - 000320,2,1.0000000000,9.0000000000,9.0000000000,0,ST LOUIS,ST LOUIS
ST. LOUIS - 000321,2,1.0000000000,18.0000000002,18.0000000002,0,ST LOUIS,ST LOUIS
ST. LOUIS - 000322,2,1.0000000000,16.9999999999,16.9999999999,0,ST LOUIS,ST LOUIS
ST. LOUIS - 000323,2,1.0000000000,11.0000000000,11.0000000000,0,ST LOUIS,ST LOUIS
ST. LOUIS - 000324,2,1.0000000000,8.0000000001,8.0000000001,0,ST LOUIS,ST LOUIS
ST. LOUIS - 000325,2,1.0000000000,12.9999999999,12.9999999999,0,ST LOUIS,ST LOUIS
ST. LOUIS - 000326,2,1.0000000000,51.9999999999,51.9999999999,0,ST LOUIS,ST LOUIS
ST. LOUIS - 000327,2,1.0000000000,29.9999999999,29.9999999999,0,ST LOUIS,ST LOUIS
ST. LOUIS - 000328,1,0.0004306242,0.0086124835,20.0000000000,0,ST LOUIS,ST LOUIS
ST. LOUIS - 000328,2,0.9995693758,19.9913875165,20.0000000000,0,ST LOUIS,ST LOUIS
ST. LOUIS - 000329,2,1.0000000000,10.0000000000,10.0000000000,0,ST LOUIS,ST LOUIS
ST. LOUIS - 000330,2,1.0000000000,22.0000000000,22.0000000000,0,ST LOUIS,ST LOUIS
ST. LOUIS - 000331,1,0.2657957344,1.0631829376,4.0000000000,0,ST LOUIS,ST LOUIS
ST. LOUIS - 000331,2,0.7342042656,2.9368170624,4.0000000000,0,ST LOUIS,ST LOUIS
ST. LOUIS - 000332,2,1.0000000000,6.0000000000,6.0000000000,0,ST LOUIS,ST LOUIS
ST. LOUIS - 000333,2,1.0000000000,25.9999999999,25.9999999999,0,ST LOUIS,ST LOUIS
ST. LOUIS - 000334,2,1.0000000000,3.9999999999,3.9999999999,0,ST LOUIS,ST LOUIS
ST. LOUIS - 000335,2,1.0000000000,44.0000000001,44.0000000001,0,ST LOUIS,ST LOUIS
ST. LOUIS - 000336,2,1.0000000000,23.9999999999,23.9999999999,0,ST LOUIS,ST LOUIS
ST. LOUIS - 000337,2,1.0000000000,13.0000000000,13.0000000000,0,ST LOUIS,ST LOUIS
ST. LOUIS - 000338,2,1.0000000000,18.0000000000,18.0000000000,0,ST LOUIS,ST LOUIS
ST. LOUIS - 000339,2,1.0000000000,18.0000000002,18.0000000002,0,ST LOUIS,ST LOUIS
ST. LOUIS - 000340,2,1.0000000000,12.0000000000,12.0000000000,0,ST LOUIS,ST LOUIS
ST. LOUIS - 000341,2,1.0000000000,28.9999999998,28.9999999998,0,ST LOUIS,ST LOUIS
ST. LOUIS - 000343,2,1.0000000000,28.0000000000,28.0000000000,0,ST LOUIS,ST LOUIS
ST. LOUIS - 000344,2,1.0000000000,84.9999999997,84.9999999997,0,ST LOUIS,ST LOUIS
ST. LOUIS - 000345,1,0.0081007807,0.2106202987,26.0000000000,0,ST LOUIS,ST LOUIS
ST. LOUIS - 000345,2,0.9918992193,25.7893797013,26.0000000000,0,ST LOUIS,ST LOUIS
ST. LOUIS - 000346,1,0.0000023182,0.0000556363,24.0000000000,0,ST LOUIS,ST LOUIS
ST. LOUIS - 000346,2,0.9999976818,23.9999443637,24.0000000000,0,ST LOUIS,ST LOUIS
ST. LOUIS - 000347,1,1.0000000000,16.0000000000,16.0000000000,0,ST LOUIS,ST LOUIS
ST. LOUIS - 000348,1,1.0000000000,15.0000000000,15.0000000000,0,ST LOUIS,ST LOUIS
ST. LOUIS - 000349,1,1.0000000000,14.0000000000,14.0000000000,0,ST LOUIS,ST LOUIS
ST. LOUIS - 000350,1,1.0000000000,24.0000000000,24.0000000000,0,ST LOUIS,ST LOUIS
ST. LOUIS - 000351,1,1.0000000000,22.0000000000,22.0000000000,0,ST LOUIS,ST LOUIS
ST. LOUIS - 000352,1,1.0000000000,22.0000000001,22.0000000001,0,ST LOUIS,ST LOUIS
ST. LOUIS - 000353,1,1.0000000000,23.0000000001,23.0000000001,0,ST LOUIS,ST LOUIS
ST. LOUIS - 000354,1,1.0000000000,35.0000000000,35.0000000000,0,ST LOUIS,ST LOUIS
ST. LOUIS - 000355,1,1.0000000000,28.9999999999,28.9999999999,0,ST LOUIS,ST LOUIS
ST. LOUIS - 000356,1,1.0000000000,18.0000000000,18.0000000000,0,ST LOUIS,ST LOUIS
ST. LOUIS - 000357,1,1.0000000000,11.0000000000,11.0000000000,0,ST LOUIS,ST LOUIS
ST. LOUIS - 000358,1,1.0000000000,7.0000000000,7.0000000000,0,ST LOUIS,ST LOUIS
ST. LOUIS - 000359,1,1.0000000000,22.0000000000,22.0000000000,0,ST LOUIS,ST LOUIS
ST. LOUIS - 000360,1,1.0000000000,14.9999999999,14.9999999999,0,ST LOUIS,ST LOUIS
ST. LOUIS - 000361,1,1.0000000000,23.0000000001,23.0000000001,0,ST LOUIS,ST LOUIS
ST. LOUIS - 000362,1,1.0000000000,22.0000000000,22.0000000000,0,ST LOUIS,ST LOUIS
ST. LOUIS - 000363,1,1.0000000000,36.0000000000,36.0000000000,0,ST LOUIS,ST LOUIS
ST. LOUIS - 000364,2,1.0000000000,20.0000000000,20.0000000000,0,ST LOUIS,ST LOUIS
ST. LOUIS - 000365,2,1.0000000000,9.0000000000,9.0000000000,0,ST LOUIS,ST LOUIS
ST. LOUIS - 000366,2,1.0000000000,18.9999999999,18.9999999999,0,ST LOUIS,ST LOUIS
ST. LOUIS - 000367,2,0.9997382345,43.9884823161,44.0000000003,0,ST LOUIS,ST LOUIS
ST. LOUIS - 000367,3,0.0002617655,0.0115176842,44.0000000003,0,ST LOUIS,ST LOUIS
ST. LOUIS - 000368,2,1.0000000000,45.0000000001,45.0000000001,0,ST LOUIS,ST LOUIS
ST. LOUIS - 000369,2,1.0000000000,1.0000000000,1.0000000000,0,ST LOUIS,ST LOUIS
ST. LOUIS - 000370,2,1.0000000000,14.9999999999,14.9999999999,0,ST LOUIS,ST LOUIS
ST. LOUIS - 000371,2,1.0000000000,20.0000000000,20.0000000000,0,ST LOUIS,ST LOUIS
ST. LOUIS - 000372,2,1.0000000000,17.9999999999,17.9999999999,0,ST LOUIS,ST LOUIS
ST. LOUIS - 000373,2,1.0000000000,41.0000000001,41.0000000001,0,ST LOUIS,ST LOUIS
ST. LOUIS - 000374,2,1.0000000000,10.0000000000,10.0000000000,0,ST LOUIS,ST LOUIS
ST. LOUIS - 000375,2,1.0000000000,8.0000000000,8.0000000000,0,ST LOUIS,ST LOUIS
ST. LOUIS - 000376,2,1.0000000000,19.0000000000,19.0000000000,0,ST LOUIS,ST LOUIS
ST. LOUIS - 000377,2,1.0000000000,20.0000000000,20.0000000000,0,ST LOUIS,ST LOUIS
ST. LOUIS - 000378,2,1.0000000000,25.0000000001,25.0000000001,0,ST LOUIS,ST LOUIS
ST. LOUIS - 000379,2,1.0000000000,32.9999999996,32.9999999996,0,ST LOUIS,ST LOUIS
ST. LOUIS - 000380,2,1.0000000000,2.0000000000,2.0000000000,0,ST LOUIS,ST LOUIS
ST. LOUIS - 000381,2,1.0000000000,9.0000000001,9.0000000001,0,ST LOUIS,ST LOUIS
ST. LOUIS - 000382,2,1.0000000000,8.0000000000,8.0000000000,0,ST LOUIS,ST LOUIS
ST. LOUIS - 000383,2,1.0000000000,14.9999999999,14.9999999999,0,ST LOUIS,ST LOUIS
ST. LOUIS - 000384,2,1.0000000000,33.0000000001,33.0000000001,0,ST LOUIS,ST LOUIS
ST. LOUIS - 000385,2,1.0000000000,21.0000000000,21.0000000000,0,ST LOUIS,ST LOUIS
ST. LOUIS - 000386,2,1.0000000000,8.0000000000,8.0000000000,0,ST LOUIS,ST LOUIS
ST. LOUIS - 000387,2,1.0000000000,63.0000000006,63.0000000006,0,ST LOUIS,ST LOUIS
ST. LOUIS - 000388,2,1.0000000000,28.0000000001,28.0000000001,0,ST LOUIS,ST LOUIS
ST. LOUIS - 000389,2,1.0000000000,24.9999999999,24.9999999999,0,ST LOUIS,ST LOUIS
ST. LOUIS - 000390,2,1.0000000000,62.0000000000,62.0000000000,0,ST LOUIS,ST LOUIS
ST. LOUIS - 000391,2,1.0000000000,13.0000000001,13.0000000001,0,ST LOUIS,ST LOUIS
ST. LOUIS - 000392,2,1.0000000000,15.0000000000,15.0000000000,0,ST LOUIS,ST LOUIS
ST. LOUIS - 000393,2,1.0000000000,56.0000000003,56.0000000003,0,ST LOUIS,ST LOUIS
ST. LOUIS - 000394,2,1.0000000000,15.9999999999,15.9999999999,0,ST LOUIS,ST LOUIS
ST. LOUIS - 000395,2,1.0000000000,111.0000000002,111.0000000002,0,ST LOUIS,ST LOUIS
ST. LOUIS - 000396,2,1.0000000000,13.0000000001,13.0000000001,0,ST LOUIS,ST LOUIS
ST. LOUIS - 000397,2,1.0000000000,44.9999999998,44.9999999998,0,ST LOUIS,ST LOUIS
ST. LOUIS - 000398,2,1.0000000000,10.0000000000,10.0000000000,0,ST LOUIS,ST LOUIS
ST. LOUIS - 000399,2,1.0000000000,26.9999999999,26.9999999999,0,ST LOUIS,ST LOUIS
ST. LOUIS - 000400,2,1.0000000000,6.0000000000,6.0000000000,0,ST LOUIS,ST LOUIS
ST. LOUIS - 000402,2,1.0000000000,13.9999999999,13.9999999999,0,ST LOUIS,ST LOUIS
ST. LOUIS - 000403,2,1.0000000000,12.9999999999,12.9999999999,0,ST LOUIS,ST LOUIS
ST. LOUIS - 000404,2,1.0000000000,6.0000000000,6.0000000000,0,ST LOUIS,ST LOUIS
ST. LOUIS - 000405,2,1.0000000000,7.0000000000,7.0000000000,0,ST LOUIS,ST LOUIS
ST. LOUIS - 000406,2,1.0000000000,11.0000000000,11.0000000000,0,ST LOUIS,ST LOUIS
ST. LOUIS - 000407,2,1.0000000000,6.9999999999,6.9999999999,0,ST LOUIS,ST LOUIS
ST. LOUIS - 000408,2,1.0000000000,11.0000000001,11.0000000001,0,ST LOUIS,ST LOUIS
ST. LOUIS - 000409,2,1.0000000000,59.0000000001,59.0000000001,0,ST LOUIS,ST LOUIS
ST. LOUIS - 000410,2,1.0000000000,25.0000000000,25.0000000000,0,ST LOUIS,ST LOUIS
ST. LOUIS - 000411,1,1.0000000000,30.0000000000,30.0000000000,0,ST LOUIS,ST LOUIS
ST. LOUIS - 000412,1,1.0000000000,24.0000000000,24.0000000000,0,ST LOUIS,ST LOUIS
ST. LOUIS - 000413,1,1.0000000000,17.0000000000,17.0000000000,0,ST LOUIS,ST LOUIS
ST. LOUIS - 000414,1,1.0000000000,38.0000000000,38.0000000000,0,ST LOUIS,ST LOUIS
ST. LOUIS - 000415,1,1.0000000000,25.9999999999,25.9999999999,0,ST LOUIS,ST LOUIS
ST. LOUIS - 000416,1,1.0000000000,32.0000000000,32.0000000000,0,ST LOUIS,ST LOUIS
ST. LOUIS - 000417,1,1.0000000000,19.0000000000,19.0000000000,0,ST LOUIS,ST LOUIS
ST. LOUIS - 000418,1,1.0000000000,38.9999999996,38.9999999996,0,ST LOUIS,ST LOUIS
ST. LOUIS - 000419,1,1.0000000000,6.0000000000,6.0000000000,0,ST LOUIS,ST LOUIS
ST. LOUIS - 000420,1,1.0000000000,23.0000000000,23.0000000000,0,ST LOUIS,ST LOUIS
ST. LOUIS - 000421,1,1.0000000000,8.0000000000,8.0000000000,0,ST LOUIS,ST LOUIS
ST. LOUIS - 000422,1,1.0000000000,10.0000000000,10.0000000000,0,ST LOUIS,ST LOUIS
ST. LOUIS - 000423,1,1.0000000000,9.0000000001,9.0000000001,0,ST LOUIS,ST LOUIS
ST. LOUIS - 000424,1,1.0000000000,8.0000000001,8.0000000001,0,ST LOUIS,ST LOUIS
ST. LOUIS - 000425,1,1.0000000000,23.0000000000,23.0000000000,0,ST LOUIS,ST LOUIS
ST. LOUIS - 000426,1,1.0000000000,3.0000000000,3.0000000000,0,ST LOUIS,ST LOUIS
ST. LOUIS - 000427,1,1.0000000000,12.0000000000,12.0000000000,0,ST LOUIS,ST LOUIS
ST. LOUIS - 000428,1,1.0000000000,19.0000000000,19.0000000000,0,ST LOUIS,ST LOUIS
ST. LOUIS - 000429,1,1.0000000000,23.0000000000,23.0000000000,0,ST LOUIS,ST LOUIS
ST. LOUIS - 000430,1,1.0000000000,10.0000000000,10.0000000000,0,ST LOUIS,ST LOUIS
ST. LOUIS - 000431,1,1.0000000000,1.0000000000,1.0000000000,0,ST LOUIS,ST LOUIS
ST. LOUIS - 000432,1,1.0000000000,27.0000000000,27.0000000000,0,ST LOUIS,ST LOUIS
ST. LOUIS - 000433,1,1.0000000000,15.0000000000,15.0000000000,0,ST LOUIS,ST LOUIS
ST. LOUIS - 000434,1,1.0000000000,21.0000000000,21.0000000000,0,ST LOUIS,ST LOUIS
ST. LOUIS - 000435,1,1.0000000000,24.0000000000,24.0000000000,0,ST LOUIS,ST LOUIS
ST. LOUIS - 000436,2,1.0000000000,8.0000000000,8.0000000000,0,ST LOUIS,ST LOUIS
ST. LOUIS - 000437,2,1.0000000000,9.9999999999,9.9999999999,0,ST LOUIS,ST LOUIS
ST. LOUIS - 000438,2,1.0000000000,9.0000000000,9.0000000000,0,ST LOUIS,ST LOUIS
ST. LOUIS - 000439,2,1.0000000000,33.0000000001,33.0000000001,0,ST LOUIS,ST LOUIS
ST. LOUIS - 000440,2,1.0000000000,4.0000000000,4.0000000000,0,ST LOUIS,ST LOUIS
ST. LOUIS - 000441,2,1.0000000000,9.0000000000,9.0000000000,0,ST LOUIS,ST LOUIS
ST. LOUIS - 000442,2,1.0000000000,13.0000000001,13.0000000001,0,ST LOUIS,ST LOUIS
ST. LOUIS - 000443,2,1.0000000000,2.0000000000,2.0000000000,0,ST LOUIS,ST LOUIS
ST. LOUIS - 000444,2,1.0000000000,17.0000000001,17.0000000001,0,ST LOUIS,ST LOUIS
ST. LOUIS - 000445,2,1.0000000000,22.0000000000,22.0000000000,0,ST LOUIS,ST LOUIS
ST. LOUIS - 000446,2,1.0000000000,14.0000000000,14.0000000000,0,ST LOUIS,ST LOUIS
ST. LOUIS - 000447,2,1.0000000000,12.0000000000,12.0000000000,0,ST LOUIS,ST LOUIS
ST. LOUIS - 000448,2,1.0000000000,27.0000000002,27.0000000002,0,ST LOUIS,ST LOUIS
ST. LOUIS - 000449,2,1.0000000000,4.0000000000,4.0000000000,0,ST LOUIS,ST LOUIS
ST. LOUIS - 000450,2,1.0000000000,20.9999999999,20.9999999999,0,ST LOUIS,ST LOUIS
ST. LOUIS - 000451,2,1.0000000000,61.0000000001,61.0000000001,0,ST LOUIS,ST LOUIS
ST. LOUIS - 000452,2,1.0000000000,13.0000000000,13.0000000000,0,ST LOUIS,ST LOUIS
ST. LOUIS - 000453,2,1.0000000000,13.9999999998,13.9999999998,0,ST LOUIS,ST LOUIS
ST. LOUIS - 000454,2,1.0000000000,20.9999999998,20.9999999998,0,ST LOUIS,ST LOUIS
ST. LOUIS - 000455,2,1.0000000000,35.9999999998,35.9999999998,0,ST LOUIS,ST LOUIS
ST. LOUIS - 000456,2,1.0000000000,29.0000000000,29.0000000000,0,ST LOUIS,ST LOUIS
ST. LOUIS - 000457,2,1.0000000000,9.0000000000,9.0000000000,0,ST LOUIS,ST LOUIS
ST. LOUIS - 000458,2,1.0000000000,9.0000000000,9.0000000000,0,ST LOUIS,ST LOUIS
ST. LOUIS - 000459,2,1.0000000000,30.9999999999,30.9999999999,0,ST LOUIS,ST LOUIS
ST. LOUIS - 000461,1,1.0000000000,23.0000000000,23.0000000000,0,ST LOUIS,ST LOUIS
ST. LOUIS - 000462,1,1.0000000000,19.9999999999,19.9999999999,0,ST LOUIS,ST LOUIS
ST. LOUIS - 000463,1,1.0000000000,60.9999999999,60.9999999999,0,ST LOUIS,ST LOUIS
ST. LOUIS - 000464,1,1.0000000000,42.0000000002,42.0000000002,0,ST LOUIS,ST LOUIS
ST. LOUIS - 000465,1,1.0000000000,6.0000000001,6.0000000001,0,ST LOUIS,ST LOUIS
ST. LOUIS - 000466,1,1.0000000000,6.0000000001,6.0000000001,0,ST LOUIS,ST LOUIS
ST. LOUIS - 000467,1,1.0000000000,24.0000000001,24.0000000001,0,ST LOUIS,ST LOUIS
ST. LOUIS - 000468,1,1.0000000000,11.0000000000,11.0000000000,0,ST LOUIS,ST LOUIS
ST. LOUIS - 000469,1,1.0000000000,24.0000000000,24.0000000000,0,ST LOUIS,ST LOUIS
ST. LOUIS - 000470,1,1.0000000000,30.0000000000,30.0000000000,0,ST LOUIS,ST LOUIS
ST. LOUIS - 000471,1,1.0000000000,29.0000000000,29.0000000000,0,ST LOUIS,ST LOUIS
ST. LOUIS - 000472,1,1.0000000000,27.9999999999,27.9999999999,0,ST LOUIS,ST LOUIS
ST. LOUIS - 000473,1,1.0000000000,14.0000000000,14.0000000000,0,ST LOUIS,ST LOUIS
ST. LOUIS - 000474,1,1.0000000000,15.0000000000,15.0000000000,0,ST LOUIS,ST LOUIS
ST. LOUIS - 000475,1,1.0000000000,26.0000000000,26.0000000000,0,ST LOUIS,ST LOUIS
ST. LOUIS - 000476,1,1.0000000000,14.0000000000,14.0000000000,0,ST LOUIS,ST LOUIS
ST. LOUIS - 000477,1,1.0000000000,40.9999999999,40.9999999999,0,ST LOUIS,ST LOUIS
ST. LOUIS - 000478,1,1.0000000000,4.0000000000,4.0000000000,0,ST LOUIS,ST LOUIS
ST. LOUIS - 000479,1,1.0000000000,6.0000000000,6.0000000000,0,ST LOUIS,ST LOUIS
ST. LOUIS - 000480,1,1.0000000000,13.0000000001,13.0000000001,0,ST LOUIS,ST LOUIS
ST. LOUIS - 000481,1,1.0000000000,20.0000000000,20.0000000000,0,ST LOUIS,ST LOUIS
ST. LOUIS - 000482,1,1.0000000000,13.0000000000,13.0000000000,0,ST LOUIS,ST LOUIS
ST. LOUIS - 000483,1,1.0000000000,11.0000000000,11.0000000000,0,ST LOUIS,ST LOUIS
ST. LOUIS - 000484,1,1.0000000000,2.0000000000,2.0000000000,0,ST LOUIS,ST LOUIS
ST. LOUIS - 000485,1,1.0000000000,24.0000000001,24.0000000001,0,ST LOUIS,ST LOUIS
ST. LOUIS - 000486,1,1.0000000000,11.0000000000,11.0000000000,0,ST LOUIS,ST LOUIS
ST. LOUIS - 000487,1,1.0000000000,14.0000000000,14.0000000000,0,ST LOUIS,ST LOUIS
ST. LOUIS - 000488,1,1.0000000000,29.9999999999,29.9999999999,0,ST LOUIS,ST LOUIS
ST. LOUIS - 000489,1,1.0000000000,12.0000000000,12.0000000000,0,ST LOUIS,ST LOUIS
ST. LOUIS - 000490,1,1.0000000000,16.0000000000,16.0000000000,0,ST LOUIS,ST LOUIS
ST. LOUIS - 000491,1,1.0000000000,34.0000000001,34.0000000001,0,ST LOUIS,ST LOUIS
ST. LOUIS - 000492,1,0.0040447358,0.0768499803,18.9999999999,0,ST LOUIS,ST LOUIS
ST. LOUIS - 000492,2,0.9959552642,18.9231500196,18.9999999999,0,ST LOUIS,ST LOUIS
ST. LOUIS - 000493,1,1.0000000000,4.0000000000,4.0000000000,0,ST LOUIS,ST LOUIS
ST. LOUIS - 000494,1,1.0000000000,22.0000000000,22.0000000000,0,ST LOUIS,ST LOUIS
ST. LOUIS - 000495,2,0.8461538462,11.0000000000,13.0000000000,0,ST LOUIS,ST LOUIS
ST. LOUIS - 000495,3,0.1538461538,2.0000000000,13.0000000000,0,ST LOUIS,ST LOUIS
ST. LOUIS - 000496,1,0.9998495352,15.9975925635,16.0000000000,0,ST LOUIS,ST LOUIS
ST. LOUIS - 000496,2,0.0001504648,0.0024074365,16.0000000000,0,ST LOUIS,ST LOUIS
ST. LOUIS - 000497,1,1.0000000000,48.0000000003,48.0000000003,0,ST LOUIS,ST LOUIS
ST. LOUIS - 000498,1,1.0000000000,11.0000000001,11.0000000001,0,ST LOUIS,ST LOUIS
ST. LOUIS - 000499,2,1.0000000000,8.0000000000,8.0000000000,0,ST LOUIS,ST LOUIS
ST. LOUIS - 000500,2,1.0000000000,19.9999999999,19.9999999999,0,ST LOUIS,ST LOUIS
ST. LOUIS - 000501,1,0.0053890400,0.0538904002,10.0000000000,0,ST LOUIS,ST LOUIS
ST. LOUIS - 000501,2,0.9946109600,9.9461095998,10.0000000000,0,ST LOUIS,ST LOUIS
ST. LOUIS - 000502,1,0.0153190825,0.9497831168,61.9999999995,0,ST LOUIS,ST LOUIS
ST. LOUIS - 000502,2,0.2020673547,12.5281759898,61.9999999995,0,ST LOUIS,ST LOUIS
ST. LOUIS - 000502,3,0.7826135628,48.5220408929,61.9999999995,0,ST LOUIS,ST LOUIS
ST. LOUIS - 000503,1,1.0000000000,19.0000000000,19.0000000000,0,ST LOUIS,ST LOUIS
ST. LOUIS - 000504,1,0.8908029745,1.7816059490,2.0000000000,0,ST LOUIS,ST LOUIS
ST. LOUIS - 000504,2,0.1091970255,0.2183940510,2.0000000000,0,ST LOUIS,ST LOUIS
ST. LOUIS - 000505,1,1.0000000000,17.0000000001,17.0000000001,0,ST LOUIS,ST LOUIS
ST. LOUIS - 000506,1,1.0000000000,9.0000000000,9.0000000000,0,ST LOUIS,ST LOUIS
ST. LOUIS - 000507,1,1.0000000000,12.0000000000,12.0000000000,0,ST LOUIS,ST LOUIS
ST. LOUIS - 000508,1,1.0000000000,15.0000000000,15.0000000000,0,ST LOUIS,ST LOUIS
ST. LOUIS - 000509,1,0.0017575164,0.0123026151,7.0000000000,0,ST LOUIS,ST LOUIS
ST. LOUIS - 000509,2,0.9982424836,6.9876973849,7.0000000000,0,ST LOUIS,ST LOUIS
ST. LOUIS - 000510,1,0.8738100412,20.9714409890,23.9999999999,0,ST LOUIS,ST LOUIS
ST. LOUIS - 000510,2,0.1261899588,3.0285590109,23.9999999999,0,ST LOUIS,ST LOUIS
ST. LOUIS - 000511,1,0.9845111541,0.9845111542,1.0000000001,0,ST LOUIS,ST LOUIS
ST. LOUIS - 000511,2,0.0154888459,0.0154888459,1.0000000001,0,ST LOUIS,ST LOUIS
ST. LOUIS - 000512,1,1.0000000000,17.0000000000,17.0000000000,0,ST LOUIS,ST LOUIS
ST. LOUIS - 000513,1,1.0000000000,8.0000000000,8.0000000000,0,ST LOUIS,ST LOUIS
ST. LOUIS - 000514,2,1.0000000000,25.0000000000,25.0000000000,0,ST LOUIS,ST LOUIS
ST. LOUIS - 000515,2,1.0000000000,11.0000000000,11.0000000000,0,ST LOUIS,ST LOUIS
ST. LOUIS - 000516,1,1.0000000000,115.0000000001,115.0000000001,0,ST LOUIS,ST LOUIS
ST. LOUIS - 000517,1,1.0000000000,19.0000000002,19.0000000002,0,ST LOUIS,ST LOUIS
ST. LOUIS - 000518,1,1.0000000000,2.0000000000,2.0000000000,0,ST LOUIS,ST LOUIS
ST. LOUIS - 000519,1,1.0000000000,19.0000000001,19.0000000001,0,ST LOUIS,ST LOUIS
ST. LOUIS - 000520,1,1.0000000000,24.0000000000,24.0000000000,0,ST LOUIS,ST LOUIS
ST. LOUIS - 000521,1,1.0000000000,34.0000000000,34.0000000000,0,ST LOUIS,ST LOUIS
ST. LOUIS - 000522,1,1.0000000000,47.9999999998,47.9999999998,0,ST LOUIS,ST LOUIS
ST. LOUIS - 000523,1,1.0000000000,24.0000000000,24.0000000000,0,ST LOUIS,ST LOUIS
ST. LOUIS - 000524,1,1.0000000000,18.0000000001,18.0000000001,0,ST LOUIS,ST LOUIS
ST. LOUIS - 000525,1,1.0000000000,15.0000000000,15.0000000000,0,ST LOUIS,ST LOUIS
ST. LOUIS - 000526,1,1.0000000000,4.0000000000,4.0000000000,0,ST LOUIS,ST LOUIS
ST. LOUIS - 000527,1,1.0000000000,30.9999999999,30.9999999999,0,ST LOUIS,ST LOUIS
ST. LOUIS - 000528,1,1.0000000000,9.0000000000,9.0000000000,0,ST LOUIS,ST LOUIS
ST. LOUIS - 000529,1,1.0000000000,20.0000000000,20.0000000000,0,ST LOUIS,ST LOUIS
ST. LOUIS - 000530,1,1.0000000000,27.0000000000,27.0000000000,0,ST LOUIS,ST LOUIS
ST. LOUIS - 000531,1,1.0000000000,25.0000000000,25.0000000000,0,ST LOUIS,ST LOUIS
ST. LOUIS - 000532,1,1.0000000000,28.0000000000,28.0000000000,0,ST LOUIS,ST LOUIS
ST. LOUIS - 000533,1,1.0000000000,19.0000000001,19.0000000001,0,ST LOUIS,ST LOUIS
ST. LOUIS - 000534,1,1.0000000000,30.0000000000,30.0000000000,0,ST LOUIS,ST LOUIS
ST. LOUIS - 000535,1,1.0000000000,30.0000000000,30.0000000000,0,ST LOUIS,ST LOUIS
ST. LOUIS - 000536,1,1.0000000000,33.0000000000,33.0000000000,0,ST LOUIS,ST LOUIS
ST. LOUIS - 000537,1,1.0000000000,15.0000000001,15.0000000001,0,ST LOUIS,ST LOUIS
ST. LOUIS - 000538,1,1.0000000000,33.0000000000,33.0000000000,0,ST LOUIS,ST LOUIS
ST. LOUIS - 000539,1,1.0000000000,72.0000000002,72.0000000002,0,ST LOUIS,ST LOUIS
ST. LOUIS - 000540,2,1.0000000000,9.0000000000,9.0000000000,0,ST LOUIS,ST LOUIS
ST. LOUIS - 000541,2,1.0000000000,8.0000000000,8.0000000000,0,ST LOUIS,ST LOUIS
ST. LOUIS - 000542,2,1.0000000000,19.0000000002,19.0000000002,0,ST LOUIS,ST LOUIS
ST. LOUIS - 000543,2,1.0000000000,14.0000000000,14.0000000000,0,ST LOUIS,ST LOUIS
ST. LOUIS - 000544,2,1.0000000000,11.0000000002,11.0000000002,0,ST LOUIS,ST LOUIS
ST. LOUIS - 000545,2,1.0000000000,17.0000000000,17.0000000000,0,ST LOUIS,ST LOUIS
ST. LOUIS - 000546,2,1.0000000000,14.0000000000,14.0000000000,0,ST LOUIS,ST LOUIS
ST. LOUIS - 000547,2,1.0000000000,17.0000000001,17.0000000001,0,ST LOUIS,ST LOUIS
ST. LOUIS - 000548,2,1.0000000000,25.0000000001,25.0000000001,0,ST LOUIS,ST LOUIS
ST. LOUIS - 000549,2,1.0000000000,9.0000000001,9.0000000001,0,ST LOUIS,ST LOUIS
ST. LOUIS - 000550,2,1.0000000000,11.9999999999,11.9999999999,0,ST LOUIS,ST LOUIS
ST. LOUIS - 000551,2,1.0000000000,5.0000000000,5.0000000000,0,ST LOUIS,ST LOUIS
ST. LOUIS - 000552,2,1.0000000000,12.0000000001,12.0000000001,0,ST LOUIS,ST LOUIS
ST. LOUIS - 000553,2,1.0000000000,16.9999999999,16.9999999999,0,ST LOUIS,ST LOUIS
ST. LOUIS - 000554,2,1.0000000000,10.9999999999,10.9999999999,0,ST LOUIS,ST LOUIS
ST. LOUIS - 000555,2,1.0000000000,5.0000000000,5.0000000000,0,ST LOUIS,ST LOUIS
ST. LOUIS - 000556,2,1.0000000000,15.9999999999,15.9999999999,0,ST LOUIS,ST LOUIS
ST. LOUIS - 000557,2,1.0000000000,18.9999999998,18.9999999998,0,ST LOUIS,ST LOUIS
ST. LOUIS - 000558,2,1.0000000000,8.0000000000,8.0000000000,0,ST LOUIS,ST LOUIS
ST. LOUIS - 000559,2,1.0000000000,21.0000000002,21.0000000002,0,ST LOUIS,ST LOUIS
ST. LOUIS - 000560,2,1.0000000000,80.9999999998,80.9999999998,0,ST LOUIS,ST LOUIS
ST. LOUIS - 000561,2,1.0000000000,7.0000000000,7.0000000000,0,ST LOUIS,ST LOUIS
ST. LOUIS - 000562,2,1.0000000000,13.0000000000,13.0000000000,0,ST LOUIS,ST LOUIS
ST. LOUIS - 000563,2,1.0000000000,1.0000000000,1.0000000000,0,ST LOUIS,ST LOUIS
ST. LOUIS - 000564,2,1.0000000000,11.0000000000,11.0000000000,0,ST LOUIS,ST LOUIS
ST. LOUIS - 000565,2,1.0000000000,28.9999999999,28.9999999999,0,ST LOUIS,ST LOUIS
ST. LOUIS - 000566,2,1.0000000000,10.0000000000,10.0000000000,0,ST LOUIS,ST LOUIS
ST. LOUIS - 000567,2,1.0000000000,22.0000000000,22.0000000000,0,ST LOUIS,ST LOUIS
ST. LOUIS - 000568,2,1.0000000000,25.9999999999,25.9999999999,0,ST LOUIS,ST LOUIS
ST. LOUIS - 000569,2,1.0000000000,33.0000000000,33.0000000000,0,ST LOUIS,ST LOUIS
ST. LOUIS - 000570,2,1.0000000000,17.0000000000,17.0000000000,0,ST LOUIS,ST LOUIS
ST. LOUIS - 000571,2,1.0000000000,26.0000000000,26.0000000000,0,ST LOUIS,ST LOUIS
ST. LOUIS - 000572,2,1.0000000000,17.0000000000,17.0000000000,0,ST LOUIS,ST LOUIS
ST. LOUIS - 000573,2,1.0000000000,33.0000000002,33.0000000002,0,ST LOUIS,ST LOUIS
ST. LOUIS - 000574,2,1.0000000000,5.0000000000,5.0000000000,0,ST LOUIS,ST LOUIS
ST. LOUIS - 000575,2,1.0000000000,10.0000000000,10.0000000000,0,ST LOUIS,ST LOUIS
ST. LOUIS - 000576,2,1.0000000000,24.9999999999,24.9999999999,0,ST LOUIS,ST LOUIS
ST. LOUIS - 000577,2,1.0000000000,13.0000000000,13.0000000000,0,ST LOUIS,ST LOUIS
ST. LOUIS - 000578,2,1.0000000000,49.9999999999,49.9999999999,0,ST LOUIS,ST LOUIS
ST. LOUIS - 000579,2,1.0000000000,11.0000000000,11.0000000000,0,ST LOUIS,ST LOUIS
ST. LOUIS - 000580,1,1.0000000000,21.0000000000,21.0000000000,0,ST LOUIS,ST LOUIS
ST. LOUIS - 000581,1,1.0000000000,14.0000000000,14.0000000000,0,ST LOUIS,ST LOUIS
ST. LOUIS - 000582,1,1.0000000000,22.9999999999,22.9999999999,0,ST LOUIS,ST LOUIS
ST. LOUIS - 000583,1,1.0000000000,25.9999999999,25.9999999999,0,ST LOUIS,ST LOUIS
ST. LOUIS - 000584,1,1.0000000000,8.0000000000,8.0000000000,0,ST LOUIS,ST LOUIS
ST. LOUIS - 000585,1,1.0000000000,19.0000000000,19.0000000000,0,ST LOUIS,ST LOUIS
ST. LOUIS - 000586,1,1.0000000000,19.0000000000,19.0000000000,0,ST LOUIS,ST LOUIS
ST. LOUIS - 000587,1,1.0000000000,22.0000000000,22.0000000000,0,ST LOUIS,ST LOUIS
ST. LOUIS - 000588,1,1.0000000000,12.0000000000,12.0000000000,0,ST LOUIS,ST LOUIS
ST. LOUIS - 000589,1,1.0000000000,2.0000000000,2.0000000000,0,ST LOUIS,ST LOUIS
ST. LOUIS - 000590,1,1.0000000000,26.0000000000,26.0000000000,0,ST LOUIS,ST LOUIS
ST. LOUIS - 000591,1,1.0000000000,16.0000000000,16.0000000000,0,ST LOUIS,ST LOUIS
ST. LOUIS - 000592,1,1.0000000000,11.0000000001,11.0000000001,0,ST LOUIS,ST LOUIS
ST. LOUIS - 000593,1,1.0000000000,14.9999999997,14.9999999997,0,ST LOUIS,ST LOUIS
ST. LOUIS - 000594,1,1.0000000000,17.0000000000,17.0000000000,0,ST LOUIS,ST LOUIS
ST. LOUIS - 000595,1,1.0000000000,8.0000000000,8.0000000000,0,ST LOUIS,ST LOUIS
ST. LOUIS - 000596,1,1.0000000000,23.9999999999,23.9999999999,0,ST LOUIS,ST LOUIS
ST. LOUIS - 000597,1,1.0000000000,13.0000000000,13.0000000000,0,ST LOUIS,ST LOUIS
ST. LOUIS - 000598,1,1.0000000000,21.0000000000,21.0000000000,0,ST LOUIS,ST LOUIS
ST. LOUIS - 000599,1,1.0000000000,18.0000000000,18.0000000000,0,ST LOUIS,ST LOUIS
ST. LOUIS - 000600,1,1.0000000000,47.0000000000,47.0000000000,0,ST LOUIS,ST LOUIS
ST. LOUIS - 000601,1,1.0000000000,22.9999999999,22.9999999999,0,ST LOUIS,ST LOUIS
ST. LOUIS - 000602,1,1.0000000000,42.9999999999,42.9999999999,0,ST LOUIS,ST LOUIS
ST. LOUIS - 000603,1,1.0000000000,43.0000000001,43.0000000001,0,ST LOUIS,ST LOUIS
ST. LOUIS - 000604,1,1.0000000000,15.0000000000,15.0000000000,0,ST LOUIS,ST LOUIS
ST. LOUIS - 000605,1,1.0000000000,22.0000000000,22.0000000000,0,ST LOUIS,ST LOUIS
ST. LOUIS - 000606,1,1.0000000000,25.9999999998,25.9999999998,0,ST LOUIS,ST LOUIS
ST. LOUIS - 000607,1,1.0000000000,17.0000000000,17.0000000000,0,ST LOUIS,ST LOUIS
ST. LOUIS - 000608,1,1.0000000000,34.0000000003,34.0000000003,0,ST LOUIS,ST LOUIS
ST. LOUIS - 000609,1,1.0000000000,43.0000000000,43.0000000000,0,ST LOUIS,ST LOUIS
ST. LOUIS - 000610,1,1.0000000000,22.0000000000,22.0000000000,0,ST LOUIS,ST LOUIS
ST. LOUIS - 000611,1,1.0000000000,18.9999999999,18.9999999999,0,ST LOUIS,ST LOUIS
ST. LOUIS - 000612,1,1.0000000000,13.0000000000,13.0000000000,0,ST LOUIS,ST LOUIS
ST. LOUIS - 000613,1,1.0000000000,44.9999999999,44.9999999999,0,ST LOUIS,ST LOUIS
ST. LOUIS - 000614,1,1.0000000000,11.0000000000,11.0000000000,0,ST LOUIS,ST LOUIS
ST. LOUIS - 000615,1,1.0000000000,27.0000000001,27.0000000001,0,ST LOUIS,ST LOUIS
ST. LOUIS - 000616,1,1.0000000000,45.0000000002,45.0000000002,0,ST LOUIS,ST LOUIS
ST. LOUIS - 000617,2,1.0000000000,18.0000000002,18.0000000002,0,ST LOUIS,ST LOUIS
ST. LOUIS - 000618,2,1.0000000000,8.0000000000,8.0000000000,0,ST LOUIS,ST LOUIS
ST. LOUIS - 000619,2,1.0000000000,32.9999999998,32.9999999998,0,ST LOUIS,ST LOUIS
ST. LOUIS - 000620,2,1.0000000000,36.0000000000,36.0000000000,0,ST LOUIS,ST LOUIS
ST. LOUIS - 000621,2,1.0000000000,10.0000000001,10.0000000001,0,ST LOUIS,ST LOUIS
ST. LOUIS - 000622,2,1.0000000000,10.0000000000,10.0000000000,0,ST LOUIS,ST LOUIS
ST. LOUIS - 000623,2,1.0000000000,13.0000000000,13.0000000000,0,ST LOUIS,ST LOUIS
ST. LOUIS - 000624,2,1.0000000000,20.0000000000,20.0000000000,0,ST LOUIS,ST LOUIS
ST. LOUIS - 000625,2,1.0000000000,27.9999999999,27.9999999999,0,ST LOUIS,ST LOUIS
ST. LOUIS - 000626,2,1.0000000000,10.9999999999,10.9999999999,0,ST LOUIS,ST LOUIS
ST. LOUIS - 000627,2,1.0000000000,11.0000000001,11.0000000001,0,ST LOUIS,ST LOUIS
ST. LOUIS - 000628,2,1.0000000000,12.0000000000,12.0000000000,0,ST LOUIS,ST LOUIS
ST. LOUIS - 000629,2,1.0000000000,11.9999999999,11.9999999999,0,ST LOUIS,ST LOUIS
ST. LOUIS - 000630,2,1.0000000000,16.0000000000,16.0000000000,0,ST LOUIS,ST LOUIS
ST. LOUIS - 000631,2,1.0000000000,10.0000000001,10.0000000001,0,ST LOUIS,ST LOUIS
ST. LOUIS - 000632,2,1.0000000000,4.9999999999,4.9999999999,0,ST LOUIS,ST LOUIS
ST. LOUIS - 000633,2,0.9779052633,9.7790526328,10.0000000001,0,ST LOUIS,ST LOUIS
ST. LOUIS - 000633,8,0.0220947367,0.2209473673,10.0000000001,0,ST LOUIS,ST LOUIS
ST. LOUIS - 000634,2,1.0000000000,2.0000000000,2.0000000000,0,ST LOUIS,ST LOUIS
ST. LOUIS - 000635,2,1.0000000000,8.0000000000,8.0000000000,0,ST LOUIS,ST LOUIS
ST. LOUIS - 000636,2,1.0000000000,7.0000000001,7.0000000001,0,ST LOUIS,ST LOUIS
ST. LOUIS - 000637,2,1.0000000000,19.0000000000,19.0000000000,0,ST LOUIS,ST LOUIS
ST. LOUIS - 000638,1,1.0000000000,32.0000000000,32.0000000000,0,ST LOUIS,ST LOUIS
ST. LOUIS - 000639,1,1.0000000000,33.0000000000,33.0000000000,0,ST LOUIS,ST LOUIS
ST. LOUIS - 000640,1,1.0000000000,48.0000000002,48.0000000002,0,ST LOUIS,ST LOUIS
ST. LOUIS - 000641,1,1.0000000000,28.0000000000,28.0000000000,0,ST LOUIS,ST LOUIS
ST. LOUIS - 000642,1,1.0000000000,40.0000000000,40.0000000000,0,ST LOUIS,ST LOUIS
ST. LOUIS - 000643,1,1.0000000000,28.0000000000,28.0000000000,0,ST LOUIS,ST LOUIS
ST. LOUIS - 000644,1,1.0000000000,18.0000000000,18.0000000000,0,ST LOUIS,ST LOUIS
ST. LOUIS - 000645,1,1.0000000000,9.0000000000,9.0000000000,0,ST LOUIS,ST LOUIS
ST. LOUIS - 000646,1,1.0000000000,23.0000000000,23.0000000000,0,ST LOUIS,ST LOUIS
ST. LOUIS - 000647,1,1.0000000000,40.9999999999,40.9999999999,0,ST LOUIS,ST LOUIS
ST. LOUIS - 000648,1,1.0000000000,45.0000000000,45.0000000000,0,ST LOUIS,ST LOUIS
ST. LOUIS - 000649,1,1.0000000000,21.0000000000,21.0000000000,0,ST LOUIS,ST LOUIS
ST. LOUIS - 000650,1,1.0000000000,36.0000000000,36.0000000000,0,ST LOUIS,ST LOUIS
ST. LOUIS - 000651,1,1.0000000000,67.0000000000,67.0000000000,0,ST LOUIS,ST LOUIS
ST. LOUIS - 000652,1,1.0000000000,29.0000000000,29.0000000000,0,ST LOUIS,ST LOUIS
ST. LOUIS - 000653,1,1.0000000000,27.0000000000,27.0000000000,0,ST LOUIS,ST LOUIS
ST. LOUIS - 000654,1,1.0000000000,7.0000000000,7.0000000000,0,ST LOUIS,ST LOUIS
ST. LOUIS - 000655,1,1.0000000000,5.0000000000,5.0000000000,0,ST LOUIS,ST LOUIS
ST. LOUIS - 000656,1,1.0000000000,18.9999999999,18.9999999999,0,ST LOUIS,ST LOUIS
ST. LOUIS - 000657,1,1.0000000000,30.0000000000,30.0000000000,0,ST LOUIS,ST LOUIS
ST. LOUIS - 000658,1,1.0000000000,35.0000000000,35.0000000000,0,ST LOUIS,ST LOUIS
ST. LOUIS CITY - 000002,1,1.0000000000,10.0000000000,10.0000000000,0,ST LOUIS CITY,ST LOUIS CITY
ST. LOUIS CITY - 000003,1,1.0000000000,4.0000000000,4.0000000000,0,ST LOUIS CITY,ST LOUIS CITY
ST. LOUIS CITY - 000004,1,1.0000000000,7.0000000000,7.0000000000,0,ST LOUIS CITY,ST LOUIS CITY
ST. LOUIS CITY - 000005,1,1.0000000000,7.9999999999,7.9999999999,0,ST LOUIS CITY,ST LOUIS CITY
ST. LOUIS CITY - 000006,1,1.0000000000,10.0000000001,10.0000000001,0,ST LOUIS CITY,ST LOUIS CITY
ST. LOUIS CITY - 000007,1,1.0000000000,25.9999999997,25.9999999997,0,ST LOUIS CITY,ST LOUIS CITY
ST. LOUIS CITY - 000008,1,1.0000000000,9.9999999999,9.9999999999,0,ST LOUIS CITY,ST LOUIS CITY
ST. LOUIS CITY - 000009,1,1.0000000000,7.9999999999,7.9999999999,0,ST LOUIS CITY,ST LOUIS CITY
ST. LOUIS CITY - 000010,1,1.0000000000,5.0000000000,5.0000000000,0,ST LOUIS CITY,ST LOUIS CITY
ST. LOUIS CITY - 000011,1,1.0000000000,7.0000000000,7.0000000000,0,ST LOUIS CITY,ST LOUIS CITY
ST. LOUIS CITY - 000012,1,1.0000000000,3.9999999999,3.9999999999,0,ST LOUIS CITY,ST LOUIS CITY
ST. LOUIS CITY - 000013,1,1.0000000000,11.9999999998,11.9999999998,0,ST LOUIS CITY,ST LOUIS CITY
ST. LOUIS CITY - 000014,1,1.0000000000,12.0000000000,12.0000000000,0,ST LOUIS CITY,ST LOUIS CITY
ST. LOUIS CITY - 000015,1,1.0000000000,7.0000000000,7.0000000000,0,ST LOUIS CITY,ST LOUIS CITY
ST. LOUIS CITY - 000016,1,1.0000000000,11.9999999998,11.9999999998,0,ST LOUIS CITY,ST LOUIS CITY
ST. LOUIS CITY - 000017,1,1.0000000000,12.0000000000,12.0000000000,0,ST LOUIS CITY,ST LOUIS CITY
ST. LOUIS CITY - 000018,1,1.0000000000,15.0000000001,15.0000000001,0,ST LOUIS CITY,ST LOUIS CITY
ST. LOUIS CITY - 000019,1,1.0000000000,61.0000000002,61.0000000002,0,ST LOUIS CITY,ST LOUIS CITY
ST. LOUIS CITY - 000020,1,1.0000000000,1.9999999999,1.9999999999,0,ST LOUIS CITY,ST LOUIS CITY
ST. LOUIS CITY - 000021,1,1.0000000000,5.0000000000,5.0000000000,0,ST LOUIS CITY,ST LOUIS CITY
ST. LOUIS CITY - 000022,1,1.0000000000,23.0000000001,23.0000000001,0,ST LOUIS CITY,ST LOUIS CITY
ST. LOUIS CITY - 000023,1,1.0000000000,16.0000000000,16.0000000000,0,ST LOUIS CITY,ST LOUIS CITY
ST. LOUIS CITY - 000024,1,1.0000000000,10.0000000000,10.0000000000,0,ST LOUIS CITY,ST LOUIS CITY
ST. LOUIS CITY - 000025,1,1.0000000000,15.0000000002,15.0000000002,0,ST LOUIS CITY,ST LOUIS CITY
ST. LOUIS CITY - 000026,1,1.0000000000,62.0000000000,62.0000000000,0,ST LOUIS CITY,ST LOUIS CITY
ST. LOUIS CITY - 000027,1,1.0000000000,10.0000000000,10.0000000000,0,ST LOUIS CITY,ST LOUIS CITY
ST. LOUIS CITY - 000028,1,0.9777777778,44.0000000001,45.0000000001,0,ST LOUIS CITY,ST LOUIS CITY
ST. LOUIS CITY - 000028,2,0.0222222222,1.0000000000,45.0000000001,0,ST LOUIS CITY,ST LOUIS CITY
ST. LOUIS CITY - 000029,1,1.0000000000,1.0000000000,1.0000000000,0,ST LOUIS CITY,ST LOUIS CITY
ST. LOUIS CITY - 000030,1,1.0000000000,42.0000000000,42.0000000000,0,ST LOUIS CITY,ST LOUIS CITY
ST. LOUIS CITY - 000031,1,1.0000000000,27.0000000000,27.0000000000,0,ST LOUIS CITY,ST LOUIS CITY
ST. LOUIS CITY - 000032,1,1.0000000000,29.9999999999,29.9999999999,0,ST LOUIS CITY,ST LOUIS CITY
ST. LOUIS CITY - 000033,1,1.0000000000,33.9999999999,33.9999999999,0,ST LOUIS CITY,ST LOUIS CITY
ST. LOUIS CITY - 000034,1,1.0000000000,23.0000000001,23.0000000001,0,ST LOUIS CITY,ST LOUIS CITY
ST. LOUIS CITY - 000035,1,1.0000000000,23.9999999999,23.9999999999,0,ST LOUIS CITY,ST LOUIS CITY
ST. LOUIS CITY - 000036,1,1.0000000000,15.0000000000,15.0000000000,0,ST LOUIS CITY,ST LOUIS CITY
ST. LOUIS CITY - 000037,1,1.0000000000,14.9999999999,14.9999999999,0,ST LOUIS CITY,ST LOUIS CITY
ST. LOUIS CITY - 000038,1,0.8888888889,8.0000000000,9.0000000000,0,ST LOUIS CITY,ST LOUIS CITY
ST. LOUIS CITY - 000038,2,0.1111111111,1.0000000000,9.0000000000,0,ST LOUIS CITY,ST LOUIS CITY
ST. LOUIS CITY - 000039,1,1.0000000000,12.9999999999,12.9999999999,0,ST LOUIS CITY,ST LOUIS CITY
ST. LOUIS CITY - 000040,1,1.0000000000,8.0000000000,8.0000000000,0,ST LOUIS CITY,ST LOUIS CITY
ST. LOUIS CITY - 000041,1,1.0000000000,9.0000000000,9.0000000000,0,ST LOUIS CITY,ST LOUIS CITY
ST. LOUIS CITY - 000042,1,1.0000000000,11.0000000002,11.0000000002,0,ST LOUIS CITY,ST LOUIS CITY
ST. LOUIS CITY - 000043,1,1.0000000000,6.9999999999,6.9999999999,0,ST LOUIS CITY,ST LOUIS CITY
ST. LOUIS CITY - 000044,1,1.0000000000,12.9999999999,12.9999999999,0,ST LOUIS CITY,ST LOUIS CITY
ST. LOUIS CITY - 000045,1,1.0000000000,7.0000000000,7.0000000000,0,ST LOUIS CITY,ST LOUIS CITY
ST. LOUIS CITY - 000046,1,1.0000000000,17.0000000000,17.0000000000,0,ST LOUIS CITY,ST LOUIS CITY
ST. LOUIS CITY - 000047,1,1.0000000000,9.0000000000,9.0000000000,0,ST LOUIS CITY,ST LOUIS CITY
ST. LOUIS CITY - 000048,1,1.0000000000,8.0000000000,8.0000000000,0,ST LOUIS CITY,ST LOUIS CITY
ST. LOUIS CITY - 000049,1,1.0000000000,10.0000000000,10.0000000000,0,ST LOUIS CITY,ST LOUIS CITY
ST. LOUIS CITY - 000050,1,1.0000000000,14.0000000001,14.0000000001,0,ST LOUIS CITY,ST LOUIS CITY
ST. LOUIS CITY - 000051,1,1.0000000000,2.0000000000,2.0000000000,0,ST LOUIS CITY,ST LOUIS CITY
ST. LOUIS CITY - 000052,1,1.0000000000,22.0000000000,22.0000000000,0,ST LOUIS CITY,ST LOUIS CITY
ST. LOUIS CITY - 000053,1,1.0000000000,10.9999999999,10.9999999999,0,ST LOUIS CITY,ST LOUIS CITY
ST. LOUIS CITY - 000054,1,1.0000000000,6.0000000000,6.0000000000,0,ST LOUIS CITY,ST LOUIS CITY
ST. LOUIS CITY - 000055,1,1.0000000000,6.0000000001,6.0000000001,0,ST LOUIS CITY,ST LOUIS CITY
ST. LOUIS CITY - 000056,1,1.0000000000,9.9999999999,9.9999999999,0,ST LOUIS CITY,ST LOUIS CITY
ST. LOUIS CITY - 000057,1,1.0000000000,16.0000000000,16.0000000000,0,ST LOUIS CITY,ST LOUIS CITY
ST. LOUIS CITY - 000058,1,1.0000000000,9.9999999999,9.9999999999,0,ST LOUIS CITY,ST LOUIS CITY
ST. LOUIS CITY - 000059,1,1.0000000000,10.0000000000,10.0000000000,0,ST LOUIS CITY,ST LOUIS CITY
ST. LOUIS CITY - 000060,1,1.0000000000,9.0000000000,9.0000000000,0,ST LOUIS CITY,ST LOUIS CITY
ST. LOUIS CITY - 000061,1,1.0000000000,11.0000000000,11.0000000000,0,ST LOUIS CITY,ST LOUIS CITY
ST. LOUIS CITY - 000062,1,1.0000000000,18.0000000000,18.0000000000,0,ST LOUIS CITY,ST LOUIS CITY
ST. LOUIS CITY - 000063,1,1.0000000000,16.0000000000,16.0000000000,0,ST LOUIS CITY,ST LOUIS CITY
ST. LOUIS CITY - 000064,1,1.0000000000,17.0000000001,17.0000000001,0,ST LOUIS CITY,ST LOUIS CITY
ST. LOUIS CITY - 000065,1,1.0000000000,12.9999999998,12.9999999998,0,ST LOUIS CITY,ST LOUIS CITY
ST. LOUIS CITY - 000066,1,1.0000000000,13.0000000000,13.0000000000,0,ST LOUIS CITY,ST LOUIS CITY
ST. LOUIS CITY - 000067,1,1.0000000000,6.0000000000,6.0000000000,0,ST LOUIS CITY,ST LOUIS CITY
ST. LOUIS CITY - 000068,1,1.0000000000,10.0000000001,10.0000000001,0,ST LOUIS CITY,ST LOUIS CITY
ST. LOUIS CITY - 000069,1,1.0000000000,12.9999999999,12.9999999999,0,ST LOUIS CITY,ST LOUIS CITY
ST. LOUIS CITY - 000070,1,1.0000000000,12.0000000001,12.0000000001,0,ST LOUIS CITY,ST LOUIS CITY
ST. LOUIS CITY - 000071,1,1.0000000000,11.0000000000,11.0000000000,0,ST LOUIS CITY,ST LOUIS CITY
ST. LOUIS CITY - 000072,1,1.0000000000,9.9999999999,9.9999999999,0,ST LOUIS CITY,ST LOUIS CITY
ST. LOUIS CITY - 000073,1,1.0000000000,8.0000000000,8.0000000000,0,ST LOUIS CITY,ST LOUIS CITY
ST. LOUIS CITY - 000074,1,1.0000000000,8.0000000000,8.0000000000,0,ST LOUIS CITY,ST LOUIS CITY
ST. LOUIS CITY - 000075,1,1.0000000000,5.0000000000,5.0000000000,0,ST LOUIS CITY,ST LOUIS CITY
ST. LOUIS CITY - 000076,1,1.0000000000,6.0000000000,6.0000000000,0,ST LOUIS CITY,ST LOUIS CITY
ST. LOUIS CITY - 000077,1,1.0000000000,7.0000000000,7.0000000000,0,ST LOUIS CITY,ST LOUIS CITY
ST. LOUIS CITY - 000078,1,1.0000000000,11.9999999999,11.9999999999,0,ST LOUIS CITY,ST LOUIS CITY
ST. LOUIS CITY - 000079,1,1.0000000000,15.9999999999,15.9999999999,0,ST LOUIS CITY,ST LOUIS CITY
ST. LOUIS CITY - 000080,1,1.0000000000,12.0000000000,12.0000000000,0,ST LOUIS CITY,ST LOUIS CITY
ST. LOUIS CITY - 000081,1,1.0000000000,12.0000000000,12.0000000000,0,ST LOUIS CITY,ST LOUIS CITY
ST. LOUIS CITY - 000082,1,1.0000000000,1.0000000000,1.0000000000,0,ST LOUIS CITY,ST LOUIS CITY
ST. LOUIS CITY - 000083,1,1.0000000000,7.0000000000,7.0000000000,0,ST LOUIS CITY,ST LOUIS CITY
ST. LOUIS CITY - 000084,1,1.0000000000,7.0000000000,7.0000000000,0,ST LOUIS CITY,ST LOUIS CITY
ST. LOUIS CITY - 000085,1,1.0000000000,14.0000000001,14.0000000001,0,ST LOUIS CITY,ST LOUIS CITY
ST. LOUIS CITY - 000086,1,1.0000000000,14.0000000001,14.0000000001,0,ST LOUIS CITY,ST LOUIS CITY
ST. LOUIS CITY - 000087,1,1.0000000000,8.0000000000,8.0000000000,0,ST LOUIS CITY,ST LOUIS CITY
ST. LOUIS CITY - 000088,1,1.0000000000,8.0000000000,8.0000000000,0,ST LOUIS CITY,ST LOUIS CITY
ST. LOUIS CITY - 000089,1,1.0000000000,20.9999999999,20.9999999999,0,ST LOUIS CITY,ST LOUIS CITY
ST. LOUIS CITY - 000090,1,1.0000000000,10.0000000001,10.0000000001,0,ST LOUIS CITY,ST LOUIS CITY
ST. LOUIS CITY - 000091,1,1.0000000000,7.0000000000,7.0000000000,0,ST LOUIS CITY,ST LOUIS CITY
ST. LOUIS CITY - 000092,1,1.0000000000,7.9999999999,7.9999999999,0,ST LOUIS CITY,ST LOUIS CITY
ST. LOUIS CITY - 000093,1,1.0000000000,8.0000000000,8.0000000000,0,ST LOUIS CITY,ST LOUIS CITY
ST. LOUIS CITY - 000094,1,1.0000000000,15.0000000000,15.0000000000,0,ST LOUIS CITY,ST LOUIS CITY
ST. LOUIS CITY - 000095,1,1.0000000000,4.0000000000,4.0000000000,0,ST LOUIS CITY,ST LOUIS CITY
ST. LOUIS CITY - 000096,1,1.0000000000,11.9999999999,11.9999999999,0,ST LOUIS CITY,ST LOUIS CITY
ST. LOUIS CITY - 000097,1,1.0000000000,14.0000000001,14.0000000001,0,ST LOUIS CITY,ST LOUIS CITY
ST. LOUIS CITY - 000098,1,1.0000000000,18.0000000000,18.0000000000,0,ST LOUIS CITY,ST LOUIS CITY
ST. LOUIS CITY - 000099,1,1.0000000000,22.9999999999,22.9999999999,0,ST LOUIS CITY,ST LOUIS CITY
ST. LOUIS CITY - 000100,1,1.0000000000,15.0000000000,15.0000000000,0,ST LOUIS CITY,ST LOUIS CITY
ST. LOUIS CITY - 000101,1,1.0000000000,5.0000000000,5.0000000000,0,ST LOUIS CITY,ST LOUIS CITY
ST. LOUIS CITY - 000102,1,1.0000000000,7.0000000000,7.0000000000,0,ST LOUIS CITY,ST LOUIS CITY
ST. LOUIS CITY - 000103,1,1.0000000000,10.0000000000,10.0000000000,0,ST LOUIS CITY,ST LOUIS CITY
ST. LOUIS CITY - 000104,1,1.0000000000,9.0000000000,9.0000000000,0,ST LOUIS CITY,ST LOUIS CITY
ST. LOUIS CITY - 000105,1,1.0000000000,9.0000000000,9.0000000000,0,ST LOUIS CITY,ST LOUIS CITY
ST. LOUIS CITY - 000106,1,1.0000000000,15.0000000001,15.0000000001,0,ST LOUIS CITY,ST LOUIS CITY
ST. LOUIS CITY - 000107,1,1.0000000000,11.0000000000,11.0000000000,0,ST LOUIS CITY,ST LOUIS CITY
ST. LOUIS CITY - 000108,1,1.0000000000,10.0000000001,10.0000000001,0,ST LOUIS CITY,ST LOUIS CITY
ST. LOUIS CITY - 000109,1,1.0000000000,29.9999999999,29.9999999999,0,ST LOUIS CITY,ST LOUIS CITY
ST. LOUIS CITY - 000110,1,1.0000000000,1.0000000000,1.0000000000,0,ST LOUIS CITY,ST LOUIS CITY
ST. LOUIS CITY - 000111,1,1.0000000000,34.9999999999,34.9999999999,0,ST LOUIS CITY,ST LOUIS CITY
ST. LOUIS CITY - 000112,1,1.0000000000,4.0000000001,4.0000000001,0,ST LOUIS CITY,ST LOUIS CITY
ST. LOUIS CITY - 000113,1,1.0000000000,2.0000000000,2.0000000000,0,ST LOUIS CITY,ST LOUIS CITY
ST. LOUIS CITY - 000114,1,1.0000000000,3.0000000000,3.0000000000,0,ST LOUIS CITY,ST LOUIS CITY
ST. LOUIS CITY - 000115,1,1.0000000000,14.0000000002,14.0000000002,0,ST LOUIS CITY,ST LOUIS CITY
ST. LOUIS CITY - 000116,1,1.0000000000,14.0000000000,14.0000000000,0,ST LOUIS CITY,ST LOUIS CITY
ST. LOUIS CITY - 000117,1,1.0000000000,35.0000000003,35.0000000003,0,ST LOUIS CITY,ST LOUIS CITY
ST. LOUIS CITY - 000118,1,1.0000000000,15.0000000000,15.0000000000,0,ST LOUIS CITY,ST LOUIS CITY
ST. LOUIS CITY - 000119,1,1.0000000000,4.0000000000,4.0000000000,0,ST LOUIS CITY,ST LOUIS CITY
ST. LOUIS CITY - 000120,1,1.0000000000,32.0000000003,32.0000000003,0,ST LOUIS CITY,ST LOUIS CITY
ST. LOUIS CITY - 000121,1,1.0000000000,5.0000000000,5.0000000000,0,ST LOUIS CITY,ST LOUIS CITY
ST. LOUIS CITY - 000122,1,1.0000000000,28.0000000001,28.0000000001,0,ST LOUIS CITY,ST LOUIS CITY
ST. LOUIS CITY - 000123,1,1.0000000000,3.0000000000,3.0000000000,0,ST LOUIS CITY,ST LOUIS CITY
ST. LOUIS CITY - 000124,1,1.0000000000,4.0000000000,4.0000000000,0,ST LOUIS CITY,ST LOUIS CITY
ST. LOUIS CITY - 000125,1,1.0000000000,11.0000000000,11.0000000000,0,ST LOUIS CITY,ST LOUIS CITY
ST. LOUIS CITY - 000126,1,1.0000000000,13.0000000000,13.0000000000,0,ST LOUIS CITY,ST LOUIS CITY
ST. LOUIS CITY - 000127,1,1.0000000000,6.0000000000,6.0000000000,0,ST LOUIS CITY,ST LOUIS CITY
ST. LOUIS CITY - 000128,1,1.0000000000,9.9999999999,9.9999999999,0,ST LOUIS CITY,ST LOUIS CITY
ST. LOUIS CITY - 000129,1,1.0000000000,8.0000000000,8.0000000000,0,ST LOUIS CITY,ST LOUIS CITY
ST. LOUIS CITY - 000130,1,1.0000000000,19.0000000000,19.0000000000,0,ST LOUIS CITY,ST LOUIS CITY
ST. LOUIS CITY - 000131,1,1.0000000000,1.0000000000,1.0000000000,0,ST LOUIS CITY,ST LOUIS CITY
ST. LOUIS CITY - 000132,1,1.0000000000,15.0000000000,15.0000000000,0,ST LOUIS CITY,ST LOUIS CITY
ST. LOUIS CITY - 000133,1,1.0000000000,13.0000000000,13.0000000000,0,ST LOUIS CITY,ST LOUIS CITY
ST. LOUIS CITY - 000134,1,1.0000000000,16.0000000000,16.0000000000,0,ST LOUIS CITY,ST LOUIS CITY
ST. LOUIS CITY - 000135,1,1.0000000000,2.0000000000,2.0000000000,0,ST LOUIS CITY,ST LOUIS CITY
ST. LOUIS CITY - 000136,1,1.0000000000,8.0000000000,8.0000000000,0,ST LOUIS CITY,ST LOUIS CITY
ST. LOUIS CITY - 000137,1,1.0000000000,5.0000000000,5.0000000000,0,ST LOUIS CITY,ST LOUIS CITY
ST. LOUIS CITY - 000138,1,1.0000000000,39.9999999999,39.9999999999,0,ST LOUIS CITY,ST LOUIS CITY
ST. LOUIS CITY - 000139,1,1.0000000000,11.9999999999,11.9999999999,0,ST LOUIS CITY,ST LOUIS CITY
ST. LOUIS CITY - 000140,1,1.0000000000,6.9999999999,6.9999999999,0,ST LOUIS CITY,ST LOUIS CITY
ST. LOUIS CITY - 000141,1,1.0000000000,8.0000000000,8.0000000000,0,ST LOUIS CITY,ST LOUIS CITY
ST. LOUIS CITY - 000142,1,1.0000000000,1.0000000000,1.0000000000,0,ST LOUIS CITY,ST LOUIS CITY
ST. LOUIS CITY - 000143,1,1.0000000000,23.0000000000,23.0000000000,0,ST LOUIS CITY,ST LOUIS CITY
ST. LOUIS CITY - 000144,1,1.0000000000,16.0000000000,16.0000000000,0,ST LOUIS CITY,ST LOUIS CITY
ST. LOUIS CITY - 000145,1,1.0000000000,8.0000000000,8.0000000000,0,ST LOUIS CITY,ST LOUIS CITY
ST. LOUIS CITY - 000146,1,1.0000000000,14.0000000000,14.0000000000,0,ST LOUIS CITY,ST LOUIS CITY
ST. LOUIS CITY - 000147,1,1.0000000000,25.0000000000,25.0000000000,0,ST LOUIS CITY,ST LOUIS CITY
ST. LOUIS CITY - 000148,1,1.0000000000,5.0000000000,5.0000000000,0,ST LOUIS CITY,ST LOUIS CITY
ST. LOUIS CITY - 000149,1,1.0000000000,15.0000000001,15.0000000001,0,ST LOUIS CITY,ST LOUIS CITY
ST. LOUIS CITY - 000150,1,1.0000000000,21.0000000001,21.0000000001,0,ST LOUIS CITY,ST LOUIS CITY
ST. LOUIS CITY - 000151,1,1.0000000000,114.0000000003,114.0000000003,0,ST LOUIS CITY,ST LOUIS CITY
ST. LOUIS CITY - 000152,1,1.0000000000,48.0000000001,48.0000000001,0,ST LOUIS CITY,ST LOUIS CITY
ST. LOUIS CITY - 000153,1,1.0000000000,15.0000000000,15.0000000000,0,ST LOUIS CITY,ST LOUIS CITY
ST. LOUIS CITY - 000154,1,1.0000000000,12.0000000000,12.0000000000,0,ST LOUIS CITY,ST LOUIS CITY
ST. LOUIS CITY - 000155,1,1.0000000000,110.0000000002,110.0000000002,0,ST LOUIS CITY,ST LOUIS CITY
ST. LOUIS CITY - 000156,1,1.0000000000,11.0000000000,11.0000000000,0,ST LOUIS CITY,ST LOUIS CITY
ST. LOUIS CITY - 000157,1,1.0000000000,17.0000000000,17.0000000000,0,ST LOUIS CITY,ST LOUIS CITY
ST. LOUIS CITY - 000158,1,1.0000000000,8.0000000000,8.0000000000,0,ST LOUIS CITY,ST LOUIS CITY
ST. LOUIS CITY - 000159,1,1.0000000000,10.0000000000,10.0000000000,0,ST LOUIS CITY,ST LOUIS CITY
ST. LOUIS CITY - 000160,1,1.0000000000,7.0000000000,7.0000000000,0,ST LOUIS CITY,ST LOUIS CITY
ST. LOUIS CITY - 000161,1,1.0000000000,19.0000000000,19.0000000000,0,ST LOUIS CITY,ST LOUIS CITY
ST. LOUIS CITY - 000162,1,1.0000000000,13.0000000001,13.0000000001,0,ST LOUIS CITY,ST LOUIS CITY
ST. LOUIS CITY - 000163,1,1.0000000000,6.0000000000,6.0000000000,0,ST LOUIS CITY,ST LOUIS CITY
ST. LOUIS CITY - 000164,1,1.0000000000,3.0000000000,3.0000000000,0,ST LOUIS CITY,ST LOUIS CITY
ST. LOUIS CITY - 000165,1,1.0000000000,2.0000000000,2.0000000000,0,ST LOUIS CITY,ST LOUIS CITY
ST. LOUIS CITY - 000166,1,1.0000000000,11.0000000000,11.0000000000,0,ST LOUIS CITY,ST LOUIS CITY
ST. LOUIS CITY - 000167,1,1.0000000000,6.0000000000,6.0000000000,0,ST LOUIS CITY,ST LOUIS CITY
ST. LOUIS CITY - 000168,1,1.0000000000,13.9999999998,13.9999999998,0,ST LOUIS CITY,ST LOUIS CITY
ST. LOUIS CITY - 000169,1,1.0000000000,8.0000000000,8.0000000000,0,ST LOUIS CITY,ST LOUIS CITY
ST. LOUIS CITY - 000170,1,1.0000000000,7.0000000000,7.0000000000,0,ST LOUIS CITY,ST LOUIS CITY
ST. LOUIS CITY - 000171,1,1.0000000000,10.0000000000,10.0000000000,0,ST LOUIS CITY,ST LOUIS CITY
ST. LOUIS CITY - 000172,1,1.0000000000,4.9999999999,4.9999999999,0,ST LOUIS CITY,ST LOUIS CITY
ST. LOUIS CITY - 000173,1,1.0000000000,10.0000000000,10.0000000000,0,ST LOUIS CITY,ST LOUIS CITY
ST. LOUIS CITY - 000174,1,1.0000000000,20.0000000000,20.0000000000,0,ST LOUIS CITY,ST LOUIS CITY
ST. LOUIS CITY - 000175,1,1.0000000000,9.0000000000,9.0000000000,0,ST LOUIS CITY,ST LOUIS CITY
ST. LOUIS CITY - 000176,1,1.0000000000,2.0000000000,2.0000000000,0,ST LOUIS CITY,ST LOUIS CITY
ST. LOUIS CITY - 000177,1,1.0000000000,8.0000000000,8.0000000000,0,ST LOUIS CITY,ST LOUIS CITY
ST. LOUIS CITY - 000178,1,1.0000000000,6.0000000000,6.0000000000,0,ST LOUIS CITY,ST LOUIS CITY
ST. LOUIS CITY - 000179,1,1.0000000000,9.0000000001,9.0000000001,0,ST LOUIS CITY,ST LOUIS CITY
ST. LOUIS CITY - 000180,1,1.0000000000,10.0000000000,10.0000000000,0,ST LOUIS CITY,ST LOUIS CITY
ST. LOUIS CITY - 000181,1,1.0000000000,9.0000000001,9.0000000001,0,ST LOUIS CITY,ST LOUIS CITY
ST. LOUIS CITY - 000182,1,1.0000000000,13.0000000000,13.0000000000,0,ST LOUIS CITY,ST LOUIS CITY
ST. LOUIS CITY - 000183,1,1.0000000000,8.0000000000,8.0000000000,0,ST LOUIS CITY,ST LOUIS CITY
ST. LOUIS CITY - 000184,1,1.0000000000,8.9999999999,8.9999999999,0,ST LOUIS CITY,ST LOUIS CITY
ST. LOUIS CITY - 000185,1,1.0000000000,20.0000000000,20.0000000000,0,ST LOUIS CITY,ST LOUIS CITY
ST. LOUIS CITY - 000186,1,1.0000000000,9.0000000000,9.0000000000,0,ST LOUIS CITY,ST LOUIS CITY
ST. LOUIS CITY - 000187,1,1.0000000000,9.0000000000,9.0000000000,0,ST LOUIS CITY,ST LOUIS CITY
ST. LOUIS CITY - 000188,1,1.0000000000,9.0000000000,9.0000000000,0,ST LOUIS CITY,ST LOUIS CITY
ST. LOUIS CITY - 000189,1,1.0000000000,7.9999999999,7.9999999999,0,ST LOUIS CITY,ST LOUIS CITY
ST. LOUIS CITY - 000190,1,1.0000000000,6.9999999999,6.9999999999,0,ST LOUIS CITY,ST LOUIS CITY
ST. LOUIS CITY - 000191,1,1.0000000000,11.0000000000,11.0000000000,0,ST LOUIS CITY,ST LOUIS CITY
ST. LOUIS CITY - 000192,1,1.0000000000,6.0000000000,6.0000000000,0,ST LOUIS CITY,ST LOUIS CITY
ST. LOUIS CITY - 000193,1,1.0000000000,12.0000000000,12.0000000000,0,ST LOUIS CITY,ST LOUIS CITY
ST. LOUIS CITY - 000194,1,1.0000000000,16.0000000000,16.0000000000,0,ST LOUIS CITY,ST LOUIS CITY
ST. LOUIS CITY - 000195,1,1.0000000000,8.0000000000,8.0000000000,0,ST LOUIS CITY,ST LOUIS CITY
ST. LOUIS CITY - 000196,1,1.0000000000,13.0000000000,13.0000000000,0,ST LOUIS CITY,ST LOUIS CITY
ST. LOUIS CITY - 000197,1,1.0000000000,9.9999999999,9.9999999999,0,ST LOUIS CITY,ST LOUIS CITY
ST. LOUIS CITY - 000198,1,1.0000000000,15.0000000000,15.0000000000,0,ST LOUIS CITY,ST LOUIS CITY
ST. LOUIS CITY - 000199,1,1.0000000000,21.0000000000,21.0000000000,0,ST LOUIS CITY,ST LOUIS CITY
ST. LOUIS CITY - 000200,1,1.0000000000,7.0000000000,7.0000000000,0,ST LOUIS CITY,ST LOUIS CITY
ST. LOUIS CITY - 000201,1,1.0000000000,43.0000000000,43.0000000000,0,ST LOUIS CITY,ST LOUIS CITY
ST. LOUIS CITY - 000202,1,1.0000000000,9.0000000000,9.0000000000,0,ST LOUIS CITY,ST LOUIS CITY
ST. LOUIS CITY - 000203,1,1.0000000000,14.0000000000,14.0000000000,0,ST LOUIS CITY,ST LOUIS CITY
ST. LOUIS CITY - 000204,1,1.0000000000,9.0000000000,9.0000000000,0,ST LOUIS CITY,ST LOUIS CITY
ST. LOUIS CITY - 000205,1,1.0000000000,10.0000000000,10.0000000000,0,ST LOUIS CITY,ST LOUIS CITY
ST. LOUIS CITY - 000206,1,1.0000000000,16.0000000000,16.0000000000,0,ST LOUIS CITY,ST LOUIS CITY
ST. LOUIS CITY - 000207,1,1.0000000000,9.0000000000,9.0000000000,0,ST LOUIS CITY,ST LOUIS CITY
ST. LOUIS CITY - 000208,1,1.0000000000,14.0000000002,14.0000000002,0,ST LOUIS CITY,ST LOUIS CITY
ST. LOUIS CITY - 000209,1,1.0000000000,13.0000000000,13.0000000000,0,ST LOUIS CITY,ST LOUIS CITY
ST. LOUIS CITY - 000210,1,1.0000000000,5.0000000000,5.0000000000,0,ST LOUIS CITY,ST LOUIS CITY
ST. LOUIS CITY - 000211,1,1.0000000000,7.9999999999,7.9999999999,0,ST LOUIS CITY,ST LOUIS CITY
ST. LOUIS CITY - 000212,1,1.0000000000,8.0000000001,8.0000000001,0,ST LOUIS CITY,ST LOUIS CITY
ST. LOUIS CITY - 000213,1,1.0000000000,9.0000000001,9.0000000001,0,ST LOUIS CITY,ST LOUIS CITY
ST. LOUIS CITY - 000214,1,1.0000000000,10.0000000000,10.0000000000,0,ST LOUIS CITY,ST LOUIS CITY
ST. LOUIS CITY - 000215,1,1.0000000000,12.0000000000,12.0000000000,0,ST LOUIS CITY,ST LOUIS CITY
ST. LOUIS CITY - 000216,1,1.0000000000,12.0000000001,12.0000000001,0,ST LOUIS CITY,ST LOUIS CITY
ST. LOUIS CITY - 000217,1,1.0000000000,18.0000000001,18.0000000001,0,ST LOUIS CITY,ST LOUIS CITY
ST. LOUIS CITY - 000218,1,1.0000000000,10.0000000000,10.0000000000,0,ST LOUIS CITY,ST LOUIS CITY
ST. LOUIS CITY - 000219,1,1.0000000000,12.0000000000,12.0000000000,0,ST LOUIS CITY,ST LOUIS CITY
ST. LOUIS CITY - 000220,1,1.0000000000,9.0000000000,9.0000000000,0,ST LOUIS CITY,ST LOUIS CITY
ST. LOUIS CITY - 000221,1,1.0000000000,15.0000000000,15.0000000000,0,ST LOUIS CITY,ST LOUIS CITY
ST. LOUIS CITY - 000222,1,1.0000000000,16.0000000000,16.0000000000,0,ST LOUIS CITY,ST LOUIS CITY
ST. LOUIS CITY - 000223,1,1.0000000000,11.0000000000,11.0000000000,0,ST LOUIS CITY,ST LOUIS CITY
ST. LOUIS CITY - 000224,1,1.0000000000,16.0000000000,16.0000000000,0,ST LOUIS CITY,ST LOUIS CITY
ST. LOUIS CITY - 000225,1,1.0000000000,28.0000000000,28.0000000000,0,ST LOUIS CITY,ST LOUIS CITY
ST. LOUIS CITY - 000226,1,1.0000000000,13.0000000000,13.0000000000,0,ST LOUIS CITY,ST LOUIS CITY
ST. LOUIS CITY - 000227,1,1.0000000000,19.0000000000,19.0000000000,0,ST LOUIS CITY,ST LOUIS CITY
ST. LOUIS CITY - 000228,1,1.0000000000,16.9999999998,16.9999999998,0,ST LOUIS CITY,ST LOUIS CITY
ST. LOUIS CITY - 000229,1,1.0000000000,23.0000000000,23.0000000000,0,ST LOUIS CITY,ST LOUIS CITY
ST. LOUIS CITY - 000230,1,1.0000000000,18.0000000000,18.0000000000,0,ST LOUIS CITY,ST LOUIS CITY
ST. LOUIS CITY - 000231,1,1.0000000000,12.0000000002,12.0000000002,0,ST LOUIS CITY,ST LOUIS CITY
ST. LOUIS CITY - 000232,1,1.0000000000,10.9999999999,10.9999999999,0,ST LOUIS CITY,ST LOUIS CITY
ST. LOUIS CITY - 000233,1,1.0000000000,1.0000000000,1.0000000000,0,ST LOUIS CITY,ST LOUIS CITY
ST. LOUIS CITY - 000234,1,1.0000000000,8.0000000000,8.0000000000,0,ST LOUIS CITY,ST LOUIS CITY
ST. LOUIS CITY - 000235,1,1.0000000000,12.9999999999,12.9999999999,0,ST LOUIS CITY,ST LOUIS CITY
ST. LOUIS CITY - 000236,1,1.0000000000,10.0000000000,10.0000000000,0,ST LOUIS CITY,ST LOUIS CITY
ST. LOUIS CITY - 000237,1,1.0000000000,11.9999999999,11.9999999999,0,ST LOUIS CITY,ST LOUIS CITY
ST. LOUIS CITY - 000238,1,1.0000000000,2.0000000000,2.0000000000,0,ST LOUIS CITY,ST LOUIS CITY
ST. LOUIS CITY - 000239,1,1.0000000000,12.0000000001,12.0000000001,0,ST LOUIS CITY,ST LOUIS CITY
ST. LOUIS CITY - 000240,1,1.0000000000,5.0000000000,5.0000000000,0,ST LOUIS CITY,ST LOUIS CITY
ST. LOUIS CITY - 000241,1,1.0000000000,10.0000000000,10.0000000000,0,ST LOUIS CITY,ST LOUIS CITY
ST. LOUIS CITY - 000242,1,1.0000000000,17.0000000000,17.0000000000,0,ST LOUIS CITY,ST LOUIS CITY
ST. LOUIS CITY - 000243,1,1.0000000000,18.0000000001,18.0000000001,0,ST LOUIS CITY,ST LOUIS CITY
ST. LOUIS CITY - 000244,1,1.0000000000,10.0000000000,10.0000000000,0,ST LOUIS CITY,ST LOUIS CITY
ST. LOUIS CITY - 000245,1,1.0000000000,14.9999999997,14.9999999997,0,ST LOUIS CITY,ST LOUIS CITY
ST. LOUIS CITY - 000246,1,1.0000000000,11.0000000000,11.0000000000,0,ST LOUIS CITY,ST LOUIS CITY
ST. LOUIS CITY - 000247,1,1.0000000000,15.9999999998,15.9999999998,0,ST LOUIS CITY,ST LOUIS CITY
ST. LOUIS CITY - 000248,1,1.0000000000,3.0000000000,3.0000000000,0,ST LOUIS CITY,ST LOUIS CITY
ST. LOUIS CITY - 000249,1,1.0000000000,6.0000000000,6.0000000000,0,ST LOUIS CITY,ST LOUIS CITY
ST. LOUIS CITY - 000250,1,1.0000000000,9.0000000001,9.0000000001,0,ST LOUIS CITY,ST LOUIS CITY
ST. LOUIS CITY - 000251,1,1.0000000000,2.0000000000,2.0000000000,0,ST LOUIS CITY,ST LOUIS CITY
ST. LOUIS CITY - 000252,1,1.0000000000,4.0000000000,4.0000000000,0,ST LOUIS CITY,ST LOUIS CITY
ST. LOUIS CITY - 000253,1,1.0000000000,9.0000000000,9.0000000000,0,ST LOUIS CITY,ST LOUIS CITY
ST. LOUIS CITY - 000254,1,1.0000000000,7.0000000000,7.0000000000,0,ST LOUIS CITY,ST LOUIS CITY
ST. LOUIS CITY - 000255,1,1.0000000000,16.0000000000,16.0000000000,0,ST LOUIS CITY,ST LOUIS CITY
ST. LOUIS CITY - 000256,1,1.0000000000,9.0000000001,9.0000000001,0,ST LOUIS CITY,ST LOUIS CITY
ST. LOUIS CITY - 000257,1,1.0000000000,11.0000000001,11.0000000001,0,ST LOUIS CITY,ST LOUIS CITY
ST. LOUIS CITY - 000258,1,1.0000000000,11.0000000000,11.0000000000,0,ST LOUIS CITY,ST LOUIS CITY
ST. LOUIS CITY - 000259,1,1.0000000000,9.0000000000,9.0000000000,0,ST LOUIS CITY,ST LOUIS CITY
ST. LOUIS CITY - 000260,1,1.0000000000,7.0000000000,7.0000000000,0,ST LOUIS CITY,ST LOUIS CITY
ST. LOUIS CITY - 000261,1,1.0000000000,7.0000000000,7.0000000000,0,ST LOUIS CITY,ST LOUIS CITY
ST. LOUIS CITY - 000262,1,1.0000000000,13.0000000001,13.0000000001,0,ST LOUIS CITY,ST LOUIS CITY
ST. LOUIS CITY - 000263,1,1.0000000000,14.0000000000,14.0000000000,0,ST LOUIS CITY,ST LOUIS CITY
ST. LOUIS CITY - 000264,1,1.0000000000,13.0000000000,13.0000000000,0,ST LOUIS CITY,ST LOUIS CITY
ST. LOUIS CITY - 000265,1,1.0000000000,11.9999999999,11.9999999999,0,ST LOUIS CITY,ST LOUIS CITY
ST. LOUIS CITY - 000266,1,1.0000000000,7.0000000001,7.0000000001,0,ST LOUIS CITY,ST LOUIS CITY
ST. LOUIS CITY - 000267,1,1.0000000000,22.0000000002,22.0000000002,0,ST LOUIS CITY,ST LOUIS CITY
ST. LOUIS CITY - 000268,1,1.0000000000,13.0000000000,13.0000000000,0,ST LOUIS CITY,ST LOUIS CITY
ST. LOUIS CITY - 000269,1,1.0000000000,16.0000000002,16.0000000002,0,ST LOUIS CITY,ST LOUIS CITY
ST. LOUIS CITY - 000270,1,1.0000000000,11.0000000000,11.0000000000,0,ST LOUIS CITY,ST LOUIS CITY
ST. LOUIS CITY - 000271,1,1.0000000000,7.0000000000,7.0000000000,0,ST LOUIS CITY,ST LOUIS CITY
ST. LOUIS CITY - 000272,1,1.0000000000,59.0000000000,59.0000000000,0,ST LOUIS CITY,ST LOUIS CITY
ST. LOUIS CITY - 000273,1,1.0000000000,6.0000000000,6.0000000000,0,ST LOUIS CITY,ST LOUIS CITY
ST. LOUIS CITY - 000274,1,1.0000000000,9.0000000000,9.0000000000,0,ST LOUIS CITY,ST LOUIS CITY
ST. LOUIS CITY - 000275,1,1.0000000000,10.0000000000,10.0000000000,0,ST LOUIS CITY,ST LOUIS CITY
ST. LOUIS CITY - 000276,1,1.0000000000,1.0000000000,1.0000000000,0,ST LOUIS CITY,ST LOUIS CITY
ST. LOUIS CITY - 000277,1,1.0000000000,1.0000000000,1.0000000000,0,ST LOUIS CITY,ST LOUIS CITY
ST. LOUIS CITY - 000278,1,1.0000000000,15.0000000000,15.0000000000,0,ST LOUIS CITY,ST LOUIS CITY
ST. LOUIS CITY - 000279,1,1.0000000000,15.0000000000,15.0000000000,0,ST LOUIS CITY,ST LOUIS CITY
ST. LOUIS CITY - 000280,1,1.0000000000,31.9999999999,31.9999999999,0,ST LOUIS CITY,ST LOUIS CITY
ST. LOUIS CITY - 000281,1,1.0000000000,11.0000000000,11.0000000000,0,ST LOUIS CITY,ST LOUIS CITY
ST. LOUIS CITY - 000282,1,1.0000000000,10.0000000000,10.0000000000,0,ST LOUIS CITY,ST LOUIS CITY
ST. LOUIS CITY - 000283,1,1.0000000000,12.0000000000,12.0000000000,0,ST LOUIS CITY,ST LOUIS CITY
ST. LOUIS CITY - 000284,1,1.0000000000,2.9999999999,2.9999999999,0,ST LOUIS CITY,ST LOUIS CITY
ST. LOUIS CITY - 000285,1,1.0000000000,17.0000000000,17.0000000000,0,ST LOUIS CITY,ST LOUIS CITY
ST. LOUIS CITY - 000286,1,1.0000000000,11.0000000000,11.0000000000,0,ST LOUIS CITY,ST LOUIS CITY
ST. LOUIS CITY - 000287,1,1.0000000000,14.9999999998,14.9999999998,0,ST LOUIS CITY,ST LOUIS CITY
ST. LOUIS CITY - 000288,1,1.0000000000,18.0000000000,18.0000000000,0,ST LOUIS CITY,ST LOUIS CITY
ST. LOUIS CITY - 000289,1,1.0000000000,6.0000000000,6.0000000000,0,ST LOUIS CITY,ST LOUIS CITY
ST. LOUIS CITY - 000290,1,1.0000000000,31.0000000000,31.0000000000,0,ST LOUIS CITY,ST LOUIS CITY
ST. LOUIS CITY - 000291,1,1.0000000000,9.0000000000,9.0000000000,0,ST LOUIS CITY,ST LOUIS CITY
ST. LOUIS CITY - 000292,1,1.0000000000,18.9999999999,18.9999999999,0,ST LOUIS CITY,ST LOUIS CITY
ST. LOUIS CITY - 000293,1,1.0000000000,33.0000000001,33.0000000001,0,ST LOUIS CITY,ST LOUIS CITY
ST. LOUIS CITY - 000294,1,1.0000000000,16.0000000000,16.0000000000,0,ST LOUIS CITY,ST LOUIS CITY
ST. LOUIS CITY - 000295,1,1.0000000000,10.0000000000,10.0000000000,0,ST LOUIS CITY,ST LOUIS CITY
ST. LOUIS CITY - 000296,1,1.0000000000,20.0000000000,20.0000000000,0,ST LOUIS CITY,ST LOUIS CITY
ST. LOUIS CITY - 000297,1,1.0000000000,15.0000000000,15.0000000000,0,ST LOUIS CITY,ST LOUIS CITY
ST. LOUIS CITY - 000298,1,1.0000000000,17.0000000000,17.0000000000,0,ST LOUIS CITY,ST LOUIS CITY
ST. LOUIS CITY - 000299,1,1.0000000000,13.0000000000,13.0000000000,0,ST LOUIS CITY,ST LOUIS CITY
ST. LOUIS CITY - 000300,1,1.0000000000,12.0000000000,12.0000000000,0,ST LOUIS CITY,ST LOUIS CITY
ST. LOUIS CITY - 000301,1,1.0000000000,6.0000000000,6.0000000000,0,ST LOUIS CITY,ST LOUIS CITY
ST. LOUIS CITY - 000302,1,1.0000000000,23.0000000000,23.0000000000,0,ST LOUIS CITY,ST LOUIS CITY
ST. LOUIS CITY - 000303,1,1.0000000000,11.0000000000,11.0000000000,0,ST LOUIS CITY,ST LOUIS CITY
ST. LOUIS CITY - 000304,1,1.0000000000,7.0000000000,7.0000000000,0,ST LOUIS CITY,ST LOUIS CITY
ST. LOUIS CITY - 000305,1,1.0000000000,7.0000000000,7.0000000000,0,ST LOUIS CITY,ST LOUIS CITY
ST. LOUIS CITY - 000306,1,1.0000000000,6.0000000000,6.0000000000,0,ST LOUIS CITY,ST LOUIS CITY
ST. LOUIS CITY - 000307,1,1.0000000000,4.0000000000,4.0000000000,0,ST LOUIS CITY,ST LOUIS CITY
ST. LOUIS CITY - 000308,1,1.0000000000,9.0000000000,9.0000000000,0,ST LOUIS CITY,ST LOUIS CITY
ST. LOUIS CITY - 000309,1,1.0000000000,6.0000000000,6.0000000000,0,ST LOUIS CITY,ST LOUIS CITY
ST. LOUIS CITY - 000310,1,1.0000000000,80.0000000000,80.0000000000,0,ST LOUIS CITY,ST LOUIS CITY
ST. LOUIS CITY - 000311,1,1.0000000000,14.9999999999,14.9999999999,0,ST LOUIS CITY,ST LOUIS CITY
ST. LOUIS CITY - 000312,1,1.0000000000,39.0000000002,39.0000000002,0,ST LOUIS CITY,ST LOUIS CITY
ST. LOUIS CITY - 000313,1,1.0000000000,33.0000000000,33.0000000000,0,ST LOUIS CITY,ST LOUIS CITY
ST. LOUIS CITY - 000314,1,1.0000000000,46.0000000000,46.0000000000,0,ST LOUIS CITY,ST LOUIS CITY
ST. LOUIS CITY - 000315,1,1.0000000000,37.0000000000,37.0000000000,0,ST LOUIS CITY,ST LOUIS CITY
ST. LOUIS CITY - 000316,1,1.0000000000,73.0000000000,73.0000000000,0,ST LOUIS CITY,ST LOUIS CITY
ST. LOUIS CITY - 000317,1,1.0000000000,41.0000000000,41.0000000000,0,ST LOUIS CITY,ST LOUIS CITY
ST. LOUIS CITY - 000318,1,1.0000000000,48.0000000001,48.0000000001,0,ST LOUIS CITY,ST LOUIS CITY
ST. LOUIS CITY - 000319,1,1.0000000000,13.0000000000,13.0000000000,0,ST LOUIS CITY,ST LOUIS CITY
ST. LOUIS CITY - 000320,1,1.0000000000,74.0000000001,74.0000000001,0,ST LOUIS CITY,ST LOUIS CITY
ST. LOUIS CITY - 000321,1,1.0000000000,2.0000000000,2.0000000000,0,ST LOUIS CITY,ST LOUIS CITY
ST. LOUIS CITY - 000322,1,1.0000000000,9.0000000001,9.0000000001,0,ST LOUIS CITY,ST LOUIS CITY
ST. LOUIS CITY - 000323,1,1.0000000000,26.0000000000,26.0000000000,0,ST LOUIS CITY,ST LOUIS CITY
ST. LOUIS CITY - 000324,1,1.0000000000,28.0000000000,28.0000000000,0,ST LOUIS CITY,ST LOUIS CITY
ST. LOUIS CITY - 000325,1,1.0000000000,51.0000000000,51.0000000000,0,ST LOUIS CITY,ST LOUIS CITY
ST. LOUIS CITY - 000326,1,1.0000000000,17.9999999999,17.9999999999,0,ST LOUIS CITY,ST LOUIS CITY
ST. LOUIS CITY - 000327,1,1.0000000000,22.0000000000,22.0000000000,0,ST LOUIS CITY,ST LOUIS CITY
ST. LOUIS CITY - 000328,1,1.0000000000,46.9999999997,46.9999999997,0,ST LOUIS CITY,ST LOUIS CITY
ST. LOUIS CITY - 000329,1,1.0000000000,49.0000000000,49.0000000000,0,ST LOUIS CITY,ST LOUIS CITY
ST. LOUIS CITY - 000330,1,1.0000000000,14.0000000000,14.0000000000,0,ST LOUIS CITY,ST LOUIS CITY
ST. LOUIS CITY - 000331,1,1.0000000000,15.9999999999,15.9999999999,0,ST LOUIS CITY,ST LOUIS CITY
ST. LOUIS CITY - 000332,1,1.0000000000,20.0000000001,20.0000000001,0,ST LOUIS CITY,ST LOUIS CITY
ST. LOUIS CITY - 000333,1,1.0000000000,2.0000000000,2.0000000000,0,ST LOUIS CITY,ST LOUIS CITY
ST. LOUIS CITY - 000334,1,1.0000000000,8.9999999999,8.9999999999,0,ST LOUIS CITY,ST LOUIS CITY
ST. LOUIS CITY - 000335,1,1.0000000000,117.9999999999,117.9999999999,0,ST LOUIS CITY,ST LOUIS CITY
ST. LOUIS CITY - 000336,1,1.0000000000,18.0000000000,18.0000000000,0,ST LOUIS CITY,ST LOUIS CITY
ST. LOUIS CITY - 000337,1,1.0000000000,18.0000000000,18.0000000000,0,ST LOUIS CITY,ST LOUIS CITY
ST. LOUIS CITY - 000338,1,1.0000000000,27.9999999999,27.9999999999,0,ST LOUIS CITY,ST LOUIS CITY
ST. LOUIS CITY - 000339,1,1.0000000000,27.0000000001,27.0000000001,0,ST LOUIS CITY,ST LOUIS CITY
ST. LOUIS CITY - 000340,1,1.0000000000,95.9999999999,95.9999999999,0,ST LOUIS CITY,ST LOUIS CITY
ST. LOUIS CITY - 000341,1,1.0000000000,149.0000000002,149.0000000002,0,ST LOUIS CITY,ST LOUIS CITY
ST. LOUIS CITY - 000342,1,1.0000000000,23.0000000000,23.0000000000,0,ST LOUIS CITY,ST LOUIS CITY
ST. LOUIS CITY - 000343,1,1.0000000000,11.0000000000,11.0000000000,0,ST LOUIS CITY,ST LOUIS CITY
ST. LOUIS CITY - 000344,1,1.0000000000,8.0000000000,8.0000000000,0,ST LOUIS CITY,ST LOUIS CITY
ST. LOUIS CITY - 000345,1,1.0000000000,12.0000000000,12.0000000000,0,ST LOUIS CITY,ST LOUIS CITY
ST. LOUIS CITY - 000346,1,1.0000000000,8.0000000000,8.0000000000,0,ST LOUIS CITY,ST LOUIS CITY
ST. LOUIS CITY - 000347,1,1.0000000000,6.0000000000,6.0000000000,0,ST LOUIS CITY,ST LOUIS CITY
ST. LOUIS CITY - 000348,1,1.0000000000,5.0000000000,5.0000000000,0,ST LOUIS CITY,ST LOUIS CITY
ST. LOUIS CITY - 000349,1,1.0000000000,3.0000000000,3.0000000000,0,ST LOUIS CITY,ST LOUIS CITY
ST. LOUIS CITY - 000350,1,1.0000000000,4.0000000000,4.0000000000,0,ST LOUIS CITY,ST LOUIS CITY
ST. LOUIS CITY - 000351,1,1.0000000000,2.0000000000,2.0000000000,0,ST LOUIS CITY,ST LOUIS CITY
ST. LOUIS CITY - 000352,1,1.0000000000,8.0000000000,8.0000000000,0,ST LOUIS CITY,ST LOUIS CITY
ST. LOUIS CITY - 000353,1,1.0000000000,18.0000000000,18.0000000000,0,ST LOUIS CITY,ST LOUIS CITY
ST. LOUIS CITY - 000354,1,1.0000000000,8.0000000000,8.0000000000,0,ST LOUIS CITY,ST LOUIS CITY
ST. LOUIS CITY - 000355,1,1.0000000000,4.0000000000,4.0000000000,0,ST LOUIS CITY,ST LOUIS CITY
ST. LOUIS CITY - 000356,1,1.0000000000,1.0000000000,1.0000000000,0,ST LOUIS CITY,ST LOUIS CITY
ST. LOUIS CITY - 000357,1,1.0000000000,10.0000000000,10.0000000000,0,ST LOUIS CITY,ST LOUIS CITY
ST. LOUIS CITY - 000358,1,1.0000000000,12.0000000001,12.0000000001,0,ST LOUIS CITY,ST LOUIS CITY
ST. LOUIS CITY - 000359,1,1.0000000000,3.0000000000,3.0000000000,0,ST LOUIS CITY,ST LOUIS CITY
ST. LOUIS CITY - 000360,1,1.0000000000,49.0000000001,49.0000000001,0,ST LOUIS CITY,ST LOUIS CITY
ST. LOUIS CITY - 000361,1,1.0000000000,19.0000000000,19.0000000000,0,ST LOUIS CITY,ST LOUIS CITY
ST. LOUIS CITY - 000362,1,1.0000000000,27.0000000000,27.0000000000,0,ST LOUIS CITY,ST LOUIS CITY
ST. LOUIS CITY - 000363,1,1.0000000000,19.9999999996,19.9999999996,0,ST LOUIS CITY,ST LOUIS CITY
ST. LOUIS CITY - 000364,1,1.0000000000,12.0000000000,12.0000000000,0,ST LOUIS CITY,ST LOUIS CITY
ST. LOUIS CITY - 000365,1,1.0000000000,13.0000000000,13.0000000000,0,ST LOUIS CITY,ST LOUIS CITY
ST. LOUIS CITY - 000366,1,1.0000000000,13.0000000000,13.0000000000,0,ST LOUIS CITY,ST LOUIS CITY
ST. LOUIS CITY - 000367,1,1.0000000000,22.9999999998,22.9999999998,0,ST LOUIS CITY,ST LOUIS CITY
ST. LOUIS CITY - 000368,1,1.0000000000,16.0000000001,16.0000000001,0,ST LOUIS CITY,ST LOUIS CITY
ST. LOUIS CITY - 000369,1,1.0000000000,13.0000000001,13.0000000001,0,ST LOUIS CITY,ST LOUIS CITY
ST. LOUIS CITY - 000370,1,1.0000000000,2.9999999999,2.9999999999,0,ST LOUIS CITY,ST LOUIS CITY
ST. LOUIS CITY - 000371,1,1.0000000000,6.0000000000,6.0000000000,0,ST LOUIS CITY,ST LOUIS CITY
ST. LOUIS CITY - 000372,1,1.0000000000,2.0000000000,2.0000000000,0,ST LOUIS CITY,ST LOUIS CITY
ST. LOUIS CITY - 000373,1,1.0000000000,21.0000000000,21.0000000000,0,ST LOUIS CITY,ST LOUIS CITY
ST. LOUIS CITY - 000374,1,1.0000000000,13.0000000000,13.0000000000,0,ST LOUIS CITY,ST LOUIS CITY
ST. LOUIS CITY - 000375,1,1.0000000000,14.0000000001,14.0000000001,0,ST LOUIS CITY,ST LOUIS CITY
STE. GENEVIEVE - 000002,8,1.0000000000,81.0000000001,81.0000000001,0,STE GENEVIEVE,STE GENEVIEVE
STE. GENEVIEVE - 000003,8,1.0000000000,50.0000000002,50.0000000002,0,STE GENEVIEVE,STE GENEVIEVE
STE. GENEVIEVE - 000004,8,1.0000000000,111.9999999998,111.9999999998,0,STE GENEVIEVE,STE GENEVIEVE
STE. GENEVIEVE - 000005,8,1.0000000000,76.0000000000,76.0000000000,0,STE GENEVIEVE,STE GENEVIEVE
STE. GENEVIEVE - 000006,8,1.0000000000,46.0000000001,46.0000000001,0,STE GENEVIEVE,STE GENEVIEVE
STE. GENEVIEVE - 000007,8,1.0000000000,185.0000000001,185.0000000001,0,STE GENEVIEVE,STE GENEVIEVE
STE. GENEVIEVE - 000008,8,1.0000000000,19.0000000001,19.0000000001,0,STE GENEVIEVE,STE GENEVIEVE
STE. GENEVIEVE - 000009,8,1.0000000000,40.0000000000,40.0000000000,0,STE GENEVIEVE,STE GENEVIEVE
STE. GENEVIEVE - 000010,8,1.0000000000,85.0000000001,85.0000000001,0,STE GENEVIEVE,STE GENEVIEVE
STE. GENEVIEVE - 000011,8,1.0000000000,66.0000000000,66.0000000000,0,STE GENEVIEVE,STE GENEVIEVE
STE. GENEVIEVE - 000012,8,1.0000000000,87.0000000003,87.0000000003,0,STE GENEVIEVE,STE GENEVIEVE
STE. GENEVIEVE - 000013,8,1.0000000000,78.0000000000,78.0000000000,0,STE GENEVIEVE,STE GENEVIEVE
STE. GENEVIEVE - 000014,8,1.0000000000,70.9999999999,70.9999999999,0,STE GENEVIEVE,STE GENEVIEVE
STE. GENEVIEVE - 000015,8,1.0000000000,74.0000000001,74.0000000001,0,STE GENEVIEVE,STE GENEVIEVE
STODDARD - 000002,8,1.0000000000,57.9999999999,57.9999999999,0,STODDARD,STODDARD
STODDARD - 000003,8,1.0000000000,91.0000000000,91.0000000000,0,STODDARD,STODDARD
STODDARD - 000004,8,1.0000000000,82.0000000001,82.0000000001,0,STODDARD,STODDARD
STODDARD - 000005,8,1.0000000000,31.0000000000,31.0000000000,0,STODDARD,STODDARD
STODDARD - 000006,8,1.0000000000,128.0000000000,128.0000000000,0,STODDARD,STODDARD
STODDARD - 000007,8,1.0000000000,149.0000000000,149.0000000000,0,STODDARD,STODDARD
STODDARD - 000008,8,1.0000000000,199.9999999994,199.9999999994,0,STODDARD,STODDARD
STODDARD - 000009,8,1.0000000000,44.0000000001,44.0000000001,0,STODDARD,STODDARD
STODDARD - 000010,8,1.0000000000,40.0000000000,40.0000000000,0,STODDARD,STODDARD
STODDARD - 000011,8,1.0000000000,227.0000000000,227.0000000000,0,STODDARD,STODDARD
STODDARD - 000012,8,1.0000000000,119.0000000000,119.0000000000,0,STODDARD,STODDARD
STODDARD - 000013,8,1.0000000000,111.0000000000,111.0000000000,0,STODDARD,STODDARD
STODDARD - 000014,8,1.0000000000,129.9999999999,129.9999999999,0,STODDARD,STODDARD
STODDARD - 000015,8,1.0000000000,20.0000000000,20.0000000000,0,STODDARD,STODDARD
STODDARD - 000016,8,1.0000000000,51.0000000000,51.0000000000,0,STODDARD,STODDARD
STODDARD - 000017,8,1.0000000000,80.9999999999,80.9999999999,0,STODDARD,STODDARD
STODDARD - 000018,8,1.0000000000,87.0000000000,87.0000000000,0,STODDARD,STODDARD
STODDARD - 000019,8,1.0000000000,111.9999999998,111.9999999998,0,STODDARD,STODDARD
STODDARD - 000020,8,1.0000000000,54.9999999998,54.9999999998,0,STODDARD,STODDARD
STODDARD - 000021,8,1.0000000000,268.0000000000,268.0000000000,0,STODDARD,STODDARD
STODDARD - 000022,8,1.0000000000,151.9999999995,151.9999999995,0,STODDARD,STODDARD
STODDARD - 000023,8,1.0000000000,127.9999999998,127.9999999998,0,STODDARD,STODDARD
STODDARD - 000024,8,1.0000000000,169.0000000000,169.0000000000,0,STODDARD,STODDARD
STONE - 000002,7,1.0000000000,120.9999999999,120.9999999999,0,STONE,STONE
STONE - 000003,7,1.0000000000,66.9999999999,66.9999999999,0,STONE,STONE
STONE - 000004,7,1.0000000000,129.0000000001,129.0000000001,0,STONE,STONE
STONE - 000005,7,1.0000000000,74.0000000000,74.0000000000,0,STONE,STONE
STONE - 000006,7,1.0000000000,58.0000000001,58.0000000001,0,STONE,STONE
STONE - 000007,7,1.0000000000,109.9999999998,109.9999999998,0,STONE,STONE
STONE - 000008,7,1.0000000000,92.0000000000,92.0000000000,0,STONE,STONE
STONE - 000009,7,1.0000000000,20.9999999998,20.9999999998,0,STONE,STONE
STONE - 000010,7,1.0000000000,161.0000000003,161.0000000003,0,STONE,STONE
STONE - 000011,7,1.0000000000,120.9979587777,120.9979587777,0,STONE,STONE
STONE - 000012,7,1.0000000000,96.0000000001,96.0000000001,0,STONE,STONE
STONE - 000013,7,1.0000000000,43.0000000000,43.0000000000,0,STONE,STONE
STONE - 000014,7,1.0000000000,205.9999999996,205.9999999996,0,STONE,STONE
STONE - 000015,7,1.0000000000,133.9999999996,133.9999999996,0,STONE,STONE
STONE - 000016,7,1.0000000000,84.0000000002,84.0000000002,0,STONE,STONE
STONE - 000017,7,1.0000000000,115.9999999998,115.9999999998,0,STONE,STONE
STONE - 000018,7,1.0000000000,190.9999999998,190.9999999998,0,STONE,STONE
STONE - 000019,7,1.0000000000,33.0000000001,33.0000000001,0,STONE,STONE
STONE - 000020,7,1.0000000000,192.0000000002,192.0000000002,0,STONE,STONE
STONE - 000021,7,1.0000000000,116.1897411159,116.1897411159,0,STONE,STONE
SULLIVAN - 000002,6,1.0000000000,56.0000000000,56.0000000000,0,SULLIVAN,SULLIVAN
SULLIVAN - 000003,6,1.0000000000,47.0000000000,47.0000000000,0,SULLIVAN,SULLIVAN
SULLIVAN - 000004,6,1.0000000000,148.9999999997,148.9999999997,0,SULLIVAN,SULLIVAN
SULLIVAN - 000005,6,1.0000000000,68.9999999999,68.9999999999,0,SULLIVAN,SULLIVAN
SULLIVAN - 000006,6,1.0000000000,107.9999999999,107.9999999999,0,SULLIVAN,SULLIVAN
SULLIVAN - 000007,6,1.0000000000,45.0000000002,45.0000000002,0,SULLIVAN,SULLIVAN
SULLIVAN - 000008,6,1.0000000000,59.0000000001,59.0000000001,0,SULLIVAN,SULLIVAN
SULLIVAN - 000009,6,1.0000000000,63.0000000000,63.0000000000,0,SULLIVAN,SULLIVAN
SULLIVAN - 000010,6,1.0000000000,72.0000000001,72.0000000001,0,SULLIVAN,SULLIVAN
SULLIVAN - 000012,6,1.0000000000,149.9999999999,149.9999999999,0,SULLIVAN,SULLIVAN
SULLIVAN - 000013,6,1.0000000000,121.9999999998,121.9999999998,0,SULLIVAN,SULLIVAN
SULLIVAN - 000014,6,1.0000000000,107.9999999999,107.9999999999,0,SULLIVAN,SULLIVAN
SULLIVAN - 000015,6,1.0000000000,33.0000000000,33.0000000000,0,SULLIVAN,SULLIVAN
TANEY - 000002,7,1.0000000000,14.0000000000,14.0000000000,0,TANEY,TANEY
TANEY - 000003,7,1.0000000000,56.0000000001,56.0000000001,0,TANEY,TANEY
TANEY - 000004,7,1.0000000000,220.0000000000,220.0000000000,0,TANEY,TANEY
TANEY - 000005,7,1.0000000000,98.0000000001,98.0000000001,0,TANEY,TANEY
TANEY - 000006,7,1.0000000000,520.0000000068,520.0000000068,0,TANEY,TANEY
TANEY - 000007,7,1.0000000000,29.0000000000,29.0000000000,0,TANEY,TANEY
TANEY - 000008,7,1.0000000000,45.0000000001,45.0000000001,0,TANEY,TANEY
TANEY - 000009,7,1.0000000000,72.0000000000,72.0000000000,0,TANEY,TANEY
TANEY - 000010,7,1.0000000000,153.9999999999,153.9999999999,0,TANEY,TANEY
TANEY - 000011,7,1.0000000000,218.9999999994,218.9999999994,0,TANEY,TANEY
TANEY - 000012,7,1.0000000000,161.0000000006,161.0000000006,0,TANEY,TANEY
TANEY - 000013,7,1.0000000000,123.0000000000,123.0000000000,0,TANEY,TANEY
TANEY - 000014,7,1.0000000000,146.9999999996,146.9999999996,0,TANEY,TANEY
TANEY - 000015,7,1.0000000000,140.9999999999,140.9999999999,0,TANEY,TANEY
TANEY - 000016,7,1.0000000000,124.0000000000,124.0000000000,0,TANEY,TANEY
TANEY - 000017,7,1.0000000000,125.9999999999,125.9999999999,0,TANEY,TANEY
TANEY - 000018,7,1.0000000000,17.9947061706,17.9947061706,0,TANEY,TANEY
TANEY - 000019,7,1.0000000000,93.0000000000,93.0000000000,0,TANEY,TANEY
TANEY - 000020,7,1.0000000000,35.9999999999,35.9999999999,0,TANEY,TANEY
TANEY - 000021,7,1.0000000000,51.0000000001,51.0000000001,0,TANEY,TANEY
TANEY - 000022,7,1.0000000000,90.9999999999,90.9999999999,0,TANEY,TANEY
TANEY - 000023,7,1.0000000000,98.0000000001,98.0000000001,0,TANEY,TANEY
TEXAS - 000002,8,1.0000000000,35.0000000001,35.0000000001,0,TEXAS,TEXAS
TEXAS - 000003,8,1.0000000000,232.0000000002,232.0000000002,0,TEXAS,TEXAS
TEXAS - 000004,8,1.0000000000,96.0000000002,96.0000000002,0,TEXAS,TEXAS
TEXAS - 000005,8,1.0000000000,75.9999999997,75.9999999997,0,TEXAS,TEXAS
TEXAS - 000006,8,1.0000000000,66.0000000001,66.0000000001,0,TEXAS,TEXAS
TEXAS - 000007,8,1.0000000000,132.9999999999,132.9999999999,0,TEXAS,TEXAS
TEXAS - 000008,8,1.0000000000,28.0000000002,28.0000000002,0,TEXAS,TEXAS
TEXAS - 000009,8,1.0000000000,45.0000000000,45.0000000000,0,TEXAS,TEXAS
TEXAS - 000010,8,1.0000000000,125.0000000000,125.0000000000,0,TEXAS,TEXAS
TEXAS - 000011,8,1.0000000000,68.0000000000,68.0000000000,0,TEXAS,TEXAS
TEXAS - 000012,8,1.0000000000,77.0000000000,77.0000000000,0,TEXAS,TEXAS
TEXAS - 000013,8,1.0000000000,99.9999999999,99.9999999999,0,TEXAS,TEXAS
TEXAS - 000014,8,1.0000000000,82.0000000001,82.0000000001,0,TEXAS,TEXAS
TEXAS - 000015,8,1.0000000000,85.0000000000,85.0000000000,0,TEXAS,TEXAS
TEXAS - 000016,8,1.0000000000,294.9999999997,294.9999999997,0,TEXAS,TEXAS
TEXAS - 000017,8,1.0000000000,53.0000000001,53.0000000001,0,TEXAS,TEXAS
TEXAS - 000018,8,1.0000000000,73.0000000000,73.0000000000,0,TEXAS,TEXAS
TEXAS - 000019,8,1.0000000000,40.9999999999,40.9999999999,0,TEXAS,TEXAS
TEXAS - 000020,8,1.0000000000,182.9999999996,182.9999999996,0,TEXAS,TEXAS
TEXAS - 000021,8,1.0000000000,67.9999999999,67.9999999999,0,TEXAS,TEXAS
TEXAS - 000022,8,1.0000000000,47.9999999998,47.9999999998,0,TEXAS,TEXAS
VERNON - 000002,4,1.0000000000,44.0000000000,44.0000000000,0,VERNON,VERNON
VERNON - 000003,4,1.0000000000,53.9999999998,53.9999999998,0,VERNON,VERNON
VERNON - 000004,4,1.0000000000,40.0000000004,40.0000000004,0,VERNON,VERNON
VERNON - 000005,4,1.0000000000,51.0000000000,51.0000000000,0,VERNON,VERNON
VERNON - 000006,4,1.0000000000,175.9999999998,175.9999999998,0,VERNON,VERNON
VERNON - 000007,4,1.0000000000,72.9999999999,72.9999999999,0,VERNON,VERNON
VERNON - 000008,4,1.0000000000,41.9999999999,41.9999999999,0,VERNON,VERNON
VERNON - 000009,4,1.0000000000,40.0000000000,40.0000000000,0,VERNON,VERNON
VERNON - 000010,4,1.0000000000,43.0000000000,43.0000000000,0,VERNON,VERNON
VERNON - 000011,4,1.0000000000,60.0000000000,60.0000000000,0,VERNON,VERNON
VERNON - 000012,4,1.0000000000,45.9999999999,45.9999999999,0,VERNON,VERNON
VERNON - 000013,4,1.0000000000,86.0000000000,86.0000000000,0,VERNON,VERNON
VERNON - 000014,4,1.0000000000,27.9999999999,27.9999999999,0,VERNON,VERNON
VERNON - 000015,4,1.0000000000,62.0000000001,62.0000000001,0,VERNON,VERNON
VERNON - 000016,4,1.0000000000,44.0000000001,44.0000000001,0,VERNON,VERNON
VERNON - 000017,4,1.0000000000,36.0000000001,36.0000000001,0,VERNON,VERNON
VERNON - 000018,4,1.0000000000,55.0000000000,55.0000000000,0,VERNON,VERNON
VERNON - 000019,4,1.0000000000,42.0000000000,42.0000000000,0,VERNON,VERNON
VERNON - 000020,4,1.0000000000,82.0000000000,82.0000000000,0,VERNON,VERNON
VERNON - 000021,4,1.0000000000,32.0000000000,32.0000000000,0,VERNON,VERNON
VERNON - 000022,4,1.0000000000,70.0000000000,70.0000000000,0,VERNON,VERNON
VERNON - 000023,4,1.0000000000,75.0000000001,75.0000000001,0,VERNON,VERNON
VERNON - 000024,4,1.0000000000,46.0000000000,46.0000000000,0,VERNON,VERNON
VERNON - 000025,4,1.0000000000,48.0000000000,48.0000000000,0,VERNON,VERNON
VERNON - 000026,4,1.0000000000,31.9999999998,31.9999999998,0,VERNON,VERNON
VERNON - 000027,4,1.0000000000,73.9999999999,73.9999999999,0,VERNON,VERNON
VERNON - 000028,4,1.0000000000,76.0000000001,76.0000000001,0,VERNON,VERNON
VERNON - 000029,4,1.0000000000,86.0000000000,86.0000000000,0,VERNON,VERNON
VERNON - 000030,4,1.0000000000,98.0000000000,98.0000000000,0,VERNON,VERNON
VERNON - 000031,4,1.0000000000,70.0000000000,70.0000000000,0,VERNON,VERNON
VERNON - 000032,4,1.0000000000,99.0000000000,99.0000000000,0,VERNON,VERNON
VERNON - 000033,4,1.0000000000,48.0000000001,48.0000000001,0,VERNON,VERNON
VERNON - 000034,4,1.0000000000,71.0000000001,71.0000000001,0,VERNON,VERNON
WARREN - 000002,3,1.0000000000,38.0000000000,38.0000000000,0,WARREN,WARREN
WARREN - 000003,3,1.0000000000,76.9999999999,76.9999999999,0,WARREN,WARREN
WARREN - 000004,3,1.0000000000,47.0000000003,47.0000000003,0,WARREN,WARREN
WARREN - 000005,3,1.0000000000,55.0000000006,55.0000000006,0,WARREN,WARREN
WARREN - 000006,3,1.0000000000,69.0000000002,69.0000000002,0,WARREN,WARREN
WARREN - 000007,3,1.0000000000,140.9999999990,140.9999999990,0,WARREN,WARREN
WARREN - 000008,3,1.0000000000,24.0000000001,24.0000000001,0,WARREN,WARREN
WARREN - 000009,3,1.0000000000,78.0000000001,78.0000000001,0,WARREN,WARREN
WARREN - 000010,3,1.0000000000,96.0000000004,96.0000000004,0,WARREN,WARREN
WARREN - 000011,3,1.0000000000,10.0000000003,10.0000000003,0,WARREN,WARREN
WARREN - 000012,3,1.0000000000,40.0000000000,40.0000000000,0,WARREN,WARREN
WARREN - 000013,3,1.0000000000,35.0000000000,35.0000000000,0,WARREN,WARREN
WARREN - 000014,3,1.0000000000,62.0000000005,62.0000000005,0,WARREN,WARREN
WARREN - 000015,3,1.0000000000,37.9999999997,37.9999999997,0,WARREN,WARREN
WARREN - 000016,3,1.0000000000,24.0000000000,24.0000000000,0,WARREN,WARREN
WARREN - 000017,3,1.0000000000,45.0000000000,45.0000000000,0,WARREN,WARREN
WARREN - 000018,3,1.0000000000,37.0000000003,37.0000000003,0,WARREN,WARREN
WARREN - 000019,3,1.0000000000,48.9999999999,48.9999999999,0,WARREN,WARREN
WARREN - 000020,3,1.0000000000,30.0000000000,30.0000000000,0,WARREN,WARREN
WARREN - 000021,3,1.0000000000,92.0000000000,92.0000000000,0,WARREN,WARREN
WARREN - 000022,3,1.0000000000,46.9999999999,46.9999999999,0,WARREN,WARREN
WARREN - 000023,3,1.0000000000,18.0000000001,18.0000000001,0,WARREN,WARREN
WASHINGTON - 000002,2,1.0000000000,237.9999999998,237.9999999998,0,WASHINGTON,WASHINGTON
WASHINGTON - 000003,2,1.0000000000,110.0000000004,110.0000000004,0,WASHINGTON,WASHINGTON
WASHINGTON - 000004,2,1.0000000000,79.0000000000,79.0000000000,0,WASHINGTON,WASHINGTON
WASHINGTON - 000005,2,1.0000000000,101.0000000001,101.0000000001,0,WASHINGTON,WASHINGTON
WASHINGTON - 000006,2,1.0000000000,106.0000000000,106.0000000000,0,WASHINGTON,WASHINGTON
WASHINGTON - 000007,2,1.0000000000,172.0000000003,172.0000000003,0,WASHINGTON,WASHINGTON
WASHINGTON - 000008,2,1.0000000000,28.0000000002,28.0000000002,0,WASHINGTON,WASHINGTON
WASHINGTON - 000009,2,1.0000000000,188.9999999999,188.9999999999,0,WASHINGTON,WASHINGTON
WASHINGTON - 000010,2,1.0000000000,63.0000000002,63.0000000002,0,WASHINGTON,WASHINGTON
WASHINGTON - 000011,2,1.0000000000,71.0000000001,71.0000000001,0,WASHINGTON,WASHINGTON
WASHINGTON - 000012,2,1.0000000000,37.9999999999,37.9999999999,0,WASHINGTON,WASHINGTON
WASHINGTON - 000013,2,1.0000000000,127.9999999995,127.9999999995,0,WASHINGTON,WASHINGTON
WASHINGTON - 000014,2,1.0000000000,164.0000000000,164.0000000000,0,WASHINGTON,WASHINGTON
WASHINGTON - 000015,2,1.0000000000,89.0000000001,89.0000000001,0,WASHINGTON,WASHINGTON
WASHINGTON - 000016,2,1.0000000000,137.9999999998,137.9999999998,0,WASHINGTON,WASHINGTON
WASHINGTON - 000017,2,1.0000000000,126.9999999998,126.9999999998,0,WASHINGTON,WASHINGTON
WASHINGTON - 000018,2,1.0000000000,65.0000000000,65.0000000000,0,WASHINGTON,WASHINGTON
WASHINGTON - 000019,2,1.0000000000,36.0000000001,36.0000000001,0,WASHINGTON,WASHINGTON
WAYNE - 000002,8,1.0000000000,18.0000000000,18.0000000000,0,WAYNE,WAYNE
WAYNE - 000003,8,1.0000000000,25.0000000000,25.0000000000,0,WAYNE,WAYNE
WAYNE - 000004,8,1.0000000000,44.9999999995,44.9999999995,0,WAYNE,WAYNE
WAYNE - 000005,8,1.0000000000,48.0000000000,48.0000000000,0,WAYNE,WAYNE
WAYNE - 000006,8,1.0000000000,79.0000000000,79.0000000000,0,WAYNE,WAYNE
WAYNE - 000007,8,1.0000000000,41.0000000000,41.0000000000,0,WAYNE,WAYNE
WAYNE - 000008,8,1.0000000000,102.9999999998,102.9999999998,0,WAYNE,WAYNE
WAYNE - 000009,8,1.0000000000,28.0000000000,28.0000000000,0,WAYNE,WAYNE
WAYNE - 000010,8,1.0000000000,46.0000000000,46.0000000000,0,WAYNE,WAYNE
WAYNE - 000011,8,1.0000000000,46.0000000000,46.0000000000,0,WAYNE,WAYNE
WAYNE - 000012,8,1.0000000000,151.9999999997,151.9999999997,0,WAYNE,WAYNE
WAYNE - 000013,8,1.0000000000,121.9999999999,121.9999999999,0,WAYNE,WAYNE
WAYNE - 000014,8,1.0000000000,46.0000000000,46.0000000000,0,WAYNE,WAYNE
WAYNE - 000015,8,1.0000000000,173.9999999998,173.9999999998,0,WAYNE,WAYNE
WAYNE - 000016,8,1.0000000000,55.0000000000,55.0000000000,0,WAYNE,WAYNE
WAYNE - 000017,8,1.0000000000,44.0000000001,44.0000000001,0,WAYNE,WAYNE
WAYNE - 000018,8,1.0000000000,80.0000000000,80.0000000000,0,WAYNE,WAYNE
WAYNE - 000019,8,1.0000000000,94.9999999999,94.9999999999,0,WAYNE,WAYNE
WAYNE - 000020,8,1.0000000000,130.9999999999,130.9999999999,0,WAYNE,WAYNE
WAYNE - 000021,8,1.0000000000,44.0000000001,44.0000000001,0,WAYNE,WAYNE
WEBSTER - 000002,7,1.0000000000,208.0000000000,208.0000000000,0,WEBSTER,WEBSTER
WEBSTER - 000003,7,1.0000000000,157.0000000000,157.0000000000,0,WEBSTER,WEBSTER
WEBSTER - 000004,4,0.4995721794,48.9580735797,97.9999999998,0,WEBSTER,WEBSTER
WEBSTER - 000004,7,0.5004278206,49.0419264201,97.9999999998,0,WEBSTER,WEBSTER
WEBSTER - 000005,4,0.1188479403,12.1224899109,101.9999999998,0,WEBSTER,WEBSTER
WEBSTER - 000005,7,0.8811520597,89.8775100889,101.9999999998,0,WEBSTER,WEBSTER
WEBSTER - 000006,7,1.0000000000,174.9999999997,174.9999999997,0,WEBSTER,WEBSTER
WEBSTER - 000007,4,1.0000000000,44.9999999997,44.9999999997,0,WEBSTER,WEBSTER
WEBSTER - 000008,4,0.8719177697,79.3445170437,90.9999999999,0,WEBSTER,WEBSTER
WEBSTER - 000008,7,0.1280822303,11.6554829562,90.9999999999,0,WEBSTER,WEBSTER
WEBSTER - 000009,4,0.0320906640,3.3053383958,103.0000000002,0,WEBSTER,WEBSTER
WEBSTER - 000009,7,0.9679093360,99.6946616044,103.0000000002,0,WEBSTER,WEBSTER
WEBSTER - 000010,4,0.9940088810,77.5326927158,77.9999999998,0,WEBSTER,WEBSTER
WEBSTER - 000010,7,0.0058350785,0.4551361236,77.9999999998,0,WEBSTER,WEBSTER
WEBSTER - 000010,8,0.0001560405,0.0121711604,77.9999999998,0,WEBSTER,WEBSTER
WEBSTER - 000011,4,1.0000000000,65.9999999999,65.9999999999,0,WEBSTER,WEBSTER
WEBSTER - 000012,4,1.0000000000,126.0000000000,126.0000000000,0,WEBSTER,WEBSTER
WEBSTER - 000013,4,1.0000000000,246.9999999993,246.9999999993,0,WEBSTER,WEBSTER
WEBSTER - 000014,4,1.0000000000,115.0000000007,115.0000000007,0,WEBSTER,WEBSTER
WEBSTER - 000015,4,1.0000000000,45.9999999999,45.9999999999,0,WEBSTER,WEBSTER
WEBSTER - 000016,4,1.0000000000,42.0000000001,42.0000000001,0,WEBSTER,WEBSTER
WEBSTER - 000017,4,1.0000000000,77.9999999998,77.9999999998,0,WEBSTER,WEBSTER
WORTH - 000002,6,1.0000000000,60.0000000000,60.0000000000,0,WORTH,WORTH
WORTH - 000004,6,1.0000000000,58.0000000000,58.0000000000,0,WORTH,WORTH
WORTH - 000005,6,1.0000000000,83.0000000000,83.0000000000,0,WORTH,WORTH
WORTH - 000006,6,1.0000000000,48.0000000000,48.0000000000,0,WORTH,WORTH
WORTH - 000007,6,1.0000000000,54.0000000001,54.0000000001,0,WORTH,WORTH
WORTH - 000008,6,1.0000000000,53.0000000000,53.0000000000,0,WORTH,WORTH
WORTH - 000009,6,1.0000000000,85.0000000001,85.0000000001,0,WORTH,WORTH
WRIGHT - 000002,8,1.0000000000,87.0000000000,87.0000000000,0,WRIGHT,WRIGHT
WRIGHT - 000003,8,1.0000000000,44.0000000000,44.0000000000,0,WRIGHT,WRIGHT
WRIGHT - 000004,8,1.0000000000,75.0000000001,75.0000000001,0,WRIGHT,WRIGHT
WRIGHT - 000005,8,1.0000000000,71.9999999999,71.9999999999,0,WRIGHT,WRIGHT
WRIGHT - 000006,8,1.0000000000,84.0000000000,84.0000000000,0,WRIGHT,WRIGHT
WRIGHT - 000007,8,1.0000000000,146.0000000001,146.0000000001,0,WRIGHT,WRIGHT
WRIGHT - 000008,8,1.0000000000,127.0000000001,127.0000000001,0,WRIGHT,WRIGHT
WRIGHT - 000009,4,0.0000058954,0.0009963193,169.0000000000,0,WRIGHT,WRIGHT
WRIGHT - 000009,8,0.9999941046,168.9990036807,169.0000000000,0,WRIGHT,WRIGHT
WRIGHT - 000010,8,1.0000000000,116.0000000000,116.0000000000,0,WRIGHT,WRIGHT
WRIGHT - 000011,8,1.0000000000,143.9999999999,143.9999999999,0,WRIGHT,WRIGHT
WRIGHT - 000012,8,1.0000000000,54.0000000000,54.0000000000,0,WRIGHT,WRIGHT
WRIGHT - 000013,8,1.0000000000,228.9999999999,228.9999999999,0,WRIGHT,WRIGHT
WRIGHT - 000014,8,1.0000000000,109.0000000000,109.0000000000,0,WRIGHT,WRIGHT
WRIGHT - 000015,8,1.0000000000,77.9999999998,77.9999999998,0,WRIGHT,WRIGHT
WRIGHT - 000016,8,1.0000000000,115.9999999999,115.9999999999,0,WRIGHT,WRIGHT
