precinct_key,district_num,area_weight
ADAIR - 000002,18,1.000000
ADAIR - 000003,18,1.000000
ADAIR - 000004,18,1.000000
ADAIR - 000005,18,1.000000
ADAIR - 000006,18,1.000000
ADAIR - 000007,18,1.000000
ADAIR - 000008,18,1.000000
ADAIR - 000009,18,1.000000
ADAIR - 000010,18,1.000000
ADAIR - 000011,18,1.000000
ADAIR - 000012,18,1.000000
ADAIR - 000013,18,1.000000
ADAIR - 000014,18,1.000000
ADAIR - 000015,18,1.000000
ADAIR - 000016,18,1.000000
ADAIR - 000017,18,1.000000
ADAIR - 000018,18,1.000000
ANDREW - 000002,12,1.000000
ANDREW - 000003,12,1.000000
ANDREW - 000004,12,1.000000
ANDREW - 000005,12,1.000000
ANDREW - 000006,12,1.000000
ANDREW - 000007,12,1.000000
ANDREW - 000008,12,1.000000
ANDREW - 000009,12,1.000000
ANDREW - 000010,12,1.000000
ANDREW - 000011,12,1.000000
ANDREW - 000012,12,1.000000
ANDREW - 000013,12,1.000000
ANDREW - 000014,12,1.000000
ANDREW - 000015,12,1.000000
ANDREW - 000016,12,1.000000
ANDREW - 000017,12,1.000000
ANDREW - 000018,12,1.000000
ANDREW - 000019,12,1.000000
ANDREW - 000020,12,1.000000
ATCHISON - 000002,12,1.000000
ATCHISON - 000003,12,1.000000
ATCHISON - 000004,12,1.000000
ATCHISON - 000005,12,1.000000
ATCHISON - 000006,12,1.000000
ATCHISON - 000007,12,1.000000
AUDRAIN - 000002,18,1.000000
AUDRAIN - 000003,18,1.000000
AUDRAIN - 000004,18,1.000000
AUDRAIN - 000005,18,1.000000
AUDRAIN - 000006,18,1.000000
AUDRAIN - 000007,18,1.000000
AUDRAIN - 000008,18,1.000000
AUDRAIN - 000009,18,1.000000
AUDRAIN - 000010,18,1.000000
AUDRAIN - 000011,18,1.000000
AUDRAIN - 000012,18,1.000000
AUDRAIN - 000013,18,1.000000
AUDRAIN - 000014,18,1.000000
AUDRAIN - 000015,18,1.000000
AUDRAIN - 000017,18,1.000000
AUDRAIN - 000018,18,1.000000
AUDRAIN - 000019,18,1.000000
AUDRAIN - 000020,18,1.000000
AUDRAIN - 000021,18,1.000000
AUDRAIN - 000022,18,1.000000
AUDRAIN - 000023,18,1.000000
AUDRAIN - 000024,18,1.000000
AUDRAIN - 000025,18,1.000000
AUDRAIN - 000026,18,1.000000
BARRY - 000002,29,1.000000
BARRY - 000003,29,1.000000
BARRY - 000004,29,1.000000
BARRY - 000005,29,1.000000
BARRY - 000006,29,1.000000
BARRY - 000007,29,1.000000
BARRY - 000008,29,1.000000
BARRY - 000009,29,1.000000
BARRY - 000010,29,1.000000
BARRY - 000011,29,1.000000
BARRY - 000012,29,1.000000
BARRY - 000013,29,1.000000
BARRY - 000014,29,1.000000
BARRY - 000015,29,1.000000
BARRY - 000016,29,1.000000
BARRY - 000017,29,1.000000
BARRY - 000018,29,1.000000
BARRY - 000019,29,1.000000
BARRY - 000020,29,1.000000
BARRY - 000021,29,1.000000
BARRY - 000022,29,1.000000
BARTON - 000002,20,1.000000
BARTON - 000003,20,1.000000
BARTON - 000004,20,1.000000
BARTON - 000005,20,1.000000
BARTON - 000006,20,1.000000
BARTON - 000007,20,1.000000
BARTON - 000008,20,1.000000
BARTON - 000009,20,1.000000
BARTON - 000010,20,1.000000
BARTON - 000011,20,1.000000
BARTON - 000012,20,1.000000
BARTON - 000013,20,1.000000
BARTON - 000014,20,1.000000
BARTON - 000015,20,1.000000
BARTON - 000016,20,1.000000
BARTON - 000017,20,1.000000
BATES - 000002,31,1.000000
BATES - 000003,31,1.000000
BATES - 000004,31,1.000000
BATES - 000005,31,1.000000
BATES - 000006,31,1.000000
BATES - 000007,31,1.000000
BATES - 000008,31,1.000000
BATES - 000009,31,1.000000
BATES - 000010,31,1.000000
BATES - 000011,31,1.000000
BATES - 000012,31,1.000000
BATES - 000013,31,1.000000
BATES - 000014,31,1.000000
BATES - 000015,31,1.000000
BATES - 000016,31,1.000000
BENTON - 000002,28,1.000000
BENTON - 000003,28,1.000000
BENTON - 000004,28,1.000000
BENTON - 000005,28,1.000000
BENTON - 000006,28,1.000000
BENTON - 000007,28,1.000000
BENTON - 000008,28,1.000000
BENTON - 000009,28,1.000000
BENTON - 000010,28,1.000000
BENTON - 000011,28,1.000000
BENTON - 000012,28,1.000000
BENTON - 000013,28,1.000000
BENTON - 000014,28,1.000000
BENTON - 000015,28,1.000000
BOLLINGER - 000002,27,1.000000
BOLLINGER - 000003,27,1.000000
BOLLINGER - 000004,27,1.000000
BOLLINGER - 000005,27,1.000000
BOLLINGER - 000006,27,1.000000
BOLLINGER - 000007,27,1.000000
BOLLINGER - 000008,27,1.000000
BOLLINGER - 000009,27,1.000000
BOLLINGER - 000010,27,1.000000
BOLLINGER - 000011,27,1.000000
BOLLINGER - 000012,27,1.000000
BOLLINGER - 000014,27,1.000000
BOLLINGER - 000015,27,1.000000
BOONE - 000002,19,1.000000
BOONE - 000003,19,1.000000
BOONE - 000004,19,1.000000
BOONE - 000005,19,1.000000
BOONE - 000006,19,1.000000
BOONE - 000007,19,1.000000
BOONE - 000008,19,1.000000
BOONE - 000009,19,1.000000
BOONE - 000010,19,1.000000
BOONE - 000011,19,1.000000
BOONE - 000012,19,1.000000
BOONE - 000013,19,1.000000
BOONE - 000014,19,1.000000
BOONE - 000015,19,1.000000
BOONE - 000016,19,1.000000
BOONE - 000017,19,1.000000
BOONE - 000018,19,1.000000
BOONE - 000019,19,1.000000
BOONE - 000020,19,1.000000
BOONE - 000021,19,1.000000
BOONE - 000022,19,1.000000
BOONE - 000023,19,1.000000
BOONE - 000024,19,1.000000
BOONE - 000025,19,1.000000
BOONE - 000026,19,1.000000
BOONE - 000027,19,1.000000
BOONE - 000028,19,1.000000
BOONE - 000029,19,1.000000
BOONE - 000030,19,1.000000
BOONE - 000031,19,1.000000
BOONE - 000032,19,1.000000
BOONE - 000033,19,1.000000
BOONE - 000034,19,1.000000
BOONE - 000035,19,1.000000
BOONE - 000036,19,1.000000
BOONE - 000037,19,1.000000
BOONE - 000038,19,1.000000
BOONE - 000039,19,1.000000
BOONE - 000040,19,1.000000
BOONE - 000041,19,1.000000
BOONE - 000042,19,1.000000
BOONE - 000043,19,1.000000
BOONE - 000044,19,1.000000
BOONE - 000045,19,1.000000
BOONE - 000046,19,1.000000
BOONE - 000047,19,1.000000
BOONE - 000048,19,1.000000
BOONE - 000049,19,1.000000
BOONE - 000050,19,1.000000
BOONE - 000051,19,1.000000
BOONE - 000052,19,1.000000
BOONE - 000053,19,1.000000
BOONE - 000054,19,1.000000
BOONE - 000055,19,1.000000
BOONE - 000056,19,1.000000
BOONE - 000057,19,1.000000
BOONE - 000058,19,1.000000
BOONE - 000059,19,1.000000
BOONE - 000060,19,1.000000
BOONE - 000061,19,1.000000
BOONE - 000062,19,1.000000
BOONE - 000063,19,1.000000
BOONE - 000064,19,1.000000
BOONE - 000065,19,1.000000
BOONE - 000066,19,1.000000
BOONE - 000067,19,1.000000
BOONE - 000068,19,1.000000
BOONE - 000069,19,1.000000
BOONE - 000070,19,1.000000
BOONE - 000071,19,1.000000
BOONE - 000072,19,1.000000
BOONE - 000073,19,1.000000
BOONE - 000074,19,1.000000
BOONE - 000075,19,1.000000
BUCHANAN - 000002,34,1.000000
BUCHANAN - 000003,34,1.000000
BUCHANAN - 000004,34,1.000000
BUCHANAN - 000005,34,1.000000
BUCHANAN - 000006,34,1.000000
BUCHANAN - 000007,34,1.000000
BUCHANAN - 000008,34,1.000000
BUCHANAN - 000009,34,1.000000
BUCHANAN - 000010,34,1.000000
BUCHANAN - 000011,34,1.000000
BUCHANAN - 000012,34,1.000000
BUCHANAN - 000013,34,1.000000
BUCHANAN - 000014,12,1.000000
BUCHANAN - 000015,34,1.000000
BUCHANAN - 000016,34,1.000000
BUCHANAN - 000017,34,0.642857
BUCHANAN - 000017,12,0.357143
BUCHANAN - 000018,34,0.819048
BUCHANAN - 000018,12,0.180952
BUCHANAN - 000019,12,1.000000
BUCHANAN - 000020,34,1.000000
BUCHANAN - 000021,12,1.000000
BUCHANAN - 000022,12,1.000000
BUCHANAN - 000023,12,1.000000
BUCHANAN - 000024,34,1.000000
BUCHANAN - 000025,34,1.000000
BUCHANAN - 000026,12,1.000000
BUCHANAN - 000027,12,0.730952
BUCHANAN - 000027,34,0.269048
BUCHANAN - 000028,34,1.000000
BUCHANAN - 000029,34,1.000000
BUCHANAN - 000030,34,0.185714
BUCHANAN - 000030,12,0.814286
BUCHANAN - 000031,34,1.000000
BUCHANAN - 000032,34,1.000000
BUCHANAN - 000033,34,1.000000
BUCHANAN - 000034,34,1.000000
BUCHANAN - 000035,34,1.000000
BUCHANAN - 000036,34,1.000000
BUCHANAN - 000037,34,1.000000
BUCHANAN - 000038,34,1.000000
BUCHANAN - 000039,34,1.000000
BUCHANAN - 000040,34,1.000000
BUCHANAN - 000041,34,1.000000
BUCHANAN - 000042,34,1.000000
BUCHANAN - 000043,34,1.000000
BUCHANAN - 000044,34,1.000000
BUCHANAN - 000045,34,1.000000
BUCHANAN - 000046,34,1.000000
BUCHANAN - 000047,34,1.000000
BUCHANAN - 000048,34,1.000000
BUCHANAN - 000049,34,1.000000
BUCHANAN - 000050,34,1.000000
BUCHANAN - 000051,34,1.000000
BUCHANAN - 000052,34,1.000000
BUCHANAN - 000053,34,1.000000
BUCHANAN - 000054,34,1.000000
BUCHANAN - 000055,34,1.000000
BUCHANAN - 000056,34,1.000000
BUCHANAN - 000057,34,1.000000
BUCHANAN - 000058,34,1.000000
BUCHANAN - 000059,34,1.000000
BUCHANAN - 000060,34,1.000000
BUCHANAN - 000061,34,1.000000
BUTLER - 000002,25,1.000000
BUTLER - 000003,25,1.000000
BUTLER - 000004,25,1.000000
BUTLER - 000005,25,1.000000
BUTLER - 000006,25,1.000000
BUTLER - 000007,25,1.000000
BUTLER - 000008,25,1.000000
BUTLER - 000009,25,1.000000
BUTLER - 000010,25,1.000000
BUTLER - 000011,25,1.000000
BUTLER - 000012,25,1.000000
BUTLER - 000013,25,1.000000
BUTLER - 000014,25,1.000000
BUTLER - 000015,25,1.000000
BUTLER - 000016,25,1.000000
BUTLER - 000017,25,1.000000
BUTLER - 000018,25,1.000000
BUTLER - 000019,25,1.000000
BUTLER - 000020,25,1.000000
BUTLER - 000021,25,1.000000
BUTLER - 000022,25,1.000000
BUTLER - 000023,25,1.000000
BUTLER - 000024,25,1.000000
BUTLER - 000025,25,1.000000
BUTLER - 000026,25,1.000000
CALDWELL - 000002,12,1.000000
CALDWELL - 000003,12,1.000000
CALDWELL - 000004,12,1.000000
CALDWELL - 000005,12,1.000000
CALDWELL - 000006,12,1.000000
CALDWELL - 000007,12,1.000000
CALDWELL - 000008,12,1.000000
CALDWELL - 000009,12,1.000000
CALDWELL - 000010,12,1.000000
CALDWELL - 000011,12,1.000000
CALLAWAY - 000002,10,1.000000
CALLAWAY - 000003,10,1.000000
CALLAWAY - 000004,10,1.000000
CALLAWAY - 000005,10,1.000000
CALLAWAY - 000006,10,1.000000
CALLAWAY - 000007,10,1.000000
CALLAWAY - 000008,10,1.000000
CALLAWAY - 000009,10,1.000000
CALLAWAY - 000010,10,1.000000
CALLAWAY - 000011,10,1.000000
CALLAWAY - 000012,10,1.000000
CALLAWAY - 000013,10,1.000000
CALLAWAY - 000014,10,1.000000
CALLAWAY - 000015,10,1.000000
CALLAWAY - 000016,10,1.000000
CALLAWAY - 000017,10,1.000000
CALLAWAY - 000018,10,1.000000
CALLAWAY - 000019,10,1.000000
CALLAWAY - 000020,10,1.000000
CALLAWAY - 000021,10,1.000000
CALLAWAY - 000022,10,1.000000
CALLAWAY - 000023,10,1.000000
CALLAWAY - 000024,10,1.000000
CALLAWAY - 000025,10,1.000000
CALLAWAY - 000026,10,1.000000
CALLAWAY - 000027,10,1.000000
CALLAWAY - 000028,10,1.000000
CAMDEN - 000002,6,1.000000
CAMDEN - 000003,6,1.000000
CAMDEN - 000004,6,1.000000
CAMDEN - 000005,6,1.000000
CAMDEN - 000006,6,1.000000
CAMDEN - 000007,6,1.000000
CAMDEN - 000008,6,1.000000
CAMDEN - 000009,6,1.000000
CAMDEN - 000010,6,1.000000
CAMDEN - 000011,6,1.000000
CAMDEN - 000012,6,1.000000
CAMDEN - 000013,6,1.000000
CAMDEN - 000014,6,1.000000
CAMDEN - 000015,6,1.000000
CAMDEN - 000016,6,1.000000
CAMDEN - 000017,6,1.000000
CAMDEN - 000018,6,1.000000
CAMDEN - 000019,6,1.000000
CAMDEN - 000020,6,1.000000
CAMDEN - 000021,6,1.000000
CAMDEN - 000022,6,1.000000
CAMDEN - 000023,6,1.000000
CAMDEN - 000024,6,1.000000
CAMDEN - 000025,6,1.000000
CAMDEN - 000026,6,1.000000
CAMDEN - 000028,6,1.000000
CAPE GIRARDEAU - 000002,27,1.000000
CAPE GIRARDEAU - 000003,27,1.000000
CAPE GIRARDEAU - 000004,27,1.000000
CAPE GIRARDEAU - 000005,27,1.000000
CAPE GIRARDEAU - 000006,27,1.000000
CAPE GIRARDEAU - 000007,27,1.000000
CAPE GIRARDEAU - 000008,27,1.000000
CAPE GIRARDEAU - 000009,27,1.000000
CAPE GIRARDEAU - 000010,27,1.000000
CAPE GIRARDEAU - 000011,27,1.000000
CAPE GIRARDEAU - 000012,27,1.000000
CAPE GIRARDEAU - 000013,27,1.000000
CAPE GIRARDEAU - 000014,27,1.000000
CAPE GIRARDEAU - 000015,27,1.000000
CAPE GIRARDEAU - 000016,27,1.000000
CAPE GIRARDEAU - 000017,27,1.000000
CAPE GIRARDEAU - 000018,27,1.000000
CAPE GIRARDEAU - 000019,27,1.000000
CAPE GIRARDEAU - 000020,27,1.000000
CAPE GIRARDEAU - 000021,27,1.000000
CAPE GIRARDEAU - 000022,27,1.000000
CAPE GIRARDEAU - 000023,27,1.000000
CAPE GIRARDEAU - 000024,27,1.000000
CAPE GIRARDEAU - 000025,27,1.000000
CAPE GIRARDEAU - 000026,27,1.000000
CAPE GIRARDEAU - 000027,27,1.000000
CAPE GIRARDEAU - 000028,27,1.000000
CAPE GIRARDEAU - 000029,27,1.000000
CAPE GIRARDEAU - 000030,27,1.000000
CAPE GIRARDEAU - 000031,27,1.000000
CAPE GIRARDEAU - 000032,27,1.000000
CAPE GIRARDEAU - 000033,27,1.000000
CAPE GIRARDEAU - 000034,27,1.000000
CAPE GIRARDEAU - 000035,27,1.000000
CAPE GIRARDEAU - 000036,27,1.000000
CAPE GIRARDEAU - 000037,27,1.000000
CAPE GIRARDEAU - 000038,27,1.000000
CARROLL - 000002,12,1.000000
CARROLL - 000003,12,1.000000
CARROLL - 000004,12,1.000000
CARROLL - 000005,12,1.000000
CARROLL - 000006,12,1.000000
CARROLL - 000007,12,1.000000
CARROLL - 000008,12,1.000000
CARROLL - 000009,12,1.000000
CARROLL - 000010,12,1.000000
CARROLL - 000011,12,1.000000
CARROLL - 000012,12,1.000000
CARROLL - 000013,12,1.000000
CARROLL - 000014,12,1.000000
CARROLL - 000015,12,1.000000
CARROLL - 000016,12,1.000000
CARROLL - 000017,12,1.000000
CARROLL - 000018,12,1.000000
CARTER - 000002,25,1.000000
CARTER - 000003,25,1.000000
CARTER - 000004,25,1.000000
CARTER - 000005,25,1.000000
CARTER - 000006,25,1.000000
CARTER - 000007,25,1.000000
CARTER - 000008,25,1.000000
CASS - 000002,31,1.000000
CASS - 000003,31,1.000000
CASS - 000004,31,1.000000
CASS - 000005,31,1.000000
CASS - 000006,31,1.000000
CASS - 000007,31,1.000000
CASS - 000008,31,1.000000
CASS - 000009,31,1.000000
CASS - 000010,31,1.000000
CASS - 000011,31,1.000000
CASS - 000012,31,1.000000
CASS - 000013,31,1.000000
CASS - 000014,31,1.000000
CASS - 000015,31,1.000000
CASS - 000016,31,1.000000
CASS - 000017,31,1.000000
CASS - 000018,31,1.000000
CASS - 000019,31,1.000000
CASS - 000020,31,1.000000
CASS - 000021,31,1.000000
CASS - 000022,31,1.000000
CASS - 000023,31,1.000000
CASS - 000024,31,1.000000
CASS - 000025,31,1.000000
CASS - 000026,31,1.000000
CASS - 000027,31,1.000000
CASS - 000028,31,1.000000
CASS - 000029,31,1.000000
CASS - 000030,31,1.000000
CASS - 000031,31,1.000000
CASS - 000032,31,1.000000
CASS - 000033,31,1.000000
CASS - 000034,31,1.000000
CASS - 000035,31,1.000000
CASS - 000036,31,1.000000
CASS - 000037,31,1.000000
CASS - 000038,31,1.000000
CASS - 000039,31,1.000000
CASS - 000040,31,1.000000
CASS - 000041,31,1.000000
CASS - 000042,31,1.000000
CASS - 000043,31,1.000000
CASS - 000044,31,1.000000
CASS - 000045,31,1.000000
CASS - 000046,31,1.000000
CASS - 000047,31,1.000000
CEDAR - 000002,28,1.000000
CEDAR - 000003,28,1.000000
CEDAR - 000004,28,1.000000
CEDAR - 000005,28,1.000000
CEDAR - 000006,28,1.000000
CEDAR - 000007,28,1.000000
CEDAR - 000008,28,1.000000
CEDAR - 000009,28,1.000000
CEDAR - 000010,28,1.000000
CEDAR - 000011,28,1.000000
CEDAR - 000012,28,1.000000
CEDAR - 000013,28,1.000000
CEDAR - 000014,28,1.000000
CEDAR - 000015,28,1.000000
CHARITON - 000002,12,1.000000
CHARITON - 000003,12,0.997619
CHARITON - 000003,21,0.002381
CHARITON - 000004,12,1.000000
CHARITON - 000005,12,0.969048
CHARITON - 000005,21,0.030952
CHARITON - 000006,12,1.000000
CHARITON - 000007,12,1.000000
CHARITON - 000008,12,1.000000
CHARITON - 000009,12,1.000000
CHARITON - 000010,12,1.000000
CHARITON - 000011,12,1.000000
CHARITON - 000012,12,1.000000
CHARITON - 000013,12,1.000000
CHARITON - 000014,12,1.000000
CHARITON - 000015,12,1.000000
CHARITON - 000016,12,1.000000
CHARITON - 000017,12,1.000000
CHRISTIAN - 000002,29,1.000000
CHRISTIAN - 000003,29,1.000000
CHRISTIAN - 000004,29,1.000000
CHRISTIAN - 000005,29,1.000000
CHRISTIAN - 000006,29,1.000000
CHRISTIAN - 000007,29,1.000000
CHRISTIAN - 000008,29,1.000000
CHRISTIAN - 000009,29,1.000000
CHRISTIAN - 000010,29,1.000000
CHRISTIAN - 000011,29,1.000000
CHRISTIAN - 000012,29,1.000000
CHRISTIAN - 000013,29,1.000000
CHRISTIAN - 000014,29,1.000000
CHRISTIAN - 000015,29,1.000000
CHRISTIAN - 000016,29,1.000000
CHRISTIAN - 000017,29,1.000000
CHRISTIAN - 000018,29,1.000000
CHRISTIAN - 000019,29,1.000000
CHRISTIAN - 000020,29,1.000000
CHRISTIAN - 000021,29,1.000000
CHRISTIAN - 000022,29,1.000000
CHRISTIAN - 000023,29,1.000000
CHRISTIAN - 000024,29,1.000000
CHRISTIAN - 000025,29,1.000000
CHRISTIAN - 000026,29,1.000000
CLARK - 000002,18,1.000000
CLARK - 000003,18,1.000000
CLARK - 000004,18,1.000000
CLARK - 000005,18,1.000000
CLARK - 000006,18,1.000000
CLARK - 000007,18,1.000000
CLARK - 000008,18,1.000000
CLARK - 000009,18,1.000000
CLARK - 000010,18,1.000000
CLARK - 000011,18,1.000000
CLARK - 000012,18,1.000000
CLARK - 000013,18,1.000000
CLAY - 000002,17,1.000000
CLAY - 000003,17,1.000000
CLAY - 000004,17,1.000000
CLAY - 000005,17,1.000000
CLAY - 000006,17,1.000000
CLAY - 000007,17,1.000000
CLAY - 000008,17,1.000000
CLAY - 000009,17,1.000000
CLAY - 000010,17,1.000000
CLAY - 000011,17,1.000000
CLAY - 000012,17,1.000000
CLAY - 000013,17,1.000000
CLAY - 000014,17,1.000000
CLAY - 000015,17,1.000000
CLAY - 000016,17,1.000000
CLAY - 000017,17,0.995238
CLAY - 000017,11,0.004762
CLAY - 000018,17,1.000000
CLAY - 000019,17,1.000000
CLAY - 000020,17,1.000000
CLAY - 000021,17,1.000000
CLAY - 000022,17,1.000000
CLAY - 000023,17,1.000000
CLAY - 000024,17,1.000000
CLAY - 000025,17,1.000000
CLAY - 000026,17,1.000000
CLAY - 000027,17,1.000000
CLAY - 000028,17,1.000000
CLAY - 000029,17,1.000000
CLAY - 000030,21,1.000000
CLAY - 000031,21,1.000000
CLAY - 000032,21,1.000000
CLAY - 000033,21,1.000000
CLAY - 000034,21,1.000000
CLAY - 000035,17,1.000000
CLAY - 000036,17,1.000000
CLAY - 000037,17,1.000000
CLAY - 000038,17,1.000000
CLAY - 000039,17,1.000000
CLAY - 000040,17,1.000000
CLAY - 000041,17,1.000000
CLAY - 000042,17,1.000000
CLAY - 000043,17,1.000000
CLAY - 000044,17,1.000000
CLAY - 000045,17,1.000000
CLAY - 000046,17,1.000000
CLAY - 000047,17,1.000000
CLAY - 000048,17,1.000000
CLAY - 000049,17,1.000000
CLAY - 000050,17,1.000000
CLAY - 000051,17,1.000000
CLAY - 000052,21,1.000000
CLAY - 000053,21,1.000000
CLAY - 000054,21,1.000000
CLAY - 000055,21,1.000000
CLAY - 000056,21,1.000000
CLAY - 000057,21,1.000000
CLAY - 000058,21,1.000000
CLAY - 000059,21,1.000000
CLAY - 000060,21,0.873810
CLAY - 000060,17,0.126190
CLAY - 000061,21,1.000000
CLAY - 000062,17,1.000000
CLAY - 000063,21,0.969048
CLAY - 000063,17,0.030952
CLAY - 000064,21,1.000000
CLAY - 000065,21,0.988095
CLAY - 000065,11,0.011905
CLAY - 000066,21,0.859524
CLAY - 000066,17,0.140476
CLAY - 000067,21,1.000000
CLAY - 000068,21,0.935714
CLAY - 000068,17,0.064286
CLAY - 000069,21,1.000000
CLAY - 000070,21,1.000000
CLINTON - 000002,12,1.000000
CLINTON - 000003,12,1.000000
CLINTON - 000004,12,1.000000
CLINTON - 000005,12,1.000000
CLINTON - 000006,12,1.000000
CLINTON - 000007,12,1.000000
CLINTON - 000008,12,1.000000
CLINTON - 000009,12,1.000000
CLINTON - 000010,12,1.000000
COLE - 000002,6,1.000000
COLE - 000003,6,1.000000
COLE - 000004,6,1.000000
COLE - 000005,6,1.000000
COLE - 000006,6,1.000000
COLE - 000007,6,1.000000
COLE - 000008,6,1.000000
COLE - 000009,6,1.000000
COLE - 000010,6,1.000000
COLE - 000011,6,0.980952
COLE - 000011,10,0.019048
COLE - 000012,6,1.000000
COLE - 000013,6,1.000000
COLE - 000014,6,1.000000
COLE - 000015,6,1.000000
COLE - 000016,6,0.995238
COLE - 000016,10,0.004762
COLE - 000017,6,1.000000
COLE - 000018,6,1.000000
COLE - 000019,6,1.000000
COLE - 000020,6,1.000000
COLE - 000021,6,1.000000
COLE - 000022,6,1.000000
COLE - 000023,6,1.000000
COLE - 000024,6,1.000000
COLE - 000025,6,1.000000
COLE - 000026,6,1.000000
COLE - 000027,6,1.000000
COLE - 000028,6,1.000000
COLE - 000029,6,1.000000
COLE - 000030,6,1.000000
COLE - 000031,6,1.000000
COLE - 000032,6,1.000000
COLE - 000033,6,1.000000
COLE - 000034,6,1.000000
COLE - 000035,6,1.000000
COLE - 000036,6,1.000000
COLE - 000037,6,1.000000
COLE - 000038,6,1.000000
COLE - 000039,6,1.000000
COLE - 000040,6,1.000000
COOPER - 000002,21,1.000000
COOPER - 000003,21,1.000000
COOPER - 000004,21,1.000000
COOPER - 000005,21,1.000000
COOPER - 000006,21,1.000000
COOPER - 000007,21,1.000000
COOPER - 000008,21,1.000000
COOPER - 000009,21,1.000000
COOPER - 000010,21,1.000000
COOPER - 000011,21,1.000000
COOPER - 000012,21,1.000000
COOPER - 000013,21,1.000000
COOPER - 000014,21,1.000000
COOPER - 000015,21,1.000000
COOPER - 000016,21,1.000000
COOPER - 000017,21,1.000000
CRAWFORD - 000002,3,1.000000
CRAWFORD - 000003,3,1.000000
CRAWFORD - 000004,3,1.000000
CRAWFORD - 000005,3,1.000000
CRAWFORD - 000006,3,1.000000
CRAWFORD - 000007,3,1.000000
CRAWFORD - 000008,3,1.000000
CRAWFORD - 000009,3,1.000000
CRAWFORD - 000010,3,1.000000
CRAWFORD - 000011,3,1.000000
CRAWFORD - 000012,3,1.000000
CRAWFORD - 000013,3,1.000000
CRAWFORD - 000014,3,1.000000
CRAWFORD - 000015,3,1.000000
CRAWFORD - 000016,3,1.000000
CRAWFORD - 000017,3,1.000000
CRAWFORD - 000018,3,1.000000
CRAWFORD - 000019,3,1.000000
DADE - 000002,20,1.000000
DADE - 000003,20,1.000000
DADE - 000004,20,1.000000
DADE - 000005,20,1.000000
DADE - 000006,20,1.000000
DADE - 000007,20,1.000000
DADE - 000008,20,1.000000
DADE - 000009,20,1.000000
DADE - 000010,20,1.000000
DADE - 000011,20,1.000000
DADE - 000012,20,1.000000
DADE - 000013,20,1.000000
DALLAS - 000002,28,1.000000
DALLAS - 000003,28,1.000000
DALLAS - 000004,28,1.000000
DALLAS - 000005,28,1.000000
DALLAS - 000006,28,1.000000
DALLAS - 000007,28,1.000000
DALLAS - 000008,28,1.000000
DALLAS - 000009,28,1.000000
DALLAS - 000010,28,1.000000
DALLAS - 000011,28,1.000000
DALLAS - 000012,28,1.000000
DALLAS - 000013,28,1.000000
DALLAS - 000014,28,1.000000
DAVIESS - 000002,12,1.000000
DAVIESS - 000003,12,1.000000
DAVIESS - 000004,12,1.000000
DAVIESS - 000005,12,1.000000
DAVIESS - 000006,12,1.000000
DAVIESS - 000007,12,1.000000
DAVIESS - 000008,12,1.000000
DAVIESS - 000009,12,1.000000
DAVIESS - 000010,12,1.000000
DAVIESS - 000011,12,1.000000
DAVIESS - 000012,12,1.000000
DAVIESS - 000013,12,1.000000
DEKALB - 000002,12,1.000000
DEKALB - 000003,12,1.000000
DEKALB - 000004,12,1.000000
DEKALB - 000005,12,1.000000
DEKALB - 000006,12,1.000000
DEKALB - 000007,12,1.000000
DEKALB - 000008,12,1.000000
DEKALB - 000009,12,1.000000
DEKALB - 000010,12,1.000000
DEKALB - 000011,12,1.000000
DEKALB - 000012,12,1.000000
DENT - 000002,16,1.000000
DENT - 000003,16,1.000000
DENT - 000004,16,1.000000
DENT - 000005,16,1.000000
DENT - 000006,16,1.000000
DENT - 000007,16,1.000000
DENT - 000008,16,1.000000
DENT - 000009,16,1.000000
DOUGLAS - 000002,33,1.000000
DOUGLAS - 000003,33,1.000000
DOUGLAS - 000004,33,1.000000
DOUGLAS - 000005,33,1.000000
DOUGLAS - 000006,33,1.000000
DOUGLAS - 000007,33,1.000000
DOUGLAS - 000008,33,1.000000
DOUGLAS - 000009,33,1.000000
DOUGLAS - 000010,33,1.000000
DOUGLAS - 000011,33,1.000000
DOUGLAS - 000012,33,1.000000
DOUGLAS - 000013,33,1.000000
DOUGLAS - 000014,33,1.000000
DOUGLAS - 000015,33,1.000000
DOUGLAS - 000016,33,1.000000
DOUGLAS - 000017,33,1.000000
DOUGLAS - 000018,33,1.000000
DOUGLAS - 000019,33,1.000000
DOUGLAS - 000020,33,1.000000
DOUGLAS - 000021,33,1.000000
DOUGLAS - 000022,33,1.000000
DOUGLAS - 000023,33,1.000000
DOUGLAS - 000024,33,1.000000
DOUGLAS - 000025,33,1.000000
DUNKLIN - 000002,25,1.000000
DUNKLIN - 000003,25,1.000000
DUNKLIN - 000004,25,1.000000
DUNKLIN - 000005,25,1.000000
DUNKLIN - 000006,25,1.000000
DUNKLIN - 000007,25,1.000000
DUNKLIN - 000008,25,1.000000
DUNKLIN - 000009,25,1.000000
DUNKLIN - 000010,25,1.000000
DUNKLIN - 000011,25,1.000000
DUNKLIN - 000012,25,1.000000
DUNKLIN - 000013,25,1.000000
DUNKLIN - 000014,25,1.000000
DUNKLIN - 000015,25,1.000000
DUNKLIN - 000016,25,1.000000
DUNKLIN - 000017,25,1.000000
DUNKLIN - 000018,25,1.000000
DUNKLIN - 000019,25,1.000000
DUNKLIN - 000020,25,1.000000
DUNKLIN - 000021,25,1.000000
DUNKLIN - 000022,25,1.000000
FRANKLIN - 000002,26,1.000000
FRANKLIN - 000003,26,1.000000
FRANKLIN - 000004,26,1.000000
FRANKLIN - 000005,26,1.000000
FRANKLIN - 000006,26,1.000000
FRANKLIN - 000007,26,1.000000
FRANKLIN - 000008,26,1.000000
FRANKLIN - 000009,26,1.000000
FRANKLIN - 000010,26,1.000000
FRANKLIN - 000011,26,1.000000
FRANKLIN - 000012,26,1.000000
FRANKLIN - 000013,26,1.000000
FRANKLIN - 000014,26,1.000000
FRANKLIN - 000015,26,1.000000
FRANKLIN - 000016,26,1.000000
FRANKLIN - 000017,26,1.000000
FRANKLIN - 000018,26,1.000000
FRANKLIN - 000019,26,1.000000
FRANKLIN - 000020,26,1.000000
FRANKLIN - 000021,26,1.000000
FRANKLIN - 000022,26,1.000000
FRANKLIN - 000023,26,1.000000
FRANKLIN - 000024,26,1.000000
FRANKLIN - 000025,26,1.000000
FRANKLIN - 000026,26,1.000000
FRANKLIN - 000027,26,1.000000
FRANKLIN - 000028,26,1.000000
FRANKLIN - 000029,26,1.000000
FRANKLIN - 000030,26,1.000000
FRANKLIN - 000031,26,1.000000
FRANKLIN - 000032,26,1.000000
FRANKLIN - 000033,26,1.000000
FRANKLIN - 000034,26,1.000000
FRANKLIN - 000035,26,1.000000
FRANKLIN - 000037,26,1.000000
FRANKLIN - 000038,26,1.000000
FRANKLIN - 000039,26,1.000000
FRANKLIN - 000040,26,1.000000
FRANKLIN - 000041,26,1.000000
FRANKLIN - 000042,26,1.000000
FRANKLIN - 000043,26,1.000000
FRANKLIN - 000044,26,1.000000
FRANKLIN - 000045,26,1.000000
FRANKLIN - 000046,26,1.000000
FRANKLIN - 000047,26,1.000000
FRANKLIN - 000048,26,1.000000
FRANKLIN - 000049,26,1.000000
FRANKLIN - 000050,26,1.000000
FRANKLIN - 000051,26,1.000000
FRANKLIN - 000052,26,1.000000
FRANKLIN - 000053,26,1.000000
FRANKLIN - 000054,26,1.000000
FRANKLIN - 000055,26,1.000000
FRANKLIN - 000056,26,1.000000
FRANKLIN - 000057,26,1.000000
FRANKLIN - 000058,26,1.000000
FRANKLIN - 000059,26,1.000000
FRANKLIN - 000060,26,1.000000
FRANKLIN - 000061,26,1.000000
FRANKLIN - 000062,26,1.000000
GASCONADE - 000002,26,1.000000
GASCONADE - 000003,26,1.000000
GASCONADE - 000004,26,1.000000
GASCONADE - 000005,26,1.000000
GASCONADE - 000006,26,1.000000
GASCONADE - 000007,26,1.000000
GASCONADE - 000008,26,1.000000
GASCONADE - 000009,26,1.000000
GASCONADE - 000010,26,1.000000
GASCONADE - 000011,26,1.000000
GASCONADE - 000012,26,1.000000
GASCONADE - 000013,26,1.000000
GASCONADE - 000014,26,1.000000
GASCONADE - 000015,26,1.000000
GASCONADE - 000016,26,1.000000
GASCONADE - 000017,26,1.000000
GASCONADE - 000018,26,1.000000
GASCONADE - 000019,26,1.000000
GASCONADE - 000020,26,1.000000
GASCONADE - 000021,26,1.000000
GASCONADE - 000022,26,1.000000
GENTRY - 000002,12,1.000000
GENTRY - 000003,12,1.000000
GENTRY - 000004,12,1.000000
GENTRY - 000005,12,1.000000
GENTRY - 000006,12,1.000000
GENTRY - 000007,12,1.000000
GENTRY - 000008,12,1.000000
GENTRY - 000009,12,1.000000
GENTRY - 000010,12,1.000000
GENTRY - 000011,12,1.000000
GREENE - 000002,20,1.000000
GREENE - 000003,20,1.000000
GREENE - 000004,20,0.964286
GREENE - 000004,30,0.035714
GREENE - 000005,20,0.890476
GREENE - 000005,30,0.109524
GREENE - 000006,30,0.600000
GREENE - 000006,20,0.400000
GREENE - 000007,30,0.392857
GREENE - 000007,20,0.607143
GREENE - 000008,30,1.000000
GREENE - 000009,30,1.000000
GREENE - 000010,20,0.859524
GREENE - 000010,30,0.140476
GREENE - 000011,20,0.857143
GREENE - 000011,30,0.142857
GREENE - 000012,20,0.969048
GREENE - 000012,30,0.030952
GREENE - 000013,30,1.000000
GREENE - 000014,20,1.000000
GREENE - 000015,20,0.971429
GREENE - 000015,30,0.028571
GREENE - 000016,20,1.000000
GREENE - 000017,20,1.000000
GREENE - 000018,30,0.554762
GREENE - 000018,20,0.445238
GREENE - 000019,30,1.000000
GREENE - 000020,20,0.930952
GREENE - 000020,30,0.069048
GREENE - 000021,30,0.159524
GREENE - 000021,20,0.840476
GREENE - 000022,20,1.000000
GREENE - 000023,20,1.000000
GREENE - 000024,20,1.000000
GREENE - 000025,20,1.000000
GREENE - 000026,20,1.000000
GREENE - 000027,20,1.000000
GREENE - 000028,20,1.000000
GREENE - 000029,20,1.000000
GREENE - 000030,20,1.000000
GREENE - 000031,20,1.000000
GREENE - 000032,20,1.000000
GREENE - 000033,20,1.000000
GREENE - 000034,30,1.000000
GREENE - 000035,30,1.000000
GREENE - 000036,30,1.000000
GREENE - 000037,30,0.971429
GREENE - 000037,20,0.028571
GREENE - 000038,30,1.000000
GREENE - 000039,30,1.000000
GREENE - 000040,30,1.000000
GREENE - 000041,30,1.000000
GREENE - 000042,30,1.000000
GREENE - 000043,30,1.000000
GREENE - 000044,30,1.000000
GREENE - 000045,30,1.000000
GREENE - 000046,30,1.000000
GREENE - 000047,30,1.000000
GREENE - 000048,30,1.000000
GREENE - 000049,30,1.000000
GREENE - 000050,30,1.000000
GREENE - 000051,30,1.000000
GREENE - 000052,30,1.000000
GREENE - 000053,30,1.000000
GREENE - 000054,30,0.992857
GREENE - 000054,20,0.007143
GREENE - 000055,30,1.000000
GREENE - 000056,30,1.000000
GREENE - 000057,30,1.000000
GREENE - 000058,30,1.000000
GREENE - 000059,30,1.000000
GREENE - 000060,30,1.000000
GREENE - 000061,30,1.000000
GREENE - 000062,30,1.000000
GREENE - 000063,30,1.000000
GREENE - 000064,30,1.000000
GREENE - 000065,30,1.000000
GREENE - 000066,30,1.000000
GREENE - 000067,30,1.000000
GREENE - 000068,30,1.000000
GREENE - 000069,30,1.000000
GREENE - 000070,30,1.000000
GREENE - 000071,30,1.000000
GREENE - 000072,30,1.000000
GREENE - 000073,30,1.000000
GREENE - 000074,30,1.000000
GREENE - 000075,30,1.000000
GREENE - 000076,30,0.740476
GREENE - 000076,20,0.259524
GREENE - 000077,30,1.000000
GREENE - 000078,30,1.000000
GREENE - 000079,30,1.000000
GREENE - 000080,30,1.000000
GREENE - 000081,30,1.000000
GREENE - 000082,30,1.000000
GREENE - 000083,30,0.938095
GREENE - 000083,20,0.059524
GREENE - 000083,29,0.002381
GREENE - 000084,30,1.000000
GREENE - 000085,30,1.000000
GREENE - 000086,30,1.000000
GREENE - 000087,30,1.000000
GREENE - 000088,30,1.000000
GREENE - 000089,30,1.000000
GREENE - 000090,30,1.000000
GREENE - 000091,30,1.000000
GREENE - 000092,30,1.000000
GREENE - 000093,30,1.000000
GREENE - 000094,30,1.000000
GREENE - 000095,30,1.000000
GREENE - 000096,30,1.000000
GREENE - 000097,30,1.000000
GREENE - 000098,30,1.000000
GREENE - 000099,30,1.000000
GREENE - 000100,30,1.000000
GREENE - 000101,30,1.000000
GREENE - 000102,30,1.000000
GREENE - 000103,30,1.000000
GREENE - 000104,30,1.000000
GREENE - 000105,30,1.000000
GREENE - 000106,30,1.000000
GREENE - 000107,30,1.000000
GREENE - 000108,20,1.000000
GREENE - 000109,20,1.000000
GREENE - 000110,20,1.000000
GREENE - 000111,20,0.911905
GREENE - 000111,30,0.088095
GREENE - 000112,20,1.000000
GREENE - 000113,20,1.000000
GREENE - 000114,30,0.216667
GREENE - 000114,20,0.783333
GREENE - 000115,20,1.000000
GRUNDY - 000002,12,1.000000
GRUNDY - 000003,12,1.000000
GRUNDY - 000004,12,1.000000
GRUNDY - 000005,12,1.000000
GRUNDY - 000006,12,1.000000
GRUNDY - 000007,12,1.000000
GRUNDY - 000008,12,1.000000
GRUNDY - 000009,12,1.000000
GRUNDY - 000010,12,1.000000
GRUNDY - 000011,12,1.000000
GRUNDY - 000012,12,1.000000
GRUNDY - 000013,12,1.000000
GRUNDY - 000014,12,1.000000
GRUNDY - 000015,12,1.000000
GRUNDY - 000016,12,1.000000
GRUNDY - 000017,12,1.000000
HARRISON - 000002,12,1.000000
HARRISON - 000003,12,1.000000
HARRISON - 000004,12,1.000000
HARRISON - 000005,12,1.000000
HARRISON - 000006,12,1.000000
HARRISON - 000007,12,1.000000
HARRISON - 000008,12,1.000000
HARRISON - 000009,12,1.000000
HARRISON - 000010,12,1.000000
HARRISON - 000011,12,1.000000
HARRISON - 000012,12,1.000000
HENRY - 000002,28,1.000000
HENRY - 000003,28,1.000000
HENRY - 000004,28,1.000000
HENRY - 000005,28,1.000000
HENRY - 000006,28,1.000000
HENRY - 000007,28,1.000000
HENRY - 000008,28,1.000000
HENRY - 000009,28,1.000000
HENRY - 000011,28,1.000000
HENRY - 000012,28,1.000000
HENRY - 000013,28,1.000000
HENRY - 000014,28,1.000000
HENRY - 000015,28,1.000000
HENRY - 000016,28,1.000000
HENRY - 000017,28,1.000000
HENRY - 000018,28,1.000000
HENRY - 000020,28,1.000000
HENRY - 000021,28,1.000000
HENRY - 000022,28,1.000000
HENRY - 000023,28,1.000000
HICKORY - 000002,28,1.000000
HICKORY - 000003,28,1.000000
HICKORY - 000004,28,1.000000
HICKORY - 000005,28,1.000000
HICKORY - 000006,28,1.000000
HICKORY - 000007,28,1.000000
HICKORY - 000008,28,1.000000
HICKORY - 000009,28,1.000000
HICKORY - 000010,28,1.000000
HICKORY - 000011,28,1.000000
HICKORY - 000012,28,1.000000
HOLT - 000002,12,1.000000
HOLT - 000003,12,1.000000
HOLT - 000004,12,1.000000
HOLT - 000005,12,1.000000
HOLT - 000006,12,1.000000
HOLT - 000007,12,1.000000
HOWARD - 000003,21,1.000000
HOWARD - 000004,21,1.000000
HOWARD - 000005,21,1.000000
HOWARD - 000009,21,1.000000
HOWARD - 000013,21,1.000000
HOWARD - 000015,21,1.000000
HOWARD - 000016,21,1.000000
HOWARD - 000017,21,1.000000
HOWARD - 000018,21,1.000000
HOWELL - 000002,33,1.000000
HOWELL - 000003,33,1.000000
HOWELL - 000004,33,1.000000
HOWELL - 000005,33,1.000000
HOWELL - 000006,33,1.000000
HOWELL - 000007,33,1.000000
HOWELL - 000008,33,1.000000
HOWELL - 000009,33,1.000000
HOWELL - 000010,33,1.000000
HOWELL - 000011,33,1.000000
HOWELL - 000012,33,1.000000
HOWELL - 000013,33,1.000000
HOWELL - 000014,33,1.000000
HOWELL - 000015,33,1.000000
HOWELL - 000016,33,1.000000
HOWELL - 000017,33,1.000000
HOWELL - 000018,33,1.000000
HOWELL - 000019,33,1.000000
HOWELL - 000020,33,1.000000
HOWELL - 000021,33,1.000000
IRON - 000002,27,1.000000
IRON - 000003,27,1.000000
IRON - 000004,27,1.000000
IRON - 000005,27,1.000000
IRON - 000006,27,1.000000
IRON - 000007,27,1.000000
IRON - 000008,27,1.000000
IRON - 000009,27,1.000000
IRON - 000010,27,1.000000
IRON - 000011,27,1.000000
IRON - 000012,27,1.000000
IRON - 000013,27,1.000000
IRON - 000014,27,1.000000
IRON - 000015,27,1.000000
IRON - 000016,27,1.000000
IRON - 000017,27,1.000000
JACKSON - 000002,7,1.000000
JACKSON - 000003,11,1.000000
JACKSON - 000004,11,1.000000
JACKSON - 000005,11,1.000000
JACKSON - 000006,11,1.000000
JACKSON - 000007,11,1.000000
JACKSON - 000008,11,1.000000
JACKSON - 000009,11,1.000000
JACKSON - 000010,11,1.000000
JACKSON - 000011,11,1.000000
JACKSON - 000012,11,1.000000
JACKSON - 000013,11,1.000000
JACKSON - 000014,11,1.000000
JACKSON - 000015,11,1.000000
JACKSON - 000016,11,1.000000
JACKSON - 000017,11,1.000000
JACKSON - 000018,11,1.000000
JACKSON - 000019,11,1.000000
JACKSON - 000020,11,1.000000
JACKSON - 000021,11,1.000000
JACKSON - 000022,11,1.000000
JACKSON - 000023,11,1.000000
JACKSON - 000024,11,1.000000
JACKSON - 000025,11,1.000000
JACKSON - 000026,11,1.000000
JACKSON - 000027,11,1.000000
JACKSON - 000028,11,1.000000
JACKSON - 000029,11,1.000000
JACKSON - 000030,11,1.000000
JACKSON - 000031,11,1.000000
JACKSON - 000032,11,1.000000
JACKSON - 000033,11,1.000000
JACKSON - 000034,11,1.000000
JACKSON - 000035,11,1.000000
JACKSON - 000036,11,1.000000
JACKSON - 000037,11,1.000000
JACKSON - 000038,11,1.000000
JACKSON - 000039,11,1.000000
JACKSON - 000040,11,1.000000
JACKSON - 000041,11,1.000000
JACKSON - 000042,11,1.000000
JACKSON - 000043,11,1.000000
JACKSON - 000044,11,1.000000
JACKSON - 000045,11,1.000000
JACKSON - 000046,11,1.000000
JACKSON - 000047,11,1.000000
JACKSON - 000048,11,1.000000
JACKSON - 000049,11,1.000000
JACKSON - 000050,11,1.000000
JACKSON - 000051,11,1.000000
JACKSON - 000052,11,1.000000
JACKSON - 000053,11,1.000000
JACKSON - 000054,11,1.000000
JACKSON - 000055,11,1.000000
JACKSON - 000056,11,1.000000
JACKSON - 000057,11,1.000000
JACKSON - 000058,11,1.000000
JACKSON - 000059,11,1.000000
JACKSON - 000060,11,1.000000
JACKSON - 000061,11,1.000000
JACKSON - 000062,11,1.000000
JACKSON - 000063,11,1.000000
JACKSON - 000064,11,1.000000
JACKSON - 000065,11,1.000000
JACKSON - 000066,11,1.000000
JACKSON - 000067,11,1.000000
JACKSON - 000068,11,1.000000
JACKSON - 000069,11,1.000000
JACKSON - 000070,11,1.000000
JACKSON - 000071,11,1.000000
JACKSON - 000072,11,1.000000
JACKSON - 000073,11,1.000000
JACKSON - 000074,11,1.000000
JACKSON - 000075,11,1.000000
JACKSON - 000076,11,1.000000
JACKSON - 000077,11,1.000000
JACKSON - 000078,11,0.992857
JACKSON - 000078,9,0.007143
JACKSON - 000079,11,1.000000
JACKSON - 000080,11,1.000000
JACKSON - 000081,11,1.000000
JACKSON - 000082,11,1.000000
JACKSON - 000083,11,1.000000
JACKSON - 000084,11,1.000000
JACKSON - 000085,11,1.000000
JACKSON - 000086,11,1.000000
JACKSON - 000087,11,1.000000
JACKSON - 000088,11,1.000000
JACKSON - 000089,11,1.000000
JACKSON - 000090,11,1.000000
JACKSON - 000091,11,1.000000
JACKSON - 000092,11,1.000000
JACKSON - 000093,11,1.000000
JACKSON - 000094,11,1.000000
JACKSON - 000095,11,1.000000
JACKSON - 000096,11,1.000000
JACKSON - 000097,11,1.000000
JACKSON - 000098,11,1.000000
JACKSON - 000099,11,1.000000
JACKSON - 000100,11,1.000000
JACKSON - 000101,11,1.000000
JACKSON - 000102,9,1.000000
JACKSON - 000103,9,1.000000
JACKSON - 000104,9,1.000000
JACKSON - 000105,9,1.000000
JACKSON - 000106,9,1.000000
JACKSON - 000107,9,1.000000
JACKSON - 000108,9,1.000000
JACKSON - 000109,9,1.000000
JACKSON - 000110,9,1.000000
JACKSON - 000111,9,1.000000
JACKSON - 000112,9,1.000000
JACKSON - 000113,9,1.000000
JACKSON - 000114,9,1.000000
JACKSON - 000115,9,1.000000
JACKSON - 000116,9,1.000000
JACKSON - 000117,9,1.000000
JACKSON - 000118,9,1.000000
JACKSON - 000119,9,1.000000
JACKSON - 000120,9,1.000000
JACKSON - 000121,9,1.000000
JACKSON - 000122,9,1.000000
JACKSON - 000123,9,1.000000
JACKSON - 000124,9,1.000000
JACKSON - 000125,9,1.000000
JACKSON - 000126,9,1.000000
JACKSON - 000127,9,1.000000
JACKSON - 000128,9,1.000000
JACKSON - 000129,11,1.000000
JACKSON - 000130,11,1.000000
JACKSON - 000131,11,1.000000
JACKSON - 000132,11,1.000000
JACKSON - 000133,11,1.000000
JACKSON - 000134,11,1.000000
JACKSON - 000135,11,1.000000
JACKSON - 000136,11,1.000000
JACKSON - 000137,11,1.000000
JACKSON - 000138,8,1.000000
JACKSON - 000139,8,1.000000
JACKSON - 000140,8,1.000000
JACKSON - 000141,8,1.000000
JACKSON - 000142,8,1.000000
JACKSON - 000143,8,1.000000
JACKSON - 000144,8,1.000000
JACKSON - 000145,8,1.000000
JACKSON - 000146,8,1.000000
JACKSON - 000147,8,1.000000
JACKSON - 000148,8,1.000000
JACKSON - 000149,8,1.000000
JACKSON - 000150,8,1.000000
JACKSON - 000151,8,1.000000
JACKSON - 000152,8,1.000000
JACKSON - 000153,8,1.000000
JACKSON - 000154,8,0.983333
JACKSON - 000154,9,0.016667
JACKSON - 000155,8,1.000000
JACKSON - 000156,8,1.000000
JACKSON - 000157,8,1.000000
JACKSON - 000158,8,1.000000
JACKSON - 000159,8,1.000000
JACKSON - 000160,8,0.990476
JACKSON - 000160,9,0.009524
JACKSON - 000161,8,1.000000
JACKSON - 000162,8,1.000000
JACKSON - 000163,8,1.000000
JACKSON - 000164,8,1.000000
JACKSON - 000165,8,1.000000
JACKSON - 000166,8,1.000000
JACKSON - 000167,8,1.000000
JACKSON - 000168,8,1.000000
JACKSON - 000169,8,1.000000
JACKSON - 000170,8,1.000000
JACKSON - 000171,8,1.000000
JACKSON - 000172,8,1.000000
JACKSON - 000173,8,1.000000
JACKSON - 000174,8,1.000000
JACKSON - 000175,8,1.000000
JACKSON - 000176,8,1.000000
JACKSON - 000177,8,1.000000
JACKSON - 000178,8,1.000000
JACKSON - 000179,8,0.959524
JACKSON - 000179,9,0.040476
JACKSON - 000180,8,0.995238
JACKSON - 000180,9,0.004762
JACKSON - 000181,8,1.000000
JACKSON - 000182,8,1.000000
JACKSON - 000183,8,1.000000
JACKSON - 000184,8,1.000000
JACKSON - 000185,8,1.000000
JACKSON - 000186,8,1.000000
JACKSON - 000187,8,1.000000
JACKSON - 000188,8,1.000000
JACKSON - 000189,8,1.000000
JACKSON - 000190,8,1.000000
JACKSON - 000191,8,1.000000
JACKSON - 000192,11,0.902381
JACKSON - 000192,8,0.097619
JACKSON - 000193,8,1.000000
JACKSON - 000194,8,1.000000
JACKSON - 000195,8,1.000000
JACKSON - 000196,8,1.000000
JACKSON - 000197,8,1.000000
JACKSON - 000198,11,0.966667
JACKSON - 000198,8,0.033333
JACKSON - 000199,8,1.000000
JACKSON - 000200,8,1.000000
JACKSON - 000201,8,1.000000
JACKSON - 000202,8,1.000000
JACKSON - 000203,8,1.000000
JACKSON - 000204,8,1.000000
JACKSON - 000205,11,1.000000
JACKSON - 000206,8,1.000000
JACKSON - 000207,8,1.000000
JACKSON - 000208,8,1.000000
JACKSON - 000209,8,1.000000
JACKSON - 000210,8,1.000000
JACKSON - 000211,8,1.000000
JACKSON - 000212,8,1.000000
JACKSON - 000213,8,1.000000
JACKSON - 000214,11,1.000000
JACKSON - 000215,8,1.000000
JACKSON - 000216,8,1.000000
JACKSON - 000217,8,1.000000
JACKSON - 000218,8,1.000000
JACKSON - 000219,8,1.000000
JACKSON - 000220,8,1.000000
JACKSON - 000221,8,1.000000
JACKSON - 000222,8,1.000000
JACKSON - 000223,8,1.000000
JACKSON - 000224,11,0.878571
JACKSON - 000224,8,0.121429
JACKSON - 000226,11,1.000000
JACKSON - 000228,11,1.000000
JACKSON - 000229,8,1.000000
JACKSON - 000230,11,1.000000
JACKSON - 000231,11,0.973810
JACKSON - 000231,8,0.026190
JACKSON - 000232,11,1.000000
JACKSON - 000233,11,1.000000
JACKSON - 000234,11,1.000000
JACKSON - 000235,11,1.000000
JACKSON - 000236,8,1.000000
JACKSON - 000237,8,0.445238
JACKSON - 000237,11,0.554762
JACKSON - 000238,8,0.964286
JACKSON - 000238,11,0.035714
JACKSON - 000240,8,1.000000
JACKSON - 000241,8,0.861905
JACKSON - 000241,11,0.138095
JACKSON - 000242,8,1.000000
JACKSON - 000243,8,0.952381
JACKSON - 000243,11,0.047619
JACKSON - 000244,8,1.000000
JACKSON - 000245,8,1.000000
JACKSON - 000246,8,1.000000
JACKSON - 000247,8,1.000000
JACKSON - 000248,8,1.000000
JACKSON - 000249,8,1.000000
JACKSON - 000250,8,1.000000
JACKSON - 000251,8,1.000000
JACKSON - 000252,8,1.000000
JACKSON - 000253,8,1.000000
JACKSON - 000254,7,1.000000
JACKSON - 000255,7,1.000000
JACKSON - 000256,7,1.000000
JACKSON - 000257,7,1.000000
JACKSON - 000258,7,1.000000
JACKSON - 000259,7,1.000000
JACKSON - 000260,7,1.000000
JACKSON - 000261,7,1.000000
JACKSON - 000262,7,1.000000
JACKSON - 000263,7,1.000000
JACKSON - 000264,7,1.000000
JACKSON - 000265,7,1.000000
JACKSON - 000266,7,1.000000
JACKSON - 000267,7,1.000000
JACKSON - 000268,7,1.000000
JACKSON - 000269,7,1.000000
JACKSON - 000270,7,1.000000
JACKSON - 000271,7,1.000000
JACKSON - 000273,7,1.000000
JACKSON - 000274,7,1.000000
JACKSON - 000275,7,0.923810
JACKSON - 000275,9,0.076190
JACKSON - 000276,7,1.000000
JACKSON - 000277,7,0.976190
JACKSON - 000277,9,0.023810
JACKSON - 000279,7,1.000000
JACKSON - 000280,7,1.000000
JACKSON - 000281,7,1.000000
JACKSON - 000282,9,1.000000
JACKSON - 000285,7,1.000000
JACKSON - 000286,7,0.650000
JACKSON - 000286,9,0.350000
JACKSON - 000287,7,1.000000
JACKSON - 000289,7,1.000000
JACKSON - 000290,7,0.695238
JACKSON - 000290,9,0.304762
JACKSON - 000292,7,1.000000
JACKSON - 000293,7,0.971429
JACKSON - 000293,11,0.007143
JACKSON - 000293,17,0.021429
JACKSON - 000294,7,1.000000
JACKSON - 000297,7,1.000000
JACKSON - 000298,7,1.000000
JACKSON - 000299,7,1.000000
JACKSON - 000300,7,1.000000
JACKSON - 000301,7,0.833333
JACKSON - 000301,11,0.166667
JACKSON - 000302,11,1.000000
JACKSON - 000304,7,1.000000
JACKSON - 000305,7,1.000000
JACKSON - 000306,11,1.000000
JACKSON - 000308,11,0.723810
JACKSON - 000308,7,0.276190
JACKSON - 000309,7,0.754762
JACKSON - 000309,11,0.245238
JACKSON - 000310,11,1.000000
JACKSON - 000311,7,0.800000
JACKSON - 000311,11,0.200000
JACKSON - 000312,11,1.000000
JACKSON - 000313,11,1.000000
JACKSON - 000314,7,1.000000
JACKSON - 000315,11,0.916667
JACKSON - 000315,9,0.083333
JACKSON - 000316,11,0.976190
JACKSON - 000316,9,0.023810
JACKSON - 000317,9,1.000000
JACKSON - 000319,9,1.000000
JACKSON - 000320,9,1.000000
JACKSON - 000322,9,1.000000
JACKSON - 000323,9,1.000000
JACKSON - 000324,9,1.000000
JACKSON - 000326,9,1.000000
JACKSON - 000328,9,1.000000
JACKSON - 000330,9,1.000000
JACKSON - 000331,9,1.000000
JACKSON - 000332,9,1.000000
JACKSON - 000334,9,1.000000
JACKSON - 000335,9,1.000000
JACKSON - 000337,9,1.000000
JACKSON - 000338,9,1.000000
JACKSON - 000340,9,1.000000
JACKSON - 000344,9,1.000000
JACKSON - 000345,9,1.000000
JACKSON - 000346,9,1.000000
JACKSON - 000347,9,1.000000
JACKSON - 000349,9,1.000000
JACKSON - 000352,9,1.000000
JACKSON - 000357,9,1.000000
JACKSON - 000358,9,1.000000
JACKSON - 000361,9,1.000000
JACKSON - 000362,9,1.000000
JACKSON - 000365,9,1.000000
JACKSON - 000367,9,1.000000
JACKSON - 000369,9,1.000000
JACKSON - 000372,9,1.000000
JACKSON - 000373,9,1.000000
JACKSON - 000374,9,1.000000
JACKSON - 000375,9,1.000000
JACKSON - 000377,9,1.000000
JACKSON - 000378,9,1.000000
JACKSON - 000379,9,1.000000
JACKSON - 000380,9,1.000000
JACKSON - 000381,9,1.000000
JACKSON - 000382,9,1.000000
JACKSON - 000383,9,1.000000
JACKSON - 000384,9,1.000000
JACKSON - 000386,9,1.000000
JACKSON - 000387,9,1.000000
JACKSON - 000388,9,1.000000
JACKSON - 000389,7,1.000000
JACKSON - 000390,9,1.000000
JACKSON - 000391,9,1.000000
JACKSON - 000392,9,1.000000
JACKSON - 000393,9,1.000000
JACKSON - 000395,9,1.000000
JACKSON - 000396,9,1.000000
JACKSON - 000399,9,1.000000
JACKSON - 000400,9,1.000000
JACKSON - 000401,9,1.000000
JACKSON - 000402,7,1.000000
JACKSON - 000403,9,1.000000
JACKSON - 000404,7,0.457143
JACKSON - 000404,9,0.542857
JACKSON - 000405,7,1.000000
JACKSON - 000408,9,1.000000
JACKSON - 000410,7,0.235714
JACKSON - 000410,9,0.764286
JACKSON - 000411,9,1.000000
JACKSON - 000412,9,1.000000
JACKSON - 000414,9,1.000000
JACKSON - 000417,9,1.000000
JACKSON - 000418,9,0.678571
JACKSON - 000418,7,0.321429
JACKSON - 000419,7,1.000000
JACKSON - 000422,7,1.000000
JACKSON - 000423,7,1.000000
JACKSON - 000424,7,1.000000
JACKSON - 000425,7,1.000000
JACKSON - 000426,7,1.000000
JACKSON - 000427,7,1.000000
JACKSON - 000429,7,1.000000
JACKSON - 000431,7,1.000000
JACKSON - 000432,7,1.000000
JACKSON - 000434,7,1.000000
JACKSON - 000435,7,1.000000
JACKSON - 000436,7,1.000000
JACKSON - 000438,11,1.000000
JACKSON - 000440,9,1.000000
JACKSON - 000442,9,1.000000
JACKSON - 000443,9,1.000000
JACKSON - 000445,9,1.000000
JACKSON - 000446,9,1.000000
JACKSON - 000447,9,1.000000
JACKSON - 000448,9,0.983333
JACKSON - 000448,11,0.016667
JACKSON - 000449,9,1.000000
JACKSON - 000450,9,1.000000
JACKSON - 000452,9,1.000000
JACKSON - 000453,9,1.000000
JACKSON - 000454,9,1.000000
JACKSON - 000455,9,1.000000
JACKSON - 000456,9,1.000000
JACKSON - 000457,9,1.000000
JACKSON - 000458,9,1.000000
JACKSON - 000459,9,1.000000
JACKSON - 000460,9,0.985714
JACKSON - 000460,8,0.014286
JACKSON - 000461,9,1.000000
JACKSON - 000462,9,1.000000
JACKSON - 000463,9,1.000000
JACKSON - 000464,9,1.000000
JACKSON - 000467,9,1.000000
JACKSON - 000470,9,1.000000
JACKSON - 000471,9,1.000000
JACKSON - 000472,9,1.000000
JACKSON - 000473,9,1.000000
JACKSON - 000474,8,0.354762
JACKSON - 000474,9,0.645238
JACKSON - 000475,7,0.985714
JACKSON - 000475,8,0.014286
JACKSON - 000476,7,0.969048
JACKSON - 000476,8,0.030952
JACKSON - 000477,9,1.000000
JACKSON - 000478,8,0.407143
JACKSON - 000478,9,0.592857
JACKSON - 000480,9,1.000000
JACKSON - 000481,9,1.000000
JACKSON - 000482,9,1.000000
JACKSON - 000483,9,0.909524
JACKSON - 000483,7,0.090476
JACKSON - 000484,7,0.830952
JACKSON - 000484,9,0.169048
JACKSON - 000485,9,1.000000
JACKSON - 000486,9,1.000000
JACKSON - 000487,7,0.576190
JACKSON - 000487,9,0.423810
JACKSON - 000491,9,1.000000
JACKSON - 000492,9,1.000000
JACKSON - 000494,9,1.000000
JACKSON - 000496,9,1.000000
JACKSON - 000497,9,1.000000
JACKSON - 000500,9,1.000000
JACKSON - 000502,9,1.000000
JACKSON - 000503,9,1.000000
JACKSON - 000504,9,1.000000
JACKSON - 000505,9,1.000000
JACKSON - 000508,9,1.000000
JACKSON - 000509,9,1.000000
JACKSON - 000510,7,1.000000
JACKSON - 000512,7,1.000000
JACKSON - 000514,7,1.000000
JACKSON - 000515,7,1.000000
JACKSON - 000516,7,1.000000
JACKSON - 000517,7,1.000000
JACKSON - 000518,7,1.000000
JACKSON - 000520,7,1.000000
JACKSON - 000521,7,1.000000
JACKSON - 000522,7,1.000000
JACKSON - 000523,7,1.000000
JACKSON - 000525,7,1.000000
JACKSON - 000527,7,1.000000
JACKSON - 000528,7,1.000000
JACKSON - 000529,7,1.000000
JACKSON - 000530,7,1.000000
JACKSON - 000532,7,1.000000
JACKSON - 000533,7,1.000000
JACKSON - 000534,7,1.000000
JACKSON - 000535,7,1.000000
JACKSON - 000538,7,1.000000
JACKSON - 000539,7,1.000000
JACKSON - 000540,7,1.000000
JACKSON - 000541,7,1.000000
JACKSON - 000543,9,1.000000
JACKSON - 000545,9,1.000000
JACKSON - 000546,9,1.000000
JACKSON - 000547,9,1.000000
JACKSON - 000548,9,1.000000
JACKSON - 000549,9,1.000000
JACKSON - 000551,9,1.000000
JACKSON - 000552,9,1.000000
JACKSON - 000553,9,1.000000
JACKSON - 000558,7,1.000000
JACKSON - 000559,7,0.492857
JACKSON - 000559,9,0.507143
JACKSON - 000563,7,1.000000
JACKSON - 000564,7,1.000000
JACKSON - 000565,7,1.000000
JACKSON - 000567,7,1.000000
JACKSON - 000568,7,0.726190
JACKSON - 000568,9,0.273810
JACKSON - 000569,7,1.000000
JACKSON - 000571,7,1.000000
JACKSON - 000572,9,1.000000
JACKSON - 000573,7,1.000000
JACKSON - 000574,7,1.000000
JACKSON - 000575,7,0.669048
JACKSON - 000575,9,0.330952
JACKSON - 000577,7,1.000000
JACKSON - 000579,7,1.000000
JACKSON - 000581,11,1.000000
JASPER - 000002,32,1.000000
JASPER - 000003,32,1.000000
JASPER - 000004,32,1.000000
JASPER - 000005,32,1.000000
JASPER - 000006,32,1.000000
JASPER - 000007,32,1.000000
JASPER - 000008,32,1.000000
JASPER - 000009,32,1.000000
JASPER - 000010,32,1.000000
JASPER - 000011,32,1.000000
JASPER - 000012,32,1.000000
JASPER - 000013,32,1.000000
JASPER - 000014,32,1.000000
JASPER - 000015,32,1.000000
JASPER - 000016,32,1.000000
JASPER - 000017,32,1.000000
JASPER - 000018,32,1.000000
JASPER - 000019,32,1.000000
JASPER - 000020,32,1.000000
JASPER - 000021,32,1.000000
JASPER - 000022,32,1.000000
JASPER - 000023,32,1.000000
JASPER - 000024,32,1.000000
JASPER - 000025,32,1.000000
JASPER - 000026,32,1.000000
JASPER - 000027,32,1.000000
JASPER - 000028,32,1.000000
JASPER - 000029,32,1.000000
JASPER - 000030,32,1.000000
JASPER - 000031,32,1.000000
JASPER - 000032,32,1.000000
JASPER - 000033,32,1.000000
JASPER - 000034,32,1.000000
JASPER - 000035,32,1.000000
JASPER - 000036,32,1.000000
JASPER - 000037,32,1.000000
JASPER - 000038,32,1.000000
JASPER - 000039,32,1.000000
JASPER - 000040,32,1.000000
JASPER - 000041,32,1.000000
JASPER - 000042,32,1.000000
JASPER - 000043,32,1.000000
JASPER - 000044,32,1.000000
JASPER - 000045,32,1.000000
JASPER - 000046,32,1.000000
JASPER - 000047,32,1.000000
JASPER - 000048,32,1.000000
JASPER - 000049,32,1.000000
JASPER - 000050,32,1.000000
JASPER - 000051,32,1.000000
JASPER - 000052,32,1.000000
JASPER - 000053,32,1.000000
JASPER - 000054,32,1.000000
JASPER - 000055,32,1.000000
JASPER - 000056,32,1.000000
JASPER - 000057,32,1.000000
JASPER - 000058,32,1.000000
JASPER - 000059,32,1.000000
JASPER - 000060,32,1.000000
JASPER - 000061,32,1.000000
JASPER - 000062,32,1.000000
JASPER - 000063,32,1.000000
JASPER - 000064,32,1.000000
JASPER - 000065,32,1.000000
JASPER - 000066,32,1.000000
JASPER - 000067,32,1.000000
JASPER - 000068,32,1.000000
JEFFERSON - 000002,3,0.700000
JEFFERSON - 000002,22,0.300000
JEFFERSON - 000003,22,0.761905
JEFFERSON - 000003,3,0.238095
JEFFERSON - 000004,22,1.000000
JEFFERSON - 000005,22,1.000000
JEFFERSON - 000006,22,1.000000
JEFFERSON - 000007,22,1.000000
JEFFERSON - 000008,22,1.000000
JEFFERSON - 000009,22,0.945238
JEFFERSON - 000009,1,0.054762
JEFFERSON - 000010,22,0.988095
JEFFERSON - 000010,24,0.011905
JEFFERSON - 000012,3,1.000000
JEFFERSON - 000013,22,1.000000
JEFFERSON - 000014,22,1.000000
JEFFERSON - 000015,22,1.000000
JEFFERSON - 000016,22,1.000000
JEFFERSON - 000017,22,1.000000
JEFFERSON - 000018,22,1.000000
JEFFERSON - 000019,22,1.000000
JEFFERSON - 000020,22,1.000000
JEFFERSON - 000021,22,1.000000
JEFFERSON - 000022,3,1.000000
JEFFERSON - 000023,3,1.000000
JEFFERSON - 000024,3,1.000000
JEFFERSON - 000025,3,1.000000
JEFFERSON - 000026,22,1.000000
JEFFERSON - 000027,22,1.000000
JEFFERSON - 000028,22,1.000000
JEFFERSON - 000029,22,1.000000
JEFFERSON - 000030,22,1.000000
JEFFERSON - 000031,3,1.000000
JEFFERSON - 000032,22,1.000000
JEFFERSON - 000033,3,1.000000
JEFFERSON - 000034,3,0.902381
JEFFERSON - 000034,22,0.097619
JEFFERSON - 000035,22,1.000000
JEFFERSON - 000036,22,1.000000
JEFFERSON - 000037,22,1.000000
JEFFERSON - 000038,22,1.000000
JEFFERSON - 000039,22,1.000000
JEFFERSON - 000040,3,1.000000
JEFFERSON - 000041,22,0.680952
JEFFERSON - 000041,3,0.319048
JEFFERSON - 000042,3,1.000000
JEFFERSON - 000043,22,0.988095
JEFFERSON - 000043,26,0.011905
JEFFERSON - 000044,22,1.000000
JEFFERSON - 000045,22,1.000000
JEFFERSON - 000046,22,1.000000
JEFFERSON - 000047,22,1.000000
JEFFERSON - 000048,22,1.000000
JEFFERSON - 000049,22,1.000000
JEFFERSON - 000050,3,1.000000
JEFFERSON - 000051,3,1.000000
JEFFERSON - 000052,22,1.000000
JEFFERSON - 000053,22,1.000000
JEFFERSON - 000054,22,1.000000
JEFFERSON - 000055,22,1.000000
JEFFERSON - 000056,22,1.000000
JEFFERSON - 000057,3,1.000000
JEFFERSON - 000058,22,0.988095
JEFFERSON - 000058,24,0.011905
JEFFERSON - 000059,22,1.000000
JEFFERSON - 000060,22,1.000000
JEFFERSON - 000061,22,1.000000
JEFFERSON - 000062,22,1.000000
JEFFERSON - 000063,3,1.000000
JEFFERSON - 000064,22,1.000000
JEFFERSON - 000065,22,1.000000
JEFFERSON - 000066,22,1.000000
JEFFERSON - 000067,3,1.000000
JEFFERSON - 000068,3,1.000000
JEFFERSON - 000069,3,1.000000
JOHNSON - 000002,31,1.000000
JOHNSON - 000003,31,1.000000
JOHNSON - 000004,31,1.000000
JOHNSON - 000005,31,1.000000
JOHNSON - 000006,31,1.000000
JOHNSON - 000007,31,1.000000
JOHNSON - 000008,31,1.000000
JOHNSON - 000009,31,1.000000
JOHNSON - 000010,31,1.000000
JOHNSON - 000011,31,1.000000
JOHNSON - 000012,31,1.000000
JOHNSON - 000013,31,1.000000
JOHNSON - 000014,31,1.000000
JOHNSON - 000015,31,1.000000
JOHNSON - 000016,31,1.000000
JOHNSON - 000017,31,1.000000
JOHNSON - 000018,31,1.000000
JOHNSON - 000019,31,1.000000
JOHNSON - 000020,31,1.000000
JOHNSON - 000021,31,1.000000
KNOX - 000002,18,1.000000
KNOX - 000003,18,1.000000
KNOX - 000004,18,1.000000
KNOX - 000005,18,1.000000
KNOX - 000006,18,1.000000
KNOX - 000007,18,1.000000
LACLEDE - 000002,16,1.000000
LACLEDE - 000003,16,1.000000
LACLEDE - 000004,16,1.000000
LACLEDE - 000005,16,1.000000
LACLEDE - 000006,16,1.000000
LACLEDE - 000007,16,1.000000
LACLEDE - 000008,16,1.000000
LACLEDE - 000009,16,1.000000
LACLEDE - 000010,16,1.000000
LACLEDE - 000011,16,1.000000
LACLEDE - 000012,16,1.000000
LACLEDE - 000013,16,1.000000
LACLEDE - 000014,16,1.000000
LACLEDE - 000015,16,1.000000
LACLEDE - 000016,16,1.000000
LACLEDE - 000017,16,1.000000
LACLEDE - 000018,16,1.000000
LACLEDE - 000019,16,1.000000
LACLEDE - 000020,16,1.000000
LACLEDE - 000021,16,1.000000
LAFAYETTE - 000002,21,1.000000
LAFAYETTE - 000003,21,1.000000
LAFAYETTE - 000004,21,1.000000
LAFAYETTE - 000005,21,1.000000
LAFAYETTE - 000006,21,1.000000
LAFAYETTE - 000007,21,1.000000
LAFAYETTE - 000008,21,1.000000
LAFAYETTE - 000009,21,1.000000
LAFAYETTE - 000010,21,1.000000
LAFAYETTE - 000011,21,1.000000
LAFAYETTE - 000012,21,1.000000
LAFAYETTE - 000013,21,1.000000
LAFAYETTE - 000014,21,1.000000
LAFAYETTE - 000015,21,1.000000
LAFAYETTE - 000016,21,1.000000
LAFAYETTE - 000017,21,1.000000
LAFAYETTE - 000018,21,1.000000
LAFAYETTE - 000019,21,1.000000
LAWRENCE - 000002,29,1.000000
LAWRENCE - 000003,29,1.000000
LAWRENCE - 000004,29,1.000000
LAWRENCE - 000005,29,1.000000
LAWRENCE - 000006,29,1.000000
LAWRENCE - 000007,29,1.000000
LAWRENCE - 000008,29,1.000000
LAWRENCE - 000009,29,1.000000
LAWRENCE - 000010,29,1.000000
LAWRENCE - 000011,29,1.000000
LAWRENCE - 000012,29,1.000000
LAWRENCE - 000013,29,1.000000
LAWRENCE - 000014,29,1.000000
LAWRENCE - 000015,29,1.000000
LAWRENCE - 000016,29,1.000000
LAWRENCE - 000017,29,1.000000
LAWRENCE - 000018,29,1.000000
LAWRENCE - 000019,29,1.000000
LAWRENCE - 000020,29,1.000000
LEWIS - 000002,18,1.000000
LEWIS - 000003,18,1.000000
LEWIS - 000004,18,1.000000
LEWIS - 000005,18,1.000000
LEWIS - 000006,18,1.000000
LEWIS - 000007,18,1.000000
LEWIS - 000008,18,1.000000
LEWIS - 000009,18,1.000000
LEWIS - 000010,18,1.000000
LEWIS - 000011,18,1.000000
LINCOLN - 000002,10,1.000000
LINCOLN - 000003,10,1.000000
LINCOLN - 000004,10,1.000000
LINCOLN - 000005,10,1.000000
LINCOLN - 000006,10,1.000000
LINCOLN - 000007,10,1.000000
LINCOLN - 000008,10,1.000000
LINCOLN - 000009,10,1.000000
LINCOLN - 000010,10,1.000000
LINCOLN - 000011,10,1.000000
LINCOLN - 000012,10,1.000000
LINCOLN - 000013,10,1.000000
LINCOLN - 000014,10,1.000000
LINCOLN - 000015,10,1.000000
LINCOLN - 000016,10,1.000000
LINCOLN - 000017,10,1.000000
LINCOLN - 000018,10,1.000000
LINCOLN - 000019,10,1.000000
LINCOLN - 000020,10,1.000000
LINCOLN - 000021,10,1.000000
LINCOLN - 000022,10,1.000000
LINCOLN - 000023,10,1.000000
LINN - 000002,12,1.000000
LINN - 000003,12,1.000000
LINN - 000004,12,1.000000
LINN - 000005,12,1.000000
LINN - 000006,12,1.000000
LINN - 000007,12,1.000000
LINN - 000008,12,1.000000
LINN - 000009,12,1.000000
LINN - 000010,12,1.000000
LINN - 000011,12,1.000000
LINN - 000012,12,1.000000
LINN - 000013,12,1.000000
LINN - 000014,12,1.000000
LINN - 000015,12,1.000000
LINN - 000016,12,1.000000
LINN - 000017,12,1.000000
LINN - 000018,12,1.000000
LINN - 000019,12,1.000000
LINN - 000020,12,1.000000
LINN - 000021,12,1.000000
LINN - 000022,12,1.000000
LIVINGSTON - 000002,12,1.000000
LIVINGSTON - 000003,12,1.000000
LIVINGSTON - 000004,12,1.000000
LIVINGSTON - 000005,12,1.000000
LIVINGSTON - 000006,12,1.000000
LIVINGSTON - 000007,12,1.000000
LIVINGSTON - 000008,12,1.000000
LIVINGSTON - 000009,12,1.000000
LIVINGSTON - 000010,12,1.000000
LIVINGSTON - 000011,12,1.000000
LIVINGSTON - 000012,12,1.000000
LIVINGSTON - 000013,12,1.000000
LIVINGSTON - 000014,12,1.000000
LIVINGSTON - 000015,12,1.000000
LIVINGSTON - 000016,12,1.000000
LIVINGSTON - 000017,12,1.000000
LIVINGSTON - 000018,12,1.000000
MACON - 000002,18,1.000000
MACON - 000003,18,1.000000
MACON - 000004,18,1.000000
MACON - 000005,18,1.000000
MACON - 000006,18,1.000000
MACON - 000007,18,1.000000
MACON - 000008,18,1.000000
MACON - 000009,18,1.000000
MACON - 000010,18,1.000000
MACON - 000011,18,1.000000
MACON - 000012,18,1.000000
MACON - 000013,18,1.000000
MADISON - 000002,27,1.000000
MADISON - 000003,27,1.000000
MADISON - 000004,27,1.000000
MADISON - 000005,27,1.000000
MADISON - 000006,27,1.000000
MADISON - 000007,27,1.000000
MADISON - 000008,27,1.000000
MADISON - 000009,27,1.000000
MADISON - 000010,27,1.000000
MADISON - 000011,27,1.000000
MADISON - 000012,27,1.000000
MADISON - 000013,27,1.000000
MADISON - 000014,27,1.000000
MADISON - 000015,27,1.000000
MADISON - 000016,27,1.000000
MADISON - 000017,27,1.000000
MADISON - 000018,27,1.000000
MARIES - 000002,16,1.000000
MARIES - 000003,16,1.000000
MARIES - 000004,16,1.000000
MARIES - 000005,16,1.000000
MARIES - 000006,16,1.000000
MARIES - 000007,16,1.000000
MARIES - 000008,16,1.000000
MARIES - 000009,16,1.000000
MARIES - 000010,16,1.000000
MARIES - 000011,16,1.000000
MARION - 000002,18,1.000000
MARION - 000003,18,1.000000
MARION - 000004,18,1.000000
MARION - 000005,18,1.000000
MARION - 000006,18,1.000000
MARION - 000007,18,1.000000
MARION - 000008,18,1.000000
MARION - 000009,18,1.000000
MARION - 000010,18,1.000000
MARION - 000011,18,1.000000
MARION - 000012,18,1.000000
MARION - 000013,18,1.000000
MARION - 000014,18,1.000000
MARION - 000015,18,1.000000
MARION - 000016,18,1.000000
MARION - 000017,18,1.000000
MARION - 000018,18,1.000000
MARION - 000019,18,1.000000
MARION - 000020,18,1.000000
MARION - 000021,18,1.000000
MCDONALD - 000002,29,1.000000
MCDONALD - 000003,29,1.000000
MCDONALD - 000004,29,1.000000
MCDONALD - 000005,29,1.000000
MCDONALD - 000006,29,1.000000
MCDONALD - 000007,29,1.000000
MCDONALD - 000008,29,1.000000
MCDONALD - 000009,29,1.000000
MCDONALD - 000010,29,1.000000
MCDONALD - 000011,29,1.000000
MCDONALD - 000012,29,1.000000
MCDONALD - 000013,29,1.000000
MCDONALD - 000014,29,1.000000
MCDONALD - 000015,29,1.000000
MCDONALD - 000016,29,1.000000
MCDONALD - 000017,29,1.000000
MCDONALD - 000018,29,1.000000
MCDONALD - 000019,29,1.000000
MCDONALD - 000020,29,1.000000
MERCER - 000002,12,1.000000
MERCER - 000003,12,1.000000
MERCER - 000004,12,1.000000
MERCER - 000005,12,1.000000
MERCER - 000006,12,1.000000
MERCER - 000007,12,1.000000
MERCER - 000008,12,1.000000
MERCER - 000009,12,1.000000
MERCER - 000010,12,1.000000
MILLER - 000002,6,1.000000
MILLER - 000003,6,1.000000
MILLER - 000004,6,1.000000
MILLER - 000005,6,1.000000
MILLER - 000006,6,1.000000
MILLER - 000007,6,1.000000
MILLER - 000008,6,1.000000
MILLER - 000009,6,1.000000
MILLER - 000010,6,1.000000
MILLER - 000011,6,1.000000
MILLER - 000012,6,1.000000
MILLER - 000013,6,1.000000
MILLER - 000014,6,1.000000
MILLER - 000015,6,1.000000
MILLER - 000016,6,1.000000
MILLER - 000017,6,1.000000
MILLER - 000018,6,1.000000
MILLER - 000019,6,1.000000
MILLER - 000020,6,1.000000
MILLER - 000021,6,1.000000
MILLER - 000022,6,1.000000
MILLER - 000023,6,1.000000
MISSISSIPPI - 000002,25,1.000000
MISSISSIPPI - 000003,25,1.000000
MISSISSIPPI - 000004,25,1.000000
MISSISSIPPI - 000005,25,1.000000
MISSISSIPPI - 000006,25,1.000000
MISSISSIPPI - 000007,25,1.000000
MISSISSIPPI - 000008,25,1.000000
MISSISSIPPI - 000009,25,1.000000
MISSISSIPPI - 000010,25,1.000000
MISSISSIPPI - 000011,25,1.000000
MISSISSIPPI - 000012,25,1.000000
MONITEAU - 000002,6,1.000000
MONITEAU - 000003,6,1.000000
MONITEAU - 000004,6,1.000000
MONITEAU - 000005,6,1.000000
MONITEAU - 000006,6,1.000000
MONITEAU - 000007,6,1.000000
MONITEAU - 000008,6,1.000000
MONITEAU - 000009,6,1.000000
MONITEAU - 000010,6,1.000000
MONITEAU - 000011,6,1.000000
MONITEAU - 000012,6,1.000000
MONITEAU - 000013,6,1.000000
MONITEAU - 000014,6,1.000000
MONITEAU - 000015,6,1.000000
MONROE - 000002,18,1.000000
MONROE - 000003,18,1.000000
MONROE - 000004,18,1.000000
MONROE - 000005,18,1.000000
MONROE - 000006,18,1.000000
MONROE - 000007,18,1.000000
MONROE - 000008,18,1.000000
MONROE - 000009,18,1.000000
MONROE - 000010,18,1.000000
MONROE - 000011,18,1.000000
MONROE - 000012,18,1.000000
MONROE - 000013,18,1.000000
MONROE - 000014,18,1.000000
MONROE - 000015,18,1.000000
MONROE - 000016,18,1.000000
MONROE - 000017,18,1.000000
MONTGOMERY - 000002,10,1.000000
MONTGOMERY - 000003,10,1.000000
MONTGOMERY - 000004,10,1.000000
MONTGOMERY - 000005,10,1.000000
MONTGOMERY - 000006,10,1.000000
MONTGOMERY - 000007,10,1.000000
MONTGOMERY - 000008,10,1.000000
MONTGOMERY - 000009,10,1.000000
MONTGOMERY - 000010,10,1.000000
MONTGOMERY - 000011,10,1.000000
MORGAN - 000002,6,1.000000
MORGAN - 000003,6,1.000000
MORGAN - 000004,6,1.000000
MORGAN - 000005,6,1.000000
MORGAN - 000006,6,1.000000
MORGAN - 000007,6,1.000000
MORGAN - 000008,6,1.000000
MORGAN - 000009,6,1.000000
MORGAN - 000010,6,1.000000
MORGAN - 000011,6,1.000000
MORGAN - 000012,6,1.000000
NEW MADRID - 000002,25,1.000000
NEW MADRID - 000003,25,1.000000
NEW MADRID - 000004,25,1.000000
NEW MADRID - 000005,25,1.000000
NEW MADRID - 000006,25,1.000000
NEW MADRID - 000007,25,1.000000
NEW MADRID - 000008,25,1.000000
NEW MADRID - 000009,25,1.000000
NEW MADRID - 000010,25,1.000000
NEW MADRID - 000011,25,1.000000
NEW MADRID - 000012,25,1.000000
NEW MADRID - 000013,25,1.000000
NEW MADRID - 000014,25,1.000000
NEW MADRID - 000015,25,1.000000
NEW MADRID - 000016,25,1.000000
NEW MADRID - 000017,25,1.000000
NEW MADRID - 000018,25,1.000000
NEW MADRID - 000019,25,1.000000
NEW MADRID - 000020,25,1.000000
NEW MADRID - 000021,25,1.000000
NEW MADRID - 000022,25,1.000000
NEW MADRID - 000023,25,1.000000
NEW MADRID - 000024,25,1.000000
NEWTON - 000002,32,1.000000
NEWTON - 000003,32,1.000000
NEWTON - 000004,32,1.000000
NEWTON - 000005,32,1.000000
NEWTON - 000006,32,1.000000
NEWTON - 000007,32,1.000000
NEWTON - 000008,32,1.000000
NEWTON - 000009,32,1.000000
NEWTON - 000010,32,1.000000
NEWTON - 000011,32,1.000000
NEWTON - 000012,32,1.000000
NEWTON - 000013,32,1.000000
NEWTON - 000014,32,1.000000
NEWTON - 000015,32,1.000000
NEWTON - 000016,32,1.000000
NEWTON - 000017,32,1.000000
NEWTON - 000018,32,1.000000
NEWTON - 000019,32,1.000000
NEWTON - 000020,32,1.000000
NEWTON - 000021,32,1.000000
NEWTON - 000022,32,1.000000
NEWTON - 000023,32,1.000000
NEWTON - 000024,32,1.000000
NODAWAY - 000002,12,1.000000
NODAWAY - 000003,12,1.000000
NODAWAY - 000004,12,1.000000
NODAWAY - 000005,12,1.000000
NODAWAY - 000006,12,1.000000
NODAWAY - 000007,12,1.000000
NODAWAY - 000008,12,1.000000
NODAWAY - 000009,12,1.000000
NODAWAY - 000010,12,1.000000
NODAWAY - 000011,12,1.000000
NODAWAY - 000012,12,1.000000
NODAWAY - 000013,12,1.000000
NODAWAY - 000014,12,1.000000
NODAWAY - 000015,12,1.000000
NODAWAY - 000016,12,1.000000
NODAWAY - 000017,12,1.000000
NODAWAY - 000018,12,1.000000
NODAWAY - 000019,12,1.000000
NODAWAY - 000020,12,1.000000
NODAWAY - 000021,12,1.000000
OREGON - 000002,25,1.000000
OREGON - 000003,25,1.000000
OREGON - 000004,25,1.000000
OREGON - 000005,25,1.000000
OREGON - 000006,25,1.000000
OREGON - 000007,25,1.000000
OREGON - 000008,25,1.000000
OREGON - 000009,25,1.000000
OREGON - 000010,25,1.000000
OREGON - 000011,25,1.000000
OREGON - 000012,25,1.000000
OREGON - 000013,25,1.000000
OREGON - 000014,25,1.000000
OREGON - 000015,25,1.000000
OREGON - 000016,25,1.000000
OSAGE - 000002,26,1.000000
OSAGE - 000003,26,1.000000
OSAGE - 000004,26,1.000000
OSAGE - 000005,26,0.995238
OSAGE - 000005,10,0.004762
OSAGE - 000006,26,1.000000
OSAGE - 000007,26,1.000000
OSAGE - 000008,26,1.000000
OSAGE - 000009,26,1.000000
OSAGE - 000010,26,1.000000
OSAGE - 000011,26,1.000000
OSAGE - 000012,26,1.000000
OSAGE - 000013,26,1.000000
OSAGE - 000014,26,1.000000
OSAGE - 000015,26,1.000000
OSAGE - 000016,26,1.000000
OSAGE - 000017,26,1.000000
OSAGE - 000018,26,1.000000
OSAGE - 000019,26,1.000000
OSAGE - 000020,26,1.000000
OZARK - 000002,33,1.000000
OZARK - 000004,33,1.000000
OZARK - 000005,33,1.000000
OZARK - 000006,33,1.000000
OZARK - 000007,33,1.000000
OZARK - 000008,33,1.000000
OZARK - 000009,33,1.000000
OZARK - 000010,33,1.000000
OZARK - 000011,33,1.000000
OZARK - 000012,33,1.000000
OZARK - 000013,33,1.000000
PEMISCOT - 000002,25,1.000000
PEMISCOT - 000003,25,1.000000
PEMISCOT - 000004,25,1.000000
PEMISCOT - 000005,25,1.000000
PEMISCOT - 000006,25,1.000000
PEMISCOT - 000007,25,1.000000
PEMISCOT - 000008,25,1.000000
PEMISCOT - 000009,25,1.000000
PEMISCOT - 000010,25,1.000000
PEMISCOT - 000011,25,1.000000
PEMISCOT - 000012,25,1.000000
PEMISCOT - 000013,25,1.000000
PEMISCOT - 000014,25,1.000000
PEMISCOT - 000015,25,1.000000
PEMISCOT - 000016,25,1.000000
PEMISCOT - 000017,25,1.000000
PEMISCOT - 000018,25,1.000000
PERRY - 000002,27,1.000000
PERRY - 000003,27,1.000000
PERRY - 000004,27,1.000000
PERRY - 000005,27,1.000000
PERRY - 000006,27,1.000000
PERRY - 000007,27,1.000000
PERRY - 000008,27,1.000000
PERRY - 000009,27,1.000000
PERRY - 000010,27,1.000000
PERRY - 000011,27,1.000000
PERRY - 000012,27,1.000000
PERRY - 000013,27,1.000000
PERRY - 000014,27,1.000000
PERRY - 000015,27,1.000000
PERRY - 000016,27,1.000000
PERRY - 000017,27,1.000000
PERRY - 000018,27,1.000000
PERRY - 000019,27,1.000000
PETTIS - 000002,28,1.000000
PETTIS - 000003,28,1.000000
PETTIS - 000004,28,1.000000
PETTIS - 000005,28,1.000000
PETTIS - 000006,28,1.000000
PETTIS - 000007,28,1.000000
PETTIS - 000008,28,1.000000
PETTIS - 000009,28,1.000000
PETTIS - 000010,28,1.000000
PETTIS - 000011,28,1.000000
PETTIS - 000012,28,1.000000
PETTIS - 000013,28,1.000000
PETTIS - 000014,28,1.000000
PETTIS - 000015,28,1.000000
PETTIS - 000016,28,1.000000
PETTIS - 000017,28,1.000000
PETTIS - 000018,28,1.000000
PETTIS - 000019,28,1.000000
PETTIS - 000020,28,1.000000
PETTIS - 000021,28,1.000000
PETTIS - 000022,28,1.000000
PETTIS - 000023,28,1.000000
PETTIS - 000024,28,1.000000
PETTIS - 000025,28,1.000000
PETTIS - 000026,28,1.000000
PETTIS - 000027,28,1.000000
PETTIS - 000028,28,1.000000
PETTIS - 000029,28,1.000000
PETTIS - 000030,28,1.000000
PETTIS - 000031,28,1.000000
PHELPS - 000002,16,1.000000
PHELPS - 000003,16,1.000000
PHELPS - 000004,16,1.000000
PHELPS - 000005,16,1.000000
PHELPS - 000006,16,1.000000
PHELPS - 000007,16,1.000000
PHELPS - 000008,16,1.000000
PHELPS - 000009,16,1.000000
PHELPS - 000010,16,1.000000
PHELPS - 000011,16,1.000000
PHELPS - 000012,16,1.000000
PHELPS - 000013,16,1.000000
PHELPS - 000014,16,1.000000
PHELPS - 000015,16,1.000000
PHELPS - 000016,16,1.000000
PHELPS - 000017,16,1.000000
PHELPS - 000018,16,1.000000
PHELPS - 000019,16,1.000000
PHELPS - 000020,16,1.000000
PHELPS - 000021,16,1.000000
PHELPS - 000022,16,1.000000
PHELPS - 000023,16,1.000000
PHELPS - 000024,16,1.000000
PHELPS - 000025,16,1.000000
PHELPS - 000026,16,1.000000
PHELPS - 000027,16,1.000000
PHELPS - 000028,16,1.000000
PHELPS - 000029,16,1.000000
PHELPS - 000030,16,1.000000
PHELPS - 000031,16,1.000000
PHELPS - 000032,16,1.000000
PHELPS - 000033,16,1.000000
PHELPS - 000034,16,1.000000
PHELPS - 000035,16,1.000000
PHELPS - 000036,16,1.000000
PHELPS - 000037,16,1.000000
PHELPS - 000038,16,1.000000
PHELPS - 000039,16,1.000000
PIKE - 000002,10,1.000000
PIKE - 000003,10,1.000000
PIKE - 000004,10,1.000000
PIKE - 000005,10,1.000000
PIKE - 000006,10,1.000000
PIKE - 000007,10,1.000000
PIKE - 000008,10,1.000000
PIKE - 000009,10,1.000000
PIKE - 000010,10,1.000000
PIKE - 000011,10,1.000000
PIKE - 000012,10,1.000000
PIKE - 000013,10,1.000000
PIKE - 000014,10,1.000000
PIKE - 000015,10,1.000000
PIKE - 000016,10,1.000000
PIKE - 000017,10,1.000000
PLATTE - 000002,34,1.000000
PLATTE - 000003,34,1.000000
PLATTE - 000004,34,1.000000
PLATTE - 000005,34,1.000000
PLATTE - 000006,34,1.000000
PLATTE - 000007,34,1.000000
PLATTE - 000008,34,1.000000
PLATTE - 000009,34,0.964286
PLATTE - 000009,12,0.035714
PLATTE - 000010,34,1.000000
PLATTE - 000011,34,1.000000
PLATTE - 000012,34,1.000000
PLATTE - 000013,34,1.000000
PLATTE - 000014,34,1.000000
PLATTE - 000015,34,1.000000
PLATTE - 000016,34,1.000000
PLATTE - 000017,34,1.000000
PLATTE - 000018,34,1.000000
PLATTE - 000019,34,1.000000
PLATTE - 000020,34,1.000000
PLATTE - 000021,34,1.000000
PLATTE - 000022,34,1.000000
PLATTE - 000023,34,1.000000
PLATTE - 000024,34,1.000000
PLATTE - 000025,34,1.000000
PLATTE - 000026,34,1.000000
PLATTE - 000027,34,1.000000
PLATTE - 000028,34,1.000000
PLATTE - 000029,34,1.000000
PLATTE - 000030,34,1.000000
PLATTE - 000031,34,1.000000
PLATTE - 000032,34,1.000000
PLATTE - 000033,34,1.000000
PLATTE - 000034,34,1.000000
POLK - 000002,28,1.000000
POLK - 000003,28,1.000000
POLK - 000004,28,1.000000
POLK - 000005,28,1.000000
POLK - 000006,28,1.000000
POLK - 000007,28,1.000000
POLK - 000008,28,1.000000
POLK - 000009,28,1.000000
POLK - 000010,28,1.000000
POLK - 000011,28,1.000000
POLK - 000012,28,1.000000
POLK - 000013,28,1.000000
POLK - 000014,28,1.000000
POLK - 000015,28,1.000000
POLK - 000016,28,1.000000
POLK - 000017,28,1.000000
POLK - 000018,28,1.000000
POLK - 000019,28,1.000000
POLK - 000020,28,1.000000
POLK - 000021,28,1.000000
POLK - 000022,28,1.000000
POLK - 000023,28,1.000000
PULASKI - 000002,16,1.000000
PULASKI - 000003,16,1.000000
PULASKI - 000004,16,1.000000
PULASKI - 000005,16,1.000000
PULASKI - 000006,16,1.000000
PULASKI - 000007,16,1.000000
PULASKI - 000008,16,1.000000
PULASKI - 000009,16,1.000000
PULASKI - 000010,16,1.000000
PULASKI - 000011,16,1.000000
PULASKI - 000012,16,1.000000
PUTNAM - 000002,18,1.000000
PUTNAM - 000003,18,1.000000
PUTNAM - 000004,18,1.000000
PUTNAM - 000005,18,1.000000
PUTNAM - 000006,18,1.000000
PUTNAM - 000007,18,1.000000
PUTNAM - 000008,18,1.000000
PUTNAM - 000009,18,1.000000
PUTNAM - 000010,18,1.000000
PUTNAM - 000011,18,1.000000
PUTNAM - 000012,18,1.000000
PUTNAM - 000013,18,1.000000
PUTNAM - 000014,18,1.000000
PUTNAM - 000015,18,1.000000
RALLS - 000002,18,1.000000
RALLS - 000003,18,1.000000
RALLS - 000004,18,1.000000
RALLS - 000005,18,1.000000
RALLS - 000006,18,1.000000
RALLS - 000007,18,1.000000
RALLS - 000008,18,1.000000
RALLS - 000009,18,1.000000
RALLS - 000010,18,1.000000
RANDOLPH - 000002,18,1.000000
RANDOLPH - 000003,18,1.000000
RANDOLPH - 000004,18,1.000000
RANDOLPH - 000005,18,1.000000
RANDOLPH - 000006,18,1.000000
RANDOLPH - 000007,18,1.000000
RANDOLPH - 000008,18,1.000000
RANDOLPH - 000009,18,1.000000
RANDOLPH - 000010,18,1.000000
RANDOLPH - 000011,18,1.000000
RANDOLPH - 000012,18,1.000000
RANDOLPH - 000013,18,1.000000
RANDOLPH - 000014,18,1.000000
RANDOLPH - 000015,18,1.000000
RANDOLPH - 000016,18,1.000000
RANDOLPH - 000017,18,1.000000
RANDOLPH - 000018,18,1.000000
RANDOLPH - 000019,18,1.000000
RANDOLPH - 000020,18,1.000000
RANDOLPH - 000021,18,1.000000
RANDOLPH - 000022,18,1.000000
RANDOLPH - 000023,18,1.000000
RANDOLPH - 000024,18,1.000000
RANDOLPH - 000025,18,1.000000
RANDOLPH - 000026,18,1.000000
RANDOLPH - 000027,18,1.000000
RANDOLPH - 000028,18,1.000000
RAY - 000002,21,1.000000
RAY - 000003,21,1.000000
RAY - 000004,21,1.000000
RAY - 000005,21,1.000000
RAY - 000006,21,1.000000
RAY - 000007,21,1.000000
RAY - 000008,21,1.000000
RAY - 000009,21,1.000000
RAY - 000010,21,1.000000
RAY - 000011,21,1.000000
RAY - 000012,21,1.000000
RAY - 000013,21,1.000000
RAY - 000014,21,1.000000
REYNOLDS - 000002,27,1.000000
REYNOLDS - 000003,27,1.000000
REYNOLDS - 000004,27,1.000000
REYNOLDS - 000005,27,1.000000
REYNOLDS - 000006,27,1.000000
REYNOLDS - 000007,27,1.000000
REYNOLDS - 000008,27,1.000000
REYNOLDS - 000009,27,1.000000
REYNOLDS - 000010,27,1.000000
REYNOLDS - 000011,27,1.000000
REYNOLDS - 000012,27,1.000000
REYNOLDS - 000013,27,1.000000
REYNOLDS - 000014,27,1.000000
RIPLEY - 000002,25,1.000000
RIPLEY - 000003,25,1.000000
RIPLEY - 000004,25,1.000000
RIPLEY - 000005,25,1.000000
RIPLEY - 000006,25,1.000000
RIPLEY - 000007,25,1.000000
RIPLEY - 000008,25,1.000000
RIPLEY - 000009,25,1.000000
RIPLEY - 000010,25,1.000000
RIPLEY - 000011,25,1.000000
RIPLEY - 000012,25,1.000000
RIPLEY - 000013,25,1.000000
RIPLEY - 000014,25,1.000000
SALINE - 000002,21,1.000000
SALINE - 000003,21,1.000000
SALINE - 000004,21,1.000000
SALINE - 000005,21,1.000000
SALINE - 000006,21,1.000000
SALINE - 000007,21,1.000000
SALINE - 000008,21,1.000000
SALINE - 000009,21,1.000000
SALINE - 000010,21,1.000000
SALINE - 000011,21,1.000000
SALINE - 000012,21,1.000000
SALINE - 000013,21,1.000000
SALINE - 000014,21,1.000000
SALINE - 000015,21,1.000000
SALINE - 000016,21,1.000000
SALINE - 000017,21,1.000000
SALINE - 000018,21,1.000000
SALINE - 000019,21,1.000000
SALINE - 000020,21,1.000000
SCHUYLER - 000002,18,1.000000
SCHUYLER - 000003,18,1.000000
SCHUYLER - 000004,18,1.000000
SCHUYLER - 000005,18,1.000000
SCHUYLER - 000006,18,1.000000
SCOTLAND - 000002,18,1.000000
SCOTLAND - 000003,18,1.000000
SCOTLAND - 000004,18,1.000000
SCOTLAND - 000005,18,1.000000
SCOTLAND - 000006,18,1.000000
SCOTLAND - 000007,18,1.000000
SCOTLAND - 000008,18,1.000000
SCOTLAND - 000009,18,1.000000
SCOTT - 000002,27,1.000000
SCOTT - 000003,27,1.000000
SCOTT - 000004,27,0.985714
SCOTT - 000004,25,0.014286
SCOTT - 000005,27,1.000000
SCOTT - 000006,27,1.000000
SCOTT - 000007,27,1.000000
SCOTT - 000008,27,1.000000
SCOTT - 000009,27,1.000000
SCOTT - 000010,27,1.000000
SCOTT - 000011,27,1.000000
SCOTT - 000012,27,1.000000
SCOTT - 000013,27,1.000000
SCOTT - 000014,27,1.000000
SCOTT - 000015,27,1.000000
SCOTT - 000016,27,1.000000
SCOTT - 000017,27,1.000000
SCOTT - 000018,27,1.000000
SCOTT - 000019,27,1.000000
SCOTT - 000020,27,1.000000
SCOTT - 000021,27,1.000000
SCOTT - 000022,27,1.000000
SCOTT - 000023,27,1.000000
SCOTT - 000024,27,1.000000
SCOTT - 000025,27,1.000000
SCOTT - 000026,27,1.000000
SCOTT - 000027,27,1.000000
SCOTT - 000028,27,1.000000
SCOTT - 000029,27,1.000000
SCOTT - 000030,27,1.000000
SCOTT - 000031,27,1.000000
SHANNON - 000002,33,1.000000
SHANNON - 000003,33,1.000000
SHANNON - 000004,33,1.000000
SHANNON - 000005,33,1.000000
SHANNON - 000006,33,1.000000
SHANNON - 000007,33,1.000000
SHANNON - 000008,33,1.000000
SHANNON - 000009,33,1.000000
SHANNON - 000010,33,1.000000
SHANNON - 000011,33,1.000000
SHANNON - 000012,33,1.000000
SHELBY - 000002,18,1.000000
SHELBY - 000003,18,1.000000
SHELBY - 000004,18,1.000000
SHELBY - 000005,18,1.000000
SHELBY - 000006,18,1.000000
SHELBY - 000007,18,1.000000
SHELBY - 000008,18,1.000000
SHELBY - 000009,18,1.000000
ST. CHARLES - 000002,23,1.000000
ST. CHARLES - 000003,23,1.000000
ST. CHARLES - 000004,23,1.000000
ST. CHARLES - 000005,23,1.000000
ST. CHARLES - 000006,23,1.000000
ST. CHARLES - 000007,23,1.000000
ST. CHARLES - 000008,23,1.000000
ST. CHARLES - 000009,23,1.000000
ST. CHARLES - 000010,23,1.000000
ST. CHARLES - 000012,23,1.000000
ST. CHARLES - 000013,23,1.000000
ST. CHARLES - 000014,23,1.000000
ST. CHARLES - 000015,23,1.000000
ST. CHARLES - 000016,23,1.000000
ST. CHARLES - 000017,23,1.000000
ST. CHARLES - 000018,23,0.957143
ST. CHARLES - 000018,2,0.042857
ST. CHARLES - 000019,23,1.000000
ST. CHARLES - 000020,23,1.000000
ST. CHARLES - 000021,23,1.000000
ST. CHARLES - 000022,23,1.000000
ST. CHARLES - 000023,23,1.000000
ST. CHARLES - 000024,23,1.000000
ST. CHARLES - 000025,23,1.000000
ST. CHARLES - 000026,23,1.000000
ST. CHARLES - 000027,23,1.000000
ST. CHARLES - 000028,23,1.000000
ST. CHARLES - 000029,23,1.000000
ST. CHARLES - 000030,23,1.000000
ST. CHARLES - 000031,23,1.000000
ST. CHARLES - 000032,2,0.959524
ST. CHARLES - 000032,23,0.040476
ST. CHARLES - 000033,2,1.000000
ST. CHARLES - 000034,2,0.447619
ST. CHARLES - 000034,23,0.552381
ST. CHARLES - 000035,2,1.000000
ST. CHARLES - 000036,2,0.919048
ST. CHARLES - 000036,23,0.080952
ST. CHARLES - 000037,23,1.000000
ST. CHARLES - 000038,23,0.564286
ST. CHARLES - 000038,2,0.435714
ST. CHARLES - 000039,2,1.000000
ST. CHARLES - 000040,23,0.935714
ST. CHARLES - 000040,2,0.064286
ST. CHARLES - 000041,23,1.000000
ST. CHARLES - 000043,23,1.000000
ST. CHARLES - 000044,23,1.000000
ST. CHARLES - 000045,2,0.690476
ST. CHARLES - 000045,23,0.309524
ST. CHARLES - 000046,2,1.000000
ST. CHARLES - 000047,2,1.000000
ST. CHARLES - 000048,2,1.000000
ST. CHARLES - 000049,2,1.000000
ST. CHARLES - 000050,2,0.990476
ST. CHARLES - 000050,23,0.009524
ST. CHARLES - 000051,2,1.000000
ST. CHARLES - 000052,2,1.000000
ST. CHARLES - 000053,2,1.000000
ST. CHARLES - 000054,2,1.000000
ST. CHARLES - 000055,2,1.000000
ST. CHARLES - 000056,2,1.000000
ST. CHARLES - 000057,2,1.000000
ST. CHARLES - 000058,2,1.000000
ST. CHARLES - 000059,10,1.000000
ST. CHARLES - 000060,10,1.000000
ST. CHARLES - 000062,10,0.904762
ST. CHARLES - 000062,2,0.095238
ST. CHARLES - 000063,10,1.000000
ST. CHARLES - 000064,10,1.000000
ST. CHARLES - 000065,2,1.000000
ST. CHARLES - 000066,2,0.614286
ST. CHARLES - 000066,10,0.385714
ST. CHARLES - 000067,2,1.000000
ST. CHARLES - 000068,2,1.000000
ST. CHARLES - 000069,2,1.000000
ST. CHARLES - 000071,2,1.000000
ST. CHARLES - 000072,2,1.000000
ST. CHARLES - 000073,2,1.000000
ST. CHARLES - 000074,2,1.000000
ST. CHARLES - 000076,2,1.000000
ST. CHARLES - 000077,2,1.000000
ST. CHARLES - 000078,2,1.000000
ST. CHARLES - 000079,2,0.742857
ST. CHARLES - 000079,10,0.257143
ST. CHARLES - 000081,2,1.000000
ST. CHARLES - 000082,2,1.000000
ST. CHARLES - 000084,23,1.000000
ST. CHARLES - 000085,23,1.000000
ST. CHARLES - 000086,2,0.997619
ST. CHARLES - 000086,15,0.002381
ST. CHARLES - 000087,2,1.000000
ST. CHARLES - 000088,2,1.000000
ST. CHARLES - 000089,2,1.000000
ST. CHARLES - 000090,2,1.000000
ST. CHARLES - 000091,2,1.000000
ST. CHARLES - 000092,2,0.828571
ST. CHARLES - 000092,23,0.021429
ST. CHARLES - 000092,15,0.150000
ST. CHARLES - 000093,23,0.988095
ST. CHARLES - 000093,2,0.011905
ST. CHARLES - 000094,2,1.000000
ST. CHARLES - 000095,23,1.000000
ST. CHARLES - 000096,23,0.673810
ST. CHARLES - 000096,2,0.326190
ST. CHARLES - 000097,23,0.197619
ST. CHARLES - 000097,2,0.802381
ST. CHARLES - 000098,23,1.000000
ST. CHARLES - 000099,23,1.000000
ST. CHARLES - 000100,23,1.000000
ST. CHARLES - 000101,23,1.000000
ST. CHARLES - 000102,23,1.000000
ST. CHARLES - 000103,23,1.000000
ST. CHARLES - 000104,23,1.000000
ST. CHARLES - 000105,23,1.000000
ST. CHARLES - 000106,23,1.000000
ST. CHARLES - 000107,23,1.000000
ST. CHARLES - 000108,23,1.000000
ST. CHARLES - 000109,23,1.000000
ST. CHARLES - 000110,23,1.000000
ST. CHARLES - 000111,23,1.000000
ST. CHARLES - 000112,23,1.000000
ST. CHARLES - 000113,23,1.000000
ST. CHARLES - 000114,23,1.000000
ST. CHARLES - 000115,23,1.000000
ST. CHARLES - 000117,23,1.000000
ST. CHARLES - 000118,23,1.000000
ST. CHARLES - 000119,23,1.000000
ST. CHARLES - 000120,23,1.000000
ST. CHARLES - 000121,23,1.000000
ST. CHARLES - 000122,23,1.000000
ST. CHARLES - 000123,23,1.000000
ST. CHARLES - 000124,23,1.000000
ST. CHARLES - 000125,23,1.000000
ST. CHARLES - 000126,23,1.000000
ST. CHARLES - 000127,23,1.000000
ST. CHARLES - 000128,23,1.000000
ST. CHARLES - 000129,23,1.000000
ST. CHARLES - 000130,23,1.000000
ST. CHARLES - 000131,23,1.000000
ST. CHARLES - 000132,23,1.000000
ST. CHARLES - 000133,23,1.000000
ST. CHARLES - 000134,23,1.000000
ST. CHARLES - 000135,23,0.766667
ST. CHARLES - 000135,2,0.233333
ST. CHARLES - 000136,2,0.850000
ST. CHARLES - 000136,23,0.133333
ST. CHARLES - 000136,24,0.004762
ST. CHARLES - 000136,15,0.011905
ST. CHARLES - 000137,23,1.000000
ST. CHARLES - 000138,23,1.000000
ST. CHARLES - 000139,23,1.000000
ST. CHARLES - 000140,23,1.000000
ST. CHARLES - 000141,23,1.000000
ST. CHARLES - 000142,2,1.000000
ST. CLAIR - 000002,28,1.000000
ST. CLAIR - 000003,28,1.000000
ST. CLAIR - 000004,28,1.000000
ST. CLAIR - 000005,28,1.000000
ST. CLAIR - 000006,28,1.000000
ST. CLAIR - 000007,28,1.000000
ST. CLAIR - 000008,28,1.000000
ST. CLAIR - 000009,28,1.000000
ST. CLAIR - 000010,28,1.000000
ST. CLAIR - 000011,28,1.000000
ST. CLAIR - 000012,28,1.000000
ST. CLAIR - 000013,28,1.000000
ST. CLAIR - 000014,28,1.000000
ST. CLAIR - 000015,28,1.000000
ST. CLAIR - 000016,28,1.000000
ST. CLAIR - 000017,28,1.000000
ST. CLAIR - 000018,28,1.000000
ST. CLAIR - 000019,28,1.000000
ST. FRANCOIS - 000002,3,1.000000
ST. FRANCOIS - 000003,3,1.000000
ST. FRANCOIS - 000004,3,1.000000
ST. FRANCOIS - 000005,3,1.000000
ST. FRANCOIS - 000006,3,1.000000
ST. FRANCOIS - 000007,3,1.000000
ST. FRANCOIS - 000008,3,1.000000
ST. FRANCOIS - 000009,3,1.000000
ST. FRANCOIS - 000010,3,1.000000
ST. FRANCOIS - 000011,3,1.000000
ST. FRANCOIS - 000012,3,1.000000
ST. FRANCOIS - 000013,3,1.000000
ST. FRANCOIS - 000014,3,1.000000
ST. FRANCOIS - 000015,3,1.000000
ST. FRANCOIS - 000016,3,1.000000
ST. FRANCOIS - 000017,3,1.000000
ST. FRANCOIS - 000018,3,1.000000
ST. FRANCOIS - 000019,3,1.000000
ST. FRANCOIS - 000020,3,1.000000
ST. FRANCOIS - 000021,3,1.000000
ST. FRANCOIS - 000022,3,1.000000
ST. FRANCOIS - 000023,3,1.000000
ST. FRANCOIS - 000024,3,1.000000
ST. FRANCOIS - 000025,3,1.000000
ST. FRANCOIS - 000026,3,1.000000
ST. FRANCOIS - 000027,3,1.000000
ST. FRANCOIS - 000028,3,1.000000
ST. FRANCOIS - 000029,3,1.000000
ST. LOUIS - 000002,14,1.000000
ST. LOUIS - 000002,4,0.452381
ST. LOUIS - 000002,5,0.547619
ST. LOUIS - 000003,14,1.000000
ST. LOUIS - 000003,5,1.000000
ST. LOUIS - 000004,14,1.000000
ST. LOUIS - 000004,5,1.000000
ST. LOUIS - 000005,14,1.000000
ST. LOUIS - 000005,5,1.000000
ST. LOUIS - 000006,14,1.000000
ST. LOUIS - 000006,5,1.000000
ST. LOUIS - 000007,14,1.000000
ST. LOUIS - 000007,5,1.000000
ST. LOUIS - 000008,14,1.000000
ST. LOUIS - 000008,5,1.000000
ST. LOUIS - 000009,14,1.000000
ST. LOUIS - 000009,5,1.000000
ST. LOUIS - 000010,14,0.254762
ST. LOUIS - 000010,24,0.745238
ST. LOUIS - 000010,5,1.000000
ST. LOUIS - 000011,14,1.000000
ST. LOUIS - 000011,5,1.000000
ST. LOUIS - 000012,14,1.000000
ST. LOUIS - 000012,5,1.000000
ST. LOUIS - 000013,14,1.000000
ST. LOUIS - 000013,5,1.000000
ST. LOUIS - 000014,14,1.000000
ST. LOUIS - 000014,5,1.000000
ST. LOUIS - 000015,5,1.000000
ST. LOUIS - 000016,24,1.000000
ST. LOUIS - 000016,5,1.000000
ST. LOUIS - 000017,13,0.980952
ST. LOUIS - 000017,14,0.019048
ST. LOUIS - 000017,5,1.000000
ST. LOUIS - 000018,14,1.000000
ST. LOUIS - 000018,5,1.000000
ST. LOUIS - 000019,13,0.976190
ST. LOUIS - 000019,14,0.023810
ST. LOUIS - 000019,5,1.000000
ST. LOUIS - 000020,14,1.000000
ST. LOUIS - 000020,5,1.000000
ST. LOUIS - 000021,14,1.000000
ST. LOUIS - 000021,5,1.000000
ST. LOUIS - 000022,13,1.000000
ST. LOUIS - 000022,5,1.000000
ST. LOUIS - 000023,14,1.000000
ST. LOUIS - 000023,5,1.000000
ST. LOUIS - 000024,14,1.000000
ST. LOUIS - 000024,5,1.000000
ST. LOUIS - 000025,13,1.000000
ST. LOUIS - 000025,5,1.000000
ST. LOUIS - 000026,14,1.000000
ST. LOUIS - 000026,5,1.000000
ST. LOUIS - 000027,14,1.000000
ST. LOUIS - 000027,4,1.000000
ST. LOUIS - 000028,14,1.000000
ST. LOUIS - 000028,5,1.000000
ST. LOUIS - 000029,24,1.000000
ST. LOUIS - 000029,4,1.000000
ST. LOUIS - 000030,24,1.000000
ST. LOUIS - 000030,5,1.000000
ST. LOUIS - 000031,24,1.000000
ST. LOUIS - 000031,5,1.000000
ST. LOUIS - 000032,24,1.000000
ST. LOUIS - 000032,5,1.000000
ST. LOUIS - 000033,24,1.000000
ST. LOUIS - 000033,5,1.000000
ST. LOUIS - 000034,1,0.992857
ST. LOUIS - 000034,24,0.007143
ST. LOUIS - 000034,5,1.000000
ST. LOUIS - 000035,24,1.000000
ST. LOUIS - 000035,5,1.000000
ST. LOUIS - 000036,24,1.000000
ST. LOUIS - 000036,5,0.650000
ST. LOUIS - 000036,4,0.350000
ST. LOUIS - 000037,24,1.000000
ST. LOUIS - 000037,5,0.538095
ST. LOUIS - 000037,4,0.461905
ST. LOUIS - 000038,24,1.000000
ST. LOUIS - 000038,5,1.000000
ST. LOUIS - 000039,24,1.000000
ST. LOUIS - 000039,4,1.000000
ST. LOUIS - 000040,24,1.000000
ST. LOUIS - 000040,4,1.000000
ST. LOUIS - 000041,24,1.000000
ST. LOUIS - 000041,4,1.000000
ST. LOUIS - 000042,24,1.000000
ST. LOUIS - 000042,4,1.000000
ST. LOUIS - 000043,24,1.000000
ST. LOUIS - 000043,4,1.000000
ST. LOUIS - 000044,24,1.000000
ST. LOUIS - 000044,4,1.000000
ST. LOUIS - 000045,24,1.000000
ST. LOUIS - 000045,4,1.000000
ST. LOUIS - 000046,24,1.000000
ST. LOUIS - 000046,4,0.716667
ST. LOUIS - 000046,5,0.283333
ST. LOUIS - 000047,24,1.000000
ST. LOUIS - 000047,4,1.000000
ST. LOUIS - 000048,24,1.000000
ST. LOUIS - 000048,4,1.000000
ST. LOUIS - 000049,24,1.000000
ST. LOUIS - 000049,4,1.000000
ST. LOUIS - 000050,24,1.000000
ST. LOUIS - 000050,4,1.000000
ST. LOUIS - 000051,24,1.000000
ST. LOUIS - 000051,4,1.000000
ST. LOUIS - 000052,15,1.000000
ST. LOUIS - 000052,4,0.942857
ST. LOUIS - 000052,5,0.057143
ST. LOUIS - 000053,15,1.000000
ST. LOUIS - 000053,4,1.000000
ST. LOUIS - 000054,15,1.000000
ST. LOUIS - 000054,4,1.000000
ST. LOUIS - 000055,15,1.000000
ST. LOUIS - 000055,4,1.000000
ST. LOUIS - 000056,15,1.000000
ST. LOUIS - 000056,4,1.000000
ST. LOUIS - 000057,15,1.000000
ST. LOUIS - 000057,5,1.000000
ST. LOUIS - 000058,15,1.000000
ST. LOUIS - 000058,5,1.000000
ST. LOUIS - 000059,15,1.000000
ST. LOUIS - 000059,5,1.000000
ST. LOUIS - 000060,15,1.000000
ST. LOUIS - 000060,5,1.000000
ST. LOUIS - 000061,15,1.000000
ST. LOUIS - 000061,5,1.000000
ST. LOUIS - 000062,15,1.000000
ST. LOUIS - 000062,4,0.952381
ST. LOUIS - 000062,5,0.047619
ST. LOUIS - 000063,15,1.000000
ST. LOUIS - 000063,5,0.435714
ST. LOUIS - 000063,4,0.564286
ST. LOUIS - 000064,15,1.000000
ST. LOUIS - 000064,4,1.000000
ST. LOUIS - 000065,15,1.000000
ST. LOUIS - 000065,4,1.000000
ST. LOUIS - 000066,15,1.000000
ST. LOUIS - 000066,4,1.000000
ST. LOUIS - 000067,15,0.926190
ST. LOUIS - 000067,24,0.069048
ST. LOUIS - 000067,2,0.004762
ST. LOUIS - 000067,4,1.000000
ST. LOUIS - 000068,15,1.000000
ST. LOUIS - 000068,4,1.000000
ST. LOUIS - 000069,15,1.000000
ST. LOUIS - 000069,4,1.000000
ST. LOUIS - 000070,15,1.000000
ST. LOUIS - 000070,4,1.000000
ST. LOUIS - 000071,15,1.000000
ST. LOUIS - 000071,4,1.000000
ST. LOUIS - 000072,15,1.000000
ST. LOUIS - 000072,4,1.000000
ST. LOUIS - 000073,15,1.000000
ST. LOUIS - 000073,4,1.000000
ST. LOUIS - 000074,14,1.000000
ST. LOUIS - 000074,4,1.000000
ST. LOUIS - 000075,4,0.973810
ST. LOUIS - 000075,24,0.016667
ST. LOUIS - 000075,14,0.009524
ST. LOUIS - 000075,4,1.000000
ST. LOUIS - 000076,24,1.000000
ST. LOUIS - 000076,4,1.000000
ST. LOUIS - 000077,24,0.978571
ST. LOUIS - 000077,4,0.007143
ST. LOUIS - 000077,14,0.014286
ST. LOUIS - 000077,4,1.000000
ST. LOUIS - 000078,24,1.000000
ST. LOUIS - 000078,4,1.000000
ST. LOUIS - 000079,24,0.950000
ST. LOUIS - 000079,4,0.050000
ST. LOUIS - 000079,4,0.352381
ST. LOUIS - 000079,5,0.647619
ST. LOUIS - 000080,4,1.000000
ST. LOUIS - 000080,4,1.000000
ST. LOUIS - 000081,1,1.000000
ST. LOUIS - 000081,4,1.000000
ST. LOUIS - 000082,4,1.000000
ST. LOUIS - 000082,4,1.000000
ST. LOUIS - 000083,4,1.000000
ST. LOUIS - 000083,4,1.000000
ST. LOUIS - 000084,24,1.000000
ST. LOUIS - 000084,4,1.000000
ST. LOUIS - 000085,24,1.000000
ST. LOUIS - 000085,5,1.000000
ST. LOUIS - 000086,4,1.000000
ST. LOUIS - 000086,4,1.000000
ST. LOUIS - 000087,4,1.000000
ST. LOUIS - 000087,4,1.000000
ST. LOUIS - 000088,4,1.000000
ST. LOUIS - 000088,4,1.000000
ST. LOUIS - 000089,4,1.000000
ST. LOUIS - 000089,4,1.000000
ST. LOUIS - 000090,4,1.000000
ST. LOUIS - 000090,4,1.000000
ST. LOUIS - 000091,4,1.000000
ST. LOUIS - 000091,4,1.000000
ST. LOUIS - 000092,4,1.000000
ST. LOUIS - 000092,4,1.000000
ST. LOUIS - 000093,4,1.000000
ST. LOUIS - 000093,4,1.000000
ST. LOUIS - 000094,4,0.959524
ST. LOUIS - 000094,1,0.040476
ST. LOUIS - 000094,4,1.000000
ST. LOUIS - 000095,4,1.000000
ST. LOUIS - 000095,4,1.000000
ST. LOUIS - 000096,4,1.000000
ST. LOUIS - 000097,24,1.000000
ST. LOUIS - 000097,4,1.000000
ST. LOUIS - 000098,4,1.000000
ST. LOUIS - 000098,4,1.000000
ST. LOUIS - 000099,4,1.000000
ST. LOUIS - 000099,4,1.000000
ST. LOUIS - 000100,4,0.388095
ST. LOUIS - 000100,1,0.611905
ST. LOUIS - 000100,4,1.000000
ST. LOUIS - 000101,1,1.000000
ST. LOUIS - 000101,4,1.000000
ST. LOUIS - 000102,1,1.000000
ST. LOUIS - 000102,4,1.000000
ST. LOUIS - 000103,1,1.000000
ST. LOUIS - 000103,4,1.000000
ST. LOUIS - 000104,1,1.000000
ST. LOUIS - 000104,4,1.000000
ST. LOUIS - 000105,1,1.000000
ST. LOUIS - 000105,4,1.000000
ST. LOUIS - 000106,1,0.971429
ST. LOUIS - 000106,4,0.028571
ST. LOUIS - 000106,4,1.000000
ST. LOUIS - 000107,1,1.000000
ST. LOUIS - 000107,4,1.000000
ST. LOUIS - 000108,1,1.000000
ST. LOUIS - 000108,4,1.000000
ST. LOUIS - 000109,1,1.000000
ST. LOUIS - 000109,5,1.000000
ST. LOUIS - 000110,1,0.816667
ST. LOUIS - 000110,24,0.183333
ST. LOUIS - 000110,5,1.000000
ST. LOUIS - 000111,24,1.000000
ST. LOUIS - 000111,4,1.000000
ST. LOUIS - 000112,1,1.000000
ST. LOUIS - 000112,5,0.290476
ST. LOUIS - 000112,4,0.709524
ST. LOUIS - 000113,1,1.000000
ST. LOUIS - 000113,5,1.000000
ST. LOUIS - 000114,1,1.000000
ST. LOUIS - 000114,5,1.000000
ST. LOUIS - 000115,1,1.000000
ST. LOUIS - 000115,5,1.000000
ST. LOUIS - 000116,1,1.000000
ST. LOUIS - 000116,4,1.000000
ST. LOUIS - 000117,1,1.000000
ST. LOUIS - 000117,5,1.000000
ST. LOUIS - 000118,1,1.000000
ST. LOUIS - 000118,5,1.000000
ST. LOUIS - 000119,1,1.000000
ST. LOUIS - 000119,5,1.000000
ST. LOUIS - 000120,1,1.000000
ST. LOUIS - 000120,5,1.000000
ST. LOUIS - 000121,1,1.000000
ST. LOUIS - 000121,4,1.000000
ST. LOUIS - 000122,1,1.000000
ST. LOUIS - 000122,5,0.404762
ST. LOUIS - 000122,4,0.595238
ST. LOUIS - 000123,1,1.000000
ST. LOUIS - 000123,5,1.000000
ST. LOUIS - 000124,1,1.000000
ST. LOUIS - 000124,5,1.000000
ST. LOUIS - 000125,1,1.000000
ST. LOUIS - 000125,5,1.000000
ST. LOUIS - 000126,24,1.000000
ST. LOUIS - 000126,5,1.000000
ST. LOUIS - 000127,24,1.000000
ST. LOUIS - 000127,5,1.000000
ST. LOUIS - 000128,24,1.000000
ST. LOUIS - 000128,5,1.000000
ST. LOUIS - 000129,24,1.000000
ST. LOUIS - 000129,5,1.000000
ST. LOUIS - 000130,24,1.000000
ST. LOUIS - 000130,5,1.000000
ST. LOUIS - 000131,24,1.000000
ST. LOUIS - 000131,5,1.000000
ST. LOUIS - 000132,14,0.678571
ST. LOUIS - 000132,24,0.321429
ST. LOUIS - 000132,5,1.000000
ST. LOUIS - 000133,14,1.000000
ST. LOUIS - 000133,5,1.000000
ST. LOUIS - 000134,14,0.976190
ST. LOUIS - 000134,24,0.023810
ST. LOUIS - 000134,5,1.000000
ST. LOUIS - 000135,24,0.992857
ST. LOUIS - 000135,14,0.007143
ST. LOUIS - 000135,5,1.000000
ST. LOUIS - 000136,14,1.000000
ST. LOUIS - 000136,5,1.000000
ST. LOUIS - 000137,14,1.000000
ST. LOUIS - 000137,5,1.000000
ST. LOUIS - 000138,14,1.000000
ST. LOUIS - 000138,5,1.000000
ST. LOUIS - 000139,24,1.000000
ST. LOUIS - 000139,5,1.000000
ST. LOUIS - 000140,24,1.000000
ST. LOUIS - 000140,5,1.000000
ST. LOUIS - 000141,14,1.000000
ST. LOUIS - 000141,5,1.000000
ST. LOUIS - 000142,24,1.000000
ST. LOUIS - 000142,5,1.000000
ST. LOUIS - 000143,24,1.000000
ST. LOUIS - 000143,5,1.000000
ST. LOUIS - 000144,24,1.000000
ST. LOUIS - 000144,5,1.000000
ST. LOUIS - 000145,24,1.000000
ST. LOUIS - 000145,5,1.000000
ST. LOUIS - 000146,24,1.000000
ST. LOUIS - 000146,5,1.000000
ST. LOUIS - 000147,24,1.000000
ST. LOUIS - 000147,5,1.000000
ST. LOUIS - 000148,14,0.566667
ST. LOUIS - 000148,24,0.433333
ST. LOUIS - 000148,5,1.000000
ST. LOUIS - 000149,24,1.000000
ST. LOUIS - 000149,5,1.000000
ST. LOUIS - 000150,24,1.000000
ST. LOUIS - 000150,5,1.000000
ST. LOUIS - 000151,5,1.000000
ST. LOUIS - 000152,24,1.000000
ST. LOUIS - 000152,5,0.990476
ST. LOUIS - 000152,13,0.009524
ST. LOUIS - 000153,24,1.000000
ST. LOUIS - 000153,5,1.000000
ST. LOUIS - 000154,14,1.000000
ST. LOUIS - 000154,5,1.000000
ST. LOUIS - 000155,14,1.000000
ST. LOUIS - 000155,5,1.000000
ST. LOUIS - 000156,14,1.000000
ST. LOUIS - 000156,5,1.000000
ST. LOUIS - 000157,14,1.000000
ST. LOUIS - 000157,5,1.000000
ST. LOUIS - 000158,14,1.000000
ST. LOUIS - 000158,5,1.000000
ST. LOUIS - 000159,14,1.000000
ST. LOUIS - 000159,5,1.000000
ST. LOUIS - 000160,14,1.000000
ST. LOUIS - 000160,5,1.000000
ST. LOUIS - 000161,14,1.000000
ST. LOUIS - 000161,5,1.000000
ST. LOUIS - 000162,14,1.000000
ST. LOUIS - 000162,5,1.000000
ST. LOUIS - 000163,14,1.000000
ST. LOUIS - 000163,5,1.000000
ST. LOUIS - 000164,14,1.000000
ST. LOUIS - 000164,5,1.000000
ST. LOUIS - 000165,14,0.642857
ST. LOUIS - 000165,13,0.357143
ST. LOUIS - 000165,5,1.000000
ST. LOUIS - 000166,14,1.000000
ST. LOUIS - 000166,5,1.000000
ST. LOUIS - 000167,14,1.000000
ST. LOUIS - 000167,5,1.000000
ST. LOUIS - 000168,14,1.000000
ST. LOUIS - 000168,5,1.000000
ST. LOUIS - 000169,13,1.000000
ST. LOUIS - 000169,5,1.000000
ST. LOUIS - 000170,13,1.000000
ST. LOUIS - 000170,5,1.000000
ST. LOUIS - 000171,13,0.978571
ST. LOUIS - 000171,14,0.021429
ST. LOUIS - 000171,5,1.000000
ST. LOUIS - 000172,14,1.000000
ST. LOUIS - 000172,5,1.000000
ST. LOUIS - 000173,13,1.000000
ST. LOUIS - 000173,5,1.000000
ST. LOUIS - 000174,13,0.978571
ST. LOUIS - 000174,14,0.021429
ST. LOUIS - 000174,5,1.000000
ST. LOUIS - 000175,14,1.000000
ST. LOUIS - 000175,5,1.000000
ST. LOUIS - 000176,13,1.000000
ST. LOUIS - 000176,5,1.000000
ST. LOUIS - 000177,14,1.000000
ST. LOUIS - 000177,5,1.000000
ST. LOUIS - 000178,14,1.000000
ST. LOUIS - 000178,5,1.000000
ST. LOUIS - 000179,14,1.000000
ST. LOUIS - 000179,5,1.000000
ST. LOUIS - 000180,13,0.428571
ST. LOUIS - 000180,14,0.571429
ST. LOUIS - 000180,5,1.000000
ST. LOUIS - 000181,14,1.000000
ST. LOUIS - 000181,5,1.000000
ST. LOUIS - 000182,5,1.000000
ST. LOUIS - 000183,13,1.000000
ST. LOUIS - 000183,5,1.000000
ST. LOUIS - 000184,13,1.000000
ST. LOUIS - 000184,5,1.000000
ST. LOUIS - 000185,13,1.000000
ST. LOUIS - 000185,5,1.000000
ST. LOUIS - 000186,13,1.000000
ST. LOUIS - 000186,5,1.000000
ST. LOUIS - 000187,13,1.000000
ST. LOUIS - 000187,5,1.000000
ST. LOUIS - 000188,13,1.000000
ST. LOUIS - 000188,5,1.000000
ST. LOUIS - 000189,13,1.000000
ST. LOUIS - 000189,5,1.000000
ST. LOUIS - 000190,13,1.000000
ST. LOUIS - 000190,5,1.000000
ST. LOUIS - 000191,13,1.000000
ST. LOUIS - 000191,5,1.000000
ST. LOUIS - 000192,13,1.000000
ST. LOUIS - 000192,5,1.000000
ST. LOUIS - 000193,13,1.000000
ST. LOUIS - 000193,5,1.000000
ST. LOUIS - 000194,13,1.000000
ST. LOUIS - 000194,5,1.000000
ST. LOUIS - 000195,13,1.000000
ST. LOUIS - 000195,4,1.000000
ST. LOUIS - 000196,13,1.000000
ST. LOUIS - 000196,4,1.000000
ST. LOUIS - 000197,13,1.000000
ST. LOUIS - 000197,5,0.471429
ST. LOUIS - 000197,4,0.528571
ST. LOUIS - 000198,13,1.000000
ST. LOUIS - 000198,4,0.480952
ST. LOUIS - 000198,5,0.519048
ST. LOUIS - 000199,13,0.990476
ST. LOUIS - 000199,14,0.009524
ST. LOUIS - 000199,4,1.000000
ST. LOUIS - 000200,13,1.000000
ST. LOUIS - 000200,4,1.000000
ST. LOUIS - 000201,13,1.000000
ST. LOUIS - 000201,4,1.000000
ST. LOUIS - 000202,13,1.000000
ST. LOUIS - 000202,4,1.000000
ST. LOUIS - 000203,1,1.000000
ST. LOUIS - 000203,4,1.000000
ST. LOUIS - 000204,1,1.000000
ST. LOUIS - 000204,4,1.000000
ST. LOUIS - 000205,1,1.000000
ST. LOUIS - 000205,4,1.000000
ST. LOUIS - 000206,1,1.000000
ST. LOUIS - 000206,4,1.000000
ST. LOUIS - 000207,1,1.000000
ST. LOUIS - 000207,4,1.000000
ST. LOUIS - 000208,1,1.000000
ST. LOUIS - 000208,4,1.000000
ST. LOUIS - 000209,1,0.578571
ST. LOUIS - 000209,4,0.421429
ST. LOUIS - 000209,4,1.000000
ST. LOUIS - 000210,1,1.000000
ST. LOUIS - 000210,4,1.000000
ST. LOUIS - 000211,1,1.000000
ST. LOUIS - 000211,4,1.000000
ST. LOUIS - 000212,24,1.000000
ST. LOUIS - 000212,4,1.000000
ST. LOUIS - 000213,4,0.707143
ST. LOUIS - 000213,1,0.292857
ST. LOUIS - 000213,4,1.000000
ST. LOUIS - 000214,4,1.000000
ST. LOUIS - 000214,4,1.000000
ST. LOUIS - 000215,1,1.000000
ST. LOUIS - 000215,4,1.000000
ST. LOUIS - 000216,4,0.719048
ST. LOUIS - 000216,1,0.280952
ST. LOUIS - 000216,4,1.000000
ST. LOUIS - 000217,1,1.000000
ST. LOUIS - 000217,4,1.000000
ST. LOUIS - 000218,1,1.000000
ST. LOUIS - 000218,4,1.000000
ST. LOUIS - 000219,1,1.000000
ST. LOUIS - 000219,4,1.000000
ST. LOUIS - 000220,24,1.000000
ST. LOUIS - 000220,4,1.000000
ST. LOUIS - 000221,1,1.000000
ST. LOUIS - 000221,4,1.000000
ST. LOUIS - 000222,1,1.000000
ST. LOUIS - 000222,4,1.000000
ST. LOUIS - 000223,1,1.000000
ST. LOUIS - 000223,4,1.000000
ST. LOUIS - 000224,1,1.000000
ST. LOUIS - 000224,4,1.000000
ST. LOUIS - 000225,4,1.000000
ST. LOUIS - 000225,4,1.000000
ST. LOUIS - 000226,24,1.000000
ST. LOUIS - 000226,4,1.000000
ST. LOUIS - 000227,1,1.000000
ST. LOUIS - 000227,4,1.000000
ST. LOUIS - 000228,1,1.000000
ST. LOUIS - 000228,4,1.000000
ST. LOUIS - 000229,1,1.000000
ST. LOUIS - 000229,4,1.000000
ST. LOUIS - 000230,1,1.000000
ST. LOUIS - 000230,4,1.000000
ST. LOUIS - 000231,24,1.000000
ST. LOUIS - 000231,5,1.000000
ST. LOUIS - 000232,24,1.000000
ST. LOUIS - 000232,4,1.000000
ST. LOUIS - 000233,4,1.000000
ST. LOUIS - 000233,4,1.000000
ST. LOUIS - 000234,14,1.000000
ST. LOUIS - 000234,4,1.000000
ST. LOUIS - 000235,4,0.514286
ST. LOUIS - 000235,14,0.485714
ST. LOUIS - 000235,4,1.000000
ST. LOUIS - 000236,14,0.971429
ST. LOUIS - 000236,4,0.028571
ST. LOUIS - 000236,4,1.000000
ST. LOUIS - 000237,4,1.000000
ST. LOUIS - 000237,4,1.000000
ST. LOUIS - 000238,4,1.000000
ST. LOUIS - 000238,5,1.000000
ST. LOUIS - 000239,4,1.000000
ST. LOUIS - 000239,5,1.000000
ST. LOUIS - 000240,4,1.000000
ST. LOUIS - 000240,5,1.000000
ST. LOUIS - 000241,4,1.000000
ST. LOUIS - 000241,5,0.607143
ST. LOUIS - 000241,4,0.392857
ST. LOUIS - 000242,4,1.000000
ST. LOUIS - 000242,5,1.000000
ST. LOUIS - 000243,4,1.000000
ST. LOUIS - 000243,5,0.959524
ST. LOUIS - 000243,4,0.040476
ST. LOUIS - 000244,4,1.000000
ST. LOUIS - 000244,4,1.000000
ST. LOUIS - 000245,4,1.000000
ST. LOUIS - 000245,4,1.000000
ST. LOUIS - 000246,4,1.000000
ST. LOUIS - 000246,5,1.000000
ST. LOUIS - 000247,4,1.000000
ST. LOUIS - 000247,4,1.000000
ST. LOUIS - 000248,4,1.000000
ST. LOUIS - 000248,4,1.000000
ST. LOUIS - 000249,4,1.000000
ST. LOUIS - 000249,4,1.000000
ST. LOUIS - 000250,4,1.000000
ST. LOUIS - 000250,5,1.000000
ST. LOUIS - 000251,14,0.947619
ST. LOUIS - 000251,4,0.052381
ST. LOUIS - 000251,4,1.000000
ST. LOUIS - 000252,14,1.000000
ST. LOUIS - 000252,5,1.000000
ST. LOUIS - 000253,14,1.000000
ST. LOUIS - 000253,5,1.000000
ST. LOUIS - 000254,13,1.000000
ST. LOUIS - 000254,5,1.000000
ST. LOUIS - 000255,13,1.000000
ST. LOUIS - 000255,4,1.000000
ST. LOUIS - 000256,13,1.000000
ST. LOUIS - 000256,4,1.000000
ST. LOUIS - 000257,13,1.000000
ST. LOUIS - 000257,4,1.000000
ST. LOUIS - 000258,13,1.000000
ST. LOUIS - 000258,5,1.000000
ST. LOUIS - 000259,13,1.000000
ST. LOUIS - 000259,5,1.000000
ST. LOUIS - 000260,13,1.000000
ST. LOUIS - 000260,5,1.000000
ST. LOUIS - 000261,13,1.000000
ST. LOUIS - 000261,5,1.000000
ST. LOUIS - 000262,13,1.000000
ST. LOUIS - 000262,5,1.000000
ST. LOUIS - 000263,13,1.000000
ST. LOUIS - 000263,5,1.000000
ST. LOUIS - 000264,13,1.000000
ST. LOUIS - 000264,5,0.961905
ST. LOUIS - 000264,13,0.038095
ST. LOUIS - 000265,13,1.000000
ST. LOUIS - 000265,5,0.983333
ST. LOUIS - 000265,13,0.016667
ST. LOUIS - 000266,13,1.000000
ST. LOUIS - 000266,5,1.000000
ST. LOUIS - 000267,14,1.000000
ST. LOUIS - 000267,5,1.000000
ST. LOUIS - 000268,13,1.000000
ST. LOUIS - 000268,5,0.916667
ST. LOUIS - 000268,13,0.083333
ST. LOUIS - 000269,13,1.000000
ST. LOUIS - 000269,5,1.000000
ST. LOUIS - 000270,13,1.000000
ST. LOUIS - 000270,4,1.000000
ST. LOUIS - 000271,13,1.000000
ST. LOUIS - 000271,4,0.830952
ST. LOUIS - 000271,5,0.169048
ST. LOUIS - 000272,13,1.000000
ST. LOUIS - 000272,5,0.197619
ST. LOUIS - 000272,4,0.802381
ST. LOUIS - 000273,13,1.000000
ST. LOUIS - 000273,5,1.000000
ST. LOUIS - 000274,4,1.000000
ST. LOUIS - 000274,5,1.000000
ST. LOUIS - 000275,4,1.000000
ST. LOUIS - 000275,5,1.000000
ST. LOUIS - 000276,4,1.000000
ST. LOUIS - 000276,5,1.000000
ST. LOUIS - 000277,4,1.000000
ST. LOUIS - 000277,4,1.000000
ST. LOUIS - 000278,1,1.000000
ST. LOUIS - 000278,4,1.000000
ST. LOUIS - 000279,1,1.000000
ST. LOUIS - 000279,4,1.000000
ST. LOUIS - 000280,1,1.000000
ST. LOUIS - 000280,4,1.000000
ST. LOUIS - 000281,1,1.000000
ST. LOUIS - 000281,4,1.000000
ST. LOUIS - 000282,24,1.000000
ST. LOUIS - 000282,4,1.000000
ST. LOUIS - 000283,4,1.000000
ST. LOUIS - 000283,4,1.000000
ST. LOUIS - 000284,1,1.000000
ST. LOUIS - 000284,4,1.000000
ST. LOUIS - 000285,1,1.000000
ST. LOUIS - 000285,5,1.000000
ST. LOUIS - 000286,1,1.000000
ST. LOUIS - 000286,5,1.000000
ST. LOUIS - 000287,1,1.000000
ST. LOUIS - 000287,5,1.000000
ST. LOUIS - 000288,1,1.000000
ST. LOUIS - 000288,5,1.000000
ST. LOUIS - 000289,24,1.000000
ST. LOUIS - 000289,5,1.000000
ST. LOUIS - 000290,24,1.000000
ST. LOUIS - 000290,5,1.000000
ST. LOUIS - 000291,24,0.969048
ST. LOUIS - 000291,4,0.030952
ST. LOUIS - 000291,5,1.000000
ST. LOUIS - 000292,4,1.000000
ST. LOUIS - 000292,5,1.000000
ST. LOUIS - 000293,1,1.000000
ST. LOUIS - 000293,5,1.000000
ST. LOUIS - 000294,1,1.000000
ST. LOUIS - 000294,5,1.000000
ST. LOUIS - 000295,1,1.000000
ST. LOUIS - 000295,5,1.000000
ST. LOUIS - 000296,1,1.000000
ST. LOUIS - 000296,5,1.000000
ST. LOUIS - 000297,1,1.000000
ST. LOUIS - 000297,5,1.000000
ST. LOUIS - 000298,4,1.000000
ST. LOUIS - 000298,5,1.000000
ST. LOUIS - 000299,4,1.000000
ST. LOUIS - 000299,5,1.000000
ST. LOUIS - 000300,4,1.000000
ST. LOUIS - 000300,5,1.000000
ST. LOUIS - 000301,4,1.000000
ST. LOUIS - 000301,5,1.000000
ST. LOUIS - 000302,15,1.000000
ST. LOUIS - 000302,5,1.000000
ST. LOUIS - 000303,15,1.000000
ST. LOUIS - 000303,5,1.000000
ST. LOUIS - 000304,15,1.000000
ST. LOUIS - 000304,5,1.000000
ST. LOUIS - 000305,15,1.000000
ST. LOUIS - 000305,5,1.000000
ST. LOUIS - 000306,15,1.000000
ST. LOUIS - 000306,5,1.000000
ST. LOUIS - 000307,15,1.000000
ST. LOUIS - 000307,5,1.000000
ST. LOUIS - 000308,15,1.000000
ST. LOUIS - 000308,5,1.000000
ST. LOUIS - 000309,15,1.000000
ST. LOUIS - 000309,5,1.000000
ST. LOUIS - 000310,15,1.000000
ST. LOUIS - 000310,5,1.000000
ST. LOUIS - 000311,15,1.000000
ST. LOUIS - 000311,5,1.000000
ST. LOUIS - 000312,15,1.000000
ST. LOUIS - 000312,5,1.000000
ST. LOUIS - 000313,15,1.000000
ST. LOUIS - 000313,5,1.000000
ST. LOUIS - 000314,15,1.000000
ST. LOUIS - 000314,5,1.000000
ST. LOUIS - 000315,15,1.000000
ST. LOUIS - 000315,5,1.000000
ST. LOUIS - 000316,15,1.000000
ST. LOUIS - 000316,5,1.000000
ST. LOUIS - 000317,15,1.000000
ST. LOUIS - 000317,5,1.000000
ST. LOUIS - 000318,15,1.000000
ST. LOUIS - 000318,5,1.000000
ST. LOUIS - 000319,15,1.000000
ST. LOUIS - 000319,5,1.000000
ST. LOUIS - 000320,15,1.000000
ST. LOUIS - 000320,5,1.000000
ST. LOUIS - 000321,15,1.000000
ST. LOUIS - 000321,5,1.000000
ST. LOUIS - 000322,15,1.000000
ST. LOUIS - 000322,5,1.000000
ST. LOUIS - 000323,15,1.000000
ST. LOUIS - 000323,5,1.000000
ST. LOUIS - 000324,15,1.000000
ST. LOUIS - 000324,5,1.000000
ST. LOUIS - 000325,15,1.000000
ST. LOUIS - 000325,5,1.000000
ST. LOUIS - 000326,1,1.000000
ST. LOUIS - 000326,5,1.000000
ST. LOUIS - 000327,1,1.000000
ST. LOUIS - 000327,5,1.000000
ST. LOUIS - 000328,1,1.000000
ST. LOUIS - 000328,5,1.000000
ST. LOUIS - 000329,1,1.000000
ST. LOUIS - 000329,5,1.000000
ST. LOUIS - 000330,1,1.000000
ST. LOUIS - 000330,5,1.000000
ST. LOUIS - 000331,1,1.000000
ST. LOUIS - 000331,5,1.000000
ST. LOUIS - 000332,1,1.000000
ST. LOUIS - 000332,5,1.000000
ST. LOUIS - 000333,1,1.000000
ST. LOUIS - 000333,5,1.000000
ST. LOUIS - 000334,1,1.000000
ST. LOUIS - 000334,5,1.000000
ST. LOUIS - 000335,1,1.000000
ST. LOUIS - 000335,5,1.000000
ST. LOUIS - 000336,1,1.000000
ST. LOUIS - 000336,5,1.000000
ST. LOUIS - 000337,1,1.000000
ST. LOUIS - 000337,5,1.000000
ST. LOUIS - 000338,1,1.000000
ST. LOUIS - 000338,5,1.000000
ST. LOUIS - 000339,1,1.000000
ST. LOUIS - 000339,5,1.000000
ST. LOUIS - 000340,1,1.000000
ST. LOUIS - 000340,5,1.000000
ST. LOUIS - 000341,1,1.000000
ST. LOUIS - 000341,5,1.000000
ST. LOUIS - 000342,5,1.000000
ST. LOUIS - 000343,1,1.000000
ST. LOUIS - 000343,5,1.000000
ST. LOUIS - 000344,1,1.000000
ST. LOUIS - 000344,4,1.000000
ST. LOUIS - 000345,1,0.980952
ST. LOUIS - 000345,5,0.019048
ST. LOUIS - 000345,4,0.642857
ST. LOUIS - 000345,5,0.357143
ST. LOUIS - 000346,1,1.000000
ST. LOUIS - 000346,4,1.000000
ST. LOUIS - 000347,13,1.000000
ST. LOUIS - 000347,5,1.000000
ST. LOUIS - 000348,13,1.000000
ST. LOUIS - 000348,5,1.000000
ST. LOUIS - 000349,13,0.976190
ST. LOUIS - 000349,14,0.023810
ST. LOUIS - 000349,5,1.000000
ST. LOUIS - 000350,13,0.947619
ST. LOUIS - 000350,23,0.047619
ST. LOUIS - 000350,14,0.004762
ST. LOUIS - 000350,5,1.000000
ST. LOUIS - 000351,13,1.000000
ST. LOUIS - 000351,5,1.000000
ST. LOUIS - 000352,14,0.988095
ST. LOUIS - 000352,13,0.011905
ST. LOUIS - 000352,4,1.000000
ST. LOUIS - 000353,13,1.000000
ST. LOUIS - 000353,4,1.000000
ST. LOUIS - 000354,13,1.000000
ST. LOUIS - 000354,4,1.000000
ST. LOUIS - 000355,13,0.990476
ST. LOUIS - 000355,23,0.009524
ST. LOUIS - 000355,4,1.000000
ST. LOUIS - 000356,13,1.000000
ST. LOUIS - 000356,4,1.000000
ST. LOUIS - 000357,13,1.000000
ST. LOUIS - 000357,5,1.000000
ST. LOUIS - 000358,13,1.000000
ST. LOUIS - 000358,4,1.000000
ST. LOUIS - 000359,13,1.000000
ST. LOUIS - 000359,4,1.000000
ST. LOUIS - 000360,13,1.000000
ST. LOUIS - 000360,5,1.000000
ST. LOUIS - 000361,13,1.000000
ST. LOUIS - 000361,5,1.000000
ST. LOUIS - 000362,13,1.000000
ST. LOUIS - 000362,5,1.000000
ST. LOUIS - 000363,13,1.000000
ST. LOUIS - 000363,5,1.000000
ST. LOUIS - 000364,15,1.000000
ST. LOUIS - 000364,5,1.000000
ST. LOUIS - 000365,24,1.000000
ST. LOUIS - 000365,5,0.273810
ST. LOUIS - 000365,4,0.726190
ST. LOUIS - 000366,24,1.000000
ST. LOUIS - 000366,5,0.373810
ST. LOUIS - 000366,4,0.626190
ST. LOUIS - 000367,24,1.000000
ST. LOUIS - 000367,5,1.000000
ST. LOUIS - 000368,24,1.000000
ST. LOUIS - 000368,5,1.000000
ST. LOUIS - 000369,15,0.147619
ST. LOUIS - 000369,24,0.852381
ST. LOUIS - 000369,4,0.280952
ST. LOUIS - 000369,5,0.719048
ST. LOUIS - 000370,24,1.000000
ST. LOUIS - 000370,5,1.000000
ST. LOUIS - 000371,24,0.978571
ST. LOUIS - 000371,23,0.009524
ST. LOUIS - 000371,2,0.011905
ST. LOUIS - 000371,5,1.000000
ST. LOUIS - 000372,24,0.783333
ST. LOUIS - 000372,15,0.216667
ST. LOUIS - 000372,5,1.000000
ST. LOUIS - 000373,15,1.000000
ST. LOUIS - 000373,4,1.000000
ST. LOUIS - 000374,24,1.000000
ST. LOUIS - 000374,4,1.000000
ST. LOUIS - 000375,15,1.000000
ST. LOUIS - 000375,4,1.000000
ST. LOUIS - 000376,15,1.000000
ST. LOUIS - 000377,24,1.000000
ST. LOUIS - 000378,24,1.000000
ST. LOUIS - 000379,24,0.190476
ST. LOUIS - 000379,15,0.809524
ST. LOUIS - 000380,24,1.000000
ST. LOUIS - 000381,15,1.000000
ST. LOUIS - 000382,24,1.000000
ST. LOUIS - 000383,24,0.926190
ST. LOUIS - 000383,15,0.073810
ST. LOUIS - 000384,15,1.000000
ST. LOUIS - 000385,24,1.000000
ST. LOUIS - 000386,15,1.000000
ST. LOUIS - 000387,24,0.676190
ST. LOUIS - 000387,15,0.323810
ST. LOUIS - 000388,15,1.000000
ST. LOUIS - 000389,26,1.000000
ST. LOUIS - 000390,26,1.000000
ST. LOUIS - 000391,15,1.000000
ST. LOUIS - 000392,24,1.000000
ST. LOUIS - 000393,15,1.000000
ST. LOUIS - 000394,15,1.000000
ST. LOUIS - 000395,15,0.783333
ST. LOUIS - 000395,26,0.216667
ST. LOUIS - 000396,15,1.000000
ST. LOUIS - 000397,15,0.554762
ST. LOUIS - 000397,26,0.445238
ST. LOUIS - 000398,24,1.000000
ST. LOUIS - 000399,15,1.000000
ST. LOUIS - 000400,24,1.000000
ST. LOUIS - 000402,15,1.000000
ST. LOUIS - 000403,15,1.000000
ST. LOUIS - 000404,24,1.000000
ST. LOUIS - 000405,15,1.000000
ST. LOUIS - 000406,24,1.000000
ST. LOUIS - 000407,15,1.000000
ST. LOUIS - 000408,15,1.000000
ST. LOUIS - 000409,15,0.240476
ST. LOUIS - 000409,26,0.759524
ST. LOUIS - 000410,24,1.000000
ST. LOUIS - 000411,14,1.000000
ST. LOUIS - 000412,14,1.000000
ST. LOUIS - 000413,14,1.000000
ST. LOUIS - 000414,14,1.000000
ST. LOUIS - 000415,14,1.000000
ST. LOUIS - 000416,24,0.976190
ST. LOUIS - 000416,14,0.023810
ST. LOUIS - 000417,14,1.000000
ST. LOUIS - 000418,14,1.000000
ST. LOUIS - 000419,14,1.000000
ST. LOUIS - 000420,14,1.000000
ST. LOUIS - 000421,14,1.000000
ST. LOUIS - 000422,14,1.000000
ST. LOUIS - 000423,14,1.000000
ST. LOUIS - 000424,14,0.833333
ST. LOUIS - 000424,24,0.166667
ST. LOUIS - 000425,14,1.000000
ST. LOUIS - 000426,14,1.000000
ST. LOUIS - 000427,14,1.000000
ST. LOUIS - 000428,14,1.000000
ST. LOUIS - 000429,14,1.000000
ST. LOUIS - 000430,14,1.000000
ST. LOUIS - 000431,14,1.000000
ST. LOUIS - 000432,14,1.000000
ST. LOUIS - 000433,14,1.000000
ST. LOUIS - 000434,14,1.000000
ST. LOUIS - 000435,14,1.000000
ST. LOUIS - 000436,15,1.000000
ST. LOUIS - 000437,24,1.000000
ST. LOUIS - 000438,24,0.952381
ST. LOUIS - 000438,15,0.047619
ST. LOUIS - 000439,24,0.866667
ST. LOUIS - 000439,15,0.133333
ST. LOUIS - 000440,24,1.000000
ST. LOUIS - 000441,15,1.000000
ST. LOUIS - 000442,15,1.000000
ST. LOUIS - 000443,15,1.000000
ST. LOUIS - 000444,15,1.000000
ST. LOUIS - 000445,15,1.000000
ST. LOUIS - 000446,24,1.000000
ST. LOUIS - 000447,24,1.000000
ST. LOUIS - 000448,24,1.000000
ST. LOUIS - 000449,24,0.976190
ST. LOUIS - 000449,15,0.023810
ST. LOUIS - 000450,24,1.000000
ST. LOUIS - 000451,15,0.652381
ST. LOUIS - 000451,24,0.347619
ST. LOUIS - 000452,15,1.000000
ST. LOUIS - 000453,15,1.000000
ST. LOUIS - 000454,24,1.000000
ST. LOUIS - 000455,24,1.000000
ST. LOUIS - 000456,24,1.000000
ST. LOUIS - 000457,24,1.000000
ST. LOUIS - 000458,15,1.000000
ST. LOUIS - 000459,15,0.957143
ST. LOUIS - 000459,24,0.042857
ST. LOUIS - 000461,14,1.000000
ST. LOUIS - 000462,14,1.000000
ST. LOUIS - 000463,14,1.000000
ST. LOUIS - 000464,14,1.000000
ST. LOUIS - 000465,14,1.000000
ST. LOUIS - 000466,14,1.000000
ST. LOUIS - 000467,14,1.000000
ST. LOUIS - 000468,14,1.000000
ST. LOUIS - 000469,14,1.000000
ST. LOUIS - 000470,14,1.000000
ST. LOUIS - 000471,14,1.000000
ST. LOUIS - 000472,14,1.000000
ST. LOUIS - 000473,14,1.000000
ST. LOUIS - 000474,14,1.000000
ST. LOUIS - 000475,14,1.000000
ST. LOUIS - 000476,14,1.000000
ST. LOUIS - 000477,14,1.000000
ST. LOUIS - 000478,14,1.000000
ST. LOUIS - 000479,14,1.000000
ST. LOUIS - 000480,14,1.000000
ST. LOUIS - 000481,14,0.997619
ST. LOUIS - 000481,5,0.002381
ST. LOUIS - 000482,14,1.000000
ST. LOUIS - 000483,14,1.000000
ST. LOUIS - 000484,14,1.000000
ST. LOUIS - 000485,14,1.000000
ST. LOUIS - 000486,14,1.000000
ST. LOUIS - 000487,14,1.000000
ST. LOUIS - 000488,14,1.000000
ST. LOUIS - 000489,14,1.000000
ST. LOUIS - 000490,14,1.000000
ST. LOUIS - 000491,14,1.000000
ST. LOUIS - 000492,24,0.988095
ST. LOUIS - 000492,14,0.011905
ST. LOUIS - 000493,14,1.000000
ST. LOUIS - 000494,14,1.000000
ST. LOUIS - 000495,24,1.000000
ST. LOUIS - 000496,14,1.000000
ST. LOUIS - 000497,14,1.000000
ST. LOUIS - 000498,14,1.000000
ST. LOUIS - 000499,24,1.000000
ST. LOUIS - 000500,24,1.000000
ST. LOUIS - 000501,24,0.980952
ST. LOUIS - 000501,14,0.019048
ST. LOUIS - 000502,24,0.714286
ST. LOUIS - 000502,23,0.069048
ST. LOUIS - 000502,14,0.216667
ST. LOUIS - 000503,14,1.000000
ST. LOUIS - 000504,14,0.933333
ST. LOUIS - 000504,24,0.066667
ST. LOUIS - 000505,14,1.000000
ST. LOUIS - 000506,14,1.000000
ST. LOUIS - 000507,14,1.000000
ST. LOUIS - 000508,14,1.000000
ST. LOUIS - 000509,24,1.000000
ST. LOUIS - 000510,14,0.988095
ST. LOUIS - 000510,24,0.011905
ST. LOUIS - 000511,14,0.940476
ST. LOUIS - 000511,24,0.059524
ST. LOUIS - 000512,14,1.000000
ST. LOUIS - 000513,14,1.000000
ST. LOUIS - 000514,24,1.000000
ST. LOUIS - 000515,24,1.000000
ST. LOUIS - 000516,14,1.000000
ST. LOUIS - 000517,14,1.000000
ST. LOUIS - 000518,14,1.000000
ST. LOUIS - 000519,14,1.000000
ST. LOUIS - 000520,14,1.000000
ST. LOUIS - 000521,14,1.000000
ST. LOUIS - 000522,14,0.704762
ST. LOUIS - 000522,13,0.295238
ST. LOUIS - 000523,14,1.000000
ST. LOUIS - 000524,14,1.000000
ST. LOUIS - 000525,14,1.000000
ST. LOUIS - 000526,14,0.952381
ST. LOUIS - 000526,13,0.047619
ST. LOUIS - 000527,13,1.000000
ST. LOUIS - 000528,13,1.000000
ST. LOUIS - 000529,13,1.000000
ST. LOUIS - 000530,13,1.000000
ST. LOUIS - 000531,13,1.000000
ST. LOUIS - 000532,13,1.000000
ST. LOUIS - 000533,13,1.000000
ST. LOUIS - 000534,13,1.000000
ST. LOUIS - 000535,13,1.000000
ST. LOUIS - 000536,14,1.000000
ST. LOUIS - 000537,13,0.933333
ST. LOUIS - 000537,14,0.066667
ST. LOUIS - 000538,13,0.966667
ST. LOUIS - 000538,14,0.033333
ST. LOUIS - 000539,14,1.000000
ST. LOUIS - 000540,1,1.000000
ST. LOUIS - 000541,1,1.000000
ST. LOUIS - 000542,1,1.000000
ST. LOUIS - 000543,1,1.000000
ST. LOUIS - 000544,1,1.000000
ST. LOUIS - 000545,1,1.000000
ST. LOUIS - 000546,1,1.000000
ST. LOUIS - 000547,1,1.000000
ST. LOUIS - 000548,1,1.000000
ST. LOUIS - 000549,1,0.990476
ST. LOUIS - 000549,22,0.009524
ST. LOUIS - 000550,1,1.000000
ST. LOUIS - 000551,1,1.000000
ST. LOUIS - 000552,1,1.000000
ST. LOUIS - 000553,1,1.000000
ST. LOUIS - 000554,1,1.000000
ST. LOUIS - 000555,1,1.000000
ST. LOUIS - 000556,1,1.000000
ST. LOUIS - 000557,1,1.000000
ST. LOUIS - 000558,15,1.000000
ST. LOUIS - 000559,15,0.542857
ST. LOUIS - 000559,24,0.457143
ST. LOUIS - 000560,24,1.000000
ST. LOUIS - 000561,15,1.000000
ST. LOUIS - 000562,15,1.000000
ST. LOUIS - 000563,15,1.000000
ST. LOUIS - 000564,15,1.000000
ST. LOUIS - 000565,24,0.933333
ST. LOUIS - 000565,15,0.066667
ST. LOUIS - 000566,15,1.000000
ST. LOUIS - 000567,15,1.000000
ST. LOUIS - 000568,15,1.000000
ST. LOUIS - 000569,15,1.000000
ST. LOUIS - 000570,15,1.000000
ST. LOUIS - 000571,15,1.000000
ST. LOUIS - 000572,15,0.795238
ST. LOUIS - 000572,24,0.204762
ST. LOUIS - 000573,15,1.000000
ST. LOUIS - 000574,15,1.000000
ST. LOUIS - 000575,15,1.000000
ST. LOUIS - 000576,15,1.000000
ST. LOUIS - 000577,15,1.000000
ST. LOUIS - 000578,24,0.826190
ST. LOUIS - 000578,15,0.173810
ST. LOUIS - 000579,15,1.000000
ST. LOUIS - 000580,13,0.971429
ST. LOUIS - 000580,23,0.028571
ST. LOUIS - 000581,13,1.000000
ST. LOUIS - 000582,13,1.000000
ST. LOUIS - 000583,13,1.000000
ST. LOUIS - 000584,13,1.000000
ST. LOUIS - 000585,13,1.000000
ST. LOUIS - 000586,13,1.000000
ST. LOUIS - 000587,13,1.000000
ST. LOUIS - 000588,13,1.000000
ST. LOUIS - 000589,13,1.000000
ST. LOUIS - 000590,13,1.000000
ST. LOUIS - 000591,13,1.000000
ST. LOUIS - 000592,13,1.000000
ST. LOUIS - 000593,13,1.000000
ST. LOUIS - 000594,13,0.988095
ST. LOUIS - 000594,23,0.011905
ST. LOUIS - 000595,13,1.000000
ST. LOUIS - 000596,13,1.000000
ST. LOUIS - 000597,13,1.000000
ST. LOUIS - 000598,13,1.000000
ST. LOUIS - 000599,13,1.000000
ST. LOUIS - 000600,13,1.000000
ST. LOUIS - 000601,13,1.000000
ST. LOUIS - 000602,13,1.000000
ST. LOUIS - 000603,13,1.000000
ST. LOUIS - 000604,13,1.000000
ST. LOUIS - 000605,13,1.000000
ST. LOUIS - 000606,13,1.000000
ST. LOUIS - 000607,13,1.000000
ST. LOUIS - 000608,13,1.000000
ST. LOUIS - 000609,13,1.000000
ST. LOUIS - 000610,13,1.000000
ST. LOUIS - 000611,13,1.000000
ST. LOUIS - 000612,13,1.000000
ST. LOUIS - 000613,13,1.000000
ST. LOUIS - 000614,13,1.000000
ST. LOUIS - 000615,13,1.000000
ST. LOUIS - 000616,13,1.000000
ST. LOUIS - 000617,24,1.000000
ST. LOUIS - 000618,24,1.000000
ST. LOUIS - 000619,24,0.642857
ST. LOUIS - 000619,1,0.357143
ST. LOUIS - 000620,1,1.000000
ST. LOUIS - 000621,24,1.000000
ST. LOUIS - 000622,1,1.000000
ST. LOUIS - 000623,1,1.000000
ST. LOUIS - 000624,1,1.000000
ST. LOUIS - 000625,1,0.507143
ST. LOUIS - 000625,24,0.492857
ST. LOUIS - 000626,24,1.000000
ST. LOUIS - 000627,1,1.000000
ST. LOUIS - 000628,1,1.000000
ST. LOUIS - 000629,1,1.000000
ST. LOUIS - 000630,24,0.959524
ST. LOUIS - 000630,1,0.040476
ST. LOUIS - 000631,24,1.000000
ST. LOUIS - 000632,24,1.000000
ST. LOUIS - 000633,24,0.966667
ST. LOUIS - 000633,22,0.033333
ST. LOUIS - 000634,1,1.000000
ST. LOUIS - 000635,24,1.000000
ST. LOUIS - 000636,24,1.000000
ST. LOUIS - 000637,24,0.552381
ST. LOUIS - 000637,1,0.447619
ST. LOUIS - 000638,14,1.000000
ST. LOUIS - 000639,14,0.997619
ST. LOUIS - 000639,4,0.002381
ST. LOUIS - 000640,14,1.000000
ST. LOUIS - 000641,14,1.000000
ST. LOUIS - 000642,14,1.000000
ST. LOUIS - 000643,14,1.000000
ST. LOUIS - 000644,14,1.000000
ST. LOUIS - 000645,14,1.000000
ST. LOUIS - 000646,14,1.000000
ST. LOUIS - 000647,14,1.000000
ST. LOUIS - 000648,14,1.000000
ST. LOUIS - 000649,14,1.000000
ST. LOUIS - 000650,14,1.000000
ST. LOUIS - 000651,14,0.950000
ST. LOUIS - 000651,4,0.047619
ST. LOUIS - 000651,24,0.002381
ST. LOUIS - 000652,14,1.000000
ST. LOUIS - 000653,14,1.000000
ST. LOUIS - 000654,14,1.000000
ST. LOUIS - 000655,14,1.000000
ST. LOUIS - 000656,14,1.000000
ST. LOUIS - 000657,14,1.000000
ST. LOUIS - 000658,14,1.000000
STE. GENEVIEVE - 000002,3,1.000000
STE. GENEVIEVE - 000003,3,1.000000
STE. GENEVIEVE - 000004,3,1.000000
STE. GENEVIEVE - 000005,3,1.000000
STE. GENEVIEVE - 000006,3,1.000000
STE. GENEVIEVE - 000007,3,1.000000
STE. GENEVIEVE - 000008,3,1.000000
STE. GENEVIEVE - 000009,3,1.000000
STE. GENEVIEVE - 000010,3,1.000000
STE. GENEVIEVE - 000011,3,1.000000
STE. GENEVIEVE - 000012,3,1.000000
STE. GENEVIEVE - 000013,3,1.000000
STE. GENEVIEVE - 000014,3,1.000000
STE. GENEVIEVE - 000015,3,1.000000
STODDARD - 000002,25,1.000000
STODDARD - 000003,25,1.000000
STODDARD - 000004,25,1.000000
STODDARD - 000005,25,1.000000
STODDARD - 000006,25,1.000000
STODDARD - 000007,25,1.000000
STODDARD - 000008,25,1.000000
STODDARD - 000009,25,1.000000
STODDARD - 000010,25,1.000000
STODDARD - 000011,25,1.000000
STODDARD - 000012,25,1.000000
STODDARD - 000013,25,1.000000
STODDARD - 000014,25,1.000000
STODDARD - 000015,25,1.000000
STODDARD - 000016,25,1.000000
STODDARD - 000017,25,1.000000
STODDARD - 000018,25,1.000000
STODDARD - 000019,25,1.000000
STODDARD - 000020,25,1.000000
STODDARD - 000021,25,1.000000
STODDARD - 000022,25,1.000000
STODDARD - 000023,25,1.000000
STODDARD - 000024,25,1.000000
STONE - 000002,33,1.000000
STONE - 000003,33,1.000000
STONE - 000004,33,1.000000
STONE - 000005,33,1.000000
STONE - 000006,33,1.000000
STONE - 000007,33,1.000000
STONE - 000008,33,1.000000
STONE - 000009,33,1.000000
STONE - 000010,33,1.000000
STONE - 000011,33,1.000000
STONE - 000012,33,1.000000
STONE - 000013,33,1.000000
STONE - 000014,33,1.000000
STONE - 000015,33,1.000000
STONE - 000016,33,1.000000
STONE - 000017,33,1.000000
STONE - 000018,33,1.000000
STONE - 000019,33,1.000000
STONE - 000020,33,1.000000
STONE - 000021,33,1.000000
SULLIVAN - 000002,12,1.000000
SULLIVAN - 000003,12,1.000000
SULLIVAN - 000004,12,1.000000
SULLIVAN - 000005,12,1.000000
SULLIVAN - 000006,12,1.000000
SULLIVAN - 000007,12,1.000000
SULLIVAN - 000008,12,1.000000
SULLIVAN - 000009,12,1.000000
SULLIVAN - 000010,12,1.000000
SULLIVAN - 000012,12,1.000000
SULLIVAN - 000013,12,1.000000
SULLIVAN - 000014,12,1.000000
SULLIVAN - 000015,12,1.000000
TANEY - 000002,33,1.000000
TANEY - 000003,33,1.000000
TANEY - 000004,33,1.000000
TANEY - 000005,33,1.000000
TANEY - 000006,33,1.000000
TANEY - 000007,33,1.000000
TANEY - 000008,33,1.000000
TANEY - 000009,33,1.000000
TANEY - 000010,33,1.000000
TANEY - 000011,33,1.000000
TANEY - 000012,33,1.000000
TANEY - 000013,33,1.000000
TANEY - 000014,33,1.000000
TANEY - 000015,33,1.000000
TANEY - 000016,33,1.000000
TANEY - 000017,33,1.000000
TANEY - 000018,33,1.000000
TANEY - 000019,33,1.000000
TANEY - 000020,33,1.000000
TANEY - 000021,33,1.000000
TANEY - 000022,33,1.000000
TANEY - 000023,33,1.000000
TEXAS - 000002,33,1.000000
TEXAS - 000003,33,1.000000
TEXAS - 000004,33,1.000000
TEXAS - 000005,33,1.000000
TEXAS - 000006,33,1.000000
TEXAS - 000007,33,1.000000
TEXAS - 000008,33,1.000000
TEXAS - 000009,33,1.000000
TEXAS - 000010,33,1.000000
TEXAS - 000011,33,1.000000
TEXAS - 000012,33,1.000000
TEXAS - 000013,33,1.000000
TEXAS - 000014,33,1.000000
TEXAS - 000015,33,1.000000
TEXAS - 000016,33,1.000000
TEXAS - 000017,33,1.000000
TEXAS - 000018,33,1.000000
TEXAS - 000019,33,1.000000
TEXAS - 000020,33,1.000000
TEXAS - 000021,33,1.000000
TEXAS - 000022,33,1.000000
VERNON - 000002,28,1.000000
VERNON - 000003,28,1.000000
VERNON - 000004,28,1.000000
VERNON - 000005,28,1.000000
VERNON - 000006,28,1.000000
VERNON - 000007,28,1.000000
VERNON - 000008,28,1.000000
VERNON - 000009,28,1.000000
VERNON - 000010,28,1.000000
VERNON - 000011,28,1.000000
VERNON - 000012,28,1.000000
VERNON - 000013,28,1.000000
VERNON - 000014,28,1.000000
VERNON - 000015,28,1.000000
VERNON - 000016,28,1.000000
VERNON - 000017,28,1.000000
VERNON - 000018,28,1.000000
VERNON - 000019,28,1.000000
VERNON - 000020,28,1.000000
VERNON - 000021,28,1.000000
VERNON - 000022,28,1.000000
VERNON - 000023,28,1.000000
VERNON - 000024,28,1.000000
VERNON - 000025,28,1.000000
VERNON - 000026,28,1.000000
VERNON - 000027,28,1.000000
VERNON - 000028,28,1.000000
VERNON - 000029,28,1.000000
VERNON - 000030,28,1.000000
VERNON - 000031,28,1.000000
VERNON - 000032,28,1.000000
VERNON - 000033,28,1.000000
VERNON - 000034,28,1.000000
WARREN - 000002,26,1.000000
WARREN - 000003,26,1.000000
WARREN - 000004,26,1.000000
WARREN - 000005,26,1.000000
WARREN - 000006,26,1.000000
WARREN - 000007,26,1.000000
WARREN - 000008,26,1.000000
WARREN - 000009,26,1.000000
WARREN - 000010,26,1.000000
WARREN - 000011,26,1.000000
WARREN - 000012,26,1.000000
WARREN - 000013,26,1.000000
WARREN - 000014,26,1.000000
WARREN - 000015,26,1.000000
WARREN - 000016,26,1.000000
WARREN - 000017,26,1.000000
WARREN - 000018,26,1.000000
WARREN - 000019,26,1.000000
WARREN - 000020,26,1.000000
WARREN - 000021,26,1.000000
WARREN - 000022,26,1.000000
WARREN - 000023,26,1.000000
WASHINGTON - 000002,3,1.000000
WASHINGTON - 000003,3,1.000000
WASHINGTON - 000004,3,1.000000
WASHINGTON - 000005,3,1.000000
WASHINGTON - 000006,3,1.000000
WASHINGTON - 000007,3,1.000000
WASHINGTON - 000008,3,1.000000
WASHINGTON - 000009,3,1.000000
WASHINGTON - 000010,3,1.000000
WASHINGTON - 000011,3,1.000000
WASHINGTON - 000012,3,1.000000
WASHINGTON - 000013,3,1.000000
WASHINGTON - 000014,3,1.000000
WASHINGTON - 000015,3,1.000000
WASHINGTON - 000016,3,1.000000
WASHINGTON - 000017,3,1.000000
WASHINGTON - 000018,3,1.000000
WASHINGTON - 000019,3,1.000000
WAYNE - 000002,25,1.000000
WAYNE - 000003,25,1.000000
WAYNE - 000004,25,1.000000
WAYNE - 000005,25,1.000000
WAYNE - 000006,25,1.000000
WAYNE - 000007,25,1.000000
WAYNE - 000008,25,1.000000
WAYNE - 000009,25,1.000000
WAYNE - 000010,25,1.000000
WAYNE - 000011,25,1.000000
WAYNE - 000012,25,1.000000
WAYNE - 000013,25,1.000000
WAYNE - 000014,25,1.000000
WAYNE - 000015,25,1.000000
WAYNE - 000016,25,1.000000
WAYNE - 000017,25,1.000000
WAYNE - 000018,25,1.000000
WAYNE - 000019,25,1.000000
WAYNE - 000020,25,1.000000
WAYNE - 000021,25,1.000000
WEBSTER - 000002,20,1.000000
WEBSTER - 000003,20,1.000000
WEBSTER - 000004,20,1.000000
WEBSTER - 000005,20,1.000000
WEBSTER - 000006,20,1.000000
WEBSTER - 000007,20,1.000000
WEBSTER - 000008,20,1.000000
WEBSTER - 000009,20,1.000000
WEBSTER - 000010,20,1.000000
WEBSTER - 000011,20,1.000000
WEBSTER - 000012,20,1.000000
WEBSTER - 000013,20,1.000000
WEBSTER - 000014,20,1.000000
WEBSTER - 000015,20,1.000000
WEBSTER - 000016,20,1.000000
WEBSTER - 000017,20,1.000000
WORTH - 000002,12,1.000000
WORTH - 000004,12,1.000000
WORTH - 000005,12,1.000000
WORTH - 000006,12,1.000000
WORTH - 000007,12,1.000000
WORTH - 000008,12,1.000000
WORTH - 000009,12,1.000000
WRIGHT - 000002,16,1.000000
WRIGHT - 000003,16,1.000000
WRIGHT - 000004,16,1.000000
WRIGHT - 000005,16,1.000000
WRIGHT - 000006,16,1.000000
WRIGHT - 000007,16,1.000000
WRIGHT - 000008,16,1.000000
WRIGHT - 000009,16,1.000000
WRIGHT - 000010,16,1.000000
WRIGHT - 000011,16,1.000000
WRIGHT - 000012,16,1.000000
WRIGHT - 000013,16,1.000000
WRIGHT - 000014,16,1.000000
WRIGHT - 000015,16,1.000000
WRIGHT - 000016,16,1.000000
