precinct_key,district_num,area_weight,block_weight,precinct_block_weight,is_kansas_city,election_county,election_county_aliases
ADAIR - 000002,3,0.0215053763,2.0000000000,93.0000000000,0,ADAIR,ADAIR
ADAIR - 000002,4,0.9784946237,91.0000000000,93.0000000000,0,ADAIR,ADAIR
ADAIR - 000003,3,1.0000000000,59.0000000001,59.0000000001,0,ADAIR,ADAIR
ADAIR - 000004,4,1.0000000000,111.0000000000,111.0000000000,0,ADAIR,ADAIR
ADAIR - 000005,3,0.6440677966,38.0000000000,59.0000000000,0,ADAIR,ADAIR
ADAIR - 000005,4,0.3559322034,21.0000000000,59.0000000000,0,ADAIR,ADAIR
ADAIR - 000006,3,1.0000000000,111.0000000000,111.0000000000,0,ADAIR,ADAIR
ADAIR - 000007,3,1.0000000000,48.9999999999,48.9999999999,0,ADAIR,ADAIR
ADAIR - 000008,3,1.0000000000,43.9999999999,43.9999999999,0,ADAIR,ADAIR
ADAIR - 000009,3,1.0000000000,228.0000000000,228.0000000000,0,ADAIR,ADAIR
ADAIR - 000010,3,0.9099526066,192.0000000004,211.0000000004,0,ADAIR,ADAIR
ADAIR - 000010,4,0.0900473934,19.0000000000,211.0000000004,0,ADAIR,ADAIR
ADAIR - 000011,3,1.0000000000,109.0000000002,109.0000000002,0,ADAIR,ADAIR
ADAIR - 000012,3,1.0000000000,121.0000000000,121.0000000000,0,ADAIR,ADAIR
ADAIR - 000013,3,1.0000000000,119.0000000001,119.0000000001,0,ADAIR,ADAIR
ADAIR - 000014,3,0.9466666667,70.9999999999,74.9999999999,0,ADAIR,ADAIR
ADAIR - 000014,4,0.0533333333,4.0000000000,74.9999999999,0,ADAIR,ADAIR
ADAIR - 000015,3,1.0000000000,4.0000000000,4.0000000000,0,ADAIR,ADAIR
ADAIR - 000016,3,1.0000000000,82.0000000000,82.0000000000,0,ADAIR,ADAIR
ADAIR - 000017,3,0.0188679245,1.0000000000,53.0000000000,0,ADAIR,ADAIR
ADAIR - 000017,4,0.9811320755,52.0000000000,53.0000000000,0,ADAIR,ADAIR
ADAIR - 000018,3,0.9687500000,31.0000000000,32.0000000000,0,ADAIR,ADAIR
ADAIR - 000018,4,0.0312500000,1.0000000000,32.0000000000,0,ADAIR,ADAIR
ANDREW - 000002,9,1.0000000000,45.9999999999,45.9999999999,0,ANDREW,ANDREW
ANDREW - 000003,9,1.0000000000,65.0000000000,65.0000000000,0,ANDREW,ANDREW
ANDREW - 000004,9,1.0000000000,110.0000000001,110.0000000001,0,ANDREW,ANDREW
ANDREW - 000005,9,1.0000000000,30.9999999999,30.9999999999,0,ANDREW,ANDREW
ANDREW - 000006,9,1.0000000000,51.0000000001,51.0000000001,0,ANDREW,ANDREW
ANDREW - 000007,9,1.0000000000,97.0000000001,97.0000000001,0,ANDREW,ANDREW
ANDREW - 000008,9,1.0000000000,62.0000000000,62.0000000000,0,ANDREW,ANDREW
ANDREW - 000009,9,1.0000000000,66.9999999997,66.9999999997,0,ANDREW,ANDREW
ANDREW - 000010,9,1.0000000000,131.0000000001,131.0000000001,0,ANDREW,ANDREW
ANDREW - 000011,9,0.9541171498,53.4305603899,56.0000000001,0,ANDREW,ANDREW
ANDREW - 000011,13,0.0458828502,2.5694396102,56.0000000001,0,ANDREW,ANDREW
ANDREW - 000012,9,1.0000000000,39.9999999999,39.9999999999,0,ANDREW,ANDREW
ANDREW - 000013,9,1.0000000000,31.0000000000,31.0000000000,0,ANDREW,ANDREW
ANDREW - 000014,9,1.0000000000,68.0000000001,68.0000000001,0,ANDREW,ANDREW
ANDREW - 000015,9,1.0000000000,49.0000000000,49.0000000000,0,ANDREW,ANDREW
ANDREW - 000016,9,1.0000000000,70.9999999998,70.9999999998,0,ANDREW,ANDREW
ANDREW - 000017,9,1.0000000000,92.0000000000,92.0000000000,0,ANDREW,ANDREW
ANDREW - 000018,9,1.0000000000,66.0000000000,66.0000000000,0,ANDREW,ANDREW
ANDREW - 000019,9,1.0000000000,49.9999999997,49.9999999997,0,ANDREW,ANDREW
ANDREW - 000020,9,1.0000000000,41.9999999999,41.9999999999,0,ANDREW,ANDREW
ATCHISON - 000002,1,1.0000000000,211.0000000000,211.0000000000,0,ATCHISON,ATCHISON
ATCHISON - 000003,1,1.0000000000,87.0000000002,87.0000000002,0,ATCHISON,ATCHISON
ATCHISON - 000004,1,1.0000000000,329.9999999998,329.9999999998,0,ATCHISON,ATCHISON
ATCHISON - 000005,1,1.0000000000,239.0000000000,239.0000000000,0,ATCHISON,ATCHISON
ATCHISON - 000006,1,1.0000000000,132.0000000000,132.0000000000,0,ATCHISON,ATCHISON
ATCHISON - 000007,1,1.0000000000,121.9999999999,121.9999999999,0,ATCHISON,ATCHISON
AUDRAIN - 000002,43,1.0000000000,127.9999999999,127.9999999999,0,AUDRAIN,AUDRAIN
AUDRAIN - 000003,43,1.0000000000,44.0000000000,44.0000000000,0,AUDRAIN,AUDRAIN
AUDRAIN - 000004,43,1.0000000000,50.9999999999,50.9999999999,0,AUDRAIN,AUDRAIN
AUDRAIN - 000005,43,1.0000000000,164.9999999997,164.9999999997,0,AUDRAIN,AUDRAIN
AUDRAIN - 000006,43,1.0000000000,106.0000000002,106.0000000002,0,AUDRAIN,AUDRAIN
AUDRAIN - 000007,43,1.0000000000,135.0000000001,135.0000000001,0,AUDRAIN,AUDRAIN
AUDRAIN - 000008,43,1.0000000000,123.9999999997,123.9999999997,0,AUDRAIN,AUDRAIN
AUDRAIN - 000009,43,1.0000000000,115.0000000001,115.0000000001,0,AUDRAIN,AUDRAIN
AUDRAIN - 000010,43,1.0000000000,75.0000000003,75.0000000003,0,AUDRAIN,AUDRAIN
AUDRAIN - 000011,43,1.0000000000,47.9999999999,47.9999999999,0,AUDRAIN,AUDRAIN
AUDRAIN - 000012,43,1.0000000000,58.0000000000,58.0000000000,0,AUDRAIN,AUDRAIN
AUDRAIN - 000013,43,1.0000000000,15.0000000000,15.0000000000,0,AUDRAIN,AUDRAIN
AUDRAIN - 000014,43,1.0000000000,39.9999999998,39.9999999998,0,AUDRAIN,AUDRAIN
AUDRAIN - 000015,43,1.0000000000,193.0000000000,193.0000000000,0,AUDRAIN,AUDRAIN
AUDRAIN - 000017,43,1.0000000000,34.9999999999,34.9999999999,0,AUDRAIN,AUDRAIN
AUDRAIN - 000018,43,1.0000000000,25.0000000000,25.0000000000,0,AUDRAIN,AUDRAIN
AUDRAIN - 000019,43,1.0000000000,41.0000000000,41.0000000000,0,AUDRAIN,AUDRAIN
AUDRAIN - 000020,43,1.0000000000,62.0000000002,62.0000000002,0,AUDRAIN,AUDRAIN
AUDRAIN - 000021,43,1.0000000000,88.9999999999,88.9999999999,0,AUDRAIN,AUDRAIN
AUDRAIN - 000022,43,1.0000000000,96.9999999998,96.9999999998,0,AUDRAIN,AUDRAIN
AUDRAIN - 000023,43,1.0000000000,179.9999999998,179.9999999998,0,AUDRAIN,AUDRAIN
AUDRAIN - 000024,43,1.0000000000,65.0000000000,65.0000000000,0,AUDRAIN,AUDRAIN
AUDRAIN - 000025,43,1.0000000000,105.0000000000,105.0000000000,0,AUDRAIN,AUDRAIN
AUDRAIN - 000026,43,1.0000000000,59.0000000000,59.0000000000,0,AUDRAIN,AUDRAIN
BARRY - 000002,158,1.0000000000,51.9999999999,51.9999999999,0,BARRY,BARRY
BARRY - 000003,158,1.0000000000,125.0000000000,125.0000000000,0,BARRY,BARRY
BARRY - 000004,158,1.0000000000,53.0000000002,53.0000000002,0,BARRY,BARRY
BARRY - 000005,158,1.0000000000,57.0000000001,57.0000000001,0,BARRY,BARRY
BARRY - 000006,158,1.0000000000,156.0000000000,156.0000000000,0,BARRY,BARRY
BARRY - 000007,158,1.0000000000,178.0000000003,178.0000000003,0,BARRY,BARRY
BARRY - 000008,158,1.0000000000,281.9999999996,281.9999999996,0,BARRY,BARRY
BARRY - 000009,158,1.0000000000,142.9999999999,142.9999999999,0,BARRY,BARRY
BARRY - 000010,158,1.0000000000,75.0000000003,75.0000000003,0,BARRY,BARRY
BARRY - 000011,158,1.0000000000,191.0000000000,191.0000000000,0,BARRY,BARRY
BARRY - 000012,158,1.0000000000,104.0000000000,104.0000000000,0,BARRY,BARRY
BARRY - 000013,158,1.0000000000,56.0000000000,56.0000000000,0,BARRY,BARRY
BARRY - 000014,158,1.0000000000,48.9999999999,48.9999999999,0,BARRY,BARRY
BARRY - 000015,158,1.0000000000,229.0000000003,229.0000000003,0,BARRY,BARRY
BARRY - 000016,158,1.0000000000,171.8990692520,171.8990692520,0,BARRY,BARRY
BARRY - 000017,158,1.0000000000,177.0000000003,177.0000000003,0,BARRY,BARRY
BARRY - 000018,158,1.0000000000,115.5129321108,115.5129321108,0,BARRY,BARRY
BARRY - 000019,158,1.0000000000,122.0000000001,122.0000000001,0,BARRY,BARRY
BARRY - 000020,158,1.0000000000,146.9999999999,146.9999999999,0,BARRY,BARRY
BARRY - 000021,155,0.0000014423,0.0002552811,177.0000000003,0,BARRY,BARRY
BARRY - 000021,158,0.9999985577,176.9997447192,177.0000000003,0,BARRY,BARRY
BARRY - 000022,158,1.0000000000,138.0000000003,138.0000000003,0,BARRY,BARRY
BARTON - 000002,127,1.0000000000,28.9999999999,28.9999999999,0,BARTON,BARTON
BARTON - 000003,127,1.0000000000,93.9999999999,93.9999999999,0,BARTON,BARTON
BARTON - 000004,127,1.0000000000,130.0000000000,130.0000000000,0,BARTON,BARTON
BARTON - 000005,127,1.0000000000,97.9999999999,97.9999999999,0,BARTON,BARTON
BARTON - 000006,127,1.0000000000,34.0000000000,34.0000000000,0,BARTON,BARTON
BARTON - 000007,127,1.0000000000,135.0000000000,135.0000000000,0,BARTON,BARTON
BARTON - 000008,127,1.0000000000,133.9999999999,133.9999999999,0,BARTON,BARTON
BARTON - 000009,127,1.0000000000,73.0000000003,73.0000000003,0,BARTON,BARTON
BARTON - 000010,127,1.0000000000,53.0000000002,53.0000000002,0,BARTON,BARTON
BARTON - 000011,127,1.0000000000,70.0000000001,70.0000000001,0,BARTON,BARTON
BARTON - 000012,127,1.0000000000,32.0000000003,32.0000000003,0,BARTON,BARTON
BARTON - 000013,127,1.0000000000,54.9999999997,54.9999999997,0,BARTON,BARTON
BARTON - 000014,127,1.0000000000,98.0000000002,98.0000000002,0,BARTON,BARTON
BARTON - 000015,127,1.0000000000,115.0000000002,115.0000000002,0,BARTON,BARTON
BARTON - 000016,127,1.0000000000,84.0000000001,84.0000000001,0,BARTON,BARTON
BARTON - 000017,127,1.0000000000,63.0000000000,63.0000000000,0,BARTON,BARTON
BATES - 000002,62,1.0000000000,148.9999999999,148.9999999999,0,BATES,BATES
BATES - 000003,62,0.9364864865,138.5999999994,147.9999999994,0,BATES,BATES
BATES - 000003,125,0.0635135135,9.4000000000,147.9999999994,0,BATES,BATES
BATES - 000004,125,1.0000000000,100.0000000000,100.0000000000,0,BATES,BATES
BATES - 000005,62,0.9622641509,102.0000000000,106.0000000000,0,BATES,BATES
BATES - 000005,125,0.0377358491,4.0000000000,106.0000000000,0,BATES,BATES
BATES - 000006,62,0.9458832405,104.9930396909,110.9999999999,0,BATES,BATES
BATES - 000006,125,0.0541167595,6.0069603090,110.9999999999,0,BATES,BATES
BATES - 000007,62,0.0534351145,7.0000000000,131.0000000000,0,BATES,BATES
BATES - 000007,125,0.9465648855,124.0000000000,131.0000000000,0,BATES,BATES
BATES - 000008,62,0.0152284264,3.0000000000,197.0000000000,0,BATES,BATES
BATES - 000008,125,0.9847715736,194.0000000000,197.0000000000,0,BATES,BATES
BATES - 000009,125,1.0000000000,153.0000000000,153.0000000000,0,BATES,BATES
BATES - 000010,125,1.0000000000,54.0000000000,54.0000000000,0,BATES,BATES
BATES - 000011,62,1.0000000000,87.0000000001,87.0000000001,0,BATES,BATES
BATES - 000012,62,0.0726249832,6.3909985199,88.0000000000,0,BATES,BATES
BATES - 000012,125,0.9273750168,81.6090014801,88.0000000000,0,BATES,BATES
BATES - 000013,125,1.0000000000,125.0000000001,125.0000000001,0,BATES,BATES
BATES - 000014,125,1.0000000000,170.9999999999,170.9999999999,0,BATES,BATES
BATES - 000015,125,1.0000000000,259.0000000000,259.0000000000,0,BATES,BATES
BATES - 000016,125,1.0000000000,77.0000000000,77.0000000000,0,BATES,BATES
BENTON - 000002,126,1.0000000000,98.0000000012,98.0000000012,0,BENTON,BENTON
BENTON - 000003,57,1.0000000000,179.9999999996,179.9999999996,0,BENTON,BENTON
BENTON - 000004,57,1.0000000000,122.9999999999,122.9999999999,0,BENTON,BENTON
BENTON - 000005,57,1.0000000000,68.0000000000,68.0000000000,0,BENTON,BENTON
BENTON - 000006,57,1.0000000000,164.0000000002,164.0000000002,0,BENTON,BENTON
BENTON - 000007,57,1.0000000000,60.9999999999,60.9999999999,0,BENTON,BENTON
BENTON - 000008,57,1.0000000000,267.0000000001,267.0000000001,0,BENTON,BENTON
BENTON - 000009,126,1.0000000000,221.9999999998,221.9999999998,0,BENTON,BENTON
BENTON - 000010,57,1.0000000000,233.9999999998,233.9999999998,0,BENTON,BENTON
BENTON - 000011,57,1.0000000000,73.0000000001,73.0000000001,0,BENTON,BENTON
BENTON - 000012,57,1.0000000000,91.0000000000,91.0000000000,0,BENTON,BENTON
BENTON - 000013,57,1.0000000000,142.0000000001,142.0000000001,0,BENTON,BENTON
BENTON - 000014,57,1.0000000000,130.9999999999,130.9999999999,0,BENTON,BENTON
BENTON - 000015,57,1.0000000000,138.9999999997,138.9999999997,0,BENTON,BENTON
BOLLINGER - 000002,144,1.0000000000,70.9999999999,70.9999999999,0,BOLLINGER,BOLLINGER
BOLLINGER - 000003,151,1.0000000000,117.0000000001,117.0000000001,0,BOLLINGER,BOLLINGER
BOLLINGER - 000004,144,0.0072173277,0.2742584518,38.0000000000,0,BOLLINGER,BOLLINGER
BOLLINGER - 000004,151,0.9927826723,37.7257415482,38.0000000000,0,BOLLINGER,BOLLINGER
BOLLINGER - 000005,144,0.9986720870,62.9163414788,63.0000000002,0,BOLLINGER,BOLLINGER
BOLLINGER - 000005,151,0.0013279130,0.0836585214,63.0000000002,0,BOLLINGER,BOLLINGER
BOLLINGER - 000006,151,1.0000000000,119.9999999999,119.9999999999,0,BOLLINGER,BOLLINGER
BOLLINGER - 000007,151,1.0000000000,83.9999999999,83.9999999999,0,BOLLINGER,BOLLINGER
BOLLINGER - 000008,151,1.0000000000,75.0000000000,75.0000000000,0,BOLLINGER,BOLLINGER
BOLLINGER - 000009,144,1.0000000000,105.0000000000,105.0000000000,0,BOLLINGER,BOLLINGER
BOLLINGER - 000010,144,1.0000000000,88.0000000000,88.0000000000,0,BOLLINGER,BOLLINGER
BOLLINGER - 000011,144,1.0000000000,95.0000000000,95.0000000000,0,BOLLINGER,BOLLINGER
BOLLINGER - 000012,144,0.1773299703,9.9304783357,56.0000000000,0,BOLLINGER,BOLLINGER
BOLLINGER - 000012,151,0.8226700297,46.0695216643,56.0000000000,0,BOLLINGER,BOLLINGER
BOLLINGER - 000014,144,1.0000000000,66.0000000000,66.0000000000,0,BOLLINGER,BOLLINGER
BOLLINGER - 000015,151,1.0000000000,149.9999999997,149.9999999997,0,BOLLINGER,BOLLINGER
BOONE - 000002,44,1.0000000000,57.0000000000,57.0000000000,0,BOONE,BOONE
BOONE - 000003,44,1.0000000000,28.0000000001,28.0000000001,0,BOONE,BOONE
BOONE - 000004,44,1.0000000000,115.0000000001,115.0000000001,0,BOONE,BOONE
BOONE - 000005,47,1.0000000000,59.0000000000,59.0000000000,0,BOONE,BOONE
BOONE - 000006,47,1.0000000000,45.9999999999,45.9999999999,0,BOONE,BOONE
BOONE - 000007,44,0.3933765103,22.0290845779,55.9999999998,0,BOONE,BOONE
BOONE - 000007,47,0.6066234897,33.9709154219,55.9999999998,0,BOONE,BOONE
BOONE - 000008,44,0.7625000000,121.9999999998,159.9999999998,0,BOONE,BOONE
BOONE - 000008,47,0.2375000000,38.0000000000,159.9999999998,0,BOONE,BOONE
BOONE - 000009,44,0.9563530271,43.0358862184,45.0000000000,0,BOONE,BOONE
BOONE - 000009,46,0.0436469729,1.9641137816,45.0000000000,0,BOONE,BOONE
BOONE - 000010,47,1.0000000000,88.0000000001,88.0000000001,0,BOONE,BOONE
BOONE - 000011,47,1.0000000000,28.9999999999,28.9999999999,0,BOONE,BOONE
BOONE - 000012,45,1.0000000000,49.0000000000,49.0000000000,0,BOONE,BOONE
BOONE - 000013,45,1.0000000000,34.0000000000,34.0000000000,0,BOONE,BOONE
BOONE - 000014,45,1.0000000000,27.0000000000,27.0000000000,0,BOONE,BOONE
BOONE - 000015,45,1.0000000000,51.0000000000,51.0000000000,0,BOONE,BOONE
BOONE - 000016,45,1.0000000000,22.0000000000,22.0000000000,0,BOONE,BOONE
BOONE - 000017,45,1.0000000000,8.0000000000,8.0000000000,0,BOONE,BOONE
BOONE - 000018,45,1.0000000000,29.0000000000,29.0000000000,0,BOONE,BOONE
BOONE - 000019,46,0.0508235918,1.0164718370,20.0000000002,0,BOONE,BOONE
BOONE - 000019,47,0.9491764082,18.9835281632,20.0000000002,0,BOONE,BOONE
BOONE - 000020,47,1.0000000000,17.9999999998,17.9999999998,0,BOONE,BOONE
BOONE - 000021,44,0.6007920775,46.8617820475,77.9999999993,0,BOONE,BOONE
BOONE - 000021,46,0.2170161423,16.9272590957,77.9999999993,0,BOONE,BOONE
BOONE - 000021,47,0.1821917802,14.2109588561,77.9999999993,0,BOONE,BOONE
BOONE - 000022,44,0.6790330052,37.3468152849,54.9999999999,0,BOONE,BOONE
BOONE - 000022,46,0.3209669948,17.6531847150,54.9999999999,0,BOONE,BOONE
BOONE - 000023,44,0.9874123092,53.3202646984,53.9999999999,0,BOONE,BOONE
BOONE - 000023,46,0.0125876908,0.6797353015,53.9999999999,0,BOONE,BOONE
BOONE - 000024,44,0.8958337354,27.7708457980,31.0000000000,0,BOONE,BOONE
BOONE - 000024,46,0.0072165551,0.2237132069,31.0000000000,0,BOONE,BOONE
BOONE - 000024,50,0.0969497095,3.0054409950,31.0000000000,0,BOONE,BOONE
BOONE - 000025,44,0.7498951198,59.2417144660,78.9999999997,0,BOONE,BOONE
BOONE - 000025,50,0.2501048802,19.7582855338,78.9999999997,0,BOONE,BOONE
BOONE - 000026,44,0.8300191705,65.5715144732,79.0000000002,0,BOONE,BOONE
BOONE - 000026,47,0.0139960916,1.1056912382,79.0000000002,0,BOONE,BOONE
BOONE - 000026,50,0.1559847378,12.3227942888,79.0000000002,0,BOONE,BOONE
BOONE - 000027,44,0.5595072430,27.4158549063,49.0000000002,0,BOONE,BOONE
BOONE - 000027,50,0.4404927570,21.5841450939,49.0000000002,0,BOONE,BOONE
BOONE - 000028,44,1.0000000000,69.0000000001,69.0000000001,0,BOONE,BOONE
BOONE - 000029,45,0.0047229383,0.2408698532,51.0000000000,0,BOONE,BOONE
BOONE - 000029,46,0.9952770555,50.7591298281,51.0000000000,0,BOONE,BOONE
BOONE - 000029,47,0.0000000063,0.0000003188,51.0000000000,0,BOONE,BOONE
BOONE - 000030,46,1.0000000000,51.0000000000,51.0000000000,0,BOONE,BOONE
BOONE - 000031,45,0.7278840169,32.0268967427,44.0000000000,0,BOONE,BOONE
BOONE - 000031,46,0.2721159831,11.9731032573,44.0000000000,0,BOONE,BOONE
BOONE - 000032,46,0.9701760193,32.9859846569,34.0000000004,0,BOONE,BOONE
BOONE - 000032,47,0.0298239807,1.0140153435,34.0000000004,0,BOONE,BOONE
BOONE - 000033,45,0.6923076923,26.9999999999,38.9999999998,0,BOONE,BOONE
BOONE - 000033,47,0.3076923077,11.9999999999,38.9999999998,0,BOONE,BOONE
BOONE - 000034,44,0.0344827586,1.0000000000,29.0000000003,0,BOONE,BOONE
BOONE - 000034,46,0.9655172414,28.0000000003,29.0000000003,0,BOONE,BOONE
BOONE - 000035,44,1.0000000000,103.0000000002,103.0000000002,0,BOONE,BOONE
BOONE - 000036,44,1.0000000000,87.9999999996,87.9999999996,0,BOONE,BOONE
BOONE - 000037,44,1.0000000000,35.0000000001,35.0000000001,0,BOONE,BOONE
BOONE - 000038,44,0.9783832820,13.6973659484,14.0000000000,0,BOONE,BOONE
BOONE - 000038,46,0.0216167180,0.3026340516,14.0000000000,0,BOONE,BOONE
BOONE - 000039,44,0.0589598029,0.8843970439,14.9999999998,0,BOONE,BOONE
BOONE - 000039,50,0.9410401971,14.1156029559,14.9999999998,0,BOONE,BOONE
BOONE - 000040,44,1.0000000000,9.9999999999,9.9999999999,0,BOONE,BOONE
BOONE - 000041,47,0.2233677811,9.6048145869,43.0000000001,0,BOONE,BOONE
BOONE - 000041,50,0.7766322189,33.3951854133,43.0000000001,0,BOONE,BOONE
BOONE - 000042,47,1.0000000000,12.0000000001,12.0000000001,0,BOONE,BOONE
BOONE - 000043,47,1.0000000000,35.0000000001,35.0000000001,0,BOONE,BOONE
BOONE - 000044,44,0.0118620620,0.5693789753,47.9999999999,0,BOONE,BOONE
BOONE - 000044,46,0.9881379380,47.4306210246,47.9999999999,0,BOONE,BOONE
BOONE - 000045,44,0.0140875752,0.5635030077,39.9999999999,0,BOONE,BOONE
BOONE - 000045,46,0.9859124248,39.4364969922,39.9999999999,0,BOONE,BOONE
BOONE - 000046,44,0.0174170653,1.0972751115,63.0000000000,0,BOONE,BOONE
BOONE - 000046,45,0.0009870876,0.0621865179,63.0000000000,0,BOONE,BOONE
BOONE - 000046,46,0.9815958472,61.8405383706,63.0000000000,0,BOONE,BOONE
BOONE - 000047,45,0.9464509055,51.1083488957,53.9999999999,0,BOONE,BOONE
BOONE - 000047,46,0.0535490945,2.8916511042,53.9999999999,0,BOONE,BOONE
BOONE - 000048,45,0.2432432432,9.0000000000,36.9999999998,0,BOONE,BOONE
BOONE - 000048,46,0.6216212799,22.9999873543,36.9999999998,0,BOONE,BOONE
BOONE - 000048,50,0.1351354769,5.0000126455,36.9999999998,0,BOONE,BOONE
BOONE - 000049,47,1.0000000000,31.9999999999,31.9999999999,0,BOONE,BOONE
BOONE - 000050,47,1.0000000000,30.0000000000,30.0000000000,0,BOONE,BOONE
BOONE - 000051,47,1.0000000000,25.0000000000,25.0000000000,0,BOONE,BOONE
BOONE - 000052,47,1.0000000000,14.0000000000,14.0000000000,0,BOONE,BOONE
BOONE - 000053,45,0.0277777778,1.0000000000,36.0000000001,0,BOONE,BOONE
BOONE - 000053,47,0.9722222222,35.0000000001,36.0000000001,0,BOONE,BOONE
BOONE - 000054,45,0.9888004414,17.7984079456,18.0000000000,0,BOONE,BOONE
BOONE - 000054,47,0.0111995586,0.2015920544,18.0000000000,0,BOONE,BOONE
BOONE - 000055,47,1.0000000000,77.9999999996,77.9999999996,0,BOONE,BOONE
BOONE - 000056,47,1.0000000000,14.0000000000,14.0000000000,0,BOONE,BOONE
BOONE - 000057,45,1.0000000000,16.0000000000,16.0000000000,0,BOONE,BOONE
BOONE - 000058,47,1.0000000000,21.0000000000,21.0000000000,0,BOONE,BOONE
BOONE - 000059,45,0.9792767337,15.6684277393,16.0000000000,0,BOONE,BOONE
BOONE - 000059,50,0.0207232663,0.3315722607,16.0000000000,0,BOONE,BOONE
BOONE - 000060,45,1.0000000000,16.0000000000,16.0000000000,0,BOONE,BOONE
BOONE - 000061,50,1.0000000000,11.0000000001,11.0000000001,0,BOONE,BOONE
BOONE - 000062,50,1.0000000000,15.0000000000,15.0000000000,0,BOONE,BOONE
BOONE - 000063,50,1.0000000000,16.0000000000,16.0000000000,0,BOONE,BOONE
BOONE - 000064,50,1.0000000000,46.0000000000,46.0000000000,0,BOONE,BOONE
BOONE - 000065,50,1.0000000000,15.0000000000,15.0000000000,0,BOONE,BOONE
BOONE - 000066,50,1.0000000000,17.0000000000,17.0000000000,0,BOONE,BOONE
BOONE - 000067,44,0.0012148449,0.0680313144,55.9999999999,0,BOONE,BOONE
BOONE - 000067,50,0.9987851551,55.9319686855,55.9999999999,0,BOONE,BOONE
BOONE - 000068,45,1.0000000000,18.0000000001,18.0000000001,0,BOONE,BOONE
BOONE - 000069,45,1.0000000000,34.0000000001,34.0000000001,0,BOONE,BOONE
BOONE - 000070,45,0.8435948708,26.9950358666,31.9999999998,0,BOONE,BOONE
BOONE - 000070,50,0.1564051292,5.0049641332,31.9999999998,0,BOONE,BOONE
BOONE - 000071,44,0.0291826460,1.9844199248,68.0000000001,0,BOONE,BOONE
BOONE - 000071,45,0.0735585160,5.0019790885,68.0000000001,0,BOONE,BOONE
BOONE - 000071,50,0.8972588380,61.0136009867,68.0000000001,0,BOONE,BOONE
BOONE - 000072,45,0.1092447260,1.9664050677,18.0000000000,0,BOONE,BOONE
BOONE - 000072,50,0.8907552740,16.0335949324,18.0000000000,0,BOONE,BOONE
BOONE - 000073,47,1.0000000000,113.0000000000,113.0000000000,0,BOONE,BOONE
BOONE - 000074,44,0.0040733208,0.6761712460,165.9999999999,0,BOONE,BOONE
BOONE - 000074,47,0.9959266792,165.3238287539,165.9999999999,0,BOONE,BOONE
BOONE - 000075,44,1.0000000000,81.0000000000,81.0000000000,0,BOONE,BOONE
BUCHANAN - 000002,11,1.0000000000,79.0000000004,79.0000000004,0,BUCHANAN,BUCHANAN
BUCHANAN - 000003,11,1.0000000000,55.0000000002,55.0000000002,0,BUCHANAN,BUCHANAN
BUCHANAN - 000004,10,1.0000000000,35.9999999999,35.9999999999,0,BUCHANAN,BUCHANAN
BUCHANAN - 000005,10,1.0000000000,30.0000000001,30.0000000001,0,BUCHANAN,BUCHANAN
BUCHANAN - 000006,10,0.5510204082,27.0000000000,49.0000000002,0,BUCHANAN,BUCHANAN
BUCHANAN - 000006,11,0.4489587287,21.9989777052,49.0000000002,0,BUCHANAN,BUCHANAN
BUCHANAN - 000006,13,0.0000208632,0.0010222950,49.0000000002,0,BUCHANAN,BUCHANAN
BUCHANAN - 000007,10,0.8478260870,39.0000000000,46.0000000000,0,BUCHANAN,BUCHANAN
BUCHANAN - 000007,11,0.1521739130,7.0000000000,46.0000000000,0,BUCHANAN,BUCHANAN
BUCHANAN - 000008,11,1.0000000000,58.9999999999,58.9999999999,0,BUCHANAN,BUCHANAN
BUCHANAN - 000009,11,0.9996455453,67.9758970823,67.9999999999,0,BUCHANAN,BUCHANAN
BUCHANAN - 000009,13,0.0003544547,0.0241029176,67.9999999999,0,BUCHANAN,BUCHANAN
BUCHANAN - 000010,11,0.9750000000,39.0000000001,40.0000000001,0,BUCHANAN,BUCHANAN
BUCHANAN - 000010,13,0.0250000000,1.0000000000,40.0000000001,0,BUCHANAN,BUCHANAN
BUCHANAN - 000011,11,0.9988927760,45.9490676945,45.9999999999,0,BUCHANAN,BUCHANAN
BUCHANAN - 000011,13,0.0011072240,0.0509323054,45.9999999999,0,BUCHANAN,BUCHANAN
BUCHANAN - 000012,10,0.7151256278,20.0235175781,27.9999999998,0,BUCHANAN,BUCHANAN
BUCHANAN - 000012,11,0.2848743722,7.9764824217,27.9999999998,0,BUCHANAN,BUCHANAN
BUCHANAN - 000013,11,0.9999293766,39.9971750622,40.0000000001,0,BUCHANAN,BUCHANAN
BUCHANAN - 000013,13,0.0000706234,0.0028249379,40.0000000001,0,BUCHANAN,BUCHANAN
BUCHANAN - 000014,13,1.0000000000,62.9999999998,62.9999999998,0,BUCHANAN,BUCHANAN
BUCHANAN - 000015,13,1.0000000000,65.9999999999,65.9999999999,0,BUCHANAN,BUCHANAN
BUCHANAN - 000016,11,0.9783336541,28.3716759680,29.0000000001,0,BUCHANAN,BUCHANAN
BUCHANAN - 000016,13,0.0216663459,0.6283240321,29.0000000001,0,BUCHANAN,BUCHANAN
BUCHANAN - 000017,11,0.9580385824,39.2795818774,41.0000000000,0,BUCHANAN,BUCHANAN
BUCHANAN - 000017,13,0.0419614176,1.7204181226,41.0000000000,0,BUCHANAN,BUCHANAN
BUCHANAN - 000018,11,0.0168723817,2.0753029497,122.9999999999,0,BUCHANAN,BUCHANAN
BUCHANAN - 000018,13,0.9831276183,120.9246970502,122.9999999999,0,BUCHANAN,BUCHANAN
BUCHANAN - 000019,13,1.0000000000,52.0000000002,52.0000000002,0,BUCHANAN,BUCHANAN
BUCHANAN - 000020,13,1.0000000000,15.9999999999,15.9999999999,0,BUCHANAN,BUCHANAN
BUCHANAN - 000021,13,1.0000000000,75.9999999997,75.9999999997,0,BUCHANAN,BUCHANAN
BUCHANAN - 000022,13,1.0000000000,68.9999999998,68.9999999998,0,BUCHANAN,BUCHANAN
BUCHANAN - 000023,13,1.0000000000,52.0000000000,52.0000000000,0,BUCHANAN,BUCHANAN
BUCHANAN - 000024,13,1.0000000000,38.0000000000,38.0000000000,0,BUCHANAN,BUCHANAN
BUCHANAN - 000025,13,1.0000000000,86.0000000000,86.0000000000,0,BUCHANAN,BUCHANAN
BUCHANAN - 000026,8,0.0000751868,0.0048119566,63.9999999999,0,BUCHANAN,BUCHANAN
BUCHANAN - 000026,13,0.9999248132,63.9951880433,63.9999999999,0,BUCHANAN,BUCHANAN
BUCHANAN - 000027,10,0.0512394833,1.7933819160,34.9999999999,0,BUCHANAN,BUCHANAN
BUCHANAN - 000027,11,0.3543673767,12.4028581844,34.9999999999,0,BUCHANAN,BUCHANAN
BUCHANAN - 000027,13,0.5943931400,20.8037598995,34.9999999999,0,BUCHANAN,BUCHANAN
BUCHANAN - 000028,10,1.0000000000,15.0000000000,15.0000000000,0,BUCHANAN,BUCHANAN
BUCHANAN - 000029,10,1.0000000000,13.9999999999,13.9999999999,0,BUCHANAN,BUCHANAN
BUCHANAN - 000030,11,0.0061896832,0.3466222611,56.0000000000,0,BUCHANAN,BUCHANAN
BUCHANAN - 000030,13,0.9938103168,55.6533777389,56.0000000000,0,BUCHANAN,BUCHANAN
BUCHANAN - 000031,11,1.0000000000,20.9999999999,20.9999999999,0,BUCHANAN,BUCHANAN
BUCHANAN - 000032,11,0.4144357888,31.9115557388,76.9999999998,0,BUCHANAN,BUCHANAN
BUCHANAN - 000032,13,0.5855642112,45.0884442610,76.9999999998,0,BUCHANAN,BUCHANAN
BUCHANAN - 000033,10,1.0000000000,35.9999999999,35.9999999999,0,BUCHANAN,BUCHANAN
BUCHANAN - 000034,10,1.0000000000,50.0000000002,50.0000000002,0,BUCHANAN,BUCHANAN
BUCHANAN - 000035,10,1.0000000000,46.9999999998,46.9999999998,0,BUCHANAN,BUCHANAN
BUCHANAN - 000036,10,1.0000000000,9.0000000001,9.0000000001,0,BUCHANAN,BUCHANAN
BUCHANAN - 000037,10,1.0000000000,17.0000000000,17.0000000000,0,BUCHANAN,BUCHANAN
BUCHANAN - 000038,10,1.0000000000,66.0000000000,66.0000000000,0,BUCHANAN,BUCHANAN
BUCHANAN - 000039,10,1.0000000000,13.9999999997,13.9999999997,0,BUCHANAN,BUCHANAN
BUCHANAN - 000040,10,1.0000000000,68.0000000000,68.0000000000,0,BUCHANAN,BUCHANAN
BUCHANAN - 000041,10,1.0000000000,90.0000000002,90.0000000002,0,BUCHANAN,BUCHANAN
BUCHANAN - 000042,10,1.0000000000,41.0000000001,41.0000000001,0,BUCHANAN,BUCHANAN
BUCHANAN - 000043,10,1.0000000000,42.0000000000,42.0000000000,0,BUCHANAN,BUCHANAN
BUCHANAN - 000044,10,1.0000000000,39.0000000002,39.0000000002,0,BUCHANAN,BUCHANAN
BUCHANAN - 000045,10,1.0000000000,96.0000000001,96.0000000001,0,BUCHANAN,BUCHANAN
BUCHANAN - 000046,10,0.6440677966,38.0000000000,58.9999999999,0,BUCHANAN,BUCHANAN
BUCHANAN - 000046,11,0.3559322034,20.9999999999,58.9999999999,0,BUCHANAN,BUCHANAN
BUCHANAN - 000047,10,1.0000000000,135.0000000001,135.0000000001,0,BUCHANAN,BUCHANAN
BUCHANAN - 000048,10,1.0000000000,31.0000000000,31.0000000000,0,BUCHANAN,BUCHANAN
BUCHANAN - 000049,10,1.0000000000,28.9999999999,28.9999999999,0,BUCHANAN,BUCHANAN
BUCHANAN - 000050,10,0.7657528511,13.7835513198,18.0000000001,0,BUCHANAN,BUCHANAN
BUCHANAN - 000050,11,0.2342471489,4.2164486803,18.0000000001,0,BUCHANAN,BUCHANAN
BUCHANAN - 000051,10,1.0000000000,67.0000000000,67.0000000000,0,BUCHANAN,BUCHANAN
BUCHANAN - 000052,10,0.4750000000,18.9999999999,39.9999999999,0,BUCHANAN,BUCHANAN
BUCHANAN - 000052,11,0.5250000000,21.0000000000,39.9999999999,0,BUCHANAN,BUCHANAN
BUCHANAN - 000053,10,0.0556208286,3.2260080597,58.0000000000,0,BUCHANAN,BUCHANAN
BUCHANAN - 000053,11,0.9443791714,54.7739919403,58.0000000000,0,BUCHANAN,BUCHANAN
BUCHANAN - 000054,10,1.0000000000,33.0000000000,33.0000000000,0,BUCHANAN,BUCHANAN
BUCHANAN - 000055,10,0.1612903226,4.9999999999,31.0000000002,0,BUCHANAN,BUCHANAN
BUCHANAN - 000055,11,0.8387096774,26.0000000003,31.0000000002,0,BUCHANAN,BUCHANAN
BUCHANAN - 000056,11,1.0000000000,21.9999999999,21.9999999999,0,BUCHANAN,BUCHANAN
BUCHANAN - 000057,11,1.0000000000,32.0000000000,32.0000000000,0,BUCHANAN,BUCHANAN
BUCHANAN - 000058,11,1.0000000000,18.0000000000,18.0000000000,0,BUCHANAN,BUCHANAN
BUCHANAN - 000059,11,1.0000000000,47.9999999997,47.9999999997,0,BUCHANAN,BUCHANAN
BUCHANAN - 000060,10,0.1230769231,16.0000000000,130.0000000002,0,BUCHANAN,BUCHANAN
BUCHANAN - 000060,11,0.8769230769,114.0000000002,130.0000000002,0,BUCHANAN,BUCHANAN
BUCHANAN - 000061,11,1.0000000000,27.0000000001,27.0000000001,0,BUCHANAN,BUCHANAN
BUTLER - 000002,152,1.0000000000,113.9999999997,113.9999999997,0,BUTLER,BUTLER
BUTLER - 000003,150,0.0689655172,4.0000000000,58.0000000000,0,BUTLER,BUTLER
BUTLER - 000003,152,0.9310344828,54.0000000000,58.0000000000,0,BUTLER,BUTLER
BUTLER - 000004,150,1.0000000000,56.0000000000,56.0000000000,0,BUTLER,BUTLER
BUTLER - 000005,150,1.0000000000,56.9999999999,56.9999999999,0,BUTLER,BUTLER
BUTLER - 000006,152,1.0000000000,281.9999999999,281.9999999999,0,BUTLER,BUTLER
BUTLER - 000007,152,1.0000000000,98.0000000004,98.0000000004,0,BUTLER,BUTLER
BUTLER - 000008,150,0.9600000000,120.0000000001,125.0000000001,0,BUTLER,BUTLER
BUTLER - 000008,152,0.0400000000,5.0000000000,125.0000000001,0,BUTLER,BUTLER
BUTLER - 000009,150,0.0116279070,1.0000000000,86.0000000000,0,BUTLER,BUTLER
BUTLER - 000009,152,0.9883720930,85.0000000000,86.0000000000,0,BUTLER,BUTLER
BUTLER - 000010,152,1.0000000000,125.9999999999,125.9999999999,0,BUTLER,BUTLER
BUTLER - 000011,152,1.0000000000,44.0000000001,44.0000000001,0,BUTLER,BUTLER
BUTLER - 000012,150,1.0000000000,160.9999999999,160.9999999999,0,BUTLER,BUTLER
BUTLER - 000013,152,1.0000000000,9.0000000000,9.0000000000,0,BUTLER,BUTLER
BUTLER - 000014,152,1.0000000000,122.9999999995,122.9999999995,0,BUTLER,BUTLER
BUTLER - 000015,150,1.0000000000,81.0000000000,81.0000000000,0,BUTLER,BUTLER
BUTLER - 000016,152,1.0000000000,229.9999999999,229.9999999999,0,BUTLER,BUTLER
BUTLER - 000017,152,1.0000000000,145.0000000003,145.0000000003,0,BUTLER,BUTLER
BUTLER - 000018,152,1.0000000000,145.0000000000,145.0000000000,0,BUTLER,BUTLER
BUTLER - 000019,152,1.0000000000,107.0000000000,107.0000000000,0,BUTLER,BUTLER
BUTLER - 000020,152,1.0000000000,103.9999999999,103.9999999999,0,BUTLER,BUTLER
BUTLER - 000021,152,1.0000000000,49.9999999999,49.9999999999,0,BUTLER,BUTLER
BUTLER - 000022,152,1.0000000000,54.9999999999,54.9999999999,0,BUTLER,BUTLER
BUTLER - 000023,150,0.2704402516,43.0000000001,158.9999999997,0,BUTLER,BUTLER
BUTLER - 000023,152,0.7295597484,115.9999999996,158.9999999997,0,BUTLER,BUTLER
BUTLER - 000024,150,0.5285252111,40.1679160420,75.9999999999,0,BUTLER,BUTLER
BUTLER - 000024,152,0.4714747889,35.8320839579,75.9999999999,0,BUTLER,BUTLER
BUTLER - 000025,152,1.0000000000,44.9999999999,44.9999999999,0,BUTLER,BUTLER
BUTLER - 000026,152,1.0000000000,69.0000000001,69.0000000001,0,BUTLER,BUTLER
CALDWELL - 000002,2,1.0000000000,124.0000000002,124.0000000002,0,CALDWELL,CALDWELL
CALDWELL - 000003,2,1.0000000000,176.0000000002,176.0000000002,0,CALDWELL,CALDWELL
CALDWELL - 000004,2,1.0000000000,166.0000000001,166.0000000001,0,CALDWELL,CALDWELL
CALDWELL - 000005,2,1.0000000000,156.9999999999,156.9999999999,0,CALDWELL,CALDWELL
CALDWELL - 000006,2,1.0000000000,112.0000000000,112.0000000000,0,CALDWELL,CALDWELL
CALDWELL - 000007,2,1.0000000000,101.9999999997,101.9999999997,0,CALDWELL,CALDWELL
CALDWELL - 000008,2,1.0000000000,135.0000000004,135.0000000004,0,CALDWELL,CALDWELL
CALDWELL - 000009,2,1.0000000000,78.0000000000,78.0000000000,0,CALDWELL,CALDWELL
CALDWELL - 000010,2,1.0000000000,117.0000000002,117.0000000002,0,CALDWELL,CALDWELL
CALDWELL - 000011,2,1.0000000000,71.9999999998,71.9999999998,0,CALDWELL,CALDWELL
CALLAWAY - 000002,43,1.0000000000,160.9999999999,160.9999999999,0,CALLAWAY,CALLAWAY
CALLAWAY - 000003,43,0.4338530462,31.6712723723,73.0000000001,0,CALLAWAY,CALLAWAY
CALLAWAY - 000003,49,0.5661469538,41.3287276278,73.0000000001,0,CALLAWAY,CALLAWAY
CALLAWAY - 000004,49,1.0000000000,51.0000000000,51.0000000000,0,CALLAWAY,CALLAWAY
CALLAWAY - 000005,49,1.0000000000,34.0000000003,34.0000000003,0,CALLAWAY,CALLAWAY
CALLAWAY - 000006,49,1.0000000000,36.0000000000,36.0000000000,0,CALLAWAY,CALLAWAY
CALLAWAY - 000007,43,0.0749497707,20.2364380841,270.0000000004,0,CALLAWAY,CALLAWAY
CALLAWAY - 000007,49,0.9250502293,249.7635619163,270.0000000004,0,CALLAWAY,CALLAWAY
CALLAWAY - 000008,49,1.0000000000,20.0000000001,20.0000000001,0,CALLAWAY,CALLAWAY
CALLAWAY - 000009,49,1.0000000000,95.0000000001,95.0000000001,0,CALLAWAY,CALLAWAY
CALLAWAY - 000010,49,1.0000000000,76.9999999999,76.9999999999,0,CALLAWAY,CALLAWAY
CALLAWAY - 000011,49,1.0000000000,119.0000000003,119.0000000003,0,CALLAWAY,CALLAWAY
CALLAWAY - 000012,43,0.1126084104,6.8691130373,61.0000000000,0,CALLAWAY,CALLAWAY
CALLAWAY - 000012,49,0.8873915896,54.1308869627,61.0000000000,0,CALLAWAY,CALLAWAY
CALLAWAY - 000013,49,1.0000000000,40.0000000000,40.0000000000,0,CALLAWAY,CALLAWAY
CALLAWAY - 000014,49,1.0000000000,36.0000000000,36.0000000000,0,CALLAWAY,CALLAWAY
CALLAWAY - 000015,43,1.0000000000,52.0000000000,52.0000000000,0,CALLAWAY,CALLAWAY
CALLAWAY - 000016,49,1.0000000000,141.0000000002,141.0000000002,0,CALLAWAY,CALLAWAY
CALLAWAY - 000017,49,1.0000000000,27.0000000001,27.0000000001,0,CALLAWAY,CALLAWAY
CALLAWAY - 000018,49,1.0000000000,38.0000000000,38.0000000000,0,CALLAWAY,CALLAWAY
CALLAWAY - 000019,43,0.9747899160,115.9999999999,118.9999999999,0,CALLAWAY,CALLAWAY
CALLAWAY - 000019,49,0.0252100840,3.0000000000,118.9999999999,0,CALLAWAY,CALLAWAY
CALLAWAY - 000020,43,0.3019390066,25.0609375506,83.0000000001,0,CALLAWAY,CALLAWAY
CALLAWAY - 000020,49,0.6980609934,57.9390624495,83.0000000001,0,CALLAWAY,CALLAWAY
CALLAWAY - 000021,49,1.0000000000,68.0000000000,68.0000000000,0,CALLAWAY,CALLAWAY
CALLAWAY - 000022,49,1.0000000000,128.9999999998,128.9999999998,0,CALLAWAY,CALLAWAY
CALLAWAY - 000023,49,1.0000000000,68.9999999998,68.9999999998,0,CALLAWAY,CALLAWAY
CALLAWAY - 000024,49,1.0000000000,74.9999999997,74.9999999997,0,CALLAWAY,CALLAWAY
CALLAWAY - 000025,43,1.0000000000,80.0000000001,80.0000000001,0,CALLAWAY,CALLAWAY
CALLAWAY - 000026,43,0.6754718439,21.6150990058,31.9999999999,0,CALLAWAY,CALLAWAY
CALLAWAY - 000026,49,0.3245281561,10.3849009941,31.9999999999,0,CALLAWAY,CALLAWAY
CALLAWAY - 000027,49,1.0000000000,106.9999999998,106.9999999998,0,CALLAWAY,CALLAWAY
CALLAWAY - 000028,43,0.3191489362,45.0000000001,140.9999999998,0,CALLAWAY,CALLAWAY
CALLAWAY - 000028,49,0.6808510638,95.9999999997,140.9999999998,0,CALLAWAY,CALLAWAY
CAMDEN - 000002,123,1.0000000000,124.9999999999,124.9999999999,0,CAMDEN,CAMDEN
CAMDEN - 000003,142,1.0000000000,18.0000000000,18.0000000000,0,CAMDEN,CAMDEN
CAMDEN - 000004,123,0.9145299145,107.0000000002,117.0000000002,0,CAMDEN,CAMDEN
CAMDEN - 000004,142,0.0854700855,10.0000000000,117.0000000002,0,CAMDEN,CAMDEN
CAMDEN - 000005,123,1.0000000000,139.0000000001,139.0000000001,0,CAMDEN,CAMDEN
CAMDEN - 000006,123,1.0000000000,94.9999999998,94.9999999998,0,CAMDEN,CAMDEN
CAMDEN - 000007,123,1.0000000000,63.9999999998,63.9999999998,0,CAMDEN,CAMDEN
CAMDEN - 000008,123,1.0000000000,231.0000000000,231.0000000000,0,CAMDEN,CAMDEN
CAMDEN - 000009,123,0.9540593235,53.4273221181,56.0000000002,0,CAMDEN,CAMDEN
CAMDEN - 000009,142,0.0459406765,2.5726778821,56.0000000002,0,CAMDEN,CAMDEN
CAMDEN - 000010,123,1.0000000000,82.0000000001,82.0000000001,0,CAMDEN,CAMDEN
CAMDEN - 000011,123,1.0000000000,150.0000000001,150.0000000001,0,CAMDEN,CAMDEN
CAMDEN - 000012,123,0.0236891411,1.5634833112,65.9999999999,0,CAMDEN,CAMDEN
CAMDEN - 000012,142,0.9763108589,64.4365166887,65.9999999999,0,CAMDEN,CAMDEN
CAMDEN - 000013,123,1.0000000000,69.0000000000,69.0000000000,0,CAMDEN,CAMDEN
CAMDEN - 000014,123,1.0000000000,231.0000000003,231.0000000003,0,CAMDEN,CAMDEN
CAMDEN - 000015,123,1.0000000000,121.9999999998,121.9999999998,0,CAMDEN,CAMDEN
CAMDEN - 000016,123,0.0041148712,0.9217311426,224.0000000001,0,CAMDEN,CAMDEN
CAMDEN - 000016,142,0.9958851288,223.0782688575,224.0000000001,0,CAMDEN,CAMDEN
CAMDEN - 000017,123,1.0000000000,51.0000000002,51.0000000002,0,CAMDEN,CAMDEN
CAMDEN - 000018,123,1.0000000000,67.0000000001,67.0000000001,0,CAMDEN,CAMDEN
CAMDEN - 000019,123,1.0000000000,212.0000000004,212.0000000004,0,CAMDEN,CAMDEN
CAMDEN - 000020,123,1.0000000000,159.9999999998,159.9999999998,0,CAMDEN,CAMDEN
CAMDEN - 000021,123,0.5788990019,67.1522842179,116.0000000000,0,CAMDEN,CAMDEN
CAMDEN - 000021,142,0.4211009981,48.8477157821,116.0000000000,0,CAMDEN,CAMDEN
CAMDEN - 000022,123,1.0000000000,81.0000000000,81.0000000000,0,CAMDEN,CAMDEN
CAMDEN - 000023,142,1.0000000000,40.0000000000,40.0000000000,0,CAMDEN,CAMDEN
CAMDEN - 000024,123,1.0000000000,169.0000000000,169.0000000000,0,CAMDEN,CAMDEN
CAMDEN - 000025,58,0.0000028011,0.0003809525,136.0000000005,0,CAMDEN,CAMDEN
CAMDEN - 000025,123,0.9999971989,135.9996190480,136.0000000005,0,CAMDEN,CAMDEN
CAMDEN - 000026,123,1.0000000000,183.9999999992,183.9999999992,0,CAMDEN,CAMDEN
CAMDEN - 000028,123,1.0000000000,39.9999999998,39.9999999998,0,CAMDEN,CAMDEN
CAPE GIRARDEAU - 000002,146,0.9985609337,44.9352420169,45.0000000002,0,CAPE GIRARDEAU,CAPE GIRARDEAU
CAPE GIRARDEAU - 000002,147,0.0014390663,0.0647579833,45.0000000002,0,CAPE GIRARDEAU,CAPE GIRARDEAU
CAPE GIRARDEAU - 000003,146,1.0000000000,79.0000000000,79.0000000000,0,CAPE GIRARDEAU,CAPE GIRARDEAU
CAPE GIRARDEAU - 000004,146,1.0000000000,67.0000000001,67.0000000001,0,CAPE GIRARDEAU,CAPE GIRARDEAU
CAPE GIRARDEAU - 000005,146,0.9977987873,129.7138423520,130.0000000006,0,CAPE GIRARDEAU,CAPE GIRARDEAU
CAPE GIRARDEAU - 000005,147,0.0022012127,0.2861576486,130.0000000006,0,CAPE GIRARDEAU,CAPE GIRARDEAU
CAPE GIRARDEAU - 000006,146,1.0000000000,69.0000000000,69.0000000000,0,CAPE GIRARDEAU,CAPE GIRARDEAU
CAPE GIRARDEAU - 000007,146,1.0000000000,70.9999999999,70.9999999999,0,CAPE GIRARDEAU,CAPE GIRARDEAU
CAPE GIRARDEAU - 000008,146,1.0000000000,155.9999999999,155.9999999999,0,CAPE GIRARDEAU,CAPE GIRARDEAU
CAPE GIRARDEAU - 000009,146,0.9850896941,104.4195075717,106.0000000001,0,CAPE GIRARDEAU,CAPE GIRARDEAU
CAPE GIRARDEAU - 000009,147,0.0054763437,0.5804924284,106.0000000001,0,CAPE GIRARDEAU,CAPE GIRARDEAU
CAPE GIRARDEAU - 000009,151,0.0094339623,1.0000000000,106.0000000001,0,CAPE GIRARDEAU,CAPE GIRARDEAU
CAPE GIRARDEAU - 000010,146,0.0299776092,1.8286341630,61.0000000001,0,CAPE GIRARDEAU,CAPE GIRARDEAU
CAPE GIRARDEAU - 000010,147,0.9700223908,59.1713658371,61.0000000001,0,CAPE GIRARDEAU,CAPE GIRARDEAU
CAPE GIRARDEAU - 000011,147,1.0000000000,50.0000000001,50.0000000001,0,CAPE GIRARDEAU,CAPE GIRARDEAU
CAPE GIRARDEAU - 000012,146,0.4249291893,24.6458929769,57.9999999999,0,CAPE GIRARDEAU,CAPE GIRARDEAU
CAPE GIRARDEAU - 000012,147,0.5749191046,33.3453080670,57.9999999999,0,CAPE GIRARDEAU,CAPE GIRARDEAU
CAPE GIRARDEAU - 000012,148,0.0001517061,0.0087989560,57.9999999999,0,CAPE GIRARDEAU,CAPE GIRARDEAU
CAPE GIRARDEAU - 000013,147,1.0000000000,36.0000000000,36.0000000000,0,CAPE GIRARDEAU,CAPE GIRARDEAU
CAPE GIRARDEAU - 000014,147,1.0000000000,37.9999999999,37.9999999999,0,CAPE GIRARDEAU,CAPE GIRARDEAU
CAPE GIRARDEAU - 000015,147,1.0000000000,49.0000000000,49.0000000000,0,CAPE GIRARDEAU,CAPE GIRARDEAU
CAPE GIRARDEAU - 000016,146,0.0417397144,2.6713417217,63.9999999997,0,CAPE GIRARDEAU,CAPE GIRARDEAU
CAPE GIRARDEAU - 000016,147,0.9582602856,61.3286582780,63.9999999997,0,CAPE GIRARDEAU,CAPE GIRARDEAU
CAPE GIRARDEAU - 000017,146,0.0662117396,8.0778322310,122.0000000002,0,CAPE GIRARDEAU,CAPE GIRARDEAU
CAPE GIRARDEAU - 000017,147,0.9337882604,113.9221677692,122.0000000002,0,CAPE GIRARDEAU,CAPE GIRARDEAU
CAPE GIRARDEAU - 000018,146,0.1428684471,21.5731355164,151.0000000001,0,CAPE GIRARDEAU,CAPE GIRARDEAU
CAPE GIRARDEAU - 000018,147,0.8571315529,129.4268644837,151.0000000001,0,CAPE GIRARDEAU,CAPE GIRARDEAU
CAPE GIRARDEAU - 000019,147,1.0000000000,49.9999999999,49.9999999999,0,CAPE GIRARDEAU,CAPE GIRARDEAU
CAPE GIRARDEAU - 000020,147,1.0000000000,31.0000000000,31.0000000000,0,CAPE GIRARDEAU,CAPE GIRARDEAU
CAPE GIRARDEAU - 000021,147,1.0000000000,31.0000000000,31.0000000000,0,CAPE GIRARDEAU,CAPE GIRARDEAU
CAPE GIRARDEAU - 000022,147,1.0000000000,43.0000000000,43.0000000000,0,CAPE GIRARDEAU,CAPE GIRARDEAU
CAPE GIRARDEAU - 000023,147,1.0000000000,59.0000000000,59.0000000000,0,CAPE GIRARDEAU,CAPE GIRARDEAU
CAPE GIRARDEAU - 000024,147,1.0000000000,92.0000000000,92.0000000000,0,CAPE GIRARDEAU,CAPE GIRARDEAU
CAPE GIRARDEAU - 000025,147,1.0000000000,51.0000000001,51.0000000001,0,CAPE GIRARDEAU,CAPE GIRARDEAU
CAPE GIRARDEAU - 000026,146,0.0069930070,1.0000000000,142.9999999999,0,CAPE GIRARDEAU,CAPE GIRARDEAU
CAPE GIRARDEAU - 000026,148,0.0070086473,1.0022365584,142.9999999999,0,CAPE GIRARDEAU,CAPE GIRARDEAU
CAPE GIRARDEAU - 000026,151,0.9859983457,140.9977634415,142.9999999999,0,CAPE GIRARDEAU,CAPE GIRARDEAU
CAPE GIRARDEAU - 000027,146,1.0000000000,34.0000000001,34.0000000001,0,CAPE GIRARDEAU,CAPE GIRARDEAU
CAPE GIRARDEAU - 000028,146,1.0000000000,118.9999999997,118.9999999997,0,CAPE GIRARDEAU,CAPE GIRARDEAU
CAPE GIRARDEAU - 000029,146,0.3894812315,53.7484099458,138.0000000000,0,CAPE GIRARDEAU,CAPE GIRARDEAU
CAPE GIRARDEAU - 000029,151,0.6105187685,84.2515900542,138.0000000000,0,CAPE GIRARDEAU,CAPE GIRARDEAU
CAPE GIRARDEAU - 000030,146,0.8195297872,104.8998127669,127.9999999998,0,CAPE GIRARDEAU,CAPE GIRARDEAU
CAPE GIRARDEAU - 000030,147,0.1804702128,23.1001872330,127.9999999998,0,CAPE GIRARDEAU,CAPE GIRARDEAU
CAPE GIRARDEAU - 000031,146,1.0000000000,86.0000000000,86.0000000000,0,CAPE GIRARDEAU,CAPE GIRARDEAU
CAPE GIRARDEAU - 000032,146,0.9410635557,96.9295462399,103.0000000001,0,CAPE GIRARDEAU,CAPE GIRARDEAU
CAPE GIRARDEAU - 000032,147,0.0589364443,6.0704537602,103.0000000001,0,CAPE GIRARDEAU,CAPE GIRARDEAU
CAPE GIRARDEAU - 000033,146,1.0000000000,51.0000000000,51.0000000000,0,CAPE GIRARDEAU,CAPE GIRARDEAU
CAPE GIRARDEAU - 000034,146,1.0000000000,130.0000000001,130.0000000001,0,CAPE GIRARDEAU,CAPE GIRARDEAU
CAPE GIRARDEAU - 000035,146,1.0000000000,54.0000000002,54.0000000002,0,CAPE GIRARDEAU,CAPE GIRARDEAU
CAPE GIRARDEAU - 000036,146,1.0000000000,108.0000000001,108.0000000001,0,CAPE GIRARDEAU,CAPE GIRARDEAU
CAPE GIRARDEAU - 000037,146,1.0000000000,44.9999999999,44.9999999999,0,CAPE GIRARDEAU,CAPE GIRARDEAU
CAPE GIRARDEAU - 000038,146,0.0001556053,0.0161829499,104.0000000000,0,CAPE GIRARDEAU,CAPE GIRARDEAU
CAPE GIRARDEAU - 000038,151,0.9998443947,103.9838170501,104.0000000000,0,CAPE GIRARDEAU,CAPE GIRARDEAU
CARROLL - 000002,7,1.0000000000,118.0000000000,118.0000000000,0,CARROLL,CARROLL
CARROLL - 000003,7,1.0000000000,81.0000000000,81.0000000000,0,CARROLL,CARROLL
CARROLL - 000004,7,1.0000000000,64.0000000000,64.0000000000,0,CARROLL,CARROLL
CARROLL - 000005,7,1.0000000000,66.9999999999,66.9999999999,0,CARROLL,CARROLL
CARROLL - 000006,7,1.0000000000,143.0000000001,143.0000000001,0,CARROLL,CARROLL
CARROLL - 000007,7,0.9848656613,137.8811925819,139.9999999999,0,CARROLL,CARROLL
CARROLL - 000007,51,0.0151343387,2.1188074180,139.9999999999,0,CARROLL,CARROLL
CARROLL - 000008,7,1.0000000000,151.9999999999,151.9999999999,0,CARROLL,CARROLL
CARROLL - 000009,7,1.0000000000,51.0000000000,51.0000000000,0,CARROLL,CARROLL
CARROLL - 000010,7,1.0000000000,40.0000000000,40.0000000000,0,CARROLL,CARROLL
CARROLL - 000011,7,1.0000000000,141.0000000000,141.0000000000,0,CARROLL,CARROLL
CARROLL - 000012,7,1.0000000000,163.0000000000,163.0000000000,0,CARROLL,CARROLL
CARROLL - 000013,7,1.0000000000,159.9999999999,159.9999999999,0,CARROLL,CARROLL
CARROLL - 000014,7,1.0000000000,62.0000000000,62.0000000000,0,CARROLL,CARROLL
CARROLL - 000015,7,1.0000000000,137.0000000000,137.0000000000,0,CARROLL,CARROLL
CARROLL - 000016,7,1.0000000000,71.0000000000,71.0000000000,0,CARROLL,CARROLL
CARROLL - 000017,7,1.0000000000,79.0000000000,79.0000000000,0,CARROLL,CARROLL
CARROLL - 000018,7,1.0000000000,43.0000000000,43.0000000000,0,CARROLL,CARROLL
CARTER - 000002,153,1.0000000000,66.0000000000,66.0000000000,0,CARTER,CARTER
CARTER - 000003,153,1.0000000000,86.9999999998,86.9999999998,0,CARTER,CARTER
CARTER - 000004,153,1.0000000000,118.0000000001,118.0000000001,0,CARTER,CARTER
CARTER - 000005,153,1.0000000000,91.0000000000,91.0000000000,0,CARTER,CARTER
CARTER - 000006,153,1.0000000000,63.0000000001,63.0000000001,0,CARTER,CARTER
CARTER - 000007,153,1.0000000000,29.9999999999,29.9999999999,0,CARTER,CARTER
CARTER - 000008,153,1.0000000000,237.9999999997,237.9999999997,0,CARTER,CARTER
CASS - 000002,62,1.0000000000,41.0000000000,41.0000000000,0,CASS,CASS
CASS - 000003,62,1.0000000000,118.9999999998,118.9999999998,0,CASS,CASS
CASS - 000004,56,1.0000000000,73.9999999998,73.9999999998,0,CASS,CASS
CASS - 000005,56,1.0000000000,23.0000000000,23.0000000000,0,CASS,CASS
CASS - 000006,56,1.0000000000,55.0000000001,55.0000000001,0,CASS,CASS
CASS - 000007,56,1.0000000000,95.0000000000,95.0000000000,0,CASS,CASS
CASS - 000008,56,1.0000000000,57.9999999999,57.9999999999,0,CASS,CASS
CASS - 000009,56,0.9980051350,36.9261899950,37.0000000000,0,CASS,CASS
CASS - 000009,62,0.0019948650,0.0738100050,37.0000000000,0,CASS,CASS
CASS - 000010,56,0.9940425532,46.7200000000,47.0000000000,0,CASS,CASS
CASS - 000010,62,0.0059574468,0.2800000000,47.0000000000,0,CASS,CASS
CASS - 000011,55,1.0000000000,56.0000000000,56.0000000000,0,CASS,CASS
CASS - 000012,55,1.0000000000,107.0000000002,107.0000000002,0,CASS,CASS
CASS - 000013,55,0.8899082569,97.0000000000,109.0000000000,0,CASS,CASS
CASS - 000013,62,0.1100917431,12.0000000000,109.0000000000,0,CASS,CASS
CASS - 000014,62,1.0000000000,61.9999999999,61.9999999999,0,CASS,CASS
CASS - 000015,62,1.0000000000,85.0000000001,85.0000000001,0,CASS,CASS
CASS - 000016,62,1.0000000000,72.0000000000,72.0000000000,0,CASS,CASS
CASS - 000017,62,1.0000000000,12.0000000000,12.0000000000,0,CASS,CASS
CASS - 000018,62,1.0000000000,121.0000000000,121.0000000000,0,CASS,CASS
CASS - 000019,62,1.0000000000,62.0000000000,62.0000000000,0,CASS,CASS
CASS - 000020,55,1.0000000000,86.0000000002,86.0000000002,0,CASS,CASS
CASS - 000021,55,0.2408615600,50.5809275923,210.0000000004,0,CASS,CASS
CASS - 000021,62,0.7591384400,159.4190724081,210.0000000004,0,CASS,CASS
CASS - 000022,55,1.0000000000,86.0000000000,86.0000000000,0,CASS,CASS
CASS - 000023,55,1.0000000000,29.0000000000,29.0000000000,0,CASS,CASS
CASS - 000024,55,0.9686040525,99.7662174032,103.0000000000,0,CASS,CASS
CASS - 000024,62,0.0313959475,3.2337825968,103.0000000000,0,CASS,CASS
CASS - 000025,55,0.0645161290,6.0000000000,92.9999999997,0,CASS,CASS
CASS - 000025,62,0.9354838710,86.9999999997,92.9999999997,0,CASS,CASS
CASS - 000026,55,0.9531250000,61.0000000000,64.0000000000,0,CASS,CASS
CASS - 000026,62,0.0468750000,3.0000000000,64.0000000000,0,CASS,CASS
CASS - 000027,62,1.0000000000,43.9999999998,43.9999999998,0,CASS,CASS
CASS - 000028,56,0.3971557813,35.3468645324,88.9999999996,0,CASS,CASS
CASS - 000028,62,0.6028442187,53.6531354672,88.9999999996,0,CASS,CASS
CASS - 000029,55,0.9761904762,123.0000000002,126.0000000002,0,CASS,CASS
CASS - 000029,62,0.0238095238,3.0000000000,126.0000000002,0,CASS,CASS
CASS - 000030,55,1.0000000000,102.0000000000,102.0000000000,0,CASS,CASS
CASS - 000031,55,1.0000000000,45.9999999997,45.9999999997,0,CASS,CASS
CASS - 000032,55,1.0000000000,16.0000000000,16.0000000000,0,CASS,CASS
CASS - 000033,55,1.0000000000,89.0000000003,89.0000000003,0,CASS,CASS
CASS - 000034,55,1.0000000000,150.0000000000,150.0000000000,0,CASS,CASS
CASS - 000035,56,1.0000000000,43.0000000002,43.0000000002,0,CASS,CASS
CASS - 000036,56,1.0000000000,21.0000000000,21.0000000000,0,CASS,CASS
CASS - 000037,55,1.0000000000,70.0000000001,70.0000000001,0,CASS,CASS
CASS - 000038,56,1.0000000000,34.9999999999,34.9999999999,0,CASS,CASS
CASS - 000039,56,1.0000000000,19.9999999999,19.9999999999,0,CASS,CASS
CASS - 000040,55,0.5265694197,33.7004428594,63.9999999999,0,CASS,CASS
CASS - 000040,56,0.4734305803,30.2995571405,63.9999999999,0,CASS,CASS
CASS - 000041,55,0.3131877741,17.8517031225,57.0000000003,0,CASS,CASS
CASS - 000041,56,0.1471577939,8.3879942514,57.0000000003,0,CASS,CASS
CASS - 000041,62,0.5396544320,30.7603026264,57.0000000003,0,CASS,CASS
CASS - 000042,62,1.0000000000,99.0000000002,99.0000000002,0,CASS,CASS
CASS - 000043,62,1.0000000000,106.0000000000,106.0000000000,0,CASS,CASS
CASS - 000044,62,1.0000000000,72.9999999999,72.9999999999,0,CASS,CASS
CASS - 000045,62,1.0000000000,10.0000000000,10.0000000000,0,CASS,CASS
CASS - 000046,62,1.0000000000,51.0000000000,51.0000000000,0,CASS,CASS
CASS - 000047,55,0.1958707643,27.8136485358,142.0000000001,0,CASS,CASS
CASS - 000047,62,0.8041292357,114.1863514643,142.0000000001,0,CASS,CASS
CEDAR - 000002,125,0.0116279070,1.0000000000,85.9999999999,0,CEDAR,CEDAR
CEDAR - 000002,127,0.9883720930,84.9999999999,85.9999999999,0,CEDAR,CEDAR
CEDAR - 000003,125,0.6363636364,28.0000000000,44.0000000000,0,CEDAR,CEDAR
CEDAR - 000003,127,0.3636363636,16.0000000000,44.0000000000,0,CEDAR,CEDAR
CEDAR - 000004,125,1.0000000000,80.9999999998,80.9999999998,0,CEDAR,CEDAR
CEDAR - 000005,125,1.0000000000,62.9999999998,62.9999999998,0,CEDAR,CEDAR
CEDAR - 000006,125,1.0000000000,77.9999999998,77.9999999998,0,CEDAR,CEDAR
CEDAR - 000007,125,1.0000000000,50.9999999998,50.9999999998,0,CEDAR,CEDAR
CEDAR - 000008,125,1.0000000000,60.9999999998,60.9999999998,0,CEDAR,CEDAR
CEDAR - 000009,125,1.0000000000,62.0000000000,62.0000000000,0,CEDAR,CEDAR
CEDAR - 000010,125,0.8552631579,65.0000000000,76.0000000000,0,CEDAR,CEDAR
CEDAR - 000010,127,0.1447368421,11.0000000000,76.0000000000,0,CEDAR,CEDAR
CEDAR - 000011,125,0.3322641258,35.8845255830,108.0000000000,0,CEDAR,CEDAR
CEDAR - 000011,127,0.6677358742,72.1154744170,108.0000000000,0,CEDAR,CEDAR
CEDAR - 000012,125,0.0071912827,1.8697334925,260.0000000003,0,CEDAR,CEDAR
CEDAR - 000012,127,0.9928087173,258.1302665078,260.0000000003,0,CEDAR,CEDAR
CEDAR - 000013,125,0.0013929169,0.1351129402,96.9999999998,0,CEDAR,CEDAR
CEDAR - 000013,127,0.9986070831,96.8648870596,96.9999999998,0,CEDAR,CEDAR
CEDAR - 000014,127,1.0000000000,14.0000000000,14.0000000000,0,CEDAR,CEDAR
CEDAR - 000015,125,1.0000000000,88.0000000000,88.0000000000,0,CEDAR,CEDAR
CHARITON - 000002,48,1.0000000000,73.0000000002,73.0000000002,0,CHARITON,CHARITON
CHARITON - 000003,48,1.0000000000,91.0000000001,91.0000000001,0,CHARITON,CHARITON
CHARITON - 000004,48,1.0000000000,222.0000000001,222.0000000001,0,CHARITON,CHARITON
CHARITON - 000005,48,0.9082568807,98.9999999997,108.9999999997,0,CHARITON,CHARITON
CHARITON - 000005,51,0.0917431193,10.0000000000,108.9999999997,0,CHARITON,CHARITON
CHARITON - 000006,48,1.0000000000,68.0000000000,68.0000000000,0,CHARITON,CHARITON
CHARITON - 000007,48,1.0000000000,71.0000000002,71.0000000002,0,CHARITON,CHARITON
CHARITON - 000008,48,1.0000000000,159.0000000003,159.0000000003,0,CHARITON,CHARITON
CHARITON - 000009,48,1.0000000000,151.9999999997,151.9999999997,0,CHARITON,CHARITON
CHARITON - 000010,48,1.0000000000,108.0000000002,108.0000000002,0,CHARITON,CHARITON
CHARITON - 000011,48,1.0000000000,138.9999999998,138.9999999998,0,CHARITON,CHARITON
CHARITON - 000012,48,1.0000000000,150.9999999997,150.9999999997,0,CHARITON,CHARITON
CHARITON - 000013,48,1.0000000000,120.0000000002,120.0000000002,0,CHARITON,CHARITON
CHARITON - 000014,48,1.0000000000,41.9999999999,41.9999999999,0,CHARITON,CHARITON
CHARITON - 000015,48,1.0000000000,111.9999999996,111.9999999996,0,CHARITON,CHARITON
CHARITON - 000016,48,1.0000000000,97.9999999999,97.9999999999,0,CHARITON,CHARITON
CHARITON - 000017,48,1.0000000000,80.9999999999,80.9999999999,0,CHARITON,CHARITON
CHRISTIAN - 000002,129,0.0002763446,0.0143699199,52.0000000000,0,CHRISTIAN,CHRISTIAN
CHRISTIAN - 000002,140,0.9997236554,51.9856300801,52.0000000000,0,CHRISTIAN,CHRISTIAN
CHRISTIAN - 000003,140,1.0000000000,54.0000000000,54.0000000000,0,CHRISTIAN,CHRISTIAN
CHRISTIAN - 000004,138,0.2156862745,10.9999999999,51.0000000001,0,CHRISTIAN,CHRISTIAN
CHRISTIAN - 000004,140,0.7843137255,40.0000000002,51.0000000001,0,CHRISTIAN,CHRISTIAN
CHRISTIAN - 000005,139,0.0003792902,0.0868574579,229.0000000001,0,CHRISTIAN,CHRISTIAN
CHRISTIAN - 000005,140,0.9996207098,228.9131425422,229.0000000001,0,CHRISTIAN,CHRISTIAN
CHRISTIAN - 000006,138,0.9412798986,48.9465547275,52.0000000002,0,CHRISTIAN,CHRISTIAN
CHRISTIAN - 000006,155,0.0208978700,1.0866892423,52.0000000002,0,CHRISTIAN,CHRISTIAN
CHRISTIAN - 000006,156,0.0378222314,1.9667560304,52.0000000002,0,CHRISTIAN,CHRISTIAN
CHRISTIAN - 000007,138,0.0063356300,1.3114754098,207.0000000006,0,CHRISTIAN,CHRISTIAN
CHRISTIAN - 000007,140,0.9936643700,205.6885245908,207.0000000006,0,CHRISTIAN,CHRISTIAN
CHRISTIAN - 000008,139,0.2534452489,44.6063638099,176.0000000000,0,CHRISTIAN,CHRISTIAN
CHRISTIAN - 000008,140,0.7465547511,131.3936361901,176.0000000000,0,CHRISTIAN,CHRISTIAN
CHRISTIAN - 000009,138,1.0000000000,159.0000000002,159.0000000002,0,CHRISTIAN,CHRISTIAN
CHRISTIAN - 000010,138,0.9831888711,92.4197538811,94.0000000001,0,CHRISTIAN,CHRISTIAN
CHRISTIAN - 000010,156,0.0168111289,1.5802461190,94.0000000001,0,CHRISTIAN,CHRISTIAN
CHRISTIAN - 000011,139,0.9999999760,51.9999987537,52.0000000001,0,CHRISTIAN,CHRISTIAN
CHRISTIAN - 000011,140,0.0000000240,0.0000012464,52.0000000001,0,CHRISTIAN,CHRISTIAN
CHRISTIAN - 000012,138,1.0000000000,29.0000000000,29.0000000000,0,CHRISTIAN,CHRISTIAN
CHRISTIAN - 000013,138,0.8856368934,30.9972912688,35.0000000002,0,CHRISTIAN,CHRISTIAN
CHRISTIAN - 000013,155,0.1143631066,4.0027087314,35.0000000002,0,CHRISTIAN,CHRISTIAN
CHRISTIAN - 000014,139,1.0000000000,156.0000000002,156.0000000002,0,CHRISTIAN,CHRISTIAN
CHRISTIAN - 000015,140,1.0000000000,91.0000000000,91.0000000000,0,CHRISTIAN,CHRISTIAN
CHRISTIAN - 000016,140,1.0000000000,92.0000000001,92.0000000001,0,CHRISTIAN,CHRISTIAN
CHRISTIAN - 000017,138,1.0000000000,49.9999999999,49.9999999999,0,CHRISTIAN,CHRISTIAN
CHRISTIAN - 000018,139,0.6447129107,56.0900232293,86.9999999997,0,CHRISTIAN,CHRISTIAN
CHRISTIAN - 000018,140,0.3552870893,30.9099767704,86.9999999997,0,CHRISTIAN,CHRISTIAN
CHRISTIAN - 000019,138,0.9929861158,31.7755557063,32.0000000000,0,CHRISTIAN,CHRISTIAN
CHRISTIAN - 000019,140,0.0070138842,0.2244442937,32.0000000000,0,CHRISTIAN,CHRISTIAN
CHRISTIAN - 000020,139,1.0000000000,106.0000000004,106.0000000004,0,CHRISTIAN,CHRISTIAN
CHRISTIAN - 000021,139,1.0000000000,75.9999999999,75.9999999999,0,CHRISTIAN,CHRISTIAN
CHRISTIAN - 000022,137,0.0000245891,0.0034670590,140.9999999998,0,CHRISTIAN,CHRISTIAN
CHRISTIAN - 000022,140,0.9999754109,140.9965329408,140.9999999998,0,CHRISTIAN,CHRISTIAN
CHRISTIAN - 000023,139,1.0000000000,141.0000000001,141.0000000001,0,CHRISTIAN,CHRISTIAN
CHRISTIAN - 000024,138,1.0000000000,21.0000000000,21.0000000000,0,CHRISTIAN,CHRISTIAN
CHRISTIAN - 000025,138,0.9897959184,96.9999999997,97.9999999997,0,CHRISTIAN,CHRISTIAN
CHRISTIAN - 000025,140,0.0102040816,1.0000000000,97.9999999997,0,CHRISTIAN,CHRISTIAN
CHRISTIAN - 000026,139,0.6408859087,142.2766717322,221.9999999999,0,CHRISTIAN,CHRISTIAN
CHRISTIAN - 000026,140,0.3591140913,79.7233282677,221.9999999999,0,CHRISTIAN,CHRISTIAN
CLARK - 000002,4,1.0000000000,89.9999999999,89.9999999999,0,CLARK,CLARK
CLARK - 000003,4,1.0000000000,34.0000000001,34.0000000001,0,CLARK,CLARK
CLARK - 000004,4,1.0000000000,49.0000000001,49.0000000001,0,CLARK,CLARK
CLARK - 000005,4,1.0000000000,22.9999999999,22.9999999999,0,CLARK,CLARK
CLARK - 000006,4,1.0000000000,181.0000000002,181.0000000002,0,CLARK,CLARK
CLARK - 000007,4,1.0000000000,25.0000000000,25.0000000000,0,CLARK,CLARK
CLARK - 000008,4,1.0000000000,225.9999999998,225.9999999998,0,CLARK,CLARK
CLARK - 000009,4,1.0000000000,57.0000000000,57.0000000000,0,CLARK,CLARK
CLARK - 000010,4,1.0000000000,77.0000000001,77.0000000001,0,CLARK,CLARK
CLARK - 000011,4,1.0000000000,76.0000000000,76.0000000000,0,CLARK,CLARK
CLARK - 000012,4,1.0000000000,151.0000000001,151.0000000001,0,CLARK,CLARK
CLARK - 000013,4,1.0000000000,158.0000000004,158.0000000004,0,CLARK,CLARK
CLAY - 000002,15,0.2001751480,21.8190911271,109.0000000000,0,CLAY,CLAY
CLAY - 000002,16,0.1667973291,18.1809088728,109.0000000000,0,CLAY,CLAY
CLAY - 000002,17,0.6330275229,69.0000000001,109.0000000000,0,CLAY,CLAY
CLAY - 000003,16,1.0000000000,46.0000000002,46.0000000002,0,CLAY,CLAY
CLAY - 000004,16,1.0000000000,38.0000000001,38.0000000001,0,CLAY,CLAY
CLAY - 000005,16,1.0000000000,102.9999999996,102.9999999996,0,CLAY,CLAY
CLAY - 000006,17,1.0000000000,111.9999999998,111.9999999998,0,CLAY,CLAY
CLAY - 000007,17,1.0000000000,31.0000000001,31.0000000001,0,CLAY,CLAY
CLAY - 000008,17,1.0000000000,39.0000000000,39.0000000000,0,CLAY,CLAY
CLAY - 000009,17,1.0000000000,91.0000000002,91.0000000002,0,CLAY,CLAY
CLAY - 000010,15,0.8568700698,35.1316728604,40.9999999998,0,CLAY,CLAY
CLAY - 000010,16,0.1431299302,5.8683271394,40.9999999998,0,CLAY,CLAY
CLAY - 000011,15,0.0347006726,1.2492242120,36.0000000001,0,CLAY,CLAY
CLAY - 000011,16,0.9652993274,34.7507757881,36.0000000001,0,CLAY,CLAY
CLAY - 000012,18,1.0000000000,49.0000000000,49.0000000000,0,CLAY,CLAY
CLAY - 000013,17,1.0000000000,33.0000000000,33.0000000000,0,CLAY,CLAY
CLAY - 000014,15,0.4779501902,20.5518581799,43.0000000000,0,CLAY,CLAY
CLAY - 000014,18,0.5220498098,22.4481418201,43.0000000000,0,CLAY,CLAY
CLAY - 000015,15,0.0316523431,3.6716718041,116.0000000001,0,CLAY,CLAY
CLAY - 000015,18,0.9683476569,112.3283281960,116.0000000001,0,CLAY,CLAY
CLAY - 000016,18,1.0000000000,52.0000000000,52.0000000000,0,CLAY,CLAY
CLAY - 000017,17,0.8787878788,28.9999999999,32.9999999999,0,CLAY,CLAY
CLAY - 000017,18,0.1212121212,4.0000000000,32.9999999999,0,CLAY,CLAY
CLAY - 000018,17,0.9642735043,24.1068376068,25.0000000000,0,CLAY,CLAY
CLAY - 000018,18,0.0357264957,0.8931623932,25.0000000000,0,CLAY,CLAY
CLAY - 000019,15,0.0028033561,0.0953141063,33.9999999998,0,CLAY,CLAY
CLAY - 000019,16,0.9971966439,33.9046858935,33.9999999998,0,CLAY,CLAY
CLAY - 000020,18,1.0000000000,46.0000000000,46.0000000000,0,CLAY,CLAY
CLAY - 000021,18,1.0000000000,32.0000000001,32.0000000001,0,CLAY,CLAY
CLAY - 000022,15,0.1404682169,8.0066883608,57.0000000001,0,CLAY,CLAY
CLAY - 000022,17,0.2876713147,16.3972649390,57.0000000001,0,CLAY,CLAY
CLAY - 000022,18,0.5718604684,32.5960467003,57.0000000001,0,CLAY,CLAY
CLAY - 000023,17,0.1818181818,10.0000000000,55.0000000000,0,CLAY,CLAY
CLAY - 000023,18,0.8181818182,45.0000000000,55.0000000000,0,CLAY,CLAY
CLAY - 000024,17,0.0181818182,1.0000000000,55.0000000001,0,CLAY,CLAY
CLAY - 000024,18,0.9818181818,54.0000000001,55.0000000001,0,CLAY,CLAY
CLAY - 000025,15,0.0001658269,0.0066330765,40.0000000000,0,CLAY,CLAY
CLAY - 000025,18,0.9998341731,39.9933669235,40.0000000000,0,CLAY,CLAY
CLAY - 000026,18,1.0000000000,27.0000000000,27.0000000000,0,CLAY,CLAY
CLAY - 000027,16,0.0000183909,0.0019310416,105.0000000004,0,CLAY,CLAY
CLAY - 000027,17,0.6095238095,64.0000000006,105.0000000004,0,CLAY,CLAY
CLAY - 000027,38,0.1761012739,18.4906337558,105.0000000004,0,CLAY,CLAY
CLAY - 000027,39,0.2143565257,22.5074352023,105.0000000004,0,CLAY,CLAY
CLAY - 000028,8,0.9157231247,93.4037587229,101.9999999998,0,CLAY,CLAY
CLAY - 000028,16,0.0450611890,4.5962412769,101.9999999998,0,CLAY,CLAY
CLAY - 000028,39,0.0392156863,4.0000000000,101.9999999998,0,CLAY,CLAY
CLAY - 000029,17,0.9995260603,55.9734593796,56.0000000000,0,CLAY,CLAY
CLAY - 000029,38,0.0004739397,0.0265406204,56.0000000000,0,CLAY,CLAY
CLAY - 000030,8,0.0462710696,4.0718541228,88.0000000001,0,CLAY,CLAY
CLAY - 000030,39,0.9537289304,83.9281458773,88.0000000001,0,CLAY,CLAY
CLAY - 000031,39,1.0000000000,79.0000000000,79.0000000000,0,CLAY,CLAY
CLAY - 000032,39,1.0000000000,89.0000000000,89.0000000000,0,CLAY,CLAY
CLAY - 000033,39,1.0000000000,108.9999999998,108.9999999998,0,CLAY,CLAY
CLAY - 000034,39,1.0000000000,124.9999999999,124.9999999999,0,CLAY,CLAY
CLAY - 000035,18,1.0000000000,176.0000000004,176.0000000004,0,CLAY,CLAY
CLAY - 000036,15,1.0000000000,59.9999999999,59.9999999999,0,CLAY,CLAY
CLAY - 000037,15,0.9800000000,49.0000000000,50.0000000000,0,CLAY,CLAY
CLAY - 000037,17,0.0200000000,1.0000000000,50.0000000000,0,CLAY,CLAY
CLAY - 000038,15,1.0000000000,43.0000000000,43.0000000000,0,CLAY,CLAY
CLAY - 000039,15,1.0000000000,49.0000000000,49.0000000000,0,CLAY,CLAY
CLAY - 000040,15,1.0000000000,36.0000000000,36.0000000000,0,CLAY,CLAY
CLAY - 000041,15,1.0000000000,39.0000000000,39.0000000000,0,CLAY,CLAY
CLAY - 000042,15,1.0000000000,35.0000000000,35.0000000000,0,CLAY,CLAY
CLAY - 000043,15,0.9166062862,30.2480074457,32.9999999998,0,CLAY,CLAY
CLAY - 000043,18,0.0833937138,2.7519925541,32.9999999998,0,CLAY,CLAY
CLAY - 000044,15,0.9302491648,31.6284716032,34.0000000000,0,CLAY,CLAY
CLAY - 000044,17,0.0403193399,1.3708575575,34.0000000000,0,CLAY,CLAY
CLAY - 000044,18,0.0294314953,1.0006708393,34.0000000000,0,CLAY,CLAY
CLAY - 000045,18,1.0000000000,17.0000000000,17.0000000000,0,CLAY,CLAY
CLAY - 000046,18,1.0000000000,32.0000000000,32.0000000000,0,CLAY,CLAY
CLAY - 000047,18,1.0000000000,75.0000000001,75.0000000001,0,CLAY,CLAY
CLAY - 000048,18,1.0000000000,24.0000000000,24.0000000000,0,CLAY,CLAY
CLAY - 000049,15,0.6176470588,21.0000000000,34.0000000000,0,CLAY,CLAY
CLAY - 000049,18,0.3823529412,13.0000000000,34.0000000000,0,CLAY,CLAY
CLAY - 000050,15,1.0000000000,41.0000000000,41.0000000000,0,CLAY,CLAY
CLAY - 000051,15,0.9999713386,23.9993121262,24.0000000000,0,CLAY,CLAY
CLAY - 000051,18,0.0000286614,0.0006878738,24.0000000000,0,CLAY,CLAY
CLAY - 000052,8,1.0000000000,102.0000000000,102.0000000000,0,CLAY,CLAY
CLAY - 000053,39,1.0000000000,107.0000000001,107.0000000001,0,CLAY,CLAY
CLAY - 000054,8,0.4091210159,45.4124327598,110.9999999999,0,CLAY,CLAY
CLAY - 000054,39,0.5908789841,65.5875672401,110.9999999999,0,CLAY,CLAY
CLAY - 000055,38,0.9958067705,88.6268025777,89.0000000000,0,CLAY,CLAY
CLAY - 000055,39,0.0041932295,0.3731974223,89.0000000000,0,CLAY,CLAY
CLAY - 000056,38,1.0000000000,23.0000000000,23.0000000000,0,CLAY,CLAY
CLAY - 000057,38,0.9873610525,78.9888841982,80.0000000000,0,CLAY,CLAY
CLAY - 000057,39,0.0126389475,1.0111158018,80.0000000000,0,CLAY,CLAY
CLAY - 000058,38,1.0000000000,9.9999999999,9.9999999999,0,CLAY,CLAY
CLAY - 000059,38,1.0000000000,26.9999999999,26.9999999999,0,CLAY,CLAY
CLAY - 000060,17,0.1215343715,8.1428028931,66.9999999998,0,CLAY,CLAY
CLAY - 000060,38,0.8784656285,58.8571971067,66.9999999998,0,CLAY,CLAY
CLAY - 000061,38,0.9878992568,67.1771494613,68.0000000000,0,CLAY,CLAY
CLAY - 000061,39,0.0121007432,0.8228505387,68.0000000000,0,CLAY,CLAY
CLAY - 000062,17,0.8672752992,52.9037932513,61.0000000003,0,CLAY,CLAY
CLAY - 000062,38,0.1327247008,8.0962067490,61.0000000003,0,CLAY,CLAY
CLAY - 000063,17,0.1632653061,8.0000000000,49.0000000001,0,CLAY,CLAY
CLAY - 000063,38,0.8367346939,41.0000000001,49.0000000001,0,CLAY,CLAY
CLAY - 000064,38,1.0000000000,74.0000000000,74.0000000000,0,CLAY,CLAY
CLAY - 000065,38,0.1035266646,3.1057999369,30.0000000001,0,CLAY,CLAY
CLAY - 000065,39,0.8964733354,26.8942000632,30.0000000001,0,CLAY,CLAY
CLAY - 000066,8,0.0469261482,3.7540918587,79.9999999998,0,CLAY,CLAY
CLAY - 000066,38,0.0015763165,0.1261053208,79.9999999998,0,CLAY,CLAY
CLAY - 000066,39,0.9514975353,76.1198028204,79.9999999998,0,CLAY,CLAY
CLAY - 000067,8,1.0000000000,168.0000000000,168.0000000000,0,CLAY,CLAY
CLAY - 000068,8,0.9808917197,154.0000000003,157.0000000003,0,CLAY,CLAY
CLAY - 000068,39,0.0191082803,3.0000000000,157.0000000003,0,CLAY,CLAY
CLAY - 000069,8,0.9634440741,146.4434992574,152.0000000000,0,CLAY,CLAY
CLAY - 000069,39,0.0365559259,5.5565007426,152.0000000000,0,CLAY,CLAY
CLAY - 000070,8,0.0612056315,2.2646083668,37.0000000000,0,CLAY,CLAY
CLAY - 000070,39,0.9387943685,34.7353916332,37.0000000000,0,CLAY,CLAY
CLINTON - 000002,8,1.0000000000,118.0000000000,118.0000000000,0,CLINTON,CLINTON
CLINTON - 000003,8,1.0000000000,40.0000000000,40.0000000000,0,CLINTON,CLINTON
CLINTON - 000004,8,0.7563024948,179.9999937625,237.9999999998,0,CLINTON,CLINTON
CLINTON - 000004,9,0.2436975052,58.0000062373,237.9999999998,0,CLINTON,CLINTON
CLINTON - 000005,8,1.0000000000,103.0000000000,103.0000000000,0,CLINTON,CLINTON
CLINTON - 000006,8,0.9739583333,187.0000000004,192.0000000004,0,CLINTON,CLINTON
CLINTON - 000006,9,0.0260416667,5.0000000000,192.0000000004,0,CLINTON,CLINTON
CLINTON - 000007,8,0.0098039216,1.0000000000,102.0000000000,0,CLINTON,CLINTON
CLINTON - 000007,9,0.9901960784,101.0000000000,102.0000000000,0,CLINTON,CLINTON
CLINTON - 000008,8,0.4079755396,87.7147410229,214.9999999998,0,CLINTON,CLINTON
CLINTON - 000008,9,0.5920244604,127.2852589769,214.9999999998,0,CLINTON,CLINTON
CLINTON - 000009,9,1.0000000000,90.0000000000,90.0000000000,0,CLINTON,CLINTON
CLINTON - 000010,9,1.0000000000,252.0000000000,252.0000000000,0,CLINTON,CLINTON
COLE - 000002,59,1.0000000000,99.0000000002,99.0000000002,0,COLE,COLE
COLE - 000003,59,0.8890813740,49.7885569451,56.0000000000,0,COLE,COLE
COLE - 000003,60,0.1109186260,6.2114430549,56.0000000000,0,COLE,COLE
COLE - 000004,59,1.0000000000,93.9999999999,93.9999999999,0,COLE,COLE
COLE - 000005,59,1.0000000000,96.0000000002,96.0000000002,0,COLE,COLE
COLE - 000006,59,0.6315957771,12.6319155413,19.9999999998,0,COLE,COLE
COLE - 000006,60,0.3684042229,7.3680844585,19.9999999998,0,COLE,COLE
COLE - 000007,59,0.9547225634,81.1514178845,84.9999999997,0,COLE,COLE
COLE - 000007,60,0.0452774366,3.8485821152,84.9999999997,0,COLE,COLE
COLE - 000008,60,1.0000000000,18.0000000000,18.0000000000,0,COLE,COLE
COLE - 000009,59,0.0001180294,0.0050752650,43.0000000002,0,COLE,COLE
COLE - 000009,60,0.9998819706,42.9949247352,43.0000000002,0,COLE,COLE
COLE - 000010,60,1.0000000000,29.0000000000,29.0000000000,0,COLE,COLE
COLE - 000011,60,1.0000000000,22.0000000000,22.0000000000,0,COLE,COLE
COLE - 000012,60,1.0000000000,17.0000000000,17.0000000000,0,COLE,COLE
COLE - 000013,60,1.0000000000,29.0000000000,29.0000000000,0,COLE,COLE
COLE - 000014,60,1.0000000000,35.0000000000,35.0000000000,0,COLE,COLE
COLE - 000015,60,1.0000000000,49.9999999999,49.9999999999,0,COLE,COLE
COLE - 000016,60,1.0000000000,48.0000000000,48.0000000000,0,COLE,COLE
COLE - 000017,60,1.0000000000,31.0000000000,31.0000000000,0,COLE,COLE
COLE - 000018,60,1.0000000000,18.0000000000,18.0000000000,0,COLE,COLE
COLE - 000019,60,1.0000000000,39.0000000000,39.0000000000,0,COLE,COLE
COLE - 000020,59,0.1455809756,7.2790487821,50.0000000001,0,COLE,COLE
COLE - 000020,60,0.8544190244,42.7209512180,50.0000000001,0,COLE,COLE
COLE - 000021,60,1.0000000000,17.0000000000,17.0000000000,0,COLE,COLE
COLE - 000022,60,1.0000000000,8.0000000000,8.0000000000,0,COLE,COLE
COLE - 000023,60,1.0000000000,34.0000000000,34.0000000000,0,COLE,COLE
COLE - 000024,60,1.0000000000,27.0000000000,27.0000000000,0,COLE,COLE
COLE - 000025,59,0.0002080119,0.0037442134,17.9999999999,0,COLE,COLE
COLE - 000025,60,0.9997919881,17.9962557865,17.9999999999,0,COLE,COLE
COLE - 000026,59,0.7327277921,38.8345729810,52.9999999998,0,COLE,COLE
COLE - 000026,60,0.2672722079,14.1654270188,52.9999999998,0,COLE,COLE
COLE - 000027,60,1.0000000000,43.0000000000,43.0000000000,0,COLE,COLE
COLE - 000028,60,1.0000000000,16.0000000000,16.0000000000,0,COLE,COLE
COLE - 000029,60,1.0000000000,22.0000000000,22.0000000000,0,COLE,COLE
COLE - 000030,59,0.0005789959,0.0104219257,18.0000000000,0,COLE,COLE
COLE - 000030,60,0.9994210041,17.9895780743,18.0000000000,0,COLE,COLE
COLE - 000031,59,0.1250000000,1.0000000000,8.0000000000,0,COLE,COLE
COLE - 000031,60,0.8750000000,7.0000000000,8.0000000000,0,COLE,COLE
COLE - 000032,60,1.0000000000,6.0000000000,6.0000000000,0,COLE,COLE
COLE - 000033,59,0.7070656714,40.3027432716,56.9999999988,0,COLE,COLE
COLE - 000033,60,0.2685781703,15.3089557083,56.9999999988,0,COLE,COLE
COLE - 000033,61,0.0243561582,1.3883010188,56.9999999988,0,COLE,COLE
COLE - 000034,59,1.0000000000,55.0000000000,55.0000000000,0,COLE,COLE
COLE - 000035,59,1.0000000000,109.9999999999,109.9999999999,0,COLE,COLE
COLE - 000036,59,0.8710992838,78.3989355438,90.0000000002,0,COLE,COLE
COLE - 000036,60,0.1289007162,11.6010644564,90.0000000002,0,COLE,COLE
COLE - 000037,59,1.0000000000,103.9999999997,103.9999999997,0,COLE,COLE
COLE - 000038,59,1.0000000000,48.0000000001,48.0000000001,0,COLE,COLE
COLE - 000039,59,0.9975348037,88.7805975330,89.0000000001,0,COLE,COLE
COLE - 000039,60,0.0024651963,0.2194024671,89.0000000001,0,COLE,COLE
COLE - 000040,59,0.9729729730,72.0000000005,74.0000000005,0,COLE,COLE
COLE - 000040,60,0.0270270270,2.0000000000,74.0000000005,0,COLE,COLE
COOPER - 000002,48,1.0000000000,71.9999999999,71.9999999999,0,COOPER,COOPER
COOPER - 000003,48,1.0000000000,78.9999999999,78.9999999999,0,COOPER,COOPER
COOPER - 000004,48,1.0000000000,69.9999999999,69.9999999999,0,COOPER,COOPER
COOPER - 000005,48,1.0000000000,118.0000000001,118.0000000001,0,COOPER,COOPER
COOPER - 000006,48,1.0000000000,82.0000000000,82.0000000000,0,COOPER,COOPER
COOPER - 000007,48,1.0000000000,79.0000000001,79.0000000001,0,COOPER,COOPER
COOPER - 000008,48,1.0000000000,66.0000000000,66.0000000000,0,COOPER,COOPER
COOPER - 000009,48,1.0000000000,160.0000000000,160.0000000000,0,COOPER,COOPER
COOPER - 000010,48,1.0000000000,41.9999999999,41.9999999999,0,COOPER,COOPER
COOPER - 000011,48,1.0000000000,90.0000000001,90.0000000001,0,COOPER,COOPER
COOPER - 000012,48,1.0000000000,89.0000000000,89.0000000000,0,COOPER,COOPER
COOPER - 000013,48,1.0000000000,62.0000000001,62.0000000001,0,COOPER,COOPER
COOPER - 000014,48,1.0000000000,142.0000000000,142.0000000000,0,COOPER,COOPER
COOPER - 000015,48,1.0000000000,116.9999999998,116.9999999998,0,COOPER,COOPER
COOPER - 000016,48,1.0000000000,99.0000000000,99.0000000000,0,COOPER,COOPER
COOPER - 000017,48,0.2306728085,8.9962395303,39.0000000000,0,COOPER,COOPER
COOPER - 000017,58,0.7693271915,30.0037604697,39.0000000000,0,COOPER,COOPER
CRAWFORD - 000002,120,1.0000000000,212.9999999998,212.9999999998,0,CRAWFORD,CRAWFORD
CRAWFORD - 000003,120,1.0000000000,153.0000000001,153.0000000001,0,CRAWFORD,CRAWFORD
CRAWFORD - 000004,120,1.0000000000,44.0000000002,44.0000000002,0,CRAWFORD,CRAWFORD
CRAWFORD - 000005,120,1.0000000000,227.0000000001,227.0000000001,0,CRAWFORD,CRAWFORD
CRAWFORD - 000006,120,1.0000000000,78.0000000000,78.0000000000,0,CRAWFORD,CRAWFORD
CRAWFORD - 000007,120,1.0000000000,80.0000000000,80.0000000000,0,CRAWFORD,CRAWFORD
CRAWFORD - 000008,120,1.0000000000,123.0000000001,123.0000000001,0,CRAWFORD,CRAWFORD
CRAWFORD - 000009,120,1.0000000000,81.0000000002,81.0000000002,0,CRAWFORD,CRAWFORD
CRAWFORD - 000010,120,1.0000000000,51.0000000001,51.0000000001,0,CRAWFORD,CRAWFORD
CRAWFORD - 000011,120,1.0000000000,101.0000000000,101.0000000000,0,CRAWFORD,CRAWFORD
CRAWFORD - 000012,120,1.0000000000,49.0000000000,49.0000000000,0,CRAWFORD,CRAWFORD
CRAWFORD - 000013,120,1.0000000000,64.0000000000,64.0000000000,0,CRAWFORD,CRAWFORD
CRAWFORD - 000014,120,1.0000000000,103.0000000000,103.0000000000,0,CRAWFORD,CRAWFORD
CRAWFORD - 000015,120,1.0000000000,31.0000000000,31.0000000000,0,CRAWFORD,CRAWFORD
CRAWFORD - 000016,120,1.0000000000,152.9999999999,152.9999999999,0,CRAWFORD,CRAWFORD
CRAWFORD - 000017,120,1.0000000000,99.0000000000,99.0000000000,0,CRAWFORD,CRAWFORD
CRAWFORD - 000018,120,1.0000000000,104.0000000001,104.0000000001,0,CRAWFORD,CRAWFORD
CRAWFORD - 000019,120,1.0000000000,87.0000000000,87.0000000000,0,CRAWFORD,CRAWFORD
DADE - 000002,127,1.0000000000,94.0000000004,94.0000000004,0,DADE,DADE
DADE - 000003,127,1.0000000000,137.9999999998,137.9999999998,0,DADE,DADE
DADE - 000004,127,1.0000000000,79.0000000001,79.0000000001,0,DADE,DADE
DADE - 000005,127,1.0000000000,63.0000000002,63.0000000002,0,DADE,DADE
DADE - 000006,127,1.0000000000,104.9999999996,104.9999999996,0,DADE,DADE
DADE - 000007,127,1.0000000000,107.0000000002,107.0000000002,0,DADE,DADE
DADE - 000008,127,1.0000000000,140.0000000000,140.0000000000,0,DADE,DADE
DADE - 000009,127,1.0000000000,106.0000000000,106.0000000000,0,DADE,DADE
DADE - 000010,127,1.0000000000,68.9999999998,68.9999999998,0,DADE,DADE
DADE - 000011,127,1.0000000000,72.0000000000,72.0000000000,0,DADE,DADE
DADE - 000012,127,1.0000000000,111.0000000003,111.0000000003,0,DADE,DADE
DADE - 000013,127,1.0000000000,84.9999999999,84.9999999999,0,DADE,DADE
DALLAS - 000002,142,1.0000000000,115.9999999999,115.9999999999,0,DALLAS,DALLAS
DALLAS - 000003,142,1.0000000000,97.9999999998,97.9999999998,0,DALLAS,DALLAS
DALLAS - 000004,142,1.0000000000,73.9999999999,73.9999999999,0,DALLAS,DALLAS
DALLAS - 000005,142,1.0000000000,21.9999999999,21.9999999999,0,DALLAS,DALLAS
DALLAS - 000006,128,0.0000217833,0.0019822834,90.9999999999,0,DALLAS,DALLAS
DALLAS - 000006,142,0.9999782167,90.9980177165,90.9999999999,0,DALLAS,DALLAS
DALLAS - 000007,142,1.0000000000,101.0000000001,101.0000000001,0,DALLAS,DALLAS
DALLAS - 000008,142,1.0000000000,107.9999999997,107.9999999997,0,DALLAS,DALLAS
DALLAS - 000009,142,1.0000000000,90.0000000000,90.0000000000,0,DALLAS,DALLAS
DALLAS - 000010,142,1.0000000000,71.0000000001,71.0000000001,0,DALLAS,DALLAS
DALLAS - 000011,142,1.0000000000,47.0000000001,47.0000000001,0,DALLAS,DALLAS
DALLAS - 000012,142,1.0000000000,86.0000000000,86.0000000000,0,DALLAS,DALLAS
DALLAS - 000013,142,1.0000000000,103.0000000000,103.0000000000,0,DALLAS,DALLAS
DALLAS - 000014,142,1.0000000000,73.0000000000,73.0000000000,0,DALLAS,DALLAS
DAVIESS - 000002,2,1.0000000000,142.9999999998,142.9999999998,0,DAVIESS,DAVIESS
DAVIESS - 000003,2,1.0000000000,78.0000000001,78.0000000001,0,DAVIESS,DAVIESS
DAVIESS - 000004,2,1.0000000000,109.0000000003,109.0000000003,0,DAVIESS,DAVIESS
DAVIESS - 000005,2,1.0000000000,47.0000000000,47.0000000000,0,DAVIESS,DAVIESS
DAVIESS - 000006,2,1.0000000000,138.0000000001,138.0000000001,0,DAVIESS,DAVIESS
DAVIESS - 000007,2,1.0000000000,195.0000000001,195.0000000001,0,DAVIESS,DAVIESS
DAVIESS - 000008,2,1.0000000000,98.9999999998,98.9999999998,0,DAVIESS,DAVIESS
DAVIESS - 000009,2,1.0000000000,74.9999999999,74.9999999999,0,DAVIESS,DAVIESS
DAVIESS - 000010,2,1.0000000000,120.9999999999,120.9999999999,0,DAVIESS,DAVIESS
DAVIESS - 000011,2,1.0000000000,250.0000000002,250.0000000002,0,DAVIESS,DAVIESS
DAVIESS - 000012,2,1.0000000000,59.0000000002,59.0000000002,0,DAVIESS,DAVIESS
DAVIESS - 000013,2,0.9937500000,158.9999999997,159.9999999997,0,DAVIESS,DAVIESS
DAVIESS - 000013,9,0.0062500000,1.0000000000,159.9999999997,0,DAVIESS,DAVIESS
DEKALB - 000002,9,1.0000000000,107.0000000000,107.0000000000,0,DEKALB,DEKALB
DEKALB - 000003,9,1.0000000000,125.0000000000,125.0000000000,0,DEKALB,DEKALB
DEKALB - 000004,9,1.0000000000,43.0000000004,43.0000000004,0,DEKALB,DEKALB
DEKALB - 000005,9,1.0000000000,109.0000000000,109.0000000000,0,DEKALB,DEKALB
DEKALB - 000006,9,1.0000000000,79.9999999998,79.9999999998,0,DEKALB,DEKALB
DEKALB - 000007,2,0.0091743119,1.0000000000,109.0000000002,0,DEKALB,DEKALB
DEKALB - 000007,9,0.9908256881,108.0000000002,109.0000000002,0,DEKALB,DEKALB
DEKALB - 000008,9,1.0000000000,86.9999999999,86.9999999999,0,DEKALB,DEKALB
DEKALB - 000009,9,1.0000000000,141.9999999997,141.9999999997,0,DEKALB,DEKALB
DEKALB - 000010,9,1.0000000000,97.0000000001,97.0000000001,0,DEKALB,DEKALB
DEKALB - 000011,9,1.0000000000,67.0000000000,67.0000000000,0,DEKALB,DEKALB
DEKALB - 000012,9,1.0000000000,123.0000000001,123.0000000001,0,DEKALB,DEKALB
DENT - 000002,120,1.0000000000,103.0000000000,103.0000000000,0,DENT,DENT
DENT - 000003,120,1.0000000000,87.0000000000,87.0000000000,0,DENT,DENT
DENT - 000004,120,1.0000000000,182.0000000000,182.0000000000,0,DENT,DENT
DENT - 000005,120,1.0000000000,130.0000000002,130.0000000002,0,DENT,DENT
DENT - 000006,120,1.0000000000,122.9999999999,122.9999999999,0,DENT,DENT
DENT - 000007,120,1.0000000000,236.0000000002,236.0000000002,0,DENT,DENT
DENT - 000008,120,1.0000000000,286.0000000001,286.0000000001,0,DENT,DENT
DENT - 000009,120,1.0000000000,300.0000000000,300.0000000000,0,DENT,DENT
DOUGLAS - 000002,155,1.0000000000,100.9999999999,100.9999999999,0,DOUGLAS,DOUGLAS
DOUGLAS - 000003,155,1.0000000000,138.0000000000,138.0000000000,0,DOUGLAS,DOUGLAS
DOUGLAS - 000004,155,1.0000000000,82.9999999999,82.9999999999,0,DOUGLAS,DOUGLAS
DOUGLAS - 000005,155,1.0000000000,49.9999999999,49.9999999999,0,DOUGLAS,DOUGLAS
DOUGLAS - 000006,155,1.0000000000,41.0000000000,41.0000000000,0,DOUGLAS,DOUGLAS
DOUGLAS - 000007,155,1.0000000000,59.0000000000,59.0000000000,0,DOUGLAS,DOUGLAS
DOUGLAS - 000008,155,1.0000000000,62.0000000000,62.0000000000,0,DOUGLAS,DOUGLAS
DOUGLAS - 000009,155,1.0000000000,55.9999999999,55.9999999999,0,DOUGLAS,DOUGLAS
DOUGLAS - 000010,141,0.9975076625,54.8629214357,55.0000000000,0,DOUGLAS,DOUGLAS
DOUGLAS - 000010,155,0.0024923375,0.1370785643,55.0000000000,0,DOUGLAS,DOUGLAS
DOUGLAS - 000011,155,1.0000000000,43.0000000000,43.0000000000,0,DOUGLAS,DOUGLAS
DOUGLAS - 000012,141,1.0000000000,64.0000000001,64.0000000001,0,DOUGLAS,DOUGLAS
DOUGLAS - 000013,141,1.0000000000,32.9999999999,32.9999999999,0,DOUGLAS,DOUGLAS
DOUGLAS - 000014,141,1.0000000000,49.9999999998,49.9999999998,0,DOUGLAS,DOUGLAS
DOUGLAS - 000015,155,1.0000000000,72.9999999998,72.9999999998,0,DOUGLAS,DOUGLAS
DOUGLAS - 000016,155,1.0000000000,26.0000000000,26.0000000000,0,DOUGLAS,DOUGLAS
DOUGLAS - 000017,155,1.0000000000,66.0000000002,66.0000000002,0,DOUGLAS,DOUGLAS
DOUGLAS - 000018,141,0.7416049119,31.8890112113,43.0000000000,0,DOUGLAS,DOUGLAS
DOUGLAS - 000018,155,0.2583950881,11.1109887887,43.0000000000,0,DOUGLAS,DOUGLAS
DOUGLAS - 000019,141,1.0000000000,84.9999999999,84.9999999999,0,DOUGLAS,DOUGLAS
DOUGLAS - 000020,155,1.0000000000,57.9999999998,57.9999999998,0,DOUGLAS,DOUGLAS
DOUGLAS - 000021,155,1.0000000000,36.0000000000,36.0000000000,0,DOUGLAS,DOUGLAS
DOUGLAS - 000022,155,1.0000000000,49.9999999999,49.9999999999,0,DOUGLAS,DOUGLAS
DOUGLAS - 000023,155,1.0000000000,56.9999999999,56.9999999999,0,DOUGLAS,DOUGLAS
DOUGLAS - 000024,155,1.0000000000,68.9999999997,68.9999999997,0,DOUGLAS,DOUGLAS
DOUGLAS - 000025,141,1.0000000000,38.0000000000,38.0000000000,0,DOUGLAS,DOUGLAS
DUNKLIN - 000002,150,1.0000000000,61.0000000000,61.0000000000,0,DUNKLIN,DUNKLIN
DUNKLIN - 000003,150,1.0000000000,62.9999999999,62.9999999999,0,DUNKLIN,DUNKLIN
DUNKLIN - 000004,150,1.0000000000,243.9982339969,243.9982339969,0,DUNKLIN,DUNKLIN
DUNKLIN - 000005,150,1.0000000000,186.0000000000,186.0000000000,0,DUNKLIN,DUNKLIN
DUNKLIN - 000006,150,1.0000000000,52.0000000000,52.0000000000,0,DUNKLIN,DUNKLIN
DUNKLIN - 000007,150,1.0000000000,135.9999999999,135.9999999999,0,DUNKLIN,DUNKLIN
DUNKLIN - 000008,150,1.0000000000,57.0000000000,57.0000000000,0,DUNKLIN,DUNKLIN
DUNKLIN - 000009,150,1.0000000000,172.0000000001,172.0000000001,0,DUNKLIN,DUNKLIN
DUNKLIN - 000010,150,1.0000000000,107.9999999999,107.9999999999,0,DUNKLIN,DUNKLIN
DUNKLIN - 000011,150,1.0000000000,309.2029850748,309.2029850748,0,DUNKLIN,DUNKLIN
DUNKLIN - 000012,150,1.0000000000,89.0000000000,89.0000000000,0,DUNKLIN,DUNKLIN
DUNKLIN - 000013,150,1.0000000000,109.0000000000,109.0000000000,0,DUNKLIN,DUNKLIN
DUNKLIN - 000014,150,1.0000000000,119.0000000000,119.0000000000,0,DUNKLIN,DUNKLIN
DUNKLIN - 000015,150,1.0000000000,123.0000000000,123.0000000000,0,DUNKLIN,DUNKLIN
DUNKLIN - 000016,150,1.0000000000,74.0000000001,74.0000000001,0,DUNKLIN,DUNKLIN
DUNKLIN - 000017,150,1.0000000000,116.9999999998,116.9999999998,0,DUNKLIN,DUNKLIN
DUNKLIN - 000018,149,0.0001036893,0.0202194163,194.9999999999,0,DUNKLIN,DUNKLIN
DUNKLIN - 000018,150,0.9998963107,194.9797805836,194.9999999999,0,DUNKLIN,DUNKLIN
DUNKLIN - 000019,150,1.0000000000,123.9999999998,123.9999999998,0,DUNKLIN,DUNKLIN
DUNKLIN - 000020,150,1.0000000000,117.0000000002,117.0000000002,0,DUNKLIN,DUNKLIN
DUNKLIN - 000021,150,1.0000000000,224.0000000000,224.0000000000,0,DUNKLIN,DUNKLIN
DUNKLIN - 000022,150,1.0000000000,30.9999999996,30.9999999996,0,DUNKLIN,DUNKLIN
FRANKLIN - 000002,109,0.0136986301,1.0000000000,73.0000000000,0,FRANKLIN,FRANKLIN
FRANKLIN - 000002,118,0.9863013699,72.0000000000,73.0000000000,0,FRANKLIN,FRANKLIN
FRANKLIN - 000003,118,1.0000000000,62.0000000000,62.0000000000,0,FRANKLIN,FRANKLIN
FRANKLIN - 000004,109,1.0000000000,13.0000000000,13.0000000000,0,FRANKLIN,FRANKLIN
FRANKLIN - 000005,109,1.0000000000,9.0000000000,9.0000000000,0,FRANKLIN,FRANKLIN
FRANKLIN - 000006,109,1.0000000000,80.0000000000,80.0000000000,0,FRANKLIN,FRANKLIN
FRANKLIN - 000007,118,0.0904010867,8.2264988923,91.0000000003,0,FRANKLIN,FRANKLIN
FRANKLIN - 000007,119,0.9095989133,82.7735011080,91.0000000003,0,FRANKLIN,FRANKLIN
FRANKLIN - 000008,109,1.0000000000,37.0000000002,37.0000000002,0,FRANKLIN,FRANKLIN
FRANKLIN - 000009,109,0.5044247788,56.9999999999,112.9999999997,0,FRANKLIN,FRANKLIN
FRANKLIN - 000009,118,0.4955752212,55.9999999998,112.9999999997,0,FRANKLIN,FRANKLIN
FRANKLIN - 000010,118,0.7257403815,39.9157209820,55.0000000004,0,FRANKLIN,FRANKLIN
FRANKLIN - 000010,119,0.2742596185,15.0842790184,55.0000000004,0,FRANKLIN,FRANKLIN
FRANKLIN - 000011,118,1.0000000000,75.9999999999,75.9999999999,0,FRANKLIN,FRANKLIN
FRANKLIN - 000012,118,1.0000000000,125.0000000000,125.0000000000,0,FRANKLIN,FRANKLIN
FRANKLIN - 000013,109,1.0000000000,79.0000000000,79.0000000000,0,FRANKLIN,FRANKLIN
FRANKLIN - 000014,118,1.0000000000,29.0000000001,29.0000000001,0,FRANKLIN,FRANKLIN
FRANKLIN - 000015,118,1.0000000000,43.0000000000,43.0000000000,0,FRANKLIN,FRANKLIN
FRANKLIN - 000016,118,1.0000000000,61.0000000001,61.0000000001,0,FRANKLIN,FRANKLIN
FRANKLIN - 000017,109,1.0000000000,46.9999999999,46.9999999999,0,FRANKLIN,FRANKLIN
FRANKLIN - 000018,109,1.0000000000,12.0000000000,12.0000000000,0,FRANKLIN,FRANKLIN
FRANKLIN - 000019,109,0.1739130435,24.0000000001,138.0000000001,0,FRANKLIN,FRANKLIN
FRANKLIN - 000019,119,0.8260869565,114.0000000000,138.0000000001,0,FRANKLIN,FRANKLIN
FRANKLIN - 000020,109,0.0096578116,0.5022062036,52.0000000004,0,FRANKLIN,FRANKLIN
FRANKLIN - 000020,118,0.9903421884,51.4977937968,52.0000000004,0,FRANKLIN,FRANKLIN
FRANKLIN - 000021,109,0.9029579225,56.8863491138,62.9999999993,0,FRANKLIN,FRANKLIN
FRANKLIN - 000021,118,0.0907630499,5.7180721455,62.9999999993,0,FRANKLIN,FRANKLIN
FRANKLIN - 000021,119,0.0062790276,0.3955787400,62.9999999993,0,FRANKLIN,FRANKLIN
FRANKLIN - 000022,109,0.9805825243,100.9999999999,102.9999999999,0,FRANKLIN,FRANKLIN
FRANKLIN - 000022,119,0.0194174757,2.0000000000,102.9999999999,0,FRANKLIN,FRANKLIN
FRANKLIN - 000023,118,1.0000000000,11.0000000000,11.0000000000,0,FRANKLIN,FRANKLIN
FRANKLIN - 000024,118,1.0000000000,83.0000000003,83.0000000003,0,FRANKLIN,FRANKLIN
FRANKLIN - 000025,118,1.0000000000,93.9999999995,93.9999999995,0,FRANKLIN,FRANKLIN
FRANKLIN - 000026,109,1.0000000000,57.0000000000,57.0000000000,0,FRANKLIN,FRANKLIN
FRANKLIN - 000027,118,1.0000000000,8.0000000000,8.0000000000,0,FRANKLIN,FRANKLIN
FRANKLIN - 000028,109,1.0000000000,24.0000000000,24.0000000000,0,FRANKLIN,FRANKLIN
FRANKLIN - 000029,109,1.0000000000,27.0000000000,27.0000000000,0,FRANKLIN,FRANKLIN
FRANKLIN - 000030,118,1.0000000000,20.0000000000,20.0000000000,0,FRANKLIN,FRANKLIN
FRANKLIN - 000031,119,1.0000000000,86.0000000000,86.0000000000,0,FRANKLIN,FRANKLIN
FRANKLIN - 000032,119,1.0000000000,47.0000000001,47.0000000001,0,FRANKLIN,FRANKLIN
FRANKLIN - 000033,119,1.0000000000,28.0000000000,28.0000000000,0,FRANKLIN,FRANKLIN
FRANKLIN - 000034,109,0.3461538461,9.0000000000,26.0000000005,0,FRANKLIN,FRANKLIN
FRANKLIN - 000034,119,0.6538461539,17.0000000005,26.0000000005,0,FRANKLIN,FRANKLIN
FRANKLIN - 000035,119,1.0000000000,8.0000000000,8.0000000000,0,FRANKLIN,FRANKLIN
FRANKLIN - 000037,109,0.1017886611,10.3824434277,102.0000000005,0,FRANKLIN,FRANKLIN
FRANKLIN - 000037,119,0.8982113389,91.6175565728,102.0000000005,0,FRANKLIN,FRANKLIN
FRANKLIN - 000038,118,1.0000000000,109.0000000000,109.0000000000,0,FRANKLIN,FRANKLIN
FRANKLIN - 000039,109,1.0000000000,58.9999999992,58.9999999992,0,FRANKLIN,FRANKLIN
FRANKLIN - 000040,118,1.0000000000,29.0000000001,29.0000000001,0,FRANKLIN,FRANKLIN
FRANKLIN - 000041,109,1.0000000000,70.9999999998,70.9999999998,0,FRANKLIN,FRANKLIN
FRANKLIN - 000042,119,1.0000000000,79.0000000000,79.0000000000,0,FRANKLIN,FRANKLIN
FRANKLIN - 000043,119,1.0000000000,51.9999999999,51.9999999999,0,FRANKLIN,FRANKLIN
FRANKLIN - 000044,118,0.0605512105,11.6863836185,192.9999999999,0,FRANKLIN,FRANKLIN
FRANKLIN - 000044,119,0.9394487895,181.3136163814,192.9999999999,0,FRANKLIN,FRANKLIN
FRANKLIN - 000045,118,1.0000000000,84.0000000002,84.0000000002,0,FRANKLIN,FRANKLIN
FRANKLIN - 000046,118,1.0000000000,50.9999999999,50.9999999999,0,FRANKLIN,FRANKLIN
FRANKLIN - 000047,118,1.0000000000,85.9999999999,85.9999999999,0,FRANKLIN,FRANKLIN
FRANKLIN - 000048,118,1.0000000000,44.0000000000,44.0000000000,0,FRANKLIN,FRANKLIN
FRANKLIN - 000049,118,1.0000000000,44.0000000000,44.0000000000,0,FRANKLIN,FRANKLIN
FRANKLIN - 000050,118,1.0000000000,55.9999999999,55.9999999999,0,FRANKLIN,FRANKLIN
FRANKLIN - 000051,109,0.7823622767,7.8236227670,10.0000000001,0,FRANKLIN,FRANKLIN
FRANKLIN - 000051,119,0.2176377233,2.1763772331,10.0000000001,0,FRANKLIN,FRANKLIN
FRANKLIN - 000052,109,0.0356243072,3.6693036446,103.0000000000,0,FRANKLIN,FRANKLIN
FRANKLIN - 000052,119,0.9643756928,99.3306963554,103.0000000000,0,FRANKLIN,FRANKLIN
FRANKLIN - 000053,119,1.0000000000,50.0000000001,50.0000000001,0,FRANKLIN,FRANKLIN
FRANKLIN - 000054,109,0.0362643164,2.7198237321,75.0000000002,0,FRANKLIN,FRANKLIN
FRANKLIN - 000054,119,0.9637356836,72.2801762680,75.0000000002,0,FRANKLIN,FRANKLIN
FRANKLIN - 000055,119,1.0000000000,22.9999999999,22.9999999999,0,FRANKLIN,FRANKLIN
FRANKLIN - 000056,109,0.4201205396,13.0237367288,31.0000000001,0,FRANKLIN,FRANKLIN
FRANKLIN - 000056,118,0.3984522036,12.3520183122,31.0000000001,0,FRANKLIN,FRANKLIN
FRANKLIN - 000056,119,0.1814272567,5.6242449591,31.0000000001,0,FRANKLIN,FRANKLIN
FRANKLIN - 000057,109,0.6666666667,78.0000000000,117.0000000000,0,FRANKLIN,FRANKLIN
FRANKLIN - 000057,119,0.3333333333,39.0000000000,117.0000000000,0,FRANKLIN,FRANKLIN
FRANKLIN - 000058,109,1.0000000000,94.0000000001,94.0000000001,0,FRANKLIN,FRANKLIN
FRANKLIN - 000059,109,1.0000000000,55.9999999998,55.9999999998,0,FRANKLIN,FRANKLIN
FRANKLIN - 000060,109,1.0000000000,49.9999999997,49.9999999997,0,FRANKLIN,FRANKLIN
FRANKLIN - 000061,109,1.0000000000,72.0000000000,72.0000000000,0,FRANKLIN,FRANKLIN
FRANKLIN - 000062,109,1.0000000000,109.0000000000,109.0000000000,0,FRANKLIN,FRANKLIN
GASCONADE - 000002,61,1.0000000000,70.9999999999,70.9999999999,0,GASCONADE,GASCONADE
GASCONADE - 000003,61,1.0000000000,144.9999999998,144.9999999998,0,GASCONADE,GASCONADE
GASCONADE - 000004,61,1.0000000000,58.0000000000,58.0000000000,0,GASCONADE,GASCONADE
GASCONADE - 000005,61,1.0000000000,15.0000000000,15.0000000000,0,GASCONADE,GASCONADE
GASCONADE - 000006,61,1.0000000000,83.0000000000,83.0000000000,0,GASCONADE,GASCONADE
GASCONADE - 000007,61,1.0000000000,55.0000000000,55.0000000000,0,GASCONADE,GASCONADE
GASCONADE - 000008,61,1.0000000000,110.9999999999,110.9999999999,0,GASCONADE,GASCONADE
GASCONADE - 000009,61,1.0000000000,51.0000000000,51.0000000000,0,GASCONADE,GASCONADE
GASCONADE - 000010,61,1.0000000000,48.0000000000,48.0000000000,0,GASCONADE,GASCONADE
GASCONADE - 000011,61,1.0000000000,83.0000000000,83.0000000000,0,GASCONADE,GASCONADE
GASCONADE - 000012,61,1.0000000000,79.9999999999,79.9999999999,0,GASCONADE,GASCONADE
GASCONADE - 000013,61,1.0000000000,36.0000000000,36.0000000000,0,GASCONADE,GASCONADE
GASCONADE - 000014,61,0.9861153179,71.0003028875,71.9999999999,0,GASCONADE,GASCONADE
GASCONADE - 000014,120,0.0138846821,0.9996971124,71.9999999999,0,GASCONADE,GASCONADE
GASCONADE - 000015,61,1.0000000000,26.0000000000,26.0000000000,0,GASCONADE,GASCONADE
GASCONADE - 000016,61,0.9990817875,79.9265429992,79.9999999998,0,GASCONADE,GASCONADE
GASCONADE - 000016,118,0.0009182125,0.0734570006,79.9999999998,0,GASCONADE,GASCONADE
GASCONADE - 000017,61,1.0000000000,82.9999999996,82.9999999996,0,GASCONADE,GASCONADE
GASCONADE - 000018,61,1.0000000000,53.9999999998,53.9999999998,0,GASCONADE,GASCONADE
GASCONADE - 000019,61,1.0000000000,28.0000000000,28.0000000000,0,GASCONADE,GASCONADE
GASCONADE - 000020,61,1.0000000000,34.0000000001,34.0000000001,0,GASCONADE,GASCONADE
GASCONADE - 000021,61,1.0000000000,78.9999999998,78.9999999998,0,GASCONADE,GASCONADE
GASCONADE - 000022,61,1.0000000000,96.9999999998,96.9999999998,0,GASCONADE,GASCONADE
GENTRY - 000002,1,1.0000000000,245.0000000001,245.0000000001,0,GENTRY,GENTRY
GENTRY - 000003,1,1.0000000000,70.0000000000,70.0000000000,0,GENTRY,GENTRY
GENTRY - 000004,1,1.0000000000,50.0000000000,50.0000000000,0,GENTRY,GENTRY
GENTRY - 000005,1,1.0000000000,218.0000000000,218.0000000000,0,GENTRY,GENTRY
GENTRY - 000006,1,1.0000000000,35.0000000000,35.0000000000,0,GENTRY,GENTRY
GENTRY - 000007,1,1.0000000000,51.0000000000,51.0000000000,0,GENTRY,GENTRY
GENTRY - 000008,1,1.0000000000,213.0000000000,213.0000000000,0,GENTRY,GENTRY
GENTRY - 000009,1,1.0000000000,65.0000000000,65.0000000000,0,GENTRY,GENTRY
GENTRY - 000010,1,1.0000000000,85.9999999999,85.9999999999,0,GENTRY,GENTRY
GENTRY - 000011,1,1.0000000000,45.0000000000,45.0000000000,0,GENTRY,GENTRY
GREENE - 000002,131,1.0000000000,84.0000000000,84.0000000000,0,GREENE,GREENE
GREENE - 000003,131,1.0000000000,93.0000000001,93.0000000001,0,GREENE,GREENE
GREENE - 000004,130,0.9062134581,117.8077495478,129.9999999996,0,GREENE,GREENE
GREENE - 000004,131,0.0937865419,12.1922504519,129.9999999996,0,GREENE,GREENE
GREENE - 000005,135,0.1110736019,5.8869009006,53.0000000000,0,GREENE,GREENE
GREENE - 000005,136,0.1024719598,5.4310138671,53.0000000000,0,GREENE,GREENE
GREENE - 000005,137,0.7864544383,41.6820852323,53.0000000000,0,GREENE,GREENE
GREENE - 000006,130,0.4341119429,52.0934331484,119.9999999995,0,GREENE,GREENE
GREENE - 000006,133,0.0083333333,1.0000000000,119.9999999995,0,GREENE,GREENE
GREENE - 000006,134,0.5575547238,66.9065668511,119.9999999995,0,GREENE,GREENE
GREENE - 000007,130,1.0000000000,56.9999999998,56.9999999998,0,GREENE,GREENE
GREENE - 000008,130,0.9999472193,22.9987860432,23.0000000001,0,GREENE,GREENE
GREENE - 000008,133,0.0000527807,0.0012139569,23.0000000001,0,GREENE,GREENE
GREENE - 000009,130,1.0000000000,4.0000000000,4.0000000000,0,GREENE,GREENE
GREENE - 000010,131,0.3960782621,51.4901740771,129.9999999999,0,GREENE,GREENE
GREENE - 000010,132,0.0087074125,1.1319636236,129.9999999999,0,GREENE,GREENE
GREENE - 000010,135,0.2464848511,32.0430306462,129.9999999999,0,GREENE,GREENE
GREENE - 000010,137,0.3487294743,45.3348316530,129.9999999999,0,GREENE,GREENE
GREENE - 000011,130,1.0000000000,26.9999999998,26.9999999998,0,GREENE,GREENE
GREENE - 000012,131,0.9187097696,61.5535545649,67.0000000003,0,GREENE,GREENE
GREENE - 000012,132,0.0812902304,5.4464454354,67.0000000003,0,GREENE,GREENE
GREENE - 000013,130,1.0000000000,21.9999999998,21.9999999998,0,GREENE,GREENE
GREENE - 000014,131,1.0000000000,95.0000000000,95.0000000000,0,GREENE,GREENE
GREENE - 000015,130,0.1712538072,15.0703350346,87.9999999999,0,GREENE,GREENE
GREENE - 000015,131,0.8287461928,72.9296649653,87.9999999999,0,GREENE,GREENE
GREENE - 000016,131,1.0000000000,36.0000000000,36.0000000000,0,GREENE,GREENE
GREENE - 000017,131,1.0000000000,90.0000000001,90.0000000001,0,GREENE,GREENE
GREENE - 000018,134,0.4517127044,39.7507179907,88.0000000003,0,GREENE,GREENE
GREENE - 000018,137,0.5482872956,48.2492820096,88.0000000003,0,GREENE,GREENE
GREENE - 000019,137,0.9377448664,32.8210703250,34.9999999994,0,GREENE,GREENE
GREENE - 000019,140,0.0622551336,2.1789296744,34.9999999994,0,GREENE,GREENE
GREENE - 000020,137,0.9998873885,97.9889640697,98.0000000001,0,GREENE,GREENE
GREENE - 000020,140,0.0001126115,0.0110359304,98.0000000001,0,GREENE,GREENE
GREENE - 000021,136,0.0826180386,4.3787560445,53.0000000002,0,GREENE,GREENE
GREENE - 000021,137,0.9173819614,48.6212439557,53.0000000002,0,GREENE,GREENE
GREENE - 000022,131,1.0000000000,90.0000000001,90.0000000001,0,GREENE,GREENE
GREENE - 000023,131,1.0000000000,104.0000000000,104.0000000000,0,GREENE,GREENE
GREENE - 000024,137,1.0000000000,161.9999999999,161.9999999999,0,GREENE,GREENE
GREENE - 000025,137,1.0000000000,218.0000000002,218.0000000002,0,GREENE,GREENE
GREENE - 000026,131,1.0000000000,138.0000000001,138.0000000001,0,GREENE,GREENE
GREENE - 000027,131,1.0000000000,84.0000000000,84.0000000000,0,GREENE,GREENE
GREENE - 000028,130,1.0000000000,73.9999999999,73.9999999999,0,GREENE,GREENE
GREENE - 000029,130,0.7995235209,103.1385341988,129.0000000001,0,GREENE,GREENE
GREENE - 000029,131,0.2004764791,25.8614658013,129.0000000001,0,GREENE,GREENE
GREENE - 000030,130,0.6013404719,79.3769422881,132.0000000000,0,GREENE,GREENE
GREENE - 000030,131,0.3986595281,52.6230577119,132.0000000000,0,GREENE,GREENE
GREENE - 000031,131,1.0000000000,40.9999999999,40.9999999999,0,GREENE,GREENE
GREENE - 000032,131,1.0000000000,71.0000000001,71.0000000001,0,GREENE,GREENE
GREENE - 000033,131,1.0000000000,114.0000000000,114.0000000000,0,GREENE,GREENE
GREENE - 000034,135,1.0000000000,20.0000000001,20.0000000001,0,GREENE,GREENE
GREENE - 000035,135,1.0000000000,27.0000000000,27.0000000000,0,GREENE,GREENE
GREENE - 000036,135,1.0000000000,32.0000000000,32.0000000000,0,GREENE,GREENE
GREENE - 000037,135,0.4646373407,19.5147683104,42.0000000001,0,GREENE,GREENE
GREENE - 000037,136,0.5353626593,22.4852316897,42.0000000001,0,GREENE,GREENE
GREENE - 000038,135,1.0000000000,36.0000000001,36.0000000001,0,GREENE,GREENE
GREENE - 000039,132,0.2553191489,12.0000000000,47.0000000000,0,GREENE,GREENE
GREENE - 000039,135,0.7446808511,35.0000000000,47.0000000000,0,GREENE,GREENE
GREENE - 000040,132,0.9991623360,97.9179089238,98.0000000000,0,GREENE,GREENE
GREENE - 000040,133,0.0008376640,0.0820910762,98.0000000000,0,GREENE,GREENE
GREENE - 000041,132,0.0322580645,1.0000000000,31.0000000000,0,GREENE,GREENE
GREENE - 000041,133,0.9677419355,30.0000000000,31.0000000000,0,GREENE,GREENE
GREENE - 000042,130,0.0291554175,2.1575008916,73.9999999998,0,GREENE,GREENE
GREENE - 000042,132,0.7411148528,54.8424991083,73.9999999998,0,GREENE,GREENE
GREENE - 000042,133,0.2297297297,16.9999999999,73.9999999998,0,GREENE,GREENE
GREENE - 000043,135,1.0000000000,11.0000000000,11.0000000000,0,GREENE,GREENE
GREENE - 000044,135,1.0000000000,17.0000000000,17.0000000000,0,GREENE,GREENE
GREENE - 000045,132,1.0000000000,111.0000000000,111.0000000000,0,GREENE,GREENE
GREENE - 000046,132,1.0000000000,43.0000000001,43.0000000001,0,GREENE,GREENE
GREENE - 000047,135,1.0000000000,41.0000000000,41.0000000000,0,GREENE,GREENE
GREENE - 000048,132,0.4886428456,26.8753565063,55.0000000000,0,GREENE,GREENE
GREENE - 000048,135,0.5113571544,28.1246434937,55.0000000000,0,GREENE,GREENE
GREENE - 000049,132,1.0000000000,63.0000000000,63.0000000000,0,GREENE,GREENE
GREENE - 000050,132,1.0000000000,44.0000000000,44.0000000000,0,GREENE,GREENE
GREENE - 000051,132,1.0000000000,42.0000000000,42.0000000000,0,GREENE,GREENE
GREENE - 000052,132,0.9104477612,61.0000000000,67.0000000000,0,GREENE,GREENE
GREENE - 000052,133,0.0895522388,6.0000000000,67.0000000000,0,GREENE,GREENE
GREENE - 000053,132,1.0000000000,49.9999999999,49.9999999999,0,GREENE,GREENE
GREENE - 000054,130,0.0319458706,1.4056183065,43.9999999999,0,GREENE,GREENE
GREENE - 000054,131,0.0004156365,0.0182880074,43.9999999999,0,GREENE,GREENE
GREENE - 000054,132,0.9676384929,42.5760936860,43.9999999999,0,GREENE,GREENE
GREENE - 000055,132,1.0000000000,33.9999999999,33.9999999999,0,GREENE,GREENE
GREENE - 000056,131,0.0175184055,1.2262883876,70.0000000001,0,GREENE,GREENE
GREENE - 000056,132,0.4000000000,28.0000000000,70.0000000001,0,GREENE,GREENE
GREENE - 000056,135,0.5116909988,35.8183699195,70.0000000001,0,GREENE,GREENE
GREENE - 000056,137,0.0707905956,4.9553416930,70.0000000001,0,GREENE,GREENE
GREENE - 000057,131,0.0487841099,2.3904213859,49.0000000001,0,GREENE,GREENE
GREENE - 000057,132,0.4081632653,20.0000000000,49.0000000001,0,GREENE,GREENE
GREENE - 000057,135,0.5430526248,26.6095786142,49.0000000001,0,GREENE,GREENE
GREENE - 000058,132,1.0000000000,21.0000000001,21.0000000001,0,GREENE,GREENE
GREENE - 000059,135,0.5555555556,25.0000000000,45.0000000000,0,GREENE,GREENE
GREENE - 000059,136,0.4444444444,20.0000000000,45.0000000000,0,GREENE,GREENE
GREENE - 000060,132,0.0102306548,0.4296875000,42.0000000000,0,GREENE,GREENE
GREENE - 000060,135,0.9897693452,41.5703125000,42.0000000000,0,GREENE,GREENE
GREENE - 000061,135,1.0000000000,60.0000000001,60.0000000001,0,GREENE,GREENE
GREENE - 000062,135,1.0000000000,37.0000000000,37.0000000000,0,GREENE,GREENE
GREENE - 000063,135,1.0000000000,14.9999999999,14.9999999999,0,GREENE,GREENE
GREENE - 000064,135,1.0000000000,17.0000000000,17.0000000000,0,GREENE,GREENE
GREENE - 000065,135,1.0000000000,46.0000000001,46.0000000001,0,GREENE,GREENE
GREENE - 000066,136,1.0000000000,23.0000000001,23.0000000001,0,GREENE,GREENE
GREENE - 000067,136,1.0000000000,34.0000000000,34.0000000000,0,GREENE,GREENE
GREENE - 000068,136,1.0000000000,11.9999999999,11.9999999999,0,GREENE,GREENE
GREENE - 000069,136,1.0000000000,19.0000000000,19.0000000000,0,GREENE,GREENE
GREENE - 000070,136,1.0000000000,20.0000000000,20.0000000000,0,GREENE,GREENE
GREENE - 000071,133,1.0000000000,25.0000000000,25.0000000000,0,GREENE,GREENE
GREENE - 000072,133,0.9000000000,27.0000000001,30.0000000001,0,GREENE,GREENE
GREENE - 000072,136,0.1000000000,3.0000000000,30.0000000001,0,GREENE,GREENE
GREENE - 000073,133,0.9971139487,69.7979764112,69.9999999993,0,GREENE,GREENE
GREENE - 000073,134,0.0028860513,0.2020235881,69.9999999993,0,GREENE,GREENE
GREENE - 000074,130,0.0413187692,3.0162701534,73.0000000001,0,GREENE,GREENE
GREENE - 000074,133,0.9586812308,69.9837298467,73.0000000001,0,GREENE,GREENE
GREENE - 000075,130,1.0000000000,44.9999999999,44.9999999999,0,GREENE,GREENE
GREENE - 000076,130,0.7727131523,80.3621678380,104.0000000008,0,GREENE,GREENE
GREENE - 000076,131,0.2272868477,23.6378321628,104.0000000008,0,GREENE,GREENE
GREENE - 000077,135,1.0000000000,23.0000000001,23.0000000001,0,GREENE,GREENE
GREENE - 000078,135,1.0000000000,27.0000000001,27.0000000001,0,GREENE,GREENE
GREENE - 000079,135,0.9999950058,13.9999300817,13.9999999999,0,GREENE,GREENE
GREENE - 000079,136,0.0000049942,0.0000699182,13.9999999999,0,GREENE,GREENE
GREENE - 000080,136,1.0000000000,28.0000000000,28.0000000000,0,GREENE,GREENE
GREENE - 000081,136,0.9642857143,26.9999999999,27.9999999999,0,GREENE,GREENE
GREENE - 000081,137,0.0357142857,1.0000000000,27.9999999999,0,GREENE,GREENE
GREENE - 000082,134,0.0220499336,1.0363468775,47.0000000000,0,GREENE,GREENE
GREENE - 000082,137,0.9779500664,45.9636531225,47.0000000000,0,GREENE,GREENE
GREENE - 000083,136,0.6043896426,67.6916399756,112.0000000005,0,GREENE,GREENE
GREENE - 000083,137,0.3851085958,43.1321627349,112.0000000005,0,GREENE,GREENE
GREENE - 000083,140,0.0105017615,1.1761972900,112.0000000005,0,GREENE,GREENE
GREENE - 000084,137,1.0000000000,54.9999999999,54.9999999999,0,GREENE,GREENE
GREENE - 000085,135,0.5555555556,10.0000000000,18.0000000000,0,GREENE,GREENE
GREENE - 000085,136,0.4444444444,8.0000000000,18.0000000000,0,GREENE,GREENE
GREENE - 000086,132,0.7391304348,17.0000000000,23.0000000000,0,GREENE,GREENE
GREENE - 000086,135,0.2608695652,6.0000000000,23.0000000000,0,GREENE,GREENE
GREENE - 000087,136,1.0000000000,17.9999999999,17.9999999999,0,GREENE,GREENE
GREENE - 000088,134,0.1000000000,2.9999999999,30.0000000000,0,GREENE,GREENE
GREENE - 000088,136,0.9000000000,27.0000000001,30.0000000000,0,GREENE,GREENE
GREENE - 000089,136,1.0000000000,57.0000000001,57.0000000001,0,GREENE,GREENE
GREENE - 000090,136,1.0000000000,16.0000000003,16.0000000003,0,GREENE,GREENE
GREENE - 000091,133,0.3285714286,23.0000000000,69.9999999996,0,GREENE,GREENE
GREENE - 000091,134,0.6714285714,46.9999999996,69.9999999996,0,GREENE,GREENE
GREENE - 000092,133,0.5517241379,15.9999999998,28.9999999998,0,GREENE,GREENE
GREENE - 000092,134,0.4482758621,13.0000000000,28.9999999998,0,GREENE,GREENE
GREENE - 000093,133,0.3846153846,5.0000000000,13.0000000000,0,GREENE,GREENE
GREENE - 000093,134,0.6153846154,8.0000000000,13.0000000000,0,GREENE,GREENE
GREENE - 000094,136,1.0000000000,30.9999999999,30.9999999999,0,GREENE,GREENE
GREENE - 000095,136,1.0000000000,23.0000000000,23.0000000000,0,GREENE,GREENE
GREENE - 000096,136,1.0000000000,15.0000000000,15.0000000000,0,GREENE,GREENE
GREENE - 000097,136,1.0000000000,30.0000000000,30.0000000000,0,GREENE,GREENE
GREENE - 000098,136,1.0000000000,46.0000000000,46.0000000000,0,GREENE,GREENE
GREENE - 000099,133,0.2298972609,6.2072260454,27.0000000001,0,GREENE,GREENE
GREENE - 000099,136,0.7701027391,20.7927739547,27.0000000001,0,GREENE,GREENE
GREENE - 000100,133,1.0000000000,21.0000000000,21.0000000000,0,GREENE,GREENE
GREENE - 000101,133,0.9744447061,20.4633388272,20.9999999999,0,GREENE,GREENE
GREENE - 000101,136,0.0255552939,0.5366611727,20.9999999999,0,GREENE,GREENE
GREENE - 000102,133,1.0000000000,35.0000000000,35.0000000000,0,GREENE,GREENE
GREENE - 000103,133,1.0000000000,39.9999999999,39.9999999999,0,GREENE,GREENE
GREENE - 000104,133,1.0000000000,59.0000000001,59.0000000001,0,GREENE,GREENE
GREENE - 000105,130,0.0937500000,5.9999999999,63.9999999999,0,GREENE,GREENE
GREENE - 000105,133,0.9062500000,58.0000000000,63.9999999999,0,GREENE,GREENE
GREENE - 000106,132,1.0000000000,59.0000000000,59.0000000000,0,GREENE,GREENE
GREENE - 000107,132,1.0000000000,64.0000000001,64.0000000001,0,GREENE,GREENE
GREENE - 000108,137,1.0000000000,134.9999999999,134.9999999999,0,GREENE,GREENE
GREENE - 000109,131,1.0000000000,132.0000000000,132.0000000000,0,GREENE,GREENE
GREENE - 000110,137,1.0000000000,93.0000000001,93.0000000001,0,GREENE,GREENE
GREENE - 000111,133,0.7246615230,34.0590915794,47.0000000000,0,GREENE,GREENE
GREENE - 000111,134,0.2753384770,12.9409084206,47.0000000000,0,GREENE,GREENE
GREENE - 000112,130,0.0012143756,0.0716481595,58.9999999996,0,GREENE,GREENE
GREENE - 000112,134,0.9987856244,58.9283518401,58.9999999996,0,GREENE,GREENE
GREENE - 000113,130,0.2869953067,14.3497653336,49.9999999999,0,GREENE,GREENE
GREENE - 000113,134,0.7130046933,35.6502346663,49.9999999999,0,GREENE,GREENE
GREENE - 000114,134,1.0000000000,65.9999999999,65.9999999999,0,GREENE,GREENE
GREENE - 000115,133,0.0712012239,4.1296709844,58.0000000003,0,GREENE,GREENE
GREENE - 000115,134,0.9287987761,53.8703290159,58.0000000003,0,GREENE,GREENE
GRUNDY - 000002,2,0.9999962642,101.9996189471,102.0000000000,0,GRUNDY,GRUNDY
GRUNDY - 000002,3,0.0000037358,0.0003810529,102.0000000000,0,GRUNDY,GRUNDY
GRUNDY - 000003,2,1.0000000000,36.0000000001,36.0000000001,0,GRUNDY,GRUNDY
GRUNDY - 000004,2,1.0000000000,32.9999999999,32.9999999999,0,GRUNDY,GRUNDY
GRUNDY - 000005,2,1.0000000000,57.9999999999,57.9999999999,0,GRUNDY,GRUNDY
GRUNDY - 000006,2,1.0000000000,101.0000000000,101.0000000000,0,GRUNDY,GRUNDY
GRUNDY - 000007,2,1.0000000000,86.0000000000,86.0000000000,0,GRUNDY,GRUNDY
GRUNDY - 000008,2,1.0000000000,69.0000000002,69.0000000002,0,GRUNDY,GRUNDY
GRUNDY - 000009,2,1.0000000000,61.0000000002,61.0000000002,0,GRUNDY,GRUNDY
GRUNDY - 000010,2,1.0000000000,67.0000000000,67.0000000000,0,GRUNDY,GRUNDY
GRUNDY - 000011,2,1.0000000000,50.0000000000,50.0000000000,0,GRUNDY,GRUNDY
GRUNDY - 000012,2,1.0000000000,184.9999999999,184.9999999999,0,GRUNDY,GRUNDY
GRUNDY - 000013,2,1.0000000000,121.0000000000,121.0000000000,0,GRUNDY,GRUNDY
GRUNDY - 000014,2,1.0000000000,103.0000000001,103.0000000001,0,GRUNDY,GRUNDY
GRUNDY - 000015,2,1.0000000000,131.9999999999,131.9999999999,0,GRUNDY,GRUNDY
GRUNDY - 000016,2,1.0000000000,34.0000000000,34.0000000000,0,GRUNDY,GRUNDY
GRUNDY - 000017,2,1.0000000000,88.0000000001,88.0000000001,0,GRUNDY,GRUNDY
HARRISON - 000002,2,1.0000000000,193.9999999999,193.9999999999,0,HARRISON,HARRISON
HARRISON - 000003,2,1.0000000000,198.9999999998,198.9999999998,0,HARRISON,HARRISON
HARRISON - 000004,2,1.0000000000,87.0000000000,87.0000000000,0,HARRISON,HARRISON
HARRISON - 000005,2,1.0000000000,183.0000000000,183.0000000000,0,HARRISON,HARRISON
HARRISON - 000006,2,1.0000000000,148.0000000001,148.0000000001,0,HARRISON,HARRISON
HARRISON - 000007,2,1.0000000000,146.0000000000,146.0000000000,0,HARRISON,HARRISON
HARRISON - 000008,2,1.0000000000,70.9999999998,70.9999999998,0,HARRISON,HARRISON
HARRISON - 000009,2,1.0000000000,82.0000000001,82.0000000001,0,HARRISON,HARRISON
HARRISON - 000010,2,1.0000000000,128.0000000001,128.0000000001,0,HARRISON,HARRISON
HARRISON - 000011,2,1.0000000000,123.0000000007,123.0000000007,0,HARRISON,HARRISON
HARRISON - 000012,2,1.0000000000,151.9999999999,151.9999999999,0,HARRISON,HARRISON
HENRY - 000002,126,1.0000000000,161.9999999998,161.9999999998,0,HENRY,HENRY
HENRY - 000003,126,1.0000000000,48.9999999999,48.9999999999,0,HENRY,HENRY
HENRY - 000004,126,1.0000000000,136.0000000001,136.0000000001,0,HENRY,HENRY
HENRY - 000005,126,1.0000000000,158.9999999995,158.9999999995,0,HENRY,HENRY
HENRY - 000006,126,1.0000000000,57.0000000000,57.0000000000,0,HENRY,HENRY
HENRY - 000007,126,1.0000000000,63.0000000000,63.0000000000,0,HENRY,HENRY
HENRY - 000008,126,1.0000000000,100.9999999999,100.9999999999,0,HENRY,HENRY
HENRY - 000009,126,1.0000000000,146.0000000001,146.0000000001,0,HENRY,HENRY
HENRY - 000011,126,1.0000000000,67.0000000000,67.0000000000,0,HENRY,HENRY
HENRY - 000012,126,1.0000000000,144.0000000000,144.0000000000,0,HENRY,HENRY
HENRY - 000013,126,1.0000000000,83.0000000000,83.0000000000,0,HENRY,HENRY
HENRY - 000014,126,1.0000000000,58.0000000000,58.0000000000,0,HENRY,HENRY
HENRY - 000015,126,1.0000000000,63.9999999999,63.9999999999,0,HENRY,HENRY
HENRY - 000016,126,1.0000000000,105.0000000001,105.0000000001,0,HENRY,HENRY
HENRY - 000017,126,1.0000000000,52.0000000001,52.0000000001,0,HENRY,HENRY
HENRY - 000018,126,1.0000000000,222.0000000001,222.0000000001,0,HENRY,HENRY
HENRY - 000020,126,1.0000000000,91.0000000000,91.0000000000,0,HENRY,HENRY
HENRY - 000021,126,1.0000000000,41.0000000000,41.0000000000,0,HENRY,HENRY
HENRY - 000022,126,1.0000000000,85.0000000001,85.0000000001,0,HENRY,HENRY
HENRY - 000023,126,1.0000000000,88.9999999999,88.9999999999,0,HENRY,HENRY
HICKORY - 000002,128,1.0000000000,75.0000000001,75.0000000001,0,HICKORY,HICKORY
HICKORY - 000003,126,0.9982245032,78.8597357545,79.0000000000,0,HICKORY,HICKORY
HICKORY - 000003,128,0.0017754968,0.1402642455,79.0000000000,0,HICKORY,HICKORY
HICKORY - 000004,128,1.0000000000,124.0000000000,124.0000000000,0,HICKORY,HICKORY
HICKORY - 000005,126,0.0000057294,0.0007390960,129.0000000001,0,HICKORY,HICKORY
HICKORY - 000005,128,0.9999942706,128.9992609041,129.0000000001,0,HICKORY,HICKORY
HICKORY - 000006,126,1.0000000000,36.0000000000,36.0000000000,0,HICKORY,HICKORY
HICKORY - 000007,128,1.0000000000,219.0000000008,219.0000000008,0,HICKORY,HICKORY
HICKORY - 000008,128,1.0000000000,45.0000000001,45.0000000001,0,HICKORY,HICKORY
HICKORY - 000009,126,1.0000000000,81.0000000000,81.0000000000,0,HICKORY,HICKORY
HICKORY - 000010,126,1.0000000000,46.0000000002,46.0000000002,0,HICKORY,HICKORY
HICKORY - 000011,128,1.0000000000,94.0000000002,94.0000000002,0,HICKORY,HICKORY
HICKORY - 000012,126,1.0000000000,104.0000000001,104.0000000001,0,HICKORY,HICKORY
HOLT - 000002,1,1.0000000000,263.9999999999,263.9999999999,0,HOLT,HOLT
HOLT - 000003,1,1.0000000000,112.0000000000,112.0000000000,0,HOLT,HOLT
HOLT - 000004,1,1.0000000000,193.0000000001,193.0000000001,0,HOLT,HOLT
HOLT - 000005,1,1.0000000000,313.0000000000,313.0000000000,0,HOLT,HOLT
HOLT - 000006,1,1.0000000000,124.0000000000,124.0000000000,0,HOLT,HOLT
HOLT - 000007,1,1.0000000000,191.0000000000,191.0000000000,0,HOLT,HOLT
HOWARD - 000003,48,1.0000000000,53.0000000000,53.0000000000,0,HOWARD,HOWARD
HOWARD - 000004,48,1.0000000000,71.9999999998,71.9999999998,0,HOWARD,HOWARD
HOWARD - 000005,48,1.0000000000,169.0000000004,169.0000000004,0,HOWARD,HOWARD
HOWARD - 000009,48,1.0000000000,101.0000000004,101.0000000004,0,HOWARD,HOWARD
HOWARD - 000013,48,1.0000000000,56.0000000002,56.0000000002,0,HOWARD,HOWARD
HOWARD - 000015,48,1.0000000000,157.0000000000,157.0000000000,0,HOWARD,HOWARD
HOWARD - 000016,48,1.0000000000,265.0000000000,265.0000000000,0,HOWARD,HOWARD
HOWARD - 000017,47,0.0289855072,2.0000000000,68.9999999999,0,HOWARD,HOWARD
HOWARD - 000017,48,0.9710144928,66.9999999999,68.9999999999,0,HOWARD,HOWARD
HOWARD - 000018,48,1.0000000000,119.9999999999,119.9999999999,0,HOWARD,HOWARD
HOWELL - 000002,154,1.0000000000,73.0000000001,73.0000000001,0,HOWELL,HOWELL
HOWELL - 000003,154,1.0000000000,89.9999999997,89.9999999997,0,HOWELL,HOWELL
HOWELL - 000004,154,1.0000000000,52.9999999999,52.9999999999,0,HOWELL,HOWELL
HOWELL - 000005,154,1.0000000000,134.0000000000,134.0000000000,0,HOWELL,HOWELL
HOWELL - 000006,153,0.2255933155,47.3745962592,210.0000000001,0,HOWELL,HOWELL
HOWELL - 000006,154,0.7744066845,162.6254037409,210.0000000001,0,HOWELL,HOWELL
HOWELL - 000007,154,1.0000000000,113.0000000001,113.0000000001,0,HOWELL,HOWELL
HOWELL - 000008,154,1.0000000000,127.0000000004,127.0000000004,0,HOWELL,HOWELL
HOWELL - 000009,154,1.0000000000,132.0000000007,132.0000000007,0,HOWELL,HOWELL
HOWELL - 000010,154,1.0000000000,80.0000000000,80.0000000000,0,HOWELL,HOWELL
HOWELL - 000011,154,1.0000000000,425.9999999998,425.9999999998,0,HOWELL,HOWELL
HOWELL - 000012,154,1.0000000000,115.0000000001,115.0000000001,0,HOWELL,HOWELL
HOWELL - 000013,154,1.0000000000,92.0000000000,92.0000000000,0,HOWELL,HOWELL
HOWELL - 000014,154,1.0000000000,101.0000000000,101.0000000000,0,HOWELL,HOWELL
HOWELL - 000015,154,1.0000000000,67.0000000000,67.0000000000,0,HOWELL,HOWELL
HOWELL - 000016,154,1.0000000000,87.0000000000,87.0000000000,0,HOWELL,HOWELL
HOWELL - 000017,154,1.0000000000,119.0000000000,119.0000000000,0,HOWELL,HOWELL
HOWELL - 000018,154,1.0000000000,106.0000000000,106.0000000000,0,HOWELL,HOWELL
HOWELL - 000019,154,1.0000000000,144.9999999997,144.9999999997,0,HOWELL,HOWELL
HOWELL - 000020,154,1.0000000000,167.9999999999,167.9999999999,0,HOWELL,HOWELL
HOWELL - 000021,154,1.0000000000,189.9999999996,189.9999999996,0,HOWELL,HOWELL
IRON - 000002,144,1.0000000000,117.9999999999,117.9999999999,0,IRON,IRON
IRON - 000003,144,1.0000000000,33.9999999999,33.9999999999,0,IRON,IRON
IRON - 000004,144,1.0000000000,57.9999999999,57.9999999999,0,IRON,IRON
IRON - 000005,144,1.0000000000,85.9999999999,85.9999999999,0,IRON,IRON
IRON - 000006,144,1.0000000000,74.0000000002,74.0000000002,0,IRON,IRON
IRON - 000007,144,1.0000000000,101.0000000000,101.0000000000,0,IRON,IRON
IRON - 000008,144,1.0000000000,132.9999999999,132.9999999999,0,IRON,IRON
IRON - 000009,144,1.0000000000,74.0000000001,74.0000000001,0,IRON,IRON
IRON - 000010,144,1.0000000000,10.0000000001,10.0000000001,0,IRON,IRON
IRON - 000011,144,1.0000000000,93.0000000000,93.0000000000,0,IRON,IRON
IRON - 000012,144,1.0000000000,43.0000000001,43.0000000001,0,IRON,IRON
IRON - 000013,144,1.0000000000,24.9999999999,24.9999999999,0,IRON,IRON
IRON - 000014,144,1.0000000000,81.0000000002,81.0000000002,0,IRON,IRON
IRON - 000015,144,1.0000000000,32.9999999999,32.9999999999,0,IRON,IRON
IRON - 000016,144,1.0000000000,122.9999999995,122.9999999995,0,IRON,IRON
IRON - 000017,144,1.0000000000,27.0000000001,27.0000000001,0,IRON,IRON
JACKSON - 000002,19,1.0000000000,16.0000000000,16.0000000000,1,KANSAS CITY,KANSAS CITY|JACKSON
JACKSON - 000003,19,0.0366943836,2.0181910971,55.0000000000,0,JACKSON,JACKSON|KANSAS CITY
JACKSON - 000003,21,0.9633056164,52.9818089029,55.0000000000,0,JACKSON,JACKSON|KANSAS CITY
JACKSON - 000004,20,1.0000000000,42.0000000001,42.0000000001,0,JACKSON,JACKSON|KANSAS CITY
JACKSON - 000005,20,0.9333333333,14.0000000000,15.0000000000,0,JACKSON,JACKSON|KANSAS CITY
JACKSON - 000005,21,0.0666666667,1.0000000000,15.0000000000,0,JACKSON,JACKSON|KANSAS CITY
JACKSON - 000006,20,1.0000000000,11.0000000000,11.0000000000,0,JACKSON,JACKSON|KANSAS CITY
JACKSON - 000007,20,1.0000000000,15.0000000000,15.0000000000,0,JACKSON,JACKSON|KANSAS CITY
JACKSON - 000008,19,1.0000000000,25.0000000001,25.0000000001,0,JACKSON,JACKSON|KANSAS CITY
JACKSON - 000009,21,1.0000000000,43.0000000000,43.0000000000,0,JACKSON,JACKSON|KANSAS CITY
JACKSON - 000010,21,1.0000000000,40.0000000000,40.0000000000,0,JACKSON,JACKSON|KANSAS CITY
JACKSON - 000011,21,1.0000000000,35.0000000000,35.0000000000,0,JACKSON,JACKSON|KANSAS CITY
JACKSON - 000012,21,1.0000000000,42.0000000001,42.0000000001,0,JACKSON,JACKSON|KANSAS CITY
JACKSON - 000013,21,1.0000000000,15.0000000000,15.0000000000,0,JACKSON,JACKSON|KANSAS CITY
JACKSON - 000014,20,0.9942813250,46.7312222731,46.9999999999,0,JACKSON,JACKSON|KANSAS CITY
JACKSON - 000014,39,0.0057186750,0.2687777268,46.9999999999,0,JACKSON,JACKSON|KANSAS CITY
JACKSON - 000015,20,1.0000000000,57.0000000002,57.0000000002,0,JACKSON,JACKSON|KANSAS CITY
JACKSON - 000016,20,1.0000000000,19.0000000000,19.0000000000,0,JACKSON,JACKSON|KANSAS CITY
JACKSON - 000017,21,1.0000000000,20.0000000000,20.0000000000,0,JACKSON,JACKSON|KANSAS CITY
JACKSON - 000018,20,1.0000000000,39.0000000000,39.0000000000,0,JACKSON,JACKSON|KANSAS CITY
JACKSON - 000019,20,1.0000000000,12.0000000000,12.0000000000,0,JACKSON,JACKSON|KANSAS CITY
JACKSON - 000020,20,1.0000000000,26.0000000000,26.0000000000,0,JACKSON,JACKSON|KANSAS CITY
JACKSON - 000021,20,1.0000000000,6.0000000000,6.0000000000,0,JACKSON,JACKSON|KANSAS CITY
JACKSON - 000022,20,1.0000000000,5.0000000000,5.0000000000,0,JACKSON,JACKSON|KANSAS CITY
JACKSON - 000023,20,1.0000000000,17.0000000000,17.0000000000,0,JACKSON,JACKSON|KANSAS CITY
JACKSON - 000024,21,1.0000000000,67.0000000000,67.0000000000,0,JACKSON,JACKSON|KANSAS CITY
JACKSON - 000025,21,1.0000000000,36.0000000000,36.0000000000,0,JACKSON,JACKSON|KANSAS CITY
JACKSON - 000026,20,1.0000000000,23.0000000000,23.0000000000,0,JACKSON,JACKSON|KANSAS CITY
JACKSON - 000027,20,0.0064554147,0.1936624408,30.0000000000,0,JACKSON,JACKSON|KANSAS CITY
JACKSON - 000027,32,0.9935445853,29.8063375592,30.0000000000,0,JACKSON,JACKSON|KANSAS CITY
JACKSON - 000028,20,0.4240639834,7.6331517011,18.0000000000,0,JACKSON,JACKSON|KANSAS CITY
JACKSON - 000028,32,0.5215041919,9.3870754541,18.0000000000,0,JACKSON,JACKSON|KANSAS CITY
JACKSON - 000028,39,0.0544318247,0.9797728448,18.0000000000,0,JACKSON,JACKSON|KANSAS CITY
JACKSON - 000029,32,1.0000000000,14.9999999999,14.9999999999,0,JACKSON,JACKSON|KANSAS CITY
JACKSON - 000030,20,0.5027396305,5.5301359360,11.0000000000,0,JACKSON,JACKSON|KANSAS CITY
JACKSON - 000030,32,0.4972603695,5.4698640640,11.0000000000,0,JACKSON,JACKSON|KANSAS CITY
JACKSON - 000031,20,1.0000000000,22.0000000000,22.0000000000,0,JACKSON,JACKSON|KANSAS CITY
JACKSON - 000032,20,1.0000000000,29.9999999999,29.9999999999,0,JACKSON,JACKSON|KANSAS CITY
JACKSON - 000033,20,1.0000000000,18.0000000001,18.0000000001,0,JACKSON,JACKSON|KANSAS CITY
JACKSON - 000034,20,0.9090909091,10.0000000000,11.0000000000,0,JACKSON,JACKSON|KANSAS CITY
JACKSON - 000034,21,0.0909090909,1.0000000000,11.0000000000,0,JACKSON,JACKSON|KANSAS CITY
JACKSON - 000035,20,1.0000000000,26.9999999998,26.9999999998,0,JACKSON,JACKSON|KANSAS CITY
JACKSON - 000036,20,1.0000000000,9.0000000000,9.0000000000,0,JACKSON,JACKSON|KANSAS CITY
JACKSON - 000037,20,0.4736842105,9.0000000001,19.0000000001,0,JACKSON,JACKSON|KANSAS CITY
JACKSON - 000037,21,0.5263157895,10.0000000000,19.0000000001,0,JACKSON,JACKSON|KANSAS CITY
JACKSON - 000038,20,1.0000000000,13.0000000001,13.0000000001,0,JACKSON,JACKSON|KANSAS CITY
JACKSON - 000039,21,1.0000000000,16.0000000000,16.0000000000,0,JACKSON,JACKSON|KANSAS CITY
JACKSON - 000040,21,1.0000000000,51.0000000000,51.0000000000,0,JACKSON,JACKSON|KANSAS CITY
JACKSON - 000041,21,1.0000000000,24.0000000000,24.0000000000,0,JACKSON,JACKSON|KANSAS CITY
JACKSON - 000042,21,1.0000000000,14.0000000000,14.0000000000,0,JACKSON,JACKSON|KANSAS CITY
JACKSON - 000043,21,1.0000000000,15.9999999999,15.9999999999,0,JACKSON,JACKSON|KANSAS CITY
JACKSON - 000044,21,1.0000000000,22.0000000000,22.0000000000,0,JACKSON,JACKSON|KANSAS CITY
JACKSON - 000045,21,1.0000000000,44.0000000000,44.0000000000,0,JACKSON,JACKSON|KANSAS CITY
JACKSON - 000046,21,0.9882352941,84.0000000000,85.0000000000,0,JACKSON,JACKSON|KANSAS CITY
JACKSON - 000046,22,0.0117647059,1.0000000000,85.0000000000,0,JACKSON,JACKSON|KANSAS CITY
JACKSON - 000047,21,1.0000000000,26.0000000000,26.0000000000,0,JACKSON,JACKSON|KANSAS CITY
JACKSON - 000048,21,1.0000000000,31.0000000000,31.0000000000,0,JACKSON,JACKSON|KANSAS CITY
JACKSON - 000049,21,1.0000000000,26.0000000000,26.0000000000,0,JACKSON,JACKSON|KANSAS CITY
JACKSON - 000050,19,0.0022378723,0.0268544681,11.9999999999,0,JACKSON,JACKSON|KANSAS CITY
JACKSON - 000050,22,0.9977621277,11.9731455318,11.9999999999,0,JACKSON,JACKSON|KANSAS CITY
JACKSON - 000051,22,1.0000000000,4.0000000000,4.0000000000,0,JACKSON,JACKSON|KANSAS CITY
JACKSON - 000052,21,0.5000000000,12.0000000000,24.0000000000,0,JACKSON,JACKSON|KANSAS CITY
JACKSON - 000052,22,0.5000000000,12.0000000000,24.0000000000,0,JACKSON,JACKSON|KANSAS CITY
JACKSON - 000053,29,1.0000000000,22.0000000000,22.0000000000,0,JACKSON,JACKSON|KANSAS CITY
JACKSON - 000054,29,1.0000000000,15.0000000000,15.0000000000,0,JACKSON,JACKSON|KANSAS CITY
JACKSON - 000055,22,1.0000000000,11.0000000000,11.0000000000,0,JACKSON,JACKSON|KANSAS CITY
JACKSON - 000056,22,1.0000000000,35.0000000000,35.0000000000,0,JACKSON,JACKSON|KANSAS CITY
JACKSON - 000057,21,0.4813961073,11.0721104690,23.0000000000,0,JACKSON,JACKSON|KANSAS CITY
JACKSON - 000057,22,0.5186038927,11.9278895310,23.0000000000,0,JACKSON,JACKSON|KANSAS CITY
JACKSON - 000058,21,1.0000000000,25.0000000000,25.0000000000,0,JACKSON,JACKSON|KANSAS CITY
JACKSON - 000059,21,0.8333333333,20.0000000000,24.0000000000,0,JACKSON,JACKSON|KANSAS CITY
JACKSON - 000059,29,0.1666666667,4.0000000000,24.0000000000,0,JACKSON,JACKSON|KANSAS CITY
JACKSON - 000060,29,1.0000000000,35.0000000000,35.0000000000,0,JACKSON,JACKSON|KANSAS CITY
JACKSON - 000061,21,0.1052631579,2.0000000000,19.0000000000,0,JACKSON,JACKSON|KANSAS CITY
JACKSON - 000061,22,0.8947368421,17.0000000000,19.0000000000,0,JACKSON,JACKSON|KANSAS CITY
JACKSON - 000062,22,1.0000000000,14.0000000000,14.0000000000,0,JACKSON,JACKSON|KANSAS CITY
JACKSON - 000063,21,1.0000000000,12.0000000000,12.0000000000,0,JACKSON,JACKSON|KANSAS CITY
JACKSON - 000064,20,0.2105263158,4.0000000000,19.0000000000,0,JACKSON,JACKSON|KANSAS CITY
JACKSON - 000064,29,0.7894736842,15.0000000000,19.0000000000,0,JACKSON,JACKSON|KANSAS CITY
JACKSON - 000065,20,1.0000000000,10.0000000000,10.0000000000,0,JACKSON,JACKSON|KANSAS CITY
JACKSON - 000066,20,0.7272727273,8.0000000000,11.0000000000,0,JACKSON,JACKSON|KANSAS CITY
JACKSON - 000066,29,0.2727272727,3.0000000000,11.0000000000,0,JACKSON,JACKSON|KANSAS CITY
JACKSON - 000067,21,1.0000000000,21.0000000000,21.0000000000,0,JACKSON,JACKSON|KANSAS CITY
JACKSON - 000068,21,1.0000000000,16.0000000000,16.0000000000,0,JACKSON,JACKSON|KANSAS CITY
JACKSON - 000069,21,1.0000000000,10.9999999998,10.9999999998,0,JACKSON,JACKSON|KANSAS CITY
JACKSON - 000070,20,0.3957991181,4.3537902994,11.0000000001,0,JACKSON,JACKSON|KANSAS CITY
JACKSON - 000070,21,0.6042008819,6.6462097007,11.0000000001,0,JACKSON,JACKSON|KANSAS CITY
JACKSON - 000071,20,1.0000000000,20.9999999999,20.9999999999,0,JACKSON,JACKSON|KANSAS CITY
JACKSON - 000072,29,1.0000000000,12.0000000000,12.0000000000,0,JACKSON,JACKSON|KANSAS CITY
JACKSON - 000073,29,1.0000000000,10.0000000000,10.0000000000,0,JACKSON,JACKSON|KANSAS CITY
JACKSON - 000074,29,1.0000000000,15.0000000000,15.0000000000,0,JACKSON,JACKSON|KANSAS CITY
JACKSON - 000075,22,1.0000000000,34.0000000000,34.0000000000,0,JACKSON,JACKSON|KANSAS CITY
JACKSON - 000076,22,0.0885749918,3.9858746314,45.0000000000,0,JACKSON,JACKSON|KANSAS CITY
JACKSON - 000076,28,0.0080212391,0.3609557615,45.0000000000,0,JACKSON,JACKSON|KANSAS CITY
JACKSON - 000076,29,0.9034037690,40.6531696071,45.0000000000,0,JACKSON,JACKSON|KANSAS CITY
JACKSON - 000077,29,1.0000000000,20.0000000000,20.0000000000,0,JACKSON,JACKSON|KANSAS CITY
JACKSON - 000078,29,1.0000000000,22.0000000000,22.0000000000,0,JACKSON,JACKSON|KANSAS CITY
JACKSON - 000079,28,0.0001227655,0.0033146698,27.0000000000,0,JACKSON,JACKSON|KANSAS CITY
JACKSON - 000079,29,0.9998772345,26.9966853302,27.0000000000,0,JACKSON,JACKSON|KANSAS CITY
JACKSON - 000080,29,1.0000000000,19.0000000000,19.0000000000,0,JACKSON,JACKSON|KANSAS CITY
JACKSON - 000081,22,1.0000000000,18.0000000001,18.0000000001,0,JACKSON,JACKSON|KANSAS CITY
JACKSON - 000082,22,1.0000000000,23.0000000000,23.0000000000,0,JACKSON,JACKSON|KANSAS CITY
JACKSON - 000083,22,1.0000000000,3.0000000000,3.0000000000,0,JACKSON,JACKSON|KANSAS CITY
JACKSON - 000084,22,0.8260267990,21.4766967730,26.0000000000,0,JACKSON,JACKSON|KANSAS CITY
JACKSON - 000084,29,0.1739732010,4.5233032270,26.0000000000,0,JACKSON,JACKSON|KANSAS CITY
JACKSON - 000085,22,0.6000000000,9.0000000000,15.0000000000,0,JACKSON,JACKSON|KANSAS CITY
JACKSON - 000085,29,0.4000000000,6.0000000000,15.0000000000,0,JACKSON,JACKSON|KANSAS CITY
JACKSON - 000086,29,1.0000000000,18.0000000000,18.0000000000,0,JACKSON,JACKSON|KANSAS CITY
JACKSON - 000087,29,1.0000000000,22.0000000000,22.0000000000,0,JACKSON,JACKSON|KANSAS CITY
JACKSON - 000088,29,1.0000000000,13.0000000000,13.0000000000,0,JACKSON,JACKSON|KANSAS CITY
JACKSON - 000089,29,1.0000000000,33.0000000002,33.0000000002,0,JACKSON,JACKSON|KANSAS CITY
JACKSON - 000090,29,1.0000000000,22.0000000000,22.0000000000,0,JACKSON,JACKSON|KANSAS CITY
JACKSON - 000091,29,1.0000000000,23.0000000000,23.0000000000,0,JACKSON,JACKSON|KANSAS CITY
JACKSON - 000092,29,1.0000000000,18.0000000000,18.0000000000,0,JACKSON,JACKSON|KANSAS CITY
JACKSON - 000093,20,0.0606060606,2.0000000000,33.0000000000,0,JACKSON,JACKSON|KANSAS CITY
JACKSON - 000093,29,0.9393939394,31.0000000000,33.0000000000,0,JACKSON,JACKSON|KANSAS CITY
JACKSON - 000094,29,1.0000000000,12.0000000000,12.0000000000,0,JACKSON,JACKSON|KANSAS CITY
JACKSON - 000095,29,1.0000000000,14.0000000000,14.0000000000,0,JACKSON,JACKSON|KANSAS CITY
JACKSON - 000096,29,1.0000000000,28.0000000000,28.0000000000,0,JACKSON,JACKSON|KANSAS CITY
JACKSON - 000097,20,0.1851055367,4.9978494906,26.9999999999,0,JACKSON,JACKSON|KANSAS CITY
JACKSON - 000097,29,0.8148944633,22.0021505093,26.9999999999,0,JACKSON,JACKSON|KANSAS CITY
JACKSON - 000098,29,1.0000000000,11.0000000000,11.0000000000,0,JACKSON,JACKSON|KANSAS CITY
JACKSON - 000099,29,1.0000000000,19.0000000000,19.0000000000,0,JACKSON,JACKSON|KANSAS CITY
JACKSON - 000100,29,1.0000000000,15.0000000000,15.0000000000,0,JACKSON,JACKSON|KANSAS CITY
JACKSON - 000101,29,1.0000000000,4.9999999999,4.9999999999,0,JACKSON,JACKSON|KANSAS CITY
JACKSON - 000102,28,1.0000000000,20.0000000000,20.0000000000,0,JACKSON,JACKSON|KANSAS CITY
JACKSON - 000103,28,1.0000000000,14.0000000000,14.0000000000,0,JACKSON,JACKSON|KANSAS CITY
JACKSON - 000104,28,1.0000000000,5.0000000000,5.0000000000,0,JACKSON,JACKSON|KANSAS CITY
JACKSON - 000105,28,1.0000000000,10.0000000001,10.0000000001,0,JACKSON,JACKSON|KANSAS CITY
JACKSON - 000106,28,1.0000000000,13.0000000000,13.0000000000,0,JACKSON,JACKSON|KANSAS CITY
JACKSON - 000107,28,1.0000000000,34.0000000000,34.0000000000,0,JACKSON,JACKSON|KANSAS CITY
JACKSON - 000108,28,1.0000000000,27.0000000000,27.0000000000,0,JACKSON,JACKSON|KANSAS CITY
JACKSON - 000109,28,1.0000000000,21.0000000000,21.0000000000,0,JACKSON,JACKSON|KANSAS CITY
JACKSON - 000110,28,1.0000000000,16.0000000001,16.0000000001,0,JACKSON,JACKSON|KANSAS CITY
JACKSON - 000111,28,1.0000000000,8.0000000000,8.0000000000,0,JACKSON,JACKSON|KANSAS CITY
JACKSON - 000112,28,1.0000000000,25.0000000000,25.0000000000,0,JACKSON,JACKSON|KANSAS CITY
JACKSON - 000113,28,1.0000000000,18.0000000000,18.0000000000,0,JACKSON,JACKSON|KANSAS CITY
JACKSON - 000114,28,1.0000000000,12.0000000000,12.0000000000,0,JACKSON,JACKSON|KANSAS CITY
JACKSON - 000115,28,1.0000000000,23.0000000001,23.0000000001,0,JACKSON,JACKSON|KANSAS CITY
JACKSON - 000116,28,1.0000000000,19.0000000000,19.0000000000,0,JACKSON,JACKSON|KANSAS CITY
JACKSON - 000117,28,1.0000000000,6.0000000000,6.0000000000,0,JACKSON,JACKSON|KANSAS CITY
JACKSON - 000118,28,1.0000000000,18.0000000000,18.0000000000,0,JACKSON,JACKSON|KANSAS CITY
JACKSON - 000119,28,1.0000000000,23.0000000000,23.0000000000,0,JACKSON,JACKSON|KANSAS CITY
JACKSON - 000120,26,0.0028283571,0.0876790695,31.0000000000,0,JACKSON,JACKSON|KANSAS CITY
JACKSON - 000120,28,0.9971716429,30.9123209305,31.0000000000,0,JACKSON,JACKSON|KANSAS CITY
JACKSON - 000121,28,1.0000000000,29.0000000000,29.0000000000,0,JACKSON,JACKSON|KANSAS CITY
JACKSON - 000122,28,1.0000000000,31.0000000000,31.0000000000,0,JACKSON,JACKSON|KANSAS CITY
JACKSON - 000123,28,1.0000000000,31.0000000000,31.0000000000,0,JACKSON,JACKSON|KANSAS CITY
JACKSON - 000124,28,1.0000000000,27.0000000000,27.0000000000,0,JACKSON,JACKSON|KANSAS CITY
JACKSON - 000125,28,1.0000000000,24.0000000000,24.0000000000,0,JACKSON,JACKSON|KANSAS CITY
JACKSON - 000126,28,1.0000000000,27.0000000000,27.0000000000,0,JACKSON,JACKSON|KANSAS CITY
JACKSON - 000127,28,1.0000000000,13.0000000000,13.0000000000,0,JACKSON,JACKSON|KANSAS CITY
JACKSON - 000128,28,1.0000000000,7.0000000000,7.0000000000,0,JACKSON,JACKSON|KANSAS CITY
JACKSON - 000129,32,1.0000000000,20.0000000000,20.0000000000,0,JACKSON,JACKSON|KANSAS CITY
JACKSON - 000130,20,1.0000000000,54.0000000000,54.0000000000,0,JACKSON,JACKSON|KANSAS CITY
JACKSON - 000131,32,1.0000000000,22.0000000000,22.0000000000,0,JACKSON,JACKSON|KANSAS CITY
JACKSON - 000132,32,1.0000000000,28.0000000000,28.0000000000,0,JACKSON,JACKSON|KANSAS CITY
JACKSON - 000133,32,1.0000000000,23.0000000000,23.0000000000,0,JACKSON,JACKSON|KANSAS CITY
JACKSON - 000134,32,1.0000000000,12.0000000000,12.0000000000,0,JACKSON,JACKSON|KANSAS CITY
JACKSON - 000135,32,1.0000000000,37.0000000000,37.0000000000,0,JACKSON,JACKSON|KANSAS CITY
JACKSON - 000136,32,1.0000000000,11.0000000000,11.0000000000,0,JACKSON,JACKSON|KANSAS CITY
JACKSON - 000137,32,1.0000000000,21.9999999999,21.9999999999,0,JACKSON,JACKSON|KANSAS CITY
JACKSON - 000138,34,1.0000000000,20.0000000000,20.0000000000,0,JACKSON,JACKSON|KANSAS CITY
JACKSON - 000139,35,1.0000000000,35.0000000001,35.0000000001,0,JACKSON,JACKSON|KANSAS CITY
JACKSON - 000140,35,1.0000000000,14.0000000000,14.0000000000,0,JACKSON,JACKSON|KANSAS CITY
JACKSON - 000141,35,1.0000000000,10.9999999999,10.9999999999,0,JACKSON,JACKSON|KANSAS CITY
JACKSON - 000142,35,1.0000000000,5.0000000000,5.0000000000,0,JACKSON,JACKSON|KANSAS CITY
JACKSON - 000143,35,1.0000000000,10.0000000000,10.0000000000,0,JACKSON,JACKSON|KANSAS CITY
JACKSON - 000144,35,1.0000000000,1.0000000000,1.0000000000,0,JACKSON,JACKSON|KANSAS CITY
JACKSON - 000145,35,1.0000000000,19.0000000000,19.0000000000,0,JACKSON,JACKSON|KANSAS CITY
JACKSON - 000146,35,0.9929224497,60.5682694299,61.0000000001,0,JACKSON,JACKSON|KANSAS CITY
JACKSON - 000146,36,0.0070775503,0.4317305702,61.0000000001,0,JACKSON,JACKSON|KANSAS CITY
JACKSON - 000147,34,1.0000000000,42.0000000000,42.0000000000,0,JACKSON,JACKSON|KANSAS CITY
JACKSON - 000148,35,1.0000000000,11.0000000001,11.0000000001,0,JACKSON,JACKSON|KANSAS CITY
JACKSON - 000149,35,1.0000000000,21.9999999999,21.9999999999,0,JACKSON,JACKSON|KANSAS CITY
JACKSON - 000150,34,1.0000000000,16.0000000000,16.0000000000,0,JACKSON,JACKSON|KANSAS CITY
JACKSON - 000151,34,0.8999812163,26.9994364883,30.0000000004,0,JACKSON,JACKSON|KANSAS CITY
JACKSON - 000151,35,0.0999084423,2.9972532698,30.0000000004,0,JACKSON,JACKSON|KANSAS CITY
JACKSON - 000151,36,0.0001103414,0.0033102423,30.0000000004,0,JACKSON,JACKSON|KANSAS CITY
JACKSON - 000152,34,1.0000000000,8.0000000000,8.0000000000,0,JACKSON,JACKSON|KANSAS CITY
JACKSON - 000153,34,1.0000000000,14.9999999999,14.9999999999,0,JACKSON,JACKSON|KANSAS CITY
JACKSON - 000154,30,0.9771955722,14.6579335834,14.9999999999,0,JACKSON,JACKSON|KANSAS CITY
JACKSON - 000154,35,0.0228044278,0.3420664165,14.9999999999,0,JACKSON,JACKSON|KANSAS CITY
JACKSON - 000155,34,1.0000000000,39.9999999999,39.9999999999,0,JACKSON,JACKSON|KANSAS CITY
JACKSON - 000156,30,1.0000000000,11.0000000000,11.0000000000,0,JACKSON,JACKSON|KANSAS CITY
JACKSON - 000157,20,0.0028168122,0.1183061113,41.9999999999,0,JACKSON,JACKSON|KANSAS CITY
JACKSON - 000157,29,0.0482151032,2.0250343337,41.9999999999,0,JACKSON,JACKSON|KANSAS CITY
JACKSON - 000157,30,0.9407444414,39.5112665370,41.9999999999,0,JACKSON,JACKSON|KANSAS CITY
JACKSON - 000157,33,0.0077544397,0.3256864677,41.9999999999,0,JACKSON,JACKSON|KANSAS CITY
JACKSON - 000157,35,0.0004692036,0.0197065503,41.9999999999,0,JACKSON,JACKSON|KANSAS CITY
JACKSON - 000158,30,1.0000000000,40.9999999999,40.9999999999,0,JACKSON,JACKSON|KANSAS CITY
JACKSON - 000159,30,0.8867073473,22.1676836822,25.0000000001,0,JACKSON,JACKSON|KANSAS CITY
JACKSON - 000159,34,0.1132926527,2.8323163179,25.0000000001,0,JACKSON,JACKSON|KANSAS CITY
JACKSON - 000160,30,0.6825942414,27.9863638973,41.0000000001,0,JACKSON,JACKSON|KANSAS CITY
JACKSON - 000160,34,0.3170731707,13.0000000001,41.0000000001,0,JACKSON,JACKSON|KANSAS CITY
JACKSON - 000160,35,0.0003325879,0.0136361027,41.0000000001,0,JACKSON,JACKSON|KANSAS CITY
JACKSON - 000161,34,0.8424541000,21.9038065992,25.9999999999,0,JACKSON,JACKSON|KANSAS CITY
JACKSON - 000161,35,0.1575459000,4.0961934007,25.9999999999,0,JACKSON,JACKSON|KANSAS CITY
JACKSON - 000162,34,1.0000000000,46.9999999999,46.9999999999,0,JACKSON,JACKSON|KANSAS CITY
JACKSON - 000163,34,1.0000000000,28.0000000000,28.0000000000,0,JACKSON,JACKSON|KANSAS CITY
JACKSON - 000164,34,1.0000000000,16.0000000000,16.0000000000,0,JACKSON,JACKSON|KANSAS CITY
JACKSON - 000165,34,1.0000000000,27.0000000001,27.0000000001,0,JACKSON,JACKSON|KANSAS CITY
JACKSON - 000166,30,1.0000000000,21.9999999999,21.9999999999,0,JACKSON,JACKSON|KANSAS CITY
JACKSON - 000167,30,1.0000000000,5.0000000000,5.0000000000,0,JACKSON,JACKSON|KANSAS CITY
JACKSON - 000168,34,1.0000000000,33.0000000000,33.0000000000,0,JACKSON,JACKSON|KANSAS CITY
JACKSON - 000169,34,1.0000000000,13.0000000000,13.0000000000,0,JACKSON,JACKSON|KANSAS CITY
JACKSON - 000170,30,1.0000000000,12.0000000000,12.0000000000,0,JACKSON,JACKSON|KANSAS CITY
JACKSON - 000171,30,1.0000000000,15.0000000000,15.0000000000,0,JACKSON,JACKSON|KANSAS CITY
JACKSON - 000172,30,1.0000000000,18.0000000000,18.0000000000,0,JACKSON,JACKSON|KANSAS CITY
JACKSON - 000173,34,1.0000000000,28.0000000000,28.0000000000,0,JACKSON,JACKSON|KANSAS CITY
JACKSON - 000174,30,1.0000000000,16.0000000000,16.0000000000,0,JACKSON,JACKSON|KANSAS CITY
JACKSON - 000175,30,1.0000000000,31.0000000001,31.0000000001,0,JACKSON,JACKSON|KANSAS CITY
JACKSON - 000176,30,0.9999801476,15.9996823608,16.0000000000,0,JACKSON,JACKSON|KANSAS CITY
JACKSON - 000176,33,0.0000198524,0.0003176392,16.0000000000,0,JACKSON,JACKSON|KANSAS CITY
JACKSON - 000177,33,1.0000000000,18.0000000000,18.0000000000,0,JACKSON,JACKSON|KANSAS CITY
JACKSON - 000178,33,1.0000000000,51.0000000001,51.0000000001,0,JACKSON,JACKSON|KANSAS CITY
JACKSON - 000179,35,1.0000000000,11.0000000001,11.0000000001,0,JACKSON,JACKSON|KANSAS CITY
JACKSON - 000180,34,0.5200000000,7.8000000000,15.0000000000,0,JACKSON,JACKSON|KANSAS CITY
JACKSON - 000180,35,0.4800000000,7.2000000000,15.0000000000,0,JACKSON,JACKSON|KANSAS CITY
JACKSON - 000181,31,0.7643435673,12.9938406434,17.0000000001,0,JACKSON,JACKSON|KANSAS CITY
JACKSON - 000181,33,0.2356564327,4.0061593567,17.0000000001,0,JACKSON,JACKSON|KANSAS CITY
JACKSON - 000182,30,0.0739691482,3.5505191138,47.9999999994,0,JACKSON,JACKSON|KANSAS CITY
JACKSON - 000182,31,0.0583755915,2.8020283923,47.9999999994,0,JACKSON,JACKSON|KANSAS CITY
JACKSON - 000182,33,0.8676552603,41.6474524933,47.9999999994,0,JACKSON,JACKSON|KANSAS CITY
JACKSON - 000183,34,1.0000000000,16.0000000000,16.0000000000,0,JACKSON,JACKSON|KANSAS CITY
JACKSON - 000184,30,1.0000000000,22.0000000000,22.0000000000,0,JACKSON,JACKSON|KANSAS CITY
JACKSON - 000185,30,1.0000000000,15.0000000000,15.0000000000,0,JACKSON,JACKSON|KANSAS CITY
JACKSON - 000186,30,0.9876136690,30.6160237390,31.0000000001,0,JACKSON,JACKSON|KANSAS CITY
JACKSON - 000186,34,0.0123863310,0.3839762611,31.0000000001,0,JACKSON,JACKSON|KANSAS CITY
JACKSON - 000187,34,1.0000000000,16.0000000001,16.0000000001,0,JACKSON,JACKSON|KANSAS CITY
JACKSON - 000188,30,1.0000000000,9.9999999999,9.9999999999,0,JACKSON,JACKSON|KANSAS CITY
JACKSON - 000189,33,0.0000015906,0.0000588517,37.0000000000,0,JACKSON,JACKSON|KANSAS CITY
JACKSON - 000189,34,0.9999984094,36.9999411483,37.0000000000,0,JACKSON,JACKSON|KANSAS CITY
JACKSON - 000190,34,1.0000000000,11.0000000000,11.0000000000,0,JACKSON,JACKSON|KANSAS CITY
JACKSON - 000191,30,0.2865151523,10.0280303314,34.9999999999,0,JACKSON,JACKSON|KANSAS CITY
JACKSON - 000191,33,0.7134848477,24.9719696685,34.9999999999,0,JACKSON,JACKSON|KANSAS CITY
JACKSON - 000192,20,0.6625782720,29.1534439676,44.0000000000,0,JACKSON,JACKSON|KANSAS CITY
JACKSON - 000192,29,0.1132075472,4.9811320755,44.0000000000,0,JACKSON,JACKSON|KANSAS CITY
JACKSON - 000192,30,0.1087610313,4.7854853772,44.0000000000,0,JACKSON,JACKSON|KANSAS CITY
JACKSON - 000192,31,0.1154531495,5.0799385797,44.0000000000,0,JACKSON,JACKSON|KANSAS CITY
JACKSON - 000193,31,0.0115193552,0.1036741972,9.0000000000,0,JACKSON,JACKSON|KANSAS CITY
JACKSON - 000193,33,0.9884806448,8.8963258028,9.0000000000,0,JACKSON,JACKSON|KANSAS CITY
JACKSON - 000194,31,1.0000000000,15.9999999999,15.9999999999,0,JACKSON,JACKSON|KANSAS CITY
JACKSON - 000195,31,0.2222222222,4.0000000000,18.0000000000,0,JACKSON,JACKSON|KANSAS CITY
JACKSON - 000195,33,0.7777777778,14.0000000000,18.0000000000,0,JACKSON,JACKSON|KANSAS CITY
JACKSON - 000196,31,1.0000000000,20.0000000000,20.0000000000,0,JACKSON,JACKSON|KANSAS CITY
JACKSON - 000197,32,0.0020988732,0.0167909854,8.0000000000,0,JACKSON,JACKSON|KANSAS CITY
JACKSON - 000197,33,0.9979011268,7.9832090146,8.0000000000,0,JACKSON,JACKSON|KANSAS CITY
JACKSON - 000198,31,0.0967701556,6.1932899592,64.0000000000,0,JACKSON,JACKSON|KANSAS CITY
JACKSON - 000198,32,0.8733536162,55.8946314374,64.0000000000,0,JACKSON,JACKSON|KANSAS CITY
JACKSON - 000198,33,0.0298762282,1.9120786034,64.0000000000,0,JACKSON,JACKSON|KANSAS CITY
JACKSON - 000199,31,0.0048236671,0.0578840047,12.0000000000,0,JACKSON,JACKSON|KANSAS CITY
JACKSON - 000199,33,0.9951763329,11.9421159953,12.0000000000,0,JACKSON,JACKSON|KANSAS CITY
JACKSON - 000200,32,0.0057140879,0.2571339563,45.0000000002,0,JACKSON,JACKSON|KANSAS CITY
JACKSON - 000200,33,0.9942859121,44.7428660439,45.0000000002,0,JACKSON,JACKSON|KANSAS CITY
JACKSON - 000201,33,1.0000000000,28.0000000000,28.0000000000,0,JACKSON,JACKSON|KANSAS CITY
JACKSON - 000202,31,1.0000000000,27.0000000001,27.0000000001,0,JACKSON,JACKSON|KANSAS CITY
JACKSON - 000203,31,1.0000000000,8.0000000000,8.0000000000,0,JACKSON,JACKSON|KANSAS CITY
JACKSON - 000204,31,1.0000000000,15.0000000000,15.0000000000,0,JACKSON,JACKSON|KANSAS CITY
JACKSON - 000205,20,1.0000000000,2.0000000000,2.0000000000,0,JACKSON,JACKSON|KANSAS CITY
JACKSON - 000206,31,1.0000000000,9.0000000000,9.0000000000,0,JACKSON,JACKSON|KANSAS CITY
JACKSON - 000207,31,0.9984442815,37.9408826959,38.0000000001,0,JACKSON,JACKSON|KANSAS CITY
JACKSON - 000207,33,0.0015557185,0.0591173042,38.0000000001,0,JACKSON,JACKSON|KANSAS CITY
JACKSON - 000208,31,1.0000000000,25.0000000000,25.0000000000,0,JACKSON,JACKSON|KANSAS CITY
JACKSON - 000209,31,1.0000000000,71.0000000000,71.0000000000,0,JACKSON,JACKSON|KANSAS CITY
JACKSON - 000210,31,0.9998402605,9.9984026050,10.0000000000,0,JACKSON,JACKSON|KANSAS CITY
JACKSON - 000210,33,0.0001597395,0.0015973950,10.0000000000,0,JACKSON,JACKSON|KANSAS CITY
JACKSON - 000211,31,1.0000000000,22.0000000000,22.0000000000,0,JACKSON,JACKSON|KANSAS CITY
JACKSON - 000212,20,0.0160487583,1.2197056322,75.9999999996,0,JACKSON,JACKSON|KANSAS CITY
JACKSON - 000212,30,0.0067872917,0.5158341655,75.9999999996,0,JACKSON,JACKSON|KANSAS CITY
JACKSON - 000212,31,0.4456853248,33.8720846878,75.9999999996,0,JACKSON,JACKSON|KANSAS CITY
JACKSON - 000212,33,0.5314786252,40.3923755141,75.9999999996,0,JACKSON,JACKSON|KANSAS CITY
JACKSON - 000213,31,0.9997491668,14.9962375025,15.0000000000,0,JACKSON,JACKSON|KANSAS CITY
JACKSON - 000213,33,0.0002508332,0.0037624975,15.0000000000,0,JACKSON,JACKSON|KANSAS CITY
JACKSON - 000214,20,0.9210526316,35.0000000000,38.0000000000,0,JACKSON,JACKSON|KANSAS CITY
JACKSON - 000214,29,0.0526315789,2.0000000000,38.0000000000,0,JACKSON,JACKSON|KANSAS CITY
JACKSON - 000214,31,0.0263157895,1.0000000000,38.0000000000,0,JACKSON,JACKSON|KANSAS CITY
JACKSON - 000215,31,1.0000000000,4.0000000000,4.0000000000,0,JACKSON,JACKSON|KANSAS CITY
JACKSON - 000216,31,1.0000000000,2.0000000000,2.0000000000,0,JACKSON,JACKSON|KANSAS CITY
JACKSON - 000217,33,1.0000000000,13.0000000000,13.0000000000,0,JACKSON,JACKSON|KANSAS CITY
JACKSON - 000218,32,0.0016896091,0.0270337455,16.0000000000,0,JACKSON,JACKSON|KANSAS CITY
JACKSON - 000218,33,0.9983103909,15.9729662545,16.0000000000,0,JACKSON,JACKSON|KANSAS CITY
JACKSON - 000219,33,1.0000000000,19.9999999999,19.9999999999,0,JACKSON,JACKSON|KANSAS CITY
JACKSON - 000220,33,1.0000000000,15.0000000000,15.0000000000,0,JACKSON,JACKSON|KANSAS CITY
JACKSON - 000221,31,0.9553567893,21.9732061539,23.0000000000,0,JACKSON,JACKSON|KANSAS CITY
JACKSON - 000221,33,0.0446432107,1.0267938461,23.0000000000,0,JACKSON,JACKSON|KANSAS CITY
JACKSON - 000222,33,1.0000000000,4.0000000000,4.0000000000,0,JACKSON,JACKSON|KANSAS CITY
JACKSON - 000223,33,1.0000000000,11.0000000000,11.0000000000,0,JACKSON,JACKSON|KANSAS CITY
JACKSON - 000224,32,0.9355162802,130.0367629526,139.0000000001,0,JACKSON,JACKSON|KANSAS CITY
JACKSON - 000224,33,0.0644837198,8.9632370474,139.0000000001,0,JACKSON,JACKSON|KANSAS CITY
JACKSON - 000226,32,1.0000000000,5.0000000001,5.0000000001,0,JACKSON,JACKSON|KANSAS CITY
JACKSON - 000228,32,1.0000000000,51.0000000007,51.0000000007,0,JACKSON,JACKSON|KANSAS CITY
JACKSON - 000229,31,1.0000000000,4.0000000000,4.0000000000,0,JACKSON,JACKSON|KANSAS CITY
JACKSON - 000230,32,1.0000000000,67.9999999999,67.9999999999,0,JACKSON,JACKSON|KANSAS CITY
JACKSON - 000231,32,1.0000000000,22.0000000000,22.0000000000,0,JACKSON,JACKSON|KANSAS CITY
JACKSON - 000232,32,1.0000000000,14.0000000000,14.0000000000,0,JACKSON,JACKSON|KANSAS CITY
JACKSON - 000233,32,1.0000000000,24.0000000000,24.0000000000,0,JACKSON,JACKSON|KANSAS CITY
JACKSON - 000234,20,0.0278754298,0.1672525786,6.0000000000,0,JACKSON,JACKSON|KANSAS CITY
JACKSON - 000234,32,0.9721245702,5.8327474214,6.0000000000,0,JACKSON,JACKSON|KANSAS CITY
JACKSON - 000235,32,1.0000000000,9.9999999997,9.9999999997,0,JACKSON,JACKSON|KANSAS CITY
JACKSON - 000236,31,1.0000000000,25.0000000001,25.0000000001,0,JACKSON,JACKSON|KANSAS CITY
JACKSON - 000237,31,0.8089339924,63.9057854007,79.0000000003,0,JACKSON,JACKSON|KANSAS CITY
JACKSON - 000237,32,0.1910660076,15.0942145996,79.0000000003,0,JACKSON,JACKSON|KANSAS CITY
JACKSON - 000238,32,0.4765095438,16.6778340320,35.0000000004,0,JACKSON,JACKSON|KANSAS CITY
JACKSON - 000238,33,0.5234904562,18.3221659684,35.0000000004,0,JACKSON,JACKSON|KANSAS CITY
JACKSON - 000240,31,1.0000000000,13.0000000000,13.0000000000,0,JACKSON,JACKSON|KANSAS CITY
JACKSON - 000241,32,0.9323915566,42.8900116054,46.0000000000,0,JACKSON,JACKSON|KANSAS CITY
JACKSON - 000241,33,0.0676084434,3.1099883946,46.0000000000,0,JACKSON,JACKSON|KANSAS CITY
JACKSON - 000242,31,1.0000000000,16.0000000000,16.0000000000,0,JACKSON,JACKSON|KANSAS CITY
JACKSON - 000243,32,0.3802352941,6.4639999999,16.9999999999,0,JACKSON,JACKSON|KANSAS CITY
JACKSON - 000243,33,0.6197647059,10.5360000000,16.9999999999,0,JACKSON,JACKSON|KANSAS CITY
JACKSON - 000244,32,0.9118699886,28.2679696473,31.0000000000,0,JACKSON,JACKSON|KANSAS CITY
JACKSON - 000244,33,0.0881300114,2.7320303527,31.0000000000,0,JACKSON,JACKSON|KANSAS CITY
JACKSON - 000245,33,0.9997194268,18.9946691085,18.9999999998,0,JACKSON,JACKSON|KANSAS CITY
JACKSON - 000245,55,0.0002805732,0.0053308913,18.9999999998,0,JACKSON,JACKSON|KANSAS CITY
JACKSON - 000246,32,0.4166666667,10.0000000000,24.0000000000,0,JACKSON,JACKSON|KANSAS CITY
JACKSON - 000246,33,0.5833333333,14.0000000000,24.0000000000,0,JACKSON,JACKSON|KANSAS CITY
JACKSON - 000247,33,1.0000000000,30.0000000000,30.0000000000,0,JACKSON,JACKSON|KANSAS CITY
JACKSON - 000248,33,0.9666477279,64.7653977702,67.0000000003,0,JACKSON,JACKSON|KANSAS CITY
JACKSON - 000248,55,0.0333522721,2.2346022301,67.0000000003,0,JACKSON,JACKSON|KANSAS CITY
JACKSON - 000249,33,1.0000000000,13.0000000002,13.0000000002,0,JACKSON,JACKSON|KANSAS CITY
JACKSON - 000250,33,1.0000000000,20.0000000001,20.0000000001,0,JACKSON,JACKSON|KANSAS CITY
JACKSON - 000251,33,1.0000000000,7.0000000000,7.0000000000,0,JACKSON,JACKSON|KANSAS CITY
JACKSON - 000252,33,1.0000000000,6.0000000000,6.0000000000,0,JACKSON,JACKSON|KANSAS CITY
JACKSON - 000253,33,1.0000000000,19.0000000001,19.0000000001,0,JACKSON,JACKSON|KANSAS CITY
JACKSON - 000254,36,0.9411466578,15.9994931820,17.0000000002,0,JACKSON,JACKSON|KANSAS CITY
JACKSON - 000254,37,0.0588533422,1.0005068182,17.0000000002,0,JACKSON,JACKSON|KANSAS CITY
JACKSON - 000255,36,1.0000000000,44.0000000000,44.0000000000,0,JACKSON,JACKSON|KANSAS CITY
JACKSON - 000256,36,1.0000000000,29.0000000000,29.0000000000,0,JACKSON,JACKSON|KANSAS CITY
JACKSON - 000257,36,1.0000000000,13.0000000000,13.0000000000,0,JACKSON,JACKSON|KANSAS CITY
JACKSON - 000258,36,1.0000000000,13.9999999999,13.9999999999,0,JACKSON,JACKSON|KANSAS CITY
JACKSON - 000259,36,1.0000000000,18.9999999999,18.9999999999,0,JACKSON,JACKSON|KANSAS CITY
JACKSON - 000260,36,1.0000000000,19.0000000000,19.0000000000,0,JACKSON,JACKSON|KANSAS CITY
JACKSON - 000261,36,1.0000000000,32.0000000002,32.0000000002,0,JACKSON,JACKSON|KANSAS CITY
JACKSON - 000262,36,1.0000000000,41.0000000001,41.0000000001,0,JACKSON,JACKSON|KANSAS CITY
JACKSON - 000263,35,0.0041638415,0.0749491472,17.9999999998,0,JACKSON,JACKSON|KANSAS CITY
JACKSON - 000263,36,0.9957504652,17.9235083734,17.9999999998,0,JACKSON,JACKSON|KANSAS CITY
JACKSON - 000263,37,0.0000856933,0.0015424792,17.9999999998,0,JACKSON,JACKSON|KANSAS CITY
JACKSON - 000264,36,1.0000000000,9.0000000000,9.0000000000,0,JACKSON,JACKSON|KANSAS CITY
JACKSON - 000265,36,1.0000000000,27.0000000000,27.0000000000,0,JACKSON,JACKSON|KANSAS CITY
JACKSON - 000266,36,1.0000000000,20.0000000000,20.0000000000,0,JACKSON,JACKSON|KANSAS CITY
JACKSON - 000267,36,1.0000000000,25.0000000000,25.0000000000,0,JACKSON,JACKSON|KANSAS CITY
JACKSON - 000268,36,1.0000000000,25.0000000000,25.0000000000,0,JACKSON,JACKSON|KANSAS CITY
JACKSON - 000269,36,1.0000000000,25.0000000000,25.0000000000,0,JACKSON,JACKSON|KANSAS CITY
JACKSON - 000270,36,1.0000000000,48.0000000001,48.0000000001,0,JACKSON,JACKSON|KANSAS CITY
JACKSON - 000271,19,0.8198152962,121.3326638353,147.9999999997,1,KANSAS CITY,KANSAS CITY|JACKSON
JACKSON - 000271,24,0.1801847038,26.6673361644,147.9999999997,1,KANSAS CITY,KANSAS CITY|JACKSON
JACKSON - 000273,19,0.9169229822,35.7599963059,39.0000000004,1,KANSAS CITY,KANSAS CITY|JACKSON
JACKSON - 000273,24,0.0830770178,3.2400036945,39.0000000004,1,KANSAS CITY,KANSAS CITY|JACKSON
JACKSON - 000274,19,0.0000673061,0.0048460374,72.0000000000,1,KANSAS CITY,KANSAS CITY|JACKSON
JACKSON - 000274,23,0.4899764242,35.2783025392,72.0000000000,1,KANSAS CITY,KANSAS CITY|JACKSON
JACKSON - 000274,24,0.5099562698,36.7168514234,72.0000000000,1,KANSAS CITY,KANSAS CITY|JACKSON
JACKSON - 000275,23,0.4716558857,51.4104915460,108.9999999997,1,KANSAS CITY,KANSAS CITY|JACKSON
JACKSON - 000275,24,0.5283441143,57.5895084537,108.9999999997,1,KANSAS CITY,KANSAS CITY|JACKSON
JACKSON - 000276,19,0.8561739078,57.3636518201,67.0000000000,1,KANSAS CITY,KANSAS CITY|JACKSON
JACKSON - 000276,24,0.1438260922,9.6363481799,67.0000000000,1,KANSAS CITY,KANSAS CITY|JACKSON
JACKSON - 000277,19,0.0072163141,1.8978906206,262.9999999999,1,KANSAS CITY,KANSAS CITY|JACKSON
JACKSON - 000277,23,0.0359108593,9.4445559899,262.9999999999,1,KANSAS CITY,KANSAS CITY|JACKSON
JACKSON - 000277,24,0.9568728266,251.6575533894,262.9999999999,1,KANSAS CITY,KANSAS CITY|JACKSON
JACKSON - 000279,19,1.0000000000,62.9999999995,62.9999999995,1,KANSAS CITY,KANSAS CITY|JACKSON
JACKSON - 000280,24,1.0000000000,32.0000000000,32.0000000000,1,KANSAS CITY,KANSAS CITY|JACKSON
JACKSON - 000281,25,0.9629629630,52.0000000000,54.0000000000,1,KANSAS CITY,KANSAS CITY|JACKSON
JACKSON - 000281,26,0.0370370370,2.0000000000,54.0000000000,1,KANSAS CITY,KANSAS CITY|JACKSON
JACKSON - 000282,26,0.4547187712,25.0095324177,55.0000000000,1,KANSAS CITY,KANSAS CITY|JACKSON
JACKSON - 000282,37,0.5452812288,29.9904675823,55.0000000000,1,KANSAS CITY,KANSAS CITY|JACKSON
JACKSON - 000285,26,1.0000000000,31.0000000000,31.0000000000,1,KANSAS CITY,KANSAS CITY|JACKSON
JACKSON - 000286,26,1.0000000000,13.0000000000,13.0000000000,1,KANSAS CITY,KANSAS CITY|JACKSON
JACKSON - 000287,25,0.9969408614,30.9051667030,30.9999999999,1,KANSAS CITY,KANSAS CITY|JACKSON
JACKSON - 000287,37,0.0030591386,0.0948332969,30.9999999999,1,KANSAS CITY,KANSAS CITY|JACKSON
JACKSON - 000289,37,1.0000000000,9.0000000000,9.0000000000,1,KANSAS CITY,KANSAS CITY|JACKSON
JACKSON - 000290,26,0.1764705882,3.0000000000,17.0000000001,1,KANSAS CITY,KANSAS CITY|JACKSON
JACKSON - 000290,37,0.8235294118,14.0000000001,17.0000000001,1,KANSAS CITY,KANSAS CITY|JACKSON
JACKSON - 000292,19,0.9808082125,56.8868763253,58.0000000000,1,KANSAS CITY,KANSAS CITY|JACKSON
JACKSON - 000292,23,0.0191917875,1.1131236747,58.0000000000,1,KANSAS CITY,KANSAS CITY|JACKSON
JACKSON - 000293,19,1.0000000000,90.9999999998,90.9999999998,1,KANSAS CITY,KANSAS CITY|JACKSON
JACKSON - 000294,19,0.3220338983,19.0000000000,59.0000000000,1,KANSAS CITY,KANSAS CITY|JACKSON
JACKSON - 000294,23,0.6779661017,40.0000000000,59.0000000000,1,KANSAS CITY,KANSAS CITY|JACKSON
JACKSON - 000297,19,1.0000000000,53.0000000000,53.0000000000,1,KANSAS CITY,KANSAS CITY|JACKSON
JACKSON - 000298,19,1.0000000000,33.0000000000,33.0000000000,1,KANSAS CITY,KANSAS CITY|JACKSON
JACKSON - 000299,19,0.3043478261,7.0000000000,23.0000000000,1,KANSAS CITY,KANSAS CITY|JACKSON
JACKSON - 000299,23,0.6956521739,16.0000000000,23.0000000000,1,KANSAS CITY,KANSAS CITY|JACKSON
JACKSON - 000300,23,1.0000000000,12.0000000000,12.0000000000,1,KANSAS CITY,KANSAS CITY|JACKSON
JACKSON - 000301,19,1.0000000000,27.0000000000,27.0000000000,1,KANSAS CITY,KANSAS CITY|JACKSON
JACKSON - 000302,19,0.9784828158,45.9886923444,47.0000000001,1,KANSAS CITY,KANSAS CITY|JACKSON
JACKSON - 000302,21,0.0215171842,1.0113076557,47.0000000001,1,KANSAS CITY,KANSAS CITY|JACKSON
JACKSON - 000304,19,1.0000000000,15.0000000000,15.0000000000,1,KANSAS CITY,KANSAS CITY|JACKSON
JACKSON - 000305,19,1.0000000000,22.0000000000,22.0000000000,1,KANSAS CITY,KANSAS CITY|JACKSON
JACKSON - 000306,19,1.0000000000,48.0000000000,48.0000000000,1,KANSAS CITY,KANSAS CITY|JACKSON
JACKSON - 000308,19,1.0000000000,25.0000000000,25.0000000000,1,KANSAS CITY,KANSAS CITY|JACKSON
JACKSON - 000309,19,1.0000000000,20.0000000000,20.0000000000,1,KANSAS CITY,KANSAS CITY|JACKSON
JACKSON - 000310,19,1.0000000000,171.0000000001,171.0000000001,1,KANSAS CITY,KANSAS CITY|JACKSON
JACKSON - 000311,19,0.9736842105,37.0000000000,38.0000000001,1,KANSAS CITY,KANSAS CITY|JACKSON
JACKSON - 000311,23,0.0263157895,1.0000000001,38.0000000001,1,KANSAS CITY,KANSAS CITY|JACKSON
JACKSON - 000312,19,0.9245283019,49.0000000000,53.0000000000,1,KANSAS CITY,KANSAS CITY|JACKSON
JACKSON - 000312,23,0.0754716981,4.0000000000,53.0000000000,1,KANSAS CITY,KANSAS CITY|JACKSON
JACKSON - 000313,19,0.8660447534,36.3738796413,41.9999999999,1,KANSAS CITY,KANSAS CITY|JACKSON
JACKSON - 000313,23,0.1339552466,5.6261203586,41.9999999999,1,KANSAS CITY,KANSAS CITY|JACKSON
JACKSON - 000314,19,0.1041666667,5.0000000000,48.0000000000,1,KANSAS CITY,KANSAS CITY|JACKSON
JACKSON - 000314,23,0.8958333333,43.0000000000,48.0000000000,1,KANSAS CITY,KANSAS CITY|JACKSON
JACKSON - 000315,23,1.0000000000,59.0000000000,59.0000000000,1,KANSAS CITY,KANSAS CITY|JACKSON
JACKSON - 000316,19,0.1702127660,7.9999999999,46.9999999999,1,KANSAS CITY,KANSAS CITY|JACKSON
JACKSON - 000316,23,0.8297872340,39.0000000000,46.9999999999,1,KANSAS CITY,KANSAS CITY|JACKSON
JACKSON - 000317,23,1.0000000000,69.0000000000,69.0000000000,1,KANSAS CITY,KANSAS CITY|JACKSON
JACKSON - 000319,23,1.0000000000,24.0000000000,24.0000000000,1,KANSAS CITY,KANSAS CITY|JACKSON
JACKSON - 000320,23,1.0000000000,33.0000000000,33.0000000000,1,KANSAS CITY,KANSAS CITY|JACKSON
JACKSON - 000322,23,1.0000000000,21.0000000000,21.0000000000,1,KANSAS CITY,KANSAS CITY|JACKSON
JACKSON - 000323,23,1.0000000000,44.0000000000,44.0000000000,1,KANSAS CITY,KANSAS CITY|JACKSON
JACKSON - 000324,23,1.0000000000,47.0000000000,47.0000000000,1,KANSAS CITY,KANSAS CITY|JACKSON
JACKSON - 000326,23,1.0000000000,33.0000000000,33.0000000000,1,KANSAS CITY,KANSAS CITY|JACKSON
JACKSON - 000328,23,1.0000000000,47.0000000000,47.0000000000,1,KANSAS CITY,KANSAS CITY|JACKSON
JACKSON - 000330,22,0.4571428571,16.0000000000,35.0000000000,1,KANSAS CITY,KANSAS CITY|JACKSON
JACKSON - 000330,23,0.5428571429,19.0000000000,35.0000000000,1,KANSAS CITY,KANSAS CITY|JACKSON
JACKSON - 000331,22,1.0000000000,16.0000000000,16.0000000000,1,KANSAS CITY,KANSAS CITY|JACKSON
JACKSON - 000332,22,1.0000000000,20.0000000000,20.0000000000,1,KANSAS CITY,KANSAS CITY|JACKSON
JACKSON - 000334,22,1.0000000000,14.0000000000,14.0000000000,1,KANSAS CITY,KANSAS CITY|JACKSON
JACKSON - 000335,22,0.9248422061,24.0458973574,26.0000000000,1,KANSAS CITY,KANSAS CITY|JACKSON
JACKSON - 000335,27,0.0751577939,1.9541026426,26.0000000000,1,KANSAS CITY,KANSAS CITY|JACKSON
JACKSON - 000337,22,1.0000000000,22.0000000000,22.0000000000,1,KANSAS CITY,KANSAS CITY|JACKSON
JACKSON - 000338,22,1.0000000000,14.0000000000,14.0000000000,1,KANSAS CITY,KANSAS CITY|JACKSON
JACKSON - 000340,22,0.6511627907,28.0000000000,43.0000000000,1,KANSAS CITY,KANSAS CITY|JACKSON
JACKSON - 000340,23,0.3488372093,15.0000000000,43.0000000000,1,KANSAS CITY,KANSAS CITY|JACKSON
JACKSON - 000344,19,0.2058387289,16.8787757672,82.0000000001,1,KANSAS CITY,KANSAS CITY|JACKSON
JACKSON - 000344,22,0.5517492137,45.2434355237,82.0000000001,1,KANSAS CITY,KANSAS CITY|JACKSON
JACKSON - 000344,23,0.2424120574,19.8777887092,82.0000000001,1,KANSAS CITY,KANSAS CITY|JACKSON
JACKSON - 000345,27,1.0000000000,20.0000000000,20.0000000000,1,KANSAS CITY,KANSAS CITY|JACKSON
JACKSON - 000346,22,0.9200000000,23.0000000000,25.0000000000,1,KANSAS CITY,KANSAS CITY|JACKSON
JACKSON - 000346,27,0.0800000000,2.0000000000,25.0000000000,1,KANSAS CITY,KANSAS CITY|JACKSON
JACKSON - 000347,22,0.0833632325,4.0014351607,48.0000000000,1,KANSAS CITY,KANSAS CITY|JACKSON
JACKSON - 000347,27,0.9166367675,43.9985648393,48.0000000000,1,KANSAS CITY,KANSAS CITY|JACKSON
JACKSON - 000349,27,1.0000000000,34.0000000000,34.0000000000,1,KANSAS CITY,KANSAS CITY|JACKSON
JACKSON - 000352,22,0.0664695675,2.1934957282,32.9999999999,1,KANSAS CITY,KANSAS CITY|JACKSON
JACKSON - 000352,27,0.9335304325,30.8065042717,32.9999999999,1,KANSAS CITY,KANSAS CITY|JACKSON
JACKSON - 000357,27,1.0000000000,28.0000000000,28.0000000000,1,KANSAS CITY,KANSAS CITY|JACKSON
JACKSON - 000358,27,1.0000000000,15.0000000000,15.0000000000,1,KANSAS CITY,KANSAS CITY|JACKSON
JACKSON - 000361,27,1.0000000000,25.0000000000,25.0000000000,1,KANSAS CITY,KANSAS CITY|JACKSON
JACKSON - 000362,27,1.0000000000,27.0000000000,27.0000000000,1,KANSAS CITY,KANSAS CITY|JACKSON
JACKSON - 000365,27,1.0000000000,18.0000000000,18.0000000000,1,KANSAS CITY,KANSAS CITY|JACKSON
JACKSON - 000367,27,1.0000000000,31.0000000002,31.0000000002,1,KANSAS CITY,KANSAS CITY|JACKSON
JACKSON - 000369,27,1.0000000000,34.0000000000,34.0000000000,1,KANSAS CITY,KANSAS CITY|JACKSON
JACKSON - 000372,27,1.0000000000,23.0000000000,23.0000000000,1,KANSAS CITY,KANSAS CITY|JACKSON
JACKSON - 000373,27,1.0000000000,26.0000000000,26.0000000000,1,KANSAS CITY,KANSAS CITY|JACKSON
JACKSON - 000374,27,1.0000000000,95.0000000000,95.0000000000,1,KANSAS CITY,KANSAS CITY|JACKSON
JACKSON - 000375,27,1.0000000000,37.0000000000,37.0000000000,1,KANSAS CITY,KANSAS CITY|JACKSON
JACKSON - 000377,26,1.0000000000,20.0000000000,20.0000000000,1,KANSAS CITY,KANSAS CITY|JACKSON
JACKSON - 000378,26,1.0000000000,1.0000000000,1.0000000000,1,KANSAS CITY,KANSAS CITY|JACKSON
JACKSON - 000379,26,1.0000000000,19.0000000000,19.0000000000,1,KANSAS CITY,KANSAS CITY|JACKSON
JACKSON - 000380,26,0.9629629630,26.0000000000,27.0000000000,1,KANSAS CITY,KANSAS CITY|JACKSON
JACKSON - 000380,27,0.0370370370,1.0000000000,27.0000000000,1,KANSAS CITY,KANSAS CITY|JACKSON
JACKSON - 000381,27,1.0000000000,32.0000000000,32.0000000000,1,KANSAS CITY,KANSAS CITY|JACKSON
JACKSON - 000382,26,0.0006737212,0.0208853575,31.0000000000,1,KANSAS CITY,KANSAS CITY|JACKSON
JACKSON - 000382,27,0.9993262788,30.9791146425,31.0000000000,1,KANSAS CITY,KANSAS CITY|JACKSON
JACKSON - 000383,27,1.0000000000,28.0000000000,28.0000000000,1,KANSAS CITY,KANSAS CITY|JACKSON
JACKSON - 000384,26,1.0000000000,43.0000000000,43.0000000000,1,KANSAS CITY,KANSAS CITY|JACKSON
JACKSON - 000386,26,1.0000000000,25.0000000000,25.0000000000,1,KANSAS CITY,KANSAS CITY|JACKSON
JACKSON - 000387,26,1.0000000000,36.0000000000,36.0000000000,1,KANSAS CITY,KANSAS CITY|JACKSON
JACKSON - 000388,27,1.0000000000,26.9999999997,26.9999999997,1,KANSAS CITY,KANSAS CITY|JACKSON
JACKSON - 000389,25,0.7718646102,26.2433967465,34.0000000000,1,KANSAS CITY,KANSAS CITY|JACKSON
JACKSON - 000389,26,0.2281353898,7.7566032535,34.0000000000,1,KANSAS CITY,KANSAS CITY|JACKSON
JACKSON - 000390,26,1.0000000000,56.0000000000,56.0000000000,1,KANSAS CITY,KANSAS CITY|JACKSON
JACKSON - 000391,26,0.9523809524,20.0000000000,21.0000000000,1,KANSAS CITY,KANSAS CITY|JACKSON
JACKSON - 000391,37,0.0476190476,1.0000000000,21.0000000000,1,KANSAS CITY,KANSAS CITY|JACKSON
JACKSON - 000392,26,0.8750000000,7.0000000000,8.0000000000,1,KANSAS CITY,KANSAS CITY|JACKSON
JACKSON - 000392,37,0.1250000000,1.0000000000,8.0000000000,1,KANSAS CITY,KANSAS CITY|JACKSON
JACKSON - 000393,37,1.0000000000,23.0000000001,23.0000000001,1,KANSAS CITY,KANSAS CITY|JACKSON
JACKSON - 000395,26,1.0000000000,8.0000000000,8.0000000000,1,KANSAS CITY,KANSAS CITY|JACKSON
JACKSON - 000396,26,0.9881954389,6.9173680720,7.0000000000,1,KANSAS CITY,KANSAS CITY|JACKSON
JACKSON - 000396,27,0.0118045611,0.0826319280,7.0000000000,1,KANSAS CITY,KANSAS CITY|JACKSON
JACKSON - 000399,26,1.0000000000,65.0000000001,65.0000000001,1,KANSAS CITY,KANSAS CITY|JACKSON
JACKSON - 000400,26,1.0000000000,25.0000000000,25.0000000000,1,KANSAS CITY,KANSAS CITY|JACKSON
JACKSON - 000401,26,1.0000000000,28.9999999999,28.9999999999,1,KANSAS CITY,KANSAS CITY|JACKSON
JACKSON - 000402,19,0.0278182037,1.5021830005,54.0000000000,1,KANSAS CITY,KANSAS CITY|JACKSON
JACKSON - 000402,23,0.9721817963,52.4978169995,54.0000000000,1,KANSAS CITY,KANSAS CITY|JACKSON
JACKSON - 000403,23,1.0000000000,30.0000000000,30.0000000000,1,KANSAS CITY,KANSAS CITY|JACKSON
JACKSON - 000404,19,0.0144927536,1.0000000000,69.0000000000,1,KANSAS CITY,KANSAS CITY|JACKSON
JACKSON - 000404,23,0.9855072464,68.0000000000,69.0000000000,1,KANSAS CITY,KANSAS CITY|JACKSON
JACKSON - 000405,19,0.4375000000,14.0000000000,32.0000000000,1,KANSAS CITY,KANSAS CITY|JACKSON
JACKSON - 000405,23,0.5625000000,18.0000000000,32.0000000000,1,KANSAS CITY,KANSAS CITY|JACKSON
JACKSON - 000408,23,1.0000000000,48.0000000001,48.0000000001,1,KANSAS CITY,KANSAS CITY|JACKSON
JACKSON - 000410,23,1.0000000000,48.0000000001,48.0000000001,1,KANSAS CITY,KANSAS CITY|JACKSON
JACKSON - 000411,23,0.9962080129,92.6473452000,92.9999999999,1,KANSAS CITY,KANSAS CITY|JACKSON
JACKSON - 000411,24,0.0037919871,0.3526547999,92.9999999999,1,KANSAS CITY,KANSAS CITY|JACKSON
JACKSON - 000412,22,0.0408163265,2.0000000000,48.9999999999,1,KANSAS CITY,KANSAS CITY|JACKSON
JACKSON - 000412,23,0.8367346939,40.9999999999,48.9999999999,1,KANSAS CITY,KANSAS CITY|JACKSON
JACKSON - 000412,24,0.1224489796,6.0000000000,48.9999999999,1,KANSAS CITY,KANSAS CITY|JACKSON
JACKSON - 000414,23,1.0000000000,42.9999999998,42.9999999998,1,KANSAS CITY,KANSAS CITY|JACKSON
JACKSON - 000417,37,1.0000000000,27.0000000000,27.0000000000,1,KANSAS CITY,KANSAS CITY|JACKSON
JACKSON - 000418,37,1.0000000000,27.9999999999,27.9999999999,1,KANSAS CITY,KANSAS CITY|JACKSON
JACKSON - 000419,37,1.0000000000,55.0000000000,55.0000000000,1,KANSAS CITY,KANSAS CITY|JACKSON
JACKSON - 000422,37,1.0000000000,16.9999999999,16.9999999999,1,KANSAS CITY,KANSAS CITY|JACKSON
JACKSON - 000423,36,1.0000000000,25.0000000000,25.0000000000,1,KANSAS CITY,KANSAS CITY|JACKSON
JACKSON - 000424,36,0.0507573288,0.8121172604,16.0000000000,1,KANSAS CITY,KANSAS CITY|JACKSON
JACKSON - 000424,37,0.9492426712,15.1878827396,16.0000000000,1,KANSAS CITY,KANSAS CITY|JACKSON
JACKSON - 000425,36,0.0584314128,2.5709821632,43.9999999999,1,KANSAS CITY,KANSAS CITY|JACKSON
JACKSON - 000425,37,0.9415685872,41.4290178367,43.9999999999,1,KANSAS CITY,KANSAS CITY|JACKSON
JACKSON - 000426,37,1.0000000000,37.9999999999,37.9999999999,1,KANSAS CITY,KANSAS CITY|JACKSON
JACKSON - 000427,36,1.0000000000,17.0000000000,17.0000000000,1,KANSAS CITY,KANSAS CITY|JACKSON
JACKSON - 000429,36,0.9984898472,66.8988197633,67.0000000002,1,KANSAS CITY,KANSAS CITY|JACKSON
JACKSON - 000429,37,0.0015101528,0.1011802369,67.0000000002,1,KANSAS CITY,KANSAS CITY|JACKSON
JACKSON - 000431,36,0.0625000000,2.0000000000,31.9999999999,1,KANSAS CITY,KANSAS CITY|JACKSON
JACKSON - 000431,37,0.9375000000,29.9999999999,31.9999999999,1,KANSAS CITY,KANSAS CITY|JACKSON
JACKSON - 000432,37,1.0000000000,12.0000000000,12.0000000000,1,KANSAS CITY,KANSAS CITY|JACKSON
JACKSON - 000434,36,0.9230946350,39.6930693069,43.0000000000,1,KANSAS CITY,KANSAS CITY|JACKSON
JACKSON - 000434,37,0.0769053650,3.3069306931,43.0000000000,1,KANSAS CITY,KANSAS CITY|JACKSON
JACKSON - 000435,36,1.0000000000,26.0000000000,26.0000000000,1,KANSAS CITY,KANSAS CITY|JACKSON
JACKSON - 000436,36,0.9677419355,30.0000000000,31.0000000000,1,KANSAS CITY,KANSAS CITY|JACKSON
JACKSON - 000436,37,0.0322580645,1.0000000000,31.0000000000,1,KANSAS CITY,KANSAS CITY|JACKSON
JACKSON - 000438,19,1.0000000000,38.9999999999,38.9999999999,1,KANSAS CITY,KANSAS CITY|JACKSON
JACKSON - 000440,22,0.2652089314,11.6691929825,44.0000000000,1,KANSAS CITY,KANSAS CITY|JACKSON
JACKSON - 000440,27,0.5302456140,23.3308070175,44.0000000000,1,KANSAS CITY,KANSAS CITY|JACKSON
JACKSON - 000440,28,0.2045454545,9.0000000000,44.0000000000,1,KANSAS CITY,KANSAS CITY|JACKSON
JACKSON - 000442,27,0.7842714677,14.9011578862,19.0000000000,1,KANSAS CITY,KANSAS CITY|JACKSON
JACKSON - 000442,28,0.2157285323,4.0988421138,19.0000000000,1,KANSAS CITY,KANSAS CITY|JACKSON
JACKSON - 000443,27,1.0000000000,11.0000000000,11.0000000000,1,KANSAS CITY,KANSAS CITY|JACKSON
JACKSON - 000445,19,0.0020632338,0.0722131814,35.0000000000,1,KANSAS CITY,KANSAS CITY|JACKSON
JACKSON - 000445,22,0.9407939091,32.9277868186,35.0000000000,1,KANSAS CITY,KANSAS CITY|JACKSON
JACKSON - 000445,28,0.0571428571,2.0000000000,35.0000000000,1,KANSAS CITY,KANSAS CITY|JACKSON
JACKSON - 000446,28,1.0000000000,1.0000000000,1.0000000000,1,KANSAS CITY,KANSAS CITY|JACKSON
JACKSON - 000447,28,1.0000000000,33.0000000000,33.0000000000,1,KANSAS CITY,KANSAS CITY|JACKSON
JACKSON - 000448,28,0.9857744670,20.7012638077,20.9999999999,1,KANSAS CITY,KANSAS CITY|JACKSON
JACKSON - 000448,29,0.0142255330,0.2987361922,20.9999999999,1,KANSAS CITY,KANSAS CITY|JACKSON
JACKSON - 000449,22,0.0487804878,2.0000000000,41.0000000000,1,KANSAS CITY,KANSAS CITY|JACKSON
JACKSON - 000449,28,0.9512195122,39.0000000000,41.0000000000,1,KANSAS CITY,KANSAS CITY|JACKSON
JACKSON - 000450,22,0.8750000000,42.0000000000,48.0000000000,1,KANSAS CITY,KANSAS CITY|JACKSON
JACKSON - 000450,28,0.1250000000,6.0000000000,48.0000000000,1,KANSAS CITY,KANSAS CITY|JACKSON
JACKSON - 000452,28,0.0666666667,2.0000000000,30.0000000000,1,KANSAS CITY,KANSAS CITY|JACKSON
JACKSON - 000452,35,0.9333333333,28.0000000000,30.0000000000,1,KANSAS CITY,KANSAS CITY|JACKSON
JACKSON - 000453,35,1.0000000000,25.0000000000,25.0000000000,1,KANSAS CITY,KANSAS CITY|JACKSON
JACKSON - 000454,35,1.0000000000,8.0000000000,8.0000000000,1,KANSAS CITY,KANSAS CITY|JACKSON
JACKSON - 000455,35,1.0000000000,14.0000000000,14.0000000000,1,KANSAS CITY,KANSAS CITY|JACKSON
JACKSON - 000456,35,1.0000000000,7.0000000000,7.0000000000,1,KANSAS CITY,KANSAS CITY|JACKSON
JACKSON - 000457,35,1.0000000000,14.0000000000,14.0000000000,1,KANSAS CITY,KANSAS CITY|JACKSON
JACKSON - 000458,35,1.0000000000,11.0000000000,11.0000000000,1,KANSAS CITY,KANSAS CITY|JACKSON
JACKSON - 000459,35,1.0000000000,17.0000000000,17.0000000000,1,KANSAS CITY,KANSAS CITY|JACKSON
JACKSON - 000460,35,1.0000000000,8.0000000000,8.0000000000,1,KANSAS CITY,KANSAS CITY|JACKSON
JACKSON - 000461,35,1.0000000000,13.0000000000,13.0000000000,1,KANSAS CITY,KANSAS CITY|JACKSON
JACKSON - 000462,35,1.0000000000,6.0000000000,6.0000000000,1,KANSAS CITY,KANSAS CITY|JACKSON
JACKSON - 000463,26,0.5714285714,8.0000000000,14.0000000000,1,KANSAS CITY,KANSAS CITY|JACKSON
JACKSON - 000463,35,0.4285714286,6.0000000000,14.0000000000,1,KANSAS CITY,KANSAS CITY|JACKSON
JACKSON - 000464,26,1.0000000000,28.0000000000,28.0000000000,1,KANSAS CITY,KANSAS CITY|JACKSON
JACKSON - 000467,29,0.0141659822,1.1899425062,84.0000000001,1,KANSAS CITY,KANSAS CITY|JACKSON
JACKSON - 000467,35,0.9858340178,82.8100574939,84.0000000001,1,KANSAS CITY,KANSAS CITY|JACKSON
JACKSON - 000470,30,0.0922704234,1.0149746572,11.0000000000,1,KANSAS CITY,KANSAS CITY|JACKSON
JACKSON - 000470,35,0.9077295766,9.9850253428,11.0000000000,1,KANSAS CITY,KANSAS CITY|JACKSON
JACKSON - 000471,30,0.0758547243,2.1239322812,28.0000000000,1,KANSAS CITY,KANSAS CITY|JACKSON
JACKSON - 000471,35,0.9241452757,25.8760677188,28.0000000000,1,KANSAS CITY,KANSAS CITY|JACKSON
JACKSON - 000472,35,1.0000000000,8.0000000000,8.0000000000,1,KANSAS CITY,KANSAS CITY|JACKSON
JACKSON - 000473,37,1.0000000000,25.0000000000,25.0000000000,1,KANSAS CITY,KANSAS CITY|JACKSON
JACKSON - 000474,35,0.0992815663,2.9784469887,30.0000000000,1,KANSAS CITY,KANSAS CITY|JACKSON
JACKSON - 000474,37,0.9007184337,27.0215530113,30.0000000000,1,KANSAS CITY,KANSAS CITY|JACKSON
JACKSON - 000475,35,0.1728625061,6.2230502208,36.0000000000,1,KANSAS CITY,KANSAS CITY|JACKSON
JACKSON - 000475,36,0.8271374939,29.7769497792,36.0000000000,1,KANSAS CITY,KANSAS CITY|JACKSON
JACKSON - 000476,36,1.0000000000,3.0000000000,3.0000000000,1,KANSAS CITY,KANSAS CITY|JACKSON
JACKSON - 000477,26,0.0034320815,0.0137283262,4.0000000000,1,KANSAS CITY,KANSAS CITY|JACKSON
JACKSON - 000477,35,0.1105533818,0.4422135272,4.0000000000,1,KANSAS CITY,KANSAS CITY|JACKSON
JACKSON - 000477,37,0.8860145366,3.5440581466,4.0000000000,1,KANSAS CITY,KANSAS CITY|JACKSON
JACKSON - 000478,35,0.4903308448,28.9295198448,59.0000000001,1,KANSAS CITY,KANSAS CITY|JACKSON
JACKSON - 000478,37,0.5096691552,30.0704801553,59.0000000001,1,KANSAS CITY,KANSAS CITY|JACKSON
JACKSON - 000480,37,1.0000000000,15.0000000000,15.0000000000,1,KANSAS CITY,KANSAS CITY|JACKSON
JACKSON - 000481,37,1.0000000000,19.0000000000,19.0000000000,1,KANSAS CITY,KANSAS CITY|JACKSON
JACKSON - 000482,37,1.0000000000,20.0000000000,20.0000000000,1,KANSAS CITY,KANSAS CITY|JACKSON
JACKSON - 000483,37,1.0000000000,22.0000000000,22.0000000000,1,KANSAS CITY,KANSAS CITY|JACKSON
JACKSON - 000484,36,0.0224909809,0.3823466747,17.0000000000,1,KANSAS CITY,KANSAS CITY|JACKSON
JACKSON - 000484,37,0.9775090191,16.6176533253,17.0000000000,1,KANSAS CITY,KANSAS CITY|JACKSON
JACKSON - 000485,26,0.9767441860,41.9999999999,42.9999999999,1,KANSAS CITY,KANSAS CITY|JACKSON
JACKSON - 000485,27,0.0232558140,1.0000000000,42.9999999999,1,KANSAS CITY,KANSAS CITY|JACKSON
JACKSON - 000486,37,1.0000000000,11.0000000000,11.0000000000,1,KANSAS CITY,KANSAS CITY|JACKSON
JACKSON - 000487,37,1.0000000000,24.0000000000,24.0000000000,1,KANSAS CITY,KANSAS CITY|JACKSON
JACKSON - 000491,26,1.0000000000,18.0000000000,18.0000000000,1,KANSAS CITY,KANSAS CITY|JACKSON
JACKSON - 000492,26,1.0000000000,29.0000000000,29.0000000000,1,KANSAS CITY,KANSAS CITY|JACKSON
JACKSON - 000494,26,0.8698567051,25.2258444468,28.9999999998,1,KANSAS CITY,KANSAS CITY|JACKSON
JACKSON - 000494,35,0.1301432949,3.7741555530,28.9999999998,1,KANSAS CITY,KANSAS CITY|JACKSON
JACKSON - 000496,26,0.6400000000,16.0000000000,25.0000000000,1,KANSAS CITY,KANSAS CITY|JACKSON
JACKSON - 000496,37,0.3600000000,9.0000000000,25.0000000000,1,KANSAS CITY,KANSAS CITY|JACKSON
JACKSON - 000497,22,0.2941176471,5.0000000000,17.0000000000,1,KANSAS CITY,KANSAS CITY|JACKSON
JACKSON - 000497,24,0.7058823529,12.0000000000,17.0000000000,1,KANSAS CITY,KANSAS CITY|JACKSON
JACKSON - 000500,22,1.0000000000,14.0000000000,14.0000000000,1,KANSAS CITY,KANSAS CITY|JACKSON
JACKSON - 000502,22,0.2500000000,2.0000000000,8.0000000000,1,KANSAS CITY,KANSAS CITY|JACKSON
JACKSON - 000502,24,0.7500000000,6.0000000000,8.0000000000,1,KANSAS CITY,KANSAS CITY|JACKSON
JACKSON - 000503,22,0.5000000000,5.0000000000,10.0000000000,1,KANSAS CITY,KANSAS CITY|JACKSON
JACKSON - 000503,23,0.5000000000,5.0000000000,10.0000000000,1,KANSAS CITY,KANSAS CITY|JACKSON
JACKSON - 000504,22,0.3000000000,9.0000000000,30.0000000000,1,KANSAS CITY,KANSAS CITY|JACKSON
JACKSON - 000504,23,0.7000000000,21.0000000000,30.0000000000,1,KANSAS CITY,KANSAS CITY|JACKSON
JACKSON - 000505,22,1.0000000000,50.0000000000,50.0000000000,1,KANSAS CITY,KANSAS CITY|JACKSON
JACKSON - 000508,22,1.0000000000,16.0000000000,16.0000000000,1,KANSAS CITY,KANSAS CITY|JACKSON
JACKSON - 000509,22,1.0000000000,86.0000000000,86.0000000000,1,KANSAS CITY,KANSAS CITY|JACKSON
JACKSON - 000510,24,1.0000000000,43.0000000000,43.0000000000,1,KANSAS CITY,KANSAS CITY|JACKSON
JACKSON - 000512,24,1.0000000000,38.0000000000,38.0000000000,1,KANSAS CITY,KANSAS CITY|JACKSON
JACKSON - 000514,24,1.0000000000,16.0000000000,16.0000000000,1,KANSAS CITY,KANSAS CITY|JACKSON
JACKSON - 000515,24,1.0000000000,22.0000000000,22.0000000000,1,KANSAS CITY,KANSAS CITY|JACKSON
JACKSON - 000516,24,1.0000000000,22.0000000000,22.0000000000,1,KANSAS CITY,KANSAS CITY|JACKSON
JACKSON - 000517,24,0.3888888889,7.0000000000,18.0000000000,1,KANSAS CITY,KANSAS CITY|JACKSON
JACKSON - 000517,27,0.6111111111,11.0000000000,18.0000000000,1,KANSAS CITY,KANSAS CITY|JACKSON
JACKSON - 000518,24,1.0000000000,14.0000000000,14.0000000000,1,KANSAS CITY,KANSAS CITY|JACKSON
JACKSON - 000520,24,0.4166666667,5.0000000000,12.0000000001,1,KANSAS CITY,KANSAS CITY|JACKSON
JACKSON - 000520,25,0.5833333333,7.0000000001,12.0000000001,1,KANSAS CITY,KANSAS CITY|JACKSON
JACKSON - 000521,24,0.4546793228,22.7339661401,49.9999999999,1,KANSAS CITY,KANSAS CITY|JACKSON
JACKSON - 000521,25,0.0203880499,1.0194024946,49.9999999999,1,KANSAS CITY,KANSAS CITY|JACKSON
JACKSON - 000521,27,0.5249326273,26.2466313652,49.9999999999,1,KANSAS CITY,KANSAS CITY|JACKSON
JACKSON - 000522,24,1.0000000000,36.0000000000,36.0000000000,1,KANSAS CITY,KANSAS CITY|JACKSON
JACKSON - 000523,24,1.0000000000,47.0000000000,47.0000000000,1,KANSAS CITY,KANSAS CITY|JACKSON
JACKSON - 000525,24,0.9714285714,34.0000000000,35.0000000000,1,KANSAS CITY,KANSAS CITY|JACKSON
JACKSON - 000525,25,0.0285714286,1.0000000000,35.0000000000,1,KANSAS CITY,KANSAS CITY|JACKSON
JACKSON - 000527,24,1.0000000000,26.0000000000,26.0000000000,1,KANSAS CITY,KANSAS CITY|JACKSON
JACKSON - 000528,24,1.0000000000,43.0000000000,43.0000000000,1,KANSAS CITY,KANSAS CITY|JACKSON
JACKSON - 000529,27,1.0000000000,3.0000000000,3.0000000000,1,KANSAS CITY,KANSAS CITY|JACKSON
JACKSON - 000530,25,1.0000000000,97.0000000000,97.0000000000,1,KANSAS CITY,KANSAS CITY|JACKSON
JACKSON - 000532,25,1.0000000000,22.0000000000,22.0000000000,1,KANSAS CITY,KANSAS CITY|JACKSON
JACKSON - 000533,25,1.0000000000,57.0000000000,57.0000000000,1,KANSAS CITY,KANSAS CITY|JACKSON
JACKSON - 000534,25,0.3043478261,7.0000000000,23.0000000000,1,KANSAS CITY,KANSAS CITY|JACKSON
JACKSON - 000534,27,0.6956521739,16.0000000000,23.0000000000,1,KANSAS CITY,KANSAS CITY|JACKSON
JACKSON - 000535,25,0.3437500000,22.0000000000,64.0000000000,1,KANSAS CITY,KANSAS CITY|JACKSON
JACKSON - 000535,27,0.6562500000,42.0000000000,64.0000000000,1,KANSAS CITY,KANSAS CITY|JACKSON
JACKSON - 000538,25,1.0000000000,7.0000000000,7.0000000000,1,KANSAS CITY,KANSAS CITY|JACKSON
JACKSON - 000539,25,1.0000000000,12.0000000000,12.0000000000,1,KANSAS CITY,KANSAS CITY|JACKSON
JACKSON - 000540,25,1.0000000000,17.0000000000,17.0000000000,1,KANSAS CITY,KANSAS CITY|JACKSON
JACKSON - 000541,25,1.0000000000,29.0000000000,29.0000000000,1,KANSAS CITY,KANSAS CITY|JACKSON
JACKSON - 000543,22,0.6756756757,24.9999999999,36.9999999999,1,KANSAS CITY,KANSAS CITY|JACKSON
JACKSON - 000543,27,0.3243243243,12.0000000000,36.9999999999,1,KANSAS CITY,KANSAS CITY|JACKSON
JACKSON - 000545,27,1.0000000000,22.0000000000,22.0000000000,1,KANSAS CITY,KANSAS CITY|JACKSON
JACKSON - 000546,22,0.0517241379,3.0000000000,57.9999999999,1,KANSAS CITY,KANSAS CITY|JACKSON
JACKSON - 000546,27,0.9482758621,54.9999999999,57.9999999999,1,KANSAS CITY,KANSAS CITY|JACKSON
JACKSON - 000547,22,0.9333333333,28.0000000000,30.0000000000,1,KANSAS CITY,KANSAS CITY|JACKSON
JACKSON - 000547,27,0.0666666667,2.0000000000,30.0000000000,1,KANSAS CITY,KANSAS CITY|JACKSON
JACKSON - 000548,22,1.0000000000,25.0000000000,25.0000000000,1,KANSAS CITY,KANSAS CITY|JACKSON
JACKSON - 000549,22,1.0000000000,24.0000000000,24.0000000000,1,KANSAS CITY,KANSAS CITY|JACKSON
JACKSON - 000551,22,1.0000000000,12.0000000000,12.0000000000,1,KANSAS CITY,KANSAS CITY|JACKSON
JACKSON - 000552,22,1.0000000000,16.0000000000,16.0000000000,1,KANSAS CITY,KANSAS CITY|JACKSON
JACKSON - 000553,22,0.9998740544,29.9962216316,30.0000000000,1,KANSAS CITY,KANSAS CITY|JACKSON
JACKSON - 000553,27,0.0001259456,0.0037783684,30.0000000000,1,KANSAS CITY,KANSAS CITY|JACKSON
JACKSON - 000558,25,0.7656250000,49.0000000000,64.0000000000,1,KANSAS CITY,KANSAS CITY|JACKSON
JACKSON - 000558,27,0.2343750000,15.0000000000,64.0000000000,1,KANSAS CITY,KANSAS CITY|JACKSON
JACKSON - 000559,25,0.4634146341,19.0000000000,41.0000000000,1,KANSAS CITY,KANSAS CITY|JACKSON
JACKSON - 000559,26,0.4878048780,20.0000000000,41.0000000000,1,KANSAS CITY,KANSAS CITY|JACKSON
JACKSON - 000559,27,0.0487804878,2.0000000000,41.0000000000,1,KANSAS CITY,KANSAS CITY|JACKSON
JACKSON - 000563,25,1.0000000000,44.0000000000,44.0000000000,1,KANSAS CITY,KANSAS CITY|JACKSON
JACKSON - 000564,25,1.0000000000,40.0000000000,40.0000000000,1,KANSAS CITY,KANSAS CITY|JACKSON
JACKSON - 000565,25,1.0000000000,29.0000000000,29.0000000000,1,KANSAS CITY,KANSAS CITY|JACKSON
JACKSON - 000567,25,1.0000000000,60.0000000000,60.0000000000,1,KANSAS CITY,KANSAS CITY|JACKSON
JACKSON - 000568,25,0.6410256410,25.0000000000,39.0000000000,1,KANSAS CITY,KANSAS CITY|JACKSON
JACKSON - 000568,27,0.3589743590,14.0000000000,39.0000000000,1,KANSAS CITY,KANSAS CITY|JACKSON
JACKSON - 000569,25,1.0000000000,31.0000000000,31.0000000000,1,KANSAS CITY,KANSAS CITY|JACKSON
JACKSON - 000571,25,0.2666666667,8.0000000000,30.0000000000,1,KANSAS CITY,KANSAS CITY|JACKSON
JACKSON - 000571,26,0.7333333333,22.0000000000,30.0000000000,1,KANSAS CITY,KANSAS CITY|JACKSON
JACKSON - 000572,26,1.0000000000,18.0000000000,18.0000000000,1,KANSAS CITY,KANSAS CITY|JACKSON
JACKSON - 000573,25,1.0000000000,45.0000000000,45.0000000000,1,KANSAS CITY,KANSAS CITY|JACKSON
JACKSON - 000574,25,1.0000000000,10.0000000000,10.0000000000,1,KANSAS CITY,KANSAS CITY|JACKSON
JACKSON - 000575,25,0.2105263158,8.0000000000,38.0000000000,1,KANSAS CITY,KANSAS CITY|JACKSON
JACKSON - 000575,26,0.7894736842,30.0000000000,38.0000000000,1,KANSAS CITY,KANSAS CITY|JACKSON
JACKSON - 000577,25,1.0000000000,48.0000000000,48.0000000000,1,KANSAS CITY,KANSAS CITY|JACKSON
JACKSON - 000579,25,1.0000000000,92.0000000001,92.0000000001,1,KANSAS CITY,KANSAS CITY|JACKSON
JACKSON - 000581,32,1.0000000000,34.0000000001,34.0000000001,0,JACKSON,JACKSON|KANSAS CITY
JASPER - 000002,127,0.9736842105,37.0000000000,38.0000000000,0,JASPER,JASPER
JASPER - 000002,163,0.0263157895,1.0000000000,38.0000000000,0,JASPER,JASPER
JASPER - 000003,162,1.0000000000,132.9999999998,132.9999999998,0,JASPER,JASPER
JASPER - 000004,162,1.0000000000,70.9999999999,70.9999999999,0,JASPER,JASPER
JASPER - 000005,162,1.0000000000,100.0000000001,100.0000000001,0,JASPER,JASPER
JASPER - 000006,162,1.0000000000,22.9999999998,22.9999999998,0,JASPER,JASPER
JASPER - 000007,162,1.0000000000,27.0000000001,27.0000000001,0,JASPER,JASPER
JASPER - 000008,162,0.8358679441,112.0063045074,133.9999999998,0,JASPER,JASPER
JASPER - 000008,163,0.1641320559,21.9936954924,133.9999999998,0,JASPER,JASPER
JASPER - 000009,163,1.0000000000,52.0000000000,52.0000000000,0,JASPER,JASPER
JASPER - 000010,163,1.0000000000,40.0000000000,40.0000000000,0,JASPER,JASPER
JASPER - 000011,163,1.0000000000,110.9999999998,110.9999999998,0,JASPER,JASPER
JASPER - 000012,163,1.0000000000,77.0000000000,77.0000000000,0,JASPER,JASPER
JASPER - 000013,163,1.0000000000,59.0000000000,59.0000000000,0,JASPER,JASPER
JASPER - 000014,163,1.0000000000,58.0000000000,58.0000000000,0,JASPER,JASPER
JASPER - 000015,163,1.0000000000,26.0000000000,26.0000000000,0,JASPER,JASPER
JASPER - 000016,163,1.0000000000,41.0000000000,41.0000000000,0,JASPER,JASPER
JASPER - 000017,163,1.0000000000,34.0000000000,34.0000000000,0,JASPER,JASPER
JASPER - 000018,163,1.0000000000,44.0000000000,44.0000000000,0,JASPER,JASPER
JASPER - 000019,127,0.3888888889,35.0000000000,90.0000000000,0,JASPER,JASPER
JASPER - 000019,163,0.6111111111,55.0000000000,90.0000000000,0,JASPER,JASPER
JASPER - 000020,161,0.0000628628,0.0034574516,54.9999999999,0,JASPER,JASPER
JASPER - 000020,162,0.9999371372,54.9965425483,54.9999999999,0,JASPER,JASPER
JASPER - 000021,163,1.0000000000,72.0000000001,72.0000000001,0,JASPER,JASPER
JASPER - 000022,127,0.4285714286,24.0000000000,56.0000000000,0,JASPER,JASPER
JASPER - 000022,163,0.5714285714,32.0000000000,56.0000000000,0,JASPER,JASPER
JASPER - 000023,163,1.0000000000,137.9999999997,137.9999999997,0,JASPER,JASPER
JASPER - 000024,163,1.0000000000,92.0000000003,92.0000000003,0,JASPER,JASPER
JASPER - 000025,127,1.0000000000,149.9999999999,149.9999999999,0,JASPER,JASPER
JASPER - 000026,161,1.0000000000,189.0000000000,189.0000000000,0,JASPER,JASPER
JASPER - 000027,161,1.0000000000,103.0000000000,103.0000000000,0,JASPER,JASPER
JASPER - 000028,161,1.0000000000,57.0000000001,57.0000000001,0,JASPER,JASPER
JASPER - 000029,161,1.0000000000,55.0000000000,55.0000000000,0,JASPER,JASPER
JASPER - 000030,161,0.9942270699,55.6767159143,56.0000000000,0,JASPER,JASPER
JASPER - 000030,162,0.0057729301,0.3232840857,56.0000000000,0,JASPER,JASPER
JASPER - 000031,161,1.0000000000,118.0000000000,118.0000000000,0,JASPER,JASPER
JASPER - 000032,161,0.0138184886,0.9811126923,70.9999999999,0,JASPER,JASPER
JASPER - 000032,162,0.9861815114,70.0188873076,70.9999999999,0,JASPER,JASPER
JASPER - 000033,161,1.0000000000,68.0000000000,68.0000000000,0,JASPER,JASPER
JASPER - 000034,161,1.0000000000,83.0000000000,83.0000000000,0,JASPER,JASPER
JASPER - 000035,161,0.9998868180,65.9925299908,66.0000000000,0,JASPER,JASPER
JASPER - 000035,163,0.0001131820,0.0074700092,66.0000000000,0,JASPER,JASPER
JASPER - 000036,160,0.0065023658,0.5461987286,84.0000000000,0,JASPER,JASPER
JASPER - 000036,161,0.9934976342,83.4538012714,84.0000000000,0,JASPER,JASPER
JASPER - 000037,161,0.9836065574,60.0000000000,61.0000000000,0,JASPER,JASPER
JASPER - 000037,163,0.0163934426,1.0000000000,61.0000000000,0,JASPER,JASPER
JASPER - 000038,161,1.0000000000,78.0000000000,78.0000000000,0,JASPER,JASPER
JASPER - 000039,161,1.0000000000,40.0000000000,40.0000000000,0,JASPER,JASPER
JASPER - 000040,161,1.0000000000,29.0000000000,29.0000000000,0,JASPER,JASPER
JASPER - 000041,161,0.7700813320,29.2630906153,38.0000000000,0,JASPER,JASPER
JASPER - 000041,162,0.2299186680,8.7369093847,38.0000000000,0,JASPER,JASPER
JASPER - 000042,161,0.1224489796,6.0000000000,49.0000000000,0,JASPER,JASPER
JASPER - 000042,163,0.8775510204,43.0000000000,49.0000000000,0,JASPER,JASPER
JASPER - 000043,161,0.7816445706,73.4745896326,94.0000000001,0,JASPER,JASPER
JASPER - 000043,163,0.2183554294,20.5254103675,94.0000000001,0,JASPER,JASPER
JASPER - 000044,161,1.0000000000,103.0000000000,103.0000000000,0,JASPER,JASPER
JASPER - 000045,161,1.0000000000,59.0000000000,59.0000000000,0,JASPER,JASPER
JASPER - 000046,127,1.0000000000,39.0000000000,39.0000000000,0,JASPER,JASPER
JASPER - 000047,162,0.7073170732,29.0000000000,41.0000000000,0,JASPER,JASPER
JASPER - 000047,163,0.2926829268,12.0000000000,41.0000000000,0,JASPER,JASPER
JASPER - 000048,127,1.0000000000,59.0000000000,59.0000000000,0,JASPER,JASPER
JASPER - 000049,127,0.0215053763,2.0000000000,93.0000000000,0,JASPER,JASPER
JASPER - 000049,163,0.9784946237,91.0000000000,93.0000000000,0,JASPER,JASPER
JASPER - 000050,127,0.2000000000,9.0000000000,45.0000000000,0,JASPER,JASPER
JASPER - 000050,163,0.8000000000,36.0000000000,45.0000000000,0,JASPER,JASPER
JASPER - 000051,127,0.2523880365,28.0150720504,110.9999999999,0,JASPER,JASPER
JASPER - 000051,163,0.7476119635,82.9849279495,110.9999999999,0,JASPER,JASPER
JASPER - 000052,127,1.0000000000,80.0000000000,80.0000000000,0,JASPER,JASPER
JASPER - 000053,163,1.0000000000,119.9999999999,119.9999999999,0,JASPER,JASPER
JASPER - 000054,127,1.0000000000,56.9999999999,56.9999999999,0,JASPER,JASPER
JASPER - 000055,127,0.8241662407,116.2074399430,141.0000000000,0,JASPER,JASPER
JASPER - 000055,162,0.0765429791,10.7925600569,141.0000000000,0,JASPER,JASPER
JASPER - 000055,163,0.0992907801,14.0000000001,141.0000000000,0,JASPER,JASPER
JASPER - 000056,127,1.0000000000,67.0000000000,67.0000000000,0,JASPER,JASPER
JASPER - 000057,127,1.0000000000,34.0000000000,34.0000000000,0,JASPER,JASPER
JASPER - 000058,127,1.0000000000,53.0000000000,53.0000000000,0,JASPER,JASPER
JASPER - 000059,161,0.0112359551,1.0000000000,89.0000000000,0,JASPER,JASPER
JASPER - 000059,163,0.9887640449,88.0000000000,89.0000000000,0,JASPER,JASPER
JASPER - 000060,127,1.0000000000,47.9999999999,47.9999999999,0,JASPER,JASPER
JASPER - 000061,127,1.0000000000,82.0000000001,82.0000000001,0,JASPER,JASPER
JASPER - 000062,127,1.0000000000,61.0000000000,61.0000000000,0,JASPER,JASPER
JASPER - 000063,161,0.0144998126,1.4064818182,96.9999999997,0,JASPER,JASPER
JASPER - 000063,162,0.9855001874,95.5935181815,96.9999999997,0,JASPER,JASPER
JASPER - 000064,162,1.0000000000,108.9999999999,108.9999999999,0,JASPER,JASPER
JASPER - 000065,161,0.0024335942,0.1849531606,76.0000000000,0,JASPER,JASPER
JASPER - 000065,162,0.9785422632,74.3692120024,76.0000000000,0,JASPER,JASPER
JASPER - 000065,163,0.0190241426,1.4458348370,76.0000000000,0,JASPER,JASPER
JASPER - 000066,162,1.0000000000,79.0000000000,79.0000000000,0,JASPER,JASPER
JASPER - 000067,162,1.0000000000,79.0000000000,79.0000000000,0,JASPER,JASPER
JASPER - 000068,162,1.0000000000,33.0000000000,33.0000000000,0,JASPER,JASPER
JEFFERSON - 000002,114,0.9969931206,35.8917523417,36.0000000001,0,JEFFERSON,JEFFERSON
JEFFERSON - 000002,115,0.0030068794,0.1082476584,36.0000000001,0,JEFFERSON,JEFFERSON
JEFFERSON - 000003,114,1.0000000000,17.0000000001,17.0000000001,0,JEFFERSON,JEFFERSON
JEFFERSON - 000004,112,1.0000000000,41.0000000002,41.0000000002,0,JEFFERSON,JEFFERSON
JEFFERSON - 000005,111,0.1713302821,7.7098626931,45.0000000000,0,JEFFERSON,JEFFERSON
JEFFERSON - 000005,112,0.8286697179,37.2901373069,45.0000000000,0,JEFFERSON,JEFFERSON
JEFFERSON - 000006,95,0.0003351551,0.0180983744,53.9999999999,0,JEFFERSON,JEFFERSON
JEFFERSON - 000006,113,0.9996648449,53.9819016255,53.9999999999,0,JEFFERSON,JEFFERSON
JEFFERSON - 000007,95,0.0128205128,1.0000000000,77.9999999999,0,JEFFERSON,JEFFERSON
JEFFERSON - 000007,113,0.9871794872,76.9999999999,77.9999999999,0,JEFFERSON,JEFFERSON
JEFFERSON - 000008,113,1.0000000000,46.9999999996,46.9999999996,0,JEFFERSON,JEFFERSON
JEFFERSON - 000009,113,1.0000000000,8.0000000000,8.0000000000,0,JEFFERSON,JEFFERSON
JEFFERSON - 000010,112,0.0277777778,1.0000000000,36.0000000001,0,JEFFERSON,JEFFERSON
JEFFERSON - 000010,113,0.9722222222,35.0000000001,36.0000000001,0,JEFFERSON,JEFFERSON
JEFFERSON - 000012,114,0.0061984413,1.1591085317,186.9999999999,0,JEFFERSON,JEFFERSON
JEFFERSON - 000012,115,0.9938015587,185.8408914682,186.9999999999,0,JEFFERSON,JEFFERSON
JEFFERSON - 000013,113,0.9655172414,27.9999999999,28.9999999999,0,JEFFERSON,JEFFERSON
JEFFERSON - 000013,114,0.0344827586,1.0000000000,28.9999999999,0,JEFFERSON,JEFFERSON
JEFFERSON - 000014,112,0.0211538465,1.3750000225,65.0000000001,0,JEFFERSON,JEFFERSON
JEFFERSON - 000014,113,0.9788461535,63.6249999776,65.0000000001,0,JEFFERSON,JEFFERSON
JEFFERSON - 000015,97,0.0034372451,0.1065545988,31.0000000000,0,JEFFERSON,JEFFERSON
JEFFERSON - 000015,111,0.9965627549,30.8934454012,31.0000000000,0,JEFFERSON,JEFFERSON
JEFFERSON - 000016,111,1.0000000000,159.9999999999,159.9999999999,0,JEFFERSON,JEFFERSON
JEFFERSON - 000017,111,0.9875957885,95.7967914849,97.0000000000,0,JEFFERSON,JEFFERSON
JEFFERSON - 000017,115,0.0124042115,1.2032085151,97.0000000000,0,JEFFERSON,JEFFERSON
JEFFERSON - 000018,114,1.0000000000,42.9999999999,42.9999999999,0,JEFFERSON,JEFFERSON
JEFFERSON - 000019,114,1.0000000000,61.0000000001,61.0000000001,0,JEFFERSON,JEFFERSON
JEFFERSON - 000020,114,1.0000000000,50.9999999998,50.9999999998,0,JEFFERSON,JEFFERSON
JEFFERSON - 000021,114,1.0000000000,30.0000000001,30.0000000001,0,JEFFERSON,JEFFERSON
JEFFERSON - 000022,115,1.0000000000,49.0000000000,49.0000000000,0,JEFFERSON,JEFFERSON
JEFFERSON - 000023,115,1.0000000000,103.0000000000,103.0000000000,0,JEFFERSON,JEFFERSON
JEFFERSON - 000024,115,1.0000000000,52.0000000000,52.0000000000,0,JEFFERSON,JEFFERSON
JEFFERSON - 000025,115,1.0000000000,162.0000000000,162.0000000000,0,JEFFERSON,JEFFERSON
JEFFERSON - 000026,114,1.0000000000,16.0000000000,16.0000000000,0,JEFFERSON,JEFFERSON
JEFFERSON - 000027,114,1.0000000000,58.0000000005,58.0000000005,0,JEFFERSON,JEFFERSON
JEFFERSON - 000028,114,1.0000000000,47.9999999996,47.9999999996,0,JEFFERSON,JEFFERSON
JEFFERSON - 000029,114,1.0000000000,116.9999999992,116.9999999992,0,JEFFERSON,JEFFERSON
JEFFERSON - 000030,113,1.0000000000,74.0000000002,74.0000000002,0,JEFFERSON,JEFFERSON
JEFFERSON - 000031,115,1.0000000000,106.0000000004,106.0000000004,0,JEFFERSON,JEFFERSON
JEFFERSON - 000032,111,1.0000000000,47.0000000000,47.0000000000,0,JEFFERSON,JEFFERSON
JEFFERSON - 000033,115,1.0000000000,38.0000000000,38.0000000000,0,JEFFERSON,JEFFERSON
JEFFERSON - 000034,114,0.9295239867,70.6438229917,76.0000000000,0,JEFFERSON,JEFFERSON
JEFFERSON - 000034,115,0.0704760133,5.3561770083,76.0000000000,0,JEFFERSON,JEFFERSON
JEFFERSON - 000035,114,1.0000000000,99.9999999998,99.9999999998,0,JEFFERSON,JEFFERSON
JEFFERSON - 000036,97,1.0000000000,48.0000000004,48.0000000004,0,JEFFERSON,JEFFERSON
JEFFERSON - 000037,97,0.9990884165,33.9690061622,34.0000000000,0,JEFFERSON,JEFFERSON
JEFFERSON - 000037,111,0.0009115835,0.0309938378,34.0000000000,0,JEFFERSON,JEFFERSON
JEFFERSON - 000038,97,0.9528020372,42.8760916731,44.9999999998,0,JEFFERSON,JEFFERSON
JEFFERSON - 000038,111,0.0471979628,2.1239083267,44.9999999998,0,JEFFERSON,JEFFERSON
JEFFERSON - 000039,97,0.0300161571,0.4202261989,14.0000000001,0,JEFFERSON,JEFFERSON
JEFFERSON - 000039,111,0.9699838429,13.5797738012,14.0000000001,0,JEFFERSON,JEFFERSON
JEFFERSON - 000040,111,0.6966131651,73.8409954965,105.9999999997,0,JEFFERSON,JEFFERSON
JEFFERSON - 000040,115,0.3033868349,32.1590045033,105.9999999997,0,JEFFERSON,JEFFERSON
JEFFERSON - 000041,111,0.9463261678,60.5648747403,64.0000000002,0,JEFFERSON,JEFFERSON
JEFFERSON - 000041,115,0.0536738322,3.4351252599,64.0000000002,0,JEFFERSON,JEFFERSON
JEFFERSON - 000042,111,0.9999888883,39.9995555310,40.0000000001,0,JEFFERSON,JEFFERSON
JEFFERSON - 000042,115,0.0000111117,0.0004444691,40.0000000001,0,JEFFERSON,JEFFERSON
JEFFERSON - 000043,97,0.0424105505,1.5267798190,35.9999999998,0,JEFFERSON,JEFFERSON
JEFFERSON - 000043,111,0.9575894495,34.4732201808,35.9999999998,0,JEFFERSON,JEFFERSON
JEFFERSON - 000044,114,1.0000000000,72.0000000001,72.0000000001,0,JEFFERSON,JEFFERSON
JEFFERSON - 000045,111,1.0000000000,70.9999999997,70.9999999997,0,JEFFERSON,JEFFERSON
JEFFERSON - 000046,97,0.0119616529,1.0287021482,85.9999999999,0,JEFFERSON,JEFFERSON
JEFFERSON - 000046,111,0.9641588694,82.9176627697,85.9999999999,0,JEFFERSON,JEFFERSON
JEFFERSON - 000046,112,0.0238794777,2.0536350820,85.9999999999,0,JEFFERSON,JEFFERSON
JEFFERSON - 000047,112,1.0000000000,42.9999999999,42.9999999999,0,JEFFERSON,JEFFERSON
JEFFERSON - 000048,112,1.0000000000,20.0000000001,20.0000000001,0,JEFFERSON,JEFFERSON
JEFFERSON - 000049,112,1.0000000000,28.0000000000,28.0000000000,0,JEFFERSON,JEFFERSON
JEFFERSON - 000050,114,0.1223586321,9.9110491961,80.9999999997,0,JEFFERSON,JEFFERSON
JEFFERSON - 000050,115,0.8776413679,71.0889508036,80.9999999997,0,JEFFERSON,JEFFERSON
JEFFERSON - 000051,115,1.0000000000,20.9999999999,20.9999999999,0,JEFFERSON,JEFFERSON
JEFFERSON - 000052,113,1.0000000000,96.0000000002,96.0000000002,0,JEFFERSON,JEFFERSON
JEFFERSON - 000053,111,0.0184686958,1.6067765343,87.0000000000,0,JEFFERSON,JEFFERSON
JEFFERSON - 000053,114,0.9815313042,85.3932234657,87.0000000000,0,JEFFERSON,JEFFERSON
JEFFERSON - 000054,112,1.0000000000,8.0000000000,8.0000000000,0,JEFFERSON,JEFFERSON
JEFFERSON - 000055,112,0.9814520603,42.2024385922,42.9999999999,0,JEFFERSON,JEFFERSON
JEFFERSON - 000055,113,0.0185479397,0.7975614077,42.9999999999,0,JEFFERSON,JEFFERSON
JEFFERSON - 000056,97,0.0271023071,1.1111945906,41.0000000000,0,JEFFERSON,JEFFERSON
JEFFERSON - 000056,112,0.9709193243,39.8076922951,41.0000000000,0,JEFFERSON,JEFFERSON
JEFFERSON - 000056,113,0.0019783686,0.0811131143,41.0000000000,0,JEFFERSON,JEFFERSON
JEFFERSON - 000057,111,0.0527542891,4.2730974160,80.9999999999,0,JEFFERSON,JEFFERSON
JEFFERSON - 000057,115,0.9472457109,76.7269025839,80.9999999999,0,JEFFERSON,JEFFERSON
JEFFERSON - 000058,97,1.0000000000,65.9999999998,65.9999999998,0,JEFFERSON,JEFFERSON
JEFFERSON - 000059,97,1.0000000000,83.0000000000,83.0000000000,0,JEFFERSON,JEFFERSON
JEFFERSON - 000060,88,0.0066569954,1.0052062996,150.9999999994,0,JEFFERSON,JEFFERSON
JEFFERSON - 000060,111,0.9933430046,149.9947936998,150.9999999994,0,JEFFERSON,JEFFERSON
JEFFERSON - 000061,113,0.0741728927,8.0848453003,109.0000000002,0,JEFFERSON,JEFFERSON
JEFFERSON - 000061,114,0.9258271073,100.9151546999,109.0000000002,0,JEFFERSON,JEFFERSON
JEFFERSON - 000062,114,1.0000000000,89.0000000001,89.0000000001,0,JEFFERSON,JEFFERSON
JEFFERSON - 000063,115,1.0000000000,36.9999999998,36.9999999998,0,JEFFERSON,JEFFERSON
JEFFERSON - 000064,114,1.0000000000,28.0000000000,28.0000000000,0,JEFFERSON,JEFFERSON
JEFFERSON - 000065,97,0.0450035219,2.6552077903,59.0000000001,0,JEFFERSON,JEFFERSON
JEFFERSON - 000065,112,0.9549964781,56.3447922099,59.0000000001,0,JEFFERSON,JEFFERSON
JEFFERSON - 000066,97,0.9892002155,130.5744284452,131.9999999997,0,JEFFERSON,JEFFERSON
JEFFERSON - 000066,112,0.0107997845,1.4255715545,131.9999999997,0,JEFFERSON,JEFFERSON
JEFFERSON - 000067,115,1.0000000000,171.0000000000,171.0000000000,0,JEFFERSON,JEFFERSON
JEFFERSON - 000068,115,1.0000000000,225.9999999998,225.9999999998,0,JEFFERSON,JEFFERSON
JEFFERSON - 000069,114,0.0691619243,4.0805535361,58.9999999996,0,JEFFERSON,JEFFERSON
JEFFERSON - 000069,115,0.9308380757,54.9194464635,58.9999999996,0,JEFFERSON,JEFFERSON
JOHNSON - 000002,54,1.0000000000,165.9999999998,165.9999999998,0,JOHNSON,JOHNSON
JOHNSON - 000003,57,1.0000000000,164.0000000000,164.0000000000,0,JOHNSON,JOHNSON
JOHNSON - 000004,54,1.0000000000,81.0000000001,81.0000000001,0,JOHNSON,JOHNSON
JOHNSON - 000005,54,1.0000000000,89.0000000000,89.0000000000,0,JOHNSON,JOHNSON
JOHNSON - 000006,54,1.0000000000,161.0000000001,161.0000000001,0,JOHNSON,JOHNSON
JOHNSON - 000007,54,1.0000000000,65.0000000000,65.0000000000,0,JOHNSON,JOHNSON
JOHNSON - 000008,57,1.0000000000,102.0000000000,102.0000000000,0,JOHNSON,JOHNSON
JOHNSON - 000009,57,1.0000000000,106.0000000000,106.0000000000,0,JOHNSON,JOHNSON
JOHNSON - 000010,57,1.0000000000,250.0000000002,250.0000000002,0,JOHNSON,JOHNSON
JOHNSON - 000011,54,1.0000000000,65.0000000000,65.0000000000,0,JOHNSON,JOHNSON
JOHNSON - 000012,57,1.0000000000,113.0000000000,113.0000000000,0,JOHNSON,JOHNSON
JOHNSON - 000013,54,1.0000000000,139.0000000000,139.0000000000,0,JOHNSON,JOHNSON
JOHNSON - 000014,57,1.0000000000,182.9999999999,182.9999999999,0,JOHNSON,JOHNSON
JOHNSON - 000015,57,1.0000000000,134.0000000000,134.0000000000,0,JOHNSON,JOHNSON
JOHNSON - 000016,54,1.0000000000,83.0000000000,83.0000000000,0,JOHNSON,JOHNSON
JOHNSON - 000017,54,1.0000000000,113.9999999999,113.9999999999,0,JOHNSON,JOHNSON
JOHNSON - 000018,54,1.0000000000,181.9999999999,181.9999999999,0,JOHNSON,JOHNSON
JOHNSON - 000019,54,1.0000000000,67.9999999999,67.9999999999,0,JOHNSON,JOHNSON
JOHNSON - 000020,54,1.0000000000,64.0000000000,64.0000000000,0,JOHNSON,JOHNSON
JOHNSON - 000021,54,1.0000000000,102.0000000000,102.0000000000,0,JOHNSON,JOHNSON
KNOX - 000002,4,1.0000000000,133.0000000001,133.0000000001,0,KNOX,KNOX
KNOX - 000003,4,1.0000000000,193.0000000003,193.0000000003,0,KNOX,KNOX
KNOX - 000004,4,1.0000000000,91.9999999996,91.9999999996,0,KNOX,KNOX
KNOX - 000005,4,1.0000000000,170.0000000000,170.0000000000,0,KNOX,KNOX
KNOX - 000006,4,1.0000000000,109.9999999999,109.9999999999,0,KNOX,KNOX
KNOX - 000007,4,0.9999889357,140.9984399351,140.9999999998,0,KNOX,KNOX
KNOX - 000007,6,0.0000110643,0.0015600647,140.9999999998,0,KNOX,KNOX
LACLEDE - 000002,141,0.9692307692,63.0000000001,65.0000000001,0,LACLEDE,LACLEDE
LACLEDE - 000002,142,0.0307692308,2.0000000000,65.0000000001,0,LACLEDE,LACLEDE
LACLEDE - 000003,142,1.0000000000,42.0000000000,42.0000000000,0,LACLEDE,LACLEDE
LACLEDE - 000004,141,1.0000000000,50.0000000004,50.0000000004,0,LACLEDE,LACLEDE
LACLEDE - 000005,141,1.0000000000,136.9999999999,136.9999999999,0,LACLEDE,LACLEDE
LACLEDE - 000006,141,1.0000000000,70.0000000000,70.0000000000,0,LACLEDE,LACLEDE
LACLEDE - 000007,141,1.0000000000,176.0000000004,176.0000000004,0,LACLEDE,LACLEDE
LACLEDE - 000008,141,1.0000000000,108.0000000001,108.0000000001,0,LACLEDE,LACLEDE
LACLEDE - 000009,141,0.9900990099,99.9999999997,100.9999999997,0,LACLEDE,LACLEDE
LACLEDE - 000009,142,0.0099009901,1.0000000000,100.9999999997,0,LACLEDE,LACLEDE
LACLEDE - 000010,141,0.2653363513,30.7790167494,115.9999999998,0,LACLEDE,LACLEDE
LACLEDE - 000010,142,0.7346636487,85.2209832504,115.9999999998,0,LACLEDE,LACLEDE
LACLEDE - 000011,141,0.3255822090,23.4419190461,72.0000000000,0,LACLEDE,LACLEDE
LACLEDE - 000011,142,0.6744177910,48.5580809539,72.0000000000,0,LACLEDE,LACLEDE
LACLEDE - 000012,142,1.0000000000,83.0000000000,83.0000000000,0,LACLEDE,LACLEDE
LACLEDE - 000013,141,0.1558441558,24.0000000000,153.9999999998,0,LACLEDE,LACLEDE
LACLEDE - 000013,142,0.8441558442,129.9999999998,153.9999999998,0,LACLEDE,LACLEDE
LACLEDE - 000014,141,0.9134810029,33.7987971054,36.9999999999,0,LACLEDE,LACLEDE
LACLEDE - 000014,142,0.0865189971,3.2012028945,36.9999999999,0,LACLEDE,LACLEDE
LACLEDE - 000015,141,0.0652122255,5.8691002927,90.0000000000,0,LACLEDE,LACLEDE
LACLEDE - 000015,142,0.9347877745,84.1308997073,90.0000000000,0,LACLEDE,LACLEDE
LACLEDE - 000016,141,1.0000000000,178.9999999999,178.9999999999,0,LACLEDE,LACLEDE
LACLEDE - 000017,141,1.0000000000,104.0000000001,104.0000000001,0,LACLEDE,LACLEDE
LACLEDE - 000018,141,0.8894826229,128.9749803222,145.0000000000,0,LACLEDE,LACLEDE
LACLEDE - 000018,142,0.1105173771,16.0250196778,145.0000000000,0,LACLEDE,LACLEDE
LACLEDE - 000019,141,1.0000000000,66.0000000002,66.0000000002,0,LACLEDE,LACLEDE
LACLEDE - 000020,141,0.4154208798,28.6640407082,69.0000000000,0,LACLEDE,LACLEDE
LACLEDE - 000020,142,0.5845791202,40.3359592918,69.0000000000,0,LACLEDE,LACLEDE
LACLEDE - 000021,141,1.0000000000,128.0000000004,128.0000000004,0,LACLEDE,LACLEDE
LAFAYETTE - 000002,51,1.0000000000,248.0000000002,248.0000000002,0,LAFAYETTE,LAFAYETTE
LAFAYETTE - 000003,51,0.9714285714,136.0000000002,140.0000000002,0,LAFAYETTE,LAFAYETTE
LAFAYETTE - 000003,53,0.0285714286,4.0000000000,140.0000000002,0,LAFAYETTE,LAFAYETTE
LAFAYETTE - 000004,51,1.0000000000,146.0000000000,146.0000000000,0,LAFAYETTE,LAFAYETTE
LAFAYETTE - 000005,51,1.0000000000,103.0000000002,103.0000000002,0,LAFAYETTE,LAFAYETTE
LAFAYETTE - 000006,53,1.0000000000,86.0000000003,86.0000000003,0,LAFAYETTE,LAFAYETTE
LAFAYETTE - 000007,51,1.0000000000,199.0000000001,199.0000000001,0,LAFAYETTE,LAFAYETTE
LAFAYETTE - 000008,51,1.0000000000,75.0000000000,75.0000000000,0,LAFAYETTE,LAFAYETTE
LAFAYETTE - 000009,51,0.4605263158,35.0000000000,76.0000000000,0,LAFAYETTE,LAFAYETTE
LAFAYETTE - 000009,53,0.5394736842,41.0000000000,76.0000000000,0,LAFAYETTE,LAFAYETTE
LAFAYETTE - 000010,51,0.0123456790,1.0000000000,81.0000000000,0,LAFAYETTE,LAFAYETTE
LAFAYETTE - 000010,53,0.9876543210,80.0000000000,81.0000000000,0,LAFAYETTE,LAFAYETTE
LAFAYETTE - 000011,53,1.0000000000,1.0000000000,1.0000000000,0,LAFAYETTE,LAFAYETTE
LAFAYETTE - 000012,53,1.0000000000,124.9999999999,124.9999999999,0,LAFAYETTE,LAFAYETTE
LAFAYETTE - 000013,51,0.0067365527,2.0007561624,297.0000000003,0,LAFAYETTE,LAFAYETTE
LAFAYETTE - 000013,53,0.9932634473,294.9992438379,297.0000000003,0,LAFAYETTE,LAFAYETTE
LAFAYETTE - 000014,51,1.0000000000,89.0000000000,89.0000000000,0,LAFAYETTE,LAFAYETTE
LAFAYETTE - 000015,51,0.3909348442,138.0000000000,353.0000000000,0,LAFAYETTE,LAFAYETTE
LAFAYETTE - 000015,53,0.6090651558,215.0000000000,353.0000000000,0,LAFAYETTE,LAFAYETTE
LAFAYETTE - 000016,53,1.0000000000,45.0000000000,45.0000000000,0,LAFAYETTE,LAFAYETTE
LAFAYETTE - 000017,51,0.6666666667,64.0000000001,96.0000000001,0,LAFAYETTE,LAFAYETTE
LAFAYETTE - 000017,53,0.3333333333,32.0000000000,96.0000000001,0,LAFAYETTE,LAFAYETTE
LAFAYETTE - 000018,51,1.0000000000,105.9999999999,105.9999999999,0,LAFAYETTE,LAFAYETTE
LAFAYETTE - 000019,53,1.0000000000,120.9999999998,120.9999999998,0,LAFAYETTE,LAFAYETTE
LAWRENCE - 000002,157,1.0000000000,152.9999999998,152.9999999998,0,LAWRENCE,LAWRENCE
LAWRENCE - 000003,157,1.0000000000,178.9999999999,178.9999999999,0,LAWRENCE,LAWRENCE
LAWRENCE - 000004,157,1.0000000000,109.0000000002,109.0000000002,0,LAWRENCE,LAWRENCE
LAWRENCE - 000005,157,1.0000000000,233.0000000001,233.0000000001,0,LAWRENCE,LAWRENCE
LAWRENCE - 000006,157,1.0000000000,115.9999999994,115.9999999994,0,LAWRENCE,LAWRENCE
LAWRENCE - 000007,157,1.0000000000,54.0000000000,54.0000000000,0,LAWRENCE,LAWRENCE
LAWRENCE - 000008,157,1.0000000000,50.0000000001,50.0000000001,0,LAWRENCE,LAWRENCE
LAWRENCE - 000009,157,1.0000000000,88.9999999999,88.9999999999,0,LAWRENCE,LAWRENCE
LAWRENCE - 000010,127,0.0001961980,0.0235437615,119.9999999997,0,LAWRENCE,LAWRENCE
LAWRENCE - 000010,157,0.9998038020,119.9764562382,119.9999999997,0,LAWRENCE,LAWRENCE
LAWRENCE - 000011,157,1.0000000000,84.9999999998,84.9999999998,0,LAWRENCE,LAWRENCE
LAWRENCE - 000012,157,1.0000000000,157.9999999997,157.9999999997,0,LAWRENCE,LAWRENCE
LAWRENCE - 000013,157,1.0000000000,113.0000000001,113.0000000001,0,LAWRENCE,LAWRENCE
LAWRENCE - 000014,157,1.0000000000,112.9999999999,112.9999999999,0,LAWRENCE,LAWRENCE
LAWRENCE - 000015,157,1.0000000000,136.9999999999,136.9999999999,0,LAWRENCE,LAWRENCE
LAWRENCE - 000016,157,1.0000000000,170.0000000001,170.0000000001,0,LAWRENCE,LAWRENCE
LAWRENCE - 000017,157,1.0000000000,64.0000000000,64.0000000000,0,LAWRENCE,LAWRENCE
LAWRENCE - 000018,157,1.0000000000,147.0000000001,147.0000000001,0,LAWRENCE,LAWRENCE
LAWRENCE - 000019,157,1.0000000000,155.9999999998,155.9999999998,0,LAWRENCE,LAWRENCE
LAWRENCE - 000020,157,1.0000000000,173.0000000001,173.0000000001,0,LAWRENCE,LAWRENCE
LEWIS - 000002,4,1.0000000000,250.9999999999,250.9999999999,0,LEWIS,LEWIS
LEWIS - 000003,4,1.0000000000,106.9999999999,106.9999999999,0,LEWIS,LEWIS
LEWIS - 000004,4,1.0000000000,39.0000000000,39.0000000000,0,LEWIS,LEWIS
LEWIS - 000005,4,1.0000000000,85.0000000000,85.0000000000,0,LEWIS,LEWIS
LEWIS - 000006,4,1.0000000000,82.0000000000,82.0000000000,0,LEWIS,LEWIS
LEWIS - 000007,4,1.0000000000,114.9999999999,114.9999999999,0,LEWIS,LEWIS
LEWIS - 000008,4,1.0000000000,117.0000000000,117.0000000000,0,LEWIS,LEWIS
LEWIS - 000009,4,1.0000000000,96.0000000000,96.0000000000,0,LEWIS,LEWIS
LEWIS - 000010,4,1.0000000000,70.0000000000,70.0000000000,0,LEWIS,LEWIS
LEWIS - 000011,4,1.0000000000,178.0000000000,178.0000000000,0,LEWIS,LEWIS
LINCOLN - 000002,40,0.1272727273,7.0000000000,55.0000000003,0,LINCOLN,LINCOLN
LINCOLN - 000002,41,0.8727272727,48.0000000003,55.0000000003,0,LINCOLN,LINCOLN
LINCOLN - 000003,40,0.3636363636,20.0000000000,55.0000000000,0,LINCOLN,LINCOLN
LINCOLN - 000003,41,0.6363636364,35.0000000000,55.0000000000,0,LINCOLN,LINCOLN
LINCOLN - 000004,40,0.4324324324,47.9999999998,110.9999999997,0,LINCOLN,LINCOLN
LINCOLN - 000004,41,0.5675675676,62.9999999999,110.9999999997,0,LINCOLN,LINCOLN
LINCOLN - 000005,40,1.0000000000,107.9999999999,107.9999999999,0,LINCOLN,LINCOLN
LINCOLN - 000006,40,1.0000000000,119.9999999999,119.9999999999,0,LINCOLN,LINCOLN
LINCOLN - 000007,40,0.4545454545,34.9999999999,77.0000000000,0,LINCOLN,LINCOLN
LINCOLN - 000007,41,0.5454545455,42.0000000001,77.0000000000,0,LINCOLN,LINCOLN
LINCOLN - 000008,40,1.0000000000,200.9999999998,200.9999999998,0,LINCOLN,LINCOLN
LINCOLN - 000009,40,0.9281438668,118.8024149522,128.0000000004,0,LINCOLN,LINCOLN
LINCOLN - 000009,41,0.0718561332,9.1975850482,128.0000000004,0,LINCOLN,LINCOLN
LINCOLN - 000010,40,1.0000000000,56.0000000000,56.0000000000,0,LINCOLN,LINCOLN
LINCOLN - 000011,40,0.8555555556,77.0000000000,89.9999999999,0,LINCOLN,LINCOLN
LINCOLN - 000011,41,0.1444444444,12.9999999999,89.9999999999,0,LINCOLN,LINCOLN
LINCOLN - 000012,40,0.0000283773,0.0053065631,187.0000000002,0,LINCOLN,LINCOLN
LINCOLN - 000012,41,0.9946240291,185.9946934371,187.0000000002,0,LINCOLN,LINCOLN
LINCOLN - 000012,64,0.0053475936,1.0000000000,187.0000000002,0,LINCOLN,LINCOLN
LINCOLN - 000013,40,1.0000000000,80.0000000002,80.0000000002,0,LINCOLN,LINCOLN
LINCOLN - 000014,40,0.9634146341,78.9999999999,81.9999999999,0,LINCOLN,LINCOLN
LINCOLN - 000014,41,0.0365853659,3.0000000000,81.9999999999,0,LINCOLN,LINCOLN
LINCOLN - 000015,40,1.0000000000,45.0000000000,45.0000000000,0,LINCOLN,LINCOLN
LINCOLN - 000016,40,1.0000000000,64.0000000000,64.0000000000,0,LINCOLN,LINCOLN
LINCOLN - 000017,41,1.0000000000,71.9999999998,71.9999999998,0,LINCOLN,LINCOLN
LINCOLN - 000018,41,1.0000000000,63.0000000003,63.0000000003,0,LINCOLN,LINCOLN
LINCOLN - 000019,40,0.0092882886,1.3839550006,148.9999999999,0,LINCOLN,LINCOLN
LINCOLN - 000019,41,0.9907117114,147.6160449993,148.9999999999,0,LINCOLN,LINCOLN
LINCOLN - 000020,40,1.0000000000,38.0000000000,38.0000000000,0,LINCOLN,LINCOLN
LINCOLN - 000021,40,1.0000000000,55.9999999998,55.9999999998,0,LINCOLN,LINCOLN
LINCOLN - 000022,40,0.9322033898,110.0000000000,118.0000000000,0,LINCOLN,LINCOLN
LINCOLN - 000022,41,0.0677966102,8.0000000000,118.0000000000,0,LINCOLN,LINCOLN
LINCOLN - 000023,41,1.0000000000,79.0000000000,79.0000000000,0,LINCOLN,LINCOLN
LIVINGSTON - 000002,7,1.0000000000,74.0000000001,74.0000000001,0,LIVINGSTON,LIVINGSTON
LIVINGSTON - 000003,7,1.0000000000,75.0000000000,75.0000000000,0,LIVINGSTON,LIVINGSTON
LIVINGSTON - 000004,7,1.0000000000,83.0000000000,83.0000000000,0,LIVINGSTON,LIVINGSTON
LIVINGSTON - 000005,7,1.0000000000,184.0000000000,184.0000000000,0,LIVINGSTON,LIVINGSTON
LIVINGSTON - 000006,7,1.0000000000,60.0000000000,60.0000000000,0,LIVINGSTON,LIVINGSTON
LIVINGSTON - 000007,7,1.0000000000,158.0000000001,158.0000000001,0,LIVINGSTON,LIVINGSTON
LIVINGSTON - 000008,7,1.0000000000,119.0000000001,119.0000000001,0,LIVINGSTON,LIVINGSTON
LIVINGSTON - 000009,7,1.0000000000,87.9999999999,87.9999999999,0,LIVINGSTON,LIVINGSTON
LIVINGSTON - 000010,7,0.9998033107,91.9819045800,91.9999999996,0,LIVINGSTON,LIVINGSTON
LIVINGSTON - 000010,48,0.0001966893,0.0180954196,91.9999999996,0,LIVINGSTON,LIVINGSTON
LIVINGSTON - 000011,7,1.0000000000,86.0000000000,86.0000000000,0,LIVINGSTON,LIVINGSTON
LIVINGSTON - 000012,7,1.0000000000,108.0000000001,108.0000000001,0,LIVINGSTON,LIVINGSTON
LIVINGSTON - 000013,7,1.0000000000,30.0000000000,30.0000000000,0,LIVINGSTON,LIVINGSTON
LIVINGSTON - 000014,7,1.0000000000,82.0000000000,82.0000000000,0,LIVINGSTON,LIVINGSTON
LIVINGSTON - 000015,7,1.0000000000,63.0000000000,63.0000000000,0,LIVINGSTON,LIVINGSTON
LIVINGSTON - 000016,7,1.0000000000,58.9999999999,58.9999999999,0,LIVINGSTON,LIVINGSTON
LIVINGSTON - 000017,7,1.0000000000,58.0000000000,58.0000000000,0,LIVINGSTON,LIVINGSTON
LIVINGSTON - 000018,7,1.0000000000,81.0000000002,81.0000000002,0,LIVINGSTON,LIVINGSTON
MACON - 000002,6,1.0000000000,163.0000000002,163.0000000002,0,MACON,MACON
MACON - 000003,6,1.0000000000,247.9999999998,247.9999999998,0,MACON,MACON
MACON - 000004,6,1.0000000000,222.0000000002,222.0000000002,0,MACON,MACON
MACON - 000005,6,1.0000000000,108.0000000001,108.0000000001,0,MACON,MACON
MACON - 000006,6,1.0000000000,133.9999999998,133.9999999998,0,MACON,MACON
MACON - 000007,6,1.0000000000,338.9999999999,338.9999999999,0,MACON,MACON
MACON - 000008,6,1.0000000000,327.0000000000,327.0000000000,0,MACON,MACON
MACON - 000009,6,1.0000000000,59.9999999999,59.9999999999,0,MACON,MACON
MACON - 000010,6,1.0000000000,52.9999999999,52.9999999999,0,MACON,MACON
MACON - 000011,6,1.0000000000,68.9999999999,68.9999999999,0,MACON,MACON
MACON - 000012,6,1.0000000000,79.0000000000,79.0000000000,0,MACON,MACON
MACON - 000013,6,1.0000000000,197.9999999999,197.9999999999,0,MACON,MACON
MADISON - 000002,144,1.0000000000,28.0000000000,28.0000000000,0,MADISON,MADISON
MADISON - 000003,116,1.0000000000,15.0000000000,15.0000000000,0,MADISON,MADISON
MADISON - 000004,116,1.0000000000,89.0000000005,89.0000000005,0,MADISON,MADISON
MADISON - 000005,116,1.0000000000,115.0000000001,115.0000000001,0,MADISON,MADISON
MADISON - 000006,116,1.0000000000,38.0000000000,38.0000000000,0,MADISON,MADISON
MADISON - 000007,116,1.0000000000,43.0000000001,43.0000000001,0,MADISON,MADISON
MADISON - 000008,116,1.0000000000,55.0000000000,55.0000000000,0,MADISON,MADISON
MADISON - 000009,116,1.0000000000,106.9999999999,106.9999999999,0,MADISON,MADISON
MADISON - 000010,144,1.0000000000,58.9999999999,58.9999999999,0,MADISON,MADISON
MADISON - 000011,116,1.0000000000,15.0000000001,15.0000000001,0,MADISON,MADISON
MADISON - 000012,144,1.0000000000,100.0000000000,100.0000000000,0,MADISON,MADISON
MADISON - 000013,144,1.0000000000,16.0000000000,16.0000000000,0,MADISON,MADISON
MADISON - 000014,144,1.0000000000,7.0000000000,7.0000000000,0,MADISON,MADISON
MADISON - 000015,116,0.4379600171,57.3727622385,131.0000000001,0,MADISON,MADISON
MADISON - 000015,144,0.5620399829,73.6272377616,131.0000000001,0,MADISON,MADISON
MADISON - 000016,116,1.0000000000,41.0000000000,41.0000000000,0,MADISON,MADISON
MADISON - 000017,116,1.0000000000,50.0000000000,50.0000000000,0,MADISON,MADISON
MADISON - 000018,144,1.0000000000,63.0000000000,63.0000000000,0,MADISON,MADISON
MARIES - 000002,143,1.0000000000,154.0000000005,154.0000000005,0,MARIES,MARIES
MARIES - 000003,143,1.0000000000,59.0000000001,59.0000000001,0,MARIES,MARIES
MARIES - 000004,143,1.0000000000,90.0000000000,90.0000000000,0,MARIES,MARIES
MARIES - 000005,143,1.0000000000,41.0000000001,41.0000000001,0,MARIES,MARIES
MARIES - 000006,143,1.0000000000,69.0000000000,69.0000000000,0,MARIES,MARIES
MARIES - 000007,143,1.0000000000,75.0000000001,75.0000000001,0,MARIES,MARIES
MARIES - 000008,143,1.0000000000,45.0000000001,45.0000000001,0,MARIES,MARIES
MARIES - 000009,124,0.0266919363,1.2812129408,48.0000000001,0,MARIES,MARIES
MARIES - 000009,143,0.9733080637,46.7187870593,48.0000000001,0,MARIES,MARIES
MARIES - 000010,143,1.0000000000,56.9999999999,56.9999999999,0,MARIES,MARIES
MARIES - 000011,143,1.0000000000,163.0000000005,163.0000000005,0,MARIES,MARIES
MARION - 000002,5,1.0000000000,51.9999999999,51.9999999999,0,MARION,MARION
MARION - 000003,5,1.0000000000,35.0000000000,35.0000000000,0,MARION,MARION
MARION - 000004,5,1.0000000000,80.9999999999,80.9999999999,0,MARION,MARION
MARION - 000005,5,1.0000000000,32.0000000000,32.0000000000,0,MARION,MARION
MARION - 000006,5,1.0000000000,79.0000000000,79.0000000000,0,MARION,MARION
MARION - 000007,5,1.0000000000,82.9999999999,82.9999999999,0,MARION,MARION
MARION - 000008,5,1.0000000000,61.0000000000,61.0000000000,0,MARION,MARION
MARION - 000009,5,1.0000000000,105.9999999998,105.9999999998,0,MARION,MARION
MARION - 000010,5,1.0000000000,34.0000000000,34.0000000000,0,MARION,MARION
MARION - 000011,5,1.0000000000,30.0000000002,30.0000000002,0,MARION,MARION
MARION - 000012,5,1.0000000000,109.9999999999,109.9999999999,0,MARION,MARION
MARION - 000013,5,1.0000000000,26.9999999999,26.9999999999,0,MARION,MARION
MARION - 000014,5,1.0000000000,92.0000000003,92.0000000003,0,MARION,MARION
MARION - 000015,5,1.0000000000,80.9999999999,80.9999999999,0,MARION,MARION
MARION - 000016,5,1.0000000000,98.0000000002,98.0000000002,0,MARION,MARION
MARION - 000017,5,1.0000000000,89.0000000001,89.0000000001,0,MARION,MARION
MARION - 000018,5,1.0000000000,107.0000000000,107.0000000000,0,MARION,MARION
MARION - 000019,5,1.0000000000,110.9999999997,110.9999999997,0,MARION,MARION
MARION - 000020,5,1.0000000000,134.0000000001,134.0000000001,0,MARION,MARION
MARION - 000021,5,1.0000000000,54.0000000000,54.0000000000,0,MARION,MARION
MCDONALD - 000002,159,1.0000000000,116.0000000001,116.0000000001,0,MCDONALD,MCDONALD
MCDONALD - 000003,159,1.0000000000,106.0000000001,106.0000000001,0,MCDONALD,MCDONALD
MCDONALD - 000004,159,1.0000000000,24.0000000000,24.0000000000,0,MCDONALD,MCDONALD
MCDONALD - 000005,159,1.0000000000,62.0000000000,62.0000000000,0,MCDONALD,MCDONALD
MCDONALD - 000006,158,0.9991405826,113.9020264184,114.0000000000,0,MCDONALD,MCDONALD
MCDONALD - 000006,159,0.0008594174,0.0979735816,114.0000000000,0,MCDONALD,MCDONALD
MCDONALD - 000007,159,1.0000000000,78.0000000001,78.0000000001,0,MCDONALD,MCDONALD
MCDONALD - 000008,159,1.0000000000,50.0000000000,50.0000000000,0,MCDONALD,MCDONALD
MCDONALD - 000009,159,1.0000000000,108.9999999999,108.9999999999,0,MCDONALD,MCDONALD
MCDONALD - 000010,159,1.0000000000,112.9999999996,112.9999999996,0,MCDONALD,MCDONALD
MCDONALD - 000011,159,1.0000000000,64.0000000000,64.0000000000,0,MCDONALD,MCDONALD
MCDONALD - 000012,159,1.0000000000,34.0000000000,34.0000000000,0,MCDONALD,MCDONALD
MCDONALD - 000013,159,1.0000000000,52.9999999999,52.9999999999,0,MCDONALD,MCDONALD
MCDONALD - 000014,158,1.0000000000,65.0000000000,65.0000000000,0,MCDONALD,MCDONALD
MCDONALD - 000015,159,1.0000000000,71.9999999998,71.9999999998,0,MCDONALD,MCDONALD
MCDONALD - 000016,158,0.0306122449,3.0000000000,97.9999999997,0,MCDONALD,MCDONALD
MCDONALD - 000016,159,0.9693877551,94.9999999997,97.9999999997,0,MCDONALD,MCDONALD
MCDONALD - 000017,158,0.2517709167,19.1345896682,75.9999999999,0,MCDONALD,MCDONALD
MCDONALD - 000017,159,0.7482290833,56.8654103317,75.9999999999,0,MCDONALD,MCDONALD
MCDONALD - 000018,159,1.0000000000,100.9999999999,100.9999999999,0,MCDONALD,MCDONALD
MCDONALD - 000019,158,0.0109534167,0.7776925845,71.0000000000,0,MCDONALD,MCDONALD
MCDONALD - 000019,159,0.9890465833,70.2223074155,71.0000000000,0,MCDONALD,MCDONALD
MCDONALD - 000020,158,0.9985950259,57.9185115039,57.9999999999,0,MCDONALD,MCDONALD
MCDONALD - 000020,159,0.0014049741,0.0814884960,57.9999999999,0,MCDONALD,MCDONALD
MERCER - 000002,3,1.0000000000,51.9999999999,51.9999999999,0,MERCER,MERCER
MERCER - 000003,3,1.0000000000,79.0000000000,79.0000000000,0,MERCER,MERCER
MERCER - 000004,3,1.0000000000,43.0000000000,43.0000000000,0,MERCER,MERCER
MERCER - 000005,3,1.0000000000,167.9999999998,167.9999999998,0,MERCER,MERCER
MERCER - 000006,3,1.0000000000,59.0000000000,59.0000000000,0,MERCER,MERCER
MERCER - 000007,3,1.0000000000,198.0000000000,198.0000000000,0,MERCER,MERCER
MERCER - 000008,3,1.0000000000,67.0000000000,67.0000000000,0,MERCER,MERCER
MERCER - 000009,3,1.0000000000,35.0000000000,35.0000000000,0,MERCER,MERCER
MERCER - 000010,3,1.0000000000,70.0000000000,70.0000000000,0,MERCER,MERCER
MILLER - 000002,124,1.0000000000,92.9999999999,92.9999999999,0,MILLER,MILLER
MILLER - 000003,124,1.0000000000,21.0000000000,21.0000000000,0,MILLER,MILLER
MILLER - 000004,124,1.0000000000,16.0000000000,16.0000000000,0,MILLER,MILLER
MILLER - 000005,124,1.0000000000,84.0000000002,84.0000000002,0,MILLER,MILLER
MILLER - 000006,124,1.0000000000,54.9999999999,54.9999999999,0,MILLER,MILLER
MILLER - 000007,124,1.0000000000,100.0000000000,100.0000000000,0,MILLER,MILLER
MILLER - 000008,124,1.0000000000,177.9999999997,177.9999999997,0,MILLER,MILLER
MILLER - 000009,124,1.0000000000,113.0000000002,113.0000000002,0,MILLER,MILLER
MILLER - 000010,124,1.0000000000,39.0000000000,39.0000000000,0,MILLER,MILLER
MILLER - 000011,124,1.0000000000,100.0000000000,100.0000000000,0,MILLER,MILLER
MILLER - 000012,124,1.0000000000,115.0000000001,115.0000000001,0,MILLER,MILLER
MILLER - 000013,124,1.0000000000,166.0000000003,166.0000000003,0,MILLER,MILLER
MILLER - 000014,123,0.0000013161,0.0000894962,68.0000000002,0,MILLER,MILLER
MILLER - 000014,124,0.9999986839,67.9999105040,68.0000000002,0,MILLER,MILLER
MILLER - 000015,124,1.0000000000,67.9999999999,67.9999999999,0,MILLER,MILLER
MILLER - 000016,59,0.0081320210,1.0002385838,122.9999999999,0,MILLER,MILLER
MILLER - 000016,61,0.8130081301,99.9999999999,122.9999999999,0,MILLER,MILLER
MILLER - 000016,124,0.1788598489,21.9997614162,122.9999999999,0,MILLER,MILLER
MILLER - 000017,124,1.0000000000,16.9999999999,16.9999999999,0,MILLER,MILLER
MILLER - 000018,61,0.3839231323,53.3653153952,139.0000000000,0,MILLER,MILLER
MILLER - 000018,124,0.6160114031,85.6255850338,139.0000000000,0,MILLER,MILLER
MILLER - 000018,143,0.0000654645,0.0090995710,139.0000000000,0,MILLER,MILLER
MILLER - 000019,124,1.0000000000,141.0000000001,141.0000000001,0,MILLER,MILLER
MILLER - 000020,124,1.0000000000,102.9999999998,102.9999999998,0,MILLER,MILLER
MILLER - 000021,61,1.0000000000,23.0000000000,23.0000000000,0,MILLER,MILLER
MILLER - 000022,124,1.0000000000,147.9999999999,147.9999999999,0,MILLER,MILLER
MILLER - 000023,124,1.0000000000,96.0000000000,96.0000000000,0,MILLER,MILLER
MISSISSIPPI - 000002,149,1.0000000000,108.0000000000,108.0000000000,0,MISSISSIPPI,MISSISSIPPI
MISSISSIPPI - 000003,148,0.0000469452,0.0052109191,111.0000000001,0,MISSISSIPPI,MISSISSIPPI
MISSISSIPPI - 000003,149,0.9999530548,110.9947890810,111.0000000001,0,MISSISSIPPI,MISSISSIPPI
MISSISSIPPI - 000004,149,1.0000000000,128.0000000001,128.0000000001,0,MISSISSIPPI,MISSISSIPPI
MISSISSIPPI - 000005,148,0.0066671552,1.0000732821,150.0000000001,0,MISSISSIPPI,MISSISSIPPI
MISSISSIPPI - 000005,149,0.9933328448,148.9999267180,150.0000000001,0,MISSISSIPPI,MISSISSIPPI
MISSISSIPPI - 000006,149,1.0000000000,102.0000000004,102.0000000004,0,MISSISSIPPI,MISSISSIPPI
MISSISSIPPI - 000007,149,1.0000000000,46.9999999999,46.9999999999,0,MISSISSIPPI,MISSISSIPPI
MISSISSIPPI - 000008,149,1.0000000000,197.0000000000,197.0000000000,0,MISSISSIPPI,MISSISSIPPI
MISSISSIPPI - 000009,149,1.0000000000,116.9999999999,116.9999999999,0,MISSISSIPPI,MISSISSIPPI
MISSISSIPPI - 000010,149,1.0000000000,3.0000000000,3.0000000000,0,MISSISSIPPI,MISSISSIPPI
MISSISSIPPI - 000011,149,1.0000000000,87.0000000001,87.0000000001,0,MISSISSIPPI,MISSISSIPPI
MISSISSIPPI - 000012,149,1.0000000000,143.0000000000,143.0000000000,0,MISSISSIPPI,MISSISSIPPI
MONITEAU - 000002,58,1.0000000000,74.0000000003,74.0000000003,0,MONITEAU,MONITEAU
MONITEAU - 000003,58,1.0000000000,76.0000000001,76.0000000001,0,MONITEAU,MONITEAU
MONITEAU - 000004,58,1.0000000000,65.0000000000,65.0000000000,0,MONITEAU,MONITEAU
MONITEAU - 000005,58,1.0000000000,100.0000000000,100.0000000000,0,MONITEAU,MONITEAU
MONITEAU - 000006,58,1.0000000000,53.0000000000,53.0000000000,0,MONITEAU,MONITEAU
MONITEAU - 000007,58,1.0000000000,82.9999999998,82.9999999998,0,MONITEAU,MONITEAU
MONITEAU - 000008,58,1.0000000000,95.0000000000,95.0000000000,0,MONITEAU,MONITEAU
MONITEAU - 000009,58,1.0000000000,98.9999999999,98.9999999999,0,MONITEAU,MONITEAU
MONITEAU - 000010,58,1.0000000000,101.9999999999,101.9999999999,0,MONITEAU,MONITEAU
MONITEAU - 000011,58,1.0000000000,66.0000000000,66.0000000000,0,MONITEAU,MONITEAU
MONITEAU - 000012,58,1.0000000000,77.0000000001,77.0000000001,0,MONITEAU,MONITEAU
MONITEAU - 000013,58,1.0000000000,74.0000000000,74.0000000000,0,MONITEAU,MONITEAU
MONITEAU - 000014,58,1.0000000000,83.0000000000,83.0000000000,0,MONITEAU,MONITEAU
MONITEAU - 000015,58,1.0000000000,137.0000000006,137.0000000006,0,MONITEAU,MONITEAU
MONROE - 000002,43,1.0000000000,73.0000000001,73.0000000001,0,MONROE,MONROE
MONROE - 000003,4,0.2314814815,19.4444444442,83.9999999996,0,MONROE,MONROE
MONROE - 000003,43,0.7685185185,64.5555555554,83.9999999996,0,MONROE,MONROE
MONROE - 000004,43,1.0000000000,57.0000000000,57.0000000000,0,MONROE,MONROE
MONROE - 000005,43,1.0000000000,31.0000000000,31.0000000000,0,MONROE,MONROE
MONROE - 000006,43,1.0000000000,126.0000000001,126.0000000001,0,MONROE,MONROE
MONROE - 000007,43,1.0000000000,47.9999999999,47.9999999999,0,MONROE,MONROE
MONROE - 000008,43,1.0000000000,31.0000000000,31.0000000000,0,MONROE,MONROE
MONROE - 000009,43,1.0000000000,91.9999999998,91.9999999998,0,MONROE,MONROE
MONROE - 000010,4,0.9665305205,83.1216247648,86.0000000001,0,MONROE,MONROE
MONROE - 000010,43,0.0334694795,2.8783752353,86.0000000001,0,MONROE,MONROE
MONROE - 000011,43,1.0000000000,43.9999999999,43.9999999999,0,MONROE,MONROE
MONROE - 000012,43,1.0000000000,41.9999999999,41.9999999999,0,MONROE,MONROE
MONROE - 000013,43,1.0000000000,167.0000000000,167.0000000000,0,MONROE,MONROE
MONROE - 000014,43,1.0000000000,89.0000000002,89.0000000002,0,MONROE,MONROE
MONROE - 000015,4,0.0000382935,0.0039442304,103.0000000003,0,MONROE,MONROE
MONROE - 000015,43,0.9999617065,102.9960557699,103.0000000003,0,MONROE,MONROE
MONROE - 000016,43,1.0000000000,120.0000000001,120.0000000001,0,MONROE,MONROE
MONROE - 000017,4,0.2769230769,18.0000000000,64.9999999999,0,MONROE,MONROE
MONROE - 000017,43,0.7230769231,46.9999999999,64.9999999999,0,MONROE,MONROE
MONTGOMERY - 000002,42,0.9924538319,149.8605286220,151.0000000001,0,MONTGOMERY,MONTGOMERY
MONTGOMERY - 000002,61,0.0075461681,1.1394713781,151.0000000001,0,MONTGOMERY,MONTGOMERY
MONTGOMERY - 000003,61,1.0000000000,82.0000000001,82.0000000001,0,MONTGOMERY,MONTGOMERY
MONTGOMERY - 000004,42,1.0000000000,86.0000000003,86.0000000003,0,MONTGOMERY,MONTGOMERY
MONTGOMERY - 000005,42,1.0000000000,114.9999999998,114.9999999998,0,MONTGOMERY,MONTGOMERY
MONTGOMERY - 000006,40,0.0000518143,0.0068394817,132.0000000000,0,MONTGOMERY,MONTGOMERY
MONTGOMERY - 000006,42,0.9971156121,131.6192608012,132.0000000000,0,MONTGOMERY,MONTGOMERY
MONTGOMERY - 000006,61,0.0028325736,0.3738997171,132.0000000000,0,MONTGOMERY,MONTGOMERY
MONTGOMERY - 000007,61,1.0000000000,65.0000000002,65.0000000002,0,MONTGOMERY,MONTGOMERY
MONTGOMERY - 000008,42,0.0007527266,0.2107634454,279.9999999997,0,MONTGOMERY,MONTGOMERY
MONTGOMERY - 000008,61,0.9992472734,279.7892365543,279.9999999997,0,MONTGOMERY,MONTGOMERY
MONTGOMERY - 000009,42,0.0053763441,1.0000000000,186.0000000001,0,MONTGOMERY,MONTGOMERY
MONTGOMERY - 000009,61,0.9946236559,185.0000000001,186.0000000001,0,MONTGOMERY,MONTGOMERY
MONTGOMERY - 000010,61,1.0000000000,161.0000000002,161.0000000002,0,MONTGOMERY,MONTGOMERY
MONTGOMERY - 000011,61,1.0000000000,212.0000000000,212.0000000000,0,MONTGOMERY,MONTGOMERY
MORGAN - 000002,58,1.0000000000,111.9999999999,111.9999999999,0,MORGAN,MORGAN
MORGAN - 000003,52,0.0000624692,0.0097451963,156.0000000000,0,MORGAN,MORGAN
MORGAN - 000003,58,0.9999375308,155.9902548037,156.0000000000,0,MORGAN,MORGAN
MORGAN - 000004,58,1.0000000000,214.0000000000,214.0000000000,0,MORGAN,MORGAN
MORGAN - 000005,58,1.0000000000,271.0000000001,271.0000000001,0,MORGAN,MORGAN
MORGAN - 000006,58,1.0000000000,275.0000000000,275.0000000000,0,MORGAN,MORGAN
MORGAN - 000007,58,1.0000000000,81.0000000001,81.0000000001,0,MORGAN,MORGAN
MORGAN - 000008,58,1.0000000000,111.0000000000,111.0000000000,0,MORGAN,MORGAN
MORGAN - 000009,58,1.0000000000,128.0000000000,128.0000000000,0,MORGAN,MORGAN
MORGAN - 000010,58,1.0000000000,172.9999999998,172.9999999998,0,MORGAN,MORGAN
MORGAN - 000011,58,1.0000000000,201.9999999999,201.9999999999,0,MORGAN,MORGAN
MORGAN - 000012,58,1.0000000000,258.9999999991,258.9999999991,0,MORGAN,MORGAN
NEW MADRID - 000002,149,1.0000000000,186.9999999999,186.9999999999,0,NEW MADRID,NEW MADRID
NEW MADRID - 000003,149,1.0000000000,98.0000000000,98.0000000000,0,NEW MADRID,NEW MADRID
NEW MADRID - 000004,149,1.0000000000,91.9999999999,91.9999999999,0,NEW MADRID,NEW MADRID
NEW MADRID - 000005,148,0.0205120951,1.0050926609,48.9999999999,0,NEW MADRID,NEW MADRID
NEW MADRID - 000005,149,0.9794879049,47.9949073390,48.9999999999,0,NEW MADRID,NEW MADRID
NEW MADRID - 000006,149,1.0000000000,137.0000000000,137.0000000000,0,NEW MADRID,NEW MADRID
NEW MADRID - 000007,149,1.0000000000,158.0000000001,158.0000000001,0,NEW MADRID,NEW MADRID
NEW MADRID - 000008,149,1.0000000000,43.0000000000,43.0000000000,0,NEW MADRID,NEW MADRID
NEW MADRID - 000009,149,1.0000000000,137.0000000001,137.0000000001,0,NEW MADRID,NEW MADRID
NEW MADRID - 000010,149,1.0000000000,44.0000000001,44.0000000001,0,NEW MADRID,NEW MADRID
NEW MADRID - 000011,149,1.0000000000,62.0000000001,62.0000000001,0,NEW MADRID,NEW MADRID
NEW MADRID - 000012,149,1.0000000000,150.0000000001,150.0000000001,0,NEW MADRID,NEW MADRID
NEW MADRID - 000013,149,1.0000000000,19.9999999999,19.9999999999,0,NEW MADRID,NEW MADRID
NEW MADRID - 000014,149,1.0000000000,3.0000000000,3.0000000000,0,NEW MADRID,NEW MADRID
NEW MADRID - 000015,149,1.0000000000,58.0000000000,58.0000000000,0,NEW MADRID,NEW MADRID
NEW MADRID - 000016,149,1.0000000000,132.9999999998,132.9999999998,0,NEW MADRID,NEW MADRID
NEW MADRID - 000017,149,1.0000000000,46.9999999999,46.9999999999,0,NEW MADRID,NEW MADRID
NEW MADRID - 000018,149,1.0000000000,51.0000000000,51.0000000000,0,NEW MADRID,NEW MADRID
NEW MADRID - 000019,149,1.0000000000,15.9999999999,15.9999999999,0,NEW MADRID,NEW MADRID
NEW MADRID - 000020,149,1.0000000000,56.0000000000,56.0000000000,0,NEW MADRID,NEW MADRID
NEW MADRID - 000021,149,1.0000000000,156.0000000000,156.0000000000,0,NEW MADRID,NEW MADRID
NEW MADRID - 000022,149,1.0000000000,67.9999999997,67.9999999997,0,NEW MADRID,NEW MADRID
NEW MADRID - 000023,149,1.0000000000,98.0000000000,98.0000000000,0,NEW MADRID,NEW MADRID
NEW MADRID - 000024,149,1.0000000000,56.0000000000,56.0000000000,0,NEW MADRID,NEW MADRID
NEWTON - 000002,159,0.9875000000,158.0000000001,160.0000000001,0,NEWTON,NEWTON
NEWTON - 000002,160,0.0125000000,2.0000000000,160.0000000001,0,NEWTON,NEWTON
NEWTON - 000003,160,1.0000000000,206.9999999999,206.9999999999,0,NEWTON,NEWTON
NEWTON - 000004,159,1.0000000000,129.0000000000,129.0000000000,0,NEWTON,NEWTON
NEWTON - 000005,160,1.0000000000,225.9999999999,225.9999999999,0,NEWTON,NEWTON
NEWTON - 000006,159,1.0000000000,92.8866200183,92.8866200183,0,NEWTON,NEWTON
NEWTON - 000007,160,1.0000000000,159.0000000001,159.0000000001,0,NEWTON,NEWTON
NEWTON - 000008,160,1.0000000000,106.0000000000,106.0000000000,0,NEWTON,NEWTON
NEWTON - 000009,160,1.0000000000,113.9999999999,113.9999999999,0,NEWTON,NEWTON
NEWTON - 000010,159,0.0066666667,1.0000000000,149.9999999998,0,NEWTON,NEWTON
NEWTON - 000010,160,0.9933333333,148.9999999998,149.9999999998,0,NEWTON,NEWTON
NEWTON - 000011,160,1.0000000000,68.0000000002,68.0000000002,0,NEWTON,NEWTON
NEWTON - 000012,160,1.0000000000,210.9999999996,210.9999999996,0,NEWTON,NEWTON
NEWTON - 000013,159,1.0000000000,91.0000000000,91.0000000000,0,NEWTON,NEWTON
NEWTON - 000014,159,0.6661308025,69.2776034557,104.0000000002,0,NEWTON,NEWTON
NEWTON - 000014,160,0.3338691975,34.7223965445,104.0000000002,0,NEWTON,NEWTON
NEWTON - 000015,159,1.0000000000,85.0000000000,85.0000000000,0,NEWTON,NEWTON
NEWTON - 000016,159,1.0000000000,174.0000000000,174.0000000000,0,NEWTON,NEWTON
NEWTON - 000017,160,1.0000000000,32.9999999996,32.9999999996,0,NEWTON,NEWTON
NEWTON - 000018,160,1.0000000000,45.0000000000,45.0000000000,0,NEWTON,NEWTON
NEWTON - 000019,160,1.0000000000,76.9999999998,76.9999999998,0,NEWTON,NEWTON
NEWTON - 000020,159,0.1288874843,9.1510113862,70.9999999998,0,NEWTON,NEWTON
NEWTON - 000020,160,0.8711125157,61.8489886135,70.9999999998,0,NEWTON,NEWTON
NEWTON - 000021,159,1.0000000000,114.0000000000,114.0000000000,0,NEWTON,NEWTON
NEWTON - 000022,159,0.0009424948,0.1083869012,115.0000000001,0,NEWTON,NEWTON
NEWTON - 000022,160,0.9890505033,113.7408078765,115.0000000001,0,NEWTON,NEWTON
NEWTON - 000022,163,0.0100070019,1.1508052224,115.0000000001,0,NEWTON,NEWTON
NEWTON - 000023,159,1.0000000000,113.9999999999,113.9999999999,0,NEWTON,NEWTON
NEWTON - 000024,159,1.0000000000,126.0000000001,126.0000000001,0,NEWTON,NEWTON
NODAWAY - 000002,1,1.0000000000,113.9999999998,113.9999999998,0,NODAWAY,NODAWAY
NODAWAY - 000003,1,1.0000000000,115.9999999999,115.9999999999,0,NODAWAY,NODAWAY
NODAWAY - 000004,1,1.0000000000,99.0000000000,99.0000000000,0,NODAWAY,NODAWAY
NODAWAY - 000005,1,1.0000000000,124.0000000003,124.0000000003,0,NODAWAY,NODAWAY
NODAWAY - 000006,1,1.0000000000,140.9999999999,140.9999999999,0,NODAWAY,NODAWAY
NODAWAY - 000007,1,0.9830218977,57.9982919657,59.0000000001,0,NODAWAY,NODAWAY
NODAWAY - 000007,2,0.0169781023,1.0017080344,59.0000000001,0,NODAWAY,NODAWAY
NODAWAY - 000008,1,1.0000000000,64.0000000000,64.0000000000,0,NODAWAY,NODAWAY
NODAWAY - 000009,1,1.0000000000,132.0000000001,132.0000000001,0,NODAWAY,NODAWAY
NODAWAY - 000010,1,1.0000000000,113.0000000001,113.0000000001,0,NODAWAY,NODAWAY
NODAWAY - 000011,1,1.0000000000,130.0000000001,130.0000000001,0,NODAWAY,NODAWAY
NODAWAY - 000012,1,1.0000000000,104.9999999999,104.9999999999,0,NODAWAY,NODAWAY
NODAWAY - 000013,1,1.0000000000,124.0000000000,124.0000000000,0,NODAWAY,NODAWAY
NODAWAY - 000014,1,1.0000000000,171.0000000000,171.0000000000,0,NODAWAY,NODAWAY
NODAWAY - 000015,1,1.0000000000,139.0000000001,139.0000000001,0,NODAWAY,NODAWAY
NODAWAY - 000016,1,1.0000000000,163.0000000002,163.0000000002,0,NODAWAY,NODAWAY
NODAWAY - 000017,1,1.0000000000,157.0000000000,157.0000000000,0,NODAWAY,NODAWAY
NODAWAY - 000018,1,1.0000000000,113.0000000001,113.0000000001,0,NODAWAY,NODAWAY
NODAWAY - 000019,1,1.0000000000,91.0000000000,91.0000000000,0,NODAWAY,NODAWAY
NODAWAY - 000020,1,1.0000000000,60.0000000000,60.0000000000,0,NODAWAY,NODAWAY
NODAWAY - 000021,1,1.0000000000,54.0000000000,54.0000000000,0,NODAWAY,NODAWAY
OREGON - 000002,153,1.0000000000,92.0000000001,92.0000000001,0,OREGON,OREGON
OREGON - 000003,153,1.0000000000,19.0000000000,19.0000000000,0,OREGON,OREGON
OREGON - 000004,153,1.0000000000,91.0000000000,91.0000000000,0,OREGON,OREGON
OREGON - 000005,153,1.0000000000,45.0000000000,45.0000000000,0,OREGON,OREGON
OREGON - 000006,153,1.0000000000,49.0000000000,49.0000000000,0,OREGON,OREGON
OREGON - 000007,153,1.0000000000,87.0000000000,87.0000000000,0,OREGON,OREGON
OREGON - 000008,153,1.0000000000,67.0000000000,67.0000000000,0,OREGON,OREGON
OREGON - 000009,153,1.0000000000,20.9999999999,20.9999999999,0,OREGON,OREGON
OREGON - 000010,153,1.0000000000,129.0000000007,129.0000000007,0,OREGON,OREGON
OREGON - 000011,153,1.0000000000,34.0000000000,34.0000000000,0,OREGON,OREGON
OREGON - 000012,153,1.0000000000,104.0000000000,104.0000000000,0,OREGON,OREGON
OREGON - 000013,153,1.0000000000,81.0000000000,81.0000000000,0,OREGON,OREGON
OREGON - 000014,153,1.0000000000,135.0000000000,135.0000000000,0,OREGON,OREGON
OREGON - 000015,153,1.0000000000,121.0000000002,121.0000000002,0,OREGON,OREGON
OREGON - 000016,153,1.0000000000,61.0000000000,61.0000000000,0,OREGON,OREGON
OSAGE - 000002,61,1.0000000000,38.0000000000,38.0000000000,0,OSAGE,OSAGE
OSAGE - 000003,61,1.0000000000,117.9999999999,117.9999999999,0,OSAGE,OSAGE
OSAGE - 000004,59,0.0530100649,1.9083623352,35.9999999995,0,OSAGE,OSAGE
OSAGE - 000004,61,0.9469899351,34.0916376643,35.9999999995,0,OSAGE,OSAGE
OSAGE - 000005,61,1.0000000000,125.9999999999,125.9999999999,0,OSAGE,OSAGE
OSAGE - 000006,61,1.0000000000,25.0000000001,25.0000000001,0,OSAGE,OSAGE
OSAGE - 000007,59,0.0666666667,1.0000000000,15.0000000002,0,OSAGE,OSAGE
OSAGE - 000007,61,0.9333333333,14.0000000002,15.0000000002,0,OSAGE,OSAGE
OSAGE - 000008,61,1.0000000000,46.0000000001,46.0000000001,0,OSAGE,OSAGE
OSAGE - 000009,61,0.9990401342,68.9337692595,69.0000000002,0,OSAGE,OSAGE
OSAGE - 000009,143,0.0009598658,0.0662307407,69.0000000002,0,OSAGE,OSAGE
OSAGE - 000010,61,1.0000000000,27.0000000000,27.0000000000,0,OSAGE,OSAGE
OSAGE - 000011,61,1.0000000000,29.0000000000,29.0000000000,0,OSAGE,OSAGE
OSAGE - 000012,61,1.0000000000,23.9999999999,23.9999999999,0,OSAGE,OSAGE
OSAGE - 000013,61,1.0000000000,54.0000000001,54.0000000001,0,OSAGE,OSAGE
OSAGE - 000014,61,1.0000000000,108.0000000002,108.0000000002,0,OSAGE,OSAGE
OSAGE - 000015,61,1.0000000000,73.0000000003,73.0000000003,0,OSAGE,OSAGE
OSAGE - 000016,61,1.0000000000,34.0000000000,34.0000000000,0,OSAGE,OSAGE
OSAGE - 000017,61,1.0000000000,40.0000000000,40.0000000000,0,OSAGE,OSAGE
OSAGE - 000018,61,1.0000000000,61.0000000000,61.0000000000,0,OSAGE,OSAGE
OSAGE - 000019,61,1.0000000000,124.0000000002,124.0000000002,0,OSAGE,OSAGE
OSAGE - 000020,61,1.0000000000,68.0000000002,68.0000000002,0,OSAGE,OSAGE
OZARK - 000002,155,1.0000000000,173.0000000002,173.0000000002,0,OZARK,OZARK
OZARK - 000004,155,1.0000000000,173.0000000002,173.0000000002,0,OZARK,OZARK
OZARK - 000005,155,1.0000000000,296.9809091737,296.9809091737,0,OZARK,OZARK
OZARK - 000006,155,1.0000000000,227.9999999994,227.9999999994,0,OZARK,OZARK
OZARK - 000007,155,1.0000000000,69.0000000002,69.0000000002,0,OZARK,OZARK
OZARK - 000008,155,1.0000000000,50.9999999998,50.9999999998,0,OZARK,OZARK
OZARK - 000009,155,1.0000000000,46.0000000003,46.0000000003,0,OZARK,OZARK
OZARK - 000010,155,1.0000000000,64.0000000001,64.0000000001,0,OZARK,OZARK
OZARK - 000011,155,1.0000000000,38.0000000002,38.0000000002,0,OZARK,OZARK
OZARK - 000012,155,1.0000000000,124.0000000001,124.0000000001,0,OZARK,OZARK
OZARK - 000013,155,1.0000000000,142.9999999999,142.9999999999,0,OZARK,OZARK
PEMISCOT - 000002,150,1.0000000000,58.0000000000,58.0000000000,0,PEMISCOT,PEMISCOT
PEMISCOT - 000003,150,1.0000000000,41.0000000000,41.0000000000,0,PEMISCOT,PEMISCOT
PEMISCOT - 000004,149,0.9973544693,152.5952337957,152.9999999999,0,PEMISCOT,PEMISCOT
PEMISCOT - 000004,150,0.0026455307,0.4047662042,152.9999999999,0,PEMISCOT,PEMISCOT
PEMISCOT - 000005,149,1.0000000000,70.0000000000,70.0000000000,0,PEMISCOT,PEMISCOT
PEMISCOT - 000006,149,1.0000000000,69.0000000000,69.0000000000,0,PEMISCOT,PEMISCOT
PEMISCOT - 000007,149,0.9583333333,46.0000000000,48.0000000000,0,PEMISCOT,PEMISCOT
PEMISCOT - 000007,150,0.0416666667,2.0000000000,48.0000000000,0,PEMISCOT,PEMISCOT
PEMISCOT - 000008,149,0.9676018804,74.5053447914,77.0000000000,0,PEMISCOT,PEMISCOT
PEMISCOT - 000008,150,0.0323981196,2.4946552086,77.0000000000,0,PEMISCOT,PEMISCOT
PEMISCOT - 000009,150,1.0000000000,94.0000000001,94.0000000001,0,PEMISCOT,PEMISCOT
PEMISCOT - 000010,150,1.0000000000,41.0000000000,41.0000000000,0,PEMISCOT,PEMISCOT
PEMISCOT - 000011,149,1.0000000000,128.0000000002,128.0000000002,0,PEMISCOT,PEMISCOT
PEMISCOT - 000012,149,0.9647887324,137.0000000000,142.0000000000,0,PEMISCOT,PEMISCOT
PEMISCOT - 000012,150,0.0352112676,5.0000000000,142.0000000000,0,PEMISCOT,PEMISCOT
PEMISCOT - 000013,150,1.0000000000,77.0000000000,77.0000000000,0,PEMISCOT,PEMISCOT
PEMISCOT - 000014,149,0.2180939416,43.8368822668,201.0000000001,0,PEMISCOT,PEMISCOT
PEMISCOT - 000014,150,0.7819060584,157.1631177333,201.0000000001,0,PEMISCOT,PEMISCOT
PEMISCOT - 000015,149,0.8701084094,49.5961793338,57.0000000000,0,PEMISCOT,PEMISCOT
PEMISCOT - 000015,150,0.1298915906,7.4038206662,57.0000000000,0,PEMISCOT,PEMISCOT
PEMISCOT - 000016,150,1.0000000000,147.0000000001,147.0000000001,0,PEMISCOT,PEMISCOT
PEMISCOT - 000017,150,1.0000000000,82.0000000000,82.0000000000,0,PEMISCOT,PEMISCOT
PEMISCOT - 000018,150,1.0000000000,124.0000000000,124.0000000000,0,PEMISCOT,PEMISCOT
PERRY - 000002,145,1.0000000000,76.0000000001,76.0000000001,0,PERRY,PERRY
PERRY - 000003,145,1.0000000000,118.0000000000,118.0000000000,0,PERRY,PERRY
PERRY - 000004,145,1.0000000000,51.0000000000,51.0000000000,0,PERRY,PERRY
PERRY - 000005,145,1.0000000000,53.9999999998,53.9999999998,0,PERRY,PERRY
PERRY - 000006,145,1.0000000000,41.0000000000,41.0000000000,0,PERRY,PERRY
PERRY - 000007,145,1.0000000000,47.0000000000,47.0000000000,0,PERRY,PERRY
PERRY - 000008,145,1.0000000000,67.0000000001,67.0000000001,0,PERRY,PERRY
PERRY - 000009,145,1.0000000000,34.0000000000,34.0000000000,0,PERRY,PERRY
PERRY - 000010,145,1.0000000000,44.0000000001,44.0000000001,0,PERRY,PERRY
PERRY - 000011,145,1.0000000000,32.0000000000,32.0000000000,0,PERRY,PERRY
PERRY - 000012,145,1.0000000000,81.0000000000,81.0000000000,0,PERRY,PERRY
PERRY - 000013,145,1.0000000000,80.0000000000,80.0000000000,0,PERRY,PERRY
PERRY - 000014,145,1.0000000000,55.0000000000,55.0000000000,0,PERRY,PERRY
PERRY - 000015,145,1.0000000000,43.0000000000,43.0000000000,0,PERRY,PERRY
PERRY - 000016,145,1.0000000000,118.0000000003,118.0000000003,0,PERRY,PERRY
PERRY - 000017,145,1.0000000000,63.9999999998,63.9999999998,0,PERRY,PERRY
PERRY - 000018,145,1.0000000000,57.9999999999,57.9999999999,0,PERRY,PERRY
PERRY - 000019,145,1.0000000000,96.9999999999,96.9999999999,0,PERRY,PERRY
PETTIS - 000002,52,1.0000000000,68.0000000000,68.0000000000,0,PETTIS,PETTIS
PETTIS - 000003,48,0.0000133055,0.0008382465,62.9999999999,0,PETTIS,PETTIS
PETTIS - 000003,52,0.9999866945,62.9991617534,62.9999999999,0,PETTIS,PETTIS
PETTIS - 000004,52,1.0000000000,84.0000000002,84.0000000002,0,PETTIS,PETTIS
PETTIS - 000005,52,1.0000000000,108.0000000001,108.0000000001,0,PETTIS,PETTIS
PETTIS - 000006,57,1.0000000000,68.0000000001,68.0000000001,0,PETTIS,PETTIS
PETTIS - 000007,52,0.4068732074,42.7216867770,105.0000000000,0,PETTIS,PETTIS
PETTIS - 000007,57,0.5931267926,62.2783132230,105.0000000000,0,PETTIS,PETTIS
PETTIS - 000008,57,1.0000000000,156.9999999998,156.9999999998,0,PETTIS,PETTIS
PETTIS - 000009,52,1.0000000000,74.9999999999,74.9999999999,0,PETTIS,PETTIS
PETTIS - 000010,52,1.0000000000,62.0000000000,62.0000000000,0,PETTIS,PETTIS
PETTIS - 000011,52,1.0000000000,89.9999999998,89.9999999998,0,PETTIS,PETTIS
PETTIS - 000012,52,1.0000000000,106.0000000000,106.0000000000,0,PETTIS,PETTIS
PETTIS - 000013,52,1.0000000000,57.0000000000,57.0000000000,0,PETTIS,PETTIS
PETTIS - 000014,52,1.0000000000,67.9999999998,67.9999999998,0,PETTIS,PETTIS
PETTIS - 000015,52,0.0521604739,5.9984544984,114.9999999999,0,PETTIS,PETTIS
PETTIS - 000015,57,0.9478395261,109.0015455015,114.9999999999,0,PETTIS,PETTIS
PETTIS - 000016,52,1.0000000000,66.0000000000,66.0000000000,0,PETTIS,PETTIS
PETTIS - 000017,52,1.0000000000,66.0000000006,66.0000000006,0,PETTIS,PETTIS
PETTIS - 000018,52,1.0000000000,146.0000000001,146.0000000001,0,PETTIS,PETTIS
PETTIS - 000019,52,1.0000000000,55.9999999999,55.9999999999,0,PETTIS,PETTIS
PETTIS - 000020,52,1.0000000000,55.0000000001,55.0000000001,0,PETTIS,PETTIS
PETTIS - 000021,52,1.0000000000,70.9999999999,70.9999999999,0,PETTIS,PETTIS
PETTIS - 000022,52,1.0000000000,178.0000000001,178.0000000001,0,PETTIS,PETTIS
PETTIS - 000023,52,1.0000000000,84.0000000003,84.0000000003,0,PETTIS,PETTIS
PETTIS - 000024,52,1.0000000000,58.0000000001,58.0000000001,0,PETTIS,PETTIS
PETTIS - 000025,52,1.0000000000,66.0000000000,66.0000000000,0,PETTIS,PETTIS
PETTIS - 000026,52,1.0000000000,90.0000000001,90.0000000001,0,PETTIS,PETTIS
PETTIS - 000027,52,1.0000000000,103.9999999999,103.9999999999,0,PETTIS,PETTIS
PETTIS - 000028,52,1.0000000000,61.0000000000,61.0000000000,0,PETTIS,PETTIS
PETTIS - 000029,52,1.0000000000,88.0000000001,88.0000000001,0,PETTIS,PETTIS
PETTIS - 000030,52,1.0000000000,84.0000000000,84.0000000000,0,PETTIS,PETTIS
PETTIS - 000031,57,1.0000000000,100.0000000002,100.0000000002,0,PETTIS,PETTIS
PHELPS - 000002,122,1.0000000000,48.0000000000,48.0000000000,0,PHELPS,PHELPS
PHELPS - 000003,122,1.0000000000,73.9999999998,73.9999999998,0,PHELPS,PHELPS
PHELPS - 000004,122,1.0000000000,45.0000000000,45.0000000000,0,PHELPS,PHELPS
PHELPS - 000005,122,1.0000000000,89.0000000004,89.0000000004,0,PHELPS,PHELPS
PHELPS - 000006,122,1.0000000000,4.0000000000,4.0000000000,0,PHELPS,PHELPS
PHELPS - 000007,122,1.0000000000,84.0000000000,84.0000000000,0,PHELPS,PHELPS
PHELPS - 000008,122,1.0000000000,13.0000000000,13.0000000000,0,PHELPS,PHELPS
PHELPS - 000009,122,1.0000000000,43.0000000001,43.0000000001,0,PHELPS,PHELPS
PHELPS - 000010,143,1.0000000000,127.0000000002,127.0000000002,0,PHELPS,PHELPS
PHELPS - 000011,143,1.0000000000,17.9999999999,17.9999999999,0,PHELPS,PHELPS
PHELPS - 000012,143,1.0000000000,13.9999999999,13.9999999999,0,PHELPS,PHELPS
PHELPS - 000013,143,1.0000000000,9.9999999999,9.9999999999,0,PHELPS,PHELPS
PHELPS - 000014,143,1.0000000000,6.0000000000,6.0000000000,0,PHELPS,PHELPS
PHELPS - 000015,143,1.0000000000,15.0000000001,15.0000000001,0,PHELPS,PHELPS
PHELPS - 000016,143,1.0000000000,89.9999999999,89.9999999999,0,PHELPS,PHELPS
PHELPS - 000017,143,1.0000000000,37.0000000000,37.0000000000,0,PHELPS,PHELPS
PHELPS - 000018,143,1.0000000000,42.0000000000,42.0000000000,0,PHELPS,PHELPS
PHELPS - 000019,122,1.0000000000,83.9999999996,83.9999999996,0,PHELPS,PHELPS
PHELPS - 000020,122,0.7850094222,58.8757066660,74.9999999999,0,PHELPS,PHELPS
PHELPS - 000020,143,0.2149905778,16.1242933339,74.9999999999,0,PHELPS,PHELPS
PHELPS - 000021,143,1.0000000000,77.9999999999,77.9999999999,0,PHELPS,PHELPS
PHELPS - 000022,143,1.0000000000,27.0000000001,27.0000000001,0,PHELPS,PHELPS
PHELPS - 000023,143,1.0000000000,15.0000000000,15.0000000000,0,PHELPS,PHELPS
PHELPS - 000024,122,1.0000000000,111.0000000000,111.0000000000,0,PHELPS,PHELPS
PHELPS - 000025,122,1.0000000000,96.9999999996,96.9999999996,0,PHELPS,PHELPS
PHELPS - 000026,122,1.0000000000,78.0000000000,78.0000000000,0,PHELPS,PHELPS
PHELPS - 000027,122,1.0000000000,88.0000000000,88.0000000000,0,PHELPS,PHELPS
PHELPS - 000028,122,1.0000000000,122.9999999999,122.9999999999,0,PHELPS,PHELPS
PHELPS - 000029,122,1.0000000000,55.0000000000,55.0000000000,0,PHELPS,PHELPS
PHELPS - 000030,122,0.9958125230,39.8325009210,39.9999999998,0,PHELPS,PHELPS
PHELPS - 000030,143,0.0041874770,0.1674990788,39.9999999998,0,PHELPS,PHELPS
PHELPS - 000031,122,1.0000000000,82.9999999998,82.9999999998,0,PHELPS,PHELPS
PHELPS - 000032,143,1.0000000000,136.0000000000,136.0000000000,0,PHELPS,PHELPS
PHELPS - 000033,143,1.0000000000,53.0000000000,53.0000000000,0,PHELPS,PHELPS
PHELPS - 000034,122,1.0000000000,49.9999999999,49.9999999999,0,PHELPS,PHELPS
PHELPS - 000035,122,1.0000000000,76.9999999998,76.9999999998,0,PHELPS,PHELPS
PHELPS - 000036,122,1.0000000000,41.0000000001,41.0000000001,0,PHELPS,PHELPS
PHELPS - 000037,122,1.0000000000,28.9999999998,28.9999999998,0,PHELPS,PHELPS
PHELPS - 000038,122,1.0000000000,41.9999999998,41.9999999998,0,PHELPS,PHELPS
PHELPS - 000039,122,1.0000000000,35.9999999999,35.9999999999,0,PHELPS,PHELPS
PIKE - 000002,40,1.0000000000,102.9999999997,102.9999999997,0,PIKE,PIKE
PIKE - 000003,40,1.0000000000,83.0000000003,83.0000000003,0,PIKE,PIKE
PIKE - 000004,40,1.0000000000,161.0000000002,161.0000000002,0,PIKE,PIKE
PIKE - 000005,40,1.0000000000,214.0000000005,214.0000000005,0,PIKE,PIKE
PIKE - 000006,40,1.0000000000,49.0000000000,49.0000000000,0,PIKE,PIKE
PIKE - 000007,40,1.0000000000,139.0000000001,139.0000000001,0,PIKE,PIKE
PIKE - 000008,40,1.0000000000,110.9999999998,110.9999999998,0,PIKE,PIKE
PIKE - 000009,40,1.0000000000,68.0000000001,68.0000000001,0,PIKE,PIKE
PIKE - 000010,40,1.0000000000,120.0000000002,120.0000000002,0,PIKE,PIKE
PIKE - 000011,40,1.0000000000,66.9999999999,66.9999999999,0,PIKE,PIKE
PIKE - 000012,40,1.0000000000,160.9999999999,160.9999999999,0,PIKE,PIKE
PIKE - 000013,40,1.0000000000,170.0000000000,170.0000000000,0,PIKE,PIKE
PIKE - 000014,40,1.0000000000,61.9999999998,61.9999999998,0,PIKE,PIKE
PIKE - 000015,40,1.0000000000,96.0000000000,96.0000000000,0,PIKE,PIKE
PIKE - 000016,40,1.0000000000,112.0000000001,112.0000000001,0,PIKE,PIKE
PIKE - 000017,40,1.0000000000,52.9999999998,52.9999999998,0,PIKE,PIKE
PLATTE - 000002,13,1.0000000000,176.0000000003,176.0000000003,0,PLATTE,PLATTE
PLATTE - 000003,14,1.0000000000,36.9999999997,36.9999999997,0,PLATTE,PLATTE
PLATTE - 000004,14,1.0000000000,27.9999999999,27.9999999999,0,PLATTE,PLATTE
PLATTE - 000005,12,0.0284501759,1.8492614340,65.0000000000,0,PLATTE,PLATTE
PLATTE - 000005,14,0.9715498241,63.1507385660,65.0000000000,0,PLATTE,PLATTE
PLATTE - 000006,13,1.0000000000,107.0000000002,107.0000000002,0,PLATTE,PLATTE
PLATTE - 000007,13,1.0000000000,62.0000000000,62.0000000000,0,PLATTE,PLATTE
PLATTE - 000008,13,1.0000000000,88.0000000002,88.0000000002,0,PLATTE,PLATTE
PLATTE - 000009,13,1.0000000000,82.9999999998,82.9999999998,0,PLATTE,PLATTE
PLATTE - 000010,13,1.0000000000,69.0000000003,69.0000000003,0,PLATTE,PLATTE
PLATTE - 000011,13,0.8023675495,206.2084602332,257.0000000004,0,PLATTE,PLATTE
PLATTE - 000011,14,0.1976299839,50.7909058615,257.0000000004,0,PLATTE,PLATTE
PLATTE - 000011,16,0.0000024666,0.0006339057,257.0000000004,0,PLATTE,PLATTE
PLATTE - 000012,12,0.6210131068,25.4615373782,41.0000000000,0,PLATTE,PLATTE
PLATTE - 000012,14,0.3789868932,15.5384626218,41.0000000000,0,PLATTE,PLATTE
PLATTE - 000013,12,0.3861731132,30.8938490535,80.0000000001,0,PLATTE,PLATTE
PLATTE - 000013,13,0.4877354429,39.0188354286,80.0000000001,0,PLATTE,PLATTE
PLATTE - 000013,14,0.1260914440,10.0873155180,80.0000000001,0,PLATTE,PLATTE
PLATTE - 000014,13,1.0000000000,54.0000000000,54.0000000000,0,PLATTE,PLATTE
PLATTE - 000015,12,1.0000000000,9.9999999999,9.9999999999,0,PLATTE,PLATTE
PLATTE - 000016,12,0.0002207124,0.0022071242,10.0000000000,0,PLATTE,PLATTE
PLATTE - 000016,14,0.9997792876,9.9977928758,10.0000000000,0,PLATTE,PLATTE
PLATTE - 000017,13,1.0000000000,106.9999999999,106.9999999999,0,PLATTE,PLATTE
PLATTE - 000018,12,1.0000000000,52.0000000004,52.0000000004,0,PLATTE,PLATTE
PLATTE - 000019,12,1.0000000000,45.9999999999,45.9999999999,0,PLATTE,PLATTE
PLATTE - 000020,12,0.9278167220,15.7728842742,17.0000000000,0,PLATTE,PLATTE
PLATTE - 000020,18,0.0721832780,1.2271157258,17.0000000000,0,PLATTE,PLATTE
PLATTE - 000021,12,1.0000000000,52.0000000001,52.0000000001,0,PLATTE,PLATTE
PLATTE - 000022,12,0.0319756223,1.9824885845,62.0000000000,0,PLATTE,PLATTE
PLATTE - 000022,14,0.9680243777,60.0175114155,62.0000000000,0,PLATTE,PLATTE
PLATTE - 000023,12,0.9992522466,84.9364409600,85.0000000003,0,PLATTE,PLATTE
PLATTE - 000023,14,0.0007477534,0.0635590403,85.0000000003,0,PLATTE,PLATTE
PLATTE - 000024,13,1.0000000000,68.9999999999,68.9999999999,0,PLATTE,PLATTE
PLATTE - 000025,13,1.0000000000,167.0000000002,167.0000000002,0,PLATTE,PLATTE
PLATTE - 000026,12,0.1930246598,4.0535178566,21.0000000001,0,PLATTE,PLATTE
PLATTE - 000026,14,0.8069753402,16.9464821435,21.0000000001,0,PLATTE,PLATTE
PLATTE - 000027,12,0.9898533459,15.8376535349,15.9999999999,0,PLATTE,PLATTE
PLATTE - 000027,14,0.0101466541,0.1623464650,15.9999999999,0,PLATTE,PLATTE
PLATTE - 000028,12,0.0222692636,2.1823878326,98.0000000002,0,PLATTE,PLATTE
PLATTE - 000028,13,0.6660790111,65.2757430854,98.0000000002,0,PLATTE,PLATTE
PLATTE - 000028,14,0.3116517253,30.5418690822,98.0000000002,0,PLATTE,PLATTE
PLATTE - 000029,13,1.0000000000,60.0000000000,60.0000000000,0,PLATTE,PLATTE
PLATTE - 000030,12,0.9952786511,96.5420291540,97.0000000000,0,PLATTE,PLATTE
PLATTE - 000030,18,0.0047213489,0.4579708460,97.0000000000,0,PLATTE,PLATTE
PLATTE - 000031,12,0.7580645161,46.9999999999,61.9999999999,0,PLATTE,PLATTE
PLATTE - 000031,14,0.2419354839,15.0000000000,61.9999999999,0,PLATTE,PLATTE
PLATTE - 000032,12,0.3922158532,31.7694841112,80.9999999996,0,PLATTE,PLATTE
PLATTE - 000032,13,0.6077841468,49.2305158885,80.9999999996,0,PLATTE,PLATTE
PLATTE - 000033,12,0.0044985412,0.1304576945,29.0000000000,0,PLATTE,PLATTE
PLATTE - 000033,14,0.9955014588,28.8695423055,29.0000000000,0,PLATTE,PLATTE
PLATTE - 000034,12,0.0710784193,2.2034309995,31.0000000000,0,PLATTE,PLATTE
PLATTE - 000034,14,0.9289215807,28.7965690005,31.0000000000,0,PLATTE,PLATTE
POLK - 000002,128,1.0000000000,56.0000000000,56.0000000000,0,POLK,POLK
POLK - 000003,128,1.0000000000,100.0000000000,100.0000000000,0,POLK,POLK
POLK - 000004,128,1.0000000000,44.0000000000,44.0000000000,0,POLK,POLK
POLK - 000005,128,1.0000000000,64.0000000001,64.0000000001,0,POLK,POLK
POLK - 000006,128,1.0000000000,39.0000000000,39.0000000000,0,POLK,POLK
POLK - 000007,128,1.0000000000,56.0000000000,56.0000000000,0,POLK,POLK
POLK - 000008,128,1.0000000000,62.0000000000,62.0000000000,0,POLK,POLK
POLK - 000009,128,1.0000000000,101.0000000002,101.0000000002,0,POLK,POLK
POLK - 000010,128,1.0000000000,93.0000000001,93.0000000001,0,POLK,POLK
POLK - 000011,128,1.0000000000,151.9999999998,151.9999999998,0,POLK,POLK
POLK - 000012,128,1.0000000000,100.0000000001,100.0000000001,0,POLK,POLK
POLK - 000013,128,1.0000000000,70.0000000001,70.0000000001,0,POLK,POLK
POLK - 000014,128,1.0000000000,67.0000000001,67.0000000001,0,POLK,POLK
POLK - 000015,128,1.0000000000,37.9999999999,37.9999999999,0,POLK,POLK
POLK - 000016,128,1.0000000000,144.0000000000,144.0000000000,0,POLK,POLK
POLK - 000017,128,1.0000000000,115.0000000000,115.0000000000,0,POLK,POLK
POLK - 000018,128,1.0000000000,127.0000000001,127.0000000001,0,POLK,POLK
POLK - 000019,128,1.0000000000,134.0000000000,134.0000000000,0,POLK,POLK
POLK - 000020,128,1.0000000000,67.0000000001,67.0000000001,0,POLK,POLK
POLK - 000021,128,0.9944620324,179.9976278578,181.0000000000,0,POLK,POLK
POLK - 000021,131,0.0055379676,1.0023721422,181.0000000000,0,POLK,POLK
POLK - 000022,128,1.0000000000,111.0000000001,111.0000000001,0,POLK,POLK
POLK - 000023,128,1.0000000000,77.0000000000,77.0000000000,0,POLK,POLK
PULASKI - 000002,121,1.0000000000,102.9999999998,102.9999999998,0,PULASKI,PULASKI
PULASKI - 000003,121,0.3453565850,17.9585424204,51.9999999995,0,PULASKI,PULASKI
PULASKI - 000003,124,0.6546434150,34.0414575791,51.9999999995,0,PULASKI,PULASKI
PULASKI - 000004,124,1.0000000000,248.0000000000,248.0000000000,0,PULASKI,PULASKI
PULASKI - 000005,121,0.1446153846,47.0000000000,325.0000000001,0,PULASKI,PULASKI
PULASKI - 000005,124,0.8553846154,278.0000000001,325.0000000001,0,PULASKI,PULASKI
PULASKI - 000006,121,1.0000000000,21.9999999996,21.9999999996,0,PULASKI,PULASKI
PULASKI - 000007,121,1.0000000000,171.0000000002,171.0000000002,0,PULASKI,PULASKI
PULASKI - 000008,124,1.0000000000,104.9999999998,104.9999999998,0,PULASKI,PULASKI
PULASKI - 000009,124,1.0000000000,151.0000000007,151.0000000007,0,PULASKI,PULASKI
PULASKI - 000010,121,0.9698670715,261.8641093186,270.0000000009,0,PULASKI,PULASKI
PULASKI - 000010,124,0.0301329285,8.1358906823,270.0000000009,0,PULASKI,PULASKI
PULASKI - 000011,124,1.0000000000,54.9999999998,54.9999999998,0,PULASKI,PULASKI
PULASKI - 000012,121,0.6532663527,203.8191020378,311.9999999994,0,PULASKI,PULASKI
PULASKI - 000012,124,0.3467336473,108.1808979616,311.9999999994,0,PULASKI,PULASKI
PUTNAM - 000002,3,1.0000000000,45.0000000000,45.0000000000,0,PUTNAM,PUTNAM
PUTNAM - 000003,3,1.0000000000,50.9999999998,50.9999999998,0,PUTNAM,PUTNAM
PUTNAM - 000004,3,1.0000000000,46.0000000000,46.0000000000,0,PUTNAM,PUTNAM
PUTNAM - 000005,3,1.0000000000,42.0000000000,42.0000000000,0,PUTNAM,PUTNAM
PUTNAM - 000006,3,1.0000000000,73.0000000000,73.0000000000,0,PUTNAM,PUTNAM
PUTNAM - 000007,3,1.0000000000,84.0000000000,84.0000000000,0,PUTNAM,PUTNAM
PUTNAM - 000008,3,1.0000000000,28.9999999999,28.9999999999,0,PUTNAM,PUTNAM
PUTNAM - 000009,3,1.0000000000,140.0000000002,140.0000000002,0,PUTNAM,PUTNAM
PUTNAM - 000010,3,1.0000000000,66.0000000000,66.0000000000,0,PUTNAM,PUTNAM
PUTNAM - 000011,3,1.0000000000,38.0000000001,38.0000000001,0,PUTNAM,PUTNAM
PUTNAM - 000012,3,1.0000000000,56.0000000000,56.0000000000,0,PUTNAM,PUTNAM
PUTNAM - 000013,3,1.0000000000,83.0000000001,83.0000000001,0,PUTNAM,PUTNAM
PUTNAM - 000014,3,1.0000000000,41.0000000000,41.0000000000,0,PUTNAM,PUTNAM
PUTNAM - 000015,3,1.0000000000,40.9999999999,40.9999999999,0,PUTNAM,PUTNAM
RALLS - 000002,5,1.0000000000,192.9999999999,192.9999999999,0,RALLS,RALLS
RALLS - 000003,5,1.0000000000,98.9999999999,98.9999999999,0,RALLS,RALLS
RALLS - 000004,5,1.0000000000,68.9999999999,68.9999999999,0,RALLS,RALLS
RALLS - 000005,5,1.0000000000,41.0000000001,41.0000000001,0,RALLS,RALLS
RALLS - 000006,5,1.0000000000,197.0000000002,197.0000000002,0,RALLS,RALLS
RALLS - 000007,5,1.0000000000,105.9999999996,105.9999999996,0,RALLS,RALLS
RALLS - 000008,5,1.0000000000,168.9999999996,168.9999999996,0,RALLS,RALLS
RALLS - 000009,5,1.0000000000,55.0000000001,55.0000000001,0,RALLS,RALLS
RALLS - 000010,5,1.0000000000,71.9999999999,71.9999999999,0,RALLS,RALLS
RANDOLPH - 000002,6,1.0000000000,148.0000000001,148.0000000001,0,RANDOLPH,RANDOLPH
RANDOLPH - 000003,6,1.0000000000,79.9999999999,79.9999999999,0,RANDOLPH,RANDOLPH
RANDOLPH - 000004,48,1.0000000000,86.0000000000,86.0000000000,0,RANDOLPH,RANDOLPH
RANDOLPH - 000005,6,0.8821739417,36.1691316091,41.0000000001,0,RANDOLPH,RANDOLPH
RANDOLPH - 000005,48,0.1178260583,4.8308683910,41.0000000001,0,RANDOLPH,RANDOLPH
RANDOLPH - 000006,48,1.0000000000,101.0000000002,101.0000000002,0,RANDOLPH,RANDOLPH
RANDOLPH - 000007,6,1.0000000000,25.0000000000,25.0000000000,0,RANDOLPH,RANDOLPH
RANDOLPH - 000008,6,0.9583333333,46.0000000000,48.0000000000,0,RANDOLPH,RANDOLPH
RANDOLPH - 000008,48,0.0416666667,2.0000000000,48.0000000000,0,RANDOLPH,RANDOLPH
RANDOLPH - 000009,6,1.0000000000,77.0000000000,77.0000000000,0,RANDOLPH,RANDOLPH
RANDOLPH - 000010,6,1.0000000000,54.0000000000,54.0000000000,0,RANDOLPH,RANDOLPH
RANDOLPH - 000011,6,1.0000000000,50.0000000001,50.0000000001,0,RANDOLPH,RANDOLPH
RANDOLPH - 000012,6,1.0000000000,81.9999999999,81.9999999999,0,RANDOLPH,RANDOLPH
RANDOLPH - 000013,6,1.0000000000,69.0000000000,69.0000000000,0,RANDOLPH,RANDOLPH
RANDOLPH - 000014,6,1.0000000000,35.0000000000,35.0000000000,0,RANDOLPH,RANDOLPH
RANDOLPH - 000015,6,1.0000000000,38.9999999999,38.9999999999,0,RANDOLPH,RANDOLPH
RANDOLPH - 000016,6,1.0000000000,25.0000000001,25.0000000001,0,RANDOLPH,RANDOLPH
RANDOLPH - 000017,6,1.0000000000,25.0000000000,25.0000000000,0,RANDOLPH,RANDOLPH
RANDOLPH - 000018,6,1.0000000000,37.9999999999,37.9999999999,0,RANDOLPH,RANDOLPH
RANDOLPH - 000019,6,1.0000000000,55.0000000001,55.0000000001,0,RANDOLPH,RANDOLPH
RANDOLPH - 000020,6,1.0000000000,93.0000000002,93.0000000002,0,RANDOLPH,RANDOLPH
RANDOLPH - 000021,48,1.0000000000,60.0000000000,60.0000000000,0,RANDOLPH,RANDOLPH
RANDOLPH - 000022,6,0.8765432099,142.0000000001,162.0000000000,0,RANDOLPH,RANDOLPH
RANDOLPH - 000022,48,0.1234567901,19.9999999999,162.0000000000,0,RANDOLPH,RANDOLPH
RANDOLPH - 000023,6,0.5987722984,97.0011123405,161.9999999998,0,RANDOLPH,RANDOLPH
RANDOLPH - 000023,48,0.4012277016,64.9988876593,161.9999999998,0,RANDOLPH,RANDOLPH
RANDOLPH - 000024,6,1.0000000000,73.9999999999,73.9999999999,0,RANDOLPH,RANDOLPH
RANDOLPH - 000025,6,1.0000000000,107.0000000000,107.0000000000,0,RANDOLPH,RANDOLPH
RANDOLPH - 000026,6,0.0873488622,4.0180476634,45.9999999997,0,RANDOLPH,RANDOLPH
RANDOLPH - 000026,48,0.9126511378,41.9819523363,45.9999999997,0,RANDOLPH,RANDOLPH
RANDOLPH - 000027,6,1.0000000000,64.0000000000,64.0000000000,0,RANDOLPH,RANDOLPH
RANDOLPH - 000028,48,1.0000000000,47.0000000000,47.0000000000,0,RANDOLPH,RANDOLPH
RAY - 000002,53,1.0000000000,105.0000000000,105.0000000000,0,RAY,RAY
RAY - 000003,53,1.0000000000,107.9999999999,107.9999999999,0,RAY,RAY
RAY - 000004,7,0.7909812151,162.9421303209,206.0000000001,0,RAY,RAY
RAY - 000004,53,0.2090187849,43.0578696792,206.0000000001,0,RAY,RAY
RAY - 000005,53,1.0000000000,99.0000000001,99.0000000001,0,RAY,RAY
RAY - 000006,7,0.9549549550,106.0000000000,111.0000000000,0,RAY,RAY
RAY - 000006,53,0.0450450450,5.0000000000,111.0000000000,0,RAY,RAY
RAY - 000007,7,0.3279636235,72.4799608001,221.0000000000,0,RAY,RAY
RAY - 000007,8,0.0002515003,0.0555815648,221.0000000000,0,RAY,RAY
RAY - 000007,53,0.6717848762,148.4644576351,221.0000000000,0,RAY,RAY
RAY - 000008,7,0.9912251274,90.2014865889,91.0000000000,0,RAY,RAY
RAY - 000008,53,0.0087748726,0.7985134111,91.0000000000,0,RAY,RAY
RAY - 000009,53,1.0000000000,206.0000000000,206.0000000000,0,RAY,RAY
RAY - 000010,53,1.0000000000,70.0000000002,70.0000000002,0,RAY,RAY
RAY - 000011,7,0.0051020408,1.0000000000,195.9999999998,0,RAY,RAY
RAY - 000011,53,0.9948979592,194.9999999998,195.9999999998,0,RAY,RAY
RAY - 000012,7,0.0963305886,17.6284977181,183.0000000001,0,RAY,RAY
RAY - 000012,53,0.9036694114,165.3715022820,183.0000000001,0,RAY,RAY
RAY - 000013,7,1.0000000000,56.0000000000,56.0000000000,0,RAY,RAY
RAY - 000014,53,1.0000000000,119.0000000000,119.0000000000,0,RAY,RAY
REYNOLDS - 000002,144,1.0000000000,75.0000000000,75.0000000000,0,REYNOLDS,REYNOLDS
REYNOLDS - 000003,144,1.0000000000,124.9999999999,124.9999999999,0,REYNOLDS,REYNOLDS
REYNOLDS - 000004,144,1.0000000000,252.0000000000,252.0000000000,0,REYNOLDS,REYNOLDS
REYNOLDS - 000005,144,1.0000000000,99.0000000000,99.0000000000,0,REYNOLDS,REYNOLDS
REYNOLDS - 000006,144,1.0000000000,72.0000000000,72.0000000000,0,REYNOLDS,REYNOLDS
REYNOLDS - 000007,144,1.0000000000,40.9999999999,40.9999999999,0,REYNOLDS,REYNOLDS
REYNOLDS - 000008,144,1.0000000000,133.9999999998,133.9999999998,0,REYNOLDS,REYNOLDS
REYNOLDS - 000009,144,1.0000000000,168.0000000001,168.0000000001,0,REYNOLDS,REYNOLDS
REYNOLDS - 000010,144,1.0000000000,94.0000000000,94.0000000000,0,REYNOLDS,REYNOLDS
REYNOLDS - 000011,144,1.0000000000,142.0000000001,142.0000000001,0,REYNOLDS,REYNOLDS
REYNOLDS - 000012,144,1.0000000000,57.9999999999,57.9999999999,0,REYNOLDS,REYNOLDS
REYNOLDS - 000013,144,1.0000000000,34.0000000000,34.0000000000,0,REYNOLDS,REYNOLDS
REYNOLDS - 000014,144,1.0000000000,19.9999999999,19.9999999999,0,REYNOLDS,REYNOLDS
RIPLEY - 000002,153,1.0000000000,140.0000000001,140.0000000001,0,RIPLEY,RIPLEY
RIPLEY - 000003,153,1.0000000000,125.9999999999,125.9999999999,0,RIPLEY,RIPLEY
RIPLEY - 000004,153,1.0000000000,65.0000000000,65.0000000000,0,RIPLEY,RIPLEY
RIPLEY - 000005,153,1.0000000000,38.0000000000,38.0000000000,0,RIPLEY,RIPLEY
RIPLEY - 000006,153,1.0000000000,93.7676446219,93.7676446219,0,RIPLEY,RIPLEY
RIPLEY - 000007,153,1.0000000000,56.0000000000,56.0000000000,0,RIPLEY,RIPLEY
RIPLEY - 000008,153,1.0000000000,81.0000000002,81.0000000002,0,RIPLEY,RIPLEY
RIPLEY - 000009,153,1.0000000000,33.0000000000,33.0000000000,0,RIPLEY,RIPLEY
RIPLEY - 000010,153,1.0000000000,54.0000000000,54.0000000000,0,RIPLEY,RIPLEY
RIPLEY - 000011,153,1.0000000000,94.9999999997,94.9999999997,0,RIPLEY,RIPLEY
RIPLEY - 000012,153,1.0000000000,120.0000000001,120.0000000001,0,RIPLEY,RIPLEY
RIPLEY - 000013,153,1.0000000000,75.0000000000,75.0000000000,0,RIPLEY,RIPLEY
RIPLEY - 000014,153,1.0000000000,42.0000000000,42.0000000000,0,RIPLEY,RIPLEY
SALINE - 000002,51,1.0000000000,54.9999999999,54.9999999999,0,SALINE,SALINE
SALINE - 000003,51,1.0000000000,108.9999999998,108.9999999998,0,SALINE,SALINE
SALINE - 000004,51,1.0000000000,98.0000000002,98.0000000002,0,SALINE,SALINE
SALINE - 000005,51,1.0000000000,117.0000000002,117.0000000002,0,SALINE,SALINE
SALINE - 000006,51,1.0000000000,183.0000000002,183.0000000002,0,SALINE,SALINE
SALINE - 000007,51,1.0000000000,81.0000000001,81.0000000001,0,SALINE,SALINE
SALINE - 000008,51,1.0000000000,25.0000000000,25.0000000000,0,SALINE,SALINE
SALINE - 000009,51,1.0000000000,83.9999999999,83.9999999999,0,SALINE,SALINE
SALINE - 000010,51,1.0000000000,73.0000000000,73.0000000000,0,SALINE,SALINE
SALINE - 000011,51,1.0000000000,167.0000000002,167.0000000002,0,SALINE,SALINE
SALINE - 000012,51,1.0000000000,130.9999999999,130.9999999999,0,SALINE,SALINE
SALINE - 000013,51,1.0000000000,157.0000000000,157.0000000000,0,SALINE,SALINE
SALINE - 000014,51,1.0000000000,237.9999999996,237.9999999996,0,SALINE,SALINE
SALINE - 000015,51,1.0000000000,132.0000000000,132.0000000000,0,SALINE,SALINE
SALINE - 000016,51,1.0000000000,69.0000000000,69.0000000000,0,SALINE,SALINE
SALINE - 000017,51,1.0000000000,83.9999999999,83.9999999999,0,SALINE,SALINE
SALINE - 000018,51,1.0000000000,100.0000000001,100.0000000001,0,SALINE,SALINE
SALINE - 000019,51,1.0000000000,107.0000000001,107.0000000001,0,SALINE,SALINE
SALINE - 000020,51,1.0000000000,66.0000000000,66.0000000000,0,SALINE,SALINE
SCHUYLER - 000002,4,1.0000000000,188.0000000000,188.0000000000,0,SCHUYLER,SCHUYLER
SCHUYLER - 000003,4,1.0000000000,115.0000000000,115.0000000000,0,SCHUYLER,SCHUYLER
SCHUYLER - 000004,4,1.0000000000,137.0000000001,137.0000000001,0,SCHUYLER,SCHUYLER
SCHUYLER - 000005,4,1.0000000000,140.0000000001,140.0000000001,0,SCHUYLER,SCHUYLER
SCHUYLER - 000006,4,1.0000000000,81.0000000001,81.0000000001,0,SCHUYLER,SCHUYLER
SCOTLAND - 000002,4,1.0000000000,159.0000000000,159.0000000000,0,SCOTLAND,SCOTLAND
SCOTLAND - 000003,4,1.0000000000,110.9999999999,110.9999999999,0,SCOTLAND,SCOTLAND
SCOTLAND - 000004,4,1.0000000000,37.0000000000,37.0000000000,0,SCOTLAND,SCOTLAND
SCOTLAND - 000005,4,1.0000000000,93.9999999997,93.9999999997,0,SCOTLAND,SCOTLAND
SCOTLAND - 000006,4,1.0000000000,97.9999999998,97.9999999998,0,SCOTLAND,SCOTLAND
SCOTLAND - 000007,4,1.0000000000,26.0000000000,26.0000000000,0,SCOTLAND,SCOTLAND
SCOTLAND - 000008,4,1.0000000000,74.0000000000,74.0000000000,0,SCOTLAND,SCOTLAND
SCOTLAND - 000009,4,1.0000000000,220.9999999999,220.9999999999,0,SCOTLAND,SCOTLAND
SCOTT - 000002,148,1.0000000000,69.0000000000,69.0000000000,0,SCOTT,SCOTT
SCOTT - 000003,148,1.0000000000,50.0000000000,50.0000000000,0,SCOTT,SCOTT
SCOTT - 000004,148,0.9911630921,54.5139700628,55.0000000000,0,SCOTT,SCOTT
SCOTT - 000004,149,0.0088369079,0.4860299372,55.0000000000,0,SCOTT,SCOTT
SCOTT - 000005,148,1.0000000000,162.0000000004,162.0000000004,0,SCOTT,SCOTT
SCOTT - 000006,148,1.0000000000,31.0000000000,31.0000000000,0,SCOTT,SCOTT
SCOTT - 000007,148,1.0000000000,152.9999999999,152.9999999999,0,SCOTT,SCOTT
SCOTT - 000008,148,0.9999149907,64.9944743961,64.9999999999,0,SCOTT,SCOTT
SCOTT - 000008,149,0.0000850093,0.0055256038,64.9999999999,0,SCOTT,SCOTT
SCOTT - 000009,148,1.0000000000,103.0000000000,103.0000000000,0,SCOTT,SCOTT
SCOTT - 000010,148,1.0000000000,53.9999999999,53.9999999999,0,SCOTT,SCOTT
SCOTT - 000011,148,0.9999982767,61.9998931536,62.0000000000,0,SCOTT,SCOTT
SCOTT - 000011,149,0.0000017233,0.0001068464,62.0000000000,0,SCOTT,SCOTT
SCOTT - 000012,148,1.0000000000,72.9999999999,72.9999999999,0,SCOTT,SCOTT
SCOTT - 000013,148,1.0000000000,30.0000000000,30.0000000000,0,SCOTT,SCOTT
SCOTT - 000014,148,0.9980476640,75.8516224627,76.0000000000,0,SCOTT,SCOTT
SCOTT - 000014,149,0.0019523360,0.1483775373,76.0000000000,0,SCOTT,SCOTT
SCOTT - 000015,148,0.9999611148,74.9970836122,75.0000000000,0,SCOTT,SCOTT
SCOTT - 000015,149,0.0000388852,0.0029163878,75.0000000000,0,SCOTT,SCOTT
SCOTT - 000016,148,1.0000000000,22.0000000000,22.0000000000,0,SCOTT,SCOTT
SCOTT - 000017,148,1.0000000000,151.0000000000,151.0000000000,0,SCOTT,SCOTT
SCOTT - 000018,148,1.0000000000,59.0000000000,59.0000000000,0,SCOTT,SCOTT
SCOTT - 000019,148,1.0000000000,123.9999999997,123.9999999997,0,SCOTT,SCOTT
SCOTT - 000020,148,1.0000000000,110.0000000000,110.0000000000,0,SCOTT,SCOTT
SCOTT - 000021,148,1.0000000000,48.0000000000,48.0000000000,0,SCOTT,SCOTT
SCOTT - 000022,148,1.0000000000,39.9999999999,39.9999999999,0,SCOTT,SCOTT
SCOTT - 000023,148,1.0000000000,71.0000000000,71.0000000000,0,SCOTT,SCOTT
SCOTT - 000024,148,1.0000000000,67.0000000000,67.0000000000,0,SCOTT,SCOTT
SCOTT - 000025,148,1.0000000000,61.0000000000,61.0000000000,0,SCOTT,SCOTT
SCOTT - 000026,148,1.0000000000,43.0000000000,43.0000000000,0,SCOTT,SCOTT
SCOTT - 000027,148,0.9999556586,50.9977385873,51.0000000000,0,SCOTT,SCOTT
SCOTT - 000027,149,0.0000443414,0.0022614127,51.0000000000,0,SCOTT,SCOTT
SCOTT - 000028,148,1.0000000000,153.0000000003,153.0000000003,0,SCOTT,SCOTT
SCOTT - 000029,146,0.0002269268,0.0426622373,188.0000000000,0,SCOTT,SCOTT
SCOTT - 000029,148,0.9997730732,187.9573377627,188.0000000000,0,SCOTT,SCOTT
SCOTT - 000030,148,1.0000000000,31.0000000000,31.0000000000,0,SCOTT,SCOTT
SCOTT - 000031,148,1.0000000000,66.9999999999,66.9999999999,0,SCOTT,SCOTT
SHANNON - 000002,153,1.0000000000,77.0000000000,77.0000000000,0,SHANNON,SHANNON
SHANNON - 000003,153,1.0000000000,143.9999999999,143.9999999999,0,SHANNON,SHANNON
SHANNON - 000004,144,1.0000000000,53.0000000000,53.0000000000,0,SHANNON,SHANNON
SHANNON - 000005,144,1.0000000000,362.0000000000,362.0000000000,0,SHANNON,SHANNON
SHANNON - 000006,153,1.0000000000,43.0000000000,43.0000000000,0,SHANNON,SHANNON
SHANNON - 000007,153,1.0000000000,42.0000000000,42.0000000000,0,SHANNON,SHANNON
SHANNON - 000008,144,1.0000000000,117.9999999999,117.9999999999,0,SHANNON,SHANNON
SHANNON - 000009,120,0.0103863067,1.3086746437,126.0000000002,0,SHANNON,SHANNON
SHANNON - 000009,144,0.9896136933,124.6913253565,126.0000000002,0,SHANNON,SHANNON
SHANNON - 000010,153,1.0000000000,32.0000000000,32.0000000000,0,SHANNON,SHANNON
SHANNON - 000011,144,1.0000000000,135.9999999998,135.9999999998,0,SHANNON,SHANNON
SHANNON - 000012,144,0.7118644068,167.9999999999,236.0000000000,0,SHANNON,SHANNON
SHANNON - 000012,153,0.2881355932,68.0000000001,236.0000000000,0,SHANNON,SHANNON
SHELBY - 000002,4,1.0000000000,122.0000000000,122.0000000000,0,SHELBY,SHELBY
SHELBY - 000003,4,1.0000000000,209.9999999998,209.9999999998,0,SHELBY,SHELBY
SHELBY - 000004,4,1.0000000000,24.0000000000,24.0000000000,0,SHELBY,SHELBY
SHELBY - 000005,4,1.0000000000,156.9999999999,156.9999999999,0,SHELBY,SHELBY
SHELBY - 000006,4,0.9893617021,93.0000000000,94.0000000000,0,SHELBY,SHELBY
SHELBY - 000006,6,0.0106382979,1.0000000000,94.0000000000,0,SHELBY,SHELBY
SHELBY - 000007,4,1.0000000000,91.0000000000,91.0000000000,0,SHELBY,SHELBY
SHELBY - 000008,4,1.0000000000,135.9999999998,135.9999999998,0,SHELBY,SHELBY
SHELBY - 000009,4,1.0000000000,130.0000000000,130.0000000000,0,SHELBY,SHELBY
ST. CHARLES - 000002,65,0.5688213227,73.9467719455,130.0000000005,0,ST CHARLES,ST CHARLES
ST. CHARLES - 000002,106,0.4311786773,56.0532280550,130.0000000005,0,ST CHARLES,ST CHARLES
ST. CHARLES - 000003,102,0.0772681056,2.0089707453,25.9999999999,0,ST CHARLES,ST CHARLES
ST. CHARLES - 000003,104,0.9227318944,23.9910292546,25.9999999999,0,ST CHARLES,ST CHARLES
ST. CHARLES - 000004,102,0.1794030681,3.9468674981,22.0000000000,0,ST CHARLES,ST CHARLES
ST. CHARLES - 000004,104,0.8205969319,18.0531325019,22.0000000000,0,ST CHARLES,ST CHARLES
ST. CHARLES - 000005,104,1.0000000000,19.9999999999,19.9999999999,0,ST CHARLES,ST CHARLES
ST. CHARLES - 000006,104,0.7636458355,33.6004167611,43.9999999997,0,ST CHARLES,ST CHARLES
ST. CHARLES - 000006,105,0.0456413505,2.0082194212,43.9999999997,0,ST CHARLES,ST CHARLES
ST. CHARLES - 000006,106,0.1907128140,8.3913638174,43.9999999997,0,ST CHARLES,ST CHARLES
ST. CHARLES - 000007,104,0.9987131262,61.9202138242,62.0000000000,0,ST CHARLES,ST CHARLES
ST. CHARLES - 000007,105,0.0012868738,0.0797861758,62.0000000000,0,ST CHARLES,ST CHARLES
ST. CHARLES - 000008,104,1.0000000000,32.0000000000,32.0000000000,0,ST CHARLES,ST CHARLES
ST. CHARLES - 000009,104,1.0000000000,10.9999999999,10.9999999999,0,ST CHARLES,ST CHARLES
ST. CHARLES - 000010,104,1.0000000000,14.0000000001,14.0000000001,0,ST CHARLES,ST CHARLES
ST. CHARLES - 000012,104,1.0000000000,24.0000000000,24.0000000000,0,ST CHARLES,ST CHARLES
ST. CHARLES - 000013,104,1.0000000000,25.0000000000,25.0000000000,0,ST CHARLES,ST CHARLES
ST. CHARLES - 000014,105,1.0000000000,43.9999999999,43.9999999999,0,ST CHARLES,ST CHARLES
ST. CHARLES - 000015,104,1.0000000000,9.0000000000,9.0000000000,0,ST CHARLES,ST CHARLES
ST. CHARLES - 000016,102,0.9529820651,21.9185874965,23.0000000000,0,ST CHARLES,ST CHARLES
ST. CHARLES - 000016,104,0.0470179349,1.0814125035,23.0000000000,0,ST CHARLES,ST CHARLES
ST. CHARLES - 000017,105,1.0000000000,45.0000000000,45.0000000000,0,ST CHARLES,ST CHARLES
ST. CHARLES - 000018,64,0.4107748684,30.8081151297,75.0000000001,0,ST CHARLES,ST CHARLES
ST. CHARLES - 000018,65,0.5723924498,42.9294337372,75.0000000001,0,ST CHARLES,ST CHARLES
ST. CHARLES - 000018,103,0.0168326818,1.2624511332,75.0000000001,0,ST CHARLES,ST CHARLES
ST. CHARLES - 000019,65,1.0000000000,52.0000000000,52.0000000000,0,ST CHARLES,ST CHARLES
ST. CHARLES - 000020,65,0.6096125673,26.2133403918,42.9999999994,0,ST CHARLES,ST CHARLES
ST. CHARLES - 000020,104,0.3903874327,16.7866596076,42.9999999994,0,ST CHARLES,ST CHARLES
ST. CHARLES - 000021,104,1.0000000000,21.0000000002,21.0000000002,0,ST CHARLES,ST CHARLES
ST. CHARLES - 000022,65,1.0000000000,35.0000000002,35.0000000002,0,ST CHARLES,ST CHARLES
ST. CHARLES - 000023,65,1.0000000000,6.9999999999,6.9999999999,0,ST CHARLES,ST CHARLES
ST. CHARLES - 000024,65,0.6500271399,13.0005427986,20.0000000000,0,ST CHARLES,ST CHARLES
ST. CHARLES - 000024,102,0.0500000000,1.0000000000,20.0000000000,0,ST CHARLES,ST CHARLES
ST. CHARLES - 000024,104,0.2999728601,5.9994572014,20.0000000000,0,ST CHARLES,ST CHARLES
ST. CHARLES - 000025,102,1.0000000000,15.0000000000,15.0000000000,0,ST CHARLES,ST CHARLES
ST. CHARLES - 000026,102,0.0271827833,0.6795695818,24.9999999999,0,ST CHARLES,ST CHARLES
ST. CHARLES - 000026,104,0.9728172167,24.3204304181,24.9999999999,0,ST CHARLES,ST CHARLES
ST. CHARLES - 000027,102,1.0000000000,12.0000000000,12.0000000000,0,ST CHARLES,ST CHARLES
ST. CHARLES - 000028,105,1.0000000000,19.0000000000,19.0000000000,0,ST CHARLES,ST CHARLES
ST. CHARLES - 000029,102,0.8272041388,19.0256951931,23.0000000000,0,ST CHARLES,ST CHARLES
ST. CHARLES - 000029,104,0.1727958612,3.9743048069,23.0000000000,0,ST CHARLES,ST CHARLES
ST. CHARLES - 000030,104,1.0000000000,3.0000000000,3.0000000000,0,ST CHARLES,ST CHARLES
ST. CHARLES - 000031,104,1.0000000000,14.0000000001,14.0000000001,0,ST CHARLES,ST CHARLES
ST. CHARLES - 000032,103,1.0000000000,39.0000000000,39.0000000000,0,ST CHARLES,ST CHARLES
ST. CHARLES - 000033,103,1.0000000000,71.0000000007,71.0000000007,0,ST CHARLES,ST CHARLES
ST. CHARLES - 000034,65,0.2497519136,12.2378437678,49.0000000000,0,ST CHARLES,ST CHARLES
ST. CHARLES - 000034,102,0.7502480864,36.7621562322,49.0000000000,0,ST CHARLES,ST CHARLES
ST. CHARLES - 000035,65,0.0104643582,0.6173971333,59.0000000005,0,ST CHARLES,ST CHARLES
ST. CHARLES - 000035,103,0.5237750258,30.9027265247,59.0000000005,0,ST CHARLES,ST CHARLES
ST. CHARLES - 000035,107,0.4657606160,27.4798763425,59.0000000005,0,ST CHARLES,ST CHARLES
ST. CHARLES - 000036,65,0.8578984782,37.7475330411,44.0000000000,0,ST CHARLES,ST CHARLES
ST. CHARLES - 000036,103,0.1421015218,6.2524669589,44.0000000000,0,ST CHARLES,ST CHARLES
ST. CHARLES - 000037,65,0.9895220345,12.8637864482,13.0000000001,0,ST CHARLES,ST CHARLES
ST. CHARLES - 000037,103,0.0104779655,0.1362135519,13.0000000001,0,ST CHARLES,ST CHARLES
ST. CHARLES - 000038,65,1.0000000000,65.9999999996,65.9999999996,0,ST CHARLES,ST CHARLES
ST. CHARLES - 000039,65,0.0312500000,1.0000000000,32.0000000001,0,ST CHARLES,ST CHARLES
ST. CHARLES - 000039,102,0.6483980107,20.7487363410,32.0000000001,0,ST CHARLES,ST CHARLES
ST. CHARLES - 000039,107,0.3203519893,10.2512636591,32.0000000001,0,ST CHARLES,ST CHARLES
ST. CHARLES - 000040,65,0.7882282813,34.6820443793,44.0000000002,0,ST CHARLES,ST CHARLES
ST. CHARLES - 000040,103,0.2117717187,9.3179556209,44.0000000002,0,ST CHARLES,ST CHARLES
ST. CHARLES - 000041,65,1.0000000000,12.9999999999,12.9999999999,0,ST CHARLES,ST CHARLES
ST. CHARLES - 000043,105,1.0000000000,27.0000000001,27.0000000001,0,ST CHARLES,ST CHARLES
ST. CHARLES - 000044,69,0.0381534385,2.7088941323,70.9999999996,0,ST CHARLES,ST CHARLES
ST. CHARLES - 000044,104,0.0279711923,1.9859546560,70.9999999996,0,ST CHARLES,ST CHARLES
ST. CHARLES - 000044,105,0.9338753692,66.3051512113,70.9999999996,0,ST CHARLES,ST CHARLES
ST. CHARLES - 000045,102,1.0000000000,24.0000000001,24.0000000001,0,ST CHARLES,ST CHARLES
ST. CHARLES - 000046,103,0.9400134482,62.0408875829,66.0000000001,0,ST CHARLES,ST CHARLES
ST. CHARLES - 000046,108,0.0599865518,3.9591124172,66.0000000001,0,ST CHARLES,ST CHARLES
ST. CHARLES - 000047,102,1.0000000000,23.0000000001,23.0000000001,0,ST CHARLES,ST CHARLES
ST. CHARLES - 000048,103,1.0000000000,30.0000000001,30.0000000001,0,ST CHARLES,ST CHARLES
ST. CHARLES - 000049,65,0.9975602061,27.9316857704,27.9999999996,0,ST CHARLES,ST CHARLES
ST. CHARLES - 000049,107,0.0024397939,0.0683142292,27.9999999996,0,ST CHARLES,ST CHARLES
ST. CHARLES - 000050,65,0.1030267820,2.4726427676,23.9999999999,0,ST CHARLES,ST CHARLES
ST. CHARLES - 000050,103,0.8969732180,21.5273572323,23.9999999999,0,ST CHARLES,ST CHARLES
ST. CHARLES - 000051,64,0.9753955449,59.4991282367,60.9999999999,0,ST CHARLES,ST CHARLES
ST. CHARLES - 000051,108,0.0246044551,1.5008717632,60.9999999999,0,ST CHARLES,ST CHARLES
ST. CHARLES - 000052,64,0.0264490753,1.0050648597,37.9999999999,0,ST CHARLES,ST CHARLES
ST. CHARLES - 000052,65,0.0002589369,0.0098396004,37.9999999999,0,ST CHARLES,ST CHARLES
ST. CHARLES - 000052,103,0.9732919879,36.9850955398,37.9999999999,0,ST CHARLES,ST CHARLES
ST. CHARLES - 000053,64,1.0000000000,76.0000000004,76.0000000004,0,ST CHARLES,ST CHARLES
ST. CHARLES - 000054,64,0.7419881145,37.8413938393,50.9999999999,0,ST CHARLES,ST CHARLES
ST. CHARLES - 000054,103,0.2580118855,13.1586061606,50.9999999999,0,ST CHARLES,ST CHARLES
ST. CHARLES - 000055,64,1.0000000000,34.9999999998,34.9999999998,0,ST CHARLES,ST CHARLES
ST. CHARLES - 000056,64,1.0000000000,50.9999999997,50.9999999997,0,ST CHARLES,ST CHARLES
ST. CHARLES - 000057,103,1.0000000000,12.0000000000,12.0000000000,0,ST CHARLES,ST CHARLES
ST. CHARLES - 000058,64,1.0000000000,10.0000000001,10.0000000001,0,ST CHARLES,ST CHARLES
ST. CHARLES - 000059,63,0.9729544017,94.3765769677,96.9999999995,0,ST CHARLES,ST CHARLES
ST. CHARLES - 000059,102,0.0270455983,2.6234230318,96.9999999995,0,ST CHARLES,ST CHARLES
ST. CHARLES - 000060,63,0.8344510346,113.4853406993,135.9999999985,0,ST CHARLES,ST CHARLES
ST. CHARLES - 000060,64,0.1655489654,22.5146592992,135.9999999985,0,ST CHARLES,ST CHARLES
ST. CHARLES - 000062,63,0.8649284348,124.5496946167,143.9999999998,0,ST CHARLES,ST CHARLES
ST. CHARLES - 000062,64,0.1350715652,19.4503053831,143.9999999998,0,ST CHARLES,ST CHARLES
ST. CHARLES - 000063,63,0.0139047008,1.2931371773,92.9999999998,0,ST CHARLES,ST CHARLES
ST. CHARLES - 000063,64,0.9716342625,90.3619864134,92.9999999998,0,ST CHARLES,ST CHARLES
ST. CHARLES - 000063,102,0.0144610367,1.3448764091,92.9999999998,0,ST CHARLES,ST CHARLES
ST. CHARLES - 000064,63,0.2484900684,20.1276955393,80.9999999996,0,ST CHARLES,ST CHARLES
ST. CHARLES - 000064,64,0.7515099316,60.8723044603,80.9999999996,0,ST CHARLES,ST CHARLES
ST. CHARLES - 000065,63,0.1078329951,3.5584888380,33.0000000001,0,ST CHARLES,ST CHARLES
ST. CHARLES - 000065,64,0.8921670049,29.4415111621,33.0000000001,0,ST CHARLES,ST CHARLES
ST. CHARLES - 000066,63,0.5317750242,29.2476263291,54.9999999996,0,ST CHARLES,ST CHARLES
ST. CHARLES - 000066,64,0.1092167396,6.0069206804,54.9999999996,0,ST CHARLES,ST CHARLES
ST. CHARLES - 000066,102,0.3590082362,19.7454529901,54.9999999996,0,ST CHARLES,ST CHARLES
ST. CHARLES - 000067,63,0.0011667295,0.0338351553,29.0000000000,0,ST CHARLES,ST CHARLES
ST. CHARLES - 000067,108,0.9988332705,28.9661648447,29.0000000000,0,ST CHARLES,ST CHARLES
ST. CHARLES - 000068,108,1.0000000000,56.0000000001,56.0000000001,0,ST CHARLES,ST CHARLES
ST. CHARLES - 000069,103,0.0002118634,0.0082626717,38.9999999998,0,ST CHARLES,ST CHARLES
ST. CHARLES - 000069,108,0.9997881366,38.9917373281,38.9999999998,0,ST CHARLES,ST CHARLES
ST. CHARLES - 000071,102,0.0548753208,7.0240410653,128.0000000011,0,ST CHARLES,ST CHARLES
ST. CHARLES - 000071,107,0.3059327552,39.1593926717,128.0000000011,0,ST CHARLES,ST CHARLES
ST. CHARLES - 000071,108,0.6391919239,81.8165662642,128.0000000011,0,ST CHARLES,ST CHARLES
ST. CHARLES - 000072,103,0.5626389681,41.0726446698,73.0000000000,0,ST CHARLES,ST CHARLES
ST. CHARLES - 000072,108,0.4373610319,31.9273553302,73.0000000000,0,ST CHARLES,ST CHARLES
ST. CHARLES - 000073,103,0.3607922025,23.0907009615,63.9999999998,0,ST CHARLES,ST CHARLES
ST. CHARLES - 000073,107,0.6383950641,40.8572841015,63.9999999998,0,ST CHARLES,ST CHARLES
ST. CHARLES - 000073,108,0.0008127334,0.0520149368,63.9999999998,0,ST CHARLES,ST CHARLES
ST. CHARLES - 000074,102,0.0007025673,0.0702567253,100.0000000000,0,ST CHARLES,ST CHARLES
ST. CHARLES - 000074,107,0.9992974327,99.9297432746,100.0000000000,0,ST CHARLES,ST CHARLES
ST. CHARLES - 000076,107,1.0000000000,45.0000000000,45.0000000000,0,ST CHARLES,ST CHARLES
ST. CHARLES - 000077,107,0.9533538721,37.1808010119,38.9999999999,0,ST CHARLES,ST CHARLES
ST. CHARLES - 000077,108,0.0466461279,1.8191989880,38.9999999999,0,ST CHARLES,ST CHARLES
ST. CHARLES - 000078,108,1.0000000000,18.0000000001,18.0000000001,0,ST CHARLES,ST CHARLES
ST. CHARLES - 000079,63,0.5562169252,16.6865077571,30.0000000002,0,ST CHARLES,ST CHARLES
ST. CHARLES - 000079,102,0.1954125337,5.8623760099,30.0000000002,0,ST CHARLES,ST CHARLES
ST. CHARLES - 000079,108,0.2483705411,7.4511162332,30.0000000002,0,ST CHARLES,ST CHARLES
ST. CHARLES - 000081,65,0.0471961147,2.3126096213,48.9999999999,0,ST CHARLES,ST CHARLES
ST. CHARLES - 000081,102,0.0948492266,4.6476121052,48.9999999999,0,ST CHARLES,ST CHARLES
ST. CHARLES - 000081,107,0.8393055853,41.1259736809,48.9999999999,0,ST CHARLES,ST CHARLES
ST. CHARLES - 000081,108,0.0186490733,0.9138045925,48.9999999999,0,ST CHARLES,ST CHARLES
ST. CHARLES - 000082,103,0.0281705196,1.0986502639,38.9999999997,0,ST CHARLES,ST CHARLES
ST. CHARLES - 000082,107,0.6356952558,24.7921149768,38.9999999997,0,ST CHARLES,ST CHARLES
ST. CHARLES - 000082,108,0.3361342246,13.1092347590,38.9999999997,0,ST CHARLES,ST CHARLES
ST. CHARLES - 000084,65,0.0005845581,0.0157830679,27.0000000000,0,ST CHARLES,ST CHARLES
ST. CHARLES - 000084,106,0.9994154419,26.9842169321,27.0000000000,0,ST CHARLES,ST CHARLES
ST. CHARLES - 000085,104,0.0242436698,1.2849145007,52.9999999993,0,ST CHARLES,ST CHARLES
ST. CHARLES - 000085,105,0.9757563302,51.7150854986,52.9999999993,0,ST CHARLES,ST CHARLES
ST. CHARLES - 000086,69,1.0000000000,14.0000000001,14.0000000001,0,ST CHARLES,ST CHARLES
ST. CHARLES - 000087,69,0.0152500624,3.7972655312,248.9999999997,0,ST CHARLES,ST CHARLES
ST. CHARLES - 000087,101,0.0001017556,0.0253371433,248.9999999997,0,ST CHARLES,ST CHARLES
ST. CHARLES - 000087,102,0.9550134611,237.7983518227,248.9999999997,0,ST CHARLES,ST CHARLES
ST. CHARLES - 000087,107,0.0296009526,7.3706372081,248.9999999997,0,ST CHARLES,ST CHARLES
ST. CHARLES - 000087,110,0.0000337683,0.0084082943,248.9999999997,0,ST CHARLES,ST CHARLES
ST. CHARLES - 000088,102,1.0000000000,56.0000000001,56.0000000001,0,ST CHARLES,ST CHARLES
ST. CHARLES - 000089,102,1.0000000000,29.0000000001,29.0000000001,0,ST CHARLES,ST CHARLES
ST. CHARLES - 000090,102,1.0000000000,78.9999999998,78.9999999998,0,ST CHARLES,ST CHARLES
ST. CHARLES - 000091,102,1.0000000000,44.0000000000,44.0000000000,0,ST CHARLES,ST CHARLES
ST. CHARLES - 000092,69,0.7853327142,21.2039832840,27.0000000001,0,ST CHARLES,ST CHARLES
ST. CHARLES - 000092,101,0.0216100568,0.5834715323,27.0000000001,0,ST CHARLES,ST CHARLES
ST. CHARLES - 000092,102,0.1930572290,5.2125451838,27.0000000001,0,ST CHARLES,ST CHARLES
ST. CHARLES - 000093,69,0.8455753136,16.0659309581,18.9999999999,0,ST CHARLES,ST CHARLES
ST. CHARLES - 000093,102,0.1544246864,2.9340690418,18.9999999999,0,ST CHARLES,ST CHARLES
ST. CHARLES - 000094,102,1.0000000000,34.0000000000,34.0000000000,0,ST CHARLES,ST CHARLES
ST. CHARLES - 000095,105,1.0000000000,63.0000000000,63.0000000000,0,ST CHARLES,ST CHARLES
ST. CHARLES - 000096,69,0.7739146824,17.8000376945,22.9999999998,0,ST CHARLES,ST CHARLES
ST. CHARLES - 000096,102,0.2260853176,5.1999623053,22.9999999998,0,ST CHARLES,ST CHARLES
ST. CHARLES - 000097,69,0.0833333333,1.0000000000,12.0000000000,0,ST CHARLES,ST CHARLES
ST. CHARLES - 000097,102,0.9166666667,11.0000000000,12.0000000000,0,ST CHARLES,ST CHARLES
ST. CHARLES - 000098,104,0.2161418540,17.5074901778,80.9999999999,0,ST CHARLES,ST CHARLES
ST. CHARLES - 000098,105,0.7838581460,63.4925098221,80.9999999999,0,ST CHARLES,ST CHARLES
ST. CHARLES - 000099,104,0.9696969697,31.9999999999,32.9999999999,0,ST CHARLES,ST CHARLES
ST. CHARLES - 000099,105,0.0303030303,1.0000000000,32.9999999999,0,ST CHARLES,ST CHARLES
ST. CHARLES - 000100,105,1.0000000000,48.0000000000,48.0000000000,0,ST CHARLES,ST CHARLES
ST. CHARLES - 000101,104,0.8654554165,26.8291179124,31.0000000001,0,ST CHARLES,ST CHARLES
ST. CHARLES - 000101,105,0.1345445835,4.1708820877,31.0000000001,0,ST CHARLES,ST CHARLES
ST. CHARLES - 000102,65,0.9999564711,52.9976929671,52.9999999998,0,ST CHARLES,ST CHARLES
ST. CHARLES - 000102,106,0.0000435289,0.0023070327,52.9999999998,0,ST CHARLES,ST CHARLES
ST. CHARLES - 000103,105,0.4545454545,9.9999999999,21.9999999999,0,ST CHARLES,ST CHARLES
ST. CHARLES - 000103,106,0.5454545455,12.0000000000,21.9999999999,0,ST CHARLES,ST CHARLES
ST. CHARLES - 000104,106,1.0000000000,22.0000000000,22.0000000000,0,ST CHARLES,ST CHARLES
ST. CHARLES - 000105,106,1.0000000000,14.0000000000,14.0000000000,0,ST CHARLES,ST CHARLES
ST. CHARLES - 000106,106,1.0000000000,13.0000000000,13.0000000000,0,ST CHARLES,ST CHARLES
ST. CHARLES - 000107,105,0.0312500000,1.0000000000,32.0000000001,0,ST CHARLES,ST CHARLES
ST. CHARLES - 000107,106,0.9687500000,31.0000000001,32.0000000001,0,ST CHARLES,ST CHARLES
ST. CHARLES - 000108,106,1.0000000000,22.0000000001,22.0000000001,0,ST CHARLES,ST CHARLES
ST. CHARLES - 000109,105,0.9963581307,54.7996971904,55.0000000004,0,ST CHARLES,ST CHARLES
ST. CHARLES - 000109,106,0.0036418693,0.2003028100,55.0000000004,0,ST CHARLES,ST CHARLES
ST. CHARLES - 000110,65,1.0000000000,68.9999999997,68.9999999997,0,ST CHARLES,ST CHARLES
ST. CHARLES - 000111,105,0.0989464040,8.4104443442,85.0000000000,0,ST CHARLES,ST CHARLES
ST. CHARLES - 000111,106,0.9010535960,76.5895556558,85.0000000000,0,ST CHARLES,ST CHARLES
ST. CHARLES - 000112,105,0.0677966102,3.9999999999,58.9999999999,0,ST CHARLES,ST CHARLES
ST. CHARLES - 000112,106,0.9322033898,55.0000000000,58.9999999999,0,ST CHARLES,ST CHARLES
ST. CHARLES - 000113,65,0.4045067188,17.3937889104,43.0000000001,0,ST CHARLES,ST CHARLES
ST. CHARLES - 000113,106,0.5954932812,25.6062110897,43.0000000001,0,ST CHARLES,ST CHARLES
ST. CHARLES - 000114,106,1.0000000000,52.0000000001,52.0000000001,0,ST CHARLES,ST CHARLES
ST. CHARLES - 000115,65,0.8653846154,90.0000000004,104.0000000005,0,ST CHARLES,ST CHARLES
ST. CHARLES - 000115,106,0.1346153846,14.0000000001,104.0000000005,0,ST CHARLES,ST CHARLES
ST. CHARLES - 000117,105,1.0000000000,21.0000000001,21.0000000001,0,ST CHARLES,ST CHARLES
ST. CHARLES - 000118,65,1.0000000000,104.9999999999,104.9999999999,0,ST CHARLES,ST CHARLES
ST. CHARLES - 000119,106,1.0000000000,29.0000000000,29.0000000000,0,ST CHARLES,ST CHARLES
ST. CHARLES - 000120,106,1.0000000000,34.0000000000,34.0000000000,0,ST CHARLES,ST CHARLES
ST. CHARLES - 000121,106,1.0000000000,29.0000000000,29.0000000000,0,ST CHARLES,ST CHARLES
ST. CHARLES - 000122,106,1.0000000000,12.9999999998,12.9999999998,0,ST CHARLES,ST CHARLES
ST. CHARLES - 000123,106,1.0000000000,24.0000000002,24.0000000002,0,ST CHARLES,ST CHARLES
ST. CHARLES - 000124,106,1.0000000000,10.0000000000,10.0000000000,0,ST CHARLES,ST CHARLES
ST. CHARLES - 000125,106,1.0000000000,52.9999999997,52.9999999997,0,ST CHARLES,ST CHARLES
ST. CHARLES - 000126,65,1.0000000000,63.0000000002,63.0000000002,0,ST CHARLES,ST CHARLES
ST. CHARLES - 000127,106,1.0000000000,28.0000000001,28.0000000001,0,ST CHARLES,ST CHARLES
ST. CHARLES - 000128,106,1.0000000000,11.0000000000,11.0000000000,0,ST CHARLES,ST CHARLES
ST. CHARLES - 000129,65,0.2387663219,10.0281855188,42.0000000001,0,ST CHARLES,ST CHARLES
ST. CHARLES - 000129,105,0.0303375064,1.2741752668,42.0000000001,0,ST CHARLES,ST CHARLES
ST. CHARLES - 000129,106,0.7308961718,30.6976392145,42.0000000001,0,ST CHARLES,ST CHARLES
ST. CHARLES - 000130,105,1.0000000000,41.9999999999,41.9999999999,0,ST CHARLES,ST CHARLES
ST. CHARLES - 000131,105,1.0000000000,56.9999999999,56.9999999999,0,ST CHARLES,ST CHARLES
ST. CHARLES - 000132,105,1.0000000000,24.0000000004,24.0000000004,0,ST CHARLES,ST CHARLES
ST. CHARLES - 000133,69,0.8733265765,6.9866126120,7.9999999999,0,ST CHARLES,ST CHARLES
ST. CHARLES - 000133,104,0.1266734235,1.0133873879,7.9999999999,0,ST CHARLES,ST CHARLES
ST. CHARLES - 000134,69,0.9999640933,29.9989227995,29.9999999999,0,ST CHARLES,ST CHARLES
ST. CHARLES - 000134,104,0.0000359067,0.0010772004,29.9999999999,0,ST CHARLES,ST CHARLES
ST. CHARLES - 000135,69,1.0000000000,65.9999999997,65.9999999997,0,ST CHARLES,ST CHARLES
ST. CHARLES - 000136,69,1.0000000000,14.0000000000,14.0000000000,0,ST CHARLES,ST CHARLES
ST. CHARLES - 000137,69,1.0000000000,4.0000000000,4.0000000000,0,ST CHARLES,ST CHARLES
ST. CHARLES - 000138,69,1.0000000000,32.0000000002,32.0000000002,0,ST CHARLES,ST CHARLES
ST. CHARLES - 000139,69,1.0000000000,14.9999999999,14.9999999999,0,ST CHARLES,ST CHARLES
ST. CHARLES - 000140,69,0.8517339819,18.7381476028,21.9999999999,0,ST CHARLES,ST CHARLES
ST. CHARLES - 000140,104,0.0000540991,0.0011901798,21.9999999999,0,ST CHARLES,ST CHARLES
ST. CHARLES - 000140,105,0.1482119190,3.2606622173,21.9999999999,0,ST CHARLES,ST CHARLES
ST. CHARLES - 000141,69,0.7772206639,35.7521505420,46.0000000005,0,ST CHARLES,ST CHARLES
ST. CHARLES - 000141,102,0.2227793361,10.2478494585,46.0000000005,0,ST CHARLES,ST CHARLES
ST. CHARLES - 000142,102,1.0000000000,51.0000000000,51.0000000000,0,ST CHARLES,ST CHARLES
ST. CLAIR - 000002,126,1.0000000000,49.0000000000,49.0000000000,0,ST CLAIR,ST CLAIR
ST. CLAIR - 000003,126,1.0000000000,114.0000000000,114.0000000000,0,ST CLAIR,ST CLAIR
ST. CLAIR - 000004,126,1.0000000000,73.9999999998,73.9999999998,0,ST CLAIR,ST CLAIR
ST. CLAIR - 000005,126,1.0000000000,89.0000000000,89.0000000000,0,ST CLAIR,ST CLAIR
ST. CLAIR - 000006,126,1.0000000000,36.0000000000,36.0000000000,0,ST CLAIR,ST CLAIR
ST. CLAIR - 000007,126,1.0000000000,69.9999999998,69.9999999998,0,ST CLAIR,ST CLAIR
ST. CLAIR - 000008,126,1.0000000000,63.0000000003,63.0000000003,0,ST CLAIR,ST CLAIR
ST. CLAIR - 000009,126,1.0000000000,83.0000000005,83.0000000005,0,ST CLAIR,ST CLAIR
ST. CLAIR - 000010,126,1.0000000000,65.0000000003,65.0000000003,0,ST CLAIR,ST CLAIR
ST. CLAIR - 000011,126,1.0000000000,44.0000000000,44.0000000000,0,ST CLAIR,ST CLAIR
ST. CLAIR - 000012,126,1.0000000000,54.0000000000,54.0000000000,0,ST CLAIR,ST CLAIR
ST. CLAIR - 000013,126,1.0000000000,46.9999999999,46.9999999999,0,ST CLAIR,ST CLAIR
ST. CLAIR - 000014,126,1.0000000000,122.0000000000,122.0000000000,0,ST CLAIR,ST CLAIR
ST. CLAIR - 000015,126,1.0000000000,34.9999999994,34.9999999994,0,ST CLAIR,ST CLAIR
ST. CLAIR - 000016,126,1.0000000000,104.0000000004,104.0000000004,0,ST CLAIR,ST CLAIR
ST. CLAIR - 000017,125,0.0454545455,4.0000000000,88.0000000002,0,ST CLAIR,ST CLAIR
ST. CLAIR - 000017,126,0.9545454545,84.0000000002,88.0000000002,0,ST CLAIR,ST CLAIR
ST. CLAIR - 000018,126,1.0000000000,43.9999999997,43.9999999997,0,ST CLAIR,ST CLAIR
ST. CLAIR - 000019,125,0.0238095238,1.0000000000,42.0000000001,0,ST CLAIR,ST CLAIR
ST. CLAIR - 000019,126,0.9761904762,41.0000000001,42.0000000001,0,ST CLAIR,ST CLAIR
ST. FRANCOIS - 000002,116,0.6914279307,47.0170992858,68.0000000000,0,ST FRANCOIS,ST FRANCOIS
ST. FRANCOIS - 000002,117,0.3085720693,20.9829007142,68.0000000000,0,ST FRANCOIS,ST FRANCOIS
ST. FRANCOIS - 000003,116,0.7142857143,60.0000000001,84.0000000001,0,ST FRANCOIS,ST FRANCOIS
ST. FRANCOIS - 000003,117,0.2857142857,24.0000000000,84.0000000001,0,ST FRANCOIS,ST FRANCOIS
ST. FRANCOIS - 000004,117,1.0000000000,123.0000000000,123.0000000000,0,ST FRANCOIS,ST FRANCOIS
ST. FRANCOIS - 000005,117,1.0000000000,224.0000000001,224.0000000001,0,ST FRANCOIS,ST FRANCOIS
ST. FRANCOIS - 000006,116,1.0000000000,49.9999999993,49.9999999993,0,ST FRANCOIS,ST FRANCOIS
ST. FRANCOIS - 000007,116,0.6755621027,24.9957977999,37.0000000001,0,ST FRANCOIS,ST FRANCOIS
ST. FRANCOIS - 000007,117,0.3244378973,12.0042022002,37.0000000001,0,ST FRANCOIS,ST FRANCOIS
ST. FRANCOIS - 000008,117,1.0000000000,45.0000000000,45.0000000000,0,ST FRANCOIS,ST FRANCOIS
ST. FRANCOIS - 000009,117,1.0000000000,91.0000000001,91.0000000001,0,ST FRANCOIS,ST FRANCOIS
ST. FRANCOIS - 000010,117,1.0000000000,104.0000000000,104.0000000000,0,ST FRANCOIS,ST FRANCOIS
ST. FRANCOIS - 000011,116,0.8201144237,103.3344173841,125.9999999999,0,ST FRANCOIS,ST FRANCOIS
ST. FRANCOIS - 000011,117,0.1798855763,22.6655826158,125.9999999999,0,ST FRANCOIS,ST FRANCOIS
ST. FRANCOIS - 000012,116,0.7104330219,106.5649532842,149.9999999998,0,ST FRANCOIS,ST FRANCOIS
ST. FRANCOIS - 000012,117,0.2895669781,43.4350467156,149.9999999998,0,ST FRANCOIS,ST FRANCOIS
ST. FRANCOIS - 000013,116,0.9186182929,112.9900500229,123.0000000001,0,ST FRANCOIS,ST FRANCOIS
ST. FRANCOIS - 000013,117,0.0813817071,10.0099499772,123.0000000001,0,ST FRANCOIS,ST FRANCOIS
ST. FRANCOIS - 000014,116,1.0000000000,119.9999999987,119.9999999987,0,ST FRANCOIS,ST FRANCOIS
ST. FRANCOIS - 000015,116,1.0000000000,119.0000000000,119.0000000000,0,ST FRANCOIS,ST FRANCOIS
ST. FRANCOIS - 000016,117,1.0000000000,58.9999999999,58.9999999999,0,ST FRANCOIS,ST FRANCOIS
ST. FRANCOIS - 000017,116,1.0000000000,120.0000000000,120.0000000000,0,ST FRANCOIS,ST FRANCOIS
ST. FRANCOIS - 000018,116,1.0000000000,79.0000000001,79.0000000001,0,ST FRANCOIS,ST FRANCOIS
ST. FRANCOIS - 000019,117,1.0000000000,63.9999999999,63.9999999999,0,ST FRANCOIS,ST FRANCOIS
ST. FRANCOIS - 000020,117,1.0000000000,33.0000000001,33.0000000001,0,ST FRANCOIS,ST FRANCOIS
ST. FRANCOIS - 000021,117,1.0000000000,75.0000000001,75.0000000001,0,ST FRANCOIS,ST FRANCOIS
ST. FRANCOIS - 000022,116,1.0000000000,69.0000000001,69.0000000001,0,ST FRANCOIS,ST FRANCOIS
ST. FRANCOIS - 000023,116,0.0254402412,7.0215065630,276.0000000003,0,ST FRANCOIS,ST FRANCOIS
ST. FRANCOIS - 000023,117,0.9745597588,268.9784934373,276.0000000003,0,ST FRANCOIS,ST FRANCOIS
ST. FRANCOIS - 000024,117,1.0000000000,74.0000000000,74.0000000000,0,ST FRANCOIS,ST FRANCOIS
ST. FRANCOIS - 000025,117,1.0000000000,86.0000000000,86.0000000000,0,ST FRANCOIS,ST FRANCOIS
ST. FRANCOIS - 000026,117,1.0000000000,260.0000000000,260.0000000000,0,ST FRANCOIS,ST FRANCOIS
ST. FRANCOIS - 000027,117,1.0000000000,169.9999999997,169.9999999997,0,ST FRANCOIS,ST FRANCOIS
ST. FRANCOIS - 000028,117,1.0000000000,194.9999999998,194.9999999998,0,ST FRANCOIS,ST FRANCOIS
ST. FRANCOIS - 000029,117,1.0000000000,156.0000000001,156.0000000001,0,ST FRANCOIS,ST FRANCOIS
ST. LOUIS - 000002,73,0.6365003406,14.0030074938,21.9999999999,0,ST LOUIS,ST LOUIS
ST. LOUIS - 000002,74,0.3634996594,7.9969925061,21.9999999999,0,ST LOUIS,ST LOUIS
ST. LOUIS - 000003,73,0.9999229140,60.9952977513,61.0000000001,0,ST LOUIS,ST LOUIS
ST. LOUIS - 000003,74,0.0000770860,0.0047022488,61.0000000001,0,ST LOUIS,ST LOUIS
ST. LOUIS - 000004,72,1.0000000000,31.0000000001,31.0000000001,0,ST LOUIS,ST LOUIS
ST. LOUIS - 000005,74,1.0000000000,11.0000000000,11.0000000000,0,ST LOUIS,ST LOUIS
ST. LOUIS - 000006,73,0.0345454546,0.3454545455,10.0000000000,0,ST LOUIS,ST LOUIS
ST. LOUIS - 000006,74,0.9654545454,9.6545454545,10.0000000000,0,ST LOUIS,ST LOUIS
ST. LOUIS - 000007,70,0.9406722889,77.1351276950,82.0000000018,0,ST LOUIS,ST LOUIS
ST. LOUIS - 000007,73,0.0593277111,4.8648723068,82.0000000018,0,ST LOUIS,ST LOUIS
ST. LOUIS - 000008,73,0.9715511774,6.8008582421,7.0000000000,0,ST LOUIS,ST LOUIS
ST. LOUIS - 000008,74,0.0284488226,0.1991417579,7.0000000000,0,ST LOUIS,ST LOUIS
ST. LOUIS - 000009,72,0.9899755727,14.8496335907,15.0000000000,0,ST LOUIS,ST LOUIS
ST. LOUIS - 000009,73,0.0100244273,0.1503664093,15.0000000000,0,ST LOUIS,ST LOUIS
ST. LOUIS - 000010,70,0.1804638204,0.3609276408,2.0000000000,0,ST LOUIS,ST LOUIS
ST. LOUIS - 000010,87,0.8195361796,1.6390723592,2.0000000000,0,ST LOUIS,ST LOUIS
ST. LOUIS - 000011,70,0.0000207167,0.0011187015,53.9999999998,0,ST LOUIS,ST LOUIS
ST. LOUIS - 000011,72,0.0185415563,1.0012440393,53.9999999998,0,ST LOUIS,ST LOUIS
ST. LOUIS - 000011,73,0.9814377270,52.9976372590,53.9999999998,0,ST LOUIS,ST LOUIS
ST. LOUIS - 000012,70,1.0000000000,8.0000000000,8.0000000000,0,ST LOUIS,ST LOUIS
ST. LOUIS - 000013,70,0.0930327590,0.9303275897,9.9999999999,0,ST LOUIS,ST LOUIS
ST. LOUIS - 000013,72,0.8894078008,8.8940780079,9.9999999999,0,ST LOUIS,ST LOUIS
ST. LOUIS - 000013,73,0.0175594402,0.1755944023,9.9999999999,0,ST LOUIS,ST LOUIS
ST. LOUIS - 000014,72,1.0000000000,29.0000000000,29.0000000000,0,ST LOUIS,ST LOUIS
ST. LOUIS - 000016,87,1.0000000000,20.0000000000,20.0000000000,0,ST LOUIS,ST LOUIS
ST. LOUIS - 000017,70,0.8523355330,12.7850329951,15.0000000000,0,ST LOUIS,ST LOUIS
ST. LOUIS - 000017,73,0.1476644670,2.2149670049,15.0000000000,0,ST LOUIS,ST LOUIS
ST. LOUIS - 000018,72,1.0000000000,26.0000000001,26.0000000001,0,ST LOUIS,ST LOUIS
ST. LOUIS - 000019,68,0.0003240195,0.0074524489,23.0000000000,0,ST LOUIS,ST LOUIS
ST. LOUIS - 000019,70,0.8140959653,18.7242072015,23.0000000000,0,ST LOUIS,ST LOUIS
ST. LOUIS - 000019,73,0.1855800152,4.2683403496,23.0000000000,0,ST LOUIS,ST LOUIS
ST. LOUIS - 000020,70,0.7517462432,3.7587312161,5.0000000000,0,ST LOUIS,ST LOUIS
ST. LOUIS - 000020,72,0.2482537568,1.2412687839,5.0000000000,0,ST LOUIS,ST LOUIS
ST. LOUIS - 000021,73,1.0000000000,44.0000000000,44.0000000000,0,ST LOUIS,ST LOUIS
ST. LOUIS - 000022,68,0.8561881229,8.5618812295,10.0000000000,0,ST LOUIS,ST LOUIS
ST. LOUIS - 000022,70,0.1438118771,1.4381187705,10.0000000000,0,ST LOUIS,ST LOUIS
ST. LOUIS - 000023,72,1.0000000000,8.0000000000,8.0000000000,0,ST LOUIS,ST LOUIS
ST. LOUIS - 000024,72,1.0000000000,6.9999999997,6.9999999997,0,ST LOUIS,ST LOUIS
ST. LOUIS - 000025,70,1.0000000000,7.0000000001,7.0000000001,0,ST LOUIS,ST LOUIS
ST. LOUIS - 000026,73,1.0000000000,17.9999999999,17.9999999999,0,ST LOUIS,ST LOUIS
ST. LOUIS - 000027,72,1.0000000000,16.0000000000,16.0000000000,0,ST LOUIS,ST LOUIS
ST. LOUIS - 000028,73,0.0402901774,1.3698660330,33.9999999998,0,ST LOUIS,ST LOUIS
ST. LOUIS - 000028,74,0.9597098226,32.6301339668,33.9999999998,0,ST LOUIS,ST LOUIS
ST. LOUIS - 000029,90,1.0000000000,18.0000000000,18.0000000000,0,ST LOUIS,ST LOUIS
ST. LOUIS - 000030,88,0.8751008048,27.1281249498,31.0000000000,0,ST LOUIS,ST LOUIS
ST. LOUIS - 000030,96,0.1240103593,3.8443211394,31.0000000000,0,ST LOUIS,ST LOUIS
ST. LOUIS - 000030,97,0.0008888358,0.0275539108,31.0000000000,0,ST LOUIS,ST LOUIS
ST. LOUIS - 000031,90,0.5578880601,12.8314253819,23.0000000001,0,ST LOUIS,ST LOUIS
ST. LOUIS - 000031,96,0.4421119399,10.1685746182,23.0000000001,0,ST LOUIS,ST LOUIS
ST. LOUIS - 000032,90,1.0000000000,28.0000000001,28.0000000001,0,ST LOUIS,ST LOUIS
ST. LOUIS - 000033,90,0.8446275883,14.3586690018,17.0000000000,0,ST LOUIS,ST LOUIS
ST. LOUIS - 000033,96,0.1553724117,2.6413309982,17.0000000000,0,ST LOUIS,ST LOUIS
ST. LOUIS - 000034,96,1.0000000000,55.0000000000,55.0000000000,0,ST LOUIS,ST LOUIS
ST. LOUIS - 000035,88,0.0058510794,0.4446820346,76.0000000000,0,ST LOUIS,ST LOUIS
ST. LOUIS - 000035,96,0.9517419552,72.3323885984,76.0000000000,0,ST LOUIS,ST LOUIS
ST. LOUIS - 000035,97,0.0424069654,3.2229293670,76.0000000000,0,ST LOUIS,ST LOUIS
ST. LOUIS - 000036,89,0.0003326207,0.0046566901,14.0000000000,0,ST LOUIS,ST LOUIS
ST. LOUIS - 000036,90,0.9996673793,13.9953433099,14.0000000000,0,ST LOUIS,ST LOUIS
ST. LOUIS - 000037,90,1.0000000000,31.0000000000,31.0000000000,0,ST LOUIS,ST LOUIS
ST. LOUIS - 000038,90,1.0000000000,18.0000000000,18.0000000000,0,ST LOUIS,ST LOUIS
ST. LOUIS - 000039,90,0.9829939114,21.6258660508,22.0000000000,0,ST LOUIS,ST LOUIS
ST. LOUIS - 000039,96,0.0170060886,0.3741339492,22.0000000000,0,ST LOUIS,ST LOUIS
ST. LOUIS - 000040,90,1.0000000000,15.9999999999,15.9999999999,0,ST LOUIS,ST LOUIS
ST. LOUIS - 000041,90,1.0000000000,18.0000000001,18.0000000001,0,ST LOUIS,ST LOUIS
ST. LOUIS - 000042,90,0.0183390230,1.0453243119,57.0000000001,0,ST LOUIS,ST LOUIS
ST. LOUIS - 000042,96,0.9816609770,55.9546756882,57.0000000001,0,ST LOUIS,ST LOUIS
ST. LOUIS - 000043,90,1.0000000000,33.0000000000,33.0000000000,0,ST LOUIS,ST LOUIS
ST. LOUIS - 000044,89,0.0907431266,1.9963487845,22.0000000000,0,ST LOUIS,ST LOUIS
ST. LOUIS - 000044,90,0.9092568734,20.0036512155,22.0000000000,0,ST LOUIS,ST LOUIS
ST. LOUIS - 000045,90,0.9998530240,39.9941209582,40.0000000000,0,ST LOUIS,ST LOUIS
ST. LOUIS - 000045,96,0.0001469760,0.0058790418,40.0000000000,0,ST LOUIS,ST LOUIS
ST. LOUIS - 000046,96,1.0000000000,9.0000000000,9.0000000000,0,ST LOUIS,ST LOUIS
ST. LOUIS - 000047,90,1.0000000000,30.0000000000,30.0000000000,0,ST LOUIS,ST LOUIS
ST. LOUIS - 000048,90,1.0000000000,31.0000000000,31.0000000000,0,ST LOUIS,ST LOUIS
ST. LOUIS - 000049,90,1.0000000000,28.0000000000,28.0000000000,0,ST LOUIS,ST LOUIS
ST. LOUIS - 000050,90,1.0000000000,16.0000000000,16.0000000000,0,ST LOUIS,ST LOUIS
ST. LOUIS - 000051,89,0.0125091415,0.3627651042,29.0000000000,0,ST LOUIS,ST LOUIS
ST. LOUIS - 000051,90,0.9874908585,28.6372348958,29.0000000000,0,ST LOUIS,ST LOUIS
ST. LOUIS - 000052,101,0.2999739642,17.9984378548,60.0000000002,0,ST LOUIS,ST LOUIS
ST. LOUIS - 000052,110,0.7000260358,42.0015621454,60.0000000002,0,ST LOUIS,ST LOUIS
ST. LOUIS - 000053,101,1.0000000000,16.0000000000,16.0000000000,0,ST LOUIS,ST LOUIS
ST. LOUIS - 000054,101,1.0000000000,18.0000000001,18.0000000001,0,ST LOUIS,ST LOUIS
ST. LOUIS - 000055,110,1.0000000000,17.0000000001,17.0000000001,0,ST LOUIS,ST LOUIS
ST. LOUIS - 000056,88,0.0672427928,1.0086418914,14.9999999999,0,ST LOUIS,ST LOUIS
ST. LOUIS - 000056,110,0.9327572072,13.9913581085,14.9999999999,0,ST LOUIS,ST LOUIS
ST. LOUIS - 000057,88,0.9992826079,4.9964130396,5.0000000001,0,ST LOUIS,ST LOUIS
ST. LOUIS - 000057,110,0.0007173921,0.0035869605,5.0000000001,0,ST LOUIS,ST LOUIS
ST. LOUIS - 000058,101,0.9980523677,69.8636657385,70.0000000003,0,ST LOUIS,ST LOUIS
ST. LOUIS - 000058,110,0.0019476323,0.1363342618,70.0000000003,0,ST LOUIS,ST LOUIS
ST. LOUIS - 000059,88,0.9987627867,17.9777301612,18.0000000001,0,ST LOUIS,ST LOUIS
ST. LOUIS - 000059,110,0.0012372133,0.0222698389,18.0000000001,0,ST LOUIS,ST LOUIS
ST. LOUIS - 000060,88,0.3442375440,10.6713638652,31.0000000001,0,ST LOUIS,ST LOUIS
ST. LOUIS - 000060,110,0.6557624560,20.3286361349,31.0000000001,0,ST LOUIS,ST LOUIS
ST. LOUIS - 000061,110,1.0000000000,19.9999999999,19.9999999999,0,ST LOUIS,ST LOUIS
ST. LOUIS - 000062,88,0.0000267870,0.0002678699,10.0000000000,0,ST LOUIS,ST LOUIS
ST. LOUIS - 000062,110,0.9999732130,9.9997321301,10.0000000000,0,ST LOUIS,ST LOUIS
ST. LOUIS - 000063,110,1.0000000000,27.0000000004,27.0000000004,0,ST LOUIS,ST LOUIS
ST. LOUIS - 000064,88,0.0889793711,2.9363192454,32.9999999992,0,ST LOUIS,ST LOUIS
ST. LOUIS - 000064,110,0.9110206289,30.0636807538,32.9999999992,0,ST LOUIS,ST LOUIS
ST. LOUIS - 000065,110,1.0000000000,8.0000000000,8.0000000000,0,ST LOUIS,ST LOUIS
ST. LOUIS - 000066,100,0.1666666667,1.0000000000,6.0000000000,0,ST LOUIS,ST LOUIS
ST. LOUIS - 000066,101,0.0016518437,0.0099110625,6.0000000000,0,ST LOUIS,ST LOUIS
ST. LOUIS - 000066,110,0.8316814896,4.9900889375,6.0000000000,0,ST LOUIS,ST LOUIS
ST. LOUIS - 000067,87,0.7665999626,26.8309986926,35.0000000001,0,ST LOUIS,ST LOUIS
ST. LOUIS - 000067,101,0.2334000374,8.1690013075,35.0000000001,0,ST LOUIS,ST LOUIS
ST. LOUIS - 000068,110,1.0000000000,25.0000000000,25.0000000000,0,ST LOUIS,ST LOUIS
ST. LOUIS - 000069,110,1.0000000000,26.0000000002,26.0000000002,0,ST LOUIS,ST LOUIS
ST. LOUIS - 000070,88,1.0000000000,5.0000000001,5.0000000001,0,ST LOUIS,ST LOUIS
ST. LOUIS - 000071,101,1.0000000000,16.0000000001,16.0000000001,0,ST LOUIS,ST LOUIS
ST. LOUIS - 000072,101,1.0000000000,24.0000000000,24.0000000000,0,ST LOUIS,ST LOUIS
ST. LOUIS - 000073,101,1.0000000000,18.0000000000,18.0000000000,0,ST LOUIS,ST LOUIS
ST. LOUIS - 000074,86,1.0000000000,32.0000000000,32.0000000000,0,ST LOUIS,ST LOUIS
ST. LOUIS - 000075,86,0.6666666667,18.0000000000,27.0000000000,0,ST LOUIS,ST LOUIS
ST. LOUIS - 000075,99,0.3333333333,9.0000000000,27.0000000000,0,ST LOUIS,ST LOUIS
ST. LOUIS - 000076,99,1.0000000000,5.0000000000,5.0000000000,0,ST LOUIS,ST LOUIS
ST. LOUIS - 000077,86,0.0164086395,0.5578937416,34.0000000001,0,ST LOUIS,ST LOUIS
ST. LOUIS - 000077,99,0.9835913605,33.4421062585,34.0000000001,0,ST LOUIS,ST LOUIS
ST. LOUIS - 000078,99,1.0000000000,24.9999999999,24.9999999999,0,ST LOUIS,ST LOUIS
ST. LOUIS - 000079,89,0.2416355182,8.9405141741,37.0000000001,0,ST LOUIS,ST LOUIS
ST. LOUIS - 000079,99,0.7583644818,28.0594858260,37.0000000001,0,ST LOUIS,ST LOUIS
ST. LOUIS - 000080,83,1.0000000000,54.9999999999,54.9999999999,0,ST LOUIS,ST LOUIS
ST. LOUIS - 000081,91,1.0000000000,42.0000000000,42.0000000000,0,ST LOUIS,ST LOUIS
ST. LOUIS - 000082,90,0.0000880471,0.0017609426,19.9999999999,0,ST LOUIS,ST LOUIS
ST. LOUIS - 000082,91,0.9999119529,19.9982390573,19.9999999999,0,ST LOUIS,ST LOUIS
ST. LOUIS - 000083,91,0.9998703363,26.9964990810,27.0000000000,0,ST LOUIS,ST LOUIS
ST. LOUIS - 000083,99,0.0001296637,0.0035009190,27.0000000000,0,ST LOUIS,ST LOUIS
ST. LOUIS - 000084,91,0.0150155207,0.5255432236,35.0000000000,0,ST LOUIS,ST LOUIS
ST. LOUIS - 000084,99,0.9849844793,34.4744567764,35.0000000000,0,ST LOUIS,ST LOUIS
ST. LOUIS - 000085,99,1.0000000000,23.0000000001,23.0000000001,0,ST LOUIS,ST LOUIS
ST. LOUIS - 000086,83,1.0000000000,39.0000000001,39.0000000001,0,ST LOUIS,ST LOUIS
ST. LOUIS - 000087,83,1.0000000000,2.0000000000,2.0000000000,0,ST LOUIS,ST LOUIS
ST. LOUIS - 000088,86,0.0196078431,1.0000000000,51.0000000000,0,ST LOUIS,ST LOUIS
ST. LOUIS - 000088,99,0.9803921569,50.0000000000,51.0000000000,0,ST LOUIS,ST LOUIS
ST. LOUIS - 000089,83,1.0000000000,12.9999999998,12.9999999998,0,ST LOUIS,ST LOUIS
ST. LOUIS - 000090,83,1.0000000000,42.9999999999,42.9999999999,0,ST LOUIS,ST LOUIS
ST. LOUIS - 000091,99,1.0000000000,20.0000000000,20.0000000000,0,ST LOUIS,ST LOUIS
ST. LOUIS - 000092,83,1.0000000000,27.0000000001,27.0000000001,0,ST LOUIS,ST LOUIS
ST. LOUIS - 000093,91,1.0000000000,24.0000000000,24.0000000000,0,ST LOUIS,ST LOUIS
ST. LOUIS - 000094,83,0.8995512163,17.9910243266,20.0000000000,0,ST LOUIS,ST LOUIS
ST. LOUIS - 000094,91,0.1004487837,2.0089756734,20.0000000000,0,ST LOUIS,ST LOUIS
ST. LOUIS - 000095,99,1.0000000000,7.0000000000,7.0000000000,0,ST LOUIS,ST LOUIS
ST. LOUIS - 000097,99,1.0000000000,5.0000000000,5.0000000000,0,ST LOUIS,ST LOUIS
ST. LOUIS - 000098,99,1.0000000000,14.0000000000,14.0000000000,0,ST LOUIS,ST LOUIS
ST. LOUIS - 000099,83,1.0000000000,17.0000000000,17.0000000000,0,ST LOUIS,ST LOUIS
ST. LOUIS - 000100,81,0.0110502647,0.2983571477,27.0000000000,0,ST LOUIS,ST LOUIS
ST. LOUIS - 000100,93,0.9889497353,26.7016428523,27.0000000000,0,ST LOUIS,ST LOUIS
ST. LOUIS - 000101,91,0.1416961492,1.9837460891,14.0000000000,0,ST LOUIS,ST LOUIS
ST. LOUIS - 000101,92,0.8583038508,12.0162539109,14.0000000000,0,ST LOUIS,ST LOUIS
ST. LOUIS - 000102,92,0.9561975662,41.1164953444,42.9999999998,0,ST LOUIS,ST LOUIS
ST. LOUIS - 000102,94,0.0438024338,1.8835046554,42.9999999998,0,ST LOUIS,ST LOUIS
ST. LOUIS - 000103,96,1.0000000000,20.9999999999,20.9999999999,0,ST LOUIS,ST LOUIS
ST. LOUIS - 000104,92,1.0000000000,5.0000000000,5.0000000000,0,ST LOUIS,ST LOUIS
ST. LOUIS - 000105,92,1.0000000000,9.0000000000,9.0000000000,0,ST LOUIS,ST LOUIS
ST. LOUIS - 000106,92,0.1429773930,6.0050505051,42.0000000001,0,ST LOUIS,ST LOUIS
ST. LOUIS - 000106,93,0.8570226070,35.9949494950,42.0000000001,0,ST LOUIS,ST LOUIS
ST. LOUIS - 000107,93,1.0000000000,4.0000000000,4.0000000000,0,ST LOUIS,ST LOUIS
ST. LOUIS - 000108,92,1.0000000000,30.0000000001,30.0000000001,0,ST LOUIS,ST LOUIS
ST. LOUIS - 000109,91,0.3333333333,5.0000000000,15.0000000000,0,ST LOUIS,ST LOUIS
ST. LOUIS - 000109,92,0.6666666667,10.0000000000,15.0000000000,0,ST LOUIS,ST LOUIS
ST. LOUIS - 000110,92,0.2500000000,4.0000000000,16.0000000001,0,ST LOUIS,ST LOUIS
ST. LOUIS - 000110,96,0.7500000000,12.0000000001,16.0000000001,0,ST LOUIS,ST LOUIS
ST. LOUIS - 000111,96,1.0000000000,16.9999999999,16.9999999999,0,ST LOUIS,ST LOUIS
ST. LOUIS - 000112,92,1.0000000000,9.0000000000,9.0000000000,0,ST LOUIS,ST LOUIS
ST. LOUIS - 000113,92,1.0000000000,2.0000000000,2.0000000000,0,ST LOUIS,ST LOUIS
ST. LOUIS - 000114,92,0.2904990977,8.4244738343,29.0000000000,0,ST LOUIS,ST LOUIS
ST. LOUIS - 000114,93,0.7095009023,20.5755261657,29.0000000000,0,ST LOUIS,ST LOUIS
ST. LOUIS - 000115,92,0.3617511521,2.5322580645,7.0000000000,0,ST LOUIS,ST LOUIS
ST. LOUIS - 000115,96,0.6382488479,4.4677419355,7.0000000000,0,ST LOUIS,ST LOUIS
ST. LOUIS - 000116,92,1.0000000000,7.0000000000,7.0000000000,0,ST LOUIS,ST LOUIS
ST. LOUIS - 000117,92,1.0000000000,12.0000000000,12.0000000000,0,ST LOUIS,ST LOUIS
ST. LOUIS - 000118,92,0.9348982424,21.5026595745,23.0000000001,0,ST LOUIS,ST LOUIS
ST. LOUIS - 000118,93,0.0651017576,1.4973404256,23.0000000001,0,ST LOUIS,ST LOUIS
ST. LOUIS - 000119,92,1.0000000000,13.0000000001,13.0000000001,0,ST LOUIS,ST LOUIS
ST. LOUIS - 000120,92,1.0000000000,15.0000000000,15.0000000000,0,ST LOUIS,ST LOUIS
ST. LOUIS - 000121,92,1.0000000000,5.0000000000,5.0000000000,0,ST LOUIS,ST LOUIS
ST. LOUIS - 000122,92,1.0000000000,12.0000000000,12.0000000000,0,ST LOUIS,ST LOUIS
ST. LOUIS - 000123,92,0.8069889679,6.4559117432,7.9999999999,0,ST LOUIS,ST LOUIS
ST. LOUIS - 000123,93,0.1930028341,1.5440226731,7.9999999999,0,ST LOUIS,ST LOUIS
ST. LOUIS - 000123,94,0.0000081980,0.0000655836,7.9999999999,0,ST LOUIS,ST LOUIS
ST. LOUIS - 000124,93,1.0000000000,11.9999999999,11.9999999999,0,ST LOUIS,ST LOUIS
ST. LOUIS - 000125,91,0.0828367438,3.8933269602,47.0000000001,0,ST LOUIS,ST LOUIS
ST. LOUIS - 000125,92,0.9171632562,43.1066730400,47.0000000001,0,ST LOUIS,ST LOUIS
ST. LOUIS - 000126,71,1.0000000000,20.0000000000,20.0000000000,0,ST LOUIS,ST LOUIS
ST. LOUIS - 000127,71,1.0000000000,15.0000000001,15.0000000001,0,ST LOUIS,ST LOUIS
ST. LOUIS - 000128,71,1.0000000000,31.9999999999,31.9999999999,0,ST LOUIS,ST LOUIS
ST. LOUIS - 000129,71,1.0000000000,9.9999999999,9.9999999999,0,ST LOUIS,ST LOUIS
ST. LOUIS - 000130,71,0.5435794219,13.5894855469,25.0000000000,0,ST LOUIS,ST LOUIS
ST. LOUIS - 000130,72,0.4564205781,11.4105144531,25.0000000000,0,ST LOUIS,ST LOUIS
ST. LOUIS - 000131,71,1.0000000000,2.0000000000,2.0000000000,0,ST LOUIS,ST LOUIS
ST. LOUIS - 000132,71,0.2711763147,14.9146973109,54.9999999999,0,ST LOUIS,ST LOUIS
ST. LOUIS - 000132,72,0.0015509580,0.0853026888,54.9999999999,0,ST LOUIS,ST LOUIS
ST. LOUIS - 000132,99,0.7272727273,40.0000000002,54.9999999999,0,ST LOUIS,ST LOUIS
ST. LOUIS - 000133,86,0.0108549542,0.3147936713,29.0000000000,0,ST LOUIS,ST LOUIS
ST. LOUIS - 000133,99,0.9891450458,28.6852063287,29.0000000000,0,ST LOUIS,ST LOUIS
ST. LOUIS - 000134,99,1.0000000000,18.9999999998,18.9999999998,0,ST LOUIS,ST LOUIS
ST. LOUIS - 000135,71,0.9886850602,29.6605518072,29.9999999999,0,ST LOUIS,ST LOUIS
ST. LOUIS - 000135,99,0.0113149398,0.3394481927,29.9999999999,0,ST LOUIS,ST LOUIS
ST. LOUIS - 000136,99,1.0000000000,7.0000000000,7.0000000000,0,ST LOUIS,ST LOUIS
ST. LOUIS - 000137,72,1.0000000000,4.0000000000,4.0000000000,0,ST LOUIS,ST LOUIS
ST. LOUIS - 000138,72,0.8571428571,6.0000000000,7.0000000000,0,ST LOUIS,ST LOUIS
ST. LOUIS - 000138,86,0.1428571429,1.0000000000,7.0000000000,0,ST LOUIS,ST LOUIS
ST. LOUIS - 000139,71,0.9375000000,15.0000000001,16.0000000001,0,ST LOUIS,ST LOUIS
ST. LOUIS - 000139,72,0.0625000000,1.0000000000,16.0000000001,0,ST LOUIS,ST LOUIS
ST. LOUIS - 000140,71,1.0000000000,16.0000000000,16.0000000000,0,ST LOUIS,ST LOUIS
ST. LOUIS - 000141,72,0.0009217421,0.0092174210,9.9999999999,0,ST LOUIS,ST LOUIS
ST. LOUIS - 000141,99,0.9990782579,9.9907825789,9.9999999999,0,ST LOUIS,ST LOUIS
ST. LOUIS - 000142,71,1.0000000000,14.0000000000,14.0000000000,0,ST LOUIS,ST LOUIS
ST. LOUIS - 000143,71,1.0000000000,7.0000000000,7.0000000000,0,ST LOUIS,ST LOUIS
ST. LOUIS - 000144,71,1.0000000000,29.9999999998,29.9999999998,0,ST LOUIS,ST LOUIS
ST. LOUIS - 000145,71,0.0475640217,0.2378201084,4.9999999999,0,ST LOUIS,ST LOUIS
ST. LOUIS - 000145,72,0.9510062982,4.7550314907,4.9999999999,0,ST LOUIS,ST LOUIS
ST. LOUIS - 000145,87,0.0014296802,0.0071484008,4.9999999999,0,ST LOUIS,ST LOUIS
ST. LOUIS - 000146,72,0.6666666667,4.0000000000,6.0000000000,0,ST LOUIS,ST LOUIS
ST. LOUIS - 000146,87,0.3333333333,2.0000000000,6.0000000000,0,ST LOUIS,ST LOUIS
ST. LOUIS - 000147,72,1.0000000000,13.0000000000,13.0000000000,0,ST LOUIS,ST LOUIS
ST. LOUIS - 000148,72,1.0000000000,10.0000000000,10.0000000000,0,ST LOUIS,ST LOUIS
ST. LOUIS - 000149,71,1.0000000000,5.0000000000,5.0000000000,0,ST LOUIS,ST LOUIS
ST. LOUIS - 000150,71,0.9154180647,13.7312709705,15.0000000000,0,ST LOUIS,ST LOUIS
ST. LOUIS - 000150,72,0.0845819353,1.2687290295,15.0000000000,0,ST LOUIS,ST LOUIS
ST. LOUIS - 000152,71,0.7114662324,38.4191765520,54.0000000000,0,ST LOUIS,ST LOUIS
ST. LOUIS - 000152,87,0.2885337676,15.5808234480,54.0000000000,0,ST LOUIS,ST LOUIS
ST. LOUIS - 000153,71,0.9687614255,31.0003656156,32.0000000001,0,ST LOUIS,ST LOUIS
ST. LOUIS - 000153,87,0.0312385745,0.9996343845,32.0000000001,0,ST LOUIS,ST LOUIS
ST. LOUIS - 000154,73,1.0000000000,19.9999999998,19.9999999998,0,ST LOUIS,ST LOUIS
ST. LOUIS - 000155,73,0.1746570952,1.0479425712,6.0000000000,0,ST LOUIS,ST LOUIS
ST. LOUIS - 000155,85,0.8253429048,4.9520574288,6.0000000000,0,ST LOUIS,ST LOUIS
ST. LOUIS - 000156,73,0.1019383052,0.4077532207,4.0000000000,0,ST LOUIS,ST LOUIS
ST. LOUIS - 000156,85,0.8980616948,3.5922467793,4.0000000000,0,ST LOUIS,ST LOUIS
ST. LOUIS - 000157,73,1.0000000000,17.0000000000,17.0000000000,0,ST LOUIS,ST LOUIS
ST. LOUIS - 000158,70,0.0025973254,0.1324635979,50.9999999999,0,ST LOUIS,ST LOUIS
ST. LOUIS - 000158,73,0.9974026746,50.8675364020,50.9999999999,0,ST LOUIS,ST LOUIS
ST. LOUIS - 000159,73,1.0000000000,29.0000000000,29.0000000000,0,ST LOUIS,ST LOUIS
ST. LOUIS - 000160,73,0.8400641943,18.4814122741,21.9999999999,0,ST LOUIS,ST LOUIS
ST. LOUIS - 000160,85,0.1599358057,3.5185877258,21.9999999999,0,ST LOUIS,ST LOUIS
ST. LOUIS - 000161,73,1.0000000000,13.0000000000,13.0000000000,0,ST LOUIS,ST LOUIS
ST. LOUIS - 000162,73,1.0000000000,26.0000000001,26.0000000001,0,ST LOUIS,ST LOUIS
ST. LOUIS - 000163,70,1.0000000000,26.0000000000,26.0000000000,0,ST LOUIS,ST LOUIS
ST. LOUIS - 000164,85,1.0000000000,17.0000000000,17.0000000000,0,ST LOUIS,ST LOUIS
ST. LOUIS - 000165,68,0.9918120145,32.7297964777,33.0000000000,0,ST LOUIS,ST LOUIS
ST. LOUIS - 000165,70,0.0071179924,0.2348937492,33.0000000000,0,ST LOUIS,ST LOUIS
ST. LOUIS - 000165,73,0.0010699931,0.0353097731,33.0000000000,0,ST LOUIS,ST LOUIS
ST. LOUIS - 000166,70,0.9549223292,8.5943009626,9.0000000000,0,ST LOUIS,ST LOUIS
ST. LOUIS - 000166,73,0.0450776708,0.4056990374,9.0000000000,0,ST LOUIS,ST LOUIS
ST. LOUIS - 000167,73,1.0000000000,20.0000000000,20.0000000000,0,ST LOUIS,ST LOUIS
ST. LOUIS - 000168,73,0.9991374442,22.9801612174,23.0000000000,0,ST LOUIS,ST LOUIS
ST. LOUIS - 000168,85,0.0008625558,0.0198387826,23.0000000000,0,ST LOUIS,ST LOUIS
ST. LOUIS - 000169,68,1.0000000000,26.0000000000,26.0000000000,0,ST LOUIS,ST LOUIS
ST. LOUIS - 000170,85,1.0000000000,23.0000000000,23.0000000000,0,ST LOUIS,ST LOUIS
ST. LOUIS - 000171,68,0.7061097159,10.5916457392,15.0000000001,0,ST LOUIS,ST LOUIS
ST. LOUIS - 000171,73,0.2938902841,4.4083542609,15.0000000001,0,ST LOUIS,ST LOUIS
ST. LOUIS - 000172,73,1.0000000000,7.0000000000,7.0000000000,0,ST LOUIS,ST LOUIS
ST. LOUIS - 000173,68,1.0000000000,8.0000000000,8.0000000000,0,ST LOUIS,ST LOUIS
ST. LOUIS - 000174,85,1.0000000000,3.0000000000,3.0000000000,0,ST LOUIS,ST LOUIS
ST. LOUIS - 000175,68,0.0510321147,1.0206422945,19.9999999999,0,ST LOUIS,ST LOUIS
ST. LOUIS - 000175,73,0.9281104361,18.5622087216,19.9999999999,0,ST LOUIS,ST LOUIS
ST. LOUIS - 000175,85,0.0208574492,0.4171489838,19.9999999999,0,ST LOUIS,ST LOUIS
ST. LOUIS - 000176,68,0.8620689655,24.9999999999,28.9999999999,0,ST LOUIS,ST LOUIS
ST. LOUIS - 000176,73,0.1379310345,4.0000000000,28.9999999999,0,ST LOUIS,ST LOUIS
ST. LOUIS - 000177,73,1.0000000000,2.0000000000,2.0000000000,0,ST LOUIS,ST LOUIS
ST. LOUIS - 000178,73,0.1724934878,2.0699218540,12.0000000000,0,ST LOUIS,ST LOUIS
ST. LOUIS - 000178,85,0.8275065122,9.9300781460,12.0000000000,0,ST LOUIS,ST LOUIS
ST. LOUIS - 000179,85,1.0000000000,15.0000000000,15.0000000000,0,ST LOUIS,ST LOUIS
ST. LOUIS - 000180,85,1.0000000000,24.0000000000,24.0000000000,0,ST LOUIS,ST LOUIS
ST. LOUIS - 000181,73,0.0131016061,0.1179144551,9.0000000000,0,ST LOUIS,ST LOUIS
ST. LOUIS - 000181,85,0.9868983939,8.8820855449,9.0000000000,0,ST LOUIS,ST LOUIS
ST. LOUIS - 000183,67,0.0384615385,1.0000000000,26.0000000000,0,ST LOUIS,ST LOUIS
ST. LOUIS - 000183,75,0.9615384615,25.0000000000,26.0000000000,0,ST LOUIS,ST LOUIS
ST. LOUIS - 000184,75,1.0000000000,53.9999999999,53.9999999999,0,ST LOUIS,ST LOUIS
ST. LOUIS - 000185,68,0.6470588235,22.0000000000,34.0000000000,0,ST LOUIS,ST LOUIS
ST. LOUIS - 000185,75,0.3529411765,12.0000000000,34.0000000000,0,ST LOUIS,ST LOUIS
ST. LOUIS - 000186,68,0.9565217391,22.0000000000,23.0000000000,0,ST LOUIS,ST LOUIS
ST. LOUIS - 000186,75,0.0434782609,1.0000000000,23.0000000000,0,ST LOUIS,ST LOUIS
ST. LOUIS - 000187,75,1.0000000000,30.0000000001,30.0000000001,0,ST LOUIS,ST LOUIS
ST. LOUIS - 000188,68,1.0000000000,22.0000000000,22.0000000000,0,ST LOUIS,ST LOUIS
ST. LOUIS - 000189,68,0.2352941176,12.0000000000,51.0000000000,0,ST LOUIS,ST LOUIS
ST. LOUIS - 000189,75,0.7647058824,39.0000000000,51.0000000000,0,ST LOUIS,ST LOUIS
ST. LOUIS - 000190,68,1.0000000000,19.0000000000,19.0000000000,0,ST LOUIS,ST LOUIS
ST. LOUIS - 000191,75,1.0000000000,26.0000000000,26.0000000000,0,ST LOUIS,ST LOUIS
ST. LOUIS - 000192,68,0.7142857143,10.0000000000,14.0000000000,0,ST LOUIS,ST LOUIS
ST. LOUIS - 000192,75,0.2857142857,4.0000000000,14.0000000000,0,ST LOUIS,ST LOUIS
ST. LOUIS - 000193,68,0.5000000000,5.0000000000,10.0000000000,0,ST LOUIS,ST LOUIS
ST. LOUIS - 000193,75,0.5000000000,5.0000000000,10.0000000000,0,ST LOUIS,ST LOUIS
ST. LOUIS - 000194,68,1.0000000000,34.0000000000,34.0000000000,0,ST LOUIS,ST LOUIS
ST. LOUIS - 000195,68,0.1101386502,1.1013865021,10.0000000000,0,ST LOUIS,ST LOUIS
ST. LOUIS - 000195,70,0.8898613498,8.8986134979,10.0000000000,0,ST LOUIS,ST LOUIS
ST. LOUIS - 000196,68,0.3157894737,6.0000000000,19.0000000000,0,ST LOUIS,ST LOUIS
ST. LOUIS - 000196,75,0.6842105263,13.0000000000,19.0000000000,0,ST LOUIS,ST LOUIS
ST. LOUIS - 000197,68,1.0000000000,5.0000000000,5.0000000000,0,ST LOUIS,ST LOUIS
ST. LOUIS - 000198,70,1.0000000000,3.9999999999,3.9999999999,0,ST LOUIS,ST LOUIS
ST. LOUIS - 000199,68,1.0000000000,16.9999999999,16.9999999999,0,ST LOUIS,ST LOUIS
ST. LOUIS - 000200,68,1.0000000000,21.0000000000,21.0000000000,0,ST LOUIS,ST LOUIS
ST. LOUIS - 000201,68,0.6842105263,13.0000000000,19.0000000000,0,ST LOUIS,ST LOUIS
ST. LOUIS - 000201,70,0.3157894737,6.0000000000,19.0000000000,0,ST LOUIS,ST LOUIS
ST. LOUIS - 000202,75,1.0000000000,29.9999999999,29.9999999999,0,ST LOUIS,ST LOUIS
ST. LOUIS - 000203,96,1.0000000000,24.0000000000,24.0000000000,0,ST LOUIS,ST LOUIS
ST. LOUIS - 000204,96,1.0000000000,10.0000000000,10.0000000000,0,ST LOUIS,ST LOUIS
ST. LOUIS - 000205,91,0.2132946318,1.4930624229,7.0000000000,0,ST LOUIS,ST LOUIS
ST. LOUIS - 000205,96,0.7867053682,5.5069375771,7.0000000000,0,ST LOUIS,ST LOUIS
ST. LOUIS - 000206,96,1.0000000000,6.0000000000,6.0000000000,0,ST LOUIS,ST LOUIS
ST. LOUIS - 000207,96,1.0000000000,9.0000000000,9.0000000000,0,ST LOUIS,ST LOUIS
ST. LOUIS - 000208,83,0.2105263158,4.0000000000,19.0000000000,0,ST LOUIS,ST LOUIS
ST. LOUIS - 000208,91,0.7894736842,15.0000000000,19.0000000000,0,ST LOUIS,ST LOUIS
ST. LOUIS - 000209,83,0.1200000000,3.0000000000,25.0000000000,0,ST LOUIS,ST LOUIS
ST. LOUIS - 000209,92,0.8800000000,22.0000000000,25.0000000000,0,ST LOUIS,ST LOUIS
ST. LOUIS - 000210,91,1.0000000000,15.0000000001,15.0000000001,0,ST LOUIS,ST LOUIS
ST. LOUIS - 000211,83,0.0666666667,1.0000000000,15.0000000000,0,ST LOUIS,ST LOUIS
ST. LOUIS - 000211,92,0.9333333333,14.0000000000,15.0000000000,0,ST LOUIS,ST LOUIS
ST. LOUIS - 000212,90,1.0000000000,21.0000000000,21.0000000000,0,ST LOUIS,ST LOUIS
ST. LOUIS - 000213,83,0.9522508572,19.9972680010,21.0000000001,0,ST LOUIS,ST LOUIS
ST. LOUIS - 000213,91,0.0001300952,0.0027319991,21.0000000001,0,ST LOUIS,ST LOUIS
ST. LOUIS - 000213,92,0.0476190476,1.0000000000,21.0000000001,0,ST LOUIS,ST LOUIS
ST. LOUIS - 000214,82,0.0156584437,0.4697533111,30.0000000000,0,ST LOUIS,ST LOUIS
ST. LOUIS - 000214,83,0.8122894526,24.3686835774,30.0000000000,0,ST LOUIS,ST LOUIS
ST. LOUIS - 000214,92,0.1720521037,5.1615631115,30.0000000000,0,ST LOUIS,ST LOUIS
ST. LOUIS - 000215,92,1.0000000000,18.0000000000,18.0000000000,0,ST LOUIS,ST LOUIS
ST. LOUIS - 000216,92,1.0000000000,27.0000000000,27.0000000000,0,ST LOUIS,ST LOUIS
ST. LOUIS - 000217,96,1.0000000000,13.0000000000,13.0000000000,0,ST LOUIS,ST LOUIS
ST. LOUIS - 000218,96,1.0000000000,21.9999999999,21.9999999999,0,ST LOUIS,ST LOUIS
ST. LOUIS - 000219,96,1.0000000000,19.0000000000,19.0000000000,0,ST LOUIS,ST LOUIS
ST. LOUIS - 000220,90,0.2319486302,2.7833835626,12.0000000000,0,ST LOUIS,ST LOUIS
ST. LOUIS - 000220,96,0.7680513698,9.2166164374,12.0000000000,0,ST LOUIS,ST LOUIS
ST. LOUIS - 000221,83,0.0777016743,2.4864535769,32.0000000000,0,ST LOUIS,ST LOUIS
ST. LOUIS - 000221,91,0.9222983257,29.5135464231,32.0000000000,0,ST LOUIS,ST LOUIS
ST. LOUIS - 000222,91,1.0000000000,11.0000000000,11.0000000000,0,ST LOUIS,ST LOUIS
ST. LOUIS - 000223,96,1.0000000000,22.0000000000,22.0000000000,0,ST LOUIS,ST LOUIS
ST. LOUIS - 000224,90,0.0822964601,1.9751150415,24.0000000001,0,ST LOUIS,ST LOUIS
ST. LOUIS - 000224,96,0.9177035399,22.0248849586,24.0000000001,0,ST LOUIS,ST LOUIS
ST. LOUIS - 000225,83,1.0000000000,1.0000000000,1.0000000000,0,ST LOUIS,ST LOUIS
ST. LOUIS - 000226,96,1.0000000000,9.0000000001,9.0000000001,0,ST LOUIS,ST LOUIS
ST. LOUIS - 000227,91,0.9995091443,23.9882194624,23.9999999999,0,ST LOUIS,ST LOUIS
ST. LOUIS - 000227,96,0.0004908557,0.0117805375,23.9999999999,0,ST LOUIS,ST LOUIS
ST. LOUIS - 000228,96,1.0000000000,17.0000000000,17.0000000000,0,ST LOUIS,ST LOUIS
ST. LOUIS - 000229,96,1.0000000000,18.0000000000,18.0000000000,0,ST LOUIS,ST LOUIS
ST. LOUIS - 000230,91,0.0370373399,1.4444562560,38.9999999999,0,ST LOUIS,ST LOUIS
ST. LOUIS - 000230,96,0.9629626601,37.5555437439,38.9999999999,0,ST LOUIS,ST LOUIS
ST. LOUIS - 000231,96,1.0000000000,10.0000000001,10.0000000001,0,ST LOUIS,ST LOUIS
ST. LOUIS - 000232,96,1.0000000000,7.0000000000,7.0000000000,0,ST LOUIS,ST LOUIS
ST. LOUIS - 000233,99,1.0000000000,12.0000000000,12.0000000000,0,ST LOUIS,ST LOUIS
ST. LOUIS - 000234,84,0.0005728678,0.0137488275,24.0000000000,0,ST LOUIS,ST LOUIS
ST. LOUIS - 000234,86,0.9994271322,23.9862511725,24.0000000000,0,ST LOUIS,ST LOUIS
ST. LOUIS - 000235,86,1.0000000000,9.0000000002,9.0000000002,0,ST LOUIS,ST LOUIS
ST. LOUIS - 000236,86,1.0000000000,12.0000000000,12.0000000000,0,ST LOUIS,ST LOUIS
ST. LOUIS - 000237,99,1.0000000000,14.0000000001,14.0000000001,0,ST LOUIS,ST LOUIS
ST. LOUIS - 000238,84,0.0049641268,0.0794260288,16.0000000001,0,ST LOUIS,ST LOUIS
ST. LOUIS - 000238,99,0.9950358732,15.9205739713,16.0000000001,0,ST LOUIS,ST LOUIS
ST. LOUIS - 000239,83,1.0000000000,45.9999999987,45.9999999987,0,ST LOUIS,ST LOUIS
ST. LOUIS - 000240,83,0.9817839950,32.3988718354,33.0000000000,0,ST LOUIS,ST LOUIS
ST. LOUIS - 000240,84,0.0182160050,0.6011281645,33.0000000000,0,ST LOUIS,ST LOUIS
ST. LOUIS - 000241,83,1.0000000000,23.9999999999,23.9999999999,0,ST LOUIS,ST LOUIS
ST. LOUIS - 000242,83,0.9904128544,28.7219727775,29.0000000000,0,ST LOUIS,ST LOUIS
ST. LOUIS - 000242,84,0.0095871456,0.2780272225,29.0000000000,0,ST LOUIS,ST LOUIS
ST. LOUIS - 000243,99,1.0000000000,15.0000000000,15.0000000000,0,ST LOUIS,ST LOUIS
ST. LOUIS - 000244,99,1.0000000000,17.0000000000,17.0000000000,0,ST LOUIS,ST LOUIS
ST. LOUIS - 000245,83,0.9971818794,35.8985476567,36.0000000000,0,ST LOUIS,ST LOUIS
ST. LOUIS - 000245,84,0.0028181206,0.1014523433,36.0000000000,0,ST LOUIS,ST LOUIS
ST. LOUIS - 000246,82,0.0029982483,0.0839509513,28.0000000000,0,ST LOUIS,ST LOUIS
ST. LOUIS - 000246,83,0.9970017517,27.9160490487,28.0000000000,0,ST LOUIS,ST LOUIS
ST. LOUIS - 000247,83,0.9956447983,20.9085407649,20.9999999999,0,ST LOUIS,ST LOUIS
ST. LOUIS - 000247,91,0.0043552017,0.0914592350,20.9999999999,0,ST LOUIS,ST LOUIS
ST. LOUIS - 000248,82,0.0409907008,1.2707117255,31.0000000000,0,ST LOUIS,ST LOUIS
ST. LOUIS - 000248,83,0.9590092992,29.7292882745,31.0000000000,0,ST LOUIS,ST LOUIS
ST. LOUIS - 000249,83,1.0000000000,31.0000000000,31.0000000000,0,ST LOUIS,ST LOUIS
ST. LOUIS - 000250,99,1.0000000000,14.0000000000,14.0000000000,0,ST LOUIS,ST LOUIS
ST. LOUIS - 000251,84,0.0429875293,1.0746882337,25.0000000000,0,ST LOUIS,ST LOUIS
ST. LOUIS - 000251,86,0.9570124707,23.9253117663,25.0000000000,0,ST LOUIS,ST LOUIS
ST. LOUIS - 000252,86,1.0000000000,28.0000000000,28.0000000000,0,ST LOUIS,ST LOUIS
ST. LOUIS - 000253,86,1.0000000000,16.0000000000,16.0000000000,0,ST LOUIS,ST LOUIS
ST. LOUIS - 000254,75,1.0000000000,34.0000000000,34.0000000000,0,ST LOUIS,ST LOUIS
ST. LOUIS - 000255,66,0.0948431397,1.1381176762,12.0000000001,0,ST LOUIS,ST LOUIS
ST. LOUIS - 000255,67,0.9051568603,10.8618823239,12.0000000001,0,ST LOUIS,ST LOUIS
ST. LOUIS - 000256,66,0.9627291661,22.1427708208,23.0000000000,0,ST LOUIS,ST LOUIS
ST. LOUIS - 000256,85,0.0372708339,0.8572291792,23.0000000000,0,ST LOUIS,ST LOUIS
ST. LOUIS - 000257,66,0.3027767317,11.8082925372,38.9999999999,0,ST LOUIS,ST LOUIS
ST. LOUIS - 000257,85,0.6972232683,27.1917074627,38.9999999999,0,ST LOUIS,ST LOUIS
ST. LOUIS - 000258,66,0.5000000000,6.0000000000,12.0000000000,0,ST LOUIS,ST LOUIS
ST. LOUIS - 000258,85,0.5000000000,6.0000000000,12.0000000000,0,ST LOUIS,ST LOUIS
ST. LOUIS - 000259,66,0.8940093381,16.9861774238,19.0000000000,0,ST LOUIS,ST LOUIS
ST. LOUIS - 000259,85,0.1059906619,2.0138225762,19.0000000000,0,ST LOUIS,ST LOUIS
ST. LOUIS - 000260,85,1.0000000000,28.9999999999,28.9999999999,0,ST LOUIS,ST LOUIS
ST. LOUIS - 000261,85,1.0000000000,24.0000000000,24.0000000000,0,ST LOUIS,ST LOUIS
ST. LOUIS - 000262,85,1.0000000000,3.0000000000,3.0000000000,0,ST LOUIS,ST LOUIS
ST. LOUIS - 000263,85,1.0000000000,2.0000000000,2.0000000000,0,ST LOUIS,ST LOUIS
ST. LOUIS - 000264,66,0.0612449247,1.0411637192,16.9999999999,0,ST LOUIS,ST LOUIS
ST. LOUIS - 000264,85,0.9387550753,15.9588362808,16.9999999999,0,ST LOUIS,ST LOUIS
ST. LOUIS - 000265,85,1.0000000000,10.0000000000,10.0000000000,0,ST LOUIS,ST LOUIS
ST. LOUIS - 000266,85,1.0000000000,41.9999999999,41.9999999999,0,ST LOUIS,ST LOUIS
ST. LOUIS - 000267,73,0.9988737066,28.9673374912,29.0000000000,0,ST LOUIS,ST LOUIS
ST. LOUIS - 000267,85,0.0011262934,0.0326625088,29.0000000000,0,ST LOUIS,ST LOUIS
ST. LOUIS - 000268,85,1.0000000000,22.0000000000,22.0000000000,0,ST LOUIS,ST LOUIS
ST. LOUIS - 000269,67,0.8896278624,16.9029293861,18.9999999999,0,ST LOUIS,ST LOUIS
ST. LOUIS - 000269,68,0.0030973075,0.0588488419,18.9999999999,0,ST LOUIS,ST LOUIS
ST. LOUIS - 000269,75,0.1072748301,2.0382217719,18.9999999999,0,ST LOUIS,ST LOUIS
ST. LOUIS - 000270,66,0.0526315789,1.0000000000,19.0000000000,0,ST LOUIS,ST LOUIS
ST. LOUIS - 000270,85,0.9473684211,18.0000000000,19.0000000000,0,ST LOUIS,ST LOUIS
ST. LOUIS - 000271,67,1.0000000000,9.0000000000,9.0000000000,0,ST LOUIS,ST LOUIS
ST. LOUIS - 000272,68,1.0000000000,12.0000000000,12.0000000000,0,ST LOUIS,ST LOUIS
ST. LOUIS - 000273,66,0.0268834528,0.6720863203,25.0000000000,0,ST LOUIS,ST LOUIS
ST. LOUIS - 000273,67,0.0400000000,1.0000000000,25.0000000000,0,ST LOUIS,ST LOUIS
ST. LOUIS - 000273,68,0.3200000000,8.0000000000,25.0000000000,0,ST LOUIS,ST LOUIS
ST. LOUIS - 000273,73,0.6131165472,15.3279136797,25.0000000000,0,ST LOUIS,ST LOUIS
ST. LOUIS - 000274,90,0.0384615385,1.0000000000,26.0000000000,0,ST LOUIS,ST LOUIS
ST. LOUIS - 000274,99,0.9615384615,25.0000000000,26.0000000000,0,ST LOUIS,ST LOUIS
ST. LOUIS - 000275,83,1.0000000000,11.0000000000,11.0000000000,0,ST LOUIS,ST LOUIS
ST. LOUIS - 000276,83,1.0000000000,1.0000000000,1.0000000000,0,ST LOUIS,ST LOUIS
ST. LOUIS - 000277,83,1.0000000000,5.0000000000,5.0000000000,0,ST LOUIS,ST LOUIS
ST. LOUIS - 000278,91,1.0000000000,59.0000000000,59.0000000000,0,ST LOUIS,ST LOUIS
ST. LOUIS - 000279,91,1.0000000000,22.0000000000,22.0000000000,0,ST LOUIS,ST LOUIS
ST. LOUIS - 000280,90,0.0000013246,0.0000423867,32.0000000000,0,ST LOUIS,ST LOUIS
ST. LOUIS - 000280,91,0.9999986754,31.9999576133,32.0000000000,0,ST LOUIS,ST LOUIS
ST. LOUIS - 000281,83,0.0513027164,2.3086222358,44.9999999998,0,ST LOUIS,ST LOUIS
ST. LOUIS - 000281,91,0.9486972836,42.6913777640,44.9999999998,0,ST LOUIS,ST LOUIS
ST. LOUIS - 000282,90,1.0000000000,8.0000000000,8.0000000000,0,ST LOUIS,ST LOUIS
ST. LOUIS - 000283,83,1.0000000000,8.9999999999,8.9999999999,0,ST LOUIS,ST LOUIS
ST. LOUIS - 000284,91,1.0000000000,33.0000000000,33.0000000000,0,ST LOUIS,ST LOUIS
ST. LOUIS - 000285,91,1.0000000000,19.0000000000,19.0000000000,0,ST LOUIS,ST LOUIS
ST. LOUIS - 000286,91,1.0000000000,31.9999999999,31.9999999999,0,ST LOUIS,ST LOUIS
ST. LOUIS - 000287,91,1.0000000000,41.0000000000,41.0000000000,0,ST LOUIS,ST LOUIS
ST. LOUIS - 000288,91,1.0000000000,39.0000000000,39.0000000000,0,ST LOUIS,ST LOUIS
ST. LOUIS - 000289,90,0.9784125375,45.9853892611,47.0000000000,0,ST LOUIS,ST LOUIS
ST. LOUIS - 000289,91,0.0215272123,1.0117789803,47.0000000000,0,ST LOUIS,ST LOUIS
ST. LOUIS - 000289,96,0.0000602502,0.0028317586,47.0000000000,0,ST LOUIS,ST LOUIS
ST. LOUIS - 000290,90,1.0000000000,32.0000000001,32.0000000001,0,ST LOUIS,ST LOUIS
ST. LOUIS - 000291,90,0.9220713274,23.9738545120,26.0000000000,0,ST LOUIS,ST LOUIS
ST. LOUIS - 000291,91,0.0010055957,0.0261454880,26.0000000000,0,ST LOUIS,ST LOUIS
ST. LOUIS - 000291,99,0.0769230769,2.0000000000,26.0000000000,0,ST LOUIS,ST LOUIS
ST. LOUIS - 000292,99,1.0000000000,23.0000000000,23.0000000000,0,ST LOUIS,ST LOUIS
ST. LOUIS - 000293,91,1.0000000000,4.0000000000,4.0000000000,0,ST LOUIS,ST LOUIS
ST. LOUIS - 000294,91,1.0000000000,29.0000000000,29.0000000000,0,ST LOUIS,ST LOUIS
ST. LOUIS - 000295,91,1.0000000000,29.0000000001,29.0000000001,0,ST LOUIS,ST LOUIS
ST. LOUIS - 000296,91,1.0000000000,15.0000000000,15.0000000000,0,ST LOUIS,ST LOUIS
ST. LOUIS - 000297,83,0.1666666667,1.0000000000,6.0000000000,0,ST LOUIS,ST LOUIS
ST. LOUIS - 000297,91,0.8333333333,5.0000000000,6.0000000000,0,ST LOUIS,ST LOUIS
ST. LOUIS - 000298,82,0.0076423250,0.0993502249,13.0000000000,0,ST LOUIS,ST LOUIS
ST. LOUIS - 000298,83,0.9923576750,12.9006497751,13.0000000000,0,ST LOUIS,ST LOUIS
ST. LOUIS - 000299,82,0.0555422506,0.9997605107,18.0000000000,0,ST LOUIS,ST LOUIS
ST. LOUIS - 000299,83,0.9441526065,16.9947469162,18.0000000000,0,ST LOUIS,ST LOUIS
ST. LOUIS - 000299,91,0.0003051429,0.0054925731,18.0000000000,0,ST LOUIS,ST LOUIS
ST. LOUIS - 000300,82,0.0217469282,0.2392162105,11.0000000000,0,ST LOUIS,ST LOUIS
ST. LOUIS - 000300,83,0.9782530718,10.7607837895,11.0000000000,0,ST LOUIS,ST LOUIS
ST. LOUIS - 000301,82,0.0003884549,0.0050499141,12.9999999999,0,ST LOUIS,ST LOUIS
ST. LOUIS - 000301,83,0.9996115451,12.9949500858,12.9999999999,0,ST LOUIS,ST LOUIS
ST. LOUIS - 000302,98,0.9961734694,7.9693877551,8.0000000000,0,ST LOUIS,ST LOUIS
ST. LOUIS - 000302,100,0.0038265306,0.0306122449,8.0000000000,0,ST LOUIS,ST LOUIS
ST. LOUIS - 000303,89,1.0000000000,4.0000000000,4.0000000000,0,ST LOUIS,ST LOUIS
ST. LOUIS - 000304,89,0.2222222222,2.0000000000,9.0000000001,0,ST LOUIS,ST LOUIS
ST. LOUIS - 000304,100,0.7777777778,7.0000000001,9.0000000001,0,ST LOUIS,ST LOUIS
ST. LOUIS - 000305,98,0.0000029148,0.0000874427,30.0000000000,0,ST LOUIS,ST LOUIS
ST. LOUIS - 000305,100,0.9999970852,29.9999125573,30.0000000000,0,ST LOUIS,ST LOUIS
ST. LOUIS - 000306,98,0.9821394126,29.4641823782,30.0000000000,0,ST LOUIS,ST LOUIS
ST. LOUIS - 000306,100,0.0178605874,0.5358176218,30.0000000000,0,ST LOUIS,ST LOUIS
ST. LOUIS - 000307,100,1.0000000000,14.0000000000,14.0000000000,0,ST LOUIS,ST LOUIS
ST. LOUIS - 000308,100,1.0000000000,6.0000000000,6.0000000000,0,ST LOUIS,ST LOUIS
ST. LOUIS - 000309,100,1.0000000000,7.0000000000,7.0000000000,0,ST LOUIS,ST LOUIS
ST. LOUIS - 000310,89,0.0476190476,1.0000000000,21.0000000002,0,ST LOUIS,ST LOUIS
ST. LOUIS - 000310,100,0.9523809524,20.0000000002,21.0000000002,0,ST LOUIS,ST LOUIS
ST. LOUIS - 000311,101,1.0000000000,13.0000000001,13.0000000001,0,ST LOUIS,ST LOUIS
ST. LOUIS - 000312,101,1.0000000000,8.0000000000,8.0000000000,0,ST LOUIS,ST LOUIS
ST. LOUIS - 000313,89,0.2001567065,2.2017237719,11.0000000000,0,ST LOUIS,ST LOUIS
ST. LOUIS - 000313,101,0.7998432935,8.7982762281,11.0000000000,0,ST LOUIS,ST LOUIS
ST. LOUIS - 000314,89,0.0008817446,0.0105809348,12.0000000003,0,ST LOUIS,ST LOUIS
ST. LOUIS - 000314,100,0.9965132494,11.9581589928,12.0000000003,0,ST LOUIS,ST LOUIS
ST. LOUIS - 000314,101,0.0026050061,0.0312600727,12.0000000003,0,ST LOUIS,ST LOUIS
ST. LOUIS - 000315,100,1.0000000000,18.0000000000,18.0000000000,0,ST LOUIS,ST LOUIS
ST. LOUIS - 000316,88,0.0208535894,0.3336574311,16.0000000000,0,ST LOUIS,ST LOUIS
ST. LOUIS - 000316,100,0.9791464106,15.6663425689,16.0000000000,0,ST LOUIS,ST LOUIS
ST. LOUIS - 000317,100,1.0000000000,20.0000000001,20.0000000001,0,ST LOUIS,ST LOUIS
ST. LOUIS - 000318,89,0.0979356989,2.4483924735,25.0000000000,0,ST LOUIS,ST LOUIS
ST. LOUIS - 000318,100,0.0006885578,0.0172139442,25.0000000000,0,ST LOUIS,ST LOUIS
ST. LOUIS - 000318,101,0.9013757433,22.5343935823,25.0000000000,0,ST LOUIS,ST LOUIS
ST. LOUIS - 000319,100,0.9987229864,4.9936149322,5.0000000000,0,ST LOUIS,ST LOUIS
ST. LOUIS - 000319,110,0.0012770136,0.0063850678,5.0000000000,0,ST LOUIS,ST LOUIS
ST. LOUIS - 000320,88,0.2385151678,2.1466365101,9.0000000000,0,ST LOUIS,ST LOUIS
ST. LOUIS - 000320,100,0.7613040361,6.8517363250,9.0000000000,0,ST LOUIS,ST LOUIS
ST. LOUIS - 000320,110,0.0001807961,0.0016271649,9.0000000000,0,ST LOUIS,ST LOUIS
ST. LOUIS - 000321,88,0.9997908338,17.9962350086,18.0000000002,0,ST LOUIS,ST LOUIS
ST. LOUIS - 000321,100,0.0002091662,0.0037649916,18.0000000002,0,ST LOUIS,ST LOUIS
ST. LOUIS - 000322,89,0.1164939743,1.9803975638,16.9999999999,0,ST LOUIS,ST LOUIS
ST. LOUIS - 000322,100,0.8835060257,15.0196024361,16.9999999999,0,ST LOUIS,ST LOUIS
ST. LOUIS - 000323,89,1.0000000000,11.0000000000,11.0000000000,0,ST LOUIS,ST LOUIS
ST. LOUIS - 000324,89,0.8562027005,6.8496216040,8.0000000001,0,ST LOUIS,ST LOUIS
ST. LOUIS - 000324,101,0.1437972995,1.1503783961,8.0000000001,0,ST LOUIS,ST LOUIS
ST. LOUIS - 000325,89,0.0151301632,0.1966921216,12.9999999999,0,ST LOUIS,ST LOUIS
ST. LOUIS - 000325,101,0.9848698368,12.8033078783,12.9999999999,0,ST LOUIS,ST LOUIS
ST. LOUIS - 000326,93,0.9829684428,51.1143590261,51.9999999999,0,ST LOUIS,ST LOUIS
ST. LOUIS - 000326,94,0.0170315572,0.8856409738,51.9999999999,0,ST LOUIS,ST LOUIS
ST. LOUIS - 000327,93,1.0000000000,29.9999999999,29.9999999999,0,ST LOUIS,ST LOUIS
ST. LOUIS - 000328,81,0.0004306242,0.0086124835,20.0000000000,0,ST LOUIS,ST LOUIS
ST. LOUIS - 000328,93,0.9995693758,19.9913875165,20.0000000000,0,ST LOUIS,ST LOUIS
ST. LOUIS - 000329,93,1.0000000000,10.0000000000,10.0000000000,0,ST LOUIS,ST LOUIS
ST. LOUIS - 000330,93,1.0000000000,22.0000000000,22.0000000000,0,ST LOUIS,ST LOUIS
ST. LOUIS - 000331,81,0.2657957344,1.0631829376,4.0000000000,0,ST LOUIS,ST LOUIS
ST. LOUIS - 000331,93,0.7342042656,2.9368170624,4.0000000000,0,ST LOUIS,ST LOUIS
ST. LOUIS - 000332,94,1.0000000000,6.0000000000,6.0000000000,0,ST LOUIS,ST LOUIS
ST. LOUIS - 000333,92,0.4355555792,11.3244450584,25.9999999999,0,ST LOUIS,ST LOUIS
ST. LOUIS - 000333,94,0.5644444208,14.6755549415,25.9999999999,0,ST LOUIS,ST LOUIS
ST. LOUIS - 000334,93,1.0000000000,3.9999999999,3.9999999999,0,ST LOUIS,ST LOUIS
ST. LOUIS - 000335,93,1.0000000000,44.0000000001,44.0000000001,0,ST LOUIS,ST LOUIS
ST. LOUIS - 000336,93,1.0000000000,23.9999999999,23.9999999999,0,ST LOUIS,ST LOUIS
ST. LOUIS - 000337,93,1.0000000000,13.0000000000,13.0000000000,0,ST LOUIS,ST LOUIS
ST. LOUIS - 000338,93,0.8888888889,16.0000000000,18.0000000000,0,ST LOUIS,ST LOUIS
ST. LOUIS - 000338,94,0.1111111111,2.0000000000,18.0000000000,0,ST LOUIS,ST LOUIS
ST. LOUIS - 000339,93,1.0000000000,18.0000000002,18.0000000002,0,ST LOUIS,ST LOUIS
ST. LOUIS - 000340,93,0.9166666667,11.0000000000,12.0000000000,0,ST LOUIS,ST LOUIS
ST. LOUIS - 000340,94,0.0833333333,1.0000000000,12.0000000000,0,ST LOUIS,ST LOUIS
ST. LOUIS - 000341,93,1.0000000000,28.9999999998,28.9999999998,0,ST LOUIS,ST LOUIS
ST. LOUIS - 000343,92,0.9284634129,25.9969755625,28.0000000000,0,ST LOUIS,ST LOUIS
ST. LOUIS - 000343,93,0.0714285714,2.0000000000,28.0000000000,0,ST LOUIS,ST LOUIS
ST. LOUIS - 000343,94,0.0001080156,0.0030244375,28.0000000000,0,ST LOUIS,ST LOUIS
ST. LOUIS - 000344,93,0.4078214227,34.6648209303,84.9999999997,0,ST LOUIS,ST LOUIS
ST. LOUIS - 000344,94,0.5921785773,50.3351790694,84.9999999997,0,ST LOUIS,ST LOUIS
ST. LOUIS - 000345,81,0.0081007807,0.2106202987,26.0000000000,0,ST LOUIS,ST LOUIS
ST. LOUIS - 000345,93,0.9918992193,25.7893797013,26.0000000000,0,ST LOUIS,ST LOUIS
ST. LOUIS - 000346,81,0.0000023182,0.0000556363,24.0000000000,0,ST LOUIS,ST LOUIS
ST. LOUIS - 000346,93,0.9999976818,23.9999443637,24.0000000000,0,ST LOUIS,ST LOUIS
ST. LOUIS - 000347,68,0.8734810248,13.9756963975,16.0000000000,0,ST LOUIS,ST LOUIS
ST. LOUIS - 000347,70,0.1265189752,2.0243036025,16.0000000000,0,ST LOUIS,ST LOUIS
ST. LOUIS - 000348,68,1.0000000000,15.0000000000,15.0000000000,0,ST LOUIS,ST LOUIS
ST. LOUIS - 000349,70,1.0000000000,14.0000000000,14.0000000000,0,ST LOUIS,ST LOUIS
ST. LOUIS - 000350,68,0.1649174982,3.9580199567,24.0000000000,0,ST LOUIS,ST LOUIS
ST. LOUIS - 000350,70,0.0434158351,1.0419800432,24.0000000000,0,ST LOUIS,ST LOUIS
ST. LOUIS - 000350,75,0.7916666667,19.0000000001,24.0000000000,0,ST LOUIS,ST LOUIS
ST. LOUIS - 000351,68,0.0030835020,0.0678370446,22.0000000000,0,ST LOUIS,ST LOUIS
ST. LOUIS - 000351,70,0.9969164980,21.9321629554,22.0000000000,0,ST LOUIS,ST LOUIS
ST. LOUIS - 000352,70,1.0000000000,22.0000000001,22.0000000001,0,ST LOUIS,ST LOUIS
ST. LOUIS - 000353,68,0.8972243523,20.6361601033,23.0000000001,0,ST LOUIS,ST LOUIS
ST. LOUIS - 000353,70,0.0158191259,0.3638398968,23.0000000001,0,ST LOUIS,ST LOUIS
ST. LOUIS - 000353,75,0.0869565217,2.0000000000,23.0000000001,0,ST LOUIS,ST LOUIS
ST. LOUIS - 000354,68,0.0857142857,3.0000000000,35.0000000000,0,ST LOUIS,ST LOUIS
ST. LOUIS - 000354,75,0.9142857143,32.0000000000,35.0000000000,0,ST LOUIS,ST LOUIS
ST. LOUIS - 000355,75,1.0000000000,28.9999999999,28.9999999999,0,ST LOUIS,ST LOUIS
ST. LOUIS - 000356,68,0.3317020254,5.9706364570,18.0000000000,0,ST LOUIS,ST LOUIS
ST. LOUIS - 000356,75,0.6682979746,12.0293635430,18.0000000000,0,ST LOUIS,ST LOUIS
ST. LOUIS - 000357,70,1.0000000000,11.0000000000,11.0000000000,0,ST LOUIS,ST LOUIS
ST. LOUIS - 000358,75,1.0000000000,7.0000000000,7.0000000000,0,ST LOUIS,ST LOUIS
ST. LOUIS - 000359,75,1.0000000000,22.0000000000,22.0000000000,0,ST LOUIS,ST LOUIS
ST. LOUIS - 000360,68,0.3925496056,5.8882440844,14.9999999999,0,ST LOUIS,ST LOUIS
ST. LOUIS - 000360,70,0.6074503944,9.1117559155,14.9999999999,0,ST LOUIS,ST LOUIS
ST. LOUIS - 000361,68,1.0000000000,23.0000000001,23.0000000001,0,ST LOUIS,ST LOUIS
ST. LOUIS - 000362,70,1.0000000000,22.0000000000,22.0000000000,0,ST LOUIS,ST LOUIS
ST. LOUIS - 000363,75,1.0000000000,36.0000000000,36.0000000000,0,ST LOUIS,ST LOUIS
ST. LOUIS - 000364,87,0.5920338279,11.8406765584,20.0000000000,0,ST LOUIS,ST LOUIS
ST. LOUIS - 000364,101,0.4079661721,8.1593234416,20.0000000000,0,ST LOUIS,ST LOUIS
ST. LOUIS - 000365,71,1.0000000000,9.0000000000,9.0000000000,0,ST LOUIS,ST LOUIS
ST. LOUIS - 000366,71,0.3000967042,5.7018373800,18.9999999999,0,ST LOUIS,ST LOUIS
ST. LOUIS - 000366,87,0.6999032958,13.2981626199,18.9999999999,0,ST LOUIS,ST LOUIS
ST. LOUIS - 000367,87,1.0000000000,44.0000000003,44.0000000003,0,ST LOUIS,ST LOUIS
ST. LOUIS - 000368,87,1.0000000000,45.0000000001,45.0000000001,0,ST LOUIS,ST LOUIS
ST. LOUIS - 000369,71,0.0251231688,0.0251231688,1.0000000000,0,ST LOUIS,ST LOUIS
ST. LOUIS - 000369,89,0.9748768312,0.9748768312,1.0000000000,0,ST LOUIS,ST LOUIS
ST. LOUIS - 000370,71,1.0000000000,14.9999999999,14.9999999999,0,ST LOUIS,ST LOUIS
ST. LOUIS - 000371,87,1.0000000000,20.0000000000,20.0000000000,0,ST LOUIS,ST LOUIS
ST. LOUIS - 000372,87,1.0000000000,17.9999999999,17.9999999999,0,ST LOUIS,ST LOUIS
ST. LOUIS - 000373,71,0.0243902439,1.0000000000,41.0000000001,0,ST LOUIS,ST LOUIS
ST. LOUIS - 000373,87,0.4288738568,17.5838281294,41.0000000001,0,ST LOUIS,ST LOUIS
ST. LOUIS - 000373,89,0.0245605729,1.0069834909,41.0000000001,0,ST LOUIS,ST LOUIS
ST. LOUIS - 000373,101,0.5221753263,21.4091883798,41.0000000001,0,ST LOUIS,ST LOUIS
ST. LOUIS - 000374,87,1.0000000000,10.0000000000,10.0000000000,0,ST LOUIS,ST LOUIS
ST. LOUIS - 000375,87,1.0000000000,8.0000000000,8.0000000000,0,ST LOUIS,ST LOUIS
ST. LOUIS - 000376,101,1.0000000000,19.0000000000,19.0000000000,0,ST LOUIS,ST LOUIS
ST. LOUIS - 000377,71,0.8446101592,16.8922031844,20.0000000000,0,ST LOUIS,ST LOUIS
ST. LOUIS - 000377,87,0.1553898408,3.1077968156,20.0000000000,0,ST LOUIS,ST LOUIS
ST. LOUIS - 000378,71,0.0006123158,0.0153078958,25.0000000001,0,ST LOUIS,ST LOUIS
ST. LOUIS - 000378,87,0.9993876842,24.9846921043,25.0000000001,0,ST LOUIS,ST LOUIS
ST. LOUIS - 000379,71,0.0935469319,3.0870487529,32.9999999996,0,ST LOUIS,ST LOUIS
ST. LOUIS - 000379,87,0.1200841775,3.9627778580,32.9999999996,0,ST LOUIS,ST LOUIS
ST. LOUIS - 000379,89,0.7257628300,23.9501733888,32.9999999996,0,ST LOUIS,ST LOUIS
ST. LOUIS - 000379,101,0.0606060606,2.0000000000,32.9999999996,0,ST LOUIS,ST LOUIS
ST. LOUIS - 000380,87,1.0000000000,2.0000000000,2.0000000000,0,ST LOUIS,ST LOUIS
ST. LOUIS - 000381,89,0.6660100035,5.9940900314,9.0000000001,0,ST LOUIS,ST LOUIS
ST. LOUIS - 000381,101,0.3339899965,3.0059099687,9.0000000001,0,ST LOUIS,ST LOUIS
ST. LOUIS - 000382,71,1.0000000000,8.0000000000,8.0000000000,0,ST LOUIS,ST LOUIS
ST. LOUIS - 000383,71,0.9046040477,13.5690607147,14.9999999999,0,ST LOUIS,ST LOUIS
ST. LOUIS - 000383,87,0.0257317833,0.3859767490,14.9999999999,0,ST LOUIS,ST LOUIS
ST. LOUIS - 000383,89,0.0696641691,1.0449625362,14.9999999999,0,ST LOUIS,ST LOUIS
ST. LOUIS - 000384,100,1.0000000000,33.0000000001,33.0000000001,0,ST LOUIS,ST LOUIS
ST. LOUIS - 000385,88,0.0476190476,0.9999999999,21.0000000000,0,ST LOUIS,ST LOUIS
ST. LOUIS - 000385,96,0.8557318329,17.9703684919,21.0000000000,0,ST LOUIS,ST LOUIS
ST. LOUIS - 000385,98,0.0966491194,2.0296315082,21.0000000000,0,ST LOUIS,ST LOUIS
ST. LOUIS - 000386,100,1.0000000000,8.0000000000,8.0000000000,0,ST LOUIS,ST LOUIS
ST. LOUIS - 000387,88,0.3218503823,20.2765740822,63.0000000006,0,ST LOUIS,ST LOUIS
ST. LOUIS - 000387,96,0.3431736592,21.6199405315,63.0000000006,0,ST LOUIS,ST LOUIS
ST. LOUIS - 000387,98,0.3349759585,21.1034853868,63.0000000006,0,ST LOUIS,ST LOUIS
ST. LOUIS - 000388,100,1.0000000000,28.0000000001,28.0000000001,0,ST LOUIS,ST LOUIS
ST. LOUIS - 000389,88,0.9600000000,23.9999999999,24.9999999999,0,ST LOUIS,ST LOUIS
ST. LOUIS - 000389,110,0.0400000000,1.0000000000,24.9999999999,0,ST LOUIS,ST LOUIS
ST. LOUIS - 000390,88,0.9845504691,61.0421290818,62.0000000000,0,ST LOUIS,ST LOUIS
ST. LOUIS - 000390,111,0.0154495309,0.9578709182,62.0000000000,0,ST LOUIS,ST LOUIS
ST. LOUIS - 000391,88,0.9989788969,12.9867256602,13.0000000001,0,ST LOUIS,ST LOUIS
ST. LOUIS - 000391,100,0.0010211031,0.0132743399,13.0000000001,0,ST LOUIS,ST LOUIS
ST. LOUIS - 000392,88,1.0000000000,15.0000000000,15.0000000000,0,ST LOUIS,ST LOUIS
ST. LOUIS - 000393,88,0.6993726771,39.1648699151,56.0000000003,0,ST LOUIS,ST LOUIS
ST. LOUIS - 000393,110,0.3006273229,16.8351300852,56.0000000003,0,ST LOUIS,ST LOUIS
ST. LOUIS - 000394,88,1.0000000000,15.9999999999,15.9999999999,0,ST LOUIS,ST LOUIS
ST. LOUIS - 000395,88,0.9047179227,100.4236894208,111.0000000002,0,ST LOUIS,ST LOUIS
ST. LOUIS - 000395,110,0.0952820773,10.5763105794,111.0000000002,0,ST LOUIS,ST LOUIS
ST. LOUIS - 000396,100,1.0000000000,13.0000000001,13.0000000001,0,ST LOUIS,ST LOUIS
ST. LOUIS - 000397,88,0.6225101559,28.0129570134,44.9999999998,0,ST LOUIS,ST LOUIS
ST. LOUIS - 000397,110,0.3552676219,15.9870429864,44.9999999998,0,ST LOUIS,ST LOUIS
ST. LOUIS - 000397,111,0.0222222222,1.0000000000,44.9999999998,0,ST LOUIS,ST LOUIS
ST. LOUIS - 000398,88,1.0000000000,10.0000000000,10.0000000000,0,ST LOUIS,ST LOUIS
ST. LOUIS - 000399,88,0.2608095198,7.0418570345,26.9999999999,0,ST LOUIS,ST LOUIS
ST. LOUIS - 000399,100,0.7391904802,19.9581429654,26.9999999999,0,ST LOUIS,ST LOUIS
ST. LOUIS - 000400,88,1.0000000000,6.0000000000,6.0000000000,0,ST LOUIS,ST LOUIS
ST. LOUIS - 000402,88,0.7080041209,9.9120576925,13.9999999999,0,ST LOUIS,ST LOUIS
ST. LOUIS - 000402,100,0.2919958791,4.0879423074,13.9999999999,0,ST LOUIS,ST LOUIS
ST. LOUIS - 000403,88,1.0000000000,12.9999999999,12.9999999999,0,ST LOUIS,ST LOUIS
ST. LOUIS - 000404,88,1.0000000000,6.0000000000,6.0000000000,0,ST LOUIS,ST LOUIS
ST. LOUIS - 000405,88,0.9914299725,6.9400098076,7.0000000000,0,ST LOUIS,ST LOUIS
ST. LOUIS - 000405,100,0.0085700275,0.0599901924,7.0000000000,0,ST LOUIS,ST LOUIS
ST. LOUIS - 000406,88,0.9990455738,10.9895013123,11.0000000000,0,ST LOUIS,ST LOUIS
ST. LOUIS - 000406,96,0.0009544262,0.0104986877,11.0000000000,0,ST LOUIS,ST LOUIS
ST. LOUIS - 000407,100,1.0000000000,6.9999999999,6.9999999999,0,ST LOUIS,ST LOUIS
ST. LOUIS - 000408,88,0.9003182369,9.9035006057,11.0000000001,0,ST LOUIS,ST LOUIS
ST. LOUIS - 000408,110,0.0996817631,1.0964993944,11.0000000001,0,ST LOUIS,ST LOUIS
ST. LOUIS - 000409,88,0.8983050847,53.0000000001,59.0000000001,0,ST LOUIS,ST LOUIS
ST. LOUIS - 000409,110,0.0508474576,3.0000000000,59.0000000001,0,ST LOUIS,ST LOUIS
ST. LOUIS - 000409,119,0.0508474576,3.0000000000,59.0000000001,0,ST LOUIS,ST LOUIS
ST. LOUIS - 000410,87,1.0000000000,25.0000000000,25.0000000000,0,ST LOUIS,ST LOUIS
ST. LOUIS - 000411,72,1.0000000000,30.0000000000,30.0000000000,0,ST LOUIS,ST LOUIS
ST. LOUIS - 000412,72,0.6970264248,16.7286341947,24.0000000000,0,ST LOUIS,ST LOUIS
ST. LOUIS - 000412,74,0.3029735752,7.2713658053,24.0000000000,0,ST LOUIS,ST LOUIS
ST. LOUIS - 000413,72,0.9951860560,16.9181629514,17.0000000000,0,ST LOUIS,ST LOUIS
ST. LOUIS - 000413,74,0.0048139440,0.0818370486,17.0000000000,0,ST LOUIS,ST LOUIS
ST. LOUIS - 000414,72,0.0191692793,0.7284326130,38.0000000000,0,ST LOUIS,ST LOUIS
ST. LOUIS - 000414,74,0.9808307207,37.2715673870,38.0000000000,0,ST LOUIS,ST LOUIS
ST. LOUIS - 000415,74,1.0000000000,25.9999999999,25.9999999999,0,ST LOUIS,ST LOUIS
ST. LOUIS - 000416,72,1.0000000000,32.0000000000,32.0000000000,0,ST LOUIS,ST LOUIS
ST. LOUIS - 000417,74,1.0000000000,19.0000000000,19.0000000000,0,ST LOUIS,ST LOUIS
ST. LOUIS - 000418,72,0.9743589744,37.9999999996,38.9999999996,0,ST LOUIS,ST LOUIS
ST. LOUIS - 000418,74,0.0256410256,1.0000000000,38.9999999996,0,ST LOUIS,ST LOUIS
ST. LOUIS - 000419,74,1.0000000000,6.0000000000,6.0000000000,0,ST LOUIS,ST LOUIS
ST. LOUIS - 000420,72,0.0115594628,0.2658676445,23.0000000000,0,ST LOUIS,ST LOUIS
ST. LOUIS - 000420,73,0.9884405372,22.7341323555,23.0000000000,0,ST LOUIS,ST LOUIS
ST. LOUIS - 000421,72,1.0000000000,8.0000000000,8.0000000000,0,ST LOUIS,ST LOUIS
ST. LOUIS - 000422,72,1.0000000000,10.0000000000,10.0000000000,0,ST LOUIS,ST LOUIS
ST. LOUIS - 000423,72,1.0000000000,9.0000000001,9.0000000001,0,ST LOUIS,ST LOUIS
ST. LOUIS - 000424,72,1.0000000000,8.0000000001,8.0000000001,0,ST LOUIS,ST LOUIS
ST. LOUIS - 000425,72,0.5646753447,12.9875329291,23.0000000000,0,ST LOUIS,ST LOUIS
ST. LOUIS - 000425,87,0.4353246553,10.0124670709,23.0000000000,0,ST LOUIS,ST LOUIS
ST. LOUIS - 000426,73,1.0000000000,3.0000000000,3.0000000000,0,ST LOUIS,ST LOUIS
ST. LOUIS - 000427,72,1.0000000000,12.0000000000,12.0000000000,0,ST LOUIS,ST LOUIS
ST. LOUIS - 000428,72,0.8929192549,16.9654658432,19.0000000000,0,ST LOUIS,ST LOUIS
ST. LOUIS - 000428,87,0.1070807451,2.0345341568,19.0000000000,0,ST LOUIS,ST LOUIS
ST. LOUIS - 000429,72,1.0000000000,23.0000000000,23.0000000000,0,ST LOUIS,ST LOUIS
ST. LOUIS - 000430,72,1.0000000000,10.0000000000,10.0000000000,0,ST LOUIS,ST LOUIS
ST. LOUIS - 000431,74,1.0000000000,1.0000000000,1.0000000000,0,ST LOUIS,ST LOUIS
ST. LOUIS - 000432,72,1.0000000000,27.0000000000,27.0000000000,0,ST LOUIS,ST LOUIS
ST. LOUIS - 000433,72,1.0000000000,15.0000000000,15.0000000000,0,ST LOUIS,ST LOUIS
ST. LOUIS - 000434,72,0.0000374843,0.0007871709,21.0000000000,0,ST LOUIS,ST LOUIS
ST. LOUIS - 000434,73,0.9999625157,20.9992128291,21.0000000000,0,ST LOUIS,ST LOUIS
ST. LOUIS - 000435,72,1.0000000000,24.0000000000,24.0000000000,0,ST LOUIS,ST LOUIS
ST. LOUIS - 000436,89,1.0000000000,8.0000000000,8.0000000000,0,ST LOUIS,ST LOUIS
ST. LOUIS - 000437,71,1.0000000000,9.9999999999,9.9999999999,0,ST LOUIS,ST LOUIS
ST. LOUIS - 000438,71,1.0000000000,9.0000000000,9.0000000000,0,ST LOUIS,ST LOUIS
ST. LOUIS - 000439,89,1.0000000000,33.0000000001,33.0000000001,0,ST LOUIS,ST LOUIS
ST. LOUIS - 000440,89,0.9517994823,3.8071979290,4.0000000000,0,ST LOUIS,ST LOUIS
ST. LOUIS - 000440,90,0.0482005177,0.1928020710,4.0000000000,0,ST LOUIS,ST LOUIS
ST. LOUIS - 000441,89,1.0000000000,9.0000000000,9.0000000000,0,ST LOUIS,ST LOUIS
ST. LOUIS - 000442,89,1.0000000000,13.0000000001,13.0000000001,0,ST LOUIS,ST LOUIS
ST. LOUIS - 000443,89,1.0000000000,2.0000000000,2.0000000000,0,ST LOUIS,ST LOUIS
ST. LOUIS - 000444,89,0.0003825992,0.0065041857,17.0000000001,0,ST LOUIS,ST LOUIS
ST. LOUIS - 000444,98,0.9996174008,16.9934958144,17.0000000001,0,ST LOUIS,ST LOUIS
ST. LOUIS - 000445,89,0.4139146543,9.1061223950,22.0000000000,0,ST LOUIS,ST LOUIS
ST. LOUIS - 000445,98,0.5860853457,12.8938776050,22.0000000000,0,ST LOUIS,ST LOUIS
ST. LOUIS - 000446,89,1.0000000000,14.0000000000,14.0000000000,0,ST LOUIS,ST LOUIS
ST. LOUIS - 000447,89,1.0000000000,12.0000000000,12.0000000000,0,ST LOUIS,ST LOUIS
ST. LOUIS - 000448,89,0.9462098388,25.5476656480,27.0000000002,0,ST LOUIS,ST LOUIS
ST. LOUIS - 000448,90,0.0537901612,1.4523343522,27.0000000002,0,ST LOUIS,ST LOUIS
ST. LOUIS - 000449,89,1.0000000000,4.0000000000,4.0000000000,0,ST LOUIS,ST LOUIS
ST. LOUIS - 000450,89,1.0000000000,20.9999999999,20.9999999999,0,ST LOUIS,ST LOUIS
ST. LOUIS - 000451,71,0.0179004779,1.0919291539,61.0000000001,0,ST LOUIS,ST LOUIS
ST. LOUIS - 000451,89,0.9820995221,59.9080708462,61.0000000001,0,ST LOUIS,ST LOUIS
ST. LOUIS - 000452,89,0.2027230855,2.6354001121,13.0000000000,0,ST LOUIS,ST LOUIS
ST. LOUIS - 000452,101,0.7972769145,10.3645998879,13.0000000000,0,ST LOUIS,ST LOUIS
ST. LOUIS - 000453,89,0.9999049644,13.9986695008,13.9999999998,0,ST LOUIS,ST LOUIS
ST. LOUIS - 000453,101,0.0000950356,0.0013304990,13.9999999998,0,ST LOUIS,ST LOUIS
ST. LOUIS - 000454,89,1.0000000000,20.9999999998,20.9999999998,0,ST LOUIS,ST LOUIS
ST. LOUIS - 000455,71,0.2500000000,9.0000000000,35.9999999998,0,ST LOUIS,ST LOUIS
ST. LOUIS - 000455,89,0.7500000000,26.9999999998,35.9999999998,0,ST LOUIS,ST LOUIS
ST. LOUIS - 000456,89,1.0000000000,29.0000000000,29.0000000000,0,ST LOUIS,ST LOUIS
ST. LOUIS - 000457,71,0.9992565945,8.9933093502,9.0000000000,0,ST LOUIS,ST LOUIS
ST. LOUIS - 000457,89,0.0007434055,0.0066906498,9.0000000000,0,ST LOUIS,ST LOUIS
ST. LOUIS - 000458,89,0.8888888889,8.0000000000,9.0000000000,0,ST LOUIS,ST LOUIS
ST. LOUIS - 000458,100,0.1111111111,1.0000000000,9.0000000000,0,ST LOUIS,ST LOUIS
ST. LOUIS - 000459,89,1.0000000000,30.9999999999,30.9999999999,0,ST LOUIS,ST LOUIS
ST. LOUIS - 000461,74,0.0434782609,1.0000000000,23.0000000000,0,ST LOUIS,ST LOUIS
ST. LOUIS - 000461,85,0.9565217391,22.0000000000,23.0000000000,0,ST LOUIS,ST LOUIS
ST. LOUIS - 000462,72,0.0500000000,1.0000000000,19.9999999999,0,ST LOUIS,ST LOUIS
ST. LOUIS - 000462,74,0.9030595071,18.0611901417,19.9999999999,0,ST LOUIS,ST LOUIS
ST. LOUIS - 000462,86,0.0469404929,0.9388098582,19.9999999999,0,ST LOUIS,ST LOUIS
ST. LOUIS - 000463,74,0.9999812227,60.9988545840,60.9999999999,0,ST LOUIS,ST LOUIS
ST. LOUIS - 000463,85,0.0000187773,0.0011454159,60.9999999999,0,ST LOUIS,ST LOUIS
ST. LOUIS - 000464,73,0.0238095238,1.0000000000,42.0000000002,0,ST LOUIS,ST LOUIS
ST. LOUIS - 000464,74,0.9761904762,41.0000000002,42.0000000002,0,ST LOUIS,ST LOUIS
ST. LOUIS - 000465,74,1.0000000000,6.0000000001,6.0000000001,0,ST LOUIS,ST LOUIS
ST. LOUIS - 000466,74,1.0000000000,6.0000000001,6.0000000001,0,ST LOUIS,ST LOUIS
ST. LOUIS - 000467,74,1.0000000000,24.0000000001,24.0000000001,0,ST LOUIS,ST LOUIS
ST. LOUIS - 000468,74,1.0000000000,11.0000000000,11.0000000000,0,ST LOUIS,ST LOUIS
ST. LOUIS - 000469,74,1.0000000000,24.0000000000,24.0000000000,0,ST LOUIS,ST LOUIS
ST. LOUIS - 000470,85,1.0000000000,30.0000000000,30.0000000000,0,ST LOUIS,ST LOUIS
ST. LOUIS - 000471,74,1.0000000000,29.0000000000,29.0000000000,0,ST LOUIS,ST LOUIS
ST. LOUIS - 000472,74,1.0000000000,27.9999999999,27.9999999999,0,ST LOUIS,ST LOUIS
ST. LOUIS - 000473,74,1.0000000000,14.0000000000,14.0000000000,0,ST LOUIS,ST LOUIS
ST. LOUIS - 000474,72,0.7333333333,11.0000000000,15.0000000000,0,ST LOUIS,ST LOUIS
ST. LOUIS - 000474,74,0.2666666667,4.0000000000,15.0000000000,0,ST LOUIS,ST LOUIS
ST. LOUIS - 000475,74,0.0061999199,0.1611979167,26.0000000000,0,ST LOUIS,ST LOUIS
ST. LOUIS - 000475,85,0.9938000801,25.8388020833,26.0000000000,0,ST LOUIS,ST LOUIS
ST. LOUIS - 000476,84,0.0157088329,0.2199236613,14.0000000000,0,ST LOUIS,ST LOUIS
ST. LOUIS - 000476,85,0.9842911671,13.7800763387,14.0000000000,0,ST LOUIS,ST LOUIS
ST. LOUIS - 000477,74,1.0000000000,40.9999999999,40.9999999999,0,ST LOUIS,ST LOUIS
ST. LOUIS - 000478,74,1.0000000000,4.0000000000,4.0000000000,0,ST LOUIS,ST LOUIS
ST. LOUIS - 000479,74,1.0000000000,6.0000000000,6.0000000000,0,ST LOUIS,ST LOUIS
ST. LOUIS - 000480,73,0.2217201070,2.8823613907,13.0000000001,0,ST LOUIS,ST LOUIS
ST. LOUIS - 000480,74,0.7782798930,10.1176386094,13.0000000001,0,ST LOUIS,ST LOUIS
ST. LOUIS - 000481,74,0.0725182975,1.4503659499,20.0000000000,0,ST LOUIS,ST LOUIS
ST. LOUIS - 000481,85,0.9274817025,18.5496340501,20.0000000000,0,ST LOUIS,ST LOUIS
ST. LOUIS - 000482,74,1.0000000000,13.0000000000,13.0000000000,0,ST LOUIS,ST LOUIS
ST. LOUIS - 000483,85,1.0000000000,11.0000000000,11.0000000000,0,ST LOUIS,ST LOUIS
ST. LOUIS - 000484,74,1.0000000000,2.0000000000,2.0000000000,0,ST LOUIS,ST LOUIS
ST. LOUIS - 000485,74,0.9374440834,22.4986580024,24.0000000001,0,ST LOUIS,ST LOUIS
ST. LOUIS - 000485,84,0.0444984460,1.0679627031,24.0000000001,0,ST LOUIS,ST LOUIS
ST. LOUIS - 000485,85,0.0180574706,0.4333792946,24.0000000001,0,ST LOUIS,ST LOUIS
ST. LOUIS - 000486,74,0.7472378346,8.2196161811,11.0000000000,0,ST LOUIS,ST LOUIS
ST. LOUIS - 000486,85,0.2527621654,2.7803838189,11.0000000000,0,ST LOUIS,ST LOUIS
ST. LOUIS - 000487,74,0.9372972285,13.1221611989,14.0000000000,0,ST LOUIS,ST LOUIS
ST. LOUIS - 000487,85,0.0627027715,0.8778388011,14.0000000000,0,ST LOUIS,ST LOUIS
ST. LOUIS - 000488,85,1.0000000000,29.9999999999,29.9999999999,0,ST LOUIS,ST LOUIS
ST. LOUIS - 000489,72,0.0833333333,1.0000000000,12.0000000000,0,ST LOUIS,ST LOUIS
ST. LOUIS - 000489,74,0.9166666667,11.0000000000,12.0000000000,0,ST LOUIS,ST LOUIS
ST. LOUIS - 000490,73,0.9149867430,14.6397878882,16.0000000000,0,ST LOUIS,ST LOUIS
ST. LOUIS - 000490,74,0.0850132570,1.3602121118,16.0000000000,0,ST LOUIS,ST LOUIS
ST. LOUIS - 000491,74,1.0000000000,34.0000000001,34.0000000001,0,ST LOUIS,ST LOUIS
ST. LOUIS - 000492,70,0.0040447358,0.0768499803,18.9999999999,0,ST LOUIS,ST LOUIS
ST. LOUIS - 000492,87,0.9959552642,18.9231500196,18.9999999999,0,ST LOUIS,ST LOUIS
ST. LOUIS - 000493,70,1.0000000000,4.0000000000,4.0000000000,0,ST LOUIS,ST LOUIS
ST. LOUIS - 000494,70,1.0000000000,22.0000000000,22.0000000000,0,ST LOUIS,ST LOUIS
ST. LOUIS - 000495,87,1.0000000000,13.0000000000,13.0000000000,0,ST LOUIS,ST LOUIS
ST. LOUIS - 000496,70,0.9998495352,15.9975925635,16.0000000000,0,ST LOUIS,ST LOUIS
ST. LOUIS - 000496,87,0.0001504648,0.0024074365,16.0000000000,0,ST LOUIS,ST LOUIS
ST. LOUIS - 000497,70,0.8957721520,42.9970632986,48.0000000003,0,ST LOUIS,ST LOUIS
ST. LOUIS - 000497,72,0.0606945850,2.9133400806,48.0000000003,0,ST LOUIS,ST LOUIS
ST. LOUIS - 000497,73,0.0435332629,2.0895966211,48.0000000003,0,ST LOUIS,ST LOUIS
ST. LOUIS - 000498,70,1.0000000000,11.0000000001,11.0000000001,0,ST LOUIS,ST LOUIS
ST. LOUIS - 000499,87,1.0000000000,8.0000000000,8.0000000000,0,ST LOUIS,ST LOUIS
ST. LOUIS - 000500,87,1.0000000000,19.9999999999,19.9999999999,0,ST LOUIS,ST LOUIS
ST. LOUIS - 000501,70,0.0053890400,0.0538904002,10.0000000000,0,ST LOUIS,ST LOUIS
ST. LOUIS - 000501,87,0.9946109600,9.9461095998,10.0000000000,0,ST LOUIS,ST LOUIS
ST. LOUIS - 000502,70,0.0488479462,3.0285726616,61.9999999995,0,ST LOUIS,ST LOUIS
ST. LOUIS - 000502,87,0.9511520538,58.9714273379,61.9999999995,0,ST LOUIS,ST LOUIS
ST. LOUIS - 000503,70,1.0000000000,19.0000000000,19.0000000000,0,ST LOUIS,ST LOUIS
ST. LOUIS - 000504,70,0.8908029745,1.7816059490,2.0000000000,0,ST LOUIS,ST LOUIS
ST. LOUIS - 000504,87,0.1091970255,0.2183940510,2.0000000000,0,ST LOUIS,ST LOUIS
ST. LOUIS - 000505,70,1.0000000000,17.0000000001,17.0000000001,0,ST LOUIS,ST LOUIS
ST. LOUIS - 000506,70,1.0000000000,9.0000000000,9.0000000000,0,ST LOUIS,ST LOUIS
ST. LOUIS - 000507,70,1.0000000000,12.0000000000,12.0000000000,0,ST LOUIS,ST LOUIS
ST. LOUIS - 000508,70,1.0000000000,15.0000000000,15.0000000000,0,ST LOUIS,ST LOUIS
ST. LOUIS - 000509,70,0.0017575164,0.0123026151,7.0000000000,0,ST LOUIS,ST LOUIS
ST. LOUIS - 000509,87,0.9982424836,6.9876973849,7.0000000000,0,ST LOUIS,ST LOUIS
ST. LOUIS - 000510,70,0.8738100412,20.9714409890,23.9999999999,0,ST LOUIS,ST LOUIS
ST. LOUIS - 000510,87,0.1261899588,3.0285590109,23.9999999999,0,ST LOUIS,ST LOUIS
ST. LOUIS - 000511,70,0.9845111541,0.9845111542,1.0000000001,0,ST LOUIS,ST LOUIS
ST. LOUIS - 000511,87,0.0154888459,0.0154888459,1.0000000001,0,ST LOUIS,ST LOUIS
ST. LOUIS - 000512,70,1.0000000000,17.0000000000,17.0000000000,0,ST LOUIS,ST LOUIS
ST. LOUIS - 000513,70,1.0000000000,8.0000000000,8.0000000000,0,ST LOUIS,ST LOUIS
ST. LOUIS - 000514,87,1.0000000000,25.0000000000,25.0000000000,0,ST LOUIS,ST LOUIS
ST. LOUIS - 000515,87,1.0000000000,11.0000000000,11.0000000000,0,ST LOUIS,ST LOUIS
ST. LOUIS - 000516,70,1.0000000000,115.0000000001,115.0000000001,0,ST LOUIS,ST LOUIS
ST. LOUIS - 000517,70,1.0000000000,19.0000000002,19.0000000002,0,ST LOUIS,ST LOUIS
ST. LOUIS - 000518,70,1.0000000000,2.0000000000,2.0000000000,0,ST LOUIS,ST LOUIS
ST. LOUIS - 000519,70,0.0578425191,1.0990078626,19.0000000001,0,ST LOUIS,ST LOUIS
ST. LOUIS - 000519,73,0.9421574809,17.9009921375,19.0000000001,0,ST LOUIS,ST LOUIS
ST. LOUIS - 000520,73,1.0000000000,24.0000000000,24.0000000000,0,ST LOUIS,ST LOUIS
ST. LOUIS - 000521,70,0.0007361980,0.0250307310,34.0000000000,0,ST LOUIS,ST LOUIS
ST. LOUIS - 000521,73,0.9992638020,33.9749692690,34.0000000000,0,ST LOUIS,ST LOUIS
ST. LOUIS - 000522,73,0.8940079234,42.9123803213,47.9999999998,0,ST LOUIS,ST LOUIS
ST. LOUIS - 000522,74,0.0165470448,0.7942581508,47.9999999998,0,ST LOUIS,ST LOUIS
ST. LOUIS - 000522,85,0.0894450318,4.2933615277,47.9999999998,0,ST LOUIS,ST LOUIS
ST. LOUIS - 000523,73,0.0650607371,1.5614576904,24.0000000000,0,ST LOUIS,ST LOUIS
ST. LOUIS - 000523,74,0.9349392629,22.4385423096,24.0000000000,0,ST LOUIS,ST LOUIS
ST. LOUIS - 000524,73,0.0602999621,1.0853993173,18.0000000001,0,ST LOUIS,ST LOUIS
ST. LOUIS - 000524,74,0.9397000379,16.9146006828,18.0000000001,0,ST LOUIS,ST LOUIS
ST. LOUIS - 000525,74,1.0000000000,15.0000000000,15.0000000000,0,ST LOUIS,ST LOUIS
ST. LOUIS - 000526,74,1.0000000000,4.0000000000,4.0000000000,0,ST LOUIS,ST LOUIS
ST. LOUIS - 000527,73,0.0188618069,0.5847160142,30.9999999999,0,ST LOUIS,ST LOUIS
ST. LOUIS - 000527,85,0.9811381931,30.4152839857,30.9999999999,0,ST LOUIS,ST LOUIS
ST. LOUIS - 000528,85,1.0000000000,9.0000000000,9.0000000000,0,ST LOUIS,ST LOUIS
ST. LOUIS - 000529,85,1.0000000000,20.0000000000,20.0000000000,0,ST LOUIS,ST LOUIS
ST. LOUIS - 000530,85,1.0000000000,27.0000000000,27.0000000000,0,ST LOUIS,ST LOUIS
ST. LOUIS - 000531,85,1.0000000000,25.0000000000,25.0000000000,0,ST LOUIS,ST LOUIS
ST. LOUIS - 000532,74,0.0712577902,1.9952181254,28.0000000000,0,ST LOUIS,ST LOUIS
ST. LOUIS - 000532,85,0.9287422098,26.0047818746,28.0000000000,0,ST LOUIS,ST LOUIS
ST. LOUIS - 000533,74,0.0003750419,0.0071257963,19.0000000001,0,ST LOUIS,ST LOUIS
ST. LOUIS - 000533,85,0.9996249581,18.9928742038,19.0000000001,0,ST LOUIS,ST LOUIS
ST. LOUIS - 000534,85,1.0000000000,30.0000000000,30.0000000000,0,ST LOUIS,ST LOUIS
ST. LOUIS - 000535,85,1.0000000000,30.0000000000,30.0000000000,0,ST LOUIS,ST LOUIS
ST. LOUIS - 000536,73,1.0000000000,33.0000000000,33.0000000000,0,ST LOUIS,ST LOUIS
ST. LOUIS - 000537,85,1.0000000000,15.0000000001,15.0000000001,0,ST LOUIS,ST LOUIS
ST. LOUIS - 000538,85,1.0000000000,33.0000000000,33.0000000000,0,ST LOUIS,ST LOUIS
ST. LOUIS - 000539,73,1.0000000000,72.0000000002,72.0000000002,0,ST LOUIS,ST LOUIS
ST. LOUIS - 000540,94,1.0000000000,9.0000000000,9.0000000000,0,ST LOUIS,ST LOUIS
ST. LOUIS - 000541,95,1.0000000000,8.0000000000,8.0000000000,0,ST LOUIS,ST LOUIS
ST. LOUIS - 000542,94,0.6629904181,12.5968179441,19.0000000002,0,ST LOUIS,ST LOUIS
ST. LOUIS - 000542,95,0.3370095819,6.4031820561,19.0000000002,0,ST LOUIS,ST LOUIS
ST. LOUIS - 000543,93,0.0078628168,0.1100794351,14.0000000000,0,ST LOUIS,ST LOUIS
ST. LOUIS - 000543,94,0.9921371832,13.8899205649,14.0000000000,0,ST LOUIS,ST LOUIS
ST. LOUIS - 000544,94,0.3323868005,3.6562548054,11.0000000002,0,ST LOUIS,ST LOUIS
ST. LOUIS - 000544,95,0.6676131995,7.3437451948,11.0000000002,0,ST LOUIS,ST LOUIS
ST. LOUIS - 000545,95,1.0000000000,17.0000000000,17.0000000000,0,ST LOUIS,ST LOUIS
ST. LOUIS - 000546,94,0.1428571429,2.0000000000,14.0000000000,0,ST LOUIS,ST LOUIS
ST. LOUIS - 000546,95,0.8571428571,12.0000000000,14.0000000000,0,ST LOUIS,ST LOUIS
ST. LOUIS - 000547,95,1.0000000000,17.0000000001,17.0000000001,0,ST LOUIS,ST LOUIS
ST. LOUIS - 000548,94,1.0000000000,25.0000000001,25.0000000001,0,ST LOUIS,ST LOUIS
ST. LOUIS - 000549,95,1.0000000000,9.0000000001,9.0000000001,0,ST LOUIS,ST LOUIS
ST. LOUIS - 000550,94,1.0000000000,11.9999999999,11.9999999999,0,ST LOUIS,ST LOUIS
ST. LOUIS - 000551,94,1.0000000000,5.0000000000,5.0000000000,0,ST LOUIS,ST LOUIS
ST. LOUIS - 000552,94,1.0000000000,12.0000000001,12.0000000001,0,ST LOUIS,ST LOUIS
ST. LOUIS - 000553,94,0.8482243166,14.4198133824,16.9999999999,0,ST LOUIS,ST LOUIS
ST. LOUIS - 000553,95,0.1517756834,2.5801866175,16.9999999999,0,ST LOUIS,ST LOUIS
ST. LOUIS - 000554,94,1.0000000000,10.9999999999,10.9999999999,0,ST LOUIS,ST LOUIS
ST. LOUIS - 000555,95,1.0000000000,5.0000000000,5.0000000000,0,ST LOUIS,ST LOUIS
ST. LOUIS - 000556,93,0.0164307326,0.2628917208,15.9999999999,0,ST LOUIS,ST LOUIS
ST. LOUIS - 000556,94,0.9835692674,15.7371082791,15.9999999999,0,ST LOUIS,ST LOUIS
ST. LOUIS - 000557,94,1.0000000000,18.9999999998,18.9999999998,0,ST LOUIS,ST LOUIS
ST. LOUIS - 000558,100,1.0000000000,8.0000000000,8.0000000000,0,ST LOUIS,ST LOUIS
ST. LOUIS - 000559,98,1.0000000000,21.0000000002,21.0000000002,0,ST LOUIS,ST LOUIS
ST. LOUIS - 000560,90,0.2569907164,20.8162480321,80.9999999998,0,ST LOUIS,ST LOUIS
ST. LOUIS - 000560,96,0.0014750837,0.1194817788,80.9999999998,0,ST LOUIS,ST LOUIS
ST. LOUIS - 000560,98,0.7415341999,60.0642701889,80.9999999998,0,ST LOUIS,ST LOUIS
ST. LOUIS - 000561,98,1.0000000000,7.0000000000,7.0000000000,0,ST LOUIS,ST LOUIS
ST. LOUIS - 000562,98,1.0000000000,13.0000000000,13.0000000000,0,ST LOUIS,ST LOUIS
ST. LOUIS - 000563,100,1.0000000000,1.0000000000,1.0000000000,0,ST LOUIS,ST LOUIS
ST. LOUIS - 000564,98,1.0000000000,11.0000000000,11.0000000000,0,ST LOUIS,ST LOUIS
ST. LOUIS - 000565,98,1.0000000000,28.9999999999,28.9999999999,0,ST LOUIS,ST LOUIS
ST. LOUIS - 000566,100,1.0000000000,10.0000000000,10.0000000000,0,ST LOUIS,ST LOUIS
ST. LOUIS - 000567,98,1.0000000000,22.0000000000,22.0000000000,0,ST LOUIS,ST LOUIS
ST. LOUIS - 000568,98,0.9999220905,25.9979743533,25.9999999999,0,ST LOUIS,ST LOUIS
ST. LOUIS - 000568,100,0.0000779095,0.0020256466,25.9999999999,0,ST LOUIS,ST LOUIS
ST. LOUIS - 000569,98,0.1503030303,4.9600000000,33.0000000000,0,ST LOUIS,ST LOUIS
ST. LOUIS - 000569,100,0.8496969697,28.0400000000,33.0000000000,0,ST LOUIS,ST LOUIS
ST. LOUIS - 000570,98,1.0000000000,17.0000000000,17.0000000000,0,ST LOUIS,ST LOUIS
ST. LOUIS - 000571,98,1.0000000000,26.0000000000,26.0000000000,0,ST LOUIS,ST LOUIS
ST. LOUIS - 000572,88,0.0164826244,0.2802046143,17.0000000000,0,ST LOUIS,ST LOUIS
ST. LOUIS - 000572,98,0.7655645690,13.0145976725,17.0000000000,0,ST LOUIS,ST LOUIS
ST. LOUIS - 000572,100,0.2179528067,3.7051977132,17.0000000000,0,ST LOUIS,ST LOUIS
ST. LOUIS - 000573,89,0.2121187691,6.9999193792,33.0000000002,0,ST LOUIS,ST LOUIS
ST. LOUIS - 000573,90,0.0000024431,0.0000806209,33.0000000002,0,ST LOUIS,ST LOUIS
ST. LOUIS - 000573,98,0.7878787879,26.0000000001,33.0000000002,0,ST LOUIS,ST LOUIS
ST. LOUIS - 000574,100,1.0000000000,5.0000000000,5.0000000000,0,ST LOUIS,ST LOUIS
ST. LOUIS - 000575,98,1.0000000000,10.0000000000,10.0000000000,0,ST LOUIS,ST LOUIS
ST. LOUIS - 000576,98,1.0000000000,24.9999999999,24.9999999999,0,ST LOUIS,ST LOUIS
ST. LOUIS - 000577,98,1.0000000000,13.0000000000,13.0000000000,0,ST LOUIS,ST LOUIS
ST. LOUIS - 000578,89,0.2800237196,14.0011859812,49.9999999999,0,ST LOUIS,ST LOUIS
ST. LOUIS - 000578,90,0.5530617322,27.6530866120,49.9999999999,0,ST LOUIS,ST LOUIS
ST. LOUIS - 000578,98,0.1669145481,8.3457274067,49.9999999999,0,ST LOUIS,ST LOUIS
ST. LOUIS - 000579,89,0.2479258242,2.7271840657,11.0000000000,0,ST LOUIS,ST LOUIS
ST. LOUIS - 000579,90,0.3884378122,4.2728159343,11.0000000000,0,ST LOUIS,ST LOUIS
ST. LOUIS - 000579,98,0.3636363636,4.0000000000,11.0000000000,0,ST LOUIS,ST LOUIS
ST. LOUIS - 000580,67,0.9514416180,19.9802739773,21.0000000000,0,ST LOUIS,ST LOUIS
ST. LOUIS - 000580,75,0.0485583820,1.0197260227,21.0000000000,0,ST LOUIS,ST LOUIS
ST. LOUIS - 000581,67,1.0000000000,14.0000000000,14.0000000000,0,ST LOUIS,ST LOUIS
ST. LOUIS - 000582,67,1.0000000000,22.9999999999,22.9999999999,0,ST LOUIS,ST LOUIS
ST. LOUIS - 000583,68,0.7855765209,20.4249895427,25.9999999999,0,ST LOUIS,ST LOUIS
ST. LOUIS - 000583,75,0.2144234791,5.5750104572,25.9999999999,0,ST LOUIS,ST LOUIS
ST. LOUIS - 000584,68,0.0267472610,0.2139780877,8.0000000000,0,ST LOUIS,ST LOUIS
ST. LOUIS - 000584,75,0.9732527390,7.7860219123,8.0000000000,0,ST LOUIS,ST LOUIS
ST. LOUIS - 000585,75,1.0000000000,19.0000000000,19.0000000000,0,ST LOUIS,ST LOUIS
ST. LOUIS - 000586,67,0.8400852515,15.9616197794,19.0000000000,0,ST LOUIS,ST LOUIS
ST. LOUIS - 000586,75,0.1599147485,3.0383802206,19.0000000000,0,ST LOUIS,ST LOUIS
ST. LOUIS - 000587,67,1.0000000000,22.0000000000,22.0000000000,0,ST LOUIS,ST LOUIS
ST. LOUIS - 000588,67,0.8305407885,9.9664894619,12.0000000000,0,ST LOUIS,ST LOUIS
ST. LOUIS - 000588,75,0.1694592115,2.0335105381,12.0000000000,0,ST LOUIS,ST LOUIS
ST. LOUIS - 000589,68,0.5000160797,1.0000321594,2.0000000000,0,ST LOUIS,ST LOUIS
ST. LOUIS - 000589,75,0.4999839203,0.9999678406,2.0000000000,0,ST LOUIS,ST LOUIS
ST. LOUIS - 000590,66,0.5000000000,13.0000000000,26.0000000000,0,ST LOUIS,ST LOUIS
ST. LOUIS - 000590,67,0.5000000000,13.0000000000,26.0000000000,0,ST LOUIS,ST LOUIS
ST. LOUIS - 000591,67,1.0000000000,16.0000000000,16.0000000000,0,ST LOUIS,ST LOUIS
ST. LOUIS - 000592,67,0.0000023559,0.0000259147,11.0000000001,0,ST LOUIS,ST LOUIS
ST. LOUIS - 000592,75,0.9999976441,10.9999740854,11.0000000001,0,ST LOUIS,ST LOUIS
ST. LOUIS - 000593,67,1.0000000000,14.9999999997,14.9999999997,0,ST LOUIS,ST LOUIS
ST. LOUIS - 000594,66,0.7647058824,13.0000000000,17.0000000000,0,ST LOUIS,ST LOUIS
ST. LOUIS - 000594,67,0.2352941176,4.0000000000,17.0000000000,0,ST LOUIS,ST LOUIS
ST. LOUIS - 000595,67,1.0000000000,8.0000000000,8.0000000000,0,ST LOUIS,ST LOUIS
ST. LOUIS - 000596,67,1.0000000000,23.9999999999,23.9999999999,0,ST LOUIS,ST LOUIS
ST. LOUIS - 000597,67,1.0000000000,13.0000000000,13.0000000000,0,ST LOUIS,ST LOUIS
ST. LOUIS - 000598,67,0.9523809524,20.0000000000,21.0000000000,0,ST LOUIS,ST LOUIS
ST. LOUIS - 000598,75,0.0476190476,1.0000000000,21.0000000000,0,ST LOUIS,ST LOUIS
ST. LOUIS - 000599,67,1.0000000000,18.0000000000,18.0000000000,0,ST LOUIS,ST LOUIS
ST. LOUIS - 000600,66,0.7021276596,33.0000000000,47.0000000000,0,ST LOUIS,ST LOUIS
ST. LOUIS - 000600,67,0.2978723404,14.0000000000,47.0000000000,0,ST LOUIS,ST LOUIS
ST. LOUIS - 000601,66,1.0000000000,22.9999999999,22.9999999999,0,ST LOUIS,ST LOUIS
ST. LOUIS - 000602,66,0.9294140574,39.9648044666,42.9999999999,0,ST LOUIS,ST LOUIS
ST. LOUIS - 000602,76,0.0008185008,0.0351955333,42.9999999999,0,ST LOUIS,ST LOUIS
ST. LOUIS - 000602,85,0.0697674419,3.0000000000,42.9999999999,0,ST LOUIS,ST LOUIS
ST. LOUIS - 000603,66,0.9753626668,41.9405946746,43.0000000001,0,ST LOUIS,ST LOUIS
ST. LOUIS - 000603,85,0.0246373332,1.0594053255,43.0000000001,0,ST LOUIS,ST LOUIS
ST. LOUIS - 000604,66,0.9785077831,14.6776167472,15.0000000000,0,ST LOUIS,ST LOUIS
ST. LOUIS - 000604,85,0.0214922169,0.3223832528,15.0000000000,0,ST LOUIS,ST LOUIS
ST. LOUIS - 000605,66,1.0000000000,22.0000000000,22.0000000000,0,ST LOUIS,ST LOUIS
ST. LOUIS - 000606,66,0.1877381803,4.8811926877,25.9999999998,0,ST LOUIS,ST LOUIS
ST. LOUIS - 000606,67,0.8122618197,21.1188073121,25.9999999998,0,ST LOUIS,ST LOUIS
ST. LOUIS - 000607,66,0.9999947838,16.9999113251,17.0000000000,0,ST LOUIS,ST LOUIS
ST. LOUIS - 000607,85,0.0000052162,0.0000886749,17.0000000000,0,ST LOUIS,ST LOUIS
ST. LOUIS - 000608,66,1.0000000000,34.0000000003,34.0000000003,0,ST LOUIS,ST LOUIS
ST. LOUIS - 000609,66,0.9995991175,42.9827620531,43.0000000000,0,ST LOUIS,ST LOUIS
ST. LOUIS - 000609,85,0.0004008825,0.0172379469,43.0000000000,0,ST LOUIS,ST LOUIS
ST. LOUIS - 000610,66,1.0000000000,22.0000000000,22.0000000000,0,ST LOUIS,ST LOUIS
ST. LOUIS - 000611,66,1.0000000000,18.9999999999,18.9999999999,0,ST LOUIS,ST LOUIS
ST. LOUIS - 000612,66,1.0000000000,13.0000000000,13.0000000000,0,ST LOUIS,ST LOUIS
ST. LOUIS - 000613,66,1.0000000000,44.9999999999,44.9999999999,0,ST LOUIS,ST LOUIS
ST. LOUIS - 000614,66,1.0000000000,11.0000000000,11.0000000000,0,ST LOUIS,ST LOUIS
ST. LOUIS - 000615,66,1.0000000000,27.0000000001,27.0000000001,0,ST LOUIS,ST LOUIS
ST. LOUIS - 000616,66,0.9956145019,44.8026525852,45.0000000002,0,ST LOUIS,ST LOUIS
ST. LOUIS - 000616,76,0.0043854981,0.1973474150,45.0000000002,0,ST LOUIS,ST LOUIS
ST. LOUIS - 000617,96,1.0000000000,18.0000000002,18.0000000002,0,ST LOUIS,ST LOUIS
ST. LOUIS - 000618,92,0.0503795103,0.4030360824,8.0000000000,0,ST LOUIS,ST LOUIS
ST. LOUIS - 000618,95,0.0822747359,0.6581978871,8.0000000000,0,ST LOUIS,ST LOUIS
ST. LOUIS - 000618,96,0.8673457538,6.9387660305,8.0000000000,0,ST LOUIS,ST LOUIS
ST. LOUIS - 000619,94,0.8181818182,26.9999999999,32.9999999998,0,ST LOUIS,ST LOUIS
ST. LOUIS - 000619,95,0.1818181818,5.9999999999,32.9999999998,0,ST LOUIS,ST LOUIS
ST. LOUIS - 000620,92,0.9722222222,35.0000000000,36.0000000000,0,ST LOUIS,ST LOUIS
ST. LOUIS - 000620,94,0.0277777778,1.0000000000,36.0000000000,0,ST LOUIS,ST LOUIS
ST. LOUIS - 000621,95,1.0000000000,10.0000000001,10.0000000001,0,ST LOUIS,ST LOUIS
ST. LOUIS - 000622,94,0.9966985763,9.9669857634,10.0000000000,0,ST LOUIS,ST LOUIS
ST. LOUIS - 000622,95,0.0033014237,0.0330142366,10.0000000000,0,ST LOUIS,ST LOUIS
ST. LOUIS - 000623,92,0.8461538462,11.0000000000,13.0000000000,0,ST LOUIS,ST LOUIS
ST. LOUIS - 000623,94,0.1538461538,2.0000000000,13.0000000000,0,ST LOUIS,ST LOUIS
ST. LOUIS - 000624,94,1.0000000000,20.0000000000,20.0000000000,0,ST LOUIS,ST LOUIS
ST. LOUIS - 000625,92,0.0071110168,0.1991084695,27.9999999999,0,ST LOUIS,ST LOUIS
ST. LOUIS - 000625,94,0.6714604118,18.8008915304,27.9999999999,0,ST LOUIS,ST LOUIS
ST. LOUIS - 000625,95,0.3214285714,9.0000000000,27.9999999999,0,ST LOUIS,ST LOUIS
ST. LOUIS - 000626,96,1.0000000000,10.9999999999,10.9999999999,0,ST LOUIS,ST LOUIS
ST. LOUIS - 000627,94,1.0000000000,11.0000000001,11.0000000001,0,ST LOUIS,ST LOUIS
ST. LOUIS - 000628,94,0.2535987095,3.0431845143,12.0000000000,0,ST LOUIS,ST LOUIS
ST. LOUIS - 000628,95,0.7464012905,8.9568154857,12.0000000000,0,ST LOUIS,ST LOUIS
ST. LOUIS - 000629,95,1.0000000000,11.9999999999,11.9999999999,0,ST LOUIS,ST LOUIS
ST. LOUIS - 000630,95,1.0000000000,16.0000000000,16.0000000000,0,ST LOUIS,ST LOUIS
ST. LOUIS - 000631,95,1.0000000000,10.0000000001,10.0000000001,0,ST LOUIS,ST LOUIS
ST. LOUIS - 000632,95,1.0000000000,4.9999999999,4.9999999999,0,ST LOUIS,ST LOUIS
ST. LOUIS - 000633,95,0.9779052633,9.7790526328,10.0000000001,0,ST LOUIS,ST LOUIS
ST. LOUIS - 000633,97,0.0220947367,0.2209473673,10.0000000001,0,ST LOUIS,ST LOUIS
ST. LOUIS - 000634,95,1.0000000000,2.0000000000,2.0000000000,0,ST LOUIS,ST LOUIS
ST. LOUIS - 000635,96,1.0000000000,8.0000000000,8.0000000000,0,ST LOUIS,ST LOUIS
ST. LOUIS - 000636,95,0.0105401282,0.0737808973,7.0000000001,0,ST LOUIS,ST LOUIS
ST. LOUIS - 000636,96,0.9894598718,6.9262191028,7.0000000001,0,ST LOUIS,ST LOUIS
ST. LOUIS - 000637,92,0.2585455374,4.9123652103,19.0000000000,0,ST LOUIS,ST LOUIS
ST. LOUIS - 000637,94,0.1052631579,2.0000000000,19.0000000000,0,ST LOUIS,ST LOUIS
ST. LOUIS - 000637,95,0.0047448244,0.0901516633,19.0000000000,0,ST LOUIS,ST LOUIS
ST. LOUIS - 000637,96,0.6314464803,11.9974831264,19.0000000000,0,ST LOUIS,ST LOUIS
ST. LOUIS - 000638,74,1.0000000000,32.0000000000,32.0000000000,0,ST LOUIS,ST LOUIS
ST. LOUIS - 000639,74,0.9890660004,32.6391780136,33.0000000000,0,ST LOUIS,ST LOUIS
ST. LOUIS - 000639,84,0.0109339996,0.3608219864,33.0000000000,0,ST LOUIS,ST LOUIS
ST. LOUIS - 000640,74,0.1376353996,6.6064991831,48.0000000002,0,ST LOUIS,ST LOUIS
ST. LOUIS - 000640,84,0.0906645747,4.3518995834,48.0000000002,0,ST LOUIS,ST LOUIS
ST. LOUIS - 000640,86,0.7717000257,37.0416012337,48.0000000002,0,ST LOUIS,ST LOUIS
ST. LOUIS - 000641,74,0.0018016119,0.0504451325,28.0000000000,0,ST LOUIS,ST LOUIS
ST. LOUIS - 000641,86,0.9981983881,27.9495548675,28.0000000000,0,ST LOUIS,ST LOUIS
ST. LOUIS - 000642,74,0.9458382850,37.8335314010,40.0000000000,0,ST LOUIS,ST LOUIS
ST. LOUIS - 000642,86,0.0541617150,2.1664685990,40.0000000000,0,ST LOUIS,ST LOUIS
ST. LOUIS - 000643,74,0.0925950396,2.5926611079,28.0000000000,0,ST LOUIS,ST LOUIS
ST. LOUIS - 000643,86,0.9074049604,25.4073388921,28.0000000000,0,ST LOUIS,ST LOUIS
ST. LOUIS - 000644,86,1.0000000000,18.0000000000,18.0000000000,0,ST LOUIS,ST LOUIS
ST. LOUIS - 000645,86,1.0000000000,9.0000000000,9.0000000000,0,ST LOUIS,ST LOUIS
ST. LOUIS - 000646,86,1.0000000000,23.0000000000,23.0000000000,0,ST LOUIS,ST LOUIS
ST. LOUIS - 000647,86,1.0000000000,40.9999999999,40.9999999999,0,ST LOUIS,ST LOUIS
ST. LOUIS - 000648,86,1.0000000000,45.0000000000,45.0000000000,0,ST LOUIS,ST LOUIS
ST. LOUIS - 000649,86,1.0000000000,21.0000000000,21.0000000000,0,ST LOUIS,ST LOUIS
ST. LOUIS - 000650,86,1.0000000000,36.0000000000,36.0000000000,0,ST LOUIS,ST LOUIS
ST. LOUIS - 000651,86,0.9488338125,63.5718654396,67.0000000000,0,ST LOUIS,ST LOUIS
ST. LOUIS - 000651,99,0.0511661875,3.4281345604,67.0000000000,0,ST LOUIS,ST LOUIS
ST. LOUIS - 000652,86,1.0000000000,29.0000000000,29.0000000000,0,ST LOUIS,ST LOUIS
ST. LOUIS - 000653,86,1.0000000000,27.0000000000,27.0000000000,0,ST LOUIS,ST LOUIS
ST. LOUIS - 000654,86,1.0000000000,7.0000000000,7.0000000000,0,ST LOUIS,ST LOUIS
ST. LOUIS - 000655,86,0.9902709135,4.9513545674,5.0000000000,0,ST LOUIS,ST LOUIS
ST. LOUIS - 000655,99,0.0097290865,0.0486454326,5.0000000000,0,ST LOUIS,ST LOUIS
ST. LOUIS - 000656,74,1.0000000000,18.9999999999,18.9999999999,0,ST LOUIS,ST LOUIS
ST. LOUIS - 000657,74,0.9589992073,28.7699762195,30.0000000000,0,ST LOUIS,ST LOUIS
ST. LOUIS - 000657,84,0.0410007927,1.2300237805,30.0000000000,0,ST LOUIS,ST LOUIS
ST. LOUIS - 000658,74,0.9938310628,34.7840871989,35.0000000000,0,ST LOUIS,ST LOUIS
ST. LOUIS - 000658,84,0.0061689372,0.2159128011,35.0000000000,0,ST LOUIS,ST LOUIS
ST. LOUIS CITY - 000002,84,1.0000000000,10.0000000000,10.0000000000,0,ST LOUIS CITY,ST LOUIS CITY
ST. LOUIS CITY - 000003,76,1.0000000000,4.0000000000,4.0000000000,0,ST LOUIS CITY,ST LOUIS CITY
ST. LOUIS CITY - 000004,76,1.0000000000,7.0000000000,7.0000000000,0,ST LOUIS CITY,ST LOUIS CITY
ST. LOUIS CITY - 000005,76,1.0000000000,7.9999999999,7.9999999999,0,ST LOUIS CITY,ST LOUIS CITY
ST. LOUIS CITY - 000006,76,1.0000000000,10.0000000001,10.0000000001,0,ST LOUIS CITY,ST LOUIS CITY
ST. LOUIS CITY - 000007,76,0.0801032633,2.0826848459,25.9999999997,0,ST LOUIS CITY,ST LOUIS CITY
ST. LOUIS CITY - 000007,84,0.9186709117,23.8854437044,25.9999999997,0,ST LOUIS CITY,ST LOUIS CITY
ST. LOUIS CITY - 000007,85,0.0012258250,0.0318714494,25.9999999997,0,ST LOUIS CITY,ST LOUIS CITY
ST. LOUIS CITY - 000008,84,1.0000000000,9.9999999999,9.9999999999,0,ST LOUIS CITY,ST LOUIS CITY
ST. LOUIS CITY - 000009,76,0.3750000000,3.0000000000,7.9999999999,0,ST LOUIS CITY,ST LOUIS CITY
ST. LOUIS CITY - 000009,77,0.0076742908,0.0613943264,7.9999999999,0,ST LOUIS CITY,ST LOUIS CITY
ST. LOUIS CITY - 000009,84,0.6173257092,4.9386056735,7.9999999999,0,ST LOUIS CITY,ST LOUIS CITY
ST. LOUIS CITY - 000010,84,1.0000000000,5.0000000000,5.0000000000,0,ST LOUIS CITY,ST LOUIS CITY
ST. LOUIS CITY - 000011,84,1.0000000000,7.0000000000,7.0000000000,0,ST LOUIS CITY,ST LOUIS CITY
ST. LOUIS CITY - 000012,76,1.0000000000,3.9999999999,3.9999999999,0,ST LOUIS CITY,ST LOUIS CITY
ST. LOUIS CITY - 000013,76,1.0000000000,11.9999999998,11.9999999998,0,ST LOUIS CITY,ST LOUIS CITY
ST. LOUIS CITY - 000014,76,1.0000000000,12.0000000000,12.0000000000,0,ST LOUIS CITY,ST LOUIS CITY
ST. LOUIS CITY - 000015,76,0.2857142857,2.0000000000,7.0000000000,0,ST LOUIS CITY,ST LOUIS CITY
ST. LOUIS CITY - 000015,81,0.7142857143,5.0000000000,7.0000000000,0,ST LOUIS CITY,ST LOUIS CITY
ST. LOUIS CITY - 000016,78,0.6666666667,7.9999999998,11.9999999998,0,ST LOUIS CITY,ST LOUIS CITY
ST. LOUIS CITY - 000016,80,0.3333333333,4.0000000000,11.9999999998,0,ST LOUIS CITY,ST LOUIS CITY
ST. LOUIS CITY - 000017,78,0.6666666667,8.0000000000,12.0000000000,0,ST LOUIS CITY,ST LOUIS CITY
ST. LOUIS CITY - 000017,80,0.3333333333,4.0000000000,12.0000000000,0,ST LOUIS CITY,ST LOUIS CITY
ST. LOUIS CITY - 000018,76,0.4000000000,6.0000000001,15.0000000001,0,ST LOUIS CITY,ST LOUIS CITY
ST. LOUIS CITY - 000018,78,0.3333333333,5.0000000000,15.0000000001,0,ST LOUIS CITY,ST LOUIS CITY
ST. LOUIS CITY - 000018,81,0.2666666667,4.0000000000,15.0000000001,0,ST LOUIS CITY,ST LOUIS CITY
ST. LOUIS CITY - 000019,76,1.0000000000,61.0000000002,61.0000000002,0,ST LOUIS CITY,ST LOUIS CITY
ST. LOUIS CITY - 000020,76,1.0000000000,1.9999999999,1.9999999999,0,ST LOUIS CITY,ST LOUIS CITY
ST. LOUIS CITY - 000021,76,1.0000000000,5.0000000000,5.0000000000,0,ST LOUIS CITY,ST LOUIS CITY
ST. LOUIS CITY - 000022,78,1.0000000000,23.0000000001,23.0000000001,0,ST LOUIS CITY,ST LOUIS CITY
ST. LOUIS CITY - 000023,78,1.0000000000,16.0000000000,16.0000000000,0,ST LOUIS CITY,ST LOUIS CITY
ST. LOUIS CITY - 000024,78,1.0000000000,10.0000000000,10.0000000000,0,ST LOUIS CITY,ST LOUIS CITY
ST. LOUIS CITY - 000025,78,1.0000000000,15.0000000002,15.0000000002,0,ST LOUIS CITY,ST LOUIS CITY
ST. LOUIS CITY - 000026,81,1.0000000000,62.0000000000,62.0000000000,0,ST LOUIS CITY,ST LOUIS CITY
ST. LOUIS CITY - 000027,81,1.0000000000,10.0000000000,10.0000000000,0,ST LOUIS CITY,ST LOUIS CITY
ST. LOUIS CITY - 000028,81,0.9777777778,44.0000000001,45.0000000001,0,ST LOUIS CITY,ST LOUIS CITY
ST. LOUIS CITY - 000028,93,0.0222222222,1.0000000000,45.0000000001,0,ST LOUIS CITY,ST LOUIS CITY
ST. LOUIS CITY - 000029,81,1.0000000000,1.0000000000,1.0000000000,0,ST LOUIS CITY,ST LOUIS CITY
ST. LOUIS CITY - 000030,81,1.0000000000,42.0000000000,42.0000000000,0,ST LOUIS CITY,ST LOUIS CITY
ST. LOUIS CITY - 000031,81,1.0000000000,27.0000000000,27.0000000000,0,ST LOUIS CITY,ST LOUIS CITY
ST. LOUIS CITY - 000032,81,1.0000000000,29.9999999999,29.9999999999,0,ST LOUIS CITY,ST LOUIS CITY
ST. LOUIS CITY - 000033,81,1.0000000000,33.9999999999,33.9999999999,0,ST LOUIS CITY,ST LOUIS CITY
ST. LOUIS CITY - 000034,76,0.0203493031,0.4680339717,23.0000000001,0,ST LOUIS CITY,ST LOUIS CITY
ST. LOUIS CITY - 000034,81,0.9796506969,22.5319660284,23.0000000001,0,ST LOUIS CITY,ST LOUIS CITY
ST. LOUIS CITY - 000035,81,1.0000000000,23.9999999999,23.9999999999,0,ST LOUIS CITY,ST LOUIS CITY
ST. LOUIS CITY - 000036,81,1.0000000000,15.0000000000,15.0000000000,0,ST LOUIS CITY,ST LOUIS CITY
ST. LOUIS CITY - 000037,81,1.0000000000,14.9999999999,14.9999999999,0,ST LOUIS CITY,ST LOUIS CITY
ST. LOUIS CITY - 000038,81,0.8888888889,8.0000000000,9.0000000000,0,ST LOUIS CITY,ST LOUIS CITY
ST. LOUIS CITY - 000038,93,0.1111111111,1.0000000000,9.0000000000,0,ST LOUIS CITY,ST LOUIS CITY
ST. LOUIS CITY - 000039,81,1.0000000000,12.9999999999,12.9999999999,0,ST LOUIS CITY,ST LOUIS CITY
ST. LOUIS CITY - 000040,82,1.0000000000,8.0000000000,8.0000000000,0,ST LOUIS CITY,ST LOUIS CITY
ST. LOUIS CITY - 000041,82,1.0000000000,9.0000000000,9.0000000000,0,ST LOUIS CITY,ST LOUIS CITY
ST. LOUIS CITY - 000042,81,0.1818181818,2.0000000000,11.0000000002,0,ST LOUIS CITY,ST LOUIS CITY
ST. LOUIS CITY - 000042,82,0.8181818182,9.0000000002,11.0000000002,0,ST LOUIS CITY,ST LOUIS CITY
ST. LOUIS CITY - 000043,81,0.1428571429,1.0000000000,6.9999999999,0,ST LOUIS CITY,ST LOUIS CITY
ST. LOUIS CITY - 000043,82,0.8571428571,5.9999999999,6.9999999999,0,ST LOUIS CITY,ST LOUIS CITY
ST. LOUIS CITY - 000044,81,0.6923076923,9.0000000000,12.9999999999,0,ST LOUIS CITY,ST LOUIS CITY
ST. LOUIS CITY - 000044,82,0.3076923077,3.9999999999,12.9999999999,0,ST LOUIS CITY,ST LOUIS CITY
ST. LOUIS CITY - 000045,81,1.0000000000,7.0000000000,7.0000000000,0,ST LOUIS CITY,ST LOUIS CITY
ST. LOUIS CITY - 000046,81,1.0000000000,17.0000000000,17.0000000000,0,ST LOUIS CITY,ST LOUIS CITY
ST. LOUIS CITY - 000047,81,1.0000000000,9.0000000000,9.0000000000,0,ST LOUIS CITY,ST LOUIS CITY
ST. LOUIS CITY - 000048,81,1.0000000000,8.0000000000,8.0000000000,0,ST LOUIS CITY,ST LOUIS CITY
ST. LOUIS CITY - 000049,81,1.0000000000,10.0000000000,10.0000000000,0,ST LOUIS CITY,ST LOUIS CITY
ST. LOUIS CITY - 000050,81,1.0000000000,14.0000000001,14.0000000001,0,ST LOUIS CITY,ST LOUIS CITY
ST. LOUIS CITY - 000051,81,1.0000000000,2.0000000000,2.0000000000,0,ST LOUIS CITY,ST LOUIS CITY
ST. LOUIS CITY - 000052,81,1.0000000000,22.0000000000,22.0000000000,0,ST LOUIS CITY,ST LOUIS CITY
ST. LOUIS CITY - 000053,80,0.1818181818,1.9999999999,10.9999999999,0,ST LOUIS CITY,ST LOUIS CITY
ST. LOUIS CITY - 000053,81,0.8181818182,9.0000000000,10.9999999999,0,ST LOUIS CITY,ST LOUIS CITY
ST. LOUIS CITY - 000054,81,1.0000000000,6.0000000000,6.0000000000,0,ST LOUIS CITY,ST LOUIS CITY
ST. LOUIS CITY - 000055,81,1.0000000000,6.0000000001,6.0000000001,0,ST LOUIS CITY,ST LOUIS CITY
ST. LOUIS CITY - 000056,81,1.0000000000,9.9999999999,9.9999999999,0,ST LOUIS CITY,ST LOUIS CITY
ST. LOUIS CITY - 000057,81,1.0000000000,16.0000000000,16.0000000000,0,ST LOUIS CITY,ST LOUIS CITY
ST. LOUIS CITY - 000058,81,1.0000000000,9.9999999999,9.9999999999,0,ST LOUIS CITY,ST LOUIS CITY
ST. LOUIS CITY - 000059,80,0.5000000000,5.0000000000,10.0000000000,0,ST LOUIS CITY,ST LOUIS CITY
ST. LOUIS CITY - 000059,81,0.5000000000,5.0000000000,10.0000000000,0,ST LOUIS CITY,ST LOUIS CITY
ST. LOUIS CITY - 000060,80,0.1111111111,1.0000000000,9.0000000000,0,ST LOUIS CITY,ST LOUIS CITY
ST. LOUIS CITY - 000060,81,0.8888888889,8.0000000000,9.0000000000,0,ST LOUIS CITY,ST LOUIS CITY
ST. LOUIS CITY - 000061,81,1.0000000000,11.0000000000,11.0000000000,0,ST LOUIS CITY,ST LOUIS CITY
ST. LOUIS CITY - 000062,81,1.0000000000,18.0000000000,18.0000000000,0,ST LOUIS CITY,ST LOUIS CITY
ST. LOUIS CITY - 000063,81,1.0000000000,16.0000000000,16.0000000000,0,ST LOUIS CITY,ST LOUIS CITY
ST. LOUIS CITY - 000064,81,1.0000000000,17.0000000001,17.0000000001,0,ST LOUIS CITY,ST LOUIS CITY
ST. LOUIS CITY - 000065,81,1.0000000000,12.9999999998,12.9999999998,0,ST LOUIS CITY,ST LOUIS CITY
ST. LOUIS CITY - 000066,80,1.0000000000,13.0000000000,13.0000000000,0,ST LOUIS CITY,ST LOUIS CITY
ST. LOUIS CITY - 000067,80,1.0000000000,6.0000000000,6.0000000000,0,ST LOUIS CITY,ST LOUIS CITY
ST. LOUIS CITY - 000068,80,0.7000000000,7.0000000001,10.0000000001,0,ST LOUIS CITY,ST LOUIS CITY
ST. LOUIS CITY - 000068,81,0.3000000000,3.0000000000,10.0000000001,0,ST LOUIS CITY,ST LOUIS CITY
ST. LOUIS CITY - 000069,80,1.0000000000,12.9999999999,12.9999999999,0,ST LOUIS CITY,ST LOUIS CITY
ST. LOUIS CITY - 000070,80,1.0000000000,12.0000000001,12.0000000001,0,ST LOUIS CITY,ST LOUIS CITY
ST. LOUIS CITY - 000071,81,1.0000000000,11.0000000000,11.0000000000,0,ST LOUIS CITY,ST LOUIS CITY
ST. LOUIS CITY - 000072,80,0.3000000000,3.0000000000,9.9999999999,0,ST LOUIS CITY,ST LOUIS CITY
ST. LOUIS CITY - 000072,81,0.7000000000,6.9999999999,9.9999999999,0,ST LOUIS CITY,ST LOUIS CITY
ST. LOUIS CITY - 000073,81,1.0000000000,8.0000000000,8.0000000000,0,ST LOUIS CITY,ST LOUIS CITY
ST. LOUIS CITY - 000074,80,0.3753544838,3.0028358700,8.0000000000,0,ST LOUIS CITY,ST LOUIS CITY
ST. LOUIS CITY - 000074,81,0.1250000000,1.0000000000,8.0000000000,0,ST LOUIS CITY,ST LOUIS CITY
ST. LOUIS CITY - 000074,82,0.4996455162,3.9971641300,8.0000000000,0,ST LOUIS CITY,ST LOUIS CITY
ST. LOUIS CITY - 000075,80,1.0000000000,5.0000000000,5.0000000000,0,ST LOUIS CITY,ST LOUIS CITY
ST. LOUIS CITY - 000076,80,0.1666666667,1.0000000000,6.0000000000,0,ST LOUIS CITY,ST LOUIS CITY
ST. LOUIS CITY - 000076,82,0.8333333333,5.0000000000,6.0000000000,0,ST LOUIS CITY,ST LOUIS CITY
ST. LOUIS CITY - 000077,80,0.7653061224,5.3571428571,7.0000000000,0,ST LOUIS CITY,ST LOUIS CITY
ST. LOUIS CITY - 000077,82,0.2346938776,1.6428571429,7.0000000000,0,ST LOUIS CITY,ST LOUIS CITY
ST. LOUIS CITY - 000078,80,1.0000000000,11.9999999999,11.9999999999,0,ST LOUIS CITY,ST LOUIS CITY
ST. LOUIS CITY - 000079,80,1.0000000000,15.9999999999,15.9999999999,0,ST LOUIS CITY,ST LOUIS CITY
ST. LOUIS CITY - 000080,80,1.0000000000,12.0000000000,12.0000000000,0,ST LOUIS CITY,ST LOUIS CITY
ST. LOUIS CITY - 000081,80,1.0000000000,12.0000000000,12.0000000000,0,ST LOUIS CITY,ST LOUIS CITY
ST. LOUIS CITY - 000082,80,1.0000000000,1.0000000000,1.0000000000,0,ST LOUIS CITY,ST LOUIS CITY
ST. LOUIS CITY - 000083,80,1.0000000000,7.0000000000,7.0000000000,0,ST LOUIS CITY,ST LOUIS CITY
ST. LOUIS CITY - 000084,80,1.0000000000,7.0000000000,7.0000000000,0,ST LOUIS CITY,ST LOUIS CITY
ST. LOUIS CITY - 000085,80,1.0000000000,14.0000000001,14.0000000001,0,ST LOUIS CITY,ST LOUIS CITY
ST. LOUIS CITY - 000086,80,1.0000000000,14.0000000001,14.0000000001,0,ST LOUIS CITY,ST LOUIS CITY
ST. LOUIS CITY - 000087,80,1.0000000000,8.0000000000,8.0000000000,0,ST LOUIS CITY,ST LOUIS CITY
ST. LOUIS CITY - 000088,80,1.0000000000,8.0000000000,8.0000000000,0,ST LOUIS CITY,ST LOUIS CITY
ST. LOUIS CITY - 000089,80,1.0000000000,20.9999999999,20.9999999999,0,ST LOUIS CITY,ST LOUIS CITY
ST. LOUIS CITY - 000090,80,1.0000000000,10.0000000001,10.0000000001,0,ST LOUIS CITY,ST LOUIS CITY
ST. LOUIS CITY - 000091,81,0.5348485307,3.7439397149,7.0000000000,0,ST LOUIS CITY,ST LOUIS CITY
ST. LOUIS CITY - 000091,82,0.4651514693,3.2560602851,7.0000000000,0,ST LOUIS CITY,ST LOUIS CITY
ST. LOUIS CITY - 000092,82,1.0000000000,7.9999999999,7.9999999999,0,ST LOUIS CITY,ST LOUIS CITY
ST. LOUIS CITY - 000093,82,1.0000000000,8.0000000000,8.0000000000,0,ST LOUIS CITY,ST LOUIS CITY
ST. LOUIS CITY - 000094,82,1.0000000000,15.0000000000,15.0000000000,0,ST LOUIS CITY,ST LOUIS CITY
ST. LOUIS CITY - 000095,82,1.0000000000,4.0000000000,4.0000000000,0,ST LOUIS CITY,ST LOUIS CITY
ST. LOUIS CITY - 000096,82,1.0000000000,11.9999999999,11.9999999999,0,ST LOUIS CITY,ST LOUIS CITY
ST. LOUIS CITY - 000097,82,1.0000000000,14.0000000001,14.0000000001,0,ST LOUIS CITY,ST LOUIS CITY
ST. LOUIS CITY - 000098,82,1.0000000000,18.0000000000,18.0000000000,0,ST LOUIS CITY,ST LOUIS CITY
ST. LOUIS CITY - 000099,82,1.0000000000,22.9999999999,22.9999999999,0,ST LOUIS CITY,ST LOUIS CITY
ST. LOUIS CITY - 000100,82,1.0000000000,15.0000000000,15.0000000000,0,ST LOUIS CITY,ST LOUIS CITY
ST. LOUIS CITY - 000101,82,1.0000000000,5.0000000000,5.0000000000,0,ST LOUIS CITY,ST LOUIS CITY
ST. LOUIS CITY - 000102,82,1.0000000000,7.0000000000,7.0000000000,0,ST LOUIS CITY,ST LOUIS CITY
ST. LOUIS CITY - 000103,82,1.0000000000,10.0000000000,10.0000000000,0,ST LOUIS CITY,ST LOUIS CITY
ST. LOUIS CITY - 000104,82,1.0000000000,9.0000000000,9.0000000000,0,ST LOUIS CITY,ST LOUIS CITY
ST. LOUIS CITY - 000105,82,1.0000000000,9.0000000000,9.0000000000,0,ST LOUIS CITY,ST LOUIS CITY
ST. LOUIS CITY - 000106,82,1.0000000000,15.0000000001,15.0000000001,0,ST LOUIS CITY,ST LOUIS CITY
ST. LOUIS CITY - 000107,82,1.0000000000,11.0000000000,11.0000000000,0,ST LOUIS CITY,ST LOUIS CITY
ST. LOUIS CITY - 000108,82,1.0000000000,10.0000000001,10.0000000001,0,ST LOUIS CITY,ST LOUIS CITY
ST. LOUIS CITY - 000109,77,0.9666456326,28.9993689765,29.9999999999,0,ST LOUIS CITY,ST LOUIS CITY
ST. LOUIS CITY - 000109,79,0.0333543674,1.0006310234,29.9999999999,0,ST LOUIS CITY,ST LOUIS CITY
ST. LOUIS CITY - 000110,77,1.0000000000,1.0000000000,1.0000000000,0,ST LOUIS CITY,ST LOUIS CITY
ST. LOUIS CITY - 000111,77,0.2857142857,9.9999999999,34.9999999999,0,ST LOUIS CITY,ST LOUIS CITY
ST. LOUIS CITY - 000111,82,0.3142857143,11.0000000000,34.9999999999,0,ST LOUIS CITY,ST LOUIS CITY
ST. LOUIS CITY - 000111,84,0.4000000000,14.0000000000,34.9999999999,0,ST LOUIS CITY,ST LOUIS CITY
ST. LOUIS CITY - 000112,77,1.0000000000,4.0000000001,4.0000000001,0,ST LOUIS CITY,ST LOUIS CITY
ST. LOUIS CITY - 000113,79,1.0000000000,2.0000000000,2.0000000000,0,ST LOUIS CITY,ST LOUIS CITY
ST. LOUIS CITY - 000114,79,1.0000000000,3.0000000000,3.0000000000,0,ST LOUIS CITY,ST LOUIS CITY
ST. LOUIS CITY - 000115,77,0.2857142857,4.0000000000,14.0000000002,0,ST LOUIS CITY,ST LOUIS CITY
ST. LOUIS CITY - 000115,79,0.7142857143,10.0000000002,14.0000000002,0,ST LOUIS CITY,ST LOUIS CITY
ST. LOUIS CITY - 000116,84,1.0000000000,14.0000000000,14.0000000000,0,ST LOUIS CITY,ST LOUIS CITY
ST. LOUIS CITY - 000117,77,0.5428571429,19.0000000002,35.0000000003,0,ST LOUIS CITY,ST LOUIS CITY
ST. LOUIS CITY - 000117,79,0.4571428571,16.0000000001,35.0000000003,0,ST LOUIS CITY,ST LOUIS CITY
ST. LOUIS CITY - 000118,79,1.0000000000,15.0000000000,15.0000000000,0,ST LOUIS CITY,ST LOUIS CITY
ST. LOUIS CITY - 000119,77,1.0000000000,4.0000000000,4.0000000000,0,ST LOUIS CITY,ST LOUIS CITY
ST. LOUIS CITY - 000120,77,1.0000000000,32.0000000003,32.0000000003,0,ST LOUIS CITY,ST LOUIS CITY
ST. LOUIS CITY - 000121,77,1.0000000000,5.0000000000,5.0000000000,0,ST LOUIS CITY,ST LOUIS CITY
ST. LOUIS CITY - 000122,77,1.0000000000,28.0000000001,28.0000000001,0,ST LOUIS CITY,ST LOUIS CITY
ST. LOUIS CITY - 000123,77,1.0000000000,3.0000000000,3.0000000000,0,ST LOUIS CITY,ST LOUIS CITY
ST. LOUIS CITY - 000124,77,1.0000000000,4.0000000000,4.0000000000,0,ST LOUIS CITY,ST LOUIS CITY
ST. LOUIS CITY - 000125,77,1.0000000000,11.0000000000,11.0000000000,0,ST LOUIS CITY,ST LOUIS CITY
ST. LOUIS CITY - 000126,77,1.0000000000,13.0000000000,13.0000000000,0,ST LOUIS CITY,ST LOUIS CITY
ST. LOUIS CITY - 000127,84,1.0000000000,6.0000000000,6.0000000000,0,ST LOUIS CITY,ST LOUIS CITY
ST. LOUIS CITY - 000128,77,0.0459102301,0.4591023012,9.9999999999,0,ST LOUIS CITY,ST LOUIS CITY
ST. LOUIS CITY - 000128,84,0.9540897699,9.5408976987,9.9999999999,0,ST LOUIS CITY,ST LOUIS CITY
ST. LOUIS CITY - 000129,84,1.0000000000,8.0000000000,8.0000000000,0,ST LOUIS CITY,ST LOUIS CITY
ST. LOUIS CITY - 000130,77,1.0000000000,19.0000000000,19.0000000000,0,ST LOUIS CITY,ST LOUIS CITY
ST. LOUIS CITY - 000131,77,1.0000000000,1.0000000000,1.0000000000,0,ST LOUIS CITY,ST LOUIS CITY
ST. LOUIS CITY - 000132,77,0.4000000000,6.0000000000,15.0000000000,0,ST LOUIS CITY,ST LOUIS CITY
ST. LOUIS CITY - 000132,79,0.6000000000,9.0000000000,15.0000000000,0,ST LOUIS CITY,ST LOUIS CITY
ST. LOUIS CITY - 000133,77,1.0000000000,13.0000000000,13.0000000000,0,ST LOUIS CITY,ST LOUIS CITY
ST. LOUIS CITY - 000134,77,1.0000000000,16.0000000000,16.0000000000,0,ST LOUIS CITY,ST LOUIS CITY
ST. LOUIS CITY - 000135,77,1.0000000000,2.0000000000,2.0000000000,0,ST LOUIS CITY,ST LOUIS CITY
ST. LOUIS CITY - 000136,77,1.0000000000,8.0000000000,8.0000000000,0,ST LOUIS CITY,ST LOUIS CITY
ST. LOUIS CITY - 000137,77,1.0000000000,5.0000000000,5.0000000000,0,ST LOUIS CITY,ST LOUIS CITY
ST. LOUIS CITY - 000138,79,1.0000000000,39.9999999999,39.9999999999,0,ST LOUIS CITY,ST LOUIS CITY
ST. LOUIS CITY - 000139,79,1.0000000000,11.9999999999,11.9999999999,0,ST LOUIS CITY,ST LOUIS CITY
ST. LOUIS CITY - 000140,79,1.0000000000,6.9999999999,6.9999999999,0,ST LOUIS CITY,ST LOUIS CITY
ST. LOUIS CITY - 000141,79,1.0000000000,8.0000000000,8.0000000000,0,ST LOUIS CITY,ST LOUIS CITY
ST. LOUIS CITY - 000142,79,1.0000000000,1.0000000000,1.0000000000,0,ST LOUIS CITY,ST LOUIS CITY
ST. LOUIS CITY - 000143,78,0.1304347826,3.0000000000,23.0000000000,0,ST LOUIS CITY,ST LOUIS CITY
ST. LOUIS CITY - 000143,79,0.8695652174,20.0000000000,23.0000000000,0,ST LOUIS CITY,ST LOUIS CITY
ST. LOUIS CITY - 000144,79,1.0000000000,16.0000000000,16.0000000000,0,ST LOUIS CITY,ST LOUIS CITY
ST. LOUIS CITY - 000145,79,1.0000000000,8.0000000000,8.0000000000,0,ST LOUIS CITY,ST LOUIS CITY
ST. LOUIS CITY - 000146,79,1.0000000000,14.0000000000,14.0000000000,0,ST LOUIS CITY,ST LOUIS CITY
ST. LOUIS CITY - 000147,79,1.0000000000,25.0000000000,25.0000000000,0,ST LOUIS CITY,ST LOUIS CITY
ST. LOUIS CITY - 000148,79,1.0000000000,5.0000000000,5.0000000000,0,ST LOUIS CITY,ST LOUIS CITY
ST. LOUIS CITY - 000149,77,0.1333333333,2.0000000001,15.0000000001,0,ST LOUIS CITY,ST LOUIS CITY
ST. LOUIS CITY - 000149,79,0.8666666667,13.0000000000,15.0000000001,0,ST LOUIS CITY,ST LOUIS CITY
ST. LOUIS CITY - 000150,79,1.0000000000,21.0000000001,21.0000000001,0,ST LOUIS CITY,ST LOUIS CITY
ST. LOUIS CITY - 000151,76,1.0000000000,114.0000000003,114.0000000003,0,ST LOUIS CITY,ST LOUIS CITY
ST. LOUIS CITY - 000152,66,0.0443752852,2.1300136913,48.0000000001,0,ST LOUIS CITY,ST LOUIS CITY
ST. LOUIS CITY - 000152,76,0.9556247148,45.8699863088,48.0000000001,0,ST LOUIS CITY,ST LOUIS CITY
ST. LOUIS CITY - 000153,76,1.0000000000,15.0000000000,15.0000000000,0,ST LOUIS CITY,ST LOUIS CITY
ST. LOUIS CITY - 000154,76,1.0000000000,12.0000000000,12.0000000000,0,ST LOUIS CITY,ST LOUIS CITY
ST. LOUIS CITY - 000155,76,1.0000000000,110.0000000002,110.0000000002,0,ST LOUIS CITY,ST LOUIS CITY
ST. LOUIS CITY - 000156,76,1.0000000000,11.0000000000,11.0000000000,0,ST LOUIS CITY,ST LOUIS CITY
ST. LOUIS CITY - 000157,76,1.0000000000,17.0000000000,17.0000000000,0,ST LOUIS CITY,ST LOUIS CITY
ST. LOUIS CITY - 000158,76,1.0000000000,8.0000000000,8.0000000000,0,ST LOUIS CITY,ST LOUIS CITY
ST. LOUIS CITY - 000159,76,1.0000000000,10.0000000000,10.0000000000,0,ST LOUIS CITY,ST LOUIS CITY
ST. LOUIS CITY - 000160,76,1.0000000000,7.0000000000,7.0000000000,0,ST LOUIS CITY,ST LOUIS CITY
ST. LOUIS CITY - 000161,76,1.0000000000,19.0000000000,19.0000000000,0,ST LOUIS CITY,ST LOUIS CITY
ST. LOUIS CITY - 000162,76,1.0000000000,13.0000000001,13.0000000001,0,ST LOUIS CITY,ST LOUIS CITY
ST. LOUIS CITY - 000163,77,1.0000000000,6.0000000000,6.0000000000,0,ST LOUIS CITY,ST LOUIS CITY
ST. LOUIS CITY - 000164,84,1.0000000000,3.0000000000,3.0000000000,0,ST LOUIS CITY,ST LOUIS CITY
ST. LOUIS CITY - 000165,84,1.0000000000,2.0000000000,2.0000000000,0,ST LOUIS CITY,ST LOUIS CITY
ST. LOUIS CITY - 000166,77,1.0000000000,11.0000000000,11.0000000000,0,ST LOUIS CITY,ST LOUIS CITY
ST. LOUIS CITY - 000167,76,0.1666666667,1.0000000000,6.0000000000,0,ST LOUIS CITY,ST LOUIS CITY
ST. LOUIS CITY - 000167,77,0.8333333333,5.0000000000,6.0000000000,0,ST LOUIS CITY,ST LOUIS CITY
ST. LOUIS CITY - 000168,76,1.0000000000,13.9999999998,13.9999999998,0,ST LOUIS CITY,ST LOUIS CITY
ST. LOUIS CITY - 000169,77,1.0000000000,8.0000000000,8.0000000000,0,ST LOUIS CITY,ST LOUIS CITY
ST. LOUIS CITY - 000170,77,1.0000000000,7.0000000000,7.0000000000,0,ST LOUIS CITY,ST LOUIS CITY
ST. LOUIS CITY - 000171,77,1.0000000000,10.0000000000,10.0000000000,0,ST LOUIS CITY,ST LOUIS CITY
ST. LOUIS CITY - 000172,77,1.0000000000,4.9999999999,4.9999999999,0,ST LOUIS CITY,ST LOUIS CITY
ST. LOUIS CITY - 000173,77,1.0000000000,10.0000000000,10.0000000000,0,ST LOUIS CITY,ST LOUIS CITY
ST. LOUIS CITY - 000174,77,0.0608186955,1.2163739105,20.0000000000,0,ST LOUIS CITY,ST LOUIS CITY
ST. LOUIS CITY - 000174,84,0.9391813045,18.7836260895,20.0000000000,0,ST LOUIS CITY,ST LOUIS CITY
ST. LOUIS CITY - 000175,77,0.0235690236,0.2121212121,9.0000000000,0,ST LOUIS CITY,ST LOUIS CITY
ST. LOUIS CITY - 000175,84,0.9764309764,8.7878787879,9.0000000000,0,ST LOUIS CITY,ST LOUIS CITY
ST. LOUIS CITY - 000176,77,1.0000000000,2.0000000000,2.0000000000,0,ST LOUIS CITY,ST LOUIS CITY
ST. LOUIS CITY - 000177,76,1.0000000000,8.0000000000,8.0000000000,0,ST LOUIS CITY,ST LOUIS CITY
ST. LOUIS CITY - 000178,76,1.0000000000,6.0000000000,6.0000000000,0,ST LOUIS CITY,ST LOUIS CITY
ST. LOUIS CITY - 000179,76,1.0000000000,9.0000000001,9.0000000001,0,ST LOUIS CITY,ST LOUIS CITY
ST. LOUIS CITY - 000180,77,1.0000000000,10.0000000000,10.0000000000,0,ST LOUIS CITY,ST LOUIS CITY
ST. LOUIS CITY - 000181,79,1.0000000000,9.0000000001,9.0000000001,0,ST LOUIS CITY,ST LOUIS CITY
ST. LOUIS CITY - 000182,77,0.4615384615,6.0000000000,13.0000000000,0,ST LOUIS CITY,ST LOUIS CITY
ST. LOUIS CITY - 000182,79,0.5384615385,7.0000000000,13.0000000000,0,ST LOUIS CITY,ST LOUIS CITY
ST. LOUIS CITY - 000183,77,1.0000000000,8.0000000000,8.0000000000,0,ST LOUIS CITY,ST LOUIS CITY
ST. LOUIS CITY - 000184,77,1.0000000000,8.9999999999,8.9999999999,0,ST LOUIS CITY,ST LOUIS CITY
ST. LOUIS CITY - 000185,77,1.0000000000,20.0000000000,20.0000000000,0,ST LOUIS CITY,ST LOUIS CITY
ST. LOUIS CITY - 000186,77,1.0000000000,9.0000000000,9.0000000000,0,ST LOUIS CITY,ST LOUIS CITY
ST. LOUIS CITY - 000187,77,1.0000000000,9.0000000000,9.0000000000,0,ST LOUIS CITY,ST LOUIS CITY
ST. LOUIS CITY - 000188,77,1.0000000000,9.0000000000,9.0000000000,0,ST LOUIS CITY,ST LOUIS CITY
ST. LOUIS CITY - 000189,84,1.0000000000,7.9999999999,7.9999999999,0,ST LOUIS CITY,ST LOUIS CITY
ST. LOUIS CITY - 000190,84,1.0000000000,6.9999999999,6.9999999999,0,ST LOUIS CITY,ST LOUIS CITY
ST. LOUIS CITY - 000191,84,1.0000000000,11.0000000000,11.0000000000,0,ST LOUIS CITY,ST LOUIS CITY
ST. LOUIS CITY - 000192,84,1.0000000000,6.0000000000,6.0000000000,0,ST LOUIS CITY,ST LOUIS CITY
ST. LOUIS CITY - 000193,84,1.0000000000,12.0000000000,12.0000000000,0,ST LOUIS CITY,ST LOUIS CITY
ST. LOUIS CITY - 000194,84,1.0000000000,16.0000000000,16.0000000000,0,ST LOUIS CITY,ST LOUIS CITY
ST. LOUIS CITY - 000195,84,1.0000000000,8.0000000000,8.0000000000,0,ST LOUIS CITY,ST LOUIS CITY
ST. LOUIS CITY - 000196,84,1.0000000000,13.0000000000,13.0000000000,0,ST LOUIS CITY,ST LOUIS CITY
ST. LOUIS CITY - 000197,84,1.0000000000,9.9999999999,9.9999999999,0,ST LOUIS CITY,ST LOUIS CITY
ST. LOUIS CITY - 000198,84,1.0000000000,15.0000000000,15.0000000000,0,ST LOUIS CITY,ST LOUIS CITY
ST. LOUIS CITY - 000199,84,1.0000000000,21.0000000000,21.0000000000,0,ST LOUIS CITY,ST LOUIS CITY
ST. LOUIS CITY - 000200,82,1.0000000000,7.0000000000,7.0000000000,0,ST LOUIS CITY,ST LOUIS CITY
ST. LOUIS CITY - 000201,82,1.0000000000,43.0000000000,43.0000000000,0,ST LOUIS CITY,ST LOUIS CITY
ST. LOUIS CITY - 000202,82,1.0000000000,9.0000000000,9.0000000000,0,ST LOUIS CITY,ST LOUIS CITY
ST. LOUIS CITY - 000203,82,1.0000000000,14.0000000000,14.0000000000,0,ST LOUIS CITY,ST LOUIS CITY
ST. LOUIS CITY - 000204,82,1.0000000000,9.0000000000,9.0000000000,0,ST LOUIS CITY,ST LOUIS CITY
ST. LOUIS CITY - 000205,82,1.0000000000,10.0000000000,10.0000000000,0,ST LOUIS CITY,ST LOUIS CITY
ST. LOUIS CITY - 000206,82,1.0000000000,16.0000000000,16.0000000000,0,ST LOUIS CITY,ST LOUIS CITY
ST. LOUIS CITY - 000207,82,1.0000000000,9.0000000000,9.0000000000,0,ST LOUIS CITY,ST LOUIS CITY
ST. LOUIS CITY - 000208,82,1.0000000000,14.0000000002,14.0000000002,0,ST LOUIS CITY,ST LOUIS CITY
ST. LOUIS CITY - 000209,82,1.0000000000,13.0000000000,13.0000000000,0,ST LOUIS CITY,ST LOUIS CITY
ST. LOUIS CITY - 000210,82,1.0000000000,5.0000000000,5.0000000000,0,ST LOUIS CITY,ST LOUIS CITY
ST. LOUIS CITY - 000211,82,1.0000000000,7.9999999999,7.9999999999,0,ST LOUIS CITY,ST LOUIS CITY
ST. LOUIS CITY - 000212,82,1.0000000000,8.0000000001,8.0000000001,0,ST LOUIS CITY,ST LOUIS CITY
ST. LOUIS CITY - 000213,82,1.0000000000,9.0000000001,9.0000000001,0,ST LOUIS CITY,ST LOUIS CITY
ST. LOUIS CITY - 000214,82,1.0000000000,10.0000000000,10.0000000000,0,ST LOUIS CITY,ST LOUIS CITY
ST. LOUIS CITY - 000215,82,1.0000000000,12.0000000000,12.0000000000,0,ST LOUIS CITY,ST LOUIS CITY
ST. LOUIS CITY - 000216,80,0.6666666667,8.0000000001,12.0000000001,0,ST LOUIS CITY,ST LOUIS CITY
ST. LOUIS CITY - 000216,82,0.3333333333,4.0000000000,12.0000000001,0,ST LOUIS CITY,ST LOUIS CITY
ST. LOUIS CITY - 000217,84,1.0000000000,18.0000000001,18.0000000001,0,ST LOUIS CITY,ST LOUIS CITY
ST. LOUIS CITY - 000218,84,1.0000000000,10.0000000000,10.0000000000,0,ST LOUIS CITY,ST LOUIS CITY
ST. LOUIS CITY - 000219,84,1.0000000000,12.0000000000,12.0000000000,0,ST LOUIS CITY,ST LOUIS CITY
ST. LOUIS CITY - 000220,84,1.0000000000,9.0000000000,9.0000000000,0,ST LOUIS CITY,ST LOUIS CITY
ST. LOUIS CITY - 000221,84,1.0000000000,15.0000000000,15.0000000000,0,ST LOUIS CITY,ST LOUIS CITY
ST. LOUIS CITY - 000222,84,1.0000000000,16.0000000000,16.0000000000,0,ST LOUIS CITY,ST LOUIS CITY
ST. LOUIS CITY - 000223,80,0.0914815057,1.0062965625,11.0000000000,0,ST LOUIS CITY,ST LOUIS CITY
ST. LOUIS CITY - 000223,82,0.9085184943,9.9937034375,11.0000000000,0,ST LOUIS CITY,ST LOUIS CITY
ST. LOUIS CITY - 000224,80,0.0625000000,1.0000000000,16.0000000000,0,ST LOUIS CITY,ST LOUIS CITY
ST. LOUIS CITY - 000224,82,0.9375000000,15.0000000000,16.0000000000,0,ST LOUIS CITY,ST LOUIS CITY
ST. LOUIS CITY - 000225,77,0.2142857143,6.0000000000,28.0000000000,0,ST LOUIS CITY,ST LOUIS CITY
ST. LOUIS CITY - 000225,82,0.7857142857,22.0000000000,28.0000000000,0,ST LOUIS CITY,ST LOUIS CITY
ST. LOUIS CITY - 000226,82,1.0000000000,13.0000000000,13.0000000000,0,ST LOUIS CITY,ST LOUIS CITY
ST. LOUIS CITY - 000227,82,1.0000000000,19.0000000000,19.0000000000,0,ST LOUIS CITY,ST LOUIS CITY
ST. LOUIS CITY - 000228,82,1.0000000000,16.9999999998,16.9999999998,0,ST LOUIS CITY,ST LOUIS CITY
ST. LOUIS CITY - 000229,82,0.6521739130,15.0000000000,23.0000000000,0,ST LOUIS CITY,ST LOUIS CITY
ST. LOUIS CITY - 000229,84,0.3478260870,8.0000000000,23.0000000000,0,ST LOUIS CITY,ST LOUIS CITY
ST. LOUIS CITY - 000230,82,0.7777777778,14.0000000000,18.0000000000,0,ST LOUIS CITY,ST LOUIS CITY
ST. LOUIS CITY - 000230,84,0.2222222222,4.0000000000,18.0000000000,0,ST LOUIS CITY,ST LOUIS CITY
ST. LOUIS CITY - 000231,80,0.5000000000,6.0000000000,12.0000000002,0,ST LOUIS CITY,ST LOUIS CITY
ST. LOUIS CITY - 000231,81,0.5000000000,6.0000000002,12.0000000002,0,ST LOUIS CITY,ST LOUIS CITY
ST. LOUIS CITY - 000232,80,1.0000000000,10.9999999999,10.9999999999,0,ST LOUIS CITY,ST LOUIS CITY
ST. LOUIS CITY - 000233,80,1.0000000000,1.0000000000,1.0000000000,0,ST LOUIS CITY,ST LOUIS CITY
ST. LOUIS CITY - 000234,80,0.5000000000,4.0000000000,8.0000000000,0,ST LOUIS CITY,ST LOUIS CITY
ST. LOUIS CITY - 000234,82,0.5000000000,4.0000000000,8.0000000000,0,ST LOUIS CITY,ST LOUIS CITY
ST. LOUIS CITY - 000235,80,0.5384615385,6.9999999999,12.9999999999,0,ST LOUIS CITY,ST LOUIS CITY
ST. LOUIS CITY - 000235,82,0.4615384615,6.0000000000,12.9999999999,0,ST LOUIS CITY,ST LOUIS CITY
ST. LOUIS CITY - 000236,80,1.0000000000,10.0000000000,10.0000000000,0,ST LOUIS CITY,ST LOUIS CITY
ST. LOUIS CITY - 000237,80,1.0000000000,11.9999999999,11.9999999999,0,ST LOUIS CITY,ST LOUIS CITY
ST. LOUIS CITY - 000238,78,0.5000000000,1.0000000000,2.0000000000,0,ST LOUIS CITY,ST LOUIS CITY
ST. LOUIS CITY - 000238,80,0.5000000000,1.0000000000,2.0000000000,0,ST LOUIS CITY,ST LOUIS CITY
ST. LOUIS CITY - 000239,80,1.0000000000,12.0000000001,12.0000000001,0,ST LOUIS CITY,ST LOUIS CITY
ST. LOUIS CITY - 000240,80,0.4000000000,2.0000000000,5.0000000000,0,ST LOUIS CITY,ST LOUIS CITY
ST. LOUIS CITY - 000240,81,0.6000000000,3.0000000000,5.0000000000,0,ST LOUIS CITY,ST LOUIS CITY
ST. LOUIS CITY - 000241,80,0.9000000000,9.0000000000,10.0000000000,0,ST LOUIS CITY,ST LOUIS CITY
ST. LOUIS CITY - 000241,81,0.1000000000,1.0000000000,10.0000000000,0,ST LOUIS CITY,ST LOUIS CITY
ST. LOUIS CITY - 000242,80,1.0000000000,17.0000000000,17.0000000000,0,ST LOUIS CITY,ST LOUIS CITY
ST. LOUIS CITY - 000243,80,1.0000000000,18.0000000001,18.0000000001,0,ST LOUIS CITY,ST LOUIS CITY
ST. LOUIS CITY - 000244,80,1.0000000000,10.0000000000,10.0000000000,0,ST LOUIS CITY,ST LOUIS CITY
ST. LOUIS CITY - 000245,80,1.0000000000,14.9999999997,14.9999999997,0,ST LOUIS CITY,ST LOUIS CITY
ST. LOUIS CITY - 000246,77,0.8181818182,9.0000000000,11.0000000000,0,ST LOUIS CITY,ST LOUIS CITY
ST. LOUIS CITY - 000246,84,0.1818181818,2.0000000000,11.0000000000,0,ST LOUIS CITY,ST LOUIS CITY
ST. LOUIS CITY - 000247,84,1.0000000000,15.9999999998,15.9999999998,0,ST LOUIS CITY,ST LOUIS CITY
ST. LOUIS CITY - 000248,84,1.0000000000,3.0000000000,3.0000000000,0,ST LOUIS CITY,ST LOUIS CITY
ST. LOUIS CITY - 000249,84,1.0000000000,6.0000000000,6.0000000000,0,ST LOUIS CITY,ST LOUIS CITY
ST. LOUIS CITY - 000250,77,0.3347443258,3.0126989318,9.0000000001,0,ST LOUIS CITY,ST LOUIS CITY
ST. LOUIS CITY - 000250,84,0.6652556742,5.9873010683,9.0000000001,0,ST LOUIS CITY,ST LOUIS CITY
ST. LOUIS CITY - 000251,84,1.0000000000,2.0000000000,2.0000000000,0,ST LOUIS CITY,ST LOUIS CITY
ST. LOUIS CITY - 000252,84,1.0000000000,4.0000000000,4.0000000000,0,ST LOUIS CITY,ST LOUIS CITY
ST. LOUIS CITY - 000253,84,1.0000000000,9.0000000000,9.0000000000,0,ST LOUIS CITY,ST LOUIS CITY
ST. LOUIS CITY - 000254,84,1.0000000000,7.0000000000,7.0000000000,0,ST LOUIS CITY,ST LOUIS CITY
ST. LOUIS CITY - 000255,84,1.0000000000,16.0000000000,16.0000000000,0,ST LOUIS CITY,ST LOUIS CITY
ST. LOUIS CITY - 000256,84,1.0000000000,9.0000000001,9.0000000001,0,ST LOUIS CITY,ST LOUIS CITY
ST. LOUIS CITY - 000257,84,1.0000000000,11.0000000001,11.0000000001,0,ST LOUIS CITY,ST LOUIS CITY
ST. LOUIS CITY - 000258,76,1.0000000000,11.0000000000,11.0000000000,0,ST LOUIS CITY,ST LOUIS CITY
ST. LOUIS CITY - 000259,76,1.0000000000,9.0000000000,9.0000000000,0,ST LOUIS CITY,ST LOUIS CITY
ST. LOUIS CITY - 000260,76,1.0000000000,7.0000000000,7.0000000000,0,ST LOUIS CITY,ST LOUIS CITY
ST. LOUIS CITY - 000261,76,1.0000000000,7.0000000000,7.0000000000,0,ST LOUIS CITY,ST LOUIS CITY
ST. LOUIS CITY - 000262,76,1.0000000000,13.0000000001,13.0000000001,0,ST LOUIS CITY,ST LOUIS CITY
ST. LOUIS CITY - 000263,84,0.9957083214,13.9399164998,14.0000000000,0,ST LOUIS CITY,ST LOUIS CITY
ST. LOUIS CITY - 000263,85,0.0042916786,0.0600835002,14.0000000000,0,ST LOUIS CITY,ST LOUIS CITY
ST. LOUIS CITY - 000264,76,0.9405288231,12.2268747004,13.0000000000,0,ST LOUIS CITY,ST LOUIS CITY
ST. LOUIS CITY - 000264,85,0.0594711769,0.7731252996,13.0000000000,0,ST LOUIS CITY,ST LOUIS CITY
ST. LOUIS CITY - 000265,76,0.8882491881,10.6589902568,11.9999999999,0,ST LOUIS CITY,ST LOUIS CITY
ST. LOUIS CITY - 000265,85,0.1117508119,1.3410097431,11.9999999999,0,ST LOUIS CITY,ST LOUIS CITY
ST. LOUIS CITY - 000266,76,1.0000000000,7.0000000001,7.0000000001,0,ST LOUIS CITY,ST LOUIS CITY
ST. LOUIS CITY - 000267,76,1.0000000000,22.0000000002,22.0000000002,0,ST LOUIS CITY,ST LOUIS CITY
ST. LOUIS CITY - 000268,76,0.9718798798,12.6344384380,13.0000000000,0,ST LOUIS CITY,ST LOUIS CITY
ST. LOUIS CITY - 000268,85,0.0281201202,0.3655615620,13.0000000000,0,ST LOUIS CITY,ST LOUIS CITY
ST. LOUIS CITY - 000269,76,1.0000000000,16.0000000002,16.0000000002,0,ST LOUIS CITY,ST LOUIS CITY
ST. LOUIS CITY - 000270,83,0.0071923362,0.0791156980,11.0000000000,0,ST LOUIS CITY,ST LOUIS CITY
ST. LOUIS CITY - 000270,84,0.9928076638,10.9208843020,11.0000000000,0,ST LOUIS CITY,ST LOUIS CITY
ST. LOUIS CITY - 000271,77,0.2857142857,2.0000000000,7.0000000000,0,ST LOUIS CITY,ST LOUIS CITY
ST. LOUIS CITY - 000271,84,0.7142857143,5.0000000000,7.0000000000,0,ST LOUIS CITY,ST LOUIS CITY
ST. LOUIS CITY - 000272,77,0.3105800333,18.3242219644,59.0000000000,0,ST LOUIS CITY,ST LOUIS CITY
ST. LOUIS CITY - 000272,84,0.6894199667,40.6757780356,59.0000000000,0,ST LOUIS CITY,ST LOUIS CITY
ST. LOUIS CITY - 000273,77,1.0000000000,6.0000000000,6.0000000000,0,ST LOUIS CITY,ST LOUIS CITY
ST. LOUIS CITY - 000274,77,1.0000000000,9.0000000000,9.0000000000,0,ST LOUIS CITY,ST LOUIS CITY
ST. LOUIS CITY - 000275,77,1.0000000000,10.0000000000,10.0000000000,0,ST LOUIS CITY,ST LOUIS CITY
ST. LOUIS CITY - 000276,77,1.0000000000,1.0000000000,1.0000000000,0,ST LOUIS CITY,ST LOUIS CITY
ST. LOUIS CITY - 000277,84,1.0000000000,1.0000000000,1.0000000000,0,ST LOUIS CITY,ST LOUIS CITY
ST. LOUIS CITY - 000278,84,1.0000000000,15.0000000000,15.0000000000,0,ST LOUIS CITY,ST LOUIS CITY
ST. LOUIS CITY - 000279,84,1.0000000000,15.0000000000,15.0000000000,0,ST LOUIS CITY,ST LOUIS CITY
ST. LOUIS CITY - 000280,84,1.0000000000,31.9999999999,31.9999999999,0,ST LOUIS CITY,ST LOUIS CITY
ST. LOUIS CITY - 000281,84,1.0000000000,11.0000000000,11.0000000000,0,ST LOUIS CITY,ST LOUIS CITY
ST. LOUIS CITY - 000282,84,1.0000000000,10.0000000000,10.0000000000,0,ST LOUIS CITY,ST LOUIS CITY
ST. LOUIS CITY - 000283,84,1.0000000000,12.0000000000,12.0000000000,0,ST LOUIS CITY,ST LOUIS CITY
ST. LOUIS CITY - 000284,84,1.0000000000,2.9999999999,2.9999999999,0,ST LOUIS CITY,ST LOUIS CITY
ST. LOUIS CITY - 000285,79,1.0000000000,17.0000000000,17.0000000000,0,ST LOUIS CITY,ST LOUIS CITY
ST. LOUIS CITY - 000286,76,1.0000000000,11.0000000000,11.0000000000,0,ST LOUIS CITY,ST LOUIS CITY
ST. LOUIS CITY - 000287,76,1.0000000000,14.9999999998,14.9999999998,0,ST LOUIS CITY,ST LOUIS CITY
ST. LOUIS CITY - 000288,79,1.0000000000,18.0000000000,18.0000000000,0,ST LOUIS CITY,ST LOUIS CITY
ST. LOUIS CITY - 000289,79,1.0000000000,6.0000000000,6.0000000000,0,ST LOUIS CITY,ST LOUIS CITY
ST. LOUIS CITY - 000290,79,1.0000000000,31.0000000000,31.0000000000,0,ST LOUIS CITY,ST LOUIS CITY
ST. LOUIS CITY - 000291,79,1.0000000000,9.0000000000,9.0000000000,0,ST LOUIS CITY,ST LOUIS CITY
ST. LOUIS CITY - 000292,76,0.6318324185,12.0048159508,18.9999999999,0,ST LOUIS CITY,ST LOUIS CITY
ST. LOUIS CITY - 000292,79,0.3681675815,6.9951840491,18.9999999999,0,ST LOUIS CITY,ST LOUIS CITY
ST. LOUIS CITY - 000293,76,0.5454545455,18.0000000001,33.0000000001,0,ST LOUIS CITY,ST LOUIS CITY
ST. LOUIS CITY - 000293,79,0.4545454545,15.0000000000,33.0000000001,0,ST LOUIS CITY,ST LOUIS CITY
ST. LOUIS CITY - 000294,76,1.0000000000,16.0000000000,16.0000000000,0,ST LOUIS CITY,ST LOUIS CITY
ST. LOUIS CITY - 000295,76,0.3000000000,3.0000000000,10.0000000000,0,ST LOUIS CITY,ST LOUIS CITY
ST. LOUIS CITY - 000295,77,0.2000000000,2.0000000000,10.0000000000,0,ST LOUIS CITY,ST LOUIS CITY
ST. LOUIS CITY - 000295,79,0.5000000000,5.0000000000,10.0000000000,0,ST LOUIS CITY,ST LOUIS CITY
ST. LOUIS CITY - 000296,76,1.0000000000,20.0000000000,20.0000000000,0,ST LOUIS CITY,ST LOUIS CITY
ST. LOUIS CITY - 000297,79,1.0000000000,15.0000000000,15.0000000000,0,ST LOUIS CITY,ST LOUIS CITY
ST. LOUIS CITY - 000298,77,1.0000000000,17.0000000000,17.0000000000,0,ST LOUIS CITY,ST LOUIS CITY
ST. LOUIS CITY - 000299,77,1.0000000000,13.0000000000,13.0000000000,0,ST LOUIS CITY,ST LOUIS CITY
ST. LOUIS CITY - 000300,77,1.0000000000,12.0000000000,12.0000000000,0,ST LOUIS CITY,ST LOUIS CITY
ST. LOUIS CITY - 000301,77,1.0000000000,6.0000000000,6.0000000000,0,ST LOUIS CITY,ST LOUIS CITY
ST. LOUIS CITY - 000302,77,0.1739130435,4.0000000000,23.0000000000,0,ST LOUIS CITY,ST LOUIS CITY
ST. LOUIS CITY - 000302,79,0.8260869565,19.0000000000,23.0000000000,0,ST LOUIS CITY,ST LOUIS CITY
ST. LOUIS CITY - 000303,79,1.0000000000,11.0000000000,11.0000000000,0,ST LOUIS CITY,ST LOUIS CITY
ST. LOUIS CITY - 000304,79,1.0000000000,7.0000000000,7.0000000000,0,ST LOUIS CITY,ST LOUIS CITY
ST. LOUIS CITY - 000305,77,0.4285714286,3.0000000000,7.0000000000,0,ST LOUIS CITY,ST LOUIS CITY
ST. LOUIS CITY - 000305,79,0.5714285714,4.0000000000,7.0000000000,0,ST LOUIS CITY,ST LOUIS CITY
ST. LOUIS CITY - 000306,77,1.0000000000,6.0000000000,6.0000000000,0,ST LOUIS CITY,ST LOUIS CITY
ST. LOUIS CITY - 000307,77,1.0000000000,4.0000000000,4.0000000000,0,ST LOUIS CITY,ST LOUIS CITY
ST. LOUIS CITY - 000308,77,1.0000000000,9.0000000000,9.0000000000,0,ST LOUIS CITY,ST LOUIS CITY
ST. LOUIS CITY - 000309,77,1.0000000000,6.0000000000,6.0000000000,0,ST LOUIS CITY,ST LOUIS CITY
ST. LOUIS CITY - 000310,78,1.0000000000,80.0000000000,80.0000000000,0,ST LOUIS CITY,ST LOUIS CITY
ST. LOUIS CITY - 000311,78,1.0000000000,14.9999999999,14.9999999999,0,ST LOUIS CITY,ST LOUIS CITY
ST. LOUIS CITY - 000312,76,0.1798457770,7.0139853028,39.0000000002,0,ST LOUIS CITY,ST LOUIS CITY
ST. LOUIS CITY - 000312,78,0.8201542230,31.9860146974,39.0000000002,0,ST LOUIS CITY,ST LOUIS CITY
ST. LOUIS CITY - 000313,78,1.0000000000,33.0000000000,33.0000000000,0,ST LOUIS CITY,ST LOUIS CITY
ST. LOUIS CITY - 000314,78,0.5000000000,23.0000000000,46.0000000000,0,ST LOUIS CITY,ST LOUIS CITY
ST. LOUIS CITY - 000314,79,0.5000000000,23.0000000000,46.0000000000,0,ST LOUIS CITY,ST LOUIS CITY
ST. LOUIS CITY - 000315,78,0.0024893314,0.0921052632,37.0000000000,0,ST LOUIS CITY,ST LOUIS CITY
ST. LOUIS CITY - 000315,79,0.9975106686,36.9078947368,37.0000000000,0,ST LOUIS CITY,ST LOUIS CITY
ST. LOUIS CITY - 000316,76,0.8493150685,62.0000000000,73.0000000000,0,ST LOUIS CITY,ST LOUIS CITY
ST. LOUIS CITY - 000316,78,0.1506849315,11.0000000000,73.0000000000,0,ST LOUIS CITY,ST LOUIS CITY
ST. LOUIS CITY - 000317,76,0.3414634146,14.0000000000,41.0000000000,0,ST LOUIS CITY,ST LOUIS CITY
ST. LOUIS CITY - 000317,78,0.5365853659,22.0000000000,41.0000000000,0,ST LOUIS CITY,ST LOUIS CITY
ST. LOUIS CITY - 000317,79,0.1219512195,5.0000000000,41.0000000000,0,ST LOUIS CITY,ST LOUIS CITY
ST. LOUIS CITY - 000318,76,0.7634262655,36.6444607451,48.0000000001,0,ST LOUIS CITY,ST LOUIS CITY
ST. LOUIS CITY - 000318,78,0.2365737345,11.3555392550,48.0000000001,0,ST LOUIS CITY,ST LOUIS CITY
ST. LOUIS CITY - 000319,78,0.5384615385,7.0000000000,13.0000000000,0,ST LOUIS CITY,ST LOUIS CITY
ST. LOUIS CITY - 000319,79,0.4039212745,5.2509765683,13.0000000000,0,ST LOUIS CITY,ST LOUIS CITY
ST. LOUIS CITY - 000319,80,0.0576171871,0.7490234317,13.0000000000,0,ST LOUIS CITY,ST LOUIS CITY
ST. LOUIS CITY - 000320,78,0.0810810811,6.0000000000,74.0000000001,0,ST LOUIS CITY,ST LOUIS CITY
ST. LOUIS CITY - 000320,79,0.9189189189,68.0000000001,74.0000000001,0,ST LOUIS CITY,ST LOUIS CITY
ST. LOUIS CITY - 000321,79,1.0000000000,2.0000000000,2.0000000000,0,ST LOUIS CITY,ST LOUIS CITY
ST. LOUIS CITY - 000322,79,1.0000000000,9.0000000001,9.0000000001,0,ST LOUIS CITY,ST LOUIS CITY
ST. LOUIS CITY - 000323,78,0.1923076923,5.0000000000,26.0000000000,0,ST LOUIS CITY,ST LOUIS CITY
ST. LOUIS CITY - 000323,79,0.8076923077,21.0000000000,26.0000000000,0,ST LOUIS CITY,ST LOUIS CITY
ST. LOUIS CITY - 000324,79,1.0000000000,28.0000000000,28.0000000000,0,ST LOUIS CITY,ST LOUIS CITY
ST. LOUIS CITY - 000325,78,0.1217084981,6.2071334048,51.0000000000,0,ST LOUIS CITY,ST LOUIS CITY
ST. LOUIS CITY - 000325,79,0.8782915019,44.7928665952,51.0000000000,0,ST LOUIS CITY,ST LOUIS CITY
ST. LOUIS CITY - 000326,76,0.0555555556,1.0000000000,17.9999999999,0,ST LOUIS CITY,ST LOUIS CITY
ST. LOUIS CITY - 000326,78,0.9444444444,16.9999999999,17.9999999999,0,ST LOUIS CITY,ST LOUIS CITY
ST. LOUIS CITY - 000327,78,1.0000000000,22.0000000000,22.0000000000,0,ST LOUIS CITY,ST LOUIS CITY
ST. LOUIS CITY - 000328,76,0.0212765957,1.0000000000,46.9999999997,0,ST LOUIS CITY,ST LOUIS CITY
ST. LOUIS CITY - 000328,78,0.9130558879,42.9136267292,46.9999999997,0,ST LOUIS CITY,ST LOUIS CITY
ST. LOUIS CITY - 000328,79,0.0656675164,3.0863732705,46.9999999997,0,ST LOUIS CITY,ST LOUIS CITY
ST. LOUIS CITY - 000329,78,1.0000000000,49.0000000000,49.0000000000,0,ST LOUIS CITY,ST LOUIS CITY
ST. LOUIS CITY - 000330,76,0.1428571429,2.0000000000,14.0000000000,0,ST LOUIS CITY,ST LOUIS CITY
ST. LOUIS CITY - 000330,78,0.8571428571,12.0000000000,14.0000000000,0,ST LOUIS CITY,ST LOUIS CITY
ST. LOUIS CITY - 000331,76,0.5625000000,9.0000000000,15.9999999999,0,ST LOUIS CITY,ST LOUIS CITY
ST. LOUIS CITY - 000331,78,0.4375000000,6.9999999999,15.9999999999,0,ST LOUIS CITY,ST LOUIS CITY
ST. LOUIS CITY - 000332,78,0.7500000000,15.0000000001,20.0000000001,0,ST LOUIS CITY,ST LOUIS CITY
ST. LOUIS CITY - 000332,79,0.2500000000,5.0000000000,20.0000000001,0,ST LOUIS CITY,ST LOUIS CITY
ST. LOUIS CITY - 000333,78,1.0000000000,2.0000000000,2.0000000000,0,ST LOUIS CITY,ST LOUIS CITY
ST. LOUIS CITY - 000334,76,1.0000000000,8.9999999999,8.9999999999,0,ST LOUIS CITY,ST LOUIS CITY
ST. LOUIS CITY - 000335,76,0.5270937277,62.1970598739,117.9999999999,0,ST LOUIS CITY,ST LOUIS CITY
ST. LOUIS CITY - 000335,78,0.4729062723,55.8029401260,117.9999999999,0,ST LOUIS CITY,ST LOUIS CITY
ST. LOUIS CITY - 000336,76,0.1111111111,2.0000000000,18.0000000000,0,ST LOUIS CITY,ST LOUIS CITY
ST. LOUIS CITY - 000336,78,0.8888888889,16.0000000000,18.0000000000,0,ST LOUIS CITY,ST LOUIS CITY
ST. LOUIS CITY - 000337,76,0.2222222222,4.0000000000,18.0000000000,0,ST LOUIS CITY,ST LOUIS CITY
ST. LOUIS CITY - 000337,78,0.7777777778,14.0000000000,18.0000000000,0,ST LOUIS CITY,ST LOUIS CITY
ST. LOUIS CITY - 000338,76,0.5357142857,14.9999999999,27.9999999999,0,ST LOUIS CITY,ST LOUIS CITY
ST. LOUIS CITY - 000338,78,0.4642857143,13.0000000000,27.9999999999,0,ST LOUIS CITY,ST LOUIS CITY
ST. LOUIS CITY - 000339,76,1.0000000000,27.0000000001,27.0000000001,0,ST LOUIS CITY,ST LOUIS CITY
ST. LOUIS CITY - 000340,76,1.0000000000,95.9999999999,95.9999999999,0,ST LOUIS CITY,ST LOUIS CITY
ST. LOUIS CITY - 000341,76,0.5009323424,74.6389190191,149.0000000002,0,ST LOUIS CITY,ST LOUIS CITY
ST. LOUIS CITY - 000341,78,0.4990676576,74.3610809811,149.0000000002,0,ST LOUIS CITY,ST LOUIS CITY
ST. LOUIS CITY - 000342,76,0.9999370764,22.9985527575,23.0000000000,0,ST LOUIS CITY,ST LOUIS CITY
ST. LOUIS CITY - 000342,78,0.0000629236,0.0014472425,23.0000000000,0,ST LOUIS CITY,ST LOUIS CITY
ST. LOUIS CITY - 000343,76,1.0000000000,11.0000000000,11.0000000000,0,ST LOUIS CITY,ST LOUIS CITY
ST. LOUIS CITY - 000344,80,0.7500000000,6.0000000000,8.0000000000,0,ST LOUIS CITY,ST LOUIS CITY
ST. LOUIS CITY - 000344,82,0.2500000000,2.0000000000,8.0000000000,0,ST LOUIS CITY,ST LOUIS CITY
ST. LOUIS CITY - 000345,77,0.0833333333,1.0000000000,12.0000000000,0,ST LOUIS CITY,ST LOUIS CITY
ST. LOUIS CITY - 000345,79,0.9166666667,11.0000000000,12.0000000000,0,ST LOUIS CITY,ST LOUIS CITY
ST. LOUIS CITY - 000346,79,1.0000000000,8.0000000000,8.0000000000,0,ST LOUIS CITY,ST LOUIS CITY
ST. LOUIS CITY - 000347,79,1.0000000000,6.0000000000,6.0000000000,0,ST LOUIS CITY,ST LOUIS CITY
ST. LOUIS CITY - 000348,77,0.3030567686,1.5152838428,5.0000000000,0,ST LOUIS CITY,ST LOUIS CITY
ST. LOUIS CITY - 000348,79,0.6969432314,3.4847161572,5.0000000000,0,ST LOUIS CITY,ST LOUIS CITY
ST. LOUIS CITY - 000349,77,0.6666666667,2.0000000000,3.0000000000,0,ST LOUIS CITY,ST LOUIS CITY
ST. LOUIS CITY - 000349,79,0.3333333333,1.0000000000,3.0000000000,0,ST LOUIS CITY,ST LOUIS CITY
ST. LOUIS CITY - 000350,79,1.0000000000,4.0000000000,4.0000000000,0,ST LOUIS CITY,ST LOUIS CITY
ST. LOUIS CITY - 000351,79,1.0000000000,2.0000000000,2.0000000000,0,ST LOUIS CITY,ST LOUIS CITY
ST. LOUIS CITY - 000352,79,1.0000000000,8.0000000000,8.0000000000,0,ST LOUIS CITY,ST LOUIS CITY
ST. LOUIS CITY - 000353,77,0.0185718494,0.3342932894,18.0000000000,0,ST LOUIS CITY,ST LOUIS CITY
ST. LOUIS CITY - 000353,79,0.9814281506,17.6657067106,18.0000000000,0,ST LOUIS CITY,ST LOUIS CITY
ST. LOUIS CITY - 000354,79,1.0000000000,8.0000000000,8.0000000000,0,ST LOUIS CITY,ST LOUIS CITY
ST. LOUIS CITY - 000355,79,1.0000000000,4.0000000000,4.0000000000,0,ST LOUIS CITY,ST LOUIS CITY
ST. LOUIS CITY - 000356,79,1.0000000000,1.0000000000,1.0000000000,0,ST LOUIS CITY,ST LOUIS CITY
ST. LOUIS CITY - 000357,79,1.0000000000,10.0000000000,10.0000000000,0,ST LOUIS CITY,ST LOUIS CITY
ST. LOUIS CITY - 000358,79,1.0000000000,12.0000000001,12.0000000001,0,ST LOUIS CITY,ST LOUIS CITY
ST. LOUIS CITY - 000359,79,1.0000000000,3.0000000000,3.0000000000,0,ST LOUIS CITY,ST LOUIS CITY
ST. LOUIS CITY - 000360,76,1.0000000000,49.0000000001,49.0000000001,0,ST LOUIS CITY,ST LOUIS CITY
ST. LOUIS CITY - 000361,76,0.2473684211,4.7000000000,19.0000000000,0,ST LOUIS CITY,ST LOUIS CITY
ST. LOUIS CITY - 000361,78,0.7526315789,14.3000000000,19.0000000000,0,ST LOUIS CITY,ST LOUIS CITY
ST. LOUIS CITY - 000362,76,0.9629629630,26.0000000000,27.0000000000,0,ST LOUIS CITY,ST LOUIS CITY
ST. LOUIS CITY - 000362,78,0.0370370370,1.0000000000,27.0000000000,0,ST LOUIS CITY,ST LOUIS CITY
ST. LOUIS CITY - 000363,76,1.0000000000,19.9999999996,19.9999999996,0,ST LOUIS CITY,ST LOUIS CITY
ST. LOUIS CITY - 000364,78,0.4166666667,5.0000000000,12.0000000000,0,ST LOUIS CITY,ST LOUIS CITY
ST. LOUIS CITY - 000364,80,0.5833333333,7.0000000000,12.0000000000,0,ST LOUIS CITY,ST LOUIS CITY
ST. LOUIS CITY - 000365,80,1.0000000000,13.0000000000,13.0000000000,0,ST LOUIS CITY,ST LOUIS CITY
ST. LOUIS CITY - 000366,78,0.1538461538,2.0000000000,13.0000000000,0,ST LOUIS CITY,ST LOUIS CITY
ST. LOUIS CITY - 000366,80,0.8461538462,11.0000000000,13.0000000000,0,ST LOUIS CITY,ST LOUIS CITY
ST. LOUIS CITY - 000367,76,0.0774647887,1.7816901409,22.9999999998,0,ST LOUIS CITY,ST LOUIS CITY
ST. LOUIS CITY - 000367,78,0.9225352113,21.2183098589,22.9999999998,0,ST LOUIS CITY,ST LOUIS CITY
ST. LOUIS CITY - 000368,78,1.0000000000,16.0000000001,16.0000000001,0,ST LOUIS CITY,ST LOUIS CITY
ST. LOUIS CITY - 000369,78,0.4314036479,5.6082474228,13.0000000001,0,ST LOUIS CITY,ST LOUIS CITY
ST. LOUIS CITY - 000369,80,0.5685963521,7.3917525773,13.0000000001,0,ST LOUIS CITY,ST LOUIS CITY
ST. LOUIS CITY - 000370,77,1.0000000000,2.9999999999,2.9999999999,0,ST LOUIS CITY,ST LOUIS CITY
ST. LOUIS CITY - 000371,76,0.6666666667,4.0000000000,6.0000000000,0,ST LOUIS CITY,ST LOUIS CITY
ST. LOUIS CITY - 000371,77,0.3333333333,2.0000000000,6.0000000000,0,ST LOUIS CITY,ST LOUIS CITY
ST. LOUIS CITY - 000372,77,1.0000000000,2.0000000000,2.0000000000,0,ST LOUIS CITY,ST LOUIS CITY
ST. LOUIS CITY - 000373,81,1.0000000000,21.0000000000,21.0000000000,0,ST LOUIS CITY,ST LOUIS CITY
ST. LOUIS CITY - 000374,81,1.0000000000,13.0000000000,13.0000000000,0,ST LOUIS CITY,ST LOUIS CITY
ST. LOUIS CITY - 000375,82,1.0000000000,14.0000000001,14.0000000001,0,ST LOUIS CITY,ST LOUIS CITY
STE. GENEVIEVE - 000002,145,1.0000000000,81.0000000001,81.0000000001,0,STE GENEVIEVE,STE GENEVIEVE
STE. GENEVIEVE - 000003,116,0.0381153670,1.9057683479,50.0000000002,0,STE GENEVIEVE,STE GENEVIEVE
STE. GENEVIEVE - 000003,117,0.0409396626,2.0469831277,50.0000000002,0,STE GENEVIEVE,STE GENEVIEVE
STE. GENEVIEVE - 000003,145,0.9209449705,46.0472485246,50.0000000002,0,STE GENEVIEVE,STE GENEVIEVE
STE. GENEVIEVE - 000004,116,0.0593182071,6.6436391903,111.9999999998,0,STE GENEVIEVE,STE GENEVIEVE
STE. GENEVIEVE - 000004,145,0.9406817929,105.3563608095,111.9999999998,0,STE GENEVIEVE,STE GENEVIEVE
STE. GENEVIEVE - 000005,145,1.0000000000,76.0000000000,76.0000000000,0,STE GENEVIEVE,STE GENEVIEVE
STE. GENEVIEVE - 000006,145,1.0000000000,46.0000000001,46.0000000001,0,STE GENEVIEVE,STE GENEVIEVE
STE. GENEVIEVE - 000007,145,1.0000000000,185.0000000001,185.0000000001,0,STE GENEVIEVE,STE GENEVIEVE
STE. GENEVIEVE - 000008,145,1.0000000000,19.0000000001,19.0000000001,0,STE GENEVIEVE,STE GENEVIEVE
STE. GENEVIEVE - 000009,145,1.0000000000,40.0000000000,40.0000000000,0,STE GENEVIEVE,STE GENEVIEVE
STE. GENEVIEVE - 000010,117,0.0381231562,3.2404682785,85.0000000001,0,STE GENEVIEVE,STE GENEVIEVE
STE. GENEVIEVE - 000010,145,0.9618768438,81.7595317216,85.0000000001,0,STE GENEVIEVE,STE GENEVIEVE
STE. GENEVIEVE - 000011,145,1.0000000000,66.0000000000,66.0000000000,0,STE GENEVIEVE,STE GENEVIEVE
STE. GENEVIEVE - 000012,145,1.0000000000,87.0000000003,87.0000000003,0,STE GENEVIEVE,STE GENEVIEVE
STE. GENEVIEVE - 000013,145,1.0000000000,78.0000000000,78.0000000000,0,STE GENEVIEVE,STE GENEVIEVE
STE. GENEVIEVE - 000014,145,1.0000000000,70.9999999999,70.9999999999,0,STE GENEVIEVE,STE GENEVIEVE
STE. GENEVIEVE - 000015,145,1.0000000000,74.0000000001,74.0000000001,0,STE GENEVIEVE,STE GENEVIEVE
STODDARD - 000002,151,1.0000000000,57.9999999999,57.9999999999,0,STODDARD,STODDARD
STODDARD - 000003,151,1.0000000000,91.0000000000,91.0000000000,0,STODDARD,STODDARD
STODDARD - 000004,151,1.0000000000,82.0000000001,82.0000000001,0,STODDARD,STODDARD
STODDARD - 000005,151,1.0000000000,31.0000000000,31.0000000000,0,STODDARD,STODDARD
STODDARD - 000006,151,1.0000000000,128.0000000000,128.0000000000,0,STODDARD,STODDARD
STODDARD - 000007,151,1.0000000000,149.0000000000,149.0000000000,0,STODDARD,STODDARD
STODDARD - 000008,151,1.0000000000,199.9999999994,199.9999999994,0,STODDARD,STODDARD
STODDARD - 000009,151,1.0000000000,44.0000000001,44.0000000001,0,STODDARD,STODDARD
STODDARD - 000010,151,1.0000000000,40.0000000000,40.0000000000,0,STODDARD,STODDARD
STODDARD - 000011,151,1.0000000000,227.0000000000,227.0000000000,0,STODDARD,STODDARD
STODDARD - 000012,151,1.0000000000,119.0000000000,119.0000000000,0,STODDARD,STODDARD
STODDARD - 000013,151,1.0000000000,111.0000000000,111.0000000000,0,STODDARD,STODDARD
STODDARD - 000014,151,1.0000000000,129.9999999999,129.9999999999,0,STODDARD,STODDARD
STODDARD - 000015,151,1.0000000000,20.0000000000,20.0000000000,0,STODDARD,STODDARD
STODDARD - 000016,151,1.0000000000,51.0000000000,51.0000000000,0,STODDARD,STODDARD
STODDARD - 000017,151,1.0000000000,80.9999999999,80.9999999999,0,STODDARD,STODDARD
STODDARD - 000018,151,1.0000000000,87.0000000000,87.0000000000,0,STODDARD,STODDARD
STODDARD - 000019,151,1.0000000000,111.9999999998,111.9999999998,0,STODDARD,STODDARD
STODDARD - 000020,151,1.0000000000,54.9999999998,54.9999999998,0,STODDARD,STODDARD
STODDARD - 000021,151,0.9999999060,267.9999748033,268.0000000000,0,STODDARD,STODDARD
STODDARD - 000021,153,0.0000000940,0.0000251967,268.0000000000,0,STODDARD,STODDARD
STODDARD - 000022,151,1.0000000000,151.9999999995,151.9999999995,0,STODDARD,STODDARD
STODDARD - 000023,149,0.0078125000,1.0000000000,127.9999999998,0,STODDARD,STODDARD
STODDARD - 000023,151,0.9921875000,126.9999999998,127.9999999998,0,STODDARD,STODDARD
STODDARD - 000024,148,0.0066977441,1.1319187554,169.0000000000,0,STODDARD,STODDARD
STODDARD - 000024,151,0.9933022559,167.8680812446,169.0000000000,0,STODDARD,STODDARD
STONE - 000002,138,0.9982496428,120.7882067820,120.9999999999,0,STONE,STONE
STONE - 000002,155,0.0011415029,0.1381218490,120.9999999999,0,STONE,STONE
STONE - 000002,158,0.0006088543,0.0736713689,120.9999999999,0,STONE,STONE
STONE - 000003,138,1.0000000000,66.9999999999,66.9999999999,0,STONE,STONE
STONE - 000004,138,1.0000000000,129.0000000001,129.0000000001,0,STONE,STONE
STONE - 000005,138,1.0000000000,74.0000000000,74.0000000000,0,STONE,STONE
STONE - 000006,138,1.0000000000,58.0000000001,58.0000000001,0,STONE,STONE
STONE - 000007,138,1.0000000000,109.9999999998,109.9999999998,0,STONE,STONE
STONE - 000008,138,1.0000000000,92.0000000000,92.0000000000,0,STONE,STONE
STONE - 000009,138,1.0000000000,20.9999999998,20.9999999998,0,STONE,STONE
STONE - 000010,138,1.0000000000,161.0000000003,161.0000000003,0,STONE,STONE
STONE - 000011,138,0.0739401902,8.9466120844,120.9979587777,0,STONE,STONE
STONE - 000011,155,0.9260598098,112.0513466933,120.9979587777,0,STONE,STONE
STONE - 000012,138,0.6842605163,65.6890095669,96.0000000001,0,STONE,STONE
STONE - 000012,155,0.3157394837,30.3109904332,96.0000000001,0,STONE,STONE
STONE - 000013,138,1.0000000000,43.0000000000,43.0000000000,0,STONE,STONE
STONE - 000014,138,1.0000000000,205.9999999996,205.9999999996,0,STONE,STONE
STONE - 000015,138,1.0000000000,133.9999999996,133.9999999996,0,STONE,STONE
STONE - 000016,138,1.0000000000,84.0000000002,84.0000000002,0,STONE,STONE
STONE - 000017,138,1.0000000000,115.9999999998,115.9999999998,0,STONE,STONE
STONE - 000018,138,1.0000000000,190.9999999998,190.9999999998,0,STONE,STONE
STONE - 000019,138,1.0000000000,33.0000000001,33.0000000001,0,STONE,STONE
STONE - 000020,138,1.0000000000,192.0000000002,192.0000000002,0,STONE,STONE
STONE - 000021,138,0.0007998232,0.0929312517,116.1897411159,0,STONE,STONE
STONE - 000021,155,0.9992001768,116.0968098642,116.1897411159,0,STONE,STONE
SULLIVAN - 000002,3,1.0000000000,56.0000000000,56.0000000000,0,SULLIVAN,SULLIVAN
SULLIVAN - 000003,3,1.0000000000,47.0000000000,47.0000000000,0,SULLIVAN,SULLIVAN
SULLIVAN - 000004,3,1.0000000000,148.9999999997,148.9999999997,0,SULLIVAN,SULLIVAN
SULLIVAN - 000005,3,1.0000000000,68.9999999999,68.9999999999,0,SULLIVAN,SULLIVAN
SULLIVAN - 000006,3,0.9999996936,107.9999669058,107.9999999999,0,SULLIVAN,SULLIVAN
SULLIVAN - 000006,7,0.0000003064,0.0000330941,107.9999999999,0,SULLIVAN,SULLIVAN
SULLIVAN - 000007,3,1.0000000000,45.0000000002,45.0000000002,0,SULLIVAN,SULLIVAN
SULLIVAN - 000008,3,1.0000000000,59.0000000001,59.0000000001,0,SULLIVAN,SULLIVAN
SULLIVAN - 000009,3,1.0000000000,63.0000000000,63.0000000000,0,SULLIVAN,SULLIVAN
SULLIVAN - 000010,3,1.0000000000,72.0000000001,72.0000000001,0,SULLIVAN,SULLIVAN
SULLIVAN - 000012,3,1.0000000000,149.9999999999,149.9999999999,0,SULLIVAN,SULLIVAN
SULLIVAN - 000013,3,1.0000000000,121.9999999998,121.9999999998,0,SULLIVAN,SULLIVAN
SULLIVAN - 000014,3,1.0000000000,107.9999999999,107.9999999999,0,SULLIVAN,SULLIVAN
SULLIVAN - 000015,3,1.0000000000,33.0000000000,33.0000000000,0,SULLIVAN,SULLIVAN
TANEY - 000002,156,1.0000000000,14.0000000000,14.0000000000,0,TANEY,TANEY
TANEY - 000003,155,1.0000000000,56.0000000001,56.0000000001,0,TANEY,TANEY
TANEY - 000004,156,1.0000000000,220.0000000000,220.0000000000,0,TANEY,TANEY
TANEY - 000005,156,1.0000000000,98.0000000001,98.0000000001,0,TANEY,TANEY
TANEY - 000006,156,1.0000000000,520.0000000068,520.0000000068,0,TANEY,TANEY
TANEY - 000007,155,1.0000000000,29.0000000000,29.0000000000,0,TANEY,TANEY
TANEY - 000008,155,1.0000000000,45.0000000001,45.0000000001,0,TANEY,TANEY
TANEY - 000009,155,1.0000000000,72.0000000000,72.0000000000,0,TANEY,TANEY
TANEY - 000010,155,1.0000000000,153.9999999999,153.9999999999,0,TANEY,TANEY
TANEY - 000011,155,0.9863013699,215.9999999994,218.9999999994,0,TANEY,TANEY
TANEY - 000011,156,0.0136986301,3.0000000000,218.9999999994,0,TANEY,TANEY
TANEY - 000012,155,0.0247831738,3.9900909792,161.0000000006,0,TANEY,TANEY
TANEY - 000012,156,0.9752168262,157.0099090214,161.0000000006,0,TANEY,TANEY
TANEY - 000013,155,0.5195526644,63.9049777181,123.0000000000,0,TANEY,TANEY
TANEY - 000013,156,0.4804473356,59.0950222819,123.0000000000,0,TANEY,TANEY
TANEY - 000014,155,0.9987580224,146.8174292938,146.9999999996,0,TANEY,TANEY
TANEY - 000014,156,0.0012419776,0.1825707058,146.9999999996,0,TANEY,TANEY
TANEY - 000015,155,0.4020046802,56.6826599054,140.9999999999,0,TANEY,TANEY
TANEY - 000015,156,0.5979953198,84.3173400945,140.9999999999,0,TANEY,TANEY
TANEY - 000016,155,1.0000000000,124.0000000000,124.0000000000,0,TANEY,TANEY
TANEY - 000017,156,1.0000000000,125.9999999999,125.9999999999,0,TANEY,TANEY
TANEY - 000018,155,1.0000000000,17.9947061706,17.9947061706,0,TANEY,TANEY
TANEY - 000019,155,1.0000000000,93.0000000000,93.0000000000,0,TANEY,TANEY
TANEY - 000020,156,1.0000000000,35.9999999999,35.9999999999,0,TANEY,TANEY
TANEY - 000021,155,0.0271234118,1.3832940019,51.0000000001,0,TANEY,TANEY
TANEY - 000021,156,0.9728765882,49.6167059982,51.0000000001,0,TANEY,TANEY
TANEY - 000022,155,1.0000000000,90.9999999999,90.9999999999,0,TANEY,TANEY
TANEY - 000023,155,0.0061742516,0.6050766557,98.0000000001,0,TANEY,TANEY
TANEY - 000023,156,0.9938257484,97.3949233444,98.0000000001,0,TANEY,TANEY
TEXAS - 000002,121,0.0285714286,1.0000000000,35.0000000001,0,TEXAS,TEXAS
TEXAS - 000002,143,0.9714285714,34.0000000001,35.0000000001,0,TEXAS,TEXAS
TEXAS - 000003,143,1.0000000000,232.0000000002,232.0000000002,0,TEXAS,TEXAS
TEXAS - 000004,143,1.0000000000,96.0000000002,96.0000000002,0,TEXAS,TEXAS
TEXAS - 000005,143,1.0000000000,75.9999999997,75.9999999997,0,TEXAS,TEXAS
TEXAS - 000006,143,1.0000000000,66.0000000001,66.0000000001,0,TEXAS,TEXAS
TEXAS - 000007,143,1.0000000000,132.9999999999,132.9999999999,0,TEXAS,TEXAS
TEXAS - 000008,143,1.0000000000,28.0000000002,28.0000000002,0,TEXAS,TEXAS
TEXAS - 000009,143,1.0000000000,45.0000000000,45.0000000000,0,TEXAS,TEXAS
TEXAS - 000010,143,1.0000000000,125.0000000000,125.0000000000,0,TEXAS,TEXAS
TEXAS - 000011,143,1.0000000000,68.0000000000,68.0000000000,0,TEXAS,TEXAS
TEXAS - 000012,143,1.0000000000,77.0000000000,77.0000000000,0,TEXAS,TEXAS
TEXAS - 000013,143,1.0000000000,99.9999999999,99.9999999999,0,TEXAS,TEXAS
TEXAS - 000014,143,1.0000000000,82.0000000001,82.0000000001,0,TEXAS,TEXAS
TEXAS - 000015,143,1.0000000000,85.0000000000,85.0000000000,0,TEXAS,TEXAS
TEXAS - 000016,143,1.0000000000,294.9999999997,294.9999999997,0,TEXAS,TEXAS
TEXAS - 000017,143,1.0000000000,53.0000000001,53.0000000001,0,TEXAS,TEXAS
TEXAS - 000018,121,0.0119941497,0.8755729288,73.0000000000,0,TEXAS,TEXAS
TEXAS - 000018,143,0.9880058503,72.1244270712,73.0000000000,0,TEXAS,TEXAS
TEXAS - 000019,143,1.0000000000,40.9999999999,40.9999999999,0,TEXAS,TEXAS
TEXAS - 000020,143,1.0000000000,182.9999999996,182.9999999996,0,TEXAS,TEXAS
TEXAS - 000021,143,1.0000000000,67.9999999999,67.9999999999,0,TEXAS,TEXAS
TEXAS - 000022,143,1.0000000000,47.9999999998,47.9999999998,0,TEXAS,TEXAS
VERNON - 000002,125,1.0000000000,44.0000000000,44.0000000000,0,VERNON,VERNON
VERNON - 000003,125,1.0000000000,53.9999999998,53.9999999998,0,VERNON,VERNON
VERNON - 000004,125,1.0000000000,40.0000000004,40.0000000004,0,VERNON,VERNON
VERNON - 000005,125,1.0000000000,51.0000000000,51.0000000000,0,VERNON,VERNON
VERNON - 000006,125,1.0000000000,175.9999999998,175.9999999998,0,VERNON,VERNON
VERNON - 000007,125,1.0000000000,72.9999999999,72.9999999999,0,VERNON,VERNON
VERNON - 000008,125,1.0000000000,41.9999999999,41.9999999999,0,VERNON,VERNON
VERNON - 000009,125,1.0000000000,40.0000000000,40.0000000000,0,VERNON,VERNON
VERNON - 000010,125,1.0000000000,43.0000000000,43.0000000000,0,VERNON,VERNON
VERNON - 000011,125,1.0000000000,60.0000000000,60.0000000000,0,VERNON,VERNON
VERNON - 000012,125,1.0000000000,45.9999999999,45.9999999999,0,VERNON,VERNON
VERNON - 000013,125,1.0000000000,86.0000000000,86.0000000000,0,VERNON,VERNON
VERNON - 000014,125,1.0000000000,27.9999999999,27.9999999999,0,VERNON,VERNON
VERNON - 000015,125,1.0000000000,62.0000000001,62.0000000001,0,VERNON,VERNON
VERNON - 000016,125,1.0000000000,44.0000000001,44.0000000001,0,VERNON,VERNON
VERNON - 000017,125,1.0000000000,36.0000000001,36.0000000001,0,VERNON,VERNON
VERNON - 000018,125,1.0000000000,55.0000000000,55.0000000000,0,VERNON,VERNON
VERNON - 000019,125,1.0000000000,42.0000000000,42.0000000000,0,VERNON,VERNON
VERNON - 000020,125,1.0000000000,82.0000000000,82.0000000000,0,VERNON,VERNON
VERNON - 000021,125,1.0000000000,32.0000000000,32.0000000000,0,VERNON,VERNON
VERNON - 000022,125,1.0000000000,70.0000000000,70.0000000000,0,VERNON,VERNON
VERNON - 000023,125,1.0000000000,75.0000000001,75.0000000001,0,VERNON,VERNON
VERNON - 000024,125,1.0000000000,46.0000000000,46.0000000000,0,VERNON,VERNON
VERNON - 000025,125,1.0000000000,48.0000000000,48.0000000000,0,VERNON,VERNON
VERNON - 000026,125,1.0000000000,31.9999999998,31.9999999998,0,VERNON,VERNON
VERNON - 000027,125,1.0000000000,73.9999999999,73.9999999999,0,VERNON,VERNON
VERNON - 000028,125,1.0000000000,76.0000000001,76.0000000001,0,VERNON,VERNON
VERNON - 000029,125,1.0000000000,86.0000000000,86.0000000000,0,VERNON,VERNON
VERNON - 000030,125,1.0000000000,98.0000000000,98.0000000000,0,VERNON,VERNON
VERNON - 000031,125,1.0000000000,70.0000000000,70.0000000000,0,VERNON,VERNON
VERNON - 000032,125,1.0000000000,99.0000000000,99.0000000000,0,VERNON,VERNON
VERNON - 000033,125,1.0000000000,48.0000000001,48.0000000001,0,VERNON,VERNON
VERNON - 000034,125,1.0000000000,71.0000000001,71.0000000001,0,VERNON,VERNON
WARREN - 000002,42,1.0000000000,38.0000000000,38.0000000000,0,WARREN,WARREN
WARREN - 000003,42,1.0000000000,76.9999999999,76.9999999999,0,WARREN,WARREN
WARREN - 000004,42,1.0000000000,47.0000000003,47.0000000003,0,WARREN,WARREN
WARREN - 000005,42,1.0000000000,55.0000000006,55.0000000006,0,WARREN,WARREN
WARREN - 000006,42,1.0000000000,69.0000000002,69.0000000002,0,WARREN,WARREN
WARREN - 000007,42,1.0000000000,140.9999999990,140.9999999990,0,WARREN,WARREN
WARREN - 000008,42,1.0000000000,24.0000000001,24.0000000001,0,WARREN,WARREN
WARREN - 000009,42,1.0000000000,78.0000000001,78.0000000001,0,WARREN,WARREN
WARREN - 000010,42,1.0000000000,96.0000000004,96.0000000004,0,WARREN,WARREN
WARREN - 000011,42,1.0000000000,10.0000000003,10.0000000003,0,WARREN,WARREN
WARREN - 000012,42,1.0000000000,40.0000000000,40.0000000000,0,WARREN,WARREN
WARREN - 000013,42,1.0000000000,35.0000000000,35.0000000000,0,WARREN,WARREN
WARREN - 000014,42,1.0000000000,62.0000000005,62.0000000005,0,WARREN,WARREN
WARREN - 000015,42,1.0000000000,37.9999999997,37.9999999997,0,WARREN,WARREN
WARREN - 000016,42,1.0000000000,24.0000000000,24.0000000000,0,WARREN,WARREN
WARREN - 000017,42,1.0000000000,45.0000000000,45.0000000000,0,WARREN,WARREN
WARREN - 000018,42,1.0000000000,37.0000000003,37.0000000003,0,WARREN,WARREN
WARREN - 000019,42,1.0000000000,48.9999999999,48.9999999999,0,WARREN,WARREN
WARREN - 000020,42,1.0000000000,30.0000000000,30.0000000000,0,WARREN,WARREN
WARREN - 000021,42,1.0000000000,92.0000000000,92.0000000000,0,WARREN,WARREN
WARREN - 000022,42,1.0000000000,46.9999999999,46.9999999999,0,WARREN,WARREN
WARREN - 000023,42,1.0000000000,18.0000000001,18.0000000001,0,WARREN,WARREN
WASHINGTON - 000002,144,1.0000000000,237.9999999998,237.9999999998,0,WASHINGTON,WASHINGTON
WASHINGTON - 000003,144,1.0000000000,110.0000000004,110.0000000004,0,WASHINGTON,WASHINGTON
WASHINGTON - 000004,118,0.8734650141,69.0037361106,79.0000000000,0,WASHINGTON,WASHINGTON
WASHINGTON - 000004,144,0.1265349859,9.9962638894,79.0000000000,0,WASHINGTON,WASHINGTON
WASHINGTON - 000005,144,1.0000000000,101.0000000001,101.0000000001,0,WASHINGTON,WASHINGTON
WASHINGTON - 000006,118,1.0000000000,106.0000000000,106.0000000000,0,WASHINGTON,WASHINGTON
WASHINGTON - 000007,118,0.3672398645,63.1652566990,172.0000000003,0,WASHINGTON,WASHINGTON
WASHINGTON - 000007,144,0.6327601355,108.8347433013,172.0000000003,0,WASHINGTON,WASHINGTON
WASHINGTON - 000008,144,1.0000000000,28.0000000002,28.0000000002,0,WASHINGTON,WASHINGTON
WASHINGTON - 000009,144,1.0000000000,188.9999999999,188.9999999999,0,WASHINGTON,WASHINGTON
WASHINGTON - 000010,118,0.5555555556,35.0000000001,63.0000000002,0,WASHINGTON,WASHINGTON
WASHINGTON - 000010,144,0.4444444444,28.0000000001,63.0000000002,0,WASHINGTON,WASHINGTON
WASHINGTON - 000011,118,1.0000000000,71.0000000001,71.0000000001,0,WASHINGTON,WASHINGTON
WASHINGTON - 000012,144,1.0000000000,37.9999999999,37.9999999999,0,WASHINGTON,WASHINGTON
WASHINGTON - 000013,144,1.0000000000,127.9999999995,127.9999999995,0,WASHINGTON,WASHINGTON
WASHINGTON - 000014,118,0.8548324953,140.1925292232,164.0000000000,0,WASHINGTON,WASHINGTON
WASHINGTON - 000014,144,0.1451675047,23.8074707768,164.0000000000,0,WASHINGTON,WASHINGTON
WASHINGTON - 000015,118,0.6067415730,53.9999999999,89.0000000001,0,WASHINGTON,WASHINGTON
WASHINGTON - 000015,144,0.3932584270,35.0000000002,89.0000000001,0,WASHINGTON,WASHINGTON
WASHINGTON - 000016,115,0.0072463768,1.0000000000,137.9999999998,0,WASHINGTON,WASHINGTON
WASHINGTON - 000016,118,0.7892177639,108.9120514235,137.9999999998,0,WASHINGTON,WASHINGTON
WASHINGTON - 000016,144,0.2035358592,28.0879485763,137.9999999998,0,WASHINGTON,WASHINGTON
WASHINGTON - 000017,144,1.0000000000,126.9999999998,126.9999999998,0,WASHINGTON,WASHINGTON
WASHINGTON - 000018,118,0.6441772802,41.8715232138,65.0000000000,0,WASHINGTON,WASHINGTON
WASHINGTON - 000018,144,0.3558227198,23.1284767862,65.0000000000,0,WASHINGTON,WASHINGTON
WASHINGTON - 000019,144,1.0000000000,36.0000000001,36.0000000001,0,WASHINGTON,WASHINGTON
WAYNE - 000002,144,1.0000000000,18.0000000000,18.0000000000,0,WAYNE,WAYNE
WAYNE - 000003,144,1.0000000000,25.0000000000,25.0000000000,0,WAYNE,WAYNE
WAYNE - 000004,153,1.0000000000,44.9999999995,44.9999999995,0,WAYNE,WAYNE
WAYNE - 000005,144,0.8948707228,42.9537946967,48.0000000000,0,WAYNE,WAYNE
WAYNE - 000005,153,0.1051292772,5.0462053033,48.0000000000,0,WAYNE,WAYNE
WAYNE - 000006,144,1.0000000000,79.0000000000,79.0000000000,0,WAYNE,WAYNE
WAYNE - 000007,153,1.0000000000,41.0000000000,41.0000000000,0,WAYNE,WAYNE
WAYNE - 000008,153,1.0000000000,102.9999999998,102.9999999998,0,WAYNE,WAYNE
WAYNE - 000009,144,0.0308714475,0.8644005311,28.0000000000,0,WAYNE,WAYNE
WAYNE - 000009,153,0.9691285525,27.1355994689,28.0000000000,0,WAYNE,WAYNE
WAYNE - 000010,153,1.0000000000,46.0000000000,46.0000000000,0,WAYNE,WAYNE
WAYNE - 000011,153,1.0000000000,46.0000000000,46.0000000000,0,WAYNE,WAYNE
WAYNE - 000012,153,1.0000000000,151.9999999997,151.9999999997,0,WAYNE,WAYNE
WAYNE - 000013,153,1.0000000000,121.9999999999,121.9999999999,0,WAYNE,WAYNE
WAYNE - 000014,153,1.0000000000,46.0000000000,46.0000000000,0,WAYNE,WAYNE
WAYNE - 000015,153,1.0000000000,173.9999999998,173.9999999998,0,WAYNE,WAYNE
WAYNE - 000016,153,1.0000000000,55.0000000000,55.0000000000,0,WAYNE,WAYNE
WAYNE - 000017,153,1.0000000000,44.0000000001,44.0000000001,0,WAYNE,WAYNE
WAYNE - 000018,153,1.0000000000,80.0000000000,80.0000000000,0,WAYNE,WAYNE
WAYNE - 000019,153,1.0000000000,94.9999999999,94.9999999999,0,WAYNE,WAYNE
WAYNE - 000020,153,1.0000000000,130.9999999999,130.9999999999,0,WAYNE,WAYNE
WAYNE - 000021,153,1.0000000000,44.0000000001,44.0000000001,0,WAYNE,WAYNE
WEBSTER - 000002,129,1.0000000000,208.0000000000,208.0000000000,0,WEBSTER,WEBSTER
WEBSTER - 000003,129,1.0000000000,157.0000000000,157.0000000000,0,WEBSTER,WEBSTER
WEBSTER - 000004,129,1.0000000000,97.9999999998,97.9999999998,0,WEBSTER,WEBSTER
WEBSTER - 000005,129,1.0000000000,101.9999999998,101.9999999998,0,WEBSTER,WEBSTER
WEBSTER - 000006,129,1.0000000000,174.9999999997,174.9999999997,0,WEBSTER,WEBSTER
WEBSTER - 000007,129,1.0000000000,44.9999999997,44.9999999997,0,WEBSTER,WEBSTER
WEBSTER - 000008,129,1.0000000000,90.9999999999,90.9999999999,0,WEBSTER,WEBSTER
WEBSTER - 000009,129,1.0000000000,103.0000000002,103.0000000002,0,WEBSTER,WEBSTER
WEBSTER - 000010,129,0.9998439595,77.9878288394,77.9999999998,0,WEBSTER,WEBSTER
WEBSTER - 000010,141,0.0001560405,0.0121711604,77.9999999998,0,WEBSTER,WEBSTER
WEBSTER - 000011,129,1.0000000000,65.9999999999,65.9999999999,0,WEBSTER,WEBSTER
WEBSTER - 000012,129,1.0000000000,126.0000000000,126.0000000000,0,WEBSTER,WEBSTER
WEBSTER - 000013,129,1.0000000000,246.9999999993,246.9999999993,0,WEBSTER,WEBSTER
WEBSTER - 000014,129,1.0000000000,115.0000000007,115.0000000007,0,WEBSTER,WEBSTER
WEBSTER - 000015,129,0.9130434783,41.9999999999,45.9999999999,0,WEBSTER,WEBSTER
WEBSTER - 000015,141,0.0869565217,4.0000000000,45.9999999999,0,WEBSTER,WEBSTER
WEBSTER - 000016,129,0.8095238095,34.0000000001,42.0000000001,0,WEBSTER,WEBSTER
WEBSTER - 000016,141,0.1904761905,8.0000000000,42.0000000001,0,WEBSTER,WEBSTER
WEBSTER - 000017,129,0.9999979727,77.9998418732,77.9999999998,0,WEBSTER,WEBSTER
WEBSTER - 000017,141,0.0000020273,0.0001581266,77.9999999998,0,WEBSTER,WEBSTER
WORTH - 000002,2,1.0000000000,60.0000000000,60.0000000000,0,WORTH,WORTH
WORTH - 000004,2,1.0000000000,58.0000000000,58.0000000000,0,WORTH,WORTH
WORTH - 000005,2,1.0000000000,83.0000000000,83.0000000000,0,WORTH,WORTH
WORTH - 000006,2,1.0000000000,48.0000000000,48.0000000000,0,WORTH,WORTH
WORTH - 000007,2,1.0000000000,54.0000000001,54.0000000001,0,WORTH,WORTH
WORTH - 000008,2,1.0000000000,53.0000000000,53.0000000000,0,WORTH,WORTH
WORTH - 000009,2,1.0000000000,85.0000000001,85.0000000001,0,WORTH,WORTH
WRIGHT - 000002,141,1.0000000000,87.0000000000,87.0000000000,0,WRIGHT,WRIGHT
WRIGHT - 000003,141,1.0000000000,44.0000000000,44.0000000000,0,WRIGHT,WRIGHT
WRIGHT - 000004,141,1.0000000000,75.0000000001,75.0000000001,0,WRIGHT,WRIGHT
WRIGHT - 000005,141,1.0000000000,71.9999999999,71.9999999999,0,WRIGHT,WRIGHT
WRIGHT - 000006,141,1.0000000000,84.0000000000,84.0000000000,0,WRIGHT,WRIGHT
WRIGHT - 000007,141,1.0000000000,146.0000000001,146.0000000001,0,WRIGHT,WRIGHT
WRIGHT - 000008,141,1.0000000000,127.0000000001,127.0000000001,0,WRIGHT,WRIGHT
WRIGHT - 000009,141,1.0000000000,169.0000000000,169.0000000000,0,WRIGHT,WRIGHT
WRIGHT - 000010,141,1.0000000000,116.0000000000,116.0000000000,0,WRIGHT,WRIGHT
WRIGHT - 000011,141,1.0000000000,143.9999999999,143.9999999999,0,WRIGHT,WRIGHT
WRIGHT - 000012,141,1.0000000000,54.0000000000,54.0000000000,0,WRIGHT,WRIGHT
WRIGHT - 000013,141,1.0000000000,228.9999999999,228.9999999999,0,WRIGHT,WRIGHT
WRIGHT - 000014,141,1.0000000000,109.0000000000,109.0000000000,0,WRIGHT,WRIGHT
WRIGHT - 000015,141,1.0000000000,77.9999999998,77.9999999998,0,WRIGHT,WRIGHT
WRIGHT - 000016,141,1.0000000000,115.9999999999,115.9999999999,0,WRIGHT,WRIGHT
