precinct_key,district_num,area_weight
ADAIR - 000002,4,0.976190
ADAIR - 000002,3,0.023810
ADAIR - 000003,3,1.000000
ADAIR - 000004,4,1.000000
ADAIR - 000005,4,0.490476
ADAIR - 000005,3,0.509524
ADAIR - 000006,3,1.000000
ADAIR - 000007,3,1.000000
ADAIR - 000008,3,1.000000
ADAIR - 000009,3,1.000000
ADAIR - 000010,3,0.940476
ADAIR - 000010,4,0.059524
ADAIR - 000011,3,1.000000
ADAIR - 000012,3,1.000000
ADAIR - 000013,3,1.000000
ADAIR - 000014,3,0.938095
ADAIR - 000014,4,0.061905
ADAIR - 000015,3,1.000000
ADAIR - 000016,3,1.000000
ADAIR - 000017,4,1.000000
ADAIR - 000018,3,0.997619
ADAIR - 000018,4,0.002381
ANDREW - 000002,9,1.000000
ANDREW - 000003,9,1.000000
ANDREW - 000004,9,1.000000
ANDREW - 000005,9,1.000000
ANDREW - 000006,9,1.000000
ANDREW - 000007,9,1.000000
ANDREW - 000008,9,1.000000
ANDREW - 000009,9,1.000000
ANDREW - 000010,9,1.000000
ANDREW - 000011,9,1.000000
ANDREW - 000012,9,1.000000
ANDREW - 000013,9,1.000000
ANDREW - 000014,9,1.000000
ANDREW - 000015,9,1.000000
ANDREW - 000016,9,1.000000
ANDREW - 000017,9,1.000000
ANDREW - 000018,9,1.000000
ANDREW - 000019,9,1.000000
ANDREW - 000020,9,1.000000
ATCHISON - 000002,1,1.000000
ATCHISON - 000003,1,1.000000
ATCHISON - 000004,1,1.000000
ATCHISON - 000005,1,1.000000
ATCHISON - 000006,1,1.000000
ATCHISON - 000007,1,1.000000
AUDRAIN - 000002,43,1.000000
AUDRAIN - 000003,43,1.000000
AUDRAIN - 000004,43,1.000000
AUDRAIN - 000005,43,1.000000
AUDRAIN - 000006,43,1.000000
AUDRAIN - 000007,43,1.000000
AUDRAIN - 000008,43,1.000000
AUDRAIN - 000009,43,1.000000
AUDRAIN - 000010,43,1.000000
AUDRAIN - 000011,43,1.000000
AUDRAIN - 000012,43,1.000000
AUDRAIN - 000013,43,1.000000
AUDRAIN - 000014,43,1.000000
AUDRAIN - 000015,43,1.000000
AUDRAIN - 000017,43,1.000000
AUDRAIN - 000018,43,1.000000
AUDRAIN - 000019,43,1.000000
AUDRAIN - 000020,43,1.000000
AUDRAIN - 000021,43,1.000000
AUDRAIN - 000022,43,1.000000
AUDRAIN - 000023,43,1.000000
AUDRAIN - 000024,43,1.000000
AUDRAIN - 000025,43,1.000000
AUDRAIN - 000026,43,1.000000
BARRY - 000002,158,1.000000
BARRY - 000003,158,1.000000
BARRY - 000004,158,1.000000
BARRY - 000005,158,1.000000
BARRY - 000006,158,1.000000
BARRY - 000007,158,1.000000
BARRY - 000008,158,1.000000
BARRY - 000009,158,1.000000
BARRY - 000010,158,1.000000
BARRY - 000011,158,1.000000
BARRY - 000012,158,1.000000
BARRY - 000013,158,1.000000
BARRY - 000014,158,1.000000
BARRY - 000015,158,1.000000
BARRY - 000016,158,1.000000
BARRY - 000017,158,1.000000
BARRY - 000018,158,1.000000
BARRY - 000019,158,1.000000
BARRY - 000020,158,1.000000
BARRY - 000021,158,1.000000
BARRY - 000022,158,1.000000
BARTON - 000002,127,1.000000
BARTON - 000003,127,1.000000
BARTON - 000004,127,1.000000
BARTON - 000005,127,1.000000
BARTON - 000006,127,1.000000
BARTON - 000007,127,1.000000
BARTON - 000008,127,1.000000
BARTON - 000009,127,1.000000
BARTON - 000010,127,1.000000
BARTON - 000011,127,1.000000
BARTON - 000012,127,1.000000
BARTON - 000013,127,1.000000
BARTON - 000014,127,1.000000
BARTON - 000015,127,1.000000
BARTON - 000016,127,1.000000
BARTON - 000017,127,1.000000
BATES - 000002,62,1.000000
BATES - 000003,62,0.983333
BATES - 000003,125,0.016667
BATES - 000004,125,1.000000
BATES - 000005,62,1.000000
BATES - 000006,62,1.000000
BATES - 000007,125,0.969048
BATES - 000007,62,0.030952
BATES - 000008,125,1.000000
BATES - 000009,125,1.000000
BATES - 000010,125,1.000000
BATES - 000011,62,1.000000
BATES - 000012,125,1.000000
BATES - 000013,125,1.000000
BATES - 000014,125,1.000000
BATES - 000015,125,1.000000
BATES - 000016,125,1.000000
BENTON - 000002,126,1.000000
BENTON - 000003,57,1.000000
BENTON - 000004,57,1.000000
BENTON - 000005,57,1.000000
BENTON - 000006,57,1.000000
BENTON - 000007,57,1.000000
BENTON - 000008,57,1.000000
BENTON - 000009,126,1.000000
BENTON - 000010,57,1.000000
BENTON - 000011,57,1.000000
BENTON - 000012,57,1.000000
BENTON - 000013,57,1.000000
BENTON - 000014,57,1.000000
BENTON - 000015,57,1.000000
BOLLINGER - 000002,144,1.000000
BOLLINGER - 000003,151,1.000000
BOLLINGER - 000004,151,1.000000
BOLLINGER - 000005,144,1.000000
BOLLINGER - 000006,151,1.000000
BOLLINGER - 000007,151,1.000000
BOLLINGER - 000008,151,1.000000
BOLLINGER - 000009,144,1.000000
BOLLINGER - 000010,144,1.000000
BOLLINGER - 000011,144,1.000000
BOLLINGER - 000012,151,0.842857
BOLLINGER - 000012,144,0.157143
BOLLINGER - 000014,144,1.000000
BOLLINGER - 000015,151,1.000000
BOONE - 000002,44,1.000000
BOONE - 000003,44,1.000000
BOONE - 000004,44,1.000000
BOONE - 000005,47,1.000000
BOONE - 000006,47,1.000000
BOONE - 000007,44,0.400000
BOONE - 000007,47,0.600000
BOONE - 000008,44,0.880952
BOONE - 000008,47,0.119048
BOONE - 000009,44,1.000000
BOONE - 000010,47,1.000000
BOONE - 000011,47,1.000000
BOONE - 000012,45,1.000000
BOONE - 000013,45,1.000000
BOONE - 000014,45,1.000000
BOONE - 000015,45,1.000000
BOONE - 000016,45,1.000000
BOONE - 000017,45,1.000000
BOONE - 000018,45,1.000000
BOONE - 000019,47,1.000000
BOONE - 000020,47,1.000000
BOONE - 000021,46,0.242857
BOONE - 000021,47,0.373810
BOONE - 000021,44,0.383333
BOONE - 000022,44,0.804762
BOONE - 000022,46,0.195238
BOONE - 000023,44,1.000000
BOONE - 000024,44,0.919048
BOONE - 000024,50,0.078571
BOONE - 000024,46,0.002381
BOONE - 000025,44,0.935714
BOONE - 000025,50,0.064286
BOONE - 000026,44,0.833333
BOONE - 000026,47,0.054762
BOONE - 000026,50,0.111905
BOONE - 000027,44,0.885714
BOONE - 000027,50,0.114286
BOONE - 000028,44,1.000000
BOONE - 000029,46,1.000000
BOONE - 000030,46,1.000000
BOONE - 000031,46,0.488095
BOONE - 000031,45,0.511905
BOONE - 000032,46,1.000000
BOONE - 000033,47,0.378571
BOONE - 000033,45,0.621429
BOONE - 000034,46,1.000000
BOONE - 000035,44,1.000000
BOONE - 000036,44,1.000000
BOONE - 000037,44,1.000000
BOONE - 000038,46,0.228571
BOONE - 000038,44,0.771429
BOONE - 000039,50,0.673810
BOONE - 000039,44,0.326190
BOONE - 000040,44,1.000000
BOONE - 000041,47,0.450000
BOONE - 000041,50,0.550000
BOONE - 000042,47,1.000000
BOONE - 000043,47,1.000000
BOONE - 000044,46,1.000000
BOONE - 000045,46,1.000000
BOONE - 000046,46,0.990476
BOONE - 000046,44,0.009524
BOONE - 000047,45,0.950000
BOONE - 000047,46,0.050000
BOONE - 000048,46,0.647619
BOONE - 000048,45,0.280952
BOONE - 000048,50,0.071429
BOONE - 000049,47,1.000000
BOONE - 000050,47,1.000000
BOONE - 000051,47,1.000000
BOONE - 000052,47,1.000000
BOONE - 000053,47,1.000000
BOONE - 000054,45,0.904762
BOONE - 000054,47,0.095238
BOONE - 000055,47,1.000000
BOONE - 000056,47,1.000000
BOONE - 000057,45,1.000000
BOONE - 000058,47,1.000000
BOONE - 000059,45,0.990476
BOONE - 000059,50,0.009524
BOONE - 000060,45,1.000000
BOONE - 000061,50,1.000000
BOONE - 000062,50,1.000000
BOONE - 000063,50,1.000000
BOONE - 000064,50,1.000000
BOONE - 000065,50,1.000000
BOONE - 000066,50,1.000000
BOONE - 000067,50,1.000000
BOONE - 000068,45,1.000000
BOONE - 000069,45,1.000000
BOONE - 000070,45,0.676190
BOONE - 000070,50,0.323810
BOONE - 000071,50,0.826190
BOONE - 000071,45,0.154762
BOONE - 000071,44,0.019048
BOONE - 000072,50,0.516667
BOONE - 000072,45,0.483333
BOONE - 000073,47,1.000000
BOONE - 000074,47,1.000000
BOONE - 000075,44,1.000000
BUCHANAN - 000002,11,1.000000
BUCHANAN - 000003,11,1.000000
BUCHANAN - 000004,10,1.000000
BUCHANAN - 000005,10,1.000000
BUCHANAN - 000006,10,0.269048
BUCHANAN - 000006,11,0.723810
BUCHANAN - 000006,13,0.007143
BUCHANAN - 000007,11,0.223810
BUCHANAN - 000007,10,0.776190
BUCHANAN - 000008,11,1.000000
BUCHANAN - 000009,11,1.000000
BUCHANAN - 000010,11,1.000000
BUCHANAN - 000011,11,1.000000
BUCHANAN - 000012,10,0.633333
BUCHANAN - 000012,11,0.366667
BUCHANAN - 000013,11,1.000000
BUCHANAN - 000014,13,1.000000
BUCHANAN - 000015,13,1.000000
BUCHANAN - 000016,11,1.000000
BUCHANAN - 000017,11,0.921429
BUCHANAN - 000017,13,0.078571
BUCHANAN - 000018,13,1.000000
BUCHANAN - 000019,13,1.000000
BUCHANAN - 000020,13,1.000000
BUCHANAN - 000021,13,1.000000
BUCHANAN - 000022,13,1.000000
BUCHANAN - 000023,13,1.000000
BUCHANAN - 000024,13,1.000000
BUCHANAN - 000025,13,1.000000
BUCHANAN - 000026,13,1.000000
BUCHANAN - 000027,13,0.754762
BUCHANAN - 000027,11,0.228571
BUCHANAN - 000027,10,0.011905
BUCHANAN - 000027,9,0.004762
BUCHANAN - 000028,10,1.000000
BUCHANAN - 000029,10,1.000000
BUCHANAN - 000030,13,1.000000
BUCHANAN - 000031,11,1.000000
BUCHANAN - 000032,13,0.504762
BUCHANAN - 000032,11,0.495238
BUCHANAN - 000033,10,1.000000
BUCHANAN - 000034,10,1.000000
BUCHANAN - 000035,10,1.000000
BUCHANAN - 000036,10,1.000000
BUCHANAN - 000037,10,1.000000
BUCHANAN - 000038,10,1.000000
BUCHANAN - 000039,10,1.000000
BUCHANAN - 000040,10,1.000000
BUCHANAN - 000041,10,1.000000
BUCHANAN - 000042,10,1.000000
BUCHANAN - 000043,10,1.000000
BUCHANAN - 000044,10,1.000000
BUCHANAN - 000045,10,1.000000
BUCHANAN - 000046,10,0.604762
BUCHANAN - 000046,11,0.395238
BUCHANAN - 000047,10,1.000000
BUCHANAN - 000048,10,1.000000
BUCHANAN - 000049,10,1.000000
BUCHANAN - 000050,10,0.673810
BUCHANAN - 000050,11,0.326190
BUCHANAN - 000051,10,1.000000
BUCHANAN - 000052,11,0.766667
BUCHANAN - 000052,10,0.233333
BUCHANAN - 000053,11,1.000000
BUCHANAN - 000054,10,1.000000
BUCHANAN - 000055,11,0.861905
BUCHANAN - 000055,10,0.138095
BUCHANAN - 000056,11,1.000000
BUCHANAN - 000057,11,1.000000
BUCHANAN - 000058,11,1.000000
BUCHANAN - 000059,11,1.000000
BUCHANAN - 000060,11,1.000000
BUCHANAN - 000061,11,1.000000
BUTLER - 000002,152,1.000000
BUTLER - 000003,152,0.938095
BUTLER - 000003,150,0.061905
BUTLER - 000004,150,1.000000
BUTLER - 000005,150,1.000000
BUTLER - 000006,152,1.000000
BUTLER - 000007,152,1.000000
BUTLER - 000008,150,1.000000
BUTLER - 000009,152,0.997619
BUTLER - 000009,150,0.002381
BUTLER - 000010,152,1.000000
BUTLER - 000011,152,1.000000
BUTLER - 000012,150,1.000000
BUTLER - 000013,152,1.000000
BUTLER - 000014,152,1.000000
BUTLER - 000015,150,1.000000
BUTLER - 000016,152,1.000000
BUTLER - 000017,152,1.000000
BUTLER - 000018,152,1.000000
BUTLER - 000019,152,1.000000
BUTLER - 000020,152,1.000000
BUTLER - 000021,152,1.000000
BUTLER - 000022,152,1.000000
BUTLER - 000023,150,0.326190
BUTLER - 000023,152,0.673810
BUTLER - 000024,152,0.400000
BUTLER - 000024,150,0.600000
BUTLER - 000025,152,1.000000
BUTLER - 000026,152,1.000000
CALDWELL - 000002,2,1.000000
CALDWELL - 000003,2,1.000000
CALDWELL - 000004,2,1.000000
CALDWELL - 000005,2,1.000000
CALDWELL - 000006,2,1.000000
CALDWELL - 000007,2,1.000000
CALDWELL - 000008,2,1.000000
CALDWELL - 000009,2,1.000000
CALDWELL - 000010,2,1.000000
CALDWELL - 000011,2,1.000000
CALLAWAY - 000002,43,1.000000
CALLAWAY - 000003,49,0.676190
CALLAWAY - 000003,43,0.323810
CALLAWAY - 000004,49,1.000000
CALLAWAY - 000005,49,1.000000
CALLAWAY - 000006,49,1.000000
CALLAWAY - 000007,49,0.938095
CALLAWAY - 000007,43,0.061905
CALLAWAY - 000008,49,1.000000
CALLAWAY - 000009,49,1.000000
CALLAWAY - 000010,49,1.000000
CALLAWAY - 000011,49,1.000000
CALLAWAY - 000012,49,0.911905
CALLAWAY - 000012,43,0.088095
CALLAWAY - 000013,49,1.000000
CALLAWAY - 000014,49,1.000000
CALLAWAY - 000015,43,1.000000
CALLAWAY - 000016,49,1.000000
CALLAWAY - 000017,49,1.000000
CALLAWAY - 000018,49,1.000000
CALLAWAY - 000019,43,0.992857
CALLAWAY - 000019,49,0.007143
CALLAWAY - 000020,49,0.716667
CALLAWAY - 000020,43,0.283333
CALLAWAY - 000021,49,1.000000
CALLAWAY - 000022,49,1.000000
CALLAWAY - 000023,49,1.000000
CALLAWAY - 000024,49,1.000000
CALLAWAY - 000025,43,1.000000
CALLAWAY - 000026,43,0.885714
CALLAWAY - 000026,49,0.114286
CALLAWAY - 000027,49,1.000000
CALLAWAY - 000028,43,0.311905
CALLAWAY - 000028,49,0.688095
CAMDEN - 000002,123,1.000000
CAMDEN - 000003,142,1.000000
CAMDEN - 000004,123,0.952381
CAMDEN - 000004,142,0.047619
CAMDEN - 000005,123,1.000000
CAMDEN - 000006,123,1.000000
CAMDEN - 000007,123,1.000000
CAMDEN - 000008,123,1.000000
CAMDEN - 000009,123,0.966667
CAMDEN - 000009,142,0.033333
CAMDEN - 000010,123,1.000000
CAMDEN - 000011,123,1.000000
CAMDEN - 000012,142,0.990476
CAMDEN - 000012,123,0.009524
CAMDEN - 000013,123,1.000000
CAMDEN - 000014,123,0.978571
CAMDEN - 000014,58,0.021429
CAMDEN - 000015,123,1.000000
CAMDEN - 000016,142,1.000000
CAMDEN - 000017,123,1.000000
CAMDEN - 000018,123,1.000000
CAMDEN - 000019,123,1.000000
CAMDEN - 000020,123,1.000000
CAMDEN - 000021,123,0.540476
CAMDEN - 000021,142,0.459524
CAMDEN - 000022,123,1.000000
CAMDEN - 000023,142,1.000000
CAMDEN - 000024,123,1.000000
CAMDEN - 000025,123,1.000000
CAMDEN - 000026,123,1.000000
CAMDEN - 000028,123,1.000000
CAPE GIRARDEAU - 000002,146,1.000000
CAPE GIRARDEAU - 000003,146,1.000000
CAPE GIRARDEAU - 000004,146,1.000000
CAPE GIRARDEAU - 000005,146,1.000000
CAPE GIRARDEAU - 000006,146,1.000000
CAPE GIRARDEAU - 000007,146,1.000000
CAPE GIRARDEAU - 000008,146,1.000000
CAPE GIRARDEAU - 000009,146,0.973810
CAPE GIRARDEAU - 000009,151,0.026190
CAPE GIRARDEAU - 000010,147,1.000000
CAPE GIRARDEAU - 000011,147,1.000000
CAPE GIRARDEAU - 000012,146,0.804762
CAPE GIRARDEAU - 000012,147,0.192857
CAPE GIRARDEAU - 000012,148,0.002381
CAPE GIRARDEAU - 000013,147,1.000000
CAPE GIRARDEAU - 000014,147,1.000000
CAPE GIRARDEAU - 000015,147,1.000000
CAPE GIRARDEAU - 000016,147,0.980952
CAPE GIRARDEAU - 000016,146,0.019048
CAPE GIRARDEAU - 000017,147,0.954762
CAPE GIRARDEAU - 000017,146,0.045238
CAPE GIRARDEAU - 000018,147,1.000000
CAPE GIRARDEAU - 000019,147,1.000000
CAPE GIRARDEAU - 000020,147,1.000000
CAPE GIRARDEAU - 000021,147,1.000000
CAPE GIRARDEAU - 000022,147,1.000000
CAPE GIRARDEAU - 000023,147,1.000000
CAPE GIRARDEAU - 000024,147,1.000000
CAPE GIRARDEAU - 000025,147,1.000000
CAPE GIRARDEAU - 000026,151,1.000000
CAPE GIRARDEAU - 000027,146,1.000000
CAPE GIRARDEAU - 000028,146,1.000000
CAPE GIRARDEAU - 000029,151,0.738095
CAPE GIRARDEAU - 000029,146,0.261905
CAPE GIRARDEAU - 000030,147,0.216667
CAPE GIRARDEAU - 000030,146,0.783333
CAPE GIRARDEAU - 000031,146,1.000000
CAPE GIRARDEAU - 000032,146,0.978571
CAPE GIRARDEAU - 000032,147,0.021429
CAPE GIRARDEAU - 000033,146,1.000000
CAPE GIRARDEAU - 000034,146,1.000000
CAPE GIRARDEAU - 000035,146,1.000000
CAPE GIRARDEAU - 000036,146,1.000000
CAPE GIRARDEAU - 000037,146,1.000000
CAPE GIRARDEAU - 000038,151,1.000000
CARROLL - 000002,7,1.000000
CARROLL - 000003,7,1.000000
CARROLL - 000004,7,1.000000
CARROLL - 000005,7,1.000000
CARROLL - 000006,7,1.000000
CARROLL - 000007,7,1.000000
CARROLL - 000008,7,1.000000
CARROLL - 000009,7,1.000000
CARROLL - 000010,7,1.000000
CARROLL - 000011,7,1.000000
CARROLL - 000012,7,1.000000
CARROLL - 000013,7,1.000000
CARROLL - 000014,7,1.000000
CARROLL - 000015,7,1.000000
CARROLL - 000016,7,1.000000
CARROLL - 000017,7,1.000000
CARROLL - 000018,7,1.000000
CARTER - 000002,153,1.000000
CARTER - 000003,153,1.000000
CARTER - 000004,153,1.000000
CARTER - 000005,153,1.000000
CARTER - 000006,153,1.000000
CARTER - 000007,153,1.000000
CARTER - 000008,153,1.000000
CASS - 000002,62,1.000000
CASS - 000003,62,1.000000
CASS - 000004,56,1.000000
CASS - 000005,56,1.000000
CASS - 000006,56,1.000000
CASS - 000007,56,1.000000
CASS - 000008,56,1.000000
CASS - 000009,56,1.000000
CASS - 000010,56,0.973810
CASS - 000010,62,0.026190
CASS - 000011,55,1.000000
CASS - 000012,55,1.000000
CASS - 000013,55,0.795238
CASS - 000013,62,0.204762
CASS - 000014,62,1.000000
CASS - 000015,62,1.000000
CASS - 000016,62,1.000000
CASS - 000017,62,1.000000
CASS - 000018,62,1.000000
CASS - 000019,62,1.000000
CASS - 000020,55,1.000000
CASS - 000021,62,0.892857
CASS - 000021,55,0.107143
CASS - 000022,55,1.000000
CASS - 000023,55,1.000000
CASS - 000024,55,0.980952
CASS - 000024,62,0.019048
CASS - 000025,62,0.938095
CASS - 000025,55,0.061905
CASS - 000026,55,0.959524
CASS - 000026,62,0.040476
CASS - 000027,62,1.000000
CASS - 000028,62,0.854762
CASS - 000028,56,0.145238
CASS - 000029,55,0.990476
CASS - 000029,62,0.009524
CASS - 000030,55,1.000000
CASS - 000031,55,1.000000
CASS - 000032,55,1.000000
CASS - 000033,55,1.000000
CASS - 000034,55,1.000000
CASS - 000035,56,1.000000
CASS - 000036,56,1.000000
CASS - 000037,55,1.000000
CASS - 000038,56,1.000000
CASS - 000039,56,1.000000
CASS - 000040,55,0.740476
CASS - 000040,56,0.259524
CASS - 000041,55,0.488095
CASS - 000041,62,0.426190
CASS - 000041,56,0.085714
CASS - 000042,62,1.000000
CASS - 000043,62,1.000000
CASS - 000044,62,1.000000
CASS - 000045,62,1.000000
CASS - 000046,62,1.000000
CASS - 000047,55,0.302381
CASS - 000047,62,0.697619
CEDAR - 000002,127,1.000000
CEDAR - 000003,127,0.435714
CEDAR - 000003,125,0.564286
CEDAR - 000004,125,1.000000
CEDAR - 000005,125,1.000000
CEDAR - 000006,125,1.000000
CEDAR - 000007,125,1.000000
CEDAR - 000008,125,1.000000
CEDAR - 000009,125,1.000000
CEDAR - 000010,125,1.000000
CEDAR - 000011,125,0.947619
CEDAR - 000011,127,0.052381
CEDAR - 000012,127,1.000000
CEDAR - 000013,127,1.000000
CEDAR - 000014,127,1.000000
CEDAR - 000015,125,1.000000
CHARITON - 000002,48,1.000000
CHARITON - 000003,48,0.997619
CHARITON - 000003,51,0.002381
CHARITON - 000004,48,1.000000
CHARITON - 000005,48,0.969048
CHARITON - 000005,51,0.030952
CHARITON - 000006,48,1.000000
CHARITON - 000007,48,1.000000
CHARITON - 000008,48,1.000000
CHARITON - 000009,48,1.000000
CHARITON - 000010,48,1.000000
CHARITON - 000011,48,1.000000
CHARITON - 000012,48,1.000000
CHARITON - 000013,48,1.000000
CHARITON - 000014,48,1.000000
CHARITON - 000015,48,1.000000
CHARITON - 000016,48,1.000000
CHARITON - 000017,48,1.000000
CHRISTIAN - 000002,140,1.000000
CHRISTIAN - 000003,140,1.000000
CHRISTIAN - 000004,140,0.852381
CHRISTIAN - 000004,138,0.147619
CHRISTIAN - 000005,140,1.000000
CHRISTIAN - 000006,138,1.000000
CHRISTIAN - 000007,140,0.990476
CHRISTIAN - 000007,138,0.009524
CHRISTIAN - 000008,139,0.500000
CHRISTIAN - 000008,140,0.500000
CHRISTIAN - 000009,138,1.000000
CHRISTIAN - 000010,138,1.000000
CHRISTIAN - 000011,139,1.000000
CHRISTIAN - 000012,138,1.000000
CHRISTIAN - 000013,138,1.000000
CHRISTIAN - 000014,139,1.000000
CHRISTIAN - 000015,140,1.000000
CHRISTIAN - 000016,140,1.000000
CHRISTIAN - 000017,138,1.000000
CHRISTIAN - 000018,139,0.440476
CHRISTIAN - 000018,140,0.559524
CHRISTIAN - 000019,138,1.000000
CHRISTIAN - 000020,139,1.000000
CHRISTIAN - 000021,139,1.000000
CHRISTIAN - 000022,140,1.000000
CHRISTIAN - 000023,139,1.000000
CHRISTIAN - 000024,138,1.000000
CHRISTIAN - 000025,138,1.000000
CHRISTIAN - 000026,139,0.654762
CHRISTIAN - 000026,140,0.345238
CLARK - 000002,4,1.000000
CLARK - 000003,4,1.000000
CLARK - 000004,4,1.000000
CLARK - 000005,4,1.000000
CLARK - 000006,4,1.000000
CLARK - 000007,4,1.000000
CLARK - 000008,4,1.000000
CLARK - 000009,4,1.000000
CLARK - 000010,4,1.000000
CLARK - 000011,4,1.000000
CLARK - 000012,4,1.000000
CLARK - 000013,4,1.000000
CLAY - 000002,16,0.509524
CLAY - 000002,17,0.380952
CLAY - 000002,15,0.109524
CLAY - 000003,16,1.000000
CLAY - 000004,16,1.000000
CLAY - 000005,16,1.000000
CLAY - 000006,17,1.000000
CLAY - 000007,17,1.000000
CLAY - 000008,17,1.000000
CLAY - 000009,17,1.000000
CLAY - 000010,16,0.526190
CLAY - 000010,15,0.473810
CLAY - 000011,16,0.983333
CLAY - 000011,15,0.016667
CLAY - 000012,18,1.000000
CLAY - 000013,17,1.000000
CLAY - 000014,15,0.428571
CLAY - 000014,18,0.571429
CLAY - 000015,18,1.000000
CLAY - 000016,18,1.000000
CLAY - 000017,17,0.935714
CLAY - 000017,18,0.059524
CLAY - 000017,19,0.004762
CLAY - 000018,17,0.992857
CLAY - 000018,18,0.007143
CLAY - 000019,16,0.988095
CLAY - 000019,15,0.011905
CLAY - 000020,18,1.000000
CLAY - 000021,18,1.000000
CLAY - 000022,18,0.459524
CLAY - 000022,15,0.302381
CLAY - 000022,17,0.238095
CLAY - 000023,17,0.073810
CLAY - 000023,18,0.926190
CLAY - 000024,18,1.000000
CLAY - 000025,18,1.000000
CLAY - 000026,18,1.000000
CLAY - 000027,17,0.390476
CLAY - 000027,39,0.285714
CLAY - 000027,38,0.323810
CLAY - 000028,8,0.942857
CLAY - 000028,16,0.057143
CLAY - 000029,17,1.000000
CLAY - 000030,39,0.873810
CLAY - 000030,8,0.121429
CLAY - 000030,53,0.004762
CLAY - 000031,39,1.000000
CLAY - 000032,39,1.000000
CLAY - 000033,39,1.000000
CLAY - 000034,39,1.000000
CLAY - 000035,18,1.000000
CLAY - 000036,15,1.000000
CLAY - 000037,15,1.000000
CLAY - 000038,15,1.000000
CLAY - 000039,15,1.000000
CLAY - 000040,15,1.000000
CLAY - 000041,15,1.000000
CLAY - 000042,15,1.000000
CLAY - 000043,15,0.959524
CLAY - 000043,18,0.040476
CLAY - 000044,15,1.000000
CLAY - 000045,18,1.000000
CLAY - 000046,18,1.000000
CLAY - 000047,18,1.000000
CLAY - 000048,18,1.000000
CLAY - 000049,15,0.757143
CLAY - 000049,18,0.242857
CLAY - 000050,15,1.000000
CLAY - 000051,15,1.000000
CLAY - 000052,8,1.000000
CLAY - 000053,39,1.000000
CLAY - 000054,8,0.585714
CLAY - 000054,39,0.414286
CLAY - 000055,38,1.000000
CLAY - 000056,38,1.000000
CLAY - 000057,38,1.000000
CLAY - 000058,38,1.000000
CLAY - 000059,38,1.000000
CLAY - 000060,38,0.873810
CLAY - 000060,17,0.126190
CLAY - 000061,38,1.000000
CLAY - 000062,17,1.000000
CLAY - 000063,38,0.969048
CLAY - 000063,17,0.030952
CLAY - 000064,38,1.000000
CLAY - 000065,39,0.969048
CLAY - 000065,20,0.011905
CLAY - 000065,38,0.019048
CLAY - 000066,39,1.000000
CLAY - 000067,8,1.000000
CLAY - 000068,8,1.000000
CLAY - 000069,8,1.000000
CLAY - 000070,39,0.950000
CLAY - 000070,8,0.050000
CLINTON - 000002,8,1.000000
CLINTON - 000003,8,1.000000
CLINTON - 000004,8,0.492857
CLINTON - 000004,9,0.507143
CLINTON - 000005,8,1.000000
CLINTON - 000006,8,0.909524
CLINTON - 000006,9,0.090476
CLINTON - 000007,9,1.000000
CLINTON - 000008,9,0.809524
CLINTON - 000008,8,0.190476
CLINTON - 000009,9,1.000000
CLINTON - 000010,9,1.000000
COLE - 000002,59,1.000000
COLE - 000003,59,0.907143
COLE - 000003,60,0.092857
COLE - 000004,59,1.000000
COLE - 000005,59,1.000000
COLE - 000006,59,0.833333
COLE - 000006,60,0.161905
COLE - 000006,49,0.004762
COLE - 000007,59,0.973810
COLE - 000007,60,0.026190
COLE - 000008,60,1.000000
COLE - 000009,60,1.000000
COLE - 000010,60,1.000000
COLE - 000011,60,0.980952
COLE - 000011,49,0.019048
COLE - 000012,60,1.000000
COLE - 000013,60,1.000000
COLE - 000014,60,1.000000
COLE - 000015,60,1.000000
COLE - 000016,60,0.995238
COLE - 000016,49,0.004762
COLE - 000017,60,1.000000
COLE - 000018,60,1.000000
COLE - 000019,60,1.000000
COLE - 000020,60,0.954762
COLE - 000020,59,0.045238
COLE - 000021,60,1.000000
COLE - 000022,60,1.000000
COLE - 000023,60,1.000000
COLE - 000024,60,1.000000
COLE - 000025,60,1.000000
COLE - 000026,59,0.771429
COLE - 000026,60,0.228571
COLE - 000027,60,1.000000
COLE - 000028,60,1.000000
COLE - 000029,60,1.000000
COLE - 000030,60,1.000000
COLE - 000031,60,0.966667
COLE - 000031,59,0.033333
COLE - 000032,60,1.000000
COLE - 000033,59,0.526190
COLE - 000033,60,0.469048
COLE - 000033,49,0.004762
COLE - 000034,59,1.000000
COLE - 000035,59,1.000000
COLE - 000036,59,1.000000
COLE - 000037,59,1.000000
COLE - 000038,59,1.000000
COLE - 000039,59,1.000000
COLE - 000040,59,1.000000
COOPER - 000002,48,1.000000
COOPER - 000003,48,1.000000
COOPER - 000004,48,1.000000
COOPER - 000005,48,1.000000
COOPER - 000006,48,1.000000
COOPER - 000007,48,1.000000
COOPER - 000008,48,1.000000
COOPER - 000009,48,1.000000
COOPER - 000010,48,1.000000
COOPER - 000011,48,1.000000
COOPER - 000012,48,1.000000
COOPER - 000013,48,1.000000
COOPER - 000014,48,1.000000
COOPER - 000015,48,1.000000
COOPER - 000016,48,1.000000
COOPER - 000017,58,0.854762
COOPER - 000017,48,0.145238
CRAWFORD - 000002,120,1.000000
CRAWFORD - 000003,120,1.000000
CRAWFORD - 000004,120,1.000000
CRAWFORD - 000005,120,1.000000
CRAWFORD - 000006,120,1.000000
CRAWFORD - 000007,120,1.000000
CRAWFORD - 000008,120,1.000000
CRAWFORD - 000009,120,1.000000
CRAWFORD - 000010,120,1.000000
CRAWFORD - 000011,120,1.000000
CRAWFORD - 000012,120,1.000000
CRAWFORD - 000013,120,1.000000
CRAWFORD - 000014,120,1.000000
CRAWFORD - 000015,120,1.000000
CRAWFORD - 000016,120,1.000000
CRAWFORD - 000017,120,1.000000
CRAWFORD - 000018,120,1.000000
CRAWFORD - 000019,120,1.000000
DADE - 000002,127,1.000000
DADE - 000003,127,1.000000
DADE - 000004,127,1.000000
DADE - 000005,127,1.000000
DADE - 000006,127,1.000000
DADE - 000007,127,1.000000
DADE - 000008,127,1.000000
DADE - 000009,127,1.000000
DADE - 000010,127,1.000000
DADE - 000011,127,1.000000
DADE - 000012,127,1.000000
DADE - 000013,127,1.000000
DALLAS - 000002,142,1.000000
DALLAS - 000003,142,1.000000
DALLAS - 000004,142,1.000000
DALLAS - 000005,142,1.000000
DALLAS - 000006,142,1.000000
DALLAS - 000007,142,1.000000
DALLAS - 000008,142,1.000000
DALLAS - 000009,142,1.000000
DALLAS - 000010,142,1.000000
DALLAS - 000011,142,1.000000
DALLAS - 000012,142,1.000000
DALLAS - 000013,142,1.000000
DALLAS - 000014,142,1.000000
DAVIESS - 000002,2,1.000000
DAVIESS - 000003,2,1.000000
DAVIESS - 000004,2,1.000000
DAVIESS - 000005,2,1.000000
DAVIESS - 000006,2,1.000000
DAVIESS - 000007,2,1.000000
DAVIESS - 000008,2,1.000000
DAVIESS - 000009,2,1.000000
DAVIESS - 000010,2,1.000000
DAVIESS - 000011,2,1.000000
DAVIESS - 000012,2,1.000000
DAVIESS - 000013,2,1.000000
DEKALB - 000002,9,1.000000
DEKALB - 000003,9,1.000000
DEKALB - 000004,9,1.000000
DEKALB - 000005,9,1.000000
DEKALB - 000006,9,1.000000
DEKALB - 000007,9,1.000000
DEKALB - 000008,9,1.000000
DEKALB - 000009,9,1.000000
DEKALB - 000010,9,1.000000
DEKALB - 000011,9,1.000000
DEKALB - 000012,9,1.000000
DENT - 000002,120,1.000000
DENT - 000003,120,1.000000
DENT - 000004,120,1.000000
DENT - 000005,120,1.000000
DENT - 000006,120,1.000000
DENT - 000007,120,1.000000
DENT - 000008,120,1.000000
DENT - 000009,120,1.000000
DOUGLAS - 000002,155,1.000000
DOUGLAS - 000003,155,1.000000
DOUGLAS - 000004,155,1.000000
DOUGLAS - 000005,155,1.000000
DOUGLAS - 000006,155,1.000000
DOUGLAS - 000007,155,1.000000
DOUGLAS - 000008,155,1.000000
DOUGLAS - 000009,155,1.000000
DOUGLAS - 000010,141,1.000000
DOUGLAS - 000011,155,1.000000
DOUGLAS - 000012,141,1.000000
DOUGLAS - 000013,141,1.000000
DOUGLAS - 000014,141,1.000000
DOUGLAS - 000015,155,1.000000
DOUGLAS - 000016,155,1.000000
DOUGLAS - 000017,155,1.000000
DOUGLAS - 000018,155,0.264286
DOUGLAS - 000018,141,0.735714
DOUGLAS - 000019,141,1.000000
DOUGLAS - 000020,155,1.000000
DOUGLAS - 000021,155,1.000000
DOUGLAS - 000022,155,1.000000
DOUGLAS - 000023,155,1.000000
DOUGLAS - 000024,155,1.000000
DOUGLAS - 000025,141,1.000000
DUNKLIN - 000002,150,1.000000
DUNKLIN - 000003,150,1.000000
DUNKLIN - 000004,150,1.000000
DUNKLIN - 000005,150,1.000000
DUNKLIN - 000006,150,1.000000
DUNKLIN - 000007,150,1.000000
DUNKLIN - 000008,150,1.000000
DUNKLIN - 000009,150,1.000000
DUNKLIN - 000010,150,1.000000
DUNKLIN - 000011,150,1.000000
DUNKLIN - 000012,150,1.000000
DUNKLIN - 000013,150,1.000000
DUNKLIN - 000014,150,1.000000
DUNKLIN - 000015,150,1.000000
DUNKLIN - 000016,150,1.000000
DUNKLIN - 000017,150,1.000000
DUNKLIN - 000018,150,1.000000
DUNKLIN - 000019,150,1.000000
DUNKLIN - 000020,150,1.000000
DUNKLIN - 000021,150,1.000000
DUNKLIN - 000022,150,1.000000
FRANKLIN - 000002,118,1.000000
FRANKLIN - 000003,118,1.000000
FRANKLIN - 000004,109,1.000000
FRANKLIN - 000005,109,1.000000
FRANKLIN - 000006,109,1.000000
FRANKLIN - 000007,119,0.911905
FRANKLIN - 000007,118,0.088095
FRANKLIN - 000008,109,1.000000
FRANKLIN - 000009,118,0.480952
FRANKLIN - 000009,109,0.519048
FRANKLIN - 000010,118,0.880952
FRANKLIN - 000010,119,0.119048
FRANKLIN - 000011,118,1.000000
FRANKLIN - 000012,118,1.000000
FRANKLIN - 000013,109,1.000000
FRANKLIN - 000014,118,1.000000
FRANKLIN - 000015,118,1.000000
FRANKLIN - 000016,118,1.000000
FRANKLIN - 000017,109,1.000000
FRANKLIN - 000018,109,1.000000
FRANKLIN - 000019,119,0.697619
FRANKLIN - 000019,109,0.302381
FRANKLIN - 000020,118,0.990476
FRANKLIN - 000020,109,0.009524
FRANKLIN - 000021,109,0.976190
FRANKLIN - 000021,118,0.023810
FRANKLIN - 000022,109,1.000000
FRANKLIN - 000023,118,1.000000
FRANKLIN - 000024,118,1.000000
FRANKLIN - 000025,118,1.000000
FRANKLIN - 000026,109,1.000000
FRANKLIN - 000027,118,1.000000
FRANKLIN - 000028,109,1.000000
FRANKLIN - 000029,109,1.000000
FRANKLIN - 000030,118,1.000000
FRANKLIN - 000031,119,0.933333
FRANKLIN - 000031,109,0.066667
FRANKLIN - 000032,119,1.000000
FRANKLIN - 000033,119,1.000000
FRANKLIN - 000034,109,0.302381
FRANKLIN - 000034,119,0.697619
FRANKLIN - 000035,119,1.000000
FRANKLIN - 000037,119,0.857143
FRANKLIN - 000037,109,0.142857
FRANKLIN - 000038,118,1.000000
FRANKLIN - 000039,109,1.000000
FRANKLIN - 000040,118,1.000000
FRANKLIN - 000041,109,1.000000
FRANKLIN - 000042,119,1.000000
FRANKLIN - 000043,119,1.000000
FRANKLIN - 000044,119,0.840476
FRANKLIN - 000044,118,0.159524
FRANKLIN - 000045,118,1.000000
FRANKLIN - 000046,118,1.000000
FRANKLIN - 000047,118,1.000000
FRANKLIN - 000048,118,1.000000
FRANKLIN - 000049,118,1.000000
FRANKLIN - 000050,118,1.000000
FRANKLIN - 000051,109,1.000000
FRANKLIN - 000052,119,1.000000
FRANKLIN - 000053,119,1.000000
FRANKLIN - 000054,119,0.961905
FRANKLIN - 000054,109,0.038095
FRANKLIN - 000055,119,1.000000
FRANKLIN - 000056,118,0.640476
FRANKLIN - 000056,109,0.316667
FRANKLIN - 000056,119,0.042857
FRANKLIN - 000057,109,0.390476
FRANKLIN - 000057,119,0.609524
FRANKLIN - 000058,109,1.000000
FRANKLIN - 000059,109,1.000000
FRANKLIN - 000060,109,1.000000
FRANKLIN - 000061,109,1.000000
FRANKLIN - 000062,109,0.992857
FRANKLIN - 000062,42,0.007143
GASCONADE - 000002,61,1.000000
GASCONADE - 000003,61,1.000000
GASCONADE - 000004,61,1.000000
GASCONADE - 000005,61,1.000000
GASCONADE - 000006,61,1.000000
GASCONADE - 000007,61,1.000000
GASCONADE - 000008,61,1.000000
GASCONADE - 000009,61,1.000000
GASCONADE - 000010,61,1.000000
GASCONADE - 000011,61,1.000000
GASCONADE - 000012,61,1.000000
GASCONADE - 000013,61,1.000000
GASCONADE - 000014,61,1.000000
GASCONADE - 000015,61,1.000000
GASCONADE - 000016,61,1.000000
GASCONADE - 000017,61,1.000000
GASCONADE - 000018,61,1.000000
GASCONADE - 000019,61,1.000000
GASCONADE - 000020,61,1.000000
GASCONADE - 000021,61,1.000000
GASCONADE - 000022,61,1.000000
GENTRY - 000002,1,1.000000
GENTRY - 000003,1,1.000000
GENTRY - 000004,1,1.000000
GENTRY - 000005,1,1.000000
GENTRY - 000006,1,1.000000
GENTRY - 000007,1,1.000000
GENTRY - 000008,1,1.000000
GENTRY - 000009,1,1.000000
GENTRY - 000010,1,1.000000
GENTRY - 000011,1,1.000000
GREENE - 000002,131,1.000000
GREENE - 000003,131,1.000000
GREENE - 000004,130,0.892857
GREENE - 000004,131,0.107143
GREENE - 000005,137,0.876190
GREENE - 000005,135,0.109524
GREENE - 000005,136,0.014286
GREENE - 000006,130,0.495238
GREENE - 000006,134,0.502381
GREENE - 000006,133,0.002381
GREENE - 000007,130,1.000000
GREENE - 000008,130,1.000000
GREENE - 000009,130,0.933333
GREENE - 000009,133,0.066667
GREENE - 000010,137,0.478571
GREENE - 000010,135,0.126190
GREENE - 000010,131,0.383333
GREENE - 000010,132,0.011905
GREENE - 000011,130,1.000000
GREENE - 000012,131,0.969048
GREENE - 000012,132,0.030952
GREENE - 000013,130,1.000000
GREENE - 000014,131,1.000000
GREENE - 000015,131,0.833333
GREENE - 000015,130,0.166667
GREENE - 000016,131,1.000000
GREENE - 000017,131,1.000000
GREENE - 000018,134,0.264286
GREENE - 000018,137,0.735714
GREENE - 000019,137,1.000000
GREENE - 000020,137,1.000000
GREENE - 000021,136,0.135714
GREENE - 000021,137,0.864286
GREENE - 000022,131,1.000000
GREENE - 000023,131,1.000000
GREENE - 000024,137,1.000000
GREENE - 000025,137,1.000000
GREENE - 000026,131,1.000000
GREENE - 000027,131,1.000000
GREENE - 000028,130,1.000000
GREENE - 000029,130,0.285714
GREENE - 000029,131,0.714286
GREENE - 000030,131,0.819048
GREENE - 000030,130,0.180952
GREENE - 000031,131,1.000000
GREENE - 000032,131,1.000000
GREENE - 000033,131,1.000000
GREENE - 000034,135,1.000000
GREENE - 000035,135,1.000000
GREENE - 000036,135,1.000000
GREENE - 000037,136,0.421429
GREENE - 000037,135,0.552381
GREENE - 000037,137,0.026190
GREENE - 000038,135,1.000000
GREENE - 000039,135,0.695238
GREENE - 000039,132,0.304762
GREENE - 000040,132,1.000000
GREENE - 000041,133,0.980952
GREENE - 000041,132,0.019048
GREENE - 000042,132,0.559524
GREENE - 000042,133,0.411905
GREENE - 000042,130,0.028571
GREENE - 000043,135,1.000000
GREENE - 000044,135,1.000000
GREENE - 000045,132,1.000000
GREENE - 000046,132,1.000000
GREENE - 000047,135,1.000000
GREENE - 000048,132,0.388095
GREENE - 000048,135,0.611905
GREENE - 000049,132,1.000000
GREENE - 000050,132,1.000000
GREENE - 000051,132,1.000000
GREENE - 000052,132,0.914286
GREENE - 000052,133,0.085714
GREENE - 000053,132,1.000000
GREENE - 000054,132,0.909524
GREENE - 000054,130,0.085714
GREENE - 000054,131,0.004762
GREENE - 000055,132,1.000000
GREENE - 000056,135,0.876190
GREENE - 000056,132,0.114286
GREENE - 000056,131,0.009524
GREENE - 000057,135,0.821429
GREENE - 000057,131,0.035714
GREENE - 000057,132,0.142857
GREENE - 000058,132,1.000000
GREENE - 000059,136,0.359524
GREENE - 000059,135,0.640476
GREENE - 000060,135,0.990476
GREENE - 000060,132,0.009524
GREENE - 000061,135,1.000000
GREENE - 000062,135,1.000000
GREENE - 000063,135,1.000000
GREENE - 000064,135,1.000000
GREENE - 000065,135,1.000000
GREENE - 000066,136,1.000000
GREENE - 000067,136,1.000000
GREENE - 000068,136,1.000000
GREENE - 000069,136,1.000000
GREENE - 000070,136,1.000000
GREENE - 000071,133,1.000000
GREENE - 000072,133,0.892857
GREENE - 000072,136,0.107143
GREENE - 000073,133,1.000000
GREENE - 000074,133,1.000000
GREENE - 000075,130,1.000000
GREENE - 000076,130,0.609524
GREENE - 000076,131,0.390476
GREENE - 000077,135,1.000000
GREENE - 000078,135,1.000000
GREENE - 000079,135,1.000000
GREENE - 000080,136,1.000000
GREENE - 000081,136,1.000000
GREENE - 000082,137,0.950000
GREENE - 000082,134,0.050000
GREENE - 000083,136,0.638095
GREENE - 000083,137,0.359524
GREENE - 000083,140,0.002381
GREENE - 000084,137,1.000000
GREENE - 000085,135,0.423810
GREENE - 000085,136,0.576190
GREENE - 000086,132,0.733333
GREENE - 000086,135,0.266667
GREENE - 000087,136,1.000000
GREENE - 000088,136,0.854762
GREENE - 000088,134,0.145238
GREENE - 000089,136,1.000000
GREENE - 000090,136,1.000000
GREENE - 000091,133,0.388095
GREENE - 000091,134,0.611905
GREENE - 000092,133,0.700000
GREENE - 000092,134,0.300000
GREENE - 000093,134,0.659524
GREENE - 000093,133,0.340476
GREENE - 000094,136,1.000000
GREENE - 000095,136,1.000000
GREENE - 000096,136,1.000000
GREENE - 000097,136,1.000000
GREENE - 000098,136,1.000000
GREENE - 000099,133,0.204762
GREENE - 000099,136,0.795238
GREENE - 000100,133,1.000000
GREENE - 000101,133,0.819048
GREENE - 000101,136,0.180952
GREENE - 000102,133,1.000000
GREENE - 000103,133,1.000000
GREENE - 000104,133,1.000000
GREENE - 000105,133,1.000000
GREENE - 000106,132,1.000000
GREENE - 000107,132,1.000000
GREENE - 000108,137,1.000000
GREENE - 000109,131,1.000000
GREENE - 000110,137,1.000000
GREENE - 000111,134,0.350000
GREENE - 000111,133,0.650000
GREENE - 000112,134,1.000000
GREENE - 000113,134,0.616667
GREENE - 000113,130,0.378571
GREENE - 000113,133,0.004762
GREENE - 000114,134,1.000000
GREENE - 000115,134,1.000000
GRUNDY - 000002,2,1.000000
GRUNDY - 000003,2,1.000000
GRUNDY - 000004,2,1.000000
GRUNDY - 000005,2,1.000000
GRUNDY - 000006,2,1.000000
GRUNDY - 000007,2,1.000000
GRUNDY - 000008,2,1.000000
GRUNDY - 000009,2,1.000000
GRUNDY - 000010,2,1.000000
GRUNDY - 000011,2,1.000000
GRUNDY - 000012,2,1.000000
GRUNDY - 000013,2,1.000000
GRUNDY - 000014,2,1.000000
GRUNDY - 000015,2,1.000000
GRUNDY - 000016,2,1.000000
GRUNDY - 000017,2,1.000000
HARRISON - 000002,2,1.000000
HARRISON - 000003,2,1.000000
HARRISON - 000004,2,1.000000
HARRISON - 000005,2,1.000000
HARRISON - 000006,2,1.000000
HARRISON - 000007,2,1.000000
HARRISON - 000008,2,1.000000
HARRISON - 000009,2,1.000000
HARRISON - 000010,2,1.000000
HARRISON - 000011,2,1.000000
HARRISON - 000012,2,1.000000
HENRY - 000002,126,1.000000
HENRY - 000003,126,1.000000
HENRY - 000004,126,1.000000
HENRY - 000005,126,1.000000
HENRY - 000006,126,1.000000
HENRY - 000007,126,1.000000
HENRY - 000008,126,1.000000
HENRY - 000009,126,1.000000
HENRY - 000011,126,1.000000
HENRY - 000012,126,1.000000
HENRY - 000013,126,1.000000
HENRY - 000014,126,1.000000
HENRY - 000015,126,1.000000
HENRY - 000016,126,1.000000
HENRY - 000017,126,1.000000
HENRY - 000018,126,1.000000
HENRY - 000020,126,1.000000
HENRY - 000021,126,1.000000
HENRY - 000022,126,1.000000
HENRY - 000023,126,1.000000
HICKORY - 000002,128,1.000000
HICKORY - 000003,126,1.000000
HICKORY - 000004,128,1.000000
HICKORY - 000005,128,1.000000
HICKORY - 000006,126,1.000000
HICKORY - 000007,128,1.000000
HICKORY - 000008,128,1.000000
HICKORY - 000009,126,1.000000
HICKORY - 000010,126,1.000000
HICKORY - 000011,128,1.000000
HICKORY - 000012,126,1.000000
HOLT - 000002,1,1.000000
HOLT - 000003,1,1.000000
HOLT - 000004,1,1.000000
HOLT - 000005,1,1.000000
HOLT - 000006,1,1.000000
HOLT - 000007,1,1.000000
HOWARD - 000003,48,1.000000
HOWARD - 000004,48,1.000000
HOWARD - 000005,48,1.000000
HOWARD - 000009,48,1.000000
HOWARD - 000013,48,1.000000
HOWARD - 000015,48,1.000000
HOWARD - 000016,48,1.000000
HOWARD - 000017,48,1.000000
HOWARD - 000018,48,1.000000
HOWELL - 000002,154,1.000000
HOWELL - 000003,154,1.000000
HOWELL - 000004,154,1.000000
HOWELL - 000005,154,1.000000
HOWELL - 000006,153,0.640476
HOWELL - 000006,154,0.359524
HOWELL - 000007,154,1.000000
HOWELL - 000008,154,1.000000
HOWELL - 000009,154,1.000000
HOWELL - 000010,154,1.000000
HOWELL - 000011,154,1.000000
HOWELL - 000012,154,1.000000
HOWELL - 000013,154,1.000000
HOWELL - 000014,154,1.000000
HOWELL - 000015,154,1.000000
HOWELL - 000016,154,1.000000
HOWELL - 000017,154,1.000000
HOWELL - 000018,154,1.000000
HOWELL - 000019,154,1.000000
HOWELL - 000020,154,1.000000
HOWELL - 000021,154,1.000000
IRON - 000002,144,1.000000
IRON - 000003,144,1.000000
IRON - 000004,144,1.000000
IRON - 000005,144,1.000000
IRON - 000006,144,1.000000
IRON - 000007,144,1.000000
IRON - 000008,144,1.000000
IRON - 000009,144,1.000000
IRON - 000010,144,1.000000
IRON - 000011,144,1.000000
IRON - 000012,144,1.000000
IRON - 000013,144,1.000000
IRON - 000014,144,1.000000
IRON - 000015,144,1.000000
IRON - 000016,144,1.000000
IRON - 000017,144,1.000000
JACKSON - 000002,19,1.000000
JACKSON - 000003,21,1.000000
JACKSON - 000004,20,1.000000
JACKSON - 000005,20,0.938095
JACKSON - 000005,21,0.061905
JACKSON - 000006,20,1.000000
JACKSON - 000007,20,1.000000
JACKSON - 000008,19,1.000000
JACKSON - 000009,21,1.000000
JACKSON - 000010,21,1.000000
JACKSON - 000011,21,1.000000
JACKSON - 000012,21,1.000000
JACKSON - 000013,21,1.000000
JACKSON - 000014,20,1.000000
JACKSON - 000015,20,1.000000
JACKSON - 000016,20,1.000000
JACKSON - 000017,21,1.000000
JACKSON - 000018,20,1.000000
JACKSON - 000019,20,1.000000
JACKSON - 000020,20,1.000000
JACKSON - 000021,20,1.000000
JACKSON - 000022,20,1.000000
JACKSON - 000023,20,1.000000
JACKSON - 000024,21,1.000000
JACKSON - 000025,21,1.000000
JACKSON - 000026,20,1.000000
JACKSON - 000027,32,1.000000
JACKSON - 000028,32,0.402381
JACKSON - 000028,20,0.547619
JACKSON - 000028,39,0.050000
JACKSON - 000029,32,1.000000
JACKSON - 000030,20,0.826190
JACKSON - 000030,32,0.173810
JACKSON - 000031,20,1.000000
JACKSON - 000032,20,1.000000
JACKSON - 000033,20,1.000000
JACKSON - 000034,20,1.000000
JACKSON - 000035,20,1.000000
JACKSON - 000036,20,1.000000
JACKSON - 000037,20,0.545238
JACKSON - 000037,21,0.454762
JACKSON - 000038,20,1.000000
JACKSON - 000039,21,1.000000
JACKSON - 000040,21,1.000000
JACKSON - 000041,21,1.000000
JACKSON - 000042,21,1.000000
JACKSON - 000043,21,1.000000
JACKSON - 000044,21,1.000000
JACKSON - 000045,21,1.000000
JACKSON - 000046,21,1.000000
JACKSON - 000047,21,1.000000
JACKSON - 000048,21,1.000000
JACKSON - 000049,21,1.000000
JACKSON - 000050,22,0.997619
JACKSON - 000050,19,0.002381
JACKSON - 000051,22,1.000000
JACKSON - 000052,22,0.780952
JACKSON - 000052,21,0.219048
JACKSON - 000053,29,1.000000
JACKSON - 000054,29,1.000000
JACKSON - 000055,22,1.000000
JACKSON - 000056,22,1.000000
JACKSON - 000057,22,0.619048
JACKSON - 000057,21,0.380952
JACKSON - 000058,21,1.000000
JACKSON - 000059,21,0.652381
JACKSON - 000059,29,0.347619
JACKSON - 000060,29,1.000000
JACKSON - 000061,22,0.971429
JACKSON - 000061,21,0.028571
JACKSON - 000062,22,1.000000
JACKSON - 000063,21,1.000000
JACKSON - 000064,29,0.890476
JACKSON - 000064,20,0.109524
JACKSON - 000065,20,1.000000
JACKSON - 000066,20,0.976190
JACKSON - 000066,29,0.023810
JACKSON - 000067,21,1.000000
JACKSON - 000068,21,1.000000
JACKSON - 000069,21,1.000000
JACKSON - 000070,20,0.726190
JACKSON - 000070,21,0.273810
JACKSON - 000071,20,1.000000
JACKSON - 000072,29,1.000000
JACKSON - 000073,29,1.000000
JACKSON - 000074,29,1.000000
JACKSON - 000075,22,1.000000
JACKSON - 000076,29,0.900000
JACKSON - 000076,28,0.002381
JACKSON - 000076,22,0.097619
JACKSON - 000077,29,1.000000
JACKSON - 000078,29,0.992857
JACKSON - 000078,35,0.007143
JACKSON - 000079,29,1.000000
JACKSON - 000080,29,1.000000
JACKSON - 000081,22,1.000000
JACKSON - 000082,22,1.000000
JACKSON - 000083,22,1.000000
JACKSON - 000084,22,0.830952
JACKSON - 000084,29,0.169048
JACKSON - 000085,29,0.252381
JACKSON - 000085,22,0.747619
JACKSON - 000086,29,1.000000
JACKSON - 000087,29,1.000000
JACKSON - 000088,29,1.000000
JACKSON - 000089,29,1.000000
JACKSON - 000090,29,1.000000
JACKSON - 000091,29,1.000000
JACKSON - 000092,29,1.000000
JACKSON - 000093,29,0.923810
JACKSON - 000093,20,0.076190
JACKSON - 000094,29,1.000000
JACKSON - 000095,29,1.000000
JACKSON - 000096,29,1.000000
JACKSON - 000097,29,0.714286
JACKSON - 000097,20,0.285714
JACKSON - 000098,29,1.000000
JACKSON - 000099,29,1.000000
JACKSON - 000100,29,1.000000
JACKSON - 000101,29,1.000000
JACKSON - 000102,28,1.000000
JACKSON - 000103,28,1.000000
JACKSON - 000104,28,1.000000
JACKSON - 000105,28,1.000000
JACKSON - 000106,28,1.000000
JACKSON - 000107,28,1.000000
JACKSON - 000108,28,1.000000
JACKSON - 000109,28,1.000000
JACKSON - 000110,28,1.000000
JACKSON - 000111,28,1.000000
JACKSON - 000112,28,1.000000
JACKSON - 000113,28,1.000000
JACKSON - 000114,28,1.000000
JACKSON - 000115,28,1.000000
JACKSON - 000116,28,1.000000
JACKSON - 000117,28,1.000000
JACKSON - 000118,28,1.000000
JACKSON - 000119,28,1.000000
JACKSON - 000120,28,1.000000
JACKSON - 000121,28,1.000000
JACKSON - 000122,28,1.000000
JACKSON - 000123,28,1.000000
JACKSON - 000124,28,1.000000
JACKSON - 000125,28,1.000000
JACKSON - 000126,28,1.000000
JACKSON - 000127,28,1.000000
JACKSON - 000128,28,1.000000
JACKSON - 000129,32,1.000000
JACKSON - 000130,20,1.000000
JACKSON - 000131,32,1.000000
JACKSON - 000132,32,1.000000
JACKSON - 000133,32,1.000000
JACKSON - 000134,32,1.000000
JACKSON - 000135,32,1.000000
JACKSON - 000136,32,1.000000
JACKSON - 000137,32,1.000000
JACKSON - 000138,34,1.000000
JACKSON - 000139,35,1.000000
JACKSON - 000140,35,1.000000
JACKSON - 000141,35,1.000000
JACKSON - 000142,35,1.000000
JACKSON - 000143,35,1.000000
JACKSON - 000144,35,1.000000
JACKSON - 000145,35,1.000000
JACKSON - 000146,35,1.000000
JACKSON - 000147,34,1.000000
JACKSON - 000148,35,1.000000
JACKSON - 000149,35,1.000000
JACKSON - 000150,34,1.000000
JACKSON - 000151,35,0.230952
JACKSON - 000151,34,0.769048
JACKSON - 000152,34,1.000000
JACKSON - 000153,34,1.000000
JACKSON - 000154,30,0.983333
JACKSON - 000154,35,0.016667
JACKSON - 000155,34,1.000000
JACKSON - 000156,30,1.000000
JACKSON - 000157,30,1.000000
JACKSON - 000158,30,1.000000
JACKSON - 000159,34,0.159524
JACKSON - 000159,30,0.840476
JACKSON - 000160,34,0.657143
JACKSON - 000160,30,0.330952
JACKSON - 000160,35,0.011905
JACKSON - 000161,34,0.980952
JACKSON - 000161,35,0.019048
JACKSON - 000162,34,1.000000
JACKSON - 000163,34,1.000000
JACKSON - 000164,34,1.000000
JACKSON - 000165,34,1.000000
JACKSON - 000166,30,1.000000
JACKSON - 000167,30,1.000000
JACKSON - 000168,34,1.000000
JACKSON - 000169,34,1.000000
JACKSON - 000170,30,1.000000
JACKSON - 000171,30,1.000000
JACKSON - 000172,30,1.000000
JACKSON - 000173,34,1.000000
JACKSON - 000174,30,1.000000
JACKSON - 000175,30,1.000000
JACKSON - 000176,30,0.980952
JACKSON - 000176,33,0.019048
JACKSON - 000177,33,1.000000
JACKSON - 000178,33,1.000000
JACKSON - 000179,35,1.000000
JACKSON - 000180,34,0.900000
JACKSON - 000180,35,0.100000
JACKSON - 000181,33,0.483333
JACKSON - 000181,31,0.516667
JACKSON - 000182,33,0.911905
JACKSON - 000182,30,0.069048
JACKSON - 000182,31,0.019048
JACKSON - 000183,34,1.000000
JACKSON - 000184,30,1.000000
JACKSON - 000185,30,1.000000
JACKSON - 000186,30,0.752381
JACKSON - 000186,34,0.247619
JACKSON - 000187,34,1.000000
JACKSON - 000188,30,1.000000
JACKSON - 000189,34,1.000000
JACKSON - 000190,34,1.000000
JACKSON - 000191,33,0.890476
JACKSON - 000191,30,0.109524
JACKSON - 000192,20,0.704762
JACKSON - 000192,31,0.073810
JACKSON - 000192,30,0.023810
JACKSON - 000192,29,0.197619
JACKSON - 000193,33,0.988095
JACKSON - 000193,31,0.011905
JACKSON - 000194,31,1.000000
JACKSON - 000195,33,0.904762
JACKSON - 000195,31,0.095238
JACKSON - 000196,31,1.000000
JACKSON - 000197,33,1.000000
JACKSON - 000198,32,0.966667
JACKSON - 000198,33,0.016667
JACKSON - 000198,31,0.016667
JACKSON - 000199,33,1.000000
JACKSON - 000200,33,1.000000
JACKSON - 000201,33,1.000000
JACKSON - 000202,31,1.000000
JACKSON - 000203,31,1.000000
JACKSON - 000204,31,1.000000
JACKSON - 000205,20,1.000000
JACKSON - 000206,31,1.000000
JACKSON - 000207,31,1.000000
JACKSON - 000208,31,1.000000
JACKSON - 000209,31,1.000000
JACKSON - 000210,31,1.000000
JACKSON - 000211,31,1.000000
JACKSON - 000212,33,0.788095
JACKSON - 000212,31,0.190476
JACKSON - 000212,30,0.014286
JACKSON - 000212,20,0.007143
JACKSON - 000213,31,1.000000
JACKSON - 000214,20,1.000000
JACKSON - 000215,31,1.000000
JACKSON - 000216,31,1.000000
JACKSON - 000217,33,1.000000
JACKSON - 000218,33,0.973810
JACKSON - 000218,32,0.026190
JACKSON - 000219,33,1.000000
JACKSON - 000220,33,1.000000
JACKSON - 000221,31,0.947619
JACKSON - 000221,33,0.052381
JACKSON - 000222,33,1.000000
JACKSON - 000223,33,1.000000
JACKSON - 000224,32,0.888095
JACKSON - 000224,33,0.111905
JACKSON - 000226,32,1.000000
JACKSON - 000228,32,1.000000
JACKSON - 000229,31,1.000000
JACKSON - 000230,32,1.000000
JACKSON - 000231,32,1.000000
JACKSON - 000232,32,1.000000
JACKSON - 000233,32,1.000000
JACKSON - 000234,32,0.859524
JACKSON - 000234,20,0.140476
JACKSON - 000235,32,1.000000
JACKSON - 000236,31,1.000000
JACKSON - 000237,31,0.445238
JACKSON - 000237,32,0.554762
JACKSON - 000238,32,0.721429
JACKSON - 000238,33,0.278571
JACKSON - 000240,31,1.000000
JACKSON - 000241,32,0.938095
JACKSON - 000241,33,0.061905
JACKSON - 000242,31,1.000000
JACKSON - 000243,32,0.347619
JACKSON - 000243,33,0.652381
JACKSON - 000244,32,0.835714
JACKSON - 000244,33,0.164286
JACKSON - 000245,33,1.000000
JACKSON - 000246,33,0.688095
JACKSON - 000246,32,0.311905
JACKSON - 000247,33,1.000000
JACKSON - 000248,33,1.000000
JACKSON - 000249,33,1.000000
JACKSON - 000250,33,1.000000
JACKSON - 000251,33,1.000000
JACKSON - 000252,33,1.000000
JACKSON - 000253,33,1.000000
JACKSON - 000254,36,1.000000
JACKSON - 000255,36,1.000000
JACKSON - 000256,36,1.000000
JACKSON - 000257,36,1.000000
JACKSON - 000258,36,1.000000
JACKSON - 000259,36,1.000000
JACKSON - 000260,36,1.000000
JACKSON - 000261,36,1.000000
JACKSON - 000262,36,1.000000
JACKSON - 000263,36,1.000000
JACKSON - 000264,36,1.000000
JACKSON - 000265,36,1.000000
JACKSON - 000266,36,1.000000
JACKSON - 000267,36,1.000000
JACKSON - 000268,36,1.000000
JACKSON - 000269,36,1.000000
JACKSON - 000270,36,1.000000
JACKSON - 000271,19,0.859524
JACKSON - 000271,24,0.130952
JACKSON - 000271,18,0.009524
JACKSON - 000273,19,0.966667
JACKSON - 000273,24,0.033333
JACKSON - 000274,23,0.583333
JACKSON - 000274,24,0.416667
JACKSON - 000275,24,0.547619
JACKSON - 000275,23,0.452381
JACKSON - 000276,19,0.859524
JACKSON - 000276,24,0.140476
JACKSON - 000277,24,0.945238
JACKSON - 000277,19,0.004762
JACKSON - 000277,23,0.050000
JACKSON - 000279,19,1.000000
JACKSON - 000280,24,1.000000
JACKSON - 000281,25,1.000000
JACKSON - 000282,26,0.333333
JACKSON - 000282,37,0.666667
JACKSON - 000285,26,1.000000
JACKSON - 000286,26,1.000000
JACKSON - 000287,25,1.000000
JACKSON - 000289,37,1.000000
JACKSON - 000290,37,0.947619
JACKSON - 000290,26,0.052381
JACKSON - 000292,19,1.000000
JACKSON - 000293,19,1.000000
JACKSON - 000294,19,0.502381
JACKSON - 000294,23,0.497619
JACKSON - 000297,19,1.000000
JACKSON - 000298,19,1.000000
JACKSON - 000299,23,0.702381
JACKSON - 000299,19,0.297619
JACKSON - 000300,23,1.000000
JACKSON - 000301,19,1.000000
JACKSON - 000302,19,1.000000
JACKSON - 000304,19,1.000000
JACKSON - 000305,19,1.000000
JACKSON - 000306,19,1.000000
JACKSON - 000308,19,1.000000
JACKSON - 000309,19,1.000000
JACKSON - 000310,19,1.000000
JACKSON - 000311,19,0.866667
JACKSON - 000311,23,0.133333
JACKSON - 000312,19,0.935714
JACKSON - 000312,23,0.064286
JACKSON - 000313,19,0.747619
JACKSON - 000313,23,0.252381
JACKSON - 000314,23,0.914286
JACKSON - 000314,19,0.085714
JACKSON - 000315,23,1.000000
JACKSON - 000316,23,0.650000
JACKSON - 000316,19,0.350000
JACKSON - 000317,23,1.000000
JACKSON - 000319,23,1.000000
JACKSON - 000320,23,1.000000
JACKSON - 000322,23,1.000000
JACKSON - 000323,23,1.000000
JACKSON - 000324,23,1.000000
JACKSON - 000326,23,1.000000
JACKSON - 000328,23,1.000000
JACKSON - 000330,23,0.495238
JACKSON - 000330,22,0.504762
JACKSON - 000331,22,1.000000
JACKSON - 000332,22,1.000000
JACKSON - 000334,22,1.000000
JACKSON - 000335,22,0.930952
JACKSON - 000335,27,0.069048
JACKSON - 000337,22,1.000000
JACKSON - 000338,22,1.000000
JACKSON - 000340,23,0.211905
JACKSON - 000340,22,0.788095
JACKSON - 000344,22,0.678571
JACKSON - 000344,23,0.207143
JACKSON - 000344,19,0.114286
JACKSON - 000345,27,1.000000
JACKSON - 000346,22,0.888095
JACKSON - 000346,27,0.111905
JACKSON - 000347,27,0.871429
JACKSON - 000347,22,0.128571
JACKSON - 000349,27,1.000000
JACKSON - 000352,27,0.973810
JACKSON - 000352,22,0.026190
JACKSON - 000357,27,1.000000
JACKSON - 000358,27,1.000000
JACKSON - 000361,27,1.000000
JACKSON - 000362,27,1.000000
JACKSON - 000365,27,1.000000
JACKSON - 000367,27,1.000000
JACKSON - 000369,27,1.000000
JACKSON - 000372,27,1.000000
JACKSON - 000373,27,1.000000
JACKSON - 000374,27,1.000000
JACKSON - 000375,27,1.000000
JACKSON - 000377,26,1.000000
JACKSON - 000378,26,1.000000
JACKSON - 000379,26,1.000000
JACKSON - 000380,26,0.442857
JACKSON - 000380,27,0.557143
JACKSON - 000381,27,1.000000
JACKSON - 000382,27,1.000000
JACKSON - 000383,27,1.000000
JACKSON - 000384,26,1.000000
JACKSON - 000386,26,1.000000
JACKSON - 000387,26,1.000000
JACKSON - 000388,27,1.000000
JACKSON - 000389,25,0.688095
JACKSON - 000389,26,0.311905
JACKSON - 000390,26,1.000000
JACKSON - 000391,26,1.000000
JACKSON - 000392,26,0.971429
JACKSON - 000392,37,0.028571
JACKSON - 000393,37,1.000000
JACKSON - 000395,26,1.000000
JACKSON - 000396,26,1.000000
JACKSON - 000399,26,1.000000
JACKSON - 000400,26,1.000000
JACKSON - 000401,26,1.000000
JACKSON - 000402,23,0.866667
JACKSON - 000402,19,0.133333
JACKSON - 000403,23,1.000000
JACKSON - 000404,23,1.000000
JACKSON - 000405,23,0.528571
JACKSON - 000405,19,0.471429
JACKSON - 000408,23,1.000000
JACKSON - 000410,23,1.000000
JACKSON - 000411,23,1.000000
JACKSON - 000412,23,0.854762
JACKSON - 000412,22,0.035714
JACKSON - 000412,24,0.109524
JACKSON - 000414,23,1.000000
JACKSON - 000417,37,1.000000
JACKSON - 000418,37,1.000000
JACKSON - 000419,37,1.000000
JACKSON - 000422,37,1.000000
JACKSON - 000423,36,1.000000
JACKSON - 000424,37,0.830952
JACKSON - 000424,36,0.169048
JACKSON - 000425,37,0.978571
JACKSON - 000425,36,0.021429
JACKSON - 000426,37,1.000000
JACKSON - 000427,36,1.000000
JACKSON - 000429,36,1.000000
JACKSON - 000431,37,0.957143
JACKSON - 000431,36,0.042857
JACKSON - 000432,37,1.000000
JACKSON - 000434,36,1.000000
JACKSON - 000435,36,1.000000
JACKSON - 000436,36,1.000000
JACKSON - 000438,19,1.000000
JACKSON - 000440,27,0.240476
JACKSON - 000440,28,0.404762
JACKSON - 000440,22,0.354762
JACKSON - 000442,27,0.876190
JACKSON - 000442,28,0.123810
JACKSON - 000443,27,1.000000
JACKSON - 000445,22,0.947619
JACKSON - 000445,28,0.052381
JACKSON - 000446,28,1.000000
JACKSON - 000447,28,1.000000
JACKSON - 000448,28,0.983333
JACKSON - 000448,29,0.016667
JACKSON - 000449,28,0.940476
JACKSON - 000449,22,0.059524
JACKSON - 000450,22,0.759524
JACKSON - 000450,28,0.240476
JACKSON - 000452,35,0.954762
JACKSON - 000452,28,0.045238
JACKSON - 000453,35,1.000000
JACKSON - 000454,35,1.000000
JACKSON - 000455,35,1.000000
JACKSON - 000456,35,1.000000
JACKSON - 000457,35,1.000000
JACKSON - 000458,35,1.000000
JACKSON - 000459,35,1.000000
JACKSON - 000460,35,1.000000
JACKSON - 000461,35,1.000000
JACKSON - 000462,35,1.000000
JACKSON - 000463,35,0.735714
JACKSON - 000463,26,0.264286
JACKSON - 000464,26,1.000000
JACKSON - 000467,35,1.000000
JACKSON - 000470,35,1.000000
JACKSON - 000471,35,1.000000
JACKSON - 000472,35,1.000000
JACKSON - 000473,37,1.000000
JACKSON - 000474,35,0.221429
JACKSON - 000474,37,0.778571
JACKSON - 000475,36,0.985714
JACKSON - 000475,35,0.014286
JACKSON - 000476,36,0.969048
JACKSON - 000476,34,0.019048
JACKSON - 000476,35,0.011905
JACKSON - 000477,37,0.985714
JACKSON - 000477,35,0.011905
JACKSON - 000477,26,0.002381
JACKSON - 000478,35,0.754762
JACKSON - 000478,37,0.245238
JACKSON - 000480,37,1.000000
JACKSON - 000481,37,1.000000
JACKSON - 000482,37,1.000000
JACKSON - 000483,37,1.000000
JACKSON - 000484,37,1.000000
JACKSON - 000485,26,0.950000
JACKSON - 000485,27,0.050000
JACKSON - 000486,37,1.000000
JACKSON - 000487,37,1.000000
JACKSON - 000491,26,1.000000
JACKSON - 000492,26,1.000000
JACKSON - 000494,35,0.285714
JACKSON - 000494,26,0.707143
JACKSON - 000494,37,0.007143
JACKSON - 000496,26,0.673810
JACKSON - 000496,37,0.326190
JACKSON - 000497,24,0.640476
JACKSON - 000497,22,0.359524
JACKSON - 000500,22,1.000000
JACKSON - 000502,22,0.261905
JACKSON - 000502,24,0.738095
JACKSON - 000503,22,0.526190
JACKSON - 000503,23,0.473810
JACKSON - 000504,23,0.721429
JACKSON - 000504,22,0.278571
JACKSON - 000505,22,1.000000
JACKSON - 000508,22,1.000000
JACKSON - 000509,22,1.000000
JACKSON - 000510,24,1.000000
JACKSON - 000512,24,1.000000
JACKSON - 000514,24,1.000000
JACKSON - 000515,24,1.000000
JACKSON - 000516,24,1.000000
JACKSON - 000517,24,0.388095
JACKSON - 000517,27,0.611905
JACKSON - 000518,24,1.000000
JACKSON - 000520,25,0.597619
JACKSON - 000520,24,0.402381
JACKSON - 000521,27,0.426190
JACKSON - 000521,24,0.569048
JACKSON - 000521,25,0.004762
JACKSON - 000522,24,1.000000
JACKSON - 000523,24,1.000000
JACKSON - 000525,24,0.959524
JACKSON - 000525,25,0.040476
JACKSON - 000527,24,1.000000
JACKSON - 000528,24,1.000000
JACKSON - 000529,27,1.000000
JACKSON - 000530,25,1.000000
JACKSON - 000532,25,1.000000
JACKSON - 000533,25,1.000000
JACKSON - 000534,25,0.269048
JACKSON - 000534,27,0.730952
JACKSON - 000535,27,0.723810
JACKSON - 000535,25,0.276190
JACKSON - 000538,25,1.000000
JACKSON - 000539,25,1.000000
JACKSON - 000540,25,1.000000
JACKSON - 000541,25,1.000000
JACKSON - 000543,27,0.361905
JACKSON - 000543,22,0.638095
JACKSON - 000545,27,1.000000
JACKSON - 000546,27,0.952381
JACKSON - 000546,22,0.047619
JACKSON - 000547,22,1.000000
JACKSON - 000548,22,1.000000
JACKSON - 000549,22,1.000000
JACKSON - 000551,22,1.000000
JACKSON - 000552,22,1.000000
JACKSON - 000553,22,1.000000
JACKSON - 000558,25,0.757143
JACKSON - 000558,27,0.242857
JACKSON - 000559,25,0.400000
JACKSON - 000559,26,0.521429
JACKSON - 000559,27,0.078571
JACKSON - 000563,25,1.000000
JACKSON - 000564,25,1.000000
JACKSON - 000565,25,1.000000
JACKSON - 000567,25,1.000000
JACKSON - 000568,25,0.454762
JACKSON - 000568,27,0.545238
JACKSON - 000569,25,1.000000
JACKSON - 000571,26,0.845238
JACKSON - 000571,25,0.154762
JACKSON - 000572,26,1.000000
JACKSON - 000573,25,1.000000
JACKSON - 000574,25,1.000000
JACKSON - 000575,26,0.842857
JACKSON - 000575,25,0.157143
JACKSON - 000577,25,1.000000
JACKSON - 000579,25,1.000000
JACKSON - 000581,32,1.000000
JASPER - 000002,127,1.000000
JASPER - 000003,162,1.000000
JASPER - 000004,162,1.000000
JASPER - 000005,162,1.000000
JASPER - 000006,162,1.000000
JASPER - 000007,162,1.000000
JASPER - 000008,163,0.473810
JASPER - 000008,162,0.526190
JASPER - 000009,163,1.000000
JASPER - 000010,163,1.000000
JASPER - 000011,163,1.000000
JASPER - 000012,163,1.000000
JASPER - 000013,163,1.000000
JASPER - 000014,163,1.000000
JASPER - 000015,163,1.000000
JASPER - 000016,163,1.000000
JASPER - 000017,163,1.000000
JASPER - 000018,163,1.000000
JASPER - 000019,163,0.554762
JASPER - 000019,127,0.445238
JASPER - 000020,162,1.000000
JASPER - 000021,163,1.000000
JASPER - 000022,163,0.645238
JASPER - 000022,127,0.354762
JASPER - 000023,163,1.000000
JASPER - 000024,163,1.000000
JASPER - 000025,127,1.000000
JASPER - 000026,161,1.000000
JASPER - 000027,161,1.000000
JASPER - 000028,161,1.000000
JASPER - 000029,161,1.000000
JASPER - 000030,161,0.959524
JASPER - 000030,162,0.038095
JASPER - 000030,160,0.002381
JASPER - 000031,161,1.000000
JASPER - 000032,162,0.976190
JASPER - 000032,161,0.023810
JASPER - 000033,161,1.000000
JASPER - 000034,161,1.000000
JASPER - 000035,161,1.000000
JASPER - 000036,161,1.000000
JASPER - 000037,161,1.000000
JASPER - 000038,161,1.000000
JASPER - 000039,161,1.000000
JASPER - 000040,161,1.000000
JASPER - 000041,162,0.538095
JASPER - 000041,161,0.461905
JASPER - 000042,163,0.952381
JASPER - 000042,161,0.047619
JASPER - 000043,161,0.530952
JASPER - 000043,163,0.469048
JASPER - 000044,161,1.000000
JASPER - 000045,161,1.000000
JASPER - 000046,127,1.000000
JASPER - 000047,162,0.714286
JASPER - 000047,163,0.285714
JASPER - 000048,127,1.000000
JASPER - 000049,163,1.000000
JASPER - 000050,163,1.000000
JASPER - 000051,163,0.783333
JASPER - 000051,127,0.216667
JASPER - 000052,127,1.000000
JASPER - 000053,163,1.000000
JASPER - 000054,127,1.000000
JASPER - 000055,127,0.683333
JASPER - 000055,162,0.083333
JASPER - 000055,163,0.233333
JASPER - 000056,127,1.000000
JASPER - 000057,127,1.000000
JASPER - 000058,127,1.000000
JASPER - 000059,163,1.000000
JASPER - 000060,127,1.000000
JASPER - 000061,127,1.000000
JASPER - 000062,127,1.000000
JASPER - 000063,162,1.000000
JASPER - 000064,162,1.000000
JASPER - 000065,162,1.000000
JASPER - 000066,162,1.000000
JASPER - 000067,162,1.000000
JASPER - 000068,162,1.000000
JEFFERSON - 000002,114,0.976190
JEFFERSON - 000002,115,0.023810
JEFFERSON - 000003,114,1.000000
JEFFERSON - 000004,112,1.000000
JEFFERSON - 000005,112,0.957143
JEFFERSON - 000005,111,0.042857
JEFFERSON - 000006,113,1.000000
JEFFERSON - 000007,113,1.000000
JEFFERSON - 000008,113,1.000000
JEFFERSON - 000009,113,0.945238
JEFFERSON - 000009,95,0.054762
JEFFERSON - 000010,113,0.969048
JEFFERSON - 000010,112,0.019048
JEFFERSON - 000010,95,0.011905
JEFFERSON - 000012,115,1.000000
JEFFERSON - 000013,113,1.000000
JEFFERSON - 000014,113,1.000000
JEFFERSON - 000015,111,1.000000
JEFFERSON - 000016,111,1.000000
JEFFERSON - 000017,111,1.000000
JEFFERSON - 000018,114,1.000000
JEFFERSON - 000019,114,1.000000
JEFFERSON - 000020,114,1.000000
JEFFERSON - 000021,114,1.000000
JEFFERSON - 000022,115,1.000000
JEFFERSON - 000023,115,1.000000
JEFFERSON - 000024,115,1.000000
JEFFERSON - 000025,115,1.000000
JEFFERSON - 000026,114,1.000000
JEFFERSON - 000027,114,1.000000
JEFFERSON - 000028,114,1.000000
JEFFERSON - 000029,114,1.000000
JEFFERSON - 000030,113,1.000000
JEFFERSON - 000031,115,1.000000
JEFFERSON - 000032,111,1.000000
JEFFERSON - 000033,115,1.000000
JEFFERSON - 000034,114,1.000000
JEFFERSON - 000035,114,1.000000
JEFFERSON - 000036,97,1.000000
JEFFERSON - 000037,97,1.000000
JEFFERSON - 000038,97,0.978571
JEFFERSON - 000038,111,0.021429
JEFFERSON - 000039,111,1.000000
JEFFERSON - 000040,111,0.216667
JEFFERSON - 000040,115,0.783333
JEFFERSON - 000041,111,1.000000
JEFFERSON - 000042,111,1.000000
JEFFERSON - 000043,111,0.914286
JEFFERSON - 000043,97,0.073810
JEFFERSON - 000043,88,0.011905
JEFFERSON - 000044,114,1.000000
JEFFERSON - 000045,111,1.000000
JEFFERSON - 000046,111,0.971429
JEFFERSON - 000046,97,0.026190
JEFFERSON - 000046,112,0.002381
JEFFERSON - 000047,112,1.000000
JEFFERSON - 000048,112,1.000000
JEFFERSON - 000049,112,1.000000
JEFFERSON - 000050,115,1.000000
JEFFERSON - 000051,115,1.000000
JEFFERSON - 000052,113,1.000000
JEFFERSON - 000053,114,1.000000
JEFFERSON - 000054,112,1.000000
JEFFERSON - 000055,112,0.914286
JEFFERSON - 000055,113,0.085714
JEFFERSON - 000056,112,1.000000
JEFFERSON - 000057,115,1.000000
JEFFERSON - 000058,97,0.988095
JEFFERSON - 000058,96,0.004762
JEFFERSON - 000058,88,0.007143
JEFFERSON - 000059,97,1.000000
JEFFERSON - 000060,111,1.000000
JEFFERSON - 000061,114,1.000000
JEFFERSON - 000062,114,1.000000
JEFFERSON - 000063,115,0.997619
JEFFERSON - 000063,114,0.002381
JEFFERSON - 000064,114,1.000000
JEFFERSON - 000065,112,0.954762
JEFFERSON - 000065,97,0.045238
JEFFERSON - 000066,97,1.000000
JEFFERSON - 000067,115,1.000000
JEFFERSON - 000068,115,1.000000
JEFFERSON - 000069,115,0.947619
JEFFERSON - 000069,114,0.052381
JOHNSON - 000002,54,1.000000
JOHNSON - 000003,57,1.000000
JOHNSON - 000004,54,1.000000
JOHNSON - 000005,54,1.000000
JOHNSON - 000006,54,1.000000
JOHNSON - 000007,54,1.000000
JOHNSON - 000008,57,1.000000
JOHNSON - 000009,57,1.000000
JOHNSON - 000010,57,1.000000
JOHNSON - 000011,54,1.000000
JOHNSON - 000012,57,1.000000
JOHNSON - 000013,54,1.000000
JOHNSON - 000014,57,1.000000
JOHNSON - 000015,57,1.000000
JOHNSON - 000016,54,1.000000
JOHNSON - 000017,54,1.000000
JOHNSON - 000018,54,1.000000
JOHNSON - 000019,54,1.000000
JOHNSON - 000020,54,1.000000
JOHNSON - 000021,54,1.000000
KNOX - 000002,4,1.000000
KNOX - 000003,4,1.000000
KNOX - 000004,4,1.000000
KNOX - 000005,4,1.000000
KNOX - 000006,4,1.000000
KNOX - 000007,4,1.000000
LACLEDE - 000002,141,1.000000
LACLEDE - 000003,142,1.000000
LACLEDE - 000004,141,1.000000
LACLEDE - 000005,141,1.000000
LACLEDE - 000006,141,1.000000
LACLEDE - 000007,141,1.000000
LACLEDE - 000008,141,1.000000
LACLEDE - 000009,141,1.000000
LACLEDE - 000010,141,0.842857
LACLEDE - 000010,142,0.157143
LACLEDE - 000011,141,0.683333
LACLEDE - 000011,142,0.316667
LACLEDE - 000012,142,1.000000
LACLEDE - 000013,142,0.971429
LACLEDE - 000013,141,0.028571
LACLEDE - 000014,141,1.000000
LACLEDE - 000015,142,0.626190
LACLEDE - 000015,141,0.373810
LACLEDE - 000016,141,1.000000
LACLEDE - 000017,141,1.000000
LACLEDE - 000018,141,0.866667
LACLEDE - 000018,142,0.133333
LACLEDE - 000019,141,1.000000
LACLEDE - 000020,141,0.871429
LACLEDE - 000020,142,0.128571
LACLEDE - 000021,141,1.000000
LAFAYETTE - 000002,51,1.000000
LAFAYETTE - 000003,51,0.995238
LAFAYETTE - 000003,53,0.004762
LAFAYETTE - 000004,51,1.000000
LAFAYETTE - 000005,51,1.000000
LAFAYETTE - 000006,53,1.000000
LAFAYETTE - 000007,51,1.000000
LAFAYETTE - 000008,51,1.000000
LAFAYETTE - 000009,53,0.500000
LAFAYETTE - 000009,51,0.500000
LAFAYETTE - 000010,53,0.980952
LAFAYETTE - 000010,51,0.019048
LAFAYETTE - 000011,53,1.000000
LAFAYETTE - 000012,53,1.000000
LAFAYETTE - 000013,53,1.000000
LAFAYETTE - 000014,51,1.000000
LAFAYETTE - 000015,51,0.659524
LAFAYETTE - 000015,53,0.340476
LAFAYETTE - 000016,53,1.000000
LAFAYETTE - 000017,53,0.466667
LAFAYETTE - 000017,51,0.533333
LAFAYETTE - 000018,51,1.000000
LAFAYETTE - 000019,53,1.000000
LAWRENCE - 000002,157,1.000000
LAWRENCE - 000003,157,1.000000
LAWRENCE - 000004,157,1.000000
LAWRENCE - 000005,157,1.000000
LAWRENCE - 000006,157,1.000000
LAWRENCE - 000007,157,1.000000
LAWRENCE - 000008,157,1.000000
LAWRENCE - 000009,157,1.000000
LAWRENCE - 000010,157,1.000000
LAWRENCE - 000011,157,1.000000
LAWRENCE - 000012,157,1.000000
LAWRENCE - 000013,157,1.000000
LAWRENCE - 000014,157,1.000000
LAWRENCE - 000015,157,1.000000
LAWRENCE - 000016,157,1.000000
LAWRENCE - 000017,157,1.000000
LAWRENCE - 000018,157,1.000000
LAWRENCE - 000019,157,1.000000
LAWRENCE - 000020,157,1.000000
LEWIS - 000002,4,1.000000
LEWIS - 000003,4,1.000000
LEWIS - 000004,4,1.000000
LEWIS - 000005,4,1.000000
LEWIS - 000006,4,1.000000
LEWIS - 000007,4,1.000000
LEWIS - 000008,4,1.000000
LEWIS - 000009,4,1.000000
LEWIS - 000010,4,1.000000
LEWIS - 000011,4,1.000000
LINCOLN - 000002,41,0.930952
LINCOLN - 000002,40,0.069048
LINCOLN - 000003,41,0.700000
LINCOLN - 000003,40,0.300000
LINCOLN - 000004,40,0.285714
LINCOLN - 000004,41,0.714286
LINCOLN - 000005,40,1.000000
LINCOLN - 000006,40,1.000000
LINCOLN - 000007,40,0.447619
LINCOLN - 000007,41,0.552381
LINCOLN - 000008,40,1.000000
LINCOLN - 000009,40,1.000000
LINCOLN - 000010,40,1.000000
LINCOLN - 000011,40,0.928571
LINCOLN - 000011,41,0.071429
LINCOLN - 000012,41,1.000000
LINCOLN - 000013,40,1.000000
LINCOLN - 000014,40,1.000000
LINCOLN - 000015,40,1.000000
LINCOLN - 000016,40,1.000000
LINCOLN - 000017,41,1.000000
LINCOLN - 000018,41,1.000000
LINCOLN - 000019,41,1.000000
LINCOLN - 000020,40,1.000000
LINCOLN - 000021,40,1.000000
LINCOLN - 000022,40,1.000000
LINCOLN - 000023,41,1.000000
LINN - 000002,7,1.000000
LINN - 000003,7,1.000000
LINN - 000004,7,1.000000
LINN - 000005,7,1.000000
LINN - 000006,7,1.000000
LINN - 000007,7,1.000000
LINN - 000008,7,1.000000
LINN - 000009,7,1.000000
LINN - 000010,7,1.000000
LINN - 000011,7,1.000000
LINN - 000012,7,1.000000
LINN - 000013,7,1.000000
LINN - 000014,7,1.000000
LINN - 000015,7,1.000000
LINN - 000016,7,1.000000
LINN - 000017,7,1.000000
LINN - 000018,7,1.000000
LINN - 000019,7,1.000000
LINN - 000020,7,1.000000
LINN - 000021,7,1.000000
LINN - 000022,7,1.000000
LIVINGSTON - 000002,7,1.000000
LIVINGSTON - 000003,7,1.000000
LIVINGSTON - 000004,7,1.000000
LIVINGSTON - 000005,7,1.000000
LIVINGSTON - 000006,7,1.000000
LIVINGSTON - 000007,7,1.000000
LIVINGSTON - 000008,7,1.000000
LIVINGSTON - 000009,7,1.000000
LIVINGSTON - 000010,7,1.000000
LIVINGSTON - 000011,7,1.000000
LIVINGSTON - 000012,7,1.000000
LIVINGSTON - 000013,7,1.000000
LIVINGSTON - 000014,7,1.000000
LIVINGSTON - 000015,7,1.000000
LIVINGSTON - 000016,7,1.000000
LIVINGSTON - 000017,7,1.000000
LIVINGSTON - 000018,7,1.000000
MACON - 000002,6,1.000000
MACON - 000003,6,1.000000
MACON - 000004,6,1.000000
MACON - 000005,6,1.000000
MACON - 000006,6,1.000000
MACON - 000007,6,1.000000
MACON - 000008,6,1.000000
MACON - 000009,6,1.000000
MACON - 000010,6,1.000000
MACON - 000011,6,1.000000
MACON - 000012,6,1.000000
MACON - 000013,6,1.000000
MADISON - 000002,144,1.000000
MADISON - 000003,116,1.000000
MADISON - 000004,116,1.000000
MADISON - 000005,116,1.000000
MADISON - 000006,116,1.000000
MADISON - 000007,116,1.000000
MADISON - 000008,116,1.000000
MADISON - 000009,116,1.000000
MADISON - 000010,144,1.000000
MADISON - 000011,116,1.000000
MADISON - 000012,144,1.000000
MADISON - 000013,144,1.000000
MADISON - 000014,144,1.000000
MADISON - 000015,144,0.764286
MADISON - 000015,116,0.235714
MADISON - 000016,116,1.000000
MADISON - 000017,116,1.000000
MADISON - 000018,144,1.000000
MARIES - 000002,143,1.000000
MARIES - 000003,143,1.000000
MARIES - 000004,143,1.000000
MARIES - 000005,143,1.000000
MARIES - 000006,143,1.000000
MARIES - 000007,143,1.000000
MARIES - 000008,143,1.000000
MARIES - 000009,143,1.000000
MARIES - 000010,143,1.000000
MARIES - 000011,143,1.000000
MARION - 000002,5,1.000000
MARION - 000003,5,1.000000
MARION - 000004,5,1.000000
MARION - 000005,5,1.000000
MARION - 000006,5,1.000000
MARION - 000007,5,1.000000
MARION - 000008,5,1.000000
MARION - 000009,5,1.000000
MARION - 000010,5,1.000000
MARION - 000011,5,1.000000
MARION - 000012,5,1.000000
MARION - 000013,5,1.000000
MARION - 000014,5,1.000000
MARION - 000015,5,1.000000
MARION - 000016,5,1.000000
MARION - 000017,5,1.000000
MARION - 000018,5,1.000000
MARION - 000019,5,1.000000
MARION - 000020,5,1.000000
MARION - 000021,5,1.000000
MCDONALD - 000002,159,1.000000
MCDONALD - 000003,159,1.000000
MCDONALD - 000004,159,1.000000
MCDONALD - 000005,159,1.000000
MCDONALD - 000006,158,1.000000
MCDONALD - 000007,159,1.000000
MCDONALD - 000008,159,1.000000
MCDONALD - 000009,159,1.000000
MCDONALD - 000010,159,1.000000
MCDONALD - 000011,159,1.000000
MCDONALD - 000012,159,1.000000
MCDONALD - 000013,159,1.000000
MCDONALD - 000014,158,1.000000
MCDONALD - 000015,159,1.000000
MCDONALD - 000016,159,0.911905
MCDONALD - 000016,158,0.088095
MCDONALD - 000017,159,0.676190
MCDONALD - 000017,158,0.323810
MCDONALD - 000018,159,1.000000
MCDONALD - 000019,159,1.000000
MCDONALD - 000020,158,1.000000
MERCER - 000002,3,1.000000
MERCER - 000003,3,1.000000
MERCER - 000004,3,1.000000
MERCER - 000005,3,1.000000
MERCER - 000006,3,1.000000
MERCER - 000007,3,1.000000
MERCER - 000008,3,1.000000
MERCER - 000009,3,1.000000
MERCER - 000010,3,1.000000
MILLER - 000002,124,1.000000
MILLER - 000003,124,1.000000
MILLER - 000004,124,1.000000
MILLER - 000005,124,1.000000
MILLER - 000006,124,1.000000
MILLER - 000007,124,1.000000
MILLER - 000008,124,1.000000
MILLER - 000009,124,1.000000
MILLER - 000010,124,1.000000
MILLER - 000011,124,1.000000
MILLER - 000012,124,1.000000
MILLER - 000013,124,1.000000
MILLER - 000014,124,1.000000
MILLER - 000015,124,1.000000
MILLER - 000016,61,0.826190
MILLER - 000016,124,0.173810
MILLER - 000017,124,1.000000
MILLER - 000018,124,0.516667
MILLER - 000018,61,0.483333
MILLER - 000019,124,1.000000
MILLER - 000020,124,1.000000
MILLER - 000021,61,1.000000
MILLER - 000022,124,1.000000
MILLER - 000023,124,1.000000
MISSISSIPPI - 000002,149,1.000000
MISSISSIPPI - 000003,149,1.000000
MISSISSIPPI - 000004,149,1.000000
MISSISSIPPI - 000005,149,1.000000
MISSISSIPPI - 000006,149,1.000000
MISSISSIPPI - 000007,149,1.000000
MISSISSIPPI - 000008,149,1.000000
MISSISSIPPI - 000009,149,1.000000
MISSISSIPPI - 000010,149,1.000000
MISSISSIPPI - 000011,149,1.000000
MISSISSIPPI - 000012,149,1.000000
MONITEAU - 000002,58,1.000000
MONITEAU - 000003,58,1.000000
MONITEAU - 000004,58,1.000000
MONITEAU - 000005,58,1.000000
MONITEAU - 000006,58,1.000000
MONITEAU - 000007,58,1.000000
MONITEAU - 000008,58,1.000000
MONITEAU - 000009,58,1.000000
MONITEAU - 000010,58,1.000000
MONITEAU - 000011,58,1.000000
MONITEAU - 000012,58,1.000000
MONITEAU - 000013,58,1.000000
MONITEAU - 000014,58,1.000000
MONITEAU - 000015,58,1.000000
MONROE - 000002,43,1.000000
MONROE - 000003,43,0.611905
MONROE - 000003,4,0.388095
MONROE - 000004,43,1.000000
MONROE - 000005,43,1.000000
MONROE - 000006,43,1.000000
MONROE - 000007,43,1.000000
MONROE - 000008,43,1.000000
MONROE - 000009,43,1.000000
MONROE - 000010,4,1.000000
MONROE - 000011,43,1.000000
MONROE - 000012,43,1.000000
MONROE - 000013,43,1.000000
MONROE - 000014,43,1.000000
MONROE - 000015,43,1.000000
MONROE - 000016,43,1.000000
MONROE - 000017,4,0.283333
MONROE - 000017,43,0.716667
MONTGOMERY - 000002,42,1.000000
MONTGOMERY - 000003,61,1.000000
MONTGOMERY - 000004,42,1.000000
MONTGOMERY - 000005,42,1.000000
MONTGOMERY - 000006,42,1.000000
MONTGOMERY - 000007,61,1.000000
MONTGOMERY - 000008,61,1.000000
MONTGOMERY - 000009,61,1.000000
MONTGOMERY - 000010,61,1.000000
MONTGOMERY - 000011,61,1.000000
MORGAN - 000002,58,1.000000
MORGAN - 000003,58,1.000000
MORGAN - 000004,58,1.000000
MORGAN - 000005,58,1.000000
MORGAN - 000006,58,1.000000
MORGAN - 000007,58,1.000000
MORGAN - 000008,58,1.000000
MORGAN - 000009,58,1.000000
MORGAN - 000010,58,1.000000
MORGAN - 000011,58,1.000000
MORGAN - 000012,58,1.000000
NEW MADRID - 000002,149,1.000000
NEW MADRID - 000003,149,1.000000
NEW MADRID - 000004,149,1.000000
NEW MADRID - 000005,149,1.000000
NEW MADRID - 000006,149,1.000000
NEW MADRID - 000007,149,1.000000
NEW MADRID - 000008,149,1.000000
NEW MADRID - 000009,149,1.000000
NEW MADRID - 000010,149,1.000000
NEW MADRID - 000011,149,1.000000
NEW MADRID - 000012,149,1.000000
NEW MADRID - 000013,149,1.000000
NEW MADRID - 000014,149,1.000000
NEW MADRID - 000015,149,1.000000
NEW MADRID - 000016,149,1.000000
NEW MADRID - 000017,149,1.000000
NEW MADRID - 000018,149,1.000000
NEW MADRID - 000019,149,1.000000
NEW MADRID - 000020,149,1.000000
NEW MADRID - 000021,149,1.000000
NEW MADRID - 000022,149,1.000000
NEW MADRID - 000023,149,1.000000
NEW MADRID - 000024,149,1.000000
NEWTON - 000002,159,1.000000
NEWTON - 000003,160,1.000000
NEWTON - 000004,159,1.000000
NEWTON - 000005,160,1.000000
NEWTON - 000006,159,1.000000
NEWTON - 000007,160,1.000000
NEWTON - 000008,160,1.000000
NEWTON - 000009,160,1.000000
NEWTON - 000010,160,1.000000
NEWTON - 000011,160,1.000000
NEWTON - 000012,160,1.000000
NEWTON - 000013,159,1.000000
NEWTON - 000014,159,0.921429
NEWTON - 000014,160,0.078571
NEWTON - 000015,159,1.000000
NEWTON - 000016,159,1.000000
NEWTON - 000017,160,1.000000
NEWTON - 000018,160,1.000000
NEWTON - 000019,160,0.990476
NEWTON - 000019,159,0.009524
NEWTON - 000020,159,0.604762
NEWTON - 000020,160,0.395238
NEWTON - 000021,159,1.000000
NEWTON - 000022,160,1.000000
NEWTON - 000023,159,1.000000
NEWTON - 000024,159,1.000000
NODAWAY - 000002,1,1.000000
NODAWAY - 000003,1,1.000000
NODAWAY - 000004,1,1.000000
NODAWAY - 000005,1,1.000000
NODAWAY - 000006,1,1.000000
NODAWAY - 000007,1,1.000000
NODAWAY - 000008,1,1.000000
NODAWAY - 000009,1,1.000000
NODAWAY - 000010,1,1.000000
NODAWAY - 000011,1,1.000000
NODAWAY - 000012,1,1.000000
NODAWAY - 000013,1,1.000000
NODAWAY - 000014,1,1.000000
NODAWAY - 000015,1,1.000000
NODAWAY - 000016,1,1.000000
NODAWAY - 000017,1,1.000000
NODAWAY - 000018,1,1.000000
NODAWAY - 000019,1,1.000000
NODAWAY - 000020,1,1.000000
NODAWAY - 000021,1,1.000000
OREGON - 000002,153,1.000000
OREGON - 000003,153,1.000000
OREGON - 000004,153,1.000000
OREGON - 000005,153,1.000000
OREGON - 000006,153,1.000000
OREGON - 000007,153,1.000000
OREGON - 000008,153,1.000000
OREGON - 000009,153,1.000000
OREGON - 000010,153,1.000000
OREGON - 000011,153,1.000000
OREGON - 000012,153,1.000000
OREGON - 000013,153,1.000000
OREGON - 000014,153,1.000000
OREGON - 000015,153,1.000000
OREGON - 000016,153,1.000000
OSAGE - 000002,61,1.000000
OSAGE - 000003,61,1.000000
OSAGE - 000004,61,1.000000
OSAGE - 000005,61,0.995238
OSAGE - 000005,49,0.004762
OSAGE - 000006,61,1.000000
OSAGE - 000007,61,1.000000
OSAGE - 000008,61,1.000000
OSAGE - 000009,61,1.000000
OSAGE - 000010,61,1.000000
OSAGE - 000011,61,1.000000
OSAGE - 000012,61,1.000000
OSAGE - 000013,61,1.000000
OSAGE - 000014,61,1.000000
OSAGE - 000015,61,1.000000
OSAGE - 000016,61,1.000000
OSAGE - 000017,61,1.000000
OSAGE - 000018,61,1.000000
OSAGE - 000019,61,1.000000
OSAGE - 000020,61,1.000000
OZARK - 000002,155,1.000000
OZARK - 000004,155,1.000000
OZARK - 000005,155,1.000000
OZARK - 000006,155,1.000000
OZARK - 000007,155,1.000000
OZARK - 000008,155,1.000000
OZARK - 000009,155,1.000000
OZARK - 000010,155,1.000000
OZARK - 000011,155,1.000000
OZARK - 000012,155,1.000000
OZARK - 000013,155,1.000000
PEMISCOT - 000002,150,1.000000
PEMISCOT - 000003,150,1.000000
PEMISCOT - 000004,149,1.000000
PEMISCOT - 000005,149,1.000000
PEMISCOT - 000006,149,1.000000
PEMISCOT - 000007,149,0.902381
PEMISCOT - 000007,150,0.097619
PEMISCOT - 000008,149,0.973810
PEMISCOT - 000008,150,0.026190
PEMISCOT - 000009,150,1.000000
PEMISCOT - 000010,150,1.000000
PEMISCOT - 000011,149,1.000000
PEMISCOT - 000012,149,0.733333
PEMISCOT - 000012,150,0.266667
PEMISCOT - 000013,150,1.000000
PEMISCOT - 000014,150,0.880952
PEMISCOT - 000014,149,0.119048
PEMISCOT - 000015,149,0.890476
PEMISCOT - 000015,150,0.109524
PEMISCOT - 000016,150,1.000000
PEMISCOT - 000017,150,1.000000
PEMISCOT - 000018,150,1.000000
PERRY - 000002,145,1.000000
PERRY - 000003,145,1.000000
PERRY - 000004,145,1.000000
PERRY - 000005,145,1.000000
PERRY - 000006,145,1.000000
PERRY - 000007,145,1.000000
PERRY - 000008,145,1.000000
PERRY - 000009,145,1.000000
PERRY - 000010,145,1.000000
PERRY - 000011,145,1.000000
PERRY - 000012,145,1.000000
PERRY - 000013,145,1.000000
PERRY - 000014,145,1.000000
PERRY - 000015,145,1.000000
PERRY - 000016,145,1.000000
PERRY - 000017,145,1.000000
PERRY - 000018,145,1.000000
PERRY - 000019,145,1.000000
PETTIS - 000002,52,1.000000
PETTIS - 000003,52,1.000000
PETTIS - 000004,52,1.000000
PETTIS - 000005,52,1.000000
PETTIS - 000006,57,1.000000
PETTIS - 000007,52,0.380952
PETTIS - 000007,57,0.619048
PETTIS - 000008,57,1.000000
PETTIS - 000009,52,1.000000
PETTIS - 000010,52,1.000000
PETTIS - 000011,52,1.000000
PETTIS - 000012,52,1.000000
PETTIS - 000013,52,1.000000
PETTIS - 000014,52,1.000000
PETTIS - 000015,57,0.995238
PETTIS - 000015,52,0.004762
PETTIS - 000016,52,1.000000
PETTIS - 000017,52,1.000000
PETTIS - 000018,52,1.000000
PETTIS - 000019,52,1.000000
PETTIS - 000020,52,1.000000
PETTIS - 000021,52,1.000000
PETTIS - 000022,52,1.000000
PETTIS - 000023,52,1.000000
PETTIS - 000024,52,1.000000
PETTIS - 000025,52,1.000000
PETTIS - 000026,52,1.000000
PETTIS - 000027,52,1.000000
PETTIS - 000028,52,1.000000
PETTIS - 000029,52,1.000000
PETTIS - 000030,52,1.000000
PETTIS - 000031,57,1.000000
PHELPS - 000002,122,1.000000
PHELPS - 000003,122,1.000000
PHELPS - 000004,122,1.000000
PHELPS - 000005,122,1.000000
PHELPS - 000006,122,1.000000
PHELPS - 000007,122,1.000000
PHELPS - 000008,122,1.000000
PHELPS - 000009,122,1.000000
PHELPS - 000010,143,1.000000
PHELPS - 000011,143,1.000000
PHELPS - 000012,143,1.000000
PHELPS - 000013,143,1.000000
PHELPS - 000014,143,1.000000
PHELPS - 000015,143,1.000000
PHELPS - 000016,143,1.000000
PHELPS - 000017,143,1.000000
PHELPS - 000018,143,1.000000
PHELPS - 000019,122,1.000000
PHELPS - 000020,122,0.464286
PHELPS - 000020,143,0.535714
PHELPS - 000021,143,1.000000
PHELPS - 000022,143,1.000000
PHELPS - 000023,143,1.000000
PHELPS - 000024,122,1.000000
PHELPS - 000025,122,1.000000
PHELPS - 000026,122,1.000000
PHELPS - 000027,122,1.000000
PHELPS - 000028,122,1.000000
PHELPS - 000029,122,1.000000
PHELPS - 000030,122,1.000000
PHELPS - 000031,122,1.000000
PHELPS - 000032,143,1.000000
PHELPS - 000033,143,1.000000
PHELPS - 000034,122,1.000000
PHELPS - 000035,122,1.000000
PHELPS - 000036,122,1.000000
PHELPS - 000037,122,1.000000
PHELPS - 000038,122,1.000000
PHELPS - 000039,122,1.000000
PIKE - 000002,40,1.000000
PIKE - 000003,40,1.000000
PIKE - 000004,40,1.000000
PIKE - 000005,40,1.000000
PIKE - 000006,40,1.000000
PIKE - 000007,40,1.000000
PIKE - 000008,40,1.000000
PIKE - 000009,40,1.000000
PIKE - 000010,40,1.000000
PIKE - 000011,40,1.000000
PIKE - 000012,40,1.000000
PIKE - 000013,40,1.000000
PIKE - 000014,40,1.000000
PIKE - 000015,40,1.000000
PIKE - 000016,40,1.000000
PIKE - 000017,40,1.000000
PLATTE - 000002,13,1.000000
PLATTE - 000003,14,1.000000
PLATTE - 000004,14,1.000000
PLATTE - 000005,14,1.000000
PLATTE - 000006,13,1.000000
PLATTE - 000007,13,1.000000
PLATTE - 000008,13,1.000000
PLATTE - 000009,13,1.000000
PLATTE - 000010,13,1.000000
PLATTE - 000011,13,0.704762
PLATTE - 000011,14,0.295238
PLATTE - 000012,14,0.573810
PLATTE - 000012,12,0.426190
PLATTE - 000013,12,0.226190
PLATTE - 000013,13,0.633333
PLATTE - 000013,14,0.140476
PLATTE - 000014,13,1.000000
PLATTE - 000015,12,1.000000
PLATTE - 000016,14,1.000000
PLATTE - 000017,13,1.000000
PLATTE - 000018,12,1.000000
PLATTE - 000019,12,1.000000
PLATTE - 000020,12,1.000000
PLATTE - 000021,12,1.000000
PLATTE - 000022,14,1.000000
PLATTE - 000023,12,1.000000
PLATTE - 000024,13,1.000000
PLATTE - 000025,13,1.000000
PLATTE - 000026,14,0.880952
PLATTE - 000026,12,0.119048
PLATTE - 000027,12,0.973810
PLATTE - 000027,14,0.026190
PLATTE - 000028,13,0.935714
PLATTE - 000028,14,0.064286
PLATTE - 000029,13,1.000000
PLATTE - 000030,12,1.000000
PLATTE - 000031,12,0.880952
PLATTE - 000031,14,0.119048
PLATTE - 000032,13,0.616667
PLATTE - 000032,12,0.383333
PLATTE - 000033,14,1.000000
PLATTE - 000034,14,0.978571
PLATTE - 000034,12,0.021429
POLK - 000002,128,1.000000
POLK - 000003,128,1.000000
POLK - 000004,128,1.000000
POLK - 000005,128,1.000000
POLK - 000006,128,1.000000
POLK - 000007,128,1.000000
POLK - 000008,128,1.000000
POLK - 000009,128,1.000000
POLK - 000010,128,1.000000
POLK - 000011,128,1.000000
POLK - 000012,128,1.000000
POLK - 000013,128,1.000000
POLK - 000014,128,1.000000
POLK - 000015,128,1.000000
POLK - 000016,128,1.000000
POLK - 000017,128,1.000000
POLK - 000018,128,1.000000
POLK - 000019,128,1.000000
POLK - 000020,128,1.000000
POLK - 000021,128,1.000000
POLK - 000022,128,1.000000
POLK - 000023,128,1.000000
PULASKI - 000002,121,1.000000
PULASKI - 000003,124,0.369048
PULASKI - 000003,121,0.630952
PULASKI - 000004,124,1.000000
PULASKI - 000005,124,0.814286
PULASKI - 000005,121,0.185714
PULASKI - 000006,121,1.000000
PULASKI - 000007,121,1.000000
PULASKI - 000008,124,1.000000
PULASKI - 000009,124,1.000000
PULASKI - 000010,121,0.947619
PULASKI - 000010,124,0.052381
PULASKI - 000011,124,1.000000
PULASKI - 000012,124,0.507143
PULASKI - 000012,121,0.492857
PUTNAM - 000002,3,1.000000
PUTNAM - 000003,3,1.000000
PUTNAM - 000004,3,1.000000
PUTNAM - 000005,3,1.000000
PUTNAM - 000006,3,1.000000
PUTNAM - 000007,3,1.000000
PUTNAM - 000008,3,1.000000
PUTNAM - 000009,3,1.000000
PUTNAM - 000010,3,1.000000
PUTNAM - 000011,3,1.000000
PUTNAM - 000012,3,1.000000
PUTNAM - 000013,3,1.000000
PUTNAM - 000014,3,1.000000
PUTNAM - 000015,3,1.000000
RALLS - 000002,5,1.000000
RALLS - 000003,5,1.000000
RALLS - 000004,5,1.000000
RALLS - 000005,5,1.000000
RALLS - 000006,5,1.000000
RALLS - 000007,5,1.000000
RALLS - 000008,5,1.000000
RALLS - 000009,5,1.000000
RALLS - 000010,5,1.000000
RANDOLPH - 000002,6,1.000000
RANDOLPH - 000003,6,1.000000
RANDOLPH - 000004,48,1.000000
RANDOLPH - 000005,6,0.919048
RANDOLPH - 000005,48,0.080952
RANDOLPH - 000006,48,1.000000
RANDOLPH - 000007,6,1.000000
RANDOLPH - 000008,6,0.995238
RANDOLPH - 000008,48,0.004762
RANDOLPH - 000009,6,1.000000
RANDOLPH - 000010,6,1.000000
RANDOLPH - 000011,6,1.000000
RANDOLPH - 000012,6,1.000000
RANDOLPH - 000013,6,1.000000
RANDOLPH - 000014,6,1.000000
RANDOLPH - 000015,6,1.000000
RANDOLPH - 000016,6,1.000000
RANDOLPH - 000017,6,1.000000
RANDOLPH - 000018,6,1.000000
RANDOLPH - 000019,6,1.000000
RANDOLPH - 000020,6,1.000000
RANDOLPH - 000021,48,1.000000
RANDOLPH - 000022,6,0.854762
RANDOLPH - 000022,48,0.145238
RANDOLPH - 000023,6,0.588095
RANDOLPH - 000023,48,0.411905
RANDOLPH - 000024,6,1.000000
RANDOLPH - 000025,6,1.000000
RANDOLPH - 000026,48,1.000000
RANDOLPH - 000027,6,1.000000
RANDOLPH - 000028,48,1.000000
RAY - 000002,53,1.000000
RAY - 000003,53,1.000000
RAY - 000004,7,0.730952
RAY - 000004,53,0.269048
RAY - 000005,53,1.000000
RAY - 000006,7,0.990476
RAY - 000006,53,0.009524
RAY - 000007,53,0.621429
RAY - 000007,7,0.378571
RAY - 000008,7,1.000000
RAY - 000009,53,1.000000
RAY - 000010,53,1.000000
RAY - 000011,53,1.000000
RAY - 000012,53,0.878571
RAY - 000012,7,0.121429
RAY - 000013,7,1.000000
RAY - 000014,53,1.000000
REYNOLDS - 000002,144,1.000000
REYNOLDS - 000003,144,1.000000
REYNOLDS - 000004,144,1.000000
REYNOLDS - 000005,144,1.000000
REYNOLDS - 000006,144,1.000000
REYNOLDS - 000007,144,1.000000
REYNOLDS - 000008,144,1.000000
REYNOLDS - 000009,144,1.000000
REYNOLDS - 000010,144,1.000000
REYNOLDS - 000011,144,1.000000
REYNOLDS - 000012,144,1.000000
REYNOLDS - 000013,144,1.000000
REYNOLDS - 000014,144,1.000000
RIPLEY - 000002,153,1.000000
RIPLEY - 000003,153,1.000000
RIPLEY - 000004,153,1.000000
RIPLEY - 000005,153,1.000000
RIPLEY - 000006,153,1.000000
RIPLEY - 000007,153,1.000000
RIPLEY - 000008,153,1.000000
RIPLEY - 000009,153,1.000000
RIPLEY - 000010,153,1.000000
RIPLEY - 000011,153,1.000000
RIPLEY - 000012,153,1.000000
RIPLEY - 000013,153,1.000000
RIPLEY - 000014,153,1.000000
SALINE - 000002,51,1.000000
SALINE - 000003,51,1.000000
SALINE - 000004,51,1.000000
SALINE - 000005,51,1.000000
SALINE - 000006,51,1.000000
SALINE - 000007,51,1.000000
SALINE - 000008,51,1.000000
SALINE - 000009,51,1.000000
SALINE - 000010,51,1.000000
SALINE - 000011,51,1.000000
SALINE - 000012,51,1.000000
SALINE - 000013,51,1.000000
SALINE - 000014,51,1.000000
SALINE - 000015,51,1.000000
SALINE - 000016,51,1.000000
SALINE - 000017,51,1.000000
SALINE - 000018,51,1.000000
SALINE - 000019,51,1.000000
SALINE - 000020,51,1.000000
SCHUYLER - 000002,4,1.000000
SCHUYLER - 000003,4,1.000000
SCHUYLER - 000004,4,1.000000
SCHUYLER - 000005,4,1.000000
SCHUYLER - 000006,4,1.000000
SCOTLAND - 000002,4,1.000000
SCOTLAND - 000003,4,1.000000
SCOTLAND - 000004,4,1.000000
SCOTLAND - 000005,4,1.000000
SCOTLAND - 000006,4,1.000000
SCOTLAND - 000007,4,1.000000
SCOTLAND - 000008,4,1.000000
SCOTLAND - 000009,4,1.000000
SCOTT - 000002,148,1.000000
SCOTT - 000003,148,1.000000
SCOTT - 000004,148,0.985714
SCOTT - 000004,149,0.014286
SCOTT - 000005,148,1.000000
SCOTT - 000006,148,1.000000
SCOTT - 000007,148,1.000000
SCOTT - 000008,148,1.000000
SCOTT - 000009,148,1.000000
SCOTT - 000010,148,1.000000
SCOTT - 000011,148,1.000000
SCOTT - 000012,148,1.000000
SCOTT - 000013,148,1.000000
SCOTT - 000014,148,1.000000
SCOTT - 000015,148,1.000000
SCOTT - 000016,148,1.000000
SCOTT - 000017,148,1.000000
SCOTT - 000018,148,1.000000
SCOTT - 000019,148,1.000000
SCOTT - 000020,148,1.000000
SCOTT - 000021,148,1.000000
SCOTT - 000022,148,1.000000
SCOTT - 000023,148,1.000000
SCOTT - 000024,148,1.000000
SCOTT - 000025,148,1.000000
SCOTT - 000026,148,1.000000
SCOTT - 000027,148,1.000000
SCOTT - 000028,148,1.000000
SCOTT - 000029,148,1.000000
SCOTT - 000030,148,1.000000
SCOTT - 000031,148,1.000000
SHANNON - 000002,153,1.000000
SHANNON - 000003,153,1.000000
SHANNON - 000004,144,1.000000
SHANNON - 000005,144,1.000000
SHANNON - 000006,153,1.000000
SHANNON - 000007,153,1.000000
SHANNON - 000008,144,1.000000
SHANNON - 000009,144,1.000000
SHANNON - 000010,153,1.000000
SHANNON - 000011,144,1.000000
SHANNON - 000012,153,0.490476
SHANNON - 000012,144,0.509524
SHELBY - 000002,4,1.000000
SHELBY - 000003,4,1.000000
SHELBY - 000004,4,1.000000
SHELBY - 000005,4,1.000000
SHELBY - 000006,4,1.000000
SHELBY - 000007,4,1.000000
SHELBY - 000008,4,1.000000
SHELBY - 000009,4,1.000000
ST. CHARLES - 000002,65,0.640476
ST. CHARLES - 000002,106,0.359524
ST. CHARLES - 000003,104,0.966667
ST. CHARLES - 000003,102,0.033333
ST. CHARLES - 000004,104,0.923810
ST. CHARLES - 000004,102,0.076190
ST. CHARLES - 000005,104,1.000000
ST. CHARLES - 000006,104,0.919048
ST. CHARLES - 000006,106,0.071429
ST. CHARLES - 000006,105,0.009524
ST. CHARLES - 000007,104,1.000000
ST. CHARLES - 000008,104,1.000000
ST. CHARLES - 000009,104,1.000000
ST. CHARLES - 000010,104,1.000000
ST. CHARLES - 000012,104,1.000000
ST. CHARLES - 000013,104,1.000000
ST. CHARLES - 000014,105,1.000000
ST. CHARLES - 000015,104,1.000000
ST. CHARLES - 000016,102,1.000000
ST. CHARLES - 000017,105,1.000000
ST. CHARLES - 000018,65,0.438095
ST. CHARLES - 000018,64,0.559524
ST. CHARLES - 000018,103,0.002381
ST. CHARLES - 000019,65,1.000000
ST. CHARLES - 000020,65,0.504762
ST. CHARLES - 000020,104,0.495238
ST. CHARLES - 000021,104,1.000000
ST. CHARLES - 000022,65,1.000000
ST. CHARLES - 000023,65,1.000000
ST. CHARLES - 000024,104,0.376190
ST. CHARLES - 000024,65,0.592857
ST. CHARLES - 000024,102,0.030952
ST. CHARLES - 000025,102,1.000000
ST. CHARLES - 000026,104,0.914286
ST. CHARLES - 000026,102,0.085714
ST. CHARLES - 000027,102,1.000000
ST. CHARLES - 000028,105,1.000000
ST. CHARLES - 000029,102,0.914286
ST. CHARLES - 000029,104,0.085714
ST. CHARLES - 000030,104,1.000000
ST. CHARLES - 000031,104,1.000000
ST. CHARLES - 000032,103,1.000000
ST. CHARLES - 000033,103,1.000000
ST. CHARLES - 000034,65,0.300000
ST. CHARLES - 000034,102,0.700000
ST. CHARLES - 000035,103,0.452381
ST. CHARLES - 000035,107,0.483333
ST. CHARLES - 000035,65,0.064286
ST. CHARLES - 000036,65,1.000000
ST. CHARLES - 000037,65,1.000000
ST. CHARLES - 000038,65,1.000000
ST. CHARLES - 000039,102,0.854762
ST. CHARLES - 000039,107,0.142857
ST. CHARLES - 000039,65,0.002381
ST. CHARLES - 000040,65,0.935714
ST. CHARLES - 000040,103,0.064286
ST. CHARLES - 000041,65,1.000000
ST. CHARLES - 000043,105,1.000000
ST. CHARLES - 000044,105,0.928571
ST. CHARLES - 000044,104,0.071429
ST. CHARLES - 000045,102,1.000000
ST. CHARLES - 000046,103,0.985714
ST. CHARLES - 000046,108,0.014286
ST. CHARLES - 000047,102,1.000000
ST. CHARLES - 000048,103,1.000000
ST. CHARLES - 000049,65,0.983333
ST. CHARLES - 000049,107,0.016667
ST. CHARLES - 000050,103,0.990476
ST. CHARLES - 000050,65,0.009524
ST. CHARLES - 000051,64,1.000000
ST. CHARLES - 000052,103,1.000000
ST. CHARLES - 000053,64,1.000000
ST. CHARLES - 000054,64,0.776190
ST. CHARLES - 000054,103,0.223810
ST. CHARLES - 000055,64,1.000000
ST. CHARLES - 000056,64,1.000000
ST. CHARLES - 000057,103,1.000000
ST. CHARLES - 000058,64,1.000000
ST. CHARLES - 000059,63,0.926190
ST. CHARLES - 000059,102,0.073810
ST. CHARLES - 000060,63,0.845238
ST. CHARLES - 000060,64,0.154762
ST. CHARLES - 000062,63,0.897619
ST. CHARLES - 000062,64,0.102381
ST. CHARLES - 000063,64,0.966667
ST. CHARLES - 000063,63,0.021429
ST. CHARLES - 000063,102,0.011905
ST. CHARLES - 000064,64,0.926190
ST. CHARLES - 000064,63,0.073810
ST. CHARLES - 000065,64,1.000000
ST. CHARLES - 000066,102,0.688095
ST. CHARLES - 000066,63,0.288095
ST. CHARLES - 000066,64,0.023810
ST. CHARLES - 000067,108,1.000000
ST. CHARLES - 000068,108,1.000000
ST. CHARLES - 000069,108,1.000000
ST. CHARLES - 000071,108,0.638095
ST. CHARLES - 000071,107,0.166667
ST. CHARLES - 000071,102,0.195238
ST. CHARLES - 000072,103,0.333333
ST. CHARLES - 000072,108,0.666667
ST. CHARLES - 000073,103,0.457143
ST. CHARLES - 000073,107,0.540476
ST. CHARLES - 000073,108,0.002381
ST. CHARLES - 000074,107,0.950000
ST. CHARLES - 000074,102,0.050000
ST. CHARLES - 000076,107,1.000000
ST. CHARLES - 000077,107,0.985714
ST. CHARLES - 000077,108,0.014286
ST. CHARLES - 000078,108,1.000000
ST. CHARLES - 000079,102,0.166667
ST. CHARLES - 000079,108,0.576190
ST. CHARLES - 000079,63,0.257143
ST. CHARLES - 000081,102,0.180952
ST. CHARLES - 000081,65,0.061905
ST. CHARLES - 000081,107,0.757143
ST. CHARLES - 000082,108,0.607143
ST. CHARLES - 000082,107,0.352381
ST. CHARLES - 000082,103,0.040476
ST. CHARLES - 000084,106,1.000000
ST. CHARLES - 000085,105,0.988095
ST. CHARLES - 000085,104,0.011905
ST. CHARLES - 000086,69,0.997619
ST. CHARLES - 000086,87,0.002381
ST. CHARLES - 000087,102,0.952381
ST. CHARLES - 000087,69,0.016667
ST. CHARLES - 000087,107,0.028571
ST. CHARLES - 000087,101,0.002381
ST. CHARLES - 000088,102,1.000000
ST. CHARLES - 000089,102,1.000000
ST. CHARLES - 000090,102,1.000000
ST. CHARLES - 000091,102,1.000000
ST. CHARLES - 000092,69,0.828571
ST. CHARLES - 000092,102,0.021429
ST. CHARLES - 000092,101,0.147619
ST. CHARLES - 000092,87,0.002381
ST. CHARLES - 000093,69,0.861905
ST. CHARLES - 000093,102,0.138095
ST. CHARLES - 000094,102,1.000000
ST. CHARLES - 000095,105,1.000000
ST. CHARLES - 000096,102,0.176190
ST. CHARLES - 000096,69,0.823810
ST. CHARLES - 000097,102,0.976190
ST. CHARLES - 000097,69,0.023810
ST. CHARLES - 000098,104,0.361905
ST. CHARLES - 000098,105,0.638095
ST. CHARLES - 000099,104,1.000000
ST. CHARLES - 000100,105,1.000000
ST. CHARLES - 000101,104,0.954762
ST. CHARLES - 000101,105,0.045238
ST. CHARLES - 000102,65,1.000000
ST. CHARLES - 000103,106,0.385714
ST. CHARLES - 000103,105,0.614286
ST. CHARLES - 000104,106,1.000000
ST. CHARLES - 000105,106,1.000000
ST. CHARLES - 000106,106,1.000000
ST. CHARLES - 000107,106,0.992857
ST. CHARLES - 000107,105,0.007143
ST. CHARLES - 000108,106,1.000000
ST. CHARLES - 000109,105,1.000000
ST. CHARLES - 000110,65,1.000000
ST. CHARLES - 000111,106,0.852381
ST. CHARLES - 000111,105,0.147619
ST. CHARLES - 000112,106,0.940476
ST. CHARLES - 000112,105,0.059524
ST. CHARLES - 000113,65,0.440476
ST. CHARLES - 000113,106,0.559524
ST. CHARLES - 000114,106,1.000000
ST. CHARLES - 000115,65,0.671429
ST. CHARLES - 000115,106,0.328571
ST. CHARLES - 000117,105,1.000000
ST. CHARLES - 000118,65,1.000000
ST. CHARLES - 000119,106,1.000000
ST. CHARLES - 000120,106,1.000000
ST. CHARLES - 000121,106,1.000000
ST. CHARLES - 000122,106,1.000000
ST. CHARLES - 000123,106,1.000000
ST. CHARLES - 000124,106,1.000000
ST. CHARLES - 000125,106,1.000000
ST. CHARLES - 000126,65,1.000000
ST. CHARLES - 000127,106,1.000000
ST. CHARLES - 000128,106,1.000000
ST. CHARLES - 000129,65,0.569048
ST. CHARLES - 000129,106,0.359524
ST. CHARLES - 000129,105,0.071429
ST. CHARLES - 000130,105,1.000000
ST. CHARLES - 000131,105,1.000000
ST. CHARLES - 000132,105,1.000000
ST. CHARLES - 000133,69,1.000000
ST. CHARLES - 000134,69,1.000000
ST. CHARLES - 000135,69,1.000000
ST. CHARLES - 000136,69,0.983333
ST. CHARLES - 000136,87,0.016667
ST. CHARLES - 000137,69,1.000000
ST. CHARLES - 000138,69,1.000000
ST. CHARLES - 000139,69,1.000000
ST. CHARLES - 000140,69,0.861905
ST. CHARLES - 000140,105,0.128571
ST. CHARLES - 000140,104,0.009524
ST. CHARLES - 000141,69,0.950000
ST. CHARLES - 000141,102,0.050000
ST. CHARLES - 000142,102,1.000000
ST. CLAIR - 000002,126,1.000000
ST. CLAIR - 000003,126,1.000000
ST. CLAIR - 000004,126,1.000000
ST. CLAIR - 000005,126,1.000000
ST. CLAIR - 000006,126,1.000000
ST. CLAIR - 000007,126,1.000000
ST. CLAIR - 000008,126,1.000000
ST. CLAIR - 000009,126,1.000000
ST. CLAIR - 000010,126,1.000000
ST. CLAIR - 000011,126,1.000000
ST. CLAIR - 000012,126,1.000000
ST. CLAIR - 000013,126,1.000000
ST. CLAIR - 000014,126,1.000000
ST. CLAIR - 000015,126,1.000000
ST. CLAIR - 000016,126,1.000000
ST. CLAIR - 000017,126,1.000000
ST. CLAIR - 000018,126,1.000000
ST. CLAIR - 000019,126,1.000000
ST. FRANCOIS - 000002,116,0.788095
ST. FRANCOIS - 000002,117,0.211905
ST. FRANCOIS - 000003,117,0.550000
ST. FRANCOIS - 000003,116,0.450000
ST. FRANCOIS - 000004,117,1.000000
ST. FRANCOIS - 000005,117,1.000000
ST. FRANCOIS - 000006,116,1.000000
ST. FRANCOIS - 000007,117,0.426190
ST. FRANCOIS - 000007,116,0.573810
ST. FRANCOIS - 000008,117,1.000000
ST. FRANCOIS - 000009,117,1.000000
ST. FRANCOIS - 000010,117,1.000000
ST. FRANCOIS - 000011,116,0.930952
ST. FRANCOIS - 000011,117,0.069048
ST. FRANCOIS - 000012,117,0.826190
ST. FRANCOIS - 000012,116,0.173810
ST. FRANCOIS - 000013,116,0.680952
ST. FRANCOIS - 000013,117,0.319048
ST. FRANCOIS - 000014,116,1.000000
ST. FRANCOIS - 000015,116,1.000000
ST. FRANCOIS - 000016,117,1.000000
ST. FRANCOIS - 000017,116,1.000000
ST. FRANCOIS - 000018,116,1.000000
ST. FRANCOIS - 000019,117,0.973810
ST. FRANCOIS - 000019,116,0.026190
ST. FRANCOIS - 000020,117,1.000000
ST. FRANCOIS - 000021,117,1.000000
ST. FRANCOIS - 000022,116,1.000000
ST. FRANCOIS - 000023,117,0.942857
ST. FRANCOIS - 000023,116,0.057143
ST. FRANCOIS - 000024,117,1.000000
ST. FRANCOIS - 000025,117,1.000000
ST. FRANCOIS - 000026,117,1.000000
ST. FRANCOIS - 000027,117,1.000000
ST. FRANCOIS - 000028,117,1.000000
ST. FRANCOIS - 000029,117,1.000000
ST. LOUIS - 000002,74,0.109524
ST. LOUIS - 000002,73,0.888095
ST. LOUIS - 000002,72,0.002381
ST. LOUIS - 000003,73,1.000000
ST. LOUIS - 000004,72,1.000000
ST. LOUIS - 000005,74,0.976190
ST. LOUIS - 000005,73,0.023810
ST. LOUIS - 000006,74,1.000000
ST. LOUIS - 000007,70,0.890476
ST. LOUIS - 000007,73,0.109524
ST. LOUIS - 000008,73,0.950000
ST. LOUIS - 000008,74,0.050000
ST. LOUIS - 000009,72,0.964286
ST. LOUIS - 000009,73,0.035714
ST. LOUIS - 000010,70,0.254762
ST. LOUIS - 000010,87,0.745238
ST. LOUIS - 000011,73,1.000000
ST. LOUIS - 000012,70,0.988095
ST. LOUIS - 000012,72,0.011905
ST. LOUIS - 000013,72,0.935714
ST. LOUIS - 000013,70,0.057143
ST. LOUIS - 000013,73,0.007143
ST. LOUIS - 000014,72,1.000000
ST. LOUIS - 000016,87,1.000000
ST. LOUIS - 000017,70,0.980952
ST. LOUIS - 000017,73,0.019048
ST. LOUIS - 000018,72,1.000000
ST. LOUIS - 000019,70,0.966667
ST. LOUIS - 000019,73,0.023810
ST. LOUIS - 000019,68,0.009524
ST. LOUIS - 000020,70,0.904762
ST. LOUIS - 000020,72,0.095238
ST. LOUIS - 000021,73,1.000000
ST. LOUIS - 000022,70,0.088095
ST. LOUIS - 000022,68,0.911905
ST. LOUIS - 000023,72,1.000000
ST. LOUIS - 000024,72,1.000000
ST. LOUIS - 000025,70,1.000000
ST. LOUIS - 000026,73,1.000000
ST. LOUIS - 000027,72,1.000000
ST. LOUIS - 000028,74,0.980952
ST. LOUIS - 000028,73,0.019048
ST. LOUIS - 000029,90,1.000000
ST. LOUIS - 000030,96,0.361905
ST. LOUIS - 000030,88,0.638095
ST. LOUIS - 000031,96,0.354762
ST. LOUIS - 000031,90,0.645238
ST. LOUIS - 000032,90,1.000000
ST. LOUIS - 000033,90,0.980952
ST. LOUIS - 000033,96,0.019048
ST. LOUIS - 000034,96,0.992857
ST. LOUIS - 000034,90,0.007143
ST. LOUIS - 000035,96,1.000000
ST. LOUIS - 000036,90,1.000000
ST. LOUIS - 000037,90,1.000000
ST. LOUIS - 000038,90,1.000000
ST. LOUIS - 000039,90,1.000000
ST. LOUIS - 000040,90,1.000000
ST. LOUIS - 000041,90,1.000000
ST. LOUIS - 000042,96,1.000000
ST. LOUIS - 000043,90,1.000000
ST. LOUIS - 000044,90,0.914286
ST. LOUIS - 000044,89,0.085714
ST. LOUIS - 000045,90,1.000000
ST. LOUIS - 000046,96,1.000000
ST. LOUIS - 000047,90,1.000000
ST. LOUIS - 000048,90,0.988095
ST. LOUIS - 000048,89,0.011905
ST. LOUIS - 000049,90,1.000000
ST. LOUIS - 000050,90,1.000000
ST. LOUIS - 000051,90,1.000000
ST. LOUIS - 000052,110,0.935714
ST. LOUIS - 000052,102,0.004762
ST. LOUIS - 000052,101,0.059524
ST. LOUIS - 000053,101,1.000000
ST. LOUIS - 000054,101,1.000000
ST. LOUIS - 000055,110,1.000000
ST. LOUIS - 000056,110,1.000000
ST. LOUIS - 000057,88,1.000000
ST. LOUIS - 000058,101,0.988095
ST. LOUIS - 000058,110,0.009524
ST. LOUIS - 000058,69,0.002381
ST. LOUIS - 000059,88,1.000000
ST. LOUIS - 000060,88,0.345238
ST. LOUIS - 000060,110,0.654762
ST. LOUIS - 000061,110,1.000000
ST. LOUIS - 000062,110,1.000000
ST. LOUIS - 000063,110,1.000000
ST. LOUIS - 000064,110,1.000000
ST. LOUIS - 000065,110,1.000000
ST. LOUIS - 000066,110,1.000000
ST. LOUIS - 000067,101,0.147619
ST. LOUIS - 000067,87,0.847619
ST. LOUIS - 000067,69,0.004762
ST. LOUIS - 000068,110,1.000000
ST. LOUIS - 000069,110,1.000000
ST. LOUIS - 000070,88,1.000000
ST. LOUIS - 000071,101,1.000000
ST. LOUIS - 000072,101,1.000000
ST. LOUIS - 000073,101,1.000000
ST. LOUIS - 000074,86,1.000000
ST. LOUIS - 000075,86,0.614286
ST. LOUIS - 000075,99,0.385714
ST. LOUIS - 000076,99,1.000000
ST. LOUIS - 000077,99,0.988095
ST. LOUIS - 000077,86,0.011905
ST. LOUIS - 000078,99,1.000000
ST. LOUIS - 000079,99,0.652381
ST. LOUIS - 000079,89,0.345238
ST. LOUIS - 000079,90,0.002381
ST. LOUIS - 000080,83,1.000000
ST. LOUIS - 000081,91,1.000000
ST. LOUIS - 000082,91,1.000000
ST. LOUIS - 000083,91,0.995238
ST. LOUIS - 000083,99,0.004762
ST. LOUIS - 000084,99,1.000000
ST. LOUIS - 000085,99,1.000000
ST. LOUIS - 000086,83,1.000000
ST. LOUIS - 000087,83,1.000000
ST. LOUIS - 000088,99,0.983333
ST. LOUIS - 000088,86,0.016667
ST. LOUIS - 000089,83,1.000000
ST. LOUIS - 000090,83,1.000000
ST. LOUIS - 000091,99,1.000000
ST. LOUIS - 000092,83,1.000000
ST. LOUIS - 000093,91,1.000000
ST. LOUIS - 000094,83,0.935714
ST. LOUIS - 000094,91,0.064286
ST. LOUIS - 000095,99,1.000000
ST. LOUIS - 000097,99,1.000000
ST. LOUIS - 000098,99,1.000000
ST. LOUIS - 000099,83,1.000000
ST. LOUIS - 000100,93,1.000000
ST. LOUIS - 000101,92,0.621429
ST. LOUIS - 000101,91,0.378571
ST. LOUIS - 000102,92,1.000000
ST. LOUIS - 000103,96,1.000000
ST. LOUIS - 000104,92,1.000000
ST. LOUIS - 000105,92,1.000000
ST. LOUIS - 000106,93,0.897619
ST. LOUIS - 000106,92,0.102381
ST. LOUIS - 000107,93,1.000000
ST. LOUIS - 000108,92,1.000000
ST. LOUIS - 000109,92,0.833333
ST. LOUIS - 000109,91,0.166667
ST. LOUIS - 000110,92,0.361905
ST. LOUIS - 000110,96,0.638095
ST. LOUIS - 000111,96,1.000000
ST. LOUIS - 000112,92,1.000000
ST. LOUIS - 000113,92,1.000000
ST. LOUIS - 000114,92,0.259524
ST. LOUIS - 000114,93,0.740476
ST. LOUIS - 000115,96,0.297619
ST. LOUIS - 000115,92,0.702381
ST. LOUIS - 000116,92,1.000000
ST. LOUIS - 000117,92,1.000000
ST. LOUIS - 000118,92,0.930952
ST. LOUIS - 000118,93,0.069048
ST. LOUIS - 000119,92,1.000000
ST. LOUIS - 000120,92,1.000000
ST. LOUIS - 000121,92,1.000000
ST. LOUIS - 000122,92,1.000000
ST. LOUIS - 000123,92,0.992857
ST. LOUIS - 000123,93,0.004762
ST. LOUIS - 000123,94,0.002381
ST. LOUIS - 000124,93,1.000000
ST. LOUIS - 000125,92,0.716667
ST. LOUIS - 000125,91,0.283333
ST. LOUIS - 000126,71,1.000000
ST. LOUIS - 000127,71,1.000000
ST. LOUIS - 000128,71,1.000000
ST. LOUIS - 000129,71,1.000000
ST. LOUIS - 000130,71,0.521429
ST. LOUIS - 000130,72,0.478571
ST. LOUIS - 000131,71,1.000000
ST. LOUIS - 000132,99,0.688095
ST. LOUIS - 000132,71,0.309524
ST. LOUIS - 000132,72,0.002381
ST. LOUIS - 000133,99,0.985714
ST. LOUIS - 000133,86,0.014286
ST. LOUIS - 000134,99,1.000000
ST. LOUIS - 000135,71,0.992857
ST. LOUIS - 000135,99,0.007143
ST. LOUIS - 000136,99,0.928571
ST. LOUIS - 000136,72,0.071429
ST. LOUIS - 000137,72,1.000000
ST. LOUIS - 000138,72,1.000000
ST. LOUIS - 000139,71,0.966667
ST. LOUIS - 000139,72,0.033333
ST. LOUIS - 000140,71,1.000000
ST. LOUIS - 000141,72,0.107143
ST. LOUIS - 000141,99,0.885714
ST. LOUIS - 000141,86,0.007143
ST. LOUIS - 000142,71,1.000000
ST. LOUIS - 000143,71,1.000000
ST. LOUIS - 000144,71,1.000000
ST. LOUIS - 000145,72,0.802381
ST. LOUIS - 000145,87,0.088095
ST. LOUIS - 000145,71,0.109524
ST. LOUIS - 000146,72,0.885714
ST. LOUIS - 000146,87,0.114286
ST. LOUIS - 000147,72,0.995238
ST. LOUIS - 000147,71,0.004762
ST. LOUIS - 000148,72,1.000000
ST. LOUIS - 000149,71,1.000000
ST. LOUIS - 000150,71,0.847619
ST. LOUIS - 000150,87,0.038095
ST. LOUIS - 000150,72,0.114286
ST. LOUIS - 000152,71,0.338095
ST. LOUIS - 000152,87,0.661905
ST. LOUIS - 000153,71,0.902381
ST. LOUIS - 000153,87,0.097619
ST. LOUIS - 000154,73,1.000000
ST. LOUIS - 000155,85,0.964286
ST. LOUIS - 000155,73,0.035714
ST. LOUIS - 000156,85,0.938095
ST. LOUIS - 000156,73,0.061905
ST. LOUIS - 000157,73,1.000000
ST. LOUIS - 000158,73,0.992857
ST. LOUIS - 000158,68,0.007143
ST. LOUIS - 000159,73,1.000000
ST. LOUIS - 000160,73,1.000000
ST. LOUIS - 000161,73,1.000000
ST. LOUIS - 000162,73,1.000000
ST. LOUIS - 000163,70,1.000000
ST. LOUIS - 000164,85,1.000000
ST. LOUIS - 000165,68,1.000000
ST. LOUIS - 000166,70,0.926190
ST. LOUIS - 000166,73,0.073810
ST. LOUIS - 000167,73,0.992857
ST. LOUIS - 000167,68,0.007143
ST. LOUIS - 000168,73,1.000000
ST. LOUIS - 000169,68,1.000000
ST. LOUIS - 000170,85,1.000000
ST. LOUIS - 000171,68,0.900000
ST. LOUIS - 000171,73,0.100000
ST. LOUIS - 000172,73,1.000000
ST. LOUIS - 000173,68,1.000000
ST. LOUIS - 000174,85,1.000000
ST. LOUIS - 000175,73,1.000000
ST. LOUIS - 000176,68,0.852381
ST. LOUIS - 000176,73,0.142857
ST. LOUIS - 000176,75,0.004762
ST. LOUIS - 000177,73,1.000000
ST. LOUIS - 000178,85,0.952381
ST. LOUIS - 000178,73,0.047619
ST. LOUIS - 000179,85,1.000000
ST. LOUIS - 000180,85,1.000000
ST. LOUIS - 000181,85,1.000000
ST. LOUIS - 000183,75,0.969048
ST. LOUIS - 000183,67,0.030952
ST. LOUIS - 000184,75,1.000000
ST. LOUIS - 000185,68,0.626190
ST. LOUIS - 000185,75,0.373810
ST. LOUIS - 000186,68,1.000000
ST. LOUIS - 000187,75,1.000000
ST. LOUIS - 000188,68,1.000000
ST. LOUIS - 000189,75,0.897619
ST. LOUIS - 000189,68,0.102381
ST. LOUIS - 000190,68,1.000000
ST. LOUIS - 000191,75,1.000000
ST. LOUIS - 000192,68,0.914286
ST. LOUIS - 000192,75,0.085714
ST. LOUIS - 000193,68,0.764286
ST. LOUIS - 000193,75,0.235714
ST. LOUIS - 000194,68,1.000000
ST. LOUIS - 000195,70,0.966667
ST. LOUIS - 000195,68,0.033333
ST. LOUIS - 000196,68,0.685714
ST. LOUIS - 000196,75,0.314286
ST. LOUIS - 000197,68,1.000000
ST. LOUIS - 000198,70,1.000000
ST. LOUIS - 000199,68,1.000000
ST. LOUIS - 000200,68,1.000000
ST. LOUIS - 000201,68,0.964286
ST. LOUIS - 000201,70,0.035714
ST. LOUIS - 000202,75,1.000000
ST. LOUIS - 000203,96,1.000000
ST. LOUIS - 000204,96,0.954762
ST. LOUIS - 000204,91,0.045238
ST. LOUIS - 000205,91,0.545238
ST. LOUIS - 000205,96,0.454762
ST. LOUIS - 000206,96,1.000000
ST. LOUIS - 000207,96,1.000000
ST. LOUIS - 000208,83,0.290476
ST. LOUIS - 000208,91,0.709524
ST. LOUIS - 000209,92,0.838095
ST. LOUIS - 000209,83,0.161905
ST. LOUIS - 000210,91,1.000000
ST. LOUIS - 000211,92,0.980952
ST. LOUIS - 000211,83,0.019048
ST. LOUIS - 000212,90,1.000000
ST. LOUIS - 000213,83,1.000000
ST. LOUIS - 000214,83,0.947619
ST. LOUIS - 000214,92,0.050000
ST. LOUIS - 000214,82,0.002381
ST. LOUIS - 000215,92,1.000000
ST. LOUIS - 000216,92,0.985714
ST. LOUIS - 000216,82,0.014286
ST. LOUIS - 000217,96,1.000000
ST. LOUIS - 000218,96,1.000000
ST. LOUIS - 000219,96,1.000000
ST. LOUIS - 000220,90,0.114286
ST. LOUIS - 000220,96,0.885714
ST. LOUIS - 000221,83,0.107143
ST. LOUIS - 000221,91,0.892857
ST. LOUIS - 000222,91,1.000000
ST. LOUIS - 000223,96,1.000000
ST. LOUIS - 000224,96,1.000000
ST. LOUIS - 000225,83,1.000000
ST. LOUIS - 000226,96,1.000000
ST. LOUIS - 000227,91,1.000000
ST. LOUIS - 000228,96,1.000000
ST. LOUIS - 000229,96,1.000000
ST. LOUIS - 000230,96,1.000000
ST. LOUIS - 000231,96,1.000000
ST. LOUIS - 000232,96,1.000000
ST. LOUIS - 000233,99,1.000000
ST. LOUIS - 000234,86,1.000000
ST. LOUIS - 000235,86,1.000000
ST. LOUIS - 000236,86,0.971429
ST. LOUIS - 000236,99,0.028571
ST. LOUIS - 000237,99,1.000000
ST. LOUIS - 000238,99,1.000000
ST. LOUIS - 000239,83,1.000000
ST. LOUIS - 000240,83,0.983333
ST. LOUIS - 000240,84,0.016667
ST. LOUIS - 000241,83,1.000000
ST. LOUIS - 000242,83,1.000000
ST. LOUIS - 000243,99,1.000000
ST. LOUIS - 000244,99,1.000000
ST. LOUIS - 000245,83,1.000000
ST. LOUIS - 000246,83,1.000000
ST. LOUIS - 000247,83,1.000000
ST. LOUIS - 000248,83,1.000000
ST. LOUIS - 000249,83,1.000000
ST. LOUIS - 000250,99,1.000000
ST. LOUIS - 000251,86,0.947619
ST. LOUIS - 000251,84,0.052381
ST. LOUIS - 000252,86,1.000000
ST. LOUIS - 000253,86,1.000000
ST. LOUIS - 000254,75,1.000000
ST. LOUIS - 000255,67,0.964286
ST. LOUIS - 000255,66,0.035714
ST. LOUIS - 000256,66,1.000000
ST. LOUIS - 000257,85,0.823810
ST. LOUIS - 000257,66,0.176190
ST. LOUIS - 000258,66,0.485714
ST. LOUIS - 000258,85,0.514286
ST. LOUIS - 000259,66,0.935714
ST. LOUIS - 000259,85,0.064286
ST. LOUIS - 000260,85,1.000000
ST. LOUIS - 000261,85,1.000000
ST. LOUIS - 000262,85,1.000000
ST. LOUIS - 000263,85,1.000000
ST. LOUIS - 000264,85,1.000000
ST. LOUIS - 000265,85,1.000000
ST. LOUIS - 000266,85,1.000000
ST. LOUIS - 000267,73,1.000000
ST. LOUIS - 000268,85,1.000000
ST. LOUIS - 000269,67,0.978571
ST. LOUIS - 000269,75,0.019048
ST. LOUIS - 000269,68,0.002381
ST. LOUIS - 000270,85,1.000000
ST. LOUIS - 000271,67,1.000000
ST. LOUIS - 000272,68,1.000000
ST. LOUIS - 000273,73,0.616667
ST. LOUIS - 000273,68,0.354762
ST. LOUIS - 000273,66,0.016667
ST. LOUIS - 000273,67,0.011905
ST. LOUIS - 000274,99,1.000000
ST. LOUIS - 000275,83,1.000000
ST. LOUIS - 000276,83,1.000000
ST. LOUIS - 000277,83,1.000000
ST. LOUIS - 000278,91,1.000000
ST. LOUIS - 000279,91,1.000000
ST. LOUIS - 000280,91,1.000000
ST. LOUIS - 000281,91,1.000000
ST. LOUIS - 000282,90,1.000000
ST. LOUIS - 000283,83,1.000000
ST. LOUIS - 000284,91,1.000000
ST. LOUIS - 000285,91,1.000000
ST. LOUIS - 000286,91,1.000000
ST. LOUIS - 000287,91,1.000000
ST. LOUIS - 000288,91,1.000000
ST. LOUIS - 000289,90,1.000000
ST. LOUIS - 000290,90,1.000000
ST. LOUIS - 000291,90,0.969048
ST. LOUIS - 000291,99,0.028571
ST. LOUIS - 000291,91,0.002381
ST. LOUIS - 000292,99,1.000000
ST. LOUIS - 000293,91,1.000000
ST. LOUIS - 000294,91,1.000000
ST. LOUIS - 000295,91,1.000000
ST. LOUIS - 000296,91,1.000000
ST. LOUIS - 000297,91,1.000000
ST. LOUIS - 000298,83,1.000000
ST. LOUIS - 000299,83,1.000000
ST. LOUIS - 000300,83,1.000000
ST. LOUIS - 000301,83,1.000000
ST. LOUIS - 000302,98,1.000000
ST. LOUIS - 000303,89,1.000000
ST. LOUIS - 000304,100,0.945238
ST. LOUIS - 000304,89,0.054762
ST. LOUIS - 000305,100,1.000000
ST. LOUIS - 000306,98,0.976190
ST. LOUIS - 000306,100,0.023810
ST. LOUIS - 000307,100,1.000000
ST. LOUIS - 000308,100,1.000000
ST. LOUIS - 000309,100,1.000000
ST. LOUIS - 000310,100,0.992857
ST. LOUIS - 000310,89,0.007143
ST. LOUIS - 000311,101,1.000000
ST. LOUIS - 000312,101,1.000000
ST. LOUIS - 000313,89,0.223810
ST. LOUIS - 000313,101,0.776190
ST. LOUIS - 000314,89,0.009524
ST. LOUIS - 000314,100,0.969048
ST. LOUIS - 000314,101,0.021429
ST. LOUIS - 000315,100,1.000000
ST. LOUIS - 000316,100,0.983333
ST. LOUIS - 000316,88,0.016667
ST. LOUIS - 000317,100,1.000000
ST. LOUIS - 000318,101,0.723810
ST. LOUIS - 000318,89,0.271429
ST. LOUIS - 000318,100,0.004762
ST. LOUIS - 000319,100,1.000000
ST. LOUIS - 000320,100,0.566667
ST. LOUIS - 000320,88,0.433333
ST. LOUIS - 000321,88,1.000000
ST. LOUIS - 000322,100,0.733333
ST. LOUIS - 000322,89,0.266667
ST. LOUIS - 000323,89,1.000000
ST. LOUIS - 000324,89,0.661905
ST. LOUIS - 000324,101,0.338095
ST. LOUIS - 000325,101,0.945238
ST. LOUIS - 000325,89,0.054762
ST. LOUIS - 000326,93,0.923810
ST. LOUIS - 000326,94,0.076190
ST. LOUIS - 000327,93,1.000000
ST. LOUIS - 000328,93,1.000000
ST. LOUIS - 000329,93,1.000000
ST. LOUIS - 000330,93,1.000000
ST. LOUIS - 000331,93,1.000000
ST. LOUIS - 000332,94,1.000000
ST. LOUIS - 000333,94,0.578571
ST. LOUIS - 000333,92,0.421429
ST. LOUIS - 000334,93,1.000000
ST. LOUIS - 000335,93,1.000000
ST. LOUIS - 000336,93,1.000000
ST. LOUIS - 000337,93,1.000000
ST. LOUIS - 000338,93,0.952381
ST. LOUIS - 000338,94,0.047619
ST. LOUIS - 000339,93,1.000000
ST. LOUIS - 000340,93,0.690476
ST. LOUIS - 000340,94,0.309524
ST. LOUIS - 000341,93,1.000000
ST. LOUIS - 000343,93,0.047619
ST. LOUIS - 000343,92,0.830952
ST. LOUIS - 000343,94,0.121429
ST. LOUIS - 000344,94,0.571429
ST. LOUIS - 000344,93,0.428571
ST. LOUIS - 000345,93,0.980952
ST. LOUIS - 000345,81,0.019048
ST. LOUIS - 000346,93,1.000000
ST. LOUIS - 000347,68,1.000000
ST. LOUIS - 000348,68,1.000000
ST. LOUIS - 000349,70,1.000000
ST. LOUIS - 000350,75,0.723810
ST. LOUIS - 000350,65,0.047619
ST. LOUIS - 000350,68,0.214286
ST. LOUIS - 000350,70,0.014286
ST. LOUIS - 000351,70,1.000000
ST. LOUIS - 000352,70,1.000000
ST. LOUIS - 000353,68,0.864286
ST. LOUIS - 000353,75,0.100000
ST. LOUIS - 000353,70,0.035714
ST. LOUIS - 000354,75,0.902381
ST. LOUIS - 000354,68,0.097619
ST. LOUIS - 000355,75,0.990476
ST. LOUIS - 000355,65,0.009524
ST. LOUIS - 000356,75,0.671429
ST. LOUIS - 000356,68,0.328571
ST. LOUIS - 000357,70,1.000000
ST. LOUIS - 000358,75,1.000000
ST. LOUIS - 000359,75,1.000000
ST. LOUIS - 000360,70,0.542857
ST. LOUIS - 000360,68,0.457143
ST. LOUIS - 000361,68,1.000000
ST. LOUIS - 000362,70,1.000000
ST. LOUIS - 000363,75,1.000000
ST. LOUIS - 000364,101,0.542857
ST. LOUIS - 000364,87,0.457143
ST. LOUIS - 000365,71,1.000000
ST. LOUIS - 000366,71,0.488095
ST. LOUIS - 000366,87,0.511905
ST. LOUIS - 000367,87,1.000000
ST. LOUIS - 000368,87,1.000000
ST. LOUIS - 000369,89,0.147619
ST. LOUIS - 000369,71,0.852381
ST. LOUIS - 000370,71,1.000000
ST. LOUIS - 000371,87,0.978571
ST. LOUIS - 000371,105,0.007143
ST. LOUIS - 000371,69,0.014286
ST. LOUIS - 000372,87,1.000000
ST. LOUIS - 000373,101,0.557143
ST. LOUIS - 000373,87,0.426190
ST. LOUIS - 000373,89,0.014286
ST. LOUIS - 000373,71,0.002381
ST. LOUIS - 000374,87,1.000000
ST. LOUIS - 000375,87,1.000000
ST. LOUIS - 000376,101,1.000000
ST. LOUIS - 000377,71,0.961905
ST. LOUIS - 000377,87,0.038095
ST. LOUIS - 000378,87,0.992857
ST. LOUIS - 000378,71,0.007143
ST. LOUIS - 000379,71,0.190476
ST. LOUIS - 000379,89,0.807143
ST. LOUIS - 000379,87,0.002381
ST. LOUIS - 000380,87,1.000000
ST. LOUIS - 000381,89,0.483333
ST. LOUIS - 000381,101,0.509524
ST. LOUIS - 000381,87,0.007143
ST. LOUIS - 000382,71,1.000000
ST. LOUIS - 000383,71,0.926190
ST. LOUIS - 000383,87,0.047619
ST. LOUIS - 000383,89,0.026190
ST. LOUIS - 000384,100,1.000000
ST. LOUIS - 000385,96,0.816667
ST. LOUIS - 000385,88,0.173810
ST. LOUIS - 000385,98,0.009524
ST. LOUIS - 000386,100,1.000000
ST. LOUIS - 000387,98,0.335714
ST. LOUIS - 000387,88,0.604762
ST. LOUIS - 000387,96,0.059524
ST. LOUIS - 000388,100,1.000000
ST. LOUIS - 000389,88,1.000000
ST. LOUIS - 000390,88,1.000000
ST. LOUIS - 000391,88,1.000000
ST. LOUIS - 000392,88,1.000000
ST. LOUIS - 000393,110,0.495238
ST. LOUIS - 000393,88,0.504762
ST. LOUIS - 000394,88,1.000000
ST. LOUIS - 000395,110,0.688095
ST. LOUIS - 000395,88,0.311905
ST. LOUIS - 000396,100,1.000000
ST. LOUIS - 000397,110,0.554762
ST. LOUIS - 000397,88,0.445238
ST. LOUIS - 000398,88,1.000000
ST. LOUIS - 000399,100,0.923810
ST. LOUIS - 000399,88,0.076190
ST. LOUIS - 000400,88,1.000000
ST. LOUIS - 000402,88,0.692857
ST. LOUIS - 000402,100,0.307143
ST. LOUIS - 000403,88,1.000000
ST. LOUIS - 000404,88,1.000000
ST. LOUIS - 000405,100,0.061905
ST. LOUIS - 000405,88,0.938095
ST. LOUIS - 000406,96,0.119048
ST. LOUIS - 000406,88,0.880952
ST. LOUIS - 000407,100,1.000000
ST. LOUIS - 000408,88,0.800000
ST. LOUIS - 000408,110,0.200000
ST. LOUIS - 000409,110,0.240476
ST. LOUIS - 000409,88,0.759524
ST. LOUIS - 000410,87,1.000000
ST. LOUIS - 000411,72,1.000000
ST. LOUIS - 000412,72,0.800000
ST. LOUIS - 000412,74,0.200000
ST. LOUIS - 000413,72,0.995238
ST. LOUIS - 000413,74,0.004762
ST. LOUIS - 000414,74,1.000000
ST. LOUIS - 000415,74,1.000000
ST. LOUIS - 000416,72,1.000000
ST. LOUIS - 000417,74,1.000000
ST. LOUIS - 000418,72,1.000000
ST. LOUIS - 000419,74,1.000000
ST. LOUIS - 000420,73,1.000000
ST. LOUIS - 000421,72,1.000000
ST. LOUIS - 000422,72,1.000000
ST. LOUIS - 000423,72,1.000000
ST. LOUIS - 000424,72,1.000000
ST. LOUIS - 000425,72,0.419048
ST. LOUIS - 000425,87,0.580952
ST. LOUIS - 000426,73,1.000000
ST. LOUIS - 000427,72,1.000000
ST. LOUIS - 000428,72,0.983333
ST. LOUIS - 000428,87,0.016667
ST. LOUIS - 000429,72,1.000000
ST. LOUIS - 000430,72,1.000000
ST. LOUIS - 000431,74,1.000000
ST. LOUIS - 000432,72,1.000000
ST. LOUIS - 000433,72,1.000000
ST. LOUIS - 000434,73,1.000000
ST. LOUIS - 000435,72,1.000000
ST. LOUIS - 000436,89,1.000000
ST. LOUIS - 000437,71,1.000000
ST. LOUIS - 000438,71,0.952381
ST. LOUIS - 000438,89,0.047619
ST. LOUIS - 000439,89,1.000000
ST. LOUIS - 000440,89,0.966667
ST. LOUIS - 000440,90,0.033333
ST. LOUIS - 000441,89,1.000000
ST. LOUIS - 000442,89,1.000000
ST. LOUIS - 000443,89,1.000000
ST. LOUIS - 000444,98,1.000000
ST. LOUIS - 000445,98,0.592857
ST. LOUIS - 000445,89,0.407143
ST. LOUIS - 000446,89,1.000000
ST. LOUIS - 000447,89,1.000000
ST. LOUIS - 000448,89,0.966667
ST. LOUIS - 000448,90,0.033333
ST. LOUIS - 000449,89,1.000000
ST. LOUIS - 000450,89,1.000000
ST. LOUIS - 000451,89,1.000000
ST. LOUIS - 000452,101,0.933333
ST. LOUIS - 000452,89,0.066667
ST. LOUIS - 000453,89,0.983333
ST. LOUIS - 000453,101,0.016667
ST. LOUIS - 000454,89,1.000000
ST. LOUIS - 000455,71,0.585714
ST. LOUIS - 000455,89,0.414286
ST. LOUIS - 000456,89,1.000000
ST. LOUIS - 000457,71,1.000000
ST. LOUIS - 000458,89,0.983333
ST. LOUIS - 000458,100,0.016667
ST. LOUIS - 000459,89,1.000000
ST. LOUIS - 000461,85,1.000000
ST. LOUIS - 000462,74,0.950000
ST. LOUIS - 000462,86,0.030952
ST. LOUIS - 000462,72,0.019048
ST. LOUIS - 000463,74,1.000000
ST. LOUIS - 000464,74,0.985714
ST. LOUIS - 000464,73,0.014286
ST. LOUIS - 000465,74,1.000000
ST. LOUIS - 000466,74,1.000000
ST. LOUIS - 000467,74,1.000000
ST. LOUIS - 000468,74,1.000000
ST. LOUIS - 000469,74,1.000000
ST. LOUIS - 000470,85,1.000000
ST. LOUIS - 000471,74,1.000000
ST. LOUIS - 000472,74,1.000000
ST. LOUIS - 000473,74,1.000000
ST. LOUIS - 000474,74,0.540476
ST. LOUIS - 000474,72,0.459524
ST. LOUIS - 000475,85,1.000000
ST. LOUIS - 000476,85,1.000000
ST. LOUIS - 000477,74,1.000000
ST. LOUIS - 000478,74,1.000000
ST. LOUIS - 000479,74,1.000000
ST. LOUIS - 000480,74,0.921429
ST. LOUIS - 000480,73,0.078571
ST. LOUIS - 000481,85,0.969048
ST. LOUIS - 000481,74,0.028571
ST. LOUIS - 000481,84,0.002381
ST. LOUIS - 000482,74,0.990476
ST. LOUIS - 000482,86,0.009524
ST. LOUIS - 000483,85,1.000000
ST. LOUIS - 000484,74,1.000000
ST. LOUIS - 000485,74,1.000000
ST. LOUIS - 000486,74,0.947619
ST. LOUIS - 000486,85,0.052381
ST. LOUIS - 000487,74,1.000000
ST. LOUIS - 000488,85,1.000000
ST. LOUIS - 000489,74,1.000000
ST. LOUIS - 000490,73,0.966667
ST. LOUIS - 000490,74,0.033333
ST. LOUIS - 000491,74,1.000000
ST. LOUIS - 000492,87,0.988095
ST. LOUIS - 000492,70,0.011905
ST. LOUIS - 000493,70,1.000000
ST. LOUIS - 000494,70,1.000000
ST. LOUIS - 000495,87,1.000000
ST. LOUIS - 000496,70,1.000000
ST. LOUIS - 000497,70,1.000000
ST. LOUIS - 000498,70,1.000000
ST. LOUIS - 000499,87,1.000000
ST. LOUIS - 000500,87,1.000000
ST. LOUIS - 000501,87,0.980952
ST. LOUIS - 000501,70,0.019048
ST. LOUIS - 000502,87,0.902381
ST. LOUIS - 000502,105,0.069048
ST. LOUIS - 000502,70,0.028571
ST. LOUIS - 000503,70,1.000000
ST. LOUIS - 000504,70,0.933333
ST. LOUIS - 000504,87,0.066667
ST. LOUIS - 000505,70,1.000000
ST. LOUIS - 000506,70,1.000000
ST. LOUIS - 000507,70,1.000000
ST. LOUIS - 000508,70,1.000000
ST. LOUIS - 000509,87,1.000000
ST. LOUIS - 000510,70,0.988095
ST. LOUIS - 000510,87,0.011905
ST. LOUIS - 000511,70,0.940476
ST. LOUIS - 000511,87,0.059524
ST. LOUIS - 000512,70,1.000000
ST. LOUIS - 000513,70,1.000000
ST. LOUIS - 000514,87,1.000000
ST. LOUIS - 000515,87,1.000000
ST. LOUIS - 000516,70,1.000000
ST. LOUIS - 000517,70,1.000000
ST. LOUIS - 000518,70,1.000000
ST. LOUIS - 000519,73,1.000000
ST. LOUIS - 000520,73,1.000000
ST. LOUIS - 000521,73,1.000000
ST. LOUIS - 000522,73,0.704762
ST. LOUIS - 000522,85,0.292857
ST. LOUIS - 000522,74,0.002381
ST. LOUIS - 000523,74,0.930952
ST. LOUIS - 000523,73,0.069048
ST. LOUIS - 000524,74,1.000000
ST. LOUIS - 000525,74,1.000000
ST. LOUIS - 000526,74,0.952381
ST. LOUIS - 000526,85,0.047619
ST. LOUIS - 000527,85,1.000000
ST. LOUIS - 000528,85,1.000000
ST. LOUIS - 000529,85,1.000000
ST. LOUIS - 000530,85,1.000000
ST. LOUIS - 000531,85,1.000000
ST. LOUIS - 000532,85,0.871429
ST. LOUIS - 000532,74,0.128571
ST. LOUIS - 000533,85,1.000000
ST. LOUIS - 000534,85,1.000000
ST. LOUIS - 000535,85,1.000000
ST. LOUIS - 000536,73,1.000000
ST. LOUIS - 000537,85,1.000000
ST. LOUIS - 000538,85,1.000000
ST. LOUIS - 000539,73,1.000000
ST. LOUIS - 000540,94,1.000000
ST. LOUIS - 000541,95,1.000000
ST. LOUIS - 000542,94,0.378571
ST. LOUIS - 000542,95,0.621429
ST. LOUIS - 000543,94,0.992857
ST. LOUIS - 000543,93,0.007143
ST. LOUIS - 000544,95,0.857143
ST. LOUIS - 000544,94,0.142857
ST. LOUIS - 000545,95,1.000000
ST. LOUIS - 000546,95,0.935714
ST. LOUIS - 000546,94,0.064286
ST. LOUIS - 000547,95,1.000000
ST. LOUIS - 000548,94,1.000000
ST. LOUIS - 000549,95,0.990476
ST. LOUIS - 000549,113,0.009524
ST. LOUIS - 000550,94,1.000000
ST. LOUIS - 000551,94,1.000000
ST. LOUIS - 000552,94,1.000000
ST. LOUIS - 000553,94,0.842857
ST. LOUIS - 000553,95,0.157143
ST. LOUIS - 000554,94,1.000000
ST. LOUIS - 000555,95,1.000000
ST. LOUIS - 000556,94,1.000000
ST. LOUIS - 000557,94,1.000000
ST. LOUIS - 000558,100,1.000000
ST. LOUIS - 000559,98,1.000000
ST. LOUIS - 000560,98,0.700000
ST. LOUIS - 000560,90,0.297619
ST. LOUIS - 000560,96,0.002381
ST. LOUIS - 000561,98,1.000000
ST. LOUIS - 000562,98,1.000000
ST. LOUIS - 000563,100,1.000000
ST. LOUIS - 000564,98,1.000000
ST. LOUIS - 000565,98,1.000000
ST. LOUIS - 000566,100,1.000000
ST. LOUIS - 000567,98,1.000000
ST. LOUIS - 000568,98,1.000000
ST. LOUIS - 000569,100,0.828571
ST. LOUIS - 000569,98,0.171429
ST. LOUIS - 000570,98,1.000000
ST. LOUIS - 000571,98,1.000000
ST. LOUIS - 000572,98,0.390476
ST. LOUIS - 000572,100,0.600000
ST. LOUIS - 000572,88,0.009524
ST. LOUIS - 000573,98,0.545238
ST. LOUIS - 000573,89,0.452381
ST. LOUIS - 000573,90,0.002381
ST. LOUIS - 000574,100,1.000000
ST. LOUIS - 000575,98,1.000000
ST. LOUIS - 000576,98,1.000000
ST. LOUIS - 000577,98,1.000000
ST. LOUIS - 000578,98,0.135714
ST. LOUIS - 000578,90,0.569048
ST. LOUIS - 000578,89,0.295238
ST. LOUIS - 000579,90,0.169048
ST. LOUIS - 000579,89,0.450000
ST. LOUIS - 000579,98,0.380952
ST. LOUIS - 000580,67,0.959524
ST. LOUIS - 000580,75,0.011905
ST. LOUIS - 000580,65,0.028571
ST. LOUIS - 000581,67,1.000000
ST. LOUIS - 000582,67,1.000000
ST. LOUIS - 000583,68,0.509524
ST. LOUIS - 000583,75,0.490476
ST. LOUIS - 000584,75,0.950000
ST. LOUIS - 000584,68,0.050000
ST. LOUIS - 000585,75,0.992857
ST. LOUIS - 000585,67,0.007143
ST. LOUIS - 000586,75,0.233333
ST. LOUIS - 000586,67,0.766667
ST. LOUIS - 000587,67,1.000000
ST. LOUIS - 000588,67,0.923810
ST. LOUIS - 000588,75,0.076190
ST. LOUIS - 000589,75,1.000000
ST. LOUIS - 000590,66,0.550000
ST. LOUIS - 000590,67,0.450000
ST. LOUIS - 000591,67,1.000000
ST. LOUIS - 000592,75,1.000000
ST. LOUIS - 000593,67,1.000000
ST. LOUIS - 000594,66,0.983333
ST. LOUIS - 000594,65,0.011905
ST. LOUIS - 000594,67,0.004762
ST. LOUIS - 000595,67,1.000000
ST. LOUIS - 000596,67,1.000000
ST. LOUIS - 000597,67,1.000000
ST. LOUIS - 000598,67,1.000000
ST. LOUIS - 000599,67,1.000000
ST. LOUIS - 000600,66,0.590476
ST. LOUIS - 000600,67,0.409524
ST. LOUIS - 000601,66,1.000000
ST. LOUIS - 000602,66,1.000000
ST. LOUIS - 000603,66,1.000000
ST. LOUIS - 000604,66,1.000000
ST. LOUIS - 000605,66,1.000000
ST. LOUIS - 000606,66,0.533333
ST. LOUIS - 000606,67,0.466667
ST. LOUIS - 000607,66,1.000000
ST. LOUIS - 000608,66,1.000000
ST. LOUIS - 000609,66,1.000000
ST. LOUIS - 000610,66,1.000000
ST. LOUIS - 000611,66,1.000000
ST. LOUIS - 000612,66,1.000000
ST. LOUIS - 000613,66,1.000000
ST. LOUIS - 000614,66,1.000000
ST. LOUIS - 000615,66,1.000000
ST. LOUIS - 000616,66,1.000000
ST. LOUIS - 000617,96,1.000000
ST. LOUIS - 000618,96,0.859524
ST. LOUIS - 000618,95,0.140476
ST. LOUIS - 000619,95,0.642857
ST. LOUIS - 000619,94,0.357143
ST. LOUIS - 000620,92,1.000000
ST. LOUIS - 000621,95,1.000000
ST. LOUIS - 000622,94,1.000000
ST. LOUIS - 000623,92,0.483333
ST. LOUIS - 000623,94,0.516667
ST. LOUIS - 000624,94,1.000000
ST. LOUIS - 000625,94,0.483333
ST. LOUIS - 000625,95,0.492857
ST. LOUIS - 000625,92,0.023810
ST. LOUIS - 000626,96,1.000000
ST. LOUIS - 000627,94,1.000000
ST. LOUIS - 000628,95,0.711905
ST. LOUIS - 000628,94,0.288095
ST. LOUIS - 000629,95,1.000000
ST. LOUIS - 000630,95,1.000000
ST. LOUIS - 000631,95,1.000000
ST. LOUIS - 000632,95,1.000000
ST. LOUIS - 000633,95,0.966667
ST. LOUIS - 000633,97,0.021429
ST. LOUIS - 000633,112,0.011905
ST. LOUIS - 000634,95,1.000000
ST. LOUIS - 000635,96,1.000000
ST. LOUIS - 000636,96,1.000000
ST. LOUIS - 000637,96,0.502381
ST. LOUIS - 000637,95,0.050000
ST. LOUIS - 000637,92,0.366667
ST. LOUIS - 000637,94,0.080952
ST. LOUIS - 000638,74,1.000000
ST. LOUIS - 000639,74,0.992857
ST. LOUIS - 000639,86,0.004762
ST. LOUIS - 000639,84,0.002381
ST. LOUIS - 000640,74,0.073810
ST. LOUIS - 000640,86,0.921429
ST. LOUIS - 000640,84,0.004762
ST. LOUIS - 000641,86,1.000000
ST. LOUIS - 000642,74,1.000000
ST. LOUIS - 000643,86,1.000000
ST. LOUIS - 000644,86,1.000000
ST. LOUIS - 000645,86,1.000000
ST. LOUIS - 000646,86,1.000000
ST. LOUIS - 000647,86,1.000000
ST. LOUIS - 000648,86,1.000000
ST. LOUIS - 000649,86,1.000000
ST. LOUIS - 000650,86,1.000000
ST. LOUIS - 000651,86,1.000000
ST. LOUIS - 000652,86,1.000000
ST. LOUIS - 000653,86,1.000000
ST. LOUIS - 000654,86,1.000000
ST. LOUIS - 000655,86,1.000000
ST. LOUIS - 000656,74,1.000000
ST. LOUIS - 000657,74,1.000000
ST. LOUIS - 000658,74,1.000000
ST. LOUIS CITY - 000002,84,1.000000
ST. LOUIS CITY - 000003,76,1.000000
ST. LOUIS CITY - 000004,76,1.000000
ST. LOUIS CITY - 000005,76,1.000000
ST. LOUIS CITY - 000006,76,1.000000
ST. LOUIS CITY - 000007,84,1.000000
ST. LOUIS CITY - 000008,84,1.000000
ST. LOUIS CITY - 000009,84,0.690476
ST. LOUIS CITY - 000009,76,0.302381
ST. LOUIS CITY - 000009,77,0.007143
ST. LOUIS CITY - 000010,84,1.000000
ST. LOUIS CITY - 000011,84,1.000000
ST. LOUIS CITY - 000012,76,1.000000
ST. LOUIS CITY - 000013,76,1.000000
ST. LOUIS CITY - 000014,76,1.000000
ST. LOUIS CITY - 000015,81,0.276190
ST. LOUIS CITY - 000015,76,0.723810
ST. LOUIS CITY - 000016,80,0.342857
ST. LOUIS CITY - 000016,78,0.657143
ST. LOUIS CITY - 000017,78,0.769048
ST. LOUIS CITY - 000017,80,0.230952
ST. LOUIS CITY - 000018,81,0.209524
ST. LOUIS CITY - 000018,76,0.428571
ST. LOUIS CITY - 000018,78,0.361905
ST. LOUIS CITY - 000019,76,1.000000
ST. LOUIS CITY - 000020,76,1.000000
ST. LOUIS CITY - 000021,76,1.000000
ST. LOUIS CITY - 000022,78,1.000000
ST. LOUIS CITY - 000023,78,1.000000
ST. LOUIS CITY - 000024,78,1.000000
ST. LOUIS CITY - 000025,78,1.000000
ST. LOUIS CITY - 000026,81,1.000000
ST. LOUIS CITY - 000027,81,1.000000
ST. LOUIS CITY - 000028,81,1.000000
ST. LOUIS CITY - 000029,81,1.000000
ST. LOUIS CITY - 000030,81,1.000000
ST. LOUIS CITY - 000031,81,1.000000
ST. LOUIS CITY - 000032,81,1.000000
ST. LOUIS CITY - 000033,81,1.000000
ST. LOUIS CITY - 000034,76,0.073810
ST. LOUIS CITY - 000034,81,0.923810
ST. LOUIS CITY - 000034,93,0.002381
ST. LOUIS CITY - 000035,81,1.000000
ST. LOUIS CITY - 000036,81,1.000000
ST. LOUIS CITY - 000037,81,1.000000
ST. LOUIS CITY - 000038,81,1.000000
ST. LOUIS CITY - 000039,81,1.000000
ST. LOUIS CITY - 000040,82,1.000000
ST. LOUIS CITY - 000041,82,1.000000
ST. LOUIS CITY - 000042,82,0.811905
ST. LOUIS CITY - 000042,81,0.188095
ST. LOUIS CITY - 000043,81,0.109524
ST. LOUIS CITY - 000043,82,0.890476
ST. LOUIS CITY - 000044,82,0.464286
ST. LOUIS CITY - 000044,81,0.535714
ST. LOUIS CITY - 000045,81,1.000000
ST. LOUIS CITY - 000046,81,1.000000
ST. LOUIS CITY - 000047,81,1.000000
ST. LOUIS CITY - 000048,81,1.000000
ST. LOUIS CITY - 000049,81,1.000000
ST. LOUIS CITY - 000050,81,1.000000
ST. LOUIS CITY - 000051,81,1.000000
ST. LOUIS CITY - 000052,81,1.000000
ST. LOUIS CITY - 000053,81,0.883333
ST. LOUIS CITY - 000053,80,0.116667
ST. LOUIS CITY - 000054,81,1.000000
ST. LOUIS CITY - 000055,81,1.000000
ST. LOUIS CITY - 000056,81,1.000000
ST. LOUIS CITY - 000057,81,1.000000
ST. LOUIS CITY - 000058,81,1.000000
ST. LOUIS CITY - 000059,80,0.690476
ST. LOUIS CITY - 000059,81,0.309524
ST. LOUIS CITY - 000060,80,0.095238
ST. LOUIS CITY - 000060,81,0.904762
ST. LOUIS CITY - 000061,81,1.000000
ST. LOUIS CITY - 000062,81,1.000000
ST. LOUIS CITY - 000063,81,1.000000
ST. LOUIS CITY - 000064,81,1.000000
ST. LOUIS CITY - 000065,81,1.000000
ST. LOUIS CITY - 000066,80,1.000000
ST. LOUIS CITY - 000067,80,1.000000
ST. LOUIS CITY - 000068,80,0.771429
ST. LOUIS CITY - 000068,81,0.228571
ST. LOUIS CITY - 000069,80,1.000000
ST. LOUIS CITY - 000070,80,1.000000
ST. LOUIS CITY - 000071,81,1.000000
ST. LOUIS CITY - 000072,81,0.835714
ST. LOUIS CITY - 000072,80,0.164286
ST. LOUIS CITY - 000073,81,1.000000
ST. LOUIS CITY - 000074,82,0.514286
ST. LOUIS CITY - 000074,80,0.390476
ST. LOUIS CITY - 000074,81,0.095238
ST. LOUIS CITY - 000075,80,1.000000
ST. LOUIS CITY - 000076,80,0.152381
ST. LOUIS CITY - 000076,82,0.847619
ST. LOUIS CITY - 000077,80,0.738095
ST. LOUIS CITY - 000077,82,0.261905
ST. LOUIS CITY - 000078,80,1.000000
ST. LOUIS CITY - 000079,80,1.000000
ST. LOUIS CITY - 000080,80,1.000000
ST. LOUIS CITY - 000081,80,1.000000
ST. LOUIS CITY - 000082,80,0.990476
ST. LOUIS CITY - 000082,82,0.009524
ST. LOUIS CITY - 000083,80,1.000000
ST. LOUIS CITY - 000084,80,1.000000
ST. LOUIS CITY - 000085,80,1.000000
ST. LOUIS CITY - 000086,80,1.000000
ST. LOUIS CITY - 000087,80,1.000000
ST. LOUIS CITY - 000088,80,1.000000
ST. LOUIS CITY - 000089,80,1.000000
ST. LOUIS CITY - 000090,80,1.000000
ST. LOUIS CITY - 000091,81,0.507143
ST. LOUIS CITY - 000091,82,0.492857
ST. LOUIS CITY - 000092,82,1.000000
ST. LOUIS CITY - 000093,82,1.000000
ST. LOUIS CITY - 000094,82,1.000000
ST. LOUIS CITY - 000095,82,1.000000
ST. LOUIS CITY - 000096,82,1.000000
ST. LOUIS CITY - 000097,82,1.000000
ST. LOUIS CITY - 000098,82,1.000000
ST. LOUIS CITY - 000099,82,1.000000
ST. LOUIS CITY - 000100,82,1.000000
ST. LOUIS CITY - 000101,82,1.000000
ST. LOUIS CITY - 000102,82,1.000000
ST. LOUIS CITY - 000103,82,1.000000
ST. LOUIS CITY - 000104,82,1.000000
ST. LOUIS CITY - 000105,82,1.000000
ST. LOUIS CITY - 000106,82,1.000000
ST. LOUIS CITY - 000107,82,1.000000
ST. LOUIS CITY - 000108,82,1.000000
ST. LOUIS CITY - 000109,77,0.988095
ST. LOUIS CITY - 000109,79,0.011905
ST. LOUIS CITY - 000110,77,1.000000
ST. LOUIS CITY - 000111,77,0.416667
ST. LOUIS CITY - 000111,84,0.230952
ST. LOUIS CITY - 000111,82,0.352381
ST. LOUIS CITY - 000112,77,1.000000
ST. LOUIS CITY - 000113,79,1.000000
ST. LOUIS CITY - 000114,79,1.000000
ST. LOUIS CITY - 000115,79,0.476190
ST. LOUIS CITY - 000115,77,0.523810
ST. LOUIS CITY - 000116,84,1.000000
ST. LOUIS CITY - 000117,77,0.523810
ST. LOUIS CITY - 000117,79,0.476190
ST. LOUIS CITY - 000118,79,1.000000
ST. LOUIS CITY - 000119,77,1.000000
ST. LOUIS CITY - 000120,77,1.000000
ST. LOUIS CITY - 000121,77,1.000000
ST. LOUIS CITY - 000122,77,1.000000
ST. LOUIS CITY - 000123,77,1.000000
ST. LOUIS CITY - 000124,77,1.000000
ST. LOUIS CITY - 000125,77,1.000000
ST. LOUIS CITY - 000126,77,1.000000
ST. LOUIS CITY - 000127,84,1.000000
ST. LOUIS CITY - 000128,84,0.821429
ST. LOUIS CITY - 000128,77,0.178571
ST. LOUIS CITY - 000129,84,1.000000
ST. LOUIS CITY - 000130,77,1.000000
ST. LOUIS CITY - 000131,77,1.000000
ST. LOUIS CITY - 000132,77,0.316667
ST. LOUIS CITY - 000132,79,0.683333
ST. LOUIS CITY - 000133,77,1.000000
ST. LOUIS CITY - 000134,77,1.000000
ST. LOUIS CITY - 000135,77,1.000000
ST. LOUIS CITY - 000136,77,1.000000
ST. LOUIS CITY - 000137,77,1.000000
ST. LOUIS CITY - 000138,79,1.000000
ST. LOUIS CITY - 000139,79,1.000000
ST. LOUIS CITY - 000140,79,1.000000
ST. LOUIS CITY - 000141,79,1.000000
ST. LOUIS CITY - 000142,79,1.000000
ST. LOUIS CITY - 000143,78,0.152381
ST. LOUIS CITY - 000143,79,0.847619
ST. LOUIS CITY - 000144,79,1.000000
ST. LOUIS CITY - 000145,79,1.000000
ST. LOUIS CITY - 000146,79,1.000000
ST. LOUIS CITY - 000147,79,1.000000
ST. LOUIS CITY - 000148,79,1.000000
ST. LOUIS CITY - 000149,79,0.814286
ST. LOUIS CITY - 000149,77,0.185714
ST. LOUIS CITY - 000150,79,1.000000
ST. LOUIS CITY - 000151,76,1.000000
ST. LOUIS CITY - 000152,76,1.000000
ST. LOUIS CITY - 000153,76,1.000000
ST. LOUIS CITY - 000154,76,1.000000
ST. LOUIS CITY - 000155,76,1.000000
ST. LOUIS CITY - 000156,76,1.000000
ST. LOUIS CITY - 000157,76,1.000000
ST. LOUIS CITY - 000158,76,1.000000
ST. LOUIS CITY - 000159,76,1.000000
ST. LOUIS CITY - 000160,76,1.000000
ST. LOUIS CITY - 000161,76,1.000000
ST. LOUIS CITY - 000162,76,1.000000
ST. LOUIS CITY - 000163,77,1.000000
ST. LOUIS CITY - 000164,84,1.000000
ST. LOUIS CITY - 000165,84,1.000000
ST. LOUIS CITY - 000166,77,1.000000
ST. LOUIS CITY - 000167,77,0.802381
ST. LOUIS CITY - 000167,76,0.197619
ST. LOUIS CITY - 000168,76,1.000000
ST. LOUIS CITY - 000169,77,1.000000
ST. LOUIS CITY - 000170,77,1.000000
ST. LOUIS CITY - 000171,77,1.000000
ST. LOUIS CITY - 000172,77,1.000000
ST. LOUIS CITY - 000173,77,1.000000
ST. LOUIS CITY - 000174,84,0.969048
ST. LOUIS CITY - 000174,77,0.030952
ST. LOUIS CITY - 000175,84,0.978571
ST. LOUIS CITY - 000175,77,0.021429
ST. LOUIS CITY - 000176,77,1.000000
ST. LOUIS CITY - 000177,76,1.000000
ST. LOUIS CITY - 000178,76,1.000000
ST. LOUIS CITY - 000179,76,1.000000
ST. LOUIS CITY - 000180,77,1.000000
ST. LOUIS CITY - 000181,79,1.000000
ST. LOUIS CITY - 000182,79,0.573810
ST. LOUIS CITY - 000182,77,0.426190
ST. LOUIS CITY - 000183,77,1.000000
ST. LOUIS CITY - 000184,77,1.000000
ST. LOUIS CITY - 000185,77,1.000000
ST. LOUIS CITY - 000186,77,1.000000
ST. LOUIS CITY - 000187,77,1.000000
ST. LOUIS CITY - 000188,77,1.000000
ST. LOUIS CITY - 000189,84,1.000000
ST. LOUIS CITY - 000190,84,1.000000
ST. LOUIS CITY - 000191,84,1.000000
ST. LOUIS CITY - 000192,84,1.000000
ST. LOUIS CITY - 000193,84,1.000000
ST. LOUIS CITY - 000194,84,1.000000
ST. LOUIS CITY - 000195,84,1.000000
ST. LOUIS CITY - 000196,84,1.000000
ST. LOUIS CITY - 000197,84,1.000000
ST. LOUIS CITY - 000198,84,1.000000
ST. LOUIS CITY - 000199,84,1.000000
ST. LOUIS CITY - 000200,82,1.000000
ST. LOUIS CITY - 000201,82,1.000000
ST. LOUIS CITY - 000202,82,1.000000
ST. LOUIS CITY - 000203,82,1.000000
ST. LOUIS CITY - 000204,82,1.000000
ST. LOUIS CITY - 000205,82,1.000000
ST. LOUIS CITY - 000206,82,1.000000
ST. LOUIS CITY - 000207,82,1.000000
ST. LOUIS CITY - 000208,82,1.000000
ST. LOUIS CITY - 000209,82,1.000000
ST. LOUIS CITY - 000210,82,1.000000
ST. LOUIS CITY - 000211,82,1.000000
ST. LOUIS CITY - 000212,82,1.000000
ST. LOUIS CITY - 000213,82,1.000000
ST. LOUIS CITY - 000214,82,1.000000
ST. LOUIS CITY - 000215,82,1.000000
ST. LOUIS CITY - 000216,80,0.685714
ST. LOUIS CITY - 000216,82,0.314286
ST. LOUIS CITY - 000217,84,1.000000
ST. LOUIS CITY - 000218,84,1.000000
ST. LOUIS CITY - 000219,84,1.000000
ST. LOUIS CITY - 000220,84,1.000000
ST. LOUIS CITY - 000221,84,1.000000
ST. LOUIS CITY - 000222,84,1.000000
ST. LOUIS CITY - 000223,82,0.988095
ST. LOUIS CITY - 000223,80,0.011905
ST. LOUIS CITY - 000224,82,1.000000
ST. LOUIS CITY - 000225,82,0.628571
ST. LOUIS CITY - 000225,77,0.371429
ST. LOUIS CITY - 000226,82,1.000000
ST. LOUIS CITY - 000227,82,1.000000
ST. LOUIS CITY - 000228,82,1.000000
ST. LOUIS CITY - 000229,82,0.714286
ST. LOUIS CITY - 000229,84,0.285714
ST. LOUIS CITY - 000230,82,0.845238
ST. LOUIS CITY - 000230,84,0.154762
ST. LOUIS CITY - 000231,80,0.533333
ST. LOUIS CITY - 000231,81,0.466667
ST. LOUIS CITY - 000232,80,1.000000
ST. LOUIS CITY - 000233,80,1.000000
ST. LOUIS CITY - 000234,80,0.616667
ST. LOUIS CITY - 000234,82,0.383333
ST. LOUIS CITY - 000235,80,0.488095
ST. LOUIS CITY - 000235,82,0.511905
ST. LOUIS CITY - 000236,80,1.000000
ST. LOUIS CITY - 000237,80,1.000000
ST. LOUIS CITY - 000238,80,0.461905
ST. LOUIS CITY - 000238,78,0.538095
ST. LOUIS CITY - 000239,80,1.000000
ST. LOUIS CITY - 000240,80,0.490476
ST. LOUIS CITY - 000240,81,0.509524
ST. LOUIS CITY - 000241,80,0.952381
ST. LOUIS CITY - 000241,81,0.047619
ST. LOUIS CITY - 000242,80,1.000000
ST. LOUIS CITY - 000243,80,1.000000
ST. LOUIS CITY - 000244,80,1.000000
ST. LOUIS CITY - 000245,80,1.000000
ST. LOUIS CITY - 000246,77,0.864286
ST. LOUIS CITY - 000246,84,0.135714
ST. LOUIS CITY - 000247,84,1.000000
ST. LOUIS CITY - 000248,84,1.000000
ST. LOUIS CITY - 000249,84,1.000000
ST. LOUIS CITY - 000250,84,0.795238
ST. LOUIS CITY - 000250,77,0.204762
ST. LOUIS CITY - 000251,84,1.000000
ST. LOUIS CITY - 000252,84,1.000000
ST. LOUIS CITY - 000253,84,1.000000
ST. LOUIS CITY - 000254,84,1.000000
ST. LOUIS CITY - 000255,84,1.000000
ST. LOUIS CITY - 000256,84,1.000000
ST. LOUIS CITY - 000257,84,1.000000
ST. LOUIS CITY - 000258,76,1.000000
ST. LOUIS CITY - 000259,76,1.000000
ST. LOUIS CITY - 000260,76,1.000000
ST. LOUIS CITY - 000261,76,1.000000
ST. LOUIS CITY - 000262,76,1.000000
ST. LOUIS CITY - 000263,84,1.000000
ST. LOUIS CITY - 000264,76,0.969048
ST. LOUIS CITY - 000264,85,0.030952
ST. LOUIS CITY - 000265,76,0.990476
ST. LOUIS CITY - 000265,85,0.009524
ST. LOUIS CITY - 000266,76,1.000000
ST. LOUIS CITY - 000267,76,1.000000
ST. LOUIS CITY - 000268,76,0.940476
ST. LOUIS CITY - 000268,85,0.059524
ST. LOUIS CITY - 000269,76,1.000000
ST. LOUIS CITY - 000270,84,1.000000
ST. LOUIS CITY - 000271,84,0.771429
ST. LOUIS CITY - 000271,77,0.228571
ST. LOUIS CITY - 000272,77,0.230952
ST. LOUIS CITY - 000272,84,0.769048
ST. LOUIS CITY - 000273,77,1.000000
ST. LOUIS CITY - 000274,77,1.000000
ST. LOUIS CITY - 000275,77,1.000000
ST. LOUIS CITY - 000276,77,1.000000
ST. LOUIS CITY - 000277,84,1.000000
ST. LOUIS CITY - 000278,84,1.000000
ST. LOUIS CITY - 000279,84,1.000000
ST. LOUIS CITY - 000280,84,1.000000
ST. LOUIS CITY - 000281,84,1.000000
ST. LOUIS CITY - 000282,84,1.000000
ST. LOUIS CITY - 000283,84,1.000000
ST. LOUIS CITY - 000284,84,1.000000
ST. LOUIS CITY - 000285,79,1.000000
ST. LOUIS CITY - 000286,76,1.000000
ST. LOUIS CITY - 000287,76,1.000000
ST. LOUIS CITY - 000288,79,1.000000
ST. LOUIS CITY - 000289,79,1.000000
ST. LOUIS CITY - 000290,79,1.000000
ST. LOUIS CITY - 000291,79,1.000000
ST. LOUIS CITY - 000292,79,0.404762
ST. LOUIS CITY - 000292,76,0.595238
ST. LOUIS CITY - 000293,79,0.580952
ST. LOUIS CITY - 000293,76,0.419048
ST. LOUIS CITY - 000294,76,1.000000
ST. LOUIS CITY - 000295,79,0.435714
ST. LOUIS CITY - 000295,77,0.171429
ST. LOUIS CITY - 000295,76,0.392857
ST. LOUIS CITY - 000296,76,1.000000
ST. LOUIS CITY - 000297,79,1.000000
ST. LOUIS CITY - 000298,77,1.000000
ST. LOUIS CITY - 000299,77,1.000000
ST. LOUIS CITY - 000300,77,1.000000
ST. LOUIS CITY - 000301,77,1.000000
ST. LOUIS CITY - 000302,79,0.826190
ST. LOUIS CITY - 000302,77,0.173810
ST. LOUIS CITY - 000303,79,1.000000
ST. LOUIS CITY - 000304,79,1.000000
ST. LOUIS CITY - 000305,79,0.428571
ST. LOUIS CITY - 000305,77,0.571429
ST. LOUIS CITY - 000306,77,1.000000
ST. LOUIS CITY - 000307,77,1.000000
ST. LOUIS CITY - 000308,77,1.000000
ST. LOUIS CITY - 000309,77,1.000000
ST. LOUIS CITY - 000310,78,1.000000
ST. LOUIS CITY - 000311,78,1.000000
ST. LOUIS CITY - 000312,78,0.842857
ST. LOUIS CITY - 000312,76,0.157143
ST. LOUIS CITY - 000313,78,1.000000
ST. LOUIS CITY - 000314,79,0.483333
ST. LOUIS CITY - 000314,78,0.516667
ST. LOUIS CITY - 000315,79,1.000000
ST. LOUIS CITY - 000316,76,0.904762
ST. LOUIS CITY - 000316,78,0.095238
ST. LOUIS CITY - 000317,78,0.504762
ST. LOUIS CITY - 000317,79,0.200000
ST. LOUIS CITY - 000317,76,0.295238
ST. LOUIS CITY - 000318,76,0.752381
ST. LOUIS CITY - 000318,78,0.247619
ST. LOUIS CITY - 000319,78,0.611905
ST. LOUIS CITY - 000319,79,0.340476
ST. LOUIS CITY - 000319,80,0.047619
ST. LOUIS CITY - 000320,79,0.959524
ST. LOUIS CITY - 000320,78,0.040476
ST. LOUIS CITY - 000321,79,1.000000
ST. LOUIS CITY - 000322,79,1.000000
ST. LOUIS CITY - 000323,78,0.238095
ST. LOUIS CITY - 000323,79,0.761905
ST. LOUIS CITY - 000324,79,1.000000
ST. LOUIS CITY - 000325,79,0.909524
ST. LOUIS CITY - 000325,78,0.090476
ST. LOUIS CITY - 000326,78,0.952381
ST. LOUIS CITY - 000326,76,0.047619
ST. LOUIS CITY - 000327,78,1.000000
ST. LOUIS CITY - 000328,78,0.923810
ST. LOUIS CITY - 000328,79,0.061905
ST. LOUIS CITY - 000328,76,0.014286
ST. LOUIS CITY - 000329,78,1.000000
ST. LOUIS CITY - 000330,78,0.728571
ST. LOUIS CITY - 000330,76,0.271429
ST. LOUIS CITY - 000331,78,0.533333
ST. LOUIS CITY - 000331,76,0.466667
ST. LOUIS CITY - 000332,78,0.811905
ST. LOUIS CITY - 000332,79,0.188095
ST. LOUIS CITY - 000333,78,1.000000
ST. LOUIS CITY - 000334,76,1.000000
ST. LOUIS CITY - 000335,78,0.680952
ST. LOUIS CITY - 000335,76,0.319048
ST. LOUIS CITY - 000336,78,1.000000
ST. LOUIS CITY - 000337,78,0.747619
ST. LOUIS CITY - 000337,76,0.252381
ST. LOUIS CITY - 000338,78,0.402381
ST. LOUIS CITY - 000338,76,0.597619
ST. LOUIS CITY - 000339,76,1.000000
ST. LOUIS CITY - 000340,76,1.000000
ST. LOUIS CITY - 000341,76,0.678571
ST. LOUIS CITY - 000341,78,0.321429
ST. LOUIS CITY - 000342,76,1.000000
ST. LOUIS CITY - 000343,76,1.000000
ST. LOUIS CITY - 000344,80,0.821429
ST. LOUIS CITY - 000344,82,0.178571
ST. LOUIS CITY - 000345,79,0.942857
ST. LOUIS CITY - 000345,77,0.057143
ST. LOUIS CITY - 000346,79,1.000000
ST. LOUIS CITY - 000347,79,1.000000
ST. LOUIS CITY - 000348,79,0.711905
ST. LOUIS CITY - 000348,77,0.288095
ST. LOUIS CITY - 000349,77,0.700000
ST. LOUIS CITY - 000349,79,0.300000
ST. LOUIS CITY - 000350,79,1.000000
ST. LOUIS CITY - 000351,79,1.000000
ST. LOUIS CITY - 000352,79,1.000000
ST. LOUIS CITY - 000353,79,1.000000
ST. LOUIS CITY - 000354,79,1.000000
ST. LOUIS CITY - 000355,79,1.000000
ST. LOUIS CITY - 000356,79,1.000000
ST. LOUIS CITY - 000357,79,1.000000
ST. LOUIS CITY - 000358,79,1.000000
ST. LOUIS CITY - 000359,79,1.000000
ST. LOUIS CITY - 000360,76,1.000000
ST. LOUIS CITY - 000361,78,0.726190
ST. LOUIS CITY - 000361,76,0.273810
ST. LOUIS CITY - 000362,76,1.000000
ST. LOUIS CITY - 000363,76,1.000000
ST. LOUIS CITY - 000364,80,0.545238
ST. LOUIS CITY - 000364,78,0.454762
ST. LOUIS CITY - 000365,80,1.000000
ST. LOUIS CITY - 000366,80,0.954762
ST. LOUIS CITY - 000366,78,0.045238
ST. LOUIS CITY - 000367,78,1.000000
ST. LOUIS CITY - 000368,78,1.000000
ST. LOUIS CITY - 000369,80,0.511905
ST. LOUIS CITY - 000369,78,0.488095
ST. LOUIS CITY - 000370,77,1.000000
ST. LOUIS CITY - 000371,77,0.290476
ST. LOUIS CITY - 000371,76,0.709524
ST. LOUIS CITY - 000372,77,1.000000
ST. LOUIS CITY - 000373,81,1.000000
ST. LOUIS CITY - 000374,81,1.000000
ST. LOUIS CITY - 000375,82,1.000000
STE. GENEVIEVE - 000002,145,1.000000
STE. GENEVIEVE - 000003,145,1.000000
STE. GENEVIEVE - 000004,145,1.000000
STE. GENEVIEVE - 000005,145,1.000000
STE. GENEVIEVE - 000006,145,1.000000
STE. GENEVIEVE - 000007,145,1.000000
STE. GENEVIEVE - 000008,145,1.000000
STE. GENEVIEVE - 000009,145,1.000000
STE. GENEVIEVE - 000010,145,0.976190
STE. GENEVIEVE - 000010,117,0.023810
STE. GENEVIEVE - 000011,145,1.000000
STE. GENEVIEVE - 000012,145,1.000000
STE. GENEVIEVE - 000013,145,1.000000
STE. GENEVIEVE - 000014,145,1.000000
STE. GENEVIEVE - 000015,145,1.000000
STODDARD - 000002,151,1.000000
STODDARD - 000003,151,1.000000
STODDARD - 000004,151,1.000000
STODDARD - 000005,151,1.000000
STODDARD - 000006,151,1.000000
STODDARD - 000007,151,1.000000
STODDARD - 000008,151,1.000000
STODDARD - 000009,151,1.000000
STODDARD - 000010,151,1.000000
STODDARD - 000011,151,1.000000
STODDARD - 000012,151,1.000000
STODDARD - 000013,151,1.000000
STODDARD - 000014,151,1.000000
STODDARD - 000015,151,1.000000
STODDARD - 000016,151,1.000000
STODDARD - 000017,151,1.000000
STODDARD - 000018,151,1.000000
STODDARD - 000019,151,1.000000
STODDARD - 000020,151,1.000000
STODDARD - 000021,151,1.000000
STODDARD - 000022,151,1.000000
STODDARD - 000023,151,1.000000
STODDARD - 000024,151,1.000000
STONE - 000002,138,1.000000
STONE - 000003,138,1.000000
STONE - 000004,138,1.000000
STONE - 000005,138,1.000000
STONE - 000006,138,1.000000
STONE - 000007,138,1.000000
STONE - 000008,138,1.000000
STONE - 000009,138,1.000000
STONE - 000010,138,1.000000
STONE - 000011,155,1.000000
STONE - 000012,138,0.809524
STONE - 000012,155,0.190476
STONE - 000013,138,1.000000
STONE - 000014,138,1.000000
STONE - 000015,138,1.000000
STONE - 000016,138,1.000000
STONE - 000017,138,1.000000
STONE - 000018,138,0.976190
STONE - 000018,155,0.023810
STONE - 000019,138,1.000000
STONE - 000020,138,1.000000
STONE - 000021,155,0.985714
STONE - 000021,138,0.014286
SULLIVAN - 000002,3,1.000000
SULLIVAN - 000003,3,1.000000
SULLIVAN - 000004,3,1.000000
SULLIVAN - 000005,3,1.000000
SULLIVAN - 000006,3,1.000000
SULLIVAN - 000007,3,1.000000
SULLIVAN - 000008,3,1.000000
SULLIVAN - 000009,3,1.000000
SULLIVAN - 000010,3,1.000000
SULLIVAN - 000012,3,1.000000
SULLIVAN - 000013,3,1.000000
SULLIVAN - 000014,3,1.000000
SULLIVAN - 000015,3,1.000000
TANEY - 000002,156,1.000000
TANEY - 000003,155,1.000000
TANEY - 000004,156,1.000000
TANEY - 000005,156,1.000000
TANEY - 000006,156,1.000000
TANEY - 000007,155,1.000000
TANEY - 000008,155,1.000000
TANEY - 000009,155,1.000000
TANEY - 000010,155,1.000000
TANEY - 000011,155,1.000000
TANEY - 000012,155,0.059524
TANEY - 000012,156,0.940476
TANEY - 000013,155,0.923810
TANEY - 000013,156,0.076190
TANEY - 000014,155,1.000000
TANEY - 000015,156,0.473810
TANEY - 000015,155,0.526190
TANEY - 000016,155,1.000000
TANEY - 000017,156,1.000000
TANEY - 000018,155,1.000000
TANEY - 000019,155,1.000000
TANEY - 000020,156,1.000000
TANEY - 000021,156,0.988095
TANEY - 000021,155,0.011905
TANEY - 000022,155,1.000000
TANEY - 000023,156,1.000000
TEXAS - 000002,143,1.000000
TEXAS - 000003,143,1.000000
TEXAS - 000004,143,1.000000
TEXAS - 000005,143,1.000000
TEXAS - 000006,143,1.000000
TEXAS - 000007,143,1.000000
TEXAS - 000008,143,1.000000
TEXAS - 000009,143,1.000000
TEXAS - 000010,143,1.000000
TEXAS - 000011,143,1.000000
TEXAS - 000012,143,1.000000
TEXAS - 000013,143,1.000000
TEXAS - 000014,143,1.000000
TEXAS - 000015,143,1.000000
TEXAS - 000016,143,1.000000
TEXAS - 000017,143,1.000000
TEXAS - 000018,143,1.000000
TEXAS - 000019,143,1.000000
TEXAS - 000020,143,1.000000
TEXAS - 000021,143,1.000000
TEXAS - 000022,143,1.000000
VERNON - 000002,125,1.000000
VERNON - 000003,125,1.000000
VERNON - 000004,125,1.000000
VERNON - 000005,125,1.000000
VERNON - 000006,125,1.000000
VERNON - 000007,125,1.000000
VERNON - 000008,125,1.000000
VERNON - 000009,125,1.000000
VERNON - 000010,125,1.000000
VERNON - 000011,125,1.000000
VERNON - 000012,125,1.000000
VERNON - 000013,125,1.000000
VERNON - 000014,125,1.000000
VERNON - 000015,125,1.000000
VERNON - 000016,125,1.000000
VERNON - 000017,125,1.000000
VERNON - 000018,125,1.000000
VERNON - 000019,125,1.000000
VERNON - 000020,125,1.000000
VERNON - 000021,125,1.000000
VERNON - 000022,125,1.000000
VERNON - 000023,125,1.000000
VERNON - 000024,125,1.000000
VERNON - 000025,125,1.000000
VERNON - 000026,125,1.000000
VERNON - 000027,125,1.000000
VERNON - 000028,125,1.000000
VERNON - 000029,125,1.000000
VERNON - 000030,125,1.000000
VERNON - 000031,125,1.000000
VERNON - 000032,125,1.000000
VERNON - 000033,125,1.000000
VERNON - 000034,125,1.000000
WARREN - 000002,42,1.000000
WARREN - 000003,42,1.000000
WARREN - 000004,42,1.000000
WARREN - 000005,42,1.000000
WARREN - 000006,42,1.000000
WARREN - 000007,42,1.000000
WARREN - 000008,42,1.000000
WARREN - 000009,42,1.000000
WARREN - 000010,42,1.000000
WARREN - 000011,42,1.000000
WARREN - 000012,42,1.000000
WARREN - 000013,42,1.000000
WARREN - 000014,42,1.000000
WARREN - 000015,42,1.000000
WARREN - 000016,42,1.000000
WARREN - 000017,42,1.000000
WARREN - 000018,42,1.000000
WARREN - 000019,42,1.000000
WARREN - 000020,42,1.000000
WARREN - 000021,42,1.000000
WARREN - 000022,42,1.000000
WARREN - 000023,42,1.000000
WASHINGTON - 000002,144,1.000000
WASHINGTON - 000003,144,1.000000
WASHINGTON - 000004,118,0.771429
WASHINGTON - 000004,144,0.228571
WASHINGTON - 000005,144,1.000000
WASHINGTON - 000006,118,1.000000
WASHINGTON - 000007,144,0.621429
WASHINGTON - 000007,118,0.378571
WASHINGTON - 000008,144,1.000000
WASHINGTON - 000009,144,1.000000
WASHINGTON - 000010,144,0.685714
WASHINGTON - 000010,118,0.314286
WASHINGTON - 000011,118,1.000000
WASHINGTON - 000012,144,1.000000
WASHINGTON - 000013,144,1.000000
WASHINGTON - 000014,118,0.383333
WASHINGTON - 000014,144,0.616667
WASHINGTON - 000015,144,0.966667
WASHINGTON - 000015,118,0.033333
WASHINGTON - 000016,118,0.800000
WASHINGTON - 000016,144,0.200000
WASHINGTON - 000017,144,1.000000
WASHINGTON - 000018,118,0.157143
WASHINGTON - 000018,144,0.842857
WASHINGTON - 000019,144,1.000000
WAYNE - 000002,144,1.000000
WAYNE - 000003,144,1.000000
WAYNE - 000004,153,1.000000
WAYNE - 000005,144,0.845238
WAYNE - 000005,153,0.154762
WAYNE - 000006,144,1.000000
WAYNE - 000007,153,1.000000
WAYNE - 000008,153,1.000000
WAYNE - 000009,153,1.000000
WAYNE - 000010,153,1.000000
WAYNE - 000011,153,1.000000
WAYNE - 000012,153,1.000000
WAYNE - 000013,153,1.000000
WAYNE - 000014,153,1.000000
WAYNE - 000015,153,1.000000
WAYNE - 000016,153,1.000000
WAYNE - 000017,153,1.000000
WAYNE - 000018,153,1.000000
WAYNE - 000019,153,1.000000
WAYNE - 000020,153,1.000000
WAYNE - 000021,153,1.000000
WEBSTER - 000002,129,1.000000
WEBSTER - 000003,129,1.000000
WEBSTER - 000004,129,1.000000
WEBSTER - 000005,129,1.000000
WEBSTER - 000006,129,1.000000
WEBSTER - 000007,129,1.000000
WEBSTER - 000008,129,1.000000
WEBSTER - 000009,129,1.000000
WEBSTER - 000010,129,1.000000
WEBSTER - 000011,129,1.000000
WEBSTER - 000012,129,1.000000
WEBSTER - 000013,129,1.000000
WEBSTER - 000014,129,1.000000
WEBSTER - 000015,129,0.859524
WEBSTER - 000015,141,0.140476
WEBSTER - 000016,141,0.311905
WEBSTER - 000016,129,0.688095
WEBSTER - 000017,129,1.000000
WORTH - 000002,2,1.000000
WORTH - 000004,2,1.000000
WORTH - 000005,2,1.000000
WORTH - 000006,2,1.000000
WORTH - 000007,2,1.000000
WORTH - 000008,2,1.000000
WORTH - 000009,2,1.000000
WRIGHT - 000002,141,1.000000
WRIGHT - 000003,141,1.000000
WRIGHT - 000004,141,1.000000
WRIGHT - 000005,141,1.000000
WRIGHT - 000006,141,1.000000
WRIGHT - 000007,141,1.000000
WRIGHT - 000008,141,1.000000
WRIGHT - 000009,141,1.000000
WRIGHT - 000010,141,1.000000
WRIGHT - 000011,141,1.000000
WRIGHT - 000012,141,1.000000
WRIGHT - 000013,141,1.000000
WRIGHT - 000014,141,1.000000
WRIGHT - 000015,141,1.000000
WRIGHT - 000016,141,1.000000
