precinct_key,district_num,area_weight
ADAIR - 000002,6,1.000000
ADAIR - 000003,6,1.000000
ADAIR - 000004,6,1.000000
ADAIR - 000005,6,1.000000
ADAIR - 000006,6,1.000000
ADAIR - 000007,6,1.000000
ADAIR - 000008,6,1.000000
ADAIR - 000009,6,1.000000
ADAIR - 000010,6,1.000000
ADAIR - 000011,6,1.000000
ADAIR - 000012,6,1.000000
ADAIR - 000013,6,1.000000
ADAIR - 000014,6,1.000000
ADAIR - 000015,6,1.000000
ADAIR - 000016,6,1.000000
ADAIR - 000017,6,1.000000
ADAIR - 000018,6,1.000000
ANDREW - 000002,6,1.000000
ANDREW - 000003,6,1.000000
ANDREW - 000004,6,1.000000
ANDREW - 000005,6,1.000000
ANDREW - 000006,6,1.000000
ANDREW - 000007,6,1.000000
ANDREW - 000008,6,1.000000
ANDREW - 000009,6,1.000000
ANDREW - 000010,6,1.000000
ANDREW - 000011,6,1.000000
ANDREW - 000012,6,1.000000
ANDREW - 000013,6,1.000000
ANDREW - 000014,6,1.000000
ANDREW - 000015,6,1.000000
ANDREW - 000016,6,1.000000
ANDREW - 000017,6,1.000000
ANDREW - 000018,6,1.000000
ANDREW - 000019,6,1.000000
ANDREW - 000020,6,1.000000
ATCHISON - 000002,6,1.000000
ATCHISON - 000003,6,1.000000
ATCHISON - 000004,6,1.000000
ATCHISON - 000005,6,1.000000
ATCHISON - 000006,6,1.000000
ATCHISON - 000007,6,1.000000
AUDRAIN - 000002,6,1.000000
AUDRAIN - 000003,6,1.000000
AUDRAIN - 000004,6,1.000000
AUDRAIN - 000005,6,1.000000
AUDRAIN - 000006,6,1.000000
AUDRAIN - 000007,6,1.000000
AUDRAIN - 000008,6,1.000000
AUDRAIN - 000009,6,1.000000
AUDRAIN - 000010,6,1.000000
AUDRAIN - 000011,6,1.000000
AUDRAIN - 000012,6,1.000000
AUDRAIN - 000013,6,1.000000
AUDRAIN - 000014,6,1.000000
AUDRAIN - 000015,6,1.000000
AUDRAIN - 000017,6,1.000000
AUDRAIN - 000018,6,1.000000
AUDRAIN - 000019,6,1.000000
AUDRAIN - 000020,6,1.000000
AUDRAIN - 000021,6,1.000000
AUDRAIN - 000022,6,1.000000
AUDRAIN - 000023,6,1.000000
AUDRAIN - 000024,6,1.000000
AUDRAIN - 000025,6,1.000000
AUDRAIN - 000026,6,1.000000
BARRY - 000002,7,1.000000
BARRY - 000003,7,1.000000
BARRY - 000004,7,1.000000
BARRY - 000005,7,1.000000
BARRY - 000006,7,1.000000
BARRY - 000007,7,1.000000
BARRY - 000008,7,1.000000
BARRY - 000009,7,1.000000
BARRY - 000010,7,1.000000
BARRY - 000011,7,1.000000
BARRY - 000012,7,1.000000
BARRY - 000013,7,1.000000
BARRY - 000014,7,1.000000
BARRY - 000015,7,1.000000
BARRY - 000016,7,1.000000
BARRY - 000017,7,1.000000
BARRY - 000018,7,1.000000
BARRY - 000019,7,1.000000
BARRY - 000020,7,1.000000
BARRY - 000021,7,1.000000
BARRY - 000022,7,1.000000
BARTON - 000002,4,1.000000
BARTON - 000003,4,1.000000
BARTON - 000004,4,1.000000
BARTON - 000005,4,1.000000
BARTON - 000006,4,1.000000
BARTON - 000007,4,1.000000
BARTON - 000008,4,1.000000
BARTON - 000009,4,1.000000
BARTON - 000010,4,1.000000
BARTON - 000011,4,1.000000
BARTON - 000012,4,1.000000
BARTON - 000013,4,1.000000
BARTON - 000014,4,1.000000
BARTON - 000015,4,1.000000
BARTON - 000016,4,1.000000
BARTON - 000017,4,1.000000
BATES - 000002,4,1.000000
BATES - 000003,4,1.000000
BATES - 000004,4,1.000000
BATES - 000005,4,1.000000
BATES - 000006,4,1.000000
BATES - 000007,4,1.000000
BATES - 000008,4,1.000000
BATES - 000009,4,1.000000
BATES - 000010,4,1.000000
BATES - 000011,4,1.000000
BATES - 000012,4,1.000000
BATES - 000013,4,1.000000
BATES - 000014,4,1.000000
BATES - 000015,4,1.000000
BATES - 000016,4,1.000000
BENTON - 000002,4,1.000000
BENTON - 000003,4,1.000000
BENTON - 000004,4,1.000000
BENTON - 000005,4,1.000000
BENTON - 000006,4,1.000000
BENTON - 000007,4,1.000000
BENTON - 000008,4,1.000000
BENTON - 000009,4,1.000000
BENTON - 000010,4,1.000000
BENTON - 000011,4,1.000000
BENTON - 000012,4,1.000000
BENTON - 000013,4,1.000000
BENTON - 000014,4,1.000000
BENTON - 000015,4,1.000000
BOLLINGER - 000002,8,1.000000
BOLLINGER - 000003,8,1.000000
BOLLINGER - 000004,8,1.000000
BOLLINGER - 000005,8,1.000000
BOLLINGER - 000006,8,1.000000
BOLLINGER - 000007,8,1.000000
BOLLINGER - 000008,8,1.000000
BOLLINGER - 000009,8,1.000000
BOLLINGER - 000010,8,1.000000
BOLLINGER - 000011,8,1.000000
BOLLINGER - 000012,8,1.000000
BOLLINGER - 000014,8,1.000000
BOLLINGER - 000015,8,1.000000
BOONE - 000002,4,1.000000
BOONE - 000003,4,1.000000
BOONE - 000004,4,1.000000
BOONE - 000005,4,1.000000
BOONE - 000006,4,1.000000
BOONE - 000007,4,1.000000
BOONE - 000008,4,1.000000
BOONE - 000009,4,1.000000
BOONE - 000010,3,0.633333
BOONE - 000010,4,0.366667
BOONE - 000011,4,0.830952
BOONE - 000011,3,0.169048
BOONE - 000012,4,1.000000
BOONE - 000013,3,1.000000
BOONE - 000014,4,1.000000
BOONE - 000015,4,1.000000
BOONE - 000016,3,1.000000
BOONE - 000017,4,1.000000
BOONE - 000018,4,1.000000
BOONE - 000019,4,1.000000
BOONE - 000020,3,1.000000
BOONE - 000021,4,1.000000
BOONE - 000022,4,0.871429
BOONE - 000022,3,0.128571
BOONE - 000023,4,1.000000
BOONE - 000024,3,1.000000
BOONE - 000025,3,1.000000
BOONE - 000026,3,1.000000
BOONE - 000027,3,1.000000
BOONE - 000028,3,1.000000
BOONE - 000029,4,1.000000
BOONE - 000030,4,1.000000
BOONE - 000031,4,1.000000
BOONE - 000032,4,1.000000
BOONE - 000033,4,0.990476
BOONE - 000033,3,0.009524
BOONE - 000034,4,1.000000
BOONE - 000035,3,1.000000
BOONE - 000036,3,1.000000
BOONE - 000037,3,1.000000
BOONE - 000038,3,1.000000
BOONE - 000039,3,1.000000
BOONE - 000040,3,1.000000
BOONE - 000041,3,1.000000
BOONE - 000042,3,1.000000
BOONE - 000043,3,1.000000
BOONE - 000044,4,1.000000
BOONE - 000045,4,1.000000
BOONE - 000046,4,0.995238
BOONE - 000046,3,0.004762
BOONE - 000047,4,1.000000
BOONE - 000048,3,0.461905
BOONE - 000048,4,0.538095
BOONE - 000049,3,1.000000
BOONE - 000050,3,1.000000
BOONE - 000051,3,1.000000
BOONE - 000052,3,1.000000
BOONE - 000053,3,1.000000
BOONE - 000054,3,1.000000
BOONE - 000055,3,1.000000
BOONE - 000056,3,1.000000
BOONE - 000057,3,1.000000
BOONE - 000058,3,1.000000
BOONE - 000059,3,1.000000
BOONE - 000060,3,1.000000
BOONE - 000061,3,1.000000
BOONE - 000062,3,1.000000
BOONE - 000063,3,1.000000
BOONE - 000064,3,1.000000
BOONE - 000065,3,1.000000
BOONE - 000066,3,1.000000
BOONE - 000067,3,1.000000
BOONE - 000068,3,1.000000
BOONE - 000069,3,1.000000
BOONE - 000070,3,1.000000
BOONE - 000071,3,1.000000
BOONE - 000072,3,1.000000
BOONE - 000073,4,1.000000
BOONE - 000074,4,1.000000
BOONE - 000075,4,1.000000
BUCHANAN - 000002,6,1.000000
BUCHANAN - 000003,6,1.000000
BUCHANAN - 000004,6,1.000000
BUCHANAN - 000005,6,1.000000
BUCHANAN - 000006,6,1.000000
BUCHANAN - 000007,6,1.000000
BUCHANAN - 000008,6,1.000000
BUCHANAN - 000009,6,1.000000
BUCHANAN - 000010,6,1.000000
BUCHANAN - 000011,6,1.000000
BUCHANAN - 000012,6,1.000000
BUCHANAN - 000013,6,1.000000
BUCHANAN - 000014,6,1.000000
BUCHANAN - 000015,6,1.000000
BUCHANAN - 000016,6,1.000000
BUCHANAN - 000017,6,1.000000
BUCHANAN - 000018,6,1.000000
BUCHANAN - 000019,6,1.000000
BUCHANAN - 000020,6,1.000000
BUCHANAN - 000021,6,1.000000
BUCHANAN - 000022,6,1.000000
BUCHANAN - 000023,6,1.000000
BUCHANAN - 000024,6,1.000000
BUCHANAN - 000025,6,1.000000
BUCHANAN - 000026,6,1.000000
BUCHANAN - 000027,6,1.000000
BUCHANAN - 000028,6,1.000000
BUCHANAN - 000029,6,1.000000
BUCHANAN - 000030,6,1.000000
BUCHANAN - 000031,6,1.000000
BUCHANAN - 000032,6,1.000000
BUCHANAN - 000033,6,1.000000
BUCHANAN - 000034,6,1.000000
BUCHANAN - 000035,6,1.000000
BUCHANAN - 000036,6,1.000000
BUCHANAN - 000037,6,1.000000
BUCHANAN - 000038,6,1.000000
BUCHANAN - 000039,6,1.000000
BUCHANAN - 000040,6,1.000000
BUCHANAN - 000041,6,1.000000
BUCHANAN - 000042,6,1.000000
BUCHANAN - 000043,6,1.000000
BUCHANAN - 000044,6,1.000000
BUCHANAN - 000045,6,1.000000
BUCHANAN - 000046,6,1.000000
BUCHANAN - 000047,6,1.000000
BUCHANAN - 000048,6,1.000000
BUCHANAN - 000049,6,1.000000
BUCHANAN - 000050,6,1.000000
BUCHANAN - 000051,6,1.000000
BUCHANAN - 000052,6,1.000000
BUCHANAN - 000053,6,1.000000
BUCHANAN - 000054,6,1.000000
BUCHANAN - 000055,6,1.000000
BUCHANAN - 000056,6,1.000000
BUCHANAN - 000057,6,1.000000
BUCHANAN - 000058,6,1.000000
BUCHANAN - 000059,6,1.000000
BUCHANAN - 000060,6,1.000000
BUCHANAN - 000061,6,1.000000
BUTLER - 000002,8,1.000000
BUTLER - 000003,8,1.000000
BUTLER - 000004,8,1.000000
BUTLER - 000005,8,1.000000
BUTLER - 000006,8,1.000000
BUTLER - 000007,8,1.000000
BUTLER - 000008,8,1.000000
BUTLER - 000009,8,1.000000
BUTLER - 000010,8,1.000000
BUTLER - 000011,8,1.000000
BUTLER - 000012,8,1.000000
BUTLER - 000013,8,1.000000
BUTLER - 000014,8,1.000000
BUTLER - 000015,8,1.000000
BUTLER - 000016,8,1.000000
BUTLER - 000017,8,1.000000
BUTLER - 000018,8,1.000000
BUTLER - 000019,8,1.000000
BUTLER - 000020,8,1.000000
BUTLER - 000021,8,1.000000
BUTLER - 000022,8,1.000000
BUTLER - 000023,8,1.000000
BUTLER - 000024,8,1.000000
BUTLER - 000025,8,1.000000
BUTLER - 000026,8,1.000000
CALDWELL - 000002,6,1.000000
CALDWELL - 000003,6,1.000000
CALDWELL - 000004,6,1.000000
CALDWELL - 000005,6,1.000000
CALDWELL - 000006,6,1.000000
CALDWELL - 000007,6,1.000000
CALDWELL - 000008,6,1.000000
CALDWELL - 000009,6,1.000000
CALDWELL - 000010,6,1.000000
CALDWELL - 000011,6,1.000000
CALLAWAY - 000002,3,1.000000
CALLAWAY - 000003,3,1.000000
CALLAWAY - 000004,3,1.000000
CALLAWAY - 000005,3,1.000000
CALLAWAY - 000006,3,1.000000
CALLAWAY - 000007,3,1.000000
CALLAWAY - 000008,3,1.000000
CALLAWAY - 000009,3,1.000000
CALLAWAY - 000010,3,1.000000
CALLAWAY - 000011,3,1.000000
CALLAWAY - 000012,3,1.000000
CALLAWAY - 000013,3,1.000000
CALLAWAY - 000014,3,1.000000
CALLAWAY - 000015,3,1.000000
CALLAWAY - 000016,3,1.000000
CALLAWAY - 000017,3,1.000000
CALLAWAY - 000018,3,1.000000
CALLAWAY - 000019,3,1.000000
CALLAWAY - 000020,3,1.000000
CALLAWAY - 000021,3,1.000000
CALLAWAY - 000022,3,1.000000
CALLAWAY - 000023,3,1.000000
CALLAWAY - 000024,3,1.000000
CALLAWAY - 000025,3,1.000000
CALLAWAY - 000026,3,1.000000
CALLAWAY - 000027,3,1.000000
CALLAWAY - 000028,3,1.000000
CAMDEN - 000002,4,1.000000
CAMDEN - 000003,4,1.000000
CAMDEN - 000004,4,1.000000
CAMDEN - 000005,4,1.000000
CAMDEN - 000006,4,1.000000
CAMDEN - 000007,4,1.000000
CAMDEN - 000008,4,1.000000
CAMDEN - 000009,4,1.000000
CAMDEN - 000010,4,1.000000
CAMDEN - 000011,4,1.000000
CAMDEN - 000012,4,1.000000
CAMDEN - 000013,4,1.000000
CAMDEN - 000014,3,0.978571
CAMDEN - 000014,4,0.021429
CAMDEN - 000015,4,0.938095
CAMDEN - 000015,3,0.061905
CAMDEN - 000016,4,1.000000
CAMDEN - 000017,4,1.000000
CAMDEN - 000018,3,1.000000
CAMDEN - 000019,3,1.000000
CAMDEN - 000020,4,1.000000
CAMDEN - 000021,4,1.000000
CAMDEN - 000022,4,1.000000
CAMDEN - 000023,4,1.000000
CAMDEN - 000024,3,1.000000
CAMDEN - 000025,4,1.000000
CAMDEN - 000026,4,0.897619
CAMDEN - 000026,3,0.102381
CAMDEN - 000028,4,1.000000
CAPE GIRARDEAU - 000002,8,1.000000
CAPE GIRARDEAU - 000003,8,1.000000
CAPE GIRARDEAU - 000004,8,1.000000
CAPE GIRARDEAU - 000005,8,1.000000
CAPE GIRARDEAU - 000006,8,1.000000
CAPE GIRARDEAU - 000007,8,1.000000
CAPE GIRARDEAU - 000008,8,1.000000
CAPE GIRARDEAU - 000009,8,1.000000
CAPE GIRARDEAU - 000010,8,1.000000
CAPE GIRARDEAU - 000011,8,1.000000
CAPE GIRARDEAU - 000012,8,1.000000
CAPE GIRARDEAU - 000013,8,1.000000
CAPE GIRARDEAU - 000014,8,1.000000
CAPE GIRARDEAU - 000015,8,1.000000
CAPE GIRARDEAU - 000016,8,1.000000
CAPE GIRARDEAU - 000017,8,1.000000
CAPE GIRARDEAU - 000018,8,1.000000
CAPE GIRARDEAU - 000019,8,1.000000
CAPE GIRARDEAU - 000020,8,1.000000
CAPE GIRARDEAU - 000021,8,1.000000
CAPE GIRARDEAU - 000022,8,1.000000
CAPE GIRARDEAU - 000023,8,1.000000
CAPE GIRARDEAU - 000024,8,1.000000
CAPE GIRARDEAU - 000025,8,1.000000
CAPE GIRARDEAU - 000026,8,1.000000
CAPE GIRARDEAU - 000027,8,1.000000
CAPE GIRARDEAU - 000028,8,1.000000
CAPE GIRARDEAU - 000029,8,1.000000
CAPE GIRARDEAU - 000030,8,1.000000
CAPE GIRARDEAU - 000031,8,1.000000
CAPE GIRARDEAU - 000032,8,1.000000
CAPE GIRARDEAU - 000033,8,1.000000
CAPE GIRARDEAU - 000034,8,1.000000
CAPE GIRARDEAU - 000035,8,1.000000
CAPE GIRARDEAU - 000036,8,1.000000
CAPE GIRARDEAU - 000037,8,1.000000
CAPE GIRARDEAU - 000038,8,1.000000
CARROLL - 000002,6,1.000000
CARROLL - 000003,6,1.000000
CARROLL - 000004,6,1.000000
CARROLL - 000005,6,1.000000
CARROLL - 000006,6,1.000000
CARROLL - 000007,6,1.000000
CARROLL - 000008,6,1.000000
CARROLL - 000009,6,1.000000
CARROLL - 000010,6,1.000000
CARROLL - 000011,6,1.000000
CARROLL - 000012,6,1.000000
CARROLL - 000013,6,1.000000
CARROLL - 000014,6,1.000000
CARROLL - 000015,6,1.000000
CARROLL - 000016,6,1.000000
CARROLL - 000017,6,1.000000
CARROLL - 000018,6,1.000000
CARTER - 000002,8,1.000000
CARTER - 000003,8,1.000000
CARTER - 000004,8,1.000000
CARTER - 000005,8,1.000000
CARTER - 000006,8,1.000000
CARTER - 000007,8,1.000000
CARTER - 000008,8,1.000000
CASS - 000002,4,1.000000
CASS - 000003,4,1.000000
CASS - 000004,4,1.000000
CASS - 000005,4,1.000000
CASS - 000006,4,1.000000
CASS - 000007,4,1.000000
CASS - 000008,4,1.000000
CASS - 000009,4,1.000000
CASS - 000010,4,1.000000
CASS - 000011,4,1.000000
CASS - 000012,4,1.000000
CASS - 000013,4,1.000000
CASS - 000014,4,1.000000
CASS - 000015,4,1.000000
CASS - 000016,4,1.000000
CASS - 000017,4,1.000000
CASS - 000018,4,1.000000
CASS - 000019,4,1.000000
CASS - 000020,4,1.000000
CASS - 000021,4,1.000000
CASS - 000022,4,1.000000
CASS - 000023,4,1.000000
CASS - 000024,4,1.000000
CASS - 000025,4,1.000000
CASS - 000026,4,1.000000
CASS - 000027,4,1.000000
CASS - 000028,4,1.000000
CASS - 000029,4,1.000000
CASS - 000030,4,1.000000
CASS - 000031,4,1.000000
CASS - 000032,4,1.000000
CASS - 000033,4,1.000000
CASS - 000034,4,1.000000
CASS - 000035,4,1.000000
CASS - 000036,4,1.000000
CASS - 000037,4,1.000000
CASS - 000038,4,1.000000
CASS - 000039,4,1.000000
CASS - 000040,4,1.000000
CASS - 000041,4,1.000000
CASS - 000042,4,1.000000
CASS - 000043,4,1.000000
CASS - 000044,4,1.000000
CASS - 000045,4,1.000000
CASS - 000046,4,1.000000
CASS - 000047,4,1.000000
CEDAR - 000002,4,1.000000
CEDAR - 000003,4,1.000000
CEDAR - 000004,4,1.000000
CEDAR - 000005,4,1.000000
CEDAR - 000006,4,1.000000
CEDAR - 000007,4,1.000000
CEDAR - 000008,4,1.000000
CEDAR - 000009,4,1.000000
CEDAR - 000010,4,1.000000
CEDAR - 000011,4,1.000000
CEDAR - 000012,4,1.000000
CEDAR - 000013,4,1.000000
CEDAR - 000014,4,1.000000
CEDAR - 000015,4,1.000000
CHARITON - 000002,6,1.000000
CHARITON - 000003,6,0.997619
CHARITON - 000003,4,0.002381
CHARITON - 000004,6,1.000000
CHARITON - 000005,6,0.969048
CHARITON - 000005,4,0.030952
CHARITON - 000006,6,1.000000
CHARITON - 000007,6,1.000000
CHARITON - 000008,6,1.000000
CHARITON - 000009,6,1.000000
CHARITON - 000010,6,1.000000
CHARITON - 000011,6,1.000000
CHARITON - 000012,6,1.000000
CHARITON - 000013,6,1.000000
CHARITON - 000014,6,1.000000
CHARITON - 000015,6,1.000000
CHARITON - 000016,6,1.000000
CHARITON - 000017,6,1.000000
CHRISTIAN - 000002,7,1.000000
CHRISTIAN - 000003,7,1.000000
CHRISTIAN - 000004,7,1.000000
CHRISTIAN - 000005,7,1.000000
CHRISTIAN - 000006,7,1.000000
CHRISTIAN - 000007,7,1.000000
CHRISTIAN - 000008,7,1.000000
CHRISTIAN - 000009,7,1.000000
CHRISTIAN - 000010,7,1.000000
CHRISTIAN - 000011,7,1.000000
CHRISTIAN - 000012,7,1.000000
CHRISTIAN - 000013,7,1.000000
CHRISTIAN - 000014,7,1.000000
CHRISTIAN - 000015,7,1.000000
CHRISTIAN - 000016,7,1.000000
CHRISTIAN - 000017,7,1.000000
CHRISTIAN - 000018,7,1.000000
CHRISTIAN - 000019,7,1.000000
CHRISTIAN - 000020,7,1.000000
CHRISTIAN - 000021,7,1.000000
CHRISTIAN - 000022,7,1.000000
CHRISTIAN - 000023,7,1.000000
CHRISTIAN - 000024,7,1.000000
CHRISTIAN - 000025,7,1.000000
CHRISTIAN - 000026,7,1.000000
CLARK - 000002,6,1.000000
CLARK - 000003,6,1.000000
CLARK - 000004,6,1.000000
CLARK - 000005,6,1.000000
CLARK - 000006,6,1.000000
CLARK - 000007,6,1.000000
CLARK - 000008,6,1.000000
CLARK - 000009,6,1.000000
CLARK - 000010,6,1.000000
CLARK - 000011,6,1.000000
CLARK - 000012,6,1.000000
CLARK - 000013,6,1.000000
CLAY - 000002,5,0.961905
CLAY - 000002,6,0.038095
CLAY - 000003,5,1.000000
CLAY - 000004,5,1.000000
CLAY - 000005,5,1.000000
CLAY - 000006,5,1.000000
CLAY - 000007,5,1.000000
CLAY - 000008,5,0.995238
CLAY - 000008,6,0.004762
CLAY - 000009,6,0.928571
CLAY - 000009,5,0.071429
CLAY - 000010,5,1.000000
CLAY - 000011,5,1.000000
CLAY - 000012,5,1.000000
CLAY - 000013,5,1.000000
CLAY - 000014,5,1.000000
CLAY - 000015,5,1.000000
CLAY - 000016,5,1.000000
CLAY - 000017,5,1.000000
CLAY - 000018,5,1.000000
CLAY - 000019,5,1.000000
CLAY - 000020,5,1.000000
CLAY - 000021,5,1.000000
CLAY - 000022,5,1.000000
CLAY - 000023,5,1.000000
CLAY - 000024,5,1.000000
CLAY - 000025,5,1.000000
CLAY - 000026,5,1.000000
CLAY - 000027,6,1.000000
CLAY - 000028,5,1.000000
CLAY - 000029,6,0.452381
CLAY - 000029,5,0.547619
CLAY - 000030,6,1.000000
CLAY - 000031,6,1.000000
CLAY - 000032,6,1.000000
CLAY - 000033,6,1.000000
CLAY - 000034,6,1.000000
CLAY - 000035,5,1.000000
CLAY - 000036,5,1.000000
CLAY - 000037,5,1.000000
CLAY - 000038,5,1.000000
CLAY - 000039,5,1.000000
CLAY - 000040,5,1.000000
CLAY - 000041,5,1.000000
CLAY - 000042,5,1.000000
CLAY - 000043,5,1.000000
CLAY - 000044,5,1.000000
CLAY - 000045,5,1.000000
CLAY - 000046,5,1.000000
CLAY - 000047,5,1.000000
CLAY - 000048,5,1.000000
CLAY - 000049,5,1.000000
CLAY - 000050,5,1.000000
CLAY - 000051,5,1.000000
CLAY - 000052,6,1.000000
CLAY - 000053,6,1.000000
CLAY - 000054,6,1.000000
CLAY - 000055,6,1.000000
CLAY - 000056,6,1.000000
CLAY - 000057,6,1.000000
CLAY - 000058,6,1.000000
CLAY - 000059,6,1.000000
CLAY - 000060,6,1.000000
CLAY - 000061,6,1.000000
CLAY - 000062,5,0.400000
CLAY - 000062,6,0.600000
CLAY - 000063,6,1.000000
CLAY - 000064,6,1.000000
CLAY - 000065,6,1.000000
CLAY - 000066,6,1.000000
CLAY - 000067,6,1.000000
CLAY - 000068,6,1.000000
CLAY - 000069,6,1.000000
CLAY - 000070,6,1.000000
CLINTON - 000002,6,1.000000
CLINTON - 000003,6,1.000000
CLINTON - 000004,6,1.000000
CLINTON - 000005,6,1.000000
CLINTON - 000006,6,1.000000
CLINTON - 000007,6,1.000000
CLINTON - 000008,6,1.000000
CLINTON - 000009,6,1.000000
CLINTON - 000010,6,1.000000
COLE - 000002,3,1.000000
COLE - 000003,3,1.000000
COLE - 000004,3,1.000000
COLE - 000005,3,1.000000
COLE - 000006,3,1.000000
COLE - 000007,3,1.000000
COLE - 000008,3,1.000000
COLE - 000009,3,1.000000
COLE - 000010,3,1.000000
COLE - 000011,3,1.000000
COLE - 000012,3,1.000000
COLE - 000013,3,1.000000
COLE - 000014,3,1.000000
COLE - 000015,3,1.000000
COLE - 000016,3,1.000000
COLE - 000017,3,1.000000
COLE - 000018,3,1.000000
COLE - 000019,3,1.000000
COLE - 000020,3,1.000000
COLE - 000021,3,1.000000
COLE - 000022,3,1.000000
COLE - 000023,3,1.000000
COLE - 000024,3,1.000000
COLE - 000025,3,1.000000
COLE - 000026,3,1.000000
COLE - 000027,3,1.000000
COLE - 000028,3,1.000000
COLE - 000029,3,1.000000
COLE - 000030,3,1.000000
COLE - 000031,3,1.000000
COLE - 000032,3,1.000000
COLE - 000033,3,1.000000
COLE - 000034,3,1.000000
COLE - 000035,3,1.000000
COLE - 000036,3,1.000000
COLE - 000037,3,1.000000
COLE - 000038,3,1.000000
COLE - 000039,3,1.000000
COLE - 000040,3,1.000000
COOPER - 000002,3,1.000000
COOPER - 000003,3,1.000000
COOPER - 000004,3,1.000000
COOPER - 000005,3,1.000000
COOPER - 000006,3,1.000000
COOPER - 000007,3,1.000000
COOPER - 000008,3,1.000000
COOPER - 000009,3,1.000000
COOPER - 000010,3,1.000000
COOPER - 000011,3,1.000000
COOPER - 000012,3,1.000000
COOPER - 000013,3,1.000000
COOPER - 000014,3,1.000000
COOPER - 000015,3,1.000000
COOPER - 000016,3,1.000000
COOPER - 000017,3,1.000000
CRAWFORD - 000002,3,1.000000
CRAWFORD - 000003,3,1.000000
CRAWFORD - 000004,3,1.000000
CRAWFORD - 000005,3,1.000000
CRAWFORD - 000006,3,1.000000
CRAWFORD - 000007,3,1.000000
CRAWFORD - 000008,3,1.000000
CRAWFORD - 000009,3,1.000000
CRAWFORD - 000010,3,1.000000
CRAWFORD - 000011,3,1.000000
CRAWFORD - 000012,3,1.000000
CRAWFORD - 000013,3,1.000000
CRAWFORD - 000014,3,1.000000
CRAWFORD - 000015,3,1.000000
CRAWFORD - 000016,3,1.000000
CRAWFORD - 000017,3,1.000000
CRAWFORD - 000018,3,1.000000
CRAWFORD - 000019,3,1.000000
DADE - 000002,4,1.000000
DADE - 000003,4,1.000000
DADE - 000004,4,1.000000
DADE - 000005,4,1.000000
DADE - 000006,4,1.000000
DADE - 000007,4,1.000000
DADE - 000008,4,1.000000
DADE - 000009,4,1.000000
DADE - 000010,4,1.000000
DADE - 000011,4,1.000000
DADE - 000012,4,1.000000
DADE - 000013,4,1.000000
DALLAS - 000002,4,1.000000
DALLAS - 000003,4,1.000000
DALLAS - 000004,4,1.000000
DALLAS - 000005,4,1.000000
DALLAS - 000006,4,1.000000
DALLAS - 000007,4,1.000000
DALLAS - 000008,4,1.000000
DALLAS - 000009,4,1.000000
DALLAS - 000010,4,1.000000
DALLAS - 000011,4,1.000000
DALLAS - 000012,4,1.000000
DALLAS - 000013,4,1.000000
DALLAS - 000014,4,1.000000
DAVIESS - 000002,6,1.000000
DAVIESS - 000003,6,1.000000
DAVIESS - 000004,6,1.000000
DAVIESS - 000005,6,1.000000
DAVIESS - 000006,6,1.000000
DAVIESS - 000007,6,1.000000
DAVIESS - 000008,6,1.000000
DAVIESS - 000009,6,1.000000
DAVIESS - 000010,6,1.000000
DAVIESS - 000011,6,1.000000
DAVIESS - 000012,6,1.000000
DAVIESS - 000013,6,1.000000
DEKALB - 000002,6,1.000000
DEKALB - 000003,6,1.000000
DEKALB - 000004,6,1.000000
DEKALB - 000005,6,1.000000
DEKALB - 000006,6,1.000000
DEKALB - 000007,6,1.000000
DEKALB - 000008,6,1.000000
DEKALB - 000009,6,1.000000
DEKALB - 000010,6,1.000000
DEKALB - 000011,6,1.000000
DEKALB - 000012,6,1.000000
DENT - 000002,8,1.000000
DENT - 000003,8,1.000000
DENT - 000004,8,1.000000
DENT - 000005,8,1.000000
DENT - 000006,8,1.000000
DENT - 000007,8,1.000000
DENT - 000008,8,1.000000
DENT - 000009,8,1.000000
DOUGLAS - 000002,8,1.000000
DOUGLAS - 000003,8,1.000000
DOUGLAS - 000004,8,1.000000
DOUGLAS - 000005,8,1.000000
DOUGLAS - 000006,8,1.000000
DOUGLAS - 000007,8,1.000000
DOUGLAS - 000008,8,1.000000
DOUGLAS - 000009,8,1.000000
DOUGLAS - 000010,8,1.000000
DOUGLAS - 000011,8,1.000000
DOUGLAS - 000012,8,1.000000
DOUGLAS - 000013,8,1.000000
DOUGLAS - 000014,8,1.000000
DOUGLAS - 000015,8,1.000000
DOUGLAS - 000016,8,1.000000
DOUGLAS - 000017,8,1.000000
DOUGLAS - 000018,8,1.000000
DOUGLAS - 000019,8,1.000000
DOUGLAS - 000020,8,1.000000
DOUGLAS - 000021,8,1.000000
DOUGLAS - 000022,8,1.000000
DOUGLAS - 000023,8,1.000000
DOUGLAS - 000024,8,1.000000
DOUGLAS - 000025,8,1.000000
DUNKLIN - 000002,8,1.000000
DUNKLIN - 000003,8,1.000000
DUNKLIN - 000004,8,1.000000
DUNKLIN - 000005,8,1.000000
DUNKLIN - 000006,8,1.000000
DUNKLIN - 000007,8,1.000000
DUNKLIN - 000008,8,1.000000
DUNKLIN - 000009,8,1.000000
DUNKLIN - 000010,8,1.000000
DUNKLIN - 000011,8,1.000000
DUNKLIN - 000012,8,1.000000
DUNKLIN - 000013,8,1.000000
DUNKLIN - 000014,8,1.000000
DUNKLIN - 000015,8,1.000000
DUNKLIN - 000016,8,1.000000
DUNKLIN - 000017,8,1.000000
DUNKLIN - 000018,8,1.000000
DUNKLIN - 000019,8,1.000000
DUNKLIN - 000020,8,1.000000
DUNKLIN - 000021,8,1.000000
DUNKLIN - 000022,8,1.000000
FRANKLIN - 000002,2,1.000000
FRANKLIN - 000003,2,1.000000
FRANKLIN - 000004,2,1.000000
FRANKLIN - 000005,2,1.000000
FRANKLIN - 000006,2,1.000000
FRANKLIN - 000007,2,1.000000
FRANKLIN - 000008,2,1.000000
FRANKLIN - 000009,2,1.000000
FRANKLIN - 000010,2,1.000000
FRANKLIN - 000011,2,1.000000
FRANKLIN - 000012,2,1.000000
FRANKLIN - 000013,2,1.000000
FRANKLIN - 000014,2,1.000000
FRANKLIN - 000015,2,1.000000
FRANKLIN - 000016,2,1.000000
FRANKLIN - 000017,2,1.000000
FRANKLIN - 000018,2,1.000000
FRANKLIN - 000019,2,1.000000
FRANKLIN - 000020,2,1.000000
FRANKLIN - 000021,2,1.000000
FRANKLIN - 000022,2,1.000000
FRANKLIN - 000023,2,1.000000
FRANKLIN - 000024,2,1.000000
FRANKLIN - 000025,2,1.000000
FRANKLIN - 000026,2,1.000000
FRANKLIN - 000027,2,1.000000
FRANKLIN - 000028,2,1.000000
FRANKLIN - 000029,2,1.000000
FRANKLIN - 000030,2,1.000000
FRANKLIN - 000031,2,1.000000
FRANKLIN - 000032,2,1.000000
FRANKLIN - 000033,2,1.000000
FRANKLIN - 000034,2,1.000000
FRANKLIN - 000035,2,1.000000
FRANKLIN - 000037,2,1.000000
FRANKLIN - 000038,2,1.000000
FRANKLIN - 000039,2,1.000000
FRANKLIN - 000040,2,1.000000
FRANKLIN - 000041,2,1.000000
FRANKLIN - 000042,2,1.000000
FRANKLIN - 000043,2,1.000000
FRANKLIN - 000044,2,1.000000
FRANKLIN - 000045,2,1.000000
FRANKLIN - 000046,2,1.000000
FRANKLIN - 000047,2,1.000000
FRANKLIN - 000048,2,1.000000
FRANKLIN - 000049,2,1.000000
FRANKLIN - 000050,2,1.000000
FRANKLIN - 000051,2,1.000000
FRANKLIN - 000052,2,1.000000
FRANKLIN - 000053,2,1.000000
FRANKLIN - 000054,2,1.000000
FRANKLIN - 000055,2,1.000000
FRANKLIN - 000056,2,1.000000
FRANKLIN - 000057,2,1.000000
FRANKLIN - 000058,2,1.000000
FRANKLIN - 000059,2,1.000000
FRANKLIN - 000060,2,1.000000
FRANKLIN - 000061,2,1.000000
FRANKLIN - 000062,2,1.000000
GASCONADE - 000002,3,1.000000
GASCONADE - 000003,3,1.000000
GASCONADE - 000004,3,1.000000
GASCONADE - 000005,3,1.000000
GASCONADE - 000006,3,1.000000
GASCONADE - 000007,3,1.000000
GASCONADE - 000008,3,1.000000
GASCONADE - 000009,3,1.000000
GASCONADE - 000010,3,1.000000
GASCONADE - 000011,3,1.000000
GASCONADE - 000012,3,1.000000
GASCONADE - 000013,3,1.000000
GASCONADE - 000014,3,1.000000
GASCONADE - 000015,3,1.000000
GASCONADE - 000016,3,1.000000
GASCONADE - 000017,3,1.000000
GASCONADE - 000018,3,1.000000
GASCONADE - 000019,3,1.000000
GASCONADE - 000020,3,1.000000
GASCONADE - 000021,3,1.000000
GASCONADE - 000022,3,1.000000
GENTRY - 000002,6,1.000000
GENTRY - 000003,6,1.000000
GENTRY - 000004,6,1.000000
GENTRY - 000005,6,1.000000
GENTRY - 000006,6,1.000000
GENTRY - 000007,6,1.000000
GENTRY - 000008,6,1.000000
GENTRY - 000009,6,1.000000
GENTRY - 000010,6,1.000000
GENTRY - 000011,6,1.000000
GREENE - 000002,7,1.000000
GREENE - 000003,7,1.000000
GREENE - 000004,7,1.000000
GREENE - 000005,7,1.000000
GREENE - 000006,7,1.000000
GREENE - 000007,7,1.000000
GREENE - 000008,7,1.000000
GREENE - 000009,7,1.000000
GREENE - 000010,7,1.000000
GREENE - 000011,7,1.000000
GREENE - 000012,7,1.000000
GREENE - 000013,7,1.000000
GREENE - 000014,7,1.000000
GREENE - 000015,7,1.000000
GREENE - 000016,7,1.000000
GREENE - 000017,7,1.000000
GREENE - 000018,7,1.000000
GREENE - 000019,7,1.000000
GREENE - 000020,7,1.000000
GREENE - 000021,7,1.000000
GREENE - 000022,7,1.000000
GREENE - 000023,7,1.000000
GREENE - 000024,7,1.000000
GREENE - 000025,7,1.000000
GREENE - 000026,7,1.000000
GREENE - 000027,7,1.000000
GREENE - 000028,7,1.000000
GREENE - 000029,7,1.000000
GREENE - 000030,7,1.000000
GREENE - 000031,7,1.000000
GREENE - 000032,7,1.000000
GREENE - 000033,7,1.000000
GREENE - 000034,7,1.000000
GREENE - 000035,7,1.000000
GREENE - 000036,7,1.000000
GREENE - 000037,7,1.000000
GREENE - 000038,7,1.000000
GREENE - 000039,7,1.000000
GREENE - 000040,7,1.000000
GREENE - 000041,7,1.000000
GREENE - 000042,7,1.000000
GREENE - 000043,7,1.000000
GREENE - 000044,7,1.000000
GREENE - 000045,7,1.000000
GREENE - 000046,7,1.000000
GREENE - 000047,7,1.000000
GREENE - 000048,7,1.000000
GREENE - 000049,7,1.000000
GREENE - 000050,7,1.000000
GREENE - 000051,7,1.000000
GREENE - 000052,7,1.000000
GREENE - 000053,7,1.000000
GREENE - 000054,7,1.000000
GREENE - 000055,7,1.000000
GREENE - 000056,7,1.000000
GREENE - 000057,7,1.000000
GREENE - 000058,7,1.000000
GREENE - 000059,7,1.000000
GREENE - 000060,7,1.000000
GREENE - 000061,7,1.000000
GREENE - 000062,7,1.000000
GREENE - 000063,7,1.000000
GREENE - 000064,7,1.000000
GREENE - 000065,7,1.000000
GREENE - 000066,7,1.000000
GREENE - 000067,7,1.000000
GREENE - 000068,7,1.000000
GREENE - 000069,7,1.000000
GREENE - 000070,7,1.000000
GREENE - 000071,7,1.000000
GREENE - 000072,7,1.000000
GREENE - 000073,7,1.000000
GREENE - 000074,7,1.000000
GREENE - 000075,7,1.000000
GREENE - 000076,7,1.000000
GREENE - 000077,7,1.000000
GREENE - 000078,7,1.000000
GREENE - 000079,7,1.000000
GREENE - 000080,7,1.000000
GREENE - 000081,7,1.000000
GREENE - 000082,7,1.000000
GREENE - 000083,7,1.000000
GREENE - 000084,7,1.000000
GREENE - 000085,7,1.000000
GREENE - 000086,7,1.000000
GREENE - 000087,7,1.000000
GREENE - 000088,7,1.000000
GREENE - 000089,7,1.000000
GREENE - 000090,7,1.000000
GREENE - 000091,7,1.000000
GREENE - 000092,7,1.000000
GREENE - 000093,7,1.000000
GREENE - 000094,7,1.000000
GREENE - 000095,7,1.000000
GREENE - 000096,7,1.000000
GREENE - 000097,7,1.000000
GREENE - 000098,7,1.000000
GREENE - 000099,7,1.000000
GREENE - 000100,7,1.000000
GREENE - 000101,7,1.000000
GREENE - 000102,7,1.000000
GREENE - 000103,7,1.000000
GREENE - 000104,7,1.000000
GREENE - 000105,7,1.000000
GREENE - 000106,7,1.000000
GREENE - 000107,7,1.000000
GREENE - 000108,7,1.000000
GREENE - 000109,7,1.000000
GREENE - 000110,7,1.000000
GREENE - 000111,7,1.000000
GREENE - 000112,7,1.000000
GREENE - 000113,7,1.000000
GREENE - 000114,7,1.000000
GREENE - 000115,7,1.000000
GRUNDY - 000002,6,1.000000
GRUNDY - 000003,6,1.000000
GRUNDY - 000004,6,1.000000
GRUNDY - 000005,6,1.000000
GRUNDY - 000006,6,1.000000
GRUNDY - 000007,6,1.000000
GRUNDY - 000008,6,1.000000
GRUNDY - 000009,6,1.000000
GRUNDY - 000010,6,1.000000
GRUNDY - 000011,6,1.000000
GRUNDY - 000012,6,1.000000
GRUNDY - 000013,6,1.000000
GRUNDY - 000014,6,1.000000
GRUNDY - 000015,6,1.000000
GRUNDY - 000016,6,1.000000
GRUNDY - 000017,6,1.000000
HARRISON - 000002,6,1.000000
HARRISON - 000003,6,1.000000
HARRISON - 000004,6,1.000000
HARRISON - 000005,6,1.000000
HARRISON - 000006,6,1.000000
HARRISON - 000007,6,1.000000
HARRISON - 000008,6,1.000000
HARRISON - 000009,6,1.000000
HARRISON - 000010,6,1.000000
HARRISON - 000011,6,1.000000
HARRISON - 000012,6,1.000000
HENRY - 000002,4,1.000000
HENRY - 000003,4,1.000000
HENRY - 000004,4,1.000000
HENRY - 000005,4,1.000000
HENRY - 000006,4,1.000000
HENRY - 000007,4,1.000000
HENRY - 000008,4,1.000000
HENRY - 000009,4,1.000000
HENRY - 000011,4,1.000000
HENRY - 000012,4,1.000000
HENRY - 000013,4,1.000000
HENRY - 000014,4,1.000000
HENRY - 000015,4,1.000000
HENRY - 000016,4,1.000000
HENRY - 000017,4,1.000000
HENRY - 000018,4,1.000000
HENRY - 000020,4,1.000000
HENRY - 000021,4,1.000000
HENRY - 000022,4,1.000000
HENRY - 000023,4,1.000000
HICKORY - 000002,4,1.000000
HICKORY - 000003,4,1.000000
HICKORY - 000004,4,1.000000
HICKORY - 000005,4,1.000000
HICKORY - 000006,4,1.000000
HICKORY - 000007,4,1.000000
HICKORY - 000008,4,1.000000
HICKORY - 000009,4,1.000000
HICKORY - 000010,4,1.000000
HICKORY - 000011,4,1.000000
HICKORY - 000012,4,1.000000
HOLT - 000002,6,1.000000
HOLT - 000003,6,1.000000
HOLT - 000004,6,1.000000
HOLT - 000005,6,1.000000
HOLT - 000006,6,1.000000
HOLT - 000007,6,1.000000
HOWARD - 000003,4,1.000000
HOWARD - 000004,4,1.000000
HOWARD - 000005,4,1.000000
HOWARD - 000009,4,1.000000
HOWARD - 000013,4,1.000000
HOWARD - 000015,4,1.000000
HOWARD - 000016,4,1.000000
HOWARD - 000017,4,1.000000
HOWARD - 000018,4,1.000000
HOWELL - 000002,8,1.000000
HOWELL - 000003,8,1.000000
HOWELL - 000004,8,1.000000
HOWELL - 000005,8,1.000000
HOWELL - 000006,8,1.000000
HOWELL - 000007,8,1.000000
HOWELL - 000008,8,1.000000
HOWELL - 000009,8,1.000000
HOWELL - 000010,8,1.000000
HOWELL - 000011,8,1.000000
HOWELL - 000012,8,1.000000
HOWELL - 000013,8,1.000000
HOWELL - 000014,8,1.000000
HOWELL - 000015,8,1.000000
HOWELL - 000016,8,1.000000
HOWELL - 000017,8,1.000000
HOWELL - 000018,8,1.000000
HOWELL - 000019,8,1.000000
HOWELL - 000020,8,1.000000
HOWELL - 000021,8,1.000000
IRON - 000002,8,1.000000
IRON - 000003,8,1.000000
IRON - 000004,8,1.000000
IRON - 000005,8,1.000000
IRON - 000006,8,1.000000
IRON - 000007,8,1.000000
IRON - 000008,8,1.000000
IRON - 000009,8,1.000000
IRON - 000010,8,1.000000
IRON - 000011,8,1.000000
IRON - 000012,8,1.000000
IRON - 000013,8,1.000000
IRON - 000014,8,1.000000
IRON - 000015,8,1.000000
IRON - 000016,8,1.000000
IRON - 000017,8,1.000000
JACKSON - 000002,5,1.000000
JACKSON - 000003,5,1.000000
JACKSON - 000004,5,1.000000
JACKSON - 000005,5,1.000000
JACKSON - 000006,5,1.000000
JACKSON - 000007,5,1.000000
JACKSON - 000008,5,1.000000
JACKSON - 000009,5,1.000000
JACKSON - 000010,5,1.000000
JACKSON - 000011,5,1.000000
JACKSON - 000012,5,1.000000
JACKSON - 000013,5,1.000000
JACKSON - 000014,6,0.750000
JACKSON - 000014,5,0.250000
JACKSON - 000015,5,1.000000
JACKSON - 000016,5,1.000000
JACKSON - 000017,5,1.000000
JACKSON - 000018,5,1.000000
JACKSON - 000019,5,1.000000
JACKSON - 000020,5,1.000000
JACKSON - 000021,5,1.000000
JACKSON - 000022,5,1.000000
JACKSON - 000023,5,1.000000
JACKSON - 000024,5,1.000000
JACKSON - 000025,5,1.000000
JACKSON - 000026,5,1.000000
JACKSON - 000027,6,1.000000
JACKSON - 000028,6,1.000000
JACKSON - 000029,6,1.000000
JACKSON - 000030,6,1.000000
JACKSON - 000031,6,1.000000
JACKSON - 000032,5,1.000000
JACKSON - 000033,5,1.000000
JACKSON - 000034,5,1.000000
JACKSON - 000035,5,1.000000
JACKSON - 000036,5,1.000000
JACKSON - 000037,5,1.000000
JACKSON - 000038,5,1.000000
JACKSON - 000039,5,1.000000
JACKSON - 000040,5,1.000000
JACKSON - 000041,5,1.000000
JACKSON - 000042,5,1.000000
JACKSON - 000043,5,1.000000
JACKSON - 000044,5,1.000000
JACKSON - 000045,5,1.000000
JACKSON - 000046,5,1.000000
JACKSON - 000047,5,1.000000
JACKSON - 000048,5,1.000000
JACKSON - 000049,5,1.000000
JACKSON - 000050,5,1.000000
JACKSON - 000051,5,1.000000
JACKSON - 000052,5,1.000000
JACKSON - 000053,5,1.000000
JACKSON - 000054,5,1.000000
JACKSON - 000055,5,1.000000
JACKSON - 000056,5,1.000000
JACKSON - 000057,5,1.000000
JACKSON - 000058,5,1.000000
JACKSON - 000059,5,1.000000
JACKSON - 000060,5,1.000000
JACKSON - 000061,5,1.000000
JACKSON - 000062,5,1.000000
JACKSON - 000063,5,1.000000
JACKSON - 000064,5,1.000000
JACKSON - 000065,5,1.000000
JACKSON - 000066,5,1.000000
JACKSON - 000067,5,1.000000
JACKSON - 000068,5,1.000000
JACKSON - 000069,5,1.000000
JACKSON - 000070,5,1.000000
JACKSON - 000071,5,1.000000
JACKSON - 000072,5,1.000000
JACKSON - 000073,5,1.000000
JACKSON - 000074,5,1.000000
JACKSON - 000075,5,1.000000
JACKSON - 000076,5,1.000000
JACKSON - 000077,5,1.000000
JACKSON - 000078,5,1.000000
JACKSON - 000079,5,1.000000
JACKSON - 000080,5,1.000000
JACKSON - 000081,5,1.000000
JACKSON - 000082,5,1.000000
JACKSON - 000083,5,1.000000
JACKSON - 000084,5,1.000000
JACKSON - 000085,5,1.000000
JACKSON - 000086,5,1.000000
JACKSON - 000087,5,1.000000
JACKSON - 000088,5,1.000000
JACKSON - 000089,5,1.000000
JACKSON - 000090,5,1.000000
JACKSON - 000091,5,1.000000
JACKSON - 000092,5,1.000000
JACKSON - 000093,5,1.000000
JACKSON - 000094,5,1.000000
JACKSON - 000095,5,1.000000
JACKSON - 000096,5,1.000000
JACKSON - 000097,5,1.000000
JACKSON - 000098,5,1.000000
JACKSON - 000099,5,1.000000
JACKSON - 000100,5,1.000000
JACKSON - 000101,5,1.000000
JACKSON - 000102,5,1.000000
JACKSON - 000103,5,1.000000
JACKSON - 000104,5,1.000000
JACKSON - 000105,5,1.000000
JACKSON - 000106,5,1.000000
JACKSON - 000107,5,1.000000
JACKSON - 000108,5,1.000000
JACKSON - 000109,5,1.000000
JACKSON - 000110,5,1.000000
JACKSON - 000111,5,1.000000
JACKSON - 000112,5,1.000000
JACKSON - 000113,5,1.000000
JACKSON - 000114,5,1.000000
JACKSON - 000115,5,1.000000
JACKSON - 000116,5,1.000000
JACKSON - 000117,5,1.000000
JACKSON - 000118,5,1.000000
JACKSON - 000119,5,1.000000
JACKSON - 000120,5,1.000000
JACKSON - 000121,5,1.000000
JACKSON - 000122,5,1.000000
JACKSON - 000123,5,1.000000
JACKSON - 000124,5,1.000000
JACKSON - 000125,5,1.000000
JACKSON - 000126,5,1.000000
JACKSON - 000127,5,1.000000
JACKSON - 000128,5,1.000000
JACKSON - 000129,6,1.000000
JACKSON - 000130,6,0.914286
JACKSON - 000130,5,0.085714
JACKSON - 000131,6,1.000000
JACKSON - 000132,6,1.000000
JACKSON - 000133,6,1.000000
JACKSON - 000134,6,1.000000
JACKSON - 000135,6,1.000000
JACKSON - 000136,6,1.000000
JACKSON - 000137,6,1.000000
JACKSON - 000138,5,1.000000
JACKSON - 000139,5,1.000000
JACKSON - 000140,5,1.000000
JACKSON - 000141,5,1.000000
JACKSON - 000142,5,1.000000
JACKSON - 000143,5,1.000000
JACKSON - 000144,5,1.000000
JACKSON - 000145,5,1.000000
JACKSON - 000146,5,1.000000
JACKSON - 000147,5,1.000000
JACKSON - 000148,5,1.000000
JACKSON - 000149,5,1.000000
JACKSON - 000150,5,1.000000
JACKSON - 000151,5,1.000000
JACKSON - 000152,5,1.000000
JACKSON - 000153,5,1.000000
JACKSON - 000154,5,1.000000
JACKSON - 000155,5,1.000000
JACKSON - 000156,5,1.000000
JACKSON - 000157,5,1.000000
JACKSON - 000158,5,1.000000
JACKSON - 000159,5,1.000000
JACKSON - 000160,5,1.000000
JACKSON - 000161,5,1.000000
JACKSON - 000162,5,1.000000
JACKSON - 000163,5,1.000000
JACKSON - 000164,5,1.000000
JACKSON - 000165,5,1.000000
JACKSON - 000166,5,1.000000
JACKSON - 000167,5,1.000000
JACKSON - 000168,5,1.000000
JACKSON - 000169,5,1.000000
JACKSON - 000170,5,1.000000
JACKSON - 000171,5,1.000000
JACKSON - 000172,5,1.000000
JACKSON - 000173,5,1.000000
JACKSON - 000174,5,1.000000
JACKSON - 000175,5,1.000000
JACKSON - 000176,5,1.000000
JACKSON - 000177,5,1.000000
JACKSON - 000178,5,1.000000
JACKSON - 000179,5,1.000000
JACKSON - 000180,5,1.000000
JACKSON - 000181,4,0.478571
JACKSON - 000181,5,0.521429
JACKSON - 000182,5,0.919048
JACKSON - 000182,4,0.080952
JACKSON - 000183,5,1.000000
JACKSON - 000184,5,1.000000
JACKSON - 000185,5,1.000000
JACKSON - 000186,5,1.000000
JACKSON - 000187,5,1.000000
JACKSON - 000188,5,1.000000
JACKSON - 000189,5,1.000000
JACKSON - 000190,5,1.000000
JACKSON - 000191,5,0.921429
JACKSON - 000191,4,0.078571
JACKSON - 000192,5,1.000000
JACKSON - 000193,5,1.000000
JACKSON - 000194,4,1.000000
JACKSON - 000195,4,1.000000
JACKSON - 000196,4,1.000000
JACKSON - 000197,4,1.000000
JACKSON - 000198,4,1.000000
JACKSON - 000199,4,1.000000
JACKSON - 000200,4,1.000000
JACKSON - 000201,4,1.000000
JACKSON - 000202,5,1.000000
JACKSON - 000203,4,1.000000
JACKSON - 000204,5,1.000000
JACKSON - 000205,4,1.000000
JACKSON - 000206,5,1.000000
JACKSON - 000207,5,1.000000
JACKSON - 000208,5,0.259524
JACKSON - 000208,4,0.740476
JACKSON - 000209,5,1.000000
JACKSON - 000210,5,1.000000
JACKSON - 000211,5,1.000000
JACKSON - 000212,5,1.000000
JACKSON - 000213,5,1.000000
JACKSON - 000214,5,0.288095
JACKSON - 000214,4,0.400000
JACKSON - 000214,6,0.311905
JACKSON - 000215,5,1.000000
JACKSON - 000216,5,1.000000
JACKSON - 000217,4,1.000000
JACKSON - 000218,4,1.000000
JACKSON - 000219,4,1.000000
JACKSON - 000220,4,1.000000
JACKSON - 000221,5,0.947619
JACKSON - 000221,4,0.052381
JACKSON - 000222,4,1.000000
JACKSON - 000223,4,1.000000
JACKSON - 000224,4,1.000000
JACKSON - 000226,4,1.000000
JACKSON - 000228,4,1.000000
JACKSON - 000229,4,1.000000
JACKSON - 000230,4,1.000000
JACKSON - 000231,4,1.000000
JACKSON - 000232,4,1.000000
JACKSON - 000233,4,1.000000
JACKSON - 000234,6,0.702381
JACKSON - 000234,4,0.297619
JACKSON - 000235,4,0.285714
JACKSON - 000235,6,0.714286
JACKSON - 000236,4,1.000000
JACKSON - 000237,4,1.000000
JACKSON - 000238,4,1.000000
JACKSON - 000240,4,1.000000
JACKSON - 000241,4,1.000000
JACKSON - 000242,4,1.000000
JACKSON - 000243,4,1.000000
JACKSON - 000244,4,1.000000
JACKSON - 000245,4,1.000000
JACKSON - 000246,4,1.000000
JACKSON - 000247,4,1.000000
JACKSON - 000248,4,1.000000
JACKSON - 000249,4,1.000000
JACKSON - 000250,4,1.000000
JACKSON - 000251,5,0.042857
JACKSON - 000251,4,0.957143
JACKSON - 000252,4,1.000000
JACKSON - 000253,4,1.000000
JACKSON - 000254,5,1.000000
JACKSON - 000255,5,1.000000
JACKSON - 000256,5,1.000000
JACKSON - 000257,5,1.000000
JACKSON - 000258,5,1.000000
JACKSON - 000259,5,1.000000
JACKSON - 000260,5,1.000000
JACKSON - 000261,5,1.000000
JACKSON - 000262,5,1.000000
JACKSON - 000263,5,1.000000
JACKSON - 000264,5,1.000000
JACKSON - 000265,5,1.000000
JACKSON - 000266,5,1.000000
JACKSON - 000267,5,1.000000
JACKSON - 000268,5,1.000000
JACKSON - 000269,5,1.000000
JACKSON - 000270,5,1.000000
JACKSON - 000271,5,1.000000
JACKSON - 000273,5,1.000000
JACKSON - 000274,5,1.000000
JACKSON - 000275,5,1.000000
JACKSON - 000276,5,1.000000
JACKSON - 000277,5,1.000000
JACKSON - 000279,5,1.000000
JACKSON - 000280,5,1.000000
JACKSON - 000281,5,1.000000
JACKSON - 000282,5,1.000000
JACKSON - 000285,5,1.000000
JACKSON - 000286,5,1.000000
JACKSON - 000287,5,1.000000
JACKSON - 000289,5,1.000000
JACKSON - 000290,5,1.000000
JACKSON - 000292,5,1.000000
JACKSON - 000293,5,1.000000
JACKSON - 000294,5,1.000000
JACKSON - 000297,5,1.000000
JACKSON - 000298,5,1.000000
JACKSON - 000299,5,1.000000
JACKSON - 000300,5,1.000000
JACKSON - 000301,5,1.000000
JACKSON - 000302,5,1.000000
JACKSON - 000304,5,1.000000
JACKSON - 000305,5,1.000000
JACKSON - 000306,5,1.000000
JACKSON - 000308,5,1.000000
JACKSON - 000309,5,1.000000
JACKSON - 000310,5,1.000000
JACKSON - 000311,5,1.000000
JACKSON - 000312,5,1.000000
JACKSON - 000313,5,1.000000
JACKSON - 000314,5,1.000000
JACKSON - 000315,5,1.000000
JACKSON - 000316,5,1.000000
JACKSON - 000317,5,1.000000
JACKSON - 000319,5,1.000000
JACKSON - 000320,5,1.000000
JACKSON - 000322,5,1.000000
JACKSON - 000323,5,1.000000
JACKSON - 000324,5,1.000000
JACKSON - 000326,5,1.000000
JACKSON - 000328,5,1.000000
JACKSON - 000330,5,1.000000
JACKSON - 000331,5,1.000000
JACKSON - 000332,5,1.000000
JACKSON - 000334,5,1.000000
JACKSON - 000335,5,1.000000
JACKSON - 000337,5,1.000000
JACKSON - 000338,5,1.000000
JACKSON - 000340,5,1.000000
JACKSON - 000344,5,1.000000
JACKSON - 000345,5,1.000000
JACKSON - 000346,5,1.000000
JACKSON - 000347,5,1.000000
JACKSON - 000349,5,1.000000
JACKSON - 000352,5,1.000000
JACKSON - 000357,5,1.000000
JACKSON - 000358,5,1.000000
JACKSON - 000361,5,1.000000
JACKSON - 000362,5,1.000000
JACKSON - 000365,5,1.000000
JACKSON - 000367,5,1.000000
JACKSON - 000369,5,1.000000
JACKSON - 000372,5,1.000000
JACKSON - 000373,5,1.000000
JACKSON - 000374,5,1.000000
JACKSON - 000375,5,1.000000
JACKSON - 000377,5,1.000000
JACKSON - 000378,5,1.000000
JACKSON - 000379,5,1.000000
JACKSON - 000380,5,1.000000
JACKSON - 000381,5,1.000000
JACKSON - 000382,5,1.000000
JACKSON - 000383,5,1.000000
JACKSON - 000384,5,1.000000
JACKSON - 000386,5,1.000000
JACKSON - 000387,5,1.000000
JACKSON - 000388,5,1.000000
JACKSON - 000389,5,1.000000
JACKSON - 000390,5,1.000000
JACKSON - 000391,5,1.000000
JACKSON - 000392,5,1.000000
JACKSON - 000393,5,1.000000
JACKSON - 000395,5,1.000000
JACKSON - 000396,5,1.000000
JACKSON - 000399,5,1.000000
JACKSON - 000400,5,1.000000
JACKSON - 000401,5,1.000000
JACKSON - 000402,5,1.000000
JACKSON - 000403,5,1.000000
JACKSON - 000404,5,1.000000
JACKSON - 000405,5,1.000000
JACKSON - 000408,5,1.000000
JACKSON - 000410,5,1.000000
JACKSON - 000411,5,1.000000
JACKSON - 000412,5,1.000000
JACKSON - 000414,5,1.000000
JACKSON - 000417,5,1.000000
JACKSON - 000418,5,1.000000
JACKSON - 000419,5,1.000000
JACKSON - 000422,5,1.000000
JACKSON - 000423,5,1.000000
JACKSON - 000424,5,1.000000
JACKSON - 000425,5,1.000000
JACKSON - 000426,5,1.000000
JACKSON - 000427,5,1.000000
JACKSON - 000429,5,1.000000
JACKSON - 000431,5,1.000000
JACKSON - 000432,5,1.000000
JACKSON - 000434,5,1.000000
JACKSON - 000435,5,1.000000
JACKSON - 000436,5,1.000000
JACKSON - 000438,5,1.000000
JACKSON - 000440,5,1.000000
JACKSON - 000442,5,1.000000
JACKSON - 000443,5,1.000000
JACKSON - 000445,5,1.000000
JACKSON - 000446,5,1.000000
JACKSON - 000447,5,1.000000
JACKSON - 000448,5,1.000000
JACKSON - 000449,5,1.000000
JACKSON - 000450,5,1.000000
JACKSON - 000452,5,1.000000
JACKSON - 000453,5,1.000000
JACKSON - 000454,5,1.000000
JACKSON - 000455,5,1.000000
JACKSON - 000456,5,1.000000
JACKSON - 000457,5,1.000000
JACKSON - 000458,5,1.000000
JACKSON - 000459,5,1.000000
JACKSON - 000460,5,1.000000
JACKSON - 000461,5,1.000000
JACKSON - 000462,5,1.000000
JACKSON - 000463,5,1.000000
JACKSON - 000464,5,1.000000
JACKSON - 000467,5,1.000000
JACKSON - 000470,5,1.000000
JACKSON - 000471,5,1.000000
JACKSON - 000472,5,1.000000
JACKSON - 000473,5,1.000000
JACKSON - 000474,5,1.000000
JACKSON - 000475,5,1.000000
JACKSON - 000476,5,1.000000
JACKSON - 000477,5,1.000000
JACKSON - 000478,5,1.000000
JACKSON - 000480,5,1.000000
JACKSON - 000481,5,1.000000
JACKSON - 000482,5,1.000000
JACKSON - 000483,5,1.000000
JACKSON - 000484,5,1.000000
JACKSON - 000485,5,1.000000
JACKSON - 000486,5,1.000000
JACKSON - 000487,5,1.000000
JACKSON - 000491,5,1.000000
JACKSON - 000492,5,1.000000
JACKSON - 000494,5,1.000000
JACKSON - 000496,5,1.000000
JACKSON - 000497,5,1.000000
JACKSON - 000500,5,1.000000
JACKSON - 000502,5,1.000000
JACKSON - 000503,5,1.000000
JACKSON - 000504,5,1.000000
JACKSON - 000505,5,1.000000
JACKSON - 000508,5,1.000000
JACKSON - 000509,5,1.000000
JACKSON - 000510,5,1.000000
JACKSON - 000512,5,1.000000
JACKSON - 000514,5,1.000000
JACKSON - 000515,5,1.000000
JACKSON - 000516,5,1.000000
JACKSON - 000517,5,1.000000
JACKSON - 000518,5,1.000000
JACKSON - 000520,5,1.000000
JACKSON - 000521,5,1.000000
JACKSON - 000522,5,1.000000
JACKSON - 000523,5,1.000000
JACKSON - 000525,5,1.000000
JACKSON - 000527,5,1.000000
JACKSON - 000528,5,1.000000
JACKSON - 000529,5,1.000000
JACKSON - 000530,5,1.000000
JACKSON - 000532,5,1.000000
JACKSON - 000533,5,1.000000
JACKSON - 000534,5,1.000000
JACKSON - 000535,5,1.000000
JACKSON - 000538,5,1.000000
JACKSON - 000539,5,1.000000
JACKSON - 000540,5,1.000000
JACKSON - 000541,5,1.000000
JACKSON - 000543,5,1.000000
JACKSON - 000545,5,1.000000
JACKSON - 000546,5,1.000000
JACKSON - 000547,5,1.000000
JACKSON - 000548,5,1.000000
JACKSON - 000549,5,1.000000
JACKSON - 000551,5,1.000000
JACKSON - 000552,5,1.000000
JACKSON - 000553,5,1.000000
JACKSON - 000558,5,1.000000
JACKSON - 000559,5,1.000000
JACKSON - 000563,5,1.000000
JACKSON - 000564,5,1.000000
JACKSON - 000565,5,1.000000
JACKSON - 000567,5,1.000000
JACKSON - 000568,5,1.000000
JACKSON - 000569,5,1.000000
JACKSON - 000571,5,1.000000
JACKSON - 000572,5,1.000000
JACKSON - 000573,5,1.000000
JACKSON - 000574,5,1.000000
JACKSON - 000575,5,1.000000
JACKSON - 000577,5,1.000000
JACKSON - 000579,5,1.000000
JACKSON - 000581,6,1.000000
JASPER - 000002,7,1.000000
JASPER - 000003,7,1.000000
JASPER - 000004,7,1.000000
JASPER - 000005,7,1.000000
JASPER - 000006,7,1.000000
JASPER - 000007,7,1.000000
JASPER - 000008,7,1.000000
JASPER - 000009,7,1.000000
JASPER - 000010,7,1.000000
JASPER - 000011,7,1.000000
JASPER - 000012,7,1.000000
JASPER - 000013,7,1.000000
JASPER - 000014,7,1.000000
JASPER - 000015,7,1.000000
JASPER - 000016,7,1.000000
JASPER - 000017,7,1.000000
JASPER - 000018,7,1.000000
JASPER - 000019,7,1.000000
JASPER - 000020,7,1.000000
JASPER - 000021,7,1.000000
JASPER - 000022,7,1.000000
JASPER - 000023,7,1.000000
JASPER - 000024,7,1.000000
JASPER - 000025,7,1.000000
JASPER - 000026,7,1.000000
JASPER - 000027,7,1.000000
JASPER - 000028,7,1.000000
JASPER - 000029,7,1.000000
JASPER - 000030,7,1.000000
JASPER - 000031,7,1.000000
JASPER - 000032,7,1.000000
JASPER - 000033,7,1.000000
JASPER - 000034,7,1.000000
JASPER - 000035,7,1.000000
JASPER - 000036,7,1.000000
JASPER - 000037,7,1.000000
JASPER - 000038,7,1.000000
JASPER - 000039,7,1.000000
JASPER - 000040,7,1.000000
JASPER - 000041,7,1.000000
JASPER - 000042,7,1.000000
JASPER - 000043,7,1.000000
JASPER - 000044,7,1.000000
JASPER - 000045,7,1.000000
JASPER - 000046,7,1.000000
JASPER - 000047,7,1.000000
JASPER - 000048,7,1.000000
JASPER - 000049,7,1.000000
JASPER - 000050,7,1.000000
JASPER - 000051,7,1.000000
JASPER - 000052,7,1.000000
JASPER - 000053,7,1.000000
JASPER - 000054,7,1.000000
JASPER - 000055,7,1.000000
JASPER - 000056,7,1.000000
JASPER - 000057,7,1.000000
JASPER - 000058,7,1.000000
JASPER - 000059,7,1.000000
JASPER - 000060,7,1.000000
JASPER - 000061,7,1.000000
JASPER - 000062,7,1.000000
JASPER - 000063,7,1.000000
JASPER - 000064,7,1.000000
JASPER - 000065,7,1.000000
JASPER - 000066,7,1.000000
JASPER - 000067,7,1.000000
JASPER - 000068,7,1.000000
JEFFERSON - 000002,8,1.000000
JEFFERSON - 000003,8,1.000000
JEFFERSON - 000004,8,1.000000
JEFFERSON - 000005,8,0.957143
JEFFERSON - 000005,3,0.042857
JEFFERSON - 000006,8,1.000000
JEFFERSON - 000007,8,1.000000
JEFFERSON - 000008,8,1.000000
JEFFERSON - 000009,8,0.945238
JEFFERSON - 000009,2,0.054762
JEFFERSON - 000010,8,0.988095
JEFFERSON - 000010,2,0.011905
JEFFERSON - 000012,8,1.000000
JEFFERSON - 000013,8,1.000000
JEFFERSON - 000014,8,1.000000
JEFFERSON - 000015,3,1.000000
JEFFERSON - 000016,3,1.000000
JEFFERSON - 000017,3,1.000000
JEFFERSON - 000018,8,1.000000
JEFFERSON - 000019,8,1.000000
JEFFERSON - 000020,8,1.000000
JEFFERSON - 000021,8,1.000000
JEFFERSON - 000022,3,1.000000
JEFFERSON - 000023,3,1.000000
JEFFERSON - 000024,3,1.000000
JEFFERSON - 000025,3,1.000000
JEFFERSON - 000026,8,1.000000
JEFFERSON - 000027,8,1.000000
JEFFERSON - 000028,8,1.000000
JEFFERSON - 000029,8,1.000000
JEFFERSON - 000030,8,1.000000
JEFFERSON - 000031,3,1.000000
JEFFERSON - 000032,3,1.000000
JEFFERSON - 000033,3,1.000000
JEFFERSON - 000034,8,1.000000
JEFFERSON - 000035,8,1.000000
JEFFERSON - 000036,3,1.000000
JEFFERSON - 000037,3,1.000000
JEFFERSON - 000038,3,1.000000
JEFFERSON - 000039,3,1.000000
JEFFERSON - 000040,3,1.000000
JEFFERSON - 000041,3,1.000000
JEFFERSON - 000042,3,1.000000
JEFFERSON - 000043,3,0.988095
JEFFERSON - 000043,2,0.011905
JEFFERSON - 000044,8,1.000000
JEFFERSON - 000045,3,1.000000
JEFFERSON - 000046,3,1.000000
JEFFERSON - 000047,8,1.000000
JEFFERSON - 000048,8,1.000000
JEFFERSON - 000049,8,1.000000
JEFFERSON - 000050,8,1.000000
JEFFERSON - 000051,8,1.000000
JEFFERSON - 000052,8,1.000000
JEFFERSON - 000053,8,1.000000
JEFFERSON - 000054,8,1.000000
JEFFERSON - 000055,8,1.000000
JEFFERSON - 000056,8,1.000000
JEFFERSON - 000057,3,1.000000
JEFFERSON - 000058,8,0.985714
JEFFERSON - 000058,2,0.011905
JEFFERSON - 000058,3,0.002381
JEFFERSON - 000059,8,1.000000
JEFFERSON - 000060,3,1.000000
JEFFERSON - 000061,8,1.000000
JEFFERSON - 000062,8,1.000000
JEFFERSON - 000063,8,1.000000
JEFFERSON - 000064,8,1.000000
JEFFERSON - 000065,8,1.000000
JEFFERSON - 000066,8,1.000000
JEFFERSON - 000067,8,1.000000
JEFFERSON - 000068,3,0.711905
JEFFERSON - 000068,8,0.288095
JEFFERSON - 000069,3,0.771429
JEFFERSON - 000069,8,0.228571
JOHNSON - 000002,4,1.000000
JOHNSON - 000003,4,1.000000
JOHNSON - 000004,4,1.000000
JOHNSON - 000005,4,1.000000
JOHNSON - 000006,4,1.000000
JOHNSON - 000007,4,1.000000
JOHNSON - 000008,4,1.000000
JOHNSON - 000009,4,1.000000
JOHNSON - 000010,4,1.000000
JOHNSON - 000011,4,1.000000
JOHNSON - 000012,4,1.000000
JOHNSON - 000013,4,1.000000
JOHNSON - 000014,4,1.000000
JOHNSON - 000015,4,1.000000
JOHNSON - 000016,4,1.000000
JOHNSON - 000017,4,1.000000
JOHNSON - 000018,4,1.000000
JOHNSON - 000019,4,1.000000
JOHNSON - 000020,4,1.000000
JOHNSON - 000021,4,1.000000
KNOX - 000002,6,1.000000
KNOX - 000003,6,1.000000
KNOX - 000004,6,1.000000
KNOX - 000005,6,1.000000
KNOX - 000006,6,1.000000
KNOX - 000007,6,1.000000
LACLEDE - 000002,4,1.000000
LACLEDE - 000003,4,1.000000
LACLEDE - 000004,4,1.000000
LACLEDE - 000005,4,1.000000
LACLEDE - 000006,4,1.000000
LACLEDE - 000007,4,1.000000
LACLEDE - 000008,4,1.000000
LACLEDE - 000009,4,1.000000
LACLEDE - 000010,4,1.000000
LACLEDE - 000011,4,1.000000
LACLEDE - 000012,4,1.000000
LACLEDE - 000013,4,1.000000
LACLEDE - 000014,4,1.000000
LACLEDE - 000015,4,1.000000
LACLEDE - 000016,4,1.000000
LACLEDE - 000017,4,1.000000
LACLEDE - 000018,4,1.000000
LACLEDE - 000019,4,1.000000
LACLEDE - 000020,4,1.000000
LACLEDE - 000021,4,1.000000
LAFAYETTE - 000002,4,1.000000
LAFAYETTE - 000003,4,1.000000
LAFAYETTE - 000004,4,1.000000
LAFAYETTE - 000005,4,1.000000
LAFAYETTE - 000006,4,1.000000
LAFAYETTE - 000007,4,1.000000
LAFAYETTE - 000008,4,1.000000
LAFAYETTE - 000009,4,1.000000
LAFAYETTE - 000010,4,1.000000
LAFAYETTE - 000011,4,1.000000
LAFAYETTE - 000012,4,1.000000
LAFAYETTE - 000013,4,1.000000
LAFAYETTE - 000014,4,1.000000
LAFAYETTE - 000015,4,1.000000
LAFAYETTE - 000016,4,1.000000
LAFAYETTE - 000017,4,1.000000
LAFAYETTE - 000018,4,1.000000
LAFAYETTE - 000019,4,0.990476
LAFAYETTE - 000019,6,0.009524
LAWRENCE - 000002,7,1.000000
LAWRENCE - 000003,7,1.000000
LAWRENCE - 000004,7,1.000000
LAWRENCE - 000005,7,1.000000
LAWRENCE - 000006,7,1.000000
LAWRENCE - 000007,7,1.000000
LAWRENCE - 000008,7,1.000000
LAWRENCE - 000009,7,1.000000
LAWRENCE - 000010,7,1.000000
LAWRENCE - 000011,7,1.000000
LAWRENCE - 000012,7,1.000000
LAWRENCE - 000013,7,1.000000
LAWRENCE - 000014,7,1.000000
LAWRENCE - 000015,7,1.000000
LAWRENCE - 000016,7,1.000000
LAWRENCE - 000017,7,1.000000
LAWRENCE - 000018,7,1.000000
LAWRENCE - 000019,7,1.000000
LAWRENCE - 000020,7,1.000000
LEWIS - 000002,6,1.000000
LEWIS - 000003,6,1.000000
LEWIS - 000004,6,1.000000
LEWIS - 000005,6,1.000000
LEWIS - 000006,6,1.000000
LEWIS - 000007,6,1.000000
LEWIS - 000008,6,1.000000
LEWIS - 000009,6,1.000000
LEWIS - 000010,6,1.000000
LEWIS - 000011,6,1.000000
LINCOLN - 000002,6,1.000000
LINCOLN - 000003,6,1.000000
LINCOLN - 000004,6,1.000000
LINCOLN - 000005,6,1.000000
LINCOLN - 000006,6,1.000000
LINCOLN - 000007,6,1.000000
LINCOLN - 000008,6,1.000000
LINCOLN - 000009,6,1.000000
LINCOLN - 000010,6,1.000000
LINCOLN - 000011,6,1.000000
LINCOLN - 000012,6,1.000000
LINCOLN - 000013,6,1.000000
LINCOLN - 000014,6,1.000000
LINCOLN - 000015,6,1.000000
LINCOLN - 000016,6,1.000000
LINCOLN - 000017,6,1.000000
LINCOLN - 000018,6,1.000000
LINCOLN - 000019,6,1.000000
LINCOLN - 000020,6,1.000000
LINCOLN - 000021,6,1.000000
LINCOLN - 000022,6,1.000000
LINCOLN - 000023,6,1.000000
LINN - 000002,6,1.000000
LINN - 000003,6,1.000000
LINN - 000004,6,1.000000
LINN - 000005,6,1.000000
LINN - 000006,6,1.000000
LINN - 000007,6,1.000000
LINN - 000008,6,1.000000
LINN - 000009,6,1.000000
LINN - 000010,6,1.000000
LINN - 000011,6,1.000000
LINN - 000012,6,1.000000
LINN - 000013,6,1.000000
LINN - 000014,6,1.000000
LINN - 000015,6,1.000000
LINN - 000016,6,1.000000
LINN - 000017,6,1.000000
LINN - 000018,6,1.000000
LINN - 000019,6,1.000000
LINN - 000020,6,1.000000
LINN - 000021,6,1.000000
LINN - 000022,6,1.000000
LIVINGSTON - 000002,6,1.000000
LIVINGSTON - 000003,6,1.000000
LIVINGSTON - 000004,6,1.000000
LIVINGSTON - 000005,6,1.000000
LIVINGSTON - 000006,6,1.000000
LIVINGSTON - 000007,6,1.000000
LIVINGSTON - 000008,6,1.000000
LIVINGSTON - 000009,6,1.000000
LIVINGSTON - 000010,6,1.000000
LIVINGSTON - 000011,6,1.000000
LIVINGSTON - 000012,6,1.000000
LIVINGSTON - 000013,6,1.000000
LIVINGSTON - 000014,6,1.000000
LIVINGSTON - 000015,6,1.000000
LIVINGSTON - 000016,6,1.000000
LIVINGSTON - 000017,6,1.000000
LIVINGSTON - 000018,6,1.000000
MACON - 000002,6,1.000000
MACON - 000003,6,1.000000
MACON - 000004,6,1.000000
MACON - 000005,6,1.000000
MACON - 000006,6,1.000000
MACON - 000007,6,1.000000
MACON - 000008,6,1.000000
MACON - 000009,6,1.000000
MACON - 000010,6,1.000000
MACON - 000011,6,1.000000
MACON - 000012,6,1.000000
MACON - 000013,6,1.000000
MADISON - 000002,8,1.000000
MADISON - 000003,8,1.000000
MADISON - 000004,8,1.000000
MADISON - 000005,8,1.000000
MADISON - 000006,8,1.000000
MADISON - 000007,8,1.000000
MADISON - 000008,8,1.000000
MADISON - 000009,8,1.000000
MADISON - 000010,8,1.000000
MADISON - 000011,8,1.000000
MADISON - 000012,8,1.000000
MADISON - 000013,8,1.000000
MADISON - 000014,8,1.000000
MADISON - 000015,8,1.000000
MADISON - 000016,8,1.000000
MADISON - 000017,8,1.000000
MADISON - 000018,8,1.000000
MARIES - 000002,3,1.000000
MARIES - 000003,3,1.000000
MARIES - 000004,3,1.000000
MARIES - 000005,3,1.000000
MARIES - 000006,3,1.000000
MARIES - 000007,3,1.000000
MARIES - 000008,3,1.000000
MARIES - 000009,3,1.000000
MARIES - 000010,3,1.000000
MARIES - 000011,3,1.000000
MARION - 000002,6,1.000000
MARION - 000003,6,1.000000
MARION - 000004,6,1.000000
MARION - 000005,6,1.000000
MARION - 000006,6,1.000000
MARION - 000007,6,1.000000
MARION - 000008,6,1.000000
MARION - 000009,6,1.000000
MARION - 000010,6,1.000000
MARION - 000011,6,1.000000
MARION - 000012,6,1.000000
MARION - 000013,6,1.000000
MARION - 000014,6,1.000000
MARION - 000015,6,1.000000
MARION - 000016,6,1.000000
MARION - 000017,6,1.000000
MARION - 000018,6,1.000000
MARION - 000019,6,1.000000
MARION - 000020,6,1.000000
MARION - 000021,6,1.000000
MCDONALD - 000002,7,1.000000
MCDONALD - 000003,7,1.000000
MCDONALD - 000004,7,1.000000
MCDONALD - 000005,7,1.000000
MCDONALD - 000006,7,1.000000
MCDONALD - 000007,7,1.000000
MCDONALD - 000008,7,1.000000
MCDONALD - 000009,7,1.000000
MCDONALD - 000010,7,1.000000
MCDONALD - 000011,7,1.000000
MCDONALD - 000012,7,1.000000
MCDONALD - 000013,7,1.000000
MCDONALD - 000014,7,1.000000
MCDONALD - 000015,7,1.000000
MCDONALD - 000016,7,1.000000
MCDONALD - 000017,7,1.000000
MCDONALD - 000018,7,1.000000
MCDONALD - 000019,7,1.000000
MCDONALD - 000020,7,1.000000
MERCER - 000002,6,1.000000
MERCER - 000003,6,1.000000
MERCER - 000004,6,1.000000
MERCER - 000005,6,1.000000
MERCER - 000006,6,1.000000
MERCER - 000007,6,1.000000
MERCER - 000008,6,1.000000
MERCER - 000009,6,1.000000
MERCER - 000010,6,1.000000
MILLER - 000002,3,1.000000
MILLER - 000003,3,1.000000
MILLER - 000004,3,1.000000
MILLER - 000005,3,1.000000
MILLER - 000006,3,1.000000
MILLER - 000007,3,1.000000
MILLER - 000008,3,1.000000
MILLER - 000009,3,1.000000
MILLER - 000010,3,1.000000
MILLER - 000011,3,1.000000
MILLER - 000012,3,1.000000
MILLER - 000013,3,1.000000
MILLER - 000014,3,1.000000
MILLER - 000015,3,1.000000
MILLER - 000016,3,1.000000
MILLER - 000017,3,1.000000
MILLER - 000018,3,1.000000
MILLER - 000019,3,1.000000
MILLER - 000020,3,1.000000
MILLER - 000021,3,1.000000
MILLER - 000022,3,1.000000
MILLER - 000023,3,1.000000
MISSISSIPPI - 000002,8,1.000000
MISSISSIPPI - 000003,8,1.000000
MISSISSIPPI - 000004,8,1.000000
MISSISSIPPI - 000005,8,1.000000
MISSISSIPPI - 000006,8,1.000000
MISSISSIPPI - 000007,8,1.000000
MISSISSIPPI - 000008,8,1.000000
MISSISSIPPI - 000009,8,1.000000
MISSISSIPPI - 000010,8,1.000000
MISSISSIPPI - 000011,8,1.000000
MISSISSIPPI - 000012,8,1.000000
MONITEAU - 000002,3,1.000000
MONITEAU - 000003,3,1.000000
MONITEAU - 000004,3,1.000000
MONITEAU - 000005,3,1.000000
MONITEAU - 000006,3,1.000000
MONITEAU - 000007,3,1.000000
MONITEAU - 000008,3,1.000000
MONITEAU - 000009,3,1.000000
MONITEAU - 000010,3,1.000000
MONITEAU - 000011,3,1.000000
MONITEAU - 000012,3,1.000000
MONITEAU - 000013,3,1.000000
MONITEAU - 000014,3,1.000000
MONITEAU - 000015,3,1.000000
MONROE - 000002,6,1.000000
MONROE - 000003,6,1.000000
MONROE - 000004,6,1.000000
MONROE - 000005,6,1.000000
MONROE - 000006,6,1.000000
MONROE - 000007,6,1.000000
MONROE - 000008,6,1.000000
MONROE - 000009,6,1.000000
MONROE - 000010,6,1.000000
MONROE - 000011,6,1.000000
MONROE - 000012,6,1.000000
MONROE - 000013,6,1.000000
MONROE - 000014,6,1.000000
MONROE - 000015,6,1.000000
MONROE - 000016,6,1.000000
MONROE - 000017,6,1.000000
MONTGOMERY - 000002,3,1.000000
MONTGOMERY - 000003,3,1.000000
MONTGOMERY - 000004,3,1.000000
MONTGOMERY - 000005,3,1.000000
MONTGOMERY - 000006,3,1.000000
MONTGOMERY - 000007,3,1.000000
MONTGOMERY - 000008,3,1.000000
MONTGOMERY - 000009,3,1.000000
MONTGOMERY - 000010,3,1.000000
MONTGOMERY - 000011,3,1.000000
MORGAN - 000002,4,1.000000
MORGAN - 000003,4,1.000000
MORGAN - 000004,4,1.000000
MORGAN - 000005,4,1.000000
MORGAN - 000006,4,1.000000
MORGAN - 000007,4,1.000000
MORGAN - 000008,4,1.000000
MORGAN - 000009,4,1.000000
MORGAN - 000010,4,1.000000
MORGAN - 000011,4,1.000000
MORGAN - 000012,4,1.000000
NEW MADRID - 000002,8,1.000000
NEW MADRID - 000003,8,1.000000
NEW MADRID - 000004,8,1.000000
NEW MADRID - 000005,8,1.000000
NEW MADRID - 000006,8,1.000000
NEW MADRID - 000007,8,1.000000
NEW MADRID - 000008,8,1.000000
NEW MADRID - 000009,8,1.000000
NEW MADRID - 000010,8,1.000000
NEW MADRID - 000011,8,1.000000
NEW MADRID - 000012,8,1.000000
NEW MADRID - 000013,8,1.000000
NEW MADRID - 000014,8,1.000000
NEW MADRID - 000015,8,1.000000
NEW MADRID - 000016,8,1.000000
NEW MADRID - 000017,8,1.000000
NEW MADRID - 000018,8,1.000000
NEW MADRID - 000019,8,1.000000
NEW MADRID - 000020,8,1.000000
NEW MADRID - 000021,8,1.000000
NEW MADRID - 000022,8,1.000000
NEW MADRID - 000023,8,1.000000
NEW MADRID - 000024,8,1.000000
NEWTON - 000002,7,1.000000
NEWTON - 000003,7,1.000000
NEWTON - 000004,7,1.000000
NEWTON - 000005,7,1.000000
NEWTON - 000006,7,1.000000
NEWTON - 000007,7,1.000000
NEWTON - 000008,7,1.000000
NEWTON - 000009,7,1.000000
NEWTON - 000010,7,1.000000
NEWTON - 000011,7,1.000000
NEWTON - 000012,7,1.000000
NEWTON - 000013,7,1.000000
NEWTON - 000014,7,1.000000
NEWTON - 000015,7,1.000000
NEWTON - 000016,7,1.000000
NEWTON - 000017,7,1.000000
NEWTON - 000018,7,1.000000
NEWTON - 000019,7,1.000000
NEWTON - 000020,7,1.000000
NEWTON - 000021,7,1.000000
NEWTON - 000022,7,1.000000
NEWTON - 000023,7,1.000000
NEWTON - 000024,7,1.000000
NODAWAY - 000002,6,1.000000
NODAWAY - 000003,6,1.000000
NODAWAY - 000004,6,1.000000
NODAWAY - 000005,6,1.000000
NODAWAY - 000006,6,1.000000
NODAWAY - 000007,6,1.000000
NODAWAY - 000008,6,1.000000
NODAWAY - 000009,6,1.000000
NODAWAY - 000010,6,1.000000
NODAWAY - 000011,6,1.000000
NODAWAY - 000012,6,1.000000
NODAWAY - 000013,6,1.000000
NODAWAY - 000014,6,1.000000
NODAWAY - 000015,6,1.000000
NODAWAY - 000016,6,1.000000
NODAWAY - 000017,6,1.000000
NODAWAY - 000018,6,1.000000
NODAWAY - 000019,6,1.000000
NODAWAY - 000020,6,1.000000
NODAWAY - 000021,6,1.000000
OREGON - 000002,8,1.000000
OREGON - 000003,8,1.000000
OREGON - 000004,8,1.000000
OREGON - 000005,8,1.000000
OREGON - 000006,8,1.000000
OREGON - 000007,8,1.000000
OREGON - 000008,8,1.000000
OREGON - 000009,8,1.000000
OREGON - 000010,8,1.000000
OREGON - 000011,8,1.000000
OREGON - 000012,8,1.000000
OREGON - 000013,8,1.000000
OREGON - 000014,8,1.000000
OREGON - 000015,8,1.000000
OREGON - 000016,8,1.000000
OSAGE - 000002,3,1.000000
OSAGE - 000003,3,1.000000
OSAGE - 000004,3,1.000000
OSAGE - 000005,3,1.000000
OSAGE - 000006,3,1.000000
OSAGE - 000007,3,1.000000
OSAGE - 000008,3,1.000000
OSAGE - 000009,3,1.000000
OSAGE - 000010,3,1.000000
OSAGE - 000011,3,1.000000
OSAGE - 000012,3,1.000000
OSAGE - 000013,3,1.000000
OSAGE - 000014,3,1.000000
OSAGE - 000015,3,1.000000
OSAGE - 000016,3,1.000000
OSAGE - 000017,3,1.000000
OSAGE - 000018,3,1.000000
OSAGE - 000019,3,1.000000
OSAGE - 000020,3,1.000000
OZARK - 000002,8,1.000000
OZARK - 000004,8,1.000000
OZARK - 000005,8,1.000000
OZARK - 000006,8,1.000000
OZARK - 000007,8,1.000000
OZARK - 000008,8,1.000000
OZARK - 000009,8,1.000000
OZARK - 000010,8,1.000000
OZARK - 000011,8,1.000000
OZARK - 000012,8,1.000000
OZARK - 000013,8,1.000000
PEMISCOT - 000002,8,1.000000
PEMISCOT - 000003,8,1.000000
PEMISCOT - 000004,8,1.000000
PEMISCOT - 000005,8,1.000000
PEMISCOT - 000006,8,1.000000
PEMISCOT - 000007,8,1.000000
PEMISCOT - 000008,8,1.000000
PEMISCOT - 000009,8,1.000000
PEMISCOT - 000010,8,1.000000
PEMISCOT - 000011,8,1.000000
PEMISCOT - 000012,8,1.000000
PEMISCOT - 000013,8,1.000000
PEMISCOT - 000014,8,1.000000
PEMISCOT - 000015,8,1.000000
PEMISCOT - 000016,8,1.000000
PEMISCOT - 000017,8,1.000000
PEMISCOT - 000018,8,1.000000
PERRY - 000002,8,1.000000
PERRY - 000003,8,1.000000
PERRY - 000004,8,1.000000
PERRY - 000005,8,1.000000
PERRY - 000006,8,1.000000
PERRY - 000007,8,1.000000
PERRY - 000008,8,1.000000
PERRY - 000009,8,1.000000
PERRY - 000010,8,1.000000
PERRY - 000011,8,1.000000
PERRY - 000012,8,1.000000
PERRY - 000013,8,1.000000
PERRY - 000014,8,1.000000
PERRY - 000015,8,1.000000
PERRY - 000016,8,1.000000
PERRY - 000017,8,1.000000
PERRY - 000018,8,1.000000
PERRY - 000019,8,1.000000
PETTIS - 000002,4,1.000000
PETTIS - 000003,4,1.000000
PETTIS - 000004,4,1.000000
PETTIS - 000005,4,1.000000
PETTIS - 000006,4,1.000000
PETTIS - 000007,4,1.000000
PETTIS - 000008,4,1.000000
PETTIS - 000009,4,1.000000
PETTIS - 000010,4,1.000000
PETTIS - 000011,4,1.000000
PETTIS - 000012,4,1.000000
PETTIS - 000013,4,1.000000
PETTIS - 000014,4,1.000000
PETTIS - 000015,4,1.000000
PETTIS - 000016,4,1.000000
PETTIS - 000017,4,1.000000
PETTIS - 000018,4,1.000000
PETTIS - 000019,4,1.000000
PETTIS - 000020,4,1.000000
PETTIS - 000021,4,1.000000
PETTIS - 000022,4,1.000000
PETTIS - 000023,4,1.000000
PETTIS - 000024,4,1.000000
PETTIS - 000025,4,1.000000
PETTIS - 000026,4,1.000000
PETTIS - 000027,4,1.000000
PETTIS - 000028,4,1.000000
PETTIS - 000029,4,1.000000
PETTIS - 000030,4,1.000000
PETTIS - 000031,4,1.000000
PHELPS - 000002,8,1.000000
PHELPS - 000003,8,1.000000
PHELPS - 000004,8,1.000000
PHELPS - 000005,8,1.000000
PHELPS - 000006,8,1.000000
PHELPS - 000007,8,1.000000
PHELPS - 000008,8,1.000000
PHELPS - 000009,8,1.000000
PHELPS - 000010,8,1.000000
PHELPS - 000011,8,1.000000
PHELPS - 000012,8,1.000000
PHELPS - 000013,8,1.000000
PHELPS - 000014,8,1.000000
PHELPS - 000015,8,1.000000
PHELPS - 000016,8,1.000000
PHELPS - 000017,8,1.000000
PHELPS - 000018,8,1.000000
PHELPS - 000019,8,1.000000
PHELPS - 000020,8,1.000000
PHELPS - 000021,8,1.000000
PHELPS - 000022,8,1.000000
PHELPS - 000023,8,1.000000
PHELPS - 000024,8,1.000000
PHELPS - 000025,8,1.000000
PHELPS - 000026,8,1.000000
PHELPS - 000027,8,1.000000
PHELPS - 000028,8,1.000000
PHELPS - 000029,8,1.000000
PHELPS - 000030,8,1.000000
PHELPS - 000031,8,1.000000
PHELPS - 000032,8,1.000000
PHELPS - 000033,8,1.000000
PHELPS - 000034,8,1.000000
PHELPS - 000035,8,1.000000
PHELPS - 000036,8,1.000000
PHELPS - 000037,8,1.000000
PHELPS - 000038,8,1.000000
PHELPS - 000039,8,1.000000
PIKE - 000002,6,1.000000
PIKE - 000003,6,1.000000
PIKE - 000004,6,1.000000
PIKE - 000005,6,1.000000
PIKE - 000006,6,1.000000
PIKE - 000007,6,1.000000
PIKE - 000008,6,1.000000
PIKE - 000009,6,1.000000
PIKE - 000010,6,1.000000
PIKE - 000011,6,1.000000
PIKE - 000012,6,1.000000
PIKE - 000013,6,1.000000
PIKE - 000014,6,1.000000
PIKE - 000015,6,1.000000
PIKE - 000016,6,1.000000
PIKE - 000017,6,1.000000
PLATTE - 000002,6,1.000000
PLATTE - 000003,6,1.000000
PLATTE - 000004,6,1.000000
PLATTE - 000005,6,1.000000
PLATTE - 000006,6,1.000000
PLATTE - 000007,6,1.000000
PLATTE - 000008,6,1.000000
PLATTE - 000009,6,1.000000
PLATTE - 000010,6,1.000000
PLATTE - 000011,6,1.000000
PLATTE - 000012,6,1.000000
PLATTE - 000013,6,1.000000
PLATTE - 000014,6,1.000000
PLATTE - 000015,6,1.000000
PLATTE - 000016,6,1.000000
PLATTE - 000017,6,1.000000
PLATTE - 000018,6,1.000000
PLATTE - 000019,6,1.000000
PLATTE - 000020,6,1.000000
PLATTE - 000021,6,1.000000
PLATTE - 000022,6,1.000000
PLATTE - 000023,6,1.000000
PLATTE - 000024,6,1.000000
PLATTE - 000025,6,1.000000
PLATTE - 000026,6,1.000000
PLATTE - 000027,6,1.000000
PLATTE - 000028,6,1.000000
PLATTE - 000029,6,1.000000
PLATTE - 000030,6,1.000000
PLATTE - 000031,6,1.000000
PLATTE - 000032,6,1.000000
PLATTE - 000033,6,1.000000
PLATTE - 000034,6,1.000000
POLK - 000002,4,1.000000
POLK - 000003,4,1.000000
POLK - 000004,4,1.000000
POLK - 000005,4,1.000000
POLK - 000006,4,1.000000
POLK - 000007,4,1.000000
POLK - 000008,4,1.000000
POLK - 000009,4,1.000000
POLK - 000010,4,1.000000
POLK - 000011,4,1.000000
POLK - 000012,4,1.000000
POLK - 000013,4,1.000000
POLK - 000014,4,1.000000
POLK - 000015,4,1.000000
POLK - 000016,4,1.000000
POLK - 000017,4,1.000000
POLK - 000018,4,1.000000
POLK - 000019,4,1.000000
POLK - 000020,4,1.000000
POLK - 000021,4,1.000000
POLK - 000022,4,1.000000
POLK - 000023,4,1.000000
PULASKI - 000002,4,1.000000
PULASKI - 000003,4,1.000000
PULASKI - 000004,4,1.000000
PULASKI - 000005,4,1.000000
PULASKI - 000006,4,1.000000
PULASKI - 000007,4,1.000000
PULASKI - 000008,4,1.000000
PULASKI - 000009,4,1.000000
PULASKI - 000010,4,1.000000
PULASKI - 000011,4,1.000000
PULASKI - 000012,4,1.000000
PUTNAM - 000002,6,1.000000
PUTNAM - 000003,6,1.000000
PUTNAM - 000004,6,1.000000
PUTNAM - 000005,6,1.000000
PUTNAM - 000006,6,1.000000
PUTNAM - 000007,6,1.000000
PUTNAM - 000008,6,1.000000
PUTNAM - 000009,6,1.000000
PUTNAM - 000010,6,1.000000
PUTNAM - 000011,6,1.000000
PUTNAM - 000012,6,1.000000
PUTNAM - 000013,6,1.000000
PUTNAM - 000014,6,1.000000
PUTNAM - 000015,6,1.000000
RALLS - 000002,6,1.000000
RALLS - 000003,6,1.000000
RALLS - 000004,6,1.000000
RALLS - 000005,6,1.000000
RALLS - 000006,6,1.000000
RALLS - 000007,6,1.000000
RALLS - 000008,6,1.000000
RALLS - 000009,6,1.000000
RALLS - 000010,6,1.000000
RANDOLPH - 000002,6,1.000000
RANDOLPH - 000003,6,1.000000
RANDOLPH - 000004,6,1.000000
RANDOLPH - 000005,6,1.000000
RANDOLPH - 000006,6,1.000000
RANDOLPH - 000007,6,1.000000
RANDOLPH - 000008,6,1.000000
RANDOLPH - 000009,6,1.000000
RANDOLPH - 000010,6,1.000000
RANDOLPH - 000011,6,1.000000
RANDOLPH - 000012,6,1.000000
RANDOLPH - 000013,6,1.000000
RANDOLPH - 000014,6,1.000000
RANDOLPH - 000015,6,1.000000
RANDOLPH - 000016,6,1.000000
RANDOLPH - 000017,6,1.000000
RANDOLPH - 000018,6,1.000000
RANDOLPH - 000019,6,1.000000
RANDOLPH - 000020,6,1.000000
RANDOLPH - 000021,6,1.000000
RANDOLPH - 000022,6,1.000000
RANDOLPH - 000023,6,1.000000
RANDOLPH - 000024,6,1.000000
RANDOLPH - 000025,6,1.000000
RANDOLPH - 000026,6,1.000000
RANDOLPH - 000027,6,1.000000
RANDOLPH - 000028,6,1.000000
RAY - 000002,6,1.000000
RAY - 000003,6,1.000000
RAY - 000004,6,1.000000
RAY - 000005,6,1.000000
RAY - 000006,6,1.000000
RAY - 000007,6,1.000000
RAY - 000008,6,1.000000
RAY - 000009,6,1.000000
RAY - 000010,6,1.000000
RAY - 000011,6,1.000000
RAY - 000012,6,1.000000
RAY - 000013,6,1.000000
RAY - 000014,6,1.000000
REYNOLDS - 000002,8,1.000000
REYNOLDS - 000003,8,1.000000
REYNOLDS - 000004,8,1.000000
REYNOLDS - 000005,8,1.000000
REYNOLDS - 000006,8,1.000000
REYNOLDS - 000007,8,1.000000
REYNOLDS - 000008,8,1.000000
REYNOLDS - 000009,8,1.000000
REYNOLDS - 000010,8,1.000000
REYNOLDS - 000011,8,1.000000
REYNOLDS - 000012,8,1.000000
REYNOLDS - 000013,8,1.000000
REYNOLDS - 000014,8,1.000000
RIPLEY - 000002,8,1.000000
RIPLEY - 000003,8,1.000000
RIPLEY - 000004,8,1.000000
RIPLEY - 000005,8,1.000000
RIPLEY - 000006,8,1.000000
RIPLEY - 000007,8,1.000000
RIPLEY - 000008,8,1.000000
RIPLEY - 000009,8,1.000000
RIPLEY - 000010,8,1.000000
RIPLEY - 000011,8,1.000000
RIPLEY - 000012,8,1.000000
RIPLEY - 000013,8,1.000000
RIPLEY - 000014,8,1.000000
SALINE - 000002,4,1.000000
SALINE - 000003,4,1.000000
SALINE - 000004,4,1.000000
SALINE - 000005,4,1.000000
SALINE - 000006,4,1.000000
SALINE - 000007,4,1.000000
SALINE - 000008,4,1.000000
SALINE - 000009,4,1.000000
SALINE - 000010,4,1.000000
SALINE - 000011,4,1.000000
SALINE - 000012,4,1.000000
SALINE - 000013,4,1.000000
SALINE - 000014,4,1.000000
SALINE - 000015,4,1.000000
SALINE - 000016,4,1.000000
SALINE - 000017,4,1.000000
SALINE - 000018,4,1.000000
SALINE - 000019,4,1.000000
SALINE - 000020,4,1.000000
SCHUYLER - 000002,6,1.000000
SCHUYLER - 000003,6,1.000000
SCHUYLER - 000004,6,1.000000
SCHUYLER - 000005,6,1.000000
SCHUYLER - 000006,6,1.000000
SCOTLAND - 000002,6,1.000000
SCOTLAND - 000003,6,1.000000
SCOTLAND - 000004,6,1.000000
SCOTLAND - 000005,6,1.000000
SCOTLAND - 000006,6,1.000000
SCOTLAND - 000007,6,1.000000
SCOTLAND - 000008,6,1.000000
SCOTLAND - 000009,6,1.000000
SCOTT - 000002,8,1.000000
SCOTT - 000003,8,1.000000
SCOTT - 000004,8,1.000000
SCOTT - 000005,8,1.000000
SCOTT - 000006,8,1.000000
SCOTT - 000007,8,1.000000
SCOTT - 000008,8,1.000000
SCOTT - 000009,8,1.000000
SCOTT - 000010,8,1.000000
SCOTT - 000011,8,1.000000
SCOTT - 000012,8,1.000000
SCOTT - 000013,8,1.000000
SCOTT - 000014,8,1.000000
SCOTT - 000015,8,1.000000
SCOTT - 000016,8,1.000000
SCOTT - 000017,8,1.000000
SCOTT - 000018,8,1.000000
SCOTT - 000019,8,1.000000
SCOTT - 000020,8,1.000000
SCOTT - 000021,8,1.000000
SCOTT - 000022,8,1.000000
SCOTT - 000023,8,1.000000
SCOTT - 000024,8,1.000000
SCOTT - 000025,8,1.000000
SCOTT - 000026,8,1.000000
SCOTT - 000027,8,1.000000
SCOTT - 000028,8,1.000000
SCOTT - 000029,8,1.000000
SCOTT - 000030,8,1.000000
SCOTT - 000031,8,1.000000
SHANNON - 000002,8,1.000000
SHANNON - 000003,8,1.000000
SHANNON - 000004,8,1.000000
SHANNON - 000005,8,1.000000
SHANNON - 000006,8,1.000000
SHANNON - 000007,8,1.000000
SHANNON - 000008,8,1.000000
SHANNON - 000009,8,1.000000
SHANNON - 000010,8,1.000000
SHANNON - 000011,8,1.000000
SHANNON - 000012,8,1.000000
SHELBY - 000002,6,1.000000
SHELBY - 000003,6,1.000000
SHELBY - 000004,6,1.000000
SHELBY - 000005,6,1.000000
SHELBY - 000006,6,1.000000
SHELBY - 000007,6,1.000000
SHELBY - 000008,6,1.000000
SHELBY - 000009,6,1.000000
ST. CHARLES - 000002,3,1.000000
ST. CHARLES - 000003,3,1.000000
ST. CHARLES - 000004,3,1.000000
ST. CHARLES - 000005,3,1.000000
ST. CHARLES - 000006,3,1.000000
ST. CHARLES - 000007,3,1.000000
ST. CHARLES - 000008,3,1.000000
ST. CHARLES - 000009,3,1.000000
ST. CHARLES - 000010,3,1.000000
ST. CHARLES - 000012,3,1.000000
ST. CHARLES - 000013,3,1.000000
ST. CHARLES - 000014,3,1.000000
ST. CHARLES - 000015,3,1.000000
ST. CHARLES - 000016,3,1.000000
ST. CHARLES - 000017,3,1.000000
ST. CHARLES - 000018,3,1.000000
ST. CHARLES - 000019,3,1.000000
ST. CHARLES - 000020,3,1.000000
ST. CHARLES - 000021,3,1.000000
ST. CHARLES - 000022,3,1.000000
ST. CHARLES - 000023,3,1.000000
ST. CHARLES - 000024,3,1.000000
ST. CHARLES - 000025,3,1.000000
ST. CHARLES - 000026,3,1.000000
ST. CHARLES - 000027,3,1.000000
ST. CHARLES - 000028,3,1.000000
ST. CHARLES - 000029,3,1.000000
ST. CHARLES - 000030,3,1.000000
ST. CHARLES - 000031,3,1.000000
ST. CHARLES - 000032,3,1.000000
ST. CHARLES - 000033,2,0.976190
ST. CHARLES - 000033,3,0.023810
ST. CHARLES - 000034,3,1.000000
ST. CHARLES - 000035,2,0.492857
ST. CHARLES - 000035,3,0.507143
ST. CHARLES - 000036,3,1.000000
ST. CHARLES - 000037,3,1.000000
ST. CHARLES - 000038,3,1.000000
ST. CHARLES - 000039,3,1.000000
ST. CHARLES - 000040,3,1.000000
ST. CHARLES - 000041,3,1.000000
ST. CHARLES - 000043,3,1.000000
ST. CHARLES - 000044,3,1.000000
ST. CHARLES - 000045,3,1.000000
ST. CHARLES - 000046,2,1.000000
ST. CHARLES - 000047,3,0.716667
ST. CHARLES - 000047,2,0.283333
ST. CHARLES - 000048,3,1.000000
ST. CHARLES - 000049,3,1.000000
ST. CHARLES - 000050,3,1.000000
ST. CHARLES - 000051,3,1.000000
ST. CHARLES - 000052,3,1.000000
ST. CHARLES - 000053,3,1.000000
ST. CHARLES - 000054,3,1.000000
ST. CHARLES - 000055,3,1.000000
ST. CHARLES - 000056,3,1.000000
ST. CHARLES - 000057,3,1.000000
ST. CHARLES - 000058,3,1.000000
ST. CHARLES - 000059,2,0.907143
ST. CHARLES - 000059,3,0.092857
ST. CHARLES - 000060,3,1.000000
ST. CHARLES - 000062,3,1.000000
ST. CHARLES - 000063,3,0.938095
ST. CHARLES - 000063,2,0.061905
ST. CHARLES - 000064,3,1.000000
ST. CHARLES - 000065,3,1.000000
ST. CHARLES - 000066,2,1.000000
ST. CHARLES - 000067,3,1.000000
ST. CHARLES - 000068,3,0.909524
ST. CHARLES - 000068,2,0.090476
ST. CHARLES - 000069,2,0.819048
ST. CHARLES - 000069,3,0.180952
ST. CHARLES - 000071,2,1.000000
ST. CHARLES - 000072,2,0.771429
ST. CHARLES - 000072,3,0.228571
ST. CHARLES - 000073,3,0.402381
ST. CHARLES - 000073,2,0.597619
ST. CHARLES - 000074,2,1.000000
ST. CHARLES - 000076,2,1.000000
ST. CHARLES - 000077,2,1.000000
ST. CHARLES - 000078,3,0.938095
ST. CHARLES - 000078,2,0.061905
ST. CHARLES - 000079,2,0.500000
ST. CHARLES - 000079,3,0.500000
ST. CHARLES - 000081,3,0.442857
ST. CHARLES - 000081,2,0.557143
ST. CHARLES - 000082,2,0.973810
ST. CHARLES - 000082,3,0.026190
ST. CHARLES - 000084,3,1.000000
ST. CHARLES - 000085,3,1.000000
ST. CHARLES - 000086,3,0.997619
ST. CHARLES - 000086,2,0.002381
ST. CHARLES - 000087,2,0.935714
ST. CHARLES - 000087,3,0.064286
ST. CHARLES - 000088,2,1.000000
ST. CHARLES - 000089,2,1.000000
ST. CHARLES - 000090,2,1.000000
ST. CHARLES - 000091,2,1.000000
ST. CHARLES - 000092,3,0.850000
ST. CHARLES - 000092,2,0.150000
ST. CHARLES - 000093,3,1.000000
ST. CHARLES - 000094,2,1.000000
ST. CHARLES - 000095,3,1.000000
ST. CHARLES - 000096,3,1.000000
ST. CHARLES - 000097,3,1.000000
ST. CHARLES - 000098,3,1.000000
ST. CHARLES - 000099,3,1.000000
ST. CHARLES - 000100,3,1.000000
ST. CHARLES - 000101,3,1.000000
ST. CHARLES - 000102,3,1.000000
ST. CHARLES - 000103,3,1.000000
ST. CHARLES - 000104,3,1.000000
ST. CHARLES - 000105,3,1.000000
ST. CHARLES - 000106,3,1.000000
ST. CHARLES - 000107,3,1.000000
ST. CHARLES - 000108,3,1.000000
ST. CHARLES - 000109,3,1.000000
ST. CHARLES - 000110,3,1.000000
ST. CHARLES - 000111,3,1.000000
ST. CHARLES - 000112,3,1.000000
ST. CHARLES - 000113,3,1.000000
ST. CHARLES - 000114,3,1.000000
ST. CHARLES - 000115,3,1.000000
ST. CHARLES - 000117,3,1.000000
ST. CHARLES - 000118,3,1.000000
ST. CHARLES - 000119,3,1.000000
ST. CHARLES - 000120,3,1.000000
ST. CHARLES - 000121,3,1.000000
ST. CHARLES - 000122,3,1.000000
ST. CHARLES - 000123,3,1.000000
ST. CHARLES - 000124,3,1.000000
ST. CHARLES - 000125,3,1.000000
ST. CHARLES - 000126,3,1.000000
ST. CHARLES - 000127,3,1.000000
ST. CHARLES - 000128,3,1.000000
ST. CHARLES - 000129,3,1.000000
ST. CHARLES - 000130,3,1.000000
ST. CHARLES - 000131,3,1.000000
ST. CHARLES - 000132,3,1.000000
ST. CHARLES - 000133,3,1.000000
ST. CHARLES - 000134,3,1.000000
ST. CHARLES - 000135,3,1.000000
ST. CHARLES - 000136,3,0.983333
ST. CHARLES - 000136,2,0.016667
ST. CHARLES - 000137,3,1.000000
ST. CHARLES - 000138,3,1.000000
ST. CHARLES - 000139,3,1.000000
ST. CHARLES - 000140,3,1.000000
ST. CHARLES - 000141,3,1.000000
ST. CHARLES - 000142,2,1.000000
ST. CLAIR - 000002,4,1.000000
ST. CLAIR - 000003,4,1.000000
ST. CLAIR - 000004,4,1.000000
ST. CLAIR - 000005,4,1.000000
ST. CLAIR - 000006,4,1.000000
ST. CLAIR - 000007,4,1.000000
ST. CLAIR - 000008,4,1.000000
ST. CLAIR - 000009,4,1.000000
ST. CLAIR - 000010,4,1.000000
ST. CLAIR - 000011,4,1.000000
ST. CLAIR - 000012,4,1.000000
ST. CLAIR - 000013,4,1.000000
ST. CLAIR - 000014,4,1.000000
ST. CLAIR - 000015,4,1.000000
ST. CLAIR - 000016,4,1.000000
ST. CLAIR - 000017,4,1.000000
ST. CLAIR - 000018,4,1.000000
ST. CLAIR - 000019,4,1.000000
ST. FRANCOIS - 000002,8,1.000000
ST. FRANCOIS - 000003,8,1.000000
ST. FRANCOIS - 000004,8,1.000000
ST. FRANCOIS - 000005,8,1.000000
ST. FRANCOIS - 000006,8,1.000000
ST. FRANCOIS - 000007,8,1.000000
ST. FRANCOIS - 000008,8,1.000000
ST. FRANCOIS - 000009,8,1.000000
ST. FRANCOIS - 000010,8,1.000000
ST. FRANCOIS - 000011,8,1.000000
ST. FRANCOIS - 000012,8,1.000000
ST. FRANCOIS - 000013,8,1.000000
ST. FRANCOIS - 000014,8,1.000000
ST. FRANCOIS - 000015,8,1.000000
ST. FRANCOIS - 000016,8,1.000000
ST. FRANCOIS - 000017,8,1.000000
ST. FRANCOIS - 000018,8,1.000000
ST. FRANCOIS - 000019,8,1.000000
ST. FRANCOIS - 000020,8,1.000000
ST. FRANCOIS - 000021,8,1.000000
ST. FRANCOIS - 000022,8,1.000000
ST. FRANCOIS - 000023,8,1.000000
ST. FRANCOIS - 000024,8,1.000000
ST. FRANCOIS - 000025,8,1.000000
ST. FRANCOIS - 000026,8,1.000000
ST. FRANCOIS - 000027,8,1.000000
ST. FRANCOIS - 000028,8,1.000000
ST. FRANCOIS - 000029,8,1.000000
ST. LOUIS - 000002,1,1.000000
ST. LOUIS - 000002,1,1.000000
ST. LOUIS - 000003,1,1.000000
ST. LOUIS - 000003,1,1.000000
ST. LOUIS - 000004,1,1.000000
ST. LOUIS - 000004,1,1.000000
ST. LOUIS - 000005,1,1.000000
ST. LOUIS - 000005,1,1.000000
ST. LOUIS - 000006,1,1.000000
ST. LOUIS - 000006,1,1.000000
ST. LOUIS - 000007,1,1.000000
ST. LOUIS - 000007,1,1.000000
ST. LOUIS - 000008,1,1.000000
ST. LOUIS - 000008,1,1.000000
ST. LOUIS - 000009,1,1.000000
ST. LOUIS - 000009,1,1.000000
ST. LOUIS - 000010,1,1.000000
ST. LOUIS - 000010,1,1.000000
ST. LOUIS - 000011,1,1.000000
ST. LOUIS - 000011,1,1.000000
ST. LOUIS - 000012,1,1.000000
ST. LOUIS - 000012,1,1.000000
ST. LOUIS - 000013,1,1.000000
ST. LOUIS - 000013,1,1.000000
ST. LOUIS - 000014,1,1.000000
ST. LOUIS - 000014,1,1.000000
ST. LOUIS - 000015,1,1.000000
ST. LOUIS - 000016,1,1.000000
ST. LOUIS - 000016,1,1.000000
ST. LOUIS - 000017,1,1.000000
ST. LOUIS - 000017,1,1.000000
ST. LOUIS - 000018,1,1.000000
ST. LOUIS - 000018,1,1.000000
ST. LOUIS - 000019,1,1.000000
ST. LOUIS - 000019,1,1.000000
ST. LOUIS - 000020,1,1.000000
ST. LOUIS - 000020,1,1.000000
ST. LOUIS - 000021,1,1.000000
ST. LOUIS - 000021,1,1.000000
ST. LOUIS - 000022,1,1.000000
ST. LOUIS - 000022,1,1.000000
ST. LOUIS - 000023,1,1.000000
ST. LOUIS - 000023,1,1.000000
ST. LOUIS - 000024,1,1.000000
ST. LOUIS - 000024,1,1.000000
ST. LOUIS - 000025,1,1.000000
ST. LOUIS - 000025,1,1.000000
ST. LOUIS - 000026,1,1.000000
ST. LOUIS - 000026,1,1.000000
ST. LOUIS - 000027,1,1.000000
ST. LOUIS - 000027,1,1.000000
ST. LOUIS - 000028,1,1.000000
ST. LOUIS - 000028,1,1.000000
ST. LOUIS - 000029,2,1.000000
ST. LOUIS - 000029,1,1.000000
ST. LOUIS - 000030,2,1.000000
ST. LOUIS - 000030,1,1.000000
ST. LOUIS - 000031,2,1.000000
ST. LOUIS - 000031,1,1.000000
ST. LOUIS - 000032,2,1.000000
ST. LOUIS - 000032,1,1.000000
ST. LOUIS - 000033,2,1.000000
ST. LOUIS - 000033,1,1.000000
ST. LOUIS - 000034,2,1.000000
ST. LOUIS - 000034,1,1.000000
ST. LOUIS - 000035,2,1.000000
ST. LOUIS - 000035,1,1.000000
ST. LOUIS - 000036,2,1.000000
ST. LOUIS - 000036,1,1.000000
ST. LOUIS - 000037,2,1.000000
ST. LOUIS - 000037,1,1.000000
ST. LOUIS - 000038,2,1.000000
ST. LOUIS - 000038,1,1.000000
ST. LOUIS - 000039,2,1.000000
ST. LOUIS - 000039,1,1.000000
ST. LOUIS - 000040,2,1.000000
ST. LOUIS - 000040,1,1.000000
ST. LOUIS - 000041,2,1.000000
ST. LOUIS - 000041,1,1.000000
ST. LOUIS - 000042,2,1.000000
ST. LOUIS - 000042,1,1.000000
ST. LOUIS - 000043,2,1.000000
ST. LOUIS - 000043,1,1.000000
ST. LOUIS - 000044,2,1.000000
ST. LOUIS - 000044,1,1.000000
ST. LOUIS - 000045,2,1.000000
ST. LOUIS - 000045,1,1.000000
ST. LOUIS - 000046,2,1.000000
ST. LOUIS - 000046,1,1.000000
ST. LOUIS - 000047,2,1.000000
ST. LOUIS - 000047,1,1.000000
ST. LOUIS - 000048,2,1.000000
ST. LOUIS - 000048,1,1.000000
ST. LOUIS - 000049,2,1.000000
ST. LOUIS - 000049,1,1.000000
ST. LOUIS - 000050,2,1.000000
ST. LOUIS - 000050,1,1.000000
ST. LOUIS - 000051,2,1.000000
ST. LOUIS - 000051,1,1.000000
ST. LOUIS - 000052,2,1.000000
ST. LOUIS - 000052,1,1.000000
ST. LOUIS - 000053,2,1.000000
ST. LOUIS - 000053,1,1.000000
ST. LOUIS - 000054,2,1.000000
ST. LOUIS - 000054,1,1.000000
ST. LOUIS - 000055,2,1.000000
ST. LOUIS - 000055,1,1.000000
ST. LOUIS - 000056,2,1.000000
ST. LOUIS - 000056,1,1.000000
ST. LOUIS - 000057,2,1.000000
ST. LOUIS - 000057,1,1.000000
ST. LOUIS - 000058,2,1.000000
ST. LOUIS - 000058,1,1.000000
ST. LOUIS - 000059,2,1.000000
ST. LOUIS - 000059,1,1.000000
ST. LOUIS - 000060,2,1.000000
ST. LOUIS - 000060,1,1.000000
ST. LOUIS - 000061,2,1.000000
ST. LOUIS - 000061,1,1.000000
ST. LOUIS - 000062,2,1.000000
ST. LOUIS - 000062,1,1.000000
ST. LOUIS - 000063,2,1.000000
ST. LOUIS - 000063,1,1.000000
ST. LOUIS - 000064,2,1.000000
ST. LOUIS - 000064,1,1.000000
ST. LOUIS - 000065,2,1.000000
ST. LOUIS - 000065,1,1.000000
ST. LOUIS - 000066,2,1.000000
ST. LOUIS - 000066,1,1.000000
ST. LOUIS - 000067,2,1.000000
ST. LOUIS - 000067,1,1.000000
ST. LOUIS - 000068,2,1.000000
ST. LOUIS - 000068,1,1.000000
ST. LOUIS - 000069,2,1.000000
ST. LOUIS - 000069,1,1.000000
ST. LOUIS - 000070,2,1.000000
ST. LOUIS - 000070,1,1.000000
ST. LOUIS - 000071,2,1.000000
ST. LOUIS - 000071,1,1.000000
ST. LOUIS - 000072,2,1.000000
ST. LOUIS - 000072,1,1.000000
ST. LOUIS - 000073,2,1.000000
ST. LOUIS - 000073,1,1.000000
ST. LOUIS - 000074,1,1.000000
ST. LOUIS - 000074,1,1.000000
ST. LOUIS - 000075,1,1.000000
ST. LOUIS - 000075,1,1.000000
ST. LOUIS - 000076,2,1.000000
ST. LOUIS - 000076,1,1.000000
ST. LOUIS - 000077,1,0.440476
ST. LOUIS - 000077,2,0.559524
ST. LOUIS - 000077,1,1.000000
ST. LOUIS - 000078,2,1.000000
ST. LOUIS - 000078,1,1.000000
ST. LOUIS - 000079,2,1.000000
ST. LOUIS - 000079,1,1.000000
ST. LOUIS - 000080,1,1.000000
ST. LOUIS - 000080,1,1.000000
ST. LOUIS - 000081,1,1.000000
ST. LOUIS - 000081,1,1.000000
ST. LOUIS - 000082,1,0.957143
ST. LOUIS - 000082,2,0.042857
ST. LOUIS - 000082,1,1.000000
ST. LOUIS - 000083,1,0.995238
ST. LOUIS - 000083,2,0.004762
ST. LOUIS - 000083,1,1.000000
ST. LOUIS - 000084,2,1.000000
ST. LOUIS - 000084,1,1.000000
ST. LOUIS - 000085,2,0.807143
ST. LOUIS - 000085,1,0.192857
ST. LOUIS - 000085,1,1.000000
ST. LOUIS - 000086,1,1.000000
ST. LOUIS - 000086,1,1.000000
ST. LOUIS - 000087,1,1.000000
ST. LOUIS - 000087,1,1.000000
ST. LOUIS - 000088,1,1.000000
ST. LOUIS - 000088,1,1.000000
ST. LOUIS - 000089,1,0.240476
ST. LOUIS - 000089,2,0.759524
ST. LOUIS - 000089,1,1.000000
ST. LOUIS - 000090,1,0.609524
ST. LOUIS - 000090,2,0.390476
ST. LOUIS - 000090,1,1.000000
ST. LOUIS - 000091,1,1.000000
ST. LOUIS - 000091,1,1.000000
ST. LOUIS - 000092,1,1.000000
ST. LOUIS - 000092,1,1.000000
ST. LOUIS - 000093,1,1.000000
ST. LOUIS - 000093,1,1.000000
ST. LOUIS - 000094,1,0.990476
ST. LOUIS - 000094,2,0.009524
ST. LOUIS - 000094,1,1.000000
ST. LOUIS - 000095,1,1.000000
ST. LOUIS - 000095,1,1.000000
ST. LOUIS - 000096,1,1.000000
ST. LOUIS - 000097,1,1.000000
ST. LOUIS - 000097,1,1.000000
ST. LOUIS - 000098,1,1.000000
ST. LOUIS - 000098,1,1.000000
ST. LOUIS - 000099,1,1.000000
ST. LOUIS - 000099,1,1.000000
ST. LOUIS - 000100,2,1.000000
ST. LOUIS - 000100,1,1.000000
ST. LOUIS - 000101,2,1.000000
ST. LOUIS - 000101,1,1.000000
ST. LOUIS - 000102,2,1.000000
ST. LOUIS - 000102,1,1.000000
ST. LOUIS - 000103,2,1.000000
ST. LOUIS - 000103,1,1.000000
ST. LOUIS - 000104,2,1.000000
ST. LOUIS - 000104,1,1.000000
ST. LOUIS - 000105,2,1.000000
ST. LOUIS - 000105,1,1.000000
ST. LOUIS - 000106,2,1.000000
ST. LOUIS - 000106,1,1.000000
ST. LOUIS - 000107,2,1.000000
ST. LOUIS - 000107,1,1.000000
ST. LOUIS - 000108,2,1.000000
ST. LOUIS - 000108,1,1.000000
ST. LOUIS - 000109,2,1.000000
ST. LOUIS - 000109,1,1.000000
ST. LOUIS - 000110,2,1.000000
ST. LOUIS - 000110,1,1.000000
ST. LOUIS - 000111,2,1.000000
ST. LOUIS - 000111,1,1.000000
ST. LOUIS - 000112,2,1.000000
ST. LOUIS - 000112,1,1.000000
ST. LOUIS - 000113,2,1.000000
ST. LOUIS - 000113,1,1.000000
ST. LOUIS - 000114,2,1.000000
ST. LOUIS - 000114,1,1.000000
ST. LOUIS - 000115,2,1.000000
ST. LOUIS - 000115,1,1.000000
ST. LOUIS - 000116,2,1.000000
ST. LOUIS - 000116,1,1.000000
ST. LOUIS - 000117,2,1.000000
ST. LOUIS - 000117,1,1.000000
ST. LOUIS - 000118,2,1.000000
ST. LOUIS - 000118,1,1.000000
ST. LOUIS - 000119,2,1.000000
ST. LOUIS - 000119,1,1.000000
ST. LOUIS - 000120,2,1.000000
ST. LOUIS - 000120,1,1.000000
ST. LOUIS - 000121,2,1.000000
ST. LOUIS - 000121,1,1.000000
ST. LOUIS - 000122,2,1.000000
ST. LOUIS - 000122,1,1.000000
ST. LOUIS - 000123,2,1.000000
ST. LOUIS - 000123,1,1.000000
ST. LOUIS - 000124,2,1.000000
ST. LOUIS - 000124,1,1.000000
ST. LOUIS - 000125,2,1.000000
ST. LOUIS - 000125,1,1.000000
ST. LOUIS - 000126,2,1.000000
ST. LOUIS - 000126,1,1.000000
ST. LOUIS - 000127,2,1.000000
ST. LOUIS - 000127,1,1.000000
ST. LOUIS - 000128,2,1.000000
ST. LOUIS - 000128,1,1.000000
ST. LOUIS - 000129,2,1.000000
ST. LOUIS - 000129,1,1.000000
ST. LOUIS - 000130,1,1.000000
ST. LOUIS - 000130,1,1.000000
ST. LOUIS - 000131,2,1.000000
ST. LOUIS - 000131,1,1.000000
ST. LOUIS - 000132,1,1.000000
ST. LOUIS - 000132,1,1.000000
ST. LOUIS - 000133,1,1.000000
ST. LOUIS - 000133,1,1.000000
ST. LOUIS - 000134,1,0.976190
ST. LOUIS - 000134,2,0.023810
ST. LOUIS - 000134,1,1.000000
ST. LOUIS - 000135,1,1.000000
ST. LOUIS - 000135,1,1.000000
ST. LOUIS - 000136,1,1.000000
ST. LOUIS - 000136,1,1.000000
ST. LOUIS - 000137,1,1.000000
ST. LOUIS - 000137,1,1.000000
ST. LOUIS - 000138,1,1.000000
ST. LOUIS - 000138,1,1.000000
ST. LOUIS - 000139,1,1.000000
ST. LOUIS - 000139,1,1.000000
ST. LOUIS - 000140,1,1.000000
ST. LOUIS - 000140,1,1.000000
ST. LOUIS - 000141,1,1.000000
ST. LOUIS - 000141,1,1.000000
ST. LOUIS - 000142,1,1.000000
ST. LOUIS - 000142,1,1.000000
ST. LOUIS - 000143,2,1.000000
ST. LOUIS - 000143,1,1.000000
ST. LOUIS - 000144,1,1.000000
ST. LOUIS - 000144,1,1.000000
ST. LOUIS - 000145,1,1.000000
ST. LOUIS - 000145,1,1.000000
ST. LOUIS - 000146,1,1.000000
ST. LOUIS - 000146,1,1.000000
ST. LOUIS - 000147,1,1.000000
ST. LOUIS - 000147,1,1.000000
ST. LOUIS - 000148,1,1.000000
ST. LOUIS - 000148,1,1.000000
ST. LOUIS - 000149,2,1.000000
ST. LOUIS - 000149,1,1.000000
ST. LOUIS - 000150,1,1.000000
ST. LOUIS - 000150,1,1.000000
ST. LOUIS - 000151,1,1.000000
ST. LOUIS - 000152,1,1.000000
ST. LOUIS - 000152,1,1.000000
ST. LOUIS - 000153,2,0.102381
ST. LOUIS - 000153,1,0.897619
ST. LOUIS - 000153,1,1.000000
ST. LOUIS - 000154,1,1.000000
ST. LOUIS - 000154,1,1.000000
ST. LOUIS - 000155,1,1.000000
ST. LOUIS - 000155,1,1.000000
ST. LOUIS - 000156,1,1.000000
ST. LOUIS - 000156,1,1.000000
ST. LOUIS - 000157,1,1.000000
ST. LOUIS - 000157,1,1.000000
ST. LOUIS - 000158,1,1.000000
ST. LOUIS - 000158,1,1.000000
ST. LOUIS - 000159,1,1.000000
ST. LOUIS - 000159,1,1.000000
ST. LOUIS - 000160,1,1.000000
ST. LOUIS - 000160,1,1.000000
ST. LOUIS - 000161,1,1.000000
ST. LOUIS - 000161,1,1.000000
ST. LOUIS - 000162,1,1.000000
ST. LOUIS - 000162,1,1.000000
ST. LOUIS - 000163,1,1.000000
ST. LOUIS - 000163,1,1.000000
ST. LOUIS - 000164,1,1.000000
ST. LOUIS - 000164,1,1.000000
ST. LOUIS - 000165,1,1.000000
ST. LOUIS - 000165,1,1.000000
ST. LOUIS - 000166,1,1.000000
ST. LOUIS - 000166,1,1.000000
ST. LOUIS - 000167,1,1.000000
ST. LOUIS - 000167,1,1.000000
ST. LOUIS - 000168,1,1.000000
ST. LOUIS - 000168,1,1.000000
ST. LOUIS - 000169,1,1.000000
ST. LOUIS - 000169,1,1.000000
ST. LOUIS - 000170,1,1.000000
ST. LOUIS - 000170,1,1.000000
ST. LOUIS - 000171,1,1.000000
ST. LOUIS - 000171,1,1.000000
ST. LOUIS - 000172,1,1.000000
ST. LOUIS - 000172,1,1.000000
ST. LOUIS - 000173,1,1.000000
ST. LOUIS - 000173,1,1.000000
ST. LOUIS - 000174,1,1.000000
ST. LOUIS - 000174,1,1.000000
ST. LOUIS - 000175,1,1.000000
ST. LOUIS - 000175,1,1.000000
ST. LOUIS - 000176,1,1.000000
ST. LOUIS - 000176,1,1.000000
ST. LOUIS - 000177,1,1.000000
ST. LOUIS - 000177,1,1.000000
ST. LOUIS - 000178,1,1.000000
ST. LOUIS - 000178,1,1.000000
ST. LOUIS - 000179,1,1.000000
ST. LOUIS - 000179,1,1.000000
ST. LOUIS - 000180,1,1.000000
ST. LOUIS - 000180,1,1.000000
ST. LOUIS - 000181,1,1.000000
ST. LOUIS - 000181,1,1.000000
ST. LOUIS - 000182,1,1.000000
ST. LOUIS - 000183,1,1.000000
ST. LOUIS - 000183,1,1.000000
ST. LOUIS - 000184,1,1.000000
ST. LOUIS - 000184,1,1.000000
ST. LOUIS - 000185,1,1.000000
ST. LOUIS - 000185,1,1.000000
ST. LOUIS - 000186,1,1.000000
ST. LOUIS - 000186,1,1.000000
ST. LOUIS - 000187,1,1.000000
ST. LOUIS - 000187,1,1.000000
ST. LOUIS - 000188,1,1.000000
ST. LOUIS - 000188,1,1.000000
ST. LOUIS - 000189,1,1.000000
ST. LOUIS - 000189,1,1.000000
ST. LOUIS - 000190,1,1.000000
ST. LOUIS - 000190,1,1.000000
ST. LOUIS - 000191,1,1.000000
ST. LOUIS - 000191,1,1.000000
ST. LOUIS - 000192,1,1.000000
ST. LOUIS - 000192,1,1.000000
ST. LOUIS - 000193,1,1.000000
ST. LOUIS - 000193,1,1.000000
ST. LOUIS - 000194,1,1.000000
ST. LOUIS - 000194,1,1.000000
ST. LOUIS - 000195,1,1.000000
ST. LOUIS - 000195,1,1.000000
ST. LOUIS - 000196,1,1.000000
ST. LOUIS - 000196,1,1.000000
ST. LOUIS - 000197,1,1.000000
ST. LOUIS - 000197,1,1.000000
ST. LOUIS - 000198,1,1.000000
ST. LOUIS - 000198,1,1.000000
ST. LOUIS - 000199,1,1.000000
ST. LOUIS - 000199,1,1.000000
ST. LOUIS - 000200,1,1.000000
ST. LOUIS - 000200,1,1.000000
ST. LOUIS - 000201,1,1.000000
ST. LOUIS - 000201,1,0.995238
ST. LOUIS - 000201,2,0.004762
ST. LOUIS - 000202,1,1.000000
ST. LOUIS - 000202,1,1.000000
ST. LOUIS - 000203,2,1.000000
ST. LOUIS - 000203,1,1.000000
ST. LOUIS - 000204,2,1.000000
ST. LOUIS - 000204,1,1.000000
ST. LOUIS - 000205,2,1.000000
ST. LOUIS - 000205,1,1.000000
ST. LOUIS - 000206,2,1.000000
ST. LOUIS - 000206,1,1.000000
ST. LOUIS - 000207,2,1.000000
ST. LOUIS - 000207,1,1.000000
ST. LOUIS - 000208,2,1.000000
ST. LOUIS - 000208,1,1.000000
ST. LOUIS - 000209,2,1.000000
ST. LOUIS - 000209,1,1.000000
ST. LOUIS - 000210,2,1.000000
ST. LOUIS - 000210,1,1.000000
ST. LOUIS - 000211,2,1.000000
ST. LOUIS - 000211,1,1.000000
ST. LOUIS - 000212,2,1.000000
ST. LOUIS - 000212,1,1.000000
ST. LOUIS - 000213,2,1.000000
ST. LOUIS - 000213,1,1.000000
ST. LOUIS - 000214,2,1.000000
ST. LOUIS - 000214,1,1.000000
ST. LOUIS - 000215,2,1.000000
ST. LOUIS - 000215,1,1.000000
ST. LOUIS - 000216,2,0.985714
ST. LOUIS - 000216,1,0.014286
ST. LOUIS - 000216,1,1.000000
ST. LOUIS - 000217,2,1.000000
ST. LOUIS - 000217,1,1.000000
ST. LOUIS - 000218,2,1.000000
ST. LOUIS - 000218,1,1.000000
ST. LOUIS - 000219,2,1.000000
ST. LOUIS - 000219,1,1.000000
ST. LOUIS - 000220,2,1.000000
ST. LOUIS - 000220,1,1.000000
ST. LOUIS - 000221,2,1.000000
ST. LOUIS - 000221,1,1.000000
ST. LOUIS - 000222,2,1.000000
ST. LOUIS - 000222,1,1.000000
ST. LOUIS - 000223,2,1.000000
ST. LOUIS - 000223,1,1.000000
ST. LOUIS - 000224,2,1.000000
ST. LOUIS - 000224,1,1.000000
ST. LOUIS - 000225,2,1.000000
ST. LOUIS - 000225,1,1.000000
ST. LOUIS - 000226,2,1.000000
ST. LOUIS - 000226,1,1.000000
ST. LOUIS - 000227,2,1.000000
ST. LOUIS - 000227,1,1.000000
ST. LOUIS - 000228,2,1.000000
ST. LOUIS - 000228,1,1.000000
ST. LOUIS - 000229,2,1.000000
ST. LOUIS - 000229,1,1.000000
ST. LOUIS - 000230,2,1.000000
ST. LOUIS - 000230,1,1.000000
ST. LOUIS - 000231,2,1.000000
ST. LOUIS - 000231,1,1.000000
ST. LOUIS - 000232,2,1.000000
ST. LOUIS - 000232,1,1.000000
ST. LOUIS - 000233,1,1.000000
ST. LOUIS - 000233,1,1.000000
ST. LOUIS - 000234,1,1.000000
ST. LOUIS - 000234,1,1.000000
ST. LOUIS - 000235,1,1.000000
ST. LOUIS - 000235,1,1.000000
ST. LOUIS - 000236,1,1.000000
ST. LOUIS - 000236,1,1.000000
ST. LOUIS - 000237,1,1.000000
ST. LOUIS - 000237,1,1.000000
ST. LOUIS - 000238,1,1.000000
ST. LOUIS - 000238,1,1.000000
ST. LOUIS - 000239,2,1.000000
ST. LOUIS - 000239,1,1.000000
ST. LOUIS - 000240,2,0.983333
ST. LOUIS - 000240,1,0.016667
ST. LOUIS - 000240,1,1.000000
ST. LOUIS - 000241,2,1.000000
ST. LOUIS - 000241,1,1.000000
ST. LOUIS - 000242,2,1.000000
ST. LOUIS - 000242,1,1.000000
ST. LOUIS - 000243,1,1.000000
ST. LOUIS - 000243,1,1.000000
ST. LOUIS - 000244,1,1.000000
ST. LOUIS - 000244,1,1.000000
ST. LOUIS - 000245,2,1.000000
ST. LOUIS - 000245,1,1.000000
ST. LOUIS - 000246,2,1.000000
ST. LOUIS - 000246,1,1.000000
ST. LOUIS - 000247,2,1.000000
ST. LOUIS - 000247,1,1.000000
ST. LOUIS - 000248,2,1.000000
ST. LOUIS - 000248,1,1.000000
ST. LOUIS - 000249,1,0.883333
ST. LOUIS - 000249,2,0.116667
ST. LOUIS - 000249,1,1.000000
ST. LOUIS - 000250,1,1.000000
ST. LOUIS - 000250,1,1.000000
ST. LOUIS - 000251,1,1.000000
ST. LOUIS - 000251,1,1.000000
ST. LOUIS - 000252,1,1.000000
ST. LOUIS - 000252,1,1.000000
ST. LOUIS - 000253,1,1.000000
ST. LOUIS - 000253,1,1.000000
ST. LOUIS - 000254,1,1.000000
ST. LOUIS - 000254,1,1.000000
ST. LOUIS - 000255,1,1.000000
ST. LOUIS - 000255,1,1.000000
ST. LOUIS - 000256,1,1.000000
ST. LOUIS - 000256,1,1.000000
ST. LOUIS - 000257,1,1.000000
ST. LOUIS - 000257,1,1.000000
ST. LOUIS - 000258,1,1.000000
ST. LOUIS - 000258,1,1.000000
ST. LOUIS - 000259,1,1.000000
ST. LOUIS - 000259,1,1.000000
ST. LOUIS - 000260,1,1.000000
ST. LOUIS - 000260,1,1.000000
ST. LOUIS - 000261,1,1.000000
ST. LOUIS - 000261,1,1.000000
ST. LOUIS - 000262,1,1.000000
ST. LOUIS - 000262,1,1.000000
ST. LOUIS - 000263,1,1.000000
ST. LOUIS - 000263,1,1.000000
ST. LOUIS - 000264,1,1.000000
ST. LOUIS - 000264,1,1.000000
ST. LOUIS - 000265,1,1.000000
ST. LOUIS - 000265,1,1.000000
ST. LOUIS - 000266,1,1.000000
ST. LOUIS - 000266,1,1.000000
ST. LOUIS - 000267,1,1.000000
ST. LOUIS - 000267,1,1.000000
ST. LOUIS - 000268,1,1.000000
ST. LOUIS - 000268,1,1.000000
ST. LOUIS - 000269,1,1.000000
ST. LOUIS - 000269,1,1.000000
ST. LOUIS - 000270,1,1.000000
ST. LOUIS - 000270,1,1.000000
ST. LOUIS - 000271,1,1.000000
ST. LOUIS - 000271,1,1.000000
ST. LOUIS - 000272,1,1.000000
ST. LOUIS - 000272,1,1.000000
ST. LOUIS - 000273,1,1.000000
ST. LOUIS - 000273,1,1.000000
ST. LOUIS - 000274,2,1.000000
ST. LOUIS - 000274,1,1.000000
ST. LOUIS - 000275,2,1.000000
ST. LOUIS - 000275,1,1.000000
ST. LOUIS - 000276,2,1.000000
ST. LOUIS - 000276,1,1.000000
ST. LOUIS - 000277,2,1.000000
ST. LOUIS - 000277,1,1.000000
ST. LOUIS - 000278,1,1.000000
ST. LOUIS - 000278,1,1.000000
ST. LOUIS - 000279,2,0.311905
ST. LOUIS - 000279,1,0.688095
ST. LOUIS - 000279,1,1.000000
ST. LOUIS - 000280,1,0.452381
ST. LOUIS - 000280,2,0.547619
ST. LOUIS - 000280,1,1.000000
ST. LOUIS - 000281,1,0.938095
ST. LOUIS - 000281,2,0.061905
ST. LOUIS - 000281,1,1.000000
ST. LOUIS - 000282,2,1.000000
ST. LOUIS - 000282,1,1.000000
ST. LOUIS - 000283,2,1.000000
ST. LOUIS - 000283,1,1.000000
ST. LOUIS - 000284,1,1.000000
ST. LOUIS - 000284,1,1.000000
ST. LOUIS - 000285,1,1.000000
ST. LOUIS - 000285,1,1.000000
ST. LOUIS - 000286,1,0.919048
ST. LOUIS - 000286,2,0.080952
ST. LOUIS - 000286,1,1.000000
ST. LOUIS - 000287,2,1.000000
ST. LOUIS - 000287,1,1.000000
ST. LOUIS - 000288,2,1.000000
ST. LOUIS - 000288,1,1.000000
ST. LOUIS - 000289,2,0.869048
ST. LOUIS - 000289,1,0.130952
ST. LOUIS - 000289,1,1.000000
ST. LOUIS - 000290,2,0.642857
ST. LOUIS - 000290,1,0.357143
ST. LOUIS - 000290,1,1.000000
ST. LOUIS - 000291,2,0.969048
ST. LOUIS - 000291,1,0.030952
ST. LOUIS - 000291,1,1.000000
ST. LOUIS - 000292,2,1.000000
ST. LOUIS - 000292,1,1.000000
ST. LOUIS - 000293,2,1.000000
ST. LOUIS - 000293,1,1.000000
ST. LOUIS - 000294,2,1.000000
ST. LOUIS - 000294,1,1.000000
ST. LOUIS - 000295,2,1.000000
ST. LOUIS - 000295,1,1.000000
ST. LOUIS - 000296,1,1.000000
ST. LOUIS - 000296,1,1.000000
ST. LOUIS - 000297,1,1.000000
ST. LOUIS - 000297,1,1.000000
ST. LOUIS - 000298,2,1.000000
ST. LOUIS - 000298,1,1.000000
ST. LOUIS - 000299,2,1.000000
ST. LOUIS - 000299,1,1.000000
ST. LOUIS - 000300,2,1.000000
ST. LOUIS - 000300,1,1.000000
ST. LOUIS - 000301,2,1.000000
ST. LOUIS - 000301,1,1.000000
ST. LOUIS - 000302,2,1.000000
ST. LOUIS - 000302,1,1.000000
ST. LOUIS - 000303,2,1.000000
ST. LOUIS - 000303,1,1.000000
ST. LOUIS - 000304,2,1.000000
ST. LOUIS - 000304,1,1.000000
ST. LOUIS - 000305,2,1.000000
ST. LOUIS - 000305,1,1.000000
ST. LOUIS - 000306,2,1.000000
ST. LOUIS - 000306,1,1.000000
ST. LOUIS - 000307,2,1.000000
ST. LOUIS - 000307,1,1.000000
ST. LOUIS - 000308,2,1.000000
ST. LOUIS - 000308,1,1.000000
ST. LOUIS - 000309,2,1.000000
ST. LOUIS - 000309,1,1.000000
ST. LOUIS - 000310,2,1.000000
ST. LOUIS - 000310,1,1.000000
ST. LOUIS - 000311,2,1.000000
ST. LOUIS - 000311,1,1.000000
ST. LOUIS - 000312,2,1.000000
ST. LOUIS - 000312,1,1.000000
ST. LOUIS - 000313,2,1.000000
ST. LOUIS - 000313,1,1.000000
ST. LOUIS - 000314,2,1.000000
ST. LOUIS - 000314,1,1.000000
ST. LOUIS - 000315,2,1.000000
ST. LOUIS - 000315,1,1.000000
ST. LOUIS - 000316,2,1.000000
ST. LOUIS - 000316,1,1.000000
ST. LOUIS - 000317,2,1.000000
ST. LOUIS - 000317,1,1.000000
ST. LOUIS - 000318,2,1.000000
ST. LOUIS - 000318,1,1.000000
ST. LOUIS - 000319,2,1.000000
ST. LOUIS - 000319,1,1.000000
ST. LOUIS - 000320,2,1.000000
ST. LOUIS - 000320,1,1.000000
ST. LOUIS - 000321,2,1.000000
ST. LOUIS - 000321,1,1.000000
ST. LOUIS - 000322,2,1.000000
ST. LOUIS - 000322,1,1.000000
ST. LOUIS - 000323,2,1.000000
ST. LOUIS - 000323,1,1.000000
ST. LOUIS - 000324,2,1.000000
ST. LOUIS - 000324,1,1.000000
ST. LOUIS - 000325,2,1.000000
ST. LOUIS - 000325,1,1.000000
ST. LOUIS - 000326,2,1.000000
ST. LOUIS - 000326,1,1.000000
ST. LOUIS - 000327,2,1.000000
ST. LOUIS - 000327,1,1.000000
ST. LOUIS - 000328,2,1.000000
ST. LOUIS - 000328,1,1.000000
ST. LOUIS - 000329,2,1.000000
ST. LOUIS - 000329,1,1.000000
ST. LOUIS - 000330,2,1.000000
ST. LOUIS - 000330,1,1.000000
ST. LOUIS - 000331,2,1.000000
ST. LOUIS - 000331,1,1.000000
ST. LOUIS - 000332,2,1.000000
ST. LOUIS - 000332,1,1.000000
ST. LOUIS - 000333,2,1.000000
ST. LOUIS - 000333,1,1.000000
ST. LOUIS - 000334,2,1.000000
ST. LOUIS - 000334,1,1.000000
ST. LOUIS - 000335,2,1.000000
ST. LOUIS - 000335,1,1.000000
ST. LOUIS - 000336,2,1.000000
ST. LOUIS - 000336,1,1.000000
ST. LOUIS - 000337,2,1.000000
ST. LOUIS - 000337,1,1.000000
ST. LOUIS - 000338,2,1.000000
ST. LOUIS - 000338,1,1.000000
ST. LOUIS - 000339,2,1.000000
ST. LOUIS - 000339,1,1.000000
ST. LOUIS - 000340,2,1.000000
ST. LOUIS - 000340,1,1.000000
ST. LOUIS - 000341,2,1.000000
ST. LOUIS - 000341,1,1.000000
ST. LOUIS - 000342,1,1.000000
ST. LOUIS - 000343,2,1.000000
ST. LOUIS - 000343,1,1.000000
ST. LOUIS - 000344,2,1.000000
ST. LOUIS - 000344,1,1.000000
ST. LOUIS - 000345,2,0.980952
ST. LOUIS - 000345,1,0.019048
ST. LOUIS - 000345,1,1.000000
ST. LOUIS - 000346,2,1.000000
ST. LOUIS - 000346,1,1.000000
ST. LOUIS - 000347,1,1.000000
ST. LOUIS - 000347,1,1.000000
ST. LOUIS - 000348,1,1.000000
ST. LOUIS - 000348,1,1.000000
ST. LOUIS - 000349,1,1.000000
ST. LOUIS - 000349,1,1.000000
ST. LOUIS - 000350,1,0.952381
ST. LOUIS - 000350,3,0.047619
ST. LOUIS - 000350,1,1.000000
ST. LOUIS - 000351,1,1.000000
ST. LOUIS - 000351,1,1.000000
ST. LOUIS - 000352,1,1.000000
ST. LOUIS - 000352,1,1.000000
ST. LOUIS - 000353,1,1.000000
ST. LOUIS - 000353,1,1.000000
ST. LOUIS - 000354,1,1.000000
ST. LOUIS - 000354,1,1.000000
ST. LOUIS - 000355,1,0.990476
ST. LOUIS - 000355,3,0.009524
ST. LOUIS - 000355,1,1.000000
ST. LOUIS - 000356,1,1.000000
ST. LOUIS - 000356,1,1.000000
ST. LOUIS - 000357,1,1.000000
ST. LOUIS - 000357,1,1.000000
ST. LOUIS - 000358,1,1.000000
ST. LOUIS - 000358,1,1.000000
ST. LOUIS - 000359,1,1.000000
ST. LOUIS - 000359,1,1.000000
ST. LOUIS - 000360,1,1.000000
ST. LOUIS - 000360,1,1.000000
ST. LOUIS - 000361,1,1.000000
ST. LOUIS - 000361,1,1.000000
ST. LOUIS - 000362,1,1.000000
ST. LOUIS - 000362,1,1.000000
ST. LOUIS - 000363,1,1.000000
ST. LOUIS - 000363,1,1.000000
ST. LOUIS - 000364,2,1.000000
ST. LOUIS - 000364,1,1.000000
ST. LOUIS - 000365,1,1.000000
ST. LOUIS - 000365,1,1.000000
ST. LOUIS - 000366,1,0.438095
ST. LOUIS - 000366,2,0.561905
ST. LOUIS - 000366,1,1.000000
ST. LOUIS - 000367,2,0.878571
ST. LOUIS - 000367,1,0.121429
ST. LOUIS - 000367,1,1.000000
ST. LOUIS - 000368,1,0.992857
ST. LOUIS - 000368,2,0.007143
ST. LOUIS - 000368,1,1.000000
ST. LOUIS - 000369,2,1.000000
ST. LOUIS - 000369,1,1.000000
ST. LOUIS - 000370,1,1.000000
ST. LOUIS - 000370,1,1.000000
ST. LOUIS - 000371,2,0.978571
ST. LOUIS - 000371,3,0.021429
ST. LOUIS - 000371,1,1.000000
ST. LOUIS - 000372,2,1.000000
ST. LOUIS - 000372,1,1.000000
ST. LOUIS - 000373,2,1.000000
ST. LOUIS - 000373,1,1.000000
ST. LOUIS - 000374,2,1.000000
ST. LOUIS - 000374,1,1.000000
ST. LOUIS - 000375,2,1.000000
ST. LOUIS - 000375,1,1.000000
ST. LOUIS - 000376,2,1.000000
ST. LOUIS - 000377,2,0.671429
ST. LOUIS - 000377,1,0.328571
ST. LOUIS - 000378,2,0.980952
ST. LOUIS - 000378,1,0.019048
ST. LOUIS - 000379,2,1.000000
ST. LOUIS - 000380,2,1.000000
ST. LOUIS - 000381,2,1.000000
ST. LOUIS - 000382,1,1.000000
ST. LOUIS - 000383,2,1.000000
ST. LOUIS - 000384,2,1.000000
ST. LOUIS - 000385,2,1.000000
ST. LOUIS - 000386,2,1.000000
ST. LOUIS - 000387,2,1.000000
ST. LOUIS - 000388,2,1.000000
ST. LOUIS - 000389,2,1.000000
ST. LOUIS - 000390,2,1.000000
ST. LOUIS - 000391,2,1.000000
ST. LOUIS - 000392,2,1.000000
ST. LOUIS - 000393,2,1.000000
ST. LOUIS - 000394,2,1.000000
ST. LOUIS - 000395,2,1.000000
ST. LOUIS - 000396,2,1.000000
ST. LOUIS - 000397,2,1.000000
ST. LOUIS - 000398,2,1.000000
ST. LOUIS - 000399,2,1.000000
ST. LOUIS - 000400,2,1.000000
ST. LOUIS - 000402,2,1.000000
ST. LOUIS - 000403,2,1.000000
ST. LOUIS - 000404,2,1.000000
ST. LOUIS - 000405,2,1.000000
ST. LOUIS - 000406,2,1.000000
ST. LOUIS - 000407,2,1.000000
ST. LOUIS - 000408,2,1.000000
ST. LOUIS - 000409,2,1.000000
ST. LOUIS - 000410,1,1.000000
ST. LOUIS - 000411,1,1.000000
ST. LOUIS - 000412,1,1.000000
ST. LOUIS - 000413,1,1.000000
ST. LOUIS - 000414,1,1.000000
ST. LOUIS - 000415,1,1.000000
ST. LOUIS - 000416,1,1.000000
ST. LOUIS - 000417,1,1.000000
ST. LOUIS - 000418,1,1.000000
ST. LOUIS - 000419,1,1.000000
ST. LOUIS - 000420,1,1.000000
ST. LOUIS - 000421,1,1.000000
ST. LOUIS - 000422,1,1.000000
ST. LOUIS - 000423,1,1.000000
ST. LOUIS - 000424,1,1.000000
ST. LOUIS - 000425,1,1.000000
ST. LOUIS - 000426,1,1.000000
ST. LOUIS - 000427,1,1.000000
ST. LOUIS - 000428,1,1.000000
ST. LOUIS - 000429,1,1.000000
ST. LOUIS - 000430,1,1.000000
ST. LOUIS - 000431,1,1.000000
ST. LOUIS - 000432,1,1.000000
ST. LOUIS - 000433,1,1.000000
ST. LOUIS - 000434,1,1.000000
ST. LOUIS - 000435,1,1.000000
ST. LOUIS - 000436,2,1.000000
ST. LOUIS - 000437,2,1.000000
ST. LOUIS - 000438,2,1.000000
ST. LOUIS - 000439,2,1.000000
ST. LOUIS - 000440,2,1.000000
ST. LOUIS - 000441,2,1.000000
ST. LOUIS - 000442,2,1.000000
ST. LOUIS - 000443,2,1.000000
ST. LOUIS - 000444,2,1.000000
ST. LOUIS - 000445,2,1.000000
ST. LOUIS - 000446,2,0.828571
ST. LOUIS - 000446,1,0.171429
ST. LOUIS - 000447,2,1.000000
ST. LOUIS - 000448,2,1.000000
ST. LOUIS - 000449,2,1.000000
ST. LOUIS - 000450,2,1.000000
ST. LOUIS - 000451,2,1.000000
ST. LOUIS - 000452,2,1.000000
ST. LOUIS - 000453,2,1.000000
ST. LOUIS - 000454,2,1.000000
ST. LOUIS - 000455,2,0.188095
ST. LOUIS - 000455,1,0.811905
ST. LOUIS - 000456,2,1.000000
ST. LOUIS - 000457,2,1.000000
ST. LOUIS - 000458,2,1.000000
ST. LOUIS - 000459,2,1.000000
ST. LOUIS - 000461,1,1.000000
ST. LOUIS - 000462,1,1.000000
ST. LOUIS - 000463,1,1.000000
ST. LOUIS - 000464,1,1.000000
ST. LOUIS - 000465,1,1.000000
ST. LOUIS - 000466,1,1.000000
ST. LOUIS - 000467,1,1.000000
ST. LOUIS - 000468,1,1.000000
ST. LOUIS - 000469,1,1.000000
ST. LOUIS - 000470,1,1.000000
ST. LOUIS - 000471,1,1.000000
ST. LOUIS - 000472,1,1.000000
ST. LOUIS - 000473,1,1.000000
ST. LOUIS - 000474,1,1.000000
ST. LOUIS - 000475,1,1.000000
ST. LOUIS - 000476,1,1.000000
ST. LOUIS - 000477,1,1.000000
ST. LOUIS - 000478,1,1.000000
ST. LOUIS - 000479,1,1.000000
ST. LOUIS - 000480,1,1.000000
ST. LOUIS - 000481,1,1.000000
ST. LOUIS - 000482,1,1.000000
ST. LOUIS - 000483,1,1.000000
ST. LOUIS - 000484,1,1.000000
ST. LOUIS - 000485,1,1.000000
ST. LOUIS - 000486,1,1.000000
ST. LOUIS - 000487,1,1.000000
ST. LOUIS - 000488,1,1.000000
ST. LOUIS - 000489,1,1.000000
ST. LOUIS - 000490,1,1.000000
ST. LOUIS - 000491,1,1.000000
ST. LOUIS - 000492,1,1.000000
ST. LOUIS - 000493,1,1.000000
ST. LOUIS - 000494,1,1.000000
ST. LOUIS - 000495,1,0.983333
ST. LOUIS - 000495,2,0.016667
ST. LOUIS - 000496,1,1.000000
ST. LOUIS - 000497,1,1.000000
ST. LOUIS - 000498,1,1.000000
ST. LOUIS - 000499,1,1.000000
ST. LOUIS - 000500,1,1.000000
ST. LOUIS - 000501,1,1.000000
ST. LOUIS - 000502,2,0.569048
ST. LOUIS - 000502,3,0.069048
ST. LOUIS - 000502,1,0.361905
ST. LOUIS - 000503,1,1.000000
ST. LOUIS - 000504,1,1.000000
ST. LOUIS - 000505,1,1.000000
ST. LOUIS - 000506,1,1.000000
ST. LOUIS - 000507,1,1.000000
ST. LOUIS - 000508,1,1.000000
ST. LOUIS - 000509,1,1.000000
ST. LOUIS - 000510,1,1.000000
ST. LOUIS - 000511,1,1.000000
ST. LOUIS - 000512,1,1.000000
ST. LOUIS - 000513,1,1.000000
ST. LOUIS - 000514,1,1.000000
ST. LOUIS - 000515,1,1.000000
ST. LOUIS - 000516,1,1.000000
ST. LOUIS - 000517,1,1.000000
ST. LOUIS - 000518,1,1.000000
ST. LOUIS - 000519,1,1.000000
ST. LOUIS - 000520,1,1.000000
ST. LOUIS - 000521,1,1.000000
ST. LOUIS - 000522,1,1.000000
ST. LOUIS - 000523,1,1.000000
ST. LOUIS - 000524,1,1.000000
ST. LOUIS - 000525,1,1.000000
ST. LOUIS - 000526,1,1.000000
ST. LOUIS - 000527,1,1.000000
ST. LOUIS - 000528,1,1.000000
ST. LOUIS - 000529,1,1.000000
ST. LOUIS - 000530,1,1.000000
ST. LOUIS - 000531,1,1.000000
ST. LOUIS - 000532,1,1.000000
ST. LOUIS - 000533,1,1.000000
ST. LOUIS - 000534,1,1.000000
ST. LOUIS - 000535,1,1.000000
ST. LOUIS - 000536,1,1.000000
ST. LOUIS - 000537,1,1.000000
ST. LOUIS - 000538,1,1.000000
ST. LOUIS - 000539,1,1.000000
ST. LOUIS - 000540,2,1.000000
ST. LOUIS - 000541,2,1.000000
ST. LOUIS - 000542,2,1.000000
ST. LOUIS - 000543,2,1.000000
ST. LOUIS - 000544,2,1.000000
ST. LOUIS - 000545,2,1.000000
ST. LOUIS - 000546,2,1.000000
ST. LOUIS - 000547,2,1.000000
ST. LOUIS - 000548,2,1.000000
ST. LOUIS - 000549,2,0.990476
ST. LOUIS - 000549,8,0.009524
ST. LOUIS - 000550,2,1.000000
ST. LOUIS - 000551,2,1.000000
ST. LOUIS - 000552,2,1.000000
ST. LOUIS - 000553,2,1.000000
ST. LOUIS - 000554,2,1.000000
ST. LOUIS - 000555,2,1.000000
ST. LOUIS - 000556,2,1.000000
ST. LOUIS - 000557,2,1.000000
ST. LOUIS - 000558,2,1.000000
ST. LOUIS - 000559,2,1.000000
ST. LOUIS - 000560,2,1.000000
ST. LOUIS - 000561,2,1.000000
ST. LOUIS - 000562,2,1.000000
ST. LOUIS - 000563,2,1.000000
ST. LOUIS - 000564,2,1.000000
ST. LOUIS - 000565,2,1.000000
ST. LOUIS - 000566,2,1.000000
ST. LOUIS - 000567,2,1.000000
ST. LOUIS - 000568,2,1.000000
ST. LOUIS - 000569,2,1.000000
ST. LOUIS - 000570,2,1.000000
ST. LOUIS - 000571,2,1.000000
ST. LOUIS - 000572,2,1.000000
ST. LOUIS - 000573,2,1.000000
ST. LOUIS - 000574,2,1.000000
ST. LOUIS - 000575,2,1.000000
ST. LOUIS - 000576,2,1.000000
ST. LOUIS - 000577,2,1.000000
ST. LOUIS - 000578,2,1.000000
ST. LOUIS - 000579,2,1.000000
ST. LOUIS - 000580,1,0.971429
ST. LOUIS - 000580,3,0.028571
ST. LOUIS - 000581,1,1.000000
ST. LOUIS - 000582,1,1.000000
ST. LOUIS - 000583,1,1.000000
ST. LOUIS - 000584,1,1.000000
ST. LOUIS - 000585,1,1.000000
ST. LOUIS - 000586,1,1.000000
ST. LOUIS - 000587,1,1.000000
ST. LOUIS - 000588,1,1.000000
ST. LOUIS - 000589,1,1.000000
ST. LOUIS - 000590,1,1.000000
ST. LOUIS - 000591,1,1.000000
ST. LOUIS - 000592,1,1.000000
ST. LOUIS - 000593,1,1.000000
ST. LOUIS - 000594,1,0.988095
ST. LOUIS - 000594,3,0.011905
ST. LOUIS - 000595,1,1.000000
ST. LOUIS - 000596,1,1.000000
ST. LOUIS - 000597,1,1.000000
ST. LOUIS - 000598,1,1.000000
ST. LOUIS - 000599,1,1.000000
ST. LOUIS - 000600,1,1.000000
ST. LOUIS - 000601,1,1.000000
ST. LOUIS - 000602,1,1.000000
ST. LOUIS - 000603,1,1.000000
ST. LOUIS - 000604,1,1.000000
ST. LOUIS - 000605,1,1.000000
ST. LOUIS - 000606,1,1.000000
ST. LOUIS - 000607,1,1.000000
ST. LOUIS - 000608,1,1.000000
ST. LOUIS - 000609,1,1.000000
ST. LOUIS - 000610,1,1.000000
ST. LOUIS - 000611,1,1.000000
ST. LOUIS - 000612,1,1.000000
ST. LOUIS - 000613,1,1.000000
ST. LOUIS - 000614,1,1.000000
ST. LOUIS - 000615,1,1.000000
ST. LOUIS - 000616,1,1.000000
ST. LOUIS - 000617,2,1.000000
ST. LOUIS - 000618,2,1.000000
ST. LOUIS - 000619,2,1.000000
ST. LOUIS - 000620,2,1.000000
ST. LOUIS - 000621,2,1.000000
ST. LOUIS - 000622,2,1.000000
ST. LOUIS - 000623,2,1.000000
ST. LOUIS - 000624,2,1.000000
ST. LOUIS - 000625,2,1.000000
ST. LOUIS - 000626,2,1.000000
ST. LOUIS - 000627,2,1.000000
ST. LOUIS - 000628,2,1.000000
ST. LOUIS - 000629,2,1.000000
ST. LOUIS - 000630,2,1.000000
ST. LOUIS - 000631,2,1.000000
ST. LOUIS - 000632,2,1.000000
ST. LOUIS - 000633,2,0.966667
ST. LOUIS - 000633,8,0.033333
ST. LOUIS - 000634,2,1.000000
ST. LOUIS - 000635,2,1.000000
ST. LOUIS - 000636,2,1.000000
ST. LOUIS - 000637,2,1.000000
ST. LOUIS - 000638,1,1.000000
ST. LOUIS - 000639,1,1.000000
ST. LOUIS - 000640,1,1.000000
ST. LOUIS - 000641,1,1.000000
ST. LOUIS - 000642,1,1.000000
ST. LOUIS - 000643,1,1.000000
ST. LOUIS - 000644,1,1.000000
ST. LOUIS - 000645,1,1.000000
ST. LOUIS - 000646,1,1.000000
ST. LOUIS - 000647,1,1.000000
ST. LOUIS - 000648,1,1.000000
ST. LOUIS - 000649,1,1.000000
ST. LOUIS - 000650,1,1.000000
ST. LOUIS - 000651,1,1.000000
ST. LOUIS - 000652,1,1.000000
ST. LOUIS - 000653,1,1.000000
ST. LOUIS - 000654,1,1.000000
ST. LOUIS - 000655,1,1.000000
ST. LOUIS - 000656,1,1.000000
ST. LOUIS - 000657,1,1.000000
ST. LOUIS - 000658,1,1.000000
STE. GENEVIEVE - 000002,8,1.000000
STE. GENEVIEVE - 000003,8,1.000000
STE. GENEVIEVE - 000004,8,1.000000
STE. GENEVIEVE - 000005,8,1.000000
STE. GENEVIEVE - 000006,8,1.000000
STE. GENEVIEVE - 000007,8,1.000000
STE. GENEVIEVE - 000008,8,1.000000
STE. GENEVIEVE - 000009,8,1.000000
STE. GENEVIEVE - 000010,8,1.000000
STE. GENEVIEVE - 000011,8,1.000000
STE. GENEVIEVE - 000012,8,1.000000
STE. GENEVIEVE - 000013,8,1.000000
STE. GENEVIEVE - 000014,8,1.000000
STE. GENEVIEVE - 000015,8,1.000000
STODDARD - 000002,8,1.000000
STODDARD - 000003,8,1.000000
STODDARD - 000004,8,1.000000
STODDARD - 000005,8,1.000000
STODDARD - 000006,8,1.000000
STODDARD - 000007,8,1.000000
STODDARD - 000008,8,1.000000
STODDARD - 000009,8,1.000000
STODDARD - 000010,8,1.000000
STODDARD - 000011,8,1.000000
STODDARD - 000012,8,1.000000
STODDARD - 000013,8,1.000000
STODDARD - 000014,8,1.000000
STODDARD - 000015,8,1.000000
STODDARD - 000016,8,1.000000
STODDARD - 000017,8,1.000000
STODDARD - 000018,8,1.000000
STODDARD - 000019,8,1.000000
STODDARD - 000020,8,1.000000
STODDARD - 000021,8,1.000000
STODDARD - 000022,8,1.000000
STODDARD - 000023,8,1.000000
STODDARD - 000024,8,1.000000
STONE - 000002,7,1.000000
STONE - 000003,7,1.000000
STONE - 000004,7,1.000000
STONE - 000005,7,1.000000
STONE - 000006,7,1.000000
STONE - 000007,7,1.000000
STONE - 000008,7,1.000000
STONE - 000009,7,1.000000
STONE - 000010,7,1.000000
STONE - 000011,7,1.000000
STONE - 000012,7,1.000000
STONE - 000013,7,1.000000
STONE - 000014,7,1.000000
STONE - 000015,7,1.000000
STONE - 000016,7,1.000000
STONE - 000017,7,1.000000
STONE - 000018,7,1.000000
STONE - 000019,7,1.000000
STONE - 000020,7,1.000000
STONE - 000021,7,1.000000
SULLIVAN - 000002,6,1.000000
SULLIVAN - 000003,6,1.000000
SULLIVAN - 000004,6,1.000000
SULLIVAN - 000005,6,1.000000
SULLIVAN - 000006,6,1.000000
SULLIVAN - 000007,6,1.000000
SULLIVAN - 000008,6,1.000000
SULLIVAN - 000009,6,1.000000
SULLIVAN - 000010,6,1.000000
SULLIVAN - 000012,6,1.000000
SULLIVAN - 000013,6,1.000000
SULLIVAN - 000014,6,1.000000
SULLIVAN - 000015,6,1.000000
TANEY - 000002,7,1.000000
TANEY - 000003,7,1.000000
TANEY - 000004,7,1.000000
TANEY - 000005,7,1.000000
TANEY - 000006,7,1.000000
TANEY - 000007,7,1.000000
TANEY - 000008,7,1.000000
TANEY - 000009,7,1.000000
TANEY - 000010,7,1.000000
TANEY - 000011,7,1.000000
TANEY - 000012,7,1.000000
TANEY - 000013,7,1.000000
TANEY - 000014,7,1.000000
TANEY - 000015,7,1.000000
TANEY - 000016,7,1.000000
TANEY - 000017,7,1.000000
TANEY - 000018,7,1.000000
TANEY - 000019,7,1.000000
TANEY - 000020,7,1.000000
TANEY - 000021,7,1.000000
TANEY - 000022,7,1.000000
TANEY - 000023,7,1.000000
TEXAS - 000002,8,1.000000
TEXAS - 000003,8,1.000000
TEXAS - 000004,8,1.000000
TEXAS - 000005,8,1.000000
TEXAS - 000006,8,1.000000
TEXAS - 000007,8,1.000000
TEXAS - 000008,8,1.000000
TEXAS - 000009,8,1.000000
TEXAS - 000010,8,1.000000
TEXAS - 000011,8,1.000000
TEXAS - 000012,8,1.000000
TEXAS - 000013,8,1.000000
TEXAS - 000014,8,1.000000
TEXAS - 000015,8,1.000000
TEXAS - 000016,8,1.000000
TEXAS - 000017,8,1.000000
TEXAS - 000018,8,1.000000
TEXAS - 000019,8,1.000000
TEXAS - 000020,8,1.000000
TEXAS - 000021,8,1.000000
TEXAS - 000022,8,1.000000
VERNON - 000002,4,1.000000
VERNON - 000003,4,1.000000
VERNON - 000004,4,1.000000
VERNON - 000005,4,1.000000
VERNON - 000006,4,1.000000
VERNON - 000007,4,1.000000
VERNON - 000008,4,1.000000
VERNON - 000009,4,1.000000
VERNON - 000010,4,1.000000
VERNON - 000011,4,1.000000
VERNON - 000012,4,1.000000
VERNON - 000013,4,1.000000
VERNON - 000014,4,1.000000
VERNON - 000015,4,1.000000
VERNON - 000016,4,1.000000
VERNON - 000017,4,1.000000
VERNON - 000018,4,1.000000
VERNON - 000019,4,1.000000
VERNON - 000020,4,1.000000
VERNON - 000021,4,1.000000
VERNON - 000022,4,1.000000
VERNON - 000023,4,1.000000
VERNON - 000024,4,1.000000
VERNON - 000025,4,1.000000
VERNON - 000026,4,1.000000
VERNON - 000027,4,1.000000
VERNON - 000028,4,1.000000
VERNON - 000029,4,1.000000
VERNON - 000030,4,1.000000
VERNON - 000031,4,1.000000
VERNON - 000032,4,1.000000
VERNON - 000033,4,1.000000
VERNON - 000034,4,1.000000
WARREN - 000002,2,1.000000
WARREN - 000003,2,1.000000
WARREN - 000004,3,1.000000
WARREN - 000005,2,1.000000
WARREN - 000006,2,1.000000
WARREN - 000007,2,0.719048
WARREN - 000007,3,0.280952
WARREN - 000008,2,1.000000
WARREN - 000009,2,1.000000
WARREN - 000010,2,1.000000
WARREN - 000011,2,1.000000
WARREN - 000012,2,1.000000
WARREN - 000013,2,1.000000
WARREN - 000014,3,0.414286
WARREN - 000014,2,0.585714
WARREN - 000015,2,1.000000
WARREN - 000016,2,1.000000
WARREN - 000017,2,1.000000
WARREN - 000018,2,1.000000
WARREN - 000019,2,0.552381
WARREN - 000019,3,0.447619
WARREN - 000020,3,0.869048
WARREN - 000020,2,0.130952
WARREN - 000021,3,1.000000
WARREN - 000022,3,0.714286
WARREN - 000022,2,0.285714
WARREN - 000023,2,1.000000
WASHINGTON - 000002,3,1.000000
WASHINGTON - 000003,3,1.000000
WASHINGTON - 000004,3,1.000000
WASHINGTON - 000005,3,1.000000
WASHINGTON - 000006,3,1.000000
WASHINGTON - 000007,3,1.000000
WASHINGTON - 000008,3,1.000000
WASHINGTON - 000009,3,1.000000
WASHINGTON - 000010,3,1.000000
WASHINGTON - 000011,3,1.000000
WASHINGTON - 000012,3,1.000000
WASHINGTON - 000013,3,1.000000
WASHINGTON - 000014,3,1.000000
WASHINGTON - 000015,3,1.000000
WASHINGTON - 000016,3,1.000000
WASHINGTON - 000017,3,1.000000
WASHINGTON - 000018,3,1.000000
WASHINGTON - 000019,3,1.000000
WAYNE - 000002,8,1.000000
WAYNE - 000003,8,1.000000
WAYNE - 000004,8,1.000000
WAYNE - 000005,8,1.000000
WAYNE - 000006,8,1.000000
WAYNE - 000007,8,1.000000
WAYNE - 000008,8,1.000000
WAYNE - 000009,8,1.000000
WAYNE - 000010,8,1.000000
WAYNE - 000011,8,1.000000
WAYNE - 000012,8,1.000000
WAYNE - 000013,8,1.000000
WAYNE - 000014,8,1.000000
WAYNE - 000015,8,1.000000
WAYNE - 000016,8,1.000000
WAYNE - 000017,8,1.000000
WAYNE - 000018,8,1.000000
WAYNE - 000019,8,1.000000
WAYNE - 000020,8,1.000000
WAYNE - 000021,8,1.000000
WEBSTER - 000002,7,1.000000
WEBSTER - 000003,7,1.000000
WEBSTER - 000004,4,0.345238
WEBSTER - 000004,7,0.654762
WEBSTER - 000005,7,1.000000
WEBSTER - 000006,7,1.000000
WEBSTER - 000007,4,1.000000
WEBSTER - 000008,4,0.983333
WEBSTER - 000008,7,0.016667
WEBSTER - 000009,7,1.000000
WEBSTER - 000010,4,0.997619
WEBSTER - 000010,7,0.002381
WEBSTER - 000011,4,1.000000
WEBSTER - 000012,4,1.000000
WEBSTER - 000013,4,1.000000
WEBSTER - 000014,4,1.000000
WEBSTER - 000015,4,1.000000
WEBSTER - 000016,4,1.000000
WEBSTER - 000017,4,1.000000
WORTH - 000002,6,1.000000
WORTH - 000004,6,1.000000
WORTH - 000005,6,1.000000
WORTH - 000006,6,1.000000
WORTH - 000007,6,1.000000
WORTH - 000008,6,1.000000
WORTH - 000009,6,1.000000
WRIGHT - 000002,8,1.000000
WRIGHT - 000003,8,1.000000
WRIGHT - 000004,8,1.000000
WRIGHT - 000005,8,1.000000
WRIGHT - 000006,8,1.000000
WRIGHT - 000007,8,1.000000
WRIGHT - 000008,8,1.000000
WRIGHT - 000009,8,1.000000
WRIGHT - 000010,8,1.000000
WRIGHT - 000011,8,1.000000
WRIGHT - 000012,8,1.000000
WRIGHT - 000013,8,1.000000
WRIGHT - 000014,8,1.000000
WRIGHT - 000015,8,1.000000
WRIGHT - 000016,8,1.000000
