precinct_key,district_num,area_weight,block_weight,precinct_block_weight,is_kansas_city,election_county,election_county_aliases
ADAIR - 000002,3,0.1984536082,77.0000000000,388.0000000000,0,ADAIR,ADAIR
ADAIR - 000002,4,0.8015463918,311.0000000000,388.0000000000,0,ADAIR,ADAIR
ADAIR - 000003,3,1.0000000000,225.0000000000,225.0000000000,0,ADAIR,ADAIR
ADAIR - 000004,3,1.0000000000,79.0000000000,79.0000000000,0,ADAIR,ADAIR
ADAIR - 000005,3,1.0000000000,76.0000000000,76.0000000000,0,ADAIR,ADAIR
ADAIR - 000006,3,1.0000000000,399.0000000000,399.0000000000,0,ADAIR,ADAIR
ADAIR - 000007,3,0.9363395225,353.0000000000,377.0000000000,0,ADAIR,ADAIR
ADAIR - 000007,4,0.0636604775,24.0000000000,377.0000000000,0,ADAIR,ADAIR
ADAIR - 000008,3,1.0000000000,153.0000000000,153.0000000000,0,ADAIR,ADAIR
ADAIR - 000009,3,1.0000000000,164.0000000000,164.0000000000,0,ADAIR,ADAIR
ADAIR - 000010,3,1.0000000000,165.0000000000,165.0000000000,0,ADAIR,ADAIR
ADAIR - 000011,3,1.0000000000,8.0000000000,8.0000000000,0,ADAIR,ADAIR
ANDREW - 000002,9,1.0000000000,3.0000000000,3.0000000000,0,ANDREW,ANDREW
ANDREW - 000003,9,1.0000000000,43.0000000000,43.0000000000,0,ANDREW,ANDREW
ANDREW - 000004,9,0.9682186135,85.2032379854,88.0000000000,0,ANDREW,ANDREW
ANDREW - 000004,13,0.0317813865,2.7967620146,88.0000000000,0,ANDREW,ANDREW
ANDREW - 000005,9,1.0000000000,77.9999999999,77.9999999999,0,ANDREW,ANDREW
ANDREW - 000006,9,1.0000000000,110.0000000000,110.0000000000,0,ANDREW,ANDREW
ANDREW - 000007,9,1.0000000000,123.0000000000,123.0000000000,0,ANDREW,ANDREW
ANDREW - 000008,9,1.0000000000,83.0000000000,83.0000000000,0,ANDREW,ANDREW
ANDREW - 000009,9,1.0000000000,63.0000000000,63.0000000000,0,ANDREW,ANDREW
ANDREW - 000010,9,1.0000000000,83.0000000000,83.0000000000,0,ANDREW,ANDREW
ANDREW - 000011,9,1.0000000000,200.0000000000,200.0000000000,0,ANDREW,ANDREW
ANDREW - 000012,9,1.0000000000,89.0000000002,89.0000000002,0,ANDREW,ANDREW
ANDREW - 000013,9,1.0000000000,120.0000000000,120.0000000000,0,ANDREW,ANDREW
ANDREW - 000014,9,1.0000000000,103.0000000000,103.0000000000,0,ANDREW,ANDREW
ANDREW - 000015,9,1.0000000000,73.0000000000,73.0000000000,0,ANDREW,ANDREW
ANDREW - 000016,9,1.0000000000,137.0000000000,137.0000000000,0,ANDREW,ANDREW
ANDREW - 000017,9,1.0000000000,117.9999999999,117.9999999999,0,ANDREW,ANDREW
ANDREW - 000018,9,1.0000000000,52.0000000000,52.0000000000,0,ANDREW,ANDREW
ANDREW - 000019,9,1.0000000000,119.0000000002,119.0000000002,0,ANDREW,ANDREW
ANDREW - 000020,9,1.0000000000,91.0000000000,91.0000000000,0,ANDREW,ANDREW
ANDREW - 000021,9,1.0000000000,139.0000000000,139.0000000000,0,ANDREW,ANDREW
ATCHISON - 000002,1,1.0000000000,262.0000000000,262.0000000000,0,ATCHISON,ATCHISON
ATCHISON - 000003,1,1.0000000000,126.0000000000,126.0000000000,0,ATCHISON,ATCHISON
ATCHISON - 000004,1,1.0000000000,379.0000000000,379.0000000000,0,ATCHISON,ATCHISON
ATCHISON - 000005,1,1.0000000000,286.0000000000,286.0000000000,0,ATCHISON,ATCHISON
ATCHISON - 000006,1,1.0000000000,167.9999999999,167.9999999999,0,ATCHISON,ATCHISON
ATCHISON - 000007,1,1.0000000000,152.0000000000,152.0000000000,0,ATCHISON,ATCHISON
AUDRAIN - 000502,43,1.0000000000,219.0000000000,219.0000000000,0,AUDRAIN,AUDRAIN
AUDRAIN - 000506,43,1.0000000000,239.9999999999,239.9999999999,0,AUDRAIN,AUDRAIN
AUDRAIN - 000508,43,1.0000000000,286.0000000001,286.0000000001,0,AUDRAIN,AUDRAIN
AUDRAIN - 000510,43,1.0000000000,145.0000000000,145.0000000000,0,AUDRAIN,AUDRAIN
AUDRAIN - 000512,43,1.0000000000,174.0000000001,174.0000000001,0,AUDRAIN,AUDRAIN
AUDRAIN - 000513,43,1.0000000000,567.9999999999,567.9999999999,0,AUDRAIN,AUDRAIN
AUDRAIN - 000545,43,1.0000000000,265.9999999999,265.9999999999,0,AUDRAIN,AUDRAIN
AUDRAIN - 000616,43,1.0000000000,86.0000000000,86.0000000000,0,AUDRAIN,AUDRAIN
AUDRAIN - 000623,43,1.0000000000,61.0000000000,61.0000000000,0,AUDRAIN,AUDRAIN
AUDRAIN - 000632,43,1.0000000000,90.0000000000,90.0000000000,0,AUDRAIN,AUDRAIN
AUDRAIN - 000633,43,1.0000000000,210.0000000000,210.0000000000,0,AUDRAIN,AUDRAIN
AUDRAIN - 000641,43,1.0000000000,53.0000000000,53.0000000000,0,AUDRAIN,AUDRAIN
AUDRAIN - 000642,43,1.0000000000,83.0000000000,83.0000000000,0,AUDRAIN,AUDRAIN
AUDRAIN - 000657,43,1.0000000000,231.0000000000,231.0000000000,0,AUDRAIN,AUDRAIN
AUDRAIN - 000658,43,1.0000000000,214.0000000002,214.0000000002,0,AUDRAIN,AUDRAIN
AUDRAIN - 000667,43,1.0000000000,227.0000000000,227.0000000000,0,AUDRAIN,AUDRAIN
BARRY - 000002,158,1.0000000000,97.0000000000,97.0000000000,0,BARRY,BARRY
BARRY - 000003,158,1.0000000000,176.0000000000,176.0000000000,0,BARRY,BARRY
BARRY - 000004,158,1.0000000000,106.0000000001,106.0000000001,0,BARRY,BARRY
BARRY - 000005,158,1.0000000000,228.0000000002,228.0000000002,0,BARRY,BARRY
BARRY - 000006,158,1.0000000000,267.0000000001,267.0000000001,0,BARRY,BARRY
BARRY - 000007,158,1.0000000000,92.0000000001,92.0000000001,0,BARRY,BARRY
BARRY - 000008,158,1.0000000000,247.0000000000,247.0000000000,0,BARRY,BARRY
BARRY - 000009,158,1.0000000000,328.0000000000,328.0000000000,0,BARRY,BARRY
BARRY - 000010,158,1.0000000000,268.0000000000,268.0000000000,0,BARRY,BARRY
BARRY - 000011,158,1.0000000000,113.0000000001,113.0000000001,0,BARRY,BARRY
BARRY - 000012,158,1.0000000000,77.0000000000,77.0000000000,0,BARRY,BARRY
BARRY - 000013,158,1.0000000000,90.0000000001,90.0000000001,0,BARRY,BARRY
BARRY - 000014,158,1.0000000000,53.0000000000,53.0000000000,0,BARRY,BARRY
BARRY - 000015,158,1.0000000000,478.9999999999,478.9999999999,0,BARRY,BARRY
BARRY - 000016,158,1.0000000000,115.0000000001,115.0000000001,0,BARRY,BARRY
BARRY - 000017,158,1.0000000000,80.9999999999,80.9999999999,0,BARRY,BARRY
BARRY - 000018,158,1.0000000000,244.0000000001,244.0000000001,0,BARRY,BARRY
BARRY - 000019,158,1.0000000000,372.8455009325,372.8455009325,0,BARRY,BARRY
BARRY - 000020,158,1.0000000000,182.1023942720,182.1023942720,0,BARRY,BARRY
BARRY - 000021,158,1.0000000000,515.0000000000,515.0000000000,0,BARRY,BARRY
BARRY - 000022,158,1.0000000000,206.0000000000,206.0000000000,0,BARRY,BARRY
BARRY - 000023,158,1.0000000000,254.0000000000,254.0000000000,0,BARRY,BARRY
BARTON - 000002,127,1.0000000000,106.0000000000,106.0000000000,0,BARTON,BARTON
BARTON - 000003,127,1.0000000000,112.0000000000,112.0000000000,0,BARTON,BARTON
BARTON - 000004,127,1.0000000000,90.0000000001,90.0000000001,0,BARTON,BARTON
BARTON - 000005,127,1.0000000000,87.9999999999,87.9999999999,0,BARTON,BARTON
BARTON - 000006,127,1.0000000000,149.0000000000,149.0000000000,0,BARTON,BARTON
BARTON - 000007,127,1.0000000000,175.0000000003,175.0000000003,0,BARTON,BARTON
BARTON - 000008,127,1.0000000000,175.0000000000,175.0000000000,0,BARTON,BARTON
BARTON - 000009,127,1.0000000000,107.0000000000,107.0000000000,0,BARTON,BARTON
BARTON - 000010,127,1.0000000000,62.0000000000,62.0000000000,0,BARTON,BARTON
BARTON - 000011,127,1.0000000000,135.0000000000,135.0000000000,0,BARTON,BARTON
BARTON - 000012,127,1.0000000000,151.0000000000,151.0000000000,0,BARTON,BARTON
BARTON - 000013,127,1.0000000000,124.0000000000,124.0000000000,0,BARTON,BARTON
BARTON - 000014,127,1.0000000000,65.0000000000,65.0000000000,0,BARTON,BARTON
BARTON - 000015,127,1.0000000000,202.0000000000,202.0000000000,0,BARTON,BARTON
BARTON - 000016,127,1.0000000000,278.9999999997,278.9999999997,0,BARTON,BARTON
BARTON - 000017,127,1.0000000000,111.0000000000,111.0000000000,0,BARTON,BARTON
BATES - 002701,62,1.0000000000,100.0000000001,100.0000000001,0,BATES,BATES
BATES - 002703,62,1.0000000000,245.9999999998,245.9999999998,0,BATES,BATES
BATES - 002705,62,1.0000000000,198.9999999999,198.9999999999,0,BATES,BATES
BATES - 002722,62,0.9932885906,148.0000000000,149.0000000000,0,BATES,BATES
BATES - 002722,125,0.0067114094,1.0000000000,149.0000000000,0,BATES,BATES
BATES - 002767,62,1.0000000000,145.0000000000,145.0000000000,0,BATES,BATES
BATES - 002801,125,1.0000000000,102.0000000000,102.0000000000,0,BATES,BATES
BATES - 002814,125,1.0000000000,271.0000000000,271.0000000000,0,BATES,BATES
BATES - 002825,125,1.0000000000,129.0000000000,129.0000000000,0,BATES,BATES
BATES - 002847,125,1.0000000000,127.0000000000,127.0000000000,0,BATES,BATES
BATES - 002849,125,1.0000000000,300.0000000000,300.0000000000,0,BATES,BATES
BATES - 002850,125,1.0000000000,142.0000000000,142.0000000000,0,BATES,BATES
BATES - 002868,125,1.0000000000,214.0000000000,214.0000000000,0,BATES,BATES
BATES - 002892,125,1.0000000000,373.0000000000,373.0000000000,0,BATES,BATES
BATES - 002904,125,1.0000000000,319.0000000001,319.0000000001,0,BATES,BATES
BATES - 002930,125,1.0000000000,115.0000000000,115.0000000000,0,BATES,BATES
BENTON - 002612,57,1.0000000000,203.9999999999,203.9999999999,0,BENTON,BENTON
BENTON - 002614,57,1.0000000000,174.0000000000,174.0000000000,0,BENTON,BENTON
BENTON - 002650,57,1.0000000000,103.0000000000,103.0000000000,0,BENTON,BENTON
BENTON - 002723,57,1.0000000000,189.0000000000,189.0000000000,0,BENTON,BENTON
BENTON - 002785,57,0.9837837838,182.0000000000,185.0000000000,0,BENTON,BENTON
BENTON - 002785,126,0.0162162162,3.0000000000,185.0000000000,0,BENTON,BENTON
BENTON - 002790,57,1.0000000000,180.0000000000,180.0000000000,0,BENTON,BENTON
BENTON - 002793,57,1.0000000000,286.0000000000,286.0000000000,0,BENTON,BENTON
BENTON - 002799,57,1.0000000000,341.0000000000,341.0000000000,0,BENTON,BENTON
BENTON - 002813,57,0.0361010830,20.0000000000,554.0000000000,0,BENTON,BENTON
BENTON - 002813,126,0.9638989170,534.0000000000,554.0000000000,0,BENTON,BENTON
BENTON - 002848,57,1.0000000000,362.0000000000,362.0000000000,0,BENTON,BENTON
BENTON - 002874,126,1.0000000000,214.9999999999,214.9999999999,0,BENTON,BENTON
BENTON - 002895,57,1.0000000000,99.0000000001,99.0000000001,0,BENTON,BENTON
BENTON - 002901,57,1.0000000000,346.0000000000,346.0000000000,0,BENTON,BENTON
BOLLINGER - 000002,144,1.0000000000,77.9999999999,77.9999999999,0,BOLLINGER,BOLLINGER
BOLLINGER - 000003,151,1.0000000000,128.0000000000,128.0000000000,0,BOLLINGER,BOLLINGER
BOLLINGER - 000004,151,1.0000000000,58.0000000000,58.0000000000,0,BOLLINGER,BOLLINGER
BOLLINGER - 000005,144,1.0000000000,85.0000000000,85.0000000000,0,BOLLINGER,BOLLINGER
BOLLINGER - 000006,151,1.0000000000,133.0000000000,133.0000000000,0,BOLLINGER,BOLLINGER
BOLLINGER - 000007,151,1.0000000000,91.0000000000,91.0000000000,0,BOLLINGER,BOLLINGER
BOLLINGER - 000008,151,1.0000000000,73.0000000000,73.0000000000,0,BOLLINGER,BOLLINGER
BOLLINGER - 000009,144,1.0000000000,133.0000000000,133.0000000000,0,BOLLINGER,BOLLINGER
BOLLINGER - 000010,144,1.0000000000,101.0000000000,101.0000000000,0,BOLLINGER,BOLLINGER
BOLLINGER - 000011,144,1.0000000000,112.0000000000,112.0000000000,0,BOLLINGER,BOLLINGER
BOLLINGER - 000012,144,0.1923076923,15.0000000000,78.0000000000,0,BOLLINGER,BOLLINGER
BOLLINGER - 000012,151,0.8076923077,63.0000000000,78.0000000000,0,BOLLINGER,BOLLINGER
BOLLINGER - 000013,151,1.0000000000,37.0000000000,37.0000000000,0,BOLLINGER,BOLLINGER
BOLLINGER - 000014,144,1.0000000000,80.0000000000,80.0000000000,0,BOLLINGER,BOLLINGER
BOLLINGER - 000015,151,1.0000000000,135.9999999999,135.9999999999,0,BOLLINGER,BOLLINGER
BOONE - 000001,45,0.9589442815,327.0000000000,341.0000000000,0,BOONE,BOONE
BOONE - 000001,46,0.0410557185,14.0000000000,341.0000000000,0,BOONE,BOONE
BOONE - 000002,45,0.2036199095,45.0000000000,221.0000000002,0,BOONE,BOONE
BOONE - 000002,46,0.7963800905,176.0000000002,221.0000000002,0,BOONE,BOONE
BOONE - 000003,44,0.0003801541,0.1064431423,280.0000000000,0,BOONE,BOONE
BOONE - 000003,45,0.0500000000,14.0000000000,280.0000000000,0,BOONE,BOONE
BOONE - 000003,46,0.9496198459,265.8935568577,280.0000000000,0,BOONE,BOONE
BOONE - 000004,45,0.1223776224,35.0000000000,286.0000000000,0,BOONE,BOONE
BOONE - 000004,47,0.8776223776,251.0000000000,286.0000000000,0,BOONE,BOONE
BOONE - 000005,45,0.1039603960,21.0000000000,202.0000000001,0,BOONE,BOONE
BOONE - 000005,47,0.0445544554,9.0000000000,202.0000000001,0,BOONE,BOONE
BOONE - 000005,50,0.8514851485,172.0000000001,202.0000000001,0,BOONE,BOONE
BOONE - 000006,45,0.9943181818,175.0000000000,176.0000000000,0,BOONE,BOONE
BOONE - 000006,50,0.0056818182,1.0000000000,176.0000000000,0,BOONE,BOONE
BOONE - 000007,47,1.0000000000,132.0000000000,132.0000000000,0,BOONE,BOONE
BOONE - 000008,44,0.0058715931,1.0510151627,179.0000000000,0,BOONE,BOONE
BOONE - 000008,47,0.9941284069,177.9489848373,179.0000000000,0,BOONE,BOONE
BOONE - 000009,44,1.0000000000,77.0000000000,77.0000000000,0,BOONE,BOONE
BOONE - 000010,44,1.0000000000,40.0000000000,40.0000000000,0,BOONE,BOONE
BOONE - 000011,44,1.0000000000,63.0000000001,63.0000000001,0,BOONE,BOONE
BOONE - 000012,44,1.0000000000,167.0000000000,167.0000000000,0,BOONE,BOONE
BOONE - 000014,47,1.0000000000,53.0000000000,53.0000000000,0,BOONE,BOONE
BOONE - 000015,44,0.3097345133,35.0000000000,113.0000000000,0,BOONE,BOONE
BOONE - 000015,47,0.6902654867,78.0000000000,113.0000000000,0,BOONE,BOONE
BOONE - 000016,44,1.0000000000,92.0000000000,92.0000000000,0,BOONE,BOONE
BOONE - 000017,44,0.8080758223,74.3429756553,92.0000000000,0,BOONE,BOONE
BOONE - 000017,46,0.1919241777,17.6570243447,92.0000000000,0,BOONE,BOONE
BOONE - 000018,47,1.0000000000,102.0000000000,102.0000000000,0,BOONE,BOONE
BOONE - 000019,47,1.0000000000,61.0000000000,61.0000000000,0,BOONE,BOONE
BOONE - 000020,45,0.1923076923,25.0000000000,130.0000000000,0,BOONE,BOONE
BOONE - 000020,46,0.3153846154,41.0000000000,130.0000000000,0,BOONE,BOONE
BOONE - 000020,47,0.4923076923,64.0000000000,130.0000000000,0,BOONE,BOONE
BOONE - 000021,47,1.0000000000,123.0000000000,123.0000000000,0,BOONE,BOONE
BOONE - 000022,44,0.1317681016,19.7652152454,150.0000000000,0,BOONE,BOONE
BOONE - 000022,46,0.6411176123,96.1676418469,150.0000000000,0,BOONE,BOONE
BOONE - 000022,47,0.2271142861,34.0671429077,150.0000000000,0,BOONE,BOONE
BOONE - 000023,44,0.7465978274,30.6105109234,40.9999999999,0,BOONE,BOONE
BOONE - 000023,46,0.2534021726,10.3894890765,40.9999999999,0,BOONE,BOONE
BOONE - 000024,44,0.9668334242,85.0813413288,88.0000000000,0,BOONE,BOONE
BOONE - 000024,46,0.0331665758,2.9186586712,88.0000000000,0,BOONE,BOONE
BOONE - 000025,44,0.8062180306,45.9544277434,57.0000000000,0,BOONE,BOONE
BOONE - 000025,50,0.1937819694,11.0455722566,57.0000000000,0,BOONE,BOONE
BOONE - 000026,44,0.4560507286,108.9961241271,239.0000000001,0,BOONE,BOONE
BOONE - 000026,50,0.5439492714,130.0038758730,239.0000000001,0,BOONE,BOONE
BOONE - 000027,44,0.4578700390,84.7059572113,184.9999999999,0,BOONE,BOONE
BOONE - 000027,47,0.0112463577,2.0805761773,184.9999999999,0,BOONE,BOONE
BOONE - 000027,50,0.5308836033,98.2134666113,184.9999999999,0,BOONE,BOONE
BOONE - 000028,44,0.2029589972,52.9722982773,261.0000000004,0,BOONE,BOONE
BOONE - 000028,45,0.1225963744,31.9976537191,261.0000000004,0,BOONE,BOONE
BOONE - 000028,50,0.6744446284,176.0300480040,261.0000000004,0,BOONE,BOONE
BOONE - 000029,44,1.0000000000,87.0000000001,87.0000000001,0,BOONE,BOONE
BOONE - 000030,44,1.0000000000,144.0000000000,144.0000000000,0,BOONE,BOONE
BOONE - 000031,44,1.0000000000,105.9999999999,105.9999999999,0,BOONE,BOONE
BOONE - 000032,44,1.0000000000,48.0000000000,48.0000000000,0,BOONE,BOONE
BOONE - 000033,44,0.8107532200,39.7269077791,49.0000000000,0,BOONE,BOONE
BOONE - 000033,46,0.1892467800,9.2730922209,49.0000000000,0,BOONE,BOONE
BOONE - 000034,44,0.0244113943,4.1255256299,168.9999999999,0,BOONE,BOONE
BOONE - 000034,45,0.2914831329,49.2606494629,168.9999999999,0,BOONE,BOONE
BOONE - 000034,46,0.2899405606,48.9999547475,168.9999999999,0,BOONE,BOONE
BOONE - 000034,50,0.3941649122,66.6138701596,168.9999999999,0,BOONE,BOONE
BOONE - 000035,44,1.0000000000,23.0000000000,23.0000000000,0,BOONE,BOONE
BOONE - 000036,47,0.2507158328,38.6102382470,154.0000000001,0,BOONE,BOONE
BOONE - 000036,50,0.7492841672,115.3897617531,154.0000000001,0,BOONE,BOONE
BOONE - 000037,47,1.0000000000,75.0000000000,75.0000000000,0,BOONE,BOONE
BOONE - 000038,47,1.0000000000,82.0000000001,82.0000000001,0,BOONE,BOONE
BOONE - 000039,44,0.6483513686,58.9999745451,90.9999999999,0,BOONE,BOONE
BOONE - 000039,47,0.3516486314,32.0000254548,90.9999999999,0,BOONE,BOONE
BOONE - 000040,44,0.3714337430,77.6296522930,208.9999999999,0,BOONE,BOONE
BOONE - 000040,46,0.6285662570,131.3703477069,208.9999999999,0,BOONE,BOONE
BOONE - 000041,44,0.1322340787,29.3559654765,221.9999999996,0,BOONE,BOONE
BOONE - 000041,46,0.8677659213,192.6440345231,221.9999999996,0,BOONE,BOONE
BOONE - 000042,44,1.0000000000,27.0000000000,27.0000000000,0,BOONE,BOONE
BUCHANAN - 000001,10,1.0000000000,141.0000000000,141.0000000000,0,BUCHANAN,BUCHANAN
BUCHANAN - 000002,10,1.0000000000,231.0000000000,231.0000000000,0,BUCHANAN,BUCHANAN
BUCHANAN - 000003,10,1.0000000000,22.0000000000,22.0000000000,0,BUCHANAN,BUCHANAN
BUCHANAN - 000004,10,1.0000000000,127.0000000000,127.0000000000,0,BUCHANAN,BUCHANAN
BUCHANAN - 000005,10,1.0000000000,140.0000000000,140.0000000000,0,BUCHANAN,BUCHANAN
BUCHANAN - 000006,10,1.0000000000,280.0000000001,280.0000000001,0,BUCHANAN,BUCHANAN
BUCHANAN - 000007,10,1.0000000000,96.0000000000,96.0000000000,0,BUCHANAN,BUCHANAN
BUCHANAN - 000008,10,0.7569444444,109.0000000000,144.0000000000,0,BUCHANAN,BUCHANAN
BUCHANAN - 000008,11,0.2430555556,35.0000000000,144.0000000000,0,BUCHANAN,BUCHANAN
BUCHANAN - 000009,10,1.0000000000,272.0000000000,272.0000000000,0,BUCHANAN,BUCHANAN
BUCHANAN - 000010,10,1.0000000000,152.0000000000,152.0000000000,0,BUCHANAN,BUCHANAN
BUCHANAN - 000011,10,1.0000000000,243.0000000000,243.0000000000,0,BUCHANAN,BUCHANAN
BUCHANAN - 000012,10,0.2314049587,56.0000000000,242.0000000000,0,BUCHANAN,BUCHANAN
BUCHANAN - 000012,11,0.7685950413,186.0000000000,242.0000000000,0,BUCHANAN,BUCHANAN
BUCHANAN - 000013,11,1.0000000000,44.0000000000,44.0000000000,0,BUCHANAN,BUCHANAN
BUCHANAN - 000014,11,1.0000000000,100.0000000000,100.0000000000,0,BUCHANAN,BUCHANAN
BUCHANAN - 000015,10,0.0393939394,13.0000000000,330.0000000000,0,BUCHANAN,BUCHANAN
BUCHANAN - 000015,11,0.9606060606,317.0000000000,330.0000000000,0,BUCHANAN,BUCHANAN
BUCHANAN - 000016,11,0.9945151346,156.1388761386,157.0000000000,0,BUCHANAN,BUCHANAN
BUCHANAN - 000016,13,0.0054848654,0.8611238614,157.0000000000,0,BUCHANAN,BUCHANAN
BUCHANAN - 000017,11,1.0000000000,198.0000000000,198.0000000000,0,BUCHANAN,BUCHANAN
BUCHANAN - 000018,11,1.0000000000,160.0000000000,160.0000000000,0,BUCHANAN,BUCHANAN
BUCHANAN - 000020,10,0.9193548387,57.0000000000,62.0000000000,0,BUCHANAN,BUCHANAN
BUCHANAN - 000020,11,0.0806451613,5.0000000000,62.0000000000,0,BUCHANAN,BUCHANAN
BUCHANAN - 000021,10,0.9767441860,126.0000000000,129.0000000000,0,BUCHANAN,BUCHANAN
BUCHANAN - 000021,11,0.0232558140,3.0000000000,129.0000000000,0,BUCHANAN,BUCHANAN
BUCHANAN - 000022,10,0.2000000000,24.0000000000,120.0000000001,0,BUCHANAN,BUCHANAN
BUCHANAN - 000022,11,0.7916666667,95.0000000001,120.0000000001,0,BUCHANAN,BUCHANAN
BUCHANAN - 000022,13,0.0083333333,1.0000000000,120.0000000001,0,BUCHANAN,BUCHANAN
BUCHANAN - 000023,11,0.9921875000,127.0000000000,128.0000000000,0,BUCHANAN,BUCHANAN
BUCHANAN - 000023,13,0.0078125000,1.0000000000,128.0000000000,0,BUCHANAN,BUCHANAN
BUCHANAN - 000024,11,0.9893570533,93.9889200617,95.0000000000,0,BUCHANAN,BUCHANAN
BUCHANAN - 000024,13,0.0106429467,1.0110799383,95.0000000000,0,BUCHANAN,BUCHANAN
BUCHANAN - 000025,11,1.0000000000,145.0000000000,145.0000000000,0,BUCHANAN,BUCHANAN
BUCHANAN - 000026,11,0.9979145955,95.7998011653,96.0000000000,0,BUCHANAN,BUCHANAN
BUCHANAN - 000026,13,0.0020854045,0.2001988347,96.0000000000,0,BUCHANAN,BUCHANAN
BUCHANAN - 000027,11,0.0003316104,0.0407880738,123.0000000000,0,BUCHANAN,BUCHANAN
BUCHANAN - 000027,13,0.9996683896,122.9592119262,123.0000000000,0,BUCHANAN,BUCHANAN
BUCHANAN - 000028,11,0.0020082156,0.2550433848,127.0000000000,0,BUCHANAN,BUCHANAN
BUCHANAN - 000028,13,0.9979917844,126.7449566152,127.0000000000,0,BUCHANAN,BUCHANAN
BUCHANAN - 000029,11,0.9153632319,104.3514084343,114.0000000000,0,BUCHANAN,BUCHANAN
BUCHANAN - 000029,13,0.0846367681,9.6485915657,114.0000000000,0,BUCHANAN,BUCHANAN
BUCHANAN - 000030,11,0.0073693548,1.7612758044,239.0000000001,0,BUCHANAN,BUCHANAN
BUCHANAN - 000030,13,0.9926306452,237.2387241957,239.0000000001,0,BUCHANAN,BUCHANAN
BUCHANAN - 000031,8,0.0000115672,0.0024059783,207.9999999998,0,BUCHANAN,BUCHANAN
BUCHANAN - 000031,13,0.9999884328,207.9975940215,207.9999999998,0,BUCHANAN,BUCHANAN
BUCHANAN - 000032,13,1.0000000000,79.9999999999,79.9999999999,0,BUCHANAN,BUCHANAN
BUCHANAN - 000033,11,0.0076045627,2.0000000000,263.0000000001,0,BUCHANAN,BUCHANAN
BUCHANAN - 000033,13,0.9923954373,261.0000000001,263.0000000001,0,BUCHANAN,BUCHANAN
BUCHANAN - 000034,10,0.0082987552,2.0000000000,240.9999999999,0,BUCHANAN,BUCHANAN
BUCHANAN - 000034,11,0.0861507941,20.7623413709,240.9999999999,0,BUCHANAN,BUCHANAN
BUCHANAN - 000034,13,0.9055504507,218.2376586290,240.9999999999,0,BUCHANAN,BUCHANAN
BUCHANAN - 000035,11,0.0160754313,1.3342608001,83.0000000000,0,BUCHANAN,BUCHANAN
BUCHANAN - 000035,13,0.9839245687,81.6657391999,83.0000000000,0,BUCHANAN,BUCHANAN
BUTLER - 000002,152,1.0000000000,243.0000000000,243.0000000000,0,BUTLER,BUTLER
BUTLER - 000003,150,0.0318471338,5.0000000000,157.0000000000,0,BUTLER,BUTLER
BUTLER - 000003,152,0.9681528662,152.0000000000,157.0000000000,0,BUTLER,BUTLER
BUTLER - 000004,150,1.0000000000,110.0000000000,110.0000000000,0,BUTLER,BUTLER
BUTLER - 000005,150,1.0000000000,124.0000000000,124.0000000000,0,BUTLER,BUTLER
BUTLER - 000006,152,1.0000000000,208.9999999999,208.9999999999,0,BUTLER,BUTLER
BUTLER - 000007,152,1.0000000000,194.0000000001,194.0000000001,0,BUTLER,BUTLER
BUTLER - 000008,150,1.0000000000,255.0000000000,255.0000000000,0,BUTLER,BUTLER
BUTLER - 000009,150,0.0062111801,1.0000000000,161.0000000000,0,BUTLER,BUTLER
BUTLER - 000009,152,0.9937888199,160.0000000000,161.0000000000,0,BUTLER,BUTLER
BUTLER - 000010,152,1.0000000000,244.0000000000,244.0000000000,0,BUTLER,BUTLER
BUTLER - 000011,152,1.0000000000,112.0000000000,112.0000000000,0,BUTLER,BUTLER
BUTLER - 000012,150,1.0000000000,221.0000000000,221.0000000000,0,BUTLER,BUTLER
BUTLER - 000013,152,1.0000000000,63.0000000000,63.0000000000,0,BUTLER,BUTLER
BUTLER - 000014,152,1.0000000000,259.0000000000,259.0000000000,0,BUTLER,BUTLER
BUTLER - 000015,150,1.0000000000,103.0000000000,103.0000000000,0,BUTLER,BUTLER
BUTLER - 000016,152,1.0000000000,221.0000000000,221.0000000000,0,BUTLER,BUTLER
BUTLER - 000017,152,1.0000000000,259.0000000001,259.0000000001,0,BUTLER,BUTLER
BUTLER - 000018,152,1.0000000000,248.0000000000,248.0000000000,0,BUTLER,BUTLER
BUTLER - 000019,152,1.0000000000,160.0000000000,160.0000000000,0,BUTLER,BUTLER
BUTLER - 000020,152,1.0000000000,161.0000000000,161.0000000000,0,BUTLER,BUTLER
BUTLER - 000021,152,1.0000000000,272.0000000000,272.0000000000,0,BUTLER,BUTLER
BUTLER - 000022,152,1.0000000000,85.0000000000,85.0000000000,0,BUTLER,BUTLER
BUTLER - 000023,150,0.2727272727,75.0000000000,274.9999999999,0,BUTLER,BUTLER
BUTLER - 000023,152,0.7272727273,199.9999999999,274.9999999999,0,BUTLER,BUTLER
BUTLER - 000024,150,0.3400000000,51.0000000000,149.9999999999,0,BUTLER,BUTLER
BUTLER - 000024,152,0.6600000000,98.9999999999,149.9999999999,0,BUTLER,BUTLER
BUTLER - 000025,152,1.0000000000,108.0000000000,108.0000000000,0,BUTLER,BUTLER
BUTLER - 000026,152,1.0000000000,158.0000000001,158.0000000001,0,BUTLER,BUTLER
CALDWELL - 000277,2,1.0000000000,165.9999999998,165.9999999998,0,CALDWELL,CALDWELL
CALDWELL - 000280,2,1.0000000000,346.0000000000,346.0000000000,0,CALDWELL,CALDWELL
CALDWELL - 000281,2,1.0000000000,180.0000000000,180.0000000000,0,CALDWELL,CALDWELL
CALDWELL - 000284,2,1.0000000000,57.0000000000,57.0000000000,0,CALDWELL,CALDWELL
CALDWELL - 000353,2,1.0000000000,169.0000000000,169.0000000000,0,CALDWELL,CALDWELL
CALDWELL - 000356,2,1.0000000000,107.9999999999,107.9999999999,0,CALDWELL,CALDWELL
CALDWELL - 000357,2,1.0000000000,269.0000000000,269.0000000000,0,CALDWELL,CALDWELL
CALDWELL - 000358,2,1.0000000000,166.0000000003,166.0000000003,0,CALDWELL,CALDWELL
CALDWELL - 000389,2,1.0000000000,133.0000000000,133.0000000000,0,CALDWELL,CALDWELL
CALDWELL - 000390,2,1.0000000000,202.0000000000,202.0000000000,0,CALDWELL,CALDWELL
CALLAWAY - 000826,43,0.6842105263,52.0000000000,76.0000000000,0,CALLAWAY,CALLAWAY
CALLAWAY - 000826,49,0.3157894737,24.0000000000,76.0000000000,0,CALLAWAY,CALLAWAY
CALLAWAY - 000828,43,1.0000000000,69.0000000000,69.0000000000,0,CALLAWAY,CALLAWAY
CALLAWAY - 000839,43,1.0000000000,233.9999999998,233.9999999998,0,CALLAWAY,CALLAWAY
CALLAWAY - 000842,43,1.0000000000,82.0000000001,82.0000000001,0,CALLAWAY,CALLAWAY
CALLAWAY - 000998,43,0.9857819905,208.0000000000,211.0000000000,0,CALLAWAY,CALLAWAY
CALLAWAY - 000998,49,0.0142180095,3.0000000000,211.0000000000,0,CALLAWAY,CALLAWAY
CALLAWAY - 001069,43,0.2352941176,24.0000000000,102.0000000000,0,CALLAWAY,CALLAWAY
CALLAWAY - 001069,49,0.7647058824,78.0000000000,102.0000000000,0,CALLAWAY,CALLAWAY
CALLAWAY - 001081,43,0.3231448622,51.3800330943,159.0000000000,0,CALLAWAY,CALLAWAY
CALLAWAY - 001081,49,0.6768551378,107.6199669057,159.0000000000,0,CALLAWAY,CALLAWAY
CALLAWAY - 001083,43,0.3457446809,65.0000000001,188.0000000000,0,CALLAWAY,CALLAWAY
CALLAWAY - 001083,49,0.6542553191,122.9999999999,188.0000000000,0,CALLAWAY,CALLAWAY
CALLAWAY - 001189,43,0.0625000000,6.0000000000,96.0000000000,0,CALLAWAY,CALLAWAY
CALLAWAY - 001189,49,0.9375000000,90.0000000000,96.0000000000,0,CALLAWAY,CALLAWAY
CALLAWAY - 001190,43,0.0613810742,24.0000000002,391.0000000003,0,CALLAWAY,CALLAWAY
CALLAWAY - 001190,49,0.9386189258,367.0000000001,391.0000000003,0,CALLAWAY,CALLAWAY
CALLAWAY - 001271,49,1.0000000000,79.9999999999,79.9999999999,0,CALLAWAY,CALLAWAY
CALLAWAY - 001272,49,1.0000000000,60.0000000000,60.0000000000,0,CALLAWAY,CALLAWAY
CALLAWAY - 001292,49,1.0000000000,118.0000000000,118.0000000000,0,CALLAWAY,CALLAWAY
CALLAWAY - 001297,49,1.0000000000,64.0000000000,64.0000000000,0,CALLAWAY,CALLAWAY
CALLAWAY - 001306,49,1.0000000000,138.0000000000,138.0000000000,0,CALLAWAY,CALLAWAY
CALLAWAY - 001350,49,1.0000000000,124.9999999999,124.9999999999,0,CALLAWAY,CALLAWAY
CALLAWAY - 001351,49,1.0000000000,102.9999999999,102.9999999999,0,CALLAWAY,CALLAWAY
CALLAWAY - 001438,49,1.0000000000,47.0000000000,47.0000000000,0,CALLAWAY,CALLAWAY
CALLAWAY - 001479,49,1.0000000000,87.0000000000,87.0000000000,0,CALLAWAY,CALLAWAY
CALLAWAY - 001543,49,1.0000000000,61.0000000000,61.0000000000,0,CALLAWAY,CALLAWAY
CALLAWAY - 001584,49,1.0000000000,221.0000000000,221.0000000000,0,CALLAWAY,CALLAWAY
CALLAWAY - 001595,49,1.0000000000,88.0000000000,88.0000000000,0,CALLAWAY,CALLAWAY
CALLAWAY - 001763,49,1.0000000000,156.0000000000,156.0000000000,0,CALLAWAY,CALLAWAY
CALLAWAY - 001843,49,1.0000000000,279.0000000001,279.0000000001,0,CALLAWAY,CALLAWAY
CALLAWAY - 001989,49,1.0000000000,34.0000000001,34.0000000001,0,CALLAWAY,CALLAWAY
CALLAWAY - 001991,49,1.0000000000,54.0000000000,54.0000000000,0,CALLAWAY,CALLAWAY
CAMDEN - 000002,123,1.0000000000,173.0000000000,173.0000000000,0,CAMDEN,CAMDEN
CAMDEN - 000003,123,0.9417475728,194.0000000000,206.0000000000,0,CAMDEN,CAMDEN
CAMDEN - 000003,142,0.0582524272,12.0000000000,206.0000000000,0,CAMDEN,CAMDEN
CAMDEN - 000004,123,1.0000000000,203.0000000000,203.0000000000,0,CAMDEN,CAMDEN
CAMDEN - 000005,123,1.0000000000,143.0000000000,143.0000000000,0,CAMDEN,CAMDEN
CAMDEN - 000006,123,1.0000000000,201.0000000000,201.0000000000,0,CAMDEN,CAMDEN
CAMDEN - 000007,123,1.0000000000,58.0000000001,58.0000000001,0,CAMDEN,CAMDEN
CAMDEN - 000008,123,1.0000000000,92.0000000000,92.0000000000,0,CAMDEN,CAMDEN
CAMDEN - 000009,123,1.0000000000,188.0000000000,188.0000000000,0,CAMDEN,CAMDEN
CAMDEN - 000010,142,1.0000000000,77.0000000000,77.0000000000,0,CAMDEN,CAMDEN
CAMDEN - 000011,123,1.0000000000,72.0000000000,72.0000000000,0,CAMDEN,CAMDEN
CAMDEN - 000012,123,1.0000000000,267.0000000000,267.0000000000,0,CAMDEN,CAMDEN
CAMDEN - 000013,123,1.0000000000,124.0000000000,124.0000000000,0,CAMDEN,CAMDEN
CAMDEN - 000014,142,1.0000000000,264.0000000000,264.0000000000,0,CAMDEN,CAMDEN
CAMDEN - 000015,123,1.0000000000,68.0000000002,68.0000000002,0,CAMDEN,CAMDEN
CAMDEN - 000016,123,1.0000000000,87.0000000000,87.0000000000,0,CAMDEN,CAMDEN
CAMDEN - 000017,123,1.0000000000,187.0000000002,187.0000000002,0,CAMDEN,CAMDEN
CAMDEN - 000018,123,1.0000000000,259.0000000001,259.0000000001,0,CAMDEN,CAMDEN
CAMDEN - 000019,123,0.5961538462,93.0000000000,156.0000000000,0,CAMDEN,CAMDEN
CAMDEN - 000019,142,0.4038461538,63.0000000000,156.0000000000,0,CAMDEN,CAMDEN
CAMDEN - 000020,123,1.0000000000,85.0000000000,85.0000000000,0,CAMDEN,CAMDEN
CAMDEN - 000021,142,1.0000000000,41.0000000000,41.0000000000,0,CAMDEN,CAMDEN
CAMDEN - 000022,123,1.0000000000,257.0000000000,257.0000000000,0,CAMDEN,CAMDEN
CAMDEN - 000023,123,1.0000000000,129.9999999999,129.9999999999,0,CAMDEN,CAMDEN
CAMDEN - 000024,123,1.0000000000,264.0000000000,264.0000000000,0,CAMDEN,CAMDEN
CAMDEN - 000025,123,1.0000000000,46.0000000000,46.0000000000,0,CAMDEN,CAMDEN
CAPE GIRARDEAU - 000002,146,1.0000000000,47.0000000001,47.0000000001,0,CAPE GIRARDEAU,CAPE GIRARDEAU
CAPE GIRARDEAU - 000003,146,1.0000000000,97.0000000001,97.0000000001,0,CAPE GIRARDEAU,CAPE GIRARDEAU
CAPE GIRARDEAU - 000004,146,1.0000000000,82.0000000000,82.0000000000,0,CAPE GIRARDEAU,CAPE GIRARDEAU
CAPE GIRARDEAU - 000005,146,1.0000000000,209.0000000001,209.0000000001,0,CAPE GIRARDEAU,CAPE GIRARDEAU
CAPE GIRARDEAU - 000006,146,1.0000000000,93.0000000000,93.0000000000,0,CAPE GIRARDEAU,CAPE GIRARDEAU
CAPE GIRARDEAU - 000007,146,1.0000000000,83.0000000000,83.0000000000,0,CAPE GIRARDEAU,CAPE GIRARDEAU
CAPE GIRARDEAU - 000008,146,1.0000000000,98.0000000000,98.0000000000,0,CAPE GIRARDEAU,CAPE GIRARDEAU
CAPE GIRARDEAU - 000009,146,1.0000000000,154.0000000000,154.0000000000,0,CAPE GIRARDEAU,CAPE GIRARDEAU
CAPE GIRARDEAU - 000010,146,0.9999382520,134.9916640251,135.0000000000,0,CAPE GIRARDEAU,CAPE GIRARDEAU
CAPE GIRARDEAU - 000010,148,0.0000617480,0.0083359749,135.0000000000,0,CAPE GIRARDEAU,CAPE GIRARDEAU
CAPE GIRARDEAU - 000011,147,1.0000000000,64.0000000000,64.0000000000,0,CAPE GIRARDEAU,CAPE GIRARDEAU
CAPE GIRARDEAU - 000012,147,1.0000000000,77.0000000000,77.0000000000,0,CAPE GIRARDEAU,CAPE GIRARDEAU
CAPE GIRARDEAU - 000013,147,1.0000000000,43.0000000000,43.0000000000,0,CAPE GIRARDEAU,CAPE GIRARDEAU
CAPE GIRARDEAU - 000014,147,1.0000000000,38.0000000000,38.0000000000,0,CAPE GIRARDEAU,CAPE GIRARDEAU
CAPE GIRARDEAU - 000015,147,1.0000000000,44.0000000000,44.0000000000,0,CAPE GIRARDEAU,CAPE GIRARDEAU
CAPE GIRARDEAU - 000016,146,0.0361445783,3.0000000000,83.0000000000,0,CAPE GIRARDEAU,CAPE GIRARDEAU
CAPE GIRARDEAU - 000016,147,0.9638554217,80.0000000000,83.0000000000,0,CAPE GIRARDEAU,CAPE GIRARDEAU
CAPE GIRARDEAU - 000017,146,0.2517006803,74.0000000000,294.0000000000,0,CAPE GIRARDEAU,CAPE GIRARDEAU
CAPE GIRARDEAU - 000017,147,0.7482993197,220.0000000000,294.0000000000,0,CAPE GIRARDEAU,CAPE GIRARDEAU
CAPE GIRARDEAU - 000018,146,0.2415601691,52.1769965278,216.0000000000,0,CAPE GIRARDEAU,CAPE GIRARDEAU
CAPE GIRARDEAU - 000018,147,0.7584398309,163.8230034722,216.0000000000,0,CAPE GIRARDEAU,CAPE GIRARDEAU
CAPE GIRARDEAU - 000019,147,1.0000000000,77.9999999999,77.9999999999,0,CAPE GIRARDEAU,CAPE GIRARDEAU
CAPE GIRARDEAU - 000020,147,1.0000000000,85.0000000000,85.0000000000,0,CAPE GIRARDEAU,CAPE GIRARDEAU
CAPE GIRARDEAU - 000021,147,1.0000000000,111.0000000000,111.0000000000,0,CAPE GIRARDEAU,CAPE GIRARDEAU
CAPE GIRARDEAU - 000022,147,1.0000000000,103.0000000000,103.0000000000,0,CAPE GIRARDEAU,CAPE GIRARDEAU
CAPE GIRARDEAU - 000023,147,1.0000000000,108.0000000000,108.0000000000,0,CAPE GIRARDEAU,CAPE GIRARDEAU
CAPE GIRARDEAU - 000024,147,1.0000000000,73.0000000000,73.0000000000,0,CAPE GIRARDEAU,CAPE GIRARDEAU
CAPE GIRARDEAU - 000025,151,1.0000000000,14.0000000000,14.0000000000,0,CAPE GIRARDEAU,CAPE GIRARDEAU
CAPE GIRARDEAU - 000026,151,1.0000000000,22.0000000000,22.0000000000,0,CAPE GIRARDEAU,CAPE GIRARDEAU
CAPE GIRARDEAU - 000027,148,0.0083618725,1.0034247015,120.0000000000,0,CAPE GIRARDEAU,CAPE GIRARDEAU
CAPE GIRARDEAU - 000027,151,0.9916381275,118.9965752985,120.0000000000,0,CAPE GIRARDEAU,CAPE GIRARDEAU
CAPE GIRARDEAU - 000028,146,1.0000000000,78.0000000000,78.0000000000,0,CAPE GIRARDEAU,CAPE GIRARDEAU
CAPE GIRARDEAU - 000029,146,1.0000000000,167.0000000000,167.0000000000,0,CAPE GIRARDEAU,CAPE GIRARDEAU
CAPE GIRARDEAU - 000030,146,0.3705470314,60.7697131454,164.0000000001,0,CAPE GIRARDEAU,CAPE GIRARDEAU
CAPE GIRARDEAU - 000030,151,0.6294529686,103.2302868547,164.0000000001,0,CAPE GIRARDEAU,CAPE GIRARDEAU
CAPE GIRARDEAU - 000031,146,0.6286181026,94.9213334890,151.0000000001,0,CAPE GIRARDEAU,CAPE GIRARDEAU
CAPE GIRARDEAU - 000031,147,0.3713818974,56.0786665111,151.0000000001,0,CAPE GIRARDEAU,CAPE GIRARDEAU
CAPE GIRARDEAU - 000032,146,1.0000000000,101.0000000000,101.0000000000,0,CAPE GIRARDEAU,CAPE GIRARDEAU
CAPE GIRARDEAU - 000033,146,1.0000000000,108.0000000000,108.0000000000,0,CAPE GIRARDEAU,CAPE GIRARDEAU
CAPE GIRARDEAU - 000034,146,0.9914529915,116.0000000000,117.0000000000,0,CAPE GIRARDEAU,CAPE GIRARDEAU
CAPE GIRARDEAU - 000034,147,0.0085470085,1.0000000000,117.0000000000,0,CAPE GIRARDEAU,CAPE GIRARDEAU
CAPE GIRARDEAU - 000035,146,1.0000000000,89.0000000000,89.0000000000,0,CAPE GIRARDEAU,CAPE GIRARDEAU
CAPE GIRARDEAU - 000036,146,1.0000000000,164.0000000000,164.0000000000,0,CAPE GIRARDEAU,CAPE GIRARDEAU
CAPE GIRARDEAU - 000037,146,1.0000000000,65.0000000000,65.0000000000,0,CAPE GIRARDEAU,CAPE GIRARDEAU
CAPE GIRARDEAU - 000038,146,1.0000000000,11.0000000000,11.0000000000,0,CAPE GIRARDEAU,CAPE GIRARDEAU
CAPE GIRARDEAU - 000039,146,0.0088495575,1.0000000000,113.0000000000,0,CAPE GIRARDEAU,CAPE GIRARDEAU
CAPE GIRARDEAU - 000039,151,0.9911504425,112.0000000000,113.0000000000,0,CAPE GIRARDEAU,CAPE GIRARDEAU
CARROLL - 000002,7,1.0000000000,123.0000000000,123.0000000000,0,CARROLL,CARROLL
CARROLL - 000003,7,1.0000000000,126.0000000000,126.0000000000,0,CARROLL,CARROLL
CARROLL - 000004,7,1.0000000000,59.0000000000,59.0000000000,0,CARROLL,CARROLL
CARROLL - 000005,7,1.0000000000,49.0000000000,49.0000000000,0,CARROLL,CARROLL
CARROLL - 000006,7,1.0000000000,156.0000000000,156.0000000000,0,CARROLL,CARROLL
CARROLL - 000007,7,1.0000000000,163.0000000000,163.0000000000,0,CARROLL,CARROLL
CARROLL - 000008,7,1.0000000000,167.0000000000,167.0000000000,0,CARROLL,CARROLL
CARROLL - 000009,7,1.0000000000,158.0000000000,158.0000000000,0,CARROLL,CARROLL
CARROLL - 000010,7,1.0000000000,184.0000000000,184.0000000000,0,CARROLL,CARROLL
CARROLL - 000011,7,1.0000000000,141.0000000000,141.0000000000,0,CARROLL,CARROLL
CARROLL - 000012,7,1.0000000000,145.0000000000,145.0000000000,0,CARROLL,CARROLL
CARROLL - 000013,7,1.0000000000,138.0000000000,138.0000000000,0,CARROLL,CARROLL
CARROLL - 000014,7,1.0000000000,270.0000000000,270.0000000000,0,CARROLL,CARROLL
CARROLL - 000015,7,1.0000000000,43.0000000000,43.0000000000,0,CARROLL,CARROLL
CARTER - 003611,153,1.0000000000,297.9999999999,297.9999999999,0,CARTER,CARTER
CARTER - 003628,153,1.0000000000,114.0000000000,114.0000000000,0,CARTER,CARTER
CARTER - 003668,153,1.0000000000,116.0000000000,116.0000000000,0,CARTER,CARTER
CARTER - 003694,153,1.0000000000,43.0000000000,43.0000000000,0,CARTER,CARTER
CARTER - 003731,153,1.0000000000,138.0000000000,138.0000000000,0,CARTER,CARTER
CARTER - 003756,153,1.0000000000,48.0000000000,48.0000000000,0,CARTER,CARTER
CARTER - 003789,153,1.0000000000,76.0000000000,76.0000000000,0,CARTER,CARTER
CASS - 000002,62,1.0000000000,105.0000000000,105.0000000000,0,CASS,CASS
CASS - 000003,55,0.2522838782,61.0526985332,242.0000000000,0,CASS,CASS
CASS - 000003,62,0.7477161218,180.9473014668,242.0000000000,0,CASS,CASS
CASS - 000004,55,1.0000000000,38.0000000000,38.0000000000,0,CASS,CASS
CASS - 000005,55,1.0000000000,114.0000000000,114.0000000000,0,CASS,CASS
CASS - 000006,55,0.9945652174,183.0000000000,184.0000000000,0,CASS,CASS
CASS - 000006,62,0.0054347826,1.0000000000,184.0000000000,0,CASS,CASS
CASS - 000007,55,0.9375000000,60.0000000000,64.0000000000,0,CASS,CASS
CASS - 000007,62,0.0625000000,4.0000000000,64.0000000000,0,CASS,CASS
CASS - 000008,62,1.0000000000,60.0000000000,60.0000000000,0,CASS,CASS
CASS - 000009,55,0.9210526316,105.0000000000,114.0000000000,0,CASS,CASS
CASS - 000009,62,0.0789473684,9.0000000000,114.0000000000,0,CASS,CASS
CASS - 000010,55,0.1750000000,7.0000000000,40.0000000000,0,CASS,CASS
CASS - 000010,62,0.8250000000,33.0000000000,40.0000000000,0,CASS,CASS
CASS - 000011,55,0.9661016949,57.0000000000,59.0000000000,0,CASS,CASS
CASS - 000011,62,0.0338983051,2.0000000000,59.0000000000,0,CASS,CASS
CASS - 000012,55,1.0000000000,158.9999999999,158.9999999999,0,CASS,CASS
CASS - 000013,62,1.0000000000,77.0000000000,77.0000000000,0,CASS,CASS
CASS - 000014,55,1.0000000000,50.0000000000,50.0000000000,0,CASS,CASS
CASS - 000015,55,1.0000000000,56.9999999999,56.9999999999,0,CASS,CASS
CASS - 000016,55,1.0000000000,104.0000000000,104.0000000000,0,CASS,CASS
CASS - 000017,55,1.0000000000,101.0000000000,101.0000000000,0,CASS,CASS
CASS - 000018,55,0.9838709677,122.0000000001,124.0000000001,0,CASS,CASS
CASS - 000018,62,0.0161290323,2.0000000000,124.0000000001,0,CASS,CASS
CASS - 000019,55,0.1813302448,23.2102713362,128.0000000000,0,CASS,CASS
CASS - 000019,62,0.8186697552,104.7897286638,128.0000000000,0,CASS,CASS
CASS - 000020,62,1.0000000000,120.0000000000,120.0000000000,0,CASS,CASS
CASS - 000021,62,1.0000000000,89.0000000000,89.0000000000,0,CASS,CASS
CASS - 000022,55,1.0000000000,82.0000000001,82.0000000001,0,CASS,CASS
CASS - 000023,55,1.0000000000,118.9999999999,118.9999999999,0,CASS,CASS
CASS - 000024,62,1.0000000000,98.0000000000,98.0000000000,0,CASS,CASS
CASS - 000025,55,0.9010076409,72.9816189143,80.9999999999,0,CASS,CASS
CASS - 000025,56,0.0989244081,8.0128770539,80.9999999999,0,CASS,CASS
CASS - 000025,62,0.0000679510,0.0055040317,80.9999999999,0,CASS,CASS
CASS - 000026,56,1.0000000000,35.9999999999,35.9999999999,0,CASS,CASS
CASS - 000027,55,0.0001545746,0.0066467057,42.9999999999,0,CASS,CASS
CASS - 000027,56,0.5813953488,25.0000000000,42.9999999999,0,CASS,CASS
CASS - 000027,62,0.4184500766,17.9933532942,42.9999999999,0,CASS,CASS
CASS - 000028,55,0.0002686290,0.0091333860,34.0000000000,0,CASS,CASS
CASS - 000028,56,0.6470588235,22.0000000000,34.0000000000,0,CASS,CASS
CASS - 000028,62,0.3526725475,11.9908666140,34.0000000000,0,CASS,CASS
CASS - 000029,55,0.2461538462,16.0000000000,65.0000000003,0,CASS,CASS
CASS - 000029,56,0.7538461538,49.0000000003,65.0000000003,0,CASS,CASS
CASS - 000030,55,0.9902595377,73.2792057873,74.0000000000,0,CASS,CASS
CASS - 000030,56,0.0097404623,0.7207942127,74.0000000000,0,CASS,CASS
CASS - 000031,56,1.0000000000,27.0000000000,27.0000000000,0,CASS,CASS
CASS - 000032,56,0.0228092083,1.3685524998,59.9999999998,0,CASS,CASS
CASS - 000032,62,0.9771907917,58.6314475000,59.9999999998,0,CASS,CASS
CASS - 000033,62,1.0000000000,60.9999999999,60.9999999999,0,CASS,CASS
CASS - 000034,56,1.0000000000,65.0000000000,65.0000000000,0,CASS,CASS
CASS - 000035,56,1.0000000000,54.0000000000,54.0000000000,0,CASS,CASS
CASS - 000036,62,1.0000000000,61.0000000000,61.0000000000,0,CASS,CASS
CASS - 000037,56,0.9555555556,43.0000000000,45.0000000000,0,CASS,CASS
CASS - 000037,62,0.0444444444,2.0000000000,45.0000000000,0,CASS,CASS
CASS - 000038,56,1.0000000000,62.0000000000,62.0000000000,0,CASS,CASS
CASS - 000039,56,0.9995927089,92.9621219311,93.0000000000,0,CASS,CASS
CASS - 000039,62,0.0004072911,0.0378780689,93.0000000000,0,CASS,CASS
CASS - 000040,56,0.9903448276,28.7200000000,29.0000000000,0,CASS,CASS
CASS - 000040,62,0.0096551724,0.2800000000,29.0000000000,0,CASS,CASS
CASS - 000041,56,1.0000000000,83.0000000000,83.0000000000,0,CASS,CASS
CASS - 000042,56,1.0000000000,88.0000000000,88.0000000000,0,CASS,CASS
CASS - 000043,56,0.0786020823,3.1440832924,39.9999999999,0,CASS,CASS
CASS - 000043,62,0.9213979177,36.8559167075,39.9999999999,0,CASS,CASS
CASS - 000044,55,0.0483870968,3.0000000000,62.0000000001,0,CASS,CASS
CASS - 000044,56,0.6359937323,39.4316114037,62.0000000001,0,CASS,CASS
CASS - 000044,62,0.3156191709,19.5683885964,62.0000000001,0,CASS,CASS
CASS - 000045,62,1.0000000000,139.0000000000,139.0000000000,0,CASS,CASS
CASS - 000046,62,1.0000000000,54.0000000000,54.0000000000,0,CASS,CASS
CASS - 000047,62,1.0000000000,114.0000000000,114.0000000000,0,CASS,CASS
CASS - 000048,62,1.0000000000,92.0000000000,92.0000000000,0,CASS,CASS
CASS - 000049,62,1.0000000000,120.0000000000,120.0000000000,0,CASS,CASS
CEDAR - 003052,125,1.0000000000,193.9999999998,193.9999999998,0,CEDAR,CEDAR
CEDAR - 003054,125,1.0000000000,213.9999999998,213.9999999998,0,CEDAR,CEDAR
CEDAR - 003057,125,1.0000000000,117.9999999998,117.9999999998,0,CEDAR,CEDAR
CEDAR - 003092,125,1.0000000000,178.9999999999,178.9999999999,0,CEDAR,CEDAR
CEDAR - 003129,125,0.8120300752,108.0000000001,133.0000000001,0,CEDAR,CEDAR
CEDAR - 003129,127,0.1879699248,25.0000000000,133.0000000001,0,CEDAR,CEDAR
CEDAR - 003139,125,0.4175824176,76.0000000001,182.0000000001,0,CEDAR,CEDAR
CEDAR - 003139,127,0.5824175824,106.0000000000,182.0000000001,0,CEDAR,CEDAR
CEDAR - 003178,127,1.0000000000,397.0000000000,397.0000000000,0,CEDAR,CEDAR
CEDAR - 003191,125,0.2068965517,42.0000000000,203.0000000000,0,CEDAR,CEDAR
CEDAR - 003191,127,0.7931034483,161.0000000000,203.0000000000,0,CEDAR,CEDAR
CEDAR - 003192,127,1.0000000000,153.0000000001,153.0000000001,0,CEDAR,CEDAR
CHARITON - 000344,48,1.0000000000,94.0000000000,94.0000000000,0,CHARITON,CHARITON
CHARITON - 000346,48,1.0000000000,221.0000000000,221.0000000000,0,CHARITON,CHARITON
CHARITON - 000352,48,1.0000000000,164.0000000000,164.0000000000,0,CHARITON,CHARITON
CHARITON - 000354,48,1.0000000000,133.0000000001,133.0000000001,0,CHARITON,CHARITON
CHARITON - 000381,48,1.0000000000,205.9999999999,205.9999999999,0,CHARITON,CHARITON
CHARITON - 000386,48,1.0000000000,222.0000000000,222.0000000000,0,CHARITON,CHARITON
CHARITON - 000392,48,1.0000000000,253.9999999998,253.9999999998,0,CHARITON,CHARITON
CHARITON - 000418,48,1.0000000000,465.0000000003,465.0000000003,0,CHARITON,CHARITON
CHARITON - 000424,48,1.0000000000,466.0000000000,466.0000000000,0,CHARITON,CHARITON
CHARITON - 000431,48,1.0000000000,245.9999999999,245.9999999999,0,CHARITON,CHARITON
CHARITON - 000465,48,1.0000000000,240.0000000000,240.0000000000,0,CHARITON,CHARITON
CHARITON - 000503,48,1.0000000000,206.0000000000,206.0000000000,0,CHARITON,CHARITON
CHRISTIAN - 000002,138,0.2134831461,19.0000000000,89.0000000000,0,CHRISTIAN,CHRISTIAN
CHRISTIAN - 000002,140,0.7865168539,70.0000000000,89.0000000000,0,CHRISTIAN,CHRISTIAN
CHRISTIAN - 000003,139,0.0040816327,1.0000000000,245.0000000001,0,CHRISTIAN,CHRISTIAN
CHRISTIAN - 000003,140,0.9959183673,244.0000000001,245.0000000001,0,CHRISTIAN,CHRISTIAN
CHRISTIAN - 000004,140,1.0000000000,43.0000000000,43.0000000000,0,CHRISTIAN,CHRISTIAN
CHRISTIAN - 000005,138,1.0000000000,43.0000000000,43.0000000000,0,CHRISTIAN,CHRISTIAN
CHRISTIAN - 000006,140,1.0000000000,93.0000000000,93.0000000000,0,CHRISTIAN,CHRISTIAN
CHRISTIAN - 000007,138,0.0052356021,1.0000000000,191.0000000001,0,CHRISTIAN,CHRISTIAN
CHRISTIAN - 000007,140,0.9947643979,190.0000000001,191.0000000001,0,CHRISTIAN,CHRISTIAN
CHRISTIAN - 000008,139,1.0000000000,81.9999999999,81.9999999999,0,CHRISTIAN,CHRISTIAN
CHRISTIAN - 000009,138,1.0000000000,47.0000000000,47.0000000000,0,CHRISTIAN,CHRISTIAN
CHRISTIAN - 000010,138,1.0000000000,42.0000000000,42.0000000000,0,CHRISTIAN,CHRISTIAN
CHRISTIAN - 000011,139,1.0000000000,197.0000000001,197.0000000001,0,CHRISTIAN,CHRISTIAN
CHRISTIAN - 000012,139,1.0000000000,25.0000000000,25.0000000000,0,CHRISTIAN,CHRISTIAN
CHRISTIAN - 000013,140,1.0000000000,113.0000000000,113.0000000000,0,CHRISTIAN,CHRISTIAN
CHRISTIAN - 000014,140,1.0000000000,131.0000000000,131.0000000000,0,CHRISTIAN,CHRISTIAN
CHRISTIAN - 000015,138,1.0000000000,245.0000000002,245.0000000002,0,CHRISTIAN,CHRISTIAN
CHRISTIAN - 000016,138,0.9365079365,59.0000000000,63.0000000000,0,CHRISTIAN,CHRISTIAN
CHRISTIAN - 000016,140,0.0634920635,4.0000000000,63.0000000000,0,CHRISTIAN,CHRISTIAN
CHRISTIAN - 000017,139,0.5876209970,56.9992367126,96.9999999999,0,CHRISTIAN,CHRISTIAN
CHRISTIAN - 000017,140,0.4123790030,40.0007632873,96.9999999999,0,CHRISTIAN,CHRISTIAN
CHRISTIAN - 000018,139,1.0000000000,33.0000000000,33.0000000000,0,CHRISTIAN,CHRISTIAN
CHRISTIAN - 000019,138,0.9500000000,57.0000000000,60.0000000000,0,CHRISTIAN,CHRISTIAN
CHRISTIAN - 000019,140,0.0500000000,3.0000000000,60.0000000000,0,CHRISTIAN,CHRISTIAN
CHRISTIAN - 000020,139,1.0000000000,247.0000000000,247.0000000000,0,CHRISTIAN,CHRISTIAN
CHRISTIAN - 000021,140,1.0000000000,88.9999999999,88.9999999999,0,CHRISTIAN,CHRISTIAN
CHRISTIAN - 000022,140,1.0000000000,122.9999999999,122.9999999999,0,CHRISTIAN,CHRISTIAN
CHRISTIAN - 000023,139,1.0000000000,69.0000000000,69.0000000000,0,CHRISTIAN,CHRISTIAN
CHRISTIAN - 000024,139,1.0000000000,58.0000000000,58.0000000000,0,CHRISTIAN,CHRISTIAN
CHRISTIAN - 000025,139,1.0000000000,142.0000000000,142.0000000000,0,CHRISTIAN,CHRISTIAN
CHRISTIAN - 000026,138,1.0000000000,18.0000000000,18.0000000000,0,CHRISTIAN,CHRISTIAN
CHRISTIAN - 000027,138,1.0000000000,23.0000000000,23.0000000000,0,CHRISTIAN,CHRISTIAN
CHRISTIAN - 000028,138,1.0000000000,186.0000000001,186.0000000001,0,CHRISTIAN,CHRISTIAN
CHRISTIAN - 000029,138,0.9476700667,44.5404931352,47.0000000000,0,CHRISTIAN,CHRISTIAN
CHRISTIAN - 000029,156,0.0523299333,2.4595068648,47.0000000000,0,CHRISTIAN,CHRISTIAN
CHRISTIAN - 000030,138,0.9928571429,139.0000000000,140.0000000000,0,CHRISTIAN,CHRISTIAN
CHRISTIAN - 000030,140,0.0071428571,1.0000000000,140.0000000000,0,CHRISTIAN,CHRISTIAN
CHRISTIAN - 000031,139,0.9239432827,106.2534775139,115.0000000000,0,CHRISTIAN,CHRISTIAN
CHRISTIAN - 000031,140,0.0760567173,8.7465224861,115.0000000000,0,CHRISTIAN,CHRISTIAN
CHRISTIAN - 000032,139,0.5455951528,108.0278402529,198.0000000000,0,CHRISTIAN,CHRISTIAN
CHRISTIAN - 000032,140,0.4544048472,89.9721597471,198.0000000000,0,CHRISTIAN,CHRISTIAN
CHRISTIAN - 000033,138,0.0129870130,1.0000000000,77.0000000000,0,CHRISTIAN,CHRISTIAN
CHRISTIAN - 000033,140,0.9870129870,76.0000000000,77.0000000000,0,CHRISTIAN,CHRISTIAN
CHRISTIAN - 000034,138,0.0100502513,2.0000000000,199.0000000000,0,CHRISTIAN,CHRISTIAN
CHRISTIAN - 000034,139,0.2810498271,55.9289155855,199.0000000000,0,CHRISTIAN,CHRISTIAN
CHRISTIAN - 000034,140,0.7088999217,141.0710844145,199.0000000000,0,CHRISTIAN,CHRISTIAN
CLARK - 000002,4,1.0000000000,105.0000000000,105.0000000000,0,CLARK,CLARK
CLARK - 000003,4,1.0000000000,105.0000000000,105.0000000000,0,CLARK,CLARK
CLARK - 000004,4,1.0000000000,205.0000000001,205.0000000001,0,CLARK,CLARK
CLARK - 000005,4,1.0000000000,204.9999999999,204.9999999999,0,CLARK,CLARK
CLARK - 000006,4,1.0000000000,311.0000000001,311.0000000001,0,CLARK,CLARK
CLARK - 000007,4,1.0000000000,124.9999999999,124.9999999999,0,CLARK,CLARK
CLARK - 000008,4,1.0000000000,367.9999999999,367.9999999999,0,CLARK,CLARK
CLARK - 000009,4,1.0000000000,36.0000000000,36.0000000000,0,CLARK,CLARK
CLARK - 000010,4,1.0000000000,425.0000000000,425.0000000000,0,CLARK,CLARK
CLAY - 000002,17,1.0000000000,70.0000000000,70.0000000000,0,CLAY,CLAY
CLAY - 000003,39,1.0000000000,86.0000000000,86.0000000000,0,CLAY,CLAY
CLAY - 000004,39,1.0000000000,102.0000000000,102.0000000000,0,CLAY,CLAY
CLAY - 000005,39,1.0000000000,95.0000000000,95.0000000000,0,CLAY,CLAY
CLAY - 000006,39,1.0000000000,134.9999999999,134.9999999999,0,CLAY,CLAY
CLAY - 000007,39,1.0000000000,144.9999999999,144.9999999999,0,CLAY,CLAY
CLAY - 000008,18,1.0000000000,149.0000000001,149.0000000001,0,CLAY,CLAY
CLAY - 000009,15,1.0000000000,56.0000000000,56.0000000000,0,CLAY,CLAY
CLAY - 000010,15,1.0000000000,45.0000000000,45.0000000000,0,CLAY,CLAY
CLAY - 000011,15,1.0000000000,48.0000000000,48.0000000000,0,CLAY,CLAY
CLAY - 000012,15,1.0000000000,58.0000000000,58.0000000000,0,CLAY,CLAY
CLAY - 000013,15,1.0000000000,43.0000000000,43.0000000000,0,CLAY,CLAY
CLAY - 000014,15,1.0000000000,50.0000000000,50.0000000000,0,CLAY,CLAY
CLAY - 000015,15,1.0000000000,45.0000000000,45.0000000000,0,CLAY,CLAY
CLAY - 000016,15,0.9668373918,34.8061461062,35.9999999999,0,CLAY,CLAY
CLAY - 000016,18,0.0331626082,1.1938538937,35.9999999999,0,CLAY,CLAY
CLAY - 000017,15,1.0000000000,25.0000000000,25.0000000000,0,CLAY,CLAY
CLAY - 000018,18,1.0000000000,26.0000000001,26.0000000001,0,CLAY,CLAY
CLAY - 000019,18,1.0000000000,51.0000000000,51.0000000000,0,CLAY,CLAY
CLAY - 000020,18,1.0000000000,100.0000000000,100.0000000000,0,CLAY,CLAY
CLAY - 000021,18,1.0000000000,19.0000000000,19.0000000000,0,CLAY,CLAY
CLAY - 000022,15,0.7173913043,33.0000000000,46.0000000000,0,CLAY,CLAY
CLAY - 000022,18,0.2826086957,13.0000000000,46.0000000000,0,CLAY,CLAY
CLAY - 000023,15,1.0000000000,46.0000000000,46.0000000000,0,CLAY,CLAY
CLAY - 000024,15,1.0000000000,26.0000000000,26.0000000000,0,CLAY,CLAY
CLAY - 000025,16,0.0000318811,0.0051647457,162.0000000001,0,CLAY,CLAY
CLAY - 000025,17,0.0061728395,1.0000000000,162.0000000001,0,CLAY,CLAY
CLAY - 000025,38,0.4471187770,72.4332418802,162.0000000001,0,CLAY,CLAY
CLAY - 000025,39,0.5466765023,88.5615933742,162.0000000001,0,CLAY,CLAY
CLAY - 000026,17,1.0000000000,66.0000000001,66.0000000001,0,CLAY,CLAY
CLAY - 000027,17,1.0000000000,73.0000000002,73.0000000002,0,CLAY,CLAY
CLAY - 000028,8,0.9834264861,158.3316642611,161.0000000001,0,CLAY,CLAY
CLAY - 000028,16,0.0165735139,2.6683357390,161.0000000001,0,CLAY,CLAY
CLAY - 000029,15,0.7270216900,45.8023664678,62.9999999998,0,CLAY,CLAY
CLAY - 000029,16,0.2729783100,17.1976335320,62.9999999998,0,CLAY,CLAY
CLAY - 000030,15,0.0212765957,1.0000000000,47.0000000000,0,CLAY,CLAY
CLAY - 000030,16,0.9787234043,46.0000000000,47.0000000000,0,CLAY,CLAY
CLAY - 000031,18,1.0000000000,60.0000000000,60.0000000000,0,CLAY,CLAY
CLAY - 000032,15,0.2439024390,50.0000000000,205.0000000001,0,CLAY,CLAY
CLAY - 000032,16,0.3317073171,68.0000000000,205.0000000001,0,CLAY,CLAY
CLAY - 000032,17,0.4243902439,87.0000000001,205.0000000001,0,CLAY,CLAY
CLAY - 000033,16,1.0000000000,31.0000000000,31.0000000000,0,CLAY,CLAY
CLAY - 000034,17,1.0000000000,26.0000000000,26.0000000000,0,CLAY,CLAY
CLAY - 000035,15,0.5289751016,27.5067052847,52.0000000000,0,CLAY,CLAY
CLAY - 000035,18,0.4710248984,24.4932947153,52.0000000000,0,CLAY,CLAY
CLAY - 000036,16,1.0000000000,87.9999999999,87.9999999999,0,CLAY,CLAY
CLAY - 000037,8,0.0182573406,2.1543661857,117.9999999999,0,CLAY,CLAY
CLAY - 000037,16,0.9817426594,115.8456338142,117.9999999999,0,CLAY,CLAY
CLAY - 000038,17,1.0000000000,145.0000000000,145.0000000000,0,CLAY,CLAY
CLAY - 000039,17,1.0000000000,39.0000000000,39.0000000000,0,CLAY,CLAY
CLAY - 000040,15,0.0707964602,16.0000000000,226.0000000001,0,CLAY,CLAY
CLAY - 000040,18,0.9292035398,210.0000000001,226.0000000001,0,CLAY,CLAY
CLAY - 000041,18,1.0000000000,60.0000000000,60.0000000000,0,CLAY,CLAY
CLAY - 000042,17,1.0000000000,45.0000000000,45.0000000000,0,CLAY,CLAY
CLAY - 000043,17,1.0000000000,97.0000000000,97.0000000000,0,CLAY,CLAY
CLAY - 000044,17,0.8679245283,46.0000000000,53.0000000000,0,CLAY,CLAY
CLAY - 000044,18,0.1320754717,7.0000000000,53.0000000000,0,CLAY,CLAY
CLAY - 000045,17,1.0000000000,50.0000000000,50.0000000000,0,CLAY,CLAY
CLAY - 000046,15,0.0833333333,4.0000000000,48.0000000000,0,CLAY,CLAY
CLAY - 000046,16,0.9166666667,44.0000000000,48.0000000000,0,CLAY,CLAY
CLAY - 000047,16,1.0000000000,76.9999999999,76.9999999999,0,CLAY,CLAY
CLAY - 000048,18,1.0000000000,61.9999999999,61.9999999999,0,CLAY,CLAY
CLAY - 000049,18,1.0000000000,49.0000000000,49.0000000000,0,CLAY,CLAY
CLAY - 000050,15,0.2037037037,11.0000000000,54.0000000000,0,CLAY,CLAY
CLAY - 000050,17,0.2013444795,10.8726018920,54.0000000000,0,CLAY,CLAY
CLAY - 000050,18,0.5949518168,32.1273981080,54.0000000000,0,CLAY,CLAY
CLAY - 000051,17,0.1607142857,9.0000000000,56.0000000000,0,CLAY,CLAY
CLAY - 000051,18,0.8392857143,47.0000000000,56.0000000000,0,CLAY,CLAY
CLAY - 000052,17,0.0923076923,6.0000000000,65.0000000000,0,CLAY,CLAY
CLAY - 000052,18,0.9076923077,59.0000000000,65.0000000000,0,CLAY,CLAY
CLAY - 000053,18,1.0000000000,42.0000000000,42.0000000000,0,CLAY,CLAY
CLAY - 000054,18,1.0000000000,35.0000000001,35.0000000001,0,CLAY,CLAY
CLAY - 000055,8,1.0000000000,108.0000000000,108.0000000000,0,CLAY,CLAY
CLAY - 000056,39,1.0000000000,100.0000000000,100.0000000000,0,CLAY,CLAY
CLAY - 000057,8,0.3687117920,69.6865286797,189.0000000000,0,CLAY,CLAY
CLAY - 000057,39,0.6312882080,119.3134713203,189.0000000000,0,CLAY,CLAY
CLAY - 000058,39,1.0000000000,55.0000000001,55.0000000001,0,CLAY,CLAY
CLAY - 000059,38,1.0000000000,65.0000000000,65.0000000000,0,CLAY,CLAY
CLAY - 000060,38,0.9865348275,133.1822017071,135.0000000000,0,CLAY,CLAY
CLAY - 000060,39,0.0134651725,1.8177982929,135.0000000000,0,CLAY,CLAY
CLAY - 000061,38,1.0000000000,31.0000000000,31.0000000000,0,CLAY,CLAY
CLAY - 000062,38,1.0000000000,83.0000000001,83.0000000001,0,CLAY,CLAY
CLAY - 000063,38,1.0000000000,13.0000000000,13.0000000000,0,CLAY,CLAY
CLAY - 000064,17,0.4360000263,11.7720007110,27.0000000000,0,CLAY,CLAY
CLAY - 000064,38,0.5639999737,15.2279992890,27.0000000000,0,CLAY,CLAY
CLAY - 000065,38,1.0000000000,29.0000000000,29.0000000000,0,CLAY,CLAY
CLAY - 000066,38,1.0000000000,52.0000000000,52.0000000000,0,CLAY,CLAY
CLAY - 000067,38,1.0000000000,84.9999999999,84.9999999999,0,CLAY,CLAY
CLAY - 000068,17,0.9068019810,69.8237525389,77.0000000001,0,CLAY,CLAY
CLAY - 000068,38,0.0931980190,7.1762474612,77.0000000001,0,CLAY,CLAY
CLAY - 000069,17,0.0357142857,3.0000000000,84.0000000000,0,CLAY,CLAY
CLAY - 000069,38,0.9642857143,81.0000000000,84.0000000000,0,CLAY,CLAY
CLAY - 000070,38,1.0000000000,58.0000000000,58.0000000000,0,CLAY,CLAY
CLAY - 000071,38,0.1009482638,5.0474131917,50.0000000000,0,CLAY,CLAY
CLAY - 000071,39,0.8990517362,44.9525868083,50.0000000000,0,CLAY,CLAY
CLAY - 000072,38,0.0232509979,2.0925898095,89.9999999999,0,CLAY,CLAY
CLAY - 000072,39,0.9767490021,87.9074101904,89.9999999999,0,CLAY,CLAY
CLAY - 000073,8,1.0000000000,103.0000000000,103.0000000000,0,CLAY,CLAY
CLAY - 000074,8,1.0000000000,217.0000000000,217.0000000000,0,CLAY,CLAY
CLAY - 000075,8,1.0000000000,72.9999999999,72.9999999999,0,CLAY,CLAY
CLAY - 000076,8,0.9513123113,98.9364803712,104.0000000000,0,CLAY,CLAY
CLAY - 000076,39,0.0486876887,5.0635196288,104.0000000000,0,CLAY,CLAY
CLAY - 000077,8,0.0909090909,4.0000000000,44.0000000000,0,CLAY,CLAY
CLAY - 000077,39,0.9090909091,40.0000000000,44.0000000000,0,CLAY,CLAY
CLAY - 000078,8,1.0000000000,74.0000000000,74.0000000000,0,CLAY,CLAY
CLINTON - 000002,9,1.0000000000,427.0000000000,427.0000000000,0,CLINTON,CLINTON
CLINTON - 000003,8,0.6976744186,150.0000000000,215.0000000000,0,CLINTON,CLINTON
CLINTON - 000003,9,0.3023255814,65.0000000000,215.0000000000,0,CLINTON,CLINTON
CLINTON - 000004,8,1.0000000000,43.0000000000,43.0000000000,0,CLINTON,CLINTON
CLINTON - 000005,8,0.7718631179,203.0000000000,263.0000000000,0,CLINTON,CLINTON
CLINTON - 000005,9,0.2281368821,60.0000000000,263.0000000000,0,CLINTON,CLINTON
CLINTON - 000006,8,1.0000000000,123.0000000000,123.0000000000,0,CLINTON,CLINTON
CLINTON - 000007,8,0.9791666667,235.0000000002,240.0000000002,0,CLINTON,CLINTON
CLINTON - 000007,9,0.0208333333,5.0000000000,240.0000000002,0,CLINTON,CLINTON
CLINTON - 000008,8,0.4977048529,127.9101471885,256.9999999999,0,CLINTON,CLINTON
CLINTON - 000008,9,0.5022951471,129.0898528114,256.9999999999,0,CLINTON,CLINTON
CLINTON - 000009,9,1.0000000000,142.0000000000,142.0000000000,0,CLINTON,CLINTON
COLE - 000002,59,1.0000000000,79.0000000000,79.0000000000,0,COLE,COLE
COLE - 000003,59,1.0000000000,107.0000000001,107.0000000001,0,COLE,COLE
COLE - 000004,59,1.0000000000,57.0000000000,57.0000000000,0,COLE,COLE
COLE - 000005,59,1.0000000000,79.9999999999,79.9999999999,0,COLE,COLE
COLE - 000006,59,1.0000000000,24.0000000000,24.0000000000,0,COLE,COLE
COLE - 000007,59,1.0000000000,113.0000000001,113.0000000001,0,COLE,COLE
COLE - 000008,59,0.9288857721,15.7910581264,17.0000000000,0,COLE,COLE
COLE - 000008,60,0.0711142279,1.2089418736,17.0000000000,0,COLE,COLE
COLE - 000009,60,1.0000000000,63.0000000000,63.0000000000,0,COLE,COLE
COLE - 000010,60,1.0000000000,26.0000000000,26.0000000000,0,COLE,COLE
COLE - 000011,60,1.0000000000,33.0000000000,33.0000000000,0,COLE,COLE
COLE - 000012,60,1.0000000000,80.0000000000,80.0000000000,0,COLE,COLE
COLE - 000013,60,1.0000000000,78.0000000000,78.0000000000,0,COLE,COLE
COLE - 000014,60,1.0000000000,83.0000000000,83.0000000000,0,COLE,COLE
COLE - 000015,60,1.0000000000,41.0000000000,41.0000000000,0,COLE,COLE
COLE - 000016,60,1.0000000000,75.9999999999,75.9999999999,0,COLE,COLE
COLE - 000017,60,1.0000000000,12.0000000000,12.0000000000,0,COLE,COLE
COLE - 000018,60,1.0000000000,36.0000000000,36.0000000000,0,COLE,COLE
COLE - 000019,59,0.0565916453,2.0938908752,37.0000000000,0,COLE,COLE
COLE - 000019,60,0.9434083547,34.9061091248,37.0000000000,0,COLE,COLE
COLE - 000020,59,0.1153846154,3.0000000000,26.0000000000,0,COLE,COLE
COLE - 000020,60,0.8846153846,23.0000000000,26.0000000000,0,COLE,COLE
COLE - 000021,59,0.3913043478,9.0000000000,23.0000000000,0,COLE,COLE
COLE - 000021,60,0.6086956522,14.0000000000,23.0000000000,0,COLE,COLE
COLE - 000022,60,1.0000000000,17.0000000000,17.0000000000,0,COLE,COLE
COLE - 000023,59,0.0793650794,5.0000000000,63.0000000000,0,COLE,COLE
COLE - 000023,60,0.9206349206,58.0000000000,63.0000000000,0,COLE,COLE
COLE - 000024,59,0.1052631579,2.0000000000,19.0000000000,0,COLE,COLE
COLE - 000024,60,0.8947368421,17.0000000000,19.0000000000,0,COLE,COLE
COLE - 000025,59,0.2564102564,10.0000000000,39.0000000000,0,COLE,COLE
COLE - 000025,60,0.7435897436,29.0000000000,39.0000000000,0,COLE,COLE
COLE - 000026,59,1.0000000000,63.0000000000,63.0000000000,0,COLE,COLE
COLE - 000027,60,1.0000000000,48.0000000000,48.0000000000,0,COLE,COLE
COLE - 000028,60,1.0000000000,19.0000000000,19.0000000000,0,COLE,COLE
COLE - 000029,60,1.0000000000,19.0000000000,19.0000000000,0,COLE,COLE
COLE - 000030,59,0.0454545455,1.0000000000,22.0000000000,0,COLE,COLE
COLE - 000030,60,0.9545454545,21.0000000000,22.0000000000,0,COLE,COLE
COLE - 000031,60,1.0000000000,16.0000000000,16.0000000000,0,COLE,COLE
COLE - 000032,59,1.0000000000,58.0000000000,58.0000000000,0,COLE,COLE
COLE - 000033,59,0.9399307282,52.6361207783,55.9999999998,0,COLE,COLE
COLE - 000033,61,0.0600692718,3.3638792215,55.9999999998,0,COLE,COLE
COLE - 000034,59,1.0000000000,36.0000000000,36.0000000000,0,COLE,COLE
COLE - 000035,59,1.0000000000,8.0000000000,8.0000000000,0,COLE,COLE
COLE - 000036,59,1.0000000000,11.0000000000,11.0000000000,0,COLE,COLE
COLE - 000037,59,1.0000000000,83.0000000000,83.0000000000,0,COLE,COLE
COLE - 000038,59,1.0000000000,24.0000000000,24.0000000000,0,COLE,COLE
COLE - 000039,59,1.0000000000,19.0000000000,19.0000000000,0,COLE,COLE
COLE - 000040,59,0.9962480568,80.6960926035,81.0000000001,0,COLE,COLE
COLE - 000040,60,0.0037519432,0.3039073966,81.0000000001,0,COLE,COLE
COLE - 000041,59,1.0000000000,91.0000000000,91.0000000000,0,COLE,COLE
COLE - 000042,59,1.0000000000,18.0000000000,18.0000000000,0,COLE,COLE
COLE - 000043,59,1.0000000000,23.9999999999,23.9999999999,0,COLE,COLE
COLE - 000044,59,1.0000000000,43.0000000000,43.0000000000,0,COLE,COLE
COLE - 000045,59,1.0000000000,17.0000000000,17.0000000000,0,COLE,COLE
COLE - 000046,59,1.0000000000,88.0000000001,88.0000000001,0,COLE,COLE
COLE - 000047,59,1.0000000000,5.0000000000,5.0000000000,0,COLE,COLE
COLE - 000048,59,1.0000000000,11.0000000000,11.0000000000,0,COLE,COLE
COLE - 000049,59,0.9873417722,78.0000000000,79.0000000000,0,COLE,COLE
COLE - 000049,60,0.0126582278,1.0000000000,79.0000000000,0,COLE,COLE
COLE - 000050,59,1.0000000000,17.0000000001,17.0000000001,0,COLE,COLE
COOPER - 000002,48,1.0000000000,165.0000000000,165.0000000000,0,COOPER,COOPER
COOPER - 000004,48,1.0000000000,324.0000000000,324.0000000000,0,COOPER,COOPER
COOPER - 000005,48,0.8405797101,174.0000000000,207.0000000000,0,COOPER,COOPER
COOPER - 000005,58,0.1594202899,33.0000000000,207.0000000000,0,COOPER,COOPER
COOPER - 000006,48,1.0000000000,161.0000000000,161.0000000000,0,COOPER,COOPER
COOPER - 000007,48,1.0000000000,156.0000000000,156.0000000000,0,COOPER,COOPER
COOPER - 000008,48,1.0000000000,333.0000000000,333.0000000000,0,COOPER,COOPER
COOPER - 000009,48,1.0000000000,24.0000000000,24.0000000000,0,COOPER,COOPER
COOPER - 000010,48,1.0000000000,107.0000000000,107.0000000000,0,COOPER,COOPER
COOPER - 000011,48,1.0000000000,117.0000000000,117.0000000000,0,COOPER,COOPER
COOPER - 000012,48,1.0000000000,108.0000000000,108.0000000000,0,COOPER,COOPER
COOPER - 000013,48,1.0000000000,231.0000000001,231.0000000001,0,COOPER,COOPER
CRAWFORD - 000002,120,1.0000000000,301.0000000000,301.0000000000,0,CRAWFORD,CRAWFORD
CRAWFORD - 000003,120,1.0000000000,188.0000000000,188.0000000000,0,CRAWFORD,CRAWFORD
CRAWFORD - 000004,120,1.0000000000,62.0000000000,62.0000000000,0,CRAWFORD,CRAWFORD
CRAWFORD - 000005,120,1.0000000000,275.0000000000,275.0000000000,0,CRAWFORD,CRAWFORD
CRAWFORD - 000006,120,1.0000000000,81.0000000000,81.0000000000,0,CRAWFORD,CRAWFORD
CRAWFORD - 000007,120,1.0000000000,86.0000000000,86.0000000000,0,CRAWFORD,CRAWFORD
CRAWFORD - 000008,120,1.0000000000,120.0000000000,120.0000000000,0,CRAWFORD,CRAWFORD
CRAWFORD - 000009,120,1.0000000000,87.0000000000,87.0000000000,0,CRAWFORD,CRAWFORD
CRAWFORD - 000010,120,1.0000000000,83.0000000000,83.0000000000,0,CRAWFORD,CRAWFORD
CRAWFORD - 000011,120,1.0000000000,102.0000000000,102.0000000000,0,CRAWFORD,CRAWFORD
CRAWFORD - 000012,120,1.0000000000,46.0000000000,46.0000000000,0,CRAWFORD,CRAWFORD
CRAWFORD - 000013,120,1.0000000000,86.0000000000,86.0000000000,0,CRAWFORD,CRAWFORD
CRAWFORD - 000014,120,1.0000000000,118.0000000000,118.0000000000,0,CRAWFORD,CRAWFORD
CRAWFORD - 000015,120,1.0000000000,36.0000000000,36.0000000000,0,CRAWFORD,CRAWFORD
CRAWFORD - 000016,120,1.0000000000,204.0000000000,204.0000000000,0,CRAWFORD,CRAWFORD
CRAWFORD - 000017,120,1.0000000000,101.0000000000,101.0000000000,0,CRAWFORD,CRAWFORD
CRAWFORD - 000018,120,1.0000000000,123.0000000000,123.0000000000,0,CRAWFORD,CRAWFORD
CRAWFORD - 000019,120,1.0000000000,91.0000000000,91.0000000000,0,CRAWFORD,CRAWFORD
DADE - 003243,127,1.0000000000,170.0000000003,170.0000000003,0,DADE,DADE
DADE - 003244,127,1.0000000000,241.0000000000,241.0000000000,0,DADE,DADE
DADE - 003246,127,1.0000000000,287.0000000002,287.0000000002,0,DADE,DADE
DADE - 003263,127,1.0000000000,351.9999999999,351.9999999999,0,DADE,DADE
DADE - 003289,127,1.0000000000,288.0000000000,288.0000000000,0,DADE,DADE
DADE - 003294,127,1.0000000000,141.9999999999,141.9999999999,0,DADE,DADE
DADE - 003300,127,1.0000000000,247.0000000002,247.0000000002,0,DADE,DADE
DADE - 003330,127,1.0000000000,340.9999999999,340.9999999999,0,DADE,DADE
DALLAS - 000002,142,1.0000000000,141.9999999999,141.9999999999,0,DALLAS,DALLAS
DALLAS - 000003,142,1.0000000000,87.0000000001,87.0000000001,0,DALLAS,DALLAS
DALLAS - 000004,142,1.0000000000,116.0000000000,116.0000000000,0,DALLAS,DALLAS
DALLAS - 000005,142,1.0000000000,139.0000000000,139.0000000000,0,DALLAS,DALLAS
DALLAS - 000006,142,1.0000000000,114.0000000000,114.0000000000,0,DALLAS,DALLAS
DALLAS - 000007,142,1.0000000000,311.0000000000,311.0000000000,0,DALLAS,DALLAS
DALLAS - 000008,142,1.0000000000,182.0000000000,182.0000000000,0,DALLAS,DALLAS
DALLAS - 000009,128,0.0000147932,0.0019822834,134.0000000000,0,DALLAS,DALLAS
DALLAS - 000009,142,0.9999852068,133.9980177166,134.0000000000,0,DALLAS,DALLAS
DALLAS - 000010,142,1.0000000000,181.0000000000,181.0000000000,0,DALLAS,DALLAS
DALLAS - 000011,142,1.0000000000,164.9999999995,164.9999999995,0,DALLAS,DALLAS
DALLAS - 000012,142,1.0000000000,114.0000000000,114.0000000000,0,DALLAS,DALLAS
DAVIESS - 000002,2,1.0000000000,227.0000000000,227.0000000000,0,DAVIESS,DAVIESS
DAVIESS - 000003,2,1.0000000000,60.0000000000,60.0000000000,0,DAVIESS,DAVIESS
DAVIESS - 000004,2,1.0000000000,152.0000000000,152.0000000000,0,DAVIESS,DAVIESS
DAVIESS - 000005,2,1.0000000000,205.0000000002,205.0000000002,0,DAVIESS,DAVIESS
DAVIESS - 000006,2,1.0000000000,135.0000000000,135.0000000000,0,DAVIESS,DAVIESS
DAVIESS - 000007,2,1.0000000000,80.0000000000,80.0000000000,0,DAVIESS,DAVIESS
DAVIESS - 000008,2,1.0000000000,206.0000000000,206.0000000000,0,DAVIESS,DAVIESS
DAVIESS - 000009,2,1.0000000000,196.0000000000,196.0000000000,0,DAVIESS,DAVIESS
DAVIESS - 000010,2,1.0000000000,187.9999999999,187.9999999999,0,DAVIESS,DAVIESS
DAVIESS - 000011,2,1.0000000000,105.9999999999,105.9999999999,0,DAVIESS,DAVIESS
DAVIESS - 000012,2,1.0000000000,171.0000000000,171.0000000000,0,DAVIESS,DAVIESS
DAVIESS - 000013,2,1.0000000000,86.9999999999,86.9999999999,0,DAVIESS,DAVIESS
DAVIESS - 000014,2,1.0000000000,298.0000000001,298.0000000001,0,DAVIESS,DAVIESS
DAVIESS - 000015,2,1.0000000000,82.0000000002,82.0000000002,0,DAVIESS,DAVIESS
DAVIESS - 000016,2,1.0000000000,124.9999999997,124.9999999997,0,DAVIESS,DAVIESS
DEKALB - 000002,9,1.0000000000,134.0000000001,134.0000000001,0,DEKALB,DEKALB
DEKALB - 000003,9,1.0000000000,113.0000000000,113.0000000000,0,DEKALB,DEKALB
DEKALB - 000004,9,1.0000000000,173.0000000001,173.0000000001,0,DEKALB,DEKALB
DEKALB - 000005,9,1.0000000000,155.0000000002,155.0000000002,0,DEKALB,DEKALB
DEKALB - 000006,9,1.0000000000,163.0000000000,163.0000000000,0,DEKALB,DEKALB
DEKALB - 000007,9,1.0000000000,55.0000000004,55.0000000004,0,DEKALB,DEKALB
DEKALB - 000008,9,1.0000000000,171.0000000002,171.0000000002,0,DEKALB,DEKALB
DEKALB - 000009,9,1.0000000000,117.9999999997,117.9999999997,0,DEKALB,DEKALB
DEKALB - 000010,2,0.0034013605,1.0000000000,293.9999999998,0,DEKALB,DEKALB
DEKALB - 000010,9,0.9965986395,292.9999999998,293.9999999998,0,DEKALB,DEKALB
DEKALB - 000011,9,1.0000000000,140.9999999998,140.9999999998,0,DEKALB,DEKALB
DEKALB - 000012,9,1.0000000000,180.9999999997,180.9999999997,0,DEKALB,DEKALB
DENT - 000002,120,1.0000000000,93.0000000000,93.0000000000,0,DENT,DENT
DENT - 000003,120,1.0000000000,150.0000000000,150.0000000000,0,DENT,DENT
DENT - 000004,120,1.0000000000,159.0000000000,159.0000000000,0,DENT,DENT
DENT - 000005,120,1.0000000000,162.0000000000,162.0000000000,0,DENT,DENT
DENT - 000006,120,1.0000000000,454.0000000001,454.0000000001,0,DENT,DENT
DENT - 000007,120,1.0000000000,320.0000000000,320.0000000000,0,DENT,DENT
DENT - 000008,120,1.0000000000,354.0000000000,354.0000000000,0,DENT,DENT
DOUGLAS - 000002,141,0.9523809524,80.0000000000,84.0000000000,0,DOUGLAS,DOUGLAS
DOUGLAS - 000002,155,0.0476190476,4.0000000000,84.0000000000,0,DOUGLAS,DOUGLAS
DOUGLAS - 000003,155,1.0000000000,91.0000000000,91.0000000000,0,DOUGLAS,DOUGLAS
DOUGLAS - 000004,141,1.0000000000,88.0000000000,88.0000000000,0,DOUGLAS,DOUGLAS
DOUGLAS - 000005,141,1.0000000000,55.0000000000,55.0000000000,0,DOUGLAS,DOUGLAS
DOUGLAS - 000006,141,1.0000000000,88.0000000000,88.0000000000,0,DOUGLAS,DOUGLAS
DOUGLAS - 000007,155,1.0000000000,106.0000000000,106.0000000000,0,DOUGLAS,DOUGLAS
DOUGLAS - 000008,155,1.0000000000,48.0000000000,48.0000000000,0,DOUGLAS,DOUGLAS
DOUGLAS - 000009,155,1.0000000000,91.0000000000,91.0000000000,0,DOUGLAS,DOUGLAS
DOUGLAS - 000010,141,0.7113127704,58.3276471742,81.9999999999,0,DOUGLAS,DOUGLAS
DOUGLAS - 000010,155,0.2886872296,23.6723528257,81.9999999999,0,DOUGLAS,DOUGLAS
DOUGLAS - 000011,141,1.0000000000,103.0000000000,103.0000000000,0,DOUGLAS,DOUGLAS
DOUGLAS - 000012,155,1.0000000000,157.0000000000,157.0000000000,0,DOUGLAS,DOUGLAS
DOUGLAS - 000013,155,1.0000000000,114.0000000000,114.0000000000,0,DOUGLAS,DOUGLAS
DOUGLAS - 000014,155,1.0000000000,45.0000000001,45.0000000001,0,DOUGLAS,DOUGLAS
DOUGLAS - 000015,155,1.0000000000,70.9999999999,70.9999999999,0,DOUGLAS,DOUGLAS
DOUGLAS - 000016,155,1.0000000000,81.0000000000,81.0000000000,0,DOUGLAS,DOUGLAS
DOUGLAS - 000017,155,1.0000000000,87.9999999998,87.9999999998,0,DOUGLAS,DOUGLAS
DOUGLAS - 000018,141,1.0000000000,53.0000000000,53.0000000000,0,DOUGLAS,DOUGLAS
DOUGLAS - 000019,155,1.0000000000,217.0000000000,217.0000000000,0,DOUGLAS,DOUGLAS
DOUGLAS - 000020,155,1.0000000000,106.9999999999,106.9999999999,0,DOUGLAS,DOUGLAS
DOUGLAS - 000021,155,1.0000000000,63.9999999999,63.9999999999,0,DOUGLAS,DOUGLAS
DOUGLAS - 000022,155,1.0000000000,48.0000000000,48.0000000000,0,DOUGLAS,DOUGLAS
DOUGLAS - 000023,155,1.0000000000,69.0000000000,69.0000000000,0,DOUGLAS,DOUGLAS
DOUGLAS - 000024,155,1.0000000000,64.0000000000,64.0000000000,0,DOUGLAS,DOUGLAS
DOUGLAS - 000025,155,1.0000000000,63.9999999999,63.9999999999,0,DOUGLAS,DOUGLAS
DUNKLIN - 000002,150,1.0000000000,74.0000000000,74.0000000000,0,DUNKLIN,DUNKLIN
DUNKLIN - 000003,150,1.0000000000,144.0000000000,144.0000000000,0,DUNKLIN,DUNKLIN
DUNKLIN - 000004,150,1.0000000000,260.0000000000,260.0000000000,0,DUNKLIN,DUNKLIN
DUNKLIN - 000005,150,1.0000000000,247.9432397716,247.9432397716,0,DUNKLIN,DUNKLIN
DUNKLIN - 000006,150,1.0000000000,83.0000000000,83.0000000000,0,DUNKLIN,DUNKLIN
DUNKLIN - 000007,150,1.0000000000,196.0000000000,196.0000000000,0,DUNKLIN,DUNKLIN
DUNKLIN - 000008,150,1.0000000000,101.0000000000,101.0000000000,0,DUNKLIN,DUNKLIN
DUNKLIN - 000009,150,1.0000000000,257.9999999999,257.9999999999,0,DUNKLIN,DUNKLIN
DUNKLIN - 000010,150,1.0000000000,191.0000000000,191.0000000000,0,DUNKLIN,DUNKLIN
DUNKLIN - 000011,150,1.0000000000,439.3318765107,439.3318765107,0,DUNKLIN,DUNKLIN
DUNKLIN - 000012,150,1.0000000000,122.0000000000,122.0000000000,0,DUNKLIN,DUNKLIN
DUNKLIN - 000013,150,1.0000000000,106.0000000000,106.0000000000,0,DUNKLIN,DUNKLIN
DUNKLIN - 000014,150,1.0000000000,136.0000000001,136.0000000001,0,DUNKLIN,DUNKLIN
DUNKLIN - 000015,150,1.0000000000,130.0000000000,130.0000000000,0,DUNKLIN,DUNKLIN
DUNKLIN - 000016,150,1.0000000000,103.0000000000,103.0000000000,0,DUNKLIN,DUNKLIN
DUNKLIN - 000017,150,1.0000000000,278.9999999999,278.9999999999,0,DUNKLIN,DUNKLIN
DUNKLIN - 000018,150,1.0000000000,188.0000000000,188.0000000000,0,DUNKLIN,DUNKLIN
DUNKLIN - 000019,150,1.0000000000,226.0000000000,226.0000000000,0,DUNKLIN,DUNKLIN
DUNKLIN - 000020,150,1.0000000000,195.0000000000,195.0000000000,0,DUNKLIN,DUNKLIN
DUNKLIN - 000021,150,1.0000000000,284.0000000000,284.0000000000,0,DUNKLIN,DUNKLIN
DUNKLIN - 000022,150,1.0000000000,50.9999999999,50.9999999999,0,DUNKLIN,DUNKLIN
FRANKLIN - 000002,118,1.0000000000,101.0000000000,101.0000000000,0,FRANKLIN,FRANKLIN
FRANKLIN - 000003,118,1.0000000000,45.0000000000,45.0000000000,0,FRANKLIN,FRANKLIN
FRANKLIN - 000004,109,1.0000000000,87.0000000000,87.0000000000,0,FRANKLIN,FRANKLIN
FRANKLIN - 000005,109,1.0000000000,17.0000000000,17.0000000000,0,FRANKLIN,FRANKLIN
FRANKLIN - 000006,109,1.0000000000,15.0000000000,15.0000000000,0,FRANKLIN,FRANKLIN
FRANKLIN - 000007,118,0.0542285952,6.0736026642,112.0000000000,0,FRANKLIN,FRANKLIN
FRANKLIN - 000007,119,0.9457714048,105.9263973358,112.0000000000,0,FRANKLIN,FRANKLIN
FRANKLIN - 000008,109,1.0000000000,34.0000000000,34.0000000000,0,FRANKLIN,FRANKLIN
FRANKLIN - 000009,109,1.0000000000,23.0000000000,23.0000000000,0,FRANKLIN,FRANKLIN
FRANKLIN - 000010,109,1.0000000000,70.9999999999,70.9999999999,0,FRANKLIN,FRANKLIN
FRANKLIN - 000011,118,0.7500723325,54.7552802753,73.0000000000,0,FRANKLIN,FRANKLIN
FRANKLIN - 000011,119,0.2499276675,18.2447197247,73.0000000000,0,FRANKLIN,FRANKLIN
FRANKLIN - 000012,118,1.0000000000,110.0000000000,110.0000000000,0,FRANKLIN,FRANKLIN
FRANKLIN - 000013,118,1.0000000000,57.0000000000,57.0000000000,0,FRANKLIN,FRANKLIN
FRANKLIN - 000014,109,1.0000000000,55.0000000000,55.0000000000,0,FRANKLIN,FRANKLIN
FRANKLIN - 000015,118,1.0000000000,79.0000000001,79.0000000001,0,FRANKLIN,FRANKLIN
FRANKLIN - 000016,118,1.0000000000,39.0000000000,39.0000000000,0,FRANKLIN,FRANKLIN
FRANKLIN - 000017,118,1.0000000000,53.0000000000,53.0000000000,0,FRANKLIN,FRANKLIN
FRANKLIN - 000018,109,0.9523809524,60.0000000000,63.0000000000,0,FRANKLIN,FRANKLIN
FRANKLIN - 000018,119,0.0476190476,3.0000000000,63.0000000000,0,FRANKLIN,FRANKLIN
FRANKLIN - 000019,109,0.1230769231,24.0000000000,195.0000000000,0,FRANKLIN,FRANKLIN
FRANKLIN - 000019,119,0.8769230769,171.0000000000,195.0000000000,0,FRANKLIN,FRANKLIN
FRANKLIN - 000020,118,1.0000000000,63.9999999999,63.9999999999,0,FRANKLIN,FRANKLIN
FRANKLIN - 000021,118,1.0000000000,79.0000000000,79.0000000000,0,FRANKLIN,FRANKLIN
FRANKLIN - 000022,118,1.0000000000,83.0000000001,83.0000000001,0,FRANKLIN,FRANKLIN
FRANKLIN - 000023,109,0.9960494047,81.6760511882,81.9999999999,0,FRANKLIN,FRANKLIN
FRANKLIN - 000023,118,0.0039505953,0.3239488117,81.9999999999,0,FRANKLIN,FRANKLIN
FRANKLIN - 000024,109,0.9674796748,119.0000000001,123.0000000001,0,FRANKLIN,FRANKLIN
FRANKLIN - 000024,119,0.0325203252,4.0000000000,123.0000000001,0,FRANKLIN,FRANKLIN
FRANKLIN - 000025,118,1.0000000000,81.0000000001,81.0000000001,0,FRANKLIN,FRANKLIN
FRANKLIN - 000026,118,1.0000000000,17.0000000000,17.0000000000,0,FRANKLIN,FRANKLIN
FRANKLIN - 000027,118,1.0000000000,136.0000000000,136.0000000000,0,FRANKLIN,FRANKLIN
FRANKLIN - 000028,109,1.0000000000,81.0000000000,81.0000000000,0,FRANKLIN,FRANKLIN
FRANKLIN - 000029,118,1.0000000000,9.0000000000,9.0000000000,0,FRANKLIN,FRANKLIN
FRANKLIN - 000030,109,1.0000000000,32.0000000000,32.0000000000,0,FRANKLIN,FRANKLIN
FRANKLIN - 000031,109,1.0000000000,36.0000000000,36.0000000000,0,FRANKLIN,FRANKLIN
FRANKLIN - 000032,118,1.0000000000,30.0000000000,30.0000000000,0,FRANKLIN,FRANKLIN
FRANKLIN - 000033,109,0.1076923077,7.0000000000,65.0000000002,0,FRANKLIN,FRANKLIN
FRANKLIN - 000033,119,0.8923076923,58.0000000002,65.0000000002,0,FRANKLIN,FRANKLIN
FRANKLIN - 000034,119,1.0000000000,107.0000000000,107.0000000000,0,FRANKLIN,FRANKLIN
FRANKLIN - 000035,119,1.0000000000,79.0000000001,79.0000000001,0,FRANKLIN,FRANKLIN
FRANKLIN - 000036,119,1.0000000000,74.0000000000,74.0000000000,0,FRANKLIN,FRANKLIN
FRANKLIN - 000037,119,1.0000000000,29.0000000000,29.0000000000,0,FRANKLIN,FRANKLIN
FRANKLIN - 000038,118,1.0000000000,25.0000000000,25.0000000000,0,FRANKLIN,FRANKLIN
FRANKLIN - 000039,109,0.0907322621,14.4264296805,158.9999999998,0,FRANKLIN,FRANKLIN
FRANKLIN - 000039,119,0.9092677379,144.5735703193,158.9999999998,0,FRANKLIN,FRANKLIN
FRANKLIN - 000040,118,0.9517241379,138.0000000000,145.0000000000,0,FRANKLIN,FRANKLIN
FRANKLIN - 000040,119,0.0482758621,7.0000000000,145.0000000000,0,FRANKLIN,FRANKLIN
FRANKLIN - 000041,109,1.0000000000,86.9999999996,86.9999999996,0,FRANKLIN,FRANKLIN
FRANKLIN - 000042,118,1.0000000000,45.0000000000,45.0000000000,0,FRANKLIN,FRANKLIN
FRANKLIN - 000043,109,1.0000000000,98.0000000000,98.0000000000,0,FRANKLIN,FRANKLIN
FRANKLIN - 000044,118,0.0610328638,13.0000000000,213.0000000000,0,FRANKLIN,FRANKLIN
FRANKLIN - 000044,119,0.9389671362,200.0000000000,213.0000000000,0,FRANKLIN,FRANKLIN
FRANKLIN - 000045,119,1.0000000000,142.0000000000,142.0000000000,0,FRANKLIN,FRANKLIN
FRANKLIN - 000046,119,1.0000000000,127.0000000000,127.0000000000,0,FRANKLIN,FRANKLIN
FRANKLIN - 000047,118,1.0000000000,99.0000000001,99.0000000001,0,FRANKLIN,FRANKLIN
FRANKLIN - 000048,118,1.0000000000,116.9999999999,116.9999999999,0,FRANKLIN,FRANKLIN
FRANKLIN - 000049,118,1.0000000000,67.0000000000,67.0000000000,0,FRANKLIN,FRANKLIN
FRANKLIN - 000050,118,1.0000000000,123.0000000000,123.0000000000,0,FRANKLIN,FRANKLIN
FRANKLIN - 000051,118,1.0000000000,43.0000000000,43.0000000000,0,FRANKLIN,FRANKLIN
FRANKLIN - 000052,109,0.6288867919,50.9398301443,81.0000000001,0,FRANKLIN,FRANKLIN
FRANKLIN - 000052,118,0.2592592593,21.0000000000,81.0000000001,0,FRANKLIN,FRANKLIN
FRANKLIN - 000052,119,0.1118539488,9.0601698558,81.0000000001,0,FRANKLIN,FRANKLIN
FRANKLIN - 000053,109,0.0098908674,1.0187593408,103.0000000001,0,FRANKLIN,FRANKLIN
FRANKLIN - 000053,119,0.9901091326,101.9812406593,103.0000000001,0,FRANKLIN,FRANKLIN
FRANKLIN - 000054,118,0.0004421838,0.0256466576,58.0000000000,0,FRANKLIN,FRANKLIN
FRANKLIN - 000054,119,0.9995578162,57.9743533424,58.0000000000,0,FRANKLIN,FRANKLIN
FRANKLIN - 000055,109,0.0358928940,4.0558970258,113.0000000000,0,FRANKLIN,FRANKLIN
FRANKLIN - 000055,118,0.0088495575,1.0000000000,113.0000000000,0,FRANKLIN,FRANKLIN
FRANKLIN - 000055,119,0.9552575484,107.9441029742,113.0000000000,0,FRANKLIN,FRANKLIN
FRANKLIN - 000056,119,1.0000000000,91.0000000000,91.0000000000,0,FRANKLIN,FRANKLIN
FRANKLIN - 000057,109,0.6187500000,99.0000000000,160.0000000000,0,FRANKLIN,FRANKLIN
FRANKLIN - 000057,119,0.3812500000,61.0000000000,160.0000000000,0,FRANKLIN,FRANKLIN
FRANKLIN - 000058,109,1.0000000000,134.0000000000,134.0000000000,0,FRANKLIN,FRANKLIN
FRANKLIN - 000059,109,1.0000000000,98.0000000000,98.0000000000,0,FRANKLIN,FRANKLIN
FRANKLIN - 000060,109,1.0000000000,89.0000000000,89.0000000000,0,FRANKLIN,FRANKLIN
FRANKLIN - 000061,109,1.0000000000,129.0000000000,129.0000000000,0,FRANKLIN,FRANKLIN
FRANKLIN - 000062,109,1.0000000000,46.0000000000,46.0000000000,0,FRANKLIN,FRANKLIN
FRANKLIN - 000063,109,1.0000000000,36.0000000000,36.0000000000,0,FRANKLIN,FRANKLIN
GASCONADE - 000002,61,1.0000000000,101.0000000000,101.0000000000,0,GASCONADE,GASCONADE
GASCONADE - 000003,61,1.0000000000,104.0000000000,104.0000000000,0,GASCONADE,GASCONADE
GASCONADE - 000004,61,1.0000000000,85.0000000000,85.0000000000,0,GASCONADE,GASCONADE
GASCONADE - 000005,61,1.0000000000,28.0000000000,28.0000000000,0,GASCONADE,GASCONADE
GASCONADE - 000006,61,1.0000000000,263.0000000000,263.0000000000,0,GASCONADE,GASCONADE
GASCONADE - 000007,61,1.0000000000,94.0000000000,94.0000000000,0,GASCONADE,GASCONADE
GASCONADE - 000008,61,1.0000000000,205.0000000000,205.0000000000,0,GASCONADE,GASCONADE
GASCONADE - 000009,61,1.0000000000,74.0000000000,74.0000000000,0,GASCONADE,GASCONADE
GASCONADE - 000010,61,1.0000000000,120.0000000000,120.0000000000,0,GASCONADE,GASCONADE
GASCONADE - 000011,61,1.0000000000,128.0000000000,128.0000000000,0,GASCONADE,GASCONADE
GASCONADE - 000012,61,1.0000000000,218.0000000000,218.0000000000,0,GASCONADE,GASCONADE
GASCONADE - 000013,61,1.0000000000,107.0000000000,107.0000000000,0,GASCONADE,GASCONADE
GASCONADE - 000014,61,1.0000000000,87.0000000000,87.0000000000,0,GASCONADE,GASCONADE
GASCONADE - 000015,61,1.0000000000,62.0000000000,62.0000000000,0,GASCONADE,GASCONADE
GASCONADE - 000016,61,1.0000000000,173.0000000000,173.0000000000,0,GASCONADE,GASCONADE
GASCONADE - 000017,61,1.0000000000,126.0000000000,126.0000000000,0,GASCONADE,GASCONADE
GENTRY - 000002,1,1.0000000000,185.0000000000,185.0000000000,0,GENTRY,GENTRY
GENTRY - 000003,1,1.0000000000,82.0000000000,82.0000000000,0,GENTRY,GENTRY
GENTRY - 000004,1,1.0000000000,76.0000000000,76.0000000000,0,GENTRY,GENTRY
GENTRY - 000005,1,1.0000000000,82.0000000000,82.0000000000,0,GENTRY,GENTRY
GENTRY - 000006,1,1.0000000000,136.0000000000,136.0000000000,0,GENTRY,GENTRY
GENTRY - 000007,1,1.0000000000,53.0000000000,53.0000000000,0,GENTRY,GENTRY
GENTRY - 000008,1,1.0000000000,40.0000000000,40.0000000000,0,GENTRY,GENTRY
GENTRY - 000009,1,1.0000000000,46.0000000000,46.0000000000,0,GENTRY,GENTRY
GENTRY - 000010,1,1.0000000000,100.0000000000,100.0000000000,0,GENTRY,GENTRY
GENTRY - 000011,1,1.0000000000,152.0000000000,152.0000000000,0,GENTRY,GENTRY
GENTRY - 000012,1,1.0000000000,83.0000000000,83.0000000000,0,GENTRY,GENTRY
GENTRY - 000013,1,1.0000000000,97.0000000000,97.0000000000,0,GENTRY,GENTRY
GENTRY - 000014,1,1.0000000000,42.0000000000,42.0000000000,0,GENTRY,GENTRY
GREENE - 000002,135,0.3402061856,33.0000000000,97.0000000000,0,GREENE,GREENE
GREENE - 000002,136,0.6494845361,63.0000000000,97.0000000000,0,GREENE,GREENE
GREENE - 000002,137,0.0103092784,1.0000000000,97.0000000000,0,GREENE,GREENE
GREENE - 000003,135,1.0000000000,80.0000000000,80.0000000000,0,GREENE,GREENE
GREENE - 000004,132,0.2666666667,16.0000000000,60.0000000000,0,GREENE,GREENE
GREENE - 000004,135,0.7333333333,44.0000000000,60.0000000000,0,GREENE,GREENE
GREENE - 000005,132,0.9664429530,144.0000000000,149.0000000000,0,GREENE,GREENE
GREENE - 000005,133,0.0335570470,5.0000000000,149.0000000000,0,GREENE,GREENE
GREENE - 000006,133,1.0000000000,56.0000000000,56.0000000000,0,GREENE,GREENE
GREENE - 000007,130,0.0833333333,7.0000000000,84.0000000000,0,GREENE,GREENE
GREENE - 000007,132,0.6785714286,57.0000000000,84.0000000000,0,GREENE,GREENE
GREENE - 000007,133,0.2380952381,20.0000000000,84.0000000000,0,GREENE,GREENE
GREENE - 000008,135,1.0000000000,36.0000000000,36.0000000000,0,GREENE,GREENE
GREENE - 000009,135,1.0000000000,31.0000000000,31.0000000000,0,GREENE,GREENE
GREENE - 000010,135,1.0000000000,42.0000000000,42.0000000000,0,GREENE,GREENE
GREENE - 000011,131,1.0000000000,118.0000000000,118.0000000000,0,GREENE,GREENE
GREENE - 000012,135,0.1685393258,15.0000000000,89.0000000000,0,GREENE,GREENE
GREENE - 000012,136,0.0898876404,8.0000000000,89.0000000000,0,GREENE,GREENE
GREENE - 000012,137,0.7415730337,66.0000000000,89.0000000000,0,GREENE,GREENE
GREENE - 000013,130,0.2598870056,46.0000000000,177.0000000000,0,GREENE,GREENE
GREENE - 000013,131,0.7401129944,131.0000000000,177.0000000000,0,GREENE,GREENE
GREENE - 000014,131,1.0000000000,126.0000000000,126.0000000000,0,GREENE,GREENE
GREENE - 000015,131,0.0101010101,2.0000000000,198.0000000000,0,GREENE,GREENE
GREENE - 000015,137,0.9898989899,196.0000000000,198.0000000000,0,GREENE,GREENE
GREENE - 000016,131,0.2187645438,28.0018616107,128.0000000000,0,GREENE,GREENE
GREENE - 000016,135,0.0776815397,9.9432370761,128.0000000000,0,GREENE,GREENE
GREENE - 000016,137,0.7035539165,90.0549013132,128.0000000000,0,GREENE,GREENE
GREENE - 000017,131,1.0000000000,68.0000000000,68.0000000000,0,GREENE,GREENE
GREENE - 000018,131,1.0000000000,65.0000000000,65.0000000000,0,GREENE,GREENE
GREENE - 000019,132,1.0000000000,132.0000000000,132.0000000000,0,GREENE,GREENE
GREENE - 000020,132,1.0000000000,70.0000000000,70.0000000000,0,GREENE,GREENE
GREENE - 000021,135,1.0000000000,58.0000000000,58.0000000000,0,GREENE,GREENE
GREENE - 000022,132,0.3611111111,26.0000000000,72.0000000000,0,GREENE,GREENE
GREENE - 000022,135,0.6388888889,46.0000000000,72.0000000000,0,GREENE,GREENE
GREENE - 000023,132,1.0000000000,90.0000000000,90.0000000000,0,GREENE,GREENE
GREENE - 000024,132,1.0000000000,60.0000000000,60.0000000000,0,GREENE,GREENE
GREENE - 000025,132,1.0000000000,51.0000000000,51.0000000000,0,GREENE,GREENE
GREENE - 000026,132,1.0000000000,64.0000000000,64.0000000000,0,GREENE,GREENE
GREENE - 000027,132,1.0000000000,78.0000000000,78.0000000000,0,GREENE,GREENE
GREENE - 000028,132,1.0000000000,79.0000000000,79.0000000000,0,GREENE,GREENE
GREENE - 000029,130,0.0373831776,4.0000000000,107.0000000000,0,GREENE,GREENE
GREENE - 000029,131,0.0000936323,0.0100186582,107.0000000000,0,GREENE,GREENE
GREENE - 000029,132,0.9625231901,102.9899813418,107.0000000000,0,GREENE,GREENE
GREENE - 000030,131,0.0109289617,2.0000000000,183.0000000000,0,GREENE,GREENE
GREENE - 000030,132,0.1530054645,28.0000000000,183.0000000000,0,GREENE,GREENE
GREENE - 000030,135,0.8126448752,148.7140121619,183.0000000000,0,GREENE,GREENE
GREENE - 000030,137,0.0234206986,4.2859878381,183.0000000000,0,GREENE,GREENE
GREENE - 000031,131,0.0107526882,1.0000000000,93.0000000000,0,GREENE,GREENE
GREENE - 000031,132,0.2473118280,23.0000000000,93.0000000000,0,GREENE,GREENE
GREENE - 000031,135,0.7419354839,69.0000000000,93.0000000000,0,GREENE,GREENE
GREENE - 000032,132,1.0000000000,40.0000000000,40.0000000000,0,GREENE,GREENE
GREENE - 000033,135,1.0000000000,13.0000000000,13.0000000000,0,GREENE,GREENE
GREENE - 000034,135,1.0000000000,20.0000000000,20.0000000000,0,GREENE,GREENE
GREENE - 000035,131,1.0000000000,89.0000000000,89.0000000000,0,GREENE,GREENE
GREENE - 000036,130,0.4477084631,85.0646079975,189.9999999999,0,GREENE,GREENE
GREENE - 000036,133,0.0064647410,1.2283007926,189.9999999999,0,GREENE,GREENE
GREENE - 000036,134,0.5458267958,103.7070912098,189.9999999999,0,GREENE,GREENE
GREENE - 000037,130,1.0000000000,169.0000000001,169.0000000001,0,GREENE,GREENE
GREENE - 000038,130,0.5952380952,25.0000000000,42.0000000000,0,GREENE,GREENE
GREENE - 000038,134,0.4047619048,17.0000000000,42.0000000000,0,GREENE,GREENE
GREENE - 000039,130,1.0000000000,76.0000000000,76.0000000000,0,GREENE,GREENE
GREENE - 000040,131,1.0000000000,147.9999999999,147.9999999999,0,GREENE,GREENE
GREENE - 000041,137,1.0000000000,277.9999999999,277.9999999999,0,GREENE,GREENE
GREENE - 000042,131,0.9279231736,110.4228576643,119.0000000000,0,GREENE,GREENE
GREENE - 000042,132,0.0178501049,2.1241624875,119.0000000000,0,GREENE,GREENE
GREENE - 000042,135,0.0542267214,6.4529798482,119.0000000000,0,GREENE,GREENE
GREENE - 000043,131,1.0000000000,142.0000000000,142.0000000000,0,GREENE,GREENE
GREENE - 000044,135,1.0000000000,124.0000000000,124.0000000000,0,GREENE,GREENE
GREENE - 000045,132,0.0652173913,6.0000000000,92.0000000000,0,GREENE,GREENE
GREENE - 000045,135,0.9347826087,86.0000000000,92.0000000000,0,GREENE,GREENE
GREENE - 000046,135,1.0000000000,23.0000000000,23.0000000000,0,GREENE,GREENE
GREENE - 000047,135,1.0000000000,32.0000000000,32.0000000000,0,GREENE,GREENE
GREENE - 000048,135,1.0000000000,83.0000000000,83.0000000000,0,GREENE,GREENE
GREENE - 000049,136,1.0000000000,65.0000000000,65.0000000000,0,GREENE,GREENE
GREENE - 000050,136,1.0000000000,74.0000000000,74.0000000000,0,GREENE,GREENE
GREENE - 000051,136,1.0000000000,28.0000000000,28.0000000000,0,GREENE,GREENE
GREENE - 000052,136,1.0000000000,27.0000000000,27.0000000000,0,GREENE,GREENE
GREENE - 000053,136,1.0000000000,33.0000000000,33.0000000000,0,GREENE,GREENE
GREENE - 000054,133,1.0000000000,58.0000000001,58.0000000001,0,GREENE,GREENE
GREENE - 000055,133,0.9047619048,38.0000000000,42.0000000000,0,GREENE,GREENE
GREENE - 000055,136,0.0952380952,4.0000000000,42.0000000000,0,GREENE,GREENE
GREENE - 000056,133,0.9985253753,136.7979764118,136.9999999999,0,GREENE,GREENE
GREENE - 000056,134,0.0014746247,0.2020235881,136.9999999999,0,GREENE,GREENE
GREENE - 000057,130,0.0477481758,6.0162701534,126.0000000001,0,GREENE,GREENE
GREENE - 000057,133,0.9522518242,119.9837298467,126.0000000001,0,GREENE,GREENE
GREENE - 000058,130,1.0000000000,99.9999999999,99.9999999999,0,GREENE,GREENE
GREENE - 000059,130,0.9697111909,157.0932129262,162.0000000000,0,GREENE,GREENE
GREENE - 000059,131,0.0302888091,4.9067870738,162.0000000000,0,GREENE,GREENE
GREENE - 000060,135,1.0000000000,35.0000000000,35.0000000000,0,GREENE,GREENE
GREENE - 000061,135,1.0000000000,31.0000000000,31.0000000000,0,GREENE,GREENE
GREENE - 000062,135,0.9999888112,29.9996643350,30.0000000000,0,GREENE,GREENE
GREENE - 000062,136,0.0000111888,0.0003356650,30.0000000000,0,GREENE,GREENE
GREENE - 000063,136,1.0000000000,31.0000000000,31.0000000000,0,GREENE,GREENE
GREENE - 000064,136,1.0000000000,40.0000000000,40.0000000000,0,GREENE,GREENE
GREENE - 000065,137,1.0000000000,93.0000000000,93.0000000000,0,GREENE,GREENE
GREENE - 000066,136,0.5179420233,106.1781147785,205.0000000001,0,GREENE,GREENE
GREENE - 000066,137,0.4820579767,98.8218852216,205.0000000001,0,GREENE,GREENE
GREENE - 000067,137,1.0000000000,70.0000000000,70.0000000000,0,GREENE,GREENE
GREENE - 000068,135,0.6153846154,32.0000000000,52.0000000000,0,GREENE,GREENE
GREENE - 000068,136,0.3846153846,20.0000000000,52.0000000000,0,GREENE,GREENE
GREENE - 000069,132,0.0200000000,1.0000000000,50.0000000000,0,GREENE,GREENE
GREENE - 000069,135,0.9800000000,49.0000000000,50.0000000000,0,GREENE,GREENE
GREENE - 000070,131,1.0000000000,146.0000000000,146.0000000000,0,GREENE,GREENE
GREENE - 000071,131,0.9257748822,80.5424147522,87.0000000000,0,GREENE,GREENE
GREENE - 000071,132,0.0742251178,6.4575852478,87.0000000000,0,GREENE,GREENE
GREENE - 000072,130,0.5519586851,79.4820506582,144.0000000000,0,GREENE,GREENE
GREENE - 000072,131,0.4480413149,64.5179493418,144.0000000000,0,GREENE,GREENE
GREENE - 000073,136,1.0000000000,56.0000000000,56.0000000000,0,GREENE,GREENE
GREENE - 000074,134,0.1309523810,11.0000000000,84.0000000000,0,GREENE,GREENE
GREENE - 000074,136,0.8690476190,73.0000000000,84.0000000000,0,GREENE,GREENE
GREENE - 000075,136,1.0000000000,178.9999999999,178.9999999999,0,GREENE,GREENE
GREENE - 000076,136,1.0000000000,76.0000000000,76.0000000000,0,GREENE,GREENE
GREENE - 000077,134,1.0000000000,150.0000000000,150.0000000000,0,GREENE,GREENE
GREENE - 000078,133,0.8655462185,103.0000000000,119.0000000000,0,GREENE,GREENE
GREENE - 000078,134,0.1344537815,16.0000000000,119.0000000000,0,GREENE,GREENE
GREENE - 000079,134,1.0000000000,24.0000000000,24.0000000000,0,GREENE,GREENE
GREENE - 000080,136,1.0000000000,61.0000000000,61.0000000000,0,GREENE,GREENE
GREENE - 000081,136,1.0000000000,84.0000000000,84.0000000000,0,GREENE,GREENE
GREENE - 000082,136,1.0000000000,79.0000000000,79.0000000000,0,GREENE,GREENE
GREENE - 000083,136,1.0000000000,42.0000000000,42.0000000000,0,GREENE,GREENE
GREENE - 000084,136,1.0000000000,37.0000000000,37.0000000000,0,GREENE,GREENE
GREENE - 000085,135,0.6315789474,24.0000000000,38.0000000000,0,GREENE,GREENE
GREENE - 000085,136,0.3684210526,14.0000000000,38.0000000000,0,GREENE,GREENE
GREENE - 000086,132,1.0000000000,55.0000000000,55.0000000000,0,GREENE,GREENE
GREENE - 000087,136,1.0000000000,44.0000000000,44.0000000000,0,GREENE,GREENE
GREENE - 000088,133,1.0000000000,30.0000000000,30.0000000000,0,GREENE,GREENE
GREENE - 000089,133,0.9852941176,67.0000000000,68.0000000000,0,GREENE,GREENE
GREENE - 000089,136,0.0147058824,1.0000000000,68.0000000000,0,GREENE,GREENE
GREENE - 000090,133,1.0000000000,57.0000000000,57.0000000000,0,GREENE,GREENE
GREENE - 000091,133,1.0000000000,58.0000000000,58.0000000000,0,GREENE,GREENE
GREENE - 000092,132,0.0224719101,2.0000000000,89.0000000000,0,GREENE,GREENE
GREENE - 000092,133,0.9775280899,87.0000000000,89.0000000000,0,GREENE,GREENE
GREENE - 000093,130,0.0843373494,7.0000000000,83.0000000000,0,GREENE,GREENE
GREENE - 000093,133,0.9156626506,76.0000000000,83.0000000000,0,GREENE,GREENE
GREENE - 000094,132,1.0000000000,88.0000000000,88.0000000000,0,GREENE,GREENE
GREENE - 000095,132,1.0000000000,91.0000000000,91.0000000000,0,GREENE,GREENE
GREENE - 000096,130,0.0894308943,11.0000000000,123.0000000000,0,GREENE,GREENE
GREENE - 000096,134,0.9105691057,112.0000000000,123.0000000000,0,GREENE,GREENE
GREENE - 000097,130,0.1305194805,14.3571428571,110.0000000000,0,GREENE,GREENE
GREENE - 000097,134,0.8694805195,95.6428571429,110.0000000000,0,GREENE,GREENE
GREENE - 000098,130,0.9507419878,282.3703703704,297.0000000000,0,GREENE,GREENE
GREENE - 000098,131,0.0492580122,14.6296296296,297.0000000000,0,GREENE,GREENE
GREENE - 000099,131,1.0000000000,105.0000000000,105.0000000000,0,GREENE,GREENE
GREENE - 000100,134,0.5177599324,60.0601521610,116.0000000000,0,GREENE,GREENE
GREENE - 000100,137,0.4822400676,55.9398478390,116.0000000000,0,GREENE,GREENE
GREENE - 000101,137,1.0000000000,119.0000000000,119.0000000000,0,GREENE,GREENE
GREENE - 000102,136,0.1394516624,17.4314577965,125.0000000001,0,GREENE,GREENE
GREENE - 000102,137,0.8605483376,107.5685422036,125.0000000001,0,GREENE,GREENE
GREENE - 000103,137,1.0000000000,84.0000000000,84.0000000000,0,GREENE,GREENE
GREENE - 000104,130,1.0000000000,119.0000000000,119.0000000000,0,GREENE,GREENE
GREENE - 000105,131,1.0000000000,225.9999999999,225.9999999999,0,GREENE,GREENE
GREENE - 000106,131,1.0000000000,105.0000000000,105.0000000000,0,GREENE,GREENE
GREENE - 000107,130,0.8526833800,218.2869452860,256.0000000000,0,GREENE,GREENE
GREENE - 000107,131,0.1473166200,37.7130547140,256.0000000000,0,GREENE,GREENE
GREENE - 000108,137,1.0000000000,163.0000000000,163.0000000000,0,GREENE,GREENE
GREENE - 000109,131,1.0000000000,161.0000000000,161.0000000000,0,GREENE,GREENE
GREENE - 000110,137,1.0000000000,222.0000000000,222.0000000000,0,GREENE,GREENE
GREENE - 000111,130,0.7159090909,126.0000000000,176.0000000000,0,GREENE,GREENE
GREENE - 000111,131,0.2840909091,50.0000000000,176.0000000000,0,GREENE,GREENE
GREENE - 000112,133,0.7860618680,63.6710113065,81.0000000000,0,GREENE,GREENE
GREENE - 000112,134,0.2139381320,17.3289886935,81.0000000000,0,GREENE,GREENE
GREENE - 000113,134,1.0000000000,76.0000000000,76.0000000000,0,GREENE,GREENE
GREENE - 000114,133,0.0569794398,5.0141907052,88.0000000000,0,GREENE,GREENE
GREENE - 000114,134,0.9430205602,82.9858092948,88.0000000000,0,GREENE,GREENE
GRUNDY - 000002,2,1.0000000000,121.0000000000,121.0000000000,0,GRUNDY,GRUNDY
GRUNDY - 000003,2,1.0000000000,64.0000000000,64.0000000000,0,GRUNDY,GRUNDY
GRUNDY - 000004,2,1.0000000000,55.0000000000,55.0000000000,0,GRUNDY,GRUNDY
GRUNDY - 000005,2,1.0000000000,100.0000000000,100.0000000000,0,GRUNDY,GRUNDY
GRUNDY - 000006,2,1.0000000000,117.0000000000,117.0000000000,0,GRUNDY,GRUNDY
GRUNDY - 000007,2,1.0000000000,130.0000000000,130.0000000000,0,GRUNDY,GRUNDY
GRUNDY - 000008,2,1.0000000000,141.0000000000,141.0000000000,0,GRUNDY,GRUNDY
GRUNDY - 000009,2,1.0000000000,103.0000000001,103.0000000001,0,GRUNDY,GRUNDY
GRUNDY - 000010,2,1.0000000000,62.0000000000,62.0000000000,0,GRUNDY,GRUNDY
GRUNDY - 000011,2,1.0000000000,59.0000000000,59.0000000000,0,GRUNDY,GRUNDY
GRUNDY - 000012,2,1.0000000000,211.0000000000,211.0000000000,0,GRUNDY,GRUNDY
GRUNDY - 000013,2,1.0000000000,137.0000000000,137.0000000000,0,GRUNDY,GRUNDY
GRUNDY - 000014,2,1.0000000000,164.0000000000,164.0000000000,0,GRUNDY,GRUNDY
GRUNDY - 000015,2,1.0000000000,199.0000000000,199.0000000000,0,GRUNDY,GRUNDY
GRUNDY - 000016,2,1.0000000000,68.0000000000,68.0000000000,0,GRUNDY,GRUNDY
GRUNDY - 000017,2,1.0000000000,132.0000000000,132.0000000000,0,GRUNDY,GRUNDY
HARRISON - 000002,2,1.0000000000,156.0000000000,156.0000000000,0,HARRISON,HARRISON
HARRISON - 000003,2,1.0000000000,172.0000000005,172.0000000005,0,HARRISON,HARRISON
HARRISON - 000004,2,1.0000000000,177.0000000000,177.0000000000,0,HARRISON,HARRISON
HARRISON - 000005,2,1.0000000000,432.0000000000,432.0000000000,0,HARRISON,HARRISON
HARRISON - 000006,2,1.0000000000,177.9999999998,177.9999999998,0,HARRISON,HARRISON
HARRISON - 000007,2,1.0000000000,128.0000000000,128.0000000000,0,HARRISON,HARRISON
HARRISON - 000008,2,1.0000000000,162.0000000000,162.0000000000,0,HARRISON,HARRISON
HARRISON - 000009,2,1.0000000000,253.9999999998,253.9999999998,0,HARRISON,HARRISON
HARRISON - 000010,2,1.0000000000,155.0000000000,155.0000000000,0,HARRISON,HARRISON
HARRISON - 000011,2,1.0000000000,166.9999999999,166.9999999999,0,HARRISON,HARRISON
HENRY - 000002,126,1.0000000000,218.0000000000,218.0000000000,0,HENRY,HENRY
HENRY - 000003,126,1.0000000000,562.0000000000,562.0000000000,0,HENRY,HENRY
HENRY - 000004,126,1.0000000000,233.0000000000,233.0000000000,0,HENRY,HENRY
HENRY - 000005,126,1.0000000000,254.0000000000,254.0000000000,0,HENRY,HENRY
HENRY - 000006,126,1.0000000000,141.0000000000,141.0000000000,0,HENRY,HENRY
HENRY - 000007,126,1.0000000000,100.0000000000,100.0000000000,0,HENRY,HENRY
HENRY - 000008,126,1.0000000000,255.0000000000,255.0000000000,0,HENRY,HENRY
HENRY - 000009,126,1.0000000000,197.0000000000,197.0000000000,0,HENRY,HENRY
HENRY - 000010,126,1.0000000000,173.0000000000,173.0000000000,0,HENRY,HENRY
HENRY - 000011,126,1.0000000000,197.0000000000,197.0000000000,0,HENRY,HENRY
HENRY - 000012,126,1.0000000000,93.0000000000,93.0000000000,0,HENRY,HENRY
HENRY - 000013,126,1.0000000000,284.0000000000,284.0000000000,0,HENRY,HENRY
HENRY - 000014,126,1.0000000000,112.0000000000,112.0000000000,0,HENRY,HENRY
HENRY - 000015,126,1.0000000000,111.0000000000,111.0000000000,0,HENRY,HENRY
HENRY - 000016,126,1.0000000000,162.0000000000,162.0000000000,0,HENRY,HENRY
HICKORY - 000002,126,0.0105263158,1.0000000000,95.0000000000,0,HICKORY,HICKORY
HICKORY - 000002,128,0.9894736842,94.0000000000,95.0000000000,0,HICKORY,HICKORY
HICKORY - 000003,126,1.0000000000,131.9999999999,131.9999999999,0,HICKORY,HICKORY
HICKORY - 000004,128,1.0000000000,140.9999999999,140.9999999999,0,HICKORY,HICKORY
HICKORY - 000005,128,1.0000000000,154.0000000000,154.0000000000,0,HICKORY,HICKORY
HICKORY - 000006,128,1.0000000000,347.0000000000,347.0000000000,0,HICKORY,HICKORY
HICKORY - 000007,128,1.0000000000,74.0000000000,74.0000000000,0,HICKORY,HICKORY
HICKORY - 000008,126,1.0000000000,92.0000000000,92.0000000000,0,HICKORY,HICKORY
HICKORY - 000009,126,1.0000000000,47.0000000001,47.0000000001,0,HICKORY,HICKORY
HICKORY - 000010,128,1.0000000000,112.0000000001,112.0000000001,0,HICKORY,HICKORY
HICKORY - 000011,126,0.9923076923,128.9999999999,129.9999999999,0,HICKORY,HICKORY
HICKORY - 000011,128,0.0076923077,1.0000000000,129.9999999999,0,HICKORY,HICKORY
HOLT - 000002,1,1.0000000000,397.0000000000,397.0000000000,0,HOLT,HOLT
HOLT - 000003,1,1.0000000000,127.0000000000,127.0000000000,0,HOLT,HOLT
HOLT - 000004,1,1.0000000000,271.0000000000,271.0000000000,0,HOLT,HOLT
HOLT - 000005,1,1.0000000000,457.0000000000,457.0000000000,0,HOLT,HOLT
HOLT - 000006,1,1.0000000000,149.0000000000,149.0000000000,0,HOLT,HOLT
HOLT - 000007,1,1.0000000000,223.0000000000,223.0000000000,0,HOLT,HOLT
HOWARD - 000002,48,1.0000000000,156.0000000002,156.0000000002,0,HOWARD,HOWARD
HOWARD - 000003,48,1.0000000000,387.9999999998,387.9999999998,0,HOWARD,HOWARD
HOWARD - 000004,48,1.0000000000,99.0000000000,99.0000000000,0,HOWARD,HOWARD
HOWARD - 000005,48,1.0000000000,218.9999999999,218.9999999999,0,HOWARD,HOWARD
HOWARD - 000006,47,0.0051282051,1.0000000000,194.9999999999,0,HOWARD,HOWARD
HOWARD - 000006,48,0.9948717949,193.9999999999,194.9999999999,0,HOWARD,HOWARD
HOWARD - 000007,48,1.0000000000,174.9999999998,174.9999999998,0,HOWARD,HOWARD
HOWARD - 000008,48,1.0000000000,257.0000000001,257.0000000001,0,HOWARD,HOWARD
HOWARD - 000009,48,1.0000000000,275.9999999999,275.9999999999,0,HOWARD,HOWARD
HOWELL - 000002,154,1.0000000000,168.0000000000,168.0000000000,0,HOWELL,HOWELL
HOWELL - 000003,154,1.0000000000,316.9999999998,316.9999999998,0,HOWELL,HOWELL
HOWELL - 000004,154,1.0000000000,139.0000000001,139.0000000001,0,HOWELL,HOWELL
HOWELL - 000005,154,1.0000000000,92.0000000000,92.0000000000,0,HOWELL,HOWELL
HOWELL - 000006,154,1.0000000000,136.0000000000,136.0000000000,0,HOWELL,HOWELL
HOWELL - 000007,154,1.0000000000,66.0000000000,66.0000000000,0,HOWELL,HOWELL
HOWELL - 000008,154,1.0000000000,64.0000000000,64.0000000000,0,HOWELL,HOWELL
HOWELL - 000009,154,1.0000000000,132.0000000000,132.0000000000,0,HOWELL,HOWELL
HOWELL - 000010,154,1.0000000000,118.0000000000,118.0000000000,0,HOWELL,HOWELL
HOWELL - 000011,154,1.0000000000,127.9999999998,127.9999999998,0,HOWELL,HOWELL
HOWELL - 000012,154,1.0000000000,93.0000000001,93.0000000001,0,HOWELL,HOWELL
HOWELL - 000013,154,1.0000000000,198.0000000000,198.0000000000,0,HOWELL,HOWELL
HOWELL - 000014,154,1.0000000000,262.0000000000,262.0000000000,0,HOWELL,HOWELL
HOWELL - 000015,154,1.0000000000,104.9999999999,104.9999999999,0,HOWELL,HOWELL
HOWELL - 000016,154,1.0000000000,42.0000000000,42.0000000000,0,HOWELL,HOWELL
HOWELL - 000017,154,1.0000000000,182.0000000000,182.0000000000,0,HOWELL,HOWELL
HOWELL - 000018,153,0.2296650718,48.0000000000,209.0000000000,0,HOWELL,HOWELL
HOWELL - 000018,154,0.7703349282,161.0000000000,209.0000000000,0,HOWELL,HOWELL
HOWELL - 000019,154,1.0000000000,129.0000000000,129.0000000000,0,HOWELL,HOWELL
HOWELL - 000020,154,1.0000000000,264.0000000000,264.0000000000,0,HOWELL,HOWELL
HOWELL - 000021,154,1.0000000000,170.0000000002,170.0000000002,0,HOWELL,HOWELL
IRON - 000002,144,1.0000000000,202.0000000000,202.0000000000,0,IRON,IRON
IRON - 000003,144,1.0000000000,120.0000000000,120.0000000000,0,IRON,IRON
IRON - 000004,144,1.0000000000,333.9999999999,333.9999999999,0,IRON,IRON
IRON - 000005,144,1.0000000000,42.0000000000,42.0000000000,0,IRON,IRON
IRON - 000006,144,1.0000000000,274.0000000001,274.0000000001,0,IRON,IRON
IRON - 000007,144,1.0000000000,253.0000000000,253.0000000000,0,IRON,IRON
IRON - 000008,144,1.0000000000,132.0000000000,132.0000000000,0,IRON,IRON
IRON - 000009,144,1.0000000000,98.0000000000,98.0000000000,0,IRON,IRON
IRON - 000010,144,1.0000000000,161.0000000000,161.0000000000,0,IRON,IRON
JACKSON - 000002,19,0.0188679245,1.0000000000,53.0000000000,0,JACKSON,JACKSON|KANSAS CITY
JACKSON - 000002,21,0.9811320755,52.0000000000,53.0000000000,0,JACKSON,JACKSON|KANSAS CITY
JACKSON - 000003,20,1.0000000000,43.0000000001,43.0000000001,0,JACKSON,JACKSON|KANSAS CITY
JACKSON - 000004,20,0.9444444444,34.0000000000,36.0000000000,0,JACKSON,JACKSON|KANSAS CITY
JACKSON - 000004,21,0.0555555556,2.0000000000,36.0000000000,0,JACKSON,JACKSON|KANSAS CITY
JACKSON - 000005,20,1.0000000000,8.0000000000,8.0000000000,0,JACKSON,JACKSON|KANSAS CITY
JACKSON - 000006,20,1.0000000000,13.0000000000,13.0000000000,0,JACKSON,JACKSON|KANSAS CITY
JACKSON - 000007,20,1.0000000000,22.0000000000,22.0000000000,0,JACKSON,JACKSON|KANSAS CITY
JACKSON - 000008,19,1.0000000000,32.0000000000,32.0000000000,0,JACKSON,JACKSON|KANSAS CITY
JACKSON - 000009,21,1.0000000000,39.0000000000,39.0000000000,0,JACKSON,JACKSON|KANSAS CITY
JACKSON - 000010,21,1.0000000000,40.0000000000,40.0000000000,0,JACKSON,JACKSON|KANSAS CITY
JACKSON - 000011,19,0.0333333333,1.0000000000,30.0000000000,0,JACKSON,JACKSON|KANSAS CITY
JACKSON - 000011,21,0.9666666667,29.0000000000,30.0000000000,0,JACKSON,JACKSON|KANSAS CITY
JACKSON - 000012,21,1.0000000000,49.0000000000,49.0000000000,0,JACKSON,JACKSON|KANSAS CITY
JACKSON - 000013,21,1.0000000000,41.0000000000,41.0000000000,0,JACKSON,JACKSON|KANSAS CITY
JACKSON - 000014,21,1.0000000000,9.0000000000,9.0000000000,0,JACKSON,JACKSON|KANSAS CITY
JACKSON - 000015,20,1.0000000000,50.0000000000,50.0000000000,0,JACKSON,JACKSON|KANSAS CITY
JACKSON - 000016,20,1.0000000000,53.0000000000,53.0000000000,0,JACKSON,JACKSON|KANSAS CITY
JACKSON - 000017,20,1.0000000000,20.0000000000,20.0000000000,0,JACKSON,JACKSON|KANSAS CITY
JACKSON - 000018,21,1.0000000000,20.0000000000,20.0000000000,0,JACKSON,JACKSON|KANSAS CITY
JACKSON - 000019,20,1.0000000000,37.0000000000,37.0000000000,0,JACKSON,JACKSON|KANSAS CITY
JACKSON - 000020,20,1.0000000000,11.0000000000,11.0000000000,0,JACKSON,JACKSON|KANSAS CITY
JACKSON - 000021,20,1.0000000000,6.0000000000,6.0000000000,0,JACKSON,JACKSON|KANSAS CITY
JACKSON - 000022,20,1.0000000000,30.0000000000,30.0000000000,0,JACKSON,JACKSON|KANSAS CITY
JACKSON - 000023,20,1.0000000000,8.0000000000,8.0000000000,0,JACKSON,JACKSON|KANSAS CITY
JACKSON - 000024,20,0.5714285714,8.0000000000,14.0000000000,0,JACKSON,JACKSON|KANSAS CITY
JACKSON - 000024,21,0.4285714286,6.0000000000,14.0000000000,0,JACKSON,JACKSON|KANSAS CITY
JACKSON - 000025,20,1.0000000000,21.0000000000,21.0000000000,0,JACKSON,JACKSON|KANSAS CITY
JACKSON - 000026,21,1.0000000000,70.0000000000,70.0000000000,0,JACKSON,JACKSON|KANSAS CITY
JACKSON - 000027,21,1.0000000000,23.0000000000,23.0000000000,0,JACKSON,JACKSON|KANSAS CITY
JACKSON - 000028,20,1.0000000000,29.0000000000,29.0000000000,0,JACKSON,JACKSON|KANSAS CITY
JACKSON - 000029,20,1.0000000000,9.0000000000,9.0000000000,0,JACKSON,JACKSON|KANSAS CITY
JACKSON - 000030,32,1.0000000000,29.0000000000,29.0000000000,0,JACKSON,JACKSON|KANSAS CITY
JACKSON - 000031,20,0.2964775984,14.2309247213,47.9999999999,0,JACKSON,JACKSON|KANSAS CITY
JACKSON - 000031,32,0.6410224016,30.7690752786,47.9999999999,0,JACKSON,JACKSON|KANSAS CITY
JACKSON - 000031,39,0.0625000000,3.0000000000,47.9999999999,0,JACKSON,JACKSON|KANSAS CITY
JACKSON - 000032,20,0.8095238095,17.0000000000,21.0000000000,0,JACKSON,JACKSON|KANSAS CITY
JACKSON - 000032,32,0.1904761905,4.0000000000,21.0000000000,0,JACKSON,JACKSON|KANSAS CITY
JACKSON - 000033,20,1.0000000000,28.0000000000,28.0000000000,0,JACKSON,JACKSON|KANSAS CITY
JACKSON - 000034,20,1.0000000000,25.0000000000,25.0000000000,0,JACKSON,JACKSON|KANSAS CITY
JACKSON - 000035,20,1.0000000000,18.0000000001,18.0000000001,0,JACKSON,JACKSON|KANSAS CITY
JACKSON - 000036,20,1.0000000000,11.0000000000,11.0000000000,0,JACKSON,JACKSON|KANSAS CITY
JACKSON - 000037,20,1.0000000000,43.0000000000,43.0000000000,0,JACKSON,JACKSON|KANSAS CITY
JACKSON - 000038,20,1.0000000000,20.0000000000,20.0000000000,0,JACKSON,JACKSON|KANSAS CITY
JACKSON - 000039,20,1.0000000000,14.0000000000,14.0000000000,0,JACKSON,JACKSON|KANSAS CITY
JACKSON - 000040,21,1.0000000000,17.0000000000,17.0000000000,0,JACKSON,JACKSON|KANSAS CITY
JACKSON - 000041,21,1.0000000000,41.0000000000,41.0000000000,0,JACKSON,JACKSON|KANSAS CITY
JACKSON - 000042,21,1.0000000000,23.0000000000,23.0000000000,0,JACKSON,JACKSON|KANSAS CITY
JACKSON - 000043,21,1.0000000000,14.0000000000,14.0000000000,0,JACKSON,JACKSON|KANSAS CITY
JACKSON - 000044,21,1.0000000000,17.0000000000,17.0000000000,0,JACKSON,JACKSON|KANSAS CITY
JACKSON - 000045,21,1.0000000000,25.0000000000,25.0000000000,0,JACKSON,JACKSON|KANSAS CITY
JACKSON - 000046,21,1.0000000000,36.0000000000,36.0000000000,0,JACKSON,JACKSON|KANSAS CITY
JACKSON - 000047,21,1.0000000000,26.0000000000,26.0000000000,0,JACKSON,JACKSON|KANSAS CITY
JACKSON - 000048,21,0.9714285714,34.0000000000,35.0000000000,0,JACKSON,JACKSON|KANSAS CITY
JACKSON - 000048,22,0.0285714286,1.0000000000,35.0000000000,0,JACKSON,JACKSON|KANSAS CITY
JACKSON - 000049,21,1.0000000000,31.0000000000,31.0000000000,0,JACKSON,JACKSON|KANSAS CITY
JACKSON - 000050,21,1.0000000000,24.0000000000,24.0000000000,0,JACKSON,JACKSON|KANSAS CITY
JACKSON - 000051,21,1.0000000000,34.0000000000,34.0000000000,0,JACKSON,JACKSON|KANSAS CITY
JACKSON - 000052,21,0.0588235294,1.0000000000,17.0000000000,0,JACKSON,JACKSON|KANSAS CITY
JACKSON - 000052,22,0.9411764706,16.0000000000,17.0000000000,0,JACKSON,JACKSON|KANSAS CITY
JACKSON - 000053,21,0.3448275862,10.0000000000,29.0000000000,0,JACKSON,JACKSON|KANSAS CITY
JACKSON - 000053,22,0.6551724138,19.0000000000,29.0000000000,0,JACKSON,JACKSON|KANSAS CITY
JACKSON - 000054,29,1.0000000000,17.0000000000,17.0000000000,0,JACKSON,JACKSON|KANSAS CITY
JACKSON - 000055,22,1.0000000000,38.0000000000,38.0000000000,0,JACKSON,JACKSON|KANSAS CITY
JACKSON - 000056,22,1.0000000000,21.0000000000,21.0000000000,0,JACKSON,JACKSON|KANSAS CITY
JACKSON - 000057,22,1.0000000000,12.0000000000,12.0000000000,0,JACKSON,JACKSON|KANSAS CITY
JACKSON - 000058,22,1.0000000000,34.0000000000,34.0000000000,0,JACKSON,JACKSON|KANSAS CITY
JACKSON - 000059,21,0.4545454545,10.0000000000,22.0000000000,0,JACKSON,JACKSON|KANSAS CITY
JACKSON - 000059,22,0.5454545455,12.0000000000,22.0000000000,0,JACKSON,JACKSON|KANSAS CITY
JACKSON - 000060,29,1.0000000000,19.0000000000,19.0000000000,0,JACKSON,JACKSON|KANSAS CITY
JACKSON - 000061,21,0.8260869565,19.0000000000,23.0000000000,0,JACKSON,JACKSON|KANSAS CITY
JACKSON - 000061,29,0.1739130435,4.0000000000,23.0000000000,0,JACKSON,JACKSON|KANSAS CITY
JACKSON - 000062,29,1.0000000000,35.0000000000,35.0000000000,0,JACKSON,JACKSON|KANSAS CITY
JACKSON - 000063,21,0.0588235294,1.0000000000,17.0000000000,0,JACKSON,JACKSON|KANSAS CITY
JACKSON - 000063,22,0.9411764706,16.0000000000,17.0000000000,0,JACKSON,JACKSON|KANSAS CITY
JACKSON - 000064,22,1.0000000000,14.0000000000,14.0000000000,0,JACKSON,JACKSON|KANSAS CITY
JACKSON - 000065,21,1.0000000000,9.0000000000,9.0000000000,0,JACKSON,JACKSON|KANSAS CITY
JACKSON - 000066,20,0.2352941176,4.0000000000,17.0000000000,0,JACKSON,JACKSON|KANSAS CITY
JACKSON - 000066,29,0.7647058824,13.0000000000,17.0000000000,0,JACKSON,JACKSON|KANSAS CITY
JACKSON - 000067,20,1.0000000000,13.0000000000,13.0000000000,0,JACKSON,JACKSON|KANSAS CITY
JACKSON - 000068,20,0.6086956522,14.0000000000,23.0000000000,0,JACKSON,JACKSON|KANSAS CITY
JACKSON - 000068,21,0.3913043478,9.0000000000,23.0000000000,0,JACKSON,JACKSON|KANSAS CITY
JACKSON - 000069,21,1.0000000000,22.0000000000,22.0000000000,0,JACKSON,JACKSON|KANSAS CITY
JACKSON - 000070,21,1.0000000000,15.0000000000,15.0000000000,0,JACKSON,JACKSON|KANSAS CITY
JACKSON - 000071,21,1.0000000000,9.9999999999,9.9999999999,0,JACKSON,JACKSON|KANSAS CITY
JACKSON - 000072,20,0.5165184758,7.2312586614,14.0000000000,0,JACKSON,JACKSON|KANSAS CITY
JACKSON - 000072,21,0.4834815242,6.7687413386,14.0000000000,0,JACKSON,JACKSON|KANSAS CITY
JACKSON - 000073,20,1.0000000000,3.0000000000,3.0000000000,0,JACKSON,JACKSON|KANSAS CITY
JACKSON - 000074,20,1.0000000000,10.0000000000,10.0000000000,0,JACKSON,JACKSON|KANSAS CITY
JACKSON - 000075,20,1.0000000000,4.0000000000,4.0000000000,0,JACKSON,JACKSON|KANSAS CITY
JACKSON - 000076,20,1.0000000000,9.9999999999,9.9999999999,0,JACKSON,JACKSON|KANSAS CITY
JACKSON - 000077,20,0.2222222222,4.0000000000,18.0000000000,0,JACKSON,JACKSON|KANSAS CITY
JACKSON - 000077,29,0.7777777778,14.0000000000,18.0000000000,0,JACKSON,JACKSON|KANSAS CITY
JACKSON - 000078,29,1.0000000000,14.0000000000,14.0000000000,0,JACKSON,JACKSON|KANSAS CITY
JACKSON - 000079,29,1.0000000000,15.0000000000,15.0000000000,0,JACKSON,JACKSON|KANSAS CITY
JACKSON - 000080,29,1.0000000000,12.0000000000,12.0000000000,0,JACKSON,JACKSON|KANSAS CITY
JACKSON - 000081,29,1.0000000000,50.0000000000,50.0000000000,0,JACKSON,JACKSON|KANSAS CITY
JACKSON - 000082,29,1.0000000000,23.0000000000,23.0000000000,0,JACKSON,JACKSON|KANSAS CITY
JACKSON - 000083,29,1.0000000000,24.0000000000,24.0000000000,0,JACKSON,JACKSON|KANSAS CITY
JACKSON - 000084,29,1.0000000000,28.0000000000,28.0000000000,0,JACKSON,JACKSON|KANSAS CITY
JACKSON - 000085,29,1.0000000000,20.0000000000,20.0000000000,0,JACKSON,JACKSON|KANSAS CITY
JACKSON - 000086,29,1.0000000000,14.0000000000,14.0000000000,0,JACKSON,JACKSON|KANSAS CITY
JACKSON - 000087,29,1.0000000000,12.0000000000,12.0000000000,0,JACKSON,JACKSON|KANSAS CITY
JACKSON - 000088,22,1.0000000000,24.0000000000,24.0000000000,0,JACKSON,JACKSON|KANSAS CITY
JACKSON - 000089,22,1.0000000000,3.0000000000,3.0000000000,0,JACKSON,JACKSON|KANSAS CITY
JACKSON - 000090,22,0.8516483516,29.8076923077,35.0000000000,0,JACKSON,JACKSON|KANSAS CITY
JACKSON - 000090,29,0.1483516484,5.1923076923,35.0000000000,0,JACKSON,JACKSON|KANSAS CITY
JACKSON - 000091,22,0.6000000000,9.0000000000,15.0000000000,0,JACKSON,JACKSON|KANSAS CITY
JACKSON - 000091,29,0.4000000000,6.0000000000,15.0000000000,0,JACKSON,JACKSON|KANSAS CITY
JACKSON - 000092,29,1.0000000000,16.0000000000,16.0000000000,0,JACKSON,JACKSON|KANSAS CITY
JACKSON - 000093,29,1.0000000000,21.0000000000,21.0000000000,0,JACKSON,JACKSON|KANSAS CITY
JACKSON - 000094,29,1.0000000000,12.0000000000,12.0000000000,0,JACKSON,JACKSON|KANSAS CITY
JACKSON - 000095,29,1.0000000000,38.0000000000,38.0000000000,0,JACKSON,JACKSON|KANSAS CITY
JACKSON - 000096,29,1.0000000000,10.0000000000,10.0000000000,0,JACKSON,JACKSON|KANSAS CITY
JACKSON - 000097,29,1.0000000000,25.0000000000,25.0000000000,0,JACKSON,JACKSON|KANSAS CITY
JACKSON - 000098,29,1.0000000000,34.0000000000,34.0000000000,0,JACKSON,JACKSON|KANSAS CITY
JACKSON - 000099,29,1.0000000000,19.0000000000,19.0000000000,0,JACKSON,JACKSON|KANSAS CITY
JACKSON - 000100,20,0.1500000000,3.0000000000,20.0000000000,0,JACKSON,JACKSON|KANSAS CITY
JACKSON - 000100,29,0.8500000000,17.0000000000,20.0000000000,0,JACKSON,JACKSON|KANSAS CITY
JACKSON - 000101,20,0.0833333333,1.0000000000,12.0000000000,0,JACKSON,JACKSON|KANSAS CITY
JACKSON - 000101,29,0.9166666667,11.0000000000,12.0000000000,0,JACKSON,JACKSON|KANSAS CITY
JACKSON - 000102,29,1.0000000000,14.0000000000,14.0000000000,0,JACKSON,JACKSON|KANSAS CITY
JACKSON - 000103,29,1.0000000000,37.0000000000,37.0000000000,0,JACKSON,JACKSON|KANSAS CITY
JACKSON - 000104,20,0.2194597437,8.9978494906,40.9999999999,0,JACKSON,JACKSON|KANSAS CITY
JACKSON - 000104,29,0.7805402563,32.0021505093,40.9999999999,0,JACKSON,JACKSON|KANSAS CITY
JACKSON - 000105,20,0.7272727273,8.0000000000,11.0000000000,0,JACKSON,JACKSON|KANSAS CITY
JACKSON - 000105,29,0.2727272727,3.0000000000,11.0000000000,0,JACKSON,JACKSON|KANSAS CITY
JACKSON - 000106,29,1.0000000000,24.0000000000,24.0000000000,0,JACKSON,JACKSON|KANSAS CITY
JACKSON - 000107,29,1.0000000000,13.0000000000,13.0000000000,0,JACKSON,JACKSON|KANSAS CITY
JACKSON - 000108,29,1.0000000000,8.0000000000,8.0000000000,0,JACKSON,JACKSON|KANSAS CITY
JACKSON - 000109,28,1.0000000000,22.0000000000,22.0000000000,0,JACKSON,JACKSON|KANSAS CITY
JACKSON - 000110,28,1.0000000000,14.0000000000,14.0000000000,0,JACKSON,JACKSON|KANSAS CITY
JACKSON - 000111,28,1.0000000000,2.0000000000,2.0000000000,0,JACKSON,JACKSON|KANSAS CITY
JACKSON - 000112,28,1.0000000000,11.0000000000,11.0000000000,0,JACKSON,JACKSON|KANSAS CITY
JACKSON - 000113,28,1.0000000000,19.0000000000,19.0000000000,0,JACKSON,JACKSON|KANSAS CITY
JACKSON - 000114,28,1.0000000000,33.0000000000,33.0000000000,0,JACKSON,JACKSON|KANSAS CITY
JACKSON - 000115,28,1.0000000000,31.0000000000,31.0000000000,0,JACKSON,JACKSON|KANSAS CITY
JACKSON - 000116,28,1.0000000000,19.0000000000,19.0000000000,0,JACKSON,JACKSON|KANSAS CITY
JACKSON - 000117,28,1.0000000000,15.0000000000,15.0000000000,0,JACKSON,JACKSON|KANSAS CITY
JACKSON - 000118,28,1.0000000000,8.0000000000,8.0000000000,0,JACKSON,JACKSON|KANSAS CITY
JACKSON - 000119,28,1.0000000000,23.0000000000,23.0000000000,0,JACKSON,JACKSON|KANSAS CITY
JACKSON - 000120,28,1.0000000000,13.0000000000,13.0000000000,0,JACKSON,JACKSON|KANSAS CITY
JACKSON - 000121,28,1.0000000000,13.0000000000,13.0000000000,0,JACKSON,JACKSON|KANSAS CITY
JACKSON - 000122,28,1.0000000000,27.0000000000,27.0000000000,0,JACKSON,JACKSON|KANSAS CITY
JACKSON - 000123,28,1.0000000000,22.0000000000,22.0000000000,0,JACKSON,JACKSON|KANSAS CITY
JACKSON - 000124,28,1.0000000000,4.0000000000,4.0000000000,0,JACKSON,JACKSON|KANSAS CITY
JACKSON - 000125,28,1.0000000000,18.0000000000,18.0000000000,0,JACKSON,JACKSON|KANSAS CITY
JACKSON - 000126,28,1.0000000000,23.0000000000,23.0000000000,0,JACKSON,JACKSON|KANSAS CITY
JACKSON - 000127,28,1.0000000000,16.0000000000,16.0000000000,0,JACKSON,JACKSON|KANSAS CITY
JACKSON - 000128,28,1.0000000000,27.0000000000,27.0000000000,0,JACKSON,JACKSON|KANSAS CITY
JACKSON - 000129,28,1.0000000000,18.0000000000,18.0000000000,0,JACKSON,JACKSON|KANSAS CITY
JACKSON - 000130,28,1.0000000000,30.0000000000,30.0000000000,0,JACKSON,JACKSON|KANSAS CITY
JACKSON - 000131,28,1.0000000000,30.0000000000,30.0000000000,0,JACKSON,JACKSON|KANSAS CITY
JACKSON - 000132,28,1.0000000000,39.0000000001,39.0000000001,0,JACKSON,JACKSON|KANSAS CITY
JACKSON - 000133,28,1.0000000000,7.0000000000,7.0000000000,0,JACKSON,JACKSON|KANSAS CITY
JACKSON - 000134,28,1.0000000000,30.0000000000,30.0000000000,0,JACKSON,JACKSON|KANSAS CITY
JACKSON - 000135,28,1.0000000000,26.0000000000,26.0000000000,0,JACKSON,JACKSON|KANSAS CITY
JACKSON - 000136,28,1.0000000000,13.0000000000,13.0000000000,0,JACKSON,JACKSON|KANSAS CITY
JACKSON - 000137,28,1.0000000000,5.0000000000,5.0000000000,0,JACKSON,JACKSON|KANSAS CITY
JACKSON - 000138,20,0.9493670886,75.0000000000,79.0000000000,0,JACKSON,JACKSON|KANSAS CITY
JACKSON - 000138,32,0.0506329114,4.0000000000,79.0000000000,0,JACKSON,JACKSON|KANSAS CITY
JACKSON - 000139,32,1.0000000000,20.0000000000,20.0000000000,0,JACKSON,JACKSON|KANSAS CITY
JACKSON - 000140,32,1.0000000000,48.0000000000,48.0000000000,0,JACKSON,JACKSON|KANSAS CITY
JACKSON - 000141,32,1.0000000000,22.0000000000,22.0000000000,0,JACKSON,JACKSON|KANSAS CITY
JACKSON - 000142,32,1.0000000000,63.0000000001,63.0000000001,0,JACKSON,JACKSON|KANSAS CITY
JACKSON - 000143,32,1.0000000000,20.0000000000,20.0000000000,0,JACKSON,JACKSON|KANSAS CITY
JACKSON - 000144,32,1.0000000000,16.0000000000,16.0000000000,0,JACKSON,JACKSON|KANSAS CITY
JACKSON - 000145,32,1.0000000000,38.0000000000,38.0000000000,0,JACKSON,JACKSON|KANSAS CITY
JACKSON - 000146,32,1.0000000000,26.0000000000,26.0000000000,0,JACKSON,JACKSON|KANSAS CITY
JACKSON - 000147,32,1.0000000000,19.0000000000,19.0000000000,0,JACKSON,JACKSON|KANSAS CITY
JACKSON - 000148,19,0.8150289017,141.0000000001,173.0000000001,1,KANSAS CITY,KANSAS CITY|JACKSON
JACKSON - 000148,24,0.1849710983,32.0000000000,173.0000000001,1,KANSAS CITY,KANSAS CITY|JACKSON
JACKSON - 000149,19,0.8611111111,62.0000000002,72.0000000002,1,KANSAS CITY,KANSAS CITY|JACKSON
JACKSON - 000149,24,0.1388888889,10.0000000000,72.0000000002,1,KANSAS CITY,KANSAS CITY|JACKSON
JACKSON - 000150,23,0.4667252419,35.0043931433,75.0000000000,1,KANSAS CITY,KANSAS CITY|JACKSON
JACKSON - 000150,24,0.5332747581,39.9956068567,75.0000000000,1,KANSAS CITY,KANSAS CITY|JACKSON
JACKSON - 000151,23,0.3946997508,37.4964763268,95.0000000000,1,KANSAS CITY,KANSAS CITY|JACKSON
JACKSON - 000151,24,0.6053002492,57.5035236732,95.0000000000,1,KANSAS CITY,KANSAS CITY|JACKSON
JACKSON - 000152,19,0.7789473684,74.0000000000,95.0000000000,1,KANSAS CITY,KANSAS CITY|JACKSON
JACKSON - 000152,24,0.2210526316,21.0000000000,95.0000000000,1,KANSAS CITY,KANSAS CITY|JACKSON
JACKSON - 000153,19,0.0412844037,9.0000000000,218.0000000000,1,KANSAS CITY,KANSAS CITY|JACKSON
JACKSON - 000153,23,0.0917431193,20.0000000000,218.0000000000,1,KANSAS CITY,KANSAS CITY|JACKSON
JACKSON - 000153,24,0.8669724771,189.0000000000,218.0000000000,1,KANSAS CITY,KANSAS CITY|JACKSON
JACKSON - 000154,19,0.0344827586,2.0000000000,58.0000000000,1,KANSAS CITY,KANSAS CITY|JACKSON
JACKSON - 000154,24,0.9655172414,56.0000000000,58.0000000000,1,KANSAS CITY,KANSAS CITY|JACKSON
JACKSON - 000155,19,1.0000000000,68.0000000000,68.0000000000,1,KANSAS CITY,KANSAS CITY|JACKSON
JACKSON - 000156,24,1.0000000000,17.0000000000,17.0000000000,1,KANSAS CITY,KANSAS CITY|JACKSON
JACKSON - 000157,23,1.0000000000,40.0000000000,40.0000000000,1,KANSAS CITY,KANSAS CITY|JACKSON
JACKSON - 000158,23,1.0000000000,5.0000000000,5.0000000000,1,KANSAS CITY,KANSAS CITY|JACKSON
JACKSON - 000159,24,1.0000000000,17.0000000000,17.0000000000,1,KANSAS CITY,KANSAS CITY|JACKSON
JACKSON - 000160,25,1.0000000000,27.0000000000,27.0000000000,1,KANSAS CITY,KANSAS CITY|JACKSON
JACKSON - 000161,25,0.9615384615,25.0000000000,26.0000000000,1,KANSAS CITY,KANSAS CITY|JACKSON
JACKSON - 000161,26,0.0384615385,1.0000000000,26.0000000000,1,KANSAS CITY,KANSAS CITY|JACKSON
JACKSON - 000162,26,1.0000000000,29.0000000000,29.0000000000,1,KANSAS CITY,KANSAS CITY|JACKSON
JACKSON - 000163,26,1.0000000000,14.0000000000,14.0000000000,1,KANSAS CITY,KANSAS CITY|JACKSON
JACKSON - 000164,25,1.0000000000,14.0000000000,14.0000000000,1,KANSAS CITY,KANSAS CITY|JACKSON
JACKSON - 000165,25,1.0000000000,21.0000000000,21.0000000000,1,KANSAS CITY,KANSAS CITY|JACKSON
JACKSON - 000166,37,1.0000000000,13.0000000000,13.0000000000,1,KANSAS CITY,KANSAS CITY|JACKSON
JACKSON - 000167,26,0.1875000000,3.0000000000,16.0000000000,1,KANSAS CITY,KANSAS CITY|JACKSON
JACKSON - 000167,37,0.8125000000,13.0000000000,16.0000000000,1,KANSAS CITY,KANSAS CITY|JACKSON
JACKSON - 000168,26,0.4736842105,9.0000000000,19.0000000000,1,KANSAS CITY,KANSAS CITY|JACKSON
JACKSON - 000168,37,0.5263157895,10.0000000000,19.0000000000,1,KANSAS CITY,KANSAS CITY|JACKSON
JACKSON - 000169,26,0.0434782609,1.0000000000,22.9999999999,1,KANSAS CITY,KANSAS CITY|JACKSON
JACKSON - 000169,37,0.9565217391,21.9999999999,22.9999999999,1,KANSAS CITY,KANSAS CITY|JACKSON
JACKSON - 000170,26,1.0000000000,11.0000000000,11.0000000000,1,KANSAS CITY,KANSAS CITY|JACKSON
JACKSON - 000171,26,1.0000000000,1.0000000000,1.0000000000,1,KANSAS CITY,KANSAS CITY|JACKSON
JACKSON - 000172,37,1.0000000000,1.0000000000,1.0000000000,1,KANSAS CITY,KANSAS CITY|JACKSON
JACKSON - 000173,37,1.0000000000,1.0000000000,1.0000000000,1,KANSAS CITY,KANSAS CITY|JACKSON
JACKSON - 000174,37,1.0000000000,13.0000000000,13.0000000000,1,KANSAS CITY,KANSAS CITY|JACKSON
JACKSON - 000175,19,0.9315068493,68.0000000000,73.0000000000,1,KANSAS CITY,KANSAS CITY|JACKSON
JACKSON - 000175,23,0.0684931507,5.0000000000,73.0000000000,1,KANSAS CITY,KANSAS CITY|JACKSON
JACKSON - 000176,19,1.0000000000,74.0000000000,74.0000000000,1,KANSAS CITY,KANSAS CITY|JACKSON
JACKSON - 000177,19,0.2600000000,13.0000000000,50.0000000000,1,KANSAS CITY,KANSAS CITY|JACKSON
JACKSON - 000177,23,0.7400000000,37.0000000000,50.0000000000,1,KANSAS CITY,KANSAS CITY|JACKSON
JACKSON - 000178,19,0.5000000000,6.0000000000,12.0000000000,1,KANSAS CITY,KANSAS CITY|JACKSON
JACKSON - 000178,23,0.5000000000,6.0000000000,12.0000000000,1,KANSAS CITY,KANSAS CITY|JACKSON
JACKSON - 000179,19,1.0000000000,38.0000000000,38.0000000000,1,KANSAS CITY,KANSAS CITY|JACKSON
JACKSON - 000180,19,1.0000000000,18.0000000000,18.0000000000,1,KANSAS CITY,KANSAS CITY|JACKSON
JACKSON - 000181,19,1.0000000000,33.0000000000,33.0000000000,1,KANSAS CITY,KANSAS CITY|JACKSON
JACKSON - 000182,23,1.0000000000,12.0000000000,12.0000000000,1,KANSAS CITY,KANSAS CITY|JACKSON
JACKSON - 000183,19,1.0000000000,7.0000000000,7.0000000000,1,KANSAS CITY,KANSAS CITY|JACKSON
JACKSON - 000184,19,1.0000000000,24.0000000000,24.0000000000,1,KANSAS CITY,KANSAS CITY|JACKSON
JACKSON - 000185,19,0.2916666667,7.0000000000,24.0000000000,1,KANSAS CITY,KANSAS CITY|JACKSON
JACKSON - 000185,23,0.7083333333,17.0000000000,24.0000000000,1,KANSAS CITY,KANSAS CITY|JACKSON
JACKSON - 000186,19,1.0000000000,27.0000000000,27.0000000000,1,KANSAS CITY,KANSAS CITY|JACKSON
JACKSON - 000187,19,1.0000000000,16.0000000000,16.0000000000,1,KANSAS CITY,KANSAS CITY|JACKSON
JACKSON - 000188,19,1.0000000000,24.0000000000,24.0000000000,1,KANSAS CITY,KANSAS CITY|JACKSON
JACKSON - 000189,19,1.0000000000,16.0000000000,16.0000000000,1,KANSAS CITY,KANSAS CITY|JACKSON
JACKSON - 000190,19,1.0000000000,17.0000000000,17.0000000000,1,KANSAS CITY,KANSAS CITY|JACKSON
JACKSON - 000191,19,1.0000000000,32.0000000000,32.0000000000,1,KANSAS CITY,KANSAS CITY|JACKSON
JACKSON - 000192,19,1.0000000000,16.0000000000,16.0000000000,1,KANSAS CITY,KANSAS CITY|JACKSON
JACKSON - 000193,19,1.0000000000,19.0000000000,19.0000000000,1,KANSAS CITY,KANSAS CITY|JACKSON
JACKSON - 000194,19,1.0000000000,9.0000000000,9.0000000000,1,KANSAS CITY,KANSAS CITY|JACKSON
JACKSON - 000195,19,1.0000000000,23.0000000000,23.0000000000,1,KANSAS CITY,KANSAS CITY|JACKSON
JACKSON - 000196,19,1.0000000000,146.9999999999,146.9999999999,1,KANSAS CITY,KANSAS CITY|JACKSON
JACKSON - 000197,19,1.0000000000,57.0000000000,57.0000000000,1,KANSAS CITY,KANSAS CITY|JACKSON
JACKSON - 000198,19,1.0000000000,41.0000000000,41.0000000000,1,KANSAS CITY,KANSAS CITY|JACKSON
JACKSON - 000199,19,1.0000000000,5.0000000000,5.0000000000,1,KANSAS CITY,KANSAS CITY|JACKSON
JACKSON - 000200,19,1.0000000000,6.0000000000,6.0000000000,1,KANSAS CITY,KANSAS CITY|JACKSON
JACKSON - 000201,19,0.8775510204,43.0000000000,49.0000000000,1,KANSAS CITY,KANSAS CITY|JACKSON
JACKSON - 000201,23,0.1224489796,6.0000000000,49.0000000000,1,KANSAS CITY,KANSAS CITY|JACKSON
JACKSON - 000202,19,0.9538461538,62.0000000000,65.0000000000,1,KANSAS CITY,KANSAS CITY|JACKSON
JACKSON - 000202,23,0.0461538462,3.0000000000,65.0000000000,1,KANSAS CITY,KANSAS CITY|JACKSON
JACKSON - 000203,19,0.8903196193,47.1869398207,53.0000000000,1,KANSAS CITY,KANSAS CITY|JACKSON
JACKSON - 000203,23,0.1096803807,5.8130601793,53.0000000000,1,KANSAS CITY,KANSAS CITY|JACKSON
JACKSON - 000204,19,0.2222222222,12.0000000000,54.0000000000,1,KANSAS CITY,KANSAS CITY|JACKSON
JACKSON - 000204,23,0.7777777778,42.0000000000,54.0000000000,1,KANSAS CITY,KANSAS CITY|JACKSON
JACKSON - 000205,23,1.0000000000,60.0000000000,60.0000000000,1,KANSAS CITY,KANSAS CITY|JACKSON
JACKSON - 000206,19,0.2542372881,15.0000000000,59.0000000000,1,KANSAS CITY,KANSAS CITY|JACKSON
JACKSON - 000206,23,0.7457627119,44.0000000000,59.0000000000,1,KANSAS CITY,KANSAS CITY|JACKSON
JACKSON - 000207,23,1.0000000000,45.0000000000,45.0000000000,1,KANSAS CITY,KANSAS CITY|JACKSON
JACKSON - 000208,23,1.0000000000,19.0000000000,19.0000000000,1,KANSAS CITY,KANSAS CITY|JACKSON
JACKSON - 000209,23,1.0000000000,44.0000000000,44.0000000000,1,KANSAS CITY,KANSAS CITY|JACKSON
JACKSON - 000210,23,1.0000000000,22.0000000000,22.0000000000,1,KANSAS CITY,KANSAS CITY|JACKSON
JACKSON - 000211,23,1.0000000000,25.0000000000,25.0000000000,1,KANSAS CITY,KANSAS CITY|JACKSON
JACKSON - 000212,23,1.0000000000,40.0000000000,40.0000000000,1,KANSAS CITY,KANSAS CITY|JACKSON
JACKSON - 000213,23,1.0000000000,30.0000000000,30.0000000000,1,KANSAS CITY,KANSAS CITY|JACKSON
JACKSON - 000214,23,1.0000000000,17.0000000000,17.0000000000,1,KANSAS CITY,KANSAS CITY|JACKSON
JACKSON - 000215,23,1.0000000000,13.0000000000,13.0000000000,1,KANSAS CITY,KANSAS CITY|JACKSON
JACKSON - 000216,23,1.0000000000,17.0000000000,17.0000000000,1,KANSAS CITY,KANSAS CITY|JACKSON
JACKSON - 000217,23,1.0000000000,31.0000000000,31.0000000000,1,KANSAS CITY,KANSAS CITY|JACKSON
JACKSON - 000218,23,1.0000000000,16.0000000000,16.0000000000,1,KANSAS CITY,KANSAS CITY|JACKSON
JACKSON - 000219,23,1.0000000000,13.0000000000,13.0000000000,1,KANSAS CITY,KANSAS CITY|JACKSON
JACKSON - 000220,22,0.5882352941,10.0000000000,17.0000000000,1,KANSAS CITY,KANSAS CITY|JACKSON
JACKSON - 000220,23,0.4117647059,7.0000000000,17.0000000000,1,KANSAS CITY,KANSAS CITY|JACKSON
JACKSON - 000221,22,1.0000000000,14.0000000000,14.0000000000,1,KANSAS CITY,KANSAS CITY|JACKSON
JACKSON - 000222,22,0.3333333333,6.0000000000,18.0000000000,1,KANSAS CITY,KANSAS CITY|JACKSON
JACKSON - 000222,23,0.6666666667,12.0000000000,18.0000000000,1,KANSAS CITY,KANSAS CITY|JACKSON
JACKSON - 000223,22,0.2222222222,4.0000000000,18.0000000000,1,KANSAS CITY,KANSAS CITY|JACKSON
JACKSON - 000223,23,0.7777777778,14.0000000000,18.0000000000,1,KANSAS CITY,KANSAS CITY|JACKSON
JACKSON - 000224,22,1.0000000000,6.0000000000,6.0000000000,1,KANSAS CITY,KANSAS CITY|JACKSON
JACKSON - 000225,19,0.4117647059,28.0000000000,68.0000000000,1,KANSAS CITY,KANSAS CITY|JACKSON
JACKSON - 000225,22,0.2249761225,15.2983763292,68.0000000000,1,KANSAS CITY,KANSAS CITY|JACKSON
JACKSON - 000225,23,0.3632591716,24.7016236708,68.0000000000,1,KANSAS CITY,KANSAS CITY|JACKSON
JACKSON - 000226,22,1.0000000000,26.0000000000,26.0000000000,1,KANSAS CITY,KANSAS CITY|JACKSON
JACKSON - 000227,22,1.0000000000,19.0000000000,19.0000000000,1,KANSAS CITY,KANSAS CITY|JACKSON
JACKSON - 000228,22,1.0000000000,26.0000000000,26.0000000000,1,KANSAS CITY,KANSAS CITY|JACKSON
JACKSON - 000229,22,1.0000000000,11.9999999999,11.9999999999,1,KANSAS CITY,KANSAS CITY|JACKSON
JACKSON - 000230,22,0.8181818182,18.0000000000,22.0000000000,1,KANSAS CITY,KANSAS CITY|JACKSON
JACKSON - 000230,23,0.1818181818,4.0000000000,22.0000000000,1,KANSAS CITY,KANSAS CITY|JACKSON
JACKSON - 000231,22,1.0000000000,17.9999999999,17.9999999999,1,KANSAS CITY,KANSAS CITY|JACKSON
JACKSON - 000232,22,1.0000000000,22.0000000000,22.0000000000,1,KANSAS CITY,KANSAS CITY|JACKSON
JACKSON - 000233,22,1.0000000000,29.0000000000,29.0000000000,1,KANSAS CITY,KANSAS CITY|JACKSON
JACKSON - 000234,22,0.0312500000,1.0000000000,32.0000000000,1,KANSAS CITY,KANSAS CITY|JACKSON
JACKSON - 000234,27,0.9687500000,31.0000000000,32.0000000000,1,KANSAS CITY,KANSAS CITY|JACKSON
JACKSON - 000235,27,1.0000000000,4.0000000000,4.0000000000,1,KANSAS CITY,KANSAS CITY|JACKSON
JACKSON - 000236,27,1.0000000000,4.0000000000,4.0000000000,1,KANSAS CITY,KANSAS CITY|JACKSON
JACKSON - 000237,27,1.0000000000,6.0000000000,6.0000000000,1,KANSAS CITY,KANSAS CITY|JACKSON
JACKSON - 000238,27,1.0000000000,5.0000000000,5.0000000000,1,KANSAS CITY,KANSAS CITY|JACKSON
JACKSON - 000239,27,1.0000000000,7.0000000000,7.0000000000,1,KANSAS CITY,KANSAS CITY|JACKSON
JACKSON - 000240,27,1.0000000000,8.0000000000,8.0000000000,1,KANSAS CITY,KANSAS CITY|JACKSON
JACKSON - 000241,27,1.0000000000,21.0000000000,21.0000000000,1,KANSAS CITY,KANSAS CITY|JACKSON
JACKSON - 000242,27,1.0000000000,24.0000000000,24.0000000000,1,KANSAS CITY,KANSAS CITY|JACKSON
JACKSON - 000243,22,0.8461538462,22.0000000000,26.0000000000,1,KANSAS CITY,KANSAS CITY|JACKSON
JACKSON - 000243,27,0.1538461538,4.0000000000,26.0000000000,1,KANSAS CITY,KANSAS CITY|JACKSON
JACKSON - 000244,27,1.0000000000,22.0000000000,22.0000000000,1,KANSAS CITY,KANSAS CITY|JACKSON
JACKSON - 000245,22,0.4285339429,5.9994752007,14.0000000000,1,KANSAS CITY,KANSAS CITY|JACKSON
JACKSON - 000245,27,0.5714660571,8.0005247993,14.0000000000,1,KANSAS CITY,KANSAS CITY|JACKSON
JACKSON - 000246,27,1.0000000000,35.0000000000,35.0000000000,1,KANSAS CITY,KANSAS CITY|JACKSON
JACKSON - 000247,27,1.0000000000,18.0000000000,18.0000000000,1,KANSAS CITY,KANSAS CITY|JACKSON
JACKSON - 000248,27,1.0000000000,6.0000000000,6.0000000000,1,KANSAS CITY,KANSAS CITY|JACKSON
JACKSON - 000249,27,1.0000000000,11.0000000000,11.0000000000,1,KANSAS CITY,KANSAS CITY|JACKSON
JACKSON - 000250,27,1.0000000000,5.0000000000,5.0000000000,1,KANSAS CITY,KANSAS CITY|JACKSON
JACKSON - 000251,27,1.0000000000,12.0000000000,12.0000000000,1,KANSAS CITY,KANSAS CITY|JACKSON
JACKSON - 000252,27,1.0000000000,16.0000000000,16.0000000000,1,KANSAS CITY,KANSAS CITY|JACKSON
JACKSON - 000253,27,1.0000000000,24.0000000000,24.0000000000,1,KANSAS CITY,KANSAS CITY|JACKSON
JACKSON - 000254,27,1.0000000000,22.0000000000,22.0000000000,1,KANSAS CITY,KANSAS CITY|JACKSON
JACKSON - 000255,27,1.0000000000,30.0000000000,30.0000000000,1,KANSAS CITY,KANSAS CITY|JACKSON
JACKSON - 000256,27,1.0000000000,27.0000000000,27.0000000000,1,KANSAS CITY,KANSAS CITY|JACKSON
JACKSON - 000257,27,1.0000000000,17.0000000000,17.0000000000,1,KANSAS CITY,KANSAS CITY|JACKSON
JACKSON - 000258,27,1.0000000000,25.0000000000,25.0000000000,1,KANSAS CITY,KANSAS CITY|JACKSON
JACKSON - 000259,27,1.0000000000,90.0000000000,90.0000000000,1,KANSAS CITY,KANSAS CITY|JACKSON
JACKSON - 000260,27,1.0000000000,20.0000000000,20.0000000000,1,KANSAS CITY,KANSAS CITY|JACKSON
JACKSON - 000261,27,1.0000000000,46.0000000000,46.0000000000,1,KANSAS CITY,KANSAS CITY|JACKSON
JACKSON - 000262,27,1.0000000000,1.0000000000,1.0000000000,1,KANSAS CITY,KANSAS CITY|JACKSON
JACKSON - 000263,27,1.0000000000,9.0000000000,9.0000000000,1,KANSAS CITY,KANSAS CITY|JACKSON
JACKSON - 000264,27,1.0000000000,1.0000000000,1.0000000000,1,KANSAS CITY,KANSAS CITY|JACKSON
JACKSON - 000265,26,1.0000000000,26.0000000000,26.0000000000,1,KANSAS CITY,KANSAS CITY|JACKSON
JACKSON - 000266,27,1.0000000000,30.0000000000,30.0000000000,1,KANSAS CITY,KANSAS CITY|JACKSON
JACKSON - 000267,27,1.0000000000,34.0000000000,34.0000000000,1,KANSAS CITY,KANSAS CITY|JACKSON
JACKSON - 000268,27,1.0000000000,29.0000000000,29.0000000000,1,KANSAS CITY,KANSAS CITY|JACKSON
JACKSON - 000269,26,1.0000000000,12.0000000000,12.0000000000,1,KANSAS CITY,KANSAS CITY|JACKSON
JACKSON - 000270,26,0.9534883721,41.0000000000,43.0000000000,1,KANSAS CITY,KANSAS CITY|JACKSON
JACKSON - 000270,27,0.0465116279,2.0000000000,43.0000000000,1,KANSAS CITY,KANSAS CITY|JACKSON
JACKSON - 000271,26,1.0000000000,24.0000000000,24.0000000000,1,KANSAS CITY,KANSAS CITY|JACKSON
JACKSON - 000272,26,1.0000000000,37.0000000000,37.0000000000,1,KANSAS CITY,KANSAS CITY|JACKSON
JACKSON - 000273,26,1.0000000000,20.0000000000,20.0000000000,1,KANSAS CITY,KANSAS CITY|JACKSON
JACKSON - 000274,26,1.0000000000,9.0000000000,9.0000000000,1,KANSAS CITY,KANSAS CITY|JACKSON
JACKSON - 000275,26,1.0000000000,19.0000000000,19.0000000000,1,KANSAS CITY,KANSAS CITY|JACKSON
JACKSON - 000276,26,1.0000000000,23.0000000000,23.0000000000,1,KANSAS CITY,KANSAS CITY|JACKSON
JACKSON - 000277,27,1.0000000000,13.9999999999,13.9999999999,1,KANSAS CITY,KANSAS CITY|JACKSON
JACKSON - 000278,27,1.0000000000,15.0000000000,15.0000000000,1,KANSAS CITY,KANSAS CITY|JACKSON
JACKSON - 000279,26,1.0000000000,12.0000000000,12.0000000000,1,KANSAS CITY,KANSAS CITY|JACKSON
JACKSON - 000280,26,1.0000000000,3.0000000000,3.0000000000,1,KANSAS CITY,KANSAS CITY|JACKSON
JACKSON - 000281,26,1.0000000000,8.0000000000,8.0000000000,1,KANSAS CITY,KANSAS CITY|JACKSON
JACKSON - 000282,26,1.0000000000,46.0000000000,46.0000000000,1,KANSAS CITY,KANSAS CITY|JACKSON
JACKSON - 000283,26,1.0000000000,16.0000000000,16.0000000000,1,KANSAS CITY,KANSAS CITY|JACKSON
JACKSON - 000284,26,1.0000000000,9.0000000000,9.0000000000,1,KANSAS CITY,KANSAS CITY|JACKSON
JACKSON - 000285,26,1.0000000000,25.0000000000,25.0000000000,1,KANSAS CITY,KANSAS CITY|JACKSON
JACKSON - 000286,26,1.0000000000,32.0000000000,32.0000000000,1,KANSAS CITY,KANSAS CITY|JACKSON
JACKSON - 000287,26,1.0000000000,30.0000000000,30.0000000000,1,KANSAS CITY,KANSAS CITY|JACKSON
JACKSON - 000288,26,1.0000000000,29.0000000000,29.0000000000,1,KANSAS CITY,KANSAS CITY|JACKSON
JACKSON - 000289,26,1.0000000000,8.0000000000,8.0000000000,1,KANSAS CITY,KANSAS CITY|JACKSON
JACKSON - 000290,26,0.9166666667,11.0000000000,12.0000000000,1,KANSAS CITY,KANSAS CITY|JACKSON
JACKSON - 000290,37,0.0833333333,1.0000000000,12.0000000000,1,KANSAS CITY,KANSAS CITY|JACKSON
JACKSON - 000291,37,1.0000000000,34.0000000000,34.0000000000,1,KANSAS CITY,KANSAS CITY|JACKSON
JACKSON - 000292,26,0.8000000000,4.0000000000,5.0000000000,1,KANSAS CITY,KANSAS CITY|JACKSON
JACKSON - 000292,27,0.2000000000,1.0000000000,5.0000000000,1,KANSAS CITY,KANSAS CITY|JACKSON
JACKSON - 000293,26,1.0000000000,9.0000000000,9.0000000000,1,KANSAS CITY,KANSAS CITY|JACKSON
JACKSON - 000294,26,1.0000000000,2.0000000000,2.0000000000,1,KANSAS CITY,KANSAS CITY|JACKSON
JACKSON - 000295,26,0.8888888889,16.0000000000,18.0000000000,1,KANSAS CITY,KANSAS CITY|JACKSON
JACKSON - 000295,37,0.1111111111,2.0000000000,18.0000000000,1,KANSAS CITY,KANSAS CITY|JACKSON
JACKSON - 000296,25,0.8710885485,19.1639480677,22.0000000000,1,KANSAS CITY,KANSAS CITY|JACKSON
JACKSON - 000296,26,0.1289114515,2.8360519323,22.0000000000,1,KANSAS CITY,KANSAS CITY|JACKSON
JACKSON - 000297,25,0.6666666667,8.0000000000,12.0000000000,1,KANSAS CITY,KANSAS CITY|JACKSON
JACKSON - 000297,26,0.3333333333,4.0000000000,12.0000000000,1,KANSAS CITY,KANSAS CITY|JACKSON
JACKSON - 000298,23,1.0000000000,28.0000000000,28.0000000000,1,KANSAS CITY,KANSAS CITY|JACKSON
JACKSON - 000299,23,1.0000000000,28.0000000000,28.0000000000,1,KANSAS CITY,KANSAS CITY|JACKSON
JACKSON - 000300,23,1.0000000000,57.0000000000,57.0000000000,1,KANSAS CITY,KANSAS CITY|JACKSON
JACKSON - 000301,23,1.0000000000,83.0000000000,83.0000000000,1,KANSAS CITY,KANSAS CITY|JACKSON
JACKSON - 000302,22,0.0392156863,2.0000000000,51.0000000000,1,KANSAS CITY,KANSAS CITY|JACKSON
JACKSON - 000302,23,0.8431372549,43.0000000000,51.0000000000,1,KANSAS CITY,KANSAS CITY|JACKSON
JACKSON - 000302,24,0.1176470588,6.0000000000,51.0000000000,1,KANSAS CITY,KANSAS CITY|JACKSON
JACKSON - 000303,23,1.0000000000,12.0000000000,12.0000000000,1,KANSAS CITY,KANSAS CITY|JACKSON
JACKSON - 000304,23,1.0000000000,31.0000000000,31.0000000000,1,KANSAS CITY,KANSAS CITY|JACKSON
JACKSON - 000305,23,1.0000000000,31.0000000000,31.0000000000,1,KANSAS CITY,KANSAS CITY|JACKSON
JACKSON - 000306,23,1.0000000000,30.0000000000,30.0000000000,1,KANSAS CITY,KANSAS CITY|JACKSON
JACKSON - 000307,23,1.0000000000,28.0000000000,28.0000000000,1,KANSAS CITY,KANSAS CITY|JACKSON
JACKSON - 000308,19,0.0111111111,1.0000000000,90.0000000000,1,KANSAS CITY,KANSAS CITY|JACKSON
JACKSON - 000308,23,0.9888888889,89.0000000000,90.0000000000,1,KANSAS CITY,KANSAS CITY|JACKSON
JACKSON - 000309,19,0.3043478261,7.0000000000,23.0000000000,1,KANSAS CITY,KANSAS CITY|JACKSON
JACKSON - 000309,23,0.6956521739,16.0000000000,23.0000000000,1,KANSAS CITY,KANSAS CITY|JACKSON
JACKSON - 000310,19,0.7500000000,6.0000000000,8.0000000000,1,KANSAS CITY,KANSAS CITY|JACKSON
JACKSON - 000310,23,0.2500000000,2.0000000000,8.0000000000,1,KANSAS CITY,KANSAS CITY|JACKSON
JACKSON - 000311,23,0.9069767442,39.0000000000,43.0000000000,1,KANSAS CITY,KANSAS CITY|JACKSON
JACKSON - 000311,24,0.0930232558,4.0000000000,43.0000000000,1,KANSAS CITY,KANSAS CITY|JACKSON
JACKSON - 000312,23,1.0000000000,23.0000000000,23.0000000000,1,KANSAS CITY,KANSAS CITY|JACKSON
JACKSON - 000313,19,1.0000000000,3.0000000000,3.0000000000,1,KANSAS CITY,KANSAS CITY|JACKSON
JACKSON - 000314,37,1.0000000000,28.0000000000,28.0000000000,1,KANSAS CITY,KANSAS CITY|JACKSON
JACKSON - 000315,37,1.0000000000,41.0000000000,41.0000000000,1,KANSAS CITY,KANSAS CITY|JACKSON
JACKSON - 000316,37,1.0000000000,41.0000000000,41.0000000000,1,KANSAS CITY,KANSAS CITY|JACKSON
JACKSON - 000317,37,1.0000000000,19.0000000000,19.0000000000,1,KANSAS CITY,KANSAS CITY|JACKSON
JACKSON - 000318,37,1.0000000000,15.0000000000,15.0000000000,1,KANSAS CITY,KANSAS CITY|JACKSON
JACKSON - 000319,37,1.0000000000,22.0000000000,22.0000000000,1,KANSAS CITY,KANSAS CITY|JACKSON
JACKSON - 000320,36,1.0000000000,10.0000000000,10.0000000000,1,KANSAS CITY,KANSAS CITY|JACKSON
JACKSON - 000321,36,0.0526315789,1.0000000000,19.0000000001,1,KANSAS CITY,KANSAS CITY|JACKSON
JACKSON - 000321,37,0.9473684211,18.0000000001,19.0000000001,1,KANSAS CITY,KANSAS CITY|JACKSON
JACKSON - 000322,37,1.0000000000,53.0000000000,53.0000000000,1,KANSAS CITY,KANSAS CITY|JACKSON
JACKSON - 000323,36,0.5714285714,4.0000000000,7.0000000000,1,KANSAS CITY,KANSAS CITY|JACKSON
JACKSON - 000323,37,0.4285714286,3.0000000000,7.0000000000,1,KANSAS CITY,KANSAS CITY|JACKSON
JACKSON - 000324,37,1.0000000000,31.0000000000,31.0000000000,1,KANSAS CITY,KANSAS CITY|JACKSON
JACKSON - 000325,37,1.0000000000,14.0000000000,14.0000000000,1,KANSAS CITY,KANSAS CITY|JACKSON
JACKSON - 000326,36,0.0512820513,2.0000000000,39.0000000000,1,KANSAS CITY,KANSAS CITY|JACKSON
JACKSON - 000326,37,0.9487179487,37.0000000000,39.0000000000,1,KANSAS CITY,KANSAS CITY|JACKSON
JACKSON - 000327,37,1.0000000000,13.0000000000,13.0000000000,1,KANSAS CITY,KANSAS CITY|JACKSON
JACKSON - 000328,36,1.0000000000,21.0000000000,21.0000000000,1,KANSAS CITY,KANSAS CITY|JACKSON
JACKSON - 000329,36,1.0000000000,27.0000000000,27.0000000000,1,KANSAS CITY,KANSAS CITY|JACKSON
JACKSON - 000330,36,1.0000000000,24.0000000000,24.0000000000,1,KANSAS CITY,KANSAS CITY|JACKSON
JACKSON - 000331,36,1.0000000000,13.0000000000,13.0000000000,1,KANSAS CITY,KANSAS CITY|JACKSON
JACKSON - 000332,36,0.9130434783,21.0000000000,23.0000000000,1,KANSAS CITY,KANSAS CITY|JACKSON
JACKSON - 000332,37,0.0869565217,2.0000000000,23.0000000000,1,KANSAS CITY,KANSAS CITY|JACKSON
JACKSON - 000333,36,1.0000000000,30.0000000000,30.0000000000,1,KANSAS CITY,KANSAS CITY|JACKSON
JACKSON - 000334,36,1.0000000000,13.0000000000,13.0000000000,1,KANSAS CITY,KANSAS CITY|JACKSON
JACKSON - 000335,36,1.0000000000,78.0000000000,78.0000000000,1,KANSAS CITY,KANSAS CITY|JACKSON
JACKSON - 000336,37,1.0000000000,4.0000000000,4.0000000000,1,KANSAS CITY,KANSAS CITY|JACKSON
JACKSON - 000337,22,1.0000000000,6.0000000000,6.0000000000,1,KANSAS CITY,KANSAS CITY|JACKSON
JACKSON - 000338,19,0.9800000000,49.0000000000,50.0000000000,1,KANSAS CITY,KANSAS CITY|JACKSON
JACKSON - 000338,22,0.0200000000,1.0000000000,50.0000000000,1,KANSAS CITY,KANSAS CITY|JACKSON
JACKSON - 000339,19,0.0250000000,1.0000000000,40.0000000000,1,KANSAS CITY,KANSAS CITY|JACKSON
JACKSON - 000339,22,0.9750000000,39.0000000000,40.0000000000,1,KANSAS CITY,KANSAS CITY|JACKSON
JACKSON - 000340,28,1.0000000000,2.0000000000,2.0000000000,1,KANSAS CITY,KANSAS CITY|JACKSON
JACKSON - 000341,28,1.0000000000,35.0000000000,35.0000000000,1,KANSAS CITY,KANSAS CITY|JACKSON
JACKSON - 000342,28,1.0000000000,23.0000000000,23.0000000000,1,KANSAS CITY,KANSAS CITY|JACKSON
JACKSON - 000343,22,0.0344827586,1.0000000000,29.0000000000,1,KANSAS CITY,KANSAS CITY|JACKSON
JACKSON - 000343,28,0.9655172414,28.0000000000,29.0000000000,1,KANSAS CITY,KANSAS CITY|JACKSON
JACKSON - 000344,22,0.7142857143,10.0000000000,14.0000000000,1,KANSAS CITY,KANSAS CITY|JACKSON
JACKSON - 000344,28,0.2857142857,4.0000000000,14.0000000000,1,KANSAS CITY,KANSAS CITY|JACKSON
JACKSON - 000345,28,1.0000000000,17.0000000000,17.0000000000,1,KANSAS CITY,KANSAS CITY|JACKSON
JACKSON - 000346,22,0.8333333333,10.0000000000,12.0000000000,1,KANSAS CITY,KANSAS CITY|JACKSON
JACKSON - 000346,28,0.1666666667,2.0000000000,12.0000000000,1,KANSAS CITY,KANSAS CITY|JACKSON
JACKSON - 000347,27,0.2000000000,2.0000000000,10.0000000000,1,KANSAS CITY,KANSAS CITY|JACKSON
JACKSON - 000347,28,0.8000000000,8.0000000000,10.0000000000,1,KANSAS CITY,KANSAS CITY|JACKSON
JACKSON - 000348,22,0.3333333333,12.0000000000,36.0000000000,1,KANSAS CITY,KANSAS CITY|JACKSON
JACKSON - 000348,27,0.6666666667,24.0000000000,36.0000000000,1,KANSAS CITY,KANSAS CITY|JACKSON
JACKSON - 000349,27,0.8095238095,17.0000000000,21.0000000000,1,KANSAS CITY,KANSAS CITY|JACKSON
JACKSON - 000349,28,0.1904761905,4.0000000000,21.0000000000,1,KANSAS CITY,KANSAS CITY|JACKSON
JACKSON - 000350,27,1.0000000000,17.0000000000,17.0000000000,1,KANSAS CITY,KANSAS CITY|JACKSON
JACKSON - 000351,27,1.0000000000,6.0000000000,6.0000000000,1,KANSAS CITY,KANSAS CITY|JACKSON
JACKSON - 000352,28,1.0000000000,1.0000000000,1.0000000000,1,KANSAS CITY,KANSAS CITY|JACKSON
JACKSON - 000353,22,1.0000000000,41.0000000000,41.0000000000,1,KANSAS CITY,KANSAS CITY|JACKSON
JACKSON - 000354,28,1.0000000000,13.0000000000,13.0000000000,1,KANSAS CITY,KANSAS CITY|JACKSON
JACKSON - 000355,35,1.0000000000,17.0000000000,17.0000000000,1,KANSAS CITY,KANSAS CITY|JACKSON
JACKSON - 000356,35,1.0000000000,14.0000000000,14.0000000000,1,KANSAS CITY,KANSAS CITY|JACKSON
JACKSON - 000357,35,1.0000000000,19.0000000000,19.0000000000,1,KANSAS CITY,KANSAS CITY|JACKSON
JACKSON - 000358,35,1.0000000000,47.0000000000,47.0000000000,1,KANSAS CITY,KANSAS CITY|JACKSON
JACKSON - 000359,35,1.0000000000,29.0000000000,29.0000000000,1,KANSAS CITY,KANSAS CITY|JACKSON
JACKSON - 000360,35,1.0000000000,7.0000000000,7.0000000000,1,KANSAS CITY,KANSAS CITY|JACKSON
JACKSON - 000361,35,1.0000000000,6.0000000000,6.0000000000,1,KANSAS CITY,KANSAS CITY|JACKSON
JACKSON - 000362,35,1.0000000000,32.0000000001,32.0000000001,1,KANSAS CITY,KANSAS CITY|JACKSON
JACKSON - 000363,35,1.0000000000,4.0000000000,4.0000000000,1,KANSAS CITY,KANSAS CITY|JACKSON
JACKSON - 000364,35,1.0000000000,34.0000000000,34.0000000000,1,KANSAS CITY,KANSAS CITY|JACKSON
JACKSON - 000365,35,1.0000000000,12.0000000000,12.0000000000,1,KANSAS CITY,KANSAS CITY|JACKSON
JACKSON - 000366,35,1.0000000000,10.0000000000,10.0000000000,1,KANSAS CITY,KANSAS CITY|JACKSON
JACKSON - 000367,35,1.0000000000,2.0000000000,2.0000000000,1,KANSAS CITY,KANSAS CITY|JACKSON
JACKSON - 000368,35,1.0000000000,3.0000000000,3.0000000000,1,KANSAS CITY,KANSAS CITY|JACKSON
JACKSON - 000369,35,1.0000000000,14.0000000000,14.0000000000,1,KANSAS CITY,KANSAS CITY|JACKSON
JACKSON - 000370,35,1.0000000000,15.0000000000,15.0000000000,1,KANSAS CITY,KANSAS CITY|JACKSON
JACKSON - 000371,35,1.0000000000,17.0000000000,17.0000000000,1,KANSAS CITY,KANSAS CITY|JACKSON
JACKSON - 000372,35,1.0000000000,9.0000000000,9.0000000000,1,KANSAS CITY,KANSAS CITY|JACKSON
JACKSON - 000373,35,1.0000000000,5.0000000000,5.0000000000,1,KANSAS CITY,KANSAS CITY|JACKSON
JACKSON - 000374,26,0.5714285714,8.0000000000,14.0000000000,1,KANSAS CITY,KANSAS CITY|JACKSON
JACKSON - 000374,35,0.4285714286,6.0000000000,14.0000000000,1,KANSAS CITY,KANSAS CITY|JACKSON
JACKSON - 000375,26,1.0000000000,11.0000000000,11.0000000000,1,KANSAS CITY,KANSAS CITY|JACKSON
JACKSON - 000376,35,1.0000000000,5.0000000000,5.0000000000,1,KANSAS CITY,KANSAS CITY|JACKSON
JACKSON - 000377,35,1.0000000000,2.0000000000,2.0000000000,1,KANSAS CITY,KANSAS CITY|JACKSON
JACKSON - 000378,35,1.0000000000,1.0000000000,1.0000000000,1,KANSAS CITY,KANSAS CITY|JACKSON
JACKSON - 000379,35,1.0000000000,1.0000000000,1.0000000000,1,KANSAS CITY,KANSAS CITY|JACKSON
JACKSON - 000380,35,1.0000000000,3.0000000000,3.0000000000,1,KANSAS CITY,KANSAS CITY|JACKSON
JACKSON - 000381,35,1.0000000000,1.0000000000,1.0000000000,1,KANSAS CITY,KANSAS CITY|JACKSON
JACKSON - 000382,35,1.0000000000,1.0000000000,1.0000000000,1,KANSAS CITY,KANSAS CITY|JACKSON
JACKSON - 000383,35,1.0000000000,4.0000000000,4.0000000000,1,KANSAS CITY,KANSAS CITY|JACKSON
JACKSON - 000384,35,1.0000000000,5.0000000000,5.0000000000,1,KANSAS CITY,KANSAS CITY|JACKSON
JACKSON - 000385,35,1.0000000000,2.0000000000,2.0000000000,1,KANSAS CITY,KANSAS CITY|JACKSON
JACKSON - 000386,26,1.0000000000,19.0000000000,19.0000000000,1,KANSAS CITY,KANSAS CITY|JACKSON
JACKSON - 000387,37,1.0000000000,16.0000000000,16.0000000000,1,KANSAS CITY,KANSAS CITY|JACKSON
JACKSON - 000388,37,1.0000000000,27.0000000000,27.0000000000,1,KANSAS CITY,KANSAS CITY|JACKSON
JACKSON - 000389,35,0.6875000000,44.0000000000,64.0000000000,1,KANSAS CITY,KANSAS CITY|JACKSON
JACKSON - 000389,37,0.3125000000,20.0000000000,64.0000000000,1,KANSAS CITY,KANSAS CITY|JACKSON
JACKSON - 000390,37,1.0000000000,14.0000000000,14.0000000000,1,KANSAS CITY,KANSAS CITY|JACKSON
JACKSON - 000391,37,1.0000000000,15.0000000000,15.0000000000,1,KANSAS CITY,KANSAS CITY|JACKSON
JACKSON - 000392,37,1.0000000000,23.0000000000,23.0000000000,1,KANSAS CITY,KANSAS CITY|JACKSON
JACKSON - 000393,37,1.0000000000,21.0000000000,21.0000000000,1,KANSAS CITY,KANSAS CITY|JACKSON
JACKSON - 000394,37,1.0000000000,23.0000000000,23.0000000000,1,KANSAS CITY,KANSAS CITY|JACKSON
JACKSON - 000395,35,0.2352941176,8.0000000000,34.0000000000,1,KANSAS CITY,KANSAS CITY|JACKSON
JACKSON - 000395,37,0.7647058824,26.0000000000,34.0000000000,1,KANSAS CITY,KANSAS CITY|JACKSON
JACKSON - 000396,36,1.0000000000,32.0000000000,32.0000000000,1,KANSAS CITY,KANSAS CITY|JACKSON
JACKSON - 000397,35,0.0343374457,0.2060246743,6.0000000000,1,KANSAS CITY,KANSAS CITY|JACKSON
JACKSON - 000397,36,0.9656625543,5.7939753257,6.0000000000,1,KANSAS CITY,KANSAS CITY|JACKSON
JACKSON - 000398,35,0.1666666667,1.0000000000,6.0000000000,1,KANSAS CITY,KANSAS CITY|JACKSON
JACKSON - 000398,37,0.8333333333,5.0000000000,6.0000000000,1,KANSAS CITY,KANSAS CITY|JACKSON
JACKSON - 000399,26,0.9565217391,22.0000000000,23.0000000000,1,KANSAS CITY,KANSAS CITY|JACKSON
JACKSON - 000399,27,0.0434782609,1.0000000000,23.0000000000,1,KANSAS CITY,KANSAS CITY|JACKSON
JACKSON - 000400,26,1.0000000000,20.0000000000,20.0000000000,1,KANSAS CITY,KANSAS CITY|JACKSON
JACKSON - 000401,37,1.0000000000,10.0000000000,10.0000000000,1,KANSAS CITY,KANSAS CITY|JACKSON
JACKSON - 000402,26,1.0000000000,9.0000000000,9.0000000000,1,KANSAS CITY,KANSAS CITY|JACKSON
JACKSON - 000403,26,1.0000000000,21.0000000000,21.0000000000,1,KANSAS CITY,KANSAS CITY|JACKSON
JACKSON - 000404,26,1.0000000000,14.0000000000,14.0000000000,1,KANSAS CITY,KANSAS CITY|JACKSON
JACKSON - 000405,26,1.0000000000,16.0000000000,16.0000000000,1,KANSAS CITY,KANSAS CITY|JACKSON
JACKSON - 000406,26,0.7245022887,10.1430320413,13.9999999999,1,KANSAS CITY,KANSAS CITY|JACKSON
JACKSON - 000406,35,0.2754977113,3.8569679586,13.9999999999,1,KANSAS CITY,KANSAS CITY|JACKSON
JACKSON - 000407,26,0.9375000000,15.0000000000,16.0000000000,1,KANSAS CITY,KANSAS CITY|JACKSON
JACKSON - 000407,37,0.0625000000,1.0000000000,16.0000000000,1,KANSAS CITY,KANSAS CITY|JACKSON
JACKSON - 000408,26,0.6221926260,16.7992009030,27.0000000000,1,KANSAS CITY,KANSAS CITY|JACKSON
JACKSON - 000408,37,0.3778073740,10.2007990970,27.0000000000,1,KANSAS CITY,KANSAS CITY|JACKSON
JACKSON - 000409,37,1.0000000000,14.0000000000,14.0000000000,1,KANSAS CITY,KANSAS CITY|JACKSON
JACKSON - 000410,37,1.0000000000,14.0000000000,14.0000000000,1,KANSAS CITY,KANSAS CITY|JACKSON
JACKSON - 000411,26,1.0000000000,4.0000000000,4.0000000000,1,KANSAS CITY,KANSAS CITY|JACKSON
JACKSON - 000412,22,0.2941176471,5.0000000000,17.0000000000,1,KANSAS CITY,KANSAS CITY|JACKSON
JACKSON - 000412,24,0.7058823529,12.0000000000,17.0000000000,1,KANSAS CITY,KANSAS CITY|JACKSON
JACKSON - 000413,22,0.2500000000,2.0000000000,8.0000000000,1,KANSAS CITY,KANSAS CITY|JACKSON
JACKSON - 000413,24,0.7500000000,6.0000000000,8.0000000000,1,KANSAS CITY,KANSAS CITY|JACKSON
JACKSON - 000414,22,0.5185185185,14.0000000000,27.0000000000,1,KANSAS CITY,KANSAS CITY|JACKSON
JACKSON - 000414,23,0.4814814815,13.0000000000,27.0000000000,1,KANSAS CITY,KANSAS CITY|JACKSON
JACKSON - 000415,22,0.1250000000,2.0000000000,16.0000000000,1,KANSAS CITY,KANSAS CITY|JACKSON
JACKSON - 000415,23,0.8750000000,14.0000000000,16.0000000000,1,KANSAS CITY,KANSAS CITY|JACKSON
JACKSON - 000416,22,1.0000000000,16.0000000000,16.0000000000,1,KANSAS CITY,KANSAS CITY|JACKSON
JACKSON - 000417,22,1.0000000000,18.0000000000,18.0000000000,1,KANSAS CITY,KANSAS CITY|JACKSON
JACKSON - 000418,22,1.0000000000,16.0000000000,16.0000000000,1,KANSAS CITY,KANSAS CITY|JACKSON
JACKSON - 000419,22,1.0000000000,16.0000000000,16.0000000000,1,KANSAS CITY,KANSAS CITY|JACKSON
JACKSON - 000420,22,1.0000000000,27.0000000000,27.0000000000,1,KANSAS CITY,KANSAS CITY|JACKSON
JACKSON - 000421,22,1.0000000000,36.0000000000,36.0000000000,1,KANSAS CITY,KANSAS CITY|JACKSON
JACKSON - 000422,22,1.0000000000,18.0000000000,18.0000000000,1,KANSAS CITY,KANSAS CITY|JACKSON
JACKSON - 000423,22,1.0000000000,26.0000000000,26.0000000000,1,KANSAS CITY,KANSAS CITY|JACKSON
JACKSON - 000424,22,1.0000000000,8.0000000000,8.0000000000,1,KANSAS CITY,KANSAS CITY|JACKSON
JACKSON - 000425,24,1.0000000000,24.0000000000,24.0000000000,1,KANSAS CITY,KANSAS CITY|JACKSON
JACKSON - 000426,24,1.0000000000,18.0000000000,18.0000000000,1,KANSAS CITY,KANSAS CITY|JACKSON
JACKSON - 000427,24,1.0000000000,25.0000000000,25.0000000000,1,KANSAS CITY,KANSAS CITY|JACKSON
JACKSON - 000428,24,1.0000000000,14.0000000000,14.0000000000,1,KANSAS CITY,KANSAS CITY|JACKSON
JACKSON - 000429,24,1.0000000000,16.0000000000,16.0000000000,1,KANSAS CITY,KANSAS CITY|JACKSON
JACKSON - 000430,24,1.0000000000,21.0000000000,21.0000000000,1,KANSAS CITY,KANSAS CITY|JACKSON
JACKSON - 000431,24,1.0000000000,26.0000000000,26.0000000000,1,KANSAS CITY,KANSAS CITY|JACKSON
JACKSON - 000432,24,0.3684210526,7.0000000000,19.0000000000,1,KANSAS CITY,KANSAS CITY|JACKSON
JACKSON - 000432,27,0.6315789474,12.0000000000,19.0000000000,1,KANSAS CITY,KANSAS CITY|JACKSON
JACKSON - 000433,24,1.0000000000,13.0000000000,13.0000000000,1,KANSAS CITY,KANSAS CITY|JACKSON
JACKSON - 000434,24,0.1071428571,3.0000000000,28.0000000000,1,KANSAS CITY,KANSAS CITY|JACKSON
JACKSON - 000434,27,0.8928571429,25.0000000000,28.0000000000,1,KANSAS CITY,KANSAS CITY|JACKSON
JACKSON - 000435,24,0.9166666667,22.0000000000,24.0000000000,1,KANSAS CITY,KANSAS CITY|JACKSON
JACKSON - 000435,27,0.0833333333,2.0000000000,24.0000000000,1,KANSAS CITY,KANSAS CITY|JACKSON
JACKSON - 000436,24,1.0000000000,44.0000000000,44.0000000000,1,KANSAS CITY,KANSAS CITY|JACKSON
JACKSON - 000437,24,1.0000000000,39.0000000000,39.0000000000,1,KANSAS CITY,KANSAS CITY|JACKSON
JACKSON - 000438,24,1.0000000000,17.0000000000,17.0000000000,1,KANSAS CITY,KANSAS CITY|JACKSON
JACKSON - 000439,24,1.0000000000,31.0000000000,31.0000000000,1,KANSAS CITY,KANSAS CITY|JACKSON
JACKSON - 000440,24,0.9130434783,21.0000000000,23.0000000000,1,KANSAS CITY,KANSAS CITY|JACKSON
JACKSON - 000440,25,0.0869565217,2.0000000000,23.0000000000,1,KANSAS CITY,KANSAS CITY|JACKSON
JACKSON - 000441,24,1.0000000000,14.0000000000,14.0000000000,1,KANSAS CITY,KANSAS CITY|JACKSON
JACKSON - 000442,24,1.0000000000,24.0000000000,24.0000000000,1,KANSAS CITY,KANSAS CITY|JACKSON
JACKSON - 000443,24,0.2857142857,6.0000000000,21.0000000000,1,KANSAS CITY,KANSAS CITY|JACKSON
JACKSON - 000443,25,0.7142857143,15.0000000000,21.0000000000,1,KANSAS CITY,KANSAS CITY|JACKSON
JACKSON - 000444,25,1.0000000000,16.0000000000,16.0000000000,1,KANSAS CITY,KANSAS CITY|JACKSON
JACKSON - 000445,27,1.0000000000,3.0000000000,3.0000000000,1,KANSAS CITY,KANSAS CITY|JACKSON
JACKSON - 000446,25,0.0816326531,4.0000000000,49.0000000000,1,KANSAS CITY,KANSAS CITY|JACKSON
JACKSON - 000446,27,0.9183673469,45.0000000000,49.0000000000,1,KANSAS CITY,KANSAS CITY|JACKSON
JACKSON - 000447,25,1.0000000000,31.0000000000,31.0000000000,1,KANSAS CITY,KANSAS CITY|JACKSON
JACKSON - 000448,25,1.0000000000,19.0000000000,19.0000000000,1,KANSAS CITY,KANSAS CITY|JACKSON
JACKSON - 000449,25,1.0000000000,6.0000000000,6.0000000000,1,KANSAS CITY,KANSAS CITY|JACKSON
JACKSON - 000450,25,1.0000000000,23.0000000000,23.0000000000,1,KANSAS CITY,KANSAS CITY|JACKSON
JACKSON - 000451,25,1.0000000000,28.0000000000,28.0000000000,1,KANSAS CITY,KANSAS CITY|JACKSON
JACKSON - 000452,25,1.0000000000,41.0000000000,41.0000000000,1,KANSAS CITY,KANSAS CITY|JACKSON
JACKSON - 000453,25,1.0000000000,38.0000000000,38.0000000000,1,KANSAS CITY,KANSAS CITY|JACKSON
JACKSON - 000454,25,1.0000000000,23.0000000000,23.0000000000,1,KANSAS CITY,KANSAS CITY|JACKSON
JACKSON - 000455,25,1.0000000000,27.0000000000,27.0000000000,1,KANSAS CITY,KANSAS CITY|JACKSON
JACKSON - 000456,25,0.3043478261,7.0000000000,23.0000000000,1,KANSAS CITY,KANSAS CITY|JACKSON
JACKSON - 000456,27,0.6956521739,16.0000000000,23.0000000000,1,KANSAS CITY,KANSAS CITY|JACKSON
JACKSON - 000457,25,1.0000000000,28.0000000000,28.0000000000,1,KANSAS CITY,KANSAS CITY|JACKSON
JACKSON - 000458,22,0.5500000000,11.0000000000,20.0000000000,1,KANSAS CITY,KANSAS CITY|JACKSON
JACKSON - 000458,27,0.4500000000,9.0000000000,20.0000000000,1,KANSAS CITY,KANSAS CITY|JACKSON
JACKSON - 000459,22,1.0000000000,29.0000000000,29.0000000000,1,KANSAS CITY,KANSAS CITY|JACKSON
JACKSON - 000460,22,1.0000000000,23.0000000000,23.0000000000,1,KANSAS CITY,KANSAS CITY|JACKSON
JACKSON - 000461,22,1.0000000000,16.0000000000,16.0000000000,1,KANSAS CITY,KANSAS CITY|JACKSON
JACKSON - 000462,22,1.0000000000,12.0000000000,12.0000000000,1,KANSAS CITY,KANSAS CITY|JACKSON
JACKSON - 000463,22,1.0000000000,31.0000000000,31.0000000000,1,KANSAS CITY,KANSAS CITY|JACKSON
JACKSON - 000464,22,0.8000000000,4.0000000000,5.0000000000,1,KANSAS CITY,KANSAS CITY|JACKSON
JACKSON - 000464,27,0.2000000000,1.0000000000,5.0000000000,1,KANSAS CITY,KANSAS CITY|JACKSON
JACKSON - 000465,27,1.0000000000,2.0000000000,2.0000000000,1,KANSAS CITY,KANSAS CITY|JACKSON
JACKSON - 000466,27,1.0000000000,11.0000000000,11.0000000000,1,KANSAS CITY,KANSAS CITY|JACKSON
JACKSON - 000467,27,1.0000000000,20.0000000000,20.0000000000,1,KANSAS CITY,KANSAS CITY|JACKSON
JACKSON - 000468,27,1.0000000000,5.0000000000,5.0000000000,1,KANSAS CITY,KANSAS CITY|JACKSON
JACKSON - 000469,22,0.0192307692,1.0000000000,52.0000000000,1,KANSAS CITY,KANSAS CITY|JACKSON
JACKSON - 000469,27,0.9807692308,51.0000000000,52.0000000000,1,KANSAS CITY,KANSAS CITY|JACKSON
JACKSON - 000470,22,0.9729729730,36.0000000000,37.0000000000,1,KANSAS CITY,KANSAS CITY|JACKSON
JACKSON - 000470,27,0.0270270270,1.0000000000,37.0000000000,1,KANSAS CITY,KANSAS CITY|JACKSON
JACKSON - 000471,22,1.0000000000,21.0000000000,21.0000000000,1,KANSAS CITY,KANSAS CITY|JACKSON
JACKSON - 000472,27,1.0000000000,3.0000000000,3.0000000000,1,KANSAS CITY,KANSAS CITY|JACKSON
JACKSON - 000473,22,0.5000000000,1.0000000000,2.0000000000,1,KANSAS CITY,KANSAS CITY|JACKSON
JACKSON - 000473,27,0.5000000000,1.0000000000,2.0000000000,1,KANSAS CITY,KANSAS CITY|JACKSON
JACKSON - 000474,25,0.6923076923,18.0000000000,26.0000000000,1,KANSAS CITY,KANSAS CITY|JACKSON
JACKSON - 000474,27,0.3076923077,8.0000000000,26.0000000000,1,KANSAS CITY,KANSAS CITY|JACKSON
JACKSON - 000475,25,0.5333333333,8.0000000000,15.0000000000,1,KANSAS CITY,KANSAS CITY|JACKSON
JACKSON - 000475,27,0.4666666667,7.0000000000,15.0000000000,1,KANSAS CITY,KANSAS CITY|JACKSON
JACKSON - 000476,25,1.0000000000,29.0000000000,29.0000000000,1,KANSAS CITY,KANSAS CITY|JACKSON
JACKSON - 000477,25,1.0000000000,49.0000000000,49.0000000000,1,KANSAS CITY,KANSAS CITY|JACKSON
JACKSON - 000478,25,1.0000000000,39.0000000000,39.0000000000,1,KANSAS CITY,KANSAS CITY|JACKSON
JACKSON - 000479,25,1.0000000000,24.0000000000,24.0000000000,1,KANSAS CITY,KANSAS CITY|JACKSON
JACKSON - 000480,25,1.0000000000,39.0000000000,39.0000000000,1,KANSAS CITY,KANSAS CITY|JACKSON
JACKSON - 000481,25,1.0000000000,20.0000000000,20.0000000000,1,KANSAS CITY,KANSAS CITY|JACKSON
JACKSON - 000482,25,0.6363636364,21.0000000000,33.0000000000,1,KANSAS CITY,KANSAS CITY|JACKSON
JACKSON - 000482,27,0.3636363636,12.0000000000,33.0000000000,1,KANSAS CITY,KANSAS CITY|JACKSON
JACKSON - 000483,25,0.8260869565,19.0000000000,23.0000000000,1,KANSAS CITY,KANSAS CITY|JACKSON
JACKSON - 000483,26,0.1739130435,4.0000000000,23.0000000000,1,KANSAS CITY,KANSAS CITY|JACKSON
JACKSON - 000484,26,0.8888888889,16.0000000000,18.0000000000,1,KANSAS CITY,KANSAS CITY|JACKSON
JACKSON - 000484,27,0.1111111111,2.0000000000,18.0000000000,1,KANSAS CITY,KANSAS CITY|JACKSON
JACKSON - 000485,25,0.6666666667,6.0000000000,9.0000000000,1,KANSAS CITY,KANSAS CITY|JACKSON
JACKSON - 000485,27,0.3333333333,3.0000000000,9.0000000000,1,KANSAS CITY,KANSAS CITY|JACKSON
JACKSON - 000486,26,1.0000000000,19.0000000000,19.0000000000,1,KANSAS CITY,KANSAS CITY|JACKSON
JACKSON - 000487,25,1.0000000000,10.0000000000,10.0000000000,1,KANSAS CITY,KANSAS CITY|JACKSON
JACKSON - 000488,25,1.0000000000,31.0000000000,31.0000000000,1,KANSAS CITY,KANSAS CITY|JACKSON
JACKSON - 000489,25,1.0000000000,43.0000000000,43.0000000000,1,KANSAS CITY,KANSAS CITY|JACKSON
JACKSON - 000490,25,0.2424242424,8.0000000000,33.0000000000,1,KANSAS CITY,KANSAS CITY|JACKSON
JACKSON - 000490,26,0.7575757576,25.0000000000,33.0000000000,1,KANSAS CITY,KANSAS CITY|JACKSON
JACKSON - 000491,26,1.0000000000,6.0000000000,6.0000000000,1,KANSAS CITY,KANSAS CITY|JACKSON
JACKSON - 000492,25,1.0000000000,18.0000000000,18.0000000000,1,KANSAS CITY,KANSAS CITY|JACKSON
JACKSON - 000493,25,1.0000000000,31.0000000000,31.0000000000,1,KANSAS CITY,KANSAS CITY|JACKSON
JACKSON - 000494,25,1.0000000000,24.0000000000,24.0000000000,1,KANSAS CITY,KANSAS CITY|JACKSON
JACKSON - 000495,25,1.0000000000,31.0000000000,31.0000000000,1,KANSAS CITY,KANSAS CITY|JACKSON
JACKSON - 000496,25,1.0000000000,38.0000000000,38.0000000000,1,KANSAS CITY,KANSAS CITY|JACKSON
JACKSON - 000497,25,0.2285714286,8.0000000000,35.0000000000,1,KANSAS CITY,KANSAS CITY|JACKSON
JACKSON - 000497,26,0.7714285714,27.0000000000,35.0000000000,1,KANSAS CITY,KANSAS CITY|JACKSON
JACKSON - 000498,34,1.0000000000,24.0000000000,24.0000000000,0,JACKSON,JACKSON|KANSAS CITY
JACKSON - 000499,35,1.0000000000,51.0000000000,51.0000000000,0,JACKSON,JACKSON|KANSAS CITY
JACKSON - 000500,35,1.0000000000,25.0000000000,25.0000000000,0,JACKSON,JACKSON|KANSAS CITY
JACKSON - 000501,35,1.0000000000,22.9999999999,22.9999999999,0,JACKSON,JACKSON|KANSAS CITY
JACKSON - 000502,35,1.0000000000,7.0000000000,7.0000000000,0,JACKSON,JACKSON|KANSAS CITY
JACKSON - 000503,35,1.0000000000,15.0000000000,15.0000000000,0,JACKSON,JACKSON|KANSAS CITY
JACKSON - 000504,35,1.0000000000,1.0000000000,1.0000000000,0,JACKSON,JACKSON|KANSAS CITY
JACKSON - 000505,35,1.0000000000,23.0000000000,23.0000000000,0,JACKSON,JACKSON|KANSAS CITY
JACKSON - 000506,35,0.9997887272,31.9932392716,32.0000000000,0,JACKSON,JACKSON|KANSAS CITY
JACKSON - 000506,36,0.0002112728,0.0067607284,32.0000000000,0,JACKSON,JACKSON|KANSAS CITY
JACKSON - 000507,34,1.0000000000,53.0000000000,53.0000000000,0,JACKSON,JACKSON|KANSAS CITY
JACKSON - 000508,35,1.0000000000,38.0000000001,38.0000000001,0,JACKSON,JACKSON|KANSAS CITY
JACKSON - 000509,35,1.0000000000,30.0000000000,30.0000000000,0,JACKSON,JACKSON|KANSAS CITY
JACKSON - 000510,35,1.0000000000,33.0000000000,33.0000000000,0,JACKSON,JACKSON|KANSAS CITY
JACKSON - 000511,35,1.0000000000,24.0000000000,24.0000000000,0,JACKSON,JACKSON|KANSAS CITY
JACKSON - 000512,35,1.0000000000,14.0000000000,14.0000000000,0,JACKSON,JACKSON|KANSAS CITY
JACKSON - 000513,34,1.0000000000,18.0000000000,18.0000000000,0,JACKSON,JACKSON|KANSAS CITY
JACKSON - 000514,34,1.0000000000,65.0000000000,65.0000000000,0,JACKSON,JACKSON|KANSAS CITY
JACKSON - 000515,34,0.7090909091,39.0000000001,55.0000000002,0,JACKSON,JACKSON|KANSAS CITY
JACKSON - 000515,35,0.2000000000,11.0000000001,55.0000000002,0,JACKSON,JACKSON|KANSAS CITY
JACKSON - 000515,36,0.0909090909,5.0000000000,55.0000000002,0,JACKSON,JACKSON|KANSAS CITY
JACKSON - 000516,34,1.0000000000,25.0000000000,25.0000000000,0,JACKSON,JACKSON|KANSAS CITY
JACKSON - 000517,34,1.0000000000,27.0000000000,27.0000000000,0,JACKSON,JACKSON|KANSAS CITY
JACKSON - 000518,30,1.0000000000,20.0000000000,20.0000000000,0,JACKSON,JACKSON|KANSAS CITY
JACKSON - 000519,30,1.0000000000,19.0000000000,19.0000000000,0,JACKSON,JACKSON|KANSAS CITY
JACKSON - 000520,34,1.0000000000,60.0000000000,60.0000000000,0,JACKSON,JACKSON|KANSAS CITY
JACKSON - 000521,30,1.0000000000,29.0000000000,29.0000000000,0,JACKSON,JACKSON|KANSAS CITY
JACKSON - 000522,29,0.1512386037,3.0247720744,20.0000000000,0,JACKSON,JACKSON|KANSAS CITY
JACKSON - 000522,30,0.8487613963,16.9752279256,20.0000000000,0,JACKSON,JACKSON|KANSAS CITY
JACKSON - 000523,20,0.1271508099,4.4502783470,35.0000000000,0,JACKSON,JACKSON|KANSAS CITY
JACKSON - 000523,30,0.8728491901,30.5497216530,35.0000000000,0,JACKSON,JACKSON|KANSAS CITY
JACKSON - 000524,30,1.0000000000,33.0000000000,33.0000000000,0,JACKSON,JACKSON|KANSAS CITY
JACKSON - 000525,30,1.0000000000,28.0000000000,28.0000000000,0,JACKSON,JACKSON|KANSAS CITY
JACKSON - 000526,30,1.0000000000,1.0000000000,1.0000000000,0,JACKSON,JACKSON|KANSAS CITY
JACKSON - 000527,30,1.0000000000,30.0000000000,30.0000000000,0,JACKSON,JACKSON|KANSAS CITY
JACKSON - 000528,34,1.0000000000,17.0000000000,17.0000000000,0,JACKSON,JACKSON|KANSAS CITY
JACKSON - 000529,34,1.0000000000,29.0000000000,29.0000000000,0,JACKSON,JACKSON|KANSAS CITY
JACKSON - 000530,34,1.0000000000,39.0000000000,39.0000000000,0,JACKSON,JACKSON|KANSAS CITY
JACKSON - 000531,34,1.0000000000,13.0000000000,13.0000000000,0,JACKSON,JACKSON|KANSAS CITY
JACKSON - 000532,34,1.0000000000,25.0000000000,25.0000000000,0,JACKSON,JACKSON|KANSAS CITY
JACKSON - 000533,34,1.0000000000,17.0000000000,17.0000000000,0,JACKSON,JACKSON|KANSAS CITY
JACKSON - 000534,34,1.0000000000,20.0000000000,20.0000000000,0,JACKSON,JACKSON|KANSAS CITY
JACKSON - 000535,30,0.7777777778,14.0000000000,18.0000000000,0,JACKSON,JACKSON|KANSAS CITY
JACKSON - 000535,34,0.2222222222,4.0000000000,18.0000000000,0,JACKSON,JACKSON|KANSAS CITY
JACKSON - 000536,30,1.0000000000,36.9999999999,36.9999999999,0,JACKSON,JACKSON|KANSAS CITY
JACKSON - 000537,30,0.5588235294,19.0000000000,34.0000000000,0,JACKSON,JACKSON|KANSAS CITY
JACKSON - 000537,34,0.4411764706,15.0000000000,34.0000000000,0,JACKSON,JACKSON|KANSAS CITY
JACKSON - 000538,34,1.0000000000,35.0000000000,35.0000000000,0,JACKSON,JACKSON|KANSAS CITY
JACKSON - 000539,30,0.2105263158,4.0000000000,19.0000000000,0,JACKSON,JACKSON|KANSAS CITY
JACKSON - 000539,34,0.7894736842,15.0000000000,19.0000000000,0,JACKSON,JACKSON|KANSAS CITY
JACKSON - 000540,30,1.0000000000,13.0000000000,13.0000000000,0,JACKSON,JACKSON|KANSAS CITY
JACKSON - 000541,30,1.0000000000,18.0000000000,18.0000000000,0,JACKSON,JACKSON|KANSAS CITY
JACKSON - 000542,30,1.0000000000,31.0000000001,31.0000000001,0,JACKSON,JACKSON|KANSAS CITY
JACKSON - 000543,34,1.0000000000,30.0000000000,30.0000000000,0,JACKSON,JACKSON|KANSAS CITY
JACKSON - 000544,30,1.0000000000,15.0000000000,15.0000000000,0,JACKSON,JACKSON|KANSAS CITY
JACKSON - 000545,30,0.8888888889,24.0000000000,27.0000000000,0,JACKSON,JACKSON|KANSAS CITY
JACKSON - 000545,33,0.1111111111,3.0000000000,27.0000000000,0,JACKSON,JACKSON|KANSAS CITY
JACKSON - 000546,30,0.9999667769,25.9991362000,26.0000000000,0,JACKSON,JACKSON|KANSAS CITY
JACKSON - 000546,33,0.0000332231,0.0008638000,26.0000000000,0,JACKSON,JACKSON|KANSAS CITY
JACKSON - 000547,30,0.3231297420,14.2177086486,44.0000000000,0,JACKSON,JACKSON|KANSAS CITY
JACKSON - 000547,33,0.6768702580,29.7822913514,44.0000000000,0,JACKSON,JACKSON|KANSAS CITY
JACKSON - 000548,30,1.0000000000,13.0000000000,13.0000000000,0,JACKSON,JACKSON|KANSAS CITY
JACKSON - 000549,33,1.0000000000,17.0000000000,17.0000000000,0,JACKSON,JACKSON|KANSAS CITY
JACKSON - 000550,33,1.0000000000,31.0000000000,31.0000000000,0,JACKSON,JACKSON|KANSAS CITY
JACKSON - 000551,33,1.0000000000,51.9999999999,51.9999999999,0,JACKSON,JACKSON|KANSAS CITY
JACKSON - 000552,33,1.0000000000,19.0000000000,19.0000000000,0,JACKSON,JACKSON|KANSAS CITY
JACKSON - 000553,33,1.0000000000,22.0000000000,22.0000000000,0,JACKSON,JACKSON|KANSAS CITY
JACKSON - 000554,34,0.3000000000,8.4000000000,28.0000000000,0,JACKSON,JACKSON|KANSAS CITY
JACKSON - 000554,35,0.7000000000,19.6000000000,28.0000000000,0,JACKSON,JACKSON|KANSAS CITY
JACKSON - 000555,31,0.7826086956,18.0000000000,23.0000000001,0,JACKSON,JACKSON|KANSAS CITY
JACKSON - 000555,33,0.2173913044,5.0000000001,23.0000000001,0,JACKSON,JACKSON|KANSAS CITY
JACKSON - 000556,31,0.1515151515,5.0000000000,32.9999999999,0,JACKSON,JACKSON|KANSAS CITY
JACKSON - 000556,33,0.8484848485,27.9999999999,32.9999999999,0,JACKSON,JACKSON|KANSAS CITY
JACKSON - 000557,31,0.0571428571,2.0000000000,34.9999999997,0,JACKSON,JACKSON|KANSAS CITY
JACKSON - 000557,33,0.9428571429,32.9999999997,34.9999999997,0,JACKSON,JACKSON|KANSAS CITY
JACKSON - 000558,34,1.0000000000,15.0000000000,15.0000000000,0,JACKSON,JACKSON|KANSAS CITY
JACKSON - 000559,30,0.0000249147,0.0011959044,48.0000000001,0,JACKSON,JACKSON|KANSAS CITY
JACKSON - 000559,33,0.9999750853,47.9988040957,48.0000000001,0,JACKSON,JACKSON|KANSAS CITY
JACKSON - 000560,30,1.0000000000,31.0000000000,31.0000000000,0,JACKSON,JACKSON|KANSAS CITY
JACKSON - 000561,30,1.0000000000,16.0000000000,16.0000000000,0,JACKSON,JACKSON|KANSAS CITY
JACKSON - 000562,30,0.9629629630,25.9999999999,26.9999999999,0,JACKSON,JACKSON|KANSAS CITY
JACKSON - 000562,33,0.0370370370,1.0000000000,26.9999999999,0,JACKSON,JACKSON|KANSAS CITY
JACKSON - 000563,30,1.0000000000,25.0000000000,25.0000000000,0,JACKSON,JACKSON|KANSAS CITY
JACKSON - 000564,34,1.0000000000,22.0000000000,22.0000000000,0,JACKSON,JACKSON|KANSAS CITY
JACKSON - 000565,30,1.0000000000,30.0000000000,30.0000000000,0,JACKSON,JACKSON|KANSAS CITY
JACKSON - 000566,34,1.0000000000,53.0000000000,53.0000000000,0,JACKSON,JACKSON|KANSAS CITY
JACKSON - 000567,34,1.0000000000,27.0000000000,27.0000000000,0,JACKSON,JACKSON|KANSAS CITY
JACKSON - 000568,30,0.9999983639,11.9999803665,12.0000000000,0,JACKSON,JACKSON|KANSAS CITY
JACKSON - 000568,33,0.0000016361,0.0000196335,12.0000000000,0,JACKSON,JACKSON|KANSAS CITY
JACKSON - 000569,20,0.6285714286,22.0000000000,35.0000000000,0,JACKSON,JACKSON|KANSAS CITY
JACKSON - 000569,29,0.3428571429,12.0000000000,35.0000000000,0,JACKSON,JACKSON|KANSAS CITY
JACKSON - 000569,31,0.0285714286,1.0000000000,35.0000000000,0,JACKSON,JACKSON|KANSAS CITY
JACKSON - 000570,31,1.0000000000,18.0000000000,18.0000000000,0,JACKSON,JACKSON|KANSAS CITY
JACKSON - 000571,31,0.3333333333,6.0000000000,18.0000000000,0,JACKSON,JACKSON|KANSAS CITY
JACKSON - 000571,33,0.6666666667,12.0000000000,18.0000000000,0,JACKSON,JACKSON|KANSAS CITY
JACKSON - 000572,31,1.0000000000,18.0000000000,18.0000000000,0,JACKSON,JACKSON|KANSAS CITY
JACKSON - 000573,33,1.0000000000,21.0000000000,21.0000000000,0,JACKSON,JACKSON|KANSAS CITY
JACKSON - 000574,33,1.0000000000,17.0000000000,17.0000000000,0,JACKSON,JACKSON|KANSAS CITY
JACKSON - 000575,33,1.0000000000,21.0000000000,21.0000000000,0,JACKSON,JACKSON|KANSAS CITY
JACKSON - 000576,33,1.0000000000,12.0000000000,12.0000000000,0,JACKSON,JACKSON|KANSAS CITY
JACKSON - 000577,32,0.3446297931,5.5140766891,16.0000000000,0,JACKSON,JACKSON|KANSAS CITY
JACKSON - 000577,33,0.6553702069,10.4859233109,16.0000000000,0,JACKSON,JACKSON|KANSAS CITY
JACKSON - 000578,20,0.0800000000,2.0000000000,25.0000000000,0,JACKSON,JACKSON|KANSAS CITY
JACKSON - 000578,31,0.9200000000,23.0000000000,25.0000000000,0,JACKSON,JACKSON|KANSAS CITY
JACKSON - 000579,31,1.0000000000,19.0000000000,19.0000000000,0,JACKSON,JACKSON|KANSAS CITY
JACKSON - 000580,31,1.0000000000,16.0000000000,16.0000000000,0,JACKSON,JACKSON|KANSAS CITY
JACKSON - 000581,20,0.5842687923,5.8426879232,10.0000000000,0,JACKSON,JACKSON|KANSAS CITY
JACKSON - 000581,30,0.0146096127,0.1460961265,10.0000000000,0,JACKSON,JACKSON|KANSAS CITY
JACKSON - 000581,33,0.4011215950,4.0112159503,10.0000000000,0,JACKSON,JACKSON|KANSAS CITY
JACKSON - 000582,20,0.7083333333,17.0000000000,24.0000000000,0,JACKSON,JACKSON|KANSAS CITY
JACKSON - 000582,29,0.1250000000,3.0000000000,24.0000000000,0,JACKSON,JACKSON|KANSAS CITY
JACKSON - 000582,31,0.1666666667,4.0000000000,24.0000000000,0,JACKSON,JACKSON|KANSAS CITY
JACKSON - 000583,31,1.0000000000,7.0000000000,7.0000000000,0,JACKSON,JACKSON|KANSAS CITY
JACKSON - 000584,31,0.9615384615,25.0000000000,26.0000000000,0,JACKSON,JACKSON|KANSAS CITY
JACKSON - 000584,33,0.0384615385,1.0000000000,26.0000000000,0,JACKSON,JACKSON|KANSAS CITY
JACKSON - 000585,31,1.0000000000,30.0000000000,30.0000000000,0,JACKSON,JACKSON|KANSAS CITY
JACKSON - 000586,31,1.0000000000,41.0000000000,41.0000000000,0,JACKSON,JACKSON|KANSAS CITY
JACKSON - 000587,33,1.0000000000,5.0000000000,5.0000000000,0,JACKSON,JACKSON|KANSAS CITY
JACKSON - 000588,31,1.0000000000,49.0000000000,49.0000000000,0,JACKSON,JACKSON|KANSAS CITY
JACKSON - 000589,31,0.9248502209,36.9940088374,40.0000000000,0,JACKSON,JACKSON|KANSAS CITY
JACKSON - 000589,33,0.0751497791,3.0059911626,40.0000000000,0,JACKSON,JACKSON|KANSAS CITY
JACKSON - 000590,31,1.0000000000,9.0000000000,9.0000000000,0,JACKSON,JACKSON|KANSAS CITY
JACKSON - 000591,31,1.0000000000,26.0000000000,26.0000000000,0,JACKSON,JACKSON|KANSAS CITY
JACKSON - 000592,31,0.9997648439,15.9962375025,16.0000000000,0,JACKSON,JACKSON|KANSAS CITY
JACKSON - 000592,33,0.0002351561,0.0037624975,16.0000000000,0,JACKSON,JACKSON|KANSAS CITY
JACKSON - 000593,20,0.9736842105,37.0000000000,38.0000000000,0,JACKSON,JACKSON|KANSAS CITY
JACKSON - 000593,31,0.0263157895,1.0000000000,38.0000000000,0,JACKSON,JACKSON|KANSAS CITY
JACKSON - 000594,31,1.0000000000,8.0000000000,8.0000000000,0,JACKSON,JACKSON|KANSAS CITY
JACKSON - 000595,31,0.8821003746,14.9957063678,16.9999999999,0,JACKSON,JACKSON|KANSAS CITY
JACKSON - 000595,33,0.1178996254,2.0042936321,16.9999999999,0,JACKSON,JACKSON|KANSAS CITY
JACKSON - 000596,33,1.0000000000,18.0000000000,18.0000000000,0,JACKSON,JACKSON|KANSAS CITY
JACKSON - 000597,33,1.0000000000,39.0000000000,39.0000000000,0,JACKSON,JACKSON|KANSAS CITY
JACKSON - 000598,32,0.0081789208,0.0490735248,6.0000000000,0,JACKSON,JACKSON|KANSAS CITY
JACKSON - 000598,33,0.9918210792,5.9509264752,6.0000000000,0,JACKSON,JACKSON|KANSAS CITY
JACKSON - 000599,33,1.0000000000,40.0000000000,40.0000000000,0,JACKSON,JACKSON|KANSAS CITY
JACKSON - 000600,33,1.0000000000,17.0000000000,17.0000000000,0,JACKSON,JACKSON|KANSAS CITY
JACKSON - 000601,31,0.8430076814,26.9762458056,32.0000000000,0,JACKSON,JACKSON|KANSAS CITY
JACKSON - 000601,33,0.1569923186,5.0237541944,32.0000000000,0,JACKSON,JACKSON|KANSAS CITY
JACKSON - 000602,33,1.0000000000,18.0000000000,18.0000000000,0,JACKSON,JACKSON|KANSAS CITY
JACKSON - 000603,33,1.0000000000,13.0000000000,13.0000000000,0,JACKSON,JACKSON|KANSAS CITY
JACKSON - 000604,32,0.0001746163,0.0010476975,6.0000000000,0,JACKSON,JACKSON|KANSAS CITY
JACKSON - 000604,33,0.9998253838,5.9989523025,6.0000000000,0,JACKSON,JACKSON|KANSAS CITY
JACKSON - 000605,33,1.0000000000,19.0000000000,19.0000000000,0,JACKSON,JACKSON|KANSAS CITY
JACKSON - 000606,20,1.0000000000,15.0000000000,15.0000000000,0,JACKSON,JACKSON|KANSAS CITY
JACKSON - 000607,32,1.0000000000,26.0000000000,26.0000000000,0,JACKSON,JACKSON|KANSAS CITY
JACKSON - 000608,32,1.0000000000,78.0000000001,78.0000000001,0,JACKSON,JACKSON|KANSAS CITY
JACKSON - 000609,32,1.0000000000,22.0000000000,22.0000000000,0,JACKSON,JACKSON|KANSAS CITY
JACKSON - 000610,32,1.0000000000,70.0000000001,70.0000000001,0,JACKSON,JACKSON|KANSAS CITY
JACKSON - 000611,32,1.0000000000,6.0000000000,6.0000000000,0,JACKSON,JACKSON|KANSAS CITY
JACKSON - 000612,32,1.0000000000,13.0000000000,13.0000000000,0,JACKSON,JACKSON|KANSAS CITY
JACKSON - 000613,20,0.1666666667,2.0000000000,12.0000000000,0,JACKSON,JACKSON|KANSAS CITY
JACKSON - 000613,31,0.8333333333,10.0000000000,12.0000000000,0,JACKSON,JACKSON|KANSAS CITY
JACKSON - 000614,32,1.0000000000,39.0000000001,39.0000000001,0,JACKSON,JACKSON|KANSAS CITY
JACKSON - 000615,32,1.0000000000,20.0000000000,20.0000000000,0,JACKSON,JACKSON|KANSAS CITY
JACKSON - 000616,32,1.0000000000,12.0000000001,12.0000000001,0,JACKSON,JACKSON|KANSAS CITY
JACKSON - 000617,32,1.0000000000,24.0000000000,24.0000000000,0,JACKSON,JACKSON|KANSAS CITY
JACKSON - 000618,32,1.0000000000,15.0000000000,15.0000000000,0,JACKSON,JACKSON|KANSAS CITY
JACKSON - 000619,32,1.0000000000,35.0000000000,35.0000000000,0,JACKSON,JACKSON|KANSAS CITY
JACKSON - 000620,20,0.1000000000,3.0000000000,30.0000000001,0,JACKSON,JACKSON|KANSAS CITY
JACKSON - 000620,31,0.9000000000,27.0000000001,30.0000000001,0,JACKSON,JACKSON|KANSAS CITY
JACKSON - 000621,31,0.9631176115,30.8197635666,32.0000000000,0,JACKSON,JACKSON|KANSAS CITY
JACKSON - 000621,32,0.0368823885,1.1802364334,32.0000000000,0,JACKSON,JACKSON|KANSAS CITY
JACKSON - 000622,20,0.0384615385,1.0000000000,26.0000000000,0,JACKSON,JACKSON|KANSAS CITY
JACKSON - 000622,31,0.1544394639,4.0154260610,26.0000000000,0,JACKSON,JACKSON|KANSAS CITY
JACKSON - 000622,32,0.8070989977,20.9845739390,26.0000000000,0,JACKSON,JACKSON|KANSAS CITY
JACKSON - 000623,20,0.0147058824,1.0000000000,68.0000000002,0,JACKSON,JACKSON|KANSAS CITY
JACKSON - 000623,30,0.0156447607,1.0638437254,68.0000000002,0,JACKSON,JACKSON|KANSAS CITY
JACKSON - 000623,31,0.2922152330,19.8706358435,68.0000000002,0,JACKSON,JACKSON|KANSAS CITY
JACKSON - 000623,33,0.6774341240,46.0655204313,68.0000000002,0,JACKSON,JACKSON|KANSAS CITY
JACKSON - 000624,31,0.9285714286,13.0000000000,14.0000000000,0,JACKSON,JACKSON|KANSAS CITY
JACKSON - 000624,33,0.0714285714,1.0000000000,14.0000000000,0,JACKSON,JACKSON|KANSAS CITY
JACKSON - 000625,31,0.8518500553,22.9999514944,27.0000000000,0,JACKSON,JACKSON|KANSAS CITY
JACKSON - 000625,32,0.1481499447,4.0000485056,27.0000000000,0,JACKSON,JACKSON|KANSAS CITY
JACKSON - 000626,31,0.1999191754,10.9955546467,54.9999999999,0,JACKSON,JACKSON|KANSAS CITY
JACKSON - 000626,32,0.6549889577,36.0243926741,54.9999999999,0,JACKSON,JACKSON|KANSAS CITY
JACKSON - 000626,33,0.1450918669,7.9800526791,54.9999999999,0,JACKSON,JACKSON|KANSAS CITY
JACKSON - 000627,32,0.1428571429,1.0000000000,7.0000000000,0,JACKSON,JACKSON|KANSAS CITY
JACKSON - 000627,33,0.8571428571,6.0000000000,7.0000000000,0,JACKSON,JACKSON|KANSAS CITY
JACKSON - 000628,32,0.1428571429,1.0000000000,7.0000000000,0,JACKSON,JACKSON|KANSAS CITY
JACKSON - 000628,33,0.8571428571,6.0000000000,7.0000000000,0,JACKSON,JACKSON|KANSAS CITY
JACKSON - 000629,32,0.6315786730,24.6315682486,39.0000000001,0,JACKSON,JACKSON|KANSAS CITY
JACKSON - 000629,33,0.3684213270,14.3684317515,39.0000000001,0,JACKSON,JACKSON|KANSAS CITY
JACKSON - 000630,31,1.0000000000,20.0000000000,20.0000000000,0,JACKSON,JACKSON|KANSAS CITY
JACKSON - 000631,32,1.0000000000,12.0000000000,12.0000000000,0,JACKSON,JACKSON|KANSAS CITY
JACKSON - 000632,32,1.0000000000,29.0000000000,29.0000000000,0,JACKSON,JACKSON|KANSAS CITY
JACKSON - 000633,32,1.0000000000,29.0000000000,29.0000000000,0,JACKSON,JACKSON|KANSAS CITY
JACKSON - 000634,32,0.9855072464,68.0000000000,69.0000000000,0,JACKSON,JACKSON|KANSAS CITY
JACKSON - 000634,33,0.0144927536,1.0000000000,69.0000000000,0,JACKSON,JACKSON|KANSAS CITY
JACKSON - 000635,32,1.0000000000,15.0000000000,15.0000000000,0,JACKSON,JACKSON|KANSAS CITY
JACKSON - 000636,31,1.0000000000,20.0000000000,20.0000000000,0,JACKSON,JACKSON|KANSAS CITY
JACKSON - 000637,32,1.0000000000,38.0000000001,38.0000000001,0,JACKSON,JACKSON|KANSAS CITY
JACKSON - 000638,32,0.5722051150,14.3051278743,24.9999999999,0,JACKSON,JACKSON|KANSAS CITY
JACKSON - 000638,33,0.4277948850,10.6948721256,24.9999999999,0,JACKSON,JACKSON|KANSAS CITY
JACKSON - 000639,32,0.6400000000,32.0000000000,50.0000000000,0,JACKSON,JACKSON|KANSAS CITY
JACKSON - 000639,33,0.3600000000,18.0000000000,50.0000000000,0,JACKSON,JACKSON|KANSAS CITY
JACKSON - 000640,33,0.9705882353,33.0000000000,34.0000000000,0,JACKSON,JACKSON|KANSAS CITY
JACKSON - 000640,55,0.0294117647,1.0000000000,34.0000000000,0,JACKSON,JACKSON|KANSAS CITY
JACKSON - 000641,32,0.4375000000,7.0000000000,16.0000000000,0,JACKSON,JACKSON|KANSAS CITY
JACKSON - 000641,33,0.5625000000,9.0000000000,16.0000000000,0,JACKSON,JACKSON|KANSAS CITY
JACKSON - 000642,33,1.0000000000,56.0000000000,56.0000000000,0,JACKSON,JACKSON|KANSAS CITY
JACKSON - 000643,33,1.0000000000,18.0000000000,18.0000000000,0,JACKSON,JACKSON|KANSAS CITY
JACKSON - 000644,33,1.0000000000,34.0000000000,34.0000000000,0,JACKSON,JACKSON|KANSAS CITY
JACKSON - 000645,33,0.9642857143,80.9999999999,83.9999999999,0,JACKSON,JACKSON|KANSAS CITY
JACKSON - 000645,55,0.0357142857,3.0000000000,83.9999999999,0,JACKSON,JACKSON|KANSAS CITY
JACKSON - 000646,33,1.0000000000,72.0000000000,72.0000000000,0,JACKSON,JACKSON|KANSAS CITY
JACKSON - 000647,32,0.0408163265,2.0000000000,49.0000000001,0,JACKSON,JACKSON|KANSAS CITY
JACKSON - 000647,33,0.9591836735,47.0000000001,49.0000000001,0,JACKSON,JACKSON|KANSAS CITY
JACKSON - 000648,36,1.0000000000,16.0000000002,16.0000000002,0,JACKSON,JACKSON|KANSAS CITY
JACKSON - 000649,36,1.0000000000,44.0000000000,44.0000000000,0,JACKSON,JACKSON|KANSAS CITY
JACKSON - 000650,36,1.0000000000,32.0000000000,32.0000000000,0,JACKSON,JACKSON|KANSAS CITY
JACKSON - 000651,36,1.0000000000,22.0000000000,22.0000000000,0,JACKSON,JACKSON|KANSAS CITY
JACKSON - 000652,36,1.0000000000,16.0000000000,16.0000000000,0,JACKSON,JACKSON|KANSAS CITY
JACKSON - 000653,36,1.0000000000,21.0000000000,21.0000000000,0,JACKSON,JACKSON|KANSAS CITY
JACKSON - 000654,36,1.0000000000,20.0000000000,20.0000000000,0,JACKSON,JACKSON|KANSAS CITY
JACKSON - 000655,36,1.0000000000,46.0000000000,46.0000000000,0,JACKSON,JACKSON|KANSAS CITY
JACKSON - 000656,36,1.0000000000,45.0000000000,45.0000000000,0,JACKSON,JACKSON|KANSAS CITY
JACKSON - 000657,36,1.0000000000,12.0000000000,12.0000000000,0,JACKSON,JACKSON|KANSAS CITY
JACKSON - 000658,36,1.0000000000,14.0000000000,14.0000000000,0,JACKSON,JACKSON|KANSAS CITY
JACKSON - 000659,36,1.0000000000,29.0000000000,29.0000000000,0,JACKSON,JACKSON|KANSAS CITY
JACKSON - 000660,36,1.0000000000,32.0000000000,32.0000000000,0,JACKSON,JACKSON|KANSAS CITY
JACKSON - 000661,36,1.0000000000,22.0000000000,22.0000000000,0,JACKSON,JACKSON|KANSAS CITY
JACKSON - 000662,36,1.0000000000,26.0000000000,26.0000000000,0,JACKSON,JACKSON|KANSAS CITY
JACKSON - 000663,36,1.0000000000,29.0000000000,29.0000000000,0,JACKSON,JACKSON|KANSAS CITY
JACKSON - 000664,36,1.0000000000,44.0000000000,44.0000000000,0,JACKSON,JACKSON|KANSAS CITY
JASPER - 000002,127,0.9902912621,102.0000000000,103.0000000000,0,JASPER,JASPER
JASPER - 000002,163,0.0097087379,1.0000000000,103.0000000000,0,JASPER,JASPER
JASPER - 000003,162,1.0000000000,154.0000000000,154.0000000000,0,JASPER,JASPER
JASPER - 000004,162,1.0000000000,195.0000000000,195.0000000000,0,JASPER,JASPER
JASPER - 000005,162,1.0000000000,74.0000000000,74.0000000000,0,JASPER,JASPER
JASPER - 000006,162,0.8121212121,134.0000000001,165.0000000001,0,JASPER,JASPER
JASPER - 000006,163,0.1878787879,31.0000000000,165.0000000001,0,JASPER,JASPER
JASPER - 000007,163,1.0000000000,117.0000000000,117.0000000000,0,JASPER,JASPER
JASPER - 000008,163,1.0000000000,68.0000000000,68.0000000000,0,JASPER,JASPER
JASPER - 000009,163,1.0000000000,81.0000000000,81.0000000000,0,JASPER,JASPER
JASPER - 000010,163,1.0000000000,90.0000000000,90.0000000000,0,JASPER,JASPER
JASPER - 000011,163,1.0000000000,169.0000000000,169.0000000000,0,JASPER,JASPER
JASPER - 000012,127,0.3435582822,56.0000000000,163.0000000000,0,JASPER,JASPER
JASPER - 000012,163,0.6564417178,107.0000000000,163.0000000000,0,JASPER,JASPER
JASPER - 000013,163,1.0000000000,93.0000000000,93.0000000000,0,JASPER,JASPER
JASPER - 000014,163,1.0000000000,181.0000000000,181.0000000000,0,JASPER,JASPER
JASPER - 000015,127,1.0000000000,149.0000000000,149.0000000000,0,JASPER,JASPER
JASPER - 000016,161,0.9915254237,234.0000000000,236.0000000000,0,JASPER,JASPER
JASPER - 000016,162,0.0084745763,2.0000000000,236.0000000000,0,JASPER,JASPER
JASPER - 000017,161,1.0000000000,158.0000000000,158.0000000000,0,JASPER,JASPER
JASPER - 000018,161,1.0000000000,173.0000000000,173.0000000000,0,JASPER,JASPER
JASPER - 000019,162,1.0000000000,155.0000000000,155.0000000000,0,JASPER,JASPER
JASPER - 000020,161,1.0000000000,149.0000000000,149.0000000000,0,JASPER,JASPER
JASPER - 000021,161,0.8558699278,111.2630906153,130.0000000000,0,JASPER,JASPER
JASPER - 000021,162,0.1441300722,18.7369093847,130.0000000000,0,JASPER,JASPER
JASPER - 000022,160,0.0047495542,0.5461987286,115.0000000000,0,JASPER,JASPER
JASPER - 000022,161,0.9952504458,114.4538012714,115.0000000000,0,JASPER,JASPER
JASPER - 000023,161,1.0000000000,62.0000000000,62.0000000000,0,JASPER,JASPER
JASPER - 000024,161,0.9833333333,59.0000000000,60.0000000000,0,JASPER,JASPER
JASPER - 000024,163,0.0166666667,1.0000000000,60.0000000000,0,JASPER,JASPER
JASPER - 000025,161,1.0000000000,76.0000000000,76.0000000000,0,JASPER,JASPER
JASPER - 000026,161,0.5000000000,45.0000000000,90.0000000000,0,JASPER,JASPER
JASPER - 000026,163,0.5000000000,45.0000000000,90.0000000000,0,JASPER,JASPER
JASPER - 000027,161,0.0972222222,7.0000000000,72.0000000000,0,JASPER,JASPER
JASPER - 000027,163,0.9027777778,65.0000000000,72.0000000000,0,JASPER,JASPER
JASPER - 000028,161,0.7615499613,70.8241464049,93.0000000000,0,JASPER,JASPER
JASPER - 000028,163,0.2384500387,22.1758535951,93.0000000000,0,JASPER,JASPER
JASPER - 000029,161,1.0000000000,94.0000000000,94.0000000000,0,JASPER,JASPER
JASPER - 000030,162,0.7254901961,37.0000000000,51.0000000000,0,JASPER,JASPER
JASPER - 000030,163,0.2745098039,14.0000000000,51.0000000000,0,JASPER,JASPER
JASPER - 000031,127,0.9924242424,131.0000000000,132.0000000000,0,JASPER,JASPER
JASPER - 000031,163,0.0075757576,1.0000000000,132.0000000000,0,JASPER,JASPER
JASPER - 000032,127,0.2249230392,29.0150720505,129.0000000000,0,JASPER,JASPER
JASPER - 000032,163,0.7750769608,99.9849279495,129.0000000000,0,JASPER,JASPER
JASPER - 000033,127,1.0000000000,82.0000000000,82.0000000000,0,JASPER,JASPER
JASPER - 000034,163,1.0000000000,153.0000000000,153.0000000000,0,JASPER,JASPER
JASPER - 000035,127,0.0208333333,2.0000000000,96.0000000000,0,JASPER,JASPER
JASPER - 000035,163,0.9791666667,94.0000000000,96.0000000000,0,JASPER,JASPER
JASPER - 000036,127,0.6027397260,44.0000000000,73.0000000000,0,JASPER,JASPER
JASPER - 000036,162,0.3424657534,25.0000000000,73.0000000000,0,JASPER,JASPER
JASPER - 000036,163,0.0547945205,4.0000000000,73.0000000000,0,JASPER,JASPER
JASPER - 000037,127,0.8785046729,94.0000000000,107.0000000000,0,JASPER,JASPER
JASPER - 000037,163,0.1214953271,13.0000000000,107.0000000000,0,JASPER,JASPER
JASPER - 000038,127,1.0000000000,82.0000000000,82.0000000000,0,JASPER,JASPER
JASPER - 000039,127,1.0000000000,92.0000000000,92.0000000000,0,JASPER,JASPER
JASPER - 000040,163,1.0000000000,96.0000000000,96.0000000000,0,JASPER,JASPER
JASPER - 000041,127,1.0000000000,142.0000000000,142.0000000000,0,JASPER,JASPER
JASPER - 000042,127,0.0806451613,5.0000000000,62.0000000000,0,JASPER,JASPER
JASPER - 000042,163,0.9193548387,57.0000000000,62.0000000000,0,JASPER,JASPER
JASPER - 000043,161,0.0192307692,2.0000000000,104.0000000000,0,JASPER,JASPER
JASPER - 000043,162,0.9807692308,102.0000000000,104.0000000000,0,JASPER,JASPER
JASPER - 000044,162,1.0000000000,201.9999999999,201.9999999999,0,JASPER,JASPER
JASPER - 000045,162,1.0000000000,170.9999999999,170.9999999999,0,JASPER,JASPER
JASPER - 000046,163,1.0000000000,100.0000000000,100.0000000000,0,JASPER,JASPER
JASPER - 000047,162,1.0000000000,39.0000000000,39.0000000000,0,JASPER,JASPER
JEFFERSON - 000002,114,0.9166666667,44.0000000000,48.0000000000,0,JEFFERSON,JEFFERSON
JEFFERSON - 000002,115,0.0833333333,4.0000000000,48.0000000000,0,JEFFERSON,JEFFERSON
JEFFERSON - 000003,114,1.0000000000,83.0000000000,83.0000000000,0,JEFFERSON,JEFFERSON
JEFFERSON - 000004,112,1.0000000000,58.0000000001,58.0000000001,0,JEFFERSON,JEFFERSON
JEFFERSON - 000005,111,0.1176470588,12.0000000000,102.0000000000,0,JEFFERSON,JEFFERSON
JEFFERSON - 000005,112,0.8823529412,90.0000000000,102.0000000000,0,JEFFERSON,JEFFERSON
JEFFERSON - 000006,113,1.0000000000,112.0000000000,112.0000000000,0,JEFFERSON,JEFFERSON
JEFFERSON - 000007,112,0.0076923077,1.0000000000,130.0000000001,0,JEFFERSON,JEFFERSON
JEFFERSON - 000007,113,0.9923076923,129.0000000001,130.0000000001,0,JEFFERSON,JEFFERSON
JEFFERSON - 000008,113,1.0000000000,80.9999999999,80.9999999999,0,JEFFERSON,JEFFERSON
JEFFERSON - 000009,112,0.0153846154,1.0000000000,65.0000000000,0,JEFFERSON,JEFFERSON
JEFFERSON - 000009,113,0.9846153846,64.0000000000,65.0000000000,0,JEFFERSON,JEFFERSON
JEFFERSON - 000010,115,1.0000000000,163.0000000000,163.0000000000,0,JEFFERSON,JEFFERSON
JEFFERSON - 000011,113,1.0000000000,34.0000000000,34.0000000000,0,JEFFERSON,JEFFERSON
JEFFERSON - 000012,112,0.0177865072,1.6541451728,93.0000000000,0,JEFFERSON,JEFFERSON
JEFFERSON - 000012,113,0.9714608046,90.3458548272,93.0000000000,0,JEFFERSON,JEFFERSON
JEFFERSON - 000012,114,0.0107526882,1.0000000000,93.0000000000,0,JEFFERSON,JEFFERSON
JEFFERSON - 000013,111,1.0000000000,17.0000000000,17.0000000000,0,JEFFERSON,JEFFERSON
JEFFERSON - 000014,97,0.0054034198,0.1350854939,25.0000000001,0,JEFFERSON,JEFFERSON
JEFFERSON - 000014,111,0.9945965802,24.8649145062,25.0000000001,0,JEFFERSON,JEFFERSON
JEFFERSON - 000015,111,1.0000000000,41.0000000000,41.0000000000,0,JEFFERSON,JEFFERSON
JEFFERSON - 000016,111,1.0000000000,129.0000000000,129.0000000000,0,JEFFERSON,JEFFERSON
JEFFERSON - 000017,111,1.0000000000,16.0000000000,16.0000000000,0,JEFFERSON,JEFFERSON
JEFFERSON - 000018,111,0.9726012991,113.7943519928,117.0000000001,0,JEFFERSON,JEFFERSON
JEFFERSON - 000018,115,0.0273987009,3.2056480073,117.0000000001,0,JEFFERSON,JEFFERSON
JEFFERSON - 000019,111,1.0000000000,91.0000000000,91.0000000000,0,JEFFERSON,JEFFERSON
JEFFERSON - 000020,114,1.0000000000,246.9999999998,246.9999999998,0,JEFFERSON,JEFFERSON
JEFFERSON - 000021,115,1.0000000000,478.9999999999,478.9999999999,0,JEFFERSON,JEFFERSON
JEFFERSON - 000022,114,1.0000000000,331.0000000000,331.0000000000,0,JEFFERSON,JEFFERSON
JEFFERSON - 000023,114,1.0000000000,61.0000000000,61.0000000000,0,JEFFERSON,JEFFERSON
JEFFERSON - 000024,113,1.0000000000,47.0000000000,47.0000000000,0,JEFFERSON,JEFFERSON
JEFFERSON - 000025,115,1.0000000000,82.0000000000,82.0000000000,0,JEFFERSON,JEFFERSON
JEFFERSON - 000026,111,1.0000000000,64.0000000000,64.0000000000,0,JEFFERSON,JEFFERSON
JEFFERSON - 000027,111,1.0000000000,7.0000000000,7.0000000000,0,JEFFERSON,JEFFERSON
JEFFERSON - 000028,115,1.0000000000,47.0000000001,47.0000000001,0,JEFFERSON,JEFFERSON
JEFFERSON - 000029,115,1.0000000000,13.0000000000,13.0000000000,0,JEFFERSON,JEFFERSON
JEFFERSON - 000030,114,0.9393939394,61.9999999999,65.9999999999,0,JEFFERSON,JEFFERSON
JEFFERSON - 000030,115,0.0606060606,4.0000000000,65.9999999999,0,JEFFERSON,JEFFERSON
JEFFERSON - 000031,114,1.0000000000,139.0000000000,139.0000000000,0,JEFFERSON,JEFFERSON
JEFFERSON - 000032,97,1.0000000000,5.0000000000,5.0000000000,0,JEFFERSON,JEFFERSON
JEFFERSON - 000033,97,0.9362792011,53.3679144636,56.9999999999,0,JEFFERSON,JEFFERSON
JEFFERSON - 000033,111,0.0637207989,3.6320855363,56.9999999999,0,JEFFERSON,JEFFERSON
JEFFERSON - 000034,97,1.0000000000,87.0000000001,87.0000000001,0,JEFFERSON,JEFFERSON
JEFFERSON - 000035,97,0.9866666667,74.0000000000,75.0000000000,0,JEFFERSON,JEFFERSON
JEFFERSON - 000035,111,0.0133333333,1.0000000000,75.0000000000,0,JEFFERSON,JEFFERSON
JEFFERSON - 000036,111,0.9793761352,94.9994851123,97.0000000000,0,JEFFERSON,JEFFERSON
JEFFERSON - 000036,115,0.0206238648,2.0005148877,97.0000000000,0,JEFFERSON,JEFFERSON
JEFFERSON - 000037,111,0.7550201988,120.0482116116,159.0000000000,0,JEFFERSON,JEFFERSON
JEFFERSON - 000037,115,0.2449798012,38.9517883884,159.0000000000,0,JEFFERSON,JEFFERSON
JEFFERSON - 000038,111,1.0000000000,11.0000000000,11.0000000000,0,JEFFERSON,JEFFERSON
JEFFERSON - 000039,97,0.0495447023,2.5267798190,50.9999999999,0,JEFFERSON,JEFFERSON
JEFFERSON - 000039,111,0.9504552977,48.4732201809,50.9999999999,0,JEFFERSON,JEFFERSON
JEFFERSON - 000040,114,1.0000000000,112.0000000000,112.0000000000,0,JEFFERSON,JEFFERSON
JEFFERSON - 000041,97,0.0126674552,0.4433609322,35.0000000000,0,JEFFERSON,JEFFERSON
JEFFERSON - 000041,111,0.9873325448,34.5566390678,35.0000000000,0,JEFFERSON,JEFFERSON
JEFFERSON - 000042,111,1.0000000000,85.0000000000,85.0000000000,0,JEFFERSON,JEFFERSON
JEFFERSON - 000043,111,0.9813084112,105.0000000000,107.0000000000,0,JEFFERSON,JEFFERSON
JEFFERSON - 000043,112,0.0186915888,2.0000000000,107.0000000000,0,JEFFERSON,JEFFERSON
JEFFERSON - 000044,112,0.9736842105,37.0000000000,38.0000000000,0,JEFFERSON,JEFFERSON
JEFFERSON - 000044,113,0.0263157895,1.0000000000,38.0000000000,0,JEFFERSON,JEFFERSON
JEFFERSON - 000045,112,1.0000000000,30.0000000000,30.0000000000,0,JEFFERSON,JEFFERSON
JEFFERSON - 000046,112,0.9482758621,55.0000000000,58.0000000000,0,JEFFERSON,JEFFERSON
JEFFERSON - 000046,113,0.0517241379,3.0000000000,58.0000000000,0,JEFFERSON,JEFFERSON
JEFFERSON - 000047,112,1.0000000000,43.0000000000,43.0000000000,0,JEFFERSON,JEFFERSON
JEFFERSON - 000048,114,0.1915919357,16.0937225989,83.9999999999,0,JEFFERSON,JEFFERSON
JEFFERSON - 000048,115,0.8084080643,67.9062774010,83.9999999999,0,JEFFERSON,JEFFERSON
JEFFERSON - 000049,114,0.4062500000,13.0000000000,32.0000000000,0,JEFFERSON,JEFFERSON
JEFFERSON - 000049,115,0.5937500000,19.0000000000,32.0000000000,0,JEFFERSON,JEFFERSON
JEFFERSON - 000050,113,1.0000000000,17.0000000000,17.0000000000,0,JEFFERSON,JEFFERSON
JEFFERSON - 000051,111,1.0000000000,56.0000000000,56.0000000000,0,JEFFERSON,JEFFERSON
JEFFERSON - 000052,111,0.0044444444,0.6000000000,135.0000000000,0,JEFFERSON,JEFFERSON
JEFFERSON - 000052,114,0.9955555556,134.4000000000,135.0000000000,0,JEFFERSON,JEFFERSON
JEFFERSON - 000053,112,1.0000000000,7.0000000000,7.0000000000,0,JEFFERSON,JEFFERSON
JEFFERSON - 000054,112,0.8122381569,64.1668143982,78.9999999998,0,JEFFERSON,JEFFERSON
JEFFERSON - 000054,113,0.1877618431,14.8331856016,78.9999999998,0,JEFFERSON,JEFFERSON
JEFFERSON - 000055,111,1.0000000000,10.0000000000,10.0000000000,0,JEFFERSON,JEFFERSON
JEFFERSON - 000056,112,0.9682539683,61.0000000000,63.0000000000,0,JEFFERSON,JEFFERSON
JEFFERSON - 000056,113,0.0317460317,2.0000000000,63.0000000000,0,JEFFERSON,JEFFERSON
JEFFERSON - 000057,111,1.0000000000,58.0000000000,58.0000000000,0,JEFFERSON,JEFFERSON
JEFFERSON - 000058,113,1.0000000000,63.0000000001,63.0000000001,0,JEFFERSON,JEFFERSON
JEFFERSON - 000059,96,0.0190476190,2.0000000000,105.0000000000,0,JEFFERSON,JEFFERSON
JEFFERSON - 000059,97,0.9809523810,103.0000000000,105.0000000000,0,JEFFERSON,JEFFERSON
JEFFERSON - 000060,96,0.0208333333,1.0000000000,48.0000000000,0,JEFFERSON,JEFFERSON
JEFFERSON - 000060,97,0.9791666667,47.0000000000,48.0000000000,0,JEFFERSON,JEFFERSON
JEFFERSON - 000061,97,1.0000000000,69.0000000000,69.0000000000,0,JEFFERSON,JEFFERSON
JEFFERSON - 000062,115,1.0000000000,75.0000000000,75.0000000000,0,JEFFERSON,JEFFERSON
JEFFERSON - 000063,115,1.0000000000,23.0000000000,23.0000000000,0,JEFFERSON,JEFFERSON
JEFFERSON - 000064,97,1.0000000000,9.0000000000,9.0000000000,0,JEFFERSON,JEFFERSON
JEFFERSON - 000065,114,1.0000000000,139.0000000000,139.0000000000,0,JEFFERSON,JEFFERSON
JEFFERSON - 000066,114,1.0000000000,87.0000000000,87.0000000000,0,JEFFERSON,JEFFERSON
JEFFERSON - 000067,113,0.0760566841,7.2253849928,95.0000000001,0,JEFFERSON,JEFFERSON
JEFFERSON - 000067,114,0.9239433159,87.7746150073,95.0000000001,0,JEFFERSON,JEFFERSON
JEFFERSON - 000068,115,1.0000000000,54.9999999999,54.9999999999,0,JEFFERSON,JEFFERSON
JEFFERSON - 000069,114,1.0000000000,14.0000000000,14.0000000000,0,JEFFERSON,JEFFERSON
JEFFERSON - 000070,97,0.1842105263,7.0000000000,38.0000000000,0,JEFFERSON,JEFFERSON
JEFFERSON - 000070,112,0.8157894737,31.0000000000,38.0000000000,0,JEFFERSON,JEFFERSON
JEFFERSON - 000071,97,0.0704478844,4.0155294124,57.0000000001,0,JEFFERSON,JEFFERSON
JEFFERSON - 000071,111,0.0168625447,0.9611650485,57.0000000001,0,JEFFERSON,JEFFERSON
JEFFERSON - 000071,112,0.9126895709,52.0233055392,57.0000000001,0,JEFFERSON,JEFFERSON
JEFFERSON - 000072,112,1.0000000000,2.0000000000,2.0000000000,0,JEFFERSON,JEFFERSON
JEFFERSON - 000073,111,1.0000000000,38.9999999998,38.9999999998,0,JEFFERSON,JEFFERSON
JEFFERSON - 000074,111,1.0000000000,61.0000000000,61.0000000000,0,JEFFERSON,JEFFERSON
JEFFERSON - 000075,97,0.8353903827,22.5555403330,27.0000000000,0,JEFFERSON,JEFFERSON
JEFFERSON - 000075,112,0.1646096173,4.4444596670,27.0000000000,0,JEFFERSON,JEFFERSON
JEFFERSON - 000076,115,1.0000000000,87.0000000000,87.0000000000,0,JEFFERSON,JEFFERSON
JEFFERSON - 000077,97,1.0000000000,21.0000000000,21.0000000000,0,JEFFERSON,JEFFERSON
JEFFERSON - 000078,111,1.0000000000,23.9999999999,23.9999999999,0,JEFFERSON,JEFFERSON
JEFFERSON - 000079,97,1.0000000000,114.0000000000,114.0000000000,0,JEFFERSON,JEFFERSON
JEFFERSON - 000080,115,1.0000000000,184.0000000000,184.0000000000,0,JEFFERSON,JEFFERSON
JEFFERSON - 000081,115,1.0000000000,93.0000000000,93.0000000000,0,JEFFERSON,JEFFERSON
JEFFERSON - 000082,115,1.0000000000,63.9999999999,63.9999999999,0,JEFFERSON,JEFFERSON
JEFFERSON - 000083,111,0.0133333333,1.0000000000,74.9999999999,0,JEFFERSON,JEFFERSON
JEFFERSON - 000083,114,0.0936913490,7.0268511787,74.9999999999,0,JEFFERSON,JEFFERSON
JEFFERSON - 000083,115,0.8929753176,66.9731488212,74.9999999999,0,JEFFERSON,JEFFERSON
JEFFERSON - 000084,115,1.0000000000,9.0000000000,9.0000000000,0,JEFFERSON,JEFFERSON
JEFFERSON - 000085,115,1.0000000000,69.9999999999,69.9999999999,0,JEFFERSON,JEFFERSON
JEFFERSON - 000086,111,0.0074728688,1.0910388377,146.0000000001,0,JEFFERSON,JEFFERSON
JEFFERSON - 000086,115,0.9925271312,144.9089611624,146.0000000001,0,JEFFERSON,JEFFERSON
JEFFERSON - 000087,113,1.0000000000,138.9999999999,138.9999999999,0,JEFFERSON,JEFFERSON
JOHNSON - 000002,57,1.0000000000,582.0000000000,582.0000000000,0,JOHNSON,JOHNSON
JOHNSON - 000003,54,1.0000000000,114.0000000000,114.0000000000,0,JOHNSON,JOHNSON
JOHNSON - 000004,57,1.0000000000,185.0000000000,185.0000000000,0,JOHNSON,JOHNSON
JOHNSON - 000005,54,1.0000000000,314.0000000000,314.0000000000,0,JOHNSON,JOHNSON
JOHNSON - 000006,57,1.0000000000,268.0000000001,268.0000000001,0,JOHNSON,JOHNSON
JOHNSON - 000007,57,1.0000000000,202.0000000000,202.0000000000,0,JOHNSON,JOHNSON
JOHNSON - 000008,54,1.0000000000,119.0000000000,119.0000000000,0,JOHNSON,JOHNSON
JOHNSON - 000009,54,1.0000000000,210.0000000000,210.0000000000,0,JOHNSON,JOHNSON
JOHNSON - 000010,54,1.0000000000,247.0000000000,247.0000000000,0,JOHNSON,JOHNSON
JOHNSON - 000011,54,1.0000000000,100.9999999999,100.9999999999,0,JOHNSON,JOHNSON
JOHNSON - 000012,54,1.0000000000,246.0000000000,246.0000000000,0,JOHNSON,JOHNSON
JOHNSON - 000013,54,1.0000000000,85.0000000000,85.0000000000,0,JOHNSON,JOHNSON
JOHNSON - 000014,54,1.0000000000,147.0000000000,147.0000000000,0,JOHNSON,JOHNSON
JOHNSON - 000015,57,1.0000000000,240.0000000000,240.0000000000,0,JOHNSON,JOHNSON
JOHNSON - 000016,54,1.0000000000,118.0000000000,118.0000000000,0,JOHNSON,JOHNSON
JOHNSON - 000017,54,1.0000000000,127.0000000000,127.0000000000,0,JOHNSON,JOHNSON
JOHNSON - 000018,54,1.0000000000,195.0000000000,195.0000000000,0,JOHNSON,JOHNSON
JOHNSON - 000019,54,1.0000000000,155.0000000000,155.0000000000,0,JOHNSON,JOHNSON
JOHNSON - 000020,57,1.0000000000,150.0000000000,150.0000000000,0,JOHNSON,JOHNSON
JOHNSON - 000021,57,1.0000000000,161.0000000000,161.0000000000,0,JOHNSON,JOHNSON
KNOX - 000002,4,1.0000000000,172.0000000001,172.0000000001,0,KNOX,KNOX
KNOX - 000003,4,1.0000000000,267.0000000002,267.0000000002,0,KNOX,KNOX
KNOX - 000004,4,1.0000000000,117.9999999999,117.9999999999,0,KNOX,KNOX
KNOX - 000005,4,1.0000000000,225.0000000000,225.0000000000,0,KNOX,KNOX
KNOX - 000006,4,1.0000000000,178.9999999999,178.9999999999,0,KNOX,KNOX
KNOX - 000007,4,1.0000000000,198.0000000000,198.0000000000,0,KNOX,KNOX
LACLEDE - 000002,141,1.0000000000,107.0000000000,107.0000000000,0,LACLEDE,LACLEDE
LACLEDE - 000003,141,1.0000000000,172.0000000000,172.0000000000,0,LACLEDE,LACLEDE
LACLEDE - 000004,141,1.0000000000,84.0000000001,84.0000000001,0,LACLEDE,LACLEDE
LACLEDE - 000005,141,0.3383458647,44.9999999999,132.9999999999,0,LACLEDE,LACLEDE
LACLEDE - 000005,142,0.6616541353,88.0000000000,132.9999999999,0,LACLEDE,LACLEDE
LACLEDE - 000006,142,1.0000000000,68.0000000000,68.0000000000,0,LACLEDE,LACLEDE
LACLEDE - 000007,141,0.4618291974,43.8737737489,95.0000000000,0,LACLEDE,LACLEDE
LACLEDE - 000007,142,0.5381708026,51.1262262511,95.0000000000,0,LACLEDE,LACLEDE
LACLEDE - 000008,141,0.9275362319,64.0000000000,69.0000000000,0,LACLEDE,LACLEDE
LACLEDE - 000008,142,0.0724637681,5.0000000000,69.0000000000,0,LACLEDE,LACLEDE
LACLEDE - 000009,141,1.0000000000,121.0000000000,121.0000000000,0,LACLEDE,LACLEDE
LACLEDE - 000010,141,1.0000000000,51.0000000002,51.0000000002,0,LACLEDE,LACLEDE
LACLEDE - 000011,141,1.0000000000,240.0000000001,240.0000000001,0,LACLEDE,LACLEDE
LACLEDE - 000012,141,1.0000000000,191.0000000001,191.0000000001,0,LACLEDE,LACLEDE
LACLEDE - 000013,141,1.0000000000,174.0000000000,174.0000000000,0,LACLEDE,LACLEDE
LACLEDE - 000014,141,1.0000000000,158.0000000000,158.0000000000,0,LACLEDE,LACLEDE
LACLEDE - 000015,141,0.8400723411,147.0126596840,175.0000000000,0,LACLEDE,LACLEDE
LACLEDE - 000015,142,0.1599276589,27.9873403160,175.0000000000,0,LACLEDE,LACLEDE
LACLEDE - 000016,141,1.0000000000,31.0000000000,31.0000000000,0,LACLEDE,LACLEDE
LACLEDE - 000017,141,1.0000000000,114.0000000000,114.0000000000,0,LACLEDE,LACLEDE
LACLEDE - 000018,141,0.0731707317,18.0000000000,245.9999999997,0,LACLEDE,LACLEDE
LACLEDE - 000018,142,0.9268292683,227.9999999997,245.9999999997,0,LACLEDE,LACLEDE
LACLEDE - 000019,141,0.9772727273,86.0000000001,88.0000000001,0,LACLEDE,LACLEDE
LACLEDE - 000019,142,0.0227272727,2.0000000000,88.0000000001,0,LACLEDE,LACLEDE
LACLEDE - 000020,141,1.0000000000,180.9999999998,180.9999999998,0,LACLEDE,LACLEDE
LACLEDE - 000021,142,1.0000000000,93.0000000000,93.0000000000,0,LACLEDE,LACLEDE
LACLEDE - 000022,141,0.3232323232,32.0000000000,99.0000000000,0,LACLEDE,LACLEDE
LACLEDE - 000022,142,0.6767676768,67.0000000000,99.0000000000,0,LACLEDE,LACLEDE
LACLEDE - 000023,141,0.1677852349,25.0000000000,149.0000000000,0,LACLEDE,LACLEDE
LACLEDE - 000023,142,0.8322147651,124.0000000000,149.0000000000,0,LACLEDE,LACLEDE
LAFAYETTE - 000002,51,1.0000000000,335.0000000002,335.0000000002,0,LAFAYETTE,LAFAYETTE
LAFAYETTE - 000003,51,0.9802631579,149.0000000000,152.0000000000,0,LAFAYETTE,LAFAYETTE
LAFAYETTE - 000003,53,0.0197368421,3.0000000000,152.0000000000,0,LAFAYETTE,LAFAYETTE
LAFAYETTE - 000004,51,1.0000000000,166.0000000000,166.0000000000,0,LAFAYETTE,LAFAYETTE
LAFAYETTE - 000005,51,1.0000000000,144.0000000000,144.0000000000,0,LAFAYETTE,LAFAYETTE
LAFAYETTE - 000006,53,1.0000000000,108.0000000001,108.0000000001,0,LAFAYETTE,LAFAYETTE
LAFAYETTE - 000007,51,1.0000000000,258.0000000000,258.0000000000,0,LAFAYETTE,LAFAYETTE
LAFAYETTE - 000008,51,1.0000000000,87.0000000000,87.0000000000,0,LAFAYETTE,LAFAYETTE
LAFAYETTE - 000009,51,0.3913043478,36.0000000000,92.0000000000,0,LAFAYETTE,LAFAYETTE
LAFAYETTE - 000009,53,0.6086956522,56.0000000000,92.0000000000,0,LAFAYETTE,LAFAYETTE
LAFAYETTE - 000010,51,0.9068627451,185.0000000000,204.0000000000,0,LAFAYETTE,LAFAYETTE
LAFAYETTE - 000010,53,0.0931372549,19.0000000000,204.0000000000,0,LAFAYETTE,LAFAYETTE
LAFAYETTE - 000011,51,0.0136986301,2.0000000000,146.0000000000,0,LAFAYETTE,LAFAYETTE
LAFAYETTE - 000011,53,0.9863013699,144.0000000000,146.0000000000,0,LAFAYETTE,LAFAYETTE
LAFAYETTE - 000012,53,1.0000000000,7.0000000000,7.0000000000,0,LAFAYETTE,LAFAYETTE
LAFAYETTE - 000013,51,0.0073260073,2.0000000000,273.0000000001,0,LAFAYETTE,LAFAYETTE
LAFAYETTE - 000013,53,0.9926739927,271.0000000001,273.0000000001,0,LAFAYETTE,LAFAYETTE
LAFAYETTE - 000014,53,1.0000000000,140.0000000000,140.0000000000,0,LAFAYETTE,LAFAYETTE
LAFAYETTE - 000015,53,1.0000000000,140.0000000000,140.0000000000,0,LAFAYETTE,LAFAYETTE
LAFAYETTE - 000016,51,1.0000000000,93.0000000000,93.0000000000,0,LAFAYETTE,LAFAYETTE
LAFAYETTE - 000017,53,1.0000000000,236.0000000000,236.0000000000,0,LAFAYETTE,LAFAYETTE
LAFAYETTE - 000018,53,1.0000000000,58.9999999999,58.9999999999,0,LAFAYETTE,LAFAYETTE
LAFAYETTE - 000019,51,0.6382978723,90.0000000000,141.0000000000,0,LAFAYETTE,LAFAYETTE
LAFAYETTE - 000019,53,0.3617021277,51.0000000000,141.0000000000,0,LAFAYETTE,LAFAYETTE
LAFAYETTE - 000020,51,1.0000000000,134.0000000000,134.0000000000,0,LAFAYETTE,LAFAYETTE
LAFAYETTE - 000021,53,1.0000000000,143.9999999999,143.9999999999,0,LAFAYETTE,LAFAYETTE
LAWRENCE - 000002,157,1.0000000000,168.9999999997,168.9999999997,0,LAWRENCE,LAWRENCE
LAWRENCE - 000003,157,1.0000000000,121.9999999999,121.9999999999,0,LAWRENCE,LAWRENCE
LAWRENCE - 000004,157,1.0000000000,207.9999999997,207.9999999997,0,LAWRENCE,LAWRENCE
LAWRENCE - 000005,157,1.0000000000,143.0000000000,143.0000000000,0,LAWRENCE,LAWRENCE
LAWRENCE - 000006,157,1.0000000000,181.0000000000,181.0000000000,0,LAWRENCE,LAWRENCE
LAWRENCE - 000007,157,1.0000000000,216.0000000000,216.0000000000,0,LAWRENCE,LAWRENCE
LAWRENCE - 000008,157,1.0000000000,233.0000000000,233.0000000000,0,LAWRENCE,LAWRENCE
LAWRENCE - 000009,157,1.0000000000,102.0000000000,102.0000000000,0,LAWRENCE,LAWRENCE
LAWRENCE - 000010,157,1.0000000000,197.0000000001,197.0000000001,0,LAWRENCE,LAWRENCE
LAWRENCE - 000011,157,1.0000000000,194.9999999999,194.9999999999,0,LAWRENCE,LAWRENCE
LAWRENCE - 000012,157,1.0000000000,201.9999999998,201.9999999998,0,LAWRENCE,LAWRENCE
LAWRENCE - 000013,157,1.0000000000,233.0000000000,233.0000000000,0,LAWRENCE,LAWRENCE
LAWRENCE - 000014,157,1.0000000000,296.9999999999,296.9999999999,0,LAWRENCE,LAWRENCE
LAWRENCE - 000015,157,1.0000000000,171.0000000000,171.0000000000,0,LAWRENCE,LAWRENCE
LAWRENCE - 000016,157,1.0000000000,302.0000000001,302.0000000001,0,LAWRENCE,LAWRENCE
LAWRENCE - 000017,157,1.0000000000,185.9999999998,185.9999999998,0,LAWRENCE,LAWRENCE
LAWRENCE - 000018,157,1.0000000000,61.9999999999,61.9999999999,0,LAWRENCE,LAWRENCE
LAWRENCE - 000019,157,1.0000000000,67.0000000000,67.0000000000,0,LAWRENCE,LAWRENCE
LAWRENCE - 000020,157,1.0000000000,108.0000000000,108.0000000000,0,LAWRENCE,LAWRENCE
LEWIS - 000002,4,1.0000000000,341.0000000000,341.0000000000,0,LEWIS,LEWIS
LEWIS - 000003,4,1.0000000000,125.9999999999,125.9999999999,0,LEWIS,LEWIS
LEWIS - 000004,4,1.0000000000,36.0000000000,36.0000000000,0,LEWIS,LEWIS
LEWIS - 000005,4,1.0000000000,79.0000000000,79.0000000000,0,LEWIS,LEWIS
LEWIS - 000006,4,1.0000000000,90.0000000000,90.0000000000,0,LEWIS,LEWIS
LEWIS - 000007,4,1.0000000000,153.0000000000,153.0000000000,0,LEWIS,LEWIS
LEWIS - 000008,4,1.0000000000,191.0000000000,191.0000000000,0,LEWIS,LEWIS
LEWIS - 000009,4,1.0000000000,118.0000000000,118.0000000000,0,LEWIS,LEWIS
LEWIS - 000010,4,1.0000000000,73.0000000000,73.0000000000,0,LEWIS,LEWIS
LEWIS - 000011,4,1.0000000000,185.0000000000,185.0000000000,0,LEWIS,LEWIS
LINCOLN - 000002,40,0.1354166667,13.0000000000,95.9999999999,0,LINCOLN,LINCOLN
LINCOLN - 000002,41,0.8645833333,82.9999999999,95.9999999999,0,LINCOLN,LINCOLN
LINCOLN - 000003,40,0.2710280374,29.0000000000,107.0000000000,0,LINCOLN,LINCOLN
LINCOLN - 000003,41,0.7289719626,78.0000000000,107.0000000000,0,LINCOLN,LINCOLN
LINCOLN - 000004,40,0.3809523810,63.9999999999,167.9999999999,0,LINCOLN,LINCOLN
LINCOLN - 000004,41,0.6190476190,104.0000000000,167.9999999999,0,LINCOLN,LINCOLN
LINCOLN - 000005,40,1.0000000000,138.0000000000,138.0000000000,0,LINCOLN,LINCOLN
LINCOLN - 000006,40,1.0000000000,150.0000000000,150.0000000000,0,LINCOLN,LINCOLN
LINCOLN - 000007,40,0.4295774648,61.0000000000,142.0000000001,0,LINCOLN,LINCOLN
LINCOLN - 000007,41,0.5704225352,81.0000000001,142.0000000001,0,LINCOLN,LINCOLN
LINCOLN - 000008,40,1.0000000000,262.0000000000,262.0000000000,0,LINCOLN,LINCOLN
LINCOLN - 000009,40,0.9568691634,211.4680851066,221.0000000002,0,LINCOLN,LINCOLN
LINCOLN - 000009,41,0.0431308366,9.5319148936,221.0000000002,0,LINCOLN,LINCOLN
LINCOLN - 000010,40,1.0000000000,70.0000000000,70.0000000000,0,LINCOLN,LINCOLN
LINCOLN - 000011,40,0.8188405797,113.0000000000,138.0000000000,0,LINCOLN,LINCOLN
LINCOLN - 000011,41,0.1811594203,25.0000000000,138.0000000000,0,LINCOLN,LINCOLN
LINCOLN - 000012,41,1.0000000000,143.0000000001,143.0000000001,0,LINCOLN,LINCOLN
LINCOLN - 000013,41,1.0000000000,239.0000000000,239.0000000000,0,LINCOLN,LINCOLN
LINCOLN - 000014,40,1.0000000000,115.0000000001,115.0000000001,0,LINCOLN,LINCOLN
LINCOLN - 000015,40,1.0000000000,125.0000000000,125.0000000000,0,LINCOLN,LINCOLN
LINCOLN - 000016,40,1.0000000000,69.0000000000,69.0000000000,0,LINCOLN,LINCOLN
LINCOLN - 000017,40,1.0000000000,92.0000000000,92.0000000000,0,LINCOLN,LINCOLN
LINCOLN - 000018,41,1.0000000000,105.0000000000,105.0000000000,0,LINCOLN,LINCOLN
LINCOLN - 000019,41,1.0000000000,61.0000000000,61.0000000000,0,LINCOLN,LINCOLN
LINCOLN - 000020,41,1.0000000000,137.0000000001,137.0000000001,0,LINCOLN,LINCOLN
LINCOLN - 000021,41,1.0000000000,211.9999999999,211.9999999999,0,LINCOLN,LINCOLN
LINCOLN - 000022,40,1.0000000000,65.0000000000,65.0000000000,0,LINCOLN,LINCOLN
LINCOLN - 000023,40,1.0000000000,83.0000000000,83.0000000000,0,LINCOLN,LINCOLN
LINCOLN - 000024,40,0.9712643678,169.0000000000,174.0000000000,0,LINCOLN,LINCOLN
LINCOLN - 000024,41,0.0287356322,5.0000000000,174.0000000000,0,LINCOLN,LINCOLN
LINCOLN - 000025,41,1.0000000000,139.0000000000,139.0000000000,0,LINCOLN,LINCOLN
LINN - 000002,7,1.0000000000,99.9999999999,99.9999999999,0,LINN,LINN
LINN - 000003,7,1.0000000000,90.0000000000,90.0000000000,0,LINN,LINN
LINN - 000004,7,1.0000000000,90.0000000001,90.0000000001,0,LINN,LINN
LINN - 000005,7,1.0000000000,138.9999999999,138.9999999999,0,LINN,LINN
LINN - 000006,7,1.0000000000,59.0000000000,59.0000000000,0,LINN,LINN
LINN - 000007,7,1.0000000000,85.0000000000,85.0000000000,0,LINN,LINN
LINN - 000008,7,1.0000000000,88.0000000000,88.0000000000,0,LINN,LINN
LINN - 000009,7,1.0000000000,62.0000000000,62.0000000000,0,LINN,LINN
LINN - 000010,7,1.0000000000,161.9999999999,161.9999999999,0,LINN,LINN
LINN - 000011,7,1.0000000000,116.0000000000,116.0000000000,0,LINN,LINN
LINN - 000012,7,1.0000000000,36.0000000000,36.0000000000,0,LINN,LINN
LINN - 000013,7,1.0000000000,81.9999999999,81.9999999999,0,LINN,LINN
LINN - 000014,7,1.0000000000,89.9999999999,89.9999999999,0,LINN,LINN
LINN - 000015,7,1.0000000000,267.0000000002,267.0000000002,0,LINN,LINN
LINN - 000016,7,1.0000000000,161.0000000001,161.0000000001,0,LINN,LINN
LINN - 000017,7,1.0000000000,81.0000000000,81.0000000000,0,LINN,LINN
LINN - 000018,7,1.0000000000,44.0000000000,44.0000000000,0,LINN,LINN
LINN - 000019,7,1.0000000000,31.0000000000,31.0000000000,0,LINN,LINN
LINN - 000020,7,1.0000000000,26.0000000000,26.0000000000,0,LINN,LINN
LINN - 000021,7,1.0000000000,29.0000000000,29.0000000000,0,LINN,LINN
LINN - 000022,7,1.0000000000,55.0000000000,55.0000000000,0,LINN,LINN
LINN - 000023,7,1.0000000000,162.9999999997,162.9999999997,0,LINN,LINN
LINN - 000024,7,1.0000000000,141.0000000000,141.0000000000,0,LINN,LINN
LIVINGSTON - 000002,7,1.0000000000,167.9999999998,167.9999999998,0,LIVINGSTON,LIVINGSTON
LIVINGSTON - 000003,7,1.0000000000,32.0000000000,32.0000000000,0,LIVINGSTON,LIVINGSTON
LIVINGSTON - 000004,7,1.0000000000,76.0000000000,76.0000000000,0,LIVINGSTON,LIVINGSTON
LIVINGSTON - 000005,7,1.0000000000,146.0000000000,146.0000000000,0,LIVINGSTON,LIVINGSTON
LIVINGSTON - 000006,7,1.0000000000,257.9999999998,257.9999999998,0,LIVINGSTON,LIVINGSTON
LIVINGSTON - 000007,7,1.0000000000,161.0000000000,161.0000000000,0,LIVINGSTON,LIVINGSTON
LIVINGSTON - 000008,7,1.0000000000,105.0000000000,105.0000000000,0,LIVINGSTON,LIVINGSTON
LIVINGSTON - 000009,7,1.0000000000,84.0000000000,84.0000000000,0,LIVINGSTON,LIVINGSTON
LIVINGSTON - 000010,7,1.0000000000,73.0000000000,73.0000000000,0,LIVINGSTON,LIVINGSTON
LIVINGSTON - 000011,7,1.0000000000,94.0000000000,94.0000000000,0,LIVINGSTON,LIVINGSTON
LIVINGSTON - 000012,7,1.0000000000,198.0000000000,198.0000000000,0,LIVINGSTON,LIVINGSTON
LIVINGSTON - 000013,7,1.0000000000,59.0000000000,59.0000000000,0,LIVINGSTON,LIVINGSTON
LIVINGSTON - 000014,7,1.0000000000,113.0000000000,113.0000000000,0,LIVINGSTON,LIVINGSTON
LIVINGSTON - 000015,7,1.0000000000,122.9999999999,122.9999999999,0,LIVINGSTON,LIVINGSTON
MACON - 000002,6,1.0000000000,97.0000000000,97.0000000000,0,MACON,MACON
MACON - 000003,6,1.0000000000,79.0000000000,79.0000000000,0,MACON,MACON
MACON - 000004,6,1.0000000000,86.0000000000,86.0000000000,0,MACON,MACON
MACON - 000005,6,1.0000000000,212.9999999998,212.9999999998,0,MACON,MACON
MACON - 000006,6,1.0000000000,191.0000000001,191.0000000001,0,MACON,MACON
MACON - 000007,6,1.0000000000,315.9999999998,315.9999999998,0,MACON,MACON
MACON - 000008,6,1.0000000000,284.0000000001,284.0000000001,0,MACON,MACON
MACON - 000009,6,1.0000000000,136.9999999999,136.9999999999,0,MACON,MACON
MACON - 000010,6,1.0000000000,147.0000000000,147.0000000000,0,MACON,MACON
MACON - 000011,6,1.0000000000,440.0000000001,440.0000000001,0,MACON,MACON
MACON - 000012,6,1.0000000000,365.0000000000,365.0000000000,0,MACON,MACON
MACON - 000013,6,1.0000000000,58.0000000000,58.0000000000,0,MACON,MACON
MADISON - 000002,116,1.0000000000,472.0000000000,472.0000000000,0,MADISON,MADISON
MADISON - 000003,116,0.1656804734,56.0000000000,338.0000000000,0,MADISON,MADISON
MADISON - 000003,144,0.8343195266,282.0000000000,338.0000000000,0,MADISON,MADISON
MADISON - 000004,116,1.0000000000,54.0000000000,54.0000000000,0,MADISON,MADISON
MADISON - 000005,116,1.0000000000,57.0000000000,57.0000000000,0,MADISON,MADISON
MADISON - 000006,116,1.0000000000,81.0000000000,81.0000000000,0,MADISON,MADISON
MADISON - 000007,144,1.0000000000,209.0000000000,209.0000000000,0,MADISON,MADISON
MADISON - 000008,116,1.0000000000,277.0000000000,277.0000000000,0,MADISON,MADISON
MARIES - 000002,143,1.0000000000,94.0000000000,94.0000000000,0,MARIES,MARIES
MARIES - 000003,143,1.0000000000,352.0000000000,352.0000000000,0,MARIES,MARIES
MARIES - 000004,143,1.0000000000,306.0000000001,306.0000000001,0,MARIES,MARIES
MARIES - 000005,143,1.0000000000,97.0000000000,97.0000000000,0,MARIES,MARIES
MARIES - 000006,143,1.0000000000,117.0000000000,117.0000000000,0,MARIES,MARIES
MARIES - 000007,143,1.0000000000,103.0000000000,103.0000000000,0,MARIES,MARIES
MARIES - 000008,143,1.0000000000,111.0000000000,111.0000000000,0,MARIES,MARIES
MARIES - 000009,143,1.0000000000,65.0000000000,65.0000000000,0,MARIES,MARIES
MARIES - 000010,143,1.0000000000,72.0000000000,72.0000000000,0,MARIES,MARIES
MARION - 000002,5,1.0000000000,142.0000000000,142.0000000000,0,MARION,MARION
MARION - 000003,5,1.0000000000,164.0000000000,164.0000000000,0,MARION,MARION
MARION - 000004,5,1.0000000000,21.0000000000,21.0000000000,0,MARION,MARION
MARION - 000005,5,1.0000000000,52.0000000000,52.0000000000,0,MARION,MARION
MARION - 000006,5,1.0000000000,105.0000000000,105.0000000000,0,MARION,MARION
MARION - 000007,5,1.0000000000,93.0000000000,93.0000000000,0,MARION,MARION
MARION - 000008,5,1.0000000000,41.0000000000,41.0000000000,0,MARION,MARION
MARION - 000009,5,1.0000000000,160.0000000000,160.0000000000,0,MARION,MARION
MARION - 000010,5,1.0000000000,101.9999999999,101.9999999999,0,MARION,MARION
MARION - 000011,5,1.0000000000,118.0000000000,118.0000000000,0,MARION,MARION
MARION - 000012,5,1.0000000000,113.9999999999,113.9999999999,0,MARION,MARION
MARION - 000013,5,1.0000000000,148.0000000000,148.0000000000,0,MARION,MARION
MARION - 000014,5,1.0000000000,103.0000000000,103.0000000000,0,MARION,MARION
MARION - 000015,5,1.0000000000,36.0000000000,36.0000000000,0,MARION,MARION
MARION - 000016,5,1.0000000000,46.0000000000,46.0000000000,0,MARION,MARION
MARION - 000017,5,1.0000000000,60.0000000000,60.0000000000,0,MARION,MARION
MARION - 000018,5,1.0000000000,46.0000000000,46.0000000000,0,MARION,MARION
MARION - 000019,5,1.0000000000,254.0000000000,254.0000000000,0,MARION,MARION
MARION - 000020,5,1.0000000000,49.0000000000,49.0000000000,0,MARION,MARION
MARION - 000021,5,1.0000000000,64.0000000000,64.0000000000,0,MARION,MARION
MARION - 000022,5,1.0000000000,159.0000000001,159.0000000001,0,MARION,MARION
MARION - 000023,5,1.0000000000,77.0000000000,77.0000000000,0,MARION,MARION
MCDONALD - 000002,159,1.0000000000,181.0000000000,181.0000000000,0,MCDONALD,MCDONALD
MCDONALD - 000003,159,1.0000000000,135.0000000000,135.0000000000,0,MCDONALD,MCDONALD
MCDONALD - 000004,159,1.0000000000,28.0000000000,28.0000000000,0,MCDONALD,MCDONALD
MCDONALD - 000005,159,1.0000000000,61.0000000000,61.0000000000,0,MCDONALD,MCDONALD
MCDONALD - 000006,158,1.0000000000,135.0000000000,135.0000000000,0,MCDONALD,MCDONALD
MCDONALD - 000007,159,1.0000000000,127.0000000000,127.0000000000,0,MCDONALD,MCDONALD
MCDONALD - 000008,159,1.0000000000,67.0000000000,67.0000000000,0,MCDONALD,MCDONALD
MCDONALD - 000009,159,1.0000000000,141.0000000000,141.0000000000,0,MCDONALD,MCDONALD
MCDONALD - 000010,159,1.0000000000,160.0000000000,160.0000000000,0,MCDONALD,MCDONALD
MCDONALD - 000011,159,1.0000000000,72.0000000000,72.0000000000,0,MCDONALD,MCDONALD
MCDONALD - 000012,159,1.0000000000,68.0000000000,68.0000000000,0,MCDONALD,MCDONALD
MCDONALD - 000013,159,1.0000000000,37.0000000000,37.0000000000,0,MCDONALD,MCDONALD
MCDONALD - 000014,158,1.0000000000,101.0000000000,101.0000000000,0,MCDONALD,MCDONALD
MCDONALD - 000015,159,1.0000000000,88.0000000000,88.0000000000,0,MCDONALD,MCDONALD
MCDONALD - 000016,158,0.0303030303,5.0000000000,165.0000000000,0,MCDONALD,MCDONALD
MCDONALD - 000016,159,0.9696969697,160.0000000000,165.0000000000,0,MCDONALD,MCDONALD
MCDONALD - 000017,158,0.1439830975,17.9978871890,125.0000000000,0,MCDONALD,MCDONALD
MCDONALD - 000017,159,0.8560169025,107.0021128110,125.0000000000,0,MCDONALD,MCDONALD
MCDONALD - 000018,159,1.0000000000,126.0000000000,126.0000000000,0,MCDONALD,MCDONALD
MCDONALD - 000019,159,1.0000000000,86.0000000000,86.0000000000,0,MCDONALD,MCDONALD
MCDONALD - 000020,158,1.0000000000,120.0000000001,120.0000000001,0,MCDONALD,MCDONALD
MERCER - 000002,3,1.0000000000,67.0000000000,67.0000000000,0,MERCER,MERCER
MERCER - 000003,3,1.0000000000,62.0000000000,62.0000000000,0,MERCER,MERCER
MERCER - 000004,3,1.0000000000,54.0000000000,54.0000000000,0,MERCER,MERCER
MERCER - 000005,3,1.0000000000,49.0000000000,49.0000000000,0,MERCER,MERCER
MERCER - 000006,3,1.0000000000,171.0000000000,171.0000000000,0,MERCER,MERCER
MERCER - 000007,3,1.0000000000,64.0000000000,64.0000000000,0,MERCER,MERCER
MERCER - 000008,3,1.0000000000,194.0000000000,194.0000000000,0,MERCER,MERCER
MERCER - 000009,3,1.0000000000,69.0000000000,69.0000000000,0,MERCER,MERCER
MERCER - 000010,3,1.0000000000,39.0000000000,39.0000000000,0,MERCER,MERCER
MILLER - 000002,124,1.0000000000,148.9999999999,148.9999999999,0,MILLER,MILLER
MILLER - 000003,124,1.0000000000,134.0000000000,134.0000000000,0,MILLER,MILLER
MILLER - 000004,124,1.0000000000,108.0000000000,108.0000000000,0,MILLER,MILLER
MILLER - 000005,124,1.0000000000,108.0000000000,108.0000000000,0,MILLER,MILLER
MILLER - 000006,124,1.0000000000,58.0000000000,58.0000000000,0,MILLER,MILLER
MILLER - 000007,124,1.0000000000,101.0000000000,101.0000000000,0,MILLER,MILLER
MILLER - 000008,124,1.0000000000,208.0000000001,208.0000000001,0,MILLER,MILLER
MILLER - 000009,124,1.0000000000,123.0000000000,123.0000000000,0,MILLER,MILLER
MILLER - 000010,124,1.0000000000,61.0000000000,61.0000000000,0,MILLER,MILLER
MILLER - 000011,124,1.0000000000,203.0000000000,203.0000000000,0,MILLER,MILLER
MILLER - 000012,124,1.0000000000,135.0000000000,135.0000000000,0,MILLER,MILLER
MILLER - 000013,124,1.0000000000,41.0000000000,41.0000000000,0,MILLER,MILLER
MILLER - 000014,124,1.0000000000,339.9999999999,339.9999999999,0,MILLER,MILLER
MILLER - 000015,61,0.6543209877,53.0000000000,81.0000000000,0,MILLER,MILLER
MILLER - 000015,124,0.3456790123,28.0000000000,81.0000000000,0,MILLER,MILLER
MILLER - 000016,124,1.0000000000,44.0000000000,44.0000000000,0,MILLER,MILLER
MILLER - 000017,61,0.1846632332,12.1877733917,66.0000000000,0,MILLER,MILLER
MILLER - 000017,124,0.8153367668,53.8122266083,66.0000000000,0,MILLER,MILLER
MILLER - 000018,124,1.0000000000,77.0000000001,77.0000000001,0,MILLER,MILLER
MILLER - 000019,61,0.0087719298,1.0000000000,114.0000000000,0,MILLER,MILLER
MILLER - 000019,124,0.9912280702,113.0000000000,114.0000000000,0,MILLER,MILLER
MILLER - 000020,61,0.8888238387,130.6571042922,147.0000000000,0,MILLER,MILLER
MILLER - 000020,124,0.1111761613,16.3428957078,147.0000000000,0,MILLER,MILLER
MILLER - 000021,124,1.0000000000,208.0000000000,208.0000000000,0,MILLER,MILLER
MILLER - 000022,124,1.0000000000,67.0000000000,67.0000000000,0,MILLER,MILLER
MISSISSIPPI - 000002,149,1.0000000000,25.0000000000,25.0000000000,0,MISSISSIPPI,MISSISSIPPI
MISSISSIPPI - 000003,149,1.0000000000,16.0000000000,16.0000000000,0,MISSISSIPPI,MISSISSIPPI
MISSISSIPPI - 000004,149,1.0000000000,24.0000000000,24.0000000000,0,MISSISSIPPI,MISSISSIPPI
MISSISSIPPI - 000005,148,0.0000491596,0.0052109191,106.0000000000,0,MISSISSIPPI,MISSISSIPPI
MISSISSIPPI - 000005,149,0.9999508404,105.9947890809,106.0000000000,0,MISSISSIPPI,MISSISSIPPI
MISSISSIPPI - 000006,149,1.0000000000,16.0000000000,16.0000000000,0,MISSISSIPPI,MISSISSIPPI
MISSISSIPPI - 000007,149,1.0000000000,18.0000000000,18.0000000000,0,MISSISSIPPI,MISSISSIPPI
MISSISSIPPI - 000008,149,1.0000000000,46.0000000000,46.0000000000,0,MISSISSIPPI,MISSISSIPPI
MISSISSIPPI - 000009,149,1.0000000000,43.0000000000,43.0000000000,0,MISSISSIPPI,MISSISSIPPI
MISSISSIPPI - 000010,149,1.0000000000,60.0000000000,60.0000000000,0,MISSISSIPPI,MISSISSIPPI
MISSISSIPPI - 000011,149,1.0000000000,36.0000000000,36.0000000000,0,MISSISSIPPI,MISSISSIPPI
MISSISSIPPI - 000012,149,1.0000000000,90.0000000000,90.0000000000,0,MISSISSIPPI,MISSISSIPPI
MISSISSIPPI - 000013,148,0.0036499025,1.0000732772,274.0000000000,0,MISSISSIPPI,MISSISSIPPI
MISSISSIPPI - 000013,149,0.9963500975,272.9999267228,274.0000000000,0,MISSISSIPPI,MISSISSIPPI
MISSISSIPPI - 000014,149,1.0000000000,81.0000000000,81.0000000000,0,MISSISSIPPI,MISSISSIPPI
MISSISSIPPI - 000015,149,1.0000000000,183.0000000000,183.0000000000,0,MISSISSIPPI,MISSISSIPPI
MISSISSIPPI - 000016,149,1.0000000000,82.0000000000,82.0000000000,0,MISSISSIPPI,MISSISSIPPI
MISSISSIPPI - 000017,149,1.0000000000,44.0000000000,44.0000000000,0,MISSISSIPPI,MISSISSIPPI
MISSISSIPPI - 000018,149,1.0000000000,84.0000000000,84.0000000000,0,MISSISSIPPI,MISSISSIPPI
MISSISSIPPI - 000019,149,1.0000000000,5.0000000000,5.0000000000,0,MISSISSIPPI,MISSISSIPPI
MISSISSIPPI - 000020,149,1.0000000000,181.0000000000,181.0000000000,0,MISSISSIPPI,MISSISSIPPI
MISSISSIPPI - 000021,149,1.0000000000,102.0000000000,102.0000000000,0,MISSISSIPPI,MISSISSIPPI
MISSISSIPPI - 000022,149,1.0000000000,8.0000000000,8.0000000000,0,MISSISSIPPI,MISSISSIPPI
MISSISSIPPI - 000023,149,1.0000000000,49.0000000000,49.0000000000,0,MISSISSIPPI,MISSISSIPPI
MONITEAU - 000002,58,1.0000000000,151.0000000001,151.0000000001,0,MONITEAU,MONITEAU
MONITEAU - 000003,58,1.0000000000,52.0000000000,52.0000000000,0,MONITEAU,MONITEAU
MONITEAU - 000004,58,1.0000000000,107.0000000000,107.0000000000,0,MONITEAU,MONITEAU
MONITEAU - 000005,58,1.0000000000,61.0000000000,61.0000000000,0,MONITEAU,MONITEAU
MONITEAU - 000006,58,1.0000000000,127.9999999998,127.9999999998,0,MONITEAU,MONITEAU
MONITEAU - 000007,58,1.0000000000,103.0000000000,103.0000000000,0,MONITEAU,MONITEAU
MONITEAU - 000008,58,1.0000000000,132.0000000000,132.0000000000,0,MONITEAU,MONITEAU
MONITEAU - 000009,58,1.0000000000,128.9999999999,128.9999999999,0,MONITEAU,MONITEAU
MONITEAU - 000010,58,1.0000000000,77.0000000000,77.0000000000,0,MONITEAU,MONITEAU
MONITEAU - 000011,58,1.0000000000,108.0000000001,108.0000000001,0,MONITEAU,MONITEAU
MONITEAU - 000012,58,1.0000000000,159.0000000001,159.0000000001,0,MONITEAU,MONITEAU
MONITEAU - 000013,58,1.0000000000,217.0000000003,217.0000000003,0,MONITEAU,MONITEAU
MONROE - 000002,4,0.0786885246,24.0000000000,305.0000000002,0,MONROE,MONROE
MONROE - 000002,43,0.9213114754,281.0000000002,305.0000000002,0,MONROE,MONROE
MONROE - 000003,4,0.1294549266,27.4444444444,211.9999999998,0,MONROE,MONROE
MONROE - 000003,43,0.8705450734,184.5555555554,211.9999999998,0,MONROE,MONROE
MONROE - 000004,43,1.0000000000,86.0000000000,86.0000000000,0,MONROE,MONROE
MONROE - 000005,43,1.0000000000,329.0000000000,329.0000000000,0,MONROE,MONROE
MONROE - 000006,4,0.2638580931,119.0000000002,451.0000000002,0,MONROE,MONROE
MONROE - 000006,43,0.7361419069,332.0000000000,451.0000000002,0,MONROE,MONROE
MONROE - 000007,43,1.0000000000,379.9999999999,379.9999999999,0,MONROE,MONROE
MONROE - 000008,43,1.0000000000,138.0000000001,138.0000000001,0,MONROE,MONROE
MONROE - 000009,43,1.0000000000,168.0000000001,168.0000000001,0,MONROE,MONROE
MONTGOMERY - 000002,61,1.0000000000,181.0000000000,181.0000000000,0,MONTGOMERY,MONTGOMERY
MONTGOMERY - 000003,61,1.0000000000,238.0000000000,238.0000000000,0,MONTGOMERY,MONTGOMERY
MONTGOMERY - 000004,42,0.9802371542,248.0000000001,253.0000000001,0,MONTGOMERY,MONTGOMERY
MONTGOMERY - 000004,61,0.0197628458,5.0000000000,253.0000000001,0,MONTGOMERY,MONTGOMERY
MONTGOMERY - 000005,61,1.0000000000,156.0000000001,156.0000000001,0,MONTGOMERY,MONTGOMERY
MONTGOMERY - 000006,42,1.0000000000,120.0000000001,120.0000000001,0,MONTGOMERY,MONTGOMERY
MONTGOMERY - 000007,42,1.0000000000,150.9999999998,150.9999999998,0,MONTGOMERY,MONTGOMERY
MONTGOMERY - 000008,42,1.0000000000,131.0000000000,131.0000000000,0,MONTGOMERY,MONTGOMERY
MONTGOMERY - 000009,61,1.0000000000,181.0000000001,181.0000000001,0,MONTGOMERY,MONTGOMERY
MONTGOMERY - 000010,42,0.0077922078,3.0000000000,385.0000000000,0,MONTGOMERY,MONTGOMERY
MONTGOMERY - 000010,61,0.9922077922,382.0000000000,385.0000000000,0,MONTGOMERY,MONTGOMERY
MONTGOMERY - 000011,61,1.0000000000,300.9999999999,300.9999999999,0,MONTGOMERY,MONTGOMERY
MORGAN - 000002,58,1.0000000000,76.0000000000,76.0000000000,0,MORGAN,MORGAN
MORGAN - 000003,58,1.0000000000,94.0000000000,94.0000000000,0,MORGAN,MORGAN
MORGAN - 000004,58,1.0000000000,83.0000000000,83.0000000000,0,MORGAN,MORGAN
MORGAN - 000005,58,1.0000000000,63.0000000000,63.0000000000,0,MORGAN,MORGAN
MORGAN - 000006,58,1.0000000000,65.0000000000,65.0000000000,0,MORGAN,MORGAN
MORGAN - 000007,52,0.0000563306,0.0097451963,173.0000000000,0,MORGAN,MORGAN
MORGAN - 000007,58,0.9999436694,172.9902548037,173.0000000000,0,MORGAN,MORGAN
MORGAN - 000008,58,1.0000000000,244.0000000000,244.0000000000,0,MORGAN,MORGAN
MORGAN - 000009,58,1.0000000000,322.0000000000,322.0000000000,0,MORGAN,MORGAN
MORGAN - 000010,58,1.0000000000,364.0000000000,364.0000000000,0,MORGAN,MORGAN
MORGAN - 000011,58,1.0000000000,96.0000000000,96.0000000000,0,MORGAN,MORGAN
MORGAN - 000012,58,1.0000000000,144.0000000000,144.0000000000,0,MORGAN,MORGAN
MORGAN - 000013,58,1.0000000000,26.0000000000,26.0000000000,0,MORGAN,MORGAN
MORGAN - 000014,58,1.0000000000,128.0000000000,128.0000000000,0,MORGAN,MORGAN
MORGAN - 000015,58,1.0000000000,133.0000000000,133.0000000000,0,MORGAN,MORGAN
MORGAN - 000016,58,1.0000000000,138.0000000000,138.0000000000,0,MORGAN,MORGAN
MORGAN - 000017,58,1.0000000000,280.9999999999,280.9999999999,0,MORGAN,MORGAN
NEW MADRID - 000002,149,1.0000000000,72.0000000000,72.0000000000,0,NEW MADRID,NEW MADRID
NEW MADRID - 000003,149,1.0000000000,154.0000000000,154.0000000000,0,NEW MADRID,NEW MADRID
NEW MADRID - 000004,149,1.0000000000,72.0000000000,72.0000000000,0,NEW MADRID,NEW MADRID
NEW MADRID - 000005,149,1.0000000000,63.0000000000,63.0000000000,0,NEW MADRID,NEW MADRID
NEW MADRID - 000006,148,0.0100667171,2.0032766936,199.0000000000,0,NEW MADRID,NEW MADRID
NEW MADRID - 000006,149,0.9899332829,196.9967233064,199.0000000000,0,NEW MADRID,NEW MADRID
NEW MADRID - 000007,149,1.0000000000,78.0000000000,78.0000000000,0,NEW MADRID,NEW MADRID
NEW MADRID - 000008,149,1.0000000000,59.0000000000,59.0000000000,0,NEW MADRID,NEW MADRID
NEW MADRID - 000009,149,1.0000000000,75.0000000000,75.0000000000,0,NEW MADRID,NEW MADRID
NEW MADRID - 000010,149,1.0000000000,138.0000000000,138.0000000000,0,NEW MADRID,NEW MADRID
NEW MADRID - 000011,149,1.0000000000,57.0000000000,57.0000000000,0,NEW MADRID,NEW MADRID
NEW MADRID - 000012,149,1.0000000000,19.0000000000,19.0000000000,0,NEW MADRID,NEW MADRID
NEW MADRID - 000013,149,1.0000000000,83.0000000000,83.0000000000,0,NEW MADRID,NEW MADRID
NEW MADRID - 000014,149,1.0000000000,120.0000000000,120.0000000000,0,NEW MADRID,NEW MADRID
NEW MADRID - 000015,149,1.0000000000,67.0000000000,67.0000000000,0,NEW MADRID,NEW MADRID
NEW MADRID - 000016,149,1.0000000000,59.0000000000,59.0000000000,0,NEW MADRID,NEW MADRID
NEW MADRID - 000017,149,1.0000000000,22.0000000000,22.0000000000,0,NEW MADRID,NEW MADRID
NEW MADRID - 000018,149,1.0000000000,128.0000000000,128.0000000000,0,NEW MADRID,NEW MADRID
NEW MADRID - 000019,149,1.0000000000,11.0000000000,11.0000000000,0,NEW MADRID,NEW MADRID
NEW MADRID - 000020,149,1.0000000000,9.0000000000,9.0000000000,0,NEW MADRID,NEW MADRID
NEW MADRID - 000021,149,1.0000000000,272.0000000000,272.0000000000,0,NEW MADRID,NEW MADRID
NEW MADRID - 000022,149,1.0000000000,56.0000000000,56.0000000000,0,NEW MADRID,NEW MADRID
NEW MADRID - 000023,149,1.0000000000,31.0000000000,31.0000000000,0,NEW MADRID,NEW MADRID
NEW MADRID - 000024,149,1.0000000000,47.0000000000,47.0000000000,0,NEW MADRID,NEW MADRID
NEW MADRID - 000025,149,1.0000000000,181.0000000000,181.0000000000,0,NEW MADRID,NEW MADRID
NEW MADRID - 000026,149,1.0000000000,74.9999999999,74.9999999999,0,NEW MADRID,NEW MADRID
NEW MADRID - 000027,149,1.0000000000,43.0000000000,43.0000000000,0,NEW MADRID,NEW MADRID
NEW MADRID - 000028,149,1.0000000000,45.0000000000,45.0000000000,0,NEW MADRID,NEW MADRID
NEW MADRID - 000029,149,1.0000000000,52.0000000000,52.0000000000,0,NEW MADRID,NEW MADRID
NEW MADRID - 000030,149,1.0000000000,45.0000000000,45.0000000000,0,NEW MADRID,NEW MADRID
NEW MADRID - 000031,149,1.0000000000,20.0000000000,20.0000000000,0,NEW MADRID,NEW MADRID
NEWTON - 000002,160,1.0000000000,161.0000000000,161.0000000000,0,NEWTON,NEWTON
NEWTON - 000003,160,1.0000000000,694.0000000000,694.0000000000,0,NEWTON,NEWTON
NEWTON - 000004,159,1.0000000000,95.0000000000,95.0000000000,0,NEWTON,NEWTON
NEWTON - 000005,159,0.7562831953,185.2893828507,245.0000000000,0,NEWTON,NEWTON
NEWTON - 000005,160,0.2437168047,59.7106171493,245.0000000000,0,NEWTON,NEWTON
NEWTON - 000006,159,1.0000000000,166.0000000000,166.0000000000,0,NEWTON,NEWTON
NEWTON - 000007,159,1.0000000000,253.0000000000,253.0000000000,0,NEWTON,NEWTON
NEWTON - 000008,159,1.0000000000,290.9999999998,290.9999999998,0,NEWTON,NEWTON
NEWTON - 000009,159,0.0789320101,39.6238690738,501.9999999999,0,NEWTON,NEWTON
NEWTON - 000009,160,0.9210679899,462.3761309261,501.9999999999,0,NEWTON,NEWTON
NEWTON - 000010,159,1.0000000000,133.0000000000,133.0000000000,0,NEWTON,NEWTON
NEWTON - 000011,160,0.9913324338,237.9197841024,240.0000000000,0,NEWTON,NEWTON
NEWTON - 000011,163,0.0086675662,2.0802158976,240.0000000000,0,NEWTON,NEWTON
NEWTON - 000012,159,1.0000000000,153.9999999998,153.9999999998,0,NEWTON,NEWTON
NEWTON - 000013,159,0.9945945946,184.0000000000,185.0000000000,0,NEWTON,NEWTON
NEWTON - 000013,160,0.0054054054,1.0000000000,185.0000000000,0,NEWTON,NEWTON
NEWTON - 000014,160,1.0000000000,291.0000000000,291.0000000000,0,NEWTON,NEWTON
NEWTON - 000015,159,1.0000000000,139.0000000000,139.0000000000,0,NEWTON,NEWTON
NEWTON - 000016,160,1.0000000000,266.0000000000,266.0000000000,0,NEWTON,NEWTON
NEWTON - 000017,159,1.0000000000,181.9060784762,181.9060784762,0,NEWTON,NEWTON
NEWTON - 000018,160,1.0000000000,246.0000000000,246.0000000000,0,NEWTON,NEWTON
NODAWAY - 000002,1,1.0000000000,139.9999999999,139.9999999999,0,NODAWAY,NODAWAY
NODAWAY - 000003,1,1.0000000000,136.0000000000,136.0000000000,0,NODAWAY,NODAWAY
NODAWAY - 000004,1,1.0000000000,102.0000000000,102.0000000000,0,NODAWAY,NODAWAY
NODAWAY - 000005,1,1.0000000000,155.0000000001,155.0000000001,0,NODAWAY,NODAWAY
NODAWAY - 000006,1,1.0000000000,151.0000000000,151.0000000000,0,NODAWAY,NODAWAY
NODAWAY - 000007,1,1.0000000000,139.0000000000,139.0000000000,0,NODAWAY,NODAWAY
NODAWAY - 000008,1,1.0000000000,176.0000000000,176.0000000000,0,NODAWAY,NODAWAY
NODAWAY - 000009,1,1.0000000000,157.0000000000,157.0000000000,0,NODAWAY,NODAWAY
NODAWAY - 000010,1,1.0000000000,145.0000000000,145.0000000000,0,NODAWAY,NODAWAY
NODAWAY - 000011,1,1.0000000000,133.9999999999,133.9999999999,0,NODAWAY,NODAWAY
NODAWAY - 000012,1,1.0000000000,150.0000000000,150.0000000000,0,NODAWAY,NODAWAY
NODAWAY - 000013,1,1.0000000000,274.0000000000,274.0000000000,0,NODAWAY,NODAWAY
NODAWAY - 000014,1,1.0000000000,88.0000000000,88.0000000000,0,NODAWAY,NODAWAY
NODAWAY - 000015,1,1.0000000000,189.0000000000,189.0000000000,0,NODAWAY,NODAWAY
NODAWAY - 000016,1,1.0000000000,204.0000000000,204.0000000000,0,NODAWAY,NODAWAY
NODAWAY - 000017,1,1.0000000000,96.9999999999,96.9999999999,0,NODAWAY,NODAWAY
NODAWAY - 000018,1,1.0000000000,145.0000000000,145.0000000000,0,NODAWAY,NODAWAY
NODAWAY - 000019,1,1.0000000000,112.0000000000,112.0000000000,0,NODAWAY,NODAWAY
NODAWAY - 000020,1,1.0000000000,149.0000000000,149.0000000000,0,NODAWAY,NODAWAY
OREGON - 000002,153,1.0000000000,97.0000000000,97.0000000000,0,OREGON,OREGON
OREGON - 000003,153,1.0000000000,25.0000000000,25.0000000000,0,OREGON,OREGON
OREGON - 000004,153,1.0000000000,70.0000000000,70.0000000000,0,OREGON,OREGON
OREGON - 000005,153,1.0000000000,46.0000000000,46.0000000000,0,OREGON,OREGON
OREGON - 000006,153,1.0000000000,41.0000000000,41.0000000000,0,OREGON,OREGON
OREGON - 000007,153,1.0000000000,90.0000000000,90.0000000000,0,OREGON,OREGON
OREGON - 000008,153,1.0000000000,85.0000000000,85.0000000000,0,OREGON,OREGON
OREGON - 000009,153,1.0000000000,28.0000000000,28.0000000000,0,OREGON,OREGON
OREGON - 000010,153,1.0000000000,144.0000000001,144.0000000001,0,OREGON,OREGON
OREGON - 000011,153,1.0000000000,28.0000000000,28.0000000000,0,OREGON,OREGON
OREGON - 000012,153,1.0000000000,104.0000000000,104.0000000000,0,OREGON,OREGON
OREGON - 000013,153,1.0000000000,84.0000000000,84.0000000000,0,OREGON,OREGON
OREGON - 000014,153,1.0000000000,152.0000000000,152.0000000000,0,OREGON,OREGON
OREGON - 000015,153,1.0000000000,159.0000000000,159.0000000000,0,OREGON,OREGON
OREGON - 000016,153,1.0000000000,87.0000000000,87.0000000000,0,OREGON,OREGON
OSAGE - 000002,61,1.0000000000,38.0000000000,38.0000000000,0,OSAGE,OSAGE
OSAGE - 000003,61,1.0000000000,135.0000000000,135.0000000000,0,OSAGE,OSAGE
OSAGE - 000004,61,1.0000000000,46.0000000000,46.0000000000,0,OSAGE,OSAGE
OSAGE - 000005,61,1.0000000000,161.9999999999,161.9999999999,0,OSAGE,OSAGE
OSAGE - 000006,61,1.0000000000,32.0000000000,32.0000000000,0,OSAGE,OSAGE
OSAGE - 000007,61,1.0000000000,35.0000000000,35.0000000000,0,OSAGE,OSAGE
OSAGE - 000008,61,1.0000000000,46.0000000000,46.0000000000,0,OSAGE,OSAGE
OSAGE - 000009,61,1.0000000000,115.0000000000,115.0000000000,0,OSAGE,OSAGE
OSAGE - 000010,61,1.0000000000,40.0000000000,40.0000000000,0,OSAGE,OSAGE
OSAGE - 000011,61,1.0000000000,34.0000000000,34.0000000000,0,OSAGE,OSAGE
OSAGE - 000012,61,1.0000000000,43.0000000000,43.0000000000,0,OSAGE,OSAGE
OSAGE - 000013,61,1.0000000000,77.0000000000,77.0000000000,0,OSAGE,OSAGE
OSAGE - 000014,61,1.0000000000,118.0000000000,118.0000000000,0,OSAGE,OSAGE
OSAGE - 000015,61,1.0000000000,103.0000000000,103.0000000000,0,OSAGE,OSAGE
OSAGE - 000016,61,1.0000000000,38.0000000000,38.0000000000,0,OSAGE,OSAGE
OSAGE - 000017,61,1.0000000000,45.0000000000,45.0000000000,0,OSAGE,OSAGE
OSAGE - 000018,61,1.0000000000,76.0000000000,76.0000000000,0,OSAGE,OSAGE
OSAGE - 000019,61,1.0000000000,150.0000000000,150.0000000000,0,OSAGE,OSAGE
OSAGE - 000020,61,1.0000000000,114.0000000000,114.0000000000,0,OSAGE,OSAGE
OZARK - 000002,155,1.0000000000,63.0000000001,63.0000000001,0,OZARK,OZARK
OZARK - 000003,155,1.0000000000,246.0000000000,246.0000000000,0,OZARK,OZARK
OZARK - 000004,155,1.0000000000,184.0000000000,184.0000000000,0,OZARK,OZARK
OZARK - 000005,155,1.0000000000,268.0000000001,268.0000000001,0,OZARK,OZARK
OZARK - 000006,155,1.0000000000,274.0000000001,274.0000000001,0,OZARK,OZARK
OZARK - 000007,155,1.0000000000,385.6689009957,385.6689009957,0,OZARK,OZARK
OZARK - 000008,155,1.0000000000,389.9999999996,389.9999999996,0,OZARK,OZARK
OZARK - 000009,155,1.0000000000,106.0000000001,106.0000000001,0,OZARK,OZARK
OZARK - 000010,155,1.0000000000,89.9999999999,89.9999999999,0,OZARK,OZARK
OZARK - 000011,155,1.0000000000,78.0000000000,78.0000000000,0,OZARK,OZARK
PEMISCOT - 000002,150,1.0000000000,86.0000000000,86.0000000000,0,PEMISCOT,PEMISCOT
PEMISCOT - 000003,150,1.0000000000,53.0000000000,53.0000000000,0,PEMISCOT,PEMISCOT
PEMISCOT - 000004,149,1.0000000000,48.0000000000,48.0000000000,0,PEMISCOT,PEMISCOT
PEMISCOT - 000005,149,1.0000000000,325.0000000000,325.0000000000,0,PEMISCOT,PEMISCOT
PEMISCOT - 000006,149,0.9897959184,97.0000000000,98.0000000000,0,PEMISCOT,PEMISCOT
PEMISCOT - 000006,150,0.0102040816,1.0000000000,98.0000000000,0,PEMISCOT,PEMISCOT
PEMISCOT - 000007,150,1.0000000000,86.0000000000,86.0000000000,0,PEMISCOT,PEMISCOT
PEMISCOT - 000008,150,1.0000000000,27.0000000000,27.0000000000,0,PEMISCOT,PEMISCOT
PEMISCOT - 000009,150,1.0000000000,108.9999999999,108.9999999999,0,PEMISCOT,PEMISCOT
PEMISCOT - 000010,149,1.0000000000,79.0000000000,79.0000000000,0,PEMISCOT,PEMISCOT
PEMISCOT - 000011,149,1.0000000000,136.0000000000,136.0000000000,0,PEMISCOT,PEMISCOT
PEMISCOT - 000012,149,0.9781420765,179.0000000000,183.0000000000,0,PEMISCOT,PEMISCOT
PEMISCOT - 000012,150,0.0218579235,4.0000000000,183.0000000000,0,PEMISCOT,PEMISCOT
PEMISCOT - 000013,149,1.0000000000,6.0000000000,6.0000000000,0,PEMISCOT,PEMISCOT
PEMISCOT - 000014,150,1.0000000000,112.0000000000,112.0000000000,0,PEMISCOT,PEMISCOT
PEMISCOT - 000015,150,1.0000000000,7.0000000000,7.0000000000,0,PEMISCOT,PEMISCOT
PEMISCOT - 000016,150,1.0000000000,156.0000000000,156.0000000000,0,PEMISCOT,PEMISCOT
PEMISCOT - 000017,149,0.9487179487,74.0000000000,78.0000000000,0,PEMISCOT,PEMISCOT
PEMISCOT - 000017,150,0.0512820513,4.0000000000,78.0000000000,0,PEMISCOT,PEMISCOT
PEMISCOT - 000018,150,1.0000000000,157.0000000000,157.0000000000,0,PEMISCOT,PEMISCOT
PEMISCOT - 000019,150,1.0000000000,51.0000000000,51.0000000000,0,PEMISCOT,PEMISCOT
PEMISCOT - 000020,150,1.0000000000,106.0000000000,106.0000000000,0,PEMISCOT,PEMISCOT
PEMISCOT - 000021,150,1.0000000000,180.0000000000,180.0000000000,0,PEMISCOT,PEMISCOT
PERRY - 000002,145,1.0000000000,86.0000000000,86.0000000000,0,PERRY,PERRY
PERRY - 000003,145,1.0000000000,85.0000000000,85.0000000000,0,PERRY,PERRY
PERRY - 000004,145,1.0000000000,62.0000000000,62.0000000000,0,PERRY,PERRY
PERRY - 000005,145,1.0000000000,81.0000000000,81.0000000000,0,PERRY,PERRY
PERRY - 000006,145,1.0000000000,56.0000000000,56.0000000000,0,PERRY,PERRY
PERRY - 000007,145,1.0000000000,52.0000000000,52.0000000000,0,PERRY,PERRY
PERRY - 000008,145,1.0000000000,90.0000000000,90.0000000000,0,PERRY,PERRY
PERRY - 000009,145,1.0000000000,40.0000000000,40.0000000000,0,PERRY,PERRY
PERRY - 000010,145,1.0000000000,62.0000000000,62.0000000000,0,PERRY,PERRY
PERRY - 000011,145,1.0000000000,35.0000000000,35.0000000000,0,PERRY,PERRY
PERRY - 000012,145,1.0000000000,174.0000000000,174.0000000000,0,PERRY,PERRY
PERRY - 000013,145,1.0000000000,353.0000000000,353.0000000000,0,PERRY,PERRY
PERRY - 000014,145,1.0000000000,59.0000000000,59.0000000000,0,PERRY,PERRY
PERRY - 000015,145,1.0000000000,79.0000000000,79.0000000000,0,PERRY,PERRY
PERRY - 000016,145,1.0000000000,69.0000000000,69.0000000000,0,PERRY,PERRY
PERRY - 000017,145,1.0000000000,126.0000000000,126.0000000000,0,PERRY,PERRY
PETTIS - 000002,52,1.0000000000,83.0000000000,83.0000000000,0,PETTIS,PETTIS
PETTIS - 000003,52,1.0000000000,140.0000000000,140.0000000000,0,PETTIS,PETTIS
PETTIS - 000004,52,1.0000000000,299.0000000000,299.0000000000,0,PETTIS,PETTIS
PETTIS - 000005,52,1.0000000000,242.0000000000,242.0000000000,0,PETTIS,PETTIS
PETTIS - 000006,52,1.0000000000,265.0000000000,265.0000000000,0,PETTIS,PETTIS
PETTIS - 000007,52,0.0607637856,10.9982451995,181.0000000000,0,PETTIS,PETTIS
PETTIS - 000007,57,0.9392362144,170.0017548005,181.0000000000,0,PETTIS,PETTIS
PETTIS - 000008,52,1.0000000000,117.9999999998,117.9999999998,0,PETTIS,PETTIS
PETTIS - 000009,52,1.0000000000,130.0000000000,130.0000000000,0,PETTIS,PETTIS
PETTIS - 000010,52,1.0000000000,68.0000000000,68.0000000000,0,PETTIS,PETTIS
PETTIS - 000011,52,1.0000000000,97.0000000000,97.0000000000,0,PETTIS,PETTIS
PETTIS - 000012,52,1.0000000000,89.0000000000,89.0000000000,0,PETTIS,PETTIS
PETTIS - 000013,52,1.0000000000,77.0000000000,77.0000000000,0,PETTIS,PETTIS
PETTIS - 000014,52,1.0000000000,253.0000000001,253.0000000001,0,PETTIS,PETTIS
PETTIS - 000015,52,1.0000000000,118.0000000001,118.0000000001,0,PETTIS,PETTIS
PETTIS - 000016,52,1.0000000000,129.0000000000,129.0000000000,0,PETTIS,PETTIS
PETTIS - 000017,52,1.0000000000,94.0000000000,94.0000000000,0,PETTIS,PETTIS
PETTIS - 000018,52,1.0000000000,133.0000000000,133.0000000000,0,PETTIS,PETTIS
PETTIS - 000019,52,1.0000000000,176.0000000000,176.0000000000,0,PETTIS,PETTIS
PETTIS - 000020,52,1.0000000000,89.0000000000,89.0000000000,0,PETTIS,PETTIS
PETTIS - 000021,52,1.0000000000,175.0000000000,175.0000000000,0,PETTIS,PETTIS
PETTIS - 000022,52,1.0000000000,106.0000000000,106.0000000000,0,PETTIS,PETTIS
PETTIS - 000023,52,1.0000000000,135.0000000000,135.0000000000,0,PETTIS,PETTIS
PETTIS - 000024,52,1.0000000000,157.0000000000,157.0000000000,0,PETTIS,PETTIS
PETTIS - 000025,52,1.0000000000,198.0000000000,198.0000000000,0,PETTIS,PETTIS
PETTIS - 000026,52,0.4759358289,89.0000000000,187.0000000000,0,PETTIS,PETTIS
PETTIS - 000026,57,0.5240641711,98.0000000000,187.0000000000,0,PETTIS,PETTIS
PETTIS - 000027,57,1.0000000000,535.0000000000,535.0000000000,0,PETTIS,PETTIS
PHELPS - 000002,143,1.0000000000,220.0000000000,220.0000000000,0,PHELPS,PHELPS
PHELPS - 000003,143,1.0000000000,29.0000000000,29.0000000000,0,PHELPS,PHELPS
PHELPS - 000004,143,1.0000000000,20.0000000000,20.0000000000,0,PHELPS,PHELPS
PHELPS - 000005,143,1.0000000000,31.0000000000,31.0000000000,0,PHELPS,PHELPS
PHELPS - 000006,143,1.0000000000,13.0000000000,13.0000000000,0,PHELPS,PHELPS
PHELPS - 000007,143,1.0000000000,20.0000000000,20.0000000000,0,PHELPS,PHELPS
PHELPS - 000008,143,1.0000000000,154.0000000000,154.0000000000,0,PHELPS,PHELPS
PHELPS - 000009,143,1.0000000000,62.0000000000,62.0000000000,0,PHELPS,PHELPS
PHELPS - 000010,143,1.0000000000,65.0000000000,65.0000000000,0,PHELPS,PHELPS
PHELPS - 000011,122,1.0000000000,138.9999999998,138.9999999998,0,PHELPS,PHELPS
PHELPS - 000012,122,1.0000000000,68.0000000000,68.0000000000,0,PHELPS,PHELPS
PHELPS - 000013,122,0.7642276423,94.0000000000,123.0000000000,0,PHELPS,PHELPS
PHELPS - 000013,143,0.2357723577,29.0000000000,123.0000000000,0,PHELPS,PHELPS
PHELPS - 000014,143,1.0000000000,119.0000000000,119.0000000000,0,PHELPS,PHELPS
PHELPS - 000015,143,1.0000000000,26.0000000000,26.0000000000,0,PHELPS,PHELPS
PHELPS - 000016,143,1.0000000000,32.0000000000,32.0000000000,0,PHELPS,PHELPS
PHELPS - 000017,122,1.0000000000,150.0000000000,150.0000000000,0,PHELPS,PHELPS
PHELPS - 000018,122,1.0000000000,123.0000000000,123.0000000000,0,PHELPS,PHELPS
PHELPS - 000019,122,1.0000000000,70.0000000000,70.0000000000,0,PHELPS,PHELPS
PHELPS - 000020,122,1.0000000000,106.0000000000,106.0000000000,0,PHELPS,PHELPS
PHELPS - 000021,122,1.0000000000,222.0000000000,222.0000000000,0,PHELPS,PHELPS
PHELPS - 000022,122,1.0000000000,112.0000000000,112.0000000000,0,PHELPS,PHELPS
PHELPS - 000023,122,0.9925925926,134.0000000000,135.0000000000,0,PHELPS,PHELPS
PHELPS - 000023,143,0.0074074074,1.0000000000,135.0000000000,0,PHELPS,PHELPS
PHELPS - 000024,122,0.9861135959,82.8335420535,84.0000000000,0,PHELPS,PHELPS
PHELPS - 000024,143,0.0138864041,1.1664579465,84.0000000000,0,PHELPS,PHELPS
PHELPS - 000025,122,1.0000000000,137.0000000000,137.0000000000,0,PHELPS,PHELPS
PHELPS - 000026,143,1.0000000000,269.0000000000,269.0000000000,0,PHELPS,PHELPS
PHELPS - 000027,143,1.0000000000,77.0000000000,77.0000000000,0,PHELPS,PHELPS
PHELPS - 000028,122,1.0000000000,80.0000000000,80.0000000000,0,PHELPS,PHELPS
PHELPS - 000029,122,1.0000000000,158.0000000000,158.0000000000,0,PHELPS,PHELPS
PHELPS - 000030,122,1.0000000000,86.0000000000,86.0000000000,0,PHELPS,PHELPS
PHELPS - 000031,122,1.0000000000,43.0000000000,43.0000000000,0,PHELPS,PHELPS
PHELPS - 000032,122,1.0000000000,95.0000000000,95.0000000000,0,PHELPS,PHELPS
PHELPS - 000033,122,1.0000000000,61.0000000000,61.0000000000,0,PHELPS,PHELPS
PHELPS - 000034,122,1.0000000000,79.0000000000,79.0000000000,0,PHELPS,PHELPS
PHELPS - 000035,122,1.0000000000,191.9999999999,191.9999999999,0,PHELPS,PHELPS
PHELPS - 000036,122,1.0000000000,162.0000000000,162.0000000000,0,PHELPS,PHELPS
PHELPS - 000037,122,1.0000000000,100.0000000000,100.0000000000,0,PHELPS,PHELPS
PIKE - 000002,40,1.0000000000,273.0000000001,273.0000000001,0,PIKE,PIKE
PIKE - 000003,40,1.0000000000,216.0000000001,216.0000000001,0,PIKE,PIKE
PIKE - 000004,40,1.0000000000,187.0000000000,187.0000000000,0,PIKE,PIKE
PIKE - 000005,40,1.0000000000,174.0000000000,174.0000000000,0,PIKE,PIKE
PIKE - 000006,40,1.0000000000,65.0000000000,65.0000000000,0,PIKE,PIKE
PIKE - 000007,40,1.0000000000,239.0000000001,239.0000000001,0,PIKE,PIKE
PIKE - 000008,40,1.0000000000,168.0000000000,168.0000000000,0,PIKE,PIKE
PIKE - 000009,40,1.0000000000,249.0000000000,249.0000000000,0,PIKE,PIKE
PIKE - 000010,40,1.0000000000,309.0000000000,309.0000000000,0,PIKE,PIKE
PIKE - 000011,40,1.0000000000,103.0000000000,103.0000000000,0,PIKE,PIKE
PIKE - 000012,40,1.0000000000,128.0000000000,128.0000000000,0,PIKE,PIKE
PIKE - 000013,40,1.0000000000,286.0000000001,286.0000000001,0,PIKE,PIKE
PIKE - 000014,40,1.0000000000,164.0000000000,164.0000000000,0,PIKE,PIKE
PIKE - 000015,40,1.0000000000,157.0000000000,157.0000000000,0,PIKE,PIKE
PLATTE - 000002,14,1.0000000000,80.0000000000,80.0000000000,0,PLATTE,PLATTE
PLATTE - 000003,13,0.0434782609,3.0000000000,69.0000000000,0,PLATTE,PLATTE
PLATTE - 000003,14,0.9565217391,66.0000000000,69.0000000000,0,PLATTE,PLATTE
PLATTE - 000004,12,0.0164525346,0.9706995392,59.0000000000,0,PLATTE,PLATTE
PLATTE - 000004,14,0.9835474654,58.0293004608,59.0000000000,0,PLATTE,PLATTE
PLATTE - 000005,13,1.0000000000,42.0000000000,42.0000000000,0,PLATTE,PLATTE
PLATTE - 000006,13,1.0000000000,72.0000000000,72.0000000000,0,PLATTE,PLATTE
PLATTE - 000007,13,1.0000000000,108.0000000002,108.0000000002,0,PLATTE,PLATTE
PLATTE - 000008,13,1.0000000000,30.0000000000,30.0000000000,0,PLATTE,PLATTE
PLATTE - 000009,13,1.0000000000,90.0000000000,90.0000000000,0,PLATTE,PLATTE
PLATTE - 000010,12,0.0191278428,0.9755199846,51.0000000000,0,PLATTE,PLATTE
PLATTE - 000010,14,0.9808721572,50.0244800154,51.0000000000,0,PLATTE,PLATTE
PLATTE - 000011,13,1.0000000000,72.0000000001,72.0000000001,0,PLATTE,PLATTE
PLATTE - 000012,12,0.5714220271,23.9997251370,42.0000000000,0,PLATTE,PLATTE
PLATTE - 000012,14,0.4285779729,18.0002748630,42.0000000000,0,PLATTE,PLATTE
PLATTE - 000013,12,0.2630192576,32.3513686861,123.0000000002,0,PLATTE,PLATTE
PLATTE - 000013,13,0.6665831901,81.9897323781,123.0000000002,0,PLATTE,PLATTE
PLATTE - 000013,14,0.0703975523,8.6588989360,123.0000000002,0,PLATTE,PLATTE
PLATTE - 000014,13,1.0000000000,46.0000000000,46.0000000000,0,PLATTE,PLATTE
PLATTE - 000015,12,1.0000000000,11.0000000000,11.0000000000,0,PLATTE,PLATTE
PLATTE - 000016,13,1.0000000000,10.0000000000,10.0000000000,0,PLATTE,PLATTE
PLATTE - 000017,12,0.0002006477,0.0022071242,11.0000000000,0,PLATTE,PLATTE
PLATTE - 000017,14,0.9997993523,10.9977928758,11.0000000000,0,PLATTE,PLATTE
PLATTE - 000018,13,1.0000000000,91.0000000000,91.0000000000,0,PLATTE,PLATTE
PLATTE - 000019,12,1.0000000000,80.0000000000,80.0000000000,0,PLATTE,PLATTE
PLATTE - 000020,13,0.5169082126,107.0000000000,207.0000000000,0,PLATTE,PLATTE
PLATTE - 000020,14,0.4830917874,100.0000000000,207.0000000000,0,PLATTE,PLATTE
PLATTE - 000021,13,1.0000000000,117.0000000000,117.0000000000,0,PLATTE,PLATTE
PLATTE - 000022,13,1.0000000000,48.9999999999,48.9999999999,0,PLATTE,PLATTE
PLATTE - 000023,12,0.9726285258,76.8376535350,79.0000000000,0,PLATTE,PLATTE
PLATTE - 000023,14,0.0273714742,2.1623464650,79.0000000000,0,PLATTE,PLATTE
PLATTE - 000024,12,1.0000000000,17.0000000000,17.0000000000,0,PLATTE,PLATTE
PLATTE - 000025,12,1.0000000000,62.0000000001,62.0000000001,0,PLATTE,PLATTE
PLATTE - 000026,14,1.0000000000,42.0000000000,42.0000000000,0,PLATTE,PLATTE
PLATTE - 000027,12,0.0294117647,2.0000000000,68.0000000000,0,PLATTE,PLATTE
PLATTE - 000027,14,0.9705882353,66.0000000000,68.0000000000,0,PLATTE,PLATTE
PLATTE - 000028,12,0.9897277230,192.9969059776,195.0000000000,0,PLATTE,PLATTE
PLATTE - 000028,13,0.0102722770,2.0030940224,195.0000000000,0,PLATTE,PLATTE
PLATTE - 000029,13,1.0000000000,29.0000000000,29.0000000000,0,PLATTE,PLATTE
PLATTE - 000030,13,1.0000000000,121.0000000000,121.0000000000,0,PLATTE,PLATTE
PLATTE - 000031,12,0.3000000000,6.0000000000,20.0000000000,0,PLATTE,PLATTE
PLATTE - 000031,14,0.7000000000,14.0000000000,20.0000000000,0,PLATTE,PLATTE
PLATTE - 000032,12,1.0000000000,18.0000000000,18.0000000000,0,PLATTE,PLATTE
PLATTE - 000033,13,0.4777777778,43.0000000000,90.0000000000,0,PLATTE,PLATTE
PLATTE - 000033,14,0.5222222222,47.0000000000,90.0000000000,0,PLATTE,PLATTE
PLATTE - 000034,13,1.0000000000,74.0000000000,74.0000000000,0,PLATTE,PLATTE
PLATTE - 000035,12,1.0000000000,136.9999999999,136.9999999999,0,PLATTE,PLATTE
PLATTE - 000036,13,1.0000000000,23.0000000000,23.0000000000,0,PLATTE,PLATTE
PLATTE - 000037,13,1.0000000000,73.0000000000,73.0000000000,0,PLATTE,PLATTE
PLATTE - 000038,13,1.0000000000,45.0000000000,45.0000000000,0,PLATTE,PLATTE
PLATTE - 000039,12,0.7857142857,88.0000000000,112.0000000000,0,PLATTE,PLATTE
PLATTE - 000039,14,0.2142857143,24.0000000000,112.0000000000,0,PLATTE,PLATTE
PLATTE - 000040,12,0.0288789583,2.0792849940,71.9999999999,0,PLATTE,PLATTE
PLATTE - 000040,13,0.9364446581,67.4240153796,71.9999999999,0,PLATTE,PLATTE
PLATTE - 000040,14,0.0346763837,2.4966996263,71.9999999999,0,PLATTE,PLATTE
PLATTE - 000041,13,1.0000000000,68.0000000000,68.0000000000,0,PLATTE,PLATTE
PLATTE - 000042,14,1.0000000000,39.0000000000,39.0000000000,0,PLATTE,PLATTE
PLATTE - 000043,13,1.0000000000,85.0000000000,85.0000000000,0,PLATTE,PLATTE
PLATTE - 000044,13,1.0000000000,105.0000000001,105.0000000001,0,PLATTE,PLATTE
POLK - 000002,128,1.0000000000,140.0000000000,140.0000000000,0,POLK,POLK
POLK - 000003,128,1.0000000000,177.9999999999,177.9999999999,0,POLK,POLK
POLK - 000004,128,1.0000000000,182.0000000000,182.0000000000,0,POLK,POLK
POLK - 000005,128,1.0000000000,87.0000000000,87.0000000000,0,POLK,POLK
POLK - 000006,128,1.0000000000,89.0000000000,89.0000000000,0,POLK,POLK
POLK - 000007,128,1.0000000000,48.0000000000,48.0000000000,0,POLK,POLK
POLK - 000008,128,1.0000000000,251.0000000000,251.0000000000,0,POLK,POLK
POLK - 000009,128,1.0000000000,192.0000000000,192.0000000000,0,POLK,POLK
POLK - 000010,128,1.0000000000,149.0000000000,149.0000000000,0,POLK,POLK
POLK - 000011,128,1.0000000000,202.9999999999,202.9999999999,0,POLK,POLK
POLK - 000012,128,1.0000000000,72.0000000000,72.0000000000,0,POLK,POLK
POLK - 000013,128,1.0000000000,90.0000000000,90.0000000000,0,POLK,POLK
POLK - 000014,128,1.0000000000,309.0000000000,309.0000000000,0,POLK,POLK
POLK - 000015,128,1.0000000000,148.9999999999,148.9999999999,0,POLK,POLK
POLK - 000016,128,1.0000000000,99.0000000000,99.0000000000,0,POLK,POLK
POLK - 000017,128,1.0000000000,144.0000000000,144.0000000000,0,POLK,POLK
POLK - 000018,128,1.0000000000,49.0000000000,49.0000000000,0,POLK,POLK
POLK - 000019,128,1.0000000000,80.0000000000,80.0000000000,0,POLK,POLK
POLK - 000020,128,1.0000000000,50.0000000000,50.0000000000,0,POLK,POLK
POLK - 000021,128,1.0000000000,79.0000000000,79.0000000000,0,POLK,POLK
POLK - 000022,128,1.0000000000,74.0000000000,74.0000000000,0,POLK,POLK
POLK - 000023,128,1.0000000000,153.0000000000,153.0000000000,0,POLK,POLK
PULASKI - 000002,121,1.0000000000,320.0000000002,320.0000000002,0,PULASKI,PULASKI
PULASKI - 000003,124,1.0000000000,306.0000000000,306.0000000000,0,PULASKI,PULASKI
PULASKI - 000004,121,0.1478494624,55.0000000000,372.0000000001,0,PULASKI,PULASKI
PULASKI - 000004,124,0.8521505376,317.0000000001,372.0000000001,0,PULASKI,PULASKI
PULASKI - 000005,121,1.0000000000,286.0000000002,286.0000000002,0,PULASKI,PULASKI
PULASKI - 000006,121,0.4424460432,246.0000000000,556.0000000000,0,PULASKI,PULASKI
PULASKI - 000006,124,0.5575539568,310.0000000000,556.0000000000,0,PULASKI,PULASKI
PULASKI - 000007,124,1.0000000000,250.0000000000,250.0000000000,0,PULASKI,PULASKI
PULASKI - 000008,121,0.9928828742,992.8828741753,1000.0000000002,0,PULASKI,PULASKI
PULASKI - 000008,124,0.0071171258,7.1171258249,1000.0000000002,0,PULASKI,PULASKI
PULASKI - 000009,124,1.0000000000,68.0000000000,68.0000000000,0,PULASKI,PULASKI
PULASKI - 000010,121,0.6339503894,299.8585341679,472.9999999997,0,PULASKI,PULASKI
PULASKI - 000010,124,0.3660496106,173.1414658318,472.9999999997,0,PULASKI,PULASKI
PUTNAM - 000002,3,1.0000000000,118.0000000000,118.0000000000,0,PUTNAM,PUTNAM
PUTNAM - 000003,3,1.0000000000,130.9999999999,130.9999999999,0,PUTNAM,PUTNAM
PUTNAM - 000004,3,1.0000000000,84.0000000000,84.0000000000,0,PUTNAM,PUTNAM
PUTNAM - 000005,3,1.0000000000,45.0000000000,45.0000000000,0,PUTNAM,PUTNAM
PUTNAM - 000006,3,1.0000000000,71.0000000000,71.0000000000,0,PUTNAM,PUTNAM
PUTNAM - 000007,3,1.0000000000,51.0000000000,51.0000000000,0,PUTNAM,PUTNAM
PUTNAM - 000008,3,1.0000000000,60.0000000000,60.0000000000,0,PUTNAM,PUTNAM
PUTNAM - 000009,3,1.0000000000,130.0000000000,130.0000000000,0,PUTNAM,PUTNAM
PUTNAM - 000010,3,1.0000000000,118.0000000001,118.0000000001,0,PUTNAM,PUTNAM
PUTNAM - 000011,3,1.0000000000,51.0000000000,51.0000000000,0,PUTNAM,PUTNAM
PUTNAM - 000012,3,1.0000000000,282.0000000000,282.0000000000,0,PUTNAM,PUTNAM
RALLS - 000002,5,1.0000000000,84.9999999999,84.9999999999,0,RALLS,RALLS
RALLS - 000003,5,1.0000000000,287.0000000000,287.0000000000,0,RALLS,RALLS
RALLS - 000004,5,1.0000000000,217.0000000000,217.0000000000,0,RALLS,RALLS
RALLS - 000005,5,1.0000000000,115.0000000000,115.0000000000,0,RALLS,RALLS
RALLS - 000006,5,1.0000000000,50.0000000000,50.0000000000,0,RALLS,RALLS
RALLS - 000007,5,1.0000000000,286.0000000000,286.0000000000,0,RALLS,RALLS
RALLS - 000008,5,1.0000000000,177.0000000000,177.0000000000,0,RALLS,RALLS
RALLS - 000009,5,1.0000000000,305.0000000000,305.0000000000,0,RALLS,RALLS
RALLS - 000010,5,1.0000000000,72.0000000000,72.0000000000,0,RALLS,RALLS
RANDOLPH - 000002,6,1.0000000000,161.0000000000,161.0000000000,0,RANDOLPH,RANDOLPH
RANDOLPH - 000003,6,1.0000000000,92.0000000000,92.0000000000,0,RANDOLPH,RANDOLPH
RANDOLPH - 000004,48,1.0000000000,72.0000000000,72.0000000000,0,RANDOLPH,RANDOLPH
RANDOLPH - 000005,6,1.0000000000,45.0000000000,45.0000000000,0,RANDOLPH,RANDOLPH
RANDOLPH - 000006,48,1.0000000000,145.0000000000,145.0000000000,0,RANDOLPH,RANDOLPH
RANDOLPH - 000007,6,0.9805447471,252.0000000000,257.0000000000,0,RANDOLPH,RANDOLPH
RANDOLPH - 000007,48,0.0194552529,5.0000000000,257.0000000000,0,RANDOLPH,RANDOLPH
RANDOLPH - 000008,6,1.0000000000,99.0000000000,99.0000000000,0,RANDOLPH,RANDOLPH
RANDOLPH - 000009,6,1.0000000000,67.0000000000,67.0000000000,0,RANDOLPH,RANDOLPH
RANDOLPH - 000010,48,1.0000000000,49.0000000000,49.0000000000,0,RANDOLPH,RANDOLPH
RANDOLPH - 000011,6,1.0000000000,550.0000000000,550.0000000000,0,RANDOLPH,RANDOLPH
RANDOLPH - 000012,6,0.9069767442,234.0000000001,258.0000000001,0,RANDOLPH,RANDOLPH
RANDOLPH - 000012,48,0.0930232558,24.0000000000,258.0000000001,0,RANDOLPH,RANDOLPH
RANDOLPH - 000013,6,0.0122911067,1.0324529605,84.0000000000,0,RANDOLPH,RANDOLPH
RANDOLPH - 000013,48,0.9877088933,82.9675470395,84.0000000000,0,RANDOLPH,RANDOLPH
RANDOLPH - 000014,6,1.0000000000,368.0000000000,368.0000000000,0,RANDOLPH,RANDOLPH
RANDOLPH - 000015,48,1.0000000000,106.0000000000,106.0000000000,0,RANDOLPH,RANDOLPH
RANDOLPH - 000016,6,1.0000000000,117.0000000000,117.0000000000,0,RANDOLPH,RANDOLPH
RANDOLPH - 000017,48,1.0000000000,54.0000000000,54.0000000000,0,RANDOLPH,RANDOLPH
RAY - 000002,53,1.0000000000,99.0000000000,99.0000000000,0,RAY,RAY
RAY - 000003,7,1.0000000000,56.0000000000,56.0000000000,0,RAY,RAY
RAY - 000004,53,1.0000000000,28.0000000000,28.0000000000,0,RAY,RAY
RAY - 000005,53,1.0000000000,44.0000000000,44.0000000000,0,RAY,RAY
RAY - 000006,7,0.8251121076,184.0000000000,223.0000000000,0,RAY,RAY
RAY - 000006,53,0.1748878924,39.0000000000,223.0000000000,0,RAY,RAY
RAY - 000007,53,1.0000000000,112.0000000001,112.0000000001,0,RAY,RAY
RAY - 000008,53,1.0000000000,66.0000000000,66.0000000000,0,RAY,RAY
RAY - 000009,7,1.0000000000,96.0000000000,96.0000000000,0,RAY,RAY
RAY - 000010,7,0.1088435374,16.0000000000,147.0000000000,0,RAY,RAY
RAY - 000010,53,0.8911564626,131.0000000000,147.0000000000,0,RAY,RAY
RAY - 000011,7,1.0000000000,74.0000000000,74.0000000000,0,RAY,RAY
RAY - 000012,53,1.0000000000,205.0000000000,205.0000000000,0,RAY,RAY
RAY - 000013,53,1.0000000000,77.0000000001,77.0000000001,0,RAY,RAY
RAY - 000014,7,1.0000000000,44.0000000000,44.0000000000,0,RAY,RAY
RAY - 000015,53,1.0000000000,103.9999999999,103.9999999999,0,RAY,RAY
RAY - 000016,7,0.0100000000,1.0000000000,100.0000000000,0,RAY,RAY
RAY - 000016,53,0.9900000000,99.0000000000,100.0000000000,0,RAY,RAY
RAY - 000017,7,0.0857142857,9.0000000000,105.0000000000,0,RAY,RAY
RAY - 000017,53,0.9142857143,96.0000000000,105.0000000000,0,RAY,RAY
RAY - 000018,53,1.0000000000,69.0000000001,69.0000000001,0,RAY,RAY
RAY - 000019,53,1.0000000000,99.0000000000,99.0000000000,0,RAY,RAY
REYNOLDS - 000002,144,1.0000000000,108.0000000000,108.0000000000,0,REYNOLDS,REYNOLDS
REYNOLDS - 000003,144,1.0000000000,274.0000000001,274.0000000001,0,REYNOLDS,REYNOLDS
REYNOLDS - 000004,144,1.0000000000,71.0000000000,71.0000000000,0,REYNOLDS,REYNOLDS
REYNOLDS - 000005,144,1.0000000000,46.0000000000,46.0000000000,0,REYNOLDS,REYNOLDS
REYNOLDS - 000006,144,1.0000000000,32.0000000000,32.0000000000,0,REYNOLDS,REYNOLDS
REYNOLDS - 000007,144,1.0000000000,145.0000000000,145.0000000000,0,REYNOLDS,REYNOLDS
REYNOLDS - 000008,144,1.0000000000,180.0000000000,180.0000000000,0,REYNOLDS,REYNOLDS
REYNOLDS - 000009,144,1.0000000000,329.0000000000,329.0000000000,0,REYNOLDS,REYNOLDS
REYNOLDS - 000010,144,1.0000000000,154.0000000000,154.0000000000,0,REYNOLDS,REYNOLDS
REYNOLDS - 000011,144,1.0000000000,111.0000000000,111.0000000000,0,REYNOLDS,REYNOLDS
REYNOLDS - 000012,144,1.0000000000,53.0000000000,53.0000000000,0,REYNOLDS,REYNOLDS
REYNOLDS - 000013,144,1.0000000000,213.0000000000,213.0000000000,0,REYNOLDS,REYNOLDS
REYNOLDS - 000014,144,1.0000000000,222.0000000000,222.0000000000,0,REYNOLDS,REYNOLDS
RIPLEY - 000002,153,1.0000000000,165.0000000000,165.0000000000,0,RIPLEY,RIPLEY
RIPLEY - 000003,153,1.0000000000,160.0000000000,160.0000000000,0,RIPLEY,RIPLEY
RIPLEY - 000004,153,1.0000000000,94.0000000000,94.0000000000,0,RIPLEY,RIPLEY
RIPLEY - 000005,153,1.0000000000,72.0000000000,72.0000000000,0,RIPLEY,RIPLEY
RIPLEY - 000006,153,1.0000000000,121.7680585696,121.7680585696,0,RIPLEY,RIPLEY
RIPLEY - 000007,153,1.0000000000,55.0000000000,55.0000000000,0,RIPLEY,RIPLEY
RIPLEY - 000008,153,1.0000000000,117.0000000000,117.0000000000,0,RIPLEY,RIPLEY
RIPLEY - 000009,153,1.0000000000,37.0000000000,37.0000000000,0,RIPLEY,RIPLEY
RIPLEY - 000010,153,1.0000000000,58.0000000000,58.0000000000,0,RIPLEY,RIPLEY
RIPLEY - 000011,153,1.0000000000,140.0000000000,140.0000000000,0,RIPLEY,RIPLEY
RIPLEY - 000012,153,1.0000000000,114.0000000000,114.0000000000,0,RIPLEY,RIPLEY
RIPLEY - 000013,153,1.0000000000,75.0000000000,75.0000000000,0,RIPLEY,RIPLEY
RIPLEY - 000014,153,1.0000000000,52.0000000000,52.0000000000,0,RIPLEY,RIPLEY
SALINE - 000002,51,1.0000000000,988.0000000000,988.0000000000,0,SALINE,SALINE
SALINE - 000003,51,1.0000000000,179.0000000000,179.0000000000,0,SALINE,SALINE
SALINE - 000004,51,1.0000000000,225.0000000000,225.0000000000,0,SALINE,SALINE
SALINE - 000005,51,1.0000000000,149.0000000000,149.0000000000,0,SALINE,SALINE
SALINE - 000006,51,1.0000000000,421.9999999999,421.9999999999,0,SALINE,SALINE
SALINE - 000007,51,1.0000000000,218.9999999999,218.9999999999,0,SALINE,SALINE
SALINE - 000008,51,1.0000000000,95.0000000000,95.0000000000,0,SALINE,SALINE
SALINE - 000009,51,1.0000000000,141.0000000000,141.0000000000,0,SALINE,SALINE
SALINE - 000010,51,1.0000000000,258.0000000000,258.0000000000,0,SALINE,SALINE
SALINE - 000011,51,1.0000000000,272.0000000000,272.0000000000,0,SALINE,SALINE
SALINE - 000012,51,1.0000000000,143.0000000000,143.0000000000,0,SALINE,SALINE
SCHUYLER - 000002,4,1.0000000000,42.0000000000,42.0000000000,0,SCHUYLER,SCHUYLER
SCHUYLER - 000003,4,1.0000000000,84.0000000002,84.0000000002,0,SCHUYLER,SCHUYLER
SCHUYLER - 000004,4,1.0000000000,156.9999999998,156.9999999998,0,SCHUYLER,SCHUYLER
SCHUYLER - 000005,4,1.0000000000,117.0000000001,117.0000000001,0,SCHUYLER,SCHUYLER
SCHUYLER - 000006,4,1.0000000000,105.0000000000,105.0000000000,0,SCHUYLER,SCHUYLER
SCHUYLER - 000007,4,1.0000000000,102.0000000000,102.0000000000,0,SCHUYLER,SCHUYLER
SCHUYLER - 000008,4,1.0000000000,117.0000000000,117.0000000000,0,SCHUYLER,SCHUYLER
SCHUYLER - 000009,4,1.0000000000,63.0000000000,63.0000000000,0,SCHUYLER,SCHUYLER
SCHUYLER - 000010,4,1.0000000000,75.0000000000,75.0000000000,0,SCHUYLER,SCHUYLER
SCOTLAND - 000002,4,1.0000000000,274.0000000001,274.0000000001,0,SCOTLAND,SCOTLAND
SCOTLAND - 000003,4,1.0000000000,135.0000000000,135.0000000000,0,SCOTLAND,SCOTLAND
SCOTLAND - 000004,4,1.0000000000,41.0000000000,41.0000000000,0,SCOTLAND,SCOTLAND
SCOTLAND - 000005,4,1.0000000000,134.9999999999,134.9999999999,0,SCOTLAND,SCOTLAND
SCOTLAND - 000006,4,1.0000000000,166.9999999998,166.9999999998,0,SCOTLAND,SCOTLAND
SCOTLAND - 000007,4,1.0000000000,33.0000000000,33.0000000000,0,SCOTLAND,SCOTLAND
SCOTLAND - 000008,4,1.0000000000,448.9999999998,448.9999999998,0,SCOTLAND,SCOTLAND
SCOTT - 000002,148,1.0000000000,121.0000000000,121.0000000000,0,SCOTT,SCOTT
SCOTT - 000003,148,1.0000000000,280.0000000001,280.0000000001,0,SCOTT,SCOTT
SCOTT - 000004,148,1.0000000000,222.0000000000,222.0000000000,0,SCOTT,SCOTT
SCOTT - 000005,148,1.0000000000,49.0000000000,49.0000000000,0,SCOTT,SCOTT
SCOTT - 000006,148,1.0000000000,220.0000000000,220.0000000000,0,SCOTT,SCOTT
SCOTT - 000007,148,1.0000000000,100.0000000000,100.0000000000,0,SCOTT,SCOTT
SCOTT - 000008,148,1.0000000000,109.0000000000,109.0000000000,0,SCOTT,SCOTT
SCOTT - 000009,148,0.9999668592,87.9970836122,88.0000000000,0,SCOTT,SCOTT
SCOTT - 000009,149,0.0000331408,0.0029163878,88.0000000000,0,SCOTT,SCOTT
SCOTT - 000010,148,1.0000000000,48.0000000000,48.0000000000,0,SCOTT,SCOTT
SCOTT - 000011,148,1.0000000000,129.0000000000,129.0000000000,0,SCOTT,SCOTT
SCOTT - 000012,148,0.9926926090,176.6992843968,178.0000000000,0,SCOTT,SCOTT
SCOTT - 000012,149,0.0073073910,1.3007156032,178.0000000000,0,SCOTT,SCOTT
SCOTT - 000013,148,1.0000000000,63.9999999999,63.9999999999,0,SCOTT,SCOTT
SCOTT - 000014,148,1.0000000000,258.0000000000,258.0000000000,0,SCOTT,SCOTT
SCOTT - 000015,148,1.0000000000,109.0000000000,109.0000000000,0,SCOTT,SCOTT
SCOTT - 000016,148,1.0000000000,51.0000000000,51.0000000000,0,SCOTT,SCOTT
SCOTT - 000017,148,1.0000000000,207.0000000000,207.0000000000,0,SCOTT,SCOTT
SCOTT - 000018,148,1.0000000000,68.0000000000,68.0000000000,0,SCOTT,SCOTT
SCOTT - 000019,148,1.0000000000,50.0000000000,50.0000000000,0,SCOTT,SCOTT
SCOTT - 000020,148,0.9866629224,73.9997191795,75.0000000000,0,SCOTT,SCOTT
SCOTT - 000020,149,0.0133370776,1.0002808205,75.0000000000,0,SCOTT,SCOTT
SCOTT - 000021,146,0.0038943973,1.7135347914,440.0000000001,0,SCOTT,SCOTT
SCOTT - 000021,148,0.9961056027,438.2864652087,440.0000000001,0,SCOTT,SCOTT
SCOTT - 000022,148,1.0000000000,112.0000000000,112.0000000000,0,SCOTT,SCOTT
SCOTT - 000023,148,0.9999986716,158.9997887858,159.0000000000,0,SCOTT,SCOTT
SCOTT - 000023,149,0.0000013284,0.0002112142,159.0000000000,0,SCOTT,SCOTT
SHANNON - 000002,153,1.0000000000,51.0000000000,51.0000000000,0,SHANNON,SHANNON
SHANNON - 000003,144,1.0000000000,152.0000000000,152.0000000000,0,SHANNON,SHANNON
SHANNON - 000004,144,0.7574626866,203.0000000000,268.0000000000,0,SHANNON,SHANNON
SHANNON - 000004,153,0.2425373134,65.0000000000,268.0000000000,0,SHANNON,SHANNON
SHANNON - 000005,153,1.0000000000,78.0000000000,78.0000000000,0,SHANNON,SHANNON
SHANNON - 000006,153,1.0000000000,144.0000000000,144.0000000000,0,SHANNON,SHANNON
SHANNON - 000007,144,0.9814814815,53.0000000000,54.0000000000,0,SHANNON,SHANNON
SHANNON - 000007,153,0.0185185185,1.0000000000,54.0000000000,0,SHANNON,SHANNON
SHANNON - 000008,144,1.0000000000,495.0000000000,495.0000000000,0,SHANNON,SHANNON
SHANNON - 000009,153,1.0000000000,87.0000000000,87.0000000000,0,SHANNON,SHANNON
SHANNON - 000010,144,1.0000000000,101.0000000000,101.0000000000,0,SHANNON,SHANNON
SHANNON - 000011,144,1.0000000000,141.0000000000,141.0000000000,0,SHANNON,SHANNON
SHELBY - 000002,4,1.0000000000,145.0000000000,145.0000000000,0,SHELBY,SHELBY
SHELBY - 000003,4,1.0000000000,144.0000000000,144.0000000000,0,SHELBY,SHELBY
SHELBY - 000004,4,1.0000000000,263.0000000000,263.0000000000,0,SHELBY,SHELBY
SHELBY - 000005,4,1.0000000000,163.0000000000,163.0000000000,0,SHELBY,SHELBY
SHELBY - 000006,4,1.0000000000,27.0000000000,27.0000000000,0,SHELBY,SHELBY
SHELBY - 000007,4,1.0000000000,169.0000000000,169.0000000000,0,SHELBY,SHELBY
SHELBY - 000008,4,1.0000000000,175.0000000000,175.0000000000,0,SHELBY,SHELBY
SHELBY - 000009,4,1.0000000000,95.0000000000,95.0000000000,0,SHELBY,SHELBY
ST. CHARLES - 000001,65,0.2877397877,95.5296095281,332.0000000002,0,ST CHARLES,ST CHARLES
ST. CHARLES - 000001,106,0.7122602123,236.4703904721,332.0000000002,0,ST CHARLES,ST CHARLES
ST. CHARLES - 000004,65,1.0000000000,108.0000000000,108.0000000000,0,ST CHARLES,ST CHARLES
ST. CHARLES - 000005,65,1.0000000000,263.0000000000,263.0000000000,0,ST CHARLES,ST CHARLES
ST. CHARLES - 000014,105,0.9959016393,243.0000000000,244.0000000000,0,ST CHARLES,ST CHARLES
ST. CHARLES - 000014,106,0.0040983607,1.0000000000,244.0000000000,0,ST CHARLES,ST CHARLES
ST. CHARLES - 000015,69,0.0193548387,3.0000000000,154.9999999999,0,ST CHARLES,ST CHARLES
ST. CHARLES - 000015,104,0.0774193548,12.0000000000,154.9999999999,0,ST CHARLES,ST CHARLES
ST. CHARLES - 000015,105,0.9032258065,139.9999999999,154.9999999999,0,ST CHARLES,ST CHARLES
ST. CHARLES - 000016,105,1.0000000000,69.0000000001,69.0000000001,0,ST CHARLES,ST CHARLES
ST. CHARLES - 000021,65,0.0535714286,3.0000000000,56.0000000000,0,ST CHARLES,ST CHARLES
ST. CHARLES - 000021,106,0.9464285714,53.0000000000,56.0000000000,0,ST CHARLES,ST CHARLES
ST. CHARLES - 000022,104,0.0498946477,3.9416771684,78.9999999998,0,ST CHARLES,ST CHARLES
ST. CHARLES - 000022,105,0.9501053523,75.0583228314,78.9999999998,0,ST CHARLES,ST CHARLES
ST. CHARLES - 000024,104,0.2108433735,35.0000000000,166.0000000001,0,ST CHARLES,ST CHARLES
ST. CHARLES - 000024,105,0.7891566265,131.0000000001,166.0000000001,0,ST CHARLES,ST CHARLES
ST. CHARLES - 000025,104,0.9407821787,73.3810099411,78.0000000000,0,ST CHARLES,ST CHARLES
ST. CHARLES - 000025,105,0.0592178213,4.6189900589,78.0000000000,0,ST CHARLES,ST CHARLES
ST. CHARLES - 000028,105,1.0000000000,129.9999999999,129.9999999999,0,ST CHARLES,ST CHARLES
ST. CHARLES - 000031,105,0.7833333333,47.0000000000,60.0000000000,0,ST CHARLES,ST CHARLES
ST. CHARLES - 000031,106,0.2166666667,13.0000000000,60.0000000000,0,ST CHARLES,ST CHARLES
ST. CHARLES - 000033,106,1.0000000000,35.0000000000,35.0000000000,0,ST CHARLES,ST CHARLES
ST. CHARLES - 000034,106,1.0000000000,47.0000000000,47.0000000000,0,ST CHARLES,ST CHARLES
ST. CHARLES - 000036,105,0.2692307692,7.0000000000,26.0000000000,0,ST CHARLES,ST CHARLES
ST. CHARLES - 000036,106,0.7307692308,19.0000000000,26.0000000000,0,ST CHARLES,ST CHARLES
ST. CHARLES - 000041,65,0.0222929936,7.0000000000,314.0000000000,0,ST CHARLES,ST CHARLES
ST. CHARLES - 000041,105,0.0018400421,0.5777732098,314.0000000000,0,ST CHARLES,ST CHARLES
ST. CHARLES - 000041,106,0.9758669643,306.4222267902,314.0000000000,0,ST CHARLES,ST CHARLES
ST. CHARLES - 000043,65,0.9832282649,58.9936958953,60.0000000001,0,ST CHARLES,ST CHARLES
ST. CHARLES - 000043,106,0.0167717351,1.0063041048,60.0000000001,0,ST CHARLES,ST CHARLES
ST. CHARLES - 000045,65,0.8571428571,72.0000000003,84.0000000003,0,ST CHARLES,ST CHARLES
ST. CHARLES - 000045,106,0.1428571429,12.0000000000,84.0000000003,0,ST CHARLES,ST CHARLES
ST. CHARLES - 000047,105,0.9794076324,53.8674197797,55.0000000001,0,ST CHARLES,ST CHARLES
ST. CHARLES - 000047,106,0.0205923676,1.1325802204,55.0000000001,0,ST CHARLES,ST CHARLES
ST. CHARLES - 000051,106,1.0000000000,37.0000000000,37.0000000000,0,ST CHARLES,ST CHARLES
ST. CHARLES - 000054,106,1.0000000000,40.0000000000,40.0000000000,0,ST CHARLES,ST CHARLES
ST. CHARLES - 000056,106,1.0000000000,113.0000000000,113.0000000000,0,ST CHARLES,ST CHARLES
ST. CHARLES - 000057,106,1.0000000000,52.0000000000,52.0000000000,0,ST CHARLES,ST CHARLES
ST. CHARLES - 000062,106,1.0000000000,81.0000000000,81.0000000000,0,ST CHARLES,ST CHARLES
ST. CHARLES - 000063,65,0.3563218391,30.9999999999,87.0000000000,0,ST CHARLES,ST CHARLES
ST. CHARLES - 000063,105,0.0051658144,0.4494258514,87.0000000000,0,ST CHARLES,ST CHARLES
ST. CHARLES - 000063,106,0.6385123465,55.5505741487,87.0000000000,0,ST CHARLES,ST CHARLES
ST. CHARLES - 000071,105,1.0000000000,112.9999999999,112.9999999999,0,ST CHARLES,ST CHARLES
ST. CHARLES - 000080,69,0.9381443299,91.0000000001,97.0000000001,0,ST CHARLES,ST CHARLES
ST. CHARLES - 000080,104,0.0423977465,4.1125814122,97.0000000001,0,ST CHARLES,ST CHARLES
ST. CHARLES - 000080,105,0.0194579236,1.8874185878,97.0000000001,0,ST CHARLES,ST CHARLES
ST. CHARLES - 000083,69,1.0000000000,14.0000000000,14.0000000000,0,ST CHARLES,ST CHARLES
ST. CHARLES - 000084,69,0.9849969246,81.7547447381,83.0000000000,0,ST CHARLES,ST CHARLES
ST. CHARLES - 000084,102,0.0150030754,1.2452552619,83.0000000000,0,ST CHARLES,ST CHARLES
ST. CHARLES - 000085,69,1.0000000000,53.0000000000,53.0000000000,0,ST CHARLES,ST CHARLES
ST. CHARLES - 000086,69,0.9285714286,65.0000000001,70.0000000001,0,ST CHARLES,ST CHARLES
ST. CHARLES - 000086,104,0.0714285714,5.0000000000,70.0000000001,0,ST CHARLES,ST CHARLES
ST. CHARLES - 000091,69,1.0000000000,94.0000000000,94.0000000000,0,ST CHARLES,ST CHARLES
ST. CHARLES - 000100,102,0.0952380952,6.0000000000,63.0000000000,0,ST CHARLES,ST CHARLES
ST. CHARLES - 000100,104,0.9047619048,57.0000000000,63.0000000000,0,ST CHARLES,ST CHARLES
ST. CHARLES - 000101,102,0.2248576135,4.9468674981,22.0000000000,0,ST CHARLES,ST CHARLES
ST. CHARLES - 000101,104,0.7751423865,17.0531325019,22.0000000000,0,ST CHARLES,ST CHARLES
ST. CHARLES - 000102,104,1.0000000000,46.0000000000,46.0000000000,0,ST CHARLES,ST CHARLES
ST. CHARLES - 000103,104,0.7132710560,48.5024318076,68.0000000000,0,ST CHARLES,ST CHARLES
ST. CHARLES - 000103,105,0.0222659089,1.5140818061,68.0000000000,0,ST CHARLES,ST CHARLES
ST. CHARLES - 000103,106,0.2644630351,17.9834863863,68.0000000000,0,ST CHARLES,ST CHARLES
ST. CHARLES - 000104,104,0.9341761232,80.3391465939,86.0000000000,0,ST CHARLES,ST CHARLES
ST. CHARLES - 000104,105,0.0658238768,5.6608534061,86.0000000000,0,ST CHARLES,ST CHARLES
ST. CHARLES - 000106,104,1.0000000000,31.0000000000,31.0000000000,0,ST CHARLES,ST CHARLES
ST. CHARLES - 000107,65,0.1604938272,13.0000000000,80.9999999999,0,ST CHARLES,ST CHARLES
ST. CHARLES - 000107,104,0.8395061728,67.9999999999,80.9999999999,0,ST CHARLES,ST CHARLES
ST. CHARLES - 000111,102,0.9607843137,49.0000000000,51.0000000000,0,ST CHARLES,ST CHARLES
ST. CHARLES - 000111,104,0.0392156863,2.0000000000,51.0000000000,0,ST CHARLES,ST CHARLES
ST. CHARLES - 000113,104,1.0000000000,49.0000000000,49.0000000000,0,ST CHARLES,ST CHARLES
ST. CHARLES - 000121,65,1.0000000000,46.0000000000,46.0000000000,0,ST CHARLES,ST CHARLES
ST. CHARLES - 000122,64,0.2148760331,52.0000000000,241.9999999999,0,ST CHARLES,ST CHARLES
ST. CHARLES - 000122,65,0.7132507033,172.6066701958,241.9999999999,0,ST CHARLES,ST CHARLES
ST. CHARLES - 000122,103,0.0165289256,4.0000000000,241.9999999999,0,ST CHARLES,ST CHARLES
ST. CHARLES - 000122,104,0.0553443380,13.3933298041,241.9999999999,0,ST CHARLES,ST CHARLES
ST. CHARLES - 000124,65,1.0000000000,40.0000000000,40.0000000000,0,ST CHARLES,ST CHARLES
ST. CHARLES - 000126,65,0.4814814815,26.0000000000,54.0000000000,0,ST CHARLES,ST CHARLES
ST. CHARLES - 000126,102,0.3703703704,20.0000000000,54.0000000000,0,ST CHARLES,ST CHARLES
ST. CHARLES - 000126,104,0.1481481481,8.0000000000,54.0000000000,0,ST CHARLES,ST CHARLES
ST. CHARLES - 000128,102,0.0454545455,1.0000000000,22.0000000000,0,ST CHARLES,ST CHARLES
ST. CHARLES - 000128,104,0.9545454545,21.0000000000,22.0000000000,0,ST CHARLES,ST CHARLES
ST. CHARLES - 000129,102,1.0000000000,59.0000000000,59.0000000000,0,ST CHARLES,ST CHARLES
ST. CHARLES - 000130,102,0.6842105263,13.0000000000,19.0000000000,0,ST CHARLES,ST CHARLES
ST. CHARLES - 000130,104,0.3157894737,6.0000000000,19.0000000000,0,ST CHARLES,ST CHARLES
ST. CHARLES - 000131,104,1.0000000000,21.0000000000,21.0000000000,0,ST CHARLES,ST CHARLES
ST. CHARLES - 000132,104,1.0000000000,57.0000000000,57.0000000000,0,ST CHARLES,ST CHARLES
ST. CHARLES - 000139,65,0.0344827586,1.0000000000,29.0000000000,0,ST CHARLES,ST CHARLES
ST. CHARLES - 000139,103,0.9655172414,28.0000000000,29.0000000000,0,ST CHARLES,ST CHARLES
ST. CHARLES - 000140,103,1.0000000000,63.0000000000,63.0000000000,0,ST CHARLES,ST CHARLES
ST. CHARLES - 000143,65,0.2325942089,5.8148552231,25.0000000000,0,ST CHARLES,ST CHARLES
ST. CHARLES - 000143,103,0.7674057911,19.1851447769,25.0000000000,0,ST CHARLES,ST CHARLES
ST. CHARLES - 000144,65,0.9166666667,33.0000000000,36.0000000000,0,ST CHARLES,ST CHARLES
ST. CHARLES - 000144,103,0.0833333333,3.0000000000,36.0000000000,0,ST CHARLES,ST CHARLES
ST. CHARLES - 000145,65,0.6769230769,44.0000000000,65.0000000000,0,ST CHARLES,ST CHARLES
ST. CHARLES - 000145,103,0.3230769231,21.0000000000,65.0000000000,0,ST CHARLES,ST CHARLES
ST. CHARLES - 000146,65,1.0000000000,57.9999999999,57.9999999999,0,ST CHARLES,ST CHARLES
ST. CHARLES - 000147,65,0.4752307787,47.9983086526,101.0000000001,0,ST CHARLES,ST CHARLES
ST. CHARLES - 000147,102,0.5247692213,53.0016913475,101.0000000001,0,ST CHARLES,ST CHARLES
ST. CHARLES - 000148,65,1.0000000000,29.0000000001,29.0000000001,0,ST CHARLES,ST CHARLES
ST. CHARLES - 000149,65,1.0000000000,46.9999999999,46.9999999999,0,ST CHARLES,ST CHARLES
ST. CHARLES - 000150,102,1.0000000000,63.0000000000,63.0000000000,0,ST CHARLES,ST CHARLES
ST. CHARLES - 000151,103,1.0000000000,56.0000000000,56.0000000000,0,ST CHARLES,ST CHARLES
ST. CHARLES - 000152,102,1.0000000000,48.0000000000,48.0000000000,0,ST CHARLES,ST CHARLES
ST. CHARLES - 000153,103,1.0000000000,51.0000000001,51.0000000001,0,ST CHARLES,ST CHARLES
ST. CHARLES - 000154,65,0.7117251914,57.6497405009,81.0000000003,0,ST CHARLES,ST CHARLES
ST. CHARLES - 000154,107,0.2882748086,23.3502594994,81.0000000003,0,ST CHARLES,ST CHARLES
ST. CHARLES - 000155,65,1.0000000000,81.0000000000,81.0000000000,0,ST CHARLES,ST CHARLES
ST. CHARLES - 000156,65,1.0000000000,35.0000000000,35.0000000000,0,ST CHARLES,ST CHARLES
ST. CHARLES - 000157,103,1.0000000000,23.0000000000,23.0000000000,0,ST CHARLES,ST CHARLES
ST. CHARLES - 000159,103,1.0000000000,67.0000000000,67.0000000000,0,ST CHARLES,ST CHARLES
ST. CHARLES - 000160,103,1.0000000000,82.0000000000,82.0000000000,0,ST CHARLES,ST CHARLES
ST. CHARLES - 000161,64,0.9730623304,73.9527371100,75.9999999999,0,ST CHARLES,ST CHARLES
ST. CHARLES - 000161,108,0.0269376696,2.0472628899,75.9999999999,0,ST CHARLES,ST CHARLES
ST. CHARLES - 000162,64,0.1125000000,9.0000000000,80.0000000000,0,ST CHARLES,ST CHARLES
ST. CHARLES - 000162,103,0.8875000000,71.0000000000,80.0000000000,0,ST CHARLES,ST CHARLES
ST. CHARLES - 000163,64,1.0000000000,95.0000000003,95.0000000003,0,ST CHARLES,ST CHARLES
ST. CHARLES - 000165,64,1.0000000000,71.9999999999,71.9999999999,0,ST CHARLES,ST CHARLES
ST. CHARLES - 000166,64,1.0000000000,57.0000000001,57.0000000001,0,ST CHARLES,ST CHARLES
ST. CHARLES - 000167,64,1.0000000000,40.0000000000,40.0000000000,0,ST CHARLES,ST CHARLES
ST. CHARLES - 000169,64,0.9999999109,112.9999899293,112.9999999999,0,ST CHARLES,ST CHARLES
ST. CHARLES - 000169,103,0.0000000891,0.0000100706,112.9999999999,0,ST CHARLES,ST CHARLES
ST. CHARLES - 000170,107,1.0000000000,44.0000000000,44.0000000000,0,ST CHARLES,ST CHARLES
ST. CHARLES - 000173,64,0.0190476190,2.0000000000,105.0000000002,0,ST CHARLES,ST CHARLES
ST. CHARLES - 000173,103,0.9809523810,103.0000000002,105.0000000002,0,ST CHARLES,ST CHARLES
ST. CHARLES - 000181,63,0.9255259612,373.9124883346,403.9999999999,0,ST CHARLES,ST CHARLES
ST. CHARLES - 000181,64,0.0453674979,18.3284691517,403.9999999999,0,ST CHARLES,ST CHARLES
ST. CHARLES - 000181,102,0.0291065409,11.7590425136,403.9999999999,0,ST CHARLES,ST CHARLES
ST. CHARLES - 000182,63,0.8206502937,124.7388446462,152.0000000001,0,ST CHARLES,ST CHARLES
ST. CHARLES - 000182,64,0.1793497063,27.2611553539,152.0000000001,0,ST CHARLES,ST CHARLES
ST. CHARLES - 000183,64,0.9629935981,137.7080845316,143.0000000001,0,ST CHARLES,ST CHARLES
ST. CHARLES - 000183,102,0.0370064019,5.2919154685,143.0000000001,0,ST CHARLES,ST CHARLES
ST. CHARLES - 000184,63,0.0025496268,0.3773447670,147.9999999996,0,ST CHARLES,ST CHARLES
ST. CHARLES - 000184,64,0.9974503732,147.6226552326,147.9999999996,0,ST CHARLES,ST CHARLES
ST. CHARLES - 000185,63,0.1229739118,10.9446781512,89.0000000000,0,ST CHARLES,ST CHARLES
ST. CHARLES - 000185,64,0.8770260882,78.0553218488,89.0000000000,0,ST CHARLES,ST CHARLES
ST. CHARLES - 000186,63,0.9629629630,52.0000000001,54.0000000001,0,ST CHARLES,ST CHARLES
ST. CHARLES - 000186,102,0.0370370370,2.0000000000,54.0000000001,0,ST CHARLES,ST CHARLES
ST. CHARLES - 000187,63,1.0000000000,85.9999999999,85.9999999999,0,ST CHARLES,ST CHARLES
ST. CHARLES - 000189,63,0.5671784636,36.8666001360,64.9999999997,0,ST CHARLES,ST CHARLES
ST. CHARLES - 000189,102,0.4328215364,28.1333998637,64.9999999997,0,ST CHARLES,ST CHARLES
ST. CHARLES - 000190,63,0.9781926000,44.9968595981,46.0000000001,0,ST CHARLES,ST CHARLES
ST. CHARLES - 000190,64,0.0218074000,1.0031404020,46.0000000001,0,ST CHARLES,ST CHARLES
ST. CHARLES - 000193,103,0.9055664896,16.3001968136,18.0000000000,0,ST CHARLES,ST CHARLES
ST. CHARLES - 000193,108,0.0944335104,1.6998031864,18.0000000000,0,ST CHARLES,ST CHARLES
ST. CHARLES - 000194,103,0.8092443340,16.9941310143,21.0000000000,0,ST CHARLES,ST CHARLES
ST. CHARLES - 000194,108,0.1907556660,4.0058689857,21.0000000000,0,ST CHARLES,ST CHARLES
ST. CHARLES - 000196,103,0.0243902439,1.0000000000,41.0000000000,0,ST CHARLES,ST CHARLES
ST. CHARLES - 000196,107,0.6669807946,27.3462125784,41.0000000000,0,ST CHARLES,ST CHARLES
ST. CHARLES - 000196,108,0.3086289615,12.6537874216,41.0000000000,0,ST CHARLES,ST CHARLES
ST. CHARLES - 000197,103,0.1929125078,16.9763006888,88.0000000000,0,ST CHARLES,ST CHARLES
ST. CHARLES - 000197,108,0.8070874922,71.0236993112,88.0000000000,0,ST CHARLES,ST CHARLES
ST. CHARLES - 000198,63,0.5317433455,35.6268041493,67.0000000001,0,ST CHARLES,ST CHARLES
ST. CHARLES - 000198,108,0.4682566545,31.3731958508,67.0000000001,0,ST CHARLES,ST CHARLES
ST. CHARLES - 000199,108,1.0000000000,90.0000000000,90.0000000000,0,ST CHARLES,ST CHARLES
ST. CHARLES - 000200,63,0.0131578947,1.0000000000,76.0000000000,0,ST CHARLES,ST CHARLES
ST. CHARLES - 000200,64,0.0263157895,2.0000000000,76.0000000000,0,ST CHARLES,ST CHARLES
ST. CHARLES - 000200,108,0.9605263158,73.0000000000,76.0000000000,0,ST CHARLES,ST CHARLES
ST. CHARLES - 000202,103,0.0163814203,1.0156480605,62.0000000000,0,ST CHARLES,ST CHARLES
ST. CHARLES - 000202,108,0.9836185797,60.9843519395,62.0000000000,0,ST CHARLES,ST CHARLES
ST. CHARLES - 000203,107,1.0000000000,108.0000000000,108.0000000000,0,ST CHARLES,ST CHARLES
ST. CHARLES - 000205,103,0.1351351351,5.0000000000,36.9999999999,0,ST CHARLES,ST CHARLES
ST. CHARLES - 000205,107,0.8634548242,31.9478284936,36.9999999999,0,ST CHARLES,ST CHARLES
ST. CHARLES - 000205,108,0.0014100407,0.0521715063,36.9999999999,0,ST CHARLES,ST CHARLES
ST. CHARLES - 000206,102,0.0005175896,0.0760856646,146.9999999999,0,ST CHARLES,ST CHARLES
ST. CHARLES - 000206,107,0.9994824104,146.9239143353,146.9999999999,0,ST CHARLES,ST CHARLES
ST. CHARLES - 000207,107,1.0000000000,87.0000000000,87.0000000000,0,ST CHARLES,ST CHARLES
ST. CHARLES - 000208,107,0.9660053418,79.2124380306,81.9999999999,0,ST CHARLES,ST CHARLES
ST. CHARLES - 000208,108,0.0339946582,2.7875619693,81.9999999999,0,ST CHARLES,ST CHARLES
ST. CHARLES - 000210,63,0.2263175918,18.7843601227,82.9999999999,0,ST CHARLES,ST CHARLES
ST. CHARLES - 000210,102,0.2415783404,20.0510022514,82.9999999999,0,ST CHARLES,ST CHARLES
ST. CHARLES - 000210,108,0.5321040678,44.1646376258,82.9999999999,0,ST CHARLES,ST CHARLES
ST. CHARLES - 000211,107,0.9826406011,71.7327638805,73.0000000001,0,ST CHARLES,ST CHARLES
ST. CHARLES - 000211,108,0.0173593989,1.2672361196,73.0000000001,0,ST CHARLES,ST CHARLES
ST. CHARLES - 000212,107,0.6587327918,25.0318460875,38.0000000000,0,ST CHARLES,ST CHARLES
ST. CHARLES - 000212,108,0.3412672082,12.9681539125,38.0000000000,0,ST CHARLES,ST CHARLES
ST. CHARLES - 000213,64,0.0351117543,0.8426821027,24.0000000000,0,ST CHARLES,ST CHARLES
ST. CHARLES - 000213,103,0.6296163070,15.1107913669,24.0000000000,0,ST CHARLES,ST CHARLES
ST. CHARLES - 000213,108,0.3352719388,8.0465265304,24.0000000000,0,ST CHARLES,ST CHARLES
ST. CHARLES - 000214,102,0.0990205241,20.0021458732,202.0000000000,0,ST CHARLES,ST CHARLES
ST. CHARLES - 000214,108,0.9009794759,181.9978541268,202.0000000000,0,ST CHARLES,ST CHARLES
ST. CHARLES - 000215,102,0.1866173443,9.1442498725,49.0000000001,0,ST CHARLES,ST CHARLES
ST. CHARLES - 000215,107,0.8133826557,39.8557501276,49.0000000001,0,ST CHARLES,ST CHARLES
ST. CHARLES - 000217,102,0.0664200174,7.1069418650,107.0000000001,0,ST CHARLES,ST CHARLES
ST. CHARLES - 000217,107,0.2024398577,21.6610647776,107.0000000001,0,ST CHARLES,ST CHARLES
ST. CHARLES - 000217,108,0.7311401248,78.2319933575,107.0000000001,0,ST CHARLES,ST CHARLES
ST. CHARLES - 000218,107,0.9654672264,27.0330823398,28.0000000000,0,ST CHARLES,ST CHARLES
ST. CHARLES - 000218,108,0.0345327736,0.9669176602,28.0000000000,0,ST CHARLES,ST CHARLES
ST. CHARLES - 000219,107,1.0000000000,23.0000000000,23.0000000000,0,ST CHARLES,ST CHARLES
ST. CHARLES - 000220,69,1.0000000000,16.0000000000,16.0000000000,0,ST CHARLES,ST CHARLES
ST. CHARLES - 000221,101,0.0000681414,0.0247353309,363.0000000001,0,ST CHARLES,ST CHARLES
ST. CHARLES - 000221,102,0.8704453713,315.9716697709,363.0000000001,0,ST CHARLES,ST CHARLES
ST. CHARLES - 000221,107,0.1267090532,45.9953863193,363.0000000001,0,ST CHARLES,ST CHARLES
ST. CHARLES - 000221,110,0.0027774341,1.0082085790,363.0000000001,0,ST CHARLES,ST CHARLES
ST. CHARLES - 000222,102,1.0000000000,95.0000000000,95.0000000000,0,ST CHARLES,ST CHARLES
ST. CHARLES - 000225,102,1.0000000000,161.0000000000,161.0000000000,0,ST CHARLES,ST CHARLES
ST. CHARLES - 000226,102,0.9876543210,80.0000000000,81.0000000000,0,ST CHARLES,ST CHARLES
ST. CHARLES - 000226,108,0.0123456790,1.0000000000,81.0000000000,0,ST CHARLES,ST CHARLES
ST. CHARLES - 000227,69,0.7392496679,46.5727290778,63.0000000000,0,ST CHARLES,ST CHARLES
ST. CHARLES - 000227,102,0.2607503321,16.4272709222,63.0000000000,0,ST CHARLES,ST CHARLES
ST. CHARLES - 000228,69,0.6064702086,40.6335039786,66.9999999999,0,ST CHARLES,ST CHARLES
ST. CHARLES - 000228,102,0.3935297914,26.3664960213,66.9999999999,0,ST CHARLES,ST CHARLES
ST. CHARLES - 000229,102,1.0000000000,100.0000000001,100.0000000001,0,ST CHARLES,ST CHARLES
ST. CHARLES - 000230,69,1.0000000000,15.0000000000,15.0000000000,0,ST CHARLES,ST CHARLES
ST. CHARLES - 000231,69,0.1395348837,6.0000000000,43.0000000000,0,ST CHARLES,ST CHARLES
ST. CHARLES - 000231,102,0.8604651163,37.0000000000,43.0000000000,0,ST CHARLES,ST CHARLES
ST. CHARLES - 000234,69,1.0000000000,20.0000000000,20.0000000000,0,ST CHARLES,ST CHARLES
ST. CLAIR - 000002,126,1.0000000000,194.0000000000,194.0000000000,0,ST CLAIR,ST CLAIR
ST. CLAIR - 000003,126,1.0000000000,68.9999999999,68.9999999999,0,ST CLAIR,ST CLAIR
ST. CLAIR - 000004,126,1.0000000000,113.9999999998,113.9999999998,0,ST CLAIR,ST CLAIR
ST. CLAIR - 000005,126,1.0000000000,118.0000000000,118.0000000000,0,ST CLAIR,ST CLAIR
ST. CLAIR - 000006,126,1.0000000000,198.0000000000,198.0000000000,0,ST CLAIR,ST CLAIR
ST. CLAIR - 000007,126,1.0000000000,67.9999999998,67.9999999998,0,ST CLAIR,ST CLAIR
ST. CLAIR - 000008,126,1.0000000000,160.0000000003,160.0000000003,0,ST CLAIR,ST CLAIR
ST. CLAIR - 000009,125,0.0064516129,1.0000000000,155.0000000000,0,ST CLAIR,ST CLAIR
ST. CLAIR - 000009,126,0.9935483871,154.0000000000,155.0000000000,0,ST CLAIR,ST CLAIR
ST. CLAIR - 000010,126,1.0000000000,74.9999999998,74.9999999998,0,ST CLAIR,ST CLAIR
ST. CLAIR - 000011,126,1.0000000000,101.0000000000,101.0000000000,0,ST CLAIR,ST CLAIR
ST. CLAIR - 000012,126,1.0000000000,42.0000000000,42.0000000000,0,ST CLAIR,ST CLAIR
ST. CLAIR - 000013,126,1.0000000000,130.0000000000,130.0000000000,0,ST CLAIR,ST CLAIR
ST. CLAIR - 000014,126,1.0000000000,134.0000000000,134.0000000000,0,ST CLAIR,ST CLAIR
ST. CLAIR - 000015,126,1.0000000000,123.0000000000,123.0000000000,0,ST CLAIR,ST CLAIR
ST. CLAIR - 000016,126,1.0000000000,69.0000000000,69.0000000000,0,ST CLAIR,ST CLAIR
ST. CLAIR - 000017,126,1.0000000000,118.9999999999,118.9999999999,0,ST CLAIR,ST CLAIR
ST. CLAIR - 000018,126,1.0000000000,113.0000000002,113.0000000002,0,ST CLAIR,ST CLAIR
ST. CLAIR - 000019,126,1.0000000000,126.0000000002,126.0000000002,0,ST CLAIR,ST CLAIR
ST. FRANCOIS - 000002,116,0.6463414634,53.0000000000,82.0000000000,0,ST FRANCOIS,ST FRANCOIS
ST. FRANCOIS - 000002,117,0.3536585366,29.0000000000,82.0000000000,0,ST FRANCOIS,ST FRANCOIS
ST. FRANCOIS - 000003,116,0.6615384615,43.0000000000,65.0000000000,0,ST FRANCOIS,ST FRANCOIS
ST. FRANCOIS - 000003,117,0.3384615385,22.0000000000,65.0000000000,0,ST FRANCOIS,ST FRANCOIS
ST. FRANCOIS - 000004,117,1.0000000000,115.0000000000,115.0000000000,0,ST FRANCOIS,ST FRANCOIS
ST. FRANCOIS - 000005,117,1.0000000000,359.0000000003,359.0000000003,0,ST FRANCOIS,ST FRANCOIS
ST. FRANCOIS - 000006,116,1.0000000000,78.9999999997,78.9999999997,0,ST FRANCOIS,ST FRANCOIS
ST. FRANCOIS - 000007,117,1.0000000000,30.0000000000,30.0000000000,0,ST FRANCOIS,ST FRANCOIS
ST. FRANCOIS - 000008,117,1.0000000000,90.0000000000,90.0000000000,0,ST FRANCOIS,ST FRANCOIS
ST. FRANCOIS - 000009,117,1.0000000000,121.9999999999,121.9999999999,0,ST FRANCOIS,ST FRANCOIS
ST. FRANCOIS - 000010,116,0.8294179894,104.5066666667,126.0000000000,0,ST FRANCOIS,ST FRANCOIS
ST. FRANCOIS - 000010,117,0.1705820106,21.4933333333,126.0000000000,0,ST FRANCOIS,ST FRANCOIS
ST. FRANCOIS - 000011,116,0.7252975677,90.6621959569,125.0000000000,0,ST FRANCOIS,ST FRANCOIS
ST. FRANCOIS - 000011,117,0.2747024323,34.3378040431,125.0000000000,0,ST FRANCOIS,ST FRANCOIS
ST. FRANCOIS - 000012,116,0.9064843744,112.4040624263,124.0000000001,0,ST FRANCOIS,ST FRANCOIS
ST. FRANCOIS - 000012,117,0.0935156256,11.5959375738,124.0000000001,0,ST FRANCOIS,ST FRANCOIS
ST. FRANCOIS - 000013,116,0.9468085106,177.9999999995,187.9999999995,0,ST FRANCOIS,ST FRANCOIS
ST. FRANCOIS - 000013,117,0.0531914894,10.0000000000,187.9999999995,0,ST FRANCOIS,ST FRANCOIS
ST. FRANCOIS - 000014,116,1.0000000000,112.0000000000,112.0000000000,0,ST FRANCOIS,ST FRANCOIS
ST. FRANCOIS - 000015,117,1.0000000000,77.0000000000,77.0000000000,0,ST FRANCOIS,ST FRANCOIS
ST. FRANCOIS - 000016,116,1.0000000000,107.0000000000,107.0000000000,0,ST FRANCOIS,ST FRANCOIS
ST. FRANCOIS - 000017,116,1.0000000000,64.0000000000,64.0000000000,0,ST FRANCOIS,ST FRANCOIS
ST. FRANCOIS - 000018,117,1.0000000000,107.0000000000,107.0000000000,0,ST FRANCOIS,ST FRANCOIS
ST. FRANCOIS - 000019,117,1.0000000000,115.0000000000,115.0000000000,0,ST FRANCOIS,ST FRANCOIS
ST. FRANCOIS - 000020,116,1.0000000000,77.0000000000,77.0000000000,0,ST FRANCOIS,ST FRANCOIS
ST. FRANCOIS - 000021,116,0.0231758247,5.3304396807,230.0000000002,0,ST FRANCOIS,ST FRANCOIS
ST. FRANCOIS - 000021,117,0.9768241753,224.6695603195,230.0000000002,0,ST FRANCOIS,ST FRANCOIS
ST. FRANCOIS - 000022,117,1.0000000000,176.9999999999,176.9999999999,0,ST FRANCOIS,ST FRANCOIS
ST. FRANCOIS - 000023,117,1.0000000000,66.0000000000,66.0000000000,0,ST FRANCOIS,ST FRANCOIS
ST. FRANCOIS - 000024,117,1.0000000000,190.0000000000,190.0000000000,0,ST FRANCOIS,ST FRANCOIS
ST. FRANCOIS - 000025,117,1.0000000000,228.0000000000,228.0000000000,0,ST FRANCOIS,ST FRANCOIS
ST. FRANCOIS - 000026,117,1.0000000000,227.0000000000,227.0000000000,0,ST FRANCOIS,ST FRANCOIS
ST. FRANCOIS - 000027,117,1.0000000000,11.0000000000,11.0000000000,0,ST FRANCOIS,ST FRANCOIS
ST. LOUIS - 000002,73,1.0000000000,2.0000000000,2.0000000000,0,ST LOUIS,ST LOUIS
ST. LOUIS - 000003,73,1.0000000000,10.0000000000,10.0000000000,0,ST LOUIS,ST LOUIS
ST. LOUIS - 000004,73,1.0000000000,6.0000000000,6.0000000000,0,ST LOUIS,ST LOUIS
ST. LOUIS - 000005,72,1.0000000000,5.0000000000,5.0000000000,0,ST LOUIS,ST LOUIS
ST. LOUIS - 000006,73,1.0000000000,22.0000000000,22.0000000000,0,ST LOUIS,ST LOUIS
ST. LOUIS - 000007,73,0.1341997480,0.1341997480,1.0000000000,0,ST LOUIS,ST LOUIS
ST. LOUIS - 000007,74,0.8658002520,0.8658002520,1.0000000000,0,ST LOUIS,ST LOUIS
ST. LOUIS - 000008,73,1.0000000000,9.0000000000,9.0000000000,0,ST LOUIS,ST LOUIS
ST. LOUIS - 000009,72,1.0000000000,11.0000000000,11.0000000000,0,ST LOUIS,ST LOUIS
ST. LOUIS - 000010,73,0.0274374409,0.4115616133,14.9999999999,0,ST LOUIS,ST LOUIS
ST. LOUIS - 000010,74,0.9725625591,14.5884383866,14.9999999999,0,ST LOUIS,ST LOUIS
ST. LOUIS - 000011,73,0.9999058966,56.9946361082,57.0000000000,0,ST LOUIS,ST LOUIS
ST. LOUIS - 000011,74,0.0000941034,0.0053638918,57.0000000000,0,ST LOUIS,ST LOUIS
ST. LOUIS - 000012,72,1.0000000000,3.0000000000,3.0000000000,0,ST LOUIS,ST LOUIS
ST. LOUIS - 000013,70,1.0000000000,6.0000000000,6.0000000000,0,ST LOUIS,ST LOUIS
ST. LOUIS - 000014,74,1.0000000000,6.0000000000,6.0000000000,0,ST LOUIS,ST LOUIS
ST. LOUIS - 000015,74,1.0000000000,3.0000000000,3.0000000000,0,ST LOUIS,ST LOUIS
ST. LOUIS - 000016,74,1.0000000000,10.0000000000,10.0000000000,0,ST LOUIS,ST LOUIS
ST. LOUIS - 000017,74,1.0000000000,10.0000000000,10.0000000000,0,ST LOUIS,ST LOUIS
ST. LOUIS - 000018,70,1.0000000000,20.0000000000,20.0000000000,0,ST LOUIS,ST LOUIS
ST. LOUIS - 000019,73,1.0000000000,10.0000000000,10.0000000000,0,ST LOUIS,ST LOUIS
ST. LOUIS - 000020,70,1.0000000000,32.0000000000,32.0000000000,0,ST LOUIS,ST LOUIS
ST. LOUIS - 000021,72,1.0000000000,8.0000000000,8.0000000000,0,ST LOUIS,ST LOUIS
ST. LOUIS - 000022,73,1.0000000000,3.0000000000,3.0000000000,0,ST LOUIS,ST LOUIS
ST. LOUIS - 000023,73,0.9751072803,7.8008582421,8.0000000000,0,ST LOUIS,ST LOUIS
ST. LOUIS - 000023,74,0.0248927197,0.1991417579,8.0000000000,0,ST LOUIS,ST LOUIS
ST. LOUIS - 000024,70,0.8331190238,4.9987141425,6.0000000000,0,ST LOUIS,ST LOUIS
ST. LOUIS - 000024,87,0.1668809763,1.0012858575,6.0000000000,0,ST LOUIS,ST LOUIS
ST. LOUIS - 000025,72,0.8954212355,9.8496335907,11.0000000000,0,ST LOUIS,ST LOUIS
ST. LOUIS - 000025,73,0.1045787645,1.1503664093,11.0000000000,0,ST LOUIS,ST LOUIS
ST. LOUIS - 000026,72,1.0000000000,2.0000000000,2.0000000000,0,ST LOUIS,ST LOUIS
ST. LOUIS - 000027,70,1.0000000000,1.0000000000,1.0000000000,0,ST LOUIS,ST LOUIS
ST. LOUIS - 000028,73,1.0000000000,7.0000000000,7.0000000000,0,ST LOUIS,ST LOUIS
ST. LOUIS - 000029,72,1.0000000000,24.0000000000,24.0000000000,0,ST LOUIS,ST LOUIS
ST. LOUIS - 000030,70,1.0000000000,10.0000000000,10.0000000000,0,ST LOUIS,ST LOUIS
ST. LOUIS - 000031,70,0.0909090909,1.0000000000,11.0000000000,0,ST LOUIS,ST LOUIS
ST. LOUIS - 000031,72,0.9090909091,10.0000000000,11.0000000000,0,ST LOUIS,ST LOUIS
ST. LOUIS - 000032,72,1.0000000000,26.0000000000,26.0000000000,0,ST LOUIS,ST LOUIS
ST. LOUIS - 000033,87,1.0000000000,10.0000000000,10.0000000000,0,ST LOUIS,ST LOUIS
ST. LOUIS - 000034,72,1.0000000000,7.0000000000,7.0000000000,0,ST LOUIS,ST LOUIS
ST. LOUIS - 000035,70,0.9988074729,23.9713793487,24.0000000000,0,ST LOUIS,ST LOUIS
ST. LOUIS - 000035,73,0.0011925271,0.0286206513,24.0000000000,0,ST LOUIS,ST LOUIS
ST. LOUIS - 000036,70,1.0000000000,16.0000000000,16.0000000000,0,ST LOUIS,ST LOUIS
ST. LOUIS - 000037,73,1.0000000000,24.0000000000,24.0000000000,0,ST LOUIS,ST LOUIS
ST. LOUIS - 000038,87,1.0000000000,4.0000000000,4.0000000000,0,ST LOUIS,ST LOUIS
ST. LOUIS - 000039,73,0.9665310303,28.9959309082,30.0000000000,0,ST LOUIS,ST LOUIS
ST. LOUIS - 000039,74,0.0334689697,1.0040690918,30.0000000000,0,ST LOUIS,ST LOUIS
ST. LOUIS - 000040,73,1.0000000000,16.0000000000,16.0000000000,0,ST LOUIS,ST LOUIS
ST. LOUIS - 000041,72,1.0000000000,18.0000000000,18.0000000000,0,ST LOUIS,ST LOUIS
ST. LOUIS - 000042,87,1.0000000000,17.0000000000,17.0000000000,0,ST LOUIS,ST LOUIS
ST. LOUIS - 000043,70,1.0000000000,2.0000000000,2.0000000000,0,ST LOUIS,ST LOUIS
ST. LOUIS - 000044,73,0.2845582635,1.1382330541,4.0000000001,0,ST LOUIS,ST LOUIS
ST. LOUIS - 000044,74,0.7154417365,2.8617669460,4.0000000001,0,ST LOUIS,ST LOUIS
ST. LOUIS - 000045,72,1.0000000000,7.0000000000,7.0000000000,0,ST LOUIS,ST LOUIS
ST. LOUIS - 000046,70,1.0000000000,9.0000000000,9.0000000000,0,ST LOUIS,ST LOUIS
ST. LOUIS - 000047,72,1.0000000000,7.0000000000,7.0000000000,0,ST LOUIS,ST LOUIS
ST. LOUIS - 000048,70,0.6875799119,4.1254794712,6.0000000000,0,ST LOUIS,ST LOUIS
ST. LOUIS - 000048,72,0.3124200881,1.8745205288,6.0000000000,0,ST LOUIS,ST LOUIS
ST. LOUIS - 000049,73,0.0007518735,0.0030074939,4.0000000000,0,ST LOUIS,ST LOUIS
ST. LOUIS - 000049,74,0.9992481265,3.9969925061,4.0000000000,0,ST LOUIS,ST LOUIS
ST. LOUIS - 000050,72,1.0000000000,27.0000000000,27.0000000000,0,ST LOUIS,ST LOUIS
ST. LOUIS - 000051,73,0.0102826178,0.4627178024,45.0000000000,0,ST LOUIS,ST LOUIS
ST. LOUIS - 000051,74,0.9897173822,44.5372821976,45.0000000000,0,ST LOUIS,ST LOUIS
ST. LOUIS - 000052,73,1.0000000000,19.0000000000,19.0000000000,0,ST LOUIS,ST LOUIS
ST. LOUIS - 000053,73,0.0197357295,0.2170930244,11.0000000000,0,ST LOUIS,ST LOUIS
ST. LOUIS - 000053,74,0.9802642705,10.7829069756,11.0000000000,0,ST LOUIS,ST LOUIS
ST. LOUIS - 000054,74,1.0000000000,1.0000000000,1.0000000000,0,ST LOUIS,ST LOUIS
ST. LOUIS - 000055,70,0.0310623843,0.8386843774,27.0000000000,0,ST LOUIS,ST LOUIS
ST. LOUIS - 000055,73,0.9689376157,26.1613156226,27.0000000000,0,ST LOUIS,ST LOUIS
ST. LOUIS - 000056,73,1.0000000000,17.0000000000,17.0000000000,0,ST LOUIS,ST LOUIS
ST. LOUIS - 000057,73,1.0000000000,91.0000000000,91.0000000000,0,ST LOUIS,ST LOUIS
ST. LOUIS - 000058,70,1.0000000000,20.0000000000,20.0000000000,0,ST LOUIS,ST LOUIS
ST. LOUIS - 000059,70,1.0000000000,11.0000000000,11.0000000000,0,ST LOUIS,ST LOUIS
ST. LOUIS - 000060,73,1.0000000000,16.0000000000,16.0000000000,0,ST LOUIS,ST LOUIS
ST. LOUIS - 000061,70,1.0000000000,3.0000000000,3.0000000000,0,ST LOUIS,ST LOUIS
ST. LOUIS - 000062,72,0.2250557263,3.6008916205,16.0000000000,0,ST LOUIS,ST LOUIS
ST. LOUIS - 000062,73,0.7749442737,12.3991083795,16.0000000000,0,ST LOUIS,ST LOUIS
ST. LOUIS - 000063,72,0.8536628380,7.6829655422,9.0000000000,0,ST LOUIS,ST LOUIS
ST. LOUIS - 000063,73,0.1463371620,1.3170344578,9.0000000000,0,ST LOUIS,ST LOUIS
ST. LOUIS - 000064,70,0.9159357400,6.4115501802,7.0000000000,0,ST LOUIS,ST LOUIS
ST. LOUIS - 000064,73,0.0840642600,0.5884498198,7.0000000000,0,ST LOUIS,ST LOUIS
ST. LOUIS - 000065,72,1.0000000000,2.0000000000,2.0000000000,0,ST LOUIS,ST LOUIS
ST. LOUIS - 000066,70,0.6666666667,2.0000000000,3.0000000000,0,ST LOUIS,ST LOUIS
ST. LOUIS - 000066,73,0.3333333333,1.0000000000,3.0000000000,0,ST LOUIS,ST LOUIS
ST. LOUIS - 000067,73,1.0000000000,4.0000000000,4.0000000000,0,ST LOUIS,ST LOUIS
ST. LOUIS - 000068,70,1.0000000000,2.0000000000,2.0000000000,0,ST LOUIS,ST LOUIS
ST. LOUIS - 000069,70,1.0000000000,3.0000000000,3.0000000000,0,ST LOUIS,ST LOUIS
ST. LOUIS - 000070,70,1.0000000000,1.0000000000,1.0000000000,0,ST LOUIS,ST LOUIS
ST. LOUIS - 000071,73,1.0000000000,1.0000000000,1.0000000000,0,ST LOUIS,ST LOUIS
ST. LOUIS - 000072,70,0.2009079653,1.0045398267,5.0000000000,0,ST LOUIS,ST LOUIS
ST. LOUIS - 000072,73,0.7990920347,3.9954601733,5.0000000000,0,ST LOUIS,ST LOUIS
ST. LOUIS - 000073,73,1.0000000000,2.0000000000,2.0000000000,0,ST LOUIS,ST LOUIS
ST. LOUIS - 000074,70,0.0001590881,0.0001590881,1.0000000000,0,ST LOUIS,ST LOUIS
ST. LOUIS - 000074,73,0.9998409119,0.9998409119,1.0000000000,0,ST LOUIS,ST LOUIS
ST. LOUIS - 000075,70,0.2500000000,1.0000000000,4.0000000000,0,ST LOUIS,ST LOUIS
ST. LOUIS - 000075,73,0.7500000000,3.0000000000,4.0000000000,0,ST LOUIS,ST LOUIS
ST. LOUIS - 000076,70,1.0000000000,16.0000000000,16.0000000000,0,ST LOUIS,ST LOUIS
ST. LOUIS - 000077,73,1.0000000000,1.0000000000,1.0000000000,0,ST LOUIS,ST LOUIS
ST. LOUIS - 000078,73,1.0000000000,4.0000000000,4.0000000000,0,ST LOUIS,ST LOUIS
ST. LOUIS - 000079,90,1.0000000000,18.0000000000,18.0000000000,0,ST LOUIS,ST LOUIS
ST. LOUIS - 000080,90,1.0000000000,14.0000000000,14.0000000000,0,ST LOUIS,ST LOUIS
ST. LOUIS - 000081,96,1.0000000000,27.0000000000,27.0000000000,0,ST LOUIS,ST LOUIS
ST. LOUIS - 000082,90,0.9997327708,10.9970604791,11.0000000000,0,ST LOUIS,ST LOUIS
ST. LOUIS - 000082,96,0.0002672292,0.0029395209,11.0000000000,0,ST LOUIS,ST LOUIS
ST. LOUIS - 000083,90,1.0000000000,32.0000000000,32.0000000000,0,ST LOUIS,ST LOUIS
ST. LOUIS - 000084,90,1.0000000000,8.0000000000,8.0000000000,0,ST LOUIS,ST LOUIS
ST. LOUIS - 000085,90,1.0000000000,28.0000000000,28.0000000000,0,ST LOUIS,ST LOUIS
ST. LOUIS - 000086,90,1.0000000000,16.0000000000,16.0000000000,0,ST LOUIS,ST LOUIS
ST. LOUIS - 000087,89,0.0111498493,0.3233456288,29.0000000000,0,ST LOUIS,ST LOUIS
ST. LOUIS - 000087,90,0.9888501507,28.6766543712,29.0000000000,0,ST LOUIS,ST LOUIS
ST. LOUIS - 000088,88,1.0000000000,30.0000000000,30.0000000000,0,ST LOUIS,ST LOUIS
ST. LOUIS - 000089,90,1.0000000000,11.0000000000,11.0000000000,0,ST LOUIS,ST LOUIS
ST. LOUIS - 000090,90,1.0000000000,27.0000000000,27.0000000000,0,ST LOUIS,ST LOUIS
ST. LOUIS - 000091,90,1.0000000000,15.0000000000,15.0000000000,0,ST LOUIS,ST LOUIS
ST. LOUIS - 000092,90,1.0000000000,5.0000000000,5.0000000000,0,ST LOUIS,ST LOUIS
ST. LOUIS - 000093,96,1.0000000000,6.0000000000,6.0000000000,0,ST LOUIS,ST LOUIS
ST. LOUIS - 000094,88,0.0769230769,2.0000000000,26.0000000000,0,ST LOUIS,ST LOUIS
ST. LOUIS - 000094,96,0.9230769231,24.0000000000,26.0000000000,0,ST LOUIS,ST LOUIS
ST. LOUIS - 000095,89,1.0000000000,8.0000000000,8.0000000000,0,ST LOUIS,ST LOUIS
ST. LOUIS - 000096,90,1.0000000000,12.0000000000,12.0000000000,0,ST LOUIS,ST LOUIS
ST. LOUIS - 000097,90,1.0000000000,10.0000000000,10.0000000000,0,ST LOUIS,ST LOUIS
ST. LOUIS - 000098,90,1.0000000000,15.0000000000,15.0000000000,0,ST LOUIS,ST LOUIS
ST. LOUIS - 000099,90,1.0000000000,10.0000000000,10.0000000000,0,ST LOUIS,ST LOUIS
ST. LOUIS - 000100,90,1.0000000000,3.0000000000,3.0000000000,0,ST LOUIS,ST LOUIS
ST. LOUIS - 000101,90,1.0000000000,7.0000000000,7.0000000000,0,ST LOUIS,ST LOUIS
ST. LOUIS - 000102,90,1.0000000000,16.0000000000,16.0000000000,0,ST LOUIS,ST LOUIS
ST. LOUIS - 000103,88,1.0000000000,4.0000000000,4.0000000000,0,ST LOUIS,ST LOUIS
ST. LOUIS - 000104,90,0.9957034160,12.9441444079,13.0000000000,0,ST LOUIS,ST LOUIS
ST. LOUIS - 000104,96,0.0042965840,0.0558555921,13.0000000000,0,ST LOUIS,ST LOUIS
ST. LOUIS - 000105,89,0.0434782609,1.0000000000,23.0000000000,0,ST LOUIS,ST LOUIS
ST. LOUIS - 000105,90,0.9565217391,22.0000000000,23.0000000000,0,ST LOUIS,ST LOUIS
ST. LOUIS - 000106,96,1.0000000000,16.0000000000,16.0000000000,0,ST LOUIS,ST LOUIS
ST. LOUIS - 000107,96,1.0000000000,28.0000000000,28.0000000000,0,ST LOUIS,ST LOUIS
ST. LOUIS - 000108,89,1.0000000000,2.0000000000,2.0000000000,0,ST LOUIS,ST LOUIS
ST. LOUIS - 000109,90,1.0000000000,12.0000000000,12.0000000000,0,ST LOUIS,ST LOUIS
ST. LOUIS - 000110,90,1.0000000000,25.0000000000,25.0000000000,0,ST LOUIS,ST LOUIS
ST. LOUIS - 000111,89,0.1666666667,4.0000000000,24.0000000000,0,ST LOUIS,ST LOUIS
ST. LOUIS - 000111,90,0.8333333333,20.0000000000,24.0000000000,0,ST LOUIS,ST LOUIS
ST. LOUIS - 000112,90,1.0000000000,16.0000000000,16.0000000000,0,ST LOUIS,ST LOUIS
ST. LOUIS - 000113,96,1.0000000000,8.0000000000,8.0000000000,0,ST LOUIS,ST LOUIS
ST. LOUIS - 000114,90,1.0000000000,11.0000000000,11.0000000000,0,ST LOUIS,ST LOUIS
ST. LOUIS - 000115,96,1.0000000000,39.0000000000,39.0000000000,0,ST LOUIS,ST LOUIS
ST. LOUIS - 000116,96,1.0000000000,53.0000000000,53.0000000000,0,ST LOUIS,ST LOUIS
ST. LOUIS - 000117,96,1.0000000000,5.0000000000,5.0000000000,0,ST LOUIS,ST LOUIS
ST. LOUIS - 000118,96,1.0000000000,19.0000000000,19.0000000000,0,ST LOUIS,ST LOUIS
ST. LOUIS - 000119,96,1.0000000000,12.0000000000,12.0000000000,0,ST LOUIS,ST LOUIS
ST. LOUIS - 000120,96,1.0000000000,34.0000000001,34.0000000001,0,ST LOUIS,ST LOUIS
ST. LOUIS - 000121,96,1.0000000000,22.0000000001,22.0000000001,0,ST LOUIS,ST LOUIS
ST. LOUIS - 000122,90,0.0485588543,1.7481187545,36.0000000000,0,ST LOUIS,ST LOUIS
ST. LOUIS - 000122,96,0.9514411457,34.2518812455,36.0000000000,0,ST LOUIS,ST LOUIS
ST. LOUIS - 000123,90,1.0000000000,6.0000000000,6.0000000000,0,ST LOUIS,ST LOUIS
ST. LOUIS - 000124,90,0.0769230769,1.0000000000,13.0000000000,0,ST LOUIS,ST LOUIS
ST. LOUIS - 000124,96,0.9230769231,12.0000000000,13.0000000000,0,ST LOUIS,ST LOUIS
ST. LOUIS - 000125,90,1.0000000000,13.0000000000,13.0000000000,0,ST LOUIS,ST LOUIS
ST. LOUIS - 000126,90,1.0000000000,1.0000000000,1.0000000000,0,ST LOUIS,ST LOUIS
ST. LOUIS - 000127,96,1.0000000000,6.0000000000,6.0000000000,0,ST LOUIS,ST LOUIS
ST. LOUIS - 000128,90,1.0000000000,1.0000000000,1.0000000000,0,ST LOUIS,ST LOUIS
ST. LOUIS - 000129,95,0.0714285714,1.0000000000,14.0000000000,0,ST LOUIS,ST LOUIS
ST. LOUIS - 000129,96,0.9285714286,13.0000000000,14.0000000000,0,ST LOUIS,ST LOUIS
ST. LOUIS - 000130,96,1.0000000000,2.0000000000,2.0000000000,0,ST LOUIS,ST LOUIS
ST. LOUIS - 000132,90,1.0000000000,4.0000000000,4.0000000000,0,ST LOUIS,ST LOUIS
ST. LOUIS - 000133,90,1.0000000000,3.0000000000,3.0000000000,0,ST LOUIS,ST LOUIS
ST. LOUIS - 000134,71,1.0000000000,20.0000000000,20.0000000000,0,ST LOUIS,ST LOUIS
ST. LOUIS - 000135,71,1.0000000000,12.0000000000,12.0000000000,0,ST LOUIS,ST LOUIS
ST. LOUIS - 000136,71,1.0000000000,7.0000000000,7.0000000000,0,ST LOUIS,ST LOUIS
ST. LOUIS - 000137,71,1.0000000000,15.0000000000,15.0000000000,0,ST LOUIS,ST LOUIS
ST. LOUIS - 000138,71,1.0000000000,14.0000000000,14.0000000000,0,ST LOUIS,ST LOUIS
ST. LOUIS - 000139,71,1.0000000000,9.0000000000,9.0000000000,0,ST LOUIS,ST LOUIS
ST. LOUIS - 000140,71,1.0000000000,12.0000000000,12.0000000000,0,ST LOUIS,ST LOUIS
ST. LOUIS - 000141,71,0.2857142857,2.0000000000,7.0000000000,0,ST LOUIS,ST LOUIS
ST. LOUIS - 000141,87,0.7142857143,5.0000000000,7.0000000000,0,ST LOUIS,ST LOUIS
ST. LOUIS - 000142,71,1.0000000000,3.0000000000,3.0000000000,0,ST LOUIS,ST LOUIS
ST. LOUIS - 000143,71,1.0000000000,11.0000000000,11.0000000000,0,ST LOUIS,ST LOUIS
ST. LOUIS - 000144,71,1.0000000000,16.0000000000,16.0000000000,0,ST LOUIS,ST LOUIS
ST. LOUIS - 000145,71,0.3668204870,2.9345638961,8.0000000000,0,ST LOUIS,ST LOUIS
ST. LOUIS - 000145,99,0.6331795130,5.0654361039,8.0000000000,0,ST LOUIS,ST LOUIS
ST. LOUIS - 000146,99,1.0000000000,2.0000000000,2.0000000000,0,ST LOUIS,ST LOUIS
ST. LOUIS - 000147,71,1.0000000000,13.0000000000,13.0000000000,0,ST LOUIS,ST LOUIS
ST. LOUIS - 000148,99,1.0000000000,5.0000000000,5.0000000000,0,ST LOUIS,ST LOUIS
ST. LOUIS - 000149,71,1.0000000000,9.0000000000,9.0000000000,0,ST LOUIS,ST LOUIS
ST. LOUIS - 000150,72,1.0000000000,10.0000000000,10.0000000000,0,ST LOUIS,ST LOUIS
ST. LOUIS - 000151,71,0.0833333333,1.0000000000,12.0000000000,0,ST LOUIS,ST LOUIS
ST. LOUIS - 000151,87,0.9166666667,11.0000000000,12.0000000000,0,ST LOUIS,ST LOUIS
ST. LOUIS - 000152,99,1.0000000000,2.0000000000,2.0000000000,0,ST LOUIS,ST LOUIS
ST. LOUIS - 000153,99,1.0000000000,22.0000000000,22.0000000000,0,ST LOUIS,ST LOUIS
ST. LOUIS - 000154,99,1.0000000000,5.0000000000,5.0000000000,0,ST LOUIS,ST LOUIS
ST. LOUIS - 000155,99,1.0000000000,16.0000000000,16.0000000000,0,ST LOUIS,ST LOUIS
ST. LOUIS - 000156,71,1.0000000000,18.0000000000,18.0000000000,0,ST LOUIS,ST LOUIS
ST. LOUIS - 000157,71,1.0000000000,7.0000000000,7.0000000000,0,ST LOUIS,ST LOUIS
ST. LOUIS - 000158,72,0.1000000000,1.0000000000,10.0000000000,0,ST LOUIS,ST LOUIS
ST. LOUIS - 000158,99,0.9000000000,9.0000000000,10.0000000000,0,ST LOUIS,ST LOUIS
ST. LOUIS - 000159,72,0.9473684211,18.0000000000,19.0000000000,0,ST LOUIS,ST LOUIS
ST. LOUIS - 000159,99,0.0526315789,1.0000000000,19.0000000000,0,ST LOUIS,ST LOUIS
ST. LOUIS - 000160,99,1.0000000000,4.0000000000,4.0000000000,0,ST LOUIS,ST LOUIS
ST. LOUIS - 000161,99,1.0000000000,1.0000000000,1.0000000000,0,ST LOUIS,ST LOUIS
ST. LOUIS - 000162,99,1.0000000000,2.0000000000,2.0000000000,0,ST LOUIS,ST LOUIS
ST. LOUIS - 000163,71,1.0000000000,3.0000000000,3.0000000000,0,ST LOUIS,ST LOUIS
ST. LOUIS - 000164,71,0.9200000000,23.0000000000,25.0000000000,0,ST LOUIS,ST LOUIS
ST. LOUIS - 000164,72,0.0800000000,2.0000000000,25.0000000000,0,ST LOUIS,ST LOUIS
ST. LOUIS - 000165,71,1.0000000000,6.0000000000,6.0000000000,0,ST LOUIS,ST LOUIS
ST. LOUIS - 000166,71,1.0000000000,16.0000000000,16.0000000000,0,ST LOUIS,ST LOUIS
ST. LOUIS - 000167,99,1.0000000000,9.0000000000,9.0000000000,0,ST LOUIS,ST LOUIS
ST. LOUIS - 000168,71,1.0000000000,17.0000000000,17.0000000000,0,ST LOUIS,ST LOUIS
ST. LOUIS - 000169,71,1.0000000000,5.0000000000,5.0000000000,0,ST LOUIS,ST LOUIS
ST. LOUIS - 000170,71,1.0000000000,7.0000000000,7.0000000000,0,ST LOUIS,ST LOUIS
ST. LOUIS - 000171,71,0.3636363636,4.0000000000,11.0000000000,0,ST LOUIS,ST LOUIS
ST. LOUIS - 000171,99,0.6363636364,7.0000000000,11.0000000000,0,ST LOUIS,ST LOUIS
ST. LOUIS - 000172,86,0.0149581232,0.3739530797,25.0000000000,0,ST LOUIS,ST LOUIS
ST. LOUIS - 000172,99,0.9850418768,24.6260469203,25.0000000000,0,ST LOUIS,ST LOUIS
ST. LOUIS - 000173,99,1.0000000000,4.0000000000,4.0000000000,0,ST LOUIS,ST LOUIS
ST. LOUIS - 000174,71,1.0000000000,14.0000000000,14.0000000000,0,ST LOUIS,ST LOUIS
ST. LOUIS - 000175,72,1.0000000000,8.0000000000,8.0000000000,0,ST LOUIS,ST LOUIS
ST. LOUIS - 000176,86,0.2882076335,0.5764152670,2.0000000000,0,ST LOUIS,ST LOUIS
ST. LOUIS - 000176,99,0.7117923665,1.4235847330,2.0000000000,0,ST LOUIS,ST LOUIS
ST. LOUIS - 000177,72,1.0000000000,20.0000000000,20.0000000000,0,ST LOUIS,ST LOUIS
ST. LOUIS - 000178,71,1.0000000000,1.0000000000,1.0000000000,0,ST LOUIS,ST LOUIS
ST. LOUIS - 000179,99,1.0000000000,11.0000000000,11.0000000000,0,ST LOUIS,ST LOUIS
ST. LOUIS - 000180,71,0.1250000000,1.0000000000,8.0000000000,0,ST LOUIS,ST LOUIS
ST. LOUIS - 000180,72,0.8750000000,7.0000000000,8.0000000000,0,ST LOUIS,ST LOUIS
ST. LOUIS - 000181,86,0.3504161494,0.7008322988,2.0000000000,0,ST LOUIS,ST LOUIS
ST. LOUIS - 000181,99,0.6495838506,1.2991677012,2.0000000000,0,ST LOUIS,ST LOUIS
ST. LOUIS - 000182,71,1.0000000000,8.0000000000,8.0000000000,0,ST LOUIS,ST LOUIS
ST. LOUIS - 000183,71,1.0000000000,17.0000000000,17.0000000000,0,ST LOUIS,ST LOUIS
ST. LOUIS - 000184,71,1.0000000000,14.9999999999,14.9999999999,0,ST LOUIS,ST LOUIS
ST. LOUIS - 000185,71,1.0000000000,15.0000000000,15.0000000000,0,ST LOUIS,ST LOUIS
ST. LOUIS - 000186,71,0.8571428571,24.0000000000,28.0000000000,0,ST LOUIS,ST LOUIS
ST. LOUIS - 000186,72,0.1428571429,4.0000000000,28.0000000000,0,ST LOUIS,ST LOUIS
ST. LOUIS - 000187,71,1.0000000000,8.0000000000,8.0000000000,0,ST LOUIS,ST LOUIS
ST. LOUIS - 000188,71,1.0000000000,4.0000000000,4.0000000000,0,ST LOUIS,ST LOUIS
ST. LOUIS - 000189,71,1.0000000000,6.0000000000,6.0000000000,0,ST LOUIS,ST LOUIS
ST. LOUIS - 000190,72,1.0000000000,10.0000000000,10.0000000000,0,ST LOUIS,ST LOUIS
ST. LOUIS - 000191,71,0.9642857143,27.0000000000,28.0000000000,0,ST LOUIS,ST LOUIS
ST. LOUIS - 000191,72,0.0357142857,1.0000000000,28.0000000000,0,ST LOUIS,ST LOUIS
ST. LOUIS - 000192,71,1.0000000000,3.0000000000,3.0000000000,0,ST LOUIS,ST LOUIS
ST. LOUIS - 000193,99,1.0000000000,1.0000000000,1.0000000000,0,ST LOUIS,ST LOUIS
ST. LOUIS - 000194,99,1.0000000000,1.0000000000,1.0000000000,0,ST LOUIS,ST LOUIS
ST. LOUIS - 000195,71,0.7692307692,10.0000000000,13.0000000000,0,ST LOUIS,ST LOUIS
ST. LOUIS - 000195,99,0.2307692308,3.0000000000,13.0000000000,0,ST LOUIS,ST LOUIS
ST. LOUIS - 000196,99,1.0000000000,2.0000000000,2.0000000000,0,ST LOUIS,ST LOUIS
ST. LOUIS - 000197,99,1.0000000000,2.0000000000,2.0000000000,0,ST LOUIS,ST LOUIS
ST. LOUIS - 000198,99,1.0000000000,8.0000000000,8.0000000000,0,ST LOUIS,ST LOUIS
ST. LOUIS - 000199,99,1.0000000000,5.0000000000,5.0000000000,0,ST LOUIS,ST LOUIS
ST. LOUIS - 000200,99,1.0000000000,12.0000000000,12.0000000000,0,ST LOUIS,ST LOUIS
ST. LOUIS - 000201,99,1.0000000000,5.0000000000,5.0000000000,0,ST LOUIS,ST LOUIS
ST. LOUIS - 000202,72,1.0000000000,1.0000000000,1.0000000000,0,ST LOUIS,ST LOUIS
ST. LOUIS - 000203,87,1.0000000000,3.0000000000,3.0000000000,0,ST LOUIS,ST LOUIS
ST. LOUIS - 000204,99,1.0000000000,4.0000000000,4.0000000000,0,ST LOUIS,ST LOUIS
ST. LOUIS - 000205,71,0.9857828852,5.9146973111,5.9999999999,0,ST LOUIS,ST LOUIS
ST. LOUIS - 000205,72,0.0142171148,0.0853026888,5.9999999999,0,ST LOUIS,ST LOUIS
ST. LOUIS - 000206,72,1.0000000000,5.0000000000,5.0000000000,0,ST LOUIS,ST LOUIS
ST. LOUIS - 000207,71,0.1428571429,1.0000000000,7.0000000000,0,ST LOUIS,ST LOUIS
ST. LOUIS - 000207,87,0.8571428571,6.0000000000,7.0000000000,0,ST LOUIS,ST LOUIS
ST. LOUIS - 000208,72,1.0000000000,3.0000000000,3.0000000000,0,ST LOUIS,ST LOUIS
ST. LOUIS - 000209,71,1.0000000000,10.0000000000,10.0000000000,0,ST LOUIS,ST LOUIS
ST. LOUIS - 000210,71,1.0000000000,5.0000000000,5.0000000000,0,ST LOUIS,ST LOUIS
ST. LOUIS - 000211,87,1.0000000000,1.0000000000,1.0000000000,0,ST LOUIS,ST LOUIS
ST. LOUIS - 000212,87,1.0000000000,2.0000000000,2.0000000000,0,ST LOUIS,ST LOUIS
ST. LOUIS - 000213,72,0.3333333333,1.0000000000,3.0000000000,0,ST LOUIS,ST LOUIS
ST. LOUIS - 000213,99,0.6666666667,2.0000000000,3.0000000000,0,ST LOUIS,ST LOUIS
ST. LOUIS - 000214,99,1.0000000000,2.0000000000,2.0000000000,0,ST LOUIS,ST LOUIS
ST. LOUIS - 000215,87,1.0000000000,7.0000000000,7.0000000000,0,ST LOUIS,ST LOUIS
ST. LOUIS - 000216,101,0.4500000000,9.0000000000,20.0000000000,0,ST LOUIS,ST LOUIS
ST. LOUIS - 000216,110,0.5500000000,11.0000000000,20.0000000000,0,ST LOUIS,ST LOUIS
ST. LOUIS - 000217,101,1.0000000000,47.9999999999,47.9999999999,0,ST LOUIS,ST LOUIS
ST. LOUIS - 000218,88,0.1250000000,1.0000000000,8.0000000000,0,ST LOUIS,ST LOUIS
ST. LOUIS - 000218,110,0.8750000000,7.0000000000,8.0000000000,0,ST LOUIS,ST LOUIS
ST. LOUIS - 000219,101,0.0003162955,0.0031629555,10.0000000000,0,ST LOUIS,ST LOUIS
ST. LOUIS - 000219,110,0.9996837045,9.9968370445,10.0000000000,0,ST LOUIS,ST LOUIS
ST. LOUIS - 000220,110,1.0000000000,52.0000000001,52.0000000001,0,ST LOUIS,ST LOUIS
ST. LOUIS - 000221,110,1.0000000000,8.0000000000,8.0000000000,0,ST LOUIS,ST LOUIS
ST. LOUIS - 000222,101,0.1016949153,6.0000000000,59.0000000000,0,ST LOUIS,ST LOUIS
ST. LOUIS - 000222,110,0.8983050847,53.0000000000,59.0000000000,0,ST LOUIS,ST LOUIS
ST. LOUIS - 000223,101,1.0000000000,14.0000000000,14.0000000000,0,ST LOUIS,ST LOUIS
ST. LOUIS - 000224,101,0.0002676374,0.0037469237,14.0000000000,0,ST LOUIS,ST LOUIS
ST. LOUIS - 000224,110,0.9997323626,13.9962530763,14.0000000000,0,ST LOUIS,ST LOUIS
ST. LOUIS - 000225,101,1.0000000000,11.0000000000,11.0000000000,0,ST LOUIS,ST LOUIS
ST. LOUIS - 000226,110,1.0000000000,5.0000000000,5.0000000000,0,ST LOUIS,ST LOUIS
ST. LOUIS - 000227,101,1.0000000000,29.9999999999,29.9999999999,0,ST LOUIS,ST LOUIS
ST. LOUIS - 000228,110,1.0000000000,16.0000000000,16.0000000000,0,ST LOUIS,ST LOUIS
ST. LOUIS - 000229,101,1.0000000000,5.0000000000,5.0000000000,0,ST LOUIS,ST LOUIS
ST. LOUIS - 000230,101,1.0000000000,18.0000000001,18.0000000001,0,ST LOUIS,ST LOUIS
ST. LOUIS - 000231,101,1.0000000000,9.0000000000,9.0000000000,0,ST LOUIS,ST LOUIS
ST. LOUIS - 000232,110,1.0000000000,1.0000000000,1.0000000000,0,ST LOUIS,ST LOUIS
ST. LOUIS - 000233,101,1.0000000000,37.0000000000,37.0000000000,0,ST LOUIS,ST LOUIS
ST. LOUIS - 000234,101,1.0000000000,5.0000000000,5.0000000000,0,ST LOUIS,ST LOUIS
ST. LOUIS - 000235,110,1.0000000000,7.0000000000,7.0000000000,0,ST LOUIS,ST LOUIS
ST. LOUIS - 000236,110,1.0000000000,3.0000000000,3.0000000000,0,ST LOUIS,ST LOUIS
ST. LOUIS - 000237,87,0.9375000000,15.0000000000,16.0000000000,0,ST LOUIS,ST LOUIS
ST. LOUIS - 000237,101,0.0625000000,1.0000000000,16.0000000000,0,ST LOUIS,ST LOUIS
ST. LOUIS - 000238,101,1.0000000000,1.0000000000,1.0000000000,0,ST LOUIS,ST LOUIS
ST. LOUIS - 000239,110,1.0000000000,1.0000000000,1.0000000000,0,ST LOUIS,ST LOUIS
ST. LOUIS - 000240,110,1.0000000000,15.0000000000,15.0000000000,0,ST LOUIS,ST LOUIS
ST. LOUIS - 000241,101,0.0666666667,1.0000000000,15.0000000000,0,ST LOUIS,ST LOUIS
ST. LOUIS - 000241,110,0.9333333333,14.0000000000,15.0000000000,0,ST LOUIS,ST LOUIS
ST. LOUIS - 000242,110,1.0000000000,13.0000000000,13.0000000000,0,ST LOUIS,ST LOUIS
ST. LOUIS - 000243,110,1.0000000000,18.0000000000,18.0000000000,0,ST LOUIS,ST LOUIS
ST. LOUIS - 000244,110,1.0000000000,5.0000000000,5.0000000000,0,ST LOUIS,ST LOUIS
ST. LOUIS - 000245,101,1.0000000000,28.0000000000,28.0000000000,0,ST LOUIS,ST LOUIS
ST. LOUIS - 000246,101,1.0000000000,2.0000000000,2.0000000000,0,ST LOUIS,ST LOUIS
ST. LOUIS - 000247,101,1.0000000000,3.0000000000,3.0000000000,0,ST LOUIS,ST LOUIS
ST. LOUIS - 000248,101,0.9994571270,4.9972856352,5.0000000000,0,ST LOUIS,ST LOUIS
ST. LOUIS - 000248,110,0.0005428730,0.0027143648,5.0000000000,0,ST LOUIS,ST LOUIS
ST. LOUIS - 000249,110,1.0000000000,1.0000000000,1.0000000000,0,ST LOUIS,ST LOUIS
ST. LOUIS - 000250,101,1.0000000000,2.0000000000,2.0000000000,0,ST LOUIS,ST LOUIS
ST. LOUIS - 000251,101,0.9995496241,16.9923436091,17.0000000000,0,ST LOUIS,ST LOUIS
ST. LOUIS - 000251,110,0.0004503759,0.0076563909,17.0000000000,0,ST LOUIS,ST LOUIS
ST. LOUIS - 000252,110,1.0000000000,7.0000000000,7.0000000000,0,ST LOUIS,ST LOUIS
ST. LOUIS - 000253,110,1.0000000000,9.0000000000,9.0000000000,0,ST LOUIS,ST LOUIS
ST. LOUIS - 000254,110,1.0000000000,7.0000000000,7.0000000000,0,ST LOUIS,ST LOUIS
ST. LOUIS - 000255,101,1.0000000000,11.0000000000,11.0000000000,0,ST LOUIS,ST LOUIS
ST. LOUIS - 000256,101,1.0000000000,13.0000000000,13.0000000000,0,ST LOUIS,ST LOUIS
ST. LOUIS - 000257,110,1.0000000000,17.0000000000,17.0000000000,0,ST LOUIS,ST LOUIS
ST. LOUIS - 000258,101,1.0000000000,8.0000000000,8.0000000000,0,ST LOUIS,ST LOUIS
ST. LOUIS - 000259,101,1.0000000000,12.0000000000,12.0000000000,0,ST LOUIS,ST LOUIS
ST. LOUIS - 000260,101,1.0000000000,23.0000000000,23.0000000000,0,ST LOUIS,ST LOUIS
ST. LOUIS - 000261,87,1.0000000000,5.0000000000,5.0000000000,0,ST LOUIS,ST LOUIS
ST. LOUIS - 000262,87,0.9666666667,29.0000000000,30.0000000000,0,ST LOUIS,ST LOUIS
ST. LOUIS - 000262,101,0.0333333333,1.0000000000,30.0000000000,0,ST LOUIS,ST LOUIS
ST. LOUIS - 000263,110,1.0000000000,3.0000000000,3.0000000000,0,ST LOUIS,ST LOUIS
ST. LOUIS - 000264,110,1.0000000000,24.0000000000,24.0000000000,0,ST LOUIS,ST LOUIS
ST. LOUIS - 000265,110,1.0000000000,10.0000000000,10.0000000000,0,ST LOUIS,ST LOUIS
ST. LOUIS - 000266,101,1.0000000000,2.0000000000,2.0000000000,0,ST LOUIS,ST LOUIS
ST. LOUIS - 000267,110,1.0000000000,15.0000000000,15.0000000000,0,ST LOUIS,ST LOUIS
ST. LOUIS - 000268,110,1.0000000000,1.0000000000,1.0000000000,0,ST LOUIS,ST LOUIS
ST. LOUIS - 000269,110,1.0000000000,2.0000000000,2.0000000000,0,ST LOUIS,ST LOUIS
ST. LOUIS - 000270,110,1.0000000000,1.0000000000,1.0000000000,0,ST LOUIS,ST LOUIS
ST. LOUIS - 000271,110,1.0000000000,2.0000000000,2.0000000000,0,ST LOUIS,ST LOUIS
ST. LOUIS - 000272,100,1.0000000000,1.0000000000,1.0000000000,0,ST LOUIS,ST LOUIS
ST. LOUIS - 000273,110,1.0000000000,1.0000000000,1.0000000000,0,ST LOUIS,ST LOUIS
ST. LOUIS - 000274,110,1.0000000000,3.0000000000,3.0000000000,0,ST LOUIS,ST LOUIS
ST. LOUIS - 000275,101,1.0000000000,2.0000000000,2.0000000000,0,ST LOUIS,ST LOUIS
ST. LOUIS - 000276,110,1.0000000000,2.0000000000,2.0000000000,0,ST LOUIS,ST LOUIS
ST. LOUIS - 000277,110,1.0000000000,1.0000000000,1.0000000000,0,ST LOUIS,ST LOUIS
ST. LOUIS - 000278,86,1.0000000000,34.0000000000,34.0000000000,0,ST LOUIS,ST LOUIS
ST. LOUIS - 000279,99,1.0000000000,11.0000000000,11.0000000000,0,ST LOUIS,ST LOUIS
ST. LOUIS - 000280,99,1.0000000000,11.0000000000,11.0000000000,0,ST LOUIS,ST LOUIS
ST. LOUIS - 000281,99,1.0000000000,31.0000000000,31.0000000000,0,ST LOUIS,ST LOUIS
ST. LOUIS - 000282,86,1.0000000000,11.0000000000,11.0000000000,0,ST LOUIS,ST LOUIS
ST. LOUIS - 000283,90,1.0000000000,6.0000000000,6.0000000000,0,ST LOUIS,ST LOUIS
ST. LOUIS - 000284,99,1.0000000000,6.0000000000,6.0000000000,0,ST LOUIS,ST LOUIS
ST. LOUIS - 000285,99,1.0000000000,7.0000000000,7.0000000000,0,ST LOUIS,ST LOUIS
ST. LOUIS - 000286,83,1.0000000000,10.0000000000,10.0000000000,0,ST LOUIS,ST LOUIS
ST. LOUIS - 000287,86,0.0487804878,2.0000000000,41.0000000000,0,ST LOUIS,ST LOUIS
ST. LOUIS - 000287,99,0.9512195122,39.0000000000,41.0000000000,0,ST LOUIS,ST LOUIS
ST. LOUIS - 000288,86,0.6800000000,17.0000000000,25.0000000000,0,ST LOUIS,ST LOUIS
ST. LOUIS - 000288,99,0.3200000000,8.0000000000,25.0000000000,0,ST LOUIS,ST LOUIS
ST. LOUIS - 000289,99,1.0000000000,5.0000000000,5.0000000000,0,ST LOUIS,ST LOUIS
ST. LOUIS - 000290,99,1.0000000000,15.0000000000,15.0000000000,0,ST LOUIS,ST LOUIS
ST. LOUIS - 000291,86,0.0201903258,0.3028548870,15.0000000000,0,ST LOUIS,ST LOUIS
ST. LOUIS - 000291,99,0.9798096742,14.6971451130,15.0000000000,0,ST LOUIS,ST LOUIS
ST. LOUIS - 000292,99,1.0000000000,17.0000000000,17.0000000000,0,ST LOUIS,ST LOUIS
ST. LOUIS - 000293,99,1.0000000000,15.0000000000,15.0000000000,0,ST LOUIS,ST LOUIS
ST. LOUIS - 000294,83,1.0000000000,6.0000000000,6.0000000000,0,ST LOUIS,ST LOUIS
ST. LOUIS - 000295,90,1.0000000000,6.0000000000,6.0000000000,0,ST LOUIS,ST LOUIS
ST. LOUIS - 000296,83,1.0000000000,34.0000000000,34.0000000000,0,ST LOUIS,ST LOUIS
ST. LOUIS - 000297,83,1.0000000000,19.0000000000,19.0000000000,0,ST LOUIS,ST LOUIS
ST. LOUIS - 000298,91,1.0000000000,13.0000000000,13.0000000000,0,ST LOUIS,ST LOUIS
ST. LOUIS - 000299,91,1.0000000000,12.0000000000,12.0000000000,0,ST LOUIS,ST LOUIS
ST. LOUIS - 000300,99,1.0000000000,5.0000000000,5.0000000000,0,ST LOUIS,ST LOUIS
ST. LOUIS - 000301,99,1.0000000000,15.0000000000,15.0000000000,0,ST LOUIS,ST LOUIS
ST. LOUIS - 000302,99,1.0000000000,1.0000000000,1.0000000000,0,ST LOUIS,ST LOUIS
ST. LOUIS - 000303,83,1.0000000000,17.0000000000,17.0000000000,0,ST LOUIS,ST LOUIS
ST. LOUIS - 000304,99,1.0000000000,6.0000000000,6.0000000000,0,ST LOUIS,ST LOUIS
ST. LOUIS - 000305,90,1.0000000000,6.0000000000,6.0000000000,0,ST LOUIS,ST LOUIS
ST. LOUIS - 000306,83,1.0000000000,14.0000000000,14.0000000000,0,ST LOUIS,ST LOUIS
ST. LOUIS - 000307,83,1.0000000000,7.0000000000,7.0000000000,0,ST LOUIS,ST LOUIS
ST. LOUIS - 000308,83,1.0000000000,20.0000000000,20.0000000000,0,ST LOUIS,ST LOUIS
ST. LOUIS - 000309,91,1.0000000000,15.0000000000,15.0000000000,0,ST LOUIS,ST LOUIS
ST. LOUIS - 000310,89,1.0000000000,5.0000000000,5.0000000000,0,ST LOUIS,ST LOUIS
ST. LOUIS - 000311,83,1.0000000000,26.0000000000,26.0000000000,0,ST LOUIS,ST LOUIS
ST. LOUIS - 000312,89,0.9755689866,4.8778449329,5.0000000000,0,ST LOUIS,ST LOUIS
ST. LOUIS - 000312,99,0.0244310134,0.1221550671,5.0000000000,0,ST LOUIS,ST LOUIS
ST. LOUIS - 000313,91,0.0333471989,1.0004159676,30.0000000000,0,ST LOUIS,ST LOUIS
ST. LOUIS - 000313,99,0.9666528011,28.9995840324,30.0000000000,0,ST LOUIS,ST LOUIS
ST. LOUIS - 000314,83,1.0000000000,15.0000000000,15.0000000000,0,ST LOUIS,ST LOUIS
ST. LOUIS - 000315,83,1.0000000000,24.0000000000,24.0000000000,0,ST LOUIS,ST LOUIS
ST. LOUIS - 000316,99,1.0000000000,23.0000000000,23.0000000000,0,ST LOUIS,ST LOUIS
ST. LOUIS - 000317,83,1.0000000000,1.0000000000,1.0000000000,0,ST LOUIS,ST LOUIS
ST. LOUIS - 000318,83,1.0000000000,2.0000000000,2.0000000000,0,ST LOUIS,ST LOUIS
ST. LOUIS - 000319,83,1.0000000000,1.0000000000,1.0000000000,0,ST LOUIS,ST LOUIS
ST. LOUIS - 000320,99,1.0000000000,7.0000000000,7.0000000000,0,ST LOUIS,ST LOUIS
ST. LOUIS - 000321,71,0.1034140271,2.9990067850,29.0000000000,0,ST LOUIS,ST LOUIS
ST. LOUIS - 000321,99,0.8965859729,26.0009932150,29.0000000000,0,ST LOUIS,ST LOUIS
ST. LOUIS - 000322,83,1.0000000000,12.0000000000,12.0000000000,0,ST LOUIS,ST LOUIS
ST. LOUIS - 000323,99,1.0000000000,3.0000000000,3.0000000000,0,ST LOUIS,ST LOUIS
ST. LOUIS - 000324,83,1.0000000000,7.0000000000,7.0000000000,0,ST LOUIS,ST LOUIS
ST. LOUIS - 000325,83,1.0000000000,9.0000000000,9.0000000000,0,ST LOUIS,ST LOUIS
ST. LOUIS - 000326,91,1.0000000000,23.0000000000,23.0000000000,0,ST LOUIS,ST LOUIS
ST. LOUIS - 000327,83,0.9703242449,16.4955121633,17.0000000000,0,ST LOUIS,ST LOUIS
ST. LOUIS - 000327,91,0.0296757551,0.5044878367,17.0000000000,0,ST LOUIS,ST LOUIS
ST. LOUIS - 000328,83,0.0294117647,1.0000000000,34.0000000000,0,ST LOUIS,ST LOUIS
ST. LOUIS - 000328,91,0.9705882353,33.0000000000,34.0000000000,0,ST LOUIS,ST LOUIS
ST. LOUIS - 000329,99,1.0000000000,7.0000000000,7.0000000000,0,ST LOUIS,ST LOUIS
ST. LOUIS - 000330,91,1.0000000000,9.0000000000,9.0000000000,0,ST LOUIS,ST LOUIS
ST. LOUIS - 000331,89,1.0000000000,5.0000000000,5.0000000000,0,ST LOUIS,ST LOUIS
ST. LOUIS - 000332,86,1.0000000000,9.0000000000,9.0000000000,0,ST LOUIS,ST LOUIS
ST. LOUIS - 000333,83,1.0000000000,1.0000000000,1.0000000000,0,ST LOUIS,ST LOUIS
ST. LOUIS - 000334,83,1.0000000000,1.0000000000,1.0000000000,0,ST LOUIS,ST LOUIS
ST. LOUIS - 000335,83,1.0000000000,2.0000000000,2.0000000000,0,ST LOUIS,ST LOUIS
ST. LOUIS - 000336,83,1.0000000000,2.0000000000,2.0000000000,0,ST LOUIS,ST LOUIS
ST. LOUIS - 000337,83,1.0000000000,2.0000000000,2.0000000000,0,ST LOUIS,ST LOUIS
ST. LOUIS - 000338,83,1.0000000000,10.0000000000,10.0000000000,0,ST LOUIS,ST LOUIS
ST. LOUIS - 000339,83,1.0000000000,1.0000000000,1.0000000000,0,ST LOUIS,ST LOUIS
ST. LOUIS - 000340,83,1.0000000000,9.0000000000,9.0000000000,0,ST LOUIS,ST LOUIS
ST. LOUIS - 000341,83,1.0000000000,7.0000000000,7.0000000000,0,ST LOUIS,ST LOUIS
ST. LOUIS - 000342,83,1.0000000000,6.0000000000,6.0000000000,0,ST LOUIS,ST LOUIS
ST. LOUIS - 000343,83,1.0000000000,1.0000000000,1.0000000000,0,ST LOUIS,ST LOUIS
ST. LOUIS - 000344,91,0.9998970318,16.9982495405,17.0000000000,0,ST LOUIS,ST LOUIS
ST. LOUIS - 000344,99,0.0001029682,0.0017504595,17.0000000000,0,ST LOUIS,ST LOUIS
ST. LOUIS - 000345,93,1.0000000000,13.0000000000,13.0000000000,0,ST LOUIS,ST LOUIS
ST. LOUIS - 000346,93,1.0000000000,32.0000000000,32.0000000000,0,ST LOUIS,ST LOUIS
ST. LOUIS - 000347,81,0.0175504205,0.2983571477,17.0000000000,0,ST LOUIS,ST LOUIS
ST. LOUIS - 000347,93,0.9824495795,16.7016428523,17.0000000000,0,ST LOUIS,ST LOUIS
ST. LOUIS - 000348,92,1.0000000000,20.0000000000,20.0000000000,0,ST LOUIS,ST LOUIS
ST. LOUIS - 000349,93,1.0000000000,21.0000000000,21.0000000000,0,ST LOUIS,ST LOUIS
ST. LOUIS - 000350,92,0.8384012082,5.8688084571,7.0000000000,0,ST LOUIS,ST LOUIS
ST. LOUIS - 000350,93,0.1615987918,1.1311915429,7.0000000000,0,ST LOUIS,ST LOUIS
ST. LOUIS - 000351,93,1.0000000000,3.0000000000,3.0000000000,0,ST LOUIS,ST LOUIS
ST. LOUIS - 000352,92,1.0000000000,12.0000000000,12.0000000000,0,ST LOUIS,ST LOUIS
ST. LOUIS - 000353,92,1.0000000000,24.0000000000,24.0000000000,0,ST LOUIS,ST LOUIS
ST. LOUIS - 000354,92,1.0000000000,7.0000000000,7.0000000000,0,ST LOUIS,ST LOUIS
ST. LOUIS - 000355,92,1.0000000000,12.0000000000,12.0000000000,0,ST LOUIS,ST LOUIS
ST. LOUIS - 000356,92,0.9230769231,12.0000000000,13.0000000000,0,ST LOUIS,ST LOUIS
ST. LOUIS - 000356,94,0.0769230769,1.0000000000,13.0000000000,0,ST LOUIS,ST LOUIS
ST. LOUIS - 000357,96,1.0000000000,7.0000000000,7.0000000000,0,ST LOUIS,ST LOUIS
ST. LOUIS - 000358,92,1.0000000000,9.0000000000,9.0000000000,0,ST LOUIS,ST LOUIS
ST. LOUIS - 000359,92,1.0000000000,5.0000000000,5.0000000000,0,ST LOUIS,ST LOUIS
ST. LOUIS - 000360,92,0.7727272727,17.0000000000,22.0000000000,0,ST LOUIS,ST LOUIS
ST. LOUIS - 000360,94,0.2272727273,5.0000000000,22.0000000000,0,ST LOUIS,ST LOUIS
ST. LOUIS - 000361,92,0.0833333333,1.0000000000,12.0000000000,0,ST LOUIS,ST LOUIS
ST. LOUIS - 000361,93,0.9166666667,11.0000000000,12.0000000000,0,ST LOUIS,ST LOUIS
ST. LOUIS - 000362,92,1.0000000000,24.0000000000,24.0000000000,0,ST LOUIS,ST LOUIS
ST. LOUIS - 000363,92,0.4000000000,2.0000000000,5.0000000000,0,ST LOUIS,ST LOUIS
ST. LOUIS - 000363,93,0.6000000000,3.0000000000,5.0000000000,0,ST LOUIS,ST LOUIS
ST. LOUIS - 000364,93,1.0000000000,4.0000000000,4.0000000000,0,ST LOUIS,ST LOUIS
ST. LOUIS - 000365,92,1.0000000000,20.0000000000,20.0000000000,0,ST LOUIS,ST LOUIS
ST. LOUIS - 000366,91,0.0364973896,0.5109634551,14.0000000000,0,ST LOUIS,ST LOUIS
ST. LOUIS - 000366,92,0.9635026103,13.4890365449,14.0000000000,0,ST LOUIS,ST LOUIS
ST. LOUIS - 000367,91,0.8031776913,1.6063553826,2.0000000000,0,ST LOUIS,ST LOUIS
ST. LOUIS - 000367,92,0.1968223087,0.3936446174,2.0000000000,0,ST LOUIS,ST LOUIS
ST. LOUIS - 000368,96,1.0000000000,5.0000000000,5.0000000000,0,ST LOUIS,ST LOUIS
ST. LOUIS - 000369,96,1.0000000000,14.9999999999,14.9999999999,0,ST LOUIS,ST LOUIS
ST. LOUIS - 000370,92,1.0000000000,7.0000000000,7.0000000000,0,ST LOUIS,ST LOUIS
ST. LOUIS - 000371,92,1.0000000000,5.0000000000,5.0000000000,0,ST LOUIS,ST LOUIS
ST. LOUIS - 000372,96,1.0000000000,7.0000000000,7.0000000000,0,ST LOUIS,ST LOUIS
ST. LOUIS - 000373,91,0.3750000000,6.0000000000,16.0000000000,0,ST LOUIS,ST LOUIS
ST. LOUIS - 000373,92,0.6250000000,10.0000000000,16.0000000000,0,ST LOUIS,ST LOUIS
ST. LOUIS - 000374,92,1.0000000000,18.0000000000,18.0000000000,0,ST LOUIS,ST LOUIS
ST. LOUIS - 000375,92,1.0000000000,4.0000000000,4.0000000000,0,ST LOUIS,ST LOUIS
ST. LOUIS - 000376,92,1.0000000000,12.0000000000,12.0000000000,0,ST LOUIS,ST LOUIS
ST. LOUIS - 000377,93,1.0000000000,2.0000000000,2.0000000000,0,ST LOUIS,ST LOUIS
ST. LOUIS - 000378,92,1.0000000000,9.0000000000,9.0000000000,0,ST LOUIS,ST LOUIS
ST. LOUIS - 000379,93,1.0000000000,11.0000000000,11.0000000000,0,ST LOUIS,ST LOUIS
ST. LOUIS - 000380,92,1.0000000000,10.0000000000,10.0000000000,0,ST LOUIS,ST LOUIS
ST. LOUIS - 000381,92,1.0000000000,5.0000000000,5.0000000000,0,ST LOUIS,ST LOUIS
ST. LOUIS - 000382,91,0.7977756534,4.7866539203,6.0000000000,0,ST LOUIS,ST LOUIS
ST. LOUIS - 000382,92,0.2022243466,1.2133460797,6.0000000000,0,ST LOUIS,ST LOUIS
ST. LOUIS - 000383,92,1.0000000000,11.0000000000,11.0000000000,0,ST LOUIS,ST LOUIS
ST. LOUIS - 000384,92,0.2500000000,1.0000000000,4.0000000000,0,ST LOUIS,ST LOUIS
ST. LOUIS - 000384,93,0.7500000000,3.0000000000,4.0000000000,0,ST LOUIS,ST LOUIS
ST. LOUIS - 000385,93,1.0000000000,5.0000000000,5.0000000000,0,ST LOUIS,ST LOUIS
ST. LOUIS - 000386,92,1.0000000000,10.0000000000,10.0000000000,0,ST LOUIS,ST LOUIS
ST. LOUIS - 000387,92,1.0000000000,18.0000000000,18.0000000000,0,ST LOUIS,ST LOUIS
ST. LOUIS - 000388,92,1.0000000000,5.0000000000,5.0000000000,0,ST LOUIS,ST LOUIS
ST. LOUIS - 000389,92,1.0000000000,2.0000000000,2.0000000000,0,ST LOUIS,ST LOUIS
ST. LOUIS - 000390,96,1.0000000000,9.0000000000,9.0000000000,0,ST LOUIS,ST LOUIS
ST. LOUIS - 000391,92,1.0000000000,7.0000000000,7.0000000000,0,ST LOUIS,ST LOUIS
ST. LOUIS - 000392,96,1.0000000000,3.0000000000,3.0000000000,0,ST LOUIS,ST LOUIS
ST. LOUIS - 000393,92,1.0000000000,5.0000000000,5.0000000000,0,ST LOUIS,ST LOUIS
ST. LOUIS - 000394,92,1.0000000000,12.0000000000,12.0000000000,0,ST LOUIS,ST LOUIS
ST. LOUIS - 000395,96,1.0000000000,3.0000000000,3.0000000000,0,ST LOUIS,ST LOUIS
ST. LOUIS - 000396,92,1.0000000000,2.0000000000,2.0000000000,0,ST LOUIS,ST LOUIS
ST. LOUIS - 000397,92,1.0000000000,3.0000000000,3.0000000000,0,ST LOUIS,ST LOUIS
ST. LOUIS - 000398,92,1.0000000000,5.0000000000,5.0000000000,0,ST LOUIS,ST LOUIS
ST. LOUIS - 000399,92,1.0000000000,1.0000000000,1.0000000000,0,ST LOUIS,ST LOUIS
ST. LOUIS - 000400,92,1.0000000000,5.0000000000,5.0000000000,0,ST LOUIS,ST LOUIS
ST. LOUIS - 000401,92,0.3333333333,2.0000000000,6.0000000000,0,ST LOUIS,ST LOUIS
ST. LOUIS - 000401,94,0.6666666667,4.0000000000,6.0000000000,0,ST LOUIS,ST LOUIS
ST. LOUIS - 000402,68,0.1000000000,2.0000000000,20.0000000000,0,ST LOUIS,ST LOUIS
ST. LOUIS - 000402,70,0.8865829825,17.7316596504,20.0000000000,0,ST LOUIS,ST LOUIS
ST. LOUIS - 000402,73,0.0134170175,0.2683403496,20.0000000000,0,ST LOUIS,ST LOUIS
ST. LOUIS - 000403,73,1.0000000000,21.0000000000,21.0000000000,0,ST LOUIS,ST LOUIS
ST. LOUIS - 000404,68,0.9745772777,3.8983091108,4.0000000000,0,ST LOUIS,ST LOUIS
ST. LOUIS - 000404,70,0.0254227223,0.1016908892,4.0000000000,0,ST LOUIS,ST LOUIS
ST. LOUIS - 000405,85,1.0000000000,16.0000000000,16.0000000000,0,ST LOUIS,ST LOUIS
ST. LOUIS - 000406,68,0.0603454827,1.9310554480,32.0000000000,0,ST LOUIS,ST LOUIS
ST. LOUIS - 000406,73,0.8953232058,28.6503425852,32.0000000000,0,ST LOUIS,ST LOUIS
ST. LOUIS - 000406,85,0.0443313115,1.4186019668,32.0000000000,0,ST LOUIS,ST LOUIS
ST. LOUIS - 000407,85,1.0000000000,12.0000000000,12.0000000000,0,ST LOUIS,ST LOUIS
ST. LOUIS - 000408,85,1.0000000000,10.0000000000,10.0000000000,0,ST LOUIS,ST LOUIS
ST. LOUIS - 000409,85,1.0000000000,22.0000000000,22.0000000000,0,ST LOUIS,ST LOUIS
ST. LOUIS - 000410,73,0.0058342192,0.0525079732,9.0000000000,0,ST LOUIS,ST LOUIS
ST. LOUIS - 000410,85,0.9941657808,8.9474920268,9.0000000000,0,ST LOUIS,ST LOUIS
ST. LOUIS - 000411,85,1.0000000000,4.0000000000,4.0000000000,0,ST LOUIS,ST LOUIS
ST. LOUIS - 000412,68,0.9458639962,9.4586399625,10.0000000000,0,ST LOUIS,ST LOUIS
ST. LOUIS - 000412,70,0.0541360037,0.5413600375,10.0000000000,0,ST LOUIS,ST LOUIS
ST. LOUIS - 000413,73,1.0000000000,14.0000000000,14.0000000000,0,ST LOUIS,ST LOUIS
ST. LOUIS - 000414,68,0.9994813909,5.9968883451,6.0000000000,0,ST LOUIS,ST LOUIS
ST. LOUIS - 000414,73,0.0005186092,0.0031116549,6.0000000000,0,ST LOUIS,ST LOUIS
ST. LOUIS - 000415,85,1.0000000000,3.0000000000,3.0000000000,0,ST LOUIS,ST LOUIS
ST. LOUIS - 000416,68,1.0000000000,11.0000000000,11.0000000000,0,ST LOUIS,ST LOUIS
ST. LOUIS - 000417,75,1.0000000000,2.0000000000,2.0000000000,0,ST LOUIS,ST LOUIS
ST. LOUIS - 000418,75,1.0000000000,7.0000000000,7.0000000000,0,ST LOUIS,ST LOUIS
ST. LOUIS - 000419,75,1.0000000000,8.0000000000,8.0000000000,0,ST LOUIS,ST LOUIS
ST. LOUIS - 000420,75,1.0000000000,28.0000000000,28.0000000000,0,ST LOUIS,ST LOUIS
ST. LOUIS - 000421,73,1.0000000000,5.0000000000,5.0000000000,0,ST LOUIS,ST LOUIS
ST. LOUIS - 000422,73,1.0000000000,5.0000000000,5.0000000000,0,ST LOUIS,ST LOUIS
ST. LOUIS - 000423,68,1.0000000000,15.9999999999,15.9999999999,0,ST LOUIS,ST LOUIS
ST. LOUIS - 000424,68,0.9976280102,15.9620481635,16.0000000000,0,ST LOUIS,ST LOUIS
ST. LOUIS - 000424,70,0.0003596074,0.0057537183,16.0000000000,0,ST LOUIS,ST LOUIS
ST. LOUIS - 000424,73,0.0020123824,0.0321981182,16.0000000000,0,ST LOUIS,ST LOUIS
ST. LOUIS - 000425,68,0.0031285232,0.1032412670,33.0000000000,0,ST LOUIS,ST LOUIS
ST. LOUIS - 000425,70,0.9907245216,32.6939092143,33.0000000000,0,ST LOUIS,ST LOUIS
ST. LOUIS - 000425,73,0.0061469551,0.2028495187,33.0000000000,0,ST LOUIS,ST LOUIS
ST. LOUIS - 000426,85,1.0000000000,2.0000000000,2.0000000000,0,ST LOUIS,ST LOUIS
ST. LOUIS - 000427,70,1.0000000000,4.0000000000,4.0000000000,0,ST LOUIS,ST LOUIS
ST. LOUIS - 000428,68,0.6666666667,8.0000000000,12.0000000000,0,ST LOUIS,ST LOUIS
ST. LOUIS - 000428,73,0.3333333333,4.0000000000,12.0000000000,0,ST LOUIS,ST LOUIS
ST. LOUIS - 000429,85,1.0000000000,6.0000000000,6.0000000000,0,ST LOUIS,ST LOUIS
ST. LOUIS - 000430,67,0.0833333333,1.0000000000,12.0000000000,0,ST LOUIS,ST LOUIS
ST. LOUIS - 000430,73,0.9166666667,11.0000000000,12.0000000000,0,ST LOUIS,ST LOUIS
ST. LOUIS - 000431,85,1.0000000000,11.0000000000,11.0000000000,0,ST LOUIS,ST LOUIS
ST. LOUIS - 000432,73,1.0000000000,1.0000000000,1.0000000000,0,ST LOUIS,ST LOUIS
ST. LOUIS - 000433,73,1.0000000000,7.0000000000,7.0000000000,0,ST LOUIS,ST LOUIS
ST. LOUIS - 000434,73,1.0000000000,7.0000000000,7.0000000000,0,ST LOUIS,ST LOUIS
ST. LOUIS - 000435,73,1.0000000000,10.0000000000,10.0000000000,0,ST LOUIS,ST LOUIS
ST. LOUIS - 000436,73,1.0000000000,16.0000000000,16.0000000000,0,ST LOUIS,ST LOUIS
ST. LOUIS - 000437,73,1.0000000000,7.0000000000,7.0000000000,0,ST LOUIS,ST LOUIS
ST. LOUIS - 000438,68,0.8235294118,28.0000000000,34.0000000000,0,ST LOUIS,ST LOUIS
ST. LOUIS - 000438,73,0.1764705882,6.0000000000,34.0000000000,0,ST LOUIS,ST LOUIS
ST. LOUIS - 000439,73,1.0000000000,9.0000000000,9.0000000000,0,ST LOUIS,ST LOUIS
ST. LOUIS - 000440,68,1.0000000000,5.0000000000,5.0000000000,0,ST LOUIS,ST LOUIS
ST. LOUIS - 000441,73,1.0000000000,12.0000000000,12.0000000000,0,ST LOUIS,ST LOUIS
ST. LOUIS - 000442,68,1.0000000000,15.0000000000,15.0000000000,0,ST LOUIS,ST LOUIS
ST. LOUIS - 000443,66,0.1037877648,1.2454531778,12.0000000001,0,ST LOUIS,ST LOUIS
ST. LOUIS - 000443,67,0.8962122352,10.7545468223,12.0000000001,0,ST LOUIS,ST LOUIS
ST. LOUIS - 000444,85,1.0000000000,31.0000000000,31.0000000000,0,ST LOUIS,ST LOUIS
ST. LOUIS - 000445,68,0.3643858203,2.9150865622,8.0000000000,0,ST LOUIS,ST LOUIS
ST. LOUIS - 000445,73,0.6356141797,5.0849134378,8.0000000000,0,ST LOUIS,ST LOUIS
ST. LOUIS - 000446,68,0.6976180979,9.7666533706,14.0000000000,0,ST LOUIS,ST LOUIS
ST. LOUIS - 000446,73,0.3023819021,4.2333466294,14.0000000000,0,ST LOUIS,ST LOUIS
ST. LOUIS - 000447,68,1.0000000000,1.0000000000,1.0000000000,0,ST LOUIS,ST LOUIS
ST. LOUIS - 000448,73,1.0000000000,5.0000000000,5.0000000000,0,ST LOUIS,ST LOUIS
ST. LOUIS - 000449,68,1.0000000000,4.0000000000,4.0000000000,0,ST LOUIS,ST LOUIS
ST. LOUIS - 000450,85,1.0000000000,4.0000000000,4.0000000000,0,ST LOUIS,ST LOUIS
ST. LOUIS - 000451,68,1.0000000000,9.0000000000,9.0000000000,0,ST LOUIS,ST LOUIS
ST. LOUIS - 000452,68,1.0000000000,2.0000000000,2.0000000000,0,ST LOUIS,ST LOUIS
ST. LOUIS - 000453,68,1.0000000000,3.0000000000,3.0000000000,0,ST LOUIS,ST LOUIS
ST. LOUIS - 000454,66,1.0000000000,2.0000000000,2.0000000000,0,ST LOUIS,ST LOUIS
ST. LOUIS - 000455,75,1.0000000000,13.0000000000,13.0000000000,0,ST LOUIS,ST LOUIS
ST. LOUIS - 000456,75,1.0000000000,9.0000000000,9.0000000000,0,ST LOUIS,ST LOUIS
ST. LOUIS - 000457,68,1.0000000000,15.0000000000,15.0000000000,0,ST LOUIS,ST LOUIS
ST. LOUIS - 000458,68,1.0000000000,23.0000000000,23.0000000000,0,ST LOUIS,ST LOUIS
ST. LOUIS - 000459,68,1.0000000000,4.0000000000,4.0000000000,0,ST LOUIS,ST LOUIS
ST. LOUIS - 000460,68,1.0000000000,17.0000000000,17.0000000000,0,ST LOUIS,ST LOUIS
ST. LOUIS - 000461,68,1.0000000000,7.0000000000,7.0000000000,0,ST LOUIS,ST LOUIS
ST. LOUIS - 000462,68,0.7894736842,15.0000000000,19.0000000000,0,ST LOUIS,ST LOUIS
ST. LOUIS - 000462,70,0.2105263158,4.0000000000,19.0000000000,0,ST LOUIS,ST LOUIS
ST. LOUIS - 000463,75,1.0000000000,18.9999999999,18.9999999999,0,ST LOUIS,ST LOUIS
ST. LOUIS - 000464,75,1.0000000000,15.0000000000,15.0000000000,0,ST LOUIS,ST LOUIS
ST. LOUIS - 000465,68,0.4166666667,5.0000000000,12.0000000000,0,ST LOUIS,ST LOUIS
ST. LOUIS - 000465,75,0.5833333333,7.0000000000,12.0000000000,0,ST LOUIS,ST LOUIS
ST. LOUIS - 000466,75,1.0000000000,37.0000000000,37.0000000000,0,ST LOUIS,ST LOUIS
ST. LOUIS - 000467,68,1.0000000000,6.0000000000,6.0000000000,0,ST LOUIS,ST LOUIS
ST. LOUIS - 000468,68,0.8846153846,23.0000000000,26.0000000000,0,ST LOUIS,ST LOUIS
ST. LOUIS - 000468,75,0.1153846154,3.0000000000,26.0000000000,0,ST LOUIS,ST LOUIS
ST. LOUIS - 000469,68,0.9500000000,19.0000000000,20.0000000000,0,ST LOUIS,ST LOUIS
ST. LOUIS - 000469,75,0.0500000000,1.0000000000,20.0000000000,0,ST LOUIS,ST LOUIS
ST. LOUIS - 000470,75,1.0000000000,7.0000000000,7.0000000000,0,ST LOUIS,ST LOUIS
ST. LOUIS - 000471,68,1.0000000000,22.0000000000,22.0000000000,0,ST LOUIS,ST LOUIS
ST. LOUIS - 000472,75,1.0000000000,8.0000000000,8.0000000000,0,ST LOUIS,ST LOUIS
ST. LOUIS - 000473,75,1.0000000000,19.0000000000,19.0000000000,0,ST LOUIS,ST LOUIS
ST. LOUIS - 000474,68,1.0000000000,12.0000000000,12.0000000000,0,ST LOUIS,ST LOUIS
ST. LOUIS - 000475,75,1.0000000000,12.0000000000,12.0000000000,0,ST LOUIS,ST LOUIS
ST. LOUIS - 000476,68,0.8571428571,6.0000000000,7.0000000000,0,ST LOUIS,ST LOUIS
ST. LOUIS - 000476,75,0.1428571429,1.0000000000,7.0000000000,0,ST LOUIS,ST LOUIS
ST. LOUIS - 000477,68,0.6190476190,13.0000000000,21.0000000000,0,ST LOUIS,ST LOUIS
ST. LOUIS - 000477,75,0.3809523810,8.0000000000,21.0000000000,0,ST LOUIS,ST LOUIS
ST. LOUIS - 000478,75,1.0000000000,11.0000000000,11.0000000000,0,ST LOUIS,ST LOUIS
ST. LOUIS - 000479,68,1.0000000000,5.0000000000,5.0000000000,0,ST LOUIS,ST LOUIS
ST. LOUIS - 000480,75,1.0000000000,14.0000000000,14.0000000000,0,ST LOUIS,ST LOUIS
ST. LOUIS - 000481,75,1.0000000000,5.0000000000,5.0000000000,0,ST LOUIS,ST LOUIS
ST. LOUIS - 000482,75,1.0000000000,9.0000000000,9.0000000000,0,ST LOUIS,ST LOUIS
ST. LOUIS - 000483,68,1.0000000000,2.0000000000,2.0000000000,0,ST LOUIS,ST LOUIS
ST. LOUIS - 000484,68,0.0037651379,0.1016587229,27.0000000000,0,ST LOUIS,ST LOUIS
ST. LOUIS - 000484,70,0.9962348621,26.8983412771,27.0000000000,0,ST LOUIS,ST LOUIS
ST. LOUIS - 000485,68,0.4545454545,5.0000000000,11.0000000000,0,ST LOUIS,ST LOUIS
ST. LOUIS - 000485,75,0.5454545455,6.0000000000,11.0000000000,0,ST LOUIS,ST LOUIS
ST. LOUIS - 000486,68,0.6250000000,5.0000000000,8.0000000000,0,ST LOUIS,ST LOUIS
ST. LOUIS - 000486,75,0.3750000000,3.0000000000,8.0000000000,0,ST LOUIS,ST LOUIS
ST. LOUIS - 000487,75,1.0000000000,23.0000000000,23.0000000000,0,ST LOUIS,ST LOUIS
ST. LOUIS - 000488,68,1.0000000000,17.0000000000,17.0000000000,0,ST LOUIS,ST LOUIS
ST. LOUIS - 000489,70,1.0000000000,4.0000000000,4.0000000000,0,ST LOUIS,ST LOUIS
ST. LOUIS - 000490,70,1.0000000000,22.0000000000,22.0000000000,0,ST LOUIS,ST LOUIS
ST. LOUIS - 000491,68,1.0000000000,16.0000000000,16.0000000000,0,ST LOUIS,ST LOUIS
ST. LOUIS - 000492,75,1.0000000000,11.0000000000,11.0000000000,0,ST LOUIS,ST LOUIS
ST. LOUIS - 000493,68,1.0000000000,7.0000000000,7.0000000000,0,ST LOUIS,ST LOUIS
ST. LOUIS - 000494,75,1.0000000000,1.0000000000,1.0000000000,0,ST LOUIS,ST LOUIS
ST. LOUIS - 000495,75,1.0000000000,10.0000000000,10.0000000000,0,ST LOUIS,ST LOUIS
ST. LOUIS - 000496,75,1.0000000000,1.0000000000,1.0000000000,0,ST LOUIS,ST LOUIS
ST. LOUIS - 000497,75,1.0000000000,1.0000000000,1.0000000000,0,ST LOUIS,ST LOUIS
ST. LOUIS - 000498,68,0.5000000000,1.0000000000,2.0000000000,0,ST LOUIS,ST LOUIS
ST. LOUIS - 000498,75,0.5000000000,1.0000000000,2.0000000000,0,ST LOUIS,ST LOUIS
ST. LOUIS - 000499,75,1.0000000000,3.0000000000,3.0000000000,0,ST LOUIS,ST LOUIS
ST. LOUIS - 000500,70,1.0000000000,1.0000000000,1.0000000000,0,ST LOUIS,ST LOUIS
ST. LOUIS - 000501,68,0.3333333333,1.0000000000,3.0000000000,0,ST LOUIS,ST LOUIS
ST. LOUIS - 000501,75,0.6666666667,2.0000000000,3.0000000000,0,ST LOUIS,ST LOUIS
ST. LOUIS - 000502,68,0.1111111111,1.0000000000,9.0000000000,0,ST LOUIS,ST LOUIS
ST. LOUIS - 000502,70,0.8888888889,8.0000000000,9.0000000000,0,ST LOUIS,ST LOUIS
ST. LOUIS - 000503,96,1.0000000000,8.0000000000,8.0000000000,0,ST LOUIS,ST LOUIS
ST. LOUIS - 000504,90,1.0000000000,18.0000000000,18.0000000000,0,ST LOUIS,ST LOUIS
ST. LOUIS - 000505,96,1.0000000000,10.0000000000,10.0000000000,0,ST LOUIS,ST LOUIS
ST. LOUIS - 000506,90,0.0357142857,1.0000000000,28.0000000000,0,ST LOUIS,ST LOUIS
ST. LOUIS - 000506,96,0.9642857143,27.0000000000,28.0000000000,0,ST LOUIS,ST LOUIS
ST. LOUIS - 000507,96,1.0000000000,17.0000000000,17.0000000000,0,ST LOUIS,ST LOUIS
ST. LOUIS - 000508,91,0.0571428571,2.0000000000,35.0000000000,0,ST LOUIS,ST LOUIS
ST. LOUIS - 000508,96,0.9428571429,33.0000000000,35.0000000000,0,ST LOUIS,ST LOUIS
ST. LOUIS - 000509,92,1.0000000000,16.0000000000,16.0000000000,0,ST LOUIS,ST LOUIS
ST. LOUIS - 000510,96,1.0000000000,9.0000000000,9.0000000000,0,ST LOUIS,ST LOUIS
ST. LOUIS - 000511,96,1.0000000000,10.0000000001,10.0000000001,0,ST LOUIS,ST LOUIS
ST. LOUIS - 000512,96,1.0000000000,8.0000000000,8.0000000000,0,ST LOUIS,ST LOUIS
ST. LOUIS - 000513,96,1.0000000000,12.0000000000,12.0000000000,0,ST LOUIS,ST LOUIS
ST. LOUIS - 000514,96,1.0000000000,3.0000000000,3.0000000000,0,ST LOUIS,ST LOUIS
ST. LOUIS - 000515,91,0.0431134908,0.2586809451,6.0000000000,0,ST LOUIS,ST LOUIS
ST. LOUIS - 000515,96,0.9568865091,5.7413190549,6.0000000000,0,ST LOUIS,ST LOUIS
ST. LOUIS - 000516,96,1.0000000000,1.0000000000,1.0000000000,0,ST LOUIS,ST LOUIS
ST. LOUIS - 000517,83,0.4166666667,5.0000000000,12.0000000000,0,ST LOUIS,ST LOUIS
ST. LOUIS - 000517,91,0.5833333333,7.0000000000,12.0000000000,0,ST LOUIS,ST LOUIS
ST. LOUIS - 000518,83,0.8571428571,6.0000000000,7.0000000000,0,ST LOUIS,ST LOUIS
ST. LOUIS - 000518,92,0.1428571429,1.0000000000,7.0000000000,0,ST LOUIS,ST LOUIS
ST. LOUIS - 000519,96,1.0000000000,21.0000000000,21.0000000000,0,ST LOUIS,ST LOUIS
ST. LOUIS - 000520,91,1.0000000000,9.0000000000,9.0000000000,0,ST LOUIS,ST LOUIS
ST. LOUIS - 000521,83,0.2222222222,4.0000000000,18.0000000000,0,ST LOUIS,ST LOUIS
ST. LOUIS - 000521,92,0.7777777778,14.0000000000,18.0000000000,0,ST LOUIS,ST LOUIS
ST. LOUIS - 000522,83,0.6666666667,4.0000000000,6.0000000000,0,ST LOUIS,ST LOUIS
ST. LOUIS - 000522,92,0.3333333333,2.0000000000,6.0000000000,0,ST LOUIS,ST LOUIS
ST. LOUIS - 000523,92,1.0000000000,13.0000000000,13.0000000000,0,ST LOUIS,ST LOUIS
ST. LOUIS - 000524,83,1.0000000000,17.0000000000,17.0000000000,0,ST LOUIS,ST LOUIS
ST. LOUIS - 000525,83,0.1000000000,1.0000000000,10.0000000000,0,ST LOUIS,ST LOUIS
ST. LOUIS - 000525,92,0.9000000000,9.0000000000,10.0000000000,0,ST LOUIS,ST LOUIS
ST. LOUIS - 000526,96,1.0000000000,1.0000000000,1.0000000000,0,ST LOUIS,ST LOUIS
ST. LOUIS - 000527,92,1.0000000000,25.0000000000,25.0000000000,0,ST LOUIS,ST LOUIS
ST. LOUIS - 000528,96,1.0000000000,10.0000000000,10.0000000000,0,ST LOUIS,ST LOUIS
ST. LOUIS - 000529,96,1.0000000000,14.0000000000,14.0000000000,0,ST LOUIS,ST LOUIS
ST. LOUIS - 000530,96,1.0000000000,10.0000000000,10.0000000000,0,ST LOUIS,ST LOUIS
ST. LOUIS - 000531,91,1.0000000000,7.0000000000,7.0000000000,0,ST LOUIS,ST LOUIS
ST. LOUIS - 000532,83,0.4285714286,9.0000000000,21.0000000000,0,ST LOUIS,ST LOUIS
ST. LOUIS - 000532,92,0.5714285714,12.0000000000,21.0000000000,0,ST LOUIS,ST LOUIS
ST. LOUIS - 000533,96,1.0000000000,2.0000000000,2.0000000000,0,ST LOUIS,ST LOUIS
ST. LOUIS - 000534,91,1.0000000000,7.0000000000,7.0000000000,0,ST LOUIS,ST LOUIS
ST. LOUIS - 000535,83,0.2500000000,2.0000000000,8.0000000000,0,ST LOUIS,ST LOUIS
ST. LOUIS - 000535,91,0.7500000000,6.0000000000,8.0000000000,0,ST LOUIS,ST LOUIS
ST. LOUIS - 000536,91,1.0000000000,11.0000000000,11.0000000000,0,ST LOUIS,ST LOUIS
ST. LOUIS - 000537,96,1.0000000000,9.0000000000,9.0000000000,0,ST LOUIS,ST LOUIS
ST. LOUIS - 000538,91,1.0000000000,7.0000000000,7.0000000000,0,ST LOUIS,ST LOUIS
ST. LOUIS - 000539,82,0.0155448319,0.2798069743,18.0000000000,0,ST LOUIS,ST LOUIS
ST. LOUIS - 000539,83,0.9844551681,17.7201930257,18.0000000000,0,ST LOUIS,ST LOUIS
ST. LOUIS - 000540,82,0.0474865842,0.1899463368,4.0000000000,0,ST LOUIS,ST LOUIS
ST. LOUIS - 000540,83,0.9525134158,3.8100536632,4.0000000000,0,ST LOUIS,ST LOUIS
ST. LOUIS - 000541,83,1.0000000000,2.0000000000,2.0000000000,0,ST LOUIS,ST LOUIS
ST. LOUIS - 000542,96,1.0000000000,14.0000000000,14.0000000000,0,ST LOUIS,ST LOUIS
ST. LOUIS - 000543,91,1.0000000000,18.0000000000,18.0000000000,0,ST LOUIS,ST LOUIS
ST. LOUIS - 000544,91,1.0000000000,2.0000000000,2.0000000000,0,ST LOUIS,ST LOUIS
ST. LOUIS - 000545,91,1.0000000000,20.0000000000,20.0000000000,0,ST LOUIS,ST LOUIS
ST. LOUIS - 000546,96,1.0000000000,6.0000000000,6.0000000000,0,ST LOUIS,ST LOUIS
ST. LOUIS - 000547,96,1.0000000000,10.0000000000,10.0000000000,0,ST LOUIS,ST LOUIS
ST. LOUIS - 000548,96,1.0000000000,4.0000000000,4.0000000000,0,ST LOUIS,ST LOUIS
ST. LOUIS - 000549,96,1.0000000000,19.0000000000,19.0000000000,0,ST LOUIS,ST LOUIS
ST. LOUIS - 000550,91,1.0000000000,9.0000000000,9.0000000000,0,ST LOUIS,ST LOUIS
ST. LOUIS - 000551,96,1.0000000000,13.0000000000,13.0000000000,0,ST LOUIS,ST LOUIS
ST. LOUIS - 000552,91,1.0000000000,5.0000000000,5.0000000000,0,ST LOUIS,ST LOUIS
ST. LOUIS - 000553,96,1.0000000000,3.0000000000,3.0000000000,0,ST LOUIS,ST LOUIS
ST. LOUIS - 000554,96,1.0000000000,15.0000000000,15.0000000000,0,ST LOUIS,ST LOUIS
ST. LOUIS - 000555,92,1.0000000000,3.0000000000,3.0000000000,0,ST LOUIS,ST LOUIS
ST. LOUIS - 000556,96,1.0000000000,12.0000000000,12.0000000000,0,ST LOUIS,ST LOUIS
ST. LOUIS - 000557,91,1.0000000000,2.0000000000,2.0000000000,0,ST LOUIS,ST LOUIS
ST. LOUIS - 000558,91,1.0000000000,2.0000000000,2.0000000000,0,ST LOUIS,ST LOUIS
ST. LOUIS - 000559,96,1.0000000000,2.0000000000,2.0000000000,0,ST LOUIS,ST LOUIS
ST. LOUIS - 000560,83,1.0000000000,2.0000000000,2.0000000000,0,ST LOUIS,ST LOUIS
ST. LOUIS - 000561,83,1.0000000000,2.0000000000,2.0000000000,0,ST LOUIS,ST LOUIS
ST. LOUIS - 000562,96,1.0000000000,9.0000000000,9.0000000000,0,ST LOUIS,ST LOUIS
ST. LOUIS - 000563,96,1.0000000000,3.0000000000,3.0000000000,0,ST LOUIS,ST LOUIS
ST. LOUIS - 000564,90,0.9965156794,8.9686411150,9.0000000000,0,ST LOUIS,ST LOUIS
ST. LOUIS - 000564,96,0.0034843206,0.0313588850,9.0000000000,0,ST LOUIS,ST LOUIS
ST. LOUIS - 000565,99,1.0000000000,8.0000000000,8.0000000000,0,ST LOUIS,ST LOUIS
ST. LOUIS - 000566,99,1.0000000000,6.0000000000,6.0000000000,0,ST LOUIS,ST LOUIS
ST. LOUIS - 000567,99,1.0000000000,21.0000000000,21.0000000000,0,ST LOUIS,ST LOUIS
ST. LOUIS - 000568,99,1.0000000000,2.0000000000,2.0000000000,0,ST LOUIS,ST LOUIS
ST. LOUIS - 000569,83,0.0500000000,1.0000000000,20.0000000000,0,ST LOUIS,ST LOUIS
ST. LOUIS - 000569,99,0.9500000000,19.0000000000,20.0000000000,0,ST LOUIS,ST LOUIS
ST. LOUIS - 000570,84,0.0228531121,0.4342091300,19.0000000000,0,ST LOUIS,ST LOUIS
ST. LOUIS - 000570,86,0.9771468879,18.5657908700,19.0000000000,0,ST LOUIS,ST LOUIS
ST. LOUIS - 000571,86,1.0000000000,9.0000000000,9.0000000000,0,ST LOUIS,ST LOUIS
ST. LOUIS - 000572,84,0.0017021423,0.0289364199,17.0000000000,0,ST LOUIS,ST LOUIS
ST. LOUIS - 000572,86,0.9982978577,16.9710635801,17.0000000000,0,ST LOUIS,ST LOUIS
ST. LOUIS - 000573,86,1.0000000000,22.0000000000,22.0000000000,0,ST LOUIS,ST LOUIS
ST. LOUIS - 000574,86,1.0000000000,10.0000000000,10.0000000000,0,ST LOUIS,ST LOUIS
ST. LOUIS - 000575,86,1.0000000000,25.0000000000,25.0000000000,0,ST LOUIS,ST LOUIS
ST. LOUIS - 000576,86,1.0000000000,10.0000000000,10.0000000000,0,ST LOUIS,ST LOUIS
ST. LOUIS - 000577,86,1.0000000000,11.0000000000,11.0000000000,0,ST LOUIS,ST LOUIS
ST. LOUIS - 000578,99,1.0000000000,22.0000000000,22.0000000000,0,ST LOUIS,ST LOUIS
ST. LOUIS - 000579,99,1.0000000000,18.0000000000,18.0000000000,0,ST LOUIS,ST LOUIS
ST. LOUIS - 000580,99,1.0000000000,10.0000000000,10.0000000000,0,ST LOUIS,ST LOUIS
ST. LOUIS - 000581,86,1.0000000000,2.0000000000,2.0000000000,0,ST LOUIS,ST LOUIS
ST. LOUIS - 000582,86,1.0000000000,8.0000000000,8.0000000000,0,ST LOUIS,ST LOUIS
ST. LOUIS - 000583,83,1.0000000000,10.0000000000,10.0000000000,0,ST LOUIS,ST LOUIS
ST. LOUIS - 000584,83,0.9833616246,14.7504243694,15.0000000000,0,ST LOUIS,ST LOUIS
ST. LOUIS - 000584,84,0.0166383754,0.2495756306,15.0000000000,0,ST LOUIS,ST LOUIS
ST. LOUIS - 000585,83,1.0000000000,17.0000000000,17.0000000000,0,ST LOUIS,ST LOUIS
ST. LOUIS - 000586,83,0.9552961001,15.2847376011,16.0000000000,0,ST LOUIS,ST LOUIS
ST. LOUIS - 000586,84,0.0447038999,0.7152623989,16.0000000000,0,ST LOUIS,ST LOUIS
ST. LOUIS - 000587,83,1.0000000000,16.0000000000,16.0000000000,0,ST LOUIS,ST LOUIS
ST. LOUIS - 000588,83,1.0000000000,10.0000000000,10.0000000000,0,ST LOUIS,ST LOUIS
ST. LOUIS - 000589,83,1.0000000000,16.0000000000,16.0000000000,0,ST LOUIS,ST LOUIS
ST. LOUIS - 000590,83,1.0000000000,9.0000000000,9.0000000000,0,ST LOUIS,ST LOUIS
ST. LOUIS - 000591,83,1.0000000000,13.0000000000,13.0000000000,0,ST LOUIS,ST LOUIS
ST. LOUIS - 000592,83,0.9845540432,17.7219727775,18.0000000000,0,ST LOUIS,ST LOUIS
ST. LOUIS - 000592,84,0.0154459568,0.2780272225,18.0000000000,0,ST LOUIS,ST LOUIS
ST. LOUIS - 000593,83,1.0000000000,11.0000000000,11.0000000000,0,ST LOUIS,ST LOUIS
ST. LOUIS - 000594,83,1.0000000000,16.0000000000,16.0000000000,0,ST LOUIS,ST LOUIS
ST. LOUIS - 000595,83,1.0000000000,26.9999999999,26.9999999999,0,ST LOUIS,ST LOUIS
ST. LOUIS - 000596,82,0.0017685384,0.0689729982,39.0000000000,0,ST LOUIS,ST LOUIS
ST. LOUIS - 000596,83,0.9956301194,38.8295746585,39.0000000000,0,ST LOUIS,ST LOUIS
ST. LOUIS - 000596,84,0.0026013421,0.1014523433,39.0000000000,0,ST LOUIS,ST LOUIS
ST. LOUIS - 000597,82,0.0003119555,0.0084227988,27.0000000000,0,ST LOUIS,ST LOUIS
ST. LOUIS - 000597,83,0.9996880445,26.9915772012,27.0000000000,0,ST LOUIS,ST LOUIS
ST. LOUIS - 000598,83,1.0000000000,15.0000000000,15.0000000000,0,ST LOUIS,ST LOUIS
ST. LOUIS - 000599,82,0.0405030041,1.1745871188,29.0000000000,0,ST LOUIS,ST LOUIS
ST. LOUIS - 000599,83,0.9594969959,27.8254128812,29.0000000000,0,ST LOUIS,ST LOUIS
ST. LOUIS - 000600,86,1.0000000000,1.0000000000,1.0000000000,0,ST LOUIS,ST LOUIS
ST. LOUIS - 000601,99,1.0000000000,1.0000000000,1.0000000000,0,ST LOUIS,ST LOUIS
ST. LOUIS - 000602,86,1.0000000000,13.0000000000,13.0000000000,0,ST LOUIS,ST LOUIS
ST. LOUIS - 000603,99,1.0000000000,15.0000000000,15.0000000000,0,ST LOUIS,ST LOUIS
ST. LOUIS - 000604,90,1.0000000000,11.0000000000,11.0000000000,0,ST LOUIS,ST LOUIS
ST. LOUIS - 000605,99,1.0000000000,14.0000000000,14.0000000000,0,ST LOUIS,ST LOUIS
ST. LOUIS - 000606,99,1.0000000000,18.0000000000,18.0000000000,0,ST LOUIS,ST LOUIS
ST. LOUIS - 000607,99,1.0000000000,8.0000000000,8.0000000000,0,ST LOUIS,ST LOUIS
ST. LOUIS - 000608,82,0.0082791854,0.0993502249,12.0000000000,0,ST LOUIS,ST LOUIS
ST. LOUIS - 000608,83,0.9917208146,11.9006497751,12.0000000000,0,ST LOUIS,ST LOUIS
ST. LOUIS - 000609,83,0.9091645734,6.3641520136,7.0000000000,0,ST LOUIS,ST LOUIS
ST. LOUIS - 000609,91,0.0908354266,0.6358479864,7.0000000000,0,ST LOUIS,ST LOUIS
ST. LOUIS - 000610,82,0.0199346842,0.2392162105,12.0000000000,0,ST LOUIS,ST LOUIS
ST. LOUIS - 000610,83,0.9800653158,11.7607837895,12.0000000000,0,ST LOUIS,ST LOUIS
ST. LOUIS - 000611,82,0.0017815705,0.0142525638,8.0000000000,0,ST LOUIS,ST LOUIS
ST. LOUIS - 000611,83,0.9982184295,7.9857474362,8.0000000000,0,ST LOUIS,ST LOUIS
ST. LOUIS - 000612,83,1.0000000000,16.0000000000,16.0000000000,0,ST LOUIS,ST LOUIS
ST. LOUIS - 000613,83,1.0000000000,10.0000000000,10.0000000000,0,ST LOUIS,ST LOUIS
ST. LOUIS - 000614,82,0.0000048814,0.0000488142,10.0000000000,0,ST LOUIS,ST LOUIS
ST. LOUIS - 000614,83,0.9999951186,9.9999511858,10.0000000000,0,ST LOUIS,ST LOUIS
ST. LOUIS - 000615,91,1.0000000000,17.0000000000,17.0000000000,0,ST LOUIS,ST LOUIS
ST. LOUIS - 000616,91,1.0000000000,25.0000000000,25.0000000000,0,ST LOUIS,ST LOUIS
ST. LOUIS - 000617,83,1.0000000000,9.0000000000,9.0000000000,0,ST LOUIS,ST LOUIS
ST. LOUIS - 000618,91,1.0000000000,15.0000000000,15.0000000000,0,ST LOUIS,ST LOUIS
ST. LOUIS - 000619,83,1.0000000000,9.0000000000,9.0000000000,0,ST LOUIS,ST LOUIS
ST. LOUIS - 000620,83,0.1551741979,4.6552259381,30.0000000000,0,ST LOUIS,ST LOUIS
ST. LOUIS - 000620,91,0.8448258021,25.3447740619,30.0000000000,0,ST LOUIS,ST LOUIS
ST. LOUIS - 000621,91,1.0000000000,15.0000000000,15.0000000000,0,ST LOUIS,ST LOUIS
ST. LOUIS - 000622,91,1.0000000000,21.0000000000,21.0000000000,0,ST LOUIS,ST LOUIS
ST. LOUIS - 000623,83,1.0000000000,4.0000000000,4.0000000000,0,ST LOUIS,ST LOUIS
ST. LOUIS - 000624,91,1.0000000000,14.0000000000,14.0000000000,0,ST LOUIS,ST LOUIS
ST. LOUIS - 000625,91,1.0000000000,12.0000000000,12.0000000000,0,ST LOUIS,ST LOUIS
ST. LOUIS - 000626,91,1.0000000000,20.0000000000,20.0000000000,0,ST LOUIS,ST LOUIS
ST. LOUIS - 000627,91,1.0000000000,9.0000000000,9.0000000000,0,ST LOUIS,ST LOUIS
ST. LOUIS - 000628,91,1.0000000000,11.0000000000,11.0000000000,0,ST LOUIS,ST LOUIS
ST. LOUIS - 000629,91,1.0000000000,15.0000000000,15.0000000000,0,ST LOUIS,ST LOUIS
ST. LOUIS - 000630,91,1.0000000000,19.0000000000,19.0000000000,0,ST LOUIS,ST LOUIS
ST. LOUIS - 000631,83,1.0000000000,9.0000000000,9.0000000000,0,ST LOUIS,ST LOUIS
ST. LOUIS - 000632,91,1.0000000000,24.0000000000,24.0000000000,0,ST LOUIS,ST LOUIS
ST. LOUIS - 000633,91,1.0000000000,21.0000000000,21.0000000000,0,ST LOUIS,ST LOUIS
ST. LOUIS - 000634,90,0.9991983754,19.9839675075,20.0000000000,0,ST LOUIS,ST LOUIS
ST. LOUIS - 000634,96,0.0008016246,0.0160324925,20.0000000000,0,ST LOUIS,ST LOUIS
ST. LOUIS - 000635,90,0.9995288408,24.9882210197,25.0000000000,0,ST LOUIS,ST LOUIS
ST. LOUIS - 000635,91,0.0004711592,0.0117789803,25.0000000000,0,ST LOUIS,ST LOUIS
ST. LOUIS - 000636,90,1.0000000000,27.0000000000,27.0000000000,0,ST LOUIS,ST LOUIS
ST. LOUIS - 000637,90,1.0000000000,2.0000000000,2.0000000000,0,ST LOUIS,ST LOUIS
ST. LOUIS - 000638,90,1.0000000000,6.0000000000,6.0000000000,0,ST LOUIS,ST LOUIS
ST. LOUIS - 000639,90,1.0000000000,5.0000000000,5.0000000000,0,ST LOUIS,ST LOUIS
ST. LOUIS - 000640,83,1.0000000000,3.0000000000,3.0000000000,0,ST LOUIS,ST LOUIS
ST. LOUIS - 000641,90,1.0000000000,18.0000000000,18.0000000000,0,ST LOUIS,ST LOUIS
ST. LOUIS - 000642,90,0.9947709024,4.9738545120,5.0000000000,0,ST LOUIS,ST LOUIS
ST. LOUIS - 000642,91,0.0052290976,0.0261454880,5.0000000000,0,ST LOUIS,ST LOUIS
ST. LOUIS - 000643,91,1.0000000000,5.0000000000,5.0000000000,0,ST LOUIS,ST LOUIS
ST. LOUIS - 000644,91,1.0000000000,20.0000000000,20.0000000000,0,ST LOUIS,ST LOUIS
ST. LOUIS - 000645,91,1.0000000000,30.0000000000,30.0000000000,0,ST LOUIS,ST LOUIS
ST. LOUIS - 000646,91,1.0000000000,29.0000000000,29.0000000000,0,ST LOUIS,ST LOUIS
ST. LOUIS - 000647,91,1.0000000000,13.0000000000,13.0000000000,0,ST LOUIS,ST LOUIS
ST. LOUIS - 000648,91,1.0000000000,12.0000000000,12.0000000000,0,ST LOUIS,ST LOUIS
ST. LOUIS - 000649,91,1.0000000000,11.0000000000,11.0000000000,0,ST LOUIS,ST LOUIS
ST. LOUIS - 000650,90,0.1176470588,2.0000000000,17.0000000000,0,ST LOUIS,ST LOUIS
ST. LOUIS - 000650,91,0.8823529412,15.0000000000,17.0000000000,0,ST LOUIS,ST LOUIS
ST. LOUIS - 000651,91,1.0000000000,18.0000000000,18.0000000000,0,ST LOUIS,ST LOUIS
ST. LOUIS - 000652,91,1.0000000000,3.0000000000,3.0000000000,0,ST LOUIS,ST LOUIS
ST. LOUIS - 000653,82,0.2034381685,1.0171908424,5.0000000000,0,ST LOUIS,ST LOUIS
ST. LOUIS - 000653,83,0.7965618315,3.9828091576,5.0000000000,0,ST LOUIS,ST LOUIS
ST. LOUIS - 000654,90,0.3333333333,1.0000000000,3.0000000000,0,ST LOUIS,ST LOUIS
ST. LOUIS - 000654,99,0.6666666667,2.0000000000,3.0000000000,0,ST LOUIS,ST LOUIS
ST. LOUIS - 000655,98,1.0000000000,14.0000000000,14.0000000000,0,ST LOUIS,ST LOUIS
ST. LOUIS - 000656,98,0.9714285714,34.0000000000,35.0000000000,0,ST LOUIS,ST LOUIS
ST. LOUIS - 000656,100,0.0285714286,1.0000000000,35.0000000000,0,ST LOUIS,ST LOUIS
ST. LOUIS - 000657,98,1.0000000000,4.0000000000,4.0000000000,0,ST LOUIS,ST LOUIS
ST. LOUIS - 000658,98,0.0588235294,1.0000000000,17.0000000000,0,ST LOUIS,ST LOUIS
ST. LOUIS - 000658,100,0.9411764706,16.0000000000,17.0000000000,0,ST LOUIS,ST LOUIS
ST. LOUIS - 000659,100,1.0000000000,28.0000000000,28.0000000000,0,ST LOUIS,ST LOUIS
ST. LOUIS - 000660,89,1.0000000000,15.9999999999,15.9999999999,0,ST LOUIS,ST LOUIS
ST. LOUIS - 000661,100,1.0000000000,1.0000000000,1.0000000000,0,ST LOUIS,ST LOUIS
ST. LOUIS - 000662,89,0.3333333333,3.0000000000,9.0000000000,0,ST LOUIS,ST LOUIS
ST. LOUIS - 000662,101,0.6666666667,6.0000000000,9.0000000000,0,ST LOUIS,ST LOUIS
ST. LOUIS - 000663,101,1.0000000000,13.0000000000,13.0000000000,0,ST LOUIS,ST LOUIS
ST. LOUIS - 000664,101,1.0000000000,6.9999999999,6.9999999999,0,ST LOUIS,ST LOUIS
ST. LOUIS - 000665,89,1.0000000000,5.0000000000,5.0000000000,0,ST LOUIS,ST LOUIS
ST. LOUIS - 000666,101,1.0000000000,9.0000000000,9.0000000000,0,ST LOUIS,ST LOUIS
ST. LOUIS - 000667,100,1.0000000000,3.0000000000,3.0000000000,0,ST LOUIS,ST LOUIS
ST. LOUIS - 000668,89,1.0000000000,10.0000000000,10.0000000000,0,ST LOUIS,ST LOUIS
ST. LOUIS - 000669,100,1.0000000000,10.0000000000,10.0000000000,0,ST LOUIS,ST LOUIS
ST. LOUIS - 000670,100,1.0000000000,9.0000000000,9.0000000000,0,ST LOUIS,ST LOUIS
ST. LOUIS - 000671,100,1.0000000000,4.0000000000,4.0000000000,0,ST LOUIS,ST LOUIS
ST. LOUIS - 000672,100,1.0000000000,21.0000000000,21.0000000000,0,ST LOUIS,ST LOUIS
ST. LOUIS - 000673,100,1.0000000000,6.0000000000,6.0000000000,0,ST LOUIS,ST LOUIS
ST. LOUIS - 000674,98,0.1250000000,1.0000000000,8.0000000000,0,ST LOUIS,ST LOUIS
ST. LOUIS - 000674,100,0.8750000000,7.0000000000,8.0000000000,0,ST LOUIS,ST LOUIS
ST. LOUIS - 000675,98,0.0001976892,0.0011861353,6.0000000000,0,ST LOUIS,ST LOUIS
ST. LOUIS - 000675,100,0.9998023108,5.9988138647,6.0000000000,0,ST LOUIS,ST LOUIS
ST. LOUIS - 000676,100,1.0000000000,10.0000000000,10.0000000000,0,ST LOUIS,ST LOUIS
ST. LOUIS - 000677,100,1.0000000000,6.0000000000,6.0000000000,0,ST LOUIS,ST LOUIS
ST. LOUIS - 000678,100,1.0000000000,14.0000000000,14.0000000000,0,ST LOUIS,ST LOUIS
ST. LOUIS - 000679,100,1.0000000000,6.0000000000,6.0000000000,0,ST LOUIS,ST LOUIS
ST. LOUIS - 000680,101,1.0000000000,2.0000000000,2.0000000000,0,ST LOUIS,ST LOUIS
ST. LOUIS - 000681,100,1.0000000000,17.0000000000,17.0000000000,0,ST LOUIS,ST LOUIS
ST. LOUIS - 000682,89,0.9792543226,15.6680691614,16.0000000000,0,ST LOUIS,ST LOUIS
ST. LOUIS - 000682,101,0.0207456774,0.3319308386,16.0000000000,0,ST LOUIS,ST LOUIS
ST. LOUIS - 000683,101,1.0000000000,15.0000000000,15.0000000000,0,ST LOUIS,ST LOUIS
ST. LOUIS - 000684,101,1.0000000000,10.0000000000,10.0000000000,0,ST LOUIS,ST LOUIS
ST. LOUIS - 000685,101,1.0000000000,8.0000000000,8.0000000000,0,ST LOUIS,ST LOUIS
ST. LOUIS - 000686,101,1.0000000000,12.0000000000,12.0000000000,0,ST LOUIS,ST LOUIS
ST. LOUIS - 000687,101,1.0000000000,18.0000000000,18.0000000000,0,ST LOUIS,ST LOUIS
ST. LOUIS - 000688,89,0.0038623836,0.0077247672,1.9999999999,0,ST LOUIS,ST LOUIS
ST. LOUIS - 000688,100,0.9899186972,1.9798373944,1.9999999999,0,ST LOUIS,ST LOUIS
ST. LOUIS - 000688,101,0.0062189192,0.0124378383,1.9999999999,0,ST LOUIS,ST LOUIS
ST. LOUIS - 000689,100,1.0000000000,10.0000000000,10.0000000000,0,ST LOUIS,ST LOUIS
ST. LOUIS - 000690,100,1.0000000000,9.0000000000,9.0000000000,0,ST LOUIS,ST LOUIS
ST. LOUIS - 000691,101,1.0000000000,6.0000000000,6.0000000000,0,ST LOUIS,ST LOUIS
ST. LOUIS - 000692,100,1.0000000000,15.0000000000,15.0000000000,0,ST LOUIS,ST LOUIS
ST. LOUIS - 000693,88,0.0185648901,0.3341680212,18.0000000000,0,ST LOUIS,ST LOUIS
ST. LOUIS - 000693,100,0.9814351099,17.6658319788,18.0000000000,0,ST LOUIS,ST LOUIS
ST. LOUIS - 000694,100,1.0000000000,5.0000000000,5.0000000000,0,ST LOUIS,ST LOUIS
ST. LOUIS - 000695,101,1.0000000000,9.0000000000,9.0000000000,0,ST LOUIS,ST LOUIS
ST. LOUIS - 000696,101,1.0000000000,6.0000000000,6.0000000000,0,ST LOUIS,ST LOUIS
ST. LOUIS - 000697,100,1.0000000000,4.0000000000,4.0000000000,0,ST LOUIS,ST LOUIS
ST. LOUIS - 000698,88,0.0025725704,0.0488788367,19.0000000000,0,ST LOUIS,ST LOUIS
ST. LOUIS - 000698,100,0.9966108810,18.9356067391,19.0000000000,0,ST LOUIS,ST LOUIS
ST. LOUIS - 000698,110,0.0008165486,0.0155144242,19.0000000000,0,ST LOUIS,ST LOUIS
ST. LOUIS - 000699,89,0.9930421386,2.9791264159,3.0000000000,0,ST LOUIS,ST LOUIS
ST. LOUIS - 000699,100,0.0069578614,0.0208735841,3.0000000000,0,ST LOUIS,ST LOUIS
ST. LOUIS - 000700,88,1.0000000000,2.0000000000,2.0000000000,0,ST LOUIS,ST LOUIS
ST. LOUIS - 000701,89,0.7500000000,6.0000000000,8.0000000000,0,ST LOUIS,ST LOUIS
ST. LOUIS - 000701,98,0.2061982203,1.6495857625,8.0000000000,0,ST LOUIS,ST LOUIS
ST. LOUIS - 000701,100,0.0438017797,0.3504142375,8.0000000000,0,ST LOUIS,ST LOUIS
ST. LOUIS - 000702,68,1.0000000000,12.0000000000,12.0000000000,0,ST LOUIS,ST LOUIS
ST. LOUIS - 000703,68,0.1764705882,3.0000000000,17.0000000000,0,ST LOUIS,ST LOUIS
ST. LOUIS - 000703,75,0.8235294118,14.0000000000,17.0000000000,0,ST LOUIS,ST LOUIS
ST. LOUIS - 000704,75,1.0000000000,20.0000000000,20.0000000000,0,ST LOUIS,ST LOUIS
ST. LOUIS - 000705,75,1.0000000000,16.0000000000,16.0000000000,0,ST LOUIS,ST LOUIS
ST. LOUIS - 000706,68,1.0000000000,7.0000000000,7.0000000000,0,ST LOUIS,ST LOUIS
ST. LOUIS - 000707,68,1.0000000000,6.0000000000,6.0000000000,0,ST LOUIS,ST LOUIS
ST. LOUIS - 000708,75,1.0000000000,6.0000000000,6.0000000000,0,ST LOUIS,ST LOUIS
ST. LOUIS - 000709,67,0.9000000000,9.0000000000,10.0000000000,0,ST LOUIS,ST LOUIS
ST. LOUIS - 000709,75,0.1000000000,1.0000000000,10.0000000000,0,ST LOUIS,ST LOUIS
ST. LOUIS - 000710,68,1.0000000000,19.0000000000,19.0000000000,0,ST LOUIS,ST LOUIS
ST. LOUIS - 000711,68,1.0000000000,14.0000000000,14.0000000000,0,ST LOUIS,ST LOUIS
ST. LOUIS - 000712,70,1.0000000000,4.0000000000,4.0000000000,0,ST LOUIS,ST LOUIS
ST. LOUIS - 000713,67,1.0000000000,20.0000000000,20.0000000000,0,ST LOUIS,ST LOUIS
ST. LOUIS - 000714,70,1.0000000000,22.0000000000,22.0000000000,0,ST LOUIS,ST LOUIS
ST. LOUIS - 000715,67,0.9999821369,9.9998213691,10.0000000000,0,ST LOUIS,ST LOUIS
ST. LOUIS - 000715,75,0.0000178631,0.0001786309,10.0000000000,0,ST LOUIS,ST LOUIS
ST. LOUIS - 000716,70,1.0000000000,18.0000000000,18.0000000000,0,ST LOUIS,ST LOUIS
ST. LOUIS - 000717,70,1.0000000000,13.0000000000,13.0000000000,0,ST LOUIS,ST LOUIS
ST. LOUIS - 000718,67,1.0000000000,13.0000000000,13.0000000000,0,ST LOUIS,ST LOUIS
ST. LOUIS - 000719,70,1.0000000000,2.0000000000,2.0000000000,0,ST LOUIS,ST LOUIS
ST. LOUIS - 000720,68,0.6666666667,2.0000000000,3.0000000000,0,ST LOUIS,ST LOUIS
ST. LOUIS - 000720,70,0.3333333333,1.0000000000,3.0000000000,0,ST LOUIS,ST LOUIS
ST. LOUIS - 000721,67,0.1428571429,1.0000000000,7.0000000000,0,ST LOUIS,ST LOUIS
ST. LOUIS - 000721,75,0.8571428571,6.0000000000,7.0000000000,0,ST LOUIS,ST LOUIS
ST. LOUIS - 000722,75,1.0000000000,21.0000000000,21.0000000000,0,ST LOUIS,ST LOUIS
ST. LOUIS - 000723,67,1.0000000000,6.0000000000,6.0000000000,0,ST LOUIS,ST LOUIS
ST. LOUIS - 000724,75,1.0000000000,5.0000000000,5.0000000000,0,ST LOUIS,ST LOUIS
ST. LOUIS - 000725,67,1.0000000000,6.0000000000,6.0000000000,0,ST LOUIS,ST LOUIS
ST. LOUIS - 000726,68,0.3823566505,4.9706364570,13.0000000000,0,ST LOUIS,ST LOUIS
ST. LOUIS - 000726,75,0.6176433495,8.0293635430,13.0000000000,0,ST LOUIS,ST LOUIS
ST. LOUIS - 000727,67,1.0000000000,16.0000000000,16.0000000000,0,ST LOUIS,ST LOUIS
ST. LOUIS - 000728,68,1.0000000000,21.0000000000,21.0000000000,0,ST LOUIS,ST LOUIS
ST. LOUIS - 000729,67,1.0000000000,18.0000000000,18.0000000000,0,ST LOUIS,ST LOUIS
ST. LOUIS - 000730,70,1.0000000000,8.0000000000,8.0000000000,0,ST LOUIS,ST LOUIS
ST. LOUIS - 000731,67,1.0000000000,15.0000000000,15.0000000000,0,ST LOUIS,ST LOUIS
ST. LOUIS - 000732,75,1.0000000000,17.0000000000,17.0000000000,0,ST LOUIS,ST LOUIS
ST. LOUIS - 000733,67,1.0000000000,8.0000000000,8.0000000000,0,ST LOUIS,ST LOUIS
ST. LOUIS - 000734,70,1.0000000000,7.0000000000,7.0000000000,0,ST LOUIS,ST LOUIS
ST. LOUIS - 000735,75,1.0000000000,1.0000000000,1.0000000000,0,ST LOUIS,ST LOUIS
ST. LOUIS - 000736,75,1.0000000000,9.0000000000,9.0000000000,0,ST LOUIS,ST LOUIS
ST. LOUIS - 000737,70,1.0000000000,6.0000000000,6.0000000000,0,ST LOUIS,ST LOUIS
ST. LOUIS - 000738,67,1.0000000000,15.0000000000,15.0000000000,0,ST LOUIS,ST LOUIS
ST. LOUIS - 000739,70,1.0000000000,5.0000000000,5.0000000000,0,ST LOUIS,ST LOUIS
ST. LOUIS - 000740,75,1.0000000000,2.0000000000,2.0000000000,0,ST LOUIS,ST LOUIS
ST. LOUIS - 000741,70,1.0000000000,2.0000000000,2.0000000000,0,ST LOUIS,ST LOUIS
ST. LOUIS - 000742,75,1.0000000000,4.0000000000,4.0000000000,0,ST LOUIS,ST LOUIS
ST. LOUIS - 000743,70,1.0000000000,4.0000000000,4.0000000000,0,ST LOUIS,ST LOUIS
ST. LOUIS - 000744,75,1.0000000000,2.0000000000,2.0000000000,0,ST LOUIS,ST LOUIS
ST. LOUIS - 000745,93,1.0000000000,38.0000000000,38.0000000000,0,ST LOUIS,ST LOUIS
ST. LOUIS - 000746,93,1.0000000000,25.0000000000,25.0000000000,0,ST LOUIS,ST LOUIS
ST. LOUIS - 000747,93,1.0000000000,30.0000000000,30.0000000000,0,ST LOUIS,ST LOUIS
ST. LOUIS - 000748,93,0.0769230769,1.0000000000,13.0000000000,0,ST LOUIS,ST LOUIS
ST. LOUIS - 000748,94,0.9230769231,12.0000000000,13.0000000000,0,ST LOUIS,ST LOUIS
ST. LOUIS - 000749,93,1.0000000000,25.0000000000,25.0000000000,0,ST LOUIS,ST LOUIS
ST. LOUIS - 000750,93,1.0000000000,32.0000000000,32.0000000000,0,ST LOUIS,ST LOUIS
ST. LOUIS - 000751,93,1.0000000000,23.0000000000,23.0000000000,0,ST LOUIS,ST LOUIS
ST. LOUIS - 000752,93,1.0000000000,13.0000000000,13.0000000000,0,ST LOUIS,ST LOUIS
ST. LOUIS - 000753,93,1.0000000000,40.0000000000,40.0000000000,0,ST LOUIS,ST LOUIS
ST. LOUIS - 000754,93,1.0000000000,36.0000000001,36.0000000001,0,ST LOUIS,ST LOUIS
ST. LOUIS - 000755,81,0.0005016719,0.0035117031,7.0000000000,0,ST LOUIS,ST LOUIS
ST. LOUIS - 000755,93,0.9994983281,6.9964882969,7.0000000000,0,ST LOUIS,ST LOUIS
ST. LOUIS - 000756,93,1.0000000000,8.0000000000,8.0000000000,0,ST LOUIS,ST LOUIS
ST. LOUIS - 000757,93,1.0000000000,27.0000000000,27.0000000000,0,ST LOUIS,ST LOUIS
ST. LOUIS - 000758,81,0.2657957344,1.0631829376,4.0000000000,0,ST LOUIS,ST LOUIS
ST. LOUIS - 000758,93,0.7342042656,2.9368170624,4.0000000000,0,ST LOUIS,ST LOUIS
ST. LOUIS - 000759,94,1.0000000000,7.0000000000,7.0000000000,0,ST LOUIS,ST LOUIS
ST. LOUIS - 000760,94,1.0000000000,6.0000000000,6.0000000000,0,ST LOUIS,ST LOUIS
ST. LOUIS - 000761,92,1.0000000000,5.0000000000,5.0000000000,0,ST LOUIS,ST LOUIS
ST. LOUIS - 000762,93,1.0000000000,5.0000000000,5.0000000000,0,ST LOUIS,ST LOUIS
ST. LOUIS - 000763,93,1.0000000000,3.0000000000,3.0000000000,0,ST LOUIS,ST LOUIS
ST. LOUIS - 000764,81,0.0028218634,0.0056437269,2.0000000000,0,ST LOUIS,ST LOUIS
ST. LOUIS - 000764,93,0.9971781365,1.9943562731,2.0000000000,0,ST LOUIS,ST LOUIS
ST. LOUIS - 000765,93,1.0000000000,15.0000000000,15.0000000000,0,ST LOUIS,ST LOUIS
ST. LOUIS - 000766,92,0.1176470588,2.0000000000,17.0000000000,0,ST LOUIS,ST LOUIS
ST. LOUIS - 000766,93,0.8823529412,15.0000000000,17.0000000000,0,ST LOUIS,ST LOUIS
ST. LOUIS - 000767,93,1.0000000000,14.0000000000,14.0000000000,0,ST LOUIS,ST LOUIS
ST. LOUIS - 000768,94,1.0000000000,11.0000000000,11.0000000000,0,ST LOUIS,ST LOUIS
ST. LOUIS - 000769,93,1.0000000000,5.0000000000,5.0000000000,0,ST LOUIS,ST LOUIS
ST. LOUIS - 000770,93,1.0000000000,8.0000000000,8.0000000000,0,ST LOUIS,ST LOUIS
ST. LOUIS - 000771,93,1.0000000000,7.0000000000,7.0000000000,0,ST LOUIS,ST LOUIS
ST. LOUIS - 000772,93,1.0000000000,7.0000000000,7.0000000000,0,ST LOUIS,ST LOUIS
ST. LOUIS - 000773,92,0.8666666667,13.0000000000,15.0000000000,0,ST LOUIS,ST LOUIS
ST. LOUIS - 000773,94,0.1333333333,2.0000000000,15.0000000000,0,ST LOUIS,ST LOUIS
ST. LOUIS - 000774,94,1.0000000000,1.0000000000,1.0000000000,0,ST LOUIS,ST LOUIS
ST. LOUIS - 000775,93,0.7058823529,12.0000000000,17.0000000000,0,ST LOUIS,ST LOUIS
ST. LOUIS - 000775,94,0.2941176471,5.0000000000,17.0000000000,0,ST LOUIS,ST LOUIS
ST. LOUIS - 000776,92,0.2307692308,3.0000000000,13.0000000000,0,ST LOUIS,ST LOUIS
ST. LOUIS - 000776,94,0.7692307692,10.0000000000,13.0000000000,0,ST LOUIS,ST LOUIS
ST. LOUIS - 000777,93,1.0000000000,15.0000000000,15.0000000000,0,ST LOUIS,ST LOUIS
ST. LOUIS - 000778,93,1.0000000000,6.0000000000,6.0000000000,0,ST LOUIS,ST LOUIS
ST. LOUIS - 000779,93,1.0000000000,19.0000000000,19.0000000000,0,ST LOUIS,ST LOUIS
ST. LOUIS - 000780,93,1.0000000000,10.0000000000,10.0000000000,0,ST LOUIS,ST LOUIS
ST. LOUIS - 000781,93,1.0000000000,9.0000000000,9.0000000000,0,ST LOUIS,ST LOUIS
ST. LOUIS - 000782,93,0.4166666667,5.0000000000,12.0000000000,0,ST LOUIS,ST LOUIS
ST. LOUIS - 000782,94,0.5833333333,7.0000000000,12.0000000000,0,ST LOUIS,ST LOUIS
ST. LOUIS - 000783,92,0.9375000000,30.0000000000,32.0000000000,0,ST LOUIS,ST LOUIS
ST. LOUIS - 000783,93,0.0625000000,2.0000000000,32.0000000000,0,ST LOUIS,ST LOUIS
ST. LOUIS - 000784,93,1.0000000000,6.0000000000,6.0000000000,0,ST LOUIS,ST LOUIS
ST. LOUIS - 000785,94,1.0000000000,61.0000000001,61.0000000001,0,ST LOUIS,ST LOUIS
ST. LOUIS - 000786,93,1.0000000000,12.0000000000,12.0000000000,0,ST LOUIS,ST LOUIS
ST. LOUIS - 000787,93,1.0000000000,15.0000000000,15.0000000000,0,ST LOUIS,ST LOUIS
ST. LOUIS - 000788,93,1.0000000000,2.0000000000,2.0000000000,0,ST LOUIS,ST LOUIS
ST. LOUIS - 000789,93,1.0000000000,10.0000000000,10.0000000000,0,ST LOUIS,ST LOUIS
ST. LOUIS - 000790,94,1.0000000000,6.0000000000,6.0000000000,0,ST LOUIS,ST LOUIS
ST. LOUIS - 000791,93,1.0000000000,3.0000000000,3.0000000000,0,ST LOUIS,ST LOUIS
ST. LOUIS - 000792,93,1.0000000000,2.0000000000,2.0000000000,0,ST LOUIS,ST LOUIS
ST. LOUIS - 000793,93,1.0000000000,2.0000000000,2.0000000000,0,ST LOUIS,ST LOUIS
ST. LOUIS - 000794,94,1.0000000000,8.0000000000,8.0000000000,0,ST LOUIS,ST LOUIS
ST. LOUIS - 000795,93,1.0000000000,10.0000000000,10.0000000000,0,ST LOUIS,ST LOUIS
ST. LOUIS - 000796,93,1.0000000000,5.0000000000,5.0000000000,0,ST LOUIS,ST LOUIS
ST. LOUIS - 000797,93,1.0000000000,17.0000000000,17.0000000000,0,ST LOUIS,ST LOUIS
ST. LOUIS - 000798,93,1.0000000000,6.0000000000,6.0000000000,0,ST LOUIS,ST LOUIS
ST. LOUIS - 000799,88,0.7496366603,14.9927332061,20.0000000000,0,ST LOUIS,ST LOUIS
ST. LOUIS - 000799,98,0.2503633397,5.0072667939,20.0000000000,0,ST LOUIS,ST LOUIS
ST. LOUIS - 000800,110,1.0000000000,1.0000000000,1.0000000000,0,ST LOUIS,ST LOUIS
ST. LOUIS - 000801,110,1.0000000000,16.0000000000,16.0000000000,0,ST LOUIS,ST LOUIS
ST. LOUIS - 000802,88,0.0000735278,0.0015440841,21.0000000000,0,ST LOUIS,ST LOUIS
ST. LOUIS - 000802,110,0.9999264722,20.9984559159,21.0000000000,0,ST LOUIS,ST LOUIS
ST. LOUIS - 000803,110,1.0000000000,5.0000000000,5.0000000000,0,ST LOUIS,ST LOUIS
ST. LOUIS - 000804,88,1.0000000000,111.0000000000,111.0000000000,0,ST LOUIS,ST LOUIS
ST. LOUIS - 000805,88,1.0000000000,20.0000000001,20.0000000001,0,ST LOUIS,ST LOUIS
ST. LOUIS - 000806,88,0.0146425091,0.1317825823,9.0000000000,0,ST LOUIS,ST LOUIS
ST. LOUIS - 000806,110,0.9853574909,8.8682174177,9.0000000000,0,ST LOUIS,ST LOUIS
ST. LOUIS - 000807,88,1.0000000000,12.0000000000,12.0000000000,0,ST LOUIS,ST LOUIS
ST. LOUIS - 000808,88,1.0000000000,5.0000000000,5.0000000000,0,ST LOUIS,ST LOUIS
ST. LOUIS - 000809,96,1.0000000000,23.0000000001,23.0000000001,0,ST LOUIS,ST LOUIS
ST. LOUIS - 000810,100,1.0000000000,9.0000000000,9.0000000000,0,ST LOUIS,ST LOUIS
ST. LOUIS - 000811,88,0.9621092681,9.6210926806,10.0000000000,0,ST LOUIS,ST LOUIS
ST. LOUIS - 000811,98,0.0378907319,0.3789073194,10.0000000000,0,ST LOUIS,ST LOUIS
ST. LOUIS - 000812,88,1.0000000000,13.0000000000,13.0000000000,0,ST LOUIS,ST LOUIS
ST. LOUIS - 000813,88,0.7847618651,6.2780949204,8.0000000000,0,ST LOUIS,ST LOUIS
ST. LOUIS - 000813,98,0.2152381350,1.7219050796,8.0000000000,0,ST LOUIS,ST LOUIS
ST. LOUIS - 000814,88,0.8333333333,15.0000000000,18.0000000000,0,ST LOUIS,ST LOUIS
ST. LOUIS - 000814,119,0.1666666667,3.0000000000,18.0000000000,0,ST LOUIS,ST LOUIS
ST. LOUIS - 000815,88,1.0000000000,27.0000000000,27.0000000000,0,ST LOUIS,ST LOUIS
ST. LOUIS - 000816,88,1.0000000000,39.0000000000,39.0000000000,0,ST LOUIS,ST LOUIS
ST. LOUIS - 000817,88,0.9891151032,87.0421290818,88.0000000000,0,ST LOUIS,ST LOUIS
ST. LOUIS - 000817,111,0.0108848968,0.9578709182,88.0000000000,0,ST LOUIS,ST LOUIS
ST. LOUIS - 000818,88,1.0000000000,13.0000000000,13.0000000000,0,ST LOUIS,ST LOUIS
ST. LOUIS - 000819,88,1.0000000000,7.0000000000,7.0000000000,0,ST LOUIS,ST LOUIS
ST. LOUIS - 000820,88,0.9666225427,28.9986762799,30.0000000001,0,ST LOUIS,ST LOUIS
ST. LOUIS - 000820,110,0.0333774573,1.0013237202,30.0000000001,0,ST LOUIS,ST LOUIS
ST. LOUIS - 000821,88,1.0000000000,19.0000000000,19.0000000000,0,ST LOUIS,ST LOUIS
ST. LOUIS - 000822,96,0.1083485252,4.0088954331,37.0000000000,0,ST LOUIS,ST LOUIS
ST. LOUIS - 000822,98,0.8916514748,32.9911045669,37.0000000000,0,ST LOUIS,ST LOUIS
ST. LOUIS - 000823,96,1.0000000000,9.0000000000,9.0000000000,0,ST LOUIS,ST LOUIS
ST. LOUIS - 000824,88,0.0071844541,0.1077668114,15.0000000000,0,ST LOUIS,ST LOUIS
ST. LOUIS - 000824,110,0.9928155459,14.8922331886,15.0000000000,0,ST LOUIS,ST LOUIS
ST. LOUIS - 000825,100,1.0000000000,5.0000000000,5.0000000000,0,ST LOUIS,ST LOUIS
ST. LOUIS - 000826,88,0.3317242362,1.6586211810,5.0000000000,0,ST LOUIS,ST LOUIS
ST. LOUIS - 000826,110,0.6682757638,3.3413788190,5.0000000000,0,ST LOUIS,ST LOUIS
ST. LOUIS - 000827,88,0.7500000000,6.0000000000,8.0000000000,0,ST LOUIS,ST LOUIS
ST. LOUIS - 000827,100,0.2500000000,2.0000000000,8.0000000000,0,ST LOUIS,ST LOUIS
ST. LOUIS - 000828,88,1.0000000000,23.0000000000,23.0000000000,0,ST LOUIS,ST LOUIS
ST. LOUIS - 000829,88,0.6000000000,3.0000000000,5.0000000000,0,ST LOUIS,ST LOUIS
ST. LOUIS - 000829,98,0.4000000000,2.0000000000,5.0000000000,0,ST LOUIS,ST LOUIS
ST. LOUIS - 000830,88,1.0000000000,14.0000000000,14.0000000000,0,ST LOUIS,ST LOUIS
ST. LOUIS - 000831,88,0.0163084596,0.1793930557,11.0000000000,0,ST LOUIS,ST LOUIS
ST. LOUIS - 000831,100,0.9836915404,10.8206069443,11.0000000000,0,ST LOUIS,ST LOUIS
ST. LOUIS - 000832,100,1.0000000000,7.0000000000,7.0000000000,0,ST LOUIS,ST LOUIS
ST. LOUIS - 000833,110,1.0000000000,6.0000000000,6.0000000000,0,ST LOUIS,ST LOUIS
ST. LOUIS - 000834,88,0.0033586201,0.0235103409,7.0000000000,0,ST LOUIS,ST LOUIS
ST. LOUIS - 000834,100,0.9966413799,6.9764896591,7.0000000000,0,ST LOUIS,ST LOUIS
ST. LOUIS - 000835,88,0.9000000000,9.0000000000,10.0000000000,0,ST LOUIS,ST LOUIS
ST. LOUIS - 000835,98,0.1000000000,1.0000000000,10.0000000000,0,ST LOUIS,ST LOUIS
ST. LOUIS - 000836,100,1.0000000000,1.0000000000,1.0000000000,0,ST LOUIS,ST LOUIS
ST. LOUIS - 000837,100,1.0000000000,3.0000000000,3.0000000000,0,ST LOUIS,ST LOUIS
ST. LOUIS - 000838,88,1.0000000000,3.0000000000,3.0000000000,0,ST LOUIS,ST LOUIS
ST. LOUIS - 000839,88,0.9770204432,4.8851022159,5.0000000000,0,ST LOUIS,ST LOUIS
ST. LOUIS - 000839,110,0.0229795568,0.1148977841,5.0000000000,0,ST LOUIS,ST LOUIS
ST. LOUIS - 000840,88,1.0000000000,14.0000000000,14.0000000000,0,ST LOUIS,ST LOUIS
ST. LOUIS - 000841,96,0.6900855284,20.0124803229,29.0000000000,0,ST LOUIS,ST LOUIS
ST. LOUIS - 000841,98,0.3099144716,8.9875196771,29.0000000000,0,ST LOUIS,ST LOUIS
ST. LOUIS - 000842,88,0.0643567952,2.5099150142,39.0000000001,0,ST LOUIS,ST LOUIS
ST. LOUIS - 000842,96,0.2848255567,11.1081967125,39.0000000001,0,ST LOUIS,ST LOUIS
ST. LOUIS - 000842,98,0.6508176480,25.3818882734,39.0000000001,0,ST LOUIS,ST LOUIS
ST. LOUIS - 000843,88,0.9375000000,30.0000000000,32.0000000000,0,ST LOUIS,ST LOUIS
ST. LOUIS - 000843,100,0.0625000000,2.0000000000,32.0000000000,0,ST LOUIS,ST LOUIS
ST. LOUIS - 000844,88,0.9230769231,24.0000000000,26.0000000000,0,ST LOUIS,ST LOUIS
ST. LOUIS - 000844,111,0.0769230769,2.0000000000,26.0000000000,0,ST LOUIS,ST LOUIS
ST. LOUIS - 000845,88,1.0000000000,6.0000000000,6.0000000000,0,ST LOUIS,ST LOUIS
ST. LOUIS - 000846,88,0.9999984783,4.9999923916,4.9999999999,0,ST LOUIS,ST LOUIS
ST. LOUIS - 000846,98,0.0000015217,0.0000076083,4.9999999999,0,ST LOUIS,ST LOUIS
ST. LOUIS - 000847,100,1.0000000000,2.0000000000,2.0000000000,0,ST LOUIS,ST LOUIS
ST. LOUIS - 000848,100,1.0000000000,5.0000000000,5.0000000000,0,ST LOUIS,ST LOUIS
ST. LOUIS - 000849,88,1.0000000000,8.0000000000,8.0000000000,0,ST LOUIS,ST LOUIS
ST. LOUIS - 000850,88,1.0000000000,27.0000000000,27.0000000000,0,ST LOUIS,ST LOUIS
ST. LOUIS - 000851,88,0.1514095016,1.3626855141,9.0000000000,0,ST LOUIS,ST LOUIS
ST. LOUIS - 000851,110,0.8485904984,7.6373144859,9.0000000000,0,ST LOUIS,ST LOUIS
ST. LOUIS - 000852,96,0.6666666667,2.0000000000,3.0000000000,0,ST LOUIS,ST LOUIS
ST. LOUIS - 000852,98,0.3333333333,1.0000000000,3.0000000000,0,ST LOUIS,ST LOUIS
ST. LOUIS - 000853,88,1.0000000000,20.0000000000,20.0000000000,0,ST LOUIS,ST LOUIS
ST. LOUIS - 000854,110,1.0000000000,1.0000000000,1.0000000000,0,ST LOUIS,ST LOUIS
ST. LOUIS - 000855,88,1.0000000000,3.0000000000,3.0000000000,0,ST LOUIS,ST LOUIS
ST. LOUIS - 000856,96,1.0000000000,1.0000000000,1.0000000000,0,ST LOUIS,ST LOUIS
ST. LOUIS - 000857,88,1.0000000000,1.0000000000,1.0000000000,0,ST LOUIS,ST LOUIS
ST. LOUIS - 000858,88,1.0000000000,11.0000000000,11.0000000000,0,ST LOUIS,ST LOUIS
ST. LOUIS - 000859,88,1.0000000000,2.0000000000,2.0000000000,0,ST LOUIS,ST LOUIS
ST. LOUIS - 000860,88,0.2629882923,1.0519531691,4.0000000000,0,ST LOUIS,ST LOUIS
ST. LOUIS - 000860,110,0.7370117077,2.9480468309,4.0000000000,0,ST LOUIS,ST LOUIS
ST. LOUIS - 000862,87,1.0000000000,10.0000000000,10.0000000000,0,ST LOUIS,ST LOUIS
ST. LOUIS - 000863,87,0.1009066757,2.0181335139,20.0000000000,0,ST LOUIS,ST LOUIS
ST. LOUIS - 000863,101,0.8990933243,17.9818664861,20.0000000000,0,ST LOUIS,ST LOUIS
ST. LOUIS - 000864,101,1.0000000000,13.0000000000,13.0000000000,0,ST LOUIS,ST LOUIS
ST. LOUIS - 000865,101,1.0000000000,9.0000000000,9.0000000000,0,ST LOUIS,ST LOUIS
ST. LOUIS - 000866,87,1.0000000000,6.0000000000,6.0000000000,0,ST LOUIS,ST LOUIS
ST. LOUIS - 000867,87,1.0000000000,2.0000000000,2.0000000000,0,ST LOUIS,ST LOUIS
ST. LOUIS - 000868,87,0.9522224165,19.9966707460,21.0000000000,0,ST LOUIS,ST LOUIS
ST. LOUIS - 000868,89,0.0477775835,1.0033292540,21.0000000000,0,ST LOUIS,ST LOUIS
ST. LOUIS - 000869,71,0.9141921689,12.7986903648,14.0000000000,0,ST LOUIS,ST LOUIS
ST. LOUIS - 000869,87,0.0858078311,1.2013096352,14.0000000000,0,ST LOUIS,ST LOUIS
ST. LOUIS - 000870,71,0.9547456009,21.9591488209,23.0000000000,0,ST LOUIS,ST LOUIS
ST. LOUIS - 000870,87,0.0434782609,1.0000000000,23.0000000000,0,ST LOUIS,ST LOUIS
ST. LOUIS - 000870,89,0.0017761382,0.0408511791,23.0000000000,0,ST LOUIS,ST LOUIS
ST. LOUIS - 000871,71,1.0000000000,8.0000000000,8.0000000000,0,ST LOUIS,ST LOUIS
ST. LOUIS - 000872,71,0.8333333333,10.0000000000,12.0000000000,0,ST LOUIS,ST LOUIS
ST. LOUIS - 000872,87,0.1666666667,2.0000000000,12.0000000000,0,ST LOUIS,ST LOUIS
ST. LOUIS - 000873,87,1.0000000000,4.0000000000,4.0000000000,0,ST LOUIS,ST LOUIS
ST. LOUIS - 000874,71,0.7538001029,4.5228006174,6.0000000000,0,ST LOUIS,ST LOUIS
ST. LOUIS - 000874,87,0.2461998971,1.4771993826,6.0000000000,0,ST LOUIS,ST LOUIS
ST. LOUIS - 000875,87,1.0000000000,61.0000000000,61.0000000000,0,ST LOUIS,ST LOUIS
ST. LOUIS - 000876,87,1.0000000000,15.0000000000,15.0000000000,0,ST LOUIS,ST LOUIS
ST. LOUIS - 000877,87,1.0000000000,9.0000000000,9.0000000000,0,ST LOUIS,ST LOUIS
ST. LOUIS - 000878,87,1.0000000000,13.0000000000,13.0000000000,0,ST LOUIS,ST LOUIS
ST. LOUIS - 000879,87,1.0000000000,15.0000000000,15.0000000000,0,ST LOUIS,ST LOUIS
ST. LOUIS - 000880,87,1.0000000000,14.0000000000,14.0000000000,0,ST LOUIS,ST LOUIS
ST. LOUIS - 000881,87,1.0000000000,16.0000000000,16.0000000000,0,ST LOUIS,ST LOUIS
ST. LOUIS - 000882,71,1.0000000000,1.0000000000,1.0000000000,0,ST LOUIS,ST LOUIS
ST. LOUIS - 000883,87,1.0000000000,16.0000000000,16.0000000000,0,ST LOUIS,ST LOUIS
ST. LOUIS - 000884,71,0.1428571429,3.0000000000,21.0000000000,0,ST LOUIS,ST LOUIS
ST. LOUIS - 000884,87,0.8571428571,18.0000000000,21.0000000000,0,ST LOUIS,ST LOUIS
ST. LOUIS - 000885,101,1.0000000000,6.0000000000,6.0000000000,0,ST LOUIS,ST LOUIS
ST. LOUIS - 000886,71,1.0000000000,23.0000000000,23.0000000000,0,ST LOUIS,ST LOUIS
ST. LOUIS - 000887,71,0.0909090909,1.0000000000,11.0000000000,0,ST LOUIS,ST LOUIS
ST. LOUIS - 000887,87,0.9090909091,10.0000000000,11.0000000000,0,ST LOUIS,ST LOUIS
ST. LOUIS - 000888,87,1.0000000000,13.0000000000,13.0000000000,0,ST LOUIS,ST LOUIS
ST. LOUIS - 000889,71,1.0000000000,3.0000000000,3.0000000000,0,ST LOUIS,ST LOUIS
ST. LOUIS - 000890,87,1.0000000000,6.0000000000,6.0000000000,0,ST LOUIS,ST LOUIS
ST. LOUIS - 000891,87,1.0000000000,30.0000000000,30.0000000000,0,ST LOUIS,ST LOUIS
ST. LOUIS - 000892,87,1.0000000000,1.0000000000,1.0000000000,0,ST LOUIS,ST LOUIS
ST. LOUIS - 000893,87,1.0000000000,12.0000000000,12.0000000000,0,ST LOUIS,ST LOUIS
ST. LOUIS - 000894,71,1.0000000000,2.0000000000,2.0000000000,0,ST LOUIS,ST LOUIS
ST. LOUIS - 000895,71,1.0000000000,19.0000000000,19.0000000000,0,ST LOUIS,ST LOUIS
ST. LOUIS - 000896,71,0.0040030447,0.0960730716,23.9999999999,0,ST LOUIS,ST LOUIS
ST. LOUIS - 000896,87,0.0426532769,1.0236786452,23.9999999999,0,ST LOUIS,ST LOUIS
ST. LOUIS - 000896,89,0.9533436785,22.8802482831,23.9999999999,0,ST LOUIS,ST LOUIS
ST. LOUIS - 000897,87,1.0000000000,17.0000000000,17.0000000000,0,ST LOUIS,ST LOUIS
ST. LOUIS - 000898,87,1.0000000000,21.0000000000,21.0000000000,0,ST LOUIS,ST LOUIS
ST. LOUIS - 000899,87,1.0000000000,10.0000000000,10.0000000000,0,ST LOUIS,ST LOUIS
ST. LOUIS - 000900,89,1.0000000000,13.0000000000,13.0000000000,0,ST LOUIS,ST LOUIS
ST. LOUIS - 000901,71,0.8571428571,6.0000000000,7.0000000000,0,ST LOUIS,ST LOUIS
ST. LOUIS - 000901,87,0.1428571429,1.0000000000,7.0000000000,0,ST LOUIS,ST LOUIS
ST. LOUIS - 000902,87,1.0000000000,11.0000000000,11.0000000000,0,ST LOUIS,ST LOUIS
ST. LOUIS - 000903,87,1.0000000000,10.0000000000,10.0000000000,0,ST LOUIS,ST LOUIS
ST. LOUIS - 000904,71,1.0000000000,8.0000000000,8.0000000000,0,ST LOUIS,ST LOUIS
ST. LOUIS - 000905,71,0.0775503505,2.0163091130,26.0000000000,0,ST LOUIS,ST LOUIS
ST. LOUIS - 000905,87,0.9224496495,23.9836908870,26.0000000000,0,ST LOUIS,ST LOUIS
ST. LOUIS - 000906,87,1.0000000000,3.0000000000,3.0000000000,0,ST LOUIS,ST LOUIS
ST. LOUIS - 000907,87,1.0000000000,5.0000000000,5.0000000000,0,ST LOUIS,ST LOUIS
ST. LOUIS - 000908,71,1.0000000000,2.0000000000,2.0000000000,0,ST LOUIS,ST LOUIS
ST. LOUIS - 000909,87,1.0000000000,1.0000000000,1.0000000000,0,ST LOUIS,ST LOUIS
ST. LOUIS - 000910,87,1.0000000000,3.0000000000,3.0000000000,0,ST LOUIS,ST LOUIS
ST. LOUIS - 000911,71,1.0000000000,8.0000000000,8.0000000000,0,ST LOUIS,ST LOUIS
ST. LOUIS - 000912,87,1.0000000000,6.0000000000,6.0000000000,0,ST LOUIS,ST LOUIS
ST. LOUIS - 000913,87,1.0000000000,11.0000000000,11.0000000000,0,ST LOUIS,ST LOUIS
ST. LOUIS - 000914,87,1.0000000000,13.0000000000,13.0000000000,0,ST LOUIS,ST LOUIS
ST. LOUIS - 000915,87,1.0000000000,6.0000000000,6.0000000000,0,ST LOUIS,ST LOUIS
ST. LOUIS - 000916,87,1.0000000000,1.0000000000,1.0000000000,0,ST LOUIS,ST LOUIS
ST. LOUIS - 000917,71,0.5000000000,1.0000000000,2.0000000000,0,ST LOUIS,ST LOUIS
ST. LOUIS - 000917,89,0.5000000000,1.0000000000,2.0000000000,0,ST LOUIS,ST LOUIS
ST. LOUIS - 000918,87,1.0000000000,1.0000000001,1.0000000001,0,ST LOUIS,ST LOUIS
ST. LOUIS - 000919,101,1.0000000000,5.0000000001,5.0000000001,0,ST LOUIS,ST LOUIS
ST. LOUIS - 000920,87,1.0000000000,8.0000000000,8.0000000000,0,ST LOUIS,ST LOUIS
ST. LOUIS - 000921,87,1.0000000000,13.0000000000,13.0000000000,0,ST LOUIS,ST LOUIS
ST. LOUIS - 000922,89,1.0000000000,2.0000000000,2.0000000000,0,ST LOUIS,ST LOUIS
ST. LOUIS - 000923,87,1.0000000000,16.0000000000,16.0000000000,0,ST LOUIS,ST LOUIS
ST. LOUIS - 000924,72,0.9965023092,23.9160554197,24.0000000000,0,ST LOUIS,ST LOUIS
ST. LOUIS - 000924,74,0.0034976908,0.0839445803,24.0000000000,0,ST LOUIS,ST LOUIS
ST. LOUIS - 000925,72,0.9705882353,33.0000000000,34.0000000000,0,ST LOUIS,ST LOUIS
ST. LOUIS - 000925,74,0.0294117647,1.0000000000,34.0000000000,0,ST LOUIS,ST LOUIS
ST. LOUIS - 000926,72,1.0000000000,9.0000000000,9.0000000000,0,ST LOUIS,ST LOUIS
ST. LOUIS - 000927,72,1.0000000000,7.0000000000,7.0000000000,0,ST LOUIS,ST LOUIS
ST. LOUIS - 000928,72,1.0000000000,7.0000000000,7.0000000000,0,ST LOUIS,ST LOUIS
ST. LOUIS - 000929,73,1.0000000000,10.0000000000,10.0000000000,0,ST LOUIS,ST LOUIS
ST. LOUIS - 000930,72,1.0000000000,12.0000000000,12.0000000000,0,ST LOUIS,ST LOUIS
ST. LOUIS - 000931,72,1.0000000000,13.0000000000,13.0000000000,0,ST LOUIS,ST LOUIS
ST. LOUIS - 000932,74,1.0000000000,5.0000000000,5.0000000000,0,ST LOUIS,ST LOUIS
ST. LOUIS - 000933,72,0.9505127222,7.6041017776,8.0000000000,0,ST LOUIS,ST LOUIS
ST. LOUIS - 000933,73,0.0494872778,0.3958982224,8.0000000000,0,ST LOUIS,ST LOUIS
ST. LOUIS - 000934,72,1.0000000000,30.0000000000,30.0000000000,0,ST LOUIS,ST LOUIS
ST. LOUIS - 000935,72,0.9840373056,16.7286341947,17.0000000000,0,ST LOUIS,ST LOUIS
ST. LOUIS - 000935,74,0.0159626944,0.2713658053,17.0000000000,0,ST LOUIS,ST LOUIS
ST. LOUIS - 000936,72,0.9956927869,18.9181629514,19.0000000000,0,ST LOUIS,ST LOUIS
ST. LOUIS - 000936,74,0.0043072131,0.0818370486,19.0000000000,0,ST LOUIS,ST LOUIS
ST. LOUIS - 000937,72,0.0909701375,1.7284326130,19.0000000000,0,ST LOUIS,ST LOUIS
ST. LOUIS - 000937,74,0.9090298625,17.2715673870,19.0000000000,0,ST LOUIS,ST LOUIS
ST. LOUIS - 000938,74,1.0000000000,18.0000000000,18.0000000000,0,ST LOUIS,ST LOUIS
ST. LOUIS - 000939,74,1.0000000000,26.0000000000,26.0000000000,0,ST LOUIS,ST LOUIS
ST. LOUIS - 000940,74,1.0000000000,8.0000000000,8.0000000000,0,ST LOUIS,ST LOUIS
ST. LOUIS - 000941,74,1.0000000000,12.0000000000,12.0000000000,0,ST LOUIS,ST LOUIS
ST. LOUIS - 000942,72,0.2000000000,1.0000000000,5.0000000000,0,ST LOUIS,ST LOUIS
ST. LOUIS - 000942,74,0.8000000000,4.0000000000,5.0000000000,0,ST LOUIS,ST LOUIS
ST. LOUIS - 000943,73,1.0000000000,10.0000000000,10.0000000000,0,ST LOUIS,ST LOUIS
ST. LOUIS - 000944,72,0.0000278133,0.0004450123,16.0000000000,0,ST LOUIS,ST LOUIS
ST. LOUIS - 000944,73,0.9999721867,15.9995549877,16.0000000000,0,ST LOUIS,ST LOUIS
ST. LOUIS - 000945,72,1.0000000000,10.0000000000,10.0000000000,0,ST LOUIS,ST LOUIS
ST. LOUIS - 000946,72,1.0000000000,25.0000000000,25.0000000000,0,ST LOUIS,ST LOUIS
ST. LOUIS - 000947,74,1.0000000000,8.0000000000,8.0000000000,0,ST LOUIS,ST LOUIS
ST. LOUIS - 000948,74,1.0000000000,3.0000000000,3.0000000000,0,ST LOUIS,ST LOUIS
ST. LOUIS - 000949,72,1.0000000000,11.0000000000,11.0000000000,0,ST LOUIS,ST LOUIS
ST. LOUIS - 000950,74,1.0000000000,11.0000000000,11.0000000000,0,ST LOUIS,ST LOUIS
ST. LOUIS - 000951,74,1.0000000000,7.0000000000,7.0000000000,0,ST LOUIS,ST LOUIS
ST. LOUIS - 000952,74,1.0000000000,9.0000000000,9.0000000000,0,ST LOUIS,ST LOUIS
ST. LOUIS - 000953,72,1.0000000000,15.0000000000,15.0000000000,0,ST LOUIS,ST LOUIS
ST. LOUIS - 000954,74,1.0000000000,3.0000000000,3.0000000000,0,ST LOUIS,ST LOUIS
ST. LOUIS - 000955,72,1.0000000000,4.0000000000,4.0000000000,0,ST LOUIS,ST LOUIS
ST. LOUIS - 000956,74,1.0000000000,13.0000000000,13.0000000000,0,ST LOUIS,ST LOUIS
ST. LOUIS - 000957,72,0.3327799498,6.9883789451,21.0000000000,0,ST LOUIS,ST LOUIS
ST. LOUIS - 000957,87,0.6672200502,14.0116210549,21.0000000000,0,ST LOUIS,ST LOUIS
ST. LOUIS - 000958,74,1.0000000000,2.0000000000,2.0000000000,0,ST LOUIS,ST LOUIS
ST. LOUIS - 000959,74,1.0000000000,3.0000000000,3.0000000000,0,ST LOUIS,ST LOUIS
ST. LOUIS - 000960,74,1.0000000000,3.0000000000,3.0000000000,0,ST LOUIS,ST LOUIS
ST. LOUIS - 000961,74,1.0000000000,15.0000000000,15.0000000000,0,ST LOUIS,ST LOUIS
ST. LOUIS - 000962,74,1.0000000000,7.0000000000,7.0000000000,0,ST LOUIS,ST LOUIS
ST. LOUIS - 000963,72,0.0245170534,0.0980682138,4.0000000000,0,ST LOUIS,ST LOUIS
ST. LOUIS - 000963,73,0.9754829465,3.9019317862,4.0000000000,0,ST LOUIS,ST LOUIS
ST. LOUIS - 000964,72,0.9545454545,21.0000000000,22.0000000000,0,ST LOUIS,ST LOUIS
ST. LOUIS - 000964,87,0.0454545455,1.0000000000,22.0000000000,0,ST LOUIS,ST LOUIS
ST. LOUIS - 000965,72,1.0000000000,18.0000000000,18.0000000000,0,ST LOUIS,ST LOUIS
ST. LOUIS - 000966,72,1.0000000000,9.0000000000,9.0000000000,0,ST LOUIS,ST LOUIS
ST. LOUIS - 000967,72,1.0000000000,14.0000000000,14.0000000000,0,ST LOUIS,ST LOUIS
ST. LOUIS - 000968,72,1.0000000000,7.0000000000,7.0000000000,0,ST LOUIS,ST LOUIS
ST. LOUIS - 000969,72,0.0133864601,0.1472510609,11.0000000000,0,ST LOUIS,ST LOUIS
ST. LOUIS - 000969,73,0.9866135399,10.8527489391,11.0000000000,0,ST LOUIS,ST LOUIS
ST. LOUIS - 000970,72,1.0000000000,9.0000000000,9.0000000000,0,ST LOUIS,ST LOUIS
ST. LOUIS - 000971,74,1.0000000000,6.0000000000,6.0000000000,0,ST LOUIS,ST LOUIS
ST. LOUIS - 000972,72,0.9849925640,2.9549776919,3.0000000000,0,ST LOUIS,ST LOUIS
ST. LOUIS - 000972,87,0.0150074360,0.0450223081,3.0000000000,0,ST LOUIS,ST LOUIS
ST. LOUIS - 000973,74,1.0000000000,3.0000000000,3.0000000000,0,ST LOUIS,ST LOUIS
ST. LOUIS - 000974,72,1.0000000000,11.0000000000,11.0000000000,0,ST LOUIS,ST LOUIS
ST. LOUIS - 000975,72,1.0000000000,3.0000000000,3.0000000000,0,ST LOUIS,ST LOUIS
ST. LOUIS - 000976,72,1.0000000000,7.0000000000,7.0000000000,0,ST LOUIS,ST LOUIS
ST. LOUIS - 000977,74,1.0000000000,7.0000000000,7.0000000000,0,ST LOUIS,ST LOUIS
ST. LOUIS - 000978,72,1.0000000000,1.0000000000,1.0000000000,0,ST LOUIS,ST LOUIS
ST. LOUIS - 000979,87,1.0000000000,3.0000000000,3.0000000000,0,ST LOUIS,ST LOUIS
ST. LOUIS - 000980,72,1.0000000000,7.0000000000,7.0000000000,0,ST LOUIS,ST LOUIS
ST. LOUIS - 000981,72,1.0000000000,11.0000000000,11.0000000000,0,ST LOUIS,ST LOUIS
ST. LOUIS - 000982,72,1.0000000000,23.0000000000,23.0000000000,0,ST LOUIS,ST LOUIS
ST. LOUIS - 000983,72,1.0000000000,6.0000000000,6.0000000000,0,ST LOUIS,ST LOUIS
ST. LOUIS - 000984,87,1.0000000000,1.0000000000,1.0000000000,0,ST LOUIS,ST LOUIS
ST. LOUIS - 000985,87,1.0000000000,1.0000000000,1.0000000000,0,ST LOUIS,ST LOUIS
ST. LOUIS - 000986,74,1.0000000000,6.0000000000,6.0000000000,0,ST LOUIS,ST LOUIS
ST. LOUIS - 000987,87,1.0000000000,10.0000000000,10.0000000000,0,ST LOUIS,ST LOUIS
ST. LOUIS - 000988,74,1.0000000000,3.0000000000,3.0000000000,0,ST LOUIS,ST LOUIS
ST. LOUIS - 000989,74,1.0000000000,3.0000000000,3.0000000000,0,ST LOUIS,ST LOUIS
ST. LOUIS - 000990,74,0.8694539070,1.7389078140,2.0000000000,0,ST LOUIS,ST LOUIS
ST. LOUIS - 000990,86,0.1305460930,0.2610921860,2.0000000000,0,ST LOUIS,ST LOUIS
ST. LOUIS - 000991,87,1.0000000000,5.0000000000,5.0000000000,0,ST LOUIS,ST LOUIS
ST. LOUIS - 000992,89,1.0000000000,7.0000000000,7.0000000000,0,ST LOUIS,ST LOUIS
ST. LOUIS - 000993,89,1.0000000000,13.0000000000,13.0000000000,0,ST LOUIS,ST LOUIS
ST. LOUIS - 000994,89,1.0000000000,11.0000000000,11.0000000000,0,ST LOUIS,ST LOUIS
ST. LOUIS - 000995,89,1.0000000000,7.0000000000,7.0000000000,0,ST LOUIS,ST LOUIS
ST. LOUIS - 000996,71,0.0268869498,1.1292518929,42.0000000000,0,ST LOUIS,ST LOUIS
ST. LOUIS - 000996,89,0.9731130502,40.8707481071,42.0000000000,0,ST LOUIS,ST LOUIS
ST. LOUIS - 000997,89,1.0000000000,9.0000000000,9.0000000000,0,ST LOUIS,ST LOUIS
ST. LOUIS - 000998,89,0.9285714286,26.0000000000,28.0000000000,0,ST LOUIS,ST LOUIS
ST. LOUIS - 000998,90,0.0714285714,2.0000000000,28.0000000000,0,ST LOUIS,ST LOUIS
ST. LOUIS - 000999,89,1.0000000000,4.0000000000,4.0000000000,0,ST LOUIS,ST LOUIS
ST. LOUIS - 001000,89,1.0000000000,6.0000000000,6.0000000000,0,ST LOUIS,ST LOUIS
ST. LOUIS - 001001,71,1.0000000000,15.0000000000,15.0000000000,0,ST LOUIS,ST LOUIS
ST. LOUIS - 001002,89,1.0000000000,18.0000000000,18.0000000000,0,ST LOUIS,ST LOUIS
ST. LOUIS - 001003,89,1.0000000000,13.0000000000,13.0000000000,0,ST LOUIS,ST LOUIS
ST. LOUIS - 001004,89,0.9583333333,23.0000000000,24.0000000000,0,ST LOUIS,ST LOUIS
ST. LOUIS - 001004,90,0.0416666667,1.0000000000,24.0000000000,0,ST LOUIS,ST LOUIS
ST. LOUIS - 001005,90,1.0000000000,1.0000000000,1.0000000000,0,ST LOUIS,ST LOUIS
ST. LOUIS - 001006,89,1.0000000000,3.0000000000,3.0000000000,0,ST LOUIS,ST LOUIS
ST. LOUIS - 001007,71,1.0000000000,12.0000000000,12.0000000000,0,ST LOUIS,ST LOUIS
ST. LOUIS - 001008,71,1.0000000000,4.0000000000,4.0000000000,0,ST LOUIS,ST LOUIS
ST. LOUIS - 001009,101,1.0000000000,18.0000000000,18.0000000000,0,ST LOUIS,ST LOUIS
ST. LOUIS - 001010,89,1.0000000000,12.0000000000,12.0000000000,0,ST LOUIS,ST LOUIS
ST. LOUIS - 001011,89,1.0000000000,6.0000000000,6.0000000000,0,ST LOUIS,ST LOUIS
ST. LOUIS - 001012,89,1.0000000000,4.0000000000,4.0000000000,0,ST LOUIS,ST LOUIS
ST. LOUIS - 001013,89,1.0000000000,10.0000000000,10.0000000000,0,ST LOUIS,ST LOUIS
ST. LOUIS - 001014,101,1.0000000000,3.0000000000,3.0000000000,0,ST LOUIS,ST LOUIS
ST. LOUIS - 001015,89,1.0000000000,3.0000000000,3.0000000000,0,ST LOUIS,ST LOUIS
ST. LOUIS - 001016,89,1.0000000000,10.0000000000,10.0000000000,0,ST LOUIS,ST LOUIS
ST. LOUIS - 001017,89,0.9000000000,27.0000000000,30.0000000000,0,ST LOUIS,ST LOUIS
ST. LOUIS - 001017,100,0.1000000000,3.0000000000,30.0000000000,0,ST LOUIS,ST LOUIS
ST. LOUIS - 001018,101,1.0000000000,2.0000000000,2.0000000000,0,ST LOUIS,ST LOUIS
ST. LOUIS - 001019,89,1.0000000000,11.0000000000,11.0000000000,0,ST LOUIS,ST LOUIS
ST. LOUIS - 001020,89,1.0000000000,7.0000000000,7.0000000000,0,ST LOUIS,ST LOUIS
ST. LOUIS - 001021,98,1.0000000000,19.0000000000,19.0000000000,0,ST LOUIS,ST LOUIS
ST. LOUIS - 001022,89,1.0000000000,8.0000000000,8.0000000000,0,ST LOUIS,ST LOUIS
ST. LOUIS - 001023,89,1.0000000000,9.0000000000,9.0000000000,0,ST LOUIS,ST LOUIS
ST. LOUIS - 001024,89,1.0000000000,17.0000000000,17.0000000000,0,ST LOUIS,ST LOUIS
ST. LOUIS - 001025,89,0.9055726694,7.2445813554,7.9999999999,0,ST LOUIS,ST LOUIS
ST. LOUIS - 001025,90,0.0944273306,0.7554186445,7.9999999999,0,ST LOUIS,ST LOUIS
ST. LOUIS - 001026,98,1.0000000000,14.0000000000,14.0000000000,0,ST LOUIS,ST LOUIS
ST. LOUIS - 001027,89,1.0000000000,3.0000000000,3.0000000000,0,ST LOUIS,ST LOUIS
ST. LOUIS - 001028,89,1.0000000000,9.0000000000,9.0000000000,0,ST LOUIS,ST LOUIS
ST. LOUIS - 001029,89,1.0000000000,10.0000000000,10.0000000000,0,ST LOUIS,ST LOUIS
ST. LOUIS - 001030,89,1.0000000000,24.0000000000,24.0000000000,0,ST LOUIS,ST LOUIS
ST. LOUIS - 001031,89,1.0000000000,10.0000000001,10.0000000001,0,ST LOUIS,ST LOUIS
ST. LOUIS - 001032,89,1.0000000000,4.0000000000,4.0000000000,0,ST LOUIS,ST LOUIS
ST. LOUIS - 001033,89,1.0000000000,4.0000000000,4.0000000000,0,ST LOUIS,ST LOUIS
ST. LOUIS - 001034,89,1.0000000000,4.0000000000,4.0000000000,0,ST LOUIS,ST LOUIS
ST. LOUIS - 001035,89,1.0000000000,19.0000000000,19.0000000000,0,ST LOUIS,ST LOUIS
ST. LOUIS - 001036,89,1.0000000000,2.0000000000,2.0000000000,0,ST LOUIS,ST LOUIS
ST. LOUIS - 001037,89,1.0000000000,11.0000000000,11.0000000000,0,ST LOUIS,ST LOUIS
ST. LOUIS - 001038,71,1.0000000000,2.0000000000,2.0000000000,0,ST LOUIS,ST LOUIS
ST. LOUIS - 001039,89,1.0000000000,11.0000000000,11.0000000000,0,ST LOUIS,ST LOUIS
ST. LOUIS - 001040,89,1.0000000000,4.0000000000,4.0000000000,0,ST LOUIS,ST LOUIS
ST. LOUIS - 001041,98,1.0000000000,14.0000000000,14.0000000000,0,ST LOUIS,ST LOUIS
ST. LOUIS - 001042,89,1.0000000000,15.0000000000,15.0000000000,0,ST LOUIS,ST LOUIS
ST. LOUIS - 001043,101,1.0000000000,4.0000000000,4.0000000000,0,ST LOUIS,ST LOUIS
ST. LOUIS - 001044,101,1.0000000000,6.0000000000,6.0000000000,0,ST LOUIS,ST LOUIS
ST. LOUIS - 001045,89,1.0000000000,3.0000000000,3.0000000000,0,ST LOUIS,ST LOUIS
ST. LOUIS - 001046,101,1.0000000000,2.0000000000,2.0000000000,0,ST LOUIS,ST LOUIS
ST. LOUIS - 001047,89,1.0000000000,8.0000000000,8.0000000000,0,ST LOUIS,ST LOUIS
ST. LOUIS - 001048,89,1.0000000000,25.0000000000,25.0000000000,0,ST LOUIS,ST LOUIS
ST. LOUIS - 001049,71,0.9972505256,5.9835031536,6.0000000000,0,ST LOUIS,ST LOUIS
ST. LOUIS - 001049,89,0.0027494744,0.0164968464,6.0000000000,0,ST LOUIS,ST LOUIS
ST. LOUIS - 001050,89,1.0000000000,4.0000000000,4.0000000000,0,ST LOUIS,ST LOUIS
ST. LOUIS - 001051,89,1.0000000000,4.0000000000,4.0000000000,0,ST LOUIS,ST LOUIS
ST. LOUIS - 001052,89,1.0000000000,4.0000000000,4.0000000000,0,ST LOUIS,ST LOUIS
ST. LOUIS - 001053,89,1.0000000000,5.0000000000,5.0000000000,0,ST LOUIS,ST LOUIS
ST. LOUIS - 001054,89,1.0000000000,10.0000000000,10.0000000000,0,ST LOUIS,ST LOUIS
ST. LOUIS - 001055,101,1.0000000000,14.0000000000,14.0000000000,0,ST LOUIS,ST LOUIS
ST. LOUIS - 001056,71,1.0000000000,3.0000000000,3.0000000000,0,ST LOUIS,ST LOUIS
ST. LOUIS - 001057,89,1.0000000000,26.0000000000,26.0000000000,0,ST LOUIS,ST LOUIS
ST. LOUIS - 001058,89,1.0000000000,11.0000000000,11.0000000000,0,ST LOUIS,ST LOUIS
ST. LOUIS - 001059,89,1.0000000000,15.0000000000,15.0000000000,0,ST LOUIS,ST LOUIS
ST. LOUIS - 001060,89,1.0000000000,8.0000000000,8.0000000000,0,ST LOUIS,ST LOUIS
ST. LOUIS - 001061,89,1.0000000000,3.0000000000,3.0000000000,0,ST LOUIS,ST LOUIS
ST. LOUIS - 001062,89,1.0000000000,11.0000000000,11.0000000000,0,ST LOUIS,ST LOUIS
ST. LOUIS - 001063,89,1.0000000000,2.0000000000,2.0000000000,0,ST LOUIS,ST LOUIS
ST. LOUIS - 001064,71,0.8750000000,7.0000000000,8.0000000000,0,ST LOUIS,ST LOUIS
ST. LOUIS - 001064,89,0.1250000000,1.0000000000,8.0000000000,0,ST LOUIS,ST LOUIS
ST. LOUIS - 001065,89,1.0000000000,3.0000000000,3.0000000000,0,ST LOUIS,ST LOUIS
ST. LOUIS - 001066,71,1.0000000000,4.0000000000,4.0000000000,0,ST LOUIS,ST LOUIS
ST. LOUIS - 001067,71,1.0000000000,4.0000000000,4.0000000000,0,ST LOUIS,ST LOUIS
ST. LOUIS - 001068,71,0.9994509529,24.9862738215,25.0000000000,0,ST LOUIS,ST LOUIS
ST. LOUIS - 001068,89,0.0005490471,0.0137261785,25.0000000000,0,ST LOUIS,ST LOUIS
ST. LOUIS - 001069,89,1.0000000000,23.9999999999,23.9999999999,0,ST LOUIS,ST LOUIS
ST. LOUIS - 001070,101,1.0000000000,4.0000000000,4.0000000000,0,ST LOUIS,ST LOUIS
ST. LOUIS - 001071,89,0.7333333333,11.0000000000,15.0000000000,0,ST LOUIS,ST LOUIS
ST. LOUIS - 001071,100,0.2666666667,4.0000000000,15.0000000000,0,ST LOUIS,ST LOUIS
ST. LOUIS - 001072,89,1.0000000000,19.0000000000,19.0000000000,0,ST LOUIS,ST LOUIS
ST. LOUIS - 001073,89,1.0000000000,2.0000000000,2.0000000000,0,ST LOUIS,ST LOUIS
ST. LOUIS - 001074,71,0.0156512159,0.0626048638,4.0000000001,0,ST LOUIS,ST LOUIS
ST. LOUIS - 001074,89,0.9843487841,3.9373951363,4.0000000001,0,ST LOUIS,ST LOUIS
ST. LOUIS - 001075,89,1.0000000000,2.0000000000,2.0000000000,0,ST LOUIS,ST LOUIS
ST. LOUIS - 001076,100,1.0000000000,1.0000000000,1.0000000000,0,ST LOUIS,ST LOUIS
ST. LOUIS - 001077,85,1.0000000000,24.0000000000,24.0000000000,0,ST LOUIS,ST LOUIS
ST. LOUIS - 001078,85,1.0000000000,40.0000000000,40.0000000000,0,ST LOUIS,ST LOUIS
ST. LOUIS - 001079,84,0.0161863555,0.2751680435,17.0000000000,0,ST LOUIS,ST LOUIS
ST. LOUIS - 001079,85,0.9838136445,16.7248319565,17.0000000000,0,ST LOUIS,ST LOUIS
ST. LOUIS - 001080,73,0.0031545249,0.0346997740,11.0000000000,0,ST LOUIS,ST LOUIS
ST. LOUIS - 001080,74,0.9968454751,10.9653002260,11.0000000000,0,ST LOUIS,ST LOUIS
ST. LOUIS - 001081,85,1.0000000000,11.0000000000,11.0000000000,0,ST LOUIS,ST LOUIS
ST. LOUIS - 001082,85,1.0000000000,20.0000000000,20.0000000000,0,ST LOUIS,ST LOUIS
ST. LOUIS - 001083,85,1.0000000000,18.0000000000,18.0000000000,0,ST LOUIS,ST LOUIS
ST. LOUIS - 001084,85,1.0000000000,4.0000000000,4.0000000000,0,ST LOUIS,ST LOUIS
ST. LOUIS - 001085,74,1.0000000000,13.0000000000,13.0000000000,0,ST LOUIS,ST LOUIS
ST. LOUIS - 001086,73,0.0292643287,0.5267579164,17.9999999999,0,ST LOUIS,ST LOUIS
ST. LOUIS - 001086,74,0.9707356713,17.4732420835,17.9999999999,0,ST LOUIS,ST LOUIS
ST. LOUIS - 001087,74,1.0000000000,16.0000000000,16.0000000000,0,ST LOUIS,ST LOUIS
ST. LOUIS - 001088,73,0.0638470187,1.0853993173,17.0000000000,0,ST LOUIS,ST LOUIS
ST. LOUIS - 001088,74,0.9361529813,15.9146006827,17.0000000000,0,ST LOUIS,ST LOUIS
ST. LOUIS - 001089,74,1.0000000000,3.0000000000,3.0000000000,0,ST LOUIS,ST LOUIS
ST. LOUIS - 001090,74,1.0000000000,12.0000000000,12.0000000000,0,ST LOUIS,ST LOUIS
ST. LOUIS - 001091,74,1.0000000000,36.0000000000,36.0000000000,0,ST LOUIS,ST LOUIS
ST. LOUIS - 001092,74,1.0000000000,9.0000000000,9.0000000000,0,ST LOUIS,ST LOUIS
ST. LOUIS - 001093,74,1.0000000000,3.0000000000,3.0000000000,0,ST LOUIS,ST LOUIS
ST. LOUIS - 001094,74,1.0000000000,21.0000000000,21.0000000000,0,ST LOUIS,ST LOUIS
ST. LOUIS - 001095,74,1.0000000000,3.0000000000,3.0000000000,0,ST LOUIS,ST LOUIS
ST. LOUIS - 001096,74,1.0000000000,10.0000000000,10.0000000000,0,ST LOUIS,ST LOUIS
ST. LOUIS - 001097,74,1.0000000000,42.0000000000,42.0000000000,0,ST LOUIS,ST LOUIS
ST. LOUIS - 001098,74,1.0000000000,5.0000000000,5.0000000000,0,ST LOUIS,ST LOUIS
ST. LOUIS - 001099,85,1.0000000000,8.0000000000,8.0000000000,0,ST LOUIS,ST LOUIS
ST. LOUIS - 001100,74,1.0000000000,6.0000000000,6.0000000000,0,ST LOUIS,ST LOUIS
ST. LOUIS - 001101,85,1.0000000000,14.0000000000,14.0000000000,0,ST LOUIS,ST LOUIS
ST. LOUIS - 001102,85,1.0000000000,11.0000000000,11.0000000000,0,ST LOUIS,ST LOUIS
ST. LOUIS - 001103,85,1.0000000000,16.0000000000,16.0000000000,0,ST LOUIS,ST LOUIS
ST. LOUIS - 001104,85,1.0000000000,14.0000000000,14.0000000000,0,ST LOUIS,ST LOUIS
ST. LOUIS - 001105,85,1.0000000000,37.0000000000,37.0000000000,0,ST LOUIS,ST LOUIS
ST. LOUIS - 001106,74,1.0000000000,18.0000000000,18.0000000000,0,ST LOUIS,ST LOUIS
ST. LOUIS - 001107,85,1.0000000000,19.0000000000,19.0000000000,0,ST LOUIS,ST LOUIS
ST. LOUIS - 001108,85,1.0000000000,14.0000000000,14.0000000000,0,ST LOUIS,ST LOUIS
ST. LOUIS - 001109,74,1.0000000000,8.0000000000,8.0000000000,0,ST LOUIS,ST LOUIS
ST. LOUIS - 001110,74,1.0000000000,2.0000000000,2.0000000000,0,ST LOUIS,ST LOUIS
ST. LOUIS - 001111,74,1.0000000000,4.0000000000,4.0000000000,0,ST LOUIS,ST LOUIS
ST. LOUIS - 001112,74,1.0000000000,18.0000000000,18.0000000000,0,ST LOUIS,ST LOUIS
ST. LOUIS - 001113,74,1.0000000000,19.0000000001,19.0000000001,0,ST LOUIS,ST LOUIS
ST. LOUIS - 001114,74,1.0000000000,1.0000000000,1.0000000000,0,ST LOUIS,ST LOUIS
ST. LOUIS - 001115,74,1.0000000000,19.0000000000,19.0000000000,0,ST LOUIS,ST LOUIS
ST. LOUIS - 001116,74,1.0000000000,7.0000000000,7.0000000000,0,ST LOUIS,ST LOUIS
ST. LOUIS - 001117,74,1.0000000000,4.0000000000,4.0000000000,0,ST LOUIS,ST LOUIS
ST. LOUIS - 001118,74,1.0000000000,16.0000000000,16.0000000000,0,ST LOUIS,ST LOUIS
ST. LOUIS - 001119,85,1.0000000000,2.0000000000,2.0000000000,0,ST LOUIS,ST LOUIS
ST. LOUIS - 001120,74,1.0000000000,8.0000000000,8.0000000000,0,ST LOUIS,ST LOUIS
ST. LOUIS - 001121,85,1.0000000000,9.0000000000,9.0000000000,0,ST LOUIS,ST LOUIS
ST. LOUIS - 001122,85,1.0000000000,3.0000000000,3.0000000000,0,ST LOUIS,ST LOUIS
ST. LOUIS - 001123,74,1.0000000000,7.0000000000,7.0000000000,0,ST LOUIS,ST LOUIS
ST. LOUIS - 001124,85,1.0000000000,3.0000000000,3.0000000000,0,ST LOUIS,ST LOUIS
ST. LOUIS - 001125,74,1.0000000000,5.0000000000,5.0000000000,0,ST LOUIS,ST LOUIS
ST. LOUIS - 001126,74,1.0000000000,13.0000000000,13.0000000000,0,ST LOUIS,ST LOUIS
ST. LOUIS - 001127,85,1.0000000000,28.0000000000,28.0000000000,0,ST LOUIS,ST LOUIS
ST. LOUIS - 001128,85,1.0000000000,3.0000000000,3.0000000000,0,ST LOUIS,ST LOUIS
ST. LOUIS - 001129,74,1.0000000000,12.0000000000,12.0000000000,0,ST LOUIS,ST LOUIS
ST. LOUIS - 001130,74,1.0000000000,12.0000000000,12.0000000000,0,ST LOUIS,ST LOUIS
ST. LOUIS - 001131,74,0.0017869815,0.0142958523,8.0000000000,0,ST LOUIS,ST LOUIS
ST. LOUIS - 001131,85,0.9982130185,7.9857041477,8.0000000000,0,ST LOUIS,ST LOUIS
ST. LOUIS - 001132,74,0.9412708109,8.4714372982,9.0000000000,0,ST LOUIS,ST LOUIS
ST. LOUIS - 001132,85,0.0587291891,0.5285627018,9.0000000000,0,ST LOUIS,ST LOUIS
ST. LOUIS - 001133,74,1.0000000000,2.0000000000,2.0000000000,0,ST LOUIS,ST LOUIS
ST. LOUIS - 001134,74,1.0000000000,7.0000000000,7.0000000000,0,ST LOUIS,ST LOUIS
ST. LOUIS - 001135,74,1.0000000000,1.0000000000,1.0000000000,0,ST LOUIS,ST LOUIS
ST. LOUIS - 001136,85,1.0000000000,5.0000000000,5.0000000000,0,ST LOUIS,ST LOUIS
ST. LOUIS - 001137,74,0.6892084649,2.0676253946,3.0000000000,0,ST LOUIS,ST LOUIS
ST. LOUIS - 001137,85,0.3107915351,0.9323746054,3.0000000000,0,ST LOUIS,ST LOUIS
ST. LOUIS - 001138,74,0.1547291146,1.7020202603,11.0000000000,0,ST LOUIS,ST LOUIS
ST. LOUIS - 001138,85,0.8452708854,9.2979797397,11.0000000000,0,ST LOUIS,ST LOUIS
ST. LOUIS - 001139,73,0.1111111111,1.0000000000,9.0000000000,0,ST LOUIS,ST LOUIS
ST. LOUIS - 001139,74,0.8888888889,8.0000000000,9.0000000000,0,ST LOUIS,ST LOUIS
ST. LOUIS - 001140,74,1.0000000000,3.0000000000,3.0000000000,0,ST LOUIS,ST LOUIS
ST. LOUIS - 001141,74,0.4000000000,2.0000000000,5.0000000000,0,ST LOUIS,ST LOUIS
ST. LOUIS - 001141,85,0.6000000000,3.0000000000,5.0000000000,0,ST LOUIS,ST LOUIS
ST. LOUIS - 001142,85,1.0000000000,1.0000000000,1.0000000000,0,ST LOUIS,ST LOUIS
ST. LOUIS - 001143,85,1.0000000000,1.0000000000,1.0000000000,0,ST LOUIS,ST LOUIS
ST. LOUIS - 001144,85,1.0000000000,2.0000000000,2.0000000000,0,ST LOUIS,ST LOUIS
ST. LOUIS - 001145,85,1.0000000000,6.0000000000,6.0000000000,0,ST LOUIS,ST LOUIS
ST. LOUIS - 001146,73,1.0000000000,2.0000000000,2.0000000000,0,ST LOUIS,ST LOUIS
ST. LOUIS - 001147,85,1.0000000000,11.0000000000,11.0000000000,0,ST LOUIS,ST LOUIS
ST. LOUIS - 001148,73,1.0000000000,7.0000000000,7.0000000000,0,ST LOUIS,ST LOUIS
ST. LOUIS - 001149,73,1.0000000000,12.0000000000,12.0000000000,0,ST LOUIS,ST LOUIS
ST. LOUIS - 001150,73,1.0000000000,18.0000000000,18.0000000000,0,ST LOUIS,ST LOUIS
ST. LOUIS - 001151,73,1.0000000000,6.0000000000,6.0000000000,0,ST LOUIS,ST LOUIS
ST. LOUIS - 001152,70,0.0060210726,0.1324635979,22.0000000000,0,ST LOUIS,ST LOUIS
ST. LOUIS - 001152,73,0.9939789274,21.8675364021,22.0000000000,0,ST LOUIS,ST LOUIS
ST. LOUIS - 001153,73,1.0000000000,36.0000000000,36.0000000000,0,ST LOUIS,ST LOUIS
ST. LOUIS - 001154,73,1.0000000000,1.0000000000,1.0000000000,0,ST LOUIS,ST LOUIS
ST. LOUIS - 001155,85,1.0000000000,16.0000000000,16.0000000000,0,ST LOUIS,ST LOUIS
ST. LOUIS - 001156,85,1.0000000000,12.0000000000,12.0000000000,0,ST LOUIS,ST LOUIS
ST. LOUIS - 001157,85,1.0000000000,15.0000000000,15.0000000000,0,ST LOUIS,ST LOUIS
ST. LOUIS - 001158,85,1.0000000000,11.0000000000,11.0000000000,0,ST LOUIS,ST LOUIS
ST. LOUIS - 001159,85,1.0000000000,4.0000000000,4.0000000000,0,ST LOUIS,ST LOUIS
ST. LOUIS - 001160,73,1.0000000000,21.0000000000,21.0000000000,0,ST LOUIS,ST LOUIS
ST. LOUIS - 001161,85,1.0000000000,1.0000000000,1.0000000000,0,ST LOUIS,ST LOUIS
ST. LOUIS - 001162,73,1.0000000000,25.0000000000,25.0000000000,0,ST LOUIS,ST LOUIS
ST. LOUIS - 001163,85,1.0000000000,1.0000000000,1.0000000000,0,ST LOUIS,ST LOUIS
ST. LOUIS - 001164,73,1.0000000000,13.0000000000,13.0000000000,0,ST LOUIS,ST LOUIS
ST. LOUIS - 001165,73,1.0000000000,17.0000000000,17.0000000000,0,ST LOUIS,ST LOUIS
ST. LOUIS - 001166,73,0.9994233721,25.9850076753,26.0000000000,0,ST LOUIS,ST LOUIS
ST. LOUIS - 001166,74,0.0005766279,0.0149923247,26.0000000000,0,ST LOUIS,ST LOUIS
ST. LOUIS - 001167,85,1.0000000000,9.0000000000,9.0000000000,0,ST LOUIS,ST LOUIS
ST. LOUIS - 001168,85,1.0000000000,11.0000000000,11.0000000000,0,ST LOUIS,ST LOUIS
ST. LOUIS - 001169,73,1.0000000000,19.0000000000,19.0000000000,0,ST LOUIS,ST LOUIS
ST. LOUIS - 001170,73,1.0000000000,25.0000000000,25.0000000000,0,ST LOUIS,ST LOUIS
ST. LOUIS - 001171,73,1.0000000000,12.0000000000,12.0000000000,0,ST LOUIS,ST LOUIS
ST. LOUIS - 001172,73,1.0000000000,4.0000000000,4.0000000000,0,ST LOUIS,ST LOUIS
ST. LOUIS - 001173,73,0.9974874993,12.9673374912,13.0000000000,0,ST LOUIS,ST LOUIS
ST. LOUIS - 001173,85,0.0025125007,0.0326625088,13.0000000000,0,ST LOUIS,ST LOUIS
ST. LOUIS - 001174,85,1.0000000000,15.0000000000,15.0000000000,0,ST LOUIS,ST LOUIS
ST. LOUIS - 001175,73,0.0389810676,0.5847160142,15.0000000000,0,ST LOUIS,ST LOUIS
ST. LOUIS - 001175,85,0.9610189324,14.4152839858,15.0000000000,0,ST LOUIS,ST LOUIS
ST. LOUIS - 001176,73,0.8000000000,12.0000000000,15.0000000000,0,ST LOUIS,ST LOUIS
ST. LOUIS - 001176,85,0.2000000000,3.0000000000,15.0000000000,0,ST LOUIS,ST LOUIS
ST. LOUIS - 001177,85,1.0000000000,7.0000000000,7.0000000000,0,ST LOUIS,ST LOUIS
ST. LOUIS - 001178,85,1.0000000000,9.0000000000,9.0000000000,0,ST LOUIS,ST LOUIS
ST. LOUIS - 001179,85,1.0000000000,12.0000000000,12.0000000000,0,ST LOUIS,ST LOUIS
ST. LOUIS - 001180,85,1.0000000000,8.0000000000,8.0000000000,0,ST LOUIS,ST LOUIS
ST. LOUIS - 001181,85,1.0000000000,13.0000000000,13.0000000000,0,ST LOUIS,ST LOUIS
ST. LOUIS - 001182,85,1.0000000000,6.0000000000,6.0000000000,0,ST LOUIS,ST LOUIS
ST. LOUIS - 001183,85,1.0000000000,12.0000000000,12.0000000000,0,ST LOUIS,ST LOUIS
ST. LOUIS - 001184,85,1.0000000000,9.0000000000,9.0000000000,0,ST LOUIS,ST LOUIS
ST. LOUIS - 001185,85,1.0000000000,9.0000000000,9.0000000000,0,ST LOUIS,ST LOUIS
ST. LOUIS - 001186,66,0.0454545455,1.0000000000,22.0000000000,0,ST LOUIS,ST LOUIS
ST. LOUIS - 001186,85,0.9545454545,21.0000000000,22.0000000000,0,ST LOUIS,ST LOUIS
ST. LOUIS - 001187,85,1.0000000000,36.0000000000,36.0000000000,0,ST LOUIS,ST LOUIS
ST. LOUIS - 001188,85,1.0000000000,6.0000000000,6.0000000000,0,ST LOUIS,ST LOUIS
ST. LOUIS - 001189,85,1.0000000000,4.0000000000,4.0000000000,0,ST LOUIS,ST LOUIS
ST. LOUIS - 001190,66,0.0027843460,0.0612556124,22.0000000001,0,ST LOUIS,ST LOUIS
ST. LOUIS - 001190,85,0.9972156540,21.9387443877,22.0000000001,0,ST LOUIS,ST LOUIS
ST. LOUIS - 001191,85,1.0000000000,28.0000000000,28.0000000000,0,ST LOUIS,ST LOUIS
ST. LOUIS - 001192,85,1.0000000000,24.0000000000,24.0000000000,0,ST LOUIS,ST LOUIS
ST. LOUIS - 001193,73,1.0000000000,6.0000000000,6.0000000000,0,ST LOUIS,ST LOUIS
ST. LOUIS - 001194,85,1.0000000000,2.0000000000,2.0000000000,0,ST LOUIS,ST LOUIS
ST. LOUIS - 001195,70,0.0014468303,0.0217024549,15.0000000000,0,ST LOUIS,ST LOUIS
ST. LOUIS - 001195,87,0.9985531697,14.9782975451,15.0000000000,0,ST LOUIS,ST LOUIS
ST. LOUIS - 001196,75,1.0000000000,13.0000000000,13.0000000000,0,ST LOUIS,ST LOUIS
ST. LOUIS - 001197,70,1.0000000000,14.0000000000,14.0000000000,0,ST LOUIS,ST LOUIS
ST. LOUIS - 001198,75,1.0000000000,13.0000000000,13.0000000000,0,ST LOUIS,ST LOUIS
ST. LOUIS - 001199,70,1.0000000000,13.0000000001,13.0000000001,0,ST LOUIS,ST LOUIS
ST. LOUIS - 001200,70,1.0000000000,33.0000000000,33.0000000000,0,ST LOUIS,ST LOUIS
ST. LOUIS - 001201,70,1.0000000000,5.0000000000,5.0000000000,0,ST LOUIS,ST LOUIS
ST. LOUIS - 001202,68,0.1350732094,2.9716106077,22.0000000000,0,ST LOUIS,ST LOUIS
ST. LOUIS - 001202,70,0.0467449724,1.0283893923,22.0000000000,0,ST LOUIS,ST LOUIS
ST. LOUIS - 001202,75,0.8181818182,18.0000000000,22.0000000000,0,ST LOUIS,ST LOUIS
ST. LOUIS - 001203,70,0.8666666667,13.0000000000,15.0000000000,0,ST LOUIS,ST LOUIS
ST. LOUIS - 001203,75,0.1333333333,2.0000000000,15.0000000000,0,ST LOUIS,ST LOUIS
ST. LOUIS - 001204,75,1.0000000000,4.0000000000,4.0000000000,0,ST LOUIS,ST LOUIS
ST. LOUIS - 001205,70,1.0000000000,8.0000000000,8.0000000000,0,ST LOUIS,ST LOUIS
ST. LOUIS - 001206,70,1.0000000000,26.0000000000,26.0000000000,0,ST LOUIS,ST LOUIS
ST. LOUIS - 001207,87,1.0000000000,58.9999999999,58.9999999999,0,ST LOUIS,ST LOUIS
ST. LOUIS - 001208,70,1.0000000000,1.0000000000,1.0000000000,0,ST LOUIS,ST LOUIS
ST. LOUIS - 001209,68,1.0000000000,2.0000000000,2.0000000000,0,ST LOUIS,ST LOUIS
ST. LOUIS - 001210,75,1.0000000000,21.0000000000,21.0000000000,0,ST LOUIS,ST LOUIS
ST. LOUIS - 001211,70,1.0000000000,17.0000000000,17.0000000000,0,ST LOUIS,ST LOUIS
ST. LOUIS - 001212,70,1.0000000000,4.0000000000,4.0000000000,0,ST LOUIS,ST LOUIS
ST. LOUIS - 001213,87,1.0000000000,5.0000000000,5.0000000000,0,ST LOUIS,ST LOUIS
ST. LOUIS - 001214,70,0.0055518472,0.0555184722,10.0000000000,0,ST LOUIS,ST LOUIS
ST. LOUIS - 001214,87,0.9944481528,9.9444815278,10.0000000000,0,ST LOUIS,ST LOUIS
ST. LOUIS - 001215,70,0.1314502360,0.9201516523,7.0000000000,0,ST LOUIS,ST LOUIS
ST. LOUIS - 001215,87,0.8685497640,6.0798483477,7.0000000000,0,ST LOUIS,ST LOUIS
ST. LOUIS - 001216,70,1.0000000000,7.0000000000,7.0000000000,0,ST LOUIS,ST LOUIS
ST. LOUIS - 001217,70,1.0000000000,2.0000000000,2.0000000000,0,ST LOUIS,ST LOUIS
ST. LOUIS - 001218,70,1.0000000000,8.0000000000,8.0000000000,0,ST LOUIS,ST LOUIS
ST. LOUIS - 001219,70,1.0000000000,8.9999999999,8.9999999999,0,ST LOUIS,ST LOUIS
ST. LOUIS - 001220,70,0.8414405226,2.5243215678,3.0000000001,0,ST LOUIS,ST LOUIS
ST. LOUIS - 001220,87,0.1585594774,0.4756784323,3.0000000001,0,ST LOUIS,ST LOUIS
ST. LOUIS - 001221,70,1.0000000000,33.0000000000,33.0000000000,0,ST LOUIS,ST LOUIS
ST. LOUIS - 001222,75,1.0000000000,4.0000000000,4.0000000000,0,ST LOUIS,ST LOUIS
ST. LOUIS - 001223,70,1.0000000000,5.0000000000,5.0000000000,0,ST LOUIS,ST LOUIS
ST. LOUIS - 001224,70,1.0000000000,4.0000000000,4.0000000000,0,ST LOUIS,ST LOUIS
ST. LOUIS - 001225,70,1.0000000000,17.0000000000,17.0000000000,0,ST LOUIS,ST LOUIS
ST. LOUIS - 001226,70,0.9941798472,33.8021148036,34.0000000000,0,ST LOUIS,ST LOUIS
ST. LOUIS - 001226,87,0.0058201528,0.1978851964,34.0000000000,0,ST LOUIS,ST LOUIS
ST. LOUIS - 001227,87,1.0000000000,2.0000000000,2.0000000000,0,ST LOUIS,ST LOUIS
ST. LOUIS - 001228,70,1.0000000000,15.0000000000,15.0000000000,0,ST LOUIS,ST LOUIS
ST. LOUIS - 001229,87,1.0000000000,23.0000000000,23.0000000000,0,ST LOUIS,ST LOUIS
ST. LOUIS - 001230,70,1.0000000000,18.0000000000,18.0000000000,0,ST LOUIS,ST LOUIS
ST. LOUIS - 001231,70,1.0000000000,7.0000000000,7.0000000000,0,ST LOUIS,ST LOUIS
ST. LOUIS - 001232,87,1.0000000000,12.0000000000,12.0000000000,0,ST LOUIS,ST LOUIS
ST. LOUIS - 001233,68,0.8083419935,4.8500519611,6.0000000000,0,ST LOUIS,ST LOUIS
ST. LOUIS - 001233,70,0.1916580065,1.1499480389,6.0000000000,0,ST LOUIS,ST LOUIS
ST. LOUIS - 001234,70,1.0000000000,6.0000000000,6.0000000000,0,ST LOUIS,ST LOUIS
ST. LOUIS - 001235,70,1.0000000000,16.0000000000,16.0000000000,0,ST LOUIS,ST LOUIS
ST. LOUIS - 001236,70,1.0000000000,28.0000000000,28.0000000000,0,ST LOUIS,ST LOUIS
ST. LOUIS - 001237,70,0.9935598618,4.9677993092,5.0000000000,0,ST LOUIS,ST LOUIS
ST. LOUIS - 001237,87,0.0064401382,0.0322006908,5.0000000000,0,ST LOUIS,ST LOUIS
ST. LOUIS - 001238,70,1.0000000000,78.0000000000,78.0000000000,0,ST LOUIS,ST LOUIS
ST. LOUIS - 001239,70,1.0000000000,3.0000000000,3.0000000000,0,ST LOUIS,ST LOUIS
ST. LOUIS - 001240,70,1.0000000000,12.0000000000,12.0000000000,0,ST LOUIS,ST LOUIS
ST. LOUIS - 001241,70,1.0000000000,1.0000000000,1.0000000000,0,ST LOUIS,ST LOUIS
ST. LOUIS - 001242,70,1.0000000000,23.0000000000,23.0000000000,0,ST LOUIS,ST LOUIS
ST. LOUIS - 001243,70,0.0007236832,0.0123026151,17.0000000000,0,ST LOUIS,ST LOUIS
ST. LOUIS - 001243,87,0.9992763168,16.9876973849,17.0000000000,0,ST LOUIS,ST LOUIS
ST. LOUIS - 001244,70,1.0000000000,37.0000000000,37.0000000000,0,ST LOUIS,ST LOUIS
ST. LOUIS - 001245,70,1.0000000000,9.0000000000,9.0000000000,0,ST LOUIS,ST LOUIS
ST. LOUIS - 001246,70,1.0000000000,6.0000000000,6.0000000000,0,ST LOUIS,ST LOUIS
ST. LOUIS - 001247,70,1.0000000000,2.0000000000,2.0000000000,0,ST LOUIS,ST LOUIS
ST. LOUIS - 001248,70,1.0000000000,10.0000000000,10.0000000000,0,ST LOUIS,ST LOUIS
ST. LOUIS - 001249,70,0.9691251461,7.7530011686,8.0000000000,0,ST LOUIS,ST LOUIS
ST. LOUIS - 001249,87,0.0308748539,0.2469988314,8.0000000000,0,ST LOUIS,ST LOUIS
ST. LOUIS - 001250,70,0.9803003455,3.9212013822,4.0000000001,0,ST LOUIS,ST LOUIS
ST. LOUIS - 001250,87,0.0196996545,0.0787986179,4.0000000001,0,ST LOUIS,ST LOUIS
ST. LOUIS - 001251,70,1.0000000000,3.0000000000,3.0000000000,0,ST LOUIS,ST LOUIS
ST. LOUIS - 001252,70,0.0047249298,0.0094498596,2.0000000000,0,ST LOUIS,ST LOUIS
ST. LOUIS - 001252,87,0.9952750702,1.9905501404,2.0000000000,0,ST LOUIS,ST LOUIS
ST. LOUIS - 001253,70,1.0000000000,3.0000000000,3.0000000000,0,ST LOUIS,ST LOUIS
ST. LOUIS - 001254,70,1.0000000000,3.0000000000,3.0000000000,0,ST LOUIS,ST LOUIS
ST. LOUIS - 001255,70,1.0000000000,1.0000000000,1.0000000000,0,ST LOUIS,ST LOUIS
ST. LOUIS - 001256,70,0.9848325685,8.8634931166,9.0000000000,0,ST LOUIS,ST LOUIS
ST. LOUIS - 001256,87,0.0151674315,0.1365068834,9.0000000000,0,ST LOUIS,ST LOUIS
ST. LOUIS - 001257,70,1.0000000000,27.0000000002,27.0000000002,0,ST LOUIS,ST LOUIS
ST. LOUIS - 001258,70,1.0000000000,6.0000000000,6.0000000000,0,ST LOUIS,ST LOUIS
ST. LOUIS - 001259,70,1.0000000000,5.0000000000,5.0000000000,0,ST LOUIS,ST LOUIS
ST. LOUIS - 001260,87,1.0000000000,1.0000000000,1.0000000000,0,ST LOUIS,ST LOUIS
ST. LOUIS - 001261,70,1.0000000000,1.0000000000,1.0000000000,0,ST LOUIS,ST LOUIS
ST. LOUIS - 001262,70,1.0000000000,1.0000000000,1.0000000000,0,ST LOUIS,ST LOUIS
ST. LOUIS - 001263,75,1.0000000000,4.0000000000,4.0000000000,0,ST LOUIS,ST LOUIS
ST. LOUIS - 001264,75,1.0000000000,5.0000000000,5.0000000000,0,ST LOUIS,ST LOUIS
ST. LOUIS - 001265,75,1.0000000000,3.0000000001,3.0000000001,0,ST LOUIS,ST LOUIS
ST. LOUIS - 001266,75,1.0000000000,1.0000000000,1.0000000000,0,ST LOUIS,ST LOUIS
ST. LOUIS - 001267,70,1.0000000000,11.0000000000,11.0000000000,0,ST LOUIS,ST LOUIS
ST. LOUIS - 001268,70,1.0000000000,5.9999999999,5.9999999999,0,ST LOUIS,ST LOUIS
ST. LOUIS - 001269,94,1.0000000000,12.0000000000,12.0000000000,0,ST LOUIS,ST LOUIS
ST. LOUIS - 001270,94,1.0000000000,32.0000000001,32.0000000001,0,ST LOUIS,ST LOUIS
ST. LOUIS - 001271,94,1.0000000000,5.0000000000,5.0000000000,0,ST LOUIS,ST LOUIS
ST. LOUIS - 001272,94,1.0000000000,9.0000000000,9.0000000000,0,ST LOUIS,ST LOUIS
ST. LOUIS - 001273,94,1.0000000000,21.0000000000,21.0000000000,0,ST LOUIS,ST LOUIS
ST. LOUIS - 001274,94,1.0000000000,11.0000000000,11.0000000000,0,ST LOUIS,ST LOUIS
ST. LOUIS - 001275,95,1.0000000000,4.0000000000,4.0000000000,0,ST LOUIS,ST LOUIS
ST. LOUIS - 001276,94,0.6000000000,6.0000000000,10.0000000000,0,ST LOUIS,ST LOUIS
ST. LOUIS - 001276,95,0.4000000000,4.0000000000,10.0000000000,0,ST LOUIS,ST LOUIS
ST. LOUIS - 001277,94,1.0000000000,4.9999999999,4.9999999999,0,ST LOUIS,ST LOUIS
ST. LOUIS - 001278,95,1.0000000000,19.0000000000,19.0000000000,0,ST LOUIS,ST LOUIS
ST. LOUIS - 001279,94,1.0000000000,10.0000000000,10.0000000000,0,ST LOUIS,ST LOUIS
ST. LOUIS - 001280,93,0.1666666667,2.0000000000,12.0000000000,0,ST LOUIS,ST LOUIS
ST. LOUIS - 001280,94,0.8333333333,10.0000000000,12.0000000000,0,ST LOUIS,ST LOUIS
ST. LOUIS - 001281,95,1.0000000000,5.0000000000,5.0000000000,0,ST LOUIS,ST LOUIS
ST. LOUIS - 001282,94,1.0000000000,7.0000000000,7.0000000000,0,ST LOUIS,ST LOUIS
ST. LOUIS - 001283,95,1.0000000000,29.0000000000,29.0000000000,0,ST LOUIS,ST LOUIS
ST. LOUIS - 001284,94,1.0000000000,7.0000000000,7.0000000000,0,ST LOUIS,ST LOUIS
ST. LOUIS - 001285,95,1.0000000000,8.0000000000,8.0000000000,0,ST LOUIS,ST LOUIS
ST. LOUIS - 001286,95,1.0000000000,10.0000000000,10.0000000000,0,ST LOUIS,ST LOUIS
ST. LOUIS - 001287,95,1.0000000000,28.0000000000,28.0000000000,0,ST LOUIS,ST LOUIS
ST. LOUIS - 001288,95,1.0000000000,8.0000000000,8.0000000000,0,ST LOUIS,ST LOUIS
ST. LOUIS - 001289,95,1.0000000000,10.0000000000,10.0000000000,0,ST LOUIS,ST LOUIS
ST. LOUIS - 001290,94,0.3122511313,2.4980090508,8.0000000000,0,ST LOUIS,ST LOUIS
ST. LOUIS - 001290,95,0.6877488686,5.5019909492,8.0000000000,0,ST LOUIS,ST LOUIS
ST. LOUIS - 001291,94,1.0000000000,10.0000000000,10.0000000000,0,ST LOUIS,ST LOUIS
ST. LOUIS - 001292,94,1.0000000000,12.0000000000,12.0000000000,0,ST LOUIS,ST LOUIS
ST. LOUIS - 001293,95,1.0000000000,6.0000000000,6.0000000000,0,ST LOUIS,ST LOUIS
ST. LOUIS - 001294,95,1.0000000000,6.0000000000,6.0000000000,0,ST LOUIS,ST LOUIS
ST. LOUIS - 001295,95,1.0000000000,4.0000000000,4.0000000000,0,ST LOUIS,ST LOUIS
ST. LOUIS - 001296,95,1.0000000000,4.0000000000,4.0000000000,0,ST LOUIS,ST LOUIS
ST. LOUIS - 001297,94,1.0000000000,6.0000000000,6.0000000000,0,ST LOUIS,ST LOUIS
ST. LOUIS - 001298,94,1.0000000000,3.0000000000,3.0000000000,0,ST LOUIS,ST LOUIS
ST. LOUIS - 001299,94,1.0000000000,6.0000000000,6.0000000000,0,ST LOUIS,ST LOUIS
ST. LOUIS - 001300,95,1.0000000000,7.0000000000,7.0000000000,0,ST LOUIS,ST LOUIS
ST. LOUIS - 001301,94,1.0000000000,7.0000000000,7.0000000000,0,ST LOUIS,ST LOUIS
ST. LOUIS - 001302,94,1.0000000000,8.0000000000,8.0000000000,0,ST LOUIS,ST LOUIS
ST. LOUIS - 001303,95,1.0000000000,6.0000000000,6.0000000000,0,ST LOUIS,ST LOUIS
ST. LOUIS - 001304,94,1.0000000000,3.0000000000,3.0000000000,0,ST LOUIS,ST LOUIS
ST. LOUIS - 001305,95,1.0000000000,2.0000000000,2.0000000000,0,ST LOUIS,ST LOUIS
ST. LOUIS - 001306,98,1.0000000000,16.0000000000,16.0000000000,0,ST LOUIS,ST LOUIS
ST. LOUIS - 001307,98,1.0000000000,16.0000000000,16.0000000000,0,ST LOUIS,ST LOUIS
ST. LOUIS - 001308,98,1.0000000000,9.0000000000,9.0000000000,0,ST LOUIS,ST LOUIS
ST. LOUIS - 001309,98,0.9568104106,9.5681041064,10.0000000000,0,ST LOUIS,ST LOUIS
ST. LOUIS - 001309,100,0.0431895894,0.4318958936,10.0000000000,0,ST LOUIS,ST LOUIS
ST. LOUIS - 001310,98,1.0000000000,16.0000000000,16.0000000000,0,ST LOUIS,ST LOUIS
ST. LOUIS - 001311,89,0.9928263358,1.9856526716,2.0000000000,0,ST LOUIS,ST LOUIS
ST. LOUIS - 001311,90,0.0071736642,0.0143473284,2.0000000000,0,ST LOUIS,ST LOUIS
ST. LOUIS - 001312,98,1.0000000000,9.0000000000,9.0000000000,0,ST LOUIS,ST LOUIS
ST. LOUIS - 001313,90,1.0000000000,28.0000000000,28.0000000000,0,ST LOUIS,ST LOUIS
ST. LOUIS - 001314,89,0.3588995535,13.6381830326,38.0000000000,0,ST LOUIS,ST LOUIS
ST. LOUIS - 001314,90,0.6147846570,23.3618169674,38.0000000000,0,ST LOUIS,ST LOUIS
ST. LOUIS - 001314,98,0.0263157895,1.0000000000,38.0000000000,0,ST LOUIS,ST LOUIS
ST. LOUIS - 001315,98,1.0000000000,7.0000000000,7.0000000000,0,ST LOUIS,ST LOUIS
ST. LOUIS - 001316,90,0.9969245597,29.9077367914,30.0000000000,0,ST LOUIS,ST LOUIS
ST. LOUIS - 001316,98,0.0030754403,0.0922632086,30.0000000000,0,ST LOUIS,ST LOUIS
ST. LOUIS - 001317,100,1.0000000000,6.0000000000,6.0000000000,0,ST LOUIS,ST LOUIS
ST. LOUIS - 001318,100,1.0000000000,2.0000000000,2.0000000000,0,ST LOUIS,ST LOUIS
ST. LOUIS - 001319,98,1.0000000000,3.0000000000,3.0000000000,0,ST LOUIS,ST LOUIS
ST. LOUIS - 001320,89,0.9625922522,0.9625922522,1.0000000000,0,ST LOUIS,ST LOUIS
ST. LOUIS - 001320,90,0.0374077478,0.0374077478,1.0000000000,0,ST LOUIS,ST LOUIS
ST. LOUIS - 001321,98,1.0000000000,11.0000000000,11.0000000000,0,ST LOUIS,ST LOUIS
ST. LOUIS - 001322,98,1.0000000000,75.0000000000,75.0000000000,0,ST LOUIS,ST LOUIS
ST. LOUIS - 001323,98,1.0000000000,22.0000000000,22.0000000000,0,ST LOUIS,ST LOUIS
ST. LOUIS - 001324,98,0.1250000000,1.0000000000,8.0000000000,0,ST LOUIS,ST LOUIS
ST. LOUIS - 001324,100,0.8750000000,7.0000000000,8.0000000000,0,ST LOUIS,ST LOUIS
ST. LOUIS - 001325,98,1.0000000000,2.0000000000,2.0000000000,0,ST LOUIS,ST LOUIS
ST. LOUIS - 001326,98,1.0000000000,5.0000000000,5.0000000000,0,ST LOUIS,ST LOUIS
ST. LOUIS - 001327,98,1.0000000000,23.0000000000,23.0000000000,0,ST LOUIS,ST LOUIS
ST. LOUIS - 001328,98,1.0000000000,14.0000000000,14.0000000000,0,ST LOUIS,ST LOUIS
ST. LOUIS - 001329,100,1.0000000000,3.0000000000,3.0000000000,0,ST LOUIS,ST LOUIS
ST. LOUIS - 001330,98,1.0000000000,1.0000000000,1.0000000000,0,ST LOUIS,ST LOUIS
ST. LOUIS - 001331,98,0.1000000000,1.0000000000,10.0000000000,0,ST LOUIS,ST LOUIS
ST. LOUIS - 001331,100,0.9000000000,9.0000000000,10.0000000000,0,ST LOUIS,ST LOUIS
ST. LOUIS - 001332,100,1.0000000000,3.0000000000,3.0000000000,0,ST LOUIS,ST LOUIS
ST. LOUIS - 001333,98,1.0000000000,2.0000000000,2.0000000000,0,ST LOUIS,ST LOUIS
ST. LOUIS - 001334,98,1.0000000000,17.0000000000,17.0000000000,0,ST LOUIS,ST LOUIS
ST. LOUIS - 001335,98,1.0000000000,8.0000000000,8.0000000000,0,ST LOUIS,ST LOUIS
ST. LOUIS - 001336,98,1.0000000000,6.0000000000,6.0000000000,0,ST LOUIS,ST LOUIS
ST. LOUIS - 001337,98,1.0000000000,8.0000000000,8.0000000000,0,ST LOUIS,ST LOUIS
ST. LOUIS - 001338,98,1.0000000000,3.0000000000,3.0000000000,0,ST LOUIS,ST LOUIS
ST. LOUIS - 001339,98,1.0000000000,12.0000000000,12.0000000000,0,ST LOUIS,ST LOUIS
ST. LOUIS - 001340,98,1.0000000000,19.0000000000,19.0000000000,0,ST LOUIS,ST LOUIS
ST. LOUIS - 001341,98,1.0000000000,5.9999999999,5.9999999999,0,ST LOUIS,ST LOUIS
ST. LOUIS - 001342,98,1.0000000000,10.0000000000,10.0000000000,0,ST LOUIS,ST LOUIS
ST. LOUIS - 001343,98,1.0000000000,2.0000000000,2.0000000000,0,ST LOUIS,ST LOUIS
ST. LOUIS - 001344,98,1.0000000000,12.0000000000,12.0000000000,0,ST LOUIS,ST LOUIS
ST. LOUIS - 001345,90,0.1000000000,1.0000000000,10.0000000000,0,ST LOUIS,ST LOUIS
ST. LOUIS - 001345,98,0.9000000000,9.0000000000,10.0000000000,0,ST LOUIS,ST LOUIS
ST. LOUIS - 001346,98,1.0000000000,4.0000000000,4.0000000000,0,ST LOUIS,ST LOUIS
ST. LOUIS - 001347,98,1.0000000000,16.0000000000,16.0000000000,0,ST LOUIS,ST LOUIS
ST. LOUIS - 001348,98,1.0000000000,10.0000000000,10.0000000000,0,ST LOUIS,ST LOUIS
ST. LOUIS - 001349,98,1.0000000000,15.0000000000,15.0000000000,0,ST LOUIS,ST LOUIS
ST. LOUIS - 001350,90,0.2307692308,3.0000000000,13.0000000000,0,ST LOUIS,ST LOUIS
ST. LOUIS - 001350,98,0.7692307692,10.0000000000,13.0000000000,0,ST LOUIS,ST LOUIS
ST. LOUIS - 001351,98,1.0000000000,5.0000000000,5.0000000000,0,ST LOUIS,ST LOUIS
ST. LOUIS - 001352,98,0.9000000000,9.0000000000,10.0000000000,0,ST LOUIS,ST LOUIS
ST. LOUIS - 001352,100,0.1000000000,1.0000000000,10.0000000000,0,ST LOUIS,ST LOUIS
ST. LOUIS - 001353,98,1.0000000000,8.0000000000,8.0000000000,0,ST LOUIS,ST LOUIS
ST. LOUIS - 001354,98,1.0000000000,10.0000000000,10.0000000000,0,ST LOUIS,ST LOUIS
ST. LOUIS - 001355,98,1.0000000000,7.0000000000,7.0000000000,0,ST LOUIS,ST LOUIS
ST. LOUIS - 001356,98,1.0000000000,5.0000000000,5.0000000000,0,ST LOUIS,ST LOUIS
ST. LOUIS - 001357,90,0.2500000000,1.0000000000,4.0000000000,0,ST LOUIS,ST LOUIS
ST. LOUIS - 001357,98,0.7500000000,3.0000000000,4.0000000000,0,ST LOUIS,ST LOUIS
ST. LOUIS - 001358,90,0.1552105435,2.0177370651,12.9999999999,0,ST LOUIS,ST LOUIS
ST. LOUIS - 001358,98,0.8447894565,10.9822629348,12.9999999999,0,ST LOUIS,ST LOUIS
ST. LOUIS - 001359,98,1.0000000000,9.0000000000,9.0000000000,0,ST LOUIS,ST LOUIS
ST. LOUIS - 001360,98,1.0000000000,2.0000000000,2.0000000000,0,ST LOUIS,ST LOUIS
ST. LOUIS - 001361,98,0.6174384949,6.1743849493,10.0000000000,0,ST LOUIS,ST LOUIS
ST. LOUIS - 001361,100,0.3825615051,3.8256150507,10.0000000000,0,ST LOUIS,ST LOUIS
ST. LOUIS - 001362,98,1.0000000000,2.0000000000,2.0000000000,0,ST LOUIS,ST LOUIS
ST. LOUIS - 001363,98,1.0000000000,1.0000000000,1.0000000000,0,ST LOUIS,ST LOUIS
ST. LOUIS - 001365,98,1.0000000000,5.0000000000,5.0000000000,0,ST LOUIS,ST LOUIS
ST. LOUIS - 001366,98,1.0000000000,3.0000000000,3.0000000000,0,ST LOUIS,ST LOUIS
ST. LOUIS - 001367,98,1.0000000000,2.0000000000,2.0000000000,0,ST LOUIS,ST LOUIS
ST. LOUIS - 001368,66,0.8965517241,26.0000000000,29.0000000000,0,ST LOUIS,ST LOUIS
ST. LOUIS - 001368,73,0.1034482759,3.0000000000,29.0000000000,0,ST LOUIS,ST LOUIS
ST. LOUIS - 001369,66,0.8620076090,11.2060989164,13.0000000000,0,ST LOUIS,ST LOUIS
ST. LOUIS - 001369,85,0.1379923910,1.7939010836,13.0000000000,0,ST LOUIS,ST LOUIS
ST. LOUIS - 001370,66,0.1524327910,4.2681181485,28.0000000000,0,ST LOUIS,ST LOUIS
ST. LOUIS - 001370,85,0.8475672090,23.7318818515,28.0000000000,0,ST LOUIS,ST LOUIS
ST. LOUIS - 001371,66,0.5000000000,8.0000000000,16.0000000000,0,ST LOUIS,ST LOUIS
ST. LOUIS - 001371,85,0.5000000000,8.0000000000,16.0000000000,0,ST LOUIS,ST LOUIS
ST. LOUIS - 001372,66,0.8260869565,19.0000000000,23.0000000000,0,ST LOUIS,ST LOUIS
ST. LOUIS - 001372,85,0.1739130435,4.0000000000,23.0000000000,0,ST LOUIS,ST LOUIS
ST. LOUIS - 001373,66,1.0000000000,24.0000000000,24.0000000000,0,ST LOUIS,ST LOUIS
ST. LOUIS - 001374,66,1.0000000000,18.0000000000,18.0000000000,0,ST LOUIS,ST LOUIS
ST. LOUIS - 001375,66,1.0000000000,7.0000000000,7.0000000000,0,ST LOUIS,ST LOUIS
ST. LOUIS - 001376,66,1.0000000000,7.0000000000,7.0000000000,0,ST LOUIS,ST LOUIS
ST. LOUIS - 001377,66,1.0000000000,56.9999999999,56.9999999999,0,ST LOUIS,ST LOUIS
ST. LOUIS - 001378,66,1.0000000000,2.0000000000,2.0000000000,0,ST LOUIS,ST LOUIS
ST. LOUIS - 001379,66,1.0000000000,1.0000000000,1.0000000000,0,ST LOUIS,ST LOUIS
ST. LOUIS - 001380,66,0.9565217391,22.0000000000,23.0000000000,0,ST LOUIS,ST LOUIS
ST. LOUIS - 001380,85,0.0434782609,1.0000000000,23.0000000000,0,ST LOUIS,ST LOUIS
ST. LOUIS - 001381,66,1.0000000000,22.0000000000,22.0000000000,0,ST LOUIS,ST LOUIS
ST. LOUIS - 001382,66,1.0000000000,19.0000000000,19.0000000000,0,ST LOUIS,ST LOUIS
ST. LOUIS - 001383,66,0.9983232954,25.9564056809,26.0000000000,0,ST LOUIS,ST LOUIS
ST. LOUIS - 001383,85,0.0016767046,0.0435943191,26.0000000000,0,ST LOUIS,ST LOUIS
ST. LOUIS - 001384,66,1.0000000000,1.0000000000,1.0000000000,0,ST LOUIS,ST LOUIS
ST. LOUIS - 001385,66,1.0000000000,14.0000000000,14.0000000000,0,ST LOUIS,ST LOUIS
ST. LOUIS - 001386,66,1.0000000000,12.0000000000,12.0000000000,0,ST LOUIS,ST LOUIS
ST. LOUIS - 001387,66,1.0000000000,13.0000000000,13.0000000000,0,ST LOUIS,ST LOUIS
ST. LOUIS - 001388,66,1.0000000000,4.0000000000,4.0000000000,0,ST LOUIS,ST LOUIS
ST. LOUIS - 001389,85,1.0000000000,7.0000000000,7.0000000000,0,ST LOUIS,ST LOUIS
ST. LOUIS - 001390,66,0.9999844500,7.9998756000,8.0000000000,0,ST LOUIS,ST LOUIS
ST. LOUIS - 001390,85,0.0000155500,0.0001244000,8.0000000000,0,ST LOUIS,ST LOUIS
ST. LOUIS - 001391,85,1.0000000000,6.0000000000,6.0000000000,0,ST LOUIS,ST LOUIS
ST. LOUIS - 001392,66,1.0000000000,38.0000000000,38.0000000000,0,ST LOUIS,ST LOUIS
ST. LOUIS - 001393,66,1.0000000000,21.0000000001,21.0000000001,0,ST LOUIS,ST LOUIS
ST. LOUIS - 001394,66,1.0000000000,8.0000000000,8.0000000000,0,ST LOUIS,ST LOUIS
ST. LOUIS - 001395,66,1.0000000000,9.0000000000,9.0000000000,0,ST LOUIS,ST LOUIS
ST. LOUIS - 001396,66,1.0000000000,9.0000000000,9.0000000000,0,ST LOUIS,ST LOUIS
ST. LOUIS - 001397,66,1.0000000000,6.0000000000,6.0000000000,0,ST LOUIS,ST LOUIS
ST. LOUIS - 001398,66,1.0000000000,20.0000000000,20.0000000000,0,ST LOUIS,ST LOUIS
ST. LOUIS - 001399,66,1.0000000000,30.0000000000,30.0000000000,0,ST LOUIS,ST LOUIS
ST. LOUIS - 001400,66,1.0000000000,21.0000000000,21.0000000000,0,ST LOUIS,ST LOUIS
ST. LOUIS - 001401,66,1.0000000000,12.0000000000,12.0000000000,0,ST LOUIS,ST LOUIS
ST. LOUIS - 001402,66,1.0000000000,10.0000000000,10.0000000000,0,ST LOUIS,ST LOUIS
ST. LOUIS - 001403,66,1.0000000000,15.9999999999,15.9999999999,0,ST LOUIS,ST LOUIS
ST. LOUIS - 001404,66,1.0000000000,19.0000000000,19.0000000000,0,ST LOUIS,ST LOUIS
ST. LOUIS - 001405,66,1.0000000000,6.0000000000,6.0000000000,0,ST LOUIS,ST LOUIS
ST. LOUIS - 001406,66,1.0000000000,13.0000000001,13.0000000001,0,ST LOUIS,ST LOUIS
ST. LOUIS - 001407,66,1.0000000000,31.0000000000,31.0000000000,0,ST LOUIS,ST LOUIS
ST. LOUIS - 001408,66,1.0000000000,3.0000000000,3.0000000000,0,ST LOUIS,ST LOUIS
ST. LOUIS - 001409,66,1.0000000000,11.0000000000,11.0000000000,0,ST LOUIS,ST LOUIS
ST. LOUIS - 001410,66,1.0000000000,1.0000000000,1.0000000000,0,ST LOUIS,ST LOUIS
ST. LOUIS - 001411,67,0.9373406556,19.6841537676,20.9999999999,0,ST LOUIS,ST LOUIS
ST. LOUIS - 001411,68,0.0150402968,0.3158462323,20.9999999999,0,ST LOUIS,ST LOUIS
ST. LOUIS - 001411,75,0.0476190476,1.0000000000,20.9999999999,0,ST LOUIS,ST LOUIS
ST. LOUIS - 001412,67,1.0000000000,10.0000000000,10.0000000000,0,ST LOUIS,ST LOUIS
ST. LOUIS - 001413,66,0.5714285714,20.0000000000,35.0000000000,0,ST LOUIS,ST LOUIS
ST. LOUIS - 001413,67,0.4285714286,15.0000000000,35.0000000000,0,ST LOUIS,ST LOUIS
ST. LOUIS - 001414,66,0.1897956419,4.9346866898,25.9999999999,0,ST LOUIS,ST LOUIS
ST. LOUIS - 001414,67,0.8102043581,21.0653133101,25.9999999999,0,ST LOUIS,ST LOUIS
ST. LOUIS - 001415,66,1.0000000000,16.0000000000,16.0000000000,0,ST LOUIS,ST LOUIS
ST. LOUIS - 001416,67,1.0000000000,4.0000000000,4.0000000000,0,ST LOUIS,ST LOUIS
ST. LOUIS - 001417,67,0.9500000000,19.0000000000,20.0000000000,0,ST LOUIS,ST LOUIS
ST. LOUIS - 001417,75,0.0500000000,1.0000000000,20.0000000000,0,ST LOUIS,ST LOUIS
ST. LOUIS - 001418,67,1.0000000000,5.0000000000,5.0000000000,0,ST LOUIS,ST LOUIS
ST. LOUIS - 001419,68,1.0000000000,4.0000000000,4.0000000000,0,ST LOUIS,ST LOUIS
ST. LOUIS - 001420,67,1.0000000000,16.0000000000,16.0000000000,0,ST LOUIS,ST LOUIS
ST. LOUIS - 001421,67,1.0000000000,25.0000000000,25.0000000000,0,ST LOUIS,ST LOUIS
ST. LOUIS - 001422,68,1.0000000000,6.0000000000,6.0000000000,0,ST LOUIS,ST LOUIS
ST. LOUIS - 001423,66,1.0000000000,10.0000000000,10.0000000000,0,ST LOUIS,ST LOUIS
ST. LOUIS - 001424,67,1.0000000000,12.0000000000,12.0000000000,0,ST LOUIS,ST LOUIS
ST. LOUIS - 001425,75,1.0000000000,12.0000000000,12.0000000000,0,ST LOUIS,ST LOUIS
ST. LOUIS - 001426,67,0.9333333333,14.0000000000,15.0000000000,0,ST LOUIS,ST LOUIS
ST. LOUIS - 001426,75,0.0666666667,1.0000000000,15.0000000000,0,ST LOUIS,ST LOUIS
ST. LOUIS - 001427,66,1.0000000000,11.0000000000,11.0000000000,0,ST LOUIS,ST LOUIS
ST. LOUIS - 001428,68,0.0267472610,0.2139780877,8.0000000000,0,ST LOUIS,ST LOUIS
ST. LOUIS - 001428,75,0.9732527390,7.7860219123,8.0000000000,0,ST LOUIS,ST LOUIS
ST. LOUIS - 001429,66,0.7142857143,20.0000000000,28.0000000000,0,ST LOUIS,ST LOUIS
ST. LOUIS - 001429,67,0.2857142857,8.0000000000,28.0000000000,0,ST LOUIS,ST LOUIS
ST. LOUIS - 001430,68,0.6315789474,12.0000000000,19.0000000000,0,ST LOUIS,ST LOUIS
ST. LOUIS - 001430,75,0.3684210526,7.0000000000,19.0000000000,0,ST LOUIS,ST LOUIS
ST. LOUIS - 001431,68,0.0001389053,0.0005556214,4.0000000000,0,ST LOUIS,ST LOUIS
ST. LOUIS - 001431,75,0.9998610946,3.9994443786,4.0000000000,0,ST LOUIS,ST LOUIS
ST. LOUIS - 001432,75,1.0000000000,9.0000000000,9.0000000000,0,ST LOUIS,ST LOUIS
ST. LOUIS - 001433,66,0.4074074074,11.0000000000,27.0000000000,0,ST LOUIS,ST LOUIS
ST. LOUIS - 001433,67,0.5925925926,16.0000000000,27.0000000000,0,ST LOUIS,ST LOUIS
ST. LOUIS - 001434,67,1.0000000000,7.0000000000,7.0000000000,0,ST LOUIS,ST LOUIS
ST. LOUIS - 001435,67,1.0000000000,7.0000000000,7.0000000000,0,ST LOUIS,ST LOUIS
ST. LOUIS - 001436,67,0.1089806261,1.9616512704,18.0000000001,0,ST LOUIS,ST LOUIS
ST. LOUIS - 001436,75,0.8910193739,16.0383487297,18.0000000001,0,ST LOUIS,ST LOUIS
ST. LOUIS - 001437,67,1.0000000000,27.0000000000,27.0000000000,0,ST LOUIS,ST LOUIS
ST. LOUIS - 001438,67,1.0000000000,17.0000000000,17.0000000000,0,ST LOUIS,ST LOUIS
ST. LOUIS - 001439,67,1.0000000000,25.0000000000,25.0000000000,0,ST LOUIS,ST LOUIS
ST. LOUIS - 001440,66,0.7500000000,12.0000000000,16.0000000000,0,ST LOUIS,ST LOUIS
ST. LOUIS - 001440,67,0.2500000000,4.0000000000,16.0000000000,0,ST LOUIS,ST LOUIS
ST. LOUIS - 001441,68,1.0000000000,1.0000000000,1.0000000000,0,ST LOUIS,ST LOUIS
ST. LOUIS - 001442,68,1.0000000000,2.0000000000,2.0000000000,0,ST LOUIS,ST LOUIS
ST. LOUIS - 001443,66,1.0000000000,3.0000000000,3.0000000000,0,ST LOUIS,ST LOUIS
ST. LOUIS - 001444,75,1.0000000000,1.0000000000,1.0000000000,0,ST LOUIS,ST LOUIS
ST. LOUIS - 001445,95,1.0000000000,5.0000000000,5.0000000000,0,ST LOUIS,ST LOUIS
ST. LOUIS - 001446,95,1.0000000000,14.0000000000,14.0000000000,0,ST LOUIS,ST LOUIS
ST. LOUIS - 001447,96,1.0000000000,5.0000000000,5.0000000000,0,ST LOUIS,ST LOUIS
ST. LOUIS - 001448,96,1.0000000000,11.0000000000,11.0000000000,0,ST LOUIS,ST LOUIS
ST. LOUIS - 001449,95,1.0000000000,7.0000000000,7.0000000000,0,ST LOUIS,ST LOUIS
ST. LOUIS - 001450,96,1.0000000000,24.0000000000,24.0000000000,0,ST LOUIS,ST LOUIS
ST. LOUIS - 001451,94,1.0000000000,39.0000000000,39.0000000000,0,ST LOUIS,ST LOUIS
ST. LOUIS - 001452,94,1.0000000000,6.0000000000,6.0000000000,0,ST LOUIS,ST LOUIS
ST. LOUIS - 001453,95,1.0000000000,16.0000000000,16.0000000000,0,ST LOUIS,ST LOUIS
ST. LOUIS - 001454,95,1.0000000000,6.0000000000,6.0000000000,0,ST LOUIS,ST LOUIS
ST. LOUIS - 001455,96,1.0000000000,18.0000000000,18.0000000000,0,ST LOUIS,ST LOUIS
ST. LOUIS - 001456,96,1.0000000000,8.0000000000,8.0000000000,0,ST LOUIS,ST LOUIS
ST. LOUIS - 001457,92,0.0001304046,0.0015648547,12.0000000000,0,ST LOUIS,ST LOUIS
ST. LOUIS - 001457,96,0.9998695954,11.9984351453,12.0000000000,0,ST LOUIS,ST LOUIS
ST. LOUIS - 001458,92,0.7587722160,12.8991276719,17.0000000000,0,ST LOUIS,ST LOUIS
ST. LOUIS - 001458,95,0.2412277840,4.1008723281,17.0000000000,0,ST LOUIS,ST LOUIS
ST. LOUIS - 001459,95,1.0000000000,14.0000000000,14.0000000000,0,ST LOUIS,ST LOUIS
ST. LOUIS - 001460,95,1.0000000000,20.0000000000,20.0000000000,0,ST LOUIS,ST LOUIS
ST. LOUIS - 001461,95,1.0000000000,19.0000000000,19.0000000000,0,ST LOUIS,ST LOUIS
ST. LOUIS - 001462,94,0.8250000000,33.0000000000,40.0000000000,0,ST LOUIS,ST LOUIS
ST. LOUIS - 001462,95,0.1750000000,7.0000000000,40.0000000000,0,ST LOUIS,ST LOUIS
ST. LOUIS - 001463,92,1.0000000000,33.0000000000,33.0000000000,0,ST LOUIS,ST LOUIS
ST. LOUIS - 001464,95,1.0000000000,9.0000000000,9.0000000000,0,ST LOUIS,ST LOUIS
ST. LOUIS - 001465,94,1.0000000000,20.0000000000,20.0000000000,0,ST LOUIS,ST LOUIS
ST. LOUIS - 001466,92,0.8000000000,8.0000000000,10.0000000000,0,ST LOUIS,ST LOUIS
ST. LOUIS - 001466,94,0.2000000000,2.0000000000,10.0000000000,0,ST LOUIS,ST LOUIS
ST. LOUIS - 001467,92,0.7826086957,18.0000000000,23.0000000000,0,ST LOUIS,ST LOUIS
ST. LOUIS - 001467,94,0.2173913043,5.0000000000,23.0000000000,0,ST LOUIS,ST LOUIS
ST. LOUIS - 001468,95,1.0000000000,20.0000000000,20.0000000000,0,ST LOUIS,ST LOUIS
ST. LOUIS - 001469,94,0.0833333333,1.0000000000,12.0000000000,0,ST LOUIS,ST LOUIS
ST. LOUIS - 001469,95,0.9166666667,11.0000000000,12.0000000000,0,ST LOUIS,ST LOUIS
ST. LOUIS - 001470,94,1.0000000000,7.0000000000,7.0000000000,0,ST LOUIS,ST LOUIS
ST. LOUIS - 001471,94,1.0000000000,4.0000000000,4.0000000000,0,ST LOUIS,ST LOUIS
ST. LOUIS - 001472,94,1.0000000000,14.0000000000,14.0000000000,0,ST LOUIS,ST LOUIS
ST. LOUIS - 001473,94,0.7200000000,18.0000000000,25.0000000000,0,ST LOUIS,ST LOUIS
ST. LOUIS - 001473,95,0.2800000000,7.0000000000,25.0000000000,0,ST LOUIS,ST LOUIS
ST. LOUIS - 001474,94,1.0000000000,8.0000000000,8.0000000000,0,ST LOUIS,ST LOUIS
ST. LOUIS - 001475,94,1.0000000000,9.0000000001,9.0000000001,0,ST LOUIS,ST LOUIS
ST. LOUIS - 001476,94,0.3000000000,3.0000000000,10.0000000000,0,ST LOUIS,ST LOUIS
ST. LOUIS - 001476,95,0.7000000000,7.0000000000,10.0000000000,0,ST LOUIS,ST LOUIS
ST. LOUIS - 001477,96,1.0000000000,2.0000000000,2.0000000000,0,ST LOUIS,ST LOUIS
ST. LOUIS - 001478,96,1.0000000000,18.0000000000,18.0000000000,0,ST LOUIS,ST LOUIS
ST. LOUIS - 001479,74,1.0000000000,29.0000000000,29.0000000000,0,ST LOUIS,ST LOUIS
ST. LOUIS - 001480,74,1.0000000000,4.0000000000,4.0000000000,0,ST LOUIS,ST LOUIS
ST. LOUIS - 001481,74,1.0000000000,12.0000000000,12.0000000000,0,ST LOUIS,ST LOUIS
ST. LOUIS - 001482,74,0.7178148669,1.4356297339,2.0000000000,0,ST LOUIS,ST LOUIS
ST. LOUIS - 001482,85,0.2821851330,0.5643702661,2.0000000000,0,ST LOUIS,ST LOUIS
ST. LOUIS - 001483,74,1.0000000000,5.0000000000,5.0000000000,0,ST LOUIS,ST LOUIS
ST. LOUIS - 001484,74,1.0000000000,5.0000000000,5.0000000000,0,ST LOUIS,ST LOUIS
ST. LOUIS - 001485,74,0.9206219042,13.8093285627,15.0000000000,0,ST LOUIS,ST LOUIS
ST. LOUIS - 001485,84,0.0793780958,1.1906714373,15.0000000000,0,ST LOUIS,ST LOUIS
ST. LOUIS - 001486,74,1.0000000000,19.0000000000,19.0000000000,0,ST LOUIS,ST LOUIS
ST. LOUIS - 001487,74,0.9902779924,16.8347258706,17.0000000000,0,ST LOUIS,ST LOUIS
ST. LOUIS - 001487,84,0.0097220076,0.1652741294,17.0000000000,0,ST LOUIS,ST LOUIS
ST. LOUIS - 001488,74,1.0000000000,30.0000000000,30.0000000000,0,ST LOUIS,ST LOUIS
ST. LOUIS - 001489,74,1.0000000000,14.0000000000,14.0000000000,0,ST LOUIS,ST LOUIS
ST. LOUIS - 001490,74,0.9589051428,22.0548182842,23.0000000000,0,ST LOUIS,ST LOUIS
ST. LOUIS - 001490,84,0.0410948572,0.9451817158,23.0000000000,0,ST LOUIS,ST LOUIS
ST. LOUIS - 001491,74,1.0000000000,4.0000000000,4.0000000000,0,ST LOUIS,ST LOUIS
ST. LOUIS - 001492,86,1.0000000000,50.0000000000,50.0000000000,0,ST LOUIS,ST LOUIS
ST. LOUIS - 001493,74,0.0698236980,2.0248872412,29.0000000000,0,ST LOUIS,ST LOUIS
ST. LOUIS - 001493,86,0.9301763020,26.9751127588,29.0000000000,0,ST LOUIS,ST LOUIS
ST. LOUIS - 001494,86,1.0000000000,12.0000000000,12.0000000000,0,ST LOUIS,ST LOUIS
ST. LOUIS - 001495,74,0.9932632462,39.7305298498,40.0000000000,0,ST LOUIS,ST LOUIS
ST. LOUIS - 001495,86,0.0067367538,0.2694701502,40.0000000000,0,ST LOUIS,ST LOUIS
ST. LOUIS - 001496,74,0.8194405930,3.2777623719,4.0000000000,0,ST LOUIS,ST LOUIS
ST. LOUIS - 001496,86,0.1805594070,0.7222376281,4.0000000000,0,ST LOUIS,ST LOUIS
ST. LOUIS - 001497,74,0.1092448899,2.7311222485,25.0000000000,0,ST LOUIS,ST LOUIS
ST. LOUIS - 001497,86,0.8907551101,22.2688777515,25.0000000000,0,ST LOUIS,ST LOUIS
ST. LOUIS - 001498,86,1.0000000000,6.0000000000,6.0000000000,0,ST LOUIS,ST LOUIS
ST. LOUIS - 001499,74,0.1184639499,3.4354545462,29.0000000000,0,ST LOUIS,ST LOUIS
ST. LOUIS - 001499,85,0.8815360501,25.5645454538,29.0000000000,0,ST LOUIS,ST LOUIS
ST. LOUIS - 001500,86,1.0000000000,9.0000000000,9.0000000000,0,ST LOUIS,ST LOUIS
ST. LOUIS - 001501,86,1.0000000000,15.0000000000,15.0000000000,0,ST LOUIS,ST LOUIS
ST. LOUIS - 001502,86,1.0000000000,19.0000000000,19.0000000000,0,ST LOUIS,ST LOUIS
ST. LOUIS - 001503,86,1.0000000000,31.0000000000,31.0000000000,0,ST LOUIS,ST LOUIS
ST. LOUIS - 001504,86,1.0000000000,14.0000000000,14.0000000000,0,ST LOUIS,ST LOUIS
ST. LOUIS - 001505,74,0.0779056754,2.0255475592,26.0000000000,0,ST LOUIS,ST LOUIS
ST. LOUIS - 001505,86,0.9220943246,23.9744524408,26.0000000000,0,ST LOUIS,ST LOUIS
ST. LOUIS - 001506,86,1.0000000000,20.0000000000,20.0000000000,0,ST LOUIS,ST LOUIS
ST. LOUIS - 001507,86,1.0000000000,29.0000000000,29.0000000000,0,ST LOUIS,ST LOUIS
ST. LOUIS - 001508,86,1.0000000000,9.0000000000,9.0000000000,0,ST LOUIS,ST LOUIS
ST. LOUIS - 001509,86,1.0000000000,22.0000000000,22.0000000000,0,ST LOUIS,ST LOUIS
ST. LOUIS - 001510,86,1.0000000000,3.0000000000,3.0000000000,0,ST LOUIS,ST LOUIS
ST. LOUIS - 001511,86,1.0000000000,13.0000000000,13.0000000000,0,ST LOUIS,ST LOUIS
ST. LOUIS - 001512,86,1.0000000000,9.0000000000,9.0000000000,0,ST LOUIS,ST LOUIS
ST. LOUIS - 001513,86,1.0000000000,12.0000000000,12.0000000000,0,ST LOUIS,ST LOUIS
ST. LOUIS - 001514,86,1.0000000000,9.0000000000,9.0000000000,0,ST LOUIS,ST LOUIS
ST. LOUIS - 001515,74,1.0000000000,17.0000000000,17.0000000000,0,ST LOUIS,ST LOUIS
ST. LOUIS - 001516,86,1.0000000000,7.0000000000,7.0000000000,0,ST LOUIS,ST LOUIS
ST. LOUIS - 001517,86,1.0000000000,3.0000000000,3.0000000000,0,ST LOUIS,ST LOUIS
ST. LOUIS - 001518,86,1.0000000000,17.0000000000,17.0000000000,0,ST LOUIS,ST LOUIS
ST. LOUIS - 001519,86,0.9997931897,10.9977250863,11.0000000000,0,ST LOUIS,ST LOUIS
ST. LOUIS - 001519,99,0.0002068103,0.0022749137,11.0000000000,0,ST LOUIS,ST LOUIS
ST. LOUIS - 001520,86,1.0000000000,9.0000000000,9.0000000000,0,ST LOUIS,ST LOUIS
ST. LOUIS - 001521,86,1.0000000000,1.0000000000,1.0000000000,0,ST LOUIS,ST LOUIS
ST. LOUIS - 001522,86,0.9837848558,2.9513545674,3.0000000000,0,ST LOUIS,ST LOUIS
ST. LOUIS - 001522,99,0.0162151442,0.0486454326,3.0000000000,0,ST LOUIS,ST LOUIS
ST. LOUIS - 001523,86,1.0000000000,11.0000000000,11.0000000000,0,ST LOUIS,ST LOUIS
ST. LOUIS - 001524,74,1.0000000000,26.0000000000,26.0000000000,0,ST LOUIS,ST LOUIS
ST. LOUIS - 001525,74,0.8845896245,8.8458962450,10.0000000001,0,ST LOUIS,ST LOUIS
ST. LOUIS - 001525,84,0.1067962703,1.0679627031,10.0000000001,0,ST LOUIS,ST LOUIS
ST. LOUIS - 001525,85,0.0086141052,0.0861410520,10.0000000001,0,ST LOUIS,ST LOUIS
ST. LOUIS - 001526,74,1.0000000000,1.0000000000,1.0000000000,0,ST LOUIS,ST LOUIS
ST. LOUIS - 001527,74,0.9412219813,20.7068835877,22.0000000000,0,ST LOUIS,ST LOUIS
ST. LOUIS - 001527,85,0.0587780187,1.2931164123,22.0000000000,0,ST LOUIS,ST LOUIS
ST. LOUIS - 001528,74,1.0000000000,3.0000000000,3.0000000000,0,ST LOUIS,ST LOUIS
ST. LOUIS - 001529,74,1.0000000000,1.0000000000,1.0000000000,0,ST LOUIS,ST LOUIS
ST. LOUIS - 001530,74,0.6735197268,5.3881578148,8.0000000001,0,ST LOUIS,ST LOUIS
ST. LOUIS - 001530,84,0.1778226558,1.4225812465,8.0000000001,0,ST LOUIS,ST LOUIS
ST. LOUIS - 001530,86,0.1486576173,1.1892609388,8.0000000001,0,ST LOUIS,ST LOUIS
ST. LOUIS - 001531,84,0.3082103075,1.8492618448,6.0000000000,0,ST LOUIS,ST LOUIS
ST. LOUIS - 001531,86,0.6917896925,4.1507381552,6.0000000000,0,ST LOUIS,ST LOUIS
ST. LOUIS - 001532,74,1.0000000000,1.0000000000,1.0000000000,0,ST LOUIS,ST LOUIS
ST. LOUIS - 001533,100,1.0000000000,2.0000000000,2.0000000000,0,ST LOUIS,ST LOUIS
ST. LOUIS - 001534,88,0.2000000000,2.0000000000,10.0000000000,0,ST LOUIS,ST LOUIS
ST. LOUIS - 001534,110,0.8000000000,8.0000000000,10.0000000000,0,ST LOUIS,ST LOUIS
ST. LOUIS - 001535,110,1.0000000000,18.0000000000,18.0000000000,0,ST LOUIS,ST LOUIS
ST. LOUIS - 001536,110,1.0000000000,1.0000000000,1.0000000000,0,ST LOUIS,ST LOUIS
ST. LOUIS - 001537,88,0.0088770682,0.0266312046,3.0000000000,0,ST LOUIS,ST LOUIS
ST. LOUIS - 001537,110,0.9911229318,2.9733687954,3.0000000000,0,ST LOUIS,ST LOUIS
ST. LOUIS - 001538,100,1.0000000000,10.0000000000,10.0000000000,0,ST LOUIS,ST LOUIS
ST. LOUIS - 001539,88,0.2475738657,0.4951477314,2.0000000000,0,ST LOUIS,ST LOUIS
ST. LOUIS - 001539,110,0.7524261343,1.5048522686,2.0000000000,0,ST LOUIS,ST LOUIS
ST. LOUIS - 001540,110,1.0000000000,15.0000000000,15.0000000000,0,ST LOUIS,ST LOUIS
ST. LOUIS - 001541,110,1.0000000000,22.0000000000,22.0000000000,0,ST LOUIS,ST LOUIS
ST. LOUIS - 001542,110,1.0000000000,1.0000000000,1.0000000000,0,ST LOUIS,ST LOUIS
ST. LOUIS - 001543,100,1.0000000000,21.0000000000,21.0000000000,0,ST LOUIS,ST LOUIS
ST. LOUIS - 001544,110,1.0000000000,13.0000000000,13.0000000000,0,ST LOUIS,ST LOUIS
ST. LOUIS - 001545,110,1.0000000000,15.0000000000,15.0000000000,0,ST LOUIS,ST LOUIS
ST. LOUIS - 001546,88,0.0004460490,0.0035683922,8.0000000000,0,ST LOUIS,ST LOUIS
ST. LOUIS - 001546,110,0.9995539510,7.9964316078,8.0000000000,0,ST LOUIS,ST LOUIS
ST. LOUIS - 001547,100,1.0000000000,8.0000000000,8.0000000000,0,ST LOUIS,ST LOUIS
ST. LOUIS - 001548,88,0.9997032267,20.9937677607,21.0000000000,0,ST LOUIS,ST LOUIS
ST. LOUIS - 001548,110,0.0002967733,0.0062322393,21.0000000000,0,ST LOUIS,ST LOUIS
ST. LOUIS - 001549,88,0.9998608436,3.9994433744,4.0000000000,0,ST LOUIS,ST LOUIS
ST. LOUIS - 001549,110,0.0001391564,0.0005566256,4.0000000000,0,ST LOUIS,ST LOUIS
ST. LOUIS - 001550,88,0.1111111111,1.0000000000,9.0000000000,0,ST LOUIS,ST LOUIS
ST. LOUIS - 001550,110,0.8888888889,8.0000000000,9.0000000000,0,ST LOUIS,ST LOUIS
ST. LOUIS - 001551,88,0.0007856265,0.0086418914,11.0000000000,0,ST LOUIS,ST LOUIS
ST. LOUIS - 001551,110,0.9992143735,10.9913581086,11.0000000000,0,ST LOUIS,ST LOUIS
ST. LOUIS - 001552,110,1.0000000000,17.0000000000,17.0000000000,0,ST LOUIS,ST LOUIS
ST. LOUIS - 001553,110,1.0000000000,16.0000000000,16.0000000000,0,ST LOUIS,ST LOUIS
ST. LOUIS - 001554,110,1.0000000000,3.0000000000,3.0000000000,0,ST LOUIS,ST LOUIS
ST. LOUIS - 001555,110,1.0000000000,1.0000000000,1.0000000000,0,ST LOUIS,ST LOUIS
ST. LOUIS - 001556,100,1.0000000000,2.0000000000,2.0000000000,0,ST LOUIS,ST LOUIS
ST. LOUIS - 001557,88,1.0000000000,19.0000000000,19.0000000000,0,ST LOUIS,ST LOUIS
ST. LOUIS - 001558,88,0.0491657273,0.6391544543,13.0000000000,0,ST LOUIS,ST LOUIS
ST. LOUIS - 001558,110,0.9508342727,12.3608455457,13.0000000000,0,ST LOUIS,ST LOUIS
ST. LOUIS - 001559,88,0.7883561164,14.9787662109,19.0000000000,0,ST LOUIS,ST LOUIS
ST. LOUIS - 001559,110,0.2116438836,4.0212337891,19.0000000000,0,ST LOUIS,ST LOUIS
ST. LOUIS - 001560,88,0.8571428571,6.0000000001,7.0000000001,0,ST LOUIS,ST LOUIS
ST. LOUIS - 001560,110,0.1428571429,1.0000000000,7.0000000001,0,ST LOUIS,ST LOUIS
ST. LOUIS - 001561,100,1.0000000000,7.0000000000,7.0000000000,0,ST LOUIS,ST LOUIS
ST. LOUIS - 001562,88,0.6666666667,2.0000000000,3.0000000000,0,ST LOUIS,ST LOUIS
ST. LOUIS - 001562,100,0.3333333333,1.0000000000,3.0000000000,0,ST LOUIS,ST LOUIS
ST. LOUIS - 001563,88,0.8500000000,17.0000000001,20.0000000001,0,ST LOUIS,ST LOUIS
ST. LOUIS - 001563,100,0.1500000000,3.0000000000,20.0000000001,0,ST LOUIS,ST LOUIS
ST. LOUIS - 001564,88,1.0000000000,3.0000000000,3.0000000000,0,ST LOUIS,ST LOUIS
ST. LOUIS - 001565,100,1.0000000000,6.0000000000,6.0000000000,0,ST LOUIS,ST LOUIS
ST. LOUIS - 001566,100,1.0000000000,18.0000000000,18.0000000000,0,ST LOUIS,ST LOUIS
ST. LOUIS - 001567,88,1.0000000000,8.0000000000,8.0000000000,0,ST LOUIS,ST LOUIS
ST. LOUIS - 001568,88,1.0000000000,5.0000000000,5.0000000000,0,ST LOUIS,ST LOUIS
ST. LOUIS - 001569,88,0.9988773924,4.9943869620,5.0000000000,0,ST LOUIS,ST LOUIS
ST. LOUIS - 001569,110,0.0011226076,0.0056130380,5.0000000000,0,ST LOUIS,ST LOUIS
ST. LOUIS - 001570,88,1.0000000000,6.0000000000,6.0000000000,0,ST LOUIS,ST LOUIS
ST. LOUIS - 001571,88,1.0000000000,5.0000000000,5.0000000000,0,ST LOUIS,ST LOUIS
ST. LOUIS - 001572,88,0.9999435611,8.9994920495,9.0000000000,0,ST LOUIS,ST LOUIS
ST. LOUIS - 001572,100,0.0000564389,0.0005079505,9.0000000000,0,ST LOUIS,ST LOUIS
ST. LOUIS - 001573,88,0.7142857143,5.0000000000,7.0000000000,0,ST LOUIS,ST LOUIS
ST. LOUIS - 001573,100,0.2857142857,2.0000000000,7.0000000000,0,ST LOUIS,ST LOUIS
ST. LOUIS - 001574,100,1.0000000000,4.0000000000,4.0000000000,0,ST LOUIS,ST LOUIS
ST. LOUIS - 001575,100,1.0000000000,5.0000000000,5.0000000000,0,ST LOUIS,ST LOUIS
ST. LOUIS - 001576,100,1.0000000000,8.0000000000,8.0000000000,0,ST LOUIS,ST LOUIS
ST. LOUIS - 001577,100,1.0000000000,10.0000000000,10.0000000000,0,ST LOUIS,ST LOUIS
ST. LOUIS - 001578,100,1.0000000000,13.0000000000,13.0000000000,0,ST LOUIS,ST LOUIS
ST. LOUIS - 001579,100,1.0000000000,9.0000000000,9.0000000000,0,ST LOUIS,ST LOUIS
ST. LOUIS - 001580,100,1.0000000000,8.0000000000,8.0000000000,0,ST LOUIS,ST LOUIS
ST. LOUIS - 001581,100,1.0000000000,2.0000000000,2.0000000000,0,ST LOUIS,ST LOUIS
ST. LOUIS - 001582,100,1.0000000000,5.0000000000,5.0000000000,0,ST LOUIS,ST LOUIS
ST. LOUIS - 001583,100,1.0000000000,5.0000000000,5.0000000000,0,ST LOUIS,ST LOUIS
ST. LOUIS - 001584,110,1.0000000000,3.0000000000,3.0000000000,0,ST LOUIS,ST LOUIS
ST. LOUIS - 001585,88,0.8392641332,5.0355847992,6.0000000000,0,ST LOUIS,ST LOUIS
ST. LOUIS - 001585,110,0.1607358668,0.9644152008,6.0000000000,0,ST LOUIS,ST LOUIS
ST. LOUIS - 001586,98,0.5000000000,2.0000000000,4.0000000000,0,ST LOUIS,ST LOUIS
ST. LOUIS - 001586,100,0.5000000000,2.0000000000,4.0000000000,0,ST LOUIS,ST LOUIS
ST. LOUIS - 001587,88,0.9180411329,1.8360822657,1.9999999999,0,ST LOUIS,ST LOUIS
ST. LOUIS - 001587,100,0.0819588671,0.1639177342,1.9999999999,0,ST LOUIS,ST LOUIS
ST. LOUIS CITY - 000002,84,1.0000000000,17.0000000000,17.0000000000,0,ST LOUIS CITY,ST LOUIS CITY
ST. LOUIS CITY - 000003,77,0.0250000000,1.0000000000,40.0000000000,0,ST LOUIS CITY,ST LOUIS CITY
ST. LOUIS CITY - 000003,84,0.9750000000,39.0000000000,40.0000000000,0,ST LOUIS CITY,ST LOUIS CITY
ST. LOUIS CITY - 000004,76,0.9714285714,34.0000000000,35.0000000000,0,ST LOUIS CITY,ST LOUIS CITY
ST. LOUIS CITY - 000004,84,0.0285714286,1.0000000000,35.0000000000,0,ST LOUIS CITY,ST LOUIS CITY
ST. LOUIS CITY - 000005,76,0.9649122807,55.0000000000,57.0000000000,0,ST LOUIS CITY,ST LOUIS CITY
ST. LOUIS CITY - 000005,84,0.0350877193,2.0000000000,57.0000000000,0,ST LOUIS CITY,ST LOUIS CITY
ST. LOUIS CITY - 000006,77,1.0000000000,41.0000000000,41.0000000000,0,ST LOUIS CITY,ST LOUIS CITY
ST. LOUIS CITY - 000007,76,1.0000000000,8.0000000000,8.0000000000,0,ST LOUIS CITY,ST LOUIS CITY
ST. LOUIS CITY - 000008,76,0.2857142857,10.0000000000,35.0000000000,0,ST LOUIS CITY,ST LOUIS CITY
ST. LOUIS CITY - 000008,77,0.7142857143,25.0000000000,35.0000000000,0,ST LOUIS CITY,ST LOUIS CITY
ST. LOUIS CITY - 000009,76,1.0000000000,27.0000000000,27.0000000000,0,ST LOUIS CITY,ST LOUIS CITY
ST. LOUIS CITY - 000010,76,1.0000000000,199.0000000001,199.0000000001,0,ST LOUIS CITY,ST LOUIS CITY
ST. LOUIS CITY - 000011,76,1.0000000000,101.0000000000,101.0000000000,0,ST LOUIS CITY,ST LOUIS CITY
ST. LOUIS CITY - 000012,66,0.0272637862,2.8354337620,104.0000000000,0,ST LOUIS CITY,ST LOUIS CITY
ST. LOUIS CITY - 000012,76,0.9727362138,101.1645662380,104.0000000000,0,ST LOUIS CITY,ST LOUIS CITY
ST. LOUIS CITY - 000013,76,1.0000000000,22.0000000000,22.0000000000,0,ST LOUIS CITY,ST LOUIS CITY
ST. LOUIS CITY - 000014,76,1.0000000000,40.0000000000,40.0000000000,0,ST LOUIS CITY,ST LOUIS CITY
ST. LOUIS CITY - 000015,76,1.0000000000,44.0000000000,44.0000000000,0,ST LOUIS CITY,ST LOUIS CITY
ST. LOUIS CITY - 000016,79,1.0000000000,6.0000000000,6.0000000000,0,ST LOUIS CITY,ST LOUIS CITY
ST. LOUIS CITY - 000017,79,1.0000000000,48.0000000000,48.0000000000,0,ST LOUIS CITY,ST LOUIS CITY
ST. LOUIS CITY - 000018,76,0.5510204082,27.0000000000,49.0000000000,0,ST LOUIS CITY,ST LOUIS CITY
ST. LOUIS CITY - 000018,79,0.4489795918,22.0000000000,49.0000000000,0,ST LOUIS CITY,ST LOUIS CITY
ST. LOUIS CITY - 000019,76,0.3373493976,28.0000000000,83.0000000000,0,ST LOUIS CITY,ST LOUIS CITY
ST. LOUIS CITY - 000019,79,0.6626506024,55.0000000000,83.0000000000,0,ST LOUIS CITY,ST LOUIS CITY
ST. LOUIS CITY - 000020,76,0.3959322034,23.3600000000,59.0000000000,0,ST LOUIS CITY,ST LOUIS CITY
ST. LOUIS CITY - 000020,77,0.0338983051,2.0000000000,59.0000000000,0,ST LOUIS CITY,ST LOUIS CITY
ST. LOUIS CITY - 000020,79,0.5701694915,33.6400000000,59.0000000000,0,ST LOUIS CITY,ST LOUIS CITY
ST. LOUIS CITY - 000021,77,0.5555555556,5.0000000000,9.0000000000,0,ST LOUIS CITY,ST LOUIS CITY
ST. LOUIS CITY - 000021,79,0.4444444444,4.0000000000,9.0000000000,0,ST LOUIS CITY,ST LOUIS CITY
ST. LOUIS CITY - 000022,76,1.0000000000,32.0000000000,32.0000000000,0,ST LOUIS CITY,ST LOUIS CITY
ST. LOUIS CITY - 000023,76,1.0000000000,44.0000000000,44.0000000000,0,ST LOUIS CITY,ST LOUIS CITY
ST. LOUIS CITY - 000024,79,1.0000000000,2.0000000000,2.0000000000,0,ST LOUIS CITY,ST LOUIS CITY
ST. LOUIS CITY - 000025,77,0.2142857143,9.0000000000,42.0000000000,0,ST LOUIS CITY,ST LOUIS CITY
ST. LOUIS CITY - 000025,79,0.7857142857,33.0000000000,42.0000000000,0,ST LOUIS CITY,ST LOUIS CITY
ST. LOUIS CITY - 000026,77,0.3928571429,22.0000000000,56.0000000000,0,ST LOUIS CITY,ST LOUIS CITY
ST. LOUIS CITY - 000026,79,0.6071428571,34.0000000000,56.0000000000,0,ST LOUIS CITY,ST LOUIS CITY
ST. LOUIS CITY - 000027,77,1.0000000000,14.0000000000,14.0000000000,0,ST LOUIS CITY,ST LOUIS CITY
ST. LOUIS CITY - 000028,77,0.9259259259,25.0000000000,27.0000000000,0,ST LOUIS CITY,ST LOUIS CITY
ST. LOUIS CITY - 000028,79,0.0740740741,2.0000000000,27.0000000000,0,ST LOUIS CITY,ST LOUIS CITY
ST. LOUIS CITY - 000029,77,1.0000000000,1.0000000000,1.0000000000,0,ST LOUIS CITY,ST LOUIS CITY
ST. LOUIS CITY - 000030,77,1.0000000000,14.0000000000,14.0000000000,0,ST LOUIS CITY,ST LOUIS CITY
ST. LOUIS CITY - 000031,77,1.0000000000,58.0000000000,58.0000000000,0,ST LOUIS CITY,ST LOUIS CITY
ST. LOUIS CITY - 000032,76,0.3636363636,15.9999999999,43.9999999999,0,ST LOUIS CITY,ST LOUIS CITY
ST. LOUIS CITY - 000032,78,0.6363636364,28.0000000000,43.9999999999,0,ST LOUIS CITY,ST LOUIS CITY
ST. LOUIS CITY - 000033,76,0.0410958904,3.0000000000,72.9999999999,0,ST LOUIS CITY,ST LOUIS CITY
ST. LOUIS CITY - 000033,78,0.9589041096,69.9999999999,72.9999999999,0,ST LOUIS CITY,ST LOUIS CITY
ST. LOUIS CITY - 000034,76,0.2500000000,1.0000000000,4.0000000000,0,ST LOUIS CITY,ST LOUIS CITY
ST. LOUIS CITY - 000034,79,0.7500000000,3.0000000000,4.0000000000,0,ST LOUIS CITY,ST LOUIS CITY
ST. LOUIS CITY - 000035,76,0.5522078160,121.4857195275,220.0000000000,0,ST LOUIS CITY,ST LOUIS CITY
ST. LOUIS CITY - 000035,78,0.4432467294,97.5142804725,220.0000000000,0,ST LOUIS CITY,ST LOUIS CITY
ST. LOUIS CITY - 000035,79,0.0045454545,1.0000000000,220.0000000000,0,ST LOUIS CITY,ST LOUIS CITY
ST. LOUIS CITY - 000036,78,1.0000000000,91.0000000000,91.0000000000,0,ST LOUIS CITY,ST LOUIS CITY
ST. LOUIS CITY - 000037,78,0.6000000000,42.0000000000,70.0000000000,0,ST LOUIS CITY,ST LOUIS CITY
ST. LOUIS CITY - 000037,79,0.4000000000,28.0000000000,70.0000000000,0,ST LOUIS CITY,ST LOUIS CITY
ST. LOUIS CITY - 000038,79,1.0000000000,43.0000000000,43.0000000000,0,ST LOUIS CITY,ST LOUIS CITY
ST. LOUIS CITY - 000039,78,0.1463414634,12.0000000000,82.0000000000,0,ST LOUIS CITY,ST LOUIS CITY
ST. LOUIS CITY - 000039,79,0.8536585366,70.0000000000,82.0000000000,0,ST LOUIS CITY,ST LOUIS CITY
ST. LOUIS CITY - 000040,78,0.8823529412,30.0000000000,34.0000000000,0,ST LOUIS CITY,ST LOUIS CITY
ST. LOUIS CITY - 000040,79,0.1176470588,4.0000000000,34.0000000000,0,ST LOUIS CITY,ST LOUIS CITY
ST. LOUIS CITY - 000041,79,0.9743589744,38.0000000000,39.0000000000,0,ST LOUIS CITY,ST LOUIS CITY
ST. LOUIS CITY - 000041,80,0.0256410256,1.0000000000,39.0000000000,0,ST LOUIS CITY,ST LOUIS CITY
ST. LOUIS CITY - 000042,78,0.6250000000,15.0000000000,24.0000000000,0,ST LOUIS CITY,ST LOUIS CITY
ST. LOUIS CITY - 000042,79,0.2916666667,7.0000000000,24.0000000000,0,ST LOUIS CITY,ST LOUIS CITY
ST. LOUIS CITY - 000042,80,0.0833333333,2.0000000000,24.0000000000,0,ST LOUIS CITY,ST LOUIS CITY
ST. LOUIS CITY - 000043,78,0.0909090909,7.0000000000,77.0000000000,0,ST LOUIS CITY,ST LOUIS CITY
ST. LOUIS CITY - 000043,79,0.9090909091,70.0000000000,77.0000000000,0,ST LOUIS CITY,ST LOUIS CITY
ST. LOUIS CITY - 000044,78,0.3253012048,54.0000000000,166.0000000000,0,ST LOUIS CITY,ST LOUIS CITY
ST. LOUIS CITY - 000044,79,0.6746987952,112.0000000000,166.0000000000,0,ST LOUIS CITY,ST LOUIS CITY
ST. LOUIS CITY - 000045,78,1.0000000000,34.0000000000,34.0000000000,0,ST LOUIS CITY,ST LOUIS CITY
ST. LOUIS CITY - 000046,78,0.2571428571,9.0000000000,35.0000000000,0,ST LOUIS CITY,ST LOUIS CITY
ST. LOUIS CITY - 000046,80,0.7428571429,26.0000000000,35.0000000000,0,ST LOUIS CITY,ST LOUIS CITY
ST. LOUIS CITY - 000047,78,1.0000000000,47.0000000000,47.0000000000,0,ST LOUIS CITY,ST LOUIS CITY
ST. LOUIS CITY - 000048,79,1.0000000000,3.0000000000,3.0000000000,0,ST LOUIS CITY,ST LOUIS CITY
ST. LOUIS CITY - 000049,78,1.0000000000,47.0000000000,47.0000000000,0,ST LOUIS CITY,ST LOUIS CITY
ST. LOUIS CITY - 000050,76,0.4459459459,33.0000000000,74.0000000000,0,ST LOUIS CITY,ST LOUIS CITY
ST. LOUIS CITY - 000050,78,0.5540540541,41.0000000000,74.0000000000,0,ST LOUIS CITY,ST LOUIS CITY
ST. LOUIS CITY - 000051,76,0.4000000000,4.0000000000,10.0000000000,0,ST LOUIS CITY,ST LOUIS CITY
ST. LOUIS CITY - 000051,78,0.6000000000,6.0000000000,10.0000000000,0,ST LOUIS CITY,ST LOUIS CITY
ST. LOUIS CITY - 000052,76,0.4741035857,119.0000000001,251.0000000001,0,ST LOUIS CITY,ST LOUIS CITY
ST. LOUIS CITY - 000052,78,0.5258964143,132.0000000000,251.0000000001,0,ST LOUIS CITY,ST LOUIS CITY
ST. LOUIS CITY - 000053,76,0.5138121547,93.0000000000,181.0000000000,0,ST LOUIS CITY,ST LOUIS CITY
ST. LOUIS CITY - 000053,78,0.4861878453,88.0000000000,181.0000000000,0,ST LOUIS CITY,ST LOUIS CITY
ST. LOUIS CITY - 000054,76,1.0000000000,224.0000000000,224.0000000000,0,ST LOUIS CITY,ST LOUIS CITY
ST. LOUIS CITY - 000055,76,1.0000000000,14.0000000000,14.0000000000,0,ST LOUIS CITY,ST LOUIS CITY
ST. LOUIS CITY - 000056,77,0.0103092784,1.0000000000,97.0000000000,0,ST LOUIS CITY,ST LOUIS CITY
ST. LOUIS CITY - 000056,79,0.4948453608,48.0000000000,97.0000000000,0,ST LOUIS CITY,ST LOUIS CITY
ST. LOUIS CITY - 000056,80,0.4432989691,43.0000000000,97.0000000000,0,ST LOUIS CITY,ST LOUIS CITY
ST. LOUIS CITY - 000056,82,0.0515463918,5.0000000000,97.0000000000,0,ST LOUIS CITY,ST LOUIS CITY
ST. LOUIS CITY - 000057,80,1.0000000000,7.0000000000,7.0000000000,0,ST LOUIS CITY,ST LOUIS CITY
ST. LOUIS CITY - 000058,79,1.0000000000,1.0000000000,1.0000000000,0,ST LOUIS CITY,ST LOUIS CITY
ST. LOUIS CITY - 000059,79,1.0000000000,31.0000000000,31.0000000000,0,ST LOUIS CITY,ST LOUIS CITY
ST. LOUIS CITY - 000060,79,1.0000000000,26.0000000000,26.0000000000,0,ST LOUIS CITY,ST LOUIS CITY
ST. LOUIS CITY - 000061,79,1.0000000000,7.0000000000,7.0000000000,0,ST LOUIS CITY,ST LOUIS CITY
ST. LOUIS CITY - 000062,79,1.0000000000,4.0000000000,4.0000000000,0,ST LOUIS CITY,ST LOUIS CITY
ST. LOUIS CITY - 000063,79,1.0000000000,24.0000000000,24.0000000000,0,ST LOUIS CITY,ST LOUIS CITY
ST. LOUIS CITY - 000064,80,1.0000000000,28.0000000000,28.0000000000,0,ST LOUIS CITY,ST LOUIS CITY
ST. LOUIS CITY - 000065,81,1.0000000000,9.0000000000,9.0000000000,0,ST LOUIS CITY,ST LOUIS CITY
ST. LOUIS CITY - 000066,76,0.2894736842,22.0000000000,76.0000000000,0,ST LOUIS CITY,ST LOUIS CITY
ST. LOUIS CITY - 000066,81,0.7105263158,54.0000000000,76.0000000000,0,ST LOUIS CITY,ST LOUIS CITY
ST. LOUIS CITY - 000067,76,1.0000000000,5.0000000000,5.0000000000,0,ST LOUIS CITY,ST LOUIS CITY
ST. LOUIS CITY - 000068,76,1.0000000000,75.0000000001,75.0000000001,0,ST LOUIS CITY,ST LOUIS CITY
ST. LOUIS CITY - 000069,76,1.0000000000,79.0000000000,79.0000000000,0,ST LOUIS CITY,ST LOUIS CITY
ST. LOUIS CITY - 000070,78,0.8214285714,23.0000000000,28.0000000000,0,ST LOUIS CITY,ST LOUIS CITY
ST. LOUIS CITY - 000070,80,0.1785714286,5.0000000000,28.0000000000,0,ST LOUIS CITY,ST LOUIS CITY
ST. LOUIS CITY - 000071,76,0.3333333333,17.0000000000,51.0000000000,0,ST LOUIS CITY,ST LOUIS CITY
ST. LOUIS CITY - 000071,78,0.6666666667,34.0000000000,51.0000000000,0,ST LOUIS CITY,ST LOUIS CITY
ST. LOUIS CITY - 000072,76,0.6915887850,74.0000000000,107.0000000000,0,ST LOUIS CITY,ST LOUIS CITY
ST. LOUIS CITY - 000072,78,0.3084112150,33.0000000000,107.0000000000,0,ST LOUIS CITY,ST LOUIS CITY
ST. LOUIS CITY - 000073,80,0.1315789474,5.0000000000,38.0000000000,0,ST LOUIS CITY,ST LOUIS CITY
ST. LOUIS CITY - 000073,82,0.8684210526,33.0000000000,38.0000000000,0,ST LOUIS CITY,ST LOUIS CITY
ST. LOUIS CITY - 000074,80,0.0606060606,4.0000000000,66.0000000000,0,ST LOUIS CITY,ST LOUIS CITY
ST. LOUIS CITY - 000074,82,0.9393939394,62.0000000000,66.0000000000,0,ST LOUIS CITY,ST LOUIS CITY
ST. LOUIS CITY - 000075,77,0.1971830986,14.0000000000,71.0000000000,0,ST LOUIS CITY,ST LOUIS CITY
ST. LOUIS CITY - 000075,80,0.0422535211,3.0000000000,71.0000000000,0,ST LOUIS CITY,ST LOUIS CITY
ST. LOUIS CITY - 000075,82,0.7605633803,54.0000000000,71.0000000000,0,ST LOUIS CITY,ST LOUIS CITY
ST. LOUIS CITY - 000076,80,1.0000000000,61.9999999999,61.9999999999,0,ST LOUIS CITY,ST LOUIS CITY
ST. LOUIS CITY - 000077,80,1.0000000000,47.0000000000,47.0000000000,0,ST LOUIS CITY,ST LOUIS CITY
ST. LOUIS CITY - 000078,77,1.0000000000,10.0000000000,10.0000000000,0,ST LOUIS CITY,ST LOUIS CITY
ST. LOUIS CITY - 000079,80,1.0000000000,76.0000000000,76.0000000000,0,ST LOUIS CITY,ST LOUIS CITY
ST. LOUIS CITY - 000080,81,1.0000000000,141.0000000001,141.0000000001,0,ST LOUIS CITY,ST LOUIS CITY
ST. LOUIS CITY - 000081,81,1.0000000000,38.0000000000,38.0000000000,0,ST LOUIS CITY,ST LOUIS CITY
ST. LOUIS CITY - 000082,81,1.0000000000,93.0000000000,93.0000000000,0,ST LOUIS CITY,ST LOUIS CITY
ST. LOUIS CITY - 000083,81,1.0000000000,108.0000000000,108.0000000000,0,ST LOUIS CITY,ST LOUIS CITY
ST. LOUIS CITY - 000084,81,1.0000000000,70.0000000000,70.0000000000,0,ST LOUIS CITY,ST LOUIS CITY
ST. LOUIS CITY - 000085,81,1.0000000000,25.0000000000,25.0000000000,0,ST LOUIS CITY,ST LOUIS CITY
ST. LOUIS CITY - 000086,81,1.0000000000,47.0000000000,47.0000000000,0,ST LOUIS CITY,ST LOUIS CITY
ST. LOUIS CITY - 000087,81,1.0000000000,54.0000000000,54.0000000000,0,ST LOUIS CITY,ST LOUIS CITY
ST. LOUIS CITY - 000088,81,1.0000000000,59.0000000000,59.0000000000,0,ST LOUIS CITY,ST LOUIS CITY
ST. LOUIS CITY - 000089,81,0.2040816327,10.0000000000,49.0000000000,0,ST LOUIS CITY,ST LOUIS CITY
ST. LOUIS CITY - 000089,82,0.7959183673,39.0000000000,49.0000000000,0,ST LOUIS CITY,ST LOUIS CITY
ST. LOUIS CITY - 000090,82,1.0000000000,53.0000000000,53.0000000000,0,ST LOUIS CITY,ST LOUIS CITY
ST. LOUIS CITY - 000091,82,1.0000000000,19.0000000000,19.0000000000,0,ST LOUIS CITY,ST LOUIS CITY
ST. LOUIS CITY - 000092,81,0.8831168831,68.0000000000,77.0000000000,0,ST LOUIS CITY,ST LOUIS CITY
ST. LOUIS CITY - 000092,82,0.1168831169,9.0000000000,77.0000000000,0,ST LOUIS CITY,ST LOUIS CITY
ST. LOUIS CITY - 000093,81,1.0000000000,40.0000000001,40.0000000001,0,ST LOUIS CITY,ST LOUIS CITY
ST. LOUIS CITY - 000094,81,1.0000000000,81.0000000000,81.0000000000,0,ST LOUIS CITY,ST LOUIS CITY
ST. LOUIS CITY - 000095,81,1.0000000000,79.0000000000,79.0000000000,0,ST LOUIS CITY,ST LOUIS CITY
ST. LOUIS CITY - 000096,80,1.0000000000,3.0000000000,3.0000000000,0,ST LOUIS CITY,ST LOUIS CITY
ST. LOUIS CITY - 000097,80,0.0727272727,4.0000000000,55.0000000000,0,ST LOUIS CITY,ST LOUIS CITY
ST. LOUIS CITY - 000097,81,0.9272727273,51.0000000000,55.0000000000,0,ST LOUIS CITY,ST LOUIS CITY
ST. LOUIS CITY - 000098,80,0.5000000000,15.0000000000,30.0000000000,0,ST LOUIS CITY,ST LOUIS CITY
ST. LOUIS CITY - 000098,82,0.5000000000,15.0000000000,30.0000000000,0,ST LOUIS CITY,ST LOUIS CITY
ST. LOUIS CITY - 000099,80,0.7307692308,19.0000000000,26.0000000000,0,ST LOUIS CITY,ST LOUIS CITY
ST. LOUIS CITY - 000099,81,0.2692307692,7.0000000000,26.0000000000,0,ST LOUIS CITY,ST LOUIS CITY
ST. LOUIS CITY - 000100,80,0.6666666667,28.0000000000,41.9999999999,0,ST LOUIS CITY,ST LOUIS CITY
ST. LOUIS CITY - 000100,81,0.2857142857,11.9999999999,41.9999999999,0,ST LOUIS CITY,ST LOUIS CITY
ST. LOUIS CITY - 000100,82,0.0476190476,2.0000000000,41.9999999999,0,ST LOUIS CITY,ST LOUIS CITY
ST. LOUIS CITY - 000101,80,0.9333333333,42.0000000000,45.0000000000,0,ST LOUIS CITY,ST LOUIS CITY
ST. LOUIS CITY - 000101,82,0.0666666667,3.0000000000,45.0000000000,0,ST LOUIS CITY,ST LOUIS CITY
ST. LOUIS CITY - 000102,80,1.0000000000,9.0000000000,9.0000000000,0,ST LOUIS CITY,ST LOUIS CITY
ST. LOUIS CITY - 000103,80,1.0000000000,49.0000000000,49.0000000000,0,ST LOUIS CITY,ST LOUIS CITY
ST. LOUIS CITY - 000104,80,1.0000000000,25.0000000000,25.0000000000,0,ST LOUIS CITY,ST LOUIS CITY
ST. LOUIS CITY - 000105,80,1.0000000000,47.0000000000,47.0000000000,0,ST LOUIS CITY,ST LOUIS CITY
ST. LOUIS CITY - 000106,80,1.0000000000,23.0000000000,23.0000000000,0,ST LOUIS CITY,ST LOUIS CITY
ST. LOUIS CITY - 000107,80,1.0000000000,38.0000000000,38.0000000000,0,ST LOUIS CITY,ST LOUIS CITY
ST. LOUIS CITY - 000108,80,1.0000000000,43.0000000000,43.0000000000,0,ST LOUIS CITY,ST LOUIS CITY
ST. LOUIS CITY - 000109,80,1.0000000000,52.0000000000,52.0000000000,0,ST LOUIS CITY,ST LOUIS CITY
ST. LOUIS CITY - 000110,78,0.3142857143,11.0000000000,35.0000000000,0,ST LOUIS CITY,ST LOUIS CITY
ST. LOUIS CITY - 000110,80,0.6857142857,24.0000000000,35.0000000000,0,ST LOUIS CITY,ST LOUIS CITY
ST. LOUIS CITY - 000111,82,1.0000000000,8.0000000000,8.0000000000,0,ST LOUIS CITY,ST LOUIS CITY
ST. LOUIS CITY - 000112,82,1.0000000000,10.0000000000,10.0000000000,0,ST LOUIS CITY,ST LOUIS CITY
ST. LOUIS CITY - 000113,82,1.0000000000,29.0000000000,29.0000000000,0,ST LOUIS CITY,ST LOUIS CITY
ST. LOUIS CITY - 000114,82,1.0000000000,35.0000000000,35.0000000000,0,ST LOUIS CITY,ST LOUIS CITY
ST. LOUIS CITY - 000115,82,1.0000000000,41.0000000000,41.0000000000,0,ST LOUIS CITY,ST LOUIS CITY
ST. LOUIS CITY - 000116,82,1.0000000000,36.0000000000,36.0000000000,0,ST LOUIS CITY,ST LOUIS CITY
ST. LOUIS CITY - 000117,82,1.0000000000,94.0000000000,94.0000000000,0,ST LOUIS CITY,ST LOUIS CITY
ST. LOUIS CITY - 000118,82,1.0000000000,56.0000000000,56.0000000000,0,ST LOUIS CITY,ST LOUIS CITY
ST. LOUIS CITY - 000119,77,0.3750000000,3.0000000000,8.0000000000,0,ST LOUIS CITY,ST LOUIS CITY
ST. LOUIS CITY - 000119,79,0.6250000000,5.0000000000,8.0000000000,0,ST LOUIS CITY,ST LOUIS CITY
ST. LOUIS CITY - 000120,77,0.1666666667,1.0000000000,6.0000000000,0,ST LOUIS CITY,ST LOUIS CITY
ST. LOUIS CITY - 000120,79,0.8333333333,5.0000000000,6.0000000000,0,ST LOUIS CITY,ST LOUIS CITY
ST. LOUIS CITY - 000121,79,1.0000000000,4.0000000000,4.0000000000,0,ST LOUIS CITY,ST LOUIS CITY
ST. LOUIS CITY - 000122,77,0.7099236641,93.0000000000,131.0000000000,0,ST LOUIS CITY,ST LOUIS CITY
ST. LOUIS CITY - 000122,79,0.2900763359,38.0000000000,131.0000000000,0,ST LOUIS CITY,ST LOUIS CITY
ST. LOUIS CITY - 000123,79,1.0000000000,6.0000000000,6.0000000000,0,ST LOUIS CITY,ST LOUIS CITY
ST. LOUIS CITY - 000124,77,0.9659090909,85.0000000000,88.0000000000,0,ST LOUIS CITY,ST LOUIS CITY
ST. LOUIS CITY - 000124,84,0.0340909091,3.0000000000,88.0000000000,0,ST LOUIS CITY,ST LOUIS CITY
ST. LOUIS CITY - 000125,77,1.0000000000,15.0000000000,15.0000000000,0,ST LOUIS CITY,ST LOUIS CITY
ST. LOUIS CITY - 000126,77,0.4705882353,16.0000000000,34.0000000000,0,ST LOUIS CITY,ST LOUIS CITY
ST. LOUIS CITY - 000126,82,0.2058823529,7.0000000000,34.0000000000,0,ST LOUIS CITY,ST LOUIS CITY
ST. LOUIS CITY - 000126,84,0.3235294118,11.0000000000,34.0000000000,0,ST LOUIS CITY,ST LOUIS CITY
ST. LOUIS CITY - 000127,77,0.9322033898,55.0000000000,59.0000000000,0,ST LOUIS CITY,ST LOUIS CITY
ST. LOUIS CITY - 000127,84,0.0677966102,4.0000000000,59.0000000000,0,ST LOUIS CITY,ST LOUIS CITY
ST. LOUIS CITY - 000128,77,1.0000000000,8.0000000000,8.0000000000,0,ST LOUIS CITY,ST LOUIS CITY
ST. LOUIS CITY - 000129,77,0.1764705882,3.0000000000,17.0000000000,0,ST LOUIS CITY,ST LOUIS CITY
ST. LOUIS CITY - 000129,79,0.8235294118,14.0000000000,17.0000000000,0,ST LOUIS CITY,ST LOUIS CITY
ST. LOUIS CITY - 000130,77,1.0000000000,11.0000000000,11.0000000000,0,ST LOUIS CITY,ST LOUIS CITY
ST. LOUIS CITY - 000131,77,0.9491525424,56.0000000000,59.0000000000,0,ST LOUIS CITY,ST LOUIS CITY
ST. LOUIS CITY - 000131,79,0.0508474576,3.0000000000,59.0000000000,0,ST LOUIS CITY,ST LOUIS CITY
ST. LOUIS CITY - 000132,77,0.3157894737,6.0000000000,19.0000000000,0,ST LOUIS CITY,ST LOUIS CITY
ST. LOUIS CITY - 000132,84,0.6842105263,13.0000000000,19.0000000000,0,ST LOUIS CITY,ST LOUIS CITY
ST. LOUIS CITY - 000133,77,0.4705882353,16.0000000000,34.0000000000,0,ST LOUIS CITY,ST LOUIS CITY
ST. LOUIS CITY - 000133,84,0.5294117647,18.0000000000,34.0000000000,0,ST LOUIS CITY,ST LOUIS CITY
ST. LOUIS CITY - 000134,77,1.0000000000,45.0000000000,45.0000000000,0,ST LOUIS CITY,ST LOUIS CITY
ST. LOUIS CITY - 000135,77,0.7397260274,54.0000000000,73.0000000000,0,ST LOUIS CITY,ST LOUIS CITY
ST. LOUIS CITY - 000135,84,0.2602739726,19.0000000000,73.0000000000,0,ST LOUIS CITY,ST LOUIS CITY
ST. LOUIS CITY - 000136,79,1.0000000000,16.0000000000,16.0000000000,0,ST LOUIS CITY,ST LOUIS CITY
ST. LOUIS CITY - 000137,79,1.0000000000,31.0000000000,31.0000000000,0,ST LOUIS CITY,ST LOUIS CITY
ST. LOUIS CITY - 000138,79,1.0000000000,5.0000000000,5.0000000000,0,ST LOUIS CITY,ST LOUIS CITY
ST. LOUIS CITY - 000139,79,1.0000000000,28.0000000000,28.0000000000,0,ST LOUIS CITY,ST LOUIS CITY
ST. LOUIS CITY - 000140,79,1.0000000000,40.0000000000,40.0000000000,0,ST LOUIS CITY,ST LOUIS CITY
ST. LOUIS CITY - 000141,79,1.0000000000,81.0000000000,81.0000000000,0,ST LOUIS CITY,ST LOUIS CITY
ST. LOUIS CITY - 000142,77,0.5600000000,14.0000000000,25.0000000000,0,ST LOUIS CITY,ST LOUIS CITY
ST. LOUIS CITY - 000142,79,0.4400000000,11.0000000000,25.0000000000,0,ST LOUIS CITY,ST LOUIS CITY
ST. LOUIS CITY - 000143,79,1.0000000000,24.0000000000,24.0000000000,0,ST LOUIS CITY,ST LOUIS CITY
ST. LOUIS CITY - 000144,79,1.0000000000,55.0000000000,55.0000000000,0,ST LOUIS CITY,ST LOUIS CITY
ST. LOUIS CITY - 000145,79,1.0000000000,27.0000000000,27.0000000000,0,ST LOUIS CITY,ST LOUIS CITY
ST. LOUIS CITY - 000146,78,0.8518518519,46.0000000000,54.0000000000,0,ST LOUIS CITY,ST LOUIS CITY
ST. LOUIS CITY - 000146,80,0.0370370370,2.0000000000,54.0000000000,0,ST LOUIS CITY,ST LOUIS CITY
ST. LOUIS CITY - 000146,81,0.1111111111,6.0000000000,54.0000000000,0,ST LOUIS CITY,ST LOUIS CITY
ST. LOUIS CITY - 000147,78,1.0000000000,36.0000000000,36.0000000000,0,ST LOUIS CITY,ST LOUIS CITY
ST. LOUIS CITY - 000148,78,1.0000000000,52.0000000000,52.0000000000,0,ST LOUIS CITY,ST LOUIS CITY
ST. LOUIS CITY - 000149,76,0.5757575758,38.0000000000,66.0000000000,0,ST LOUIS CITY,ST LOUIS CITY
ST. LOUIS CITY - 000149,78,0.4242424242,28.0000000000,66.0000000000,0,ST LOUIS CITY,ST LOUIS CITY
ST. LOUIS CITY - 000150,78,1.0000000000,20.0000000000,20.0000000000,0,ST LOUIS CITY,ST LOUIS CITY
ST. LOUIS CITY - 000151,77,0.8571428571,48.0000000000,56.0000000000,0,ST LOUIS CITY,ST LOUIS CITY
ST. LOUIS CITY - 000151,79,0.1428571429,8.0000000000,56.0000000000,0,ST LOUIS CITY,ST LOUIS CITY
ST. LOUIS CITY - 000152,77,0.5714285714,16.0000000000,28.0000000000,0,ST LOUIS CITY,ST LOUIS CITY
ST. LOUIS CITY - 000152,79,0.4285714286,12.0000000000,28.0000000000,0,ST LOUIS CITY,ST LOUIS CITY
ST. LOUIS CITY - 000153,76,1.0000000000,16.9999999999,16.9999999999,0,ST LOUIS CITY,ST LOUIS CITY
ST. LOUIS CITY - 000154,76,0.4893617021,23.0000000000,47.0000000000,0,ST LOUIS CITY,ST LOUIS CITY
ST. LOUIS CITY - 000154,77,0.5106382979,24.0000000000,47.0000000000,0,ST LOUIS CITY,ST LOUIS CITY
ST. LOUIS CITY - 000155,76,0.6388888889,23.0000000000,36.0000000000,0,ST LOUIS CITY,ST LOUIS CITY
ST. LOUIS CITY - 000155,77,0.3611111111,13.0000000000,36.0000000000,0,ST LOUIS CITY,ST LOUIS CITY
ST. LOUIS CITY - 000156,76,0.7941176471,27.0000000000,34.0000000000,0,ST LOUIS CITY,ST LOUIS CITY
ST. LOUIS CITY - 000156,77,0.2058823529,7.0000000000,34.0000000000,0,ST LOUIS CITY,ST LOUIS CITY
ST. LOUIS CITY - 000157,77,1.0000000000,39.0000000000,39.0000000000,0,ST LOUIS CITY,ST LOUIS CITY
ST. LOUIS CITY - 000158,84,1.0000000000,46.0000000000,46.0000000000,0,ST LOUIS CITY,ST LOUIS CITY
ST. LOUIS CITY - 000159,84,1.0000000000,62.0000000000,62.0000000000,0,ST LOUIS CITY,ST LOUIS CITY
ST. LOUIS CITY - 000160,77,0.0098039216,1.0000000000,102.0000000000,0,ST LOUIS CITY,ST LOUIS CITY
ST. LOUIS CITY - 000160,84,0.9889460153,100.8724935653,102.0000000000,0,ST LOUIS CITY,ST LOUIS CITY
ST. LOUIS CITY - 000160,85,0.0012500631,0.1275064347,102.0000000000,0,ST LOUIS CITY,ST LOUIS CITY
ST. LOUIS CITY - 000161,84,1.0000000000,41.0000000000,41.0000000000,0,ST LOUIS CITY,ST LOUIS CITY
ST. LOUIS CITY - 000162,84,1.0000000000,7.0000000000,7.0000000000,0,ST LOUIS CITY,ST LOUIS CITY
ST. LOUIS CITY - 000163,84,1.0000000000,12.0000000000,12.0000000000,0,ST LOUIS CITY,ST LOUIS CITY
ST. LOUIS CITY - 000164,84,1.0000000000,39.0000000000,39.0000000000,0,ST LOUIS CITY,ST LOUIS CITY
ST. LOUIS CITY - 000165,82,1.0000000000,56.0000000000,56.0000000000,0,ST LOUIS CITY,ST LOUIS CITY
ST. LOUIS CITY - 000166,82,1.0000000000,68.0000000000,68.0000000000,0,ST LOUIS CITY,ST LOUIS CITY
ST. LOUIS CITY - 000167,82,1.0000000000,13.0000000000,13.0000000000,0,ST LOUIS CITY,ST LOUIS CITY
ST. LOUIS CITY - 000168,82,1.0000000000,29.0000000000,29.0000000000,0,ST LOUIS CITY,ST LOUIS CITY
ST. LOUIS CITY - 000169,80,0.3225806452,10.0000000000,31.0000000000,0,ST LOUIS CITY,ST LOUIS CITY
ST. LOUIS CITY - 000169,82,0.6774193548,21.0000000000,31.0000000000,0,ST LOUIS CITY,ST LOUIS CITY
ST. LOUIS CITY - 000170,82,1.0000000000,53.0000000000,53.0000000000,0,ST LOUIS CITY,ST LOUIS CITY
ST. LOUIS CITY - 000171,82,1.0000000000,52.0000000000,52.0000000000,0,ST LOUIS CITY,ST LOUIS CITY
ST. LOUIS CITY - 000172,82,1.0000000000,45.0000000000,45.0000000000,0,ST LOUIS CITY,ST LOUIS CITY
ST. LOUIS CITY - 000173,82,1.0000000000,9.0000000000,9.0000000000,0,ST LOUIS CITY,ST LOUIS CITY
ST. LOUIS CITY - 000174,82,0.1710526316,13.0000000000,76.0000000000,0,ST LOUIS CITY,ST LOUIS CITY
ST. LOUIS CITY - 000174,84,0.8289473684,63.0000000000,76.0000000000,0,ST LOUIS CITY,ST LOUIS CITY
ST. LOUIS CITY - 000175,82,0.9000000000,45.0000000000,50.0000000000,0,ST LOUIS CITY,ST LOUIS CITY
ST. LOUIS CITY - 000175,84,0.1000000000,5.0000000000,50.0000000000,0,ST LOUIS CITY,ST LOUIS CITY
ST. LOUIS CITY - 000176,82,1.0000000000,62.0000000000,62.0000000000,0,ST LOUIS CITY,ST LOUIS CITY
ST. LOUIS CITY - 000177,82,1.0000000000,33.0000000000,33.0000000000,0,ST LOUIS CITY,ST LOUIS CITY
ST. LOUIS CITY - 000178,84,1.0000000000,45.0000000000,45.0000000000,0,ST LOUIS CITY,ST LOUIS CITY
ST. LOUIS CITY - 000179,84,1.0000000000,38.0000000000,38.0000000000,0,ST LOUIS CITY,ST LOUIS CITY
ST. LOUIS CITY - 000180,82,0.3396226415,18.0000000000,53.0000000000,0,ST LOUIS CITY,ST LOUIS CITY
ST. LOUIS CITY - 000180,84,0.6603773585,35.0000000000,53.0000000000,0,ST LOUIS CITY,ST LOUIS CITY
ST. LOUIS CITY - 000181,84,1.0000000000,5.0000000000,5.0000000000,0,ST LOUIS CITY,ST LOUIS CITY
ST. LOUIS CITY - 000182,80,0.2592592593,14.0000000000,54.0000000000,0,ST LOUIS CITY,ST LOUIS CITY
ST. LOUIS CITY - 000182,81,0.7407407407,40.0000000000,54.0000000000,0,ST LOUIS CITY,ST LOUIS CITY
ST. LOUIS CITY - 000183,80,0.9024390244,37.0000000000,41.0000000000,0,ST LOUIS CITY,ST LOUIS CITY
ST. LOUIS CITY - 000183,81,0.0975609756,4.0000000000,41.0000000000,0,ST LOUIS CITY,ST LOUIS CITY
ST. LOUIS CITY - 000184,80,1.0000000000,76.0000000000,76.0000000000,0,ST LOUIS CITY,ST LOUIS CITY
ST. LOUIS CITY - 000185,80,0.1428571429,9.0000000000,63.0000000000,0,ST LOUIS CITY,ST LOUIS CITY
ST. LOUIS CITY - 000185,81,0.8571428571,54.0000000000,63.0000000000,0,ST LOUIS CITY,ST LOUIS CITY
ST. LOUIS CITY - 000186,84,1.0000000000,27.0000000000,27.0000000000,0,ST LOUIS CITY,ST LOUIS CITY
ST. LOUIS CITY - 000187,84,1.0000000000,27.0000000000,27.0000000000,0,ST LOUIS CITY,ST LOUIS CITY
ST. LOUIS CITY - 000188,84,1.0000000000,40.0000000000,40.0000000000,0,ST LOUIS CITY,ST LOUIS CITY
ST. LOUIS CITY - 000189,84,1.0000000000,30.9999999999,30.9999999999,0,ST LOUIS CITY,ST LOUIS CITY
ST. LOUIS CITY - 000190,84,1.0000000000,34.0000000000,34.0000000000,0,ST LOUIS CITY,ST LOUIS CITY
ST. LOUIS CITY - 000191,84,1.0000000000,34.0000000000,34.0000000000,0,ST LOUIS CITY,ST LOUIS CITY
ST. LOUIS CITY - 000192,76,0.5531914894,26.0000000000,47.0000000000,0,ST LOUIS CITY,ST LOUIS CITY
ST. LOUIS CITY - 000192,84,0.4313281170,20.2724214994,47.0000000000,0,ST LOUIS CITY,ST LOUIS CITY
ST. LOUIS CITY - 000192,85,0.0154803936,0.7275785006,47.0000000000,0,ST LOUIS CITY,ST LOUIS CITY
ST. LOUIS CITY - 000193,76,0.9985587625,60.9120845103,61.0000000000,0,ST LOUIS CITY,ST LOUIS CITY
ST. LOUIS CITY - 000193,85,0.0014412375,0.0879154897,61.0000000000,0,ST LOUIS CITY,ST LOUIS CITY
ST. LOUIS CITY - 000194,76,1.0000000000,37.0000000000,37.0000000000,0,ST LOUIS CITY,ST LOUIS CITY
ST. LOUIS CITY - 000195,76,0.9825345305,16.7030870183,17.0000000000,0,ST LOUIS CITY,ST LOUIS CITY
ST. LOUIS CITY - 000195,85,0.0174654695,0.2969129817,17.0000000000,0,ST LOUIS CITY,ST LOUIS CITY
ST. LOUIS CITY - 000196,76,1.0000000000,4.9999999999,4.9999999999,0,ST LOUIS CITY,ST LOUIS CITY
ST. LOUIS CITY - 000197,76,0.9639727798,46.2706934287,48.0000000000,0,ST LOUIS CITY,ST LOUIS CITY
ST. LOUIS CITY - 000197,85,0.0360272202,1.7293065713,48.0000000000,0,ST LOUIS CITY,ST LOUIS CITY
ST. LOUIS CITY - 000198,76,1.0000000000,37.0000000000,37.0000000000,0,ST LOUIS CITY,ST LOUIS CITY
ST. LOUIS CITY - 000199,76,0.9956480766,83.6344384380,84.0000000000,0,ST LOUIS CITY,ST LOUIS CITY
ST. LOUIS CITY - 000199,85,0.0043519234,0.3655615620,84.0000000000,0,ST LOUIS CITY,ST LOUIS CITY
ST. LOUIS CITY - 000200,77,1.0000000000,8.0000000000,8.0000000000,0,ST LOUIS CITY,ST LOUIS CITY
ST. LOUIS CITY - 000201,77,0.2321428571,26.0000000000,112.0000000000,0,ST LOUIS CITY,ST LOUIS CITY
ST. LOUIS CITY - 000201,84,0.7678571429,86.0000000000,112.0000000000,0,ST LOUIS CITY,ST LOUIS CITY
ST. LOUIS CITY - 000202,84,1.0000000000,5.0000000000,5.0000000000,0,ST LOUIS CITY,ST LOUIS CITY
ST. LOUIS CITY - 000203,84,1.0000000000,10.0000000000,10.0000000000,0,ST LOUIS CITY,ST LOUIS CITY
ST. LOUIS CITY - 000204,84,1.0000000000,16.0000000000,16.0000000000,0,ST LOUIS CITY,ST LOUIS CITY
ST. LOUIS CITY - 000205,84,1.0000000000,28.0000000001,28.0000000001,0,ST LOUIS CITY,ST LOUIS CITY
ST. LOUIS CITY - 000206,84,1.0000000000,18.0000000000,18.0000000000,0,ST LOUIS CITY,ST LOUIS CITY
ST. LOUIS CITY - 000207,77,1.0000000000,21.0000000000,21.0000000000,0,ST LOUIS CITY,ST LOUIS CITY
ST. LOUIS CITY - 000208,84,1.0000000000,27.0000000000,27.0000000000,0,ST LOUIS CITY,ST LOUIS CITY
ST. LOUIS CITY - 000209,77,1.0000000000,18.0000000000,18.0000000000,0,ST LOUIS CITY,ST LOUIS CITY
STE. GENEVIEVE - 000002,145,1.0000000000,142.0000000000,142.0000000000,0,STE GENEVIEVE,STE GENEVIEVE
STE. GENEVIEVE - 000003,145,1.0000000000,91.0000000000,91.0000000000,0,STE GENEVIEVE,STE GENEVIEVE
STE. GENEVIEVE - 000004,145,1.0000000000,161.0000000000,161.0000000000,0,STE GENEVIEVE,STE GENEVIEVE
STE. GENEVIEVE - 000005,145,1.0000000000,129.0000000000,129.0000000000,0,STE GENEVIEVE,STE GENEVIEVE
STE. GENEVIEVE - 000006,145,1.0000000000,236.0000000000,236.0000000000,0,STE GENEVIEVE,STE GENEVIEVE
STE. GENEVIEVE - 000007,145,1.0000000000,138.0000000000,138.0000000000,0,STE GENEVIEVE,STE GENEVIEVE
STE. GENEVIEVE - 000008,145,1.0000000000,45.0000000000,45.0000000000,0,STE GENEVIEVE,STE GENEVIEVE
STE. GENEVIEVE - 000009,145,1.0000000000,90.0000000000,90.0000000000,0,STE GENEVIEVE,STE GENEVIEVE
STE. GENEVIEVE - 000010,145,1.0000000000,92.0000000000,92.0000000000,0,STE GENEVIEVE,STE GENEVIEVE
STE. GENEVIEVE - 000011,145,1.0000000000,121.0000000000,121.0000000000,0,STE GENEVIEVE,STE GENEVIEVE
STE. GENEVIEVE - 000012,145,1.0000000000,102.0000000000,102.0000000000,0,STE GENEVIEVE,STE GENEVIEVE
STE. GENEVIEVE - 000013,145,1.0000000000,107.0000000000,107.0000000000,0,STE GENEVIEVE,STE GENEVIEVE
STE. GENEVIEVE - 000014,145,1.0000000000,129.0000000000,129.0000000000,0,STE GENEVIEVE,STE GENEVIEVE
STODDARD - 000002,151,1.0000000000,48.0000000001,48.0000000001,0,STODDARD,STODDARD
STODDARD - 000003,151,1.0000000000,367.9999999999,367.9999999999,0,STODDARD,STODDARD
STODDARD - 000004,151,1.0000000000,196.0000000000,196.0000000000,0,STODDARD,STODDARD
STODDARD - 000005,151,1.0000000000,157.0000000001,157.0000000001,0,STODDARD,STODDARD
STODDARD - 000006,151,1.0000000000,176.0000000001,176.0000000001,0,STODDARD,STODDARD
STODDARD - 000007,151,1.0000000000,211.0000000000,211.0000000000,0,STODDARD,STODDARD
STODDARD - 000008,151,1.0000000000,157.0000000000,157.0000000000,0,STODDARD,STODDARD
STODDARD - 000009,151,1.0000000000,174.0000000000,174.0000000000,0,STODDARD,STODDARD
STODDARD - 000010,151,1.0000000000,182.0000000000,182.0000000000,0,STODDARD,STODDARD
STODDARD - 000011,151,1.0000000000,59.0000000000,59.0000000000,0,STODDARD,STODDARD
STODDARD - 000012,151,1.0000000000,210.0000000000,210.0000000000,0,STODDARD,STODDARD
STODDARD - 000013,151,1.0000000000,126.9999999999,126.9999999999,0,STODDARD,STODDARD
STODDARD - 000014,149,0.0058479532,1.0000000000,171.0000000000,0,STODDARD,STODDARD
STODDARD - 000014,151,0.9941520468,170.0000000000,171.0000000000,0,STODDARD,STODDARD
STODDARD - 000015,151,1.0000000000,115.0000000000,115.0000000000,0,STODDARD,STODDARD
STODDARD - 000016,151,1.0000000000,139.0000000000,139.0000000000,0,STODDARD,STODDARD
STODDARD - 000017,148,0.0089576418,2.1319187554,238.0000000000,0,STODDARD,STODDARD
STODDARD - 000017,151,0.9910423582,235.8680812446,238.0000000000,0,STODDARD,STODDARD
STODDARD - 000018,151,1.0000000000,115.0000000000,115.0000000000,0,STODDARD,STODDARD
STODDARD - 000019,151,1.0000000000,291.0000000001,291.0000000001,0,STODDARD,STODDARD
STODDARD - 000020,151,1.0000000000,328.9999999998,328.9999999998,0,STODDARD,STODDARD
STODDARD - 000021,151,1.0000000000,56.0000000000,56.0000000000,0,STODDARD,STODDARD
STONE - 003698,138,1.0000000000,96.0000000001,96.0000000001,0,STONE,STONE
STONE - 003699,138,1.0000000000,57.0000000000,57.0000000000,0,STONE,STONE
STONE - 003701,138,1.0000000000,157.9999999999,157.9999999999,0,STONE,STONE
STONE - 003723,138,1.0000000000,193.0000000001,193.0000000001,0,STONE,STONE
STONE - 003730,138,1.0000000000,81.0000000001,81.0000000001,0,STONE,STONE
STONE - 003751,138,1.0000000000,258.0000000001,258.0000000001,0,STONE,STONE
STONE - 003782,138,1.0000000000,172.0000000000,172.0000000000,0,STONE,STONE
STONE - 003794,138,1.0000000000,62.9999999998,62.9999999998,0,STONE,STONE
STONE - 003800,138,1.0000000000,311.0000000000,311.0000000000,0,STONE,STONE
STONE - 003814,138,1.0000000000,551.9999999997,551.9999999997,0,STONE,STONE
STONE - 003842,138,1.0000000000,306.0000000000,306.0000000000,0,STONE,STONE
STONE - 003877,138,1.0000000000,154.0000000000,154.0000000000,0,STONE,STONE
STONE - 003889,138,1.0000000000,510.0000000000,510.0000000000,0,STONE,STONE
STONE - 003898,138,0.9999599152,237.9904598155,238.0000000000,0,STONE,STONE
STONE - 003898,158,0.0000400848,0.0095401845,238.0000000000,0,STONE,STONE
STONE - 003900,138,1.0000000000,300.9999999999,300.9999999999,0,STONE,STONE
STONE - 003903,138,1.0000000000,364.0000000003,364.0000000003,0,STONE,STONE
STONE - 003908,138,1.0000000000,186.0000000000,186.0000000000,0,STONE,STONE
STONE - 003933,138,0.7663551402,246.0000000000,321.0000000000,0,STONE,STONE
STONE - 003933,155,0.2336448598,75.0000000000,321.0000000000,0,STONE,STONE
STONE - 003935,138,0.0063694844,2.0000000000,313.9971599210,0,STONE,STONE
STONE - 003935,155,0.9936305156,311.9971599210,313.9971599210,0,STONE,STONE
STONE - 003938,138,0.0033548913,1.0546226964,314.3537616684,0,STONE,STONE
STONE - 003938,155,0.9966451087,313.2991389720,314.3537616684,0,STONE,STONE
SULLIVAN - 000002,3,1.0000000000,81.9999999999,81.9999999999,0,SULLIVAN,SULLIVAN
SULLIVAN - 000003,3,1.0000000000,75.0000000000,75.0000000000,0,SULLIVAN,SULLIVAN
SULLIVAN - 000004,3,1.0000000000,68.0000000000,68.0000000000,0,SULLIVAN,SULLIVAN
SULLIVAN - 000005,3,1.0000000000,67.0000000000,67.0000000000,0,SULLIVAN,SULLIVAN
SULLIVAN - 000006,3,1.0000000000,156.9999999999,156.9999999999,0,SULLIVAN,SULLIVAN
SULLIVAN - 000007,3,1.0000000000,87.0000000000,87.0000000000,0,SULLIVAN,SULLIVAN
SULLIVAN - 000008,3,1.0000000000,112.0000000000,112.0000000000,0,SULLIVAN,SULLIVAN
SULLIVAN - 000009,3,1.0000000000,80.0000000000,80.0000000000,0,SULLIVAN,SULLIVAN
SULLIVAN - 000010,3,1.0000000000,95.9999999999,95.9999999999,0,SULLIVAN,SULLIVAN
SULLIVAN - 000011,3,1.0000000000,121.0000000000,121.0000000000,0,SULLIVAN,SULLIVAN
SULLIVAN - 000012,3,1.0000000000,76.0000000000,76.0000000000,0,SULLIVAN,SULLIVAN
SULLIVAN - 000013,3,1.0000000000,59.0000000001,59.0000000001,0,SULLIVAN,SULLIVAN
SULLIVAN - 000014,3,1.0000000000,100.0000000000,100.0000000000,0,SULLIVAN,SULLIVAN
SULLIVAN - 000015,3,1.0000000000,94.0000000000,94.0000000000,0,SULLIVAN,SULLIVAN
SULLIVAN - 000016,3,1.0000000000,83.0000000000,83.0000000000,0,SULLIVAN,SULLIVAN
SULLIVAN - 000017,3,1.0000000000,105.0000000000,105.0000000000,0,SULLIVAN,SULLIVAN
SULLIVAN - 000018,3,1.0000000000,73.0000000000,73.0000000000,0,SULLIVAN,SULLIVAN
SULLIVAN - 000019,3,1.0000000000,109.0000000000,109.0000000000,0,SULLIVAN,SULLIVAN
SULLIVAN - 000020,3,1.0000000000,67.0000000000,67.0000000000,0,SULLIVAN,SULLIVAN
TANEY - 000002,156,1.0000000000,33.0000000000,33.0000000000,0,TANEY,TANEY
TANEY - 000003,155,1.0000000000,37.0000000000,37.0000000000,0,TANEY,TANEY
TANEY - 000004,156,1.0000000000,230.0000000002,230.0000000002,0,TANEY,TANEY
TANEY - 000005,156,1.0000000000,167.0000000001,167.0000000001,0,TANEY,TANEY
TANEY - 000006,156,1.0000000000,314.0000000001,314.0000000001,0,TANEY,TANEY
TANEY - 000007,155,1.0000000000,35.0000000000,35.0000000000,0,TANEY,TANEY
TANEY - 000008,155,1.0000000000,52.0000000000,52.0000000000,0,TANEY,TANEY
TANEY - 000009,155,1.0000000000,85.0000000000,85.0000000000,0,TANEY,TANEY
TANEY - 000010,155,1.0000000000,147.9999999999,147.9999999999,0,TANEY,TANEY
TANEY - 000011,155,0.9917355372,239.9999999999,241.9999999999,0,TANEY,TANEY
TANEY - 000011,156,0.0082644628,2.0000000000,241.9999999999,0,TANEY,TANEY
TANEY - 000012,155,0.0044642857,1.0000000000,224.0000000000,0,TANEY,TANEY
TANEY - 000012,156,0.9955357143,223.0000000000,224.0000000000,0,TANEY,TANEY
TANEY - 000013,155,0.5235032247,91.0895610944,174.0000000001,0,TANEY,TANEY
TANEY - 000013,156,0.4764967753,82.9104389057,174.0000000001,0,TANEY,TANEY
TANEY - 000014,155,1.0000000000,238.9999999997,238.9999999997,0,TANEY,TANEY
TANEY - 000015,155,1.0000000000,99.9973224419,99.9973224419,0,TANEY,TANEY
TANEY - 000016,155,1.0000000000,122.0000000000,122.0000000000,0,TANEY,TANEY
TANEY - 000017,156,1.0000000000,131.0000000000,131.0000000000,0,TANEY,TANEY
TANEY - 000018,155,0.0252100840,3.0000000000,119.0000000000,0,TANEY,TANEY
TANEY - 000018,156,0.9747899160,116.0000000000,119.0000000000,0,TANEY,TANEY
TANEY - 000019,156,1.0000000000,265.0000000000,265.0000000000,0,TANEY,TANEY
TANEY - 000020,155,1.0000000000,71.0000000000,71.0000000000,0,TANEY,TANEY
TANEY - 000021,155,0.0129870130,1.0000000000,76.9999999999,0,TANEY,TANEY
TANEY - 000021,156,0.9870129870,75.9999999999,76.9999999999,0,TANEY,TANEY
TANEY - 000022,156,1.0000000000,100.9999999999,100.9999999999,0,TANEY,TANEY
TANEY - 000023,155,1.0000000000,119.0000000000,119.0000000000,0,TANEY,TANEY
TANEY - 000024,156,1.0000000000,155.0000000000,155.0000000000,0,TANEY,TANEY
TEXAS - 000002,143,1.0000000000,193.0000000000,193.0000000000,0,TEXAS,TEXAS
TEXAS - 000003,143,1.0000000000,122.0000000000,122.0000000000,0,TEXAS,TEXAS
TEXAS - 000004,143,1.0000000000,137.0000000000,137.0000000000,0,TEXAS,TEXAS
TEXAS - 000005,143,1.0000000000,147.0000000000,147.0000000000,0,TEXAS,TEXAS
TEXAS - 000006,143,1.0000000000,129.0000000000,129.0000000000,0,TEXAS,TEXAS
TEXAS - 000007,143,1.0000000000,125.0000000000,125.0000000000,0,TEXAS,TEXAS
TEXAS - 000008,143,1.0000000000,517.0000000000,517.0000000000,0,TEXAS,TEXAS
TEXAS - 000009,143,1.0000000000,103.0000000000,103.0000000000,0,TEXAS,TEXAS
TEXAS - 000010,121,0.0212765957,3.0000000000,141.0000000000,0,TEXAS,TEXAS
TEXAS - 000010,143,0.9787234043,138.0000000000,141.0000000000,0,TEXAS,TEXAS
TEXAS - 000011,143,1.0000000000,107.0000000000,107.0000000000,0,TEXAS,TEXAS
TEXAS - 000012,121,0.0136986301,1.0000000000,73.0000000000,0,TEXAS,TEXAS
TEXAS - 000012,143,0.9863013699,72.0000000000,73.0000000000,0,TEXAS,TEXAS
TEXAS - 000013,143,1.0000000000,384.0000000000,384.0000000000,0,TEXAS,TEXAS
TEXAS - 000014,143,1.0000000000,140.0000000000,140.0000000000,0,TEXAS,TEXAS
TEXAS - 000015,143,1.0000000000,99.0000000000,99.0000000000,0,TEXAS,TEXAS
TEXAS - 000016,143,1.0000000000,484.0000000000,484.0000000000,0,TEXAS,TEXAS
TEXAS - 000017,143,1.0000000000,175.0000000000,175.0000000000,0,TEXAS,TEXAS
TEXAS - 000018,143,1.0000000000,130.9999999999,130.9999999999,0,TEXAS,TEXAS
TEXAS - 000019,143,1.0000000000,135.0000000000,135.0000000000,0,TEXAS,TEXAS
TEXAS - 000020,143,1.0000000000,274.0000000000,274.0000000000,0,TEXAS,TEXAS
TEXAS - 000021,143,1.0000000000,40.0000000000,40.0000000000,0,TEXAS,TEXAS
TEXAS - 000022,143,1.0000000000,127.0000000000,127.0000000000,0,TEXAS,TEXAS
VERNON - 000002,125,1.0000000000,131.0000000000,131.0000000000,0,VERNON,VERNON
VERNON - 000003,125,1.0000000000,90.0000000000,90.0000000000,0,VERNON,VERNON
VERNON - 000004,125,1.0000000000,239.0000000000,239.0000000000,0,VERNON,VERNON
VERNON - 000005,125,1.0000000000,345.0000000000,345.0000000000,0,VERNON,VERNON
VERNON - 000006,125,1.0000000000,169.0000000000,169.0000000000,0,VERNON,VERNON
VERNON - 000007,125,1.0000000000,235.0000000000,235.0000000000,0,VERNON,VERNON
VERNON - 000008,125,1.0000000000,143.0000000000,143.0000000000,0,VERNON,VERNON
VERNON - 000009,125,1.0000000000,164.0000000000,164.0000000000,0,VERNON,VERNON
VERNON - 000010,125,1.0000000000,129.0000000000,129.0000000000,0,VERNON,VERNON
VERNON - 000011,125,1.0000000000,546.0000000000,546.0000000000,0,VERNON,VERNON
VERNON - 000012,125,1.0000000000,220.0000000001,220.0000000001,0,VERNON,VERNON
VERNON - 000013,125,1.0000000000,316.0000000001,316.0000000001,0,VERNON,VERNON
VERNON - 000014,125,1.0000000000,96.0000000000,96.0000000000,0,VERNON,VERNON
VERNON - 000015,125,1.0000000000,112.0000000001,112.0000000001,0,VERNON,VERNON
VERNON - 000016,125,1.0000000000,109.0000000000,109.0000000000,0,VERNON,VERNON
VERNON - 000017,125,1.0000000000,335.0000000000,335.0000000000,0,VERNON,VERNON
WARREN - 000002,42,1.0000000000,109.0000000000,109.0000000000,0,WARREN,WARREN
WARREN - 000003,42,1.0000000000,185.0000000000,185.0000000000,0,WARREN,WARREN
WARREN - 000004,42,1.0000000000,87.0000000001,87.0000000001,0,WARREN,WARREN
WARREN - 000005,42,1.0000000000,180.0000000001,180.0000000001,0,WARREN,WARREN
WARREN - 000006,42,1.0000000000,112.0000000000,112.0000000000,0,WARREN,WARREN
WARREN - 000007,42,1.0000000000,55.0000000000,55.0000000000,0,WARREN,WARREN
WARREN - 000008,42,1.0000000000,154.0000000000,154.0000000000,0,WARREN,WARREN
WARREN - 000009,42,1.0000000000,201.0000000000,201.0000000000,0,WARREN,WARREN
WARREN - 000010,42,1.0000000000,59.0000000000,59.0000000000,0,WARREN,WARREN
WARREN - 000011,42,1.0000000000,67.0000000001,67.0000000001,0,WARREN,WARREN
WARREN - 000012,42,1.0000000000,52.0000000000,52.0000000000,0,WARREN,WARREN
WARREN - 000013,42,1.0000000000,353.0000000000,353.0000000000,0,WARREN,WARREN
WARREN - 000014,42,1.0000000000,182.0000000005,182.0000000005,0,WARREN,WARREN
WARREN - 000015,42,1.0000000000,85.9999999999,85.9999999999,0,WARREN,WARREN
WARREN - 000016,42,1.0000000000,123.9999999998,123.9999999998,0,WARREN,WARREN
WARREN - 000017,42,1.0000000000,40.0000000000,40.0000000000,0,WARREN,WARREN
WARREN - 000018,42,1.0000000000,90.9999999998,90.9999999998,0,WARREN,WARREN
WARREN - 000019,42,1.0000000000,114.0000000001,114.0000000001,0,WARREN,WARREN
WARREN - 000020,42,1.0000000000,80.0000000000,80.0000000000,0,WARREN,WARREN
WARREN - 000021,42,1.0000000000,57.0000000000,57.0000000000,0,WARREN,WARREN
WARREN - 000022,42,1.0000000000,154.0000000001,154.0000000001,0,WARREN,WARREN
WARREN - 000023,42,1.0000000000,115.0000000000,115.0000000000,0,WARREN,WARREN
WARREN - 000024,42,1.0000000000,31.0000000000,31.0000000000,0,WARREN,WARREN
WASHINGTON - 000002,144,1.0000000000,392.0000000000,392.0000000000,0,WASHINGTON,WASHINGTON
WASHINGTON - 000003,144,1.0000000000,137.0000000001,137.0000000001,0,WASHINGTON,WASHINGTON
WASHINGTON - 000004,118,0.8780487805,108.0000000000,123.0000000000,0,WASHINGTON,WASHINGTON
WASHINGTON - 000004,144,0.1219512195,15.0000000000,123.0000000000,0,WASHINGTON,WASHINGTON
WASHINGTON - 000005,144,1.0000000000,106.0000000000,106.0000000000,0,WASHINGTON,WASHINGTON
WASHINGTON - 000006,118,0.7085714286,124.0000000000,175.0000000000,0,WASHINGTON,WASHINGTON
WASHINGTON - 000006,144,0.2914285714,51.0000000000,175.0000000000,0,WASHINGTON,WASHINGTON
WASHINGTON - 000007,118,0.7409090909,163.0000000000,220.0000000000,0,WASHINGTON,WASHINGTON
WASHINGTON - 000007,144,0.2590909091,57.0000000000,220.0000000000,0,WASHINGTON,WASHINGTON
WASHINGTON - 000008,118,1.0000000000,135.0000000000,135.0000000000,0,WASHINGTON,WASHINGTON
WASHINGTON - 000009,118,0.3063856685,72.0006320893,235.0000000000,0,WASHINGTON,WASHINGTON
WASHINGTON - 000009,144,0.6936143315,162.9993679107,235.0000000000,0,WASHINGTON,WASHINGTON
WASHINGTON - 000010,144,1.0000000000,60.0000000000,60.0000000000,0,WASHINGTON,WASHINGTON
WASHINGTON - 000011,144,1.0000000000,221.0000000000,221.0000000000,0,WASHINGTON,WASHINGTON
WASHINGTON - 000012,118,0.6138613861,62.0000000000,101.0000000000,0,WASHINGTON,WASHINGTON
WASHINGTON - 000012,144,0.3861386139,39.0000000000,101.0000000000,0,WASHINGTON,WASHINGTON
WASHINGTON - 000013,118,1.0000000000,95.0000000000,95.0000000000,0,WASHINGTON,WASHINGTON
WASHINGTON - 000014,144,1.0000000000,45.9999999999,45.9999999999,0,WASHINGTON,WASHINGTON
WASHINGTON - 000015,144,1.0000000000,169.9999999997,169.9999999997,0,WASHINGTON,WASHINGTON
WASHINGTON - 000016,118,0.7770700637,122.0000000000,157.0000000000,0,WASHINGTON,WASHINGTON
WASHINGTON - 000016,144,0.2229299363,35.0000000000,157.0000000000,0,WASHINGTON,WASHINGTON
WASHINGTON - 000017,144,1.0000000000,172.9999999999,172.9999999999,0,WASHINGTON,WASHINGTON
WASHINGTON - 000018,118,0.4072939021,24.8449280291,61.0000000000,0,WASHINGTON,WASHINGTON
WASHINGTON - 000018,144,0.5927060979,36.1550719709,61.0000000000,0,WASHINGTON,WASHINGTON
WASHINGTON - 000019,144,1.0000000000,40.0000000000,40.0000000000,0,WASHINGTON,WASHINGTON
WAYNE - 000002,153,1.0000000000,55.0000000000,55.0000000000,0,WAYNE,WAYNE
WAYNE - 000003,153,1.0000000000,37.0000000000,37.0000000000,0,WAYNE,WAYNE
WAYNE - 000004,153,1.0000000000,156.0000000001,156.0000000001,0,WAYNE,WAYNE
WAYNE - 000005,153,1.0000000000,137.0000000003,137.0000000003,0,WAYNE,WAYNE
WAYNE - 000006,153,1.0000000000,34.0000000000,34.0000000000,0,WAYNE,WAYNE
WAYNE - 000007,153,1.0000000000,146.0000000000,146.0000000000,0,WAYNE,WAYNE
WAYNE - 000008,153,1.0000000000,114.0000000000,114.0000000000,0,WAYNE,WAYNE
WAYNE - 000009,153,1.0000000000,47.0000000000,47.0000000000,0,WAYNE,WAYNE
WAYNE - 000010,153,1.0000000000,76.0000000000,76.0000000000,0,WAYNE,WAYNE
WAYNE - 000011,153,1.0000000000,125.0000000000,125.0000000000,0,WAYNE,WAYNE
WAYNE - 000012,144,1.0000000000,35.0000000000,35.0000000000,0,WAYNE,WAYNE
WAYNE - 000013,153,1.0000000000,132.0000000000,132.0000000000,0,WAYNE,WAYNE
WAYNE - 000014,153,1.0000000000,39.0000000000,39.0000000000,0,WAYNE,WAYNE
WAYNE - 000015,144,1.0000000000,34.0000000000,34.0000000000,0,WAYNE,WAYNE
WAYNE - 000016,153,1.0000000000,73.0000000000,73.0000000000,0,WAYNE,WAYNE
WAYNE - 000017,144,1.0000000000,57.0000000000,57.0000000000,0,WAYNE,WAYNE
WAYNE - 000018,144,1.0000000000,68.0000000000,68.0000000000,0,WAYNE,WAYNE
WAYNE - 000019,153,1.0000000000,63.0000000000,63.0000000000,0,WAYNE,WAYNE
WAYNE - 000020,153,1.0000000000,142.0000000000,142.0000000000,0,WAYNE,WAYNE
WAYNE - 000021,153,1.0000000000,48.0000000000,48.0000000000,0,WAYNE,WAYNE
WEBSTER - 000002,129,1.0000000000,109.0000000000,109.0000000000,0,WEBSTER,WEBSTER
WEBSTER - 000003,129,1.0000000000,116.0000000000,116.0000000000,0,WEBSTER,WEBSTER
WEBSTER - 000004,129,0.9322033898,330.0000000000,354.0000000000,0,WEBSTER,WEBSTER
WEBSTER - 000004,141,0.0677966102,24.0000000000,354.0000000000,0,WEBSTER,WEBSTER
WEBSTER - 000005,129,1.0000000000,210.0000000000,210.0000000000,0,WEBSTER,WEBSTER
WEBSTER - 000006,129,1.0000000000,220.0000000002,220.0000000002,0,WEBSTER,WEBSTER
WEBSTER - 000007,129,1.0000000000,389.9999999999,389.9999999999,0,WEBSTER,WEBSTER
WEBSTER - 000008,129,1.0000000000,198.0000000000,198.0000000000,0,WEBSTER,WEBSTER
WEBSTER - 000009,129,1.0000000000,371.9999999991,371.9999999991,0,WEBSTER,WEBSTER
WEBSTER - 000010,129,1.0000000000,320.9999999999,320.9999999999,0,WEBSTER,WEBSTER
WEBSTER - 000011,129,1.0000000000,296.0000000000,296.0000000000,0,WEBSTER,WEBSTER
WEBSTER - 000012,129,1.0000000000,197.0000000000,197.0000000000,0,WEBSTER,WEBSTER
WEBSTER - 000013,129,1.0000000000,213.0000000000,213.0000000000,0,WEBSTER,WEBSTER
WEBSTER - 000014,129,1.0000000000,268.0000000000,268.0000000000,0,WEBSTER,WEBSTER
WORTH - 000002,2,1.0000000000,51.0000000000,51.0000000000,0,WORTH,WORTH
WORTH - 000003,2,1.0000000000,32.0000000000,32.0000000000,0,WORTH,WORTH
WORTH - 000004,2,1.0000000000,129.0000000000,129.0000000000,0,WORTH,WORTH
WORTH - 000005,2,1.0000000000,40.0000000000,40.0000000000,0,WORTH,WORTH
WORTH - 000006,2,1.0000000000,55.0000000000,55.0000000000,0,WORTH,WORTH
WORTH - 000007,2,1.0000000000,48.0000000000,48.0000000000,0,WORTH,WORTH
WORTH - 000008,2,1.0000000000,60.0000000000,60.0000000000,0,WORTH,WORTH
WRIGHT - 000002,141,1.0000000000,394.0000000000,394.0000000000,0,WRIGHT,WRIGHT
WRIGHT - 000003,141,1.0000000000,554.0000000000,554.0000000000,0,WRIGHT,WRIGHT
WRIGHT - 000004,141,1.0000000000,207.0000000000,207.0000000000,0,WRIGHT,WRIGHT
WRIGHT - 000005,141,1.0000000000,250.0000000000,250.0000000000,0,WRIGHT,WRIGHT
WRIGHT - 000006,141,1.0000000000,105.0000000000,105.0000000000,0,WRIGHT,WRIGHT
WRIGHT - 000007,141,1.0000000000,69.0000000000,69.0000000000,0,WRIGHT,WRIGHT
WRIGHT - 000008,141,1.0000000000,258.0000000000,258.0000000000,0,WRIGHT,WRIGHT
WRIGHT - 000009,141,1.0000000000,279.0000000000,279.0000000000,0,WRIGHT,WRIGHT
