precinct_key,district_num,area_weight
ADAIR - 000002,6,1.000000
ADAIR - 000003,6,1.000000
ADAIR - 000004,6,1.000000
ADAIR - 000005,6,1.000000
ADAIR - 000006,6,1.000000
ADAIR - 000007,6,1.000000
ADAIR - 000008,6,1.000000
ADAIR - 000009,6,1.000000
ADAIR - 000010,6,1.000000
ADAIR - 000011,6,1.000000
ANDREW - 000002,6,1.000000
ANDREW - 000003,6,1.000000
ANDREW - 000004,6,1.000000
ANDREW - 000005,6,1.000000
ANDREW - 000006,6,1.000000
ANDREW - 000007,6,1.000000
ANDREW - 000008,6,1.000000
ANDREW - 000009,6,1.000000
ANDREW - 000010,6,1.000000
ANDREW - 000011,6,1.000000
ANDREW - 000012,6,1.000000
ANDREW - 000013,6,1.000000
ANDREW - 000014,6,1.000000
ANDREW - 000015,6,1.000000
ANDREW - 000016,6,1.000000
ANDREW - 000017,6,1.000000
ANDREW - 000018,6,1.000000
ANDREW - 000019,6,1.000000
ANDREW - 000020,6,1.000000
ANDREW - 000021,6,1.000000
ATCHISON - 000002,6,1.000000
ATCHISON - 000003,6,1.000000
ATCHISON - 000004,6,1.000000
ATCHISON - 000005,6,1.000000
ATCHISON - 000006,6,1.000000
ATCHISON - 000007,6,1.000000
AUDRAIN - 000502,6,1.000000
AUDRAIN - 000506,6,1.000000
AUDRAIN - 000508,6,1.000000
AUDRAIN - 000510,6,1.000000
AUDRAIN - 000512,6,1.000000
AUDRAIN - 000513,6,1.000000
AUDRAIN - 000545,6,1.000000
AUDRAIN - 000616,6,1.000000
AUDRAIN - 000623,6,1.000000
AUDRAIN - 000632,6,1.000000
AUDRAIN - 000633,6,1.000000
AUDRAIN - 000641,6,1.000000
AUDRAIN - 000642,6,1.000000
AUDRAIN - 000657,6,1.000000
AUDRAIN - 000658,6,1.000000
AUDRAIN - 000667,6,1.000000
BARRY - 000002,7,1.000000
BARRY - 000003,7,1.000000
BARRY - 000004,7,1.000000
BARRY - 000005,7,1.000000
BARRY - 000006,7,1.000000
BARRY - 000007,7,1.000000
BARRY - 000008,7,1.000000
BARRY - 000009,7,1.000000
BARRY - 000010,7,1.000000
BARRY - 000011,7,1.000000
BARRY - 000012,7,1.000000
BARRY - 000013,7,1.000000
BARRY - 000014,7,1.000000
BARRY - 000015,7,1.000000
BARRY - 000016,7,1.000000
BARRY - 000017,7,1.000000
BARRY - 000018,7,1.000000
BARRY - 000019,7,1.000000
BARRY - 000020,7,1.000000
BARRY - 000021,7,1.000000
BARRY - 000022,7,1.000000
BARRY - 000023,7,1.000000
BARTON - 000002,4,1.000000
BARTON - 000003,4,1.000000
BARTON - 000004,4,1.000000
BARTON - 000005,4,1.000000
BARTON - 000006,4,1.000000
BARTON - 000007,4,1.000000
BARTON - 000008,4,1.000000
BARTON - 000009,4,1.000000
BARTON - 000010,4,1.000000
BARTON - 000011,4,1.000000
BARTON - 000012,4,1.000000
BARTON - 000013,4,1.000000
BARTON - 000014,4,1.000000
BARTON - 000015,4,1.000000
BARTON - 000016,4,1.000000
BARTON - 000017,4,1.000000
BATES - 002701,4,1.000000
BATES - 002703,4,1.000000
BATES - 002705,4,1.000000
BATES - 002722,4,1.000000
BATES - 002767,4,1.000000
BATES - 002801,4,1.000000
BATES - 002814,4,1.000000
BATES - 002825,4,1.000000
BATES - 002847,4,1.000000
BATES - 002849,4,1.000000
BATES - 002850,4,1.000000
BATES - 002868,4,1.000000
BATES - 002892,4,1.000000
BATES - 002904,4,1.000000
BATES - 002930,4,1.000000
BENTON - 002612,4,1.000000
BENTON - 002614,4,1.000000
BENTON - 002650,4,1.000000
BENTON - 002723,4,1.000000
BENTON - 002785,4,1.000000
BENTON - 002790,4,1.000000
BENTON - 002793,4,1.000000
BENTON - 002799,4,1.000000
BENTON - 002813,4,1.000000
BENTON - 002848,4,1.000000
BENTON - 002874,4,1.000000
BENTON - 002895,4,1.000000
BENTON - 002901,4,1.000000
BOLLINGER - 000002,8,1.000000
BOLLINGER - 000003,8,1.000000
BOLLINGER - 000004,8,1.000000
BOLLINGER - 000005,8,1.000000
BOLLINGER - 000006,8,1.000000
BOLLINGER - 000007,8,1.000000
BOLLINGER - 000008,8,1.000000
BOLLINGER - 000009,8,1.000000
BOLLINGER - 000010,8,1.000000
BOLLINGER - 000011,8,1.000000
BOLLINGER - 000012,8,1.000000
BOLLINGER - 000013,8,1.000000
BOLLINGER - 000014,8,1.000000
BOLLINGER - 000015,8,1.000000
BOONE - 000001,4,1.000000
BOONE - 000001,3,1.000000
BOONE - 000001,4,1.000000
BOONE - 000001,4,1.000000
BOONE - 000001,3,1.000000
BOONE - 000001,4,1.000000
BOONE - 000001,4,1.000000
BOONE - 000001,4,1.000000
BOONE - 000001,3,1.000000
BOONE - 000002,4,1.000000
BOONE - 000002,4,1.000000
BOONE - 000002,4,1.000000
BOONE - 000002,4,1.000000
BOONE - 000002,4,1.000000
BOONE - 000002,4,1.000000
BOONE - 000002,4,1.000000
BOONE - 000002,4,1.000000
BOONE - 000002,4,1.000000
BOONE - 000002,4,1.000000
BOONE - 000002,4,0.790476
BOONE - 000002,3,0.209524
BOONE - 000003,4,1.000000
BOONE - 000003,4,1.000000
BOONE - 000003,4,1.000000
BOONE - 000003,4,1.000000
BOONE - 000003,3,0.666667
BOONE - 000003,4,0.333333
BOONE - 000003,4,1.000000
BOONE - 000004,3,1.000000
BOONE - 000004,3,1.000000
BOONE - 000004,3,1.000000
BOONE - 000004,3,1.000000
BOONE - 000004,3,1.000000
BOONE - 000004,3,1.000000
BOONE - 000004,3,1.000000
BOONE - 000004,3,1.000000
BOONE - 000004,3,1.000000
BOONE - 000004,3,1.000000
BOONE - 000004,3,1.000000
BOONE - 000004,3,1.000000
BOONE - 000005,3,1.000000
BOONE - 000005,3,1.000000
BOONE - 000005,3,1.000000
BOONE - 000005,3,1.000000
BOONE - 000005,3,1.000000
BOONE - 000005,3,1.000000
BOONE - 000005,3,1.000000
BOONE - 000005,3,1.000000
BOONE - 000005,3,1.000000
BOONE - 000005,3,1.000000
BOONE - 000005,3,1.000000
BOONE - 000005,3,1.000000
BOONE - 000005,3,1.000000
BOONE - 000006,3,1.000000
BOONE - 000006,3,1.000000
BOONE - 000006,3,1.000000
BOONE - 000006,3,1.000000
BOONE - 000006,3,1.000000
BOONE - 000006,3,1.000000
BOONE - 000006,3,1.000000
BOONE - 000006,3,1.000000
BOONE - 000006,3,1.000000
BOONE - 000007,4,1.000000
BOONE - 000008,4,1.000000
BOONE - 000009,4,1.000000
BOONE - 000010,4,1.000000
BOONE - 000011,4,1.000000
BOONE - 000012,4,1.000000
BOONE - 000014,4,1.000000
BOONE - 000015,4,1.000000
BOONE - 000016,4,1.000000
BOONE - 000017,4,1.000000
BOONE - 000018,4,0.554762
BOONE - 000018,3,0.445238
BOONE - 000019,4,1.000000
BOONE - 000020,4,1.000000
BOONE - 000021,4,0.169048
BOONE - 000021,3,0.830952
BOONE - 000022,4,1.000000
BOONE - 000023,4,1.000000
BOONE - 000024,4,1.000000
BOONE - 000025,3,1.000000
BOONE - 000026,3,1.000000
BOONE - 000027,3,1.000000
BOONE - 000028,3,1.000000
BOONE - 000029,3,1.000000
BOONE - 000030,3,1.000000
BOONE - 000031,3,1.000000
BOONE - 000032,3,1.000000
BOONE - 000033,3,1.000000
BOONE - 000034,3,1.000000
BOONE - 000035,3,1.000000
BOONE - 000036,3,1.000000
BOONE - 000037,3,1.000000
BOONE - 000038,3,1.000000
BOONE - 000039,4,1.000000
BOONE - 000040,4,1.000000
BOONE - 000041,4,0.947619
BOONE - 000041,3,0.052381
BOONE - 000042,3,1.000000
BUCHANAN - 000001,6,1.000000
BUCHANAN - 000002,6,1.000000
BUCHANAN - 000003,6,1.000000
BUCHANAN - 000004,6,1.000000
BUCHANAN - 000005,6,1.000000
BUCHANAN - 000006,6,1.000000
BUCHANAN - 000007,6,1.000000
BUCHANAN - 000008,6,1.000000
BUCHANAN - 000009,6,1.000000
BUCHANAN - 000010,6,1.000000
BUCHANAN - 000011,6,1.000000
BUCHANAN - 000012,6,1.000000
BUCHANAN - 000013,6,1.000000
BUCHANAN - 000014,6,1.000000
BUCHANAN - 000015,6,1.000000
BUCHANAN - 000016,6,1.000000
BUCHANAN - 000017,6,1.000000
BUCHANAN - 000018,6,1.000000
BUCHANAN - 000020,6,1.000000
BUCHANAN - 000021,6,1.000000
BUCHANAN - 000022,6,1.000000
BUCHANAN - 000023,6,1.000000
BUCHANAN - 000024,6,1.000000
BUCHANAN - 000025,6,1.000000
BUCHANAN - 000026,6,1.000000
BUCHANAN - 000027,6,1.000000
BUCHANAN - 000028,6,1.000000
BUCHANAN - 000029,6,1.000000
BUCHANAN - 000030,6,1.000000
BUCHANAN - 000031,6,1.000000
BUCHANAN - 000032,6,1.000000
BUCHANAN - 000033,6,1.000000
BUCHANAN - 000034,6,1.000000
BUCHANAN - 000035,6,1.000000
BUTLER - 000002,8,1.000000
BUTLER - 000003,8,1.000000
BUTLER - 000004,8,1.000000
BUTLER - 000005,8,1.000000
BUTLER - 000006,8,1.000000
BUTLER - 000007,8,1.000000
BUTLER - 000008,8,1.000000
BUTLER - 000009,8,1.000000
BUTLER - 000010,8,1.000000
BUTLER - 000011,8,1.000000
BUTLER - 000012,8,1.000000
BUTLER - 000013,8,1.000000
BUTLER - 000014,8,1.000000
BUTLER - 000015,8,1.000000
BUTLER - 000016,8,1.000000
BUTLER - 000017,8,1.000000
BUTLER - 000018,8,1.000000
BUTLER - 000019,8,1.000000
BUTLER - 000020,8,1.000000
BUTLER - 000021,8,1.000000
BUTLER - 000022,8,1.000000
BUTLER - 000023,8,1.000000
BUTLER - 000024,8,1.000000
BUTLER - 000025,8,1.000000
BUTLER - 000026,8,1.000000
CALDWELL - 000277,6,1.000000
CALDWELL - 000280,6,1.000000
CALDWELL - 000281,6,1.000000
CALDWELL - 000284,6,1.000000
CALDWELL - 000353,6,1.000000
CALDWELL - 000356,6,1.000000
CALDWELL - 000357,6,1.000000
CALDWELL - 000358,6,1.000000
CALDWELL - 000389,6,1.000000
CALDWELL - 000390,6,1.000000
CALLAWAY - 000826,3,1.000000
CALLAWAY - 000828,3,1.000000
CALLAWAY - 000839,3,1.000000
CALLAWAY - 000842,3,1.000000
CALLAWAY - 000998,3,1.000000
CALLAWAY - 001069,3,1.000000
CALLAWAY - 001081,3,1.000000
CALLAWAY - 001083,3,1.000000
CALLAWAY - 001189,3,1.000000
CALLAWAY - 001190,3,1.000000
CALLAWAY - 001271,3,1.000000
CALLAWAY - 001272,3,1.000000
CALLAWAY - 001292,3,1.000000
CALLAWAY - 001297,3,1.000000
CALLAWAY - 001306,3,1.000000
CALLAWAY - 001350,3,1.000000
CALLAWAY - 001351,3,1.000000
CALLAWAY - 001438,3,1.000000
CALLAWAY - 001479,3,1.000000
CALLAWAY - 001543,3,1.000000
CALLAWAY - 001584,3,1.000000
CALLAWAY - 001595,3,1.000000
CALLAWAY - 001763,3,1.000000
CALLAWAY - 001843,3,1.000000
CALLAWAY - 001989,3,1.000000
CALLAWAY - 001991,3,1.000000
CAMDEN - 000002,4,1.000000
CAMDEN - 000003,4,1.000000
CAMDEN - 000004,4,1.000000
CAMDEN - 000005,4,1.000000
CAMDEN - 000006,4,1.000000
CAMDEN - 000007,4,1.000000
CAMDEN - 000008,4,1.000000
CAMDEN - 000009,4,1.000000
CAMDEN - 000010,4,1.000000
CAMDEN - 000011,4,1.000000
CAMDEN - 000012,3,1.000000
CAMDEN - 000013,4,1.000000
CAMDEN - 000014,4,1.000000
CAMDEN - 000015,4,1.000000
CAMDEN - 000016,3,1.000000
CAMDEN - 000017,3,1.000000
CAMDEN - 000018,4,0.978571
CAMDEN - 000018,3,0.021429
CAMDEN - 000019,4,1.000000
CAMDEN - 000020,4,1.000000
CAMDEN - 000021,4,1.000000
CAMDEN - 000022,3,1.000000
CAMDEN - 000023,4,1.000000
CAMDEN - 000024,4,0.911905
CAMDEN - 000024,3,0.088095
CAMDEN - 000025,4,1.000000
CAPE GIRARDEAU - 000002,8,1.000000
CAPE GIRARDEAU - 000003,8,1.000000
CAPE GIRARDEAU - 000004,8,1.000000
CAPE GIRARDEAU - 000005,8,1.000000
CAPE GIRARDEAU - 000006,8,1.000000
CAPE GIRARDEAU - 000007,8,1.000000
CAPE GIRARDEAU - 000008,8,1.000000
CAPE GIRARDEAU - 000009,8,1.000000
CAPE GIRARDEAU - 000010,8,1.000000
CAPE GIRARDEAU - 000011,8,1.000000
CAPE GIRARDEAU - 000012,8,1.000000
CAPE GIRARDEAU - 000013,8,1.000000
CAPE GIRARDEAU - 000014,8,1.000000
CAPE GIRARDEAU - 000015,8,1.000000
CAPE GIRARDEAU - 000016,8,1.000000
CAPE GIRARDEAU - 000017,8,1.000000
CAPE GIRARDEAU - 000018,8,1.000000
CAPE GIRARDEAU - 000019,8,1.000000
CAPE GIRARDEAU - 000020,8,1.000000
CAPE GIRARDEAU - 000021,8,1.000000
CAPE GIRARDEAU - 000022,8,1.000000
CAPE GIRARDEAU - 000023,8,1.000000
CAPE GIRARDEAU - 000024,8,1.000000
CAPE GIRARDEAU - 000025,8,1.000000
CAPE GIRARDEAU - 000026,8,1.000000
CAPE GIRARDEAU - 000027,8,1.000000
CAPE GIRARDEAU - 000028,8,1.000000
CAPE GIRARDEAU - 000029,8,1.000000
CAPE GIRARDEAU - 000030,8,1.000000
CAPE GIRARDEAU - 000031,8,1.000000
CAPE GIRARDEAU - 000032,8,1.000000
CAPE GIRARDEAU - 000033,8,1.000000
CAPE GIRARDEAU - 000034,8,1.000000
CAPE GIRARDEAU - 000035,8,1.000000
CAPE GIRARDEAU - 000036,8,1.000000
CAPE GIRARDEAU - 000037,8,1.000000
CAPE GIRARDEAU - 000038,8,1.000000
CAPE GIRARDEAU - 000039,8,1.000000
CARROLL - 000002,6,1.000000
CARROLL - 000003,6,1.000000
CARROLL - 000004,6,1.000000
CARROLL - 000005,6,1.000000
CARROLL - 000006,6,1.000000
CARROLL - 000007,6,1.000000
CARROLL - 000008,6,1.000000
CARROLL - 000009,6,1.000000
CARROLL - 000010,6,1.000000
CARROLL - 000011,6,1.000000
CARROLL - 000012,6,1.000000
CARROLL - 000013,6,1.000000
CARROLL - 000014,6,1.000000
CARROLL - 000015,6,1.000000
CARTER - 003611,8,1.000000
CARTER - 003628,8,1.000000
CARTER - 003668,8,1.000000
CARTER - 003694,8,1.000000
CARTER - 003731,8,1.000000
CARTER - 003756,8,1.000000
CARTER - 003789,8,1.000000
CASS - 000002,4,1.000000
CASS - 000003,4,1.000000
CASS - 000004,4,1.000000
CASS - 000005,4,1.000000
CASS - 000006,4,1.000000
CASS - 000007,4,1.000000
CASS - 000008,4,1.000000
CASS - 000009,4,1.000000
CASS - 000010,4,1.000000
CASS - 000011,4,1.000000
CASS - 000012,4,1.000000
CASS - 000013,4,1.000000
CASS - 000014,4,1.000000
CASS - 000015,4,1.000000
CASS - 000016,4,1.000000
CASS - 000017,4,1.000000
CASS - 000018,4,1.000000
CASS - 000019,4,1.000000
CASS - 000020,4,1.000000
CASS - 000021,4,1.000000
CASS - 000022,4,1.000000
CASS - 000023,4,1.000000
CASS - 000024,4,1.000000
CASS - 000025,4,1.000000
CASS - 000026,4,1.000000
CASS - 000027,4,1.000000
CASS - 000028,4,1.000000
CASS - 000029,4,1.000000
CASS - 000030,4,1.000000
CASS - 000031,4,1.000000
CASS - 000032,4,1.000000
CASS - 000033,4,1.000000
CASS - 000034,4,1.000000
CASS - 000035,4,1.000000
CASS - 000036,4,1.000000
CASS - 000037,4,1.000000
CASS - 000038,4,1.000000
CASS - 000039,4,1.000000
CASS - 000040,4,1.000000
CASS - 000041,4,1.000000
CASS - 000042,4,1.000000
CASS - 000043,4,1.000000
CASS - 000044,4,1.000000
CASS - 000045,4,1.000000
CASS - 000046,4,1.000000
CASS - 000047,4,1.000000
CASS - 000048,4,1.000000
CASS - 000049,4,1.000000
CEDAR - 003052,4,1.000000
CEDAR - 003054,4,1.000000
CEDAR - 003057,4,1.000000
CEDAR - 003092,4,1.000000
CEDAR - 003129,4,1.000000
CEDAR - 003139,4,1.000000
CEDAR - 003178,4,1.000000
CEDAR - 003191,4,1.000000
CEDAR - 003192,4,1.000000
CHARITON - 000344,6,1.000000
CHARITON - 000346,6,1.000000
CHARITON - 000352,6,1.000000
CHARITON - 000354,6,1.000000
CHARITON - 000381,6,1.000000
CHARITON - 000386,6,1.000000
CHARITON - 000392,6,1.000000
CHARITON - 000418,6,1.000000
CHARITON - 000424,6,1.000000
CHARITON - 000431,6,1.000000
CHARITON - 000465,6,1.000000
CHARITON - 000503,6,1.000000
CHRISTIAN - 000002,7,1.000000
CHRISTIAN - 000003,7,1.000000
CHRISTIAN - 000004,7,1.000000
CHRISTIAN - 000005,7,1.000000
CHRISTIAN - 000006,7,1.000000
CHRISTIAN - 000007,7,1.000000
CHRISTIAN - 000008,7,1.000000
CHRISTIAN - 000009,7,1.000000
CHRISTIAN - 000010,7,1.000000
CHRISTIAN - 000011,7,1.000000
CHRISTIAN - 000012,7,1.000000
CHRISTIAN - 000013,7,1.000000
CHRISTIAN - 000014,7,1.000000
CHRISTIAN - 000015,7,1.000000
CHRISTIAN - 000016,7,1.000000
CHRISTIAN - 000017,7,1.000000
CHRISTIAN - 000018,7,1.000000
CHRISTIAN - 000019,7,1.000000
CHRISTIAN - 000020,7,1.000000
CHRISTIAN - 000021,7,1.000000
CHRISTIAN - 000022,7,1.000000
CHRISTIAN - 000023,7,1.000000
CHRISTIAN - 000024,7,1.000000
CHRISTIAN - 000025,7,1.000000
CHRISTIAN - 000026,7,1.000000
CHRISTIAN - 000027,7,1.000000
CHRISTIAN - 000028,7,1.000000
CHRISTIAN - 000029,7,1.000000
CHRISTIAN - 000030,7,1.000000
CHRISTIAN - 000031,7,1.000000
CHRISTIAN - 000032,7,1.000000
CHRISTIAN - 000033,7,1.000000
CHRISTIAN - 000034,7,1.000000
CLARK - 000002,6,1.000000
CLARK - 000003,6,1.000000
CLARK - 000004,6,1.000000
CLARK - 000005,6,1.000000
CLARK - 000006,6,1.000000
CLARK - 000007,6,1.000000
CLARK - 000008,6,1.000000
CLARK - 000009,6,1.000000
CLARK - 000010,6,1.000000
CLAY - 000002,5,0.628571
CLAY - 000002,6,0.371429
CLAY - 000003,6,1.000000
CLAY - 000004,6,1.000000
CLAY - 000005,6,1.000000
CLAY - 000006,6,1.000000
CLAY - 000007,6,1.000000
CLAY - 000008,5,1.000000
CLAY - 000009,5,1.000000
CLAY - 000010,5,1.000000
CLAY - 000011,5,1.000000
CLAY - 000012,5,1.000000
CLAY - 000013,5,1.000000
CLAY - 000014,5,1.000000
CLAY - 000015,5,1.000000
CLAY - 000016,5,1.000000
CLAY - 000017,5,1.000000
CLAY - 000018,5,1.000000
CLAY - 000019,5,1.000000
CLAY - 000020,5,1.000000
CLAY - 000021,5,1.000000
CLAY - 000022,5,1.000000
CLAY - 000023,5,1.000000
CLAY - 000024,5,1.000000
CLAY - 000025,6,1.000000
CLAY - 000026,6,1.000000
CLAY - 000027,6,1.000000
CLAY - 000028,5,1.000000
CLAY - 000029,5,1.000000
CLAY - 000030,5,1.000000
CLAY - 000031,5,1.000000
CLAY - 000032,5,1.000000
CLAY - 000033,5,1.000000
CLAY - 000034,5,1.000000
CLAY - 000035,5,1.000000
CLAY - 000036,5,1.000000
CLAY - 000037,5,1.000000
CLAY - 000038,5,1.000000
CLAY - 000039,5,1.000000
CLAY - 000040,5,1.000000
CLAY - 000041,5,1.000000
CLAY - 000042,5,1.000000
CLAY - 000043,6,1.000000
CLAY - 000044,5,1.000000
CLAY - 000045,5,1.000000
CLAY - 000046,5,1.000000
CLAY - 000047,5,1.000000
CLAY - 000048,5,1.000000
CLAY - 000049,5,1.000000
CLAY - 000050,5,1.000000
CLAY - 000051,5,1.000000
CLAY - 000052,5,1.000000
CLAY - 000053,5,1.000000
CLAY - 000054,5,1.000000
CLAY - 000055,6,1.000000
CLAY - 000056,6,1.000000
CLAY - 000057,6,1.000000
CLAY - 000058,6,1.000000
CLAY - 000059,6,1.000000
CLAY - 000060,6,1.000000
CLAY - 000061,6,1.000000
CLAY - 000062,6,1.000000
CLAY - 000063,6,1.000000
CLAY - 000064,6,1.000000
CLAY - 000065,6,1.000000
CLAY - 000066,6,1.000000
CLAY - 000067,6,1.000000
CLAY - 000068,5,0.416667
CLAY - 000068,6,0.583333
CLAY - 000069,6,1.000000
CLAY - 000070,6,1.000000
CLAY - 000071,6,1.000000
CLAY - 000072,6,1.000000
CLAY - 000073,6,1.000000
CLAY - 000074,6,1.000000
CLAY - 000075,6,1.000000
CLAY - 000076,6,1.000000
CLAY - 000077,6,1.000000
CLAY - 000078,6,1.000000
CLINTON - 000002,6,1.000000
CLINTON - 000003,6,1.000000
CLINTON - 000004,6,1.000000
CLINTON - 000005,6,1.000000
CLINTON - 000006,6,1.000000
CLINTON - 000007,6,1.000000
CLINTON - 000008,6,1.000000
CLINTON - 000009,6,1.000000
COLE - 000002,3,1.000000
COLE - 000003,3,1.000000
COLE - 000004,3,1.000000
COLE - 000005,3,1.000000
COLE - 000006,3,1.000000
COLE - 000007,3,1.000000
COLE - 000008,3,1.000000
COLE - 000009,3,1.000000
COLE - 000010,3,1.000000
COLE - 000011,3,1.000000
COLE - 000012,3,1.000000
COLE - 000013,3,1.000000
COLE - 000014,3,1.000000
COLE - 000015,3,1.000000
COLE - 000016,3,1.000000
COLE - 000017,3,1.000000
COLE - 000018,3,1.000000
COLE - 000019,3,1.000000
COLE - 000020,3,1.000000
COLE - 000021,3,1.000000
COLE - 000022,3,1.000000
COLE - 000023,3,1.000000
COLE - 000024,3,1.000000
COLE - 000025,3,1.000000
COLE - 000026,3,1.000000
COLE - 000027,3,1.000000
COLE - 000028,3,1.000000
COLE - 000029,3,1.000000
COLE - 000030,3,1.000000
COLE - 000031,3,1.000000
COLE - 000032,3,1.000000
COLE - 000033,3,1.000000
COLE - 000034,3,1.000000
COLE - 000035,3,1.000000
COLE - 000036,3,1.000000
COLE - 000037,3,1.000000
COLE - 000038,3,1.000000
COLE - 000039,3,1.000000
COLE - 000040,3,1.000000
COLE - 000041,3,1.000000
COLE - 000042,3,1.000000
COLE - 000043,3,1.000000
COLE - 000044,3,1.000000
COLE - 000045,3,1.000000
COLE - 000046,3,1.000000
COLE - 000047,3,1.000000
COLE - 000048,3,1.000000
COLE - 000049,3,1.000000
COLE - 000050,3,1.000000
COOPER - 000002,3,1.000000
COOPER - 000004,3,1.000000
COOPER - 000005,3,1.000000
COOPER - 000006,3,1.000000
COOPER - 000007,3,1.000000
COOPER - 000008,3,1.000000
COOPER - 000009,3,1.000000
COOPER - 000010,3,1.000000
COOPER - 000011,3,1.000000
COOPER - 000012,3,1.000000
COOPER - 000013,3,1.000000
CRAWFORD - 000002,3,1.000000
CRAWFORD - 000003,3,1.000000
CRAWFORD - 000004,3,1.000000
CRAWFORD - 000005,3,1.000000
CRAWFORD - 000006,3,1.000000
CRAWFORD - 000007,3,1.000000
CRAWFORD - 000008,3,1.000000
CRAWFORD - 000009,3,1.000000
CRAWFORD - 000010,3,1.000000
CRAWFORD - 000011,3,1.000000
CRAWFORD - 000012,3,1.000000
CRAWFORD - 000013,3,1.000000
CRAWFORD - 000014,3,1.000000
CRAWFORD - 000015,3,1.000000
CRAWFORD - 000016,3,1.000000
CRAWFORD - 000017,3,1.000000
CRAWFORD - 000018,3,1.000000
CRAWFORD - 000019,3,1.000000
DADE - 003243,4,1.000000
DADE - 003244,4,1.000000
DADE - 003246,4,1.000000
DADE - 003263,4,1.000000
DADE - 003289,4,1.000000
DADE - 003294,4,1.000000
DADE - 003300,4,1.000000
DADE - 003330,4,1.000000
DALLAS - 000002,4,1.000000
DALLAS - 000003,4,1.000000
DALLAS - 000004,4,1.000000
DALLAS - 000005,4,1.000000
DALLAS - 000006,4,1.000000
DALLAS - 000007,4,1.000000
DALLAS - 000008,4,1.000000
DALLAS - 000009,4,1.000000
DALLAS - 000010,4,1.000000
DALLAS - 000011,4,1.000000
DALLAS - 000012,4,1.000000
DAVIESS - 000002,6,1.000000
DAVIESS - 000003,6,1.000000
DAVIESS - 000004,6,1.000000
DAVIESS - 000005,6,1.000000
DAVIESS - 000006,6,1.000000
DAVIESS - 000007,6,1.000000
DAVIESS - 000008,6,1.000000
DAVIESS - 000009,6,1.000000
DAVIESS - 000010,6,1.000000
DAVIESS - 000011,6,1.000000
DAVIESS - 000012,6,1.000000
DAVIESS - 000013,6,1.000000
DAVIESS - 000014,6,1.000000
DAVIESS - 000015,6,1.000000
DAVIESS - 000016,6,1.000000
DEKALB - 000002,6,1.000000
DEKALB - 000003,6,1.000000
DEKALB - 000004,6,1.000000
DEKALB - 000005,6,1.000000
DEKALB - 000006,6,1.000000
DEKALB - 000007,6,1.000000
DEKALB - 000008,6,1.000000
DEKALB - 000009,6,1.000000
DEKALB - 000010,6,1.000000
DEKALB - 000011,6,1.000000
DEKALB - 000012,6,1.000000
DENT - 000002,8,1.000000
DENT - 000003,8,1.000000
DENT - 000004,8,1.000000
DENT - 000005,8,1.000000
DENT - 000006,8,1.000000
DENT - 000007,8,1.000000
DENT - 000008,8,1.000000
DOUGLAS - 000002,8,1.000000
DOUGLAS - 000003,8,1.000000
DOUGLAS - 000004,8,1.000000
DOUGLAS - 000005,8,1.000000
DOUGLAS - 000006,8,1.000000
DOUGLAS - 000007,8,1.000000
DOUGLAS - 000008,8,1.000000
DOUGLAS - 000009,8,1.000000
DOUGLAS - 000010,8,1.000000
DOUGLAS - 000011,8,1.000000
DOUGLAS - 000012,8,1.000000
DOUGLAS - 000013,8,1.000000
DOUGLAS - 000014,8,1.000000
DOUGLAS - 000015,8,1.000000
DOUGLAS - 000016,8,1.000000
DOUGLAS - 000017,8,1.000000
DOUGLAS - 000018,8,1.000000
DOUGLAS - 000019,8,1.000000
DOUGLAS - 000020,8,1.000000
DOUGLAS - 000021,8,1.000000
DOUGLAS - 000022,8,1.000000
DOUGLAS - 000023,8,1.000000
DOUGLAS - 000024,8,1.000000
DOUGLAS - 000025,8,1.000000
DUNKLIN - 000002,8,1.000000
DUNKLIN - 000003,8,1.000000
DUNKLIN - 000004,8,1.000000
DUNKLIN - 000005,8,1.000000
DUNKLIN - 000006,8,1.000000
DUNKLIN - 000007,8,1.000000
DUNKLIN - 000008,8,1.000000
DUNKLIN - 000009,8,1.000000
DUNKLIN - 000010,8,1.000000
DUNKLIN - 000011,8,1.000000
DUNKLIN - 000012,8,1.000000
DUNKLIN - 000013,8,1.000000
DUNKLIN - 000014,8,1.000000
DUNKLIN - 000015,8,1.000000
DUNKLIN - 000016,8,1.000000
DUNKLIN - 000017,8,1.000000
DUNKLIN - 000018,8,1.000000
DUNKLIN - 000019,8,1.000000
DUNKLIN - 000020,8,1.000000
DUNKLIN - 000021,8,1.000000
DUNKLIN - 000022,8,1.000000
FRANKLIN - 000002,2,1.000000
FRANKLIN - 000003,2,1.000000
FRANKLIN - 000004,2,1.000000
FRANKLIN - 000005,2,1.000000
FRANKLIN - 000006,2,1.000000
FRANKLIN - 000007,2,1.000000
FRANKLIN - 000008,2,1.000000
FRANKLIN - 000009,2,1.000000
FRANKLIN - 000010,2,1.000000
FRANKLIN - 000011,2,1.000000
FRANKLIN - 000012,2,1.000000
FRANKLIN - 000013,2,1.000000
FRANKLIN - 000014,2,1.000000
FRANKLIN - 000015,2,1.000000
FRANKLIN - 000016,2,1.000000
FRANKLIN - 000017,2,1.000000
FRANKLIN - 000018,2,1.000000
FRANKLIN - 000019,2,1.000000
FRANKLIN - 000020,2,1.000000
FRANKLIN - 000021,2,1.000000
FRANKLIN - 000022,2,1.000000
FRANKLIN - 000023,2,1.000000
FRANKLIN - 000024,2,1.000000
FRANKLIN - 000025,2,1.000000
FRANKLIN - 000026,2,1.000000
FRANKLIN - 000027,2,1.000000
FRANKLIN - 000028,2,1.000000
FRANKLIN - 000029,2,1.000000
FRANKLIN - 000030,2,1.000000
FRANKLIN - 000031,2,1.000000
FRANKLIN - 000032,2,1.000000
FRANKLIN - 000033,2,1.000000
FRANKLIN - 000034,2,1.000000
FRANKLIN - 000035,2,1.000000
FRANKLIN - 000036,2,1.000000
FRANKLIN - 000037,2,1.000000
FRANKLIN - 000038,2,1.000000
FRANKLIN - 000039,2,1.000000
FRANKLIN - 000040,2,1.000000
FRANKLIN - 000041,2,1.000000
FRANKLIN - 000042,2,1.000000
FRANKLIN - 000043,2,1.000000
FRANKLIN - 000044,2,1.000000
FRANKLIN - 000045,2,1.000000
FRANKLIN - 000046,2,1.000000
FRANKLIN - 000047,2,1.000000
FRANKLIN - 000048,2,1.000000
FRANKLIN - 000049,2,1.000000
FRANKLIN - 000050,2,1.000000
FRANKLIN - 000051,2,1.000000
FRANKLIN - 000052,2,1.000000
FRANKLIN - 000053,2,1.000000
FRANKLIN - 000054,2,1.000000
FRANKLIN - 000055,2,1.000000
FRANKLIN - 000056,2,1.000000
FRANKLIN - 000057,2,1.000000
FRANKLIN - 000058,2,1.000000
FRANKLIN - 000059,2,1.000000
FRANKLIN - 000060,2,1.000000
FRANKLIN - 000061,2,1.000000
FRANKLIN - 000062,2,1.000000
FRANKLIN - 000063,2,1.000000
GASCONADE - 000002,3,1.000000
GASCONADE - 000003,3,1.000000
GASCONADE - 000004,3,1.000000
GASCONADE - 000005,3,1.000000
GASCONADE - 000006,3,1.000000
GASCONADE - 000007,3,1.000000
GASCONADE - 000008,3,1.000000
GASCONADE - 000009,3,1.000000
GASCONADE - 000010,3,1.000000
GASCONADE - 000011,3,1.000000
GASCONADE - 000012,3,1.000000
GASCONADE - 000013,3,1.000000
GASCONADE - 000014,3,1.000000
GASCONADE - 000015,3,1.000000
GASCONADE - 000016,3,1.000000
GASCONADE - 000017,3,1.000000
GENTRY - 000002,6,1.000000
GENTRY - 000003,6,1.000000
GENTRY - 000004,6,1.000000
GENTRY - 000005,6,1.000000
GENTRY - 000006,6,1.000000
GENTRY - 000007,6,1.000000
GENTRY - 000008,6,1.000000
GENTRY - 000009,6,1.000000
GENTRY - 000010,6,1.000000
GENTRY - 000011,6,1.000000
GENTRY - 000012,6,1.000000
GENTRY - 000013,6,1.000000
GENTRY - 000014,6,1.000000
GREENE - 000002,7,1.000000
GREENE - 000003,7,1.000000
GREENE - 000004,7,1.000000
GREENE - 000005,7,1.000000
GREENE - 000006,7,1.000000
GREENE - 000007,7,1.000000
GREENE - 000008,7,1.000000
GREENE - 000009,7,1.000000
GREENE - 000010,7,1.000000
GREENE - 000011,7,1.000000
GREENE - 000012,7,1.000000
GREENE - 000013,7,1.000000
GREENE - 000014,7,1.000000
GREENE - 000015,7,1.000000
GREENE - 000016,7,1.000000
GREENE - 000017,7,1.000000
GREENE - 000018,7,1.000000
GREENE - 000019,7,1.000000
GREENE - 000020,7,1.000000
GREENE - 000021,7,1.000000
GREENE - 000022,7,1.000000
GREENE - 000023,7,1.000000
GREENE - 000024,7,1.000000
GREENE - 000025,7,1.000000
GREENE - 000026,7,1.000000
GREENE - 000027,7,1.000000
GREENE - 000028,7,1.000000
GREENE - 000029,7,1.000000
GREENE - 000030,7,1.000000
GREENE - 000031,7,1.000000
GREENE - 000032,7,1.000000
GREENE - 000033,7,1.000000
GREENE - 000034,7,1.000000
GREENE - 000035,7,1.000000
GREENE - 000036,7,1.000000
GREENE - 000037,7,1.000000
GREENE - 000038,7,1.000000
GREENE - 000039,7,1.000000
GREENE - 000040,7,1.000000
GREENE - 000041,7,1.000000
GREENE - 000042,7,1.000000
GREENE - 000043,7,1.000000
GREENE - 000044,7,1.000000
GREENE - 000045,7,1.000000
GREENE - 000046,7,1.000000
GREENE - 000047,7,1.000000
GREENE - 000048,7,1.000000
GREENE - 000049,7,1.000000
GREENE - 000050,7,1.000000
GREENE - 000051,7,1.000000
GREENE - 000052,7,1.000000
GREENE - 000053,7,1.000000
GREENE - 000054,7,1.000000
GREENE - 000055,7,1.000000
GREENE - 000056,7,1.000000
GREENE - 000057,7,1.000000
GREENE - 000058,7,1.000000
GREENE - 000059,7,1.000000
GREENE - 000060,7,1.000000
GREENE - 000061,7,1.000000
GREENE - 000062,7,1.000000
GREENE - 000063,7,1.000000
GREENE - 000064,7,1.000000
GREENE - 000065,7,1.000000
GREENE - 000066,7,1.000000
GREENE - 000067,7,1.000000
GREENE - 000068,7,1.000000
GREENE - 000069,7,1.000000
GREENE - 000070,7,1.000000
GREENE - 000071,7,1.000000
GREENE - 000072,7,1.000000
GREENE - 000073,7,1.000000
GREENE - 000074,7,1.000000
GREENE - 000075,7,1.000000
GREENE - 000076,7,1.000000
GREENE - 000077,7,1.000000
GREENE - 000078,7,1.000000
GREENE - 000079,7,1.000000
GREENE - 000080,7,1.000000
GREENE - 000081,7,1.000000
GREENE - 000082,7,1.000000
GREENE - 000083,7,1.000000
GREENE - 000084,7,1.000000
GREENE - 000085,7,1.000000
GREENE - 000086,7,1.000000
GREENE - 000087,7,1.000000
GREENE - 000088,7,1.000000
GREENE - 000089,7,1.000000
GREENE - 000090,7,1.000000
GREENE - 000091,7,1.000000
GREENE - 000092,7,1.000000
GREENE - 000093,7,1.000000
GREENE - 000094,7,1.000000
GREENE - 000095,7,1.000000
GREENE - 000096,7,1.000000
GREENE - 000097,7,1.000000
GREENE - 000098,7,1.000000
GREENE - 000099,7,1.000000
GREENE - 000100,7,1.000000
GREENE - 000101,7,1.000000
GREENE - 000102,7,1.000000
GREENE - 000103,7,1.000000
GREENE - 000104,7,1.000000
GREENE - 000105,7,1.000000
GREENE - 000106,7,1.000000
GREENE - 000107,7,1.000000
GREENE - 000108,7,1.000000
GREENE - 000109,7,1.000000
GREENE - 000110,7,1.000000
GREENE - 000111,7,1.000000
GREENE - 000112,7,1.000000
GREENE - 000113,7,1.000000
GREENE - 000114,7,1.000000
GRUNDY - 000002,6,1.000000
GRUNDY - 000003,6,1.000000
GRUNDY - 000004,6,1.000000
GRUNDY - 000005,6,1.000000
GRUNDY - 000006,6,1.000000
GRUNDY - 000007,6,1.000000
GRUNDY - 000008,6,1.000000
GRUNDY - 000009,6,1.000000
GRUNDY - 000010,6,1.000000
GRUNDY - 000011,6,1.000000
GRUNDY - 000012,6,1.000000
GRUNDY - 000013,6,1.000000
GRUNDY - 000014,6,1.000000
GRUNDY - 000015,6,1.000000
GRUNDY - 000016,6,1.000000
GRUNDY - 000017,6,1.000000
HARRISON - 000002,6,1.000000
HARRISON - 000003,6,1.000000
HARRISON - 000004,6,1.000000
HARRISON - 000005,6,1.000000
HARRISON - 000006,6,1.000000
HARRISON - 000007,6,1.000000
HARRISON - 000008,6,1.000000
HARRISON - 000009,6,1.000000
HARRISON - 000010,6,1.000000
HARRISON - 000011,6,1.000000
HENRY - 000002,4,1.000000
HENRY - 000003,4,1.000000
HENRY - 000004,4,1.000000
HENRY - 000005,4,1.000000
HENRY - 000006,4,1.000000
HENRY - 000007,4,1.000000
HENRY - 000008,4,1.000000
HENRY - 000009,4,1.000000
HENRY - 000010,4,1.000000
HENRY - 000011,4,1.000000
HENRY - 000012,4,1.000000
HENRY - 000013,4,1.000000
HENRY - 000014,4,1.000000
HENRY - 000015,4,1.000000
HENRY - 000016,4,1.000000
HICKORY - 000002,4,1.000000
HICKORY - 000003,4,1.000000
HICKORY - 000004,4,1.000000
HICKORY - 000005,4,1.000000
HICKORY - 000006,4,1.000000
HICKORY - 000007,4,1.000000
HICKORY - 000008,4,1.000000
HICKORY - 000009,4,1.000000
HICKORY - 000010,4,1.000000
HICKORY - 000011,4,1.000000
HOLT - 000002,6,1.000000
HOLT - 000003,6,1.000000
HOLT - 000004,6,1.000000
HOLT - 000005,6,1.000000
HOLT - 000006,6,1.000000
HOLT - 000007,6,1.000000
HOWARD - 000002,4,1.000000
HOWARD - 000003,4,1.000000
HOWARD - 000004,4,1.000000
HOWARD - 000005,4,1.000000
HOWARD - 000006,4,1.000000
HOWARD - 000007,4,1.000000
HOWARD - 000008,4,1.000000
HOWARD - 000009,4,1.000000
HOWELL - 000002,8,1.000000
HOWELL - 000003,8,1.000000
HOWELL - 000004,8,1.000000
HOWELL - 000005,8,1.000000
HOWELL - 000006,8,1.000000
HOWELL - 000007,8,1.000000
HOWELL - 000008,8,1.000000
HOWELL - 000009,8,1.000000
HOWELL - 000010,8,1.000000
HOWELL - 000011,8,1.000000
HOWELL - 000012,8,1.000000
HOWELL - 000013,8,1.000000
HOWELL - 000014,8,1.000000
HOWELL - 000015,8,1.000000
HOWELL - 000016,8,1.000000
HOWELL - 000017,8,1.000000
HOWELL - 000018,8,1.000000
HOWELL - 000019,8,1.000000
HOWELL - 000020,8,1.000000
HOWELL - 000021,8,1.000000
IRON - 000002,8,1.000000
IRON - 000003,8,1.000000
IRON - 000004,8,1.000000
IRON - 000005,8,1.000000
IRON - 000006,8,1.000000
IRON - 000007,8,1.000000
IRON - 000008,8,1.000000
IRON - 000009,8,1.000000
IRON - 000010,8,1.000000
JACKSON - 000002,5,1.000000
JACKSON - 000003,5,1.000000
JACKSON - 000004,5,1.000000
JACKSON - 000005,5,1.000000
JACKSON - 000006,5,1.000000
JACKSON - 000007,6,1.000000
JACKSON - 000008,5,1.000000
JACKSON - 000009,5,1.000000
JACKSON - 000010,5,1.000000
JACKSON - 000011,5,1.000000
JACKSON - 000012,5,1.000000
JACKSON - 000013,5,1.000000
JACKSON - 000014,5,1.000000
JACKSON - 000015,6,0.850000
JACKSON - 000015,5,0.150000
JACKSON - 000016,5,1.000000
JACKSON - 000017,5,1.000000
JACKSON - 000018,5,1.000000
JACKSON - 000019,5,1.000000
JACKSON - 000020,5,1.000000
JACKSON - 000021,5,1.000000
JACKSON - 000022,5,1.000000
JACKSON - 000023,5,1.000000
JACKSON - 000024,5,1.000000
JACKSON - 000025,5,1.000000
JACKSON - 000026,5,1.000000
JACKSON - 000027,5,1.000000
JACKSON - 000028,5,1.000000
JACKSON - 000029,4,0.042857
JACKSON - 000029,5,0.947619
JACKSON - 000029,6,0.009524
JACKSON - 000030,6,1.000000
JACKSON - 000031,6,1.000000
JACKSON - 000032,6,1.000000
JACKSON - 000033,6,1.000000
JACKSON - 000034,5,1.000000
JACKSON - 000035,5,1.000000
JACKSON - 000036,5,1.000000
JACKSON - 000037,5,1.000000
JACKSON - 000038,5,1.000000
JACKSON - 000039,5,1.000000
JACKSON - 000040,5,1.000000
JACKSON - 000041,5,1.000000
JACKSON - 000042,5,1.000000
JACKSON - 000043,5,1.000000
JACKSON - 000044,5,1.000000
JACKSON - 000045,5,1.000000
JACKSON - 000046,5,1.000000
JACKSON - 000047,5,1.000000
JACKSON - 000048,5,1.000000
JACKSON - 000049,5,1.000000
JACKSON - 000050,5,1.000000
JACKSON - 000051,5,1.000000
JACKSON - 000052,5,1.000000
JACKSON - 000053,5,1.000000
JACKSON - 000054,5,1.000000
JACKSON - 000055,5,1.000000
JACKSON - 000056,5,1.000000
JACKSON - 000057,5,1.000000
JACKSON - 000058,5,1.000000
JACKSON - 000059,5,1.000000
JACKSON - 000060,5,1.000000
JACKSON - 000061,5,1.000000
JACKSON - 000062,5,1.000000
JACKSON - 000063,5,1.000000
JACKSON - 000064,5,1.000000
JACKSON - 000065,5,1.000000
JACKSON - 000066,5,1.000000
JACKSON - 000067,5,1.000000
JACKSON - 000068,5,1.000000
JACKSON - 000069,5,1.000000
JACKSON - 000070,5,1.000000
JACKSON - 000071,5,1.000000
JACKSON - 000072,5,1.000000
JACKSON - 000073,5,1.000000
JACKSON - 000074,5,1.000000
JACKSON - 000075,5,1.000000
JACKSON - 000076,5,1.000000
JACKSON - 000077,5,1.000000
JACKSON - 000078,5,1.000000
JACKSON - 000079,5,1.000000
JACKSON - 000080,5,1.000000
JACKSON - 000081,5,1.000000
JACKSON - 000082,5,1.000000
JACKSON - 000083,5,1.000000
JACKSON - 000084,5,1.000000
JACKSON - 000085,5,1.000000
JACKSON - 000086,5,1.000000
JACKSON - 000087,5,1.000000
JACKSON - 000088,5,1.000000
JACKSON - 000089,5,1.000000
JACKSON - 000090,5,1.000000
JACKSON - 000091,5,1.000000
JACKSON - 000092,5,1.000000
JACKSON - 000093,5,1.000000
JACKSON - 000094,5,1.000000
JACKSON - 000095,5,1.000000
JACKSON - 000096,5,1.000000
JACKSON - 000097,5,1.000000
JACKSON - 000098,5,1.000000
JACKSON - 000099,5,1.000000
JACKSON - 000100,5,1.000000
JACKSON - 000101,5,1.000000
JACKSON - 000102,5,1.000000
JACKSON - 000103,5,1.000000
JACKSON - 000104,5,1.000000
JACKSON - 000105,5,1.000000
JACKSON - 000106,5,1.000000
JACKSON - 000107,5,1.000000
JACKSON - 000108,5,1.000000
JACKSON - 000109,5,1.000000
JACKSON - 000110,5,1.000000
JACKSON - 000111,5,1.000000
JACKSON - 000112,5,1.000000
JACKSON - 000113,5,1.000000
JACKSON - 000114,5,1.000000
JACKSON - 000115,5,1.000000
JACKSON - 000116,5,1.000000
JACKSON - 000117,5,1.000000
JACKSON - 000118,5,1.000000
JACKSON - 000119,5,1.000000
JACKSON - 000120,5,1.000000
JACKSON - 000121,5,1.000000
JACKSON - 000122,5,1.000000
JACKSON - 000123,5,1.000000
JACKSON - 000124,5,1.000000
JACKSON - 000125,5,1.000000
JACKSON - 000126,5,1.000000
JACKSON - 000127,5,1.000000
JACKSON - 000128,5,1.000000
JACKSON - 000129,5,1.000000
JACKSON - 000130,5,1.000000
JACKSON - 000131,5,1.000000
JACKSON - 000132,5,1.000000
JACKSON - 000133,5,1.000000
JACKSON - 000134,5,1.000000
JACKSON - 000135,5,1.000000
JACKSON - 000136,5,1.000000
JACKSON - 000137,5,1.000000
JACKSON - 000138,6,0.945238
JACKSON - 000138,5,0.054762
JACKSON - 000139,6,1.000000
JACKSON - 000140,6,1.000000
JACKSON - 000141,6,1.000000
JACKSON - 000142,6,1.000000
JACKSON - 000143,6,1.000000
JACKSON - 000144,6,1.000000
JACKSON - 000145,6,1.000000
JACKSON - 000146,6,1.000000
JACKSON - 000147,6,1.000000
JACKSON - 000148,5,1.000000
JACKSON - 000149,5,1.000000
JACKSON - 000150,5,1.000000
JACKSON - 000151,5,1.000000
JACKSON - 000152,5,1.000000
JACKSON - 000153,5,1.000000
JACKSON - 000154,5,1.000000
JACKSON - 000155,5,1.000000
JACKSON - 000156,5,1.000000
JACKSON - 000157,5,1.000000
JACKSON - 000158,5,1.000000
JACKSON - 000159,5,1.000000
JACKSON - 000160,5,1.000000
JACKSON - 000161,5,1.000000
JACKSON - 000162,5,1.000000
JACKSON - 000163,5,1.000000
JACKSON - 000164,5,1.000000
JACKSON - 000165,5,1.000000
JACKSON - 000166,5,1.000000
JACKSON - 000167,5,1.000000
JACKSON - 000168,5,1.000000
JACKSON - 000169,5,1.000000
JACKSON - 000170,5,1.000000
JACKSON - 000171,5,1.000000
JACKSON - 000172,5,1.000000
JACKSON - 000173,5,1.000000
JACKSON - 000174,5,1.000000
JACKSON - 000175,5,1.000000
JACKSON - 000176,5,1.000000
JACKSON - 000177,5,1.000000
JACKSON - 000178,5,1.000000
JACKSON - 000179,5,1.000000
JACKSON - 000180,5,1.000000
JACKSON - 000181,5,1.000000
JACKSON - 000182,5,1.000000
JACKSON - 000183,5,1.000000
JACKSON - 000184,5,1.000000
JACKSON - 000185,5,1.000000
JACKSON - 000186,5,1.000000
JACKSON - 000187,5,1.000000
JACKSON - 000188,5,1.000000
JACKSON - 000189,5,1.000000
JACKSON - 000190,5,1.000000
JACKSON - 000191,5,1.000000
JACKSON - 000192,5,1.000000
JACKSON - 000193,5,1.000000
JACKSON - 000194,5,1.000000
JACKSON - 000195,5,1.000000
JACKSON - 000196,5,1.000000
JACKSON - 000197,5,1.000000
JACKSON - 000198,5,1.000000
JACKSON - 000199,5,1.000000
JACKSON - 000200,5,1.000000
JACKSON - 000201,5,1.000000
JACKSON - 000202,5,1.000000
JACKSON - 000203,5,1.000000
JACKSON - 000204,5,1.000000
JACKSON - 000205,5,1.000000
JACKSON - 000206,5,1.000000
JACKSON - 000207,5,1.000000
JACKSON - 000208,5,1.000000
JACKSON - 000209,5,1.000000
JACKSON - 000210,5,1.000000
JACKSON - 000211,5,1.000000
JACKSON - 000212,5,1.000000
JACKSON - 000213,5,1.000000
JACKSON - 000214,5,1.000000
JACKSON - 000215,5,1.000000
JACKSON - 000216,5,1.000000
JACKSON - 000217,5,1.000000
JACKSON - 000218,5,1.000000
JACKSON - 000219,5,1.000000
JACKSON - 000220,5,1.000000
JACKSON - 000221,5,1.000000
JACKSON - 000222,5,1.000000
JACKSON - 000223,5,1.000000
JACKSON - 000224,5,1.000000
JACKSON - 000225,5,1.000000
JACKSON - 000226,5,1.000000
JACKSON - 000227,5,1.000000
JACKSON - 000228,5,1.000000
JACKSON - 000229,5,1.000000
JACKSON - 000230,5,1.000000
JACKSON - 000231,5,1.000000
JACKSON - 000232,5,1.000000
JACKSON - 000233,5,1.000000
JACKSON - 000234,5,1.000000
JACKSON - 000235,5,1.000000
JACKSON - 000236,5,1.000000
JACKSON - 000237,5,1.000000
JACKSON - 000238,5,1.000000
JACKSON - 000239,5,1.000000
JACKSON - 000240,5,1.000000
JACKSON - 000241,5,1.000000
JACKSON - 000242,5,1.000000
JACKSON - 000243,5,1.000000
JACKSON - 000244,5,1.000000
JACKSON - 000245,5,1.000000
JACKSON - 000246,5,1.000000
JACKSON - 000247,5,1.000000
JACKSON - 000248,5,1.000000
JACKSON - 000249,5,1.000000
JACKSON - 000250,5,1.000000
JACKSON - 000251,5,1.000000
JACKSON - 000252,5,1.000000
JACKSON - 000253,5,1.000000
JACKSON - 000254,5,1.000000
JACKSON - 000255,5,1.000000
JACKSON - 000256,5,1.000000
JACKSON - 000257,5,1.000000
JACKSON - 000258,5,1.000000
JACKSON - 000259,5,1.000000
JACKSON - 000260,5,1.000000
JACKSON - 000261,5,1.000000
JACKSON - 000262,5,1.000000
JACKSON - 000263,5,1.000000
JACKSON - 000264,5,1.000000
JACKSON - 000265,5,1.000000
JACKSON - 000266,5,1.000000
JACKSON - 000267,5,1.000000
JACKSON - 000268,5,1.000000
JACKSON - 000269,5,1.000000
JACKSON - 000270,5,1.000000
JACKSON - 000271,5,1.000000
JACKSON - 000272,5,1.000000
JACKSON - 000273,5,1.000000
JACKSON - 000274,5,1.000000
JACKSON - 000275,5,1.000000
JACKSON - 000276,5,1.000000
JACKSON - 000277,5,1.000000
JACKSON - 000278,5,1.000000
JACKSON - 000279,5,1.000000
JACKSON - 000280,5,1.000000
JACKSON - 000281,5,1.000000
JACKSON - 000282,5,1.000000
JACKSON - 000283,5,1.000000
JACKSON - 000284,5,1.000000
JACKSON - 000285,5,1.000000
JACKSON - 000286,5,1.000000
JACKSON - 000287,5,1.000000
JACKSON - 000288,5,1.000000
JACKSON - 000289,5,1.000000
JACKSON - 000290,5,1.000000
JACKSON - 000291,5,1.000000
JACKSON - 000292,5,1.000000
JACKSON - 000293,5,1.000000
JACKSON - 000294,5,1.000000
JACKSON - 000295,5,1.000000
JACKSON - 000296,5,1.000000
JACKSON - 000297,5,1.000000
JACKSON - 000298,5,1.000000
JACKSON - 000299,5,1.000000
JACKSON - 000300,5,1.000000
JACKSON - 000301,5,1.000000
JACKSON - 000302,5,1.000000
JACKSON - 000303,5,1.000000
JACKSON - 000304,5,1.000000
JACKSON - 000305,5,1.000000
JACKSON - 000306,5,1.000000
JACKSON - 000307,5,1.000000
JACKSON - 000308,5,1.000000
JACKSON - 000309,5,1.000000
JACKSON - 000310,5,1.000000
JACKSON - 000311,5,1.000000
JACKSON - 000312,5,1.000000
JACKSON - 000313,5,1.000000
JACKSON - 000314,5,1.000000
JACKSON - 000315,5,1.000000
JACKSON - 000316,5,1.000000
JACKSON - 000317,5,1.000000
JACKSON - 000318,5,1.000000
JACKSON - 000319,5,1.000000
JACKSON - 000320,5,1.000000
JACKSON - 000321,5,1.000000
JACKSON - 000322,5,1.000000
JACKSON - 000323,5,1.000000
JACKSON - 000324,5,1.000000
JACKSON - 000325,5,1.000000
JACKSON - 000326,5,1.000000
JACKSON - 000327,5,1.000000
JACKSON - 000328,5,1.000000
JACKSON - 000329,5,1.000000
JACKSON - 000330,5,1.000000
JACKSON - 000331,5,1.000000
JACKSON - 000332,5,1.000000
JACKSON - 000333,5,1.000000
JACKSON - 000334,5,1.000000
JACKSON - 000335,5,1.000000
JACKSON - 000336,5,1.000000
JACKSON - 000337,5,1.000000
JACKSON - 000338,5,1.000000
JACKSON - 000339,5,1.000000
JACKSON - 000340,5,1.000000
JACKSON - 000341,5,1.000000
JACKSON - 000342,5,1.000000
JACKSON - 000343,5,1.000000
JACKSON - 000344,5,1.000000
JACKSON - 000345,5,1.000000
JACKSON - 000346,5,1.000000
JACKSON - 000347,5,1.000000
JACKSON - 000348,5,1.000000
JACKSON - 000349,5,1.000000
JACKSON - 000350,5,1.000000
JACKSON - 000351,5,1.000000
JACKSON - 000352,5,1.000000
JACKSON - 000353,5,1.000000
JACKSON - 000354,5,1.000000
JACKSON - 000355,5,1.000000
JACKSON - 000356,5,1.000000
JACKSON - 000357,5,1.000000
JACKSON - 000358,5,1.000000
JACKSON - 000359,5,1.000000
JACKSON - 000360,5,1.000000
JACKSON - 000361,5,1.000000
JACKSON - 000362,5,1.000000
JACKSON - 000363,5,1.000000
JACKSON - 000364,5,1.000000
JACKSON - 000365,5,1.000000
JACKSON - 000366,5,1.000000
JACKSON - 000367,5,1.000000
JACKSON - 000368,5,1.000000
JACKSON - 000369,5,1.000000
JACKSON - 000370,5,1.000000
JACKSON - 000371,5,1.000000
JACKSON - 000372,5,1.000000
JACKSON - 000373,5,1.000000
JACKSON - 000374,5,1.000000
JACKSON - 000375,5,1.000000
JACKSON - 000376,5,1.000000
JACKSON - 000377,5,1.000000
JACKSON - 000378,5,1.000000
JACKSON - 000379,5,1.000000
JACKSON - 000380,5,1.000000
JACKSON - 000381,5,1.000000
JACKSON - 000382,5,1.000000
JACKSON - 000383,5,1.000000
JACKSON - 000384,5,1.000000
JACKSON - 000385,5,1.000000
JACKSON - 000386,5,1.000000
JACKSON - 000387,5,1.000000
JACKSON - 000388,5,1.000000
JACKSON - 000389,5,1.000000
JACKSON - 000390,5,1.000000
JACKSON - 000391,5,1.000000
JACKSON - 000392,5,1.000000
JACKSON - 000393,5,1.000000
JACKSON - 000394,5,1.000000
JACKSON - 000395,5,1.000000
JACKSON - 000396,5,1.000000
JACKSON - 000397,5,1.000000
JACKSON - 000398,5,1.000000
JACKSON - 000399,5,1.000000
JACKSON - 000400,5,1.000000
JACKSON - 000401,5,1.000000
JACKSON - 000402,5,1.000000
JACKSON - 000403,5,1.000000
JACKSON - 000404,5,1.000000
JACKSON - 000405,5,1.000000
JACKSON - 000406,5,1.000000
JACKSON - 000407,5,1.000000
JACKSON - 000408,5,1.000000
JACKSON - 000409,5,1.000000
JACKSON - 000410,5,1.000000
JACKSON - 000411,5,1.000000
JACKSON - 000412,5,1.000000
JACKSON - 000413,5,1.000000
JACKSON - 000414,5,1.000000
JACKSON - 000415,5,1.000000
JACKSON - 000416,5,1.000000
JACKSON - 000417,5,1.000000
JACKSON - 000418,5,1.000000
JACKSON - 000419,5,1.000000
JACKSON - 000420,5,1.000000
JACKSON - 000421,5,1.000000
JACKSON - 000422,5,1.000000
JACKSON - 000423,5,1.000000
JACKSON - 000424,5,1.000000
JACKSON - 000425,5,1.000000
JACKSON - 000426,5,1.000000
JACKSON - 000427,5,1.000000
JACKSON - 000428,5,1.000000
JACKSON - 000429,5,1.000000
JACKSON - 000430,5,1.000000
JACKSON - 000431,5,1.000000
JACKSON - 000432,5,1.000000
JACKSON - 000433,5,1.000000
JACKSON - 000434,5,1.000000
JACKSON - 000435,5,1.000000
JACKSON - 000436,5,1.000000
JACKSON - 000437,5,1.000000
JACKSON - 000438,5,1.000000
JACKSON - 000439,5,1.000000
JACKSON - 000440,5,1.000000
JACKSON - 000441,5,1.000000
JACKSON - 000442,5,1.000000
JACKSON - 000443,5,1.000000
JACKSON - 000444,5,1.000000
JACKSON - 000445,5,1.000000
JACKSON - 000446,5,1.000000
JACKSON - 000447,5,1.000000
JACKSON - 000448,5,1.000000
JACKSON - 000449,5,1.000000
JACKSON - 000450,5,1.000000
JACKSON - 000451,5,1.000000
JACKSON - 000452,5,1.000000
JACKSON - 000453,5,1.000000
JACKSON - 000454,5,1.000000
JACKSON - 000455,5,1.000000
JACKSON - 000456,5,1.000000
JACKSON - 000457,5,1.000000
JACKSON - 000458,5,1.000000
JACKSON - 000459,5,1.000000
JACKSON - 000460,5,1.000000
JACKSON - 000461,5,1.000000
JACKSON - 000462,5,1.000000
JACKSON - 000463,5,1.000000
JACKSON - 000464,5,1.000000
JACKSON - 000465,5,1.000000
JACKSON - 000466,5,1.000000
JACKSON - 000467,5,1.000000
JACKSON - 000468,5,1.000000
JACKSON - 000469,5,1.000000
JACKSON - 000470,5,1.000000
JACKSON - 000471,5,1.000000
JACKSON - 000472,5,1.000000
JACKSON - 000473,5,1.000000
JACKSON - 000474,5,1.000000
JACKSON - 000475,5,1.000000
JACKSON - 000476,5,1.000000
JACKSON - 000477,5,1.000000
JACKSON - 000478,5,1.000000
JACKSON - 000479,5,1.000000
JACKSON - 000480,5,1.000000
JACKSON - 000481,5,1.000000
JACKSON - 000482,5,1.000000
JACKSON - 000483,5,1.000000
JACKSON - 000484,5,1.000000
JACKSON - 000485,5,1.000000
JACKSON - 000486,5,1.000000
JACKSON - 000487,5,1.000000
JACKSON - 000488,5,1.000000
JACKSON - 000489,5,1.000000
JACKSON - 000490,5,1.000000
JACKSON - 000491,5,1.000000
JACKSON - 000492,5,1.000000
JACKSON - 000493,5,1.000000
JACKSON - 000494,5,1.000000
JACKSON - 000495,5,1.000000
JACKSON - 000496,5,1.000000
JACKSON - 000497,5,1.000000
JACKSON - 000498,5,1.000000
JACKSON - 000499,5,1.000000
JACKSON - 000500,5,1.000000
JACKSON - 000501,5,1.000000
JACKSON - 000502,5,1.000000
JACKSON - 000503,5,1.000000
JACKSON - 000504,5,1.000000
JACKSON - 000505,5,1.000000
JACKSON - 000506,5,1.000000
JACKSON - 000507,5,1.000000
JACKSON - 000508,5,1.000000
JACKSON - 000509,5,1.000000
JACKSON - 000510,5,1.000000
JACKSON - 000511,5,1.000000
JACKSON - 000512,5,1.000000
JACKSON - 000513,5,1.000000
JACKSON - 000514,5,1.000000
JACKSON - 000515,5,1.000000
JACKSON - 000516,5,1.000000
JACKSON - 000517,5,1.000000
JACKSON - 000518,5,1.000000
JACKSON - 000519,5,1.000000
JACKSON - 000520,5,1.000000
JACKSON - 000521,5,1.000000
JACKSON - 000522,5,1.000000
JACKSON - 000523,5,1.000000
JACKSON - 000524,5,1.000000
JACKSON - 000525,5,1.000000
JACKSON - 000526,5,1.000000
JACKSON - 000527,5,1.000000
JACKSON - 000528,5,1.000000
JACKSON - 000529,5,1.000000
JACKSON - 000530,5,1.000000
JACKSON - 000531,5,1.000000
JACKSON - 000532,5,1.000000
JACKSON - 000533,5,1.000000
JACKSON - 000534,5,1.000000
JACKSON - 000535,5,1.000000
JACKSON - 000536,5,1.000000
JACKSON - 000537,5,1.000000
JACKSON - 000538,5,1.000000
JACKSON - 000539,5,1.000000
JACKSON - 000540,5,1.000000
JACKSON - 000541,5,1.000000
JACKSON - 000542,5,1.000000
JACKSON - 000543,5,1.000000
JACKSON - 000544,5,1.000000
JACKSON - 000545,5,1.000000
JACKSON - 000546,5,1.000000
JACKSON - 000547,5,0.988095
JACKSON - 000547,4,0.011905
JACKSON - 000548,5,1.000000
JACKSON - 000549,5,1.000000
JACKSON - 000550,5,1.000000
JACKSON - 000551,5,0.921429
JACKSON - 000551,4,0.078571
JACKSON - 000552,5,1.000000
JACKSON - 000553,5,1.000000
JACKSON - 000554,5,1.000000
JACKSON - 000555,5,0.483333
JACKSON - 000555,4,0.516667
JACKSON - 000556,4,0.130952
JACKSON - 000556,5,0.869048
JACKSON - 000557,4,0.809524
JACKSON - 000557,5,0.190476
JACKSON - 000558,5,1.000000
JACKSON - 000559,5,0.961905
JACKSON - 000559,4,0.038095
JACKSON - 000560,5,1.000000
JACKSON - 000561,5,1.000000
JACKSON - 000562,5,1.000000
JACKSON - 000563,5,1.000000
JACKSON - 000564,5,1.000000
JACKSON - 000565,5,1.000000
JACKSON - 000566,5,1.000000
JACKSON - 000567,5,1.000000
JACKSON - 000568,5,1.000000
JACKSON - 000569,5,1.000000
JACKSON - 000570,4,1.000000
JACKSON - 000571,4,1.000000
JACKSON - 000572,4,1.000000
JACKSON - 000573,4,1.000000
JACKSON - 000574,4,1.000000
JACKSON - 000575,4,1.000000
JACKSON - 000576,4,1.000000
JACKSON - 000577,4,1.000000
JACKSON - 000578,5,1.000000
JACKSON - 000579,5,1.000000
JACKSON - 000580,4,0.904762
JACKSON - 000580,5,0.095238
JACKSON - 000581,5,1.000000
JACKSON - 000582,5,1.000000
JACKSON - 000583,5,1.000000
JACKSON - 000584,5,1.000000
JACKSON - 000585,4,0.747619
JACKSON - 000585,5,0.252381
JACKSON - 000586,5,1.000000
JACKSON - 000587,4,1.000000
JACKSON - 000588,5,1.000000
JACKSON - 000589,5,1.000000
JACKSON - 000590,5,1.000000
JACKSON - 000591,5,1.000000
JACKSON - 000592,5,1.000000
JACKSON - 000593,4,0.780952
JACKSON - 000593,6,0.219048
JACKSON - 000594,5,1.000000
JACKSON - 000595,5,1.000000
JACKSON - 000596,4,1.000000
JACKSON - 000597,4,1.000000
JACKSON - 000598,4,1.000000
JACKSON - 000599,4,1.000000
JACKSON - 000600,4,1.000000
JACKSON - 000601,5,0.802381
JACKSON - 000601,4,0.197619
JACKSON - 000602,4,1.000000
JACKSON - 000603,4,1.000000
JACKSON - 000604,4,1.000000
JACKSON - 000605,5,1.000000
JACKSON - 000606,6,1.000000
JACKSON - 000607,4,1.000000
JACKSON - 000608,4,1.000000
JACKSON - 000609,4,1.000000
JACKSON - 000610,4,1.000000
JACKSON - 000611,4,1.000000
JACKSON - 000612,6,0.859524
JACKSON - 000612,4,0.140476
JACKSON - 000613,4,1.000000
JACKSON - 000614,4,1.000000
JACKSON - 000615,4,1.000000
JACKSON - 000616,4,1.000000
JACKSON - 000617,4,1.000000
JACKSON - 000618,4,1.000000
JACKSON - 000619,4,1.000000
JACKSON - 000620,4,1.000000
JACKSON - 000621,4,1.000000
JACKSON - 000622,4,1.000000
JACKSON - 000623,5,1.000000
JACKSON - 000624,4,1.000000
JACKSON - 000625,4,1.000000
JACKSON - 000626,4,1.000000
JACKSON - 000627,4,1.000000
JACKSON - 000628,4,1.000000
JACKSON - 000629,4,1.000000
JACKSON - 000630,4,1.000000
JACKSON - 000631,4,1.000000
JACKSON - 000632,4,1.000000
JACKSON - 000633,4,1.000000
JACKSON - 000634,4,1.000000
JACKSON - 000635,4,1.000000
JACKSON - 000636,4,1.000000
JACKSON - 000637,4,1.000000
JACKSON - 000638,4,1.000000
JACKSON - 000639,4,1.000000
JACKSON - 000640,4,1.000000
JACKSON - 000641,4,1.000000
JACKSON - 000642,4,0.976190
JACKSON - 000642,5,0.023810
JACKSON - 000643,4,1.000000
JACKSON - 000644,4,1.000000
JACKSON - 000645,4,1.000000
JACKSON - 000646,4,1.000000
JACKSON - 000647,4,1.000000
JACKSON - 000648,5,1.000000
JACKSON - 000649,5,1.000000
JACKSON - 000650,5,1.000000
JACKSON - 000651,5,1.000000
JACKSON - 000652,5,1.000000
JACKSON - 000653,5,1.000000
JACKSON - 000654,5,1.000000
JACKSON - 000655,5,1.000000
JACKSON - 000656,5,1.000000
JACKSON - 000657,5,1.000000
JACKSON - 000658,5,1.000000
JACKSON - 000659,5,1.000000
JACKSON - 000660,5,1.000000
JACKSON - 000661,5,1.000000
JACKSON - 000662,5,1.000000
JACKSON - 000663,5,1.000000
JACKSON - 000664,5,1.000000
JASPER - 000002,7,1.000000
JASPER - 000003,7,1.000000
JASPER - 000004,7,1.000000
JASPER - 000005,7,1.000000
JASPER - 000006,7,1.000000
JASPER - 000007,7,1.000000
JASPER - 000008,7,1.000000
JASPER - 000009,7,1.000000
JASPER - 000010,7,1.000000
JASPER - 000011,7,1.000000
JASPER - 000012,7,1.000000
JASPER - 000013,7,1.000000
JASPER - 000014,7,1.000000
JASPER - 000015,7,1.000000
JASPER - 000016,7,1.000000
JASPER - 000017,7,1.000000
JASPER - 000018,7,1.000000
JASPER - 000019,7,1.000000
JASPER - 000020,7,1.000000
JASPER - 000021,7,1.000000
JASPER - 000022,7,1.000000
JASPER - 000023,7,1.000000
JASPER - 000024,7,1.000000
JASPER - 000025,7,1.000000
JASPER - 000026,7,1.000000
JASPER - 000027,7,1.000000
JASPER - 000028,7,1.000000
JASPER - 000029,7,1.000000
JASPER - 000030,7,1.000000
JASPER - 000031,7,1.000000
JASPER - 000032,7,1.000000
JASPER - 000033,7,1.000000
JASPER - 000034,7,1.000000
JASPER - 000035,7,1.000000
JASPER - 000036,7,1.000000
JASPER - 000037,7,1.000000
JASPER - 000038,7,1.000000
JASPER - 000039,7,1.000000
JASPER - 000040,7,1.000000
JASPER - 000041,7,1.000000
JASPER - 000042,7,1.000000
JASPER - 000043,7,1.000000
JASPER - 000044,7,1.000000
JASPER - 000045,7,1.000000
JASPER - 000046,7,1.000000
JASPER - 000047,7,1.000000
JEFFERSON - 000002,8,1.000000
JEFFERSON - 000003,8,1.000000
JEFFERSON - 000004,8,1.000000
JEFFERSON - 000005,8,1.000000
JEFFERSON - 000006,8,1.000000
JEFFERSON - 000007,8,1.000000
JEFFERSON - 000008,8,1.000000
JEFFERSON - 000009,8,1.000000
JEFFERSON - 000010,8,1.000000
JEFFERSON - 000011,8,1.000000
JEFFERSON - 000012,8,1.000000
JEFFERSON - 000013,3,1.000000
JEFFERSON - 000014,3,1.000000
JEFFERSON - 000015,3,1.000000
JEFFERSON - 000016,3,1.000000
JEFFERSON - 000017,3,1.000000
JEFFERSON - 000018,3,1.000000
JEFFERSON - 000019,3,1.000000
JEFFERSON - 000020,8,1.000000
JEFFERSON - 000021,3,1.000000
JEFFERSON - 000022,8,1.000000
JEFFERSON - 000023,8,1.000000
JEFFERSON - 000024,8,1.000000
JEFFERSON - 000025,3,1.000000
JEFFERSON - 000026,3,1.000000
JEFFERSON - 000027,3,1.000000
JEFFERSON - 000028,3,1.000000
JEFFERSON - 000029,3,1.000000
JEFFERSON - 000030,8,1.000000
JEFFERSON - 000031,8,1.000000
JEFFERSON - 000032,3,1.000000
JEFFERSON - 000033,3,1.000000
JEFFERSON - 000034,3,1.000000
JEFFERSON - 000035,3,1.000000
JEFFERSON - 000036,3,1.000000
JEFFERSON - 000037,3,1.000000
JEFFERSON - 000038,3,1.000000
JEFFERSON - 000039,3,1.000000
JEFFERSON - 000040,8,1.000000
JEFFERSON - 000041,3,1.000000
JEFFERSON - 000042,3,1.000000
JEFFERSON - 000043,3,1.000000
JEFFERSON - 000044,8,1.000000
JEFFERSON - 000045,8,1.000000
JEFFERSON - 000046,8,1.000000
JEFFERSON - 000047,8,1.000000
JEFFERSON - 000048,8,1.000000
JEFFERSON - 000049,8,1.000000
JEFFERSON - 000050,8,1.000000
JEFFERSON - 000051,3,1.000000
JEFFERSON - 000052,8,1.000000
JEFFERSON - 000053,8,1.000000
JEFFERSON - 000054,8,1.000000
JEFFERSON - 000055,3,1.000000
JEFFERSON - 000056,8,0.992857
JEFFERSON - 000056,2,0.007143
JEFFERSON - 000057,3,1.000000
JEFFERSON - 000058,8,1.000000
JEFFERSON - 000059,8,0.973810
JEFFERSON - 000059,2,0.026190
JEFFERSON - 000060,8,1.000000
JEFFERSON - 000061,8,1.000000
JEFFERSON - 000062,8,1.000000
JEFFERSON - 000063,8,1.000000
JEFFERSON - 000064,3,1.000000
JEFFERSON - 000065,8,1.000000
JEFFERSON - 000066,8,1.000000
JEFFERSON - 000067,8,1.000000
JEFFERSON - 000068,8,1.000000
JEFFERSON - 000069,8,1.000000
JEFFERSON - 000070,8,1.000000
JEFFERSON - 000071,3,0.223810
JEFFERSON - 000071,8,0.776190
JEFFERSON - 000072,8,1.000000
JEFFERSON - 000073,3,1.000000
JEFFERSON - 000074,3,1.000000
JEFFERSON - 000075,8,1.000000
JEFFERSON - 000076,8,1.000000
JEFFERSON - 000077,8,1.000000
JEFFERSON - 000078,3,1.000000
JEFFERSON - 000079,8,1.000000
JEFFERSON - 000080,8,1.000000
JEFFERSON - 000081,8,0.645238
JEFFERSON - 000081,3,0.354762
JEFFERSON - 000082,3,1.000000
JEFFERSON - 000083,8,0.280952
JEFFERSON - 000083,3,0.719048
JEFFERSON - 000084,8,1.000000
JEFFERSON - 000085,3,0.942857
JEFFERSON - 000085,8,0.057143
JEFFERSON - 000086,3,1.000000
JEFFERSON - 000087,8,1.000000
JOHNSON - 000002,4,1.000000
JOHNSON - 000003,4,1.000000
JOHNSON - 000004,4,1.000000
JOHNSON - 000005,4,1.000000
JOHNSON - 000006,4,1.000000
JOHNSON - 000007,4,1.000000
JOHNSON - 000008,4,1.000000
JOHNSON - 000009,4,1.000000
JOHNSON - 000010,4,1.000000
JOHNSON - 000011,4,1.000000
JOHNSON - 000012,4,1.000000
JOHNSON - 000013,4,1.000000
JOHNSON - 000014,4,1.000000
JOHNSON - 000015,4,1.000000
JOHNSON - 000016,4,1.000000
JOHNSON - 000017,4,1.000000
JOHNSON - 000018,4,1.000000
JOHNSON - 000019,4,1.000000
JOHNSON - 000020,4,1.000000
JOHNSON - 000021,4,1.000000
KNOX - 000002,6,1.000000
KNOX - 000003,6,1.000000
KNOX - 000004,6,1.000000
KNOX - 000005,6,1.000000
KNOX - 000006,6,1.000000
KNOX - 000007,6,1.000000
LACLEDE - 000002,4,1.000000
LACLEDE - 000003,4,1.000000
LACLEDE - 000004,4,1.000000
LACLEDE - 000005,4,1.000000
LACLEDE - 000006,4,1.000000
LACLEDE - 000007,4,1.000000
LACLEDE - 000008,4,1.000000
LACLEDE - 000009,4,1.000000
LACLEDE - 000010,4,1.000000
LACLEDE - 000011,4,1.000000
LACLEDE - 000012,4,1.000000
LACLEDE - 000013,4,1.000000
LACLEDE - 000014,4,1.000000
LACLEDE - 000015,4,1.000000
LACLEDE - 000016,4,1.000000
LACLEDE - 000017,4,1.000000
LACLEDE - 000018,4,1.000000
LACLEDE - 000019,4,1.000000
LACLEDE - 000020,4,1.000000
LACLEDE - 000021,4,1.000000
LACLEDE - 000022,4,1.000000
LACLEDE - 000023,4,1.000000
LAFAYETTE - 000002,4,1.000000
LAFAYETTE - 000003,4,1.000000
LAFAYETTE - 000004,4,1.000000
LAFAYETTE - 000005,4,1.000000
LAFAYETTE - 000006,4,1.000000
LAFAYETTE - 000007,4,1.000000
LAFAYETTE - 000008,4,1.000000
LAFAYETTE - 000009,4,1.000000
LAFAYETTE - 000010,4,1.000000
LAFAYETTE - 000011,4,1.000000
LAFAYETTE - 000012,4,1.000000
LAFAYETTE - 000013,4,1.000000
LAFAYETTE - 000014,4,1.000000
LAFAYETTE - 000015,4,1.000000
LAFAYETTE - 000016,4,1.000000
LAFAYETTE - 000017,4,1.000000
LAFAYETTE - 000018,4,1.000000
LAFAYETTE - 000019,4,1.000000
LAFAYETTE - 000020,4,1.000000
LAFAYETTE - 000021,4,1.000000
LAWRENCE - 000002,7,1.000000
LAWRENCE - 000003,7,1.000000
LAWRENCE - 000004,7,1.000000
LAWRENCE - 000005,7,1.000000
LAWRENCE - 000006,7,1.000000
LAWRENCE - 000007,7,1.000000
LAWRENCE - 000008,7,1.000000
LAWRENCE - 000009,7,1.000000
LAWRENCE - 000010,7,1.000000
LAWRENCE - 000011,7,1.000000
LAWRENCE - 000012,7,1.000000
LAWRENCE - 000013,7,1.000000
LAWRENCE - 000014,7,1.000000
LAWRENCE - 000015,7,1.000000
LAWRENCE - 000016,7,1.000000
LAWRENCE - 000017,7,1.000000
LAWRENCE - 000018,7,1.000000
LAWRENCE - 000019,7,1.000000
LAWRENCE - 000020,7,1.000000
LEWIS - 000002,6,1.000000
LEWIS - 000003,6,1.000000
LEWIS - 000004,6,1.000000
LEWIS - 000005,6,1.000000
LEWIS - 000006,6,1.000000
LEWIS - 000007,6,1.000000
LEWIS - 000008,6,1.000000
LEWIS - 000009,6,1.000000
LEWIS - 000010,6,1.000000
LEWIS - 000011,6,1.000000
LINCOLN - 000002,6,1.000000
LINCOLN - 000003,6,1.000000
LINCOLN - 000004,6,1.000000
LINCOLN - 000005,6,1.000000
LINCOLN - 000006,6,1.000000
LINCOLN - 000007,6,1.000000
LINCOLN - 000008,6,1.000000
LINCOLN - 000009,6,1.000000
LINCOLN - 000010,6,1.000000
LINCOLN - 000011,6,1.000000
LINCOLN - 000012,6,1.000000
LINCOLN - 000013,6,1.000000
LINCOLN - 000014,6,1.000000
LINCOLN - 000015,6,1.000000
LINCOLN - 000016,6,1.000000
LINCOLN - 000017,6,1.000000
LINCOLN - 000018,6,1.000000
LINCOLN - 000019,6,1.000000
LINCOLN - 000020,6,1.000000
LINCOLN - 000021,6,1.000000
LINCOLN - 000022,6,1.000000
LINCOLN - 000023,6,1.000000
LINCOLN - 000024,6,1.000000
LINCOLN - 000025,6,1.000000
LINN - 000002,6,1.000000
LINN - 000003,6,1.000000
LINN - 000004,6,1.000000
LINN - 000005,6,1.000000
LINN - 000006,6,1.000000
LINN - 000007,6,1.000000
LINN - 000008,6,1.000000
LINN - 000009,6,1.000000
LINN - 000010,6,1.000000
LINN - 000011,6,1.000000
LINN - 000012,6,1.000000
LINN - 000013,6,1.000000
LINN - 000014,6,1.000000
LINN - 000015,6,1.000000
LINN - 000016,6,1.000000
LINN - 000017,6,1.000000
LINN - 000018,6,1.000000
LINN - 000019,6,1.000000
LINN - 000020,6,1.000000
LINN - 000021,6,1.000000
LINN - 000022,6,1.000000
LINN - 000023,6,1.000000
LINN - 000024,6,1.000000
LIVINGSTON - 000002,6,1.000000
LIVINGSTON - 000003,6,1.000000
LIVINGSTON - 000004,6,1.000000
LIVINGSTON - 000005,6,1.000000
LIVINGSTON - 000006,6,1.000000
LIVINGSTON - 000007,6,1.000000
LIVINGSTON - 000008,6,1.000000
LIVINGSTON - 000009,6,1.000000
LIVINGSTON - 000010,6,1.000000
LIVINGSTON - 000011,6,1.000000
LIVINGSTON - 000012,6,1.000000
LIVINGSTON - 000013,6,1.000000
LIVINGSTON - 000014,6,1.000000
LIVINGSTON - 000015,6,1.000000
MACON - 000002,6,1.000000
MACON - 000003,6,1.000000
MACON - 000004,6,1.000000
MACON - 000005,6,1.000000
MACON - 000006,6,1.000000
MACON - 000007,6,1.000000
MACON - 000008,6,1.000000
MACON - 000009,6,1.000000
MACON - 000010,6,1.000000
MACON - 000011,6,1.000000
MACON - 000012,6,1.000000
MACON - 000013,6,1.000000
MADISON - 000002,8,1.000000
MADISON - 000003,8,1.000000
MADISON - 000004,8,1.000000
MADISON - 000005,8,1.000000
MADISON - 000006,8,1.000000
MADISON - 000007,8,1.000000
MADISON - 000008,8,1.000000
MARIES - 000002,3,1.000000
MARIES - 000003,3,1.000000
MARIES - 000004,3,1.000000
MARIES - 000005,3,1.000000
MARIES - 000006,3,1.000000
MARIES - 000007,3,1.000000
MARIES - 000008,3,1.000000
MARIES - 000009,3,1.000000
MARIES - 000010,3,1.000000
MARION - 000002,6,1.000000
MARION - 000003,6,1.000000
MARION - 000004,6,1.000000
MARION - 000005,6,1.000000
MARION - 000006,6,1.000000
MARION - 000007,6,1.000000
MARION - 000008,6,1.000000
MARION - 000009,6,1.000000
MARION - 000010,6,1.000000
MARION - 000011,6,1.000000
MARION - 000012,6,1.000000
MARION - 000013,6,1.000000
MARION - 000014,6,1.000000
MARION - 000015,6,1.000000
MARION - 000016,6,1.000000
MARION - 000017,6,1.000000
MARION - 000018,6,1.000000
MARION - 000019,6,1.000000
MARION - 000020,6,1.000000
MARION - 000021,6,1.000000
MARION - 000022,6,1.000000
MARION - 000023,6,1.000000
MCDONALD - 000002,7,1.000000
MCDONALD - 000003,7,1.000000
MCDONALD - 000004,7,1.000000
MCDONALD - 000005,7,1.000000
MCDONALD - 000006,7,1.000000
MCDONALD - 000007,7,1.000000
MCDONALD - 000008,7,1.000000
MCDONALD - 000009,7,1.000000
MCDONALD - 000010,7,1.000000
MCDONALD - 000011,7,1.000000
MCDONALD - 000012,7,1.000000
MCDONALD - 000013,7,1.000000
MCDONALD - 000014,7,1.000000
MCDONALD - 000015,7,1.000000
MCDONALD - 000016,7,1.000000
MCDONALD - 000017,7,1.000000
MCDONALD - 000018,7,1.000000
MCDONALD - 000019,7,1.000000
MCDONALD - 000020,7,1.000000
MERCER - 000002,6,1.000000
MERCER - 000003,6,1.000000
MERCER - 000004,6,1.000000
MERCER - 000005,6,1.000000
MERCER - 000006,6,1.000000
MERCER - 000007,6,1.000000
MERCER - 000008,6,1.000000
MERCER - 000009,6,1.000000
MERCER - 000010,6,1.000000
MILLER - 000002,3,1.000000
MILLER - 000003,3,1.000000
MILLER - 000004,3,1.000000
MILLER - 000005,3,1.000000
MILLER - 000006,3,1.000000
MILLER - 000007,3,1.000000
MILLER - 000008,3,1.000000
MILLER - 000009,3,1.000000
MILLER - 000010,3,1.000000
MILLER - 000011,3,1.000000
MILLER - 000012,3,1.000000
MILLER - 000013,3,1.000000
MILLER - 000014,3,1.000000
MILLER - 000015,3,1.000000
MILLER - 000016,3,1.000000
MILLER - 000017,3,1.000000
MILLER - 000018,3,1.000000
MILLER - 000019,3,1.000000
MILLER - 000020,3,1.000000
MILLER - 000021,3,1.000000
MILLER - 000022,3,1.000000
MISSISSIPPI - 000002,8,1.000000
MISSISSIPPI - 000003,8,1.000000
MISSISSIPPI - 000004,8,1.000000
MISSISSIPPI - 000005,8,1.000000
MISSISSIPPI - 000006,8,1.000000
MISSISSIPPI - 000007,8,1.000000
MISSISSIPPI - 000008,8,1.000000
MISSISSIPPI - 000009,8,1.000000
MISSISSIPPI - 000010,8,1.000000
MISSISSIPPI - 000011,8,1.000000
MISSISSIPPI - 000012,8,1.000000
MISSISSIPPI - 000013,8,1.000000
MISSISSIPPI - 000014,8,1.000000
MISSISSIPPI - 000015,8,1.000000
MISSISSIPPI - 000016,8,1.000000
MISSISSIPPI - 000017,8,1.000000
MISSISSIPPI - 000018,8,1.000000
MISSISSIPPI - 000019,8,1.000000
MISSISSIPPI - 000020,8,1.000000
MISSISSIPPI - 000021,8,1.000000
MISSISSIPPI - 000022,8,1.000000
MISSISSIPPI - 000023,8,1.000000
MONITEAU - 000002,3,1.000000
MONITEAU - 000003,3,1.000000
MONITEAU - 000004,3,1.000000
MONITEAU - 000005,3,1.000000
MONITEAU - 000006,3,1.000000
MONITEAU - 000007,3,1.000000
MONITEAU - 000008,3,1.000000
MONITEAU - 000009,3,1.000000
MONITEAU - 000010,3,1.000000
MONITEAU - 000011,3,1.000000
MONITEAU - 000012,3,1.000000
MONITEAU - 000013,3,1.000000
MONROE - 000002,6,1.000000
MONROE - 000003,6,1.000000
MONROE - 000004,6,1.000000
MONROE - 000005,6,1.000000
MONROE - 000006,6,1.000000
MONROE - 000007,6,1.000000
MONROE - 000008,6,1.000000
MONROE - 000009,6,1.000000
MONTGOMERY - 000002,3,1.000000
MONTGOMERY - 000003,3,1.000000
MONTGOMERY - 000004,3,1.000000
MONTGOMERY - 000005,3,1.000000
MONTGOMERY - 000006,3,1.000000
MONTGOMERY - 000007,3,1.000000
MONTGOMERY - 000008,3,1.000000
MONTGOMERY - 000009,3,1.000000
MONTGOMERY - 000010,3,1.000000
MONTGOMERY - 000011,3,1.000000
MORGAN - 000002,4,1.000000
MORGAN - 000003,4,1.000000
MORGAN - 000004,4,1.000000
MORGAN - 000005,4,1.000000
MORGAN - 000006,4,1.000000
MORGAN - 000007,4,1.000000
MORGAN - 000008,4,1.000000
MORGAN - 000009,4,1.000000
MORGAN - 000010,4,1.000000
MORGAN - 000011,4,1.000000
MORGAN - 000012,4,1.000000
MORGAN - 000013,4,1.000000
MORGAN - 000014,4,1.000000
MORGAN - 000015,4,1.000000
MORGAN - 000016,4,1.000000
MORGAN - 000017,4,1.000000
NEW MADRID - 000002,8,1.000000
NEW MADRID - 000003,8,1.000000
NEW MADRID - 000004,8,1.000000
NEW MADRID - 000005,8,1.000000
NEW MADRID - 000006,8,1.000000
NEW MADRID - 000007,8,1.000000
NEW MADRID - 000008,8,1.000000
NEW MADRID - 000009,8,1.000000
NEW MADRID - 000010,8,1.000000
NEW MADRID - 000011,8,1.000000
NEW MADRID - 000012,8,1.000000
NEW MADRID - 000013,8,1.000000
NEW MADRID - 000014,8,1.000000
NEW MADRID - 000015,8,1.000000
NEW MADRID - 000016,8,1.000000
NEW MADRID - 000017,8,1.000000
NEW MADRID - 000018,8,1.000000
NEW MADRID - 000019,8,1.000000
NEW MADRID - 000020,8,1.000000
NEW MADRID - 000021,8,1.000000
NEW MADRID - 000022,8,1.000000
NEW MADRID - 000023,8,1.000000
NEW MADRID - 000024,8,1.000000
NEW MADRID - 000025,8,1.000000
NEW MADRID - 000026,8,1.000000
NEW MADRID - 000027,8,1.000000
NEW MADRID - 000028,8,1.000000
NEW MADRID - 000029,8,1.000000
NEW MADRID - 000030,8,1.000000
NEW MADRID - 000031,8,1.000000
NEWTON - 000002,7,1.000000
NEWTON - 000003,7,1.000000
NEWTON - 000004,7,1.000000
NEWTON - 000005,7,1.000000
NEWTON - 000006,7,1.000000
NEWTON - 000007,7,1.000000
NEWTON - 000008,7,1.000000
NEWTON - 000009,7,1.000000
NEWTON - 000010,7,1.000000
NEWTON - 000011,7,1.000000
NEWTON - 000012,7,1.000000
NEWTON - 000013,7,1.000000
NEWTON - 000014,7,1.000000
NEWTON - 000015,7,1.000000
NEWTON - 000016,7,1.000000
NEWTON - 000017,7,1.000000
NEWTON - 000018,7,1.000000
NODAWAY - 000002,6,1.000000
NODAWAY - 000003,6,1.000000
NODAWAY - 000004,6,1.000000
NODAWAY - 000005,6,1.000000
NODAWAY - 000006,6,1.000000
NODAWAY - 000007,6,1.000000
NODAWAY - 000008,6,1.000000
NODAWAY - 000009,6,1.000000
NODAWAY - 000010,6,1.000000
NODAWAY - 000011,6,1.000000
NODAWAY - 000012,6,1.000000
NODAWAY - 000013,6,1.000000
NODAWAY - 000014,6,1.000000
NODAWAY - 000015,6,1.000000
NODAWAY - 000016,6,1.000000
NODAWAY - 000017,6,1.000000
NODAWAY - 000018,6,1.000000
NODAWAY - 000019,6,1.000000
NODAWAY - 000020,6,1.000000
OREGON - 000002,8,1.000000
OREGON - 000003,8,1.000000
OREGON - 000004,8,1.000000
OREGON - 000005,8,1.000000
OREGON - 000006,8,1.000000
OREGON - 000007,8,1.000000
OREGON - 000008,8,1.000000
OREGON - 000009,8,1.000000
OREGON - 000010,8,1.000000
OREGON - 000011,8,1.000000
OREGON - 000012,8,1.000000
OREGON - 000013,8,1.000000
OREGON - 000014,8,1.000000
OREGON - 000015,8,1.000000
OREGON - 000016,8,1.000000
OSAGE - 000002,3,1.000000
OSAGE - 000003,3,1.000000
OSAGE - 000004,3,1.000000
OSAGE - 000005,3,1.000000
OSAGE - 000006,3,1.000000
OSAGE - 000007,3,1.000000
OSAGE - 000008,3,1.000000
OSAGE - 000009,3,1.000000
OSAGE - 000010,3,1.000000
OSAGE - 000011,3,1.000000
OSAGE - 000012,3,1.000000
OSAGE - 000013,3,1.000000
OSAGE - 000014,3,1.000000
OSAGE - 000015,3,1.000000
OSAGE - 000016,3,1.000000
OSAGE - 000017,3,1.000000
OSAGE - 000018,3,1.000000
OSAGE - 000019,3,1.000000
OSAGE - 000020,3,1.000000
OZARK - 000002,8,1.000000
OZARK - 000003,8,1.000000
OZARK - 000004,8,1.000000
OZARK - 000005,8,1.000000
OZARK - 000006,8,1.000000
OZARK - 000007,8,1.000000
OZARK - 000008,8,1.000000
OZARK - 000009,8,1.000000
OZARK - 000010,8,1.000000
OZARK - 000011,8,1.000000
PEMISCOT - 000002,8,1.000000
PEMISCOT - 000003,8,1.000000
PEMISCOT - 000004,8,1.000000
PEMISCOT - 000005,8,1.000000
PEMISCOT - 000006,8,1.000000
PEMISCOT - 000007,8,1.000000
PEMISCOT - 000008,8,1.000000
PEMISCOT - 000009,8,1.000000
PEMISCOT - 000010,8,1.000000
PEMISCOT - 000011,8,1.000000
PEMISCOT - 000012,8,1.000000
PEMISCOT - 000013,8,1.000000
PEMISCOT - 000014,8,1.000000
PEMISCOT - 000015,8,1.000000
PEMISCOT - 000016,8,1.000000
PEMISCOT - 000017,8,1.000000
PEMISCOT - 000018,8,1.000000
PEMISCOT - 000019,8,1.000000
PEMISCOT - 000020,8,1.000000
PEMISCOT - 000021,8,1.000000
PERRY - 000002,8,1.000000
PERRY - 000003,8,1.000000
PERRY - 000004,8,1.000000
PERRY - 000005,8,1.000000
PERRY - 000006,8,1.000000
PERRY - 000007,8,1.000000
PERRY - 000008,8,1.000000
PERRY - 000009,8,1.000000
PERRY - 000010,8,1.000000
PERRY - 000011,8,1.000000
PERRY - 000012,8,1.000000
PERRY - 000013,8,1.000000
PERRY - 000014,8,1.000000
PERRY - 000015,8,1.000000
PERRY - 000016,8,1.000000
PERRY - 000017,8,1.000000
PETTIS - 000002,4,1.000000
PETTIS - 000003,4,1.000000
PETTIS - 000004,4,1.000000
PETTIS - 000005,4,1.000000
PETTIS - 000006,4,1.000000
PETTIS - 000007,4,1.000000
PETTIS - 000008,4,1.000000
PETTIS - 000009,4,1.000000
PETTIS - 000010,4,1.000000
PETTIS - 000011,4,1.000000
PETTIS - 000012,4,1.000000
PETTIS - 000013,4,1.000000
PETTIS - 000014,4,1.000000
PETTIS - 000015,4,1.000000
PETTIS - 000016,4,1.000000
PETTIS - 000017,4,1.000000
PETTIS - 000018,4,1.000000
PETTIS - 000019,4,1.000000
PETTIS - 000020,4,1.000000
PETTIS - 000021,4,1.000000
PETTIS - 000022,4,1.000000
PETTIS - 000023,4,1.000000
PETTIS - 000024,4,1.000000
PETTIS - 000025,4,1.000000
PETTIS - 000026,4,1.000000
PETTIS - 000027,4,1.000000
PHELPS - 000002,8,1.000000
PHELPS - 000003,8,1.000000
PHELPS - 000004,8,1.000000
PHELPS - 000005,8,1.000000
PHELPS - 000006,8,1.000000
PHELPS - 000007,8,1.000000
PHELPS - 000008,8,1.000000
PHELPS - 000009,8,1.000000
PHELPS - 000010,8,1.000000
PHELPS - 000011,8,1.000000
PHELPS - 000012,8,1.000000
PHELPS - 000013,8,1.000000
PHELPS - 000014,8,1.000000
PHELPS - 000015,8,1.000000
PHELPS - 000016,8,1.000000
PHELPS - 000017,8,1.000000
PHELPS - 000018,8,1.000000
PHELPS - 000019,8,1.000000
PHELPS - 000020,8,1.000000
PHELPS - 000021,8,1.000000
PHELPS - 000022,8,1.000000
PHELPS - 000023,8,1.000000
PHELPS - 000024,8,1.000000
PHELPS - 000025,8,1.000000
PHELPS - 000026,8,1.000000
PHELPS - 000027,8,1.000000
PHELPS - 000028,8,1.000000
PHELPS - 000029,8,1.000000
PHELPS - 000030,8,1.000000
PHELPS - 000031,8,1.000000
PHELPS - 000032,8,1.000000
PHELPS - 000033,8,1.000000
PHELPS - 000034,8,1.000000
PHELPS - 000035,8,1.000000
PHELPS - 000036,8,1.000000
PHELPS - 000037,8,1.000000
PIKE - 000002,6,1.000000
PIKE - 000003,6,1.000000
PIKE - 000004,6,1.000000
PIKE - 000005,6,1.000000
PIKE - 000006,6,1.000000
PIKE - 000007,6,1.000000
PIKE - 000008,6,1.000000
PIKE - 000009,6,1.000000
PIKE - 000010,6,1.000000
PIKE - 000011,6,1.000000
PIKE - 000012,6,1.000000
PIKE - 000013,6,1.000000
PIKE - 000014,6,1.000000
PIKE - 000015,6,1.000000
PLATTE - 000002,6,1.000000
PLATTE - 000003,6,1.000000
PLATTE - 000004,6,1.000000
PLATTE - 000005,6,1.000000
PLATTE - 000006,6,1.000000
PLATTE - 000007,6,1.000000
PLATTE - 000008,6,1.000000
PLATTE - 000009,6,1.000000
PLATTE - 000010,6,1.000000
PLATTE - 000011,6,1.000000
PLATTE - 000012,6,1.000000
PLATTE - 000013,6,1.000000
PLATTE - 000014,6,1.000000
PLATTE - 000015,6,1.000000
PLATTE - 000016,6,1.000000
PLATTE - 000017,6,1.000000
PLATTE - 000018,6,1.000000
PLATTE - 000019,6,1.000000
PLATTE - 000020,6,1.000000
PLATTE - 000021,6,1.000000
PLATTE - 000022,6,1.000000
PLATTE - 000023,6,1.000000
PLATTE - 000024,6,1.000000
PLATTE - 000025,6,1.000000
PLATTE - 000026,6,1.000000
PLATTE - 000027,6,1.000000
PLATTE - 000028,6,1.000000
PLATTE - 000029,6,1.000000
PLATTE - 000030,6,1.000000
PLATTE - 000031,6,1.000000
PLATTE - 000032,6,1.000000
PLATTE - 000033,6,1.000000
PLATTE - 000034,6,1.000000
PLATTE - 000035,6,1.000000
PLATTE - 000036,6,1.000000
PLATTE - 000037,6,1.000000
PLATTE - 000038,6,1.000000
PLATTE - 000039,6,1.000000
PLATTE - 000040,6,1.000000
PLATTE - 000041,6,1.000000
PLATTE - 000042,6,1.000000
PLATTE - 000043,6,1.000000
PLATTE - 000044,6,1.000000
POLK - 000002,4,1.000000
POLK - 000003,4,1.000000
POLK - 000004,4,1.000000
POLK - 000005,4,1.000000
POLK - 000006,4,1.000000
POLK - 000007,4,1.000000
POLK - 000008,4,1.000000
POLK - 000009,4,1.000000
POLK - 000010,4,1.000000
POLK - 000011,4,1.000000
POLK - 000012,4,1.000000
POLK - 000013,4,1.000000
POLK - 000014,4,1.000000
POLK - 000015,4,1.000000
POLK - 000016,4,1.000000
POLK - 000017,4,1.000000
POLK - 000018,4,1.000000
POLK - 000019,4,1.000000
POLK - 000020,4,1.000000
POLK - 000021,4,1.000000
POLK - 000022,4,1.000000
POLK - 000023,4,1.000000
PULASKI - 000002,4,1.000000
PULASKI - 000003,4,1.000000
PULASKI - 000004,4,1.000000
PULASKI - 000005,4,1.000000
PULASKI - 000006,4,1.000000
PULASKI - 000007,4,1.000000
PULASKI - 000008,4,1.000000
PULASKI - 000009,4,1.000000
PULASKI - 000010,4,1.000000
PUTNAM - 000002,6,1.000000
PUTNAM - 000003,6,1.000000
PUTNAM - 000004,6,1.000000
PUTNAM - 000005,6,1.000000
PUTNAM - 000006,6,1.000000
PUTNAM - 000007,6,1.000000
PUTNAM - 000008,6,1.000000
PUTNAM - 000009,6,1.000000
PUTNAM - 000010,6,1.000000
PUTNAM - 000011,6,1.000000
PUTNAM - 000012,6,1.000000
RALLS - 000002,6,1.000000
RALLS - 000003,6,1.000000
RALLS - 000004,6,1.000000
RALLS - 000005,6,1.000000
RALLS - 000006,6,1.000000
RALLS - 000007,6,1.000000
RALLS - 000008,6,1.000000
RALLS - 000009,6,1.000000
RALLS - 000010,6,1.000000
RANDOLPH - 000002,6,1.000000
RANDOLPH - 000003,6,1.000000
RANDOLPH - 000004,6,1.000000
RANDOLPH - 000005,6,1.000000
RANDOLPH - 000006,6,1.000000
RANDOLPH - 000007,6,1.000000
RANDOLPH - 000008,6,1.000000
RANDOLPH - 000009,6,1.000000
RANDOLPH - 000010,6,1.000000
RANDOLPH - 000011,6,1.000000
RANDOLPH - 000012,6,1.000000
RANDOLPH - 000013,6,1.000000
RANDOLPH - 000014,6,1.000000
RANDOLPH - 000015,6,1.000000
RANDOLPH - 000016,6,1.000000
RANDOLPH - 000017,6,1.000000
RAY - 000002,6,1.000000
RAY - 000003,6,1.000000
RAY - 000004,6,1.000000
RAY - 000005,6,1.000000
RAY - 000006,6,1.000000
RAY - 000007,6,1.000000
RAY - 000008,6,1.000000
RAY - 000009,6,1.000000
RAY - 000010,6,1.000000
RAY - 000011,6,1.000000
RAY - 000012,6,1.000000
RAY - 000013,6,1.000000
RAY - 000014,6,1.000000
RAY - 000015,6,1.000000
RAY - 000016,6,1.000000
RAY - 000017,6,1.000000
RAY - 000018,6,1.000000
RAY - 000019,6,1.000000
REYNOLDS - 000002,8,1.000000
REYNOLDS - 000003,8,1.000000
REYNOLDS - 000004,8,1.000000
REYNOLDS - 000005,8,1.000000
REYNOLDS - 000006,8,1.000000
REYNOLDS - 000007,8,1.000000
REYNOLDS - 000008,8,1.000000
REYNOLDS - 000009,8,1.000000
REYNOLDS - 000010,8,1.000000
REYNOLDS - 000011,8,1.000000
REYNOLDS - 000012,8,1.000000
REYNOLDS - 000013,8,1.000000
REYNOLDS - 000014,8,1.000000
RIPLEY - 000002,8,1.000000
RIPLEY - 000003,8,1.000000
RIPLEY - 000004,8,1.000000
RIPLEY - 000005,8,1.000000
RIPLEY - 000006,8,1.000000
RIPLEY - 000007,8,1.000000
RIPLEY - 000008,8,1.000000
RIPLEY - 000009,8,1.000000
RIPLEY - 000010,8,1.000000
RIPLEY - 000011,8,1.000000
RIPLEY - 000012,8,1.000000
RIPLEY - 000013,8,1.000000
RIPLEY - 000014,8,1.000000
SALINE - 000002,4,1.000000
SALINE - 000003,4,1.000000
SALINE - 000004,4,1.000000
SALINE - 000005,4,1.000000
SALINE - 000006,4,1.000000
SALINE - 000007,4,1.000000
SALINE - 000008,4,1.000000
SALINE - 000009,4,1.000000
SALINE - 000010,4,1.000000
SALINE - 000011,4,1.000000
SALINE - 000012,4,1.000000
SCHUYLER - 000002,6,1.000000
SCHUYLER - 000003,6,1.000000
SCHUYLER - 000004,6,1.000000
SCHUYLER - 000005,6,1.000000
SCHUYLER - 000006,6,1.000000
SCHUYLER - 000007,6,1.000000
SCHUYLER - 000008,6,1.000000
SCHUYLER - 000009,6,1.000000
SCHUYLER - 000010,6,1.000000
SCOTLAND - 000002,6,1.000000
SCOTLAND - 000003,6,1.000000
SCOTLAND - 000004,6,1.000000
SCOTLAND - 000005,6,1.000000
SCOTLAND - 000006,6,1.000000
SCOTLAND - 000007,6,1.000000
SCOTLAND - 000008,6,1.000000
SCOTT - 000002,8,1.000000
SCOTT - 000003,8,1.000000
SCOTT - 000004,8,1.000000
SCOTT - 000005,8,1.000000
SCOTT - 000006,8,1.000000
SCOTT - 000007,8,1.000000
SCOTT - 000008,8,1.000000
SCOTT - 000009,8,1.000000
SCOTT - 000010,8,1.000000
SCOTT - 000011,8,1.000000
SCOTT - 000012,8,1.000000
SCOTT - 000013,8,1.000000
SCOTT - 000014,8,1.000000
SCOTT - 000015,8,1.000000
SCOTT - 000016,8,1.000000
SCOTT - 000017,8,1.000000
SCOTT - 000018,8,1.000000
SCOTT - 000019,8,1.000000
SCOTT - 000020,8,1.000000
SCOTT - 000021,8,1.000000
SCOTT - 000022,8,1.000000
SCOTT - 000023,8,1.000000
SHANNON - 000002,8,1.000000
SHANNON - 000003,8,1.000000
SHANNON - 000004,8,1.000000
SHANNON - 000005,8,1.000000
SHANNON - 000006,8,1.000000
SHANNON - 000007,8,1.000000
SHANNON - 000008,8,1.000000
SHANNON - 000009,8,1.000000
SHANNON - 000010,8,1.000000
SHANNON - 000011,8,1.000000
SHELBY - 000002,6,1.000000
SHELBY - 000003,6,1.000000
SHELBY - 000004,6,1.000000
SHELBY - 000005,6,1.000000
SHELBY - 000006,6,1.000000
SHELBY - 000007,6,1.000000
SHELBY - 000008,6,1.000000
SHELBY - 000009,6,1.000000
ST. CHARLES - 000001,3,1.000000
ST. CHARLES - 000004,3,1.000000
ST. CHARLES - 000005,3,1.000000
ST. CHARLES - 000014,3,1.000000
ST. CHARLES - 000015,3,1.000000
ST. CHARLES - 000016,3,1.000000
ST. CHARLES - 000021,3,1.000000
ST. CHARLES - 000022,3,1.000000
ST. CHARLES - 000024,3,1.000000
ST. CHARLES - 000025,3,1.000000
ST. CHARLES - 000028,3,1.000000
ST. CHARLES - 000031,3,1.000000
ST. CHARLES - 000033,3,1.000000
ST. CHARLES - 000034,3,1.000000
ST. CHARLES - 000036,3,1.000000
ST. CHARLES - 000041,3,1.000000
ST. CHARLES - 000043,3,1.000000
ST. CHARLES - 000045,3,1.000000
ST. CHARLES - 000047,3,1.000000
ST. CHARLES - 000051,3,1.000000
ST. CHARLES - 000054,3,1.000000
ST. CHARLES - 000056,3,1.000000
ST. CHARLES - 000057,3,1.000000
ST. CHARLES - 000062,3,1.000000
ST. CHARLES - 000063,3,1.000000
ST. CHARLES - 000071,3,1.000000
ST. CHARLES - 000080,3,1.000000
ST. CHARLES - 000083,3,1.000000
ST. CHARLES - 000084,3,1.000000
ST. CHARLES - 000085,3,1.000000
ST. CHARLES - 000086,3,1.000000
ST. CHARLES - 000091,3,1.000000
ST. CHARLES - 000100,3,1.000000
ST. CHARLES - 000101,3,1.000000
ST. CHARLES - 000102,3,1.000000
ST. CHARLES - 000103,3,1.000000
ST. CHARLES - 000104,3,1.000000
ST. CHARLES - 000106,3,1.000000
ST. CHARLES - 000107,3,1.000000
ST. CHARLES - 000111,3,1.000000
ST. CHARLES - 000113,3,1.000000
ST. CHARLES - 000121,3,1.000000
ST. CHARLES - 000122,3,1.000000
ST. CHARLES - 000124,3,1.000000
ST. CHARLES - 000126,3,1.000000
ST. CHARLES - 000128,3,1.000000
ST. CHARLES - 000129,3,1.000000
ST. CHARLES - 000130,3,1.000000
ST. CHARLES - 000131,3,1.000000
ST. CHARLES - 000132,3,1.000000
ST. CHARLES - 000139,3,0.995238
ST. CHARLES - 000139,2,0.004762
ST. CHARLES - 000140,3,1.000000
ST. CHARLES - 000143,2,0.923810
ST. CHARLES - 000143,3,0.076190
ST. CHARLES - 000144,3,1.000000
ST. CHARLES - 000145,3,1.000000
ST. CHARLES - 000146,3,1.000000
ST. CHARLES - 000147,3,1.000000
ST. CHARLES - 000148,3,1.000000
ST. CHARLES - 000149,3,1.000000
ST. CHARLES - 000150,3,1.000000
ST. CHARLES - 000151,2,1.000000
ST. CHARLES - 000152,3,1.000000
ST. CHARLES - 000153,3,1.000000
ST. CHARLES - 000154,3,1.000000
ST. CHARLES - 000155,3,1.000000
ST. CHARLES - 000156,3,1.000000
ST. CHARLES - 000157,2,1.000000
ST. CHARLES - 000159,3,0.864286
ST. CHARLES - 000159,2,0.135714
ST. CHARLES - 000160,3,1.000000
ST. CHARLES - 000161,3,1.000000
ST. CHARLES - 000162,3,1.000000
ST. CHARLES - 000163,3,1.000000
ST. CHARLES - 000165,3,1.000000
ST. CHARLES - 000166,3,1.000000
ST. CHARLES - 000167,3,1.000000
ST. CHARLES - 000169,3,1.000000
ST. CHARLES - 000170,2,1.000000
ST. CHARLES - 000173,2,1.000000
ST. CHARLES - 000181,3,0.504762
ST. CHARLES - 000181,2,0.495238
ST. CHARLES - 000182,3,1.000000
ST. CHARLES - 000183,3,0.902381
ST. CHARLES - 000183,2,0.097619
ST. CHARLES - 000184,3,1.000000
ST. CHARLES - 000185,3,1.000000
ST. CHARLES - 000186,2,1.000000
ST. CHARLES - 000187,3,1.000000
ST. CHARLES - 000189,2,1.000000
ST. CHARLES - 000190,3,1.000000
ST. CHARLES - 000193,2,0.950000
ST. CHARLES - 000193,3,0.050000
ST. CHARLES - 000194,2,1.000000
ST. CHARLES - 000196,2,1.000000
ST. CHARLES - 000197,2,1.000000
ST. CHARLES - 000198,3,1.000000
ST. CHARLES - 000199,3,1.000000
ST. CHARLES - 000200,3,1.000000
ST. CHARLES - 000202,2,0.992857
ST. CHARLES - 000202,3,0.007143
ST. CHARLES - 000203,2,1.000000
ST. CHARLES - 000205,2,1.000000
ST. CHARLES - 000206,2,1.000000
ST. CHARLES - 000207,2,1.000000
ST. CHARLES - 000208,2,1.000000
ST. CHARLES - 000210,2,1.000000
ST. CHARLES - 000211,2,1.000000
ST. CHARLES - 000212,2,1.000000
ST. CHARLES - 000213,3,1.000000
ST. CHARLES - 000214,2,1.000000
ST. CHARLES - 000215,3,1.000000
ST. CHARLES - 000217,2,1.000000
ST. CHARLES - 000218,2,1.000000
ST. CHARLES - 000219,2,1.000000
ST. CHARLES - 000220,3,1.000000
ST. CHARLES - 000221,2,1.000000
ST. CHARLES - 000222,2,1.000000
ST. CHARLES - 000225,2,1.000000
ST. CHARLES - 000226,2,1.000000
ST. CHARLES - 000227,3,1.000000
ST. CHARLES - 000228,3,1.000000
ST. CHARLES - 000229,2,1.000000
ST. CHARLES - 000230,3,1.000000
ST. CHARLES - 000231,3,1.000000
ST. CHARLES - 000234,3,1.000000
ST. CLAIR - 000002,4,1.000000
ST. CLAIR - 000003,4,1.000000
ST. CLAIR - 000004,4,1.000000
ST. CLAIR - 000005,4,1.000000
ST. CLAIR - 000006,4,1.000000
ST. CLAIR - 000007,4,1.000000
ST. CLAIR - 000008,4,1.000000
ST. CLAIR - 000009,4,1.000000
ST. CLAIR - 000010,4,1.000000
ST. CLAIR - 000011,4,1.000000
ST. CLAIR - 000012,4,1.000000
ST. CLAIR - 000013,4,1.000000
ST. CLAIR - 000014,4,1.000000
ST. CLAIR - 000015,4,1.000000
ST. CLAIR - 000016,4,1.000000
ST. CLAIR - 000017,4,1.000000
ST. CLAIR - 000018,4,1.000000
ST. CLAIR - 000019,4,1.000000
ST. FRANCOIS - 000002,8,1.000000
ST. FRANCOIS - 000003,8,1.000000
ST. FRANCOIS - 000004,8,1.000000
ST. FRANCOIS - 000005,8,1.000000
ST. FRANCOIS - 000006,8,1.000000
ST. FRANCOIS - 000007,8,1.000000
ST. FRANCOIS - 000008,8,1.000000
ST. FRANCOIS - 000009,8,1.000000
ST. FRANCOIS - 000010,8,1.000000
ST. FRANCOIS - 000011,8,1.000000
ST. FRANCOIS - 000012,8,1.000000
ST. FRANCOIS - 000013,8,1.000000
ST. FRANCOIS - 000014,8,1.000000
ST. FRANCOIS - 000015,8,1.000000
ST. FRANCOIS - 000016,8,1.000000
ST. FRANCOIS - 000017,8,1.000000
ST. FRANCOIS - 000018,8,1.000000
ST. FRANCOIS - 000019,8,1.000000
ST. FRANCOIS - 000020,8,1.000000
ST. FRANCOIS - 000021,8,1.000000
ST. FRANCOIS - 000022,8,1.000000
ST. FRANCOIS - 000023,8,1.000000
ST. FRANCOIS - 000024,8,1.000000
ST. FRANCOIS - 000025,8,1.000000
ST. FRANCOIS - 000026,8,1.000000
ST. FRANCOIS - 000027,8,1.000000
ST. LOUIS - 000002,1,1.000000
ST. LOUIS - 000003,1,1.000000
ST. LOUIS - 000004,1,1.000000
ST. LOUIS - 000005,1,1.000000
ST. LOUIS - 000006,1,1.000000
ST. LOUIS - 000007,1,1.000000
ST. LOUIS - 000008,1,1.000000
ST. LOUIS - 000009,1,1.000000
ST. LOUIS - 000010,1,1.000000
ST. LOUIS - 000011,1,1.000000
ST. LOUIS - 000012,1,1.000000
ST. LOUIS - 000013,1,1.000000
ST. LOUIS - 000014,1,1.000000
ST. LOUIS - 000015,1,1.000000
ST. LOUIS - 000016,1,1.000000
ST. LOUIS - 000017,1,1.000000
ST. LOUIS - 000018,1,1.000000
ST. LOUIS - 000019,1,1.000000
ST. LOUIS - 000020,1,1.000000
ST. LOUIS - 000021,1,1.000000
ST. LOUIS - 000022,1,1.000000
ST. LOUIS - 000023,1,1.000000
ST. LOUIS - 000024,1,1.000000
ST. LOUIS - 000025,1,1.000000
ST. LOUIS - 000026,1,1.000000
ST. LOUIS - 000027,1,1.000000
ST. LOUIS - 000028,1,1.000000
ST. LOUIS - 000029,1,1.000000
ST. LOUIS - 000030,1,1.000000
ST. LOUIS - 000031,1,1.000000
ST. LOUIS - 000032,1,1.000000
ST. LOUIS - 000033,1,1.000000
ST. LOUIS - 000034,1,1.000000
ST. LOUIS - 000035,1,1.000000
ST. LOUIS - 000036,1,1.000000
ST. LOUIS - 000037,1,1.000000
ST. LOUIS - 000038,1,1.000000
ST. LOUIS - 000039,1,1.000000
ST. LOUIS - 000040,1,1.000000
ST. LOUIS - 000041,1,1.000000
ST. LOUIS - 000042,1,1.000000
ST. LOUIS - 000043,1,1.000000
ST. LOUIS - 000044,1,1.000000
ST. LOUIS - 000045,1,1.000000
ST. LOUIS - 000046,1,1.000000
ST. LOUIS - 000047,1,1.000000
ST. LOUIS - 000048,1,1.000000
ST. LOUIS - 000049,1,1.000000
ST. LOUIS - 000050,1,1.000000
ST. LOUIS - 000051,1,1.000000
ST. LOUIS - 000052,1,1.000000
ST. LOUIS - 000053,1,1.000000
ST. LOUIS - 000054,1,1.000000
ST. LOUIS - 000055,1,1.000000
ST. LOUIS - 000056,1,1.000000
ST. LOUIS - 000057,1,1.000000
ST. LOUIS - 000058,1,1.000000
ST. LOUIS - 000059,1,1.000000
ST. LOUIS - 000060,1,1.000000
ST. LOUIS - 000061,1,1.000000
ST. LOUIS - 000062,1,1.000000
ST. LOUIS - 000063,1,1.000000
ST. LOUIS - 000064,1,1.000000
ST. LOUIS - 000065,1,1.000000
ST. LOUIS - 000066,1,1.000000
ST. LOUIS - 000067,1,1.000000
ST. LOUIS - 000068,1,1.000000
ST. LOUIS - 000069,1,1.000000
ST. LOUIS - 000070,1,1.000000
ST. LOUIS - 000071,1,1.000000
ST. LOUIS - 000072,1,1.000000
ST. LOUIS - 000073,1,1.000000
ST. LOUIS - 000074,1,1.000000
ST. LOUIS - 000075,1,1.000000
ST. LOUIS - 000076,1,1.000000
ST. LOUIS - 000077,1,1.000000
ST. LOUIS - 000078,1,1.000000
ST. LOUIS - 000079,2,1.000000
ST. LOUIS - 000080,2,1.000000
ST. LOUIS - 000081,2,1.000000
ST. LOUIS - 000082,2,1.000000
ST. LOUIS - 000083,2,1.000000
ST. LOUIS - 000084,2,1.000000
ST. LOUIS - 000085,2,1.000000
ST. LOUIS - 000086,2,1.000000
ST. LOUIS - 000087,2,1.000000
ST. LOUIS - 000088,2,1.000000
ST. LOUIS - 000089,2,1.000000
ST. LOUIS - 000090,2,1.000000
ST. LOUIS - 000091,2,1.000000
ST. LOUIS - 000092,2,1.000000
ST. LOUIS - 000093,2,1.000000
ST. LOUIS - 000094,2,1.000000
ST. LOUIS - 000095,2,1.000000
ST. LOUIS - 000096,2,1.000000
ST. LOUIS - 000097,2,1.000000
ST. LOUIS - 000098,2,1.000000
ST. LOUIS - 000099,2,1.000000
ST. LOUIS - 000100,2,1.000000
ST. LOUIS - 000101,2,1.000000
ST. LOUIS - 000102,2,1.000000
ST. LOUIS - 000103,2,1.000000
ST. LOUIS - 000104,2,1.000000
ST. LOUIS - 000105,2,1.000000
ST. LOUIS - 000106,2,1.000000
ST. LOUIS - 000107,2,1.000000
ST. LOUIS - 000108,2,1.000000
ST. LOUIS - 000109,2,1.000000
ST. LOUIS - 000110,2,1.000000
ST. LOUIS - 000111,2,1.000000
ST. LOUIS - 000112,2,1.000000
ST. LOUIS - 000113,2,1.000000
ST. LOUIS - 000114,2,1.000000
ST. LOUIS - 000115,2,1.000000
ST. LOUIS - 000116,2,1.000000
ST. LOUIS - 000117,2,1.000000
ST. LOUIS - 000118,2,1.000000
ST. LOUIS - 000119,2,1.000000
ST. LOUIS - 000120,2,1.000000
ST. LOUIS - 000121,2,1.000000
ST. LOUIS - 000122,2,1.000000
ST. LOUIS - 000123,2,1.000000
ST. LOUIS - 000124,2,1.000000
ST. LOUIS - 000125,2,1.000000
ST. LOUIS - 000126,2,1.000000
ST. LOUIS - 000127,2,1.000000
ST. LOUIS - 000128,2,1.000000
ST. LOUIS - 000129,2,1.000000
ST. LOUIS - 000130,2,1.000000
ST. LOUIS - 000132,2,1.000000
ST. LOUIS - 000133,2,1.000000
ST. LOUIS - 000134,2,1.000000
ST. LOUIS - 000135,1,1.000000
ST. LOUIS - 000136,1,1.000000
ST. LOUIS - 000137,1,1.000000
ST. LOUIS - 000138,1,1.000000
ST. LOUIS - 000139,1,1.000000
ST. LOUIS - 000140,1,1.000000
ST. LOUIS - 000141,1,1.000000
ST. LOUIS - 000142,1,0.664286
ST. LOUIS - 000142,2,0.335714
ST. LOUIS - 000143,2,1.000000
ST. LOUIS - 000144,2,1.000000
ST. LOUIS - 000145,1,1.000000
ST. LOUIS - 000146,1,1.000000
ST. LOUIS - 000147,2,1.000000
ST. LOUIS - 000148,1,1.000000
ST. LOUIS - 000149,2,1.000000
ST. LOUIS - 000150,1,1.000000
ST. LOUIS - 000151,1,1.000000
ST. LOUIS - 000152,1,1.000000
ST. LOUIS - 000153,1,1.000000
ST. LOUIS - 000154,1,1.000000
ST. LOUIS - 000155,1,1.000000
ST. LOUIS - 000156,1,1.000000
ST. LOUIS - 000157,2,1.000000
ST. LOUIS - 000158,1,1.000000
ST. LOUIS - 000159,1,1.000000
ST. LOUIS - 000160,1,1.000000
ST. LOUIS - 000161,1,1.000000
ST. LOUIS - 000162,1,1.000000
ST. LOUIS - 000163,1,1.000000
ST. LOUIS - 000164,1,1.000000
ST. LOUIS - 000165,2,1.000000
ST. LOUIS - 000166,1,1.000000
ST. LOUIS - 000167,1,1.000000
ST. LOUIS - 000168,1,1.000000
ST. LOUIS - 000169,2,1.000000
ST. LOUIS - 000170,1,1.000000
ST. LOUIS - 000171,1,1.000000
ST. LOUIS - 000172,1,1.000000
ST. LOUIS - 000173,1,1.000000
ST. LOUIS - 000174,1,1.000000
ST. LOUIS - 000175,1,1.000000
ST. LOUIS - 000176,1,1.000000
ST. LOUIS - 000177,1,1.000000
ST. LOUIS - 000178,1,1.000000
ST. LOUIS - 000179,1,1.000000
ST. LOUIS - 000180,1,1.000000
ST. LOUIS - 000181,1,1.000000
ST. LOUIS - 000182,2,1.000000
ST. LOUIS - 000183,1,1.000000
ST. LOUIS - 000184,2,1.000000
ST. LOUIS - 000185,1,1.000000
ST. LOUIS - 000186,1,1.000000
ST. LOUIS - 000187,1,1.000000
ST. LOUIS - 000188,2,1.000000
ST. LOUIS - 000189,1,1.000000
ST. LOUIS - 000190,1,1.000000
ST. LOUIS - 000191,1,1.000000
ST. LOUIS - 000192,1,1.000000
ST. LOUIS - 000193,1,1.000000
ST. LOUIS - 000194,1,1.000000
ST. LOUIS - 000195,1,1.000000
ST. LOUIS - 000196,1,1.000000
ST. LOUIS - 000197,1,1.000000
ST. LOUIS - 000198,1,1.000000
ST. LOUIS - 000199,1,1.000000
ST. LOUIS - 000200,1,1.000000
ST. LOUIS - 000201,1,1.000000
ST. LOUIS - 000202,1,1.000000
ST. LOUIS - 000203,1,1.000000
ST. LOUIS - 000204,1,1.000000
ST. LOUIS - 000205,1,1.000000
ST. LOUIS - 000206,1,1.000000
ST. LOUIS - 000207,1,1.000000
ST. LOUIS - 000208,1,1.000000
ST. LOUIS - 000209,1,1.000000
ST. LOUIS - 000210,2,1.000000
ST. LOUIS - 000211,1,1.000000
ST. LOUIS - 000212,1,1.000000
ST. LOUIS - 000213,1,1.000000
ST. LOUIS - 000214,1,1.000000
ST. LOUIS - 000215,1,1.000000
ST. LOUIS - 000216,2,1.000000
ST. LOUIS - 000217,2,1.000000
ST. LOUIS - 000218,2,1.000000
ST. LOUIS - 000219,2,1.000000
ST. LOUIS - 000220,2,1.000000
ST. LOUIS - 000221,2,1.000000
ST. LOUIS - 000222,2,1.000000
ST. LOUIS - 000223,2,1.000000
ST. LOUIS - 000224,2,1.000000
ST. LOUIS - 000225,2,1.000000
ST. LOUIS - 000226,2,1.000000
ST. LOUIS - 000227,2,1.000000
ST. LOUIS - 000228,2,1.000000
ST. LOUIS - 000229,2,1.000000
ST. LOUIS - 000230,2,1.000000
ST. LOUIS - 000231,2,1.000000
ST. LOUIS - 000232,2,1.000000
ST. LOUIS - 000233,2,1.000000
ST. LOUIS - 000234,2,1.000000
ST. LOUIS - 000235,2,1.000000
ST. LOUIS - 000236,2,1.000000
ST. LOUIS - 000237,2,1.000000
ST. LOUIS - 000238,2,1.000000
ST. LOUIS - 000239,2,1.000000
ST. LOUIS - 000240,2,1.000000
ST. LOUIS - 000241,2,1.000000
ST. LOUIS - 000242,2,1.000000
ST. LOUIS - 000243,2,1.000000
ST. LOUIS - 000244,2,1.000000
ST. LOUIS - 000245,2,1.000000
ST. LOUIS - 000246,2,1.000000
ST. LOUIS - 000247,2,1.000000
ST. LOUIS - 000248,2,1.000000
ST. LOUIS - 000249,2,1.000000
ST. LOUIS - 000250,2,1.000000
ST. LOUIS - 000251,2,1.000000
ST. LOUIS - 000252,2,1.000000
ST. LOUIS - 000253,2,1.000000
ST. LOUIS - 000254,2,1.000000
ST. LOUIS - 000255,2,1.000000
ST. LOUIS - 000256,2,1.000000
ST. LOUIS - 000257,2,1.000000
ST. LOUIS - 000258,2,1.000000
ST. LOUIS - 000259,2,1.000000
ST. LOUIS - 000260,2,1.000000
ST. LOUIS - 000261,2,1.000000
ST. LOUIS - 000262,2,1.000000
ST. LOUIS - 000263,2,1.000000
ST. LOUIS - 000264,2,1.000000
ST. LOUIS - 000265,2,1.000000
ST. LOUIS - 000266,2,1.000000
ST. LOUIS - 000267,2,1.000000
ST. LOUIS - 000268,2,1.000000
ST. LOUIS - 000269,2,1.000000
ST. LOUIS - 000270,2,1.000000
ST. LOUIS - 000271,2,1.000000
ST. LOUIS - 000272,2,1.000000
ST. LOUIS - 000273,2,1.000000
ST. LOUIS - 000274,2,1.000000
ST. LOUIS - 000275,2,1.000000
ST. LOUIS - 000276,2,1.000000
ST. LOUIS - 000277,2,1.000000
ST. LOUIS - 000278,1,1.000000
ST. LOUIS - 000279,1,1.000000
ST. LOUIS - 000280,1,1.000000
ST. LOUIS - 000281,1,1.000000
ST. LOUIS - 000282,1,1.000000
ST. LOUIS - 000283,2,1.000000
ST. LOUIS - 000284,1,0.650000
ST. LOUIS - 000284,2,0.350000
ST. LOUIS - 000285,1,1.000000
ST. LOUIS - 000286,1,1.000000
ST. LOUIS - 000287,1,1.000000
ST. LOUIS - 000288,1,1.000000
ST. LOUIS - 000289,2,1.000000
ST. LOUIS - 000290,2,0.588095
ST. LOUIS - 000290,1,0.411905
ST. LOUIS - 000291,1,1.000000
ST. LOUIS - 000292,2,1.000000
ST. LOUIS - 000293,2,1.000000
ST. LOUIS - 000294,1,1.000000
ST. LOUIS - 000295,2,1.000000
ST. LOUIS - 000296,1,1.000000
ST. LOUIS - 000297,1,1.000000
ST. LOUIS - 000298,1,1.000000
ST. LOUIS - 000299,1,0.957143
ST. LOUIS - 000299,2,0.042857
ST. LOUIS - 000300,2,1.000000
ST. LOUIS - 000301,2,1.000000
ST. LOUIS - 000302,2,1.000000
ST. LOUIS - 000303,1,0.995238
ST. LOUIS - 000303,2,0.004762
ST. LOUIS - 000304,2,0.790476
ST. LOUIS - 000304,1,0.209524
ST. LOUIS - 000305,2,1.000000
ST. LOUIS - 000306,2,0.938095
ST. LOUIS - 000306,1,0.061905
ST. LOUIS - 000307,2,1.000000
ST. LOUIS - 000308,2,0.697619
ST. LOUIS - 000308,1,0.302381
ST. LOUIS - 000309,1,1.000000
ST. LOUIS - 000310,2,1.000000
ST. LOUIS - 000311,1,0.964286
ST. LOUIS - 000311,2,0.035714
ST. LOUIS - 000312,2,1.000000
ST. LOUIS - 000313,2,1.000000
ST. LOUIS - 000314,1,1.000000
ST. LOUIS - 000315,1,1.000000
ST. LOUIS - 000316,2,1.000000
ST. LOUIS - 000317,1,1.000000
ST. LOUIS - 000318,1,1.000000
ST. LOUIS - 000319,1,1.000000
ST. LOUIS - 000320,1,1.000000
ST. LOUIS - 000321,2,0.745238
ST. LOUIS - 000321,1,0.254762
ST. LOUIS - 000322,1,1.000000
ST. LOUIS - 000323,1,1.000000
ST. LOUIS - 000324,1,1.000000
ST. LOUIS - 000325,1,1.000000
ST. LOUIS - 000326,1,1.000000
ST. LOUIS - 000327,1,1.000000
ST. LOUIS - 000328,1,1.000000
ST. LOUIS - 000329,1,1.000000
ST. LOUIS - 000330,1,1.000000
ST. LOUIS - 000331,2,1.000000
ST. LOUIS - 000332,1,1.000000
ST. LOUIS - 000333,2,1.000000
ST. LOUIS - 000334,2,1.000000
ST. LOUIS - 000335,1,1.000000
ST. LOUIS - 000336,1,1.000000
ST. LOUIS - 000337,1,1.000000
ST. LOUIS - 000338,1,1.000000
ST. LOUIS - 000339,1,1.000000
ST. LOUIS - 000340,1,1.000000
ST. LOUIS - 000341,1,1.000000
ST. LOUIS - 000342,1,1.000000
ST. LOUIS - 000343,1,1.000000
ST. LOUIS - 000344,1,0.988095
ST. LOUIS - 000344,2,0.011905
ST. LOUIS - 000345,2,1.000000
ST. LOUIS - 000346,2,1.000000
ST. LOUIS - 000347,2,1.000000
ST. LOUIS - 000348,2,1.000000
ST. LOUIS - 000349,2,1.000000
ST. LOUIS - 000350,2,1.000000
ST. LOUIS - 000351,2,1.000000
ST. LOUIS - 000352,2,1.000000
ST. LOUIS - 000353,2,1.000000
ST. LOUIS - 000354,2,1.000000
ST. LOUIS - 000355,2,1.000000
ST. LOUIS - 000356,2,1.000000
ST. LOUIS - 000357,2,1.000000
ST. LOUIS - 000358,2,1.000000
ST. LOUIS - 000359,2,1.000000
ST. LOUIS - 000360,2,1.000000
ST. LOUIS - 000361,2,1.000000
ST. LOUIS - 000362,2,1.000000
ST. LOUIS - 000363,2,1.000000
ST. LOUIS - 000364,2,1.000000
ST. LOUIS - 000365,2,1.000000
ST. LOUIS - 000366,2,1.000000
ST. LOUIS - 000367,2,1.000000
ST. LOUIS - 000368,2,1.000000
ST. LOUIS - 000369,2,1.000000
ST. LOUIS - 000370,2,1.000000
ST. LOUIS - 000371,2,1.000000
ST. LOUIS - 000372,2,1.000000
ST. LOUIS - 000373,2,1.000000
ST. LOUIS - 000374,2,1.000000
ST. LOUIS - 000375,2,1.000000
ST. LOUIS - 000376,2,1.000000
ST. LOUIS - 000377,2,1.000000
ST. LOUIS - 000378,2,1.000000
ST. LOUIS - 000379,2,1.000000
ST. LOUIS - 000380,2,1.000000
ST. LOUIS - 000381,2,1.000000
ST. LOUIS - 000382,2,1.000000
ST. LOUIS - 000383,2,1.000000
ST. LOUIS - 000384,2,1.000000
ST. LOUIS - 000385,2,1.000000
ST. LOUIS - 000386,2,1.000000
ST. LOUIS - 000387,2,1.000000
ST. LOUIS - 000388,2,1.000000
ST. LOUIS - 000389,2,1.000000
ST. LOUIS - 000390,2,1.000000
ST. LOUIS - 000391,2,1.000000
ST. LOUIS - 000392,2,1.000000
ST. LOUIS - 000393,2,1.000000
ST. LOUIS - 000394,2,1.000000
ST. LOUIS - 000395,2,1.000000
ST. LOUIS - 000396,2,1.000000
ST. LOUIS - 000397,2,1.000000
ST. LOUIS - 000398,2,1.000000
ST. LOUIS - 000399,2,1.000000
ST. LOUIS - 000400,2,1.000000
ST. LOUIS - 000401,2,1.000000
ST. LOUIS - 000402,1,1.000000
ST. LOUIS - 000403,1,1.000000
ST. LOUIS - 000404,1,1.000000
ST. LOUIS - 000405,1,1.000000
ST. LOUIS - 000406,1,1.000000
ST. LOUIS - 000407,1,1.000000
ST. LOUIS - 000408,1,1.000000
ST. LOUIS - 000409,1,1.000000
ST. LOUIS - 000410,1,1.000000
ST. LOUIS - 000411,1,1.000000
ST. LOUIS - 000412,1,1.000000
ST. LOUIS - 000413,1,1.000000
ST. LOUIS - 000414,1,1.000000
ST. LOUIS - 000415,1,1.000000
ST. LOUIS - 000416,1,1.000000
ST. LOUIS - 000417,1,1.000000
ST. LOUIS - 000418,1,1.000000
ST. LOUIS - 000419,1,1.000000
ST. LOUIS - 000420,1,1.000000
ST. LOUIS - 000421,1,1.000000
ST. LOUIS - 000422,1,1.000000
ST. LOUIS - 000423,1,1.000000
ST. LOUIS - 000424,1,1.000000
ST. LOUIS - 000425,1,1.000000
ST. LOUIS - 000426,1,1.000000
ST. LOUIS - 000427,1,1.000000
ST. LOUIS - 000428,1,1.000000
ST. LOUIS - 000429,1,1.000000
ST. LOUIS - 000430,1,1.000000
ST. LOUIS - 000431,1,1.000000
ST. LOUIS - 000432,1,1.000000
ST. LOUIS - 000433,1,1.000000
ST. LOUIS - 000434,1,1.000000
ST. LOUIS - 000435,1,1.000000
ST. LOUIS - 000436,1,1.000000
ST. LOUIS - 000437,1,1.000000
ST. LOUIS - 000438,1,1.000000
ST. LOUIS - 000439,1,1.000000
ST. LOUIS - 000440,1,1.000000
ST. LOUIS - 000441,1,1.000000
ST. LOUIS - 000442,1,1.000000
ST. LOUIS - 000443,1,1.000000
ST. LOUIS - 000444,1,1.000000
ST. LOUIS - 000445,1,1.000000
ST. LOUIS - 000446,1,1.000000
ST. LOUIS - 000447,1,1.000000
ST. LOUIS - 000448,1,1.000000
ST. LOUIS - 000449,1,1.000000
ST. LOUIS - 000450,1,1.000000
ST. LOUIS - 000451,1,1.000000
ST. LOUIS - 000452,1,1.000000
ST. LOUIS - 000453,1,1.000000
ST. LOUIS - 000454,1,1.000000
ST. LOUIS - 000455,1,1.000000
ST. LOUIS - 000456,1,1.000000
ST. LOUIS - 000457,1,1.000000
ST. LOUIS - 000458,1,1.000000
ST. LOUIS - 000459,1,1.000000
ST. LOUIS - 000460,1,1.000000
ST. LOUIS - 000461,1,1.000000
ST. LOUIS - 000462,1,1.000000
ST. LOUIS - 000463,1,1.000000
ST. LOUIS - 000464,1,1.000000
ST. LOUIS - 000465,1,1.000000
ST. LOUIS - 000466,1,1.000000
ST. LOUIS - 000467,1,1.000000
ST. LOUIS - 000468,1,1.000000
ST. LOUIS - 000469,1,1.000000
ST. LOUIS - 000470,1,1.000000
ST. LOUIS - 000471,1,1.000000
ST. LOUIS - 000472,1,1.000000
ST. LOUIS - 000473,1,1.000000
ST. LOUIS - 000474,1,1.000000
ST. LOUIS - 000475,1,1.000000
ST. LOUIS - 000476,1,1.000000
ST. LOUIS - 000477,1,1.000000
ST. LOUIS - 000478,1,1.000000
ST. LOUIS - 000479,1,1.000000
ST. LOUIS - 000480,1,1.000000
ST. LOUIS - 000481,1,1.000000
ST. LOUIS - 000482,1,1.000000
ST. LOUIS - 000483,1,1.000000
ST. LOUIS - 000484,1,1.000000
ST. LOUIS - 000485,1,1.000000
ST. LOUIS - 000486,1,1.000000
ST. LOUIS - 000487,1,1.000000
ST. LOUIS - 000488,1,1.000000
ST. LOUIS - 000489,1,1.000000
ST. LOUIS - 000490,1,1.000000
ST. LOUIS - 000491,1,1.000000
ST. LOUIS - 000492,1,1.000000
ST. LOUIS - 000493,1,1.000000
ST. LOUIS - 000494,1,1.000000
ST. LOUIS - 000495,1,1.000000
ST. LOUIS - 000496,1,1.000000
ST. LOUIS - 000497,1,1.000000
ST. LOUIS - 000498,1,1.000000
ST. LOUIS - 000499,1,1.000000
ST. LOUIS - 000500,1,1.000000
ST. LOUIS - 000501,1,1.000000
ST. LOUIS - 000502,1,1.000000
ST. LOUIS - 000503,2,1.000000
ST. LOUIS - 000504,2,1.000000
ST. LOUIS - 000505,2,1.000000
ST. LOUIS - 000506,2,1.000000
ST. LOUIS - 000507,2,1.000000
ST. LOUIS - 000508,2,1.000000
ST. LOUIS - 000509,2,1.000000
ST. LOUIS - 000510,2,1.000000
ST. LOUIS - 000511,2,1.000000
ST. LOUIS - 000512,2,1.000000
ST. LOUIS - 000513,2,1.000000
ST. LOUIS - 000514,2,1.000000
ST. LOUIS - 000515,2,1.000000
ST. LOUIS - 000516,2,1.000000
ST. LOUIS - 000517,2,1.000000
ST. LOUIS - 000518,2,1.000000
ST. LOUIS - 000519,2,1.000000
ST. LOUIS - 000520,2,1.000000
ST. LOUIS - 000521,2,1.000000
ST. LOUIS - 000522,2,1.000000
ST. LOUIS - 000523,2,1.000000
ST. LOUIS - 000524,2,1.000000
ST. LOUIS - 000525,2,1.000000
ST. LOUIS - 000526,2,1.000000
ST. LOUIS - 000527,2,0.990476
ST. LOUIS - 000527,1,0.009524
ST. LOUIS - 000528,2,1.000000
ST. LOUIS - 000529,2,1.000000
ST. LOUIS - 000530,2,1.000000
ST. LOUIS - 000531,2,1.000000
ST. LOUIS - 000532,2,1.000000
ST. LOUIS - 000533,2,1.000000
ST. LOUIS - 000534,2,1.000000
ST. LOUIS - 000535,2,1.000000
ST. LOUIS - 000536,2,1.000000
ST. LOUIS - 000537,2,1.000000
ST. LOUIS - 000538,2,1.000000
ST. LOUIS - 000539,2,1.000000
ST. LOUIS - 000540,2,0.954762
ST. LOUIS - 000540,1,0.045238
ST. LOUIS - 000541,2,1.000000
ST. LOUIS - 000542,2,1.000000
ST. LOUIS - 000543,2,1.000000
ST. LOUIS - 000544,2,1.000000
ST. LOUIS - 000545,2,1.000000
ST. LOUIS - 000546,2,1.000000
ST. LOUIS - 000547,2,1.000000
ST. LOUIS - 000548,2,1.000000
ST. LOUIS - 000549,2,1.000000
ST. LOUIS - 000550,2,1.000000
ST. LOUIS - 000551,2,1.000000
ST. LOUIS - 000552,2,1.000000
ST. LOUIS - 000553,2,1.000000
ST. LOUIS - 000554,2,1.000000
ST. LOUIS - 000555,2,1.000000
ST. LOUIS - 000556,2,1.000000
ST. LOUIS - 000557,2,1.000000
ST. LOUIS - 000558,2,1.000000
ST. LOUIS - 000559,2,1.000000
ST. LOUIS - 000560,2,1.000000
ST. LOUIS - 000561,2,1.000000
ST. LOUIS - 000562,2,1.000000
ST. LOUIS - 000563,2,1.000000
ST. LOUIS - 000564,2,1.000000
ST. LOUIS - 000565,1,1.000000
ST. LOUIS - 000566,1,1.000000
ST. LOUIS - 000567,1,1.000000
ST. LOUIS - 000568,1,1.000000
ST. LOUIS - 000569,1,1.000000
ST. LOUIS - 000570,1,1.000000
ST. LOUIS - 000571,1,1.000000
ST. LOUIS - 000572,1,1.000000
ST. LOUIS - 000573,1,1.000000
ST. LOUIS - 000574,1,1.000000
ST. LOUIS - 000575,1,1.000000
ST. LOUIS - 000576,1,1.000000
ST. LOUIS - 000577,1,1.000000
ST. LOUIS - 000578,1,1.000000
ST. LOUIS - 000579,1,1.000000
ST. LOUIS - 000580,1,1.000000
ST. LOUIS - 000581,1,1.000000
ST. LOUIS - 000582,1,1.000000
ST. LOUIS - 000583,2,1.000000
ST. LOUIS - 000584,2,1.000000
ST. LOUIS - 000585,1,1.000000
ST. LOUIS - 000586,2,1.000000
ST. LOUIS - 000587,2,1.000000
ST. LOUIS - 000588,1,0.966667
ST. LOUIS - 000588,2,0.033333
ST. LOUIS - 000589,2,1.000000
ST. LOUIS - 000590,1,1.000000
ST. LOUIS - 000591,2,1.000000
ST. LOUIS - 000592,2,1.000000
ST. LOUIS - 000593,2,1.000000
ST. LOUIS - 000594,2,1.000000
ST. LOUIS - 000595,2,1.000000
ST. LOUIS - 000596,2,1.000000
ST. LOUIS - 000597,2,1.000000
ST. LOUIS - 000598,2,1.000000
ST. LOUIS - 000599,2,1.000000
ST. LOUIS - 000600,1,1.000000
ST. LOUIS - 000601,1,1.000000
ST. LOUIS - 000602,1,1.000000
ST. LOUIS - 000603,2,1.000000
ST. LOUIS - 000604,2,1.000000
ST. LOUIS - 000605,2,1.000000
ST. LOUIS - 000606,2,1.000000
ST. LOUIS - 000607,2,1.000000
ST. LOUIS - 000608,2,0.990476
ST. LOUIS - 000608,1,0.009524
ST. LOUIS - 000609,2,1.000000
ST. LOUIS - 000610,1,0.007143
ST. LOUIS - 000610,2,0.992857
ST. LOUIS - 000611,2,1.000000
ST. LOUIS - 000612,2,1.000000
ST. LOUIS - 000613,2,1.000000
ST. LOUIS - 000614,2,1.000000
ST. LOUIS - 000615,1,1.000000
ST. LOUIS - 000616,1,0.652381
ST. LOUIS - 000616,2,0.347619
ST. LOUIS - 000617,2,1.000000
ST. LOUIS - 000618,1,1.000000
ST. LOUIS - 000619,2,1.000000
ST. LOUIS - 000620,1,0.892857
ST. LOUIS - 000620,2,0.107143
ST. LOUIS - 000621,1,1.000000
ST. LOUIS - 000622,1,1.000000
ST. LOUIS - 000623,2,1.000000
ST. LOUIS - 000624,1,1.000000
ST. LOUIS - 000625,1,1.000000
ST. LOUIS - 000626,1,1.000000
ST. LOUIS - 000627,1,1.000000
ST. LOUIS - 000628,1,1.000000
ST. LOUIS - 000629,1,1.000000
ST. LOUIS - 000630,1,1.000000
ST. LOUIS - 000631,2,1.000000
ST. LOUIS - 000632,2,0.869048
ST. LOUIS - 000632,1,0.130952
ST. LOUIS - 000633,2,1.000000
ST. LOUIS - 000634,2,1.000000
ST. LOUIS - 000635,2,1.000000
ST. LOUIS - 000636,2,1.000000
ST. LOUIS - 000637,1,1.000000
ST. LOUIS - 000638,1,1.000000
ST. LOUIS - 000639,2,1.000000
ST. LOUIS - 000640,2,1.000000
ST. LOUIS - 000641,2,1.000000
ST. LOUIS - 000642,1,1.000000
ST. LOUIS - 000643,2,1.000000
ST. LOUIS - 000644,2,1.000000
ST. LOUIS - 000645,2,1.000000
ST. LOUIS - 000646,2,1.000000
ST. LOUIS - 000647,2,1.000000
ST. LOUIS - 000648,2,1.000000
ST. LOUIS - 000649,1,1.000000
ST. LOUIS - 000650,1,1.000000
ST. LOUIS - 000651,2,1.000000
ST. LOUIS - 000652,2,1.000000
ST. LOUIS - 000653,2,1.000000
ST. LOUIS - 000654,2,1.000000
ST. LOUIS - 000655,2,1.000000
ST. LOUIS - 000656,2,1.000000
ST. LOUIS - 000657,2,1.000000
ST. LOUIS - 000658,2,1.000000
ST. LOUIS - 000659,2,1.000000
ST. LOUIS - 000660,2,1.000000
ST. LOUIS - 000661,2,1.000000
ST. LOUIS - 000662,2,1.000000
ST. LOUIS - 000663,2,1.000000
ST. LOUIS - 000664,2,1.000000
ST. LOUIS - 000665,2,1.000000
ST. LOUIS - 000666,2,1.000000
ST. LOUIS - 000667,2,1.000000
ST. LOUIS - 000668,2,1.000000
ST. LOUIS - 000669,2,1.000000
ST. LOUIS - 000670,2,1.000000
ST. LOUIS - 000671,2,1.000000
ST. LOUIS - 000672,2,1.000000
ST. LOUIS - 000673,2,1.000000
ST. LOUIS - 000674,2,1.000000
ST. LOUIS - 000675,2,1.000000
ST. LOUIS - 000676,2,1.000000
ST. LOUIS - 000677,2,1.000000
ST. LOUIS - 000678,2,1.000000
ST. LOUIS - 000679,2,1.000000
ST. LOUIS - 000680,2,1.000000
ST. LOUIS - 000681,2,1.000000
ST. LOUIS - 000682,2,1.000000
ST. LOUIS - 000683,2,1.000000
ST. LOUIS - 000684,2,1.000000
ST. LOUIS - 000685,2,1.000000
ST. LOUIS - 000686,2,1.000000
ST. LOUIS - 000687,2,1.000000
ST. LOUIS - 000688,2,1.000000
ST. LOUIS - 000689,2,1.000000
ST. LOUIS - 000690,2,1.000000
ST. LOUIS - 000691,2,1.000000
ST. LOUIS - 000692,2,1.000000
ST. LOUIS - 000693,2,1.000000
ST. LOUIS - 000694,2,1.000000
ST. LOUIS - 000695,2,1.000000
ST. LOUIS - 000696,2,1.000000
ST. LOUIS - 000697,2,1.000000
ST. LOUIS - 000698,2,1.000000
ST. LOUIS - 000699,2,1.000000
ST. LOUIS - 000700,2,1.000000
ST. LOUIS - 000701,2,1.000000
ST. LOUIS - 000702,1,1.000000
ST. LOUIS - 000703,1,1.000000
ST. LOUIS - 000704,1,1.000000
ST. LOUIS - 000705,1,1.000000
ST. LOUIS - 000706,1,1.000000
ST. LOUIS - 000707,1,1.000000
ST. LOUIS - 000708,1,1.000000
ST. LOUIS - 000709,1,1.000000
ST. LOUIS - 000710,1,1.000000
ST. LOUIS - 000711,1,1.000000
ST. LOUIS - 000712,1,1.000000
ST. LOUIS - 000713,1,1.000000
ST. LOUIS - 000714,1,1.000000
ST. LOUIS - 000715,1,1.000000
ST. LOUIS - 000716,1,1.000000
ST. LOUIS - 000717,1,1.000000
ST. LOUIS - 000718,1,1.000000
ST. LOUIS - 000719,1,1.000000
ST. LOUIS - 000720,1,1.000000
ST. LOUIS - 000721,1,1.000000
ST. LOUIS - 000722,1,1.000000
ST. LOUIS - 000723,1,1.000000
ST. LOUIS - 000724,1,1.000000
ST. LOUIS - 000725,1,1.000000
ST. LOUIS - 000726,1,1.000000
ST. LOUIS - 000727,1,1.000000
ST. LOUIS - 000728,1,1.000000
ST. LOUIS - 000729,1,1.000000
ST. LOUIS - 000730,1,1.000000
ST. LOUIS - 000731,1,1.000000
ST. LOUIS - 000732,1,1.000000
ST. LOUIS - 000733,1,1.000000
ST. LOUIS - 000734,1,1.000000
ST. LOUIS - 000735,1,1.000000
ST. LOUIS - 000736,1,1.000000
ST. LOUIS - 000737,1,1.000000
ST. LOUIS - 000738,1,1.000000
ST. LOUIS - 000739,1,1.000000
ST. LOUIS - 000740,1,1.000000
ST. LOUIS - 000741,1,1.000000
ST. LOUIS - 000742,1,1.000000
ST. LOUIS - 000743,1,1.000000
ST. LOUIS - 000744,1,1.000000
ST. LOUIS - 000745,2,1.000000
ST. LOUIS - 000746,2,1.000000
ST. LOUIS - 000747,2,1.000000
ST. LOUIS - 000748,2,1.000000
ST. LOUIS - 000749,2,1.000000
ST. LOUIS - 000750,2,1.000000
ST. LOUIS - 000751,2,1.000000
ST. LOUIS - 000752,2,1.000000
ST. LOUIS - 000753,2,1.000000
ST. LOUIS - 000754,2,1.000000
ST. LOUIS - 000755,2,1.000000
ST. LOUIS - 000756,2,1.000000
ST. LOUIS - 000757,2,1.000000
ST. LOUIS - 000758,2,1.000000
ST. LOUIS - 000759,2,1.000000
ST. LOUIS - 000760,2,1.000000
ST. LOUIS - 000761,2,1.000000
ST. LOUIS - 000762,2,1.000000
ST. LOUIS - 000763,2,1.000000
ST. LOUIS - 000764,2,1.000000
ST. LOUIS - 000765,2,1.000000
ST. LOUIS - 000766,2,1.000000
ST. LOUIS - 000767,2,1.000000
ST. LOUIS - 000768,2,1.000000
ST. LOUIS - 000769,2,1.000000
ST. LOUIS - 000770,2,1.000000
ST. LOUIS - 000771,2,1.000000
ST. LOUIS - 000772,2,1.000000
ST. LOUIS - 000773,2,1.000000
ST. LOUIS - 000774,2,1.000000
ST. LOUIS - 000775,2,1.000000
ST. LOUIS - 000776,2,1.000000
ST. LOUIS - 000777,2,1.000000
ST. LOUIS - 000778,2,1.000000
ST. LOUIS - 000779,2,1.000000
ST. LOUIS - 000780,2,1.000000
ST. LOUIS - 000781,2,1.000000
ST. LOUIS - 000782,2,1.000000
ST. LOUIS - 000783,2,1.000000
ST. LOUIS - 000784,2,1.000000
ST. LOUIS - 000785,2,1.000000
ST. LOUIS - 000786,2,1.000000
ST. LOUIS - 000787,2,1.000000
ST. LOUIS - 000788,2,1.000000
ST. LOUIS - 000789,2,1.000000
ST. LOUIS - 000790,2,1.000000
ST. LOUIS - 000791,2,1.000000
ST. LOUIS - 000792,2,1.000000
ST. LOUIS - 000793,2,1.000000
ST. LOUIS - 000794,2,1.000000
ST. LOUIS - 000795,2,1.000000
ST. LOUIS - 000796,2,1.000000
ST. LOUIS - 000797,2,1.000000
ST. LOUIS - 000798,2,1.000000
ST. LOUIS - 000799,2,1.000000
ST. LOUIS - 000800,2,1.000000
ST. LOUIS - 000801,2,1.000000
ST. LOUIS - 000802,2,1.000000
ST. LOUIS - 000803,2,1.000000
ST. LOUIS - 000804,2,1.000000
ST. LOUIS - 000805,2,1.000000
ST. LOUIS - 000806,2,1.000000
ST. LOUIS - 000807,2,1.000000
ST. LOUIS - 000808,2,1.000000
ST. LOUIS - 000809,2,1.000000
ST. LOUIS - 000810,2,1.000000
ST. LOUIS - 000811,2,1.000000
ST. LOUIS - 000812,2,1.000000
ST. LOUIS - 000813,2,1.000000
ST. LOUIS - 000814,2,1.000000
ST. LOUIS - 000815,2,1.000000
ST. LOUIS - 000816,2,1.000000
ST. LOUIS - 000817,2,0.995238
ST. LOUIS - 000817,3,0.004762
ST. LOUIS - 000818,2,1.000000
ST. LOUIS - 000819,2,1.000000
ST. LOUIS - 000820,2,1.000000
ST. LOUIS - 000821,2,1.000000
ST. LOUIS - 000822,2,1.000000
ST. LOUIS - 000823,2,1.000000
ST. LOUIS - 000824,2,1.000000
ST. LOUIS - 000825,2,1.000000
ST. LOUIS - 000826,2,1.000000
ST. LOUIS - 000827,2,1.000000
ST. LOUIS - 000828,2,1.000000
ST. LOUIS - 000829,2,1.000000
ST. LOUIS - 000830,2,1.000000
ST. LOUIS - 000831,2,1.000000
ST. LOUIS - 000832,2,1.000000
ST. LOUIS - 000833,2,1.000000
ST. LOUIS - 000834,2,1.000000
ST. LOUIS - 000835,2,1.000000
ST. LOUIS - 000836,2,1.000000
ST. LOUIS - 000837,2,1.000000
ST. LOUIS - 000838,2,1.000000
ST. LOUIS - 000839,2,1.000000
ST. LOUIS - 000840,2,1.000000
ST. LOUIS - 000841,2,1.000000
ST. LOUIS - 000842,2,1.000000
ST. LOUIS - 000843,2,1.000000
ST. LOUIS - 000844,2,1.000000
ST. LOUIS - 000845,2,1.000000
ST. LOUIS - 000846,2,1.000000
ST. LOUIS - 000847,2,1.000000
ST. LOUIS - 000848,2,1.000000
ST. LOUIS - 000849,2,1.000000
ST. LOUIS - 000850,2,1.000000
ST. LOUIS - 000851,2,1.000000
ST. LOUIS - 000852,2,1.000000
ST. LOUIS - 000853,2,1.000000
ST. LOUIS - 000854,2,1.000000
ST. LOUIS - 000855,2,1.000000
ST. LOUIS - 000856,2,1.000000
ST. LOUIS - 000857,2,1.000000
ST. LOUIS - 000858,2,1.000000
ST. LOUIS - 000859,2,1.000000
ST. LOUIS - 000860,2,1.000000
ST. LOUIS - 000862,2,1.000000
ST. LOUIS - 000863,2,1.000000
ST. LOUIS - 000864,2,1.000000
ST. LOUIS - 000865,2,1.000000
ST. LOUIS - 000866,2,1.000000
ST. LOUIS - 000867,2,1.000000
ST. LOUIS - 000868,2,1.000000
ST. LOUIS - 000869,1,1.000000
ST. LOUIS - 000870,2,1.000000
ST. LOUIS - 000871,1,1.000000
ST. LOUIS - 000872,1,1.000000
ST. LOUIS - 000873,2,1.000000
ST. LOUIS - 000874,1,1.000000
ST. LOUIS - 000875,1,1.000000
ST. LOUIS - 000876,2,0.476190
ST. LOUIS - 000876,1,0.523810
ST. LOUIS - 000877,1,1.000000
ST. LOUIS - 000878,1,1.000000
ST. LOUIS - 000879,1,1.000000
ST. LOUIS - 000880,2,1.000000
ST. LOUIS - 000881,2,1.000000
ST. LOUIS - 000882,1,1.000000
ST. LOUIS - 000883,2,0.911905
ST. LOUIS - 000883,1,0.088095
ST. LOUIS - 000884,2,1.000000
ST. LOUIS - 000885,2,1.000000
ST. LOUIS - 000886,1,1.000000
ST. LOUIS - 000887,2,1.000000
ST. LOUIS - 000888,2,1.000000
ST. LOUIS - 000889,1,1.000000
ST. LOUIS - 000890,2,1.000000
ST. LOUIS - 000891,2,1.000000
ST. LOUIS - 000892,2,1.000000
ST. LOUIS - 000893,2,1.000000
ST. LOUIS - 000894,1,1.000000
ST. LOUIS - 000895,2,0.916667
ST. LOUIS - 000895,1,0.083333
ST. LOUIS - 000896,2,1.000000
ST. LOUIS - 000897,2,1.000000
ST. LOUIS - 000898,2,1.000000
ST. LOUIS - 000899,2,1.000000
ST. LOUIS - 000900,2,1.000000
ST. LOUIS - 000901,1,0.828571
ST. LOUIS - 000901,2,0.171429
ST. LOUIS - 000902,2,1.000000
ST. LOUIS - 000903,2,1.000000
ST. LOUIS - 000904,1,1.000000
ST. LOUIS - 000905,1,0.133333
ST. LOUIS - 000905,2,0.866667
ST. LOUIS - 000906,2,1.000000
ST. LOUIS - 000907,1,1.000000
ST. LOUIS - 000908,1,1.000000
ST. LOUIS - 000909,1,1.000000
ST. LOUIS - 000910,2,1.000000
ST. LOUIS - 000911,1,1.000000
ST. LOUIS - 000912,1,1.000000
ST. LOUIS - 000913,1,1.000000
ST. LOUIS - 000914,2,1.000000
ST. LOUIS - 000915,1,1.000000
ST. LOUIS - 000916,2,1.000000
ST. LOUIS - 000917,2,1.000000
ST. LOUIS - 000918,2,1.000000
ST. LOUIS - 000919,2,1.000000
ST. LOUIS - 000920,2,1.000000
ST. LOUIS - 000921,1,1.000000
ST. LOUIS - 000922,2,1.000000
ST. LOUIS - 000923,1,1.000000
ST. LOUIS - 000924,1,1.000000
ST. LOUIS - 000925,1,1.000000
ST. LOUIS - 000926,1,1.000000
ST. LOUIS - 000927,1,1.000000
ST. LOUIS - 000928,1,1.000000
ST. LOUIS - 000929,1,1.000000
ST. LOUIS - 000930,1,1.000000
ST. LOUIS - 000931,1,1.000000
ST. LOUIS - 000932,1,1.000000
ST. LOUIS - 000933,1,1.000000
ST. LOUIS - 000934,1,1.000000
ST. LOUIS - 000935,1,1.000000
ST. LOUIS - 000936,1,1.000000
ST. LOUIS - 000937,1,1.000000
ST. LOUIS - 000938,1,1.000000
ST. LOUIS - 000939,1,1.000000
ST. LOUIS - 000940,1,1.000000
ST. LOUIS - 000941,1,1.000000
ST. LOUIS - 000942,1,1.000000
ST. LOUIS - 000943,1,1.000000
ST. LOUIS - 000944,1,1.000000
ST. LOUIS - 000945,1,1.000000
ST. LOUIS - 000946,1,1.000000
ST. LOUIS - 000947,1,1.000000
ST. LOUIS - 000948,1,1.000000
ST. LOUIS - 000949,1,1.000000
ST. LOUIS - 000950,1,1.000000
ST. LOUIS - 000951,1,1.000000
ST. LOUIS - 000952,1,1.000000
ST. LOUIS - 000953,1,1.000000
ST. LOUIS - 000954,1,1.000000
ST. LOUIS - 000955,1,1.000000
ST. LOUIS - 000956,1,1.000000
ST. LOUIS - 000957,1,1.000000
ST. LOUIS - 000958,1,1.000000
ST. LOUIS - 000959,1,1.000000
ST. LOUIS - 000960,1,1.000000
ST. LOUIS - 000961,1,1.000000
ST. LOUIS - 000962,1,1.000000
ST. LOUIS - 000963,1,1.000000
ST. LOUIS - 000964,1,1.000000
ST. LOUIS - 000965,1,1.000000
ST. LOUIS - 000966,1,1.000000
ST. LOUIS - 000967,1,1.000000
ST. LOUIS - 000968,1,1.000000
ST. LOUIS - 000969,1,1.000000
ST. LOUIS - 000970,1,1.000000
ST. LOUIS - 000971,1,1.000000
ST. LOUIS - 000972,1,1.000000
ST. LOUIS - 000973,1,1.000000
ST. LOUIS - 000974,1,1.000000
ST. LOUIS - 000975,1,1.000000
ST. LOUIS - 000976,1,1.000000
ST. LOUIS - 000977,1,1.000000
ST. LOUIS - 000978,1,1.000000
ST. LOUIS - 000979,1,1.000000
ST. LOUIS - 000980,1,1.000000
ST. LOUIS - 000981,1,1.000000
ST. LOUIS - 000982,1,1.000000
ST. LOUIS - 000983,1,1.000000
ST. LOUIS - 000984,1,1.000000
ST. LOUIS - 000985,1,1.000000
ST. LOUIS - 000986,1,1.000000
ST. LOUIS - 000987,1,1.000000
ST. LOUIS - 000988,1,1.000000
ST. LOUIS - 000989,1,1.000000
ST. LOUIS - 000990,1,1.000000
ST. LOUIS - 000991,1,1.000000
ST. LOUIS - 000992,2,1.000000
ST. LOUIS - 000993,2,1.000000
ST. LOUIS - 000994,2,1.000000
ST. LOUIS - 000995,2,1.000000
ST. LOUIS - 000996,2,1.000000
ST. LOUIS - 000997,2,1.000000
ST. LOUIS - 000998,2,1.000000
ST. LOUIS - 000999,2,1.000000
ST. LOUIS - 001000,2,1.000000
ST. LOUIS - 001001,2,1.000000
ST. LOUIS - 001002,2,1.000000
ST. LOUIS - 001003,2,1.000000
ST. LOUIS - 001004,2,1.000000
ST. LOUIS - 001005,2,1.000000
ST. LOUIS - 001006,2,1.000000
ST. LOUIS - 001007,2,1.000000
ST. LOUIS - 001008,2,1.000000
ST. LOUIS - 001009,2,1.000000
ST. LOUIS - 001010,2,1.000000
ST. LOUIS - 001011,2,1.000000
ST. LOUIS - 001012,2,1.000000
ST. LOUIS - 001013,2,1.000000
ST. LOUIS - 001014,2,1.000000
ST. LOUIS - 001015,2,1.000000
ST. LOUIS - 001016,2,1.000000
ST. LOUIS - 001017,2,1.000000
ST. LOUIS - 001018,2,1.000000
ST. LOUIS - 001019,2,1.000000
ST. LOUIS - 001020,2,1.000000
ST. LOUIS - 001021,2,1.000000
ST. LOUIS - 001022,2,1.000000
ST. LOUIS - 001023,2,1.000000
ST. LOUIS - 001024,2,1.000000
ST. LOUIS - 001025,2,1.000000
ST. LOUIS - 001026,2,1.000000
ST. LOUIS - 001027,2,1.000000
ST. LOUIS - 001028,2,1.000000
ST. LOUIS - 001029,2,1.000000
ST. LOUIS - 001030,2,1.000000
ST. LOUIS - 001031,2,1.000000
ST. LOUIS - 001032,2,1.000000
ST. LOUIS - 001033,2,1.000000
ST. LOUIS - 001034,2,1.000000
ST. LOUIS - 001035,2,1.000000
ST. LOUIS - 001036,2,1.000000
ST. LOUIS - 001037,2,1.000000
ST. LOUIS - 001038,2,1.000000
ST. LOUIS - 001039,2,1.000000
ST. LOUIS - 001040,2,1.000000
ST. LOUIS - 001041,2,1.000000
ST. LOUIS - 001042,2,1.000000
ST. LOUIS - 001043,2,1.000000
ST. LOUIS - 001044,2,1.000000
ST. LOUIS - 001045,2,1.000000
ST. LOUIS - 001046,2,1.000000
ST. LOUIS - 001047,2,1.000000
ST. LOUIS - 001048,1,0.476190
ST. LOUIS - 001048,2,0.523810
ST. LOUIS - 001049,2,1.000000
ST. LOUIS - 001050,2,1.000000
ST. LOUIS - 001051,2,1.000000
ST. LOUIS - 001052,2,1.000000
ST. LOUIS - 001053,2,1.000000
ST. LOUIS - 001054,2,1.000000
ST. LOUIS - 001055,2,1.000000
ST. LOUIS - 001056,2,1.000000
ST. LOUIS - 001057,2,1.000000
ST. LOUIS - 001058,2,1.000000
ST. LOUIS - 001059,1,0.821429
ST. LOUIS - 001059,2,0.178571
ST. LOUIS - 001060,2,1.000000
ST. LOUIS - 001061,2,1.000000
ST. LOUIS - 001062,2,1.000000
ST. LOUIS - 001063,2,1.000000
ST. LOUIS - 001064,1,1.000000
ST. LOUIS - 001065,2,1.000000
ST. LOUIS - 001066,2,1.000000
ST. LOUIS - 001067,2,1.000000
ST. LOUIS - 001068,2,1.000000
ST. LOUIS - 001069,2,1.000000
ST. LOUIS - 001070,2,1.000000
ST. LOUIS - 001071,2,1.000000
ST. LOUIS - 001072,2,1.000000
ST. LOUIS - 001073,2,1.000000
ST. LOUIS - 001074,2,1.000000
ST. LOUIS - 001075,2,1.000000
ST. LOUIS - 001076,2,1.000000
ST. LOUIS - 001077,1,1.000000
ST. LOUIS - 001078,1,1.000000
ST. LOUIS - 001079,1,1.000000
ST. LOUIS - 001080,1,1.000000
ST. LOUIS - 001081,1,1.000000
ST. LOUIS - 001082,1,1.000000
ST. LOUIS - 001083,1,1.000000
ST. LOUIS - 001084,1,1.000000
ST. LOUIS - 001085,1,1.000000
ST. LOUIS - 001086,1,1.000000
ST. LOUIS - 001087,1,1.000000
ST. LOUIS - 001088,1,1.000000
ST. LOUIS - 001089,1,1.000000
ST. LOUIS - 001090,1,1.000000
ST. LOUIS - 001091,1,1.000000
ST. LOUIS - 001092,1,1.000000
ST. LOUIS - 001093,1,1.000000
ST. LOUIS - 001094,1,1.000000
ST. LOUIS - 001095,1,1.000000
ST. LOUIS - 001096,1,1.000000
ST. LOUIS - 001097,1,1.000000
ST. LOUIS - 001098,1,1.000000
ST. LOUIS - 001099,1,1.000000
ST. LOUIS - 001100,1,1.000000
ST. LOUIS - 001101,1,1.000000
ST. LOUIS - 001102,1,1.000000
ST. LOUIS - 001103,1,1.000000
ST. LOUIS - 001104,1,1.000000
ST. LOUIS - 001105,1,1.000000
ST. LOUIS - 001106,1,1.000000
ST. LOUIS - 001107,1,1.000000
ST. LOUIS - 001108,1,1.000000
ST. LOUIS - 001109,1,1.000000
ST. LOUIS - 001110,1,1.000000
ST. LOUIS - 001111,1,1.000000
ST. LOUIS - 001112,1,1.000000
ST. LOUIS - 001113,1,1.000000
ST. LOUIS - 001114,1,1.000000
ST. LOUIS - 001115,1,1.000000
ST. LOUIS - 001116,1,1.000000
ST. LOUIS - 001117,1,1.000000
ST. LOUIS - 001118,1,1.000000
ST. LOUIS - 001119,1,1.000000
ST. LOUIS - 001120,1,1.000000
ST. LOUIS - 001121,1,1.000000
ST. LOUIS - 001122,1,1.000000
ST. LOUIS - 001123,1,1.000000
ST. LOUIS - 001124,1,1.000000
ST. LOUIS - 001125,1,1.000000
ST. LOUIS - 001126,1,1.000000
ST. LOUIS - 001127,1,1.000000
ST. LOUIS - 001128,1,1.000000
ST. LOUIS - 001129,1,1.000000
ST. LOUIS - 001130,1,1.000000
ST. LOUIS - 001131,1,1.000000
ST. LOUIS - 001132,1,1.000000
ST. LOUIS - 001133,1,1.000000
ST. LOUIS - 001134,1,1.000000
ST. LOUIS - 001135,1,1.000000
ST. LOUIS - 001136,1,1.000000
ST. LOUIS - 001137,1,1.000000
ST. LOUIS - 001138,1,1.000000
ST. LOUIS - 001139,1,1.000000
ST. LOUIS - 001140,1,1.000000
ST. LOUIS - 001141,1,1.000000
ST. LOUIS - 001142,1,1.000000
ST. LOUIS - 001143,1,1.000000
ST. LOUIS - 001144,1,1.000000
ST. LOUIS - 001145,1,1.000000
ST. LOUIS - 001146,1,1.000000
ST. LOUIS - 001147,1,1.000000
ST. LOUIS - 001148,1,1.000000
ST. LOUIS - 001149,1,1.000000
ST. LOUIS - 001150,1,1.000000
ST. LOUIS - 001151,1,1.000000
ST. LOUIS - 001152,1,1.000000
ST. LOUIS - 001153,1,1.000000
ST. LOUIS - 001154,1,1.000000
ST. LOUIS - 001155,1,1.000000
ST. LOUIS - 001156,1,1.000000
ST. LOUIS - 001157,1,1.000000
ST. LOUIS - 001158,1,1.000000
ST. LOUIS - 001159,1,1.000000
ST. LOUIS - 001160,1,1.000000
ST. LOUIS - 001161,1,1.000000
ST. LOUIS - 001162,1,1.000000
ST. LOUIS - 001163,1,1.000000
ST. LOUIS - 001164,1,1.000000
ST. LOUIS - 001165,1,1.000000
ST. LOUIS - 001166,1,1.000000
ST. LOUIS - 001167,1,1.000000
ST. LOUIS - 001168,1,1.000000
ST. LOUIS - 001169,1,1.000000
ST. LOUIS - 001170,1,1.000000
ST. LOUIS - 001171,1,1.000000
ST. LOUIS - 001172,1,1.000000
ST. LOUIS - 001173,1,1.000000
ST. LOUIS - 001174,1,1.000000
ST. LOUIS - 001175,1,1.000000
ST. LOUIS - 001176,1,1.000000
ST. LOUIS - 001177,1,1.000000
ST. LOUIS - 001178,1,1.000000
ST. LOUIS - 001179,1,1.000000
ST. LOUIS - 001180,1,1.000000
ST. LOUIS - 001181,1,1.000000
ST. LOUIS - 001182,1,1.000000
ST. LOUIS - 001183,1,1.000000
ST. LOUIS - 001184,1,1.000000
ST. LOUIS - 001185,1,1.000000
ST. LOUIS - 001186,1,1.000000
ST. LOUIS - 001187,1,1.000000
ST. LOUIS - 001188,1,1.000000
ST. LOUIS - 001189,1,1.000000
ST. LOUIS - 001190,1,1.000000
ST. LOUIS - 001191,1,1.000000
ST. LOUIS - 001192,1,1.000000
ST. LOUIS - 001193,1,1.000000
ST. LOUIS - 001194,1,1.000000
ST. LOUIS - 001195,1,1.000000
ST. LOUIS - 001196,1,1.000000
ST. LOUIS - 001197,1,1.000000
ST. LOUIS - 001198,1,1.000000
ST. LOUIS - 001199,1,1.000000
ST. LOUIS - 001200,1,1.000000
ST. LOUIS - 001201,1,1.000000
ST. LOUIS - 001202,1,1.000000
ST. LOUIS - 001203,1,1.000000
ST. LOUIS - 001204,1,1.000000
ST. LOUIS - 001205,1,1.000000
ST. LOUIS - 001206,1,1.000000
ST. LOUIS - 001207,2,0.807143
ST. LOUIS - 001207,1,0.192857
ST. LOUIS - 001208,1,1.000000
ST. LOUIS - 001209,1,1.000000
ST. LOUIS - 001210,1,1.000000
ST. LOUIS - 001211,1,1.000000
ST. LOUIS - 001212,1,1.000000
ST. LOUIS - 001213,1,1.000000
ST. LOUIS - 001214,1,1.000000
ST. LOUIS - 001215,1,0.983333
ST. LOUIS - 001215,2,0.016667
ST. LOUIS - 001216,1,1.000000
ST. LOUIS - 001217,1,1.000000
ST. LOUIS - 001218,1,1.000000
ST. LOUIS - 001219,1,1.000000
ST. LOUIS - 001220,1,1.000000
ST. LOUIS - 001221,1,1.000000
ST. LOUIS - 001222,1,1.000000
ST. LOUIS - 001223,1,1.000000
ST. LOUIS - 001224,1,1.000000
ST. LOUIS - 001225,1,1.000000
ST. LOUIS - 001226,1,1.000000
ST. LOUIS - 001227,1,1.000000
ST. LOUIS - 001228,1,1.000000
ST. LOUIS - 001229,1,1.000000
ST. LOUIS - 001230,1,1.000000
ST. LOUIS - 001231,1,1.000000
ST. LOUIS - 001232,2,1.000000
ST. LOUIS - 001233,1,1.000000
ST. LOUIS - 001234,1,1.000000
ST. LOUIS - 001235,1,1.000000
ST. LOUIS - 001236,1,1.000000
ST. LOUIS - 001237,1,1.000000
ST. LOUIS - 001238,1,1.000000
ST. LOUIS - 001239,1,1.000000
ST. LOUIS - 001240,1,1.000000
ST. LOUIS - 001241,1,1.000000
ST. LOUIS - 001242,1,1.000000
ST. LOUIS - 001243,1,1.000000
ST. LOUIS - 001244,1,1.000000
ST. LOUIS - 001245,1,1.000000
ST. LOUIS - 001246,1,1.000000
ST. LOUIS - 001247,1,1.000000
ST. LOUIS - 001248,1,1.000000
ST. LOUIS - 001249,1,1.000000
ST. LOUIS - 001250,1,1.000000
ST. LOUIS - 001251,1,1.000000
ST. LOUIS - 001252,1,1.000000
ST. LOUIS - 001253,1,1.000000
ST. LOUIS - 001254,1,1.000000
ST. LOUIS - 001255,1,1.000000
ST. LOUIS - 001256,1,1.000000
ST. LOUIS - 001257,1,1.000000
ST. LOUIS - 001258,1,1.000000
ST. LOUIS - 001259,1,1.000000
ST. LOUIS - 001260,1,1.000000
ST. LOUIS - 001261,1,1.000000
ST. LOUIS - 001262,1,1.000000
ST. LOUIS - 001263,1,1.000000
ST. LOUIS - 001264,1,1.000000
ST. LOUIS - 001265,1,1.000000
ST. LOUIS - 001266,1,1.000000
ST. LOUIS - 001267,1,1.000000
ST. LOUIS - 001268,1,1.000000
ST. LOUIS - 001269,2,1.000000
ST. LOUIS - 001270,2,1.000000
ST. LOUIS - 001271,2,1.000000
ST. LOUIS - 001272,2,1.000000
ST. LOUIS - 001273,2,1.000000
ST. LOUIS - 001274,2,1.000000
ST. LOUIS - 001275,2,1.000000
ST. LOUIS - 001276,2,1.000000
ST. LOUIS - 001277,2,1.000000
ST. LOUIS - 001278,2,1.000000
ST. LOUIS - 001279,2,1.000000
ST. LOUIS - 001280,2,1.000000
ST. LOUIS - 001281,2,1.000000
ST. LOUIS - 001282,2,1.000000
ST. LOUIS - 001283,2,1.000000
ST. LOUIS - 001284,2,1.000000
ST. LOUIS - 001285,2,1.000000
ST. LOUIS - 001286,2,1.000000
ST. LOUIS - 001287,2,1.000000
ST. LOUIS - 001288,2,1.000000
ST. LOUIS - 001289,2,1.000000
ST. LOUIS - 001290,2,1.000000
ST. LOUIS - 001291,2,1.000000
ST. LOUIS - 001292,2,1.000000
ST. LOUIS - 001293,2,1.000000
ST. LOUIS - 001294,2,1.000000
ST. LOUIS - 001295,2,1.000000
ST. LOUIS - 001296,2,1.000000
ST. LOUIS - 001297,2,1.000000
ST. LOUIS - 001298,2,1.000000
ST. LOUIS - 001299,2,1.000000
ST. LOUIS - 001300,2,1.000000
ST. LOUIS - 001301,2,1.000000
ST. LOUIS - 001302,2,1.000000
ST. LOUIS - 001303,2,1.000000
ST. LOUIS - 001304,2,1.000000
ST. LOUIS - 001305,2,1.000000
ST. LOUIS - 001306,2,1.000000
ST. LOUIS - 001307,2,1.000000
ST. LOUIS - 001308,2,1.000000
ST. LOUIS - 001309,2,1.000000
ST. LOUIS - 001310,2,1.000000
ST. LOUIS - 001311,2,1.000000
ST. LOUIS - 001312,2,1.000000
ST. LOUIS - 001313,2,1.000000
ST. LOUIS - 001314,2,1.000000
ST. LOUIS - 001315,2,1.000000
ST. LOUIS - 001316,2,1.000000
ST. LOUIS - 001317,2,1.000000
ST. LOUIS - 001318,2,1.000000
ST. LOUIS - 001319,2,1.000000
ST. LOUIS - 001320,2,1.000000
ST. LOUIS - 001321,2,1.000000
ST. LOUIS - 001322,2,1.000000
ST. LOUIS - 001323,2,1.000000
ST. LOUIS - 001324,2,1.000000
ST. LOUIS - 001325,2,1.000000
ST. LOUIS - 001326,2,1.000000
ST. LOUIS - 001327,2,1.000000
ST. LOUIS - 001328,2,1.000000
ST. LOUIS - 001329,2,1.000000
ST. LOUIS - 001330,2,1.000000
ST. LOUIS - 001331,2,1.000000
ST. LOUIS - 001332,2,1.000000
ST. LOUIS - 001333,2,1.000000
ST. LOUIS - 001334,2,1.000000
ST. LOUIS - 001335,2,1.000000
ST. LOUIS - 001336,2,1.000000
ST. LOUIS - 001337,2,1.000000
ST. LOUIS - 001338,2,1.000000
ST. LOUIS - 001339,2,1.000000
ST. LOUIS - 001340,2,1.000000
ST. LOUIS - 001341,2,1.000000
ST. LOUIS - 001342,2,1.000000
ST. LOUIS - 001343,2,1.000000
ST. LOUIS - 001344,2,1.000000
ST. LOUIS - 001345,2,1.000000
ST. LOUIS - 001346,2,1.000000
ST. LOUIS - 001347,2,1.000000
ST. LOUIS - 001348,2,1.000000
ST. LOUIS - 001349,2,1.000000
ST. LOUIS - 001350,2,1.000000
ST. LOUIS - 001351,2,1.000000
ST. LOUIS - 001352,2,1.000000
ST. LOUIS - 001353,2,1.000000
ST. LOUIS - 001354,2,1.000000
ST. LOUIS - 001355,2,1.000000
ST. LOUIS - 001356,2,1.000000
ST. LOUIS - 001357,2,1.000000
ST. LOUIS - 001358,2,1.000000
ST. LOUIS - 001359,2,1.000000
ST. LOUIS - 001360,2,1.000000
ST. LOUIS - 001361,2,1.000000
ST. LOUIS - 001362,2,1.000000
ST. LOUIS - 001363,2,1.000000
ST. LOUIS - 001365,2,1.000000
ST. LOUIS - 001366,2,1.000000
ST. LOUIS - 001367,2,1.000000
ST. LOUIS - 001368,1,1.000000
ST. LOUIS - 001369,1,1.000000
ST. LOUIS - 001370,1,1.000000
ST. LOUIS - 001371,1,1.000000
ST. LOUIS - 001372,1,1.000000
ST. LOUIS - 001373,1,1.000000
ST. LOUIS - 001374,1,1.000000
ST. LOUIS - 001375,1,1.000000
ST. LOUIS - 001376,1,1.000000
ST. LOUIS - 001377,1,1.000000
ST. LOUIS - 001378,1,1.000000
ST. LOUIS - 001379,1,1.000000
ST. LOUIS - 001380,1,1.000000
ST. LOUIS - 001381,1,1.000000
ST. LOUIS - 001382,1,1.000000
ST. LOUIS - 001383,1,1.000000
ST. LOUIS - 001384,1,1.000000
ST. LOUIS - 001385,1,1.000000
ST. LOUIS - 001386,1,1.000000
ST. LOUIS - 001387,1,1.000000
ST. LOUIS - 001388,1,1.000000
ST. LOUIS - 001389,1,1.000000
ST. LOUIS - 001390,1,1.000000
ST. LOUIS - 001391,1,1.000000
ST. LOUIS - 001392,1,1.000000
ST. LOUIS - 001393,1,1.000000
ST. LOUIS - 001394,1,1.000000
ST. LOUIS - 001395,1,1.000000
ST. LOUIS - 001396,1,1.000000
ST. LOUIS - 001397,1,1.000000
ST. LOUIS - 001398,1,1.000000
ST. LOUIS - 001399,1,1.000000
ST. LOUIS - 001400,1,1.000000
ST. LOUIS - 001401,1,1.000000
ST. LOUIS - 001402,1,1.000000
ST. LOUIS - 001403,1,1.000000
ST. LOUIS - 001404,1,1.000000
ST. LOUIS - 001405,1,1.000000
ST. LOUIS - 001406,1,1.000000
ST. LOUIS - 001407,1,1.000000
ST. LOUIS - 001408,1,1.000000
ST. LOUIS - 001409,1,1.000000
ST. LOUIS - 001410,1,1.000000
ST. LOUIS - 001411,1,1.000000
ST. LOUIS - 001412,1,1.000000
ST. LOUIS - 001413,1,1.000000
ST. LOUIS - 001414,1,1.000000
ST. LOUIS - 001415,1,1.000000
ST. LOUIS - 001416,1,1.000000
ST. LOUIS - 001417,1,1.000000
ST. LOUIS - 001418,1,1.000000
ST. LOUIS - 001419,1,1.000000
ST. LOUIS - 001420,1,1.000000
ST. LOUIS - 001421,1,1.000000
ST. LOUIS - 001422,1,1.000000
ST. LOUIS - 001423,1,1.000000
ST. LOUIS - 001424,1,1.000000
ST. LOUIS - 001425,1,1.000000
ST. LOUIS - 001426,1,1.000000
ST. LOUIS - 001427,1,1.000000
ST. LOUIS - 001428,1,1.000000
ST. LOUIS - 001429,1,1.000000
ST. LOUIS - 001430,1,1.000000
ST. LOUIS - 001431,1,1.000000
ST. LOUIS - 001432,1,1.000000
ST. LOUIS - 001433,1,1.000000
ST. LOUIS - 001434,1,1.000000
ST. LOUIS - 001435,1,1.000000
ST. LOUIS - 001436,1,1.000000
ST. LOUIS - 001437,1,1.000000
ST. LOUIS - 001438,1,1.000000
ST. LOUIS - 001439,1,1.000000
ST. LOUIS - 001440,1,1.000000
ST. LOUIS - 001441,1,1.000000
ST. LOUIS - 001442,1,1.000000
ST. LOUIS - 001443,1,1.000000
ST. LOUIS - 001444,1,1.000000
ST. LOUIS - 001445,2,1.000000
ST. LOUIS - 001446,2,1.000000
ST. LOUIS - 001447,2,1.000000
ST. LOUIS - 001448,2,1.000000
ST. LOUIS - 001449,2,1.000000
ST. LOUIS - 001450,2,1.000000
ST. LOUIS - 001451,2,1.000000
ST. LOUIS - 001452,2,1.000000
ST. LOUIS - 001453,2,1.000000
ST. LOUIS - 001454,2,1.000000
ST. LOUIS - 001455,2,1.000000
ST. LOUIS - 001456,2,1.000000
ST. LOUIS - 001457,2,1.000000
ST. LOUIS - 001458,2,1.000000
ST. LOUIS - 001459,2,1.000000
ST. LOUIS - 001460,2,1.000000
ST. LOUIS - 001461,2,1.000000
ST. LOUIS - 001462,2,1.000000
ST. LOUIS - 001463,2,1.000000
ST. LOUIS - 001464,2,1.000000
ST. LOUIS - 001465,2,1.000000
ST. LOUIS - 001466,2,1.000000
ST. LOUIS - 001467,2,1.000000
ST. LOUIS - 001468,2,1.000000
ST. LOUIS - 001469,2,1.000000
ST. LOUIS - 001470,2,1.000000
ST. LOUIS - 001471,2,1.000000
ST. LOUIS - 001472,2,1.000000
ST. LOUIS - 001473,2,1.000000
ST. LOUIS - 001474,2,1.000000
ST. LOUIS - 001475,2,1.000000
ST. LOUIS - 001476,2,1.000000
ST. LOUIS - 001477,2,1.000000
ST. LOUIS - 001478,2,1.000000
ST. LOUIS - 001479,1,1.000000
ST. LOUIS - 001480,1,1.000000
ST. LOUIS - 001481,1,1.000000
ST. LOUIS - 001482,1,1.000000
ST. LOUIS - 001483,1,1.000000
ST. LOUIS - 001484,1,1.000000
ST. LOUIS - 001485,1,1.000000
ST. LOUIS - 001486,1,1.000000
ST. LOUIS - 001487,1,1.000000
ST. LOUIS - 001488,1,1.000000
ST. LOUIS - 001489,1,1.000000
ST. LOUIS - 001490,1,1.000000
ST. LOUIS - 001491,1,1.000000
ST. LOUIS - 001492,1,1.000000
ST. LOUIS - 001493,1,1.000000
ST. LOUIS - 001494,1,1.000000
ST. LOUIS - 001495,1,1.000000
ST. LOUIS - 001496,1,1.000000
ST. LOUIS - 001497,1,1.000000
ST. LOUIS - 001498,1,1.000000
ST. LOUIS - 001499,1,1.000000
ST. LOUIS - 001500,1,1.000000
ST. LOUIS - 001501,1,1.000000
ST. LOUIS - 001502,1,1.000000
ST. LOUIS - 001503,1,1.000000
ST. LOUIS - 001504,1,1.000000
ST. LOUIS - 001505,1,1.000000
ST. LOUIS - 001506,1,1.000000
ST. LOUIS - 001507,1,1.000000
ST. LOUIS - 001508,1,1.000000
ST. LOUIS - 001509,1,1.000000
ST. LOUIS - 001510,1,1.000000
ST. LOUIS - 001511,1,1.000000
ST. LOUIS - 001512,1,1.000000
ST. LOUIS - 001513,1,1.000000
ST. LOUIS - 001514,1,1.000000
ST. LOUIS - 001515,1,1.000000
ST. LOUIS - 001516,1,1.000000
ST. LOUIS - 001517,1,1.000000
ST. LOUIS - 001518,1,1.000000
ST. LOUIS - 001519,1,1.000000
ST. LOUIS - 001520,1,1.000000
ST. LOUIS - 001521,1,1.000000
ST. LOUIS - 001522,1,1.000000
ST. LOUIS - 001523,1,1.000000
ST. LOUIS - 001524,1,1.000000
ST. LOUIS - 001525,1,1.000000
ST. LOUIS - 001526,1,1.000000
ST. LOUIS - 001527,1,1.000000
ST. LOUIS - 001528,1,1.000000
ST. LOUIS - 001529,1,1.000000
ST. LOUIS - 001530,1,1.000000
ST. LOUIS - 001531,1,1.000000
ST. LOUIS - 001532,1,1.000000
ST. LOUIS - 001533,2,1.000000
ST. LOUIS - 001534,2,1.000000
ST. LOUIS - 001535,2,1.000000
ST. LOUIS - 001536,2,1.000000
ST. LOUIS - 001537,2,1.000000
ST. LOUIS - 001538,2,1.000000
ST. LOUIS - 001539,2,1.000000
ST. LOUIS - 001540,2,1.000000
ST. LOUIS - 001541,2,1.000000
ST. LOUIS - 001542,2,1.000000
ST. LOUIS - 001543,2,1.000000
ST. LOUIS - 001544,2,1.000000
ST. LOUIS - 001545,2,1.000000
ST. LOUIS - 001546,2,1.000000
ST. LOUIS - 001547,2,1.000000
ST. LOUIS - 001548,2,1.000000
ST. LOUIS - 001549,2,1.000000
ST. LOUIS - 001550,2,1.000000
ST. LOUIS - 001551,2,1.000000
ST. LOUIS - 001552,2,1.000000
ST. LOUIS - 001553,2,1.000000
ST. LOUIS - 001554,2,1.000000
ST. LOUIS - 001555,2,1.000000
ST. LOUIS - 001556,2,1.000000
ST. LOUIS - 001557,2,1.000000
ST. LOUIS - 001558,2,1.000000
ST. LOUIS - 001559,2,1.000000
ST. LOUIS - 001560,2,1.000000
ST. LOUIS - 001561,2,1.000000
ST. LOUIS - 001562,2,1.000000
ST. LOUIS - 001563,2,1.000000
ST. LOUIS - 001564,2,1.000000
ST. LOUIS - 001565,2,1.000000
ST. LOUIS - 001566,2,1.000000
ST. LOUIS - 001567,2,1.000000
ST. LOUIS - 001568,2,1.000000
ST. LOUIS - 001569,2,1.000000
ST. LOUIS - 001570,2,1.000000
ST. LOUIS - 001571,2,1.000000
ST. LOUIS - 001572,2,1.000000
ST. LOUIS - 001573,2,1.000000
ST. LOUIS - 001574,2,1.000000
ST. LOUIS - 001575,2,1.000000
ST. LOUIS - 001576,2,1.000000
ST. LOUIS - 001577,2,1.000000
ST. LOUIS - 001578,2,1.000000
ST. LOUIS - 001579,2,1.000000
ST. LOUIS - 001580,2,1.000000
ST. LOUIS - 001581,2,1.000000
ST. LOUIS - 001582,2,1.000000
ST. LOUIS - 001583,2,1.000000
ST. LOUIS - 001584,2,1.000000
ST. LOUIS - 001585,2,1.000000
ST. LOUIS - 001586,2,1.000000
ST. LOUIS - 001587,2,1.000000
ST. LOUIS CITY - 000002,1,1.000000
ST. LOUIS CITY - 000003,1,1.000000
ST. LOUIS CITY - 000004,1,1.000000
ST. LOUIS CITY - 000005,1,1.000000
ST. LOUIS CITY - 000006,1,1.000000
ST. LOUIS CITY - 000007,1,1.000000
ST. LOUIS CITY - 000008,1,1.000000
ST. LOUIS CITY - 000009,1,1.000000
ST. LOUIS CITY - 000010,1,1.000000
ST. LOUIS CITY - 000011,1,1.000000
ST. LOUIS CITY - 000012,1,1.000000
ST. LOUIS CITY - 000013,1,1.000000
ST. LOUIS CITY - 000014,1,1.000000
ST. LOUIS CITY - 000015,1,1.000000
ST. LOUIS CITY - 000016,1,1.000000
ST. LOUIS CITY - 000017,1,1.000000
ST. LOUIS CITY - 000018,1,1.000000
ST. LOUIS CITY - 000019,1,1.000000
ST. LOUIS CITY - 000020,1,1.000000
ST. LOUIS CITY - 000021,1,1.000000
ST. LOUIS CITY - 000022,1,1.000000
ST. LOUIS CITY - 000023,1,1.000000
ST. LOUIS CITY - 000024,1,1.000000
ST. LOUIS CITY - 000025,1,1.000000
ST. LOUIS CITY - 000026,1,1.000000
ST. LOUIS CITY - 000027,1,1.000000
ST. LOUIS CITY - 000028,1,1.000000
ST. LOUIS CITY - 000029,1,1.000000
ST. LOUIS CITY - 000030,1,1.000000
ST. LOUIS CITY - 000031,1,1.000000
ST. LOUIS CITY - 000032,1,1.000000
ST. LOUIS CITY - 000033,1,1.000000
ST. LOUIS CITY - 000034,1,1.000000
ST. LOUIS CITY - 000035,1,1.000000
ST. LOUIS CITY - 000036,1,1.000000
ST. LOUIS CITY - 000037,1,1.000000
ST. LOUIS CITY - 000038,1,1.000000
ST. LOUIS CITY - 000039,1,1.000000
ST. LOUIS CITY - 000040,1,1.000000
ST. LOUIS CITY - 000041,1,1.000000
ST. LOUIS CITY - 000042,1,1.000000
ST. LOUIS CITY - 000043,1,1.000000
ST. LOUIS CITY - 000044,1,1.000000
ST. LOUIS CITY - 000045,1,1.000000
ST. LOUIS CITY - 000046,1,1.000000
ST. LOUIS CITY - 000047,1,1.000000
ST. LOUIS CITY - 000048,1,1.000000
ST. LOUIS CITY - 000049,1,1.000000
ST. LOUIS CITY - 000050,1,1.000000
ST. LOUIS CITY - 000051,1,1.000000
ST. LOUIS CITY - 000052,1,1.000000
ST. LOUIS CITY - 000053,1,1.000000
ST. LOUIS CITY - 000054,1,1.000000
ST. LOUIS CITY - 000055,1,1.000000
ST. LOUIS CITY - 000056,1,1.000000
ST. LOUIS CITY - 000057,1,1.000000
ST. LOUIS CITY - 000058,1,1.000000
ST. LOUIS CITY - 000059,1,1.000000
ST. LOUIS CITY - 000060,1,1.000000
ST. LOUIS CITY - 000061,1,1.000000
ST. LOUIS CITY - 000062,1,1.000000
ST. LOUIS CITY - 000063,1,1.000000
ST. LOUIS CITY - 000064,1,1.000000
ST. LOUIS CITY - 000065,1,1.000000
ST. LOUIS CITY - 000066,1,1.000000
ST. LOUIS CITY - 000067,1,1.000000
ST. LOUIS CITY - 000068,1,1.000000
ST. LOUIS CITY - 000069,1,1.000000
ST. LOUIS CITY - 000070,1,1.000000
ST. LOUIS CITY - 000071,1,1.000000
ST. LOUIS CITY - 000072,1,1.000000
ST. LOUIS CITY - 000073,1,1.000000
ST. LOUIS CITY - 000074,1,1.000000
ST. LOUIS CITY - 000075,1,1.000000
ST. LOUIS CITY - 000076,1,1.000000
ST. LOUIS CITY - 000077,1,1.000000
ST. LOUIS CITY - 000078,1,1.000000
ST. LOUIS CITY - 000079,1,1.000000
ST. LOUIS CITY - 000080,1,1.000000
ST. LOUIS CITY - 000081,1,1.000000
ST. LOUIS CITY - 000082,1,1.000000
ST. LOUIS CITY - 000083,1,1.000000
ST. LOUIS CITY - 000084,1,1.000000
ST. LOUIS CITY - 000085,1,1.000000
ST. LOUIS CITY - 000086,1,1.000000
ST. LOUIS CITY - 000087,1,1.000000
ST. LOUIS CITY - 000088,1,1.000000
ST. LOUIS CITY - 000089,1,1.000000
ST. LOUIS CITY - 000090,1,1.000000
ST. LOUIS CITY - 000091,1,1.000000
ST. LOUIS CITY - 000092,1,1.000000
ST. LOUIS CITY - 000093,1,1.000000
ST. LOUIS CITY - 000094,1,1.000000
ST. LOUIS CITY - 000095,1,1.000000
ST. LOUIS CITY - 000096,1,1.000000
ST. LOUIS CITY - 000097,1,1.000000
ST. LOUIS CITY - 000098,1,1.000000
ST. LOUIS CITY - 000099,1,1.000000
ST. LOUIS CITY - 000100,1,1.000000
ST. LOUIS CITY - 000101,1,1.000000
ST. LOUIS CITY - 000102,1,1.000000
ST. LOUIS CITY - 000103,1,1.000000
ST. LOUIS CITY - 000104,1,1.000000
ST. LOUIS CITY - 000105,1,1.000000
ST. LOUIS CITY - 000106,1,1.000000
ST. LOUIS CITY - 000107,1,1.000000
ST. LOUIS CITY - 000108,1,1.000000
ST. LOUIS CITY - 000109,1,1.000000
ST. LOUIS CITY - 000110,1,1.000000
ST. LOUIS CITY - 000111,1,1.000000
ST. LOUIS CITY - 000112,1,1.000000
ST. LOUIS CITY - 000113,1,1.000000
ST. LOUIS CITY - 000114,1,1.000000
ST. LOUIS CITY - 000115,1,1.000000
ST. LOUIS CITY - 000116,1,1.000000
ST. LOUIS CITY - 000117,1,1.000000
ST. LOUIS CITY - 000118,1,1.000000
ST. LOUIS CITY - 000119,1,1.000000
ST. LOUIS CITY - 000120,1,1.000000
ST. LOUIS CITY - 000121,1,1.000000
ST. LOUIS CITY - 000122,1,1.000000
ST. LOUIS CITY - 000123,1,1.000000
ST. LOUIS CITY - 000124,1,1.000000
ST. LOUIS CITY - 000125,1,1.000000
ST. LOUIS CITY - 000126,1,1.000000
ST. LOUIS CITY - 000127,1,1.000000
ST. LOUIS CITY - 000128,1,1.000000
ST. LOUIS CITY - 000129,1,1.000000
ST. LOUIS CITY - 000130,1,1.000000
ST. LOUIS CITY - 000131,1,1.000000
ST. LOUIS CITY - 000132,1,1.000000
ST. LOUIS CITY - 000133,1,1.000000
ST. LOUIS CITY - 000134,1,1.000000
ST. LOUIS CITY - 000135,1,1.000000
ST. LOUIS CITY - 000136,1,1.000000
ST. LOUIS CITY - 000137,1,1.000000
ST. LOUIS CITY - 000138,1,1.000000
ST. LOUIS CITY - 000139,1,1.000000
ST. LOUIS CITY - 000140,1,1.000000
ST. LOUIS CITY - 000141,1,1.000000
ST. LOUIS CITY - 000142,1,1.000000
ST. LOUIS CITY - 000143,1,1.000000
ST. LOUIS CITY - 000144,1,1.000000
ST. LOUIS CITY - 000145,1,1.000000
ST. LOUIS CITY - 000146,1,1.000000
ST. LOUIS CITY - 000147,1,1.000000
ST. LOUIS CITY - 000148,1,1.000000
ST. LOUIS CITY - 000149,1,1.000000
ST. LOUIS CITY - 000150,1,1.000000
ST. LOUIS CITY - 000151,1,1.000000
ST. LOUIS CITY - 000152,1,1.000000
ST. LOUIS CITY - 000153,1,1.000000
ST. LOUIS CITY - 000154,1,1.000000
ST. LOUIS CITY - 000155,1,1.000000
ST. LOUIS CITY - 000156,1,1.000000
ST. LOUIS CITY - 000157,1,1.000000
ST. LOUIS CITY - 000158,1,1.000000
ST. LOUIS CITY - 000159,1,1.000000
ST. LOUIS CITY - 000160,1,1.000000
ST. LOUIS CITY - 000161,1,1.000000
ST. LOUIS CITY - 000162,1,1.000000
ST. LOUIS CITY - 000163,1,1.000000
ST. LOUIS CITY - 000164,1,1.000000
ST. LOUIS CITY - 000165,1,1.000000
ST. LOUIS CITY - 000166,1,1.000000
ST. LOUIS CITY - 000167,1,1.000000
ST. LOUIS CITY - 000168,1,1.000000
ST. LOUIS CITY - 000169,1,1.000000
ST. LOUIS CITY - 000170,1,1.000000
ST. LOUIS CITY - 000171,1,1.000000
ST. LOUIS CITY - 000172,1,1.000000
ST. LOUIS CITY - 000173,1,1.000000
ST. LOUIS CITY - 000174,1,1.000000
ST. LOUIS CITY - 000175,1,1.000000
ST. LOUIS CITY - 000176,1,1.000000
ST. LOUIS CITY - 000177,1,1.000000
ST. LOUIS CITY - 000178,1,1.000000
ST. LOUIS CITY - 000179,1,1.000000
ST. LOUIS CITY - 000180,1,1.000000
ST. LOUIS CITY - 000181,1,1.000000
ST. LOUIS CITY - 000182,1,1.000000
ST. LOUIS CITY - 000183,1,1.000000
ST. LOUIS CITY - 000184,1,1.000000
ST. LOUIS CITY - 000185,1,1.000000
ST. LOUIS CITY - 000186,1,1.000000
ST. LOUIS CITY - 000187,1,1.000000
ST. LOUIS CITY - 000188,1,1.000000
ST. LOUIS CITY - 000189,1,1.000000
ST. LOUIS CITY - 000190,1,1.000000
ST. LOUIS CITY - 000191,1,1.000000
ST. LOUIS CITY - 000192,1,1.000000
ST. LOUIS CITY - 000193,1,1.000000
ST. LOUIS CITY - 000194,1,1.000000
ST. LOUIS CITY - 000195,1,1.000000
ST. LOUIS CITY - 000196,1,1.000000
ST. LOUIS CITY - 000197,1,1.000000
ST. LOUIS CITY - 000198,1,1.000000
ST. LOUIS CITY - 000199,1,1.000000
ST. LOUIS CITY - 000200,1,1.000000
ST. LOUIS CITY - 000201,1,1.000000
ST. LOUIS CITY - 000202,1,1.000000
ST. LOUIS CITY - 000203,1,1.000000
ST. LOUIS CITY - 000204,1,1.000000
ST. LOUIS CITY - 000205,1,1.000000
ST. LOUIS CITY - 000206,1,1.000000
ST. LOUIS CITY - 000207,1,1.000000
ST. LOUIS CITY - 000208,1,1.000000
ST. LOUIS CITY - 000209,1,1.000000
STE. GENEVIEVE - 000002,8,1.000000
STE. GENEVIEVE - 000003,8,1.000000
STE. GENEVIEVE - 000004,8,1.000000
STE. GENEVIEVE - 000005,8,1.000000
STE. GENEVIEVE - 000006,8,1.000000
STE. GENEVIEVE - 000007,8,1.000000
STE. GENEVIEVE - 000008,8,1.000000
STE. GENEVIEVE - 000009,8,1.000000
STE. GENEVIEVE - 000010,8,1.000000
STE. GENEVIEVE - 000011,8,1.000000
STE. GENEVIEVE - 000012,8,1.000000
STE. GENEVIEVE - 000013,8,1.000000
STE. GENEVIEVE - 000014,8,1.000000
STODDARD - 000002,8,1.000000
STODDARD - 000003,8,1.000000
STODDARD - 000004,8,1.000000
STODDARD - 000005,8,1.000000
STODDARD - 000006,8,1.000000
STODDARD - 000007,8,1.000000
STODDARD - 000008,8,1.000000
STODDARD - 000009,8,1.000000
STODDARD - 000010,8,1.000000
STODDARD - 000011,8,1.000000
STODDARD - 000012,8,1.000000
STODDARD - 000013,8,1.000000
STODDARD - 000014,8,1.000000
STODDARD - 000015,8,1.000000
STODDARD - 000016,8,1.000000
STODDARD - 000017,8,1.000000
STODDARD - 000018,8,1.000000
STODDARD - 000019,8,1.000000
STODDARD - 000020,8,1.000000
STODDARD - 000021,8,1.000000
STONE - 003698,7,1.000000
STONE - 003699,7,1.000000
STONE - 003701,7,1.000000
STONE - 003723,7,1.000000
STONE - 003730,7,1.000000
STONE - 003751,7,1.000000
STONE - 003782,7,1.000000
STONE - 003794,7,1.000000
STONE - 003800,7,1.000000
STONE - 003814,7,1.000000
STONE - 003842,7,1.000000
STONE - 003877,7,1.000000
STONE - 003889,7,1.000000
STONE - 003898,7,1.000000
STONE - 003900,7,1.000000
STONE - 003903,7,1.000000
STONE - 003908,7,1.000000
STONE - 003933,7,1.000000
STONE - 003935,7,1.000000
STONE - 003938,7,1.000000
SULLIVAN - 000002,6,1.000000
SULLIVAN - 000003,6,1.000000
SULLIVAN - 000004,6,1.000000
SULLIVAN - 000005,6,1.000000
SULLIVAN - 000006,6,1.000000
SULLIVAN - 000007,6,1.000000
SULLIVAN - 000008,6,1.000000
SULLIVAN - 000009,6,1.000000
SULLIVAN - 000010,6,1.000000
SULLIVAN - 000011,6,1.000000
SULLIVAN - 000012,6,1.000000
SULLIVAN - 000013,6,1.000000
SULLIVAN - 000014,6,1.000000
SULLIVAN - 000015,6,1.000000
SULLIVAN - 000016,6,1.000000
SULLIVAN - 000017,6,1.000000
SULLIVAN - 000018,6,1.000000
SULLIVAN - 000019,6,1.000000
SULLIVAN - 000020,6,1.000000
TANEY - 000002,7,1.000000
TANEY - 000003,7,1.000000
TANEY - 000004,7,1.000000
TANEY - 000005,7,1.000000
TANEY - 000006,7,1.000000
TANEY - 000007,7,1.000000
TANEY - 000008,7,1.000000
TANEY - 000009,7,1.000000
TANEY - 000010,7,1.000000
TANEY - 000011,7,1.000000
TANEY - 000012,7,1.000000
TANEY - 000013,7,1.000000
TANEY - 000014,7,1.000000
TANEY - 000015,7,1.000000
TANEY - 000016,7,1.000000
TANEY - 000017,7,1.000000
TANEY - 000018,7,1.000000
TANEY - 000019,7,1.000000
TANEY - 000020,7,1.000000
TANEY - 000021,7,1.000000
TANEY - 000022,7,1.000000
TANEY - 000023,7,1.000000
TANEY - 000024,7,1.000000
TEXAS - 000002,8,1.000000
TEXAS - 000003,8,1.000000
TEXAS - 000004,8,1.000000
TEXAS - 000005,8,1.000000
TEXAS - 000006,8,1.000000
TEXAS - 000007,8,1.000000
TEXAS - 000008,8,1.000000
TEXAS - 000009,8,1.000000
TEXAS - 000010,8,1.000000
TEXAS - 000011,8,1.000000
TEXAS - 000012,8,1.000000
TEXAS - 000013,8,1.000000
TEXAS - 000014,8,1.000000
TEXAS - 000015,8,1.000000
TEXAS - 000016,8,1.000000
TEXAS - 000017,8,1.000000
TEXAS - 000018,8,1.000000
TEXAS - 000019,8,1.000000
TEXAS - 000020,8,1.000000
TEXAS - 000021,8,1.000000
TEXAS - 000022,8,1.000000
VERNON - 000002,4,1.000000
VERNON - 000003,4,1.000000
VERNON - 000004,4,1.000000
VERNON - 000005,4,1.000000
VERNON - 000006,4,1.000000
VERNON - 000007,4,1.000000
VERNON - 000008,4,1.000000
VERNON - 000009,4,1.000000
VERNON - 000010,4,1.000000
VERNON - 000011,4,1.000000
VERNON - 000012,4,1.000000
VERNON - 000013,4,1.000000
VERNON - 000014,4,1.000000
VERNON - 000015,4,1.000000
VERNON - 000016,4,1.000000
VERNON - 000017,4,1.000000
WARREN - 000002,2,1.000000
WARREN - 000003,2,1.000000
WARREN - 000004,3,1.000000
WARREN - 000005,2,1.000000
WARREN - 000006,2,1.000000
WARREN - 000007,2,1.000000
WARREN - 000008,2,1.000000
WARREN - 000009,2,1.000000
WARREN - 000010,2,1.000000
WARREN - 000011,2,1.000000
WARREN - 000012,2,1.000000
WARREN - 000013,3,0.521429
WARREN - 000013,2,0.478571
WARREN - 000014,2,0.607143
WARREN - 000014,3,0.392857
WARREN - 000015,2,1.000000
WARREN - 000016,2,1.000000
WARREN - 000017,2,1.000000
WARREN - 000018,2,1.000000
WARREN - 000019,2,1.000000
WARREN - 000020,3,0.628571
WARREN - 000020,2,0.371429
WARREN - 000021,3,0.897619
WARREN - 000021,2,0.102381
WARREN - 000022,3,1.000000
WARREN - 000023,3,0.716667
WARREN - 000023,2,0.283333
WARREN - 000024,2,1.000000
WASHINGTON - 000002,3,1.000000
WASHINGTON - 000003,3,1.000000
WASHINGTON - 000004,3,1.000000
WASHINGTON - 000005,3,1.000000
WASHINGTON - 000006,3,1.000000
WASHINGTON - 000007,3,1.000000
WASHINGTON - 000008,3,1.000000
WASHINGTON - 000009,3,1.000000
WASHINGTON - 000010,3,1.000000
WASHINGTON - 000011,3,1.000000
WASHINGTON - 000012,3,1.000000
WASHINGTON - 000013,3,1.000000
WASHINGTON - 000014,3,1.000000
WASHINGTON - 000015,3,1.000000
WASHINGTON - 000016,3,1.000000
WASHINGTON - 000017,3,1.000000
WASHINGTON - 000018,3,1.000000
WASHINGTON - 000019,3,1.000000
WAYNE - 000002,8,1.000000
WAYNE - 000003,8,1.000000
WAYNE - 000004,8,1.000000
WAYNE - 000005,8,1.000000
WAYNE - 000006,8,1.000000
WAYNE - 000007,8,1.000000
WAYNE - 000008,8,1.000000
WAYNE - 000009,8,1.000000
WAYNE - 000010,8,1.000000
WAYNE - 000011,8,1.000000
WAYNE - 000012,8,1.000000
WAYNE - 000013,8,1.000000
WAYNE - 000014,8,1.000000
WAYNE - 000015,8,1.000000
WAYNE - 000016,8,1.000000
WAYNE - 000017,8,1.000000
WAYNE - 000018,8,1.000000
WAYNE - 000019,8,1.000000
WAYNE - 000020,8,1.000000
WAYNE - 000021,8,1.000000
WEBSTER - 000002,4,1.000000
WEBSTER - 000003,4,1.000000
WEBSTER - 000004,4,1.000000
WEBSTER - 000005,4,1.000000
WEBSTER - 000006,4,0.621429
WEBSTER - 000006,7,0.378571
WEBSTER - 000007,4,1.000000
WEBSTER - 000008,4,1.000000
WEBSTER - 000009,7,1.000000
WEBSTER - 000010,7,1.000000
WEBSTER - 000011,7,1.000000
WEBSTER - 000012,7,1.000000
WEBSTER - 000013,4,0.995238
WEBSTER - 000013,7,0.004762
WEBSTER - 000014,7,0.966667
WEBSTER - 000014,4,0.033333
WORTH - 000002,6,1.000000
WORTH - 000003,6,1.000000
WORTH - 000004,6,1.000000
WORTH - 000005,6,1.000000
WORTH - 000006,6,1.000000
WORTH - 000007,6,1.000000
WORTH - 000008,6,1.000000
WRIGHT - 000002,8,1.000000
WRIGHT - 000003,8,1.000000
WRIGHT - 000004,8,1.000000
WRIGHT - 000005,8,1.000000
WRIGHT - 000006,8,1.000000
WRIGHT - 000007,8,1.000000
WRIGHT - 000008,8,1.000000
WRIGHT - 000009,8,1.000000
