precinct_key,district_num,area_weight
ADAIR - 000002,18,1.000000
ADAIR - 000003,18,1.000000
ADAIR - 000004,18,1.000000
ADAIR - 000005,18,1.000000
ADAIR - 000006,18,1.000000
ADAIR - 000007,18,1.000000
ADAIR - 000008,18,1.000000
ADAIR - 000009,18,1.000000
ADAIR - 000010,18,1.000000
ADAIR - 000011,18,1.000000
ANDREW - 000002,34,0.088095
ANDREW - 000002,12,0.911905
ANDREW - 000003,12,1.000000
ANDREW - 000004,12,1.000000
ANDREW - 000005,12,1.000000
ANDREW - 000006,12,1.000000
ANDREW - 000007,12,1.000000
ANDREW - 000008,12,1.000000
ANDREW - 000009,12,1.000000
ANDREW - 000010,12,1.000000
ANDREW - 000011,12,1.000000
ANDREW - 000012,12,1.000000
ANDREW - 000013,12,1.000000
ANDREW - 000014,12,1.000000
ANDREW - 000015,12,1.000000
ANDREW - 000016,12,1.000000
ANDREW - 000017,12,1.000000
ANDREW - 000018,12,1.000000
ANDREW - 000019,12,1.000000
ANDREW - 000020,12,1.000000
ANDREW - 000021,12,1.000000
ATCHISON - 000002,12,1.000000
ATCHISON - 000003,12,1.000000
ATCHISON - 000004,12,1.000000
ATCHISON - 000005,12,1.000000
ATCHISON - 000006,12,1.000000
ATCHISON - 000007,12,1.000000
AUDRAIN - 000502,18,1.000000
AUDRAIN - 000506,18,1.000000
AUDRAIN - 000508,18,1.000000
AUDRAIN - 000510,18,1.000000
AUDRAIN - 000512,18,1.000000
AUDRAIN - 000513,18,1.000000
AUDRAIN - 000545,18,1.000000
AUDRAIN - 000616,18,1.000000
AUDRAIN - 000623,18,1.000000
AUDRAIN - 000632,18,1.000000
AUDRAIN - 000633,18,1.000000
AUDRAIN - 000641,18,1.000000
AUDRAIN - 000642,18,1.000000
AUDRAIN - 000657,18,1.000000
AUDRAIN - 000658,18,1.000000
AUDRAIN - 000667,18,1.000000
BARRY - 000002,29,1.000000
BARRY - 000003,29,1.000000
BARRY - 000004,29,1.000000
BARRY - 000005,29,1.000000
BARRY - 000006,29,1.000000
BARRY - 000007,29,1.000000
BARRY - 000008,29,1.000000
BARRY - 000009,29,1.000000
BARRY - 000010,29,1.000000
BARRY - 000011,29,1.000000
BARRY - 000012,29,1.000000
BARRY - 000013,29,1.000000
BARRY - 000014,29,1.000000
BARRY - 000015,29,1.000000
BARRY - 000016,29,1.000000
BARRY - 000017,29,1.000000
BARRY - 000018,29,1.000000
BARRY - 000019,29,1.000000
BARRY - 000020,29,1.000000
BARRY - 000021,29,1.000000
BARRY - 000022,29,1.000000
BARRY - 000023,29,1.000000
BARTON - 000002,20,1.000000
BARTON - 000003,20,1.000000
BARTON - 000004,20,1.000000
BARTON - 000005,20,1.000000
BARTON - 000006,20,1.000000
BARTON - 000007,20,1.000000
BARTON - 000008,20,1.000000
BARTON - 000009,20,1.000000
BARTON - 000010,20,1.000000
BARTON - 000011,20,1.000000
BARTON - 000012,20,1.000000
BARTON - 000013,20,1.000000
BARTON - 000014,20,1.000000
BARTON - 000015,20,1.000000
BARTON - 000016,20,1.000000
BARTON - 000017,20,1.000000
BATES - 002701,31,1.000000
BATES - 002703,31,1.000000
BATES - 002705,31,1.000000
BATES - 002722,31,1.000000
BATES - 002767,31,1.000000
BATES - 002801,31,1.000000
BATES - 002814,31,1.000000
BATES - 002825,31,1.000000
BATES - 002847,31,1.000000
BATES - 002849,31,1.000000
BATES - 002850,31,1.000000
BATES - 002868,31,1.000000
BATES - 002892,31,1.000000
BATES - 002904,31,1.000000
BATES - 002930,31,1.000000
BENTON - 002612,28,1.000000
BENTON - 002614,28,1.000000
BENTON - 002650,28,1.000000
BENTON - 002723,28,1.000000
BENTON - 002785,28,1.000000
BENTON - 002790,28,1.000000
BENTON - 002793,28,1.000000
BENTON - 002799,28,1.000000
BENTON - 002813,28,1.000000
BENTON - 002848,28,1.000000
BENTON - 002874,28,1.000000
BENTON - 002895,28,1.000000
BENTON - 002901,28,1.000000
BOLLINGER - 000002,27,1.000000
BOLLINGER - 000003,27,1.000000
BOLLINGER - 000004,27,1.000000
BOLLINGER - 000005,27,1.000000
BOLLINGER - 000006,27,1.000000
BOLLINGER - 000007,27,1.000000
BOLLINGER - 000008,27,1.000000
BOLLINGER - 000009,27,1.000000
BOLLINGER - 000010,27,1.000000
BOLLINGER - 000011,27,1.000000
BOLLINGER - 000012,27,1.000000
BOLLINGER - 000013,27,1.000000
BOLLINGER - 000014,27,1.000000
BOLLINGER - 000015,27,1.000000
BOONE - 000001,19,1.000000
BOONE - 000001,19,1.000000
BOONE - 000001,19,1.000000
BOONE - 000001,19,1.000000
BOONE - 000001,19,1.000000
BOONE - 000001,19,1.000000
BOONE - 000001,19,1.000000
BOONE - 000001,19,1.000000
BOONE - 000001,19,1.000000
BOONE - 000002,19,1.000000
BOONE - 000002,19,1.000000
BOONE - 000002,19,1.000000
BOONE - 000002,19,1.000000
BOONE - 000002,19,1.000000
BOONE - 000002,19,1.000000
BOONE - 000002,19,1.000000
BOONE - 000002,19,1.000000
BOONE - 000002,19,1.000000
BOONE - 000002,19,1.000000
BOONE - 000002,19,1.000000
BOONE - 000003,19,1.000000
BOONE - 000003,19,1.000000
BOONE - 000003,19,1.000000
BOONE - 000003,19,1.000000
BOONE - 000003,19,1.000000
BOONE - 000003,19,1.000000
BOONE - 000004,19,1.000000
BOONE - 000004,19,1.000000
BOONE - 000004,19,1.000000
BOONE - 000004,19,1.000000
BOONE - 000004,19,1.000000
BOONE - 000004,19,1.000000
BOONE - 000004,19,1.000000
BOONE - 000004,19,1.000000
BOONE - 000004,19,1.000000
BOONE - 000004,19,1.000000
BOONE - 000004,19,1.000000
BOONE - 000004,19,1.000000
BOONE - 000005,19,1.000000
BOONE - 000005,19,1.000000
BOONE - 000005,19,1.000000
BOONE - 000005,19,1.000000
BOONE - 000005,19,1.000000
BOONE - 000005,19,1.000000
BOONE - 000005,19,1.000000
BOONE - 000005,19,1.000000
BOONE - 000005,19,1.000000
BOONE - 000005,19,1.000000
BOONE - 000005,19,1.000000
BOONE - 000005,19,1.000000
BOONE - 000005,19,1.000000
BOONE - 000006,19,1.000000
BOONE - 000006,19,1.000000
BOONE - 000006,19,1.000000
BOONE - 000006,19,1.000000
BOONE - 000006,19,1.000000
BOONE - 000006,19,1.000000
BOONE - 000006,19,1.000000
BOONE - 000006,19,1.000000
BOONE - 000006,19,1.000000
BOONE - 000007,19,1.000000
BOONE - 000008,19,1.000000
BOONE - 000009,19,1.000000
BOONE - 000010,19,1.000000
BOONE - 000011,19,1.000000
BOONE - 000012,19,1.000000
BOONE - 000014,19,1.000000
BOONE - 000015,19,1.000000
BOONE - 000016,19,1.000000
BOONE - 000017,19,1.000000
BOONE - 000018,19,1.000000
BOONE - 000019,19,1.000000
BOONE - 000020,19,1.000000
BOONE - 000021,19,1.000000
BOONE - 000022,19,1.000000
BOONE - 000023,19,1.000000
BOONE - 000024,19,1.000000
BOONE - 000025,19,1.000000
BOONE - 000026,19,1.000000
BOONE - 000027,19,1.000000
BOONE - 000028,19,1.000000
BOONE - 000029,19,1.000000
BOONE - 000030,19,1.000000
BOONE - 000031,19,1.000000
BOONE - 000032,19,1.000000
BOONE - 000033,19,1.000000
BOONE - 000034,19,1.000000
BOONE - 000035,19,1.000000
BOONE - 000036,19,1.000000
BOONE - 000037,19,1.000000
BOONE - 000038,19,1.000000
BOONE - 000039,19,1.000000
BOONE - 000040,19,1.000000
BOONE - 000041,19,1.000000
BOONE - 000042,19,1.000000
BUCHANAN - 000001,34,1.000000
BUCHANAN - 000002,34,1.000000
BUCHANAN - 000003,34,1.000000
BUCHANAN - 000004,34,1.000000
BUCHANAN - 000005,34,1.000000
BUCHANAN - 000006,34,1.000000
BUCHANAN - 000007,34,1.000000
BUCHANAN - 000008,34,1.000000
BUCHANAN - 000009,34,1.000000
BUCHANAN - 000010,34,1.000000
BUCHANAN - 000011,34,1.000000
BUCHANAN - 000012,34,1.000000
BUCHANAN - 000013,34,1.000000
BUCHANAN - 000014,34,1.000000
BUCHANAN - 000015,34,1.000000
BUCHANAN - 000016,34,1.000000
BUCHANAN - 000017,34,1.000000
BUCHANAN - 000018,34,1.000000
BUCHANAN - 000020,34,1.000000
BUCHANAN - 000021,34,1.000000
BUCHANAN - 000022,34,1.000000
BUCHANAN - 000023,34,1.000000
BUCHANAN - 000024,34,1.000000
BUCHANAN - 000025,34,1.000000
BUCHANAN - 000026,34,1.000000
BUCHANAN - 000027,12,1.000000
BUCHANAN - 000028,34,1.000000
BUCHANAN - 000029,12,0.214286
BUCHANAN - 000029,34,0.785714
BUCHANAN - 000030,34,0.495238
BUCHANAN - 000030,12,0.504762
BUCHANAN - 000031,12,1.000000
BUCHANAN - 000032,12,1.000000
BUCHANAN - 000033,34,1.000000
BUCHANAN - 000034,12,0.945238
BUCHANAN - 000034,34,0.054762
BUCHANAN - 000035,12,0.833333
BUCHANAN - 000035,34,0.166667
BUTLER - 000002,25,1.000000
BUTLER - 000003,25,1.000000
BUTLER - 000004,25,1.000000
BUTLER - 000005,25,1.000000
BUTLER - 000006,25,1.000000
BUTLER - 000007,25,1.000000
BUTLER - 000008,25,1.000000
BUTLER - 000009,25,1.000000
BUTLER - 000010,25,1.000000
BUTLER - 000011,25,1.000000
BUTLER - 000012,25,1.000000
BUTLER - 000013,25,1.000000
BUTLER - 000014,25,1.000000
BUTLER - 000015,25,1.000000
BUTLER - 000016,25,1.000000
BUTLER - 000017,25,1.000000
BUTLER - 000018,25,1.000000
BUTLER - 000019,25,1.000000
BUTLER - 000020,25,1.000000
BUTLER - 000021,25,1.000000
BUTLER - 000022,25,1.000000
BUTLER - 000023,25,1.000000
BUTLER - 000024,25,1.000000
BUTLER - 000025,25,1.000000
BUTLER - 000026,25,1.000000
CALDWELL - 000277,12,1.000000
CALDWELL - 000280,12,1.000000
CALDWELL - 000281,12,1.000000
CALDWELL - 000284,12,1.000000
CALDWELL - 000353,12,1.000000
CALDWELL - 000356,12,1.000000
CALDWELL - 000357,12,1.000000
CALDWELL - 000358,12,1.000000
CALDWELL - 000389,12,1.000000
CALDWELL - 000390,12,1.000000
CALLAWAY - 000826,10,1.000000
CALLAWAY - 000828,10,1.000000
CALLAWAY - 000839,10,1.000000
CALLAWAY - 000842,10,1.000000
CALLAWAY - 000998,10,1.000000
CALLAWAY - 001069,10,1.000000
CALLAWAY - 001081,10,1.000000
CALLAWAY - 001083,10,1.000000
CALLAWAY - 001189,10,1.000000
CALLAWAY - 001190,10,1.000000
CALLAWAY - 001271,10,1.000000
CALLAWAY - 001272,10,1.000000
CALLAWAY - 001292,10,1.000000
CALLAWAY - 001297,10,1.000000
CALLAWAY - 001306,10,1.000000
CALLAWAY - 001350,10,1.000000
CALLAWAY - 001351,10,1.000000
CALLAWAY - 001438,10,1.000000
CALLAWAY - 001479,10,1.000000
CALLAWAY - 001543,10,1.000000
CALLAWAY - 001584,10,1.000000
CALLAWAY - 001595,10,1.000000
CALLAWAY - 001763,10,1.000000
CALLAWAY - 001843,10,1.000000
CALLAWAY - 001989,10,1.000000
CALLAWAY - 001991,10,1.000000
CAMDEN - 000002,6,1.000000
CAMDEN - 000003,6,1.000000
CAMDEN - 000004,6,1.000000
CAMDEN - 000005,6,1.000000
CAMDEN - 000006,6,1.000000
CAMDEN - 000007,6,1.000000
CAMDEN - 000008,6,1.000000
CAMDEN - 000009,6,1.000000
CAMDEN - 000010,6,1.000000
CAMDEN - 000011,6,1.000000
CAMDEN - 000012,6,1.000000
CAMDEN - 000013,6,1.000000
CAMDEN - 000014,6,1.000000
CAMDEN - 000015,6,1.000000
CAMDEN - 000016,6,1.000000
CAMDEN - 000017,6,1.000000
CAMDEN - 000018,6,1.000000
CAMDEN - 000019,6,1.000000
CAMDEN - 000020,6,1.000000
CAMDEN - 000021,6,1.000000
CAMDEN - 000022,6,1.000000
CAMDEN - 000023,6,1.000000
CAMDEN - 000024,6,1.000000
CAMDEN - 000025,6,1.000000
CAPE GIRARDEAU - 000002,27,1.000000
CAPE GIRARDEAU - 000003,27,1.000000
CAPE GIRARDEAU - 000004,27,1.000000
CAPE GIRARDEAU - 000005,27,1.000000
CAPE GIRARDEAU - 000006,27,1.000000
CAPE GIRARDEAU - 000007,27,1.000000
CAPE GIRARDEAU - 000008,27,1.000000
CAPE GIRARDEAU - 000009,27,1.000000
CAPE GIRARDEAU - 000010,27,1.000000
CAPE GIRARDEAU - 000011,27,1.000000
CAPE GIRARDEAU - 000012,27,1.000000
CAPE GIRARDEAU - 000013,27,1.000000
CAPE GIRARDEAU - 000014,27,1.000000
CAPE GIRARDEAU - 000015,27,1.000000
CAPE GIRARDEAU - 000016,27,1.000000
CAPE GIRARDEAU - 000017,27,1.000000
CAPE GIRARDEAU - 000018,27,1.000000
CAPE GIRARDEAU - 000019,27,1.000000
CAPE GIRARDEAU - 000020,27,1.000000
CAPE GIRARDEAU - 000021,27,1.000000
CAPE GIRARDEAU - 000022,27,1.000000
CAPE GIRARDEAU - 000023,27,1.000000
CAPE GIRARDEAU - 000024,27,1.000000
CAPE GIRARDEAU - 000025,27,1.000000
CAPE GIRARDEAU - 000026,27,1.000000
CAPE GIRARDEAU - 000027,27,1.000000
CAPE GIRARDEAU - 000028,27,1.000000
CAPE GIRARDEAU - 000029,27,1.000000
CAPE GIRARDEAU - 000030,27,1.000000
CAPE GIRARDEAU - 000031,27,1.000000
CAPE GIRARDEAU - 000032,27,1.000000
CAPE GIRARDEAU - 000033,27,1.000000
CAPE GIRARDEAU - 000034,27,1.000000
CAPE GIRARDEAU - 000035,27,1.000000
CAPE GIRARDEAU - 000036,27,1.000000
CAPE GIRARDEAU - 000037,27,1.000000
CAPE GIRARDEAU - 000038,27,1.000000
CAPE GIRARDEAU - 000039,27,1.000000
CARROLL - 000002,12,1.000000
CARROLL - 000003,12,1.000000
CARROLL - 000004,12,1.000000
CARROLL - 000005,12,1.000000
CARROLL - 000006,12,1.000000
CARROLL - 000007,12,1.000000
CARROLL - 000008,12,1.000000
CARROLL - 000009,12,1.000000
CARROLL - 000010,12,1.000000
CARROLL - 000011,12,1.000000
CARROLL - 000012,12,1.000000
CARROLL - 000013,12,1.000000
CARROLL - 000014,12,1.000000
CARROLL - 000015,12,1.000000
CARTER - 003611,25,1.000000
CARTER - 003628,25,1.000000
CARTER - 003668,25,1.000000
CARTER - 003694,25,1.000000
CARTER - 003731,25,1.000000
CARTER - 003756,25,1.000000
CARTER - 003789,25,1.000000
CASS - 000002,31,1.000000
CASS - 000003,31,1.000000
CASS - 000004,31,1.000000
CASS - 000005,31,1.000000
CASS - 000006,31,1.000000
CASS - 000007,31,1.000000
CASS - 000008,31,1.000000
CASS - 000009,31,1.000000
CASS - 000010,31,1.000000
CASS - 000011,31,1.000000
CASS - 000012,31,1.000000
CASS - 000013,31,1.000000
CASS - 000014,31,1.000000
CASS - 000015,31,1.000000
CASS - 000016,31,1.000000
CASS - 000017,31,1.000000
CASS - 000018,31,1.000000
CASS - 000019,31,1.000000
CASS - 000020,31,1.000000
CASS - 000021,31,1.000000
CASS - 000022,31,1.000000
CASS - 000023,31,1.000000
CASS - 000024,31,1.000000
CASS - 000025,31,1.000000
CASS - 000026,31,1.000000
CASS - 000027,31,1.000000
CASS - 000028,31,1.000000
CASS - 000029,31,1.000000
CASS - 000030,31,1.000000
CASS - 000031,31,1.000000
CASS - 000032,31,1.000000
CASS - 000033,31,1.000000
CASS - 000034,31,1.000000
CASS - 000035,31,1.000000
CASS - 000036,31,1.000000
CASS - 000037,31,1.000000
CASS - 000038,31,1.000000
CASS - 000039,31,1.000000
CASS - 000040,31,1.000000
CASS - 000041,31,1.000000
CASS - 000042,31,1.000000
CASS - 000043,31,1.000000
CASS - 000044,31,1.000000
CASS - 000045,31,1.000000
CASS - 000046,31,1.000000
CASS - 000047,31,1.000000
CASS - 000048,31,1.000000
CASS - 000049,31,1.000000
CEDAR - 003052,28,1.000000
CEDAR - 003054,28,1.000000
CEDAR - 003057,28,1.000000
CEDAR - 003092,28,1.000000
CEDAR - 003129,28,1.000000
CEDAR - 003139,28,1.000000
CEDAR - 003178,28,1.000000
CEDAR - 003191,28,1.000000
CEDAR - 003192,28,1.000000
CHARITON - 000344,12,1.000000
CHARITON - 000346,12,1.000000
CHARITON - 000352,12,1.000000
CHARITON - 000354,12,1.000000
CHARITON - 000381,12,1.000000
CHARITON - 000386,12,1.000000
CHARITON - 000392,12,1.000000
CHARITON - 000418,12,1.000000
CHARITON - 000424,12,1.000000
CHARITON - 000431,12,1.000000
CHARITON - 000465,12,1.000000
CHARITON - 000503,12,1.000000
CHRISTIAN - 000002,29,1.000000
CHRISTIAN - 000003,29,1.000000
CHRISTIAN - 000004,29,1.000000
CHRISTIAN - 000005,29,1.000000
CHRISTIAN - 000006,29,1.000000
CHRISTIAN - 000007,29,1.000000
CHRISTIAN - 000008,29,1.000000
CHRISTIAN - 000009,29,1.000000
CHRISTIAN - 000010,29,1.000000
CHRISTIAN - 000011,29,1.000000
CHRISTIAN - 000012,29,1.000000
CHRISTIAN - 000013,29,1.000000
CHRISTIAN - 000014,29,1.000000
CHRISTIAN - 000015,29,1.000000
CHRISTIAN - 000016,29,1.000000
CHRISTIAN - 000017,29,1.000000
CHRISTIAN - 000018,29,1.000000
CHRISTIAN - 000019,29,1.000000
CHRISTIAN - 000020,29,1.000000
CHRISTIAN - 000021,29,1.000000
CHRISTIAN - 000022,29,1.000000
CHRISTIAN - 000023,29,1.000000
CHRISTIAN - 000024,29,1.000000
CHRISTIAN - 000025,29,1.000000
CHRISTIAN - 000026,29,1.000000
CHRISTIAN - 000027,29,1.000000
CHRISTIAN - 000028,29,1.000000
CHRISTIAN - 000029,29,1.000000
CHRISTIAN - 000030,29,1.000000
CHRISTIAN - 000031,29,1.000000
CHRISTIAN - 000032,29,1.000000
CHRISTIAN - 000033,29,1.000000
CHRISTIAN - 000034,29,1.000000
CLARK - 000002,18,1.000000
CLARK - 000003,18,1.000000
CLARK - 000004,18,1.000000
CLARK - 000005,18,1.000000
CLARK - 000006,18,1.000000
CLARK - 000007,18,1.000000
CLARK - 000008,18,1.000000
CLARK - 000009,18,1.000000
CLARK - 000010,18,1.000000
CLAY - 000002,17,1.000000
CLAY - 000003,21,1.000000
CLAY - 000004,21,1.000000
CLAY - 000005,21,1.000000
CLAY - 000006,21,1.000000
CLAY - 000007,21,1.000000
CLAY - 000008,17,1.000000
CLAY - 000009,17,1.000000
CLAY - 000010,17,1.000000
CLAY - 000011,17,1.000000
CLAY - 000012,17,1.000000
CLAY - 000013,17,1.000000
CLAY - 000014,17,1.000000
CLAY - 000015,17,1.000000
CLAY - 000016,17,1.000000
CLAY - 000017,17,1.000000
CLAY - 000018,17,1.000000
CLAY - 000019,17,1.000000
CLAY - 000020,17,1.000000
CLAY - 000021,17,1.000000
CLAY - 000022,17,1.000000
CLAY - 000023,17,1.000000
CLAY - 000024,17,1.000000
CLAY - 000025,17,1.000000
CLAY - 000026,17,1.000000
CLAY - 000027,17,1.000000
CLAY - 000028,17,1.000000
CLAY - 000029,17,1.000000
CLAY - 000030,17,1.000000
CLAY - 000031,17,1.000000
CLAY - 000032,17,1.000000
CLAY - 000033,17,1.000000
CLAY - 000034,17,1.000000
CLAY - 000035,17,1.000000
CLAY - 000036,17,1.000000
CLAY - 000037,17,1.000000
CLAY - 000038,17,1.000000
CLAY - 000039,17,1.000000
CLAY - 000040,17,1.000000
CLAY - 000041,17,1.000000
CLAY - 000042,17,1.000000
CLAY - 000043,17,1.000000
CLAY - 000044,17,1.000000
CLAY - 000045,17,1.000000
CLAY - 000046,17,1.000000
CLAY - 000047,17,1.000000
CLAY - 000048,17,1.000000
CLAY - 000049,17,1.000000
CLAY - 000050,17,1.000000
CLAY - 000051,17,1.000000
CLAY - 000052,17,1.000000
CLAY - 000053,17,1.000000
CLAY - 000054,17,1.000000
CLAY - 000055,21,1.000000
CLAY - 000056,21,1.000000
CLAY - 000057,21,1.000000
CLAY - 000058,21,1.000000
CLAY - 000059,21,0.992857
CLAY - 000059,17,0.007143
CLAY - 000060,21,1.000000
CLAY - 000061,21,1.000000
CLAY - 000062,21,1.000000
CLAY - 000063,21,1.000000
CLAY - 000064,21,0.719048
CLAY - 000064,17,0.280952
CLAY - 000065,21,1.000000
CLAY - 000066,21,1.000000
CLAY - 000067,21,1.000000
CLAY - 000068,17,0.957143
CLAY - 000068,21,0.042857
CLAY - 000069,21,1.000000
CLAY - 000070,21,1.000000
CLAY - 000071,21,1.000000
CLAY - 000072,21,0.880952
CLAY - 000072,17,0.119048
CLAY - 000073,21,1.000000
CLAY - 000074,21,0.935714
CLAY - 000074,17,0.064286
CLAY - 000075,21,1.000000
CLAY - 000076,21,1.000000
CLAY - 000077,21,1.000000
CLAY - 000078,21,1.000000
CLINTON - 000002,12,1.000000
CLINTON - 000003,12,1.000000
CLINTON - 000004,12,1.000000
CLINTON - 000005,12,1.000000
CLINTON - 000006,12,1.000000
CLINTON - 000007,12,1.000000
CLINTON - 000008,12,1.000000
CLINTON - 000009,12,1.000000
COLE - 000002,6,1.000000
COLE - 000003,6,1.000000
COLE - 000004,6,1.000000
COLE - 000005,6,1.000000
COLE - 000006,6,1.000000
COLE - 000007,6,1.000000
COLE - 000008,6,1.000000
COLE - 000009,6,1.000000
COLE - 000010,6,1.000000
COLE - 000011,6,1.000000
COLE - 000012,6,1.000000
COLE - 000013,6,1.000000
COLE - 000014,6,1.000000
COLE - 000015,6,1.000000
COLE - 000016,6,1.000000
COLE - 000017,6,1.000000
COLE - 000018,6,1.000000
COLE - 000019,6,1.000000
COLE - 000020,6,1.000000
COLE - 000021,6,1.000000
COLE - 000022,6,1.000000
COLE - 000023,6,1.000000
COLE - 000024,6,1.000000
COLE - 000025,6,1.000000
COLE - 000026,6,1.000000
COLE - 000027,6,1.000000
COLE - 000028,6,1.000000
COLE - 000029,6,1.000000
COLE - 000030,6,1.000000
COLE - 000031,6,1.000000
COLE - 000032,6,1.000000
COLE - 000033,6,0.685714
COLE - 000033,26,0.314286
COLE - 000034,6,1.000000
COLE - 000035,6,1.000000
COLE - 000036,6,1.000000
COLE - 000037,6,1.000000
COLE - 000038,6,1.000000
COLE - 000039,6,1.000000
COLE - 000040,6,1.000000
COLE - 000041,6,1.000000
COLE - 000042,6,1.000000
COLE - 000043,6,1.000000
COLE - 000044,6,1.000000
COLE - 000045,6,1.000000
COLE - 000046,6,1.000000
COLE - 000047,6,1.000000
COLE - 000048,6,1.000000
COLE - 000049,6,1.000000
COLE - 000050,6,1.000000
COOPER - 000002,21,1.000000
COOPER - 000004,21,1.000000
COOPER - 000005,21,1.000000
COOPER - 000006,21,1.000000
COOPER - 000007,21,1.000000
COOPER - 000008,21,1.000000
COOPER - 000009,21,1.000000
COOPER - 000010,21,1.000000
COOPER - 000011,21,1.000000
COOPER - 000012,21,1.000000
COOPER - 000013,21,1.000000
CRAWFORD - 000002,3,1.000000
CRAWFORD - 000003,3,1.000000
CRAWFORD - 000004,3,1.000000
CRAWFORD - 000005,3,1.000000
CRAWFORD - 000006,3,1.000000
CRAWFORD - 000007,3,1.000000
CRAWFORD - 000008,3,1.000000
CRAWFORD - 000009,3,1.000000
CRAWFORD - 000010,3,1.000000
CRAWFORD - 000011,3,1.000000
CRAWFORD - 000012,3,1.000000
CRAWFORD - 000013,3,1.000000
CRAWFORD - 000014,3,1.000000
CRAWFORD - 000015,3,1.000000
CRAWFORD - 000016,3,1.000000
CRAWFORD - 000017,3,1.000000
CRAWFORD - 000018,3,1.000000
CRAWFORD - 000019,3,1.000000
DADE - 003243,20,1.000000
DADE - 003244,20,1.000000
DADE - 003246,20,1.000000
DADE - 003263,20,1.000000
DADE - 003289,20,1.000000
DADE - 003294,20,1.000000
DADE - 003300,20,1.000000
DADE - 003330,20,1.000000
DALLAS - 000002,28,1.000000
DALLAS - 000003,28,1.000000
DALLAS - 000004,28,1.000000
DALLAS - 000005,28,1.000000
DALLAS - 000006,28,1.000000
DALLAS - 000007,28,1.000000
DALLAS - 000008,28,1.000000
DALLAS - 000009,28,1.000000
DALLAS - 000010,28,1.000000
DALLAS - 000011,28,1.000000
DALLAS - 000012,28,1.000000
DAVIESS - 000002,12,1.000000
DAVIESS - 000003,12,1.000000
DAVIESS - 000004,12,1.000000
DAVIESS - 000005,12,1.000000
DAVIESS - 000006,12,1.000000
DAVIESS - 000007,12,1.000000
DAVIESS - 000008,12,1.000000
DAVIESS - 000009,12,1.000000
DAVIESS - 000010,12,1.000000
DAVIESS - 000011,12,1.000000
DAVIESS - 000012,12,1.000000
DAVIESS - 000013,12,1.000000
DAVIESS - 000014,12,1.000000
DAVIESS - 000015,12,1.000000
DAVIESS - 000016,12,1.000000
DEKALB - 000002,12,1.000000
DEKALB - 000003,12,1.000000
DEKALB - 000004,12,1.000000
DEKALB - 000005,12,1.000000
DEKALB - 000006,12,1.000000
DEKALB - 000007,12,1.000000
DEKALB - 000008,12,1.000000
DEKALB - 000009,12,1.000000
DEKALB - 000010,12,1.000000
DEKALB - 000011,12,1.000000
DEKALB - 000012,12,1.000000
DENT - 000002,16,1.000000
DENT - 000003,16,1.000000
DENT - 000004,16,1.000000
DENT - 000005,16,1.000000
DENT - 000006,16,1.000000
DENT - 000007,16,1.000000
DENT - 000008,16,1.000000
DOUGLAS - 000002,33,1.000000
DOUGLAS - 000003,33,1.000000
DOUGLAS - 000004,33,1.000000
DOUGLAS - 000005,33,1.000000
DOUGLAS - 000006,33,1.000000
DOUGLAS - 000007,33,1.000000
DOUGLAS - 000008,33,1.000000
DOUGLAS - 000009,33,1.000000
DOUGLAS - 000010,33,1.000000
DOUGLAS - 000011,33,1.000000
DOUGLAS - 000012,33,1.000000
DOUGLAS - 000013,33,1.000000
DOUGLAS - 000014,33,1.000000
DOUGLAS - 000015,33,1.000000
DOUGLAS - 000016,33,1.000000
DOUGLAS - 000017,33,1.000000
DOUGLAS - 000018,33,1.000000
DOUGLAS - 000019,33,1.000000
DOUGLAS - 000020,33,1.000000
DOUGLAS - 000021,33,1.000000
DOUGLAS - 000022,33,1.000000
DOUGLAS - 000023,33,1.000000
DOUGLAS - 000024,33,1.000000
DOUGLAS - 000025,33,1.000000
DUNKLIN - 000002,25,1.000000
DUNKLIN - 000003,25,1.000000
DUNKLIN - 000004,25,1.000000
DUNKLIN - 000005,25,1.000000
DUNKLIN - 000006,25,1.000000
DUNKLIN - 000007,25,1.000000
DUNKLIN - 000008,25,1.000000
DUNKLIN - 000009,25,1.000000
DUNKLIN - 000010,25,1.000000
DUNKLIN - 000011,25,1.000000
DUNKLIN - 000012,25,1.000000
DUNKLIN - 000013,25,1.000000
DUNKLIN - 000014,25,1.000000
DUNKLIN - 000015,25,1.000000
DUNKLIN - 000016,25,1.000000
DUNKLIN - 000017,25,1.000000
DUNKLIN - 000018,25,1.000000
DUNKLIN - 000019,25,1.000000
DUNKLIN - 000020,25,1.000000
DUNKLIN - 000021,25,1.000000
DUNKLIN - 000022,25,1.000000
FRANKLIN - 000002,26,1.000000
FRANKLIN - 000003,26,1.000000
FRANKLIN - 000004,26,1.000000
FRANKLIN - 000005,26,1.000000
FRANKLIN - 000006,26,1.000000
FRANKLIN - 000007,26,1.000000
FRANKLIN - 000008,26,1.000000
FRANKLIN - 000009,26,1.000000
FRANKLIN - 000010,26,1.000000
FRANKLIN - 000011,26,1.000000
FRANKLIN - 000012,26,1.000000
FRANKLIN - 000013,26,1.000000
FRANKLIN - 000014,26,1.000000
FRANKLIN - 000015,26,1.000000
FRANKLIN - 000016,26,1.000000
FRANKLIN - 000017,26,1.000000
FRANKLIN - 000018,26,1.000000
FRANKLIN - 000019,26,1.000000
FRANKLIN - 000020,26,1.000000
FRANKLIN - 000021,26,1.000000
FRANKLIN - 000022,26,1.000000
FRANKLIN - 000023,26,1.000000
FRANKLIN - 000024,26,1.000000
FRANKLIN - 000025,26,1.000000
FRANKLIN - 000026,26,1.000000
FRANKLIN - 000027,26,1.000000
FRANKLIN - 000028,26,1.000000
FRANKLIN - 000029,26,1.000000
FRANKLIN - 000030,26,1.000000
FRANKLIN - 000031,26,1.000000
FRANKLIN - 000032,26,1.000000
FRANKLIN - 000033,26,1.000000
FRANKLIN - 000034,26,1.000000
FRANKLIN - 000035,26,1.000000
FRANKLIN - 000036,26,1.000000
FRANKLIN - 000037,26,1.000000
FRANKLIN - 000038,26,1.000000
FRANKLIN - 000039,26,1.000000
FRANKLIN - 000040,26,1.000000
FRANKLIN - 000041,26,1.000000
FRANKLIN - 000042,26,1.000000
FRANKLIN - 000043,26,1.000000
FRANKLIN - 000044,26,1.000000
FRANKLIN - 000045,26,1.000000
FRANKLIN - 000046,26,1.000000
FRANKLIN - 000047,26,1.000000
FRANKLIN - 000048,26,1.000000
FRANKLIN - 000049,26,1.000000
FRANKLIN - 000050,26,1.000000
FRANKLIN - 000051,26,1.000000
FRANKLIN - 000052,26,1.000000
FRANKLIN - 000053,26,1.000000
FRANKLIN - 000054,26,1.000000
FRANKLIN - 000055,26,1.000000
FRANKLIN - 000056,26,1.000000
FRANKLIN - 000057,26,1.000000
FRANKLIN - 000058,26,1.000000
FRANKLIN - 000059,26,1.000000
FRANKLIN - 000060,26,1.000000
FRANKLIN - 000061,26,1.000000
FRANKLIN - 000062,26,1.000000
FRANKLIN - 000063,26,1.000000
GASCONADE - 000002,26,1.000000
GASCONADE - 000003,26,1.000000
GASCONADE - 000004,26,1.000000
GASCONADE - 000005,26,1.000000
GASCONADE - 000006,26,1.000000
GASCONADE - 000007,26,1.000000
GASCONADE - 000008,26,1.000000
GASCONADE - 000009,26,1.000000
GASCONADE - 000010,26,1.000000
GASCONADE - 000011,26,1.000000
GASCONADE - 000012,26,1.000000
GASCONADE - 000013,26,1.000000
GASCONADE - 000014,26,1.000000
GASCONADE - 000015,26,1.000000
GASCONADE - 000016,26,1.000000
GASCONADE - 000017,26,1.000000
GENTRY - 000002,12,1.000000
GENTRY - 000003,12,1.000000
GENTRY - 000004,12,1.000000
GENTRY - 000005,12,1.000000
GENTRY - 000006,12,1.000000
GENTRY - 000007,12,1.000000
GENTRY - 000008,12,1.000000
GENTRY - 000009,12,1.000000
GENTRY - 000010,12,1.000000
GENTRY - 000011,12,1.000000
GENTRY - 000012,12,1.000000
GENTRY - 000013,12,1.000000
GENTRY - 000014,12,1.000000
GREENE - 000002,30,1.000000
GREENE - 000003,30,1.000000
GREENE - 000004,30,1.000000
GREENE - 000005,30,1.000000
GREENE - 000006,30,1.000000
GREENE - 000007,30,1.000000
GREENE - 000008,30,1.000000
GREENE - 000009,30,1.000000
GREENE - 000010,30,1.000000
GREENE - 000011,20,1.000000
GREENE - 000012,20,0.909524
GREENE - 000012,30,0.090476
GREENE - 000013,20,1.000000
GREENE - 000014,20,1.000000
GREENE - 000015,20,1.000000
GREENE - 000016,20,1.000000
GREENE - 000017,20,1.000000
GREENE - 000018,20,1.000000
GREENE - 000019,30,1.000000
GREENE - 000020,30,1.000000
GREENE - 000021,30,1.000000
GREENE - 000022,30,1.000000
GREENE - 000023,30,1.000000
GREENE - 000024,30,1.000000
GREENE - 000025,30,1.000000
GREENE - 000026,30,1.000000
GREENE - 000027,30,1.000000
GREENE - 000028,30,1.000000
GREENE - 000029,30,1.000000
GREENE - 000030,30,0.995238
GREENE - 000030,20,0.004762
GREENE - 000031,30,1.000000
GREENE - 000032,30,1.000000
GREENE - 000033,30,1.000000
GREENE - 000034,30,1.000000
GREENE - 000035,20,1.000000
GREENE - 000036,30,0.559524
GREENE - 000036,20,0.440476
GREENE - 000037,20,0.761905
GREENE - 000037,30,0.238095
GREENE - 000038,30,1.000000
GREENE - 000039,30,0.928571
GREENE - 000039,20,0.071429
GREENE - 000040,20,1.000000
GREENE - 000041,20,1.000000
GREENE - 000042,20,0.980952
GREENE - 000042,30,0.019048
GREENE - 000043,20,1.000000
GREENE - 000044,30,1.000000
GREENE - 000045,30,1.000000
GREENE - 000046,30,1.000000
GREENE - 000047,30,1.000000
GREENE - 000048,30,1.000000
GREENE - 000049,30,1.000000
GREENE - 000050,30,1.000000
GREENE - 000051,30,1.000000
GREENE - 000052,30,1.000000
GREENE - 000053,30,1.000000
GREENE - 000054,30,1.000000
GREENE - 000055,30,1.000000
GREENE - 000056,30,1.000000
GREENE - 000057,30,1.000000
GREENE - 000058,30,1.000000
GREENE - 000059,30,1.000000
GREENE - 000060,30,1.000000
GREENE - 000061,30,1.000000
GREENE - 000062,30,1.000000
GREENE - 000063,30,1.000000
GREENE - 000064,30,1.000000
GREENE - 000065,30,1.000000
GREENE - 000066,30,1.000000
GREENE - 000067,30,1.000000
GREENE - 000068,30,1.000000
GREENE - 000069,30,1.000000
GREENE - 000070,20,1.000000
GREENE - 000071,20,1.000000
GREENE - 000072,30,0.523810
GREENE - 000072,20,0.476190
GREENE - 000073,30,1.000000
GREENE - 000074,30,1.000000
GREENE - 000075,30,1.000000
GREENE - 000076,30,1.000000
GREENE - 000077,30,1.000000
GREENE - 000078,30,1.000000
GREENE - 000079,30,1.000000
GREENE - 000080,30,1.000000
GREENE - 000081,30,1.000000
GREENE - 000082,30,1.000000
GREENE - 000083,30,1.000000
GREENE - 000084,30,1.000000
GREENE - 000085,30,1.000000
GREENE - 000086,30,1.000000
GREENE - 000087,30,1.000000
GREENE - 000088,30,1.000000
GREENE - 000089,30,1.000000
GREENE - 000090,30,1.000000
GREENE - 000091,30,1.000000
GREENE - 000092,30,1.000000
GREENE - 000093,30,1.000000
GREENE - 000094,30,1.000000
GREENE - 000095,30,1.000000
GREENE - 000096,20,1.000000
GREENE - 000097,20,1.000000
GREENE - 000098,20,0.952381
GREENE - 000098,30,0.047619
GREENE - 000099,20,1.000000
GREENE - 000100,30,0.485714
GREENE - 000100,20,0.514286
GREENE - 000101,20,1.000000
GREENE - 000102,20,0.842857
GREENE - 000102,30,0.157143
GREENE - 000103,30,0.973810
GREENE - 000103,20,0.026190
GREENE - 000104,20,1.000000
GREENE - 000105,20,1.000000
GREENE - 000106,20,1.000000
GREENE - 000107,20,1.000000
GREENE - 000108,20,1.000000
GREENE - 000109,20,1.000000
GREENE - 000110,20,1.000000
GREENE - 000111,20,1.000000
GREENE - 000112,20,0.930952
GREENE - 000112,30,0.069048
GREENE - 000113,20,1.000000
GREENE - 000114,20,1.000000
GRUNDY - 000002,12,1.000000
GRUNDY - 000003,12,1.000000
GRUNDY - 000004,12,1.000000
GRUNDY - 000005,12,1.000000
GRUNDY - 000006,12,1.000000
GRUNDY - 000007,12,1.000000
GRUNDY - 000008,12,1.000000
GRUNDY - 000009,12,1.000000
GRUNDY - 000010,12,1.000000
GRUNDY - 000011,12,1.000000
GRUNDY - 000012,12,1.000000
GRUNDY - 000013,12,1.000000
GRUNDY - 000014,12,1.000000
GRUNDY - 000015,12,1.000000
GRUNDY - 000016,12,1.000000
GRUNDY - 000017,12,1.000000
HARRISON - 000002,12,1.000000
HARRISON - 000003,12,1.000000
HARRISON - 000004,12,1.000000
HARRISON - 000005,12,1.000000
HARRISON - 000006,12,1.000000
HARRISON - 000007,12,1.000000
HARRISON - 000008,12,1.000000
HARRISON - 000009,12,1.000000
HARRISON - 000010,12,1.000000
HARRISON - 000011,12,1.000000
HENRY - 000002,28,1.000000
HENRY - 000003,28,1.000000
HENRY - 000004,28,1.000000
HENRY - 000005,28,1.000000
HENRY - 000006,28,1.000000
HENRY - 000007,28,1.000000
HENRY - 000008,28,1.000000
HENRY - 000009,28,1.000000
HENRY - 000010,28,1.000000
HENRY - 000011,28,1.000000
HENRY - 000012,28,1.000000
HENRY - 000013,28,1.000000
HENRY - 000014,28,1.000000
HENRY - 000015,28,1.000000
HENRY - 000016,28,1.000000
HICKORY - 000002,28,1.000000
HICKORY - 000003,28,1.000000
HICKORY - 000004,28,1.000000
HICKORY - 000005,28,1.000000
HICKORY - 000006,28,1.000000
HICKORY - 000007,28,1.000000
HICKORY - 000008,28,1.000000
HICKORY - 000009,28,1.000000
HICKORY - 000010,28,1.000000
HICKORY - 000011,28,1.000000
HOLT - 000002,12,1.000000
HOLT - 000003,12,1.000000
HOLT - 000004,12,1.000000
HOLT - 000005,12,1.000000
HOLT - 000006,12,1.000000
HOLT - 000007,12,1.000000
HOWARD - 000002,21,1.000000
HOWARD - 000003,21,1.000000
HOWARD - 000004,21,1.000000
HOWARD - 000005,21,1.000000
HOWARD - 000006,21,1.000000
HOWARD - 000007,21,1.000000
HOWARD - 000008,21,1.000000
HOWARD - 000009,21,1.000000
HOWELL - 000002,33,1.000000
HOWELL - 000003,33,1.000000
HOWELL - 000004,33,1.000000
HOWELL - 000005,33,1.000000
HOWELL - 000006,33,1.000000
HOWELL - 000007,33,1.000000
HOWELL - 000008,33,1.000000
HOWELL - 000009,33,1.000000
HOWELL - 000010,33,1.000000
HOWELL - 000011,33,1.000000
HOWELL - 000012,33,1.000000
HOWELL - 000013,33,1.000000
HOWELL - 000014,33,1.000000
HOWELL - 000015,33,1.000000
HOWELL - 000016,33,1.000000
HOWELL - 000017,33,1.000000
HOWELL - 000018,33,1.000000
HOWELL - 000019,33,1.000000
HOWELL - 000020,33,1.000000
HOWELL - 000021,33,1.000000
IRON - 000002,27,1.000000
IRON - 000003,27,1.000000
IRON - 000004,27,1.000000
IRON - 000005,27,1.000000
IRON - 000006,27,1.000000
IRON - 000007,27,1.000000
IRON - 000008,27,1.000000
IRON - 000009,27,1.000000
IRON - 000010,27,1.000000
JACKSON - 000002,11,1.000000
JACKSON - 000003,11,1.000000
JACKSON - 000004,11,1.000000
JACKSON - 000005,11,1.000000
JACKSON - 000006,11,1.000000
JACKSON - 000007,11,1.000000
JACKSON - 000008,11,1.000000
JACKSON - 000009,11,1.000000
JACKSON - 000010,11,1.000000
JACKSON - 000011,11,1.000000
JACKSON - 000012,11,1.000000
JACKSON - 000013,11,1.000000
JACKSON - 000014,11,1.000000
JACKSON - 000015,11,1.000000
JACKSON - 000016,11,1.000000
JACKSON - 000017,11,1.000000
JACKSON - 000018,11,1.000000
JACKSON - 000019,11,1.000000
JACKSON - 000020,11,1.000000
JACKSON - 000021,11,1.000000
JACKSON - 000022,11,1.000000
JACKSON - 000023,11,1.000000
JACKSON - 000024,11,1.000000
JACKSON - 000025,11,1.000000
JACKSON - 000026,11,1.000000
JACKSON - 000027,11,1.000000
JACKSON - 000028,11,1.000000
JACKSON - 000029,11,1.000000
JACKSON - 000030,11,1.000000
JACKSON - 000031,11,1.000000
JACKSON - 000032,11,1.000000
JACKSON - 000033,11,1.000000
JACKSON - 000034,11,1.000000
JACKSON - 000035,11,1.000000
JACKSON - 000036,11,1.000000
JACKSON - 000037,11,1.000000
JACKSON - 000038,11,1.000000
JACKSON - 000039,11,1.000000
JACKSON - 000040,11,1.000000
JACKSON - 000041,11,1.000000
JACKSON - 000042,11,1.000000
JACKSON - 000043,11,1.000000
JACKSON - 000044,11,1.000000
JACKSON - 000045,11,1.000000
JACKSON - 000046,11,1.000000
JACKSON - 000047,11,1.000000
JACKSON - 000048,11,1.000000
JACKSON - 000049,11,1.000000
JACKSON - 000050,11,1.000000
JACKSON - 000051,11,1.000000
JACKSON - 000052,11,1.000000
JACKSON - 000053,11,1.000000
JACKSON - 000054,11,1.000000
JACKSON - 000055,11,1.000000
JACKSON - 000056,11,1.000000
JACKSON - 000057,11,1.000000
JACKSON - 000058,11,1.000000
JACKSON - 000059,11,1.000000
JACKSON - 000060,11,1.000000
JACKSON - 000061,11,1.000000
JACKSON - 000062,11,1.000000
JACKSON - 000063,11,1.000000
JACKSON - 000064,11,1.000000
JACKSON - 000065,11,1.000000
JACKSON - 000066,11,1.000000
JACKSON - 000067,11,1.000000
JACKSON - 000068,11,1.000000
JACKSON - 000069,11,1.000000
JACKSON - 000070,11,1.000000
JACKSON - 000071,11,1.000000
JACKSON - 000072,11,1.000000
JACKSON - 000073,11,1.000000
JACKSON - 000074,11,1.000000
JACKSON - 000075,11,1.000000
JACKSON - 000076,11,1.000000
JACKSON - 000077,11,1.000000
JACKSON - 000078,11,1.000000
JACKSON - 000079,11,1.000000
JACKSON - 000080,11,1.000000
JACKSON - 000081,11,1.000000
JACKSON - 000082,11,1.000000
JACKSON - 000083,11,1.000000
JACKSON - 000084,11,1.000000
JACKSON - 000085,11,1.000000
JACKSON - 000086,11,1.000000
JACKSON - 000087,11,1.000000
JACKSON - 000088,11,1.000000
JACKSON - 000089,11,1.000000
JACKSON - 000090,11,1.000000
JACKSON - 000091,11,1.000000
JACKSON - 000092,11,1.000000
JACKSON - 000093,11,1.000000
JACKSON - 000094,11,1.000000
JACKSON - 000095,11,1.000000
JACKSON - 000096,11,1.000000
JACKSON - 000097,11,1.000000
JACKSON - 000098,11,1.000000
JACKSON - 000099,11,1.000000
JACKSON - 000100,11,1.000000
JACKSON - 000101,11,1.000000
JACKSON - 000102,11,1.000000
JACKSON - 000103,11,1.000000
JACKSON - 000104,11,1.000000
JACKSON - 000105,11,1.000000
JACKSON - 000106,11,1.000000
JACKSON - 000107,11,1.000000
JACKSON - 000108,11,1.000000
JACKSON - 000109,9,1.000000
JACKSON - 000110,9,1.000000
JACKSON - 000111,9,1.000000
JACKSON - 000112,9,1.000000
JACKSON - 000113,9,1.000000
JACKSON - 000114,9,1.000000
JACKSON - 000115,9,1.000000
JACKSON - 000116,9,1.000000
JACKSON - 000117,9,1.000000
JACKSON - 000118,9,1.000000
JACKSON - 000119,9,1.000000
JACKSON - 000120,9,1.000000
JACKSON - 000121,9,1.000000
JACKSON - 000122,9,1.000000
JACKSON - 000123,9,1.000000
JACKSON - 000124,9,1.000000
JACKSON - 000125,9,1.000000
JACKSON - 000126,9,1.000000
JACKSON - 000127,9,1.000000
JACKSON - 000128,9,1.000000
JACKSON - 000129,9,1.000000
JACKSON - 000130,9,1.000000
JACKSON - 000131,9,1.000000
JACKSON - 000132,9,1.000000
JACKSON - 000133,9,1.000000
JACKSON - 000134,9,1.000000
JACKSON - 000135,9,1.000000
JACKSON - 000136,9,1.000000
JACKSON - 000137,9,1.000000
JACKSON - 000138,11,1.000000
JACKSON - 000139,11,1.000000
JACKSON - 000140,11,1.000000
JACKSON - 000141,11,1.000000
JACKSON - 000142,11,1.000000
JACKSON - 000143,11,1.000000
JACKSON - 000144,11,1.000000
JACKSON - 000145,11,1.000000
JACKSON - 000146,11,1.000000
JACKSON - 000147,11,1.000000
JACKSON - 000148,7,1.000000
JACKSON - 000149,7,1.000000
JACKSON - 000150,7,1.000000
JACKSON - 000151,7,1.000000
JACKSON - 000152,7,1.000000
JACKSON - 000153,7,0.947619
JACKSON - 000153,9,0.052381
JACKSON - 000154,7,1.000000
JACKSON - 000155,7,1.000000
JACKSON - 000156,7,1.000000
JACKSON - 000157,7,0.771429
JACKSON - 000157,9,0.228571
JACKSON - 000158,9,1.000000
JACKSON - 000159,7,1.000000
JACKSON - 000160,7,1.000000
JACKSON - 000161,7,1.000000
JACKSON - 000162,7,1.000000
JACKSON - 000163,7,0.585714
JACKSON - 000163,9,0.414286
JACKSON - 000164,7,1.000000
JACKSON - 000165,7,1.000000
JACKSON - 000166,9,0.414286
JACKSON - 000166,7,0.585714
JACKSON - 000167,7,0.809524
JACKSON - 000167,9,0.190476
JACKSON - 000168,9,1.000000
JACKSON - 000169,9,1.000000
JACKSON - 000170,9,1.000000
JACKSON - 000171,9,1.000000
JACKSON - 000172,9,1.000000
JACKSON - 000173,9,1.000000
JACKSON - 000174,7,1.000000
JACKSON - 000175,7,1.000000
JACKSON - 000176,7,1.000000
JACKSON - 000177,7,1.000000
JACKSON - 000178,7,1.000000
JACKSON - 000179,7,1.000000
JACKSON - 000180,7,1.000000
JACKSON - 000181,7,1.000000
JACKSON - 000182,7,1.000000
JACKSON - 000183,7,1.000000
JACKSON - 000184,7,1.000000
JACKSON - 000185,7,1.000000
JACKSON - 000186,7,0.797619
JACKSON - 000186,11,0.202381
JACKSON - 000187,7,1.000000
JACKSON - 000188,7,1.000000
JACKSON - 000189,7,1.000000
JACKSON - 000190,11,1.000000
JACKSON - 000191,11,1.000000
JACKSON - 000192,11,1.000000
JACKSON - 000193,11,0.228571
JACKSON - 000193,7,0.771429
JACKSON - 000194,7,1.000000
JACKSON - 000195,11,1.000000
JACKSON - 000196,11,1.000000
JACKSON - 000197,11,1.000000
JACKSON - 000198,11,1.000000
JACKSON - 000199,11,1.000000
JACKSON - 000200,11,1.000000
JACKSON - 000201,7,0.795238
JACKSON - 000201,11,0.204762
JACKSON - 000202,11,1.000000
JACKSON - 000203,11,1.000000
JACKSON - 000204,7,1.000000
JACKSON - 000205,11,1.000000
JACKSON - 000206,11,0.976190
JACKSON - 000206,9,0.023810
JACKSON - 000207,9,1.000000
JACKSON - 000208,9,1.000000
JACKSON - 000209,9,1.000000
JACKSON - 000210,9,1.000000
JACKSON - 000211,9,1.000000
JACKSON - 000212,9,1.000000
JACKSON - 000213,9,1.000000
JACKSON - 000214,9,1.000000
JACKSON - 000215,9,1.000000
JACKSON - 000216,9,1.000000
JACKSON - 000217,9,1.000000
JACKSON - 000218,9,1.000000
JACKSON - 000219,9,1.000000
JACKSON - 000220,9,1.000000
JACKSON - 000221,9,1.000000
JACKSON - 000222,9,1.000000
JACKSON - 000223,9,1.000000
JACKSON - 000224,9,1.000000
JACKSON - 000225,9,1.000000
JACKSON - 000226,9,1.000000
JACKSON - 000227,9,1.000000
JACKSON - 000228,9,1.000000
JACKSON - 000229,9,1.000000
JACKSON - 000230,9,1.000000
JACKSON - 000231,9,1.000000
JACKSON - 000232,9,1.000000
JACKSON - 000233,9,1.000000
JACKSON - 000234,9,1.000000
JACKSON - 000235,9,1.000000
JACKSON - 000236,9,1.000000
JACKSON - 000237,9,1.000000
JACKSON - 000238,9,1.000000
JACKSON - 000239,9,1.000000
JACKSON - 000240,9,1.000000
JACKSON - 000241,9,1.000000
JACKSON - 000242,9,1.000000
JACKSON - 000243,9,1.000000
JACKSON - 000244,9,1.000000
JACKSON - 000245,9,1.000000
JACKSON - 000246,9,1.000000
JACKSON - 000247,9,1.000000
JACKSON - 000248,9,1.000000
JACKSON - 000249,9,1.000000
JACKSON - 000250,9,1.000000
JACKSON - 000251,9,1.000000
JACKSON - 000252,9,1.000000
JACKSON - 000253,9,1.000000
JACKSON - 000254,9,1.000000
JACKSON - 000255,9,1.000000
JACKSON - 000256,9,1.000000
JACKSON - 000257,9,1.000000
JACKSON - 000258,9,1.000000
JACKSON - 000259,9,1.000000
JACKSON - 000260,9,1.000000
JACKSON - 000261,9,1.000000
JACKSON - 000262,9,1.000000
JACKSON - 000263,9,1.000000
JACKSON - 000264,9,1.000000
JACKSON - 000265,9,1.000000
JACKSON - 000266,9,1.000000
JACKSON - 000267,9,1.000000
JACKSON - 000268,9,1.000000
JACKSON - 000269,9,1.000000
JACKSON - 000270,9,1.000000
JACKSON - 000271,9,1.000000
JACKSON - 000272,9,1.000000
JACKSON - 000273,9,1.000000
JACKSON - 000274,9,1.000000
JACKSON - 000275,9,1.000000
JACKSON - 000276,9,1.000000
JACKSON - 000277,9,1.000000
JACKSON - 000278,9,1.000000
JACKSON - 000279,9,1.000000
JACKSON - 000280,9,1.000000
JACKSON - 000281,9,1.000000
JACKSON - 000282,9,1.000000
JACKSON - 000283,9,1.000000
JACKSON - 000284,9,1.000000
JACKSON - 000285,9,1.000000
JACKSON - 000286,9,1.000000
JACKSON - 000287,9,1.000000
JACKSON - 000288,9,1.000000
JACKSON - 000289,9,1.000000
JACKSON - 000290,9,1.000000
JACKSON - 000291,9,1.000000
JACKSON - 000292,9,1.000000
JACKSON - 000293,9,1.000000
JACKSON - 000294,9,1.000000
JACKSON - 000295,9,1.000000
JACKSON - 000296,7,1.000000
JACKSON - 000297,7,1.000000
JACKSON - 000298,7,1.000000
JACKSON - 000299,7,1.000000
JACKSON - 000300,9,0.733333
JACKSON - 000300,7,0.266667
JACKSON - 000301,9,1.000000
JACKSON - 000302,9,1.000000
JACKSON - 000303,9,1.000000
JACKSON - 000304,9,1.000000
JACKSON - 000305,9,1.000000
JACKSON - 000306,9,1.000000
JACKSON - 000307,9,1.000000
JACKSON - 000308,7,0.404762
JACKSON - 000308,9,0.595238
JACKSON - 000309,7,1.000000
JACKSON - 000310,7,1.000000
JACKSON - 000311,9,1.000000
JACKSON - 000312,9,1.000000
JACKSON - 000313,7,1.000000
JACKSON - 000314,9,1.000000
JACKSON - 000315,9,0.642857
JACKSON - 000315,7,0.357143
JACKSON - 000316,7,1.000000
JACKSON - 000317,7,1.000000
JACKSON - 000318,7,0.990476
JACKSON - 000318,9,0.009524
JACKSON - 000319,7,0.985714
JACKSON - 000319,9,0.014286
JACKSON - 000320,7,1.000000
JACKSON - 000321,7,1.000000
JACKSON - 000322,7,1.000000
JACKSON - 000323,7,1.000000
JACKSON - 000324,7,1.000000
JACKSON - 000325,7,1.000000
JACKSON - 000326,7,1.000000
JACKSON - 000327,7,1.000000
JACKSON - 000328,7,1.000000
JACKSON - 000329,7,1.000000
JACKSON - 000330,7,1.000000
JACKSON - 000331,7,1.000000
JACKSON - 000332,7,1.000000
JACKSON - 000333,7,1.000000
JACKSON - 000334,7,1.000000
JACKSON - 000335,7,1.000000
JACKSON - 000336,7,1.000000
JACKSON - 000337,9,1.000000
JACKSON - 000338,11,1.000000
JACKSON - 000339,9,1.000000
JACKSON - 000340,9,1.000000
JACKSON - 000341,9,1.000000
JACKSON - 000342,9,1.000000
JACKSON - 000343,9,1.000000
JACKSON - 000344,9,1.000000
JACKSON - 000345,9,1.000000
JACKSON - 000346,9,1.000000
JACKSON - 000347,9,1.000000
JACKSON - 000348,9,1.000000
JACKSON - 000349,9,1.000000
JACKSON - 000350,9,1.000000
JACKSON - 000351,9,1.000000
JACKSON - 000352,9,1.000000
JACKSON - 000353,9,1.000000
JACKSON - 000354,9,1.000000
JACKSON - 000355,9,1.000000
JACKSON - 000356,9,1.000000
JACKSON - 000357,9,1.000000
JACKSON - 000358,9,1.000000
JACKSON - 000359,9,1.000000
JACKSON - 000360,9,0.947619
JACKSON - 000360,8,0.052381
JACKSON - 000361,9,1.000000
JACKSON - 000362,9,1.000000
JACKSON - 000363,9,1.000000
JACKSON - 000364,9,1.000000
JACKSON - 000365,9,1.000000
JACKSON - 000366,9,1.000000
JACKSON - 000367,9,1.000000
JACKSON - 000368,9,1.000000
JACKSON - 000369,9,1.000000
JACKSON - 000370,9,1.000000
JACKSON - 000371,9,1.000000
JACKSON - 000372,9,1.000000
JACKSON - 000373,9,1.000000
JACKSON - 000374,9,1.000000
JACKSON - 000375,9,1.000000
JACKSON - 000376,9,1.000000
JACKSON - 000377,9,1.000000
JACKSON - 000378,9,1.000000
JACKSON - 000379,9,1.000000
JACKSON - 000380,9,1.000000
JACKSON - 000381,9,1.000000
JACKSON - 000382,9,1.000000
JACKSON - 000383,9,1.000000
JACKSON - 000384,9,1.000000
JACKSON - 000385,9,1.000000
JACKSON - 000386,9,1.000000
JACKSON - 000387,7,0.861905
JACKSON - 000387,9,0.138095
JACKSON - 000388,9,1.000000
JACKSON - 000389,8,0.440476
JACKSON - 000389,9,0.559524
JACKSON - 000390,9,1.000000
JACKSON - 000391,9,1.000000
JACKSON - 000392,9,1.000000
JACKSON - 000393,9,1.000000
JACKSON - 000394,7,0.090476
JACKSON - 000394,9,0.909524
JACKSON - 000395,8,0.535714
JACKSON - 000395,9,0.464286
JACKSON - 000396,7,1.000000
JACKSON - 000397,7,1.000000
JACKSON - 000398,9,1.000000
JACKSON - 000399,9,1.000000
JACKSON - 000400,9,1.000000
JACKSON - 000401,7,1.000000
JACKSON - 000402,9,1.000000
JACKSON - 000403,9,1.000000
JACKSON - 000404,9,1.000000
JACKSON - 000405,9,1.000000
JACKSON - 000406,9,1.000000
JACKSON - 000407,9,1.000000
JACKSON - 000408,9,1.000000
JACKSON - 000409,9,1.000000
JACKSON - 000410,9,1.000000
JACKSON - 000411,9,1.000000
JACKSON - 000412,9,1.000000
JACKSON - 000413,9,1.000000
JACKSON - 000414,9,1.000000
JACKSON - 000415,9,1.000000
JACKSON - 000416,9,1.000000
JACKSON - 000417,9,1.000000
JACKSON - 000418,9,1.000000
JACKSON - 000419,9,1.000000
JACKSON - 000420,9,1.000000
JACKSON - 000421,9,1.000000
JACKSON - 000422,9,1.000000
JACKSON - 000423,9,1.000000
JACKSON - 000424,9,1.000000
JACKSON - 000425,7,1.000000
JACKSON - 000426,7,1.000000
JACKSON - 000427,7,1.000000
JACKSON - 000428,7,1.000000
JACKSON - 000429,7,1.000000
JACKSON - 000430,7,1.000000
JACKSON - 000431,7,1.000000
JACKSON - 000432,7,1.000000
JACKSON - 000433,7,1.000000
JACKSON - 000434,7,1.000000
JACKSON - 000435,7,1.000000
JACKSON - 000436,7,1.000000
JACKSON - 000437,7,1.000000
JACKSON - 000438,7,1.000000
JACKSON - 000439,7,1.000000
JACKSON - 000440,7,1.000000
JACKSON - 000441,7,1.000000
JACKSON - 000442,7,1.000000
JACKSON - 000443,7,1.000000
JACKSON - 000444,7,1.000000
JACKSON - 000445,7,1.000000
JACKSON - 000446,7,1.000000
JACKSON - 000447,7,1.000000
JACKSON - 000448,7,1.000000
JACKSON - 000449,7,1.000000
JACKSON - 000450,7,1.000000
JACKSON - 000451,7,1.000000
JACKSON - 000452,7,1.000000
JACKSON - 000453,7,1.000000
JACKSON - 000454,7,1.000000
JACKSON - 000455,7,1.000000
JACKSON - 000456,7,1.000000
JACKSON - 000457,7,1.000000
JACKSON - 000458,9,1.000000
JACKSON - 000459,9,1.000000
JACKSON - 000460,9,1.000000
JACKSON - 000461,9,1.000000
JACKSON - 000462,9,1.000000
JACKSON - 000463,9,1.000000
JACKSON - 000464,9,1.000000
JACKSON - 000465,9,1.000000
JACKSON - 000466,9,1.000000
JACKSON - 000467,9,1.000000
JACKSON - 000468,9,1.000000
JACKSON - 000469,9,1.000000
JACKSON - 000470,9,1.000000
JACKSON - 000471,9,1.000000
JACKSON - 000472,9,1.000000
JACKSON - 000473,9,1.000000
JACKSON - 000474,7,1.000000
JACKSON - 000475,7,1.000000
JACKSON - 000476,7,1.000000
JACKSON - 000477,7,1.000000
JACKSON - 000478,7,1.000000
JACKSON - 000479,7,1.000000
JACKSON - 000480,7,1.000000
JACKSON - 000481,7,1.000000
JACKSON - 000482,7,0.680952
JACKSON - 000482,9,0.319048
JACKSON - 000483,7,1.000000
JACKSON - 000484,9,1.000000
JACKSON - 000485,7,1.000000
JACKSON - 000486,9,1.000000
JACKSON - 000487,7,1.000000
JACKSON - 000488,7,1.000000
JACKSON - 000489,7,1.000000
JACKSON - 000490,9,0.154762
JACKSON - 000490,7,0.845238
JACKSON - 000491,9,1.000000
JACKSON - 000492,7,1.000000
JACKSON - 000493,7,1.000000
JACKSON - 000494,7,1.000000
JACKSON - 000495,7,1.000000
JACKSON - 000496,7,1.000000
JACKSON - 000497,7,1.000000
JACKSON - 000498,8,1.000000
JACKSON - 000499,8,1.000000
JACKSON - 000500,8,1.000000
JACKSON - 000501,8,1.000000
JACKSON - 000502,8,1.000000
JACKSON - 000503,8,1.000000
JACKSON - 000504,8,1.000000
JACKSON - 000505,8,1.000000
JACKSON - 000506,8,1.000000
JACKSON - 000507,8,1.000000
JACKSON - 000508,8,1.000000
JACKSON - 000509,8,1.000000
JACKSON - 000510,8,1.000000
JACKSON - 000511,8,1.000000
JACKSON - 000512,8,1.000000
JACKSON - 000513,8,1.000000
JACKSON - 000514,8,1.000000
JACKSON - 000515,8,1.000000
JACKSON - 000516,8,1.000000
JACKSON - 000517,8,1.000000
JACKSON - 000518,8,1.000000
JACKSON - 000519,8,1.000000
JACKSON - 000520,8,1.000000
JACKSON - 000521,8,1.000000
JACKSON - 000522,8,0.969048
JACKSON - 000522,11,0.030952
JACKSON - 000523,8,1.000000
JACKSON - 000524,8,1.000000
JACKSON - 000525,8,1.000000
JACKSON - 000526,8,1.000000
JACKSON - 000527,8,1.000000
JACKSON - 000528,8,1.000000
JACKSON - 000529,8,1.000000
JACKSON - 000530,8,1.000000
JACKSON - 000531,8,1.000000
JACKSON - 000532,8,1.000000
JACKSON - 000533,8,1.000000
JACKSON - 000534,8,1.000000
JACKSON - 000535,8,1.000000
JACKSON - 000536,8,1.000000
JACKSON - 000537,8,1.000000
JACKSON - 000538,8,1.000000
JACKSON - 000539,8,1.000000
JACKSON - 000540,8,1.000000
JACKSON - 000541,8,1.000000
JACKSON - 000542,8,1.000000
JACKSON - 000543,8,1.000000
JACKSON - 000544,8,1.000000
JACKSON - 000545,8,1.000000
JACKSON - 000546,8,1.000000
JACKSON - 000547,8,1.000000
JACKSON - 000548,8,1.000000
JACKSON - 000549,8,1.000000
JACKSON - 000550,8,1.000000
JACKSON - 000551,8,1.000000
JACKSON - 000552,8,1.000000
JACKSON - 000553,8,1.000000
JACKSON - 000554,8,1.000000
JACKSON - 000555,8,1.000000
JACKSON - 000556,8,1.000000
JACKSON - 000557,8,1.000000
JACKSON - 000558,8,1.000000
JACKSON - 000559,8,1.000000
JACKSON - 000560,8,1.000000
JACKSON - 000561,8,1.000000
JACKSON - 000562,8,1.000000
JACKSON - 000563,8,1.000000
JACKSON - 000564,8,1.000000
JACKSON - 000565,8,1.000000
JACKSON - 000566,8,1.000000
JACKSON - 000567,8,1.000000
JACKSON - 000568,8,1.000000
JACKSON - 000569,11,1.000000
JACKSON - 000570,8,1.000000
JACKSON - 000571,8,1.000000
JACKSON - 000572,8,1.000000
JACKSON - 000573,8,1.000000
JACKSON - 000574,8,1.000000
JACKSON - 000575,8,1.000000
JACKSON - 000576,8,1.000000
JACKSON - 000577,8,0.590476
JACKSON - 000577,11,0.409524
JACKSON - 000578,8,0.969048
JACKSON - 000578,11,0.030952
JACKSON - 000579,8,1.000000
JACKSON - 000580,8,1.000000
JACKSON - 000581,11,0.878571
JACKSON - 000581,8,0.121429
JACKSON - 000582,11,0.990476
JACKSON - 000582,8,0.009524
JACKSON - 000583,8,1.000000
JACKSON - 000584,8,1.000000
JACKSON - 000585,8,1.000000
JACKSON - 000586,8,1.000000
JACKSON - 000587,8,1.000000
JACKSON - 000588,8,1.000000
JACKSON - 000589,8,1.000000
JACKSON - 000590,8,1.000000
JACKSON - 000591,8,1.000000
JACKSON - 000592,8,1.000000
JACKSON - 000593,11,1.000000
JACKSON - 000594,8,1.000000
JACKSON - 000595,8,1.000000
JACKSON - 000596,8,1.000000
JACKSON - 000597,8,1.000000
JACKSON - 000598,8,1.000000
JACKSON - 000599,8,1.000000
JACKSON - 000600,8,1.000000
JACKSON - 000601,8,1.000000
JACKSON - 000602,8,1.000000
JACKSON - 000603,8,1.000000
JACKSON - 000604,8,1.000000
JACKSON - 000605,8,1.000000
JACKSON - 000606,11,1.000000
JACKSON - 000607,11,1.000000
JACKSON - 000608,11,1.000000
JACKSON - 000609,11,1.000000
JACKSON - 000610,11,1.000000
JACKSON - 000611,11,1.000000
JACKSON - 000612,11,1.000000
JACKSON - 000613,8,0.947619
JACKSON - 000613,11,0.052381
JACKSON - 000614,11,1.000000
JACKSON - 000615,11,0.964286
JACKSON - 000615,8,0.035714
JACKSON - 000616,11,1.000000
JACKSON - 000617,11,1.000000
JACKSON - 000618,11,1.000000
JACKSON - 000619,11,1.000000
JACKSON - 000620,8,1.000000
JACKSON - 000621,8,0.969048
JACKSON - 000621,11,0.030952
JACKSON - 000622,11,1.000000
JACKSON - 000623,8,1.000000
JACKSON - 000624,8,1.000000
JACKSON - 000625,8,1.000000
JACKSON - 000626,11,0.850000
JACKSON - 000626,8,0.150000
JACKSON - 000627,8,1.000000
JACKSON - 000628,8,1.000000
JACKSON - 000629,8,0.928571
JACKSON - 000629,11,0.071429
JACKSON - 000630,8,1.000000
JACKSON - 000631,11,1.000000
JACKSON - 000632,11,1.000000
JACKSON - 000633,11,1.000000
JACKSON - 000634,8,0.914286
JACKSON - 000634,11,0.085714
JACKSON - 000635,11,1.000000
JACKSON - 000636,8,1.000000
JACKSON - 000637,11,1.000000
JACKSON - 000638,8,0.919048
JACKSON - 000638,11,0.080952
JACKSON - 000639,8,1.000000
JACKSON - 000640,8,1.000000
JACKSON - 000641,8,1.000000
JACKSON - 000642,8,1.000000
JACKSON - 000643,8,1.000000
JACKSON - 000644,8,1.000000
JACKSON - 000645,8,1.000000
JACKSON - 000646,8,1.000000
JACKSON - 000647,8,1.000000
JACKSON - 000648,7,1.000000
JACKSON - 000649,7,1.000000
JACKSON - 000650,7,1.000000
JACKSON - 000651,7,1.000000
JACKSON - 000652,7,1.000000
JACKSON - 000653,7,1.000000
JACKSON - 000654,7,1.000000
JACKSON - 000655,7,1.000000
JACKSON - 000656,7,1.000000
JACKSON - 000657,7,1.000000
JACKSON - 000658,7,1.000000
JACKSON - 000659,7,1.000000
JACKSON - 000660,7,1.000000
JACKSON - 000661,7,1.000000
JACKSON - 000662,7,1.000000
JACKSON - 000663,7,1.000000
JACKSON - 000664,7,1.000000
JASPER - 000002,32,1.000000
JASPER - 000003,32,1.000000
JASPER - 000004,32,1.000000
JASPER - 000005,32,1.000000
JASPER - 000006,32,1.000000
JASPER - 000007,32,1.000000
JASPER - 000008,32,1.000000
JASPER - 000009,32,1.000000
JASPER - 000010,32,1.000000
JASPER - 000011,32,1.000000
JASPER - 000012,32,1.000000
JASPER - 000013,32,1.000000
JASPER - 000014,32,1.000000
JASPER - 000015,32,1.000000
JASPER - 000016,32,1.000000
JASPER - 000017,32,1.000000
JASPER - 000018,32,1.000000
JASPER - 000019,32,1.000000
JASPER - 000020,32,1.000000
JASPER - 000021,32,1.000000
JASPER - 000022,32,1.000000
JASPER - 000023,32,1.000000
JASPER - 000024,32,1.000000
JASPER - 000025,32,1.000000
JASPER - 000026,32,1.000000
JASPER - 000027,32,1.000000
JASPER - 000028,32,1.000000
JASPER - 000029,32,1.000000
JASPER - 000030,32,1.000000
JASPER - 000031,32,1.000000
JASPER - 000032,32,1.000000
JASPER - 000033,32,1.000000
JASPER - 000034,32,1.000000
JASPER - 000035,32,1.000000
JASPER - 000036,32,1.000000
JASPER - 000037,32,1.000000
JASPER - 000038,32,1.000000
JASPER - 000039,32,1.000000
JASPER - 000040,32,1.000000
JASPER - 000041,32,1.000000
JASPER - 000042,32,1.000000
JASPER - 000043,32,1.000000
JASPER - 000044,32,1.000000
JASPER - 000045,32,1.000000
JASPER - 000046,32,1.000000
JASPER - 000047,32,1.000000
JEFFERSON - 000002,3,0.821429
JEFFERSON - 000002,22,0.178571
JEFFERSON - 000003,22,0.778571
JEFFERSON - 000003,3,0.221429
JEFFERSON - 000004,22,1.000000
JEFFERSON - 000005,22,1.000000
JEFFERSON - 000006,22,1.000000
JEFFERSON - 000007,22,1.000000
JEFFERSON - 000008,22,1.000000
JEFFERSON - 000009,22,1.000000
JEFFERSON - 000010,3,1.000000
JEFFERSON - 000011,22,1.000000
JEFFERSON - 000012,22,1.000000
JEFFERSON - 000013,22,1.000000
JEFFERSON - 000014,22,1.000000
JEFFERSON - 000015,22,1.000000
JEFFERSON - 000016,22,1.000000
JEFFERSON - 000017,22,0.985714
JEFFERSON - 000017,3,0.014286
JEFFERSON - 000018,22,1.000000
JEFFERSON - 000019,22,1.000000
JEFFERSON - 000020,22,1.000000
JEFFERSON - 000021,3,1.000000
JEFFERSON - 000022,22,1.000000
JEFFERSON - 000023,22,1.000000
JEFFERSON - 000024,22,1.000000
JEFFERSON - 000025,3,1.000000
JEFFERSON - 000026,22,1.000000
JEFFERSON - 000027,3,1.000000
JEFFERSON - 000028,3,1.000000
JEFFERSON - 000029,3,1.000000
JEFFERSON - 000030,3,0.950000
JEFFERSON - 000030,22,0.050000
JEFFERSON - 000031,22,1.000000
JEFFERSON - 000032,22,1.000000
JEFFERSON - 000033,22,1.000000
JEFFERSON - 000034,22,1.000000
JEFFERSON - 000035,22,1.000000
JEFFERSON - 000036,3,1.000000
JEFFERSON - 000037,3,1.000000
JEFFERSON - 000038,3,1.000000
JEFFERSON - 000039,22,1.000000
JEFFERSON - 000040,22,1.000000
JEFFERSON - 000041,22,1.000000
JEFFERSON - 000042,22,1.000000
JEFFERSON - 000043,22,1.000000
JEFFERSON - 000044,22,1.000000
JEFFERSON - 000045,22,1.000000
JEFFERSON - 000046,22,1.000000
JEFFERSON - 000047,22,1.000000
JEFFERSON - 000048,3,0.973810
JEFFERSON - 000048,22,0.026190
JEFFERSON - 000049,3,0.995238
JEFFERSON - 000049,22,0.004762
JEFFERSON - 000050,22,1.000000
JEFFERSON - 000051,22,1.000000
JEFFERSON - 000052,22,1.000000
JEFFERSON - 000053,22,1.000000
JEFFERSON - 000054,22,1.000000
JEFFERSON - 000055,22,1.000000
JEFFERSON - 000056,22,0.992857
JEFFERSON - 000056,24,0.007143
JEFFERSON - 000057,22,1.000000
JEFFERSON - 000058,22,1.000000
JEFFERSON - 000059,22,0.973810
JEFFERSON - 000059,24,0.026190
JEFFERSON - 000060,22,1.000000
JEFFERSON - 000061,22,1.000000
JEFFERSON - 000062,3,1.000000
JEFFERSON - 000063,3,1.000000
JEFFERSON - 000064,22,1.000000
JEFFERSON - 000065,22,1.000000
JEFFERSON - 000066,22,1.000000
JEFFERSON - 000067,22,1.000000
JEFFERSON - 000068,3,1.000000
JEFFERSON - 000069,22,1.000000
JEFFERSON - 000070,22,1.000000
JEFFERSON - 000071,22,1.000000
JEFFERSON - 000072,22,1.000000
JEFFERSON - 000073,22,1.000000
JEFFERSON - 000074,22,1.000000
JEFFERSON - 000075,22,1.000000
JEFFERSON - 000076,3,1.000000
JEFFERSON - 000077,22,1.000000
JEFFERSON - 000078,22,1.000000
JEFFERSON - 000079,22,1.000000
JEFFERSON - 000080,3,1.000000
JEFFERSON - 000081,3,1.000000
JEFFERSON - 000082,3,1.000000
JEFFERSON - 000083,3,1.000000
JEFFERSON - 000084,3,1.000000
JEFFERSON - 000085,3,1.000000
JEFFERSON - 000086,3,1.000000
JEFFERSON - 000087,22,1.000000
JOHNSON - 000002,31,1.000000
JOHNSON - 000003,31,1.000000
JOHNSON - 000004,31,1.000000
JOHNSON - 000005,31,1.000000
JOHNSON - 000006,31,1.000000
JOHNSON - 000007,31,1.000000
JOHNSON - 000008,31,1.000000
JOHNSON - 000009,31,1.000000
JOHNSON - 000010,31,1.000000
JOHNSON - 000011,31,1.000000
JOHNSON - 000012,31,1.000000
JOHNSON - 000013,31,1.000000
JOHNSON - 000014,31,1.000000
JOHNSON - 000015,31,1.000000
JOHNSON - 000016,31,1.000000
JOHNSON - 000017,31,1.000000
JOHNSON - 000018,31,1.000000
JOHNSON - 000019,31,1.000000
JOHNSON - 000020,31,1.000000
JOHNSON - 000021,31,1.000000
KNOX - 000002,18,1.000000
KNOX - 000003,18,1.000000
KNOX - 000004,18,1.000000
KNOX - 000005,18,1.000000
KNOX - 000006,18,1.000000
KNOX - 000007,18,1.000000
LACLEDE - 000002,16,1.000000
LACLEDE - 000003,16,1.000000
LACLEDE - 000004,16,1.000000
LACLEDE - 000005,16,1.000000
LACLEDE - 000006,16,1.000000
LACLEDE - 000007,16,1.000000
LACLEDE - 000008,16,1.000000
LACLEDE - 000009,16,1.000000
LACLEDE - 000010,16,1.000000
LACLEDE - 000011,16,1.000000
LACLEDE - 000012,16,1.000000
LACLEDE - 000013,16,1.000000
LACLEDE - 000014,16,1.000000
LACLEDE - 000015,16,1.000000
LACLEDE - 000016,16,1.000000
LACLEDE - 000017,16,1.000000
LACLEDE - 000018,16,1.000000
LACLEDE - 000019,16,1.000000
LACLEDE - 000020,16,1.000000
LACLEDE - 000021,16,1.000000
LACLEDE - 000022,16,1.000000
LACLEDE - 000023,16,1.000000
LAFAYETTE - 000002,21,1.000000
LAFAYETTE - 000003,21,1.000000
LAFAYETTE - 000004,21,1.000000
LAFAYETTE - 000005,21,1.000000
LAFAYETTE - 000006,21,1.000000
LAFAYETTE - 000007,21,1.000000
LAFAYETTE - 000008,21,1.000000
LAFAYETTE - 000009,21,1.000000
LAFAYETTE - 000010,21,1.000000
LAFAYETTE - 000011,21,1.000000
LAFAYETTE - 000012,21,1.000000
LAFAYETTE - 000013,21,1.000000
LAFAYETTE - 000014,21,1.000000
LAFAYETTE - 000015,21,1.000000
LAFAYETTE - 000016,21,1.000000
LAFAYETTE - 000017,21,1.000000
LAFAYETTE - 000018,21,1.000000
LAFAYETTE - 000019,21,1.000000
LAFAYETTE - 000020,21,1.000000
LAFAYETTE - 000021,21,1.000000
LAWRENCE - 000002,29,1.000000
LAWRENCE - 000003,29,1.000000
LAWRENCE - 000004,29,1.000000
LAWRENCE - 000005,29,1.000000
LAWRENCE - 000006,29,1.000000
LAWRENCE - 000007,29,1.000000
LAWRENCE - 000008,29,1.000000
LAWRENCE - 000009,29,1.000000
LAWRENCE - 000010,29,1.000000
LAWRENCE - 000011,29,1.000000
LAWRENCE - 000012,29,1.000000
LAWRENCE - 000013,29,1.000000
LAWRENCE - 000014,29,1.000000
LAWRENCE - 000015,29,1.000000
LAWRENCE - 000016,29,1.000000
LAWRENCE - 000017,29,1.000000
LAWRENCE - 000018,29,1.000000
LAWRENCE - 000019,29,1.000000
LAWRENCE - 000020,29,1.000000
LEWIS - 000002,18,1.000000
LEWIS - 000003,18,1.000000
LEWIS - 000004,18,1.000000
LEWIS - 000005,18,1.000000
LEWIS - 000006,18,1.000000
LEWIS - 000007,18,1.000000
LEWIS - 000008,18,1.000000
LEWIS - 000009,18,1.000000
LEWIS - 000010,18,1.000000
LEWIS - 000011,18,1.000000
LINCOLN - 000002,10,1.000000
LINCOLN - 000003,10,1.000000
LINCOLN - 000004,10,1.000000
LINCOLN - 000005,10,1.000000
LINCOLN - 000006,10,1.000000
LINCOLN - 000007,10,1.000000
LINCOLN - 000008,10,1.000000
LINCOLN - 000009,10,1.000000
LINCOLN - 000010,10,1.000000
LINCOLN - 000011,10,1.000000
LINCOLN - 000012,10,1.000000
LINCOLN - 000013,10,1.000000
LINCOLN - 000014,10,1.000000
LINCOLN - 000015,10,1.000000
LINCOLN - 000016,10,1.000000
LINCOLN - 000017,10,1.000000
LINCOLN - 000018,10,1.000000
LINCOLN - 000019,10,1.000000
LINCOLN - 000020,10,1.000000
LINCOLN - 000021,10,1.000000
LINCOLN - 000022,10,1.000000
LINCOLN - 000023,10,1.000000
LINCOLN - 000024,10,1.000000
LINCOLN - 000025,10,1.000000
LINN - 000002,12,1.000000
LINN - 000003,12,1.000000
LINN - 000004,12,1.000000
LINN - 000005,12,1.000000
LINN - 000006,12,1.000000
LINN - 000007,12,1.000000
LINN - 000008,12,1.000000
LINN - 000009,12,1.000000
LINN - 000010,12,1.000000
LINN - 000011,12,1.000000
LINN - 000012,12,1.000000
LINN - 000013,12,1.000000
LINN - 000014,12,1.000000
LINN - 000015,12,1.000000
LINN - 000016,12,1.000000
LINN - 000017,12,1.000000
LINN - 000018,12,1.000000
LINN - 000019,12,1.000000
LINN - 000020,12,1.000000
LINN - 000021,12,1.000000
LINN - 000022,12,1.000000
LINN - 000023,12,1.000000
LINN - 000024,12,1.000000
LIVINGSTON - 000002,12,1.000000
LIVINGSTON - 000003,12,1.000000
LIVINGSTON - 000004,12,1.000000
LIVINGSTON - 000005,12,1.000000
LIVINGSTON - 000006,12,1.000000
LIVINGSTON - 000007,12,1.000000
LIVINGSTON - 000008,12,1.000000
LIVINGSTON - 000009,12,1.000000
LIVINGSTON - 000010,12,1.000000
LIVINGSTON - 000011,12,1.000000
LIVINGSTON - 000012,12,1.000000
LIVINGSTON - 000013,12,1.000000
LIVINGSTON - 000014,12,1.000000
LIVINGSTON - 000015,12,1.000000
MACON - 000002,18,1.000000
MACON - 000003,18,1.000000
MACON - 000004,18,1.000000
MACON - 000005,18,1.000000
MACON - 000006,18,1.000000
MACON - 000007,18,1.000000
MACON - 000008,18,1.000000
MACON - 000009,18,1.000000
MACON - 000010,18,1.000000
MACON - 000011,18,1.000000
MACON - 000012,18,1.000000
MACON - 000013,18,1.000000
MADISON - 000002,27,1.000000
MADISON - 000003,27,1.000000
MADISON - 000004,27,1.000000
MADISON - 000005,27,1.000000
MADISON - 000006,27,1.000000
MADISON - 000007,27,1.000000
MADISON - 000008,27,1.000000
MARIES - 000002,16,1.000000
MARIES - 000003,16,1.000000
MARIES - 000004,16,1.000000
MARIES - 000005,16,1.000000
MARIES - 000006,16,1.000000
MARIES - 000007,16,1.000000
MARIES - 000008,16,1.000000
MARIES - 000009,16,1.000000
MARIES - 000010,16,1.000000
MARION - 000002,18,1.000000
MARION - 000003,18,1.000000
MARION - 000004,18,1.000000
MARION - 000005,18,1.000000
MARION - 000006,18,1.000000
MARION - 000007,18,1.000000
MARION - 000008,18,1.000000
MARION - 000009,18,1.000000
MARION - 000010,18,1.000000
MARION - 000011,18,1.000000
MARION - 000012,18,1.000000
MARION - 000013,18,1.000000
MARION - 000014,18,1.000000
MARION - 000015,18,1.000000
MARION - 000016,18,1.000000
MARION - 000017,18,1.000000
MARION - 000018,18,1.000000
MARION - 000019,18,1.000000
MARION - 000020,18,1.000000
MARION - 000021,18,1.000000
MARION - 000022,18,1.000000
MARION - 000023,18,1.000000
MCDONALD - 000002,29,1.000000
MCDONALD - 000003,29,1.000000
MCDONALD - 000004,29,1.000000
MCDONALD - 000005,29,1.000000
MCDONALD - 000006,29,1.000000
MCDONALD - 000007,29,1.000000
MCDONALD - 000008,29,1.000000
MCDONALD - 000009,29,1.000000
MCDONALD - 000010,29,1.000000
MCDONALD - 000011,29,1.000000
MCDONALD - 000012,29,1.000000
MCDONALD - 000013,29,1.000000
MCDONALD - 000014,29,1.000000
MCDONALD - 000015,29,1.000000
MCDONALD - 000016,29,1.000000
MCDONALD - 000017,29,1.000000
MCDONALD - 000018,29,1.000000
MCDONALD - 000019,29,1.000000
MCDONALD - 000020,29,1.000000
MERCER - 000002,12,1.000000
MERCER - 000003,12,1.000000
MERCER - 000004,12,1.000000
MERCER - 000005,12,1.000000
MERCER - 000006,12,1.000000
MERCER - 000007,12,1.000000
MERCER - 000008,12,1.000000
MERCER - 000009,12,1.000000
MERCER - 000010,12,1.000000
MILLER - 000002,6,1.000000
MILLER - 000003,6,1.000000
MILLER - 000004,6,1.000000
MILLER - 000005,6,1.000000
MILLER - 000006,6,1.000000
MILLER - 000007,6,1.000000
MILLER - 000008,6,1.000000
MILLER - 000009,6,1.000000
MILLER - 000010,6,1.000000
MILLER - 000011,6,1.000000
MILLER - 000012,6,1.000000
MILLER - 000013,6,1.000000
MILLER - 000014,6,1.000000
MILLER - 000015,6,1.000000
MILLER - 000016,6,1.000000
MILLER - 000017,6,1.000000
MILLER - 000018,6,1.000000
MILLER - 000019,6,1.000000
MILLER - 000020,6,1.000000
MILLER - 000021,6,1.000000
MILLER - 000022,6,1.000000
MISSISSIPPI - 000002,25,1.000000
MISSISSIPPI - 000003,25,1.000000
MISSISSIPPI - 000004,25,1.000000
MISSISSIPPI - 000005,25,1.000000
MISSISSIPPI - 000006,25,1.000000
MISSISSIPPI - 000007,25,1.000000
MISSISSIPPI - 000008,25,1.000000
MISSISSIPPI - 000009,25,1.000000
MISSISSIPPI - 000010,25,1.000000
MISSISSIPPI - 000011,25,1.000000
MISSISSIPPI - 000012,25,1.000000
MISSISSIPPI - 000013,25,1.000000
MISSISSIPPI - 000014,25,1.000000
MISSISSIPPI - 000015,25,1.000000
MISSISSIPPI - 000016,25,1.000000
MISSISSIPPI - 000017,25,1.000000
MISSISSIPPI - 000018,25,1.000000
MISSISSIPPI - 000019,25,1.000000
MISSISSIPPI - 000020,25,1.000000
MISSISSIPPI - 000021,25,1.000000
MISSISSIPPI - 000022,25,1.000000
MISSISSIPPI - 000023,25,1.000000
MONITEAU - 000002,6,1.000000
MONITEAU - 000003,6,1.000000
MONITEAU - 000004,6,1.000000
MONITEAU - 000005,6,1.000000
MONITEAU - 000006,6,1.000000
MONITEAU - 000007,6,1.000000
MONITEAU - 000008,6,1.000000
MONITEAU - 000009,6,1.000000
MONITEAU - 000010,6,1.000000
MONITEAU - 000011,6,1.000000
MONITEAU - 000012,6,1.000000
MONITEAU - 000013,6,1.000000
MONROE - 000002,18,1.000000
MONROE - 000003,18,1.000000
MONROE - 000004,18,1.000000
MONROE - 000005,18,1.000000
MONROE - 000006,18,1.000000
MONROE - 000007,18,1.000000
MONROE - 000008,18,1.000000
MONROE - 000009,18,1.000000
MONTGOMERY - 000002,10,0.969048
MONTGOMERY - 000002,26,0.030952
MONTGOMERY - 000003,10,1.000000
MONTGOMERY - 000004,10,1.000000
MONTGOMERY - 000005,10,1.000000
MONTGOMERY - 000006,10,1.000000
MONTGOMERY - 000007,10,1.000000
MONTGOMERY - 000008,10,1.000000
MONTGOMERY - 000009,10,1.000000
MONTGOMERY - 000010,10,1.000000
MONTGOMERY - 000011,10,1.000000
MORGAN - 000002,6,1.000000
MORGAN - 000003,6,1.000000
MORGAN - 000004,6,1.000000
MORGAN - 000005,6,1.000000
MORGAN - 000006,6,1.000000
MORGAN - 000007,6,1.000000
MORGAN - 000008,6,1.000000
MORGAN - 000009,6,1.000000
MORGAN - 000010,6,1.000000
MORGAN - 000011,6,1.000000
MORGAN - 000012,6,1.000000
MORGAN - 000013,6,1.000000
MORGAN - 000014,6,1.000000
MORGAN - 000015,6,1.000000
MORGAN - 000016,6,1.000000
MORGAN - 000017,6,1.000000
NEW MADRID - 000002,25,1.000000
NEW MADRID - 000003,25,1.000000
NEW MADRID - 000004,25,1.000000
NEW MADRID - 000005,25,1.000000
NEW MADRID - 000006,25,1.000000
NEW MADRID - 000007,25,1.000000
NEW MADRID - 000008,25,1.000000
NEW MADRID - 000009,25,1.000000
NEW MADRID - 000010,25,1.000000
NEW MADRID - 000011,25,1.000000
NEW MADRID - 000012,25,1.000000
NEW MADRID - 000013,25,1.000000
NEW MADRID - 000014,25,1.000000
NEW MADRID - 000015,25,1.000000
NEW MADRID - 000016,25,1.000000
NEW MADRID - 000017,25,1.000000
NEW MADRID - 000018,25,1.000000
NEW MADRID - 000019,25,1.000000
NEW MADRID - 000020,25,1.000000
NEW MADRID - 000021,25,1.000000
NEW MADRID - 000022,25,1.000000
NEW MADRID - 000023,25,1.000000
NEW MADRID - 000024,25,1.000000
NEW MADRID - 000025,25,1.000000
NEW MADRID - 000026,25,1.000000
NEW MADRID - 000027,25,1.000000
NEW MADRID - 000028,25,1.000000
NEW MADRID - 000029,25,1.000000
NEW MADRID - 000030,25,1.000000
NEW MADRID - 000031,25,1.000000
NEWTON - 000002,32,1.000000
NEWTON - 000003,32,1.000000
NEWTON - 000004,32,1.000000
NEWTON - 000005,32,1.000000
NEWTON - 000006,32,1.000000
NEWTON - 000007,32,1.000000
NEWTON - 000008,32,1.000000
NEWTON - 000009,32,1.000000
NEWTON - 000010,32,1.000000
NEWTON - 000011,32,1.000000
NEWTON - 000012,32,1.000000
NEWTON - 000013,32,1.000000
NEWTON - 000014,32,1.000000
NEWTON - 000015,32,1.000000
NEWTON - 000016,32,1.000000
NEWTON - 000017,32,1.000000
NEWTON - 000018,32,1.000000
NODAWAY - 000002,12,1.000000
NODAWAY - 000003,12,1.000000
NODAWAY - 000004,12,1.000000
NODAWAY - 000005,12,1.000000
NODAWAY - 000006,12,1.000000
NODAWAY - 000007,12,1.000000
NODAWAY - 000008,12,1.000000
NODAWAY - 000009,12,1.000000
NODAWAY - 000010,12,1.000000
NODAWAY - 000011,12,1.000000
NODAWAY - 000012,12,1.000000
NODAWAY - 000013,12,1.000000
NODAWAY - 000014,12,1.000000
NODAWAY - 000015,12,1.000000
NODAWAY - 000016,12,1.000000
NODAWAY - 000017,12,1.000000
NODAWAY - 000018,12,1.000000
NODAWAY - 000019,12,1.000000
NODAWAY - 000020,12,1.000000
OREGON - 000002,25,1.000000
OREGON - 000003,25,1.000000
OREGON - 000004,25,1.000000
OREGON - 000005,25,1.000000
OREGON - 000006,25,1.000000
OREGON - 000007,25,1.000000
OREGON - 000008,25,1.000000
OREGON - 000009,25,1.000000
OREGON - 000010,25,1.000000
OREGON - 000011,25,1.000000
OREGON - 000012,25,1.000000
OREGON - 000013,25,1.000000
OREGON - 000014,25,1.000000
OREGON - 000015,25,1.000000
OREGON - 000016,25,1.000000
OSAGE - 000002,26,1.000000
OSAGE - 000003,26,1.000000
OSAGE - 000004,26,1.000000
OSAGE - 000005,26,1.000000
OSAGE - 000006,26,1.000000
OSAGE - 000007,26,1.000000
OSAGE - 000008,26,1.000000
OSAGE - 000009,26,1.000000
OSAGE - 000010,26,1.000000
OSAGE - 000011,26,1.000000
OSAGE - 000012,26,1.000000
OSAGE - 000013,26,1.000000
OSAGE - 000014,26,1.000000
OSAGE - 000015,26,1.000000
OSAGE - 000016,26,1.000000
OSAGE - 000017,26,1.000000
OSAGE - 000018,26,1.000000
OSAGE - 000019,26,1.000000
OSAGE - 000020,26,1.000000
OZARK - 000002,33,1.000000
OZARK - 000003,33,1.000000
OZARK - 000004,33,1.000000
OZARK - 000005,33,1.000000
OZARK - 000006,33,1.000000
OZARK - 000007,33,1.000000
OZARK - 000008,33,1.000000
OZARK - 000009,33,1.000000
OZARK - 000010,33,1.000000
OZARK - 000011,33,1.000000
PEMISCOT - 000002,25,1.000000
PEMISCOT - 000003,25,1.000000
PEMISCOT - 000004,25,1.000000
PEMISCOT - 000005,25,1.000000
PEMISCOT - 000006,25,1.000000
PEMISCOT - 000007,25,1.000000
PEMISCOT - 000008,25,1.000000
PEMISCOT - 000009,25,1.000000
PEMISCOT - 000010,25,1.000000
PEMISCOT - 000011,25,1.000000
PEMISCOT - 000012,25,1.000000
PEMISCOT - 000013,25,1.000000
PEMISCOT - 000014,25,1.000000
PEMISCOT - 000015,25,1.000000
PEMISCOT - 000016,25,1.000000
PEMISCOT - 000017,25,1.000000
PEMISCOT - 000018,25,1.000000
PEMISCOT - 000019,25,1.000000
PEMISCOT - 000020,25,1.000000
PEMISCOT - 000021,25,1.000000
PERRY - 000002,27,1.000000
PERRY - 000003,27,1.000000
PERRY - 000004,27,1.000000
PERRY - 000005,27,1.000000
PERRY - 000006,27,1.000000
PERRY - 000007,27,1.000000
PERRY - 000008,27,1.000000
PERRY - 000009,27,1.000000
PERRY - 000010,27,1.000000
PERRY - 000011,27,1.000000
PERRY - 000012,27,1.000000
PERRY - 000013,27,1.000000
PERRY - 000014,27,1.000000
PERRY - 000015,27,1.000000
PERRY - 000016,27,1.000000
PERRY - 000017,27,1.000000
PETTIS - 000002,28,1.000000
PETTIS - 000003,28,1.000000
PETTIS - 000004,28,1.000000
PETTIS - 000005,28,1.000000
PETTIS - 000006,28,1.000000
PETTIS - 000007,28,1.000000
PETTIS - 000008,28,1.000000
PETTIS - 000009,28,1.000000
PETTIS - 000010,28,1.000000
PETTIS - 000011,28,1.000000
PETTIS - 000012,28,1.000000
PETTIS - 000013,28,1.000000
PETTIS - 000014,28,1.000000
PETTIS - 000015,28,1.000000
PETTIS - 000016,28,1.000000
PETTIS - 000017,28,1.000000
PETTIS - 000018,28,1.000000
PETTIS - 000019,28,1.000000
PETTIS - 000020,28,1.000000
PETTIS - 000021,28,1.000000
PETTIS - 000022,28,1.000000
PETTIS - 000023,28,1.000000
PETTIS - 000024,28,1.000000
PETTIS - 000025,28,1.000000
PETTIS - 000026,28,1.000000
PETTIS - 000027,28,1.000000
PHELPS - 000002,16,1.000000
PHELPS - 000003,16,1.000000
PHELPS - 000004,16,1.000000
PHELPS - 000005,16,1.000000
PHELPS - 000006,16,1.000000
PHELPS - 000007,16,1.000000
PHELPS - 000008,16,1.000000
PHELPS - 000009,16,1.000000
PHELPS - 000010,16,1.000000
PHELPS - 000011,16,1.000000
PHELPS - 000012,16,1.000000
PHELPS - 000013,16,1.000000
PHELPS - 000014,16,1.000000
PHELPS - 000015,16,1.000000
PHELPS - 000016,16,1.000000
PHELPS - 000017,16,1.000000
PHELPS - 000018,16,1.000000
PHELPS - 000019,16,1.000000
PHELPS - 000020,16,1.000000
PHELPS - 000021,16,1.000000
PHELPS - 000022,16,1.000000
PHELPS - 000023,16,1.000000
PHELPS - 000024,16,1.000000
PHELPS - 000025,16,1.000000
PHELPS - 000026,16,1.000000
PHELPS - 000027,16,1.000000
PHELPS - 000028,16,1.000000
PHELPS - 000029,16,1.000000
PHELPS - 000030,16,1.000000
PHELPS - 000031,16,1.000000
PHELPS - 000032,16,1.000000
PHELPS - 000033,16,1.000000
PHELPS - 000034,16,1.000000
PHELPS - 000035,16,1.000000
PHELPS - 000036,16,1.000000
PHELPS - 000037,16,1.000000
PIKE - 000002,10,1.000000
PIKE - 000003,10,1.000000
PIKE - 000004,10,1.000000
PIKE - 000005,10,1.000000
PIKE - 000006,10,1.000000
PIKE - 000007,10,1.000000
PIKE - 000008,10,1.000000
PIKE - 000009,10,1.000000
PIKE - 000010,10,1.000000
PIKE - 000011,10,1.000000
PIKE - 000012,10,1.000000
PIKE - 000013,10,1.000000
PIKE - 000014,10,1.000000
PIKE - 000015,10,1.000000
PLATTE - 000002,34,1.000000
PLATTE - 000003,34,1.000000
PLATTE - 000004,34,1.000000
PLATTE - 000005,34,1.000000
PLATTE - 000006,34,1.000000
PLATTE - 000007,34,0.990476
PLATTE - 000007,12,0.009524
PLATTE - 000008,34,1.000000
PLATTE - 000009,34,0.964286
PLATTE - 000009,12,0.035714
PLATTE - 000010,34,1.000000
PLATTE - 000011,34,1.000000
PLATTE - 000012,34,1.000000
PLATTE - 000013,34,1.000000
PLATTE - 000014,34,1.000000
PLATTE - 000015,34,1.000000
PLATTE - 000016,34,1.000000
PLATTE - 000017,34,1.000000
PLATTE - 000018,34,1.000000
PLATTE - 000019,34,1.000000
PLATTE - 000020,34,1.000000
PLATTE - 000021,34,1.000000
PLATTE - 000022,34,1.000000
PLATTE - 000023,34,1.000000
PLATTE - 000024,34,1.000000
PLATTE - 000025,34,1.000000
PLATTE - 000026,34,1.000000
PLATTE - 000027,34,1.000000
PLATTE - 000028,34,1.000000
PLATTE - 000029,34,1.000000
PLATTE - 000030,34,1.000000
PLATTE - 000031,34,1.000000
PLATTE - 000032,34,1.000000
PLATTE - 000033,34,1.000000
PLATTE - 000034,34,1.000000
PLATTE - 000035,34,1.000000
PLATTE - 000036,34,1.000000
PLATTE - 000037,34,1.000000
PLATTE - 000038,34,1.000000
PLATTE - 000039,34,1.000000
PLATTE - 000040,34,1.000000
PLATTE - 000041,34,1.000000
PLATTE - 000042,34,1.000000
PLATTE - 000043,34,1.000000
PLATTE - 000044,34,1.000000
POLK - 000002,28,1.000000
POLK - 000003,28,1.000000
POLK - 000004,28,1.000000
POLK - 000005,28,1.000000
POLK - 000006,28,1.000000
POLK - 000007,28,1.000000
POLK - 000008,28,1.000000
POLK - 000009,28,1.000000
POLK - 000010,28,1.000000
POLK - 000011,28,1.000000
POLK - 000012,28,1.000000
POLK - 000013,28,1.000000
POLK - 000014,28,1.000000
POLK - 000015,28,1.000000
POLK - 000016,28,1.000000
POLK - 000017,28,1.000000
POLK - 000018,28,1.000000
POLK - 000019,28,1.000000
POLK - 000020,28,1.000000
POLK - 000021,28,1.000000
POLK - 000022,28,1.000000
POLK - 000023,28,1.000000
PULASKI - 000002,16,1.000000
PULASKI - 000003,16,1.000000
PULASKI - 000004,16,1.000000
PULASKI - 000005,16,1.000000
PULASKI - 000006,16,1.000000
PULASKI - 000007,16,1.000000
PULASKI - 000008,16,1.000000
PULASKI - 000009,16,1.000000
PULASKI - 000010,16,1.000000
PUTNAM - 000002,18,1.000000
PUTNAM - 000003,18,1.000000
PUTNAM - 000004,18,1.000000
PUTNAM - 000005,18,1.000000
PUTNAM - 000006,18,1.000000
PUTNAM - 000007,18,1.000000
PUTNAM - 000008,18,1.000000
PUTNAM - 000009,18,1.000000
PUTNAM - 000010,18,1.000000
PUTNAM - 000011,18,1.000000
PUTNAM - 000012,18,1.000000
RALLS - 000002,18,1.000000
RALLS - 000003,18,1.000000
RALLS - 000004,18,1.000000
RALLS - 000005,18,1.000000
RALLS - 000006,18,1.000000
RALLS - 000007,18,1.000000
RALLS - 000008,18,1.000000
RALLS - 000009,18,1.000000
RALLS - 000010,18,1.000000
RANDOLPH - 000002,18,1.000000
RANDOLPH - 000003,18,1.000000
RANDOLPH - 000004,18,1.000000
RANDOLPH - 000005,18,1.000000
RANDOLPH - 000006,18,1.000000
RANDOLPH - 000007,18,1.000000
RANDOLPH - 000008,18,1.000000
RANDOLPH - 000009,18,1.000000
RANDOLPH - 000010,18,1.000000
RANDOLPH - 000011,18,1.000000
RANDOLPH - 000012,18,1.000000
RANDOLPH - 000013,18,1.000000
RANDOLPH - 000014,18,1.000000
RANDOLPH - 000015,18,1.000000
RANDOLPH - 000016,18,1.000000
RANDOLPH - 000017,18,1.000000
RAY - 000002,21,1.000000
RAY - 000003,21,1.000000
RAY - 000004,21,1.000000
RAY - 000005,21,1.000000
RAY - 000006,21,1.000000
RAY - 000007,21,1.000000
RAY - 000008,21,1.000000
RAY - 000009,21,1.000000
RAY - 000010,21,1.000000
RAY - 000011,21,1.000000
RAY - 000012,21,1.000000
RAY - 000013,21,1.000000
RAY - 000014,21,1.000000
RAY - 000015,21,1.000000
RAY - 000016,21,1.000000
RAY - 000017,21,1.000000
RAY - 000018,21,1.000000
RAY - 000019,21,1.000000
REYNOLDS - 000002,27,1.000000
REYNOLDS - 000003,27,1.000000
REYNOLDS - 000004,27,1.000000
REYNOLDS - 000005,27,1.000000
REYNOLDS - 000006,27,1.000000
REYNOLDS - 000007,27,1.000000
REYNOLDS - 000008,27,1.000000
REYNOLDS - 000009,27,1.000000
REYNOLDS - 000010,27,1.000000
REYNOLDS - 000011,27,1.000000
REYNOLDS - 000012,27,1.000000
REYNOLDS - 000013,27,1.000000
REYNOLDS - 000014,27,1.000000
RIPLEY - 000002,25,1.000000
RIPLEY - 000003,25,1.000000
RIPLEY - 000004,25,1.000000
RIPLEY - 000005,25,1.000000
RIPLEY - 000006,25,1.000000
RIPLEY - 000007,25,1.000000
RIPLEY - 000008,25,1.000000
RIPLEY - 000009,25,1.000000
RIPLEY - 000010,25,1.000000
RIPLEY - 000011,25,1.000000
RIPLEY - 000012,25,1.000000
RIPLEY - 000013,25,1.000000
RIPLEY - 000014,25,1.000000
SALINE - 000002,21,1.000000
SALINE - 000003,21,1.000000
SALINE - 000004,21,1.000000
SALINE - 000005,21,1.000000
SALINE - 000006,21,1.000000
SALINE - 000007,21,1.000000
SALINE - 000008,21,1.000000
SALINE - 000009,21,1.000000
SALINE - 000010,21,1.000000
SALINE - 000011,21,1.000000
SALINE - 000012,21,1.000000
SCHUYLER - 000002,18,1.000000
SCHUYLER - 000003,18,1.000000
SCHUYLER - 000004,18,1.000000
SCHUYLER - 000005,18,1.000000
SCHUYLER - 000006,18,1.000000
SCHUYLER - 000007,18,1.000000
SCHUYLER - 000008,18,1.000000
SCHUYLER - 000009,18,1.000000
SCHUYLER - 000010,18,1.000000
SCOTLAND - 000002,18,1.000000
SCOTLAND - 000003,18,1.000000
SCOTLAND - 000004,18,1.000000
SCOTLAND - 000005,18,1.000000
SCOTLAND - 000006,18,1.000000
SCOTLAND - 000007,18,1.000000
SCOTLAND - 000008,18,1.000000
SCOTT - 000002,27,1.000000
SCOTT - 000003,27,1.000000
SCOTT - 000004,27,1.000000
SCOTT - 000005,27,1.000000
SCOTT - 000006,27,1.000000
SCOTT - 000007,27,1.000000
SCOTT - 000008,27,1.000000
SCOTT - 000009,27,1.000000
SCOTT - 000010,27,1.000000
SCOTT - 000011,27,1.000000
SCOTT - 000012,27,1.000000
SCOTT - 000013,27,1.000000
SCOTT - 000014,27,1.000000
SCOTT - 000015,27,1.000000
SCOTT - 000016,27,1.000000
SCOTT - 000017,27,1.000000
SCOTT - 000018,27,1.000000
SCOTT - 000019,27,1.000000
SCOTT - 000020,27,1.000000
SCOTT - 000021,27,1.000000
SCOTT - 000022,27,1.000000
SCOTT - 000023,27,1.000000
SHANNON - 000002,33,1.000000
SHANNON - 000003,33,1.000000
SHANNON - 000004,33,1.000000
SHANNON - 000005,33,1.000000
SHANNON - 000006,33,1.000000
SHANNON - 000007,33,1.000000
SHANNON - 000008,33,1.000000
SHANNON - 000009,33,1.000000
SHANNON - 000010,33,1.000000
SHANNON - 000011,33,1.000000
SHELBY - 000002,18,1.000000
SHELBY - 000003,18,1.000000
SHELBY - 000004,18,1.000000
SHELBY - 000005,18,1.000000
SHELBY - 000006,18,1.000000
SHELBY - 000007,18,1.000000
SHELBY - 000008,18,1.000000
SHELBY - 000009,18,1.000000
ST. CHARLES - 000001,23,1.000000
ST. CHARLES - 000004,23,1.000000
ST. CHARLES - 000005,23,1.000000
ST. CHARLES - 000014,23,1.000000
ST. CHARLES - 000015,23,1.000000
ST. CHARLES - 000016,23,1.000000
ST. CHARLES - 000021,23,1.000000
ST. CHARLES - 000022,23,1.000000
ST. CHARLES - 000024,23,1.000000
ST. CHARLES - 000025,23,1.000000
ST. CHARLES - 000028,23,1.000000
ST. CHARLES - 000031,23,1.000000
ST. CHARLES - 000033,23,1.000000
ST. CHARLES - 000034,23,1.000000
ST. CHARLES - 000036,23,1.000000
ST. CHARLES - 000041,23,1.000000
ST. CHARLES - 000043,23,1.000000
ST. CHARLES - 000045,23,1.000000
ST. CHARLES - 000047,23,1.000000
ST. CHARLES - 000051,23,1.000000
ST. CHARLES - 000054,23,1.000000
ST. CHARLES - 000056,23,1.000000
ST. CHARLES - 000057,23,1.000000
ST. CHARLES - 000062,23,1.000000
ST. CHARLES - 000063,23,1.000000
ST. CHARLES - 000071,23,1.000000
ST. CHARLES - 000080,23,1.000000
ST. CHARLES - 000083,2,0.850000
ST. CHARLES - 000083,23,0.150000
ST. CHARLES - 000084,23,1.000000
ST. CHARLES - 000085,23,1.000000
ST. CHARLES - 000086,23,1.000000
ST. CHARLES - 000091,23,1.000000
ST. CHARLES - 000100,23,1.000000
ST. CHARLES - 000101,23,1.000000
ST. CHARLES - 000102,23,1.000000
ST. CHARLES - 000103,23,1.000000
ST. CHARLES - 000104,23,1.000000
ST. CHARLES - 000106,23,1.000000
ST. CHARLES - 000107,23,1.000000
ST. CHARLES - 000111,23,1.000000
ST. CHARLES - 000113,23,1.000000
ST. CHARLES - 000121,23,1.000000
ST. CHARLES - 000122,23,0.983333
ST. CHARLES - 000122,2,0.016667
ST. CHARLES - 000124,2,0.050000
ST. CHARLES - 000124,23,0.950000
ST. CHARLES - 000126,23,1.000000
ST. CHARLES - 000128,23,1.000000
ST. CHARLES - 000129,23,1.000000
ST. CHARLES - 000130,23,1.000000
ST. CHARLES - 000131,23,1.000000
ST. CHARLES - 000132,23,1.000000
ST. CHARLES - 000139,2,1.000000
ST. CHARLES - 000140,2,0.971429
ST. CHARLES - 000140,23,0.028571
ST. CHARLES - 000143,2,1.000000
ST. CHARLES - 000144,2,0.952381
ST. CHARLES - 000144,23,0.047619
ST. CHARLES - 000145,23,0.938095
ST. CHARLES - 000145,2,0.061905
ST. CHARLES - 000146,23,0.400000
ST. CHARLES - 000146,2,0.600000
ST. CHARLES - 000147,2,1.000000
ST. CHARLES - 000148,23,1.000000
ST. CHARLES - 000149,23,1.000000
ST. CHARLES - 000150,2,0.709524
ST. CHARLES - 000150,23,0.290476
ST. CHARLES - 000151,2,1.000000
ST. CHARLES - 000152,2,1.000000
ST. CHARLES - 000153,2,1.000000
ST. CHARLES - 000154,2,1.000000
ST. CHARLES - 000155,2,0.309524
ST. CHARLES - 000155,23,0.690476
ST. CHARLES - 000156,2,0.835714
ST. CHARLES - 000156,23,0.164286
ST. CHARLES - 000157,2,1.000000
ST. CHARLES - 000159,2,1.000000
ST. CHARLES - 000160,2,1.000000
ST. CHARLES - 000161,2,1.000000
ST. CHARLES - 000162,2,1.000000
ST. CHARLES - 000163,2,1.000000
ST. CHARLES - 000165,2,1.000000
ST. CHARLES - 000166,2,1.000000
ST. CHARLES - 000167,2,1.000000
ST. CHARLES - 000169,2,1.000000
ST. CHARLES - 000170,2,1.000000
ST. CHARLES - 000173,2,1.000000
ST. CHARLES - 000181,10,1.000000
ST. CHARLES - 000182,10,0.902381
ST. CHARLES - 000182,2,0.097619
ST. CHARLES - 000183,10,1.000000
ST. CHARLES - 000184,10,1.000000
ST. CHARLES - 000185,2,1.000000
ST. CHARLES - 000186,10,0.821429
ST. CHARLES - 000186,2,0.178571
ST. CHARLES - 000187,10,1.000000
ST. CHARLES - 000189,10,0.176190
ST. CHARLES - 000189,2,0.823810
ST. CHARLES - 000190,10,1.000000
ST. CHARLES - 000193,2,1.000000
ST. CHARLES - 000194,2,1.000000
ST. CHARLES - 000196,2,1.000000
ST. CHARLES - 000197,2,1.000000
ST. CHARLES - 000198,2,0.490476
ST. CHARLES - 000198,10,0.509524
ST. CHARLES - 000199,2,1.000000
ST. CHARLES - 000200,2,0.997619
ST. CHARLES - 000200,10,0.002381
ST. CHARLES - 000202,2,1.000000
ST. CHARLES - 000203,2,1.000000
ST. CHARLES - 000205,2,1.000000
ST. CHARLES - 000206,2,1.000000
ST. CHARLES - 000207,2,1.000000
ST. CHARLES - 000208,2,1.000000
ST. CHARLES - 000210,10,0.154762
ST. CHARLES - 000210,2,0.845238
ST. CHARLES - 000211,2,1.000000
ST. CHARLES - 000212,2,1.000000
ST. CHARLES - 000213,2,1.000000
ST. CHARLES - 000214,2,1.000000
ST. CHARLES - 000215,2,1.000000
ST. CHARLES - 000217,2,1.000000
ST. CHARLES - 000218,2,1.000000
ST. CHARLES - 000219,2,1.000000
ST. CHARLES - 000220,2,1.000000
ST. CHARLES - 000221,2,1.000000
ST. CHARLES - 000222,2,1.000000
ST. CHARLES - 000225,2,1.000000
ST. CHARLES - 000226,2,1.000000
ST. CHARLES - 000227,2,0.940476
ST. CHARLES - 000227,15,0.016667
ST. CHARLES - 000227,23,0.042857
ST. CHARLES - 000228,23,1.000000
ST. CHARLES - 000229,2,1.000000
ST. CHARLES - 000230,23,0.940476
ST. CHARLES - 000230,2,0.059524
ST. CHARLES - 000231,2,1.000000
ST. CHARLES - 000234,2,1.000000
ST. CLAIR - 000002,28,1.000000
ST. CLAIR - 000003,28,1.000000
ST. CLAIR - 000004,28,1.000000
ST. CLAIR - 000005,28,1.000000
ST. CLAIR - 000006,28,1.000000
ST. CLAIR - 000007,28,1.000000
ST. CLAIR - 000008,28,1.000000
ST. CLAIR - 000009,28,1.000000
ST. CLAIR - 000010,28,1.000000
ST. CLAIR - 000011,28,1.000000
ST. CLAIR - 000012,28,1.000000
ST. CLAIR - 000013,28,1.000000
ST. CLAIR - 000014,28,1.000000
ST. CLAIR - 000015,28,1.000000
ST. CLAIR - 000016,28,1.000000
ST. CLAIR - 000017,28,1.000000
ST. CLAIR - 000018,28,1.000000
ST. CLAIR - 000019,28,1.000000
ST. FRANCOIS - 000002,3,1.000000
ST. FRANCOIS - 000003,3,1.000000
ST. FRANCOIS - 000004,3,1.000000
ST. FRANCOIS - 000005,3,1.000000
ST. FRANCOIS - 000006,3,1.000000
ST. FRANCOIS - 000007,3,1.000000
ST. FRANCOIS - 000008,3,1.000000
ST. FRANCOIS - 000009,3,1.000000
ST. FRANCOIS - 000010,3,1.000000
ST. FRANCOIS - 000011,3,1.000000
ST. FRANCOIS - 000012,3,1.000000
ST. FRANCOIS - 000013,3,1.000000
ST. FRANCOIS - 000014,3,1.000000
ST. FRANCOIS - 000015,3,1.000000
ST. FRANCOIS - 000016,3,1.000000
ST. FRANCOIS - 000017,3,1.000000
ST. FRANCOIS - 000018,3,1.000000
ST. FRANCOIS - 000019,3,1.000000
ST. FRANCOIS - 000020,3,1.000000
ST. FRANCOIS - 000021,3,1.000000
ST. FRANCOIS - 000022,3,1.000000
ST. FRANCOIS - 000023,3,1.000000
ST. FRANCOIS - 000024,3,1.000000
ST. FRANCOIS - 000025,3,1.000000
ST. FRANCOIS - 000026,3,1.000000
ST. FRANCOIS - 000027,3,1.000000
ST. LOUIS - 000002,14,1.000000
ST. LOUIS - 000003,14,1.000000
ST. LOUIS - 000004,14,1.000000
ST. LOUIS - 000005,14,1.000000
ST. LOUIS - 000006,14,1.000000
ST. LOUIS - 000007,14,1.000000
ST. LOUIS - 000008,14,1.000000
ST. LOUIS - 000009,14,1.000000
ST. LOUIS - 000010,14,1.000000
ST. LOUIS - 000011,14,1.000000
ST. LOUIS - 000012,14,1.000000
ST. LOUIS - 000013,14,1.000000
ST. LOUIS - 000014,14,1.000000
ST. LOUIS - 000015,14,1.000000
ST. LOUIS - 000016,14,1.000000
ST. LOUIS - 000017,14,1.000000
ST. LOUIS - 000018,14,1.000000
ST. LOUIS - 000019,14,1.000000
ST. LOUIS - 000020,14,1.000000
ST. LOUIS - 000021,14,1.000000
ST. LOUIS - 000022,14,1.000000
ST. LOUIS - 000023,14,1.000000
ST. LOUIS - 000024,14,1.000000
ST. LOUIS - 000025,14,1.000000
ST. LOUIS - 000026,14,1.000000
ST. LOUIS - 000027,14,1.000000
ST. LOUIS - 000028,14,1.000000
ST. LOUIS - 000029,14,1.000000
ST. LOUIS - 000030,14,1.000000
ST. LOUIS - 000031,14,1.000000
ST. LOUIS - 000032,14,1.000000
ST. LOUIS - 000033,24,1.000000
ST. LOUIS - 000034,14,1.000000
ST. LOUIS - 000035,13,1.000000
ST. LOUIS - 000036,14,1.000000
ST. LOUIS - 000037,14,1.000000
ST. LOUIS - 000038,24,1.000000
ST. LOUIS - 000039,14,1.000000
ST. LOUIS - 000040,14,1.000000
ST. LOUIS - 000041,14,1.000000
ST. LOUIS - 000042,24,1.000000
ST. LOUIS - 000043,14,1.000000
ST. LOUIS - 000044,14,1.000000
ST. LOUIS - 000045,14,1.000000
ST. LOUIS - 000046,14,1.000000
ST. LOUIS - 000047,14,1.000000
ST. LOUIS - 000048,14,1.000000
ST. LOUIS - 000049,14,1.000000
ST. LOUIS - 000050,14,1.000000
ST. LOUIS - 000051,14,1.000000
ST. LOUIS - 000052,14,1.000000
ST. LOUIS - 000053,14,1.000000
ST. LOUIS - 000054,14,1.000000
ST. LOUIS - 000055,14,1.000000
ST. LOUIS - 000056,14,1.000000
ST. LOUIS - 000057,14,1.000000
ST. LOUIS - 000058,14,1.000000
ST. LOUIS - 000059,14,1.000000
ST. LOUIS - 000060,14,1.000000
ST. LOUIS - 000061,14,1.000000
ST. LOUIS - 000062,14,1.000000
ST. LOUIS - 000063,14,1.000000
ST. LOUIS - 000064,14,1.000000
ST. LOUIS - 000065,14,1.000000
ST. LOUIS - 000066,14,1.000000
ST. LOUIS - 000067,14,1.000000
ST. LOUIS - 000068,14,1.000000
ST. LOUIS - 000069,14,1.000000
ST. LOUIS - 000070,14,1.000000
ST. LOUIS - 000071,14,1.000000
ST. LOUIS - 000072,14,1.000000
ST. LOUIS - 000073,14,1.000000
ST. LOUIS - 000074,14,1.000000
ST. LOUIS - 000075,14,1.000000
ST. LOUIS - 000076,13,1.000000
ST. LOUIS - 000077,14,1.000000
ST. LOUIS - 000078,14,1.000000
ST. LOUIS - 000079,24,1.000000
ST. LOUIS - 000080,24,1.000000
ST. LOUIS - 000081,24,1.000000
ST. LOUIS - 000082,24,1.000000
ST. LOUIS - 000083,24,1.000000
ST. LOUIS - 000084,24,1.000000
ST. LOUIS - 000085,24,1.000000
ST. LOUIS - 000086,24,1.000000
ST. LOUIS - 000087,24,1.000000
ST. LOUIS - 000088,24,1.000000
ST. LOUIS - 000089,24,1.000000
ST. LOUIS - 000090,24,1.000000
ST. LOUIS - 000091,24,1.000000
ST. LOUIS - 000092,24,1.000000
ST. LOUIS - 000093,24,1.000000
ST. LOUIS - 000094,24,1.000000
ST. LOUIS - 000095,24,1.000000
ST. LOUIS - 000096,24,1.000000
ST. LOUIS - 000097,24,1.000000
ST. LOUIS - 000098,24,1.000000
ST. LOUIS - 000099,24,1.000000
ST. LOUIS - 000100,24,1.000000
ST. LOUIS - 000101,24,1.000000
ST. LOUIS - 000102,24,1.000000
ST. LOUIS - 000103,24,1.000000
ST. LOUIS - 000104,24,1.000000
ST. LOUIS - 000105,24,1.000000
ST. LOUIS - 000106,1,1.000000
ST. LOUIS - 000107,1,0.978571
ST. LOUIS - 000107,24,0.021429
ST. LOUIS - 000108,24,1.000000
ST. LOUIS - 000109,24,1.000000
ST. LOUIS - 000110,24,1.000000
ST. LOUIS - 000111,24,1.000000
ST. LOUIS - 000112,24,1.000000
ST. LOUIS - 000113,24,1.000000
ST. LOUIS - 000114,24,1.000000
ST. LOUIS - 000115,24,1.000000
ST. LOUIS - 000116,24,1.000000
ST. LOUIS - 000117,24,1.000000
ST. LOUIS - 000118,24,1.000000
ST. LOUIS - 000119,24,1.000000
ST. LOUIS - 000120,24,1.000000
ST. LOUIS - 000121,24,1.000000
ST. LOUIS - 000122,24,1.000000
ST. LOUIS - 000123,24,1.000000
ST. LOUIS - 000124,24,1.000000
ST. LOUIS - 000125,24,1.000000
ST. LOUIS - 000126,24,1.000000
ST. LOUIS - 000127,1,1.000000
ST. LOUIS - 000128,24,1.000000
ST. LOUIS - 000129,24,1.000000
ST. LOUIS - 000130,24,1.000000
ST. LOUIS - 000132,24,1.000000
ST. LOUIS - 000133,24,1.000000
ST. LOUIS - 000134,24,1.000000
ST. LOUIS - 000135,24,1.000000
ST. LOUIS - 000136,24,1.000000
ST. LOUIS - 000137,24,1.000000
ST. LOUIS - 000138,24,1.000000
ST. LOUIS - 000139,24,1.000000
ST. LOUIS - 000140,24,1.000000
ST. LOUIS - 000141,24,1.000000
ST. LOUIS - 000142,24,1.000000
ST. LOUIS - 000143,24,1.000000
ST. LOUIS - 000144,24,1.000000
ST. LOUIS - 000145,14,1.000000
ST. LOUIS - 000146,14,1.000000
ST. LOUIS - 000147,24,1.000000
ST. LOUIS - 000148,14,1.000000
ST. LOUIS - 000149,24,1.000000
ST. LOUIS - 000150,24,1.000000
ST. LOUIS - 000151,24,1.000000
ST. LOUIS - 000152,14,1.000000
ST. LOUIS - 000153,14,1.000000
ST. LOUIS - 000154,14,1.000000
ST. LOUIS - 000155,14,1.000000
ST. LOUIS - 000156,24,1.000000
ST. LOUIS - 000157,24,1.000000
ST. LOUIS - 000158,14,1.000000
ST. LOUIS - 000159,14,1.000000
ST. LOUIS - 000160,14,1.000000
ST. LOUIS - 000161,14,1.000000
ST. LOUIS - 000162,14,1.000000
ST. LOUIS - 000163,24,1.000000
ST. LOUIS - 000164,24,1.000000
ST. LOUIS - 000165,24,1.000000
ST. LOUIS - 000166,24,1.000000
ST. LOUIS - 000167,14,1.000000
ST. LOUIS - 000168,24,1.000000
ST. LOUIS - 000169,24,1.000000
ST. LOUIS - 000170,24,1.000000
ST. LOUIS - 000171,24,0.790476
ST. LOUIS - 000171,14,0.209524
ST. LOUIS - 000172,14,1.000000
ST. LOUIS - 000173,14,1.000000
ST. LOUIS - 000174,24,1.000000
ST. LOUIS - 000175,24,1.000000
ST. LOUIS - 000176,14,1.000000
ST. LOUIS - 000177,24,1.000000
ST. LOUIS - 000178,24,1.000000
ST. LOUIS - 000179,14,1.000000
ST. LOUIS - 000180,24,1.000000
ST. LOUIS - 000181,14,1.000000
ST. LOUIS - 000182,24,1.000000
ST. LOUIS - 000183,24,1.000000
ST. LOUIS - 000184,24,1.000000
ST. LOUIS - 000185,24,1.000000
ST. LOUIS - 000186,24,1.000000
ST. LOUIS - 000187,24,1.000000
ST. LOUIS - 000188,24,1.000000
ST. LOUIS - 000189,24,1.000000
ST. LOUIS - 000190,24,1.000000
ST. LOUIS - 000191,24,1.000000
ST. LOUIS - 000192,24,1.000000
ST. LOUIS - 000193,14,1.000000
ST. LOUIS - 000194,14,1.000000
ST. LOUIS - 000195,24,0.852381
ST. LOUIS - 000195,14,0.147619
ST. LOUIS - 000196,14,1.000000
ST. LOUIS - 000197,14,1.000000
ST. LOUIS - 000198,14,1.000000
ST. LOUIS - 000199,14,1.000000
ST. LOUIS - 000200,14,1.000000
ST. LOUIS - 000201,14,1.000000
ST. LOUIS - 000202,24,1.000000
ST. LOUIS - 000203,24,1.000000
ST. LOUIS - 000204,14,1.000000
ST. LOUIS - 000205,24,1.000000
ST. LOUIS - 000206,24,1.000000
ST. LOUIS - 000207,24,1.000000
ST. LOUIS - 000208,14,1.000000
ST. LOUIS - 000209,24,1.000000
ST. LOUIS - 000210,24,1.000000
ST. LOUIS - 000211,24,1.000000
ST. LOUIS - 000212,24,1.000000
ST. LOUIS - 000213,14,1.000000
ST. LOUIS - 000214,14,1.000000
ST. LOUIS - 000215,24,1.000000
ST. LOUIS - 000216,15,1.000000
ST. LOUIS - 000217,15,1.000000
ST. LOUIS - 000218,15,1.000000
ST. LOUIS - 000219,15,1.000000
ST. LOUIS - 000220,15,1.000000
ST. LOUIS - 000221,15,1.000000
ST. LOUIS - 000222,15,1.000000
ST. LOUIS - 000223,15,1.000000
ST. LOUIS - 000224,15,1.000000
ST. LOUIS - 000225,15,1.000000
ST. LOUIS - 000226,15,1.000000
ST. LOUIS - 000227,15,1.000000
ST. LOUIS - 000228,15,1.000000
ST. LOUIS - 000229,15,1.000000
ST. LOUIS - 000230,15,1.000000
ST. LOUIS - 000231,15,1.000000
ST. LOUIS - 000232,15,1.000000
ST. LOUIS - 000233,15,1.000000
ST. LOUIS - 000234,15,1.000000
ST. LOUIS - 000235,15,1.000000
ST. LOUIS - 000236,15,1.000000
ST. LOUIS - 000237,15,1.000000
ST. LOUIS - 000238,15,1.000000
ST. LOUIS - 000239,15,1.000000
ST. LOUIS - 000240,15,1.000000
ST. LOUIS - 000241,15,1.000000
ST. LOUIS - 000242,15,1.000000
ST. LOUIS - 000243,15,1.000000
ST. LOUIS - 000244,15,1.000000
ST. LOUIS - 000245,15,1.000000
ST. LOUIS - 000246,15,1.000000
ST. LOUIS - 000247,15,1.000000
ST. LOUIS - 000248,15,1.000000
ST. LOUIS - 000249,15,1.000000
ST. LOUIS - 000250,15,1.000000
ST. LOUIS - 000251,15,1.000000
ST. LOUIS - 000252,15,1.000000
ST. LOUIS - 000253,15,1.000000
ST. LOUIS - 000254,15,1.000000
ST. LOUIS - 000255,15,1.000000
ST. LOUIS - 000256,15,1.000000
ST. LOUIS - 000257,15,1.000000
ST. LOUIS - 000258,15,1.000000
ST. LOUIS - 000259,15,1.000000
ST. LOUIS - 000260,15,1.000000
ST. LOUIS - 000261,24,0.928571
ST. LOUIS - 000261,15,0.071429
ST. LOUIS - 000262,15,1.000000
ST. LOUIS - 000263,15,1.000000
ST. LOUIS - 000264,15,1.000000
ST. LOUIS - 000265,15,1.000000
ST. LOUIS - 000266,15,1.000000
ST. LOUIS - 000267,15,1.000000
ST. LOUIS - 000268,15,1.000000
ST. LOUIS - 000269,15,1.000000
ST. LOUIS - 000270,15,1.000000
ST. LOUIS - 000271,15,1.000000
ST. LOUIS - 000272,15,1.000000
ST. LOUIS - 000273,15,1.000000
ST. LOUIS - 000274,15,1.000000
ST. LOUIS - 000275,15,1.000000
ST. LOUIS - 000276,15,1.000000
ST. LOUIS - 000277,15,1.000000
ST. LOUIS - 000278,14,1.000000
ST. LOUIS - 000279,4,1.000000
ST. LOUIS - 000280,4,1.000000
ST. LOUIS - 000281,4,1.000000
ST. LOUIS - 000282,14,1.000000
ST. LOUIS - 000283,24,1.000000
ST. LOUIS - 000284,24,1.000000
ST. LOUIS - 000285,4,1.000000
ST. LOUIS - 000286,4,1.000000
ST. LOUIS - 000287,4,1.000000
ST. LOUIS - 000288,4,1.000000
ST. LOUIS - 000289,24,1.000000
ST. LOUIS - 000290,24,1.000000
ST. LOUIS - 000291,24,0.966667
ST. LOUIS - 000291,14,0.016667
ST. LOUIS - 000291,4,0.016667
ST. LOUIS - 000292,24,1.000000
ST. LOUIS - 000293,24,1.000000
ST. LOUIS - 000294,4,1.000000
ST. LOUIS - 000295,24,1.000000
ST. LOUIS - 000296,4,1.000000
ST. LOUIS - 000297,4,1.000000
ST. LOUIS - 000298,1,1.000000
ST. LOUIS - 000299,4,1.000000
ST. LOUIS - 000300,24,1.000000
ST. LOUIS - 000301,24,1.000000
ST. LOUIS - 000302,24,1.000000
ST. LOUIS - 000303,4,1.000000
ST. LOUIS - 000304,24,1.000000
ST. LOUIS - 000305,24,1.000000
ST. LOUIS - 000306,4,1.000000
ST. LOUIS - 000307,4,1.000000
ST. LOUIS - 000308,4,1.000000
ST. LOUIS - 000309,4,1.000000
ST. LOUIS - 000310,24,1.000000
ST. LOUIS - 000311,4,1.000000
ST. LOUIS - 000312,24,1.000000
ST. LOUIS - 000313,24,1.000000
ST. LOUIS - 000314,4,1.000000
ST. LOUIS - 000315,4,1.000000
ST. LOUIS - 000316,24,1.000000
ST. LOUIS - 000317,4,1.000000
ST. LOUIS - 000318,4,1.000000
ST. LOUIS - 000319,4,1.000000
ST. LOUIS - 000320,4,1.000000
ST. LOUIS - 000321,24,1.000000
ST. LOUIS - 000322,4,1.000000
ST. LOUIS - 000323,24,1.000000
ST. LOUIS - 000324,4,1.000000
ST. LOUIS - 000325,4,1.000000
ST. LOUIS - 000326,4,1.000000
ST. LOUIS - 000327,4,0.969048
ST. LOUIS - 000327,1,0.030952
ST. LOUIS - 000328,1,1.000000
ST. LOUIS - 000329,4,1.000000
ST. LOUIS - 000330,1,0.042857
ST. LOUIS - 000330,4,0.957143
ST. LOUIS - 000331,24,1.000000
ST. LOUIS - 000332,14,0.864286
ST. LOUIS - 000332,4,0.121429
ST. LOUIS - 000332,24,0.014286
ST. LOUIS - 000333,4,1.000000
ST. LOUIS - 000334,4,1.000000
ST. LOUIS - 000335,4,1.000000
ST. LOUIS - 000336,4,1.000000
ST. LOUIS - 000337,4,1.000000
ST. LOUIS - 000338,4,1.000000
ST. LOUIS - 000339,4,1.000000
ST. LOUIS - 000340,4,1.000000
ST. LOUIS - 000341,4,1.000000
ST. LOUIS - 000342,4,1.000000
ST. LOUIS - 000343,4,1.000000
ST. LOUIS - 000344,4,1.000000
ST. LOUIS - 000345,4,1.000000
ST. LOUIS - 000346,1,1.000000
ST. LOUIS - 000347,1,1.000000
ST. LOUIS - 000348,1,1.000000
ST. LOUIS - 000349,1,1.000000
ST. LOUIS - 000350,1,1.000000
ST. LOUIS - 000351,1,1.000000
ST. LOUIS - 000352,1,1.000000
ST. LOUIS - 000353,1,1.000000
ST. LOUIS - 000354,1,1.000000
ST. LOUIS - 000355,1,1.000000
ST. LOUIS - 000356,1,1.000000
ST. LOUIS - 000357,1,1.000000
ST. LOUIS - 000358,1,1.000000
ST. LOUIS - 000359,1,1.000000
ST. LOUIS - 000360,1,1.000000
ST. LOUIS - 000361,1,1.000000
ST. LOUIS - 000362,1,1.000000
ST. LOUIS - 000363,1,1.000000
ST. LOUIS - 000364,1,1.000000
ST. LOUIS - 000365,1,1.000000
ST. LOUIS - 000366,1,1.000000
ST. LOUIS - 000367,1,1.000000
ST. LOUIS - 000368,1,1.000000
ST. LOUIS - 000369,24,1.000000
ST. LOUIS - 000370,1,1.000000
ST. LOUIS - 000371,1,1.000000
ST. LOUIS - 000372,1,1.000000
ST. LOUIS - 000373,1,1.000000
ST. LOUIS - 000374,1,1.000000
ST. LOUIS - 000375,1,1.000000
ST. LOUIS - 000376,1,1.000000
ST. LOUIS - 000377,1,1.000000
ST. LOUIS - 000378,1,1.000000
ST. LOUIS - 000379,1,1.000000
ST. LOUIS - 000380,1,1.000000
ST. LOUIS - 000381,1,1.000000
ST. LOUIS - 000382,1,1.000000
ST. LOUIS - 000383,1,1.000000
ST. LOUIS - 000384,1,1.000000
ST. LOUIS - 000385,1,1.000000
ST. LOUIS - 000386,1,1.000000
ST. LOUIS - 000387,1,1.000000
ST. LOUIS - 000388,1,1.000000
ST. LOUIS - 000389,1,1.000000
ST. LOUIS - 000390,1,1.000000
ST. LOUIS - 000391,1,1.000000
ST. LOUIS - 000392,24,1.000000
ST. LOUIS - 000393,1,1.000000
ST. LOUIS - 000394,1,1.000000
ST. LOUIS - 000395,1,1.000000
ST. LOUIS - 000396,1,1.000000
ST. LOUIS - 000397,1,1.000000
ST. LOUIS - 000398,1,1.000000
ST. LOUIS - 000399,1,1.000000
ST. LOUIS - 000400,1,1.000000
ST. LOUIS - 000401,1,1.000000
ST. LOUIS - 000402,13,1.000000
ST. LOUIS - 000403,14,1.000000
ST. LOUIS - 000404,13,0.909524
ST. LOUIS - 000404,14,0.090476
ST. LOUIS - 000405,14,1.000000
ST. LOUIS - 000406,14,1.000000
ST. LOUIS - 000407,14,1.000000
ST. LOUIS - 000408,14,1.000000
ST. LOUIS - 000409,14,0.964286
ST. LOUIS - 000409,13,0.035714
ST. LOUIS - 000410,14,1.000000
ST. LOUIS - 000411,14,1.000000
ST. LOUIS - 000412,13,1.000000
ST. LOUIS - 000413,14,1.000000
ST. LOUIS - 000414,14,1.000000
ST. LOUIS - 000415,13,1.000000
ST. LOUIS - 000416,13,0.995238
ST. LOUIS - 000416,14,0.004762
ST. LOUIS - 000417,13,1.000000
ST. LOUIS - 000418,13,1.000000
ST. LOUIS - 000419,13,1.000000
ST. LOUIS - 000420,13,1.000000
ST. LOUIS - 000421,14,1.000000
ST. LOUIS - 000422,14,1.000000
ST. LOUIS - 000423,13,1.000000
ST. LOUIS - 000424,14,1.000000
ST. LOUIS - 000425,14,1.000000
ST. LOUIS - 000426,14,1.000000
ST. LOUIS - 000427,13,1.000000
ST. LOUIS - 000428,13,1.000000
ST. LOUIS - 000429,14,1.000000
ST. LOUIS - 000430,13,1.000000
ST. LOUIS - 000431,14,1.000000
ST. LOUIS - 000432,14,1.000000
ST. LOUIS - 000433,14,1.000000
ST. LOUIS - 000434,14,1.000000
ST. LOUIS - 000435,14,1.000000
ST. LOUIS - 000436,14,1.000000
ST. LOUIS - 000437,14,1.000000
ST. LOUIS - 000438,13,1.000000
ST. LOUIS - 000439,14,1.000000
ST. LOUIS - 000440,13,1.000000
ST. LOUIS - 000441,14,1.000000
ST. LOUIS - 000442,13,1.000000
ST. LOUIS - 000443,13,1.000000
ST. LOUIS - 000444,13,1.000000
ST. LOUIS - 000445,13,1.000000
ST. LOUIS - 000446,13,1.000000
ST. LOUIS - 000447,13,1.000000
ST. LOUIS - 000448,14,1.000000
ST. LOUIS - 000449,13,1.000000
ST. LOUIS - 000450,13,0.988095
ST. LOUIS - 000450,14,0.011905
ST. LOUIS - 000451,13,1.000000
ST. LOUIS - 000452,13,1.000000
ST. LOUIS - 000453,13,1.000000
ST. LOUIS - 000454,13,1.000000
ST. LOUIS - 000455,13,1.000000
ST. LOUIS - 000456,13,1.000000
ST. LOUIS - 000457,13,1.000000
ST. LOUIS - 000458,13,1.000000
ST. LOUIS - 000459,13,1.000000
ST. LOUIS - 000460,13,1.000000
ST. LOUIS - 000461,13,1.000000
ST. LOUIS - 000462,13,1.000000
ST. LOUIS - 000463,13,1.000000
ST. LOUIS - 000464,13,1.000000
ST. LOUIS - 000465,13,1.000000
ST. LOUIS - 000466,13,1.000000
ST. LOUIS - 000467,13,1.000000
ST. LOUIS - 000468,13,1.000000
ST. LOUIS - 000469,13,1.000000
ST. LOUIS - 000470,13,1.000000
ST. LOUIS - 000471,13,1.000000
ST. LOUIS - 000472,13,1.000000
ST. LOUIS - 000473,13,1.000000
ST. LOUIS - 000474,13,1.000000
ST. LOUIS - 000475,13,1.000000
ST. LOUIS - 000476,13,1.000000
ST. LOUIS - 000477,13,1.000000
ST. LOUIS - 000478,13,1.000000
ST. LOUIS - 000479,13,1.000000
ST. LOUIS - 000480,13,1.000000
ST. LOUIS - 000481,13,1.000000
ST. LOUIS - 000482,13,1.000000
ST. LOUIS - 000483,13,1.000000
ST. LOUIS - 000484,13,1.000000
ST. LOUIS - 000485,13,1.000000
ST. LOUIS - 000486,13,1.000000
ST. LOUIS - 000487,13,1.000000
ST. LOUIS - 000488,13,1.000000
ST. LOUIS - 000489,13,1.000000
ST. LOUIS - 000490,13,1.000000
ST. LOUIS - 000491,13,1.000000
ST. LOUIS - 000492,13,1.000000
ST. LOUIS - 000493,13,1.000000
ST. LOUIS - 000494,13,1.000000
ST. LOUIS - 000495,13,1.000000
ST. LOUIS - 000496,13,1.000000
ST. LOUIS - 000497,13,1.000000
ST. LOUIS - 000498,13,1.000000
ST. LOUIS - 000499,13,1.000000
ST. LOUIS - 000500,13,1.000000
ST. LOUIS - 000501,13,1.000000
ST. LOUIS - 000502,13,1.000000
ST. LOUIS - 000503,1,1.000000
ST. LOUIS - 000504,24,1.000000
ST. LOUIS - 000505,24,1.000000
ST. LOUIS - 000506,1,1.000000
ST. LOUIS - 000507,1,1.000000
ST. LOUIS - 000508,1,1.000000
ST. LOUIS - 000509,1,1.000000
ST. LOUIS - 000510,24,1.000000
ST. LOUIS - 000511,24,0.997619
ST. LOUIS - 000511,1,0.002381
ST. LOUIS - 000512,24,1.000000
ST. LOUIS - 000513,24,1.000000
ST. LOUIS - 000514,24,1.000000
ST. LOUIS - 000515,1,1.000000
ST. LOUIS - 000516,24,1.000000
ST. LOUIS - 000517,1,1.000000
ST. LOUIS - 000518,4,1.000000
ST. LOUIS - 000519,1,1.000000
ST. LOUIS - 000520,1,1.000000
ST. LOUIS - 000521,1,1.000000
ST. LOUIS - 000522,1,1.000000
ST. LOUIS - 000523,4,0.490476
ST. LOUIS - 000523,1,0.509524
ST. LOUIS - 000524,4,1.000000
ST. LOUIS - 000525,4,1.000000
ST. LOUIS - 000526,1,1.000000
ST. LOUIS - 000527,1,0.307143
ST. LOUIS - 000527,4,0.692857
ST. LOUIS - 000528,1,1.000000
ST. LOUIS - 000529,1,1.000000
ST. LOUIS - 000530,1,1.000000
ST. LOUIS - 000531,1,1.000000
ST. LOUIS - 000532,1,1.000000
ST. LOUIS - 000533,1,1.000000
ST. LOUIS - 000534,1,1.000000
ST. LOUIS - 000535,1,1.000000
ST. LOUIS - 000536,1,1.000000
ST. LOUIS - 000537,1,1.000000
ST. LOUIS - 000538,1,1.000000
ST. LOUIS - 000539,4,1.000000
ST. LOUIS - 000540,4,1.000000
ST. LOUIS - 000541,4,1.000000
ST. LOUIS - 000542,24,1.000000
ST. LOUIS - 000543,1,1.000000
ST. LOUIS - 000544,1,1.000000
ST. LOUIS - 000545,1,1.000000
ST. LOUIS - 000546,24,1.000000
ST. LOUIS - 000547,24,1.000000
ST. LOUIS - 000548,1,1.000000
ST. LOUIS - 000549,1,1.000000
ST. LOUIS - 000550,1,1.000000
ST. LOUIS - 000551,1,1.000000
ST. LOUIS - 000552,1,1.000000
ST. LOUIS - 000553,1,1.000000
ST. LOUIS - 000554,1,1.000000
ST. LOUIS - 000555,1,1.000000
ST. LOUIS - 000556,1,1.000000
ST. LOUIS - 000557,1,1.000000
ST. LOUIS - 000558,1,1.000000
ST. LOUIS - 000559,24,1.000000
ST. LOUIS - 000560,4,0.952381
ST. LOUIS - 000560,1,0.047619
ST. LOUIS - 000561,4,1.000000
ST. LOUIS - 000562,1,1.000000
ST. LOUIS - 000563,1,1.000000
ST. LOUIS - 000564,24,1.000000
ST. LOUIS - 000565,4,1.000000
ST. LOUIS - 000566,4,1.000000
ST. LOUIS - 000567,4,1.000000
ST. LOUIS - 000568,4,1.000000
ST. LOUIS - 000569,4,1.000000
ST. LOUIS - 000570,14,0.966667
ST. LOUIS - 000570,4,0.033333
ST. LOUIS - 000571,14,1.000000
ST. LOUIS - 000572,14,1.000000
ST. LOUIS - 000573,14,0.992857
ST. LOUIS - 000573,4,0.007143
ST. LOUIS - 000574,14,1.000000
ST. LOUIS - 000575,14,1.000000
ST. LOUIS - 000576,14,1.000000
ST. LOUIS - 000577,14,1.000000
ST. LOUIS - 000578,4,1.000000
ST. LOUIS - 000579,4,1.000000
ST. LOUIS - 000580,4,1.000000
ST. LOUIS - 000581,4,1.000000
ST. LOUIS - 000582,4,1.000000
ST. LOUIS - 000583,4,1.000000
ST. LOUIS - 000584,4,1.000000
ST. LOUIS - 000585,4,1.000000
ST. LOUIS - 000586,4,1.000000
ST. LOUIS - 000587,4,1.000000
ST. LOUIS - 000588,4,1.000000
ST. LOUIS - 000589,4,1.000000
ST. LOUIS - 000590,4,1.000000
ST. LOUIS - 000591,4,1.000000
ST. LOUIS - 000592,4,1.000000
ST. LOUIS - 000593,4,1.000000
ST. LOUIS - 000594,4,1.000000
ST. LOUIS - 000595,4,1.000000
ST. LOUIS - 000596,4,1.000000
ST. LOUIS - 000597,4,1.000000
ST. LOUIS - 000598,4,1.000000
ST. LOUIS - 000599,4,1.000000
ST. LOUIS - 000600,14,1.000000
ST. LOUIS - 000601,4,1.000000
ST. LOUIS - 000602,14,1.000000
ST. LOUIS - 000603,4,0.983333
ST. LOUIS - 000603,24,0.016667
ST. LOUIS - 000604,24,1.000000
ST. LOUIS - 000605,4,0.983333
ST. LOUIS - 000605,24,0.016667
ST. LOUIS - 000606,4,0.961905
ST. LOUIS - 000606,24,0.038095
ST. LOUIS - 000607,4,0.930952
ST. LOUIS - 000607,24,0.069048
ST. LOUIS - 000608,4,1.000000
ST. LOUIS - 000609,4,0.959524
ST. LOUIS - 000609,1,0.040476
ST. LOUIS - 000610,4,1.000000
ST. LOUIS - 000611,4,1.000000
ST. LOUIS - 000612,4,1.000000
ST. LOUIS - 000613,4,1.000000
ST. LOUIS - 000614,4,1.000000
ST. LOUIS - 000615,1,1.000000
ST. LOUIS - 000616,1,1.000000
ST. LOUIS - 000617,4,1.000000
ST. LOUIS - 000618,1,1.000000
ST. LOUIS - 000619,4,1.000000
ST. LOUIS - 000620,1,1.000000
ST. LOUIS - 000621,1,1.000000
ST. LOUIS - 000622,1,1.000000
ST. LOUIS - 000623,4,1.000000
ST. LOUIS - 000624,1,1.000000
ST. LOUIS - 000625,1,1.000000
ST. LOUIS - 000626,1,1.000000
ST. LOUIS - 000627,1,1.000000
ST. LOUIS - 000628,1,1.000000
ST. LOUIS - 000629,1,1.000000
ST. LOUIS - 000630,1,1.000000
ST. LOUIS - 000631,4,1.000000
ST. LOUIS - 000632,1,1.000000
ST. LOUIS - 000633,1,1.000000
ST. LOUIS - 000634,24,1.000000
ST. LOUIS - 000635,24,1.000000
ST. LOUIS - 000636,24,1.000000
ST. LOUIS - 000637,24,1.000000
ST. LOUIS - 000638,24,1.000000
ST. LOUIS - 000639,24,1.000000
ST. LOUIS - 000640,4,1.000000
ST. LOUIS - 000641,24,1.000000
ST. LOUIS - 000642,24,0.983333
ST. LOUIS - 000642,4,0.016667
ST. LOUIS - 000643,1,1.000000
ST. LOUIS - 000644,1,1.000000
ST. LOUIS - 000645,1,1.000000
ST. LOUIS - 000646,1,1.000000
ST. LOUIS - 000647,1,1.000000
ST. LOUIS - 000648,1,1.000000
ST. LOUIS - 000649,1,1.000000
ST. LOUIS - 000650,1,1.000000
ST. LOUIS - 000651,1,1.000000
ST. LOUIS - 000652,1,1.000000
ST. LOUIS - 000653,4,1.000000
ST. LOUIS - 000654,4,1.000000
ST. LOUIS - 000655,15,1.000000
ST. LOUIS - 000656,15,1.000000
ST. LOUIS - 000657,15,1.000000
ST. LOUIS - 000658,15,1.000000
ST. LOUIS - 000659,15,1.000000
ST. LOUIS - 000660,15,1.000000
ST. LOUIS - 000661,15,1.000000
ST. LOUIS - 000662,15,1.000000
ST. LOUIS - 000663,15,1.000000
ST. LOUIS - 000664,15,1.000000
ST. LOUIS - 000665,15,1.000000
ST. LOUIS - 000666,15,1.000000
ST. LOUIS - 000667,15,1.000000
ST. LOUIS - 000668,15,1.000000
ST. LOUIS - 000669,15,1.000000
ST. LOUIS - 000670,15,1.000000
ST. LOUIS - 000671,15,1.000000
ST. LOUIS - 000672,15,1.000000
ST. LOUIS - 000673,15,1.000000
ST. LOUIS - 000674,15,1.000000
ST. LOUIS - 000675,15,1.000000
ST. LOUIS - 000676,15,1.000000
ST. LOUIS - 000677,15,1.000000
ST. LOUIS - 000678,15,1.000000
ST. LOUIS - 000679,15,1.000000
ST. LOUIS - 000680,15,1.000000
ST. LOUIS - 000681,15,1.000000
ST. LOUIS - 000682,15,1.000000
ST. LOUIS - 000683,15,1.000000
ST. LOUIS - 000684,15,1.000000
ST. LOUIS - 000685,15,1.000000
ST. LOUIS - 000686,15,1.000000
ST. LOUIS - 000687,15,1.000000
ST. LOUIS - 000688,15,1.000000
ST. LOUIS - 000689,15,1.000000
ST. LOUIS - 000690,15,1.000000
ST. LOUIS - 000691,15,1.000000
ST. LOUIS - 000692,15,1.000000
ST. LOUIS - 000693,15,1.000000
ST. LOUIS - 000694,15,1.000000
ST. LOUIS - 000695,15,1.000000
ST. LOUIS - 000696,15,1.000000
ST. LOUIS - 000697,15,1.000000
ST. LOUIS - 000698,15,1.000000
ST. LOUIS - 000699,15,1.000000
ST. LOUIS - 000700,15,1.000000
ST. LOUIS - 000701,15,1.000000
ST. LOUIS - 000702,13,1.000000
ST. LOUIS - 000703,13,1.000000
ST. LOUIS - 000704,13,1.000000
ST. LOUIS - 000705,13,1.000000
ST. LOUIS - 000706,13,1.000000
ST. LOUIS - 000707,13,1.000000
ST. LOUIS - 000708,13,1.000000
ST. LOUIS - 000709,13,1.000000
ST. LOUIS - 000710,13,1.000000
ST. LOUIS - 000711,13,1.000000
ST. LOUIS - 000712,13,1.000000
ST. LOUIS - 000713,13,1.000000
ST. LOUIS - 000714,13,1.000000
ST. LOUIS - 000715,13,1.000000
ST. LOUIS - 000716,13,1.000000
ST. LOUIS - 000717,13,0.840476
ST. LOUIS - 000717,14,0.159524
ST. LOUIS - 000718,13,1.000000
ST. LOUIS - 000719,13,1.000000
ST. LOUIS - 000720,13,1.000000
ST. LOUIS - 000721,13,1.000000
ST. LOUIS - 000722,13,1.000000
ST. LOUIS - 000723,13,1.000000
ST. LOUIS - 000724,13,1.000000
ST. LOUIS - 000725,13,1.000000
ST. LOUIS - 000726,13,1.000000
ST. LOUIS - 000727,13,1.000000
ST. LOUIS - 000728,13,1.000000
ST. LOUIS - 000729,13,1.000000
ST. LOUIS - 000730,13,1.000000
ST. LOUIS - 000731,13,1.000000
ST. LOUIS - 000732,13,1.000000
ST. LOUIS - 000733,13,1.000000
ST. LOUIS - 000734,13,1.000000
ST. LOUIS - 000735,13,1.000000
ST. LOUIS - 000736,13,1.000000
ST. LOUIS - 000737,13,1.000000
ST. LOUIS - 000738,13,1.000000
ST. LOUIS - 000739,13,1.000000
ST. LOUIS - 000740,13,1.000000
ST. LOUIS - 000741,13,1.000000
ST. LOUIS - 000742,13,1.000000
ST. LOUIS - 000743,13,1.000000
ST. LOUIS - 000744,13,1.000000
ST. LOUIS - 000745,1,1.000000
ST. LOUIS - 000746,1,1.000000
ST. LOUIS - 000747,1,1.000000
ST. LOUIS - 000748,1,1.000000
ST. LOUIS - 000749,1,1.000000
ST. LOUIS - 000750,1,1.000000
ST. LOUIS - 000751,1,1.000000
ST. LOUIS - 000752,1,1.000000
ST. LOUIS - 000753,1,1.000000
ST. LOUIS - 000754,1,1.000000
ST. LOUIS - 000755,1,1.000000
ST. LOUIS - 000756,1,1.000000
ST. LOUIS - 000757,1,1.000000
ST. LOUIS - 000758,1,1.000000
ST. LOUIS - 000759,1,1.000000
ST. LOUIS - 000760,1,1.000000
ST. LOUIS - 000761,1,1.000000
ST. LOUIS - 000762,1,1.000000
ST. LOUIS - 000763,1,1.000000
ST. LOUIS - 000764,1,1.000000
ST. LOUIS - 000765,1,1.000000
ST. LOUIS - 000766,1,1.000000
ST. LOUIS - 000767,1,1.000000
ST. LOUIS - 000768,1,1.000000
ST. LOUIS - 000769,1,1.000000
ST. LOUIS - 000770,1,1.000000
ST. LOUIS - 000771,1,1.000000
ST. LOUIS - 000772,1,1.000000
ST. LOUIS - 000773,1,1.000000
ST. LOUIS - 000774,1,1.000000
ST. LOUIS - 000775,1,1.000000
ST. LOUIS - 000776,1,1.000000
ST. LOUIS - 000777,1,1.000000
ST. LOUIS - 000778,1,1.000000
ST. LOUIS - 000779,1,1.000000
ST. LOUIS - 000780,1,1.000000
ST. LOUIS - 000781,1,1.000000
ST. LOUIS - 000782,1,1.000000
ST. LOUIS - 000783,1,1.000000
ST. LOUIS - 000784,1,1.000000
ST. LOUIS - 000785,1,1.000000
ST. LOUIS - 000786,1,1.000000
ST. LOUIS - 000787,1,1.000000
ST. LOUIS - 000788,1,1.000000
ST. LOUIS - 000789,1,1.000000
ST. LOUIS - 000790,1,1.000000
ST. LOUIS - 000791,1,1.000000
ST. LOUIS - 000792,1,1.000000
ST. LOUIS - 000793,1,1.000000
ST. LOUIS - 000794,1,1.000000
ST. LOUIS - 000795,1,1.000000
ST. LOUIS - 000796,1,1.000000
ST. LOUIS - 000797,1,1.000000
ST. LOUIS - 000798,1,1.000000
ST. LOUIS - 000799,15,0.988095
ST. LOUIS - 000799,24,0.011905
ST. LOUIS - 000800,15,1.000000
ST. LOUIS - 000801,15,1.000000
ST. LOUIS - 000802,15,1.000000
ST. LOUIS - 000803,15,1.000000
ST. LOUIS - 000804,15,1.000000
ST. LOUIS - 000805,26,1.000000
ST. LOUIS - 000806,15,1.000000
ST. LOUIS - 000807,26,1.000000
ST. LOUIS - 000808,15,1.000000
ST. LOUIS - 000809,24,1.000000
ST. LOUIS - 000810,15,1.000000
ST. LOUIS - 000811,15,1.000000
ST. LOUIS - 000812,26,1.000000
ST. LOUIS - 000813,15,0.880952
ST. LOUIS - 000813,24,0.119048
ST. LOUIS - 000814,26,1.000000
ST. LOUIS - 000815,26,1.000000
ST. LOUIS - 000816,26,1.000000
ST. LOUIS - 000817,26,0.995238
ST. LOUIS - 000817,22,0.004762
ST. LOUIS - 000818,26,1.000000
ST. LOUIS - 000819,15,1.000000
ST. LOUIS - 000820,26,1.000000
ST. LOUIS - 000821,24,1.000000
ST. LOUIS - 000822,24,1.000000
ST. LOUIS - 000823,24,1.000000
ST. LOUIS - 000824,15,0.995238
ST. LOUIS - 000824,26,0.004762
ST. LOUIS - 000825,15,1.000000
ST. LOUIS - 000826,15,1.000000
ST. LOUIS - 000827,15,1.000000
ST. LOUIS - 000828,26,0.952381
ST. LOUIS - 000828,15,0.047619
ST. LOUIS - 000829,24,1.000000
ST. LOUIS - 000830,24,1.000000
ST. LOUIS - 000831,15,1.000000
ST. LOUIS - 000832,15,1.000000
ST. LOUIS - 000833,15,1.000000
ST. LOUIS - 000834,15,1.000000
ST. LOUIS - 000835,24,1.000000
ST. LOUIS - 000836,15,1.000000
ST. LOUIS - 000837,15,1.000000
ST. LOUIS - 000838,15,1.000000
ST. LOUIS - 000839,15,1.000000
ST. LOUIS - 000840,24,1.000000
ST. LOUIS - 000841,24,1.000000
ST. LOUIS - 000842,24,1.000000
ST. LOUIS - 000843,15,1.000000
ST. LOUIS - 000844,26,1.000000
ST. LOUIS - 000845,15,1.000000
ST. LOUIS - 000846,24,1.000000
ST. LOUIS - 000847,15,1.000000
ST. LOUIS - 000848,15,1.000000
ST. LOUIS - 000849,24,1.000000
ST. LOUIS - 000850,15,1.000000
ST. LOUIS - 000851,15,1.000000
ST. LOUIS - 000852,24,1.000000
ST. LOUIS - 000853,15,0.976190
ST. LOUIS - 000853,26,0.023810
ST. LOUIS - 000854,15,1.000000
ST. LOUIS - 000855,15,1.000000
ST. LOUIS - 000856,24,1.000000
ST. LOUIS - 000857,15,1.000000
ST. LOUIS - 000858,26,1.000000
ST. LOUIS - 000859,15,1.000000
ST. LOUIS - 000860,15,0.678571
ST. LOUIS - 000860,26,0.321429
ST. LOUIS - 000862,15,1.000000
ST. LOUIS - 000863,15,1.000000
ST. LOUIS - 000864,15,1.000000
ST. LOUIS - 000865,15,1.000000
ST. LOUIS - 000866,15,1.000000
ST. LOUIS - 000867,24,1.000000
ST. LOUIS - 000868,15,1.000000
ST. LOUIS - 000869,24,1.000000
ST. LOUIS - 000870,24,0.957143
ST. LOUIS - 000870,15,0.042857
ST. LOUIS - 000871,24,1.000000
ST. LOUIS - 000872,24,1.000000
ST. LOUIS - 000873,24,1.000000
ST. LOUIS - 000874,24,1.000000
ST. LOUIS - 000875,24,1.000000
ST. LOUIS - 000876,24,1.000000
ST. LOUIS - 000877,24,1.000000
ST. LOUIS - 000878,24,1.000000
ST. LOUIS - 000879,24,1.000000
ST. LOUIS - 000880,15,1.000000
ST. LOUIS - 000881,24,1.000000
ST. LOUIS - 000882,24,1.000000
ST. LOUIS - 000883,24,1.000000
ST. LOUIS - 000884,24,1.000000
ST. LOUIS - 000885,15,1.000000
ST. LOUIS - 000886,24,1.000000
ST. LOUIS - 000887,15,1.000000
ST. LOUIS - 000888,15,1.000000
ST. LOUIS - 000889,24,1.000000
ST. LOUIS - 000890,24,1.000000
ST. LOUIS - 000891,24,1.000000
ST. LOUIS - 000892,24,1.000000
ST. LOUIS - 000893,24,1.000000
ST. LOUIS - 000894,24,1.000000
ST. LOUIS - 000895,24,1.000000
ST. LOUIS - 000896,15,1.000000
ST. LOUIS - 000897,24,1.000000
ST. LOUIS - 000898,24,1.000000
ST. LOUIS - 000899,24,1.000000
ST. LOUIS - 000900,15,1.000000
ST. LOUIS - 000901,24,1.000000
ST. LOUIS - 000902,24,1.000000
ST. LOUIS - 000903,24,1.000000
ST. LOUIS - 000904,24,1.000000
ST. LOUIS - 000905,24,1.000000
ST. LOUIS - 000906,24,1.000000
ST. LOUIS - 000907,24,1.000000
ST. LOUIS - 000908,24,1.000000
ST. LOUIS - 000909,24,1.000000
ST. LOUIS - 000910,24,1.000000
ST. LOUIS - 000911,24,1.000000
ST. LOUIS - 000912,24,1.000000
ST. LOUIS - 000913,24,1.000000
ST. LOUIS - 000914,24,1.000000
ST. LOUIS - 000915,24,1.000000
ST. LOUIS - 000916,24,1.000000
ST. LOUIS - 000917,24,0.828571
ST. LOUIS - 000917,15,0.171429
ST. LOUIS - 000918,24,1.000000
ST. LOUIS - 000919,15,1.000000
ST. LOUIS - 000920,24,1.000000
ST. LOUIS - 000921,24,1.000000
ST. LOUIS - 000922,15,1.000000
ST. LOUIS - 000923,24,1.000000
ST. LOUIS - 000924,14,1.000000
ST. LOUIS - 000925,14,1.000000
ST. LOUIS - 000926,14,1.000000
ST. LOUIS - 000927,14,1.000000
ST. LOUIS - 000928,14,1.000000
ST. LOUIS - 000929,14,1.000000
ST. LOUIS - 000930,14,1.000000
ST. LOUIS - 000931,14,1.000000
ST. LOUIS - 000932,14,1.000000
ST. LOUIS - 000933,14,1.000000
ST. LOUIS - 000934,14,1.000000
ST. LOUIS - 000935,14,1.000000
ST. LOUIS - 000936,14,1.000000
ST. LOUIS - 000937,14,1.000000
ST. LOUIS - 000938,14,1.000000
ST. LOUIS - 000939,14,1.000000
ST. LOUIS - 000940,14,1.000000
ST. LOUIS - 000941,14,1.000000
ST. LOUIS - 000942,14,1.000000
ST. LOUIS - 000943,14,1.000000
ST. LOUIS - 000944,14,1.000000
ST. LOUIS - 000945,14,1.000000
ST. LOUIS - 000946,24,1.000000
ST. LOUIS - 000947,14,1.000000
ST. LOUIS - 000948,14,1.000000
ST. LOUIS - 000949,14,1.000000
ST. LOUIS - 000950,14,1.000000
ST. LOUIS - 000951,14,1.000000
ST. LOUIS - 000952,14,1.000000
ST. LOUIS - 000953,14,1.000000
ST. LOUIS - 000954,14,1.000000
ST. LOUIS - 000955,14,1.000000
ST. LOUIS - 000956,14,1.000000
ST. LOUIS - 000957,14,1.000000
ST. LOUIS - 000958,14,1.000000
ST. LOUIS - 000959,14,1.000000
ST. LOUIS - 000960,14,1.000000
ST. LOUIS - 000961,14,1.000000
ST. LOUIS - 000962,14,1.000000
ST. LOUIS - 000963,14,1.000000
ST. LOUIS - 000964,14,1.000000
ST. LOUIS - 000965,14,1.000000
ST. LOUIS - 000966,14,1.000000
ST. LOUIS - 000967,14,1.000000
ST. LOUIS - 000968,14,1.000000
ST. LOUIS - 000969,14,1.000000
ST. LOUIS - 000970,14,1.000000
ST. LOUIS - 000971,14,1.000000
ST. LOUIS - 000972,14,1.000000
ST. LOUIS - 000973,14,1.000000
ST. LOUIS - 000974,14,1.000000
ST. LOUIS - 000975,14,1.000000
ST. LOUIS - 000976,14,1.000000
ST. LOUIS - 000977,14,1.000000
ST. LOUIS - 000978,14,1.000000
ST. LOUIS - 000979,24,1.000000
ST. LOUIS - 000980,14,1.000000
ST. LOUIS - 000981,14,1.000000
ST. LOUIS - 000982,14,0.580952
ST. LOUIS - 000982,24,0.419048
ST. LOUIS - 000983,24,1.000000
ST. LOUIS - 000984,24,1.000000
ST. LOUIS - 000985,24,1.000000
ST. LOUIS - 000986,14,1.000000
ST. LOUIS - 000987,24,1.000000
ST. LOUIS - 000988,14,1.000000
ST. LOUIS - 000989,14,1.000000
ST. LOUIS - 000990,14,1.000000
ST. LOUIS - 000991,24,1.000000
ST. LOUIS - 000992,15,1.000000
ST. LOUIS - 000993,15,1.000000
ST. LOUIS - 000994,15,1.000000
ST. LOUIS - 000995,24,0.973810
ST. LOUIS - 000995,15,0.026190
ST. LOUIS - 000996,15,1.000000
ST. LOUIS - 000997,24,1.000000
ST. LOUIS - 000998,15,0.990476
ST. LOUIS - 000998,24,0.009524
ST. LOUIS - 000999,24,0.978571
ST. LOUIS - 000999,15,0.021429
ST. LOUIS - 001000,15,0.940476
ST. LOUIS - 001000,24,0.059524
ST. LOUIS - 001001,24,1.000000
ST. LOUIS - 001002,24,1.000000
ST. LOUIS - 001003,24,1.000000
ST. LOUIS - 001004,24,1.000000
ST. LOUIS - 001005,24,1.000000
ST. LOUIS - 001006,24,1.000000
ST. LOUIS - 001007,24,1.000000
ST. LOUIS - 001008,24,1.000000
ST. LOUIS - 001009,15,1.000000
ST. LOUIS - 001010,24,1.000000
ST. LOUIS - 001011,24,1.000000
ST. LOUIS - 001012,24,1.000000
ST. LOUIS - 001013,24,1.000000
ST. LOUIS - 001014,15,1.000000
ST. LOUIS - 001015,15,1.000000
ST. LOUIS - 001016,15,1.000000
ST. LOUIS - 001017,15,1.000000
ST. LOUIS - 001018,15,1.000000
ST. LOUIS - 001019,24,1.000000
ST. LOUIS - 001020,15,1.000000
ST. LOUIS - 001021,15,1.000000
ST. LOUIS - 001022,15,1.000000
ST. LOUIS - 001023,24,1.000000
ST. LOUIS - 001024,24,1.000000
ST. LOUIS - 001025,24,1.000000
ST. LOUIS - 001026,15,1.000000
ST. LOUIS - 001027,15,1.000000
ST. LOUIS - 001028,24,1.000000
ST. LOUIS - 001029,24,1.000000
ST. LOUIS - 001030,15,1.000000
ST. LOUIS - 001031,15,0.935714
ST. LOUIS - 001031,24,0.064286
ST. LOUIS - 001032,24,1.000000
ST. LOUIS - 001033,15,0.904762
ST. LOUIS - 001033,24,0.095238
ST. LOUIS - 001034,15,1.000000
ST. LOUIS - 001035,15,1.000000
ST. LOUIS - 001036,15,1.000000
ST. LOUIS - 001037,24,1.000000
ST. LOUIS - 001038,24,1.000000
ST. LOUIS - 001039,15,1.000000
ST. LOUIS - 001040,24,1.000000
ST. LOUIS - 001041,15,1.000000
ST. LOUIS - 001042,24,1.000000
ST. LOUIS - 001043,15,1.000000
ST. LOUIS - 001044,15,1.000000
ST. LOUIS - 001045,24,1.000000
ST. LOUIS - 001046,15,1.000000
ST. LOUIS - 001047,24,0.147619
ST. LOUIS - 001047,15,0.852381
ST. LOUIS - 001048,24,1.000000
ST. LOUIS - 001049,24,1.000000
ST. LOUIS - 001050,15,1.000000
ST. LOUIS - 001051,15,1.000000
ST. LOUIS - 001052,15,1.000000
ST. LOUIS - 001053,24,1.000000
ST. LOUIS - 001054,15,1.000000
ST. LOUIS - 001055,15,1.000000
ST. LOUIS - 001056,24,1.000000
ST. LOUIS - 001057,15,1.000000
ST. LOUIS - 001058,15,1.000000
ST. LOUIS - 001059,24,1.000000
ST. LOUIS - 001060,24,1.000000
ST. LOUIS - 001061,24,1.000000
ST. LOUIS - 001062,24,1.000000
ST. LOUIS - 001063,24,1.000000
ST. LOUIS - 001064,24,1.000000
ST. LOUIS - 001065,24,1.000000
ST. LOUIS - 001066,24,1.000000
ST. LOUIS - 001067,24,1.000000
ST. LOUIS - 001068,24,1.000000
ST. LOUIS - 001069,15,1.000000
ST. LOUIS - 001070,15,1.000000
ST. LOUIS - 001071,15,1.000000
ST. LOUIS - 001072,24,0.907143
ST. LOUIS - 001072,15,0.092857
ST. LOUIS - 001073,15,1.000000
ST. LOUIS - 001074,15,0.950000
ST. LOUIS - 001074,24,0.050000
ST. LOUIS - 001075,15,1.000000
ST. LOUIS - 001076,15,1.000000
ST. LOUIS - 001077,14,1.000000
ST. LOUIS - 001078,14,1.000000
ST. LOUIS - 001079,14,1.000000
ST. LOUIS - 001080,14,1.000000
ST. LOUIS - 001081,14,1.000000
ST. LOUIS - 001082,14,1.000000
ST. LOUIS - 001083,14,1.000000
ST. LOUIS - 001084,13,1.000000
ST. LOUIS - 001085,14,1.000000
ST. LOUIS - 001086,14,1.000000
ST. LOUIS - 001087,14,1.000000
ST. LOUIS - 001088,14,0.988095
ST. LOUIS - 001088,13,0.011905
ST. LOUIS - 001089,14,1.000000
ST. LOUIS - 001090,14,1.000000
ST. LOUIS - 001091,14,1.000000
ST. LOUIS - 001092,14,1.000000
ST. LOUIS - 001093,14,1.000000
ST. LOUIS - 001094,14,1.000000
ST. LOUIS - 001095,14,1.000000
ST. LOUIS - 001096,14,1.000000
ST. LOUIS - 001097,14,1.000000
ST. LOUIS - 001098,14,1.000000
ST. LOUIS - 001099,13,1.000000
ST. LOUIS - 001100,14,1.000000
ST. LOUIS - 001101,13,1.000000
ST. LOUIS - 001102,13,1.000000
ST. LOUIS - 001103,13,1.000000
ST. LOUIS - 001104,13,1.000000
ST. LOUIS - 001105,14,1.000000
ST. LOUIS - 001106,14,1.000000
ST. LOUIS - 001107,13,1.000000
ST. LOUIS - 001108,13,1.000000
ST. LOUIS - 001109,14,1.000000
ST. LOUIS - 001110,13,1.000000
ST. LOUIS - 001111,14,1.000000
ST. LOUIS - 001112,14,1.000000
ST. LOUIS - 001113,14,1.000000
ST. LOUIS - 001114,14,1.000000
ST. LOUIS - 001115,14,1.000000
ST. LOUIS - 001116,14,1.000000
ST. LOUIS - 001117,14,1.000000
ST. LOUIS - 001118,14,1.000000
ST. LOUIS - 001119,13,1.000000
ST. LOUIS - 001120,14,1.000000
ST. LOUIS - 001121,13,1.000000
ST. LOUIS - 001122,13,1.000000
ST. LOUIS - 001123,14,1.000000
ST. LOUIS - 001124,13,1.000000
ST. LOUIS - 001125,14,1.000000
ST. LOUIS - 001126,14,1.000000
ST. LOUIS - 001127,13,1.000000
ST. LOUIS - 001128,13,1.000000
ST. LOUIS - 001129,14,1.000000
ST. LOUIS - 001130,14,1.000000
ST. LOUIS - 001131,13,1.000000
ST. LOUIS - 001132,14,1.000000
ST. LOUIS - 001133,14,0.964286
ST. LOUIS - 001133,13,0.035714
ST. LOUIS - 001134,14,1.000000
ST. LOUIS - 001135,14,1.000000
ST. LOUIS - 001136,13,1.000000
ST. LOUIS - 001137,13,1.000000
ST. LOUIS - 001138,13,1.000000
ST. LOUIS - 001139,14,1.000000
ST. LOUIS - 001140,14,1.000000
ST. LOUIS - 001141,13,0.997619
ST. LOUIS - 001141,14,0.002381
ST. LOUIS - 001142,13,0.950000
ST. LOUIS - 001142,14,0.050000
ST. LOUIS - 001143,13,0.942857
ST. LOUIS - 001143,14,0.057143
ST. LOUIS - 001144,14,1.000000
ST. LOUIS - 001145,14,0.835714
ST. LOUIS - 001145,13,0.164286
ST. LOUIS - 001146,14,1.000000
ST. LOUIS - 001147,14,1.000000
ST. LOUIS - 001148,14,1.000000
ST. LOUIS - 001149,14,1.000000
ST. LOUIS - 001150,14,1.000000
ST. LOUIS - 001151,14,1.000000
ST. LOUIS - 001152,14,1.000000
ST. LOUIS - 001153,14,1.000000
ST. LOUIS - 001154,14,1.000000
ST. LOUIS - 001155,13,1.000000
ST. LOUIS - 001156,13,1.000000
ST. LOUIS - 001157,13,1.000000
ST. LOUIS - 001158,13,1.000000
ST. LOUIS - 001159,13,1.000000
ST. LOUIS - 001160,14,1.000000
ST. LOUIS - 001161,13,1.000000
ST. LOUIS - 001162,14,1.000000
ST. LOUIS - 001163,13,1.000000
ST. LOUIS - 001164,14,1.000000
ST. LOUIS - 001165,14,1.000000
ST. LOUIS - 001166,14,1.000000
ST. LOUIS - 001167,13,1.000000
ST. LOUIS - 001168,13,1.000000
ST. LOUIS - 001169,14,1.000000
ST. LOUIS - 001170,14,1.000000
ST. LOUIS - 001171,14,1.000000
ST. LOUIS - 001172,14,1.000000
ST. LOUIS - 001173,14,1.000000
ST. LOUIS - 001174,13,1.000000
ST. LOUIS - 001175,13,1.000000
ST. LOUIS - 001176,14,1.000000
ST. LOUIS - 001177,13,1.000000
ST. LOUIS - 001178,13,1.000000
ST. LOUIS - 001179,13,1.000000
ST. LOUIS - 001180,13,1.000000
ST. LOUIS - 001181,13,1.000000
ST. LOUIS - 001182,13,1.000000
ST. LOUIS - 001183,13,1.000000
ST. LOUIS - 001184,13,1.000000
ST. LOUIS - 001185,13,1.000000
ST. LOUIS - 001186,13,1.000000
ST. LOUIS - 001187,13,1.000000
ST. LOUIS - 001188,13,1.000000
ST. LOUIS - 001189,13,1.000000
ST. LOUIS - 001190,13,1.000000
ST. LOUIS - 001191,13,1.000000
ST. LOUIS - 001192,13,1.000000
ST. LOUIS - 001193,14,1.000000
ST. LOUIS - 001194,13,1.000000
ST. LOUIS - 001195,24,1.000000
ST. LOUIS - 001196,13,1.000000
ST. LOUIS - 001197,14,1.000000
ST. LOUIS - 001198,13,1.000000
ST. LOUIS - 001199,14,1.000000
ST. LOUIS - 001200,14,1.000000
ST. LOUIS - 001201,13,1.000000
ST. LOUIS - 001202,13,1.000000
ST. LOUIS - 001203,14,1.000000
ST. LOUIS - 001204,13,1.000000
ST. LOUIS - 001205,14,1.000000
ST. LOUIS - 001206,14,1.000000
ST. LOUIS - 001207,24,1.000000
ST. LOUIS - 001208,14,1.000000
ST. LOUIS - 001209,13,1.000000
ST. LOUIS - 001210,13,1.000000
ST. LOUIS - 001211,14,1.000000
ST. LOUIS - 001212,14,1.000000
ST. LOUIS - 001213,24,1.000000
ST. LOUIS - 001214,24,0.995238
ST. LOUIS - 001214,14,0.004762
ST. LOUIS - 001215,14,0.950000
ST. LOUIS - 001215,24,0.050000
ST. LOUIS - 001216,14,1.000000
ST. LOUIS - 001217,14,1.000000
ST. LOUIS - 001218,14,1.000000
ST. LOUIS - 001219,14,1.000000
ST. LOUIS - 001220,14,0.971429
ST. LOUIS - 001220,24,0.028571
ST. LOUIS - 001221,14,1.000000
ST. LOUIS - 001222,13,1.000000
ST. LOUIS - 001223,14,1.000000
ST. LOUIS - 001224,14,1.000000
ST. LOUIS - 001225,14,1.000000
ST. LOUIS - 001226,14,1.000000
ST. LOUIS - 001227,24,1.000000
ST. LOUIS - 001228,14,1.000000
ST. LOUIS - 001229,24,1.000000
ST. LOUIS - 001230,14,1.000000
ST. LOUIS - 001231,14,1.000000
ST. LOUIS - 001232,24,1.000000
ST. LOUIS - 001233,13,0.926190
ST. LOUIS - 001233,14,0.073810
ST. LOUIS - 001234,14,1.000000
ST. LOUIS - 001235,14,1.000000
ST. LOUIS - 001236,14,1.000000
ST. LOUIS - 001237,14,0.954762
ST. LOUIS - 001237,24,0.045238
ST. LOUIS - 001238,14,1.000000
ST. LOUIS - 001239,13,1.000000
ST. LOUIS - 001240,14,1.000000
ST. LOUIS - 001241,14,1.000000
ST. LOUIS - 001242,14,1.000000
ST. LOUIS - 001243,24,1.000000
ST. LOUIS - 001244,14,1.000000
ST. LOUIS - 001245,14,1.000000
ST. LOUIS - 001246,14,1.000000
ST. LOUIS - 001247,14,1.000000
ST. LOUIS - 001248,14,1.000000
ST. LOUIS - 001249,14,1.000000
ST. LOUIS - 001250,14,1.000000
ST. LOUIS - 001251,14,1.000000
ST. LOUIS - 001252,14,1.000000
ST. LOUIS - 001253,14,1.000000
ST. LOUIS - 001254,14,1.000000
ST. LOUIS - 001255,14,1.000000
ST. LOUIS - 001256,14,0.997619
ST. LOUIS - 001256,24,0.002381
ST. LOUIS - 001257,14,1.000000
ST. LOUIS - 001258,14,1.000000
ST. LOUIS - 001259,14,1.000000
ST. LOUIS - 001260,24,1.000000
ST. LOUIS - 001261,14,1.000000
ST. LOUIS - 001262,14,1.000000
ST. LOUIS - 001263,13,1.000000
ST. LOUIS - 001264,13,1.000000
ST. LOUIS - 001265,13,1.000000
ST. LOUIS - 001266,13,1.000000
ST. LOUIS - 001267,14,1.000000
ST. LOUIS - 001268,14,1.000000
ST. LOUIS - 001269,1,1.000000
ST. LOUIS - 001270,1,1.000000
ST. LOUIS - 001271,1,1.000000
ST. LOUIS - 001272,1,1.000000
ST. LOUIS - 001273,1,1.000000
ST. LOUIS - 001274,1,1.000000
ST. LOUIS - 001275,1,1.000000
ST. LOUIS - 001276,1,1.000000
ST. LOUIS - 001277,1,1.000000
ST. LOUIS - 001278,1,1.000000
ST. LOUIS - 001279,1,1.000000
ST. LOUIS - 001280,1,1.000000
ST. LOUIS - 001281,1,1.000000
ST. LOUIS - 001282,1,1.000000
ST. LOUIS - 001283,1,1.000000
ST. LOUIS - 001284,1,1.000000
ST. LOUIS - 001285,1,1.000000
ST. LOUIS - 001286,1,1.000000
ST. LOUIS - 001287,1,1.000000
ST. LOUIS - 001288,1,1.000000
ST. LOUIS - 001289,1,1.000000
ST. LOUIS - 001290,1,1.000000
ST. LOUIS - 001291,1,1.000000
ST. LOUIS - 001292,1,1.000000
ST. LOUIS - 001293,1,1.000000
ST. LOUIS - 001294,1,1.000000
ST. LOUIS - 001295,1,1.000000
ST. LOUIS - 001296,1,1.000000
ST. LOUIS - 001297,1,1.000000
ST. LOUIS - 001298,1,1.000000
ST. LOUIS - 001299,1,1.000000
ST. LOUIS - 001300,1,1.000000
ST. LOUIS - 001301,1,1.000000
ST. LOUIS - 001302,1,1.000000
ST. LOUIS - 001303,1,1.000000
ST. LOUIS - 001304,1,1.000000
ST. LOUIS - 001305,1,1.000000
ST. LOUIS - 001306,15,1.000000
ST. LOUIS - 001307,15,1.000000
ST. LOUIS - 001308,15,1.000000
ST. LOUIS - 001309,15,1.000000
ST. LOUIS - 001310,15,1.000000
ST. LOUIS - 001311,24,1.000000
ST. LOUIS - 001312,15,1.000000
ST. LOUIS - 001313,24,1.000000
ST. LOUIS - 001314,15,0.697619
ST. LOUIS - 001314,24,0.302381
ST. LOUIS - 001315,15,1.000000
ST. LOUIS - 001316,24,1.000000
ST. LOUIS - 001317,15,1.000000
ST. LOUIS - 001318,15,1.000000
ST. LOUIS - 001319,15,1.000000
ST. LOUIS - 001320,24,1.000000
ST. LOUIS - 001321,15,1.000000
ST. LOUIS - 001322,24,1.000000
ST. LOUIS - 001323,15,1.000000
ST. LOUIS - 001324,15,1.000000
ST. LOUIS - 001325,15,1.000000
ST. LOUIS - 001326,24,0.983333
ST. LOUIS - 001326,15,0.016667
ST. LOUIS - 001327,15,1.000000
ST. LOUIS - 001328,15,1.000000
ST. LOUIS - 001329,15,1.000000
ST. LOUIS - 001330,24,1.000000
ST. LOUIS - 001331,15,1.000000
ST. LOUIS - 001332,15,1.000000
ST. LOUIS - 001333,24,1.000000
ST. LOUIS - 001334,15,1.000000
ST. LOUIS - 001335,15,1.000000
ST. LOUIS - 001336,15,1.000000
ST. LOUIS - 001337,15,1.000000
ST. LOUIS - 001338,24,0.947619
ST. LOUIS - 001338,15,0.052381
ST. LOUIS - 001339,24,1.000000
ST. LOUIS - 001340,24,1.000000
ST. LOUIS - 001341,15,0.983333
ST. LOUIS - 001341,24,0.016667
ST. LOUIS - 001342,15,1.000000
ST. LOUIS - 001343,24,1.000000
ST. LOUIS - 001344,15,1.000000
ST. LOUIS - 001345,24,1.000000
ST. LOUIS - 001346,15,1.000000
ST. LOUIS - 001347,24,1.000000
ST. LOUIS - 001348,15,1.000000
ST. LOUIS - 001349,15,1.000000
ST. LOUIS - 001350,15,1.000000
ST. LOUIS - 001351,24,0.995238
ST. LOUIS - 001351,15,0.004762
ST. LOUIS - 001352,15,1.000000
ST. LOUIS - 001353,15,1.000000
ST. LOUIS - 001354,15,0.026190
ST. LOUIS - 001354,24,0.973810
ST. LOUIS - 001355,24,1.000000
ST. LOUIS - 001356,24,1.000000
ST. LOUIS - 001357,24,1.000000
ST. LOUIS - 001358,24,1.000000
ST. LOUIS - 001359,15,1.000000
ST. LOUIS - 001360,24,1.000000
ST. LOUIS - 001361,15,1.000000
ST. LOUIS - 001362,15,1.000000
ST. LOUIS - 001363,15,1.000000
ST. LOUIS - 001365,15,0.704762
ST. LOUIS - 001365,24,0.295238
ST. LOUIS - 001366,15,1.000000
ST. LOUIS - 001367,15,1.000000
ST. LOUIS - 001368,13,1.000000
ST. LOUIS - 001369,13,1.000000
ST. LOUIS - 001370,13,1.000000
ST. LOUIS - 001371,13,1.000000
ST. LOUIS - 001372,13,1.000000
ST. LOUIS - 001373,13,1.000000
ST. LOUIS - 001374,13,1.000000
ST. LOUIS - 001375,13,1.000000
ST. LOUIS - 001376,13,1.000000
ST. LOUIS - 001377,13,1.000000
ST. LOUIS - 001378,13,1.000000
ST. LOUIS - 001379,13,1.000000
ST. LOUIS - 001380,13,1.000000
ST. LOUIS - 001381,13,1.000000
ST. LOUIS - 001382,13,1.000000
ST. LOUIS - 001383,13,1.000000
ST. LOUIS - 001384,13,0.938095
ST. LOUIS - 001384,5,0.061905
ST. LOUIS - 001385,13,1.000000
ST. LOUIS - 001386,13,1.000000
ST. LOUIS - 001387,13,1.000000
ST. LOUIS - 001388,13,0.792857
ST. LOUIS - 001388,5,0.207143
ST. LOUIS - 001389,13,1.000000
ST. LOUIS - 001390,13,1.000000
ST. LOUIS - 001391,13,0.969048
ST. LOUIS - 001391,14,0.030952
ST. LOUIS - 001392,13,1.000000
ST. LOUIS - 001393,13,1.000000
ST. LOUIS - 001394,13,1.000000
ST. LOUIS - 001395,13,1.000000
ST. LOUIS - 001396,13,1.000000
ST. LOUIS - 001397,13,1.000000
ST. LOUIS - 001398,13,0.976190
ST. LOUIS - 001398,5,0.023810
ST. LOUIS - 001399,13,0.997619
ST. LOUIS - 001399,5,0.002381
ST. LOUIS - 001400,13,1.000000
ST. LOUIS - 001401,13,1.000000
ST. LOUIS - 001402,13,1.000000
ST. LOUIS - 001403,13,1.000000
ST. LOUIS - 001404,13,1.000000
ST. LOUIS - 001405,13,1.000000
ST. LOUIS - 001406,13,1.000000
ST. LOUIS - 001407,13,1.000000
ST. LOUIS - 001408,13,1.000000
ST. LOUIS - 001409,13,1.000000
ST. LOUIS - 001410,13,1.000000
ST. LOUIS - 001411,13,1.000000
ST. LOUIS - 001412,13,1.000000
ST. LOUIS - 001413,13,1.000000
ST. LOUIS - 001414,13,1.000000
ST. LOUIS - 001415,13,1.000000
ST. LOUIS - 001416,13,1.000000
ST. LOUIS - 001417,13,1.000000
ST. LOUIS - 001418,13,1.000000
ST. LOUIS - 001419,13,1.000000
ST. LOUIS - 001420,13,1.000000
ST. LOUIS - 001421,13,1.000000
ST. LOUIS - 001422,13,1.000000
ST. LOUIS - 001423,13,1.000000
ST. LOUIS - 001424,13,1.000000
ST. LOUIS - 001425,13,1.000000
ST. LOUIS - 001426,13,1.000000
ST. LOUIS - 001427,13,1.000000
ST. LOUIS - 001428,13,1.000000
ST. LOUIS - 001429,13,1.000000
ST. LOUIS - 001430,13,1.000000
ST. LOUIS - 001431,13,1.000000
ST. LOUIS - 001432,13,1.000000
ST. LOUIS - 001433,13,1.000000
ST. LOUIS - 001434,13,1.000000
ST. LOUIS - 001435,13,1.000000
ST. LOUIS - 001436,13,1.000000
ST. LOUIS - 001437,13,1.000000
ST. LOUIS - 001438,13,1.000000
ST. LOUIS - 001439,13,1.000000
ST. LOUIS - 001440,13,1.000000
ST. LOUIS - 001441,13,1.000000
ST. LOUIS - 001442,13,1.000000
ST. LOUIS - 001443,13,1.000000
ST. LOUIS - 001444,13,1.000000
ST. LOUIS - 001445,24,1.000000
ST. LOUIS - 001446,24,1.000000
ST. LOUIS - 001447,24,1.000000
ST. LOUIS - 001448,24,1.000000
ST. LOUIS - 001449,1,1.000000
ST. LOUIS - 001450,24,1.000000
ST. LOUIS - 001451,1,1.000000
ST. LOUIS - 001452,1,1.000000
ST. LOUIS - 001453,24,1.000000
ST. LOUIS - 001454,24,1.000000
ST. LOUIS - 001455,24,1.000000
ST. LOUIS - 001456,24,1.000000
ST. LOUIS - 001457,24,1.000000
ST. LOUIS - 001458,24,0.233333
ST. LOUIS - 001458,1,0.766667
ST. LOUIS - 001459,24,1.000000
ST. LOUIS - 001460,24,1.000000
ST. LOUIS - 001461,24,1.000000
ST. LOUIS - 001462,1,0.528571
ST. LOUIS - 001462,24,0.471429
ST. LOUIS - 001463,1,1.000000
ST. LOUIS - 001464,24,1.000000
ST. LOUIS - 001465,1,1.000000
ST. LOUIS - 001466,1,1.000000
ST. LOUIS - 001467,1,1.000000
ST. LOUIS - 001468,1,1.000000
ST. LOUIS - 001469,24,1.000000
ST. LOUIS - 001470,1,1.000000
ST. LOUIS - 001471,1,1.000000
ST. LOUIS - 001472,1,1.000000
ST. LOUIS - 001473,1,1.000000
ST. LOUIS - 001474,1,1.000000
ST. LOUIS - 001475,1,1.000000
ST. LOUIS - 001476,1,1.000000
ST. LOUIS - 001477,24,1.000000
ST. LOUIS - 001478,24,1.000000
ST. LOUIS - 001479,14,1.000000
ST. LOUIS - 001480,14,1.000000
ST. LOUIS - 001481,14,1.000000
ST. LOUIS - 001482,14,1.000000
ST. LOUIS - 001483,14,1.000000
ST. LOUIS - 001484,14,1.000000
ST. LOUIS - 001485,14,0.992857
ST. LOUIS - 001485,4,0.007143
ST. LOUIS - 001486,14,1.000000
ST. LOUIS - 001487,14,1.000000
ST. LOUIS - 001488,14,1.000000
ST. LOUIS - 001489,14,1.000000
ST. LOUIS - 001490,14,1.000000
ST. LOUIS - 001491,14,1.000000
ST. LOUIS - 001492,14,1.000000
ST. LOUIS - 001493,14,1.000000
ST. LOUIS - 001494,14,1.000000
ST. LOUIS - 001495,14,1.000000
ST. LOUIS - 001496,14,1.000000
ST. LOUIS - 001497,14,1.000000
ST. LOUIS - 001498,14,1.000000
ST. LOUIS - 001499,14,1.000000
ST. LOUIS - 001500,14,1.000000
ST. LOUIS - 001501,14,1.000000
ST. LOUIS - 001502,14,1.000000
ST. LOUIS - 001503,14,1.000000
ST. LOUIS - 001504,14,1.000000
ST. LOUIS - 001505,14,1.000000
ST. LOUIS - 001506,14,1.000000
ST. LOUIS - 001507,14,1.000000
ST. LOUIS - 001508,14,1.000000
ST. LOUIS - 001509,14,1.000000
ST. LOUIS - 001510,14,1.000000
ST. LOUIS - 001511,14,1.000000
ST. LOUIS - 001512,14,1.000000
ST. LOUIS - 001513,14,1.000000
ST. LOUIS - 001514,14,1.000000
ST. LOUIS - 001515,14,1.000000
ST. LOUIS - 001516,14,1.000000
ST. LOUIS - 001517,14,1.000000
ST. LOUIS - 001518,14,1.000000
ST. LOUIS - 001519,14,1.000000
ST. LOUIS - 001520,14,1.000000
ST. LOUIS - 001521,14,1.000000
ST. LOUIS - 001522,14,1.000000
ST. LOUIS - 001523,14,1.000000
ST. LOUIS - 001524,14,1.000000
ST. LOUIS - 001525,14,1.000000
ST. LOUIS - 001526,14,1.000000
ST. LOUIS - 001527,14,1.000000
ST. LOUIS - 001528,14,1.000000
ST. LOUIS - 001529,14,1.000000
ST. LOUIS - 001530,14,1.000000
ST. LOUIS - 001531,14,0.969048
ST. LOUIS - 001531,4,0.030952
ST. LOUIS - 001532,14,1.000000
ST. LOUIS - 001533,15,1.000000
ST. LOUIS - 001534,15,1.000000
ST. LOUIS - 001535,15,1.000000
ST. LOUIS - 001536,15,1.000000
ST. LOUIS - 001537,15,1.000000
ST. LOUIS - 001538,15,1.000000
ST. LOUIS - 001539,15,1.000000
ST. LOUIS - 001540,15,1.000000
ST. LOUIS - 001541,15,1.000000
ST. LOUIS - 001542,15,1.000000
ST. LOUIS - 001543,15,1.000000
ST. LOUIS - 001544,15,1.000000
ST. LOUIS - 001545,15,1.000000
ST. LOUIS - 001546,15,1.000000
ST. LOUIS - 001547,15,1.000000
ST. LOUIS - 001548,15,1.000000
ST. LOUIS - 001549,15,1.000000
ST. LOUIS - 001550,15,1.000000
ST. LOUIS - 001551,15,1.000000
ST. LOUIS - 001552,15,1.000000
ST. LOUIS - 001553,15,1.000000
ST. LOUIS - 001554,15,1.000000
ST. LOUIS - 001555,15,1.000000
ST. LOUIS - 001556,15,1.000000
ST. LOUIS - 001557,15,1.000000
ST. LOUIS - 001558,15,1.000000
ST. LOUIS - 001559,15,1.000000
ST. LOUIS - 001560,15,1.000000
ST. LOUIS - 001561,15,1.000000
ST. LOUIS - 001562,15,1.000000
ST. LOUIS - 001563,15,1.000000
ST. LOUIS - 001564,15,1.000000
ST. LOUIS - 001565,15,1.000000
ST. LOUIS - 001566,15,1.000000
ST. LOUIS - 001567,15,1.000000
ST. LOUIS - 001568,15,1.000000
ST. LOUIS - 001569,15,1.000000
ST. LOUIS - 001570,15,1.000000
ST. LOUIS - 001571,15,1.000000
ST. LOUIS - 001572,15,1.000000
ST. LOUIS - 001573,15,1.000000
ST. LOUIS - 001574,15,1.000000
ST. LOUIS - 001575,15,1.000000
ST. LOUIS - 001576,15,1.000000
ST. LOUIS - 001577,15,1.000000
ST. LOUIS - 001578,15,1.000000
ST. LOUIS - 001579,15,1.000000
ST. LOUIS - 001580,15,1.000000
ST. LOUIS - 001581,15,1.000000
ST. LOUIS - 001582,15,1.000000
ST. LOUIS - 001583,15,1.000000
ST. LOUIS - 001584,15,1.000000
ST. LOUIS - 001585,15,1.000000
ST. LOUIS - 001586,15,1.000000
ST. LOUIS - 001587,15,1.000000
ST. LOUIS CITY - 000002,5,1.000000
ST. LOUIS CITY - 000003,5,1.000000
ST. LOUIS CITY - 000004,5,1.000000
ST. LOUIS CITY - 000005,5,1.000000
ST. LOUIS CITY - 000006,5,1.000000
ST. LOUIS CITY - 000007,5,1.000000
ST. LOUIS CITY - 000008,5,1.000000
ST. LOUIS CITY - 000009,5,1.000000
ST. LOUIS CITY - 000010,5,1.000000
ST. LOUIS CITY - 000011,5,1.000000
ST. LOUIS CITY - 000012,5,1.000000
ST. LOUIS CITY - 000013,5,1.000000
ST. LOUIS CITY - 000014,5,0.995238
ST. LOUIS CITY - 000014,13,0.004762
ST. LOUIS CITY - 000015,5,1.000000
ST. LOUIS CITY - 000016,5,1.000000
ST. LOUIS CITY - 000017,5,1.000000
ST. LOUIS CITY - 000018,5,1.000000
ST. LOUIS CITY - 000019,5,1.000000
ST. LOUIS CITY - 000020,5,1.000000
ST. LOUIS CITY - 000021,5,1.000000
ST. LOUIS CITY - 000022,5,1.000000
ST. LOUIS CITY - 000023,5,1.000000
ST. LOUIS CITY - 000024,5,1.000000
ST. LOUIS CITY - 000025,5,1.000000
ST. LOUIS CITY - 000026,5,1.000000
ST. LOUIS CITY - 000027,5,1.000000
ST. LOUIS CITY - 000028,5,1.000000
ST. LOUIS CITY - 000029,5,1.000000
ST. LOUIS CITY - 000030,5,1.000000
ST. LOUIS CITY - 000031,5,1.000000
ST. LOUIS CITY - 000032,5,1.000000
ST. LOUIS CITY - 000033,5,1.000000
ST. LOUIS CITY - 000034,5,1.000000
ST. LOUIS CITY - 000035,5,1.000000
ST. LOUIS CITY - 000036,5,1.000000
ST. LOUIS CITY - 000037,5,1.000000
ST. LOUIS CITY - 000038,5,1.000000
ST. LOUIS CITY - 000039,5,1.000000
ST. LOUIS CITY - 000040,5,1.000000
ST. LOUIS CITY - 000041,5,1.000000
ST. LOUIS CITY - 000042,5,1.000000
ST. LOUIS CITY - 000043,5,1.000000
ST. LOUIS CITY - 000044,5,1.000000
ST. LOUIS CITY - 000045,5,1.000000
ST. LOUIS CITY - 000046,5,0.721429
ST. LOUIS CITY - 000046,4,0.278571
ST. LOUIS CITY - 000047,5,1.000000
ST. LOUIS CITY - 000048,5,1.000000
ST. LOUIS CITY - 000049,5,1.000000
ST. LOUIS CITY - 000050,5,1.000000
ST. LOUIS CITY - 000051,5,1.000000
ST. LOUIS CITY - 000052,5,1.000000
ST. LOUIS CITY - 000053,5,1.000000
ST. LOUIS CITY - 000054,5,1.000000
ST. LOUIS CITY - 000055,5,1.000000
ST. LOUIS CITY - 000056,4,1.000000
ST. LOUIS CITY - 000057,4,1.000000
ST. LOUIS CITY - 000058,5,1.000000
ST. LOUIS CITY - 000059,4,1.000000
ST. LOUIS CITY - 000060,4,1.000000
ST. LOUIS CITY - 000061,5,1.000000
ST. LOUIS CITY - 000062,5,1.000000
ST. LOUIS CITY - 000063,4,1.000000
ST. LOUIS CITY - 000064,4,0.892857
ST. LOUIS CITY - 000064,5,0.107143
ST. LOUIS CITY - 000065,5,1.000000
ST. LOUIS CITY - 000066,5,1.000000
ST. LOUIS CITY - 000067,5,1.000000
ST. LOUIS CITY - 000068,5,1.000000
ST. LOUIS CITY - 000069,5,1.000000
ST. LOUIS CITY - 000070,5,1.000000
ST. LOUIS CITY - 000071,5,1.000000
ST. LOUIS CITY - 000072,5,1.000000
ST. LOUIS CITY - 000073,4,1.000000
ST. LOUIS CITY - 000074,4,1.000000
ST. LOUIS CITY - 000075,4,1.000000
ST. LOUIS CITY - 000076,4,1.000000
ST. LOUIS CITY - 000077,4,1.000000
ST. LOUIS CITY - 000078,4,1.000000
ST. LOUIS CITY - 000079,4,1.000000
ST. LOUIS CITY - 000080,5,1.000000
ST. LOUIS CITY - 000081,4,1.000000
ST. LOUIS CITY - 000082,5,0.890476
ST. LOUIS CITY - 000082,4,0.109524
ST. LOUIS CITY - 000083,5,1.000000
ST. LOUIS CITY - 000084,5,1.000000
ST. LOUIS CITY - 000085,4,1.000000
ST. LOUIS CITY - 000086,4,1.000000
ST. LOUIS CITY - 000087,4,1.000000
ST. LOUIS CITY - 000088,4,1.000000
ST. LOUIS CITY - 000089,4,1.000000
ST. LOUIS CITY - 000090,4,1.000000
ST. LOUIS CITY - 000091,4,1.000000
ST. LOUIS CITY - 000092,4,1.000000
ST. LOUIS CITY - 000093,4,1.000000
ST. LOUIS CITY - 000094,5,0.226190
ST. LOUIS CITY - 000094,4,0.773810
ST. LOUIS CITY - 000095,4,1.000000
ST. LOUIS CITY - 000096,4,1.000000
ST. LOUIS CITY - 000097,4,1.000000
ST. LOUIS CITY - 000098,4,1.000000
ST. LOUIS CITY - 000099,4,1.000000
ST. LOUIS CITY - 000100,4,1.000000
ST. LOUIS CITY - 000101,4,1.000000
ST. LOUIS CITY - 000102,4,1.000000
ST. LOUIS CITY - 000103,4,1.000000
ST. LOUIS CITY - 000104,4,1.000000
ST. LOUIS CITY - 000105,4,0.530952
ST. LOUIS CITY - 000105,5,0.469048
ST. LOUIS CITY - 000106,4,1.000000
ST. LOUIS CITY - 000107,4,1.000000
ST. LOUIS CITY - 000108,5,1.000000
ST. LOUIS CITY - 000109,4,1.000000
ST. LOUIS CITY - 000110,4,0.171429
ST. LOUIS CITY - 000110,5,0.828571
ST. LOUIS CITY - 000111,4,1.000000
ST. LOUIS CITY - 000112,4,1.000000
ST. LOUIS CITY - 000113,4,1.000000
ST. LOUIS CITY - 000114,4,1.000000
ST. LOUIS CITY - 000115,4,1.000000
ST. LOUIS CITY - 000116,4,1.000000
ST. LOUIS CITY - 000117,4,1.000000
ST. LOUIS CITY - 000118,4,1.000000
ST. LOUIS CITY - 000119,5,1.000000
ST. LOUIS CITY - 000120,5,1.000000
ST. LOUIS CITY - 000121,5,1.000000
ST. LOUIS CITY - 000122,5,1.000000
ST. LOUIS CITY - 000123,5,1.000000
ST. LOUIS CITY - 000124,5,1.000000
ST. LOUIS CITY - 000125,5,0.983333
ST. LOUIS CITY - 000125,4,0.016667
ST. LOUIS CITY - 000126,4,1.000000
ST. LOUIS CITY - 000127,5,0.335714
ST. LOUIS CITY - 000127,4,0.664286
ST. LOUIS CITY - 000128,4,0.730952
ST. LOUIS CITY - 000128,5,0.269048
ST. LOUIS CITY - 000129,5,1.000000
ST. LOUIS CITY - 000130,5,1.000000
ST. LOUIS CITY - 000131,5,1.000000
ST. LOUIS CITY - 000132,5,1.000000
ST. LOUIS CITY - 000133,5,1.000000
ST. LOUIS CITY - 000134,5,1.000000
ST. LOUIS CITY - 000135,5,1.000000
ST. LOUIS CITY - 000136,5,1.000000
ST. LOUIS CITY - 000137,5,1.000000
ST. LOUIS CITY - 000138,5,1.000000
ST. LOUIS CITY - 000139,5,1.000000
ST. LOUIS CITY - 000140,5,1.000000
ST. LOUIS CITY - 000141,5,1.000000
ST. LOUIS CITY - 000142,5,1.000000
ST. LOUIS CITY - 000143,5,1.000000
ST. LOUIS CITY - 000144,5,1.000000
ST. LOUIS CITY - 000145,5,1.000000
ST. LOUIS CITY - 000146,5,1.000000
ST. LOUIS CITY - 000147,5,1.000000
ST. LOUIS CITY - 000148,5,1.000000
ST. LOUIS CITY - 000149,5,1.000000
ST. LOUIS CITY - 000150,5,1.000000
ST. LOUIS CITY - 000151,5,1.000000
ST. LOUIS CITY - 000152,5,1.000000
ST. LOUIS CITY - 000153,5,1.000000
ST. LOUIS CITY - 000154,5,1.000000
ST. LOUIS CITY - 000155,5,1.000000
ST. LOUIS CITY - 000156,5,1.000000
ST. LOUIS CITY - 000157,5,1.000000
ST. LOUIS CITY - 000158,5,1.000000
ST. LOUIS CITY - 000159,5,0.940476
ST. LOUIS CITY - 000159,4,0.059524
ST. LOUIS CITY - 000160,5,1.000000
ST. LOUIS CITY - 000161,5,0.738095
ST. LOUIS CITY - 000161,4,0.261905
ST. LOUIS CITY - 000162,5,1.000000
ST. LOUIS CITY - 000163,4,1.000000
ST. LOUIS CITY - 000164,4,0.833333
ST. LOUIS CITY - 000164,5,0.166667
ST. LOUIS CITY - 000165,4,1.000000
ST. LOUIS CITY - 000166,4,1.000000
ST. LOUIS CITY - 000167,4,1.000000
ST. LOUIS CITY - 000168,4,1.000000
ST. LOUIS CITY - 000169,4,1.000000
ST. LOUIS CITY - 000170,4,1.000000
ST. LOUIS CITY - 000171,4,1.000000
ST. LOUIS CITY - 000172,4,1.000000
ST. LOUIS CITY - 000173,4,1.000000
ST. LOUIS CITY - 000174,4,1.000000
ST. LOUIS CITY - 000175,4,1.000000
ST. LOUIS CITY - 000176,4,1.000000
ST. LOUIS CITY - 000177,4,1.000000
ST. LOUIS CITY - 000178,4,1.000000
ST. LOUIS CITY - 000179,4,1.000000
ST. LOUIS CITY - 000180,4,1.000000
ST. LOUIS CITY - 000181,4,1.000000
ST. LOUIS CITY - 000182,5,1.000000
ST. LOUIS CITY - 000183,5,0.828571
ST. LOUIS CITY - 000183,4,0.171429
ST. LOUIS CITY - 000184,4,0.011905
ST. LOUIS CITY - 000184,5,0.988095
ST. LOUIS CITY - 000185,5,1.000000
ST. LOUIS CITY - 000186,5,1.000000
ST. LOUIS CITY - 000187,5,1.000000
ST. LOUIS CITY - 000188,4,1.000000
ST. LOUIS CITY - 000189,4,1.000000
ST. LOUIS CITY - 000190,4,1.000000
ST. LOUIS CITY - 000191,4,0.885714
ST. LOUIS CITY - 000191,5,0.114286
ST. LOUIS CITY - 000192,5,1.000000
ST. LOUIS CITY - 000193,5,1.000000
ST. LOUIS CITY - 000194,5,1.000000
ST. LOUIS CITY - 000195,5,0.988095
ST. LOUIS CITY - 000195,13,0.011905
ST. LOUIS CITY - 000196,5,1.000000
ST. LOUIS CITY - 000197,5,0.985714
ST. LOUIS CITY - 000197,13,0.014286
ST. LOUIS CITY - 000198,5,1.000000
ST. LOUIS CITY - 000199,5,1.000000
ST. LOUIS CITY - 000200,5,0.971429
ST. LOUIS CITY - 000200,4,0.028571
ST. LOUIS CITY - 000201,4,0.890476
ST. LOUIS CITY - 000201,5,0.109524
ST. LOUIS CITY - 000202,4,1.000000
ST. LOUIS CITY - 000203,4,1.000000
ST. LOUIS CITY - 000204,4,1.000000
ST. LOUIS CITY - 000205,4,1.000000
ST. LOUIS CITY - 000206,4,1.000000
ST. LOUIS CITY - 000207,5,1.000000
ST. LOUIS CITY - 000208,4,1.000000
ST. LOUIS CITY - 000209,5,1.000000
STE. GENEVIEVE - 000002,3,1.000000
STE. GENEVIEVE - 000003,3,1.000000
STE. GENEVIEVE - 000004,3,1.000000
STE. GENEVIEVE - 000005,3,1.000000
STE. GENEVIEVE - 000006,3,1.000000
STE. GENEVIEVE - 000007,3,1.000000
STE. GENEVIEVE - 000008,3,1.000000
STE. GENEVIEVE - 000009,3,1.000000
STE. GENEVIEVE - 000010,3,1.000000
STE. GENEVIEVE - 000011,3,1.000000
STE. GENEVIEVE - 000012,3,1.000000
STE. GENEVIEVE - 000013,3,1.000000
STE. GENEVIEVE - 000014,3,1.000000
STODDARD - 000002,25,1.000000
STODDARD - 000003,25,1.000000
STODDARD - 000004,25,1.000000
STODDARD - 000005,25,1.000000
STODDARD - 000006,25,1.000000
STODDARD - 000007,25,1.000000
STODDARD - 000008,25,1.000000
STODDARD - 000009,25,1.000000
STODDARD - 000010,25,1.000000
STODDARD - 000011,25,1.000000
STODDARD - 000012,25,1.000000
STODDARD - 000013,25,1.000000
STODDARD - 000014,25,1.000000
STODDARD - 000015,25,1.000000
STODDARD - 000016,25,1.000000
STODDARD - 000017,25,1.000000
STODDARD - 000018,25,1.000000
STODDARD - 000019,25,1.000000
STODDARD - 000020,25,1.000000
STODDARD - 000021,25,1.000000
STONE - 003698,33,1.000000
STONE - 003699,33,1.000000
STONE - 003701,33,1.000000
STONE - 003723,33,1.000000
STONE - 003730,33,1.000000
STONE - 003751,33,1.000000
STONE - 003782,33,1.000000
STONE - 003794,33,1.000000
STONE - 003800,33,1.000000
STONE - 003814,33,1.000000
STONE - 003842,33,1.000000
STONE - 003877,33,1.000000
STONE - 003889,33,1.000000
STONE - 003898,33,1.000000
STONE - 003900,33,1.000000
STONE - 003903,33,1.000000
STONE - 003908,33,1.000000
STONE - 003933,33,1.000000
STONE - 003935,33,1.000000
STONE - 003938,33,1.000000
SULLIVAN - 000002,12,1.000000
SULLIVAN - 000003,12,1.000000
SULLIVAN - 000004,12,1.000000
SULLIVAN - 000005,12,1.000000
SULLIVAN - 000006,12,1.000000
SULLIVAN - 000007,12,1.000000
SULLIVAN - 000008,12,1.000000
SULLIVAN - 000009,12,1.000000
SULLIVAN - 000010,12,1.000000
SULLIVAN - 000011,12,1.000000
SULLIVAN - 000012,12,1.000000
SULLIVAN - 000013,12,1.000000
SULLIVAN - 000014,12,1.000000
SULLIVAN - 000015,12,1.000000
SULLIVAN - 000016,12,1.000000
SULLIVAN - 000017,12,1.000000
SULLIVAN - 000018,12,1.000000
SULLIVAN - 000019,12,1.000000
SULLIVAN - 000020,12,1.000000
TANEY - 000002,33,1.000000
TANEY - 000003,33,1.000000
TANEY - 000004,33,1.000000
TANEY - 000005,33,1.000000
TANEY - 000006,33,1.000000
TANEY - 000007,33,1.000000
TANEY - 000008,33,1.000000
TANEY - 000009,33,1.000000
TANEY - 000010,33,1.000000
TANEY - 000011,33,1.000000
TANEY - 000012,33,1.000000
TANEY - 000013,33,1.000000
TANEY - 000014,33,1.000000
TANEY - 000015,33,1.000000
TANEY - 000016,33,1.000000
TANEY - 000017,33,1.000000
TANEY - 000018,33,1.000000
TANEY - 000019,33,1.000000
TANEY - 000020,33,1.000000
TANEY - 000021,33,1.000000
TANEY - 000022,33,1.000000
TANEY - 000023,33,1.000000
TANEY - 000024,33,1.000000
TEXAS - 000002,33,1.000000
TEXAS - 000003,33,1.000000
TEXAS - 000004,33,1.000000
TEXAS - 000005,33,1.000000
TEXAS - 000006,33,1.000000
TEXAS - 000007,33,1.000000
TEXAS - 000008,33,1.000000
TEXAS - 000009,33,1.000000
TEXAS - 000010,33,1.000000
TEXAS - 000011,33,1.000000
TEXAS - 000012,33,1.000000
TEXAS - 000013,33,1.000000
TEXAS - 000014,33,1.000000
TEXAS - 000015,33,1.000000
TEXAS - 000016,33,1.000000
TEXAS - 000017,33,1.000000
TEXAS - 000018,33,1.000000
TEXAS - 000019,33,1.000000
TEXAS - 000020,33,1.000000
TEXAS - 000021,33,1.000000
TEXAS - 000022,33,1.000000
VERNON - 000002,28,1.000000
VERNON - 000003,28,1.000000
VERNON - 000004,28,1.000000
VERNON - 000005,28,1.000000
VERNON - 000006,28,1.000000
VERNON - 000007,28,1.000000
VERNON - 000008,28,1.000000
VERNON - 000009,28,1.000000
VERNON - 000010,28,1.000000
VERNON - 000011,28,1.000000
VERNON - 000012,28,1.000000
VERNON - 000013,28,1.000000
VERNON - 000014,28,1.000000
VERNON - 000015,28,1.000000
VERNON - 000016,28,1.000000
VERNON - 000017,28,1.000000
WARREN - 000002,26,1.000000
WARREN - 000003,26,1.000000
WARREN - 000004,26,1.000000
WARREN - 000005,26,1.000000
WARREN - 000006,26,1.000000
WARREN - 000007,26,1.000000
WARREN - 000008,26,1.000000
WARREN - 000009,26,1.000000
WARREN - 000010,26,1.000000
WARREN - 000011,26,1.000000
WARREN - 000012,26,1.000000
WARREN - 000013,26,1.000000
WARREN - 000014,26,1.000000
WARREN - 000015,26,1.000000
WARREN - 000016,26,1.000000
WARREN - 000017,26,1.000000
WARREN - 000018,26,1.000000
WARREN - 000019,26,1.000000
WARREN - 000020,26,1.000000
WARREN - 000021,26,1.000000
WARREN - 000022,26,1.000000
WARREN - 000023,26,1.000000
WARREN - 000024,26,1.000000
WASHINGTON - 000002,3,1.000000
WASHINGTON - 000003,3,1.000000
WASHINGTON - 000004,3,1.000000
WASHINGTON - 000005,3,1.000000
WASHINGTON - 000006,3,1.000000
WASHINGTON - 000007,3,1.000000
WASHINGTON - 000008,3,1.000000
WASHINGTON - 000009,3,1.000000
WASHINGTON - 000010,3,1.000000
WASHINGTON - 000011,3,1.000000
WASHINGTON - 000012,3,1.000000
WASHINGTON - 000013,3,1.000000
WASHINGTON - 000014,3,1.000000
WASHINGTON - 000015,3,1.000000
WASHINGTON - 000016,3,1.000000
WASHINGTON - 000017,3,1.000000
WASHINGTON - 000018,3,1.000000
WASHINGTON - 000019,3,1.000000
WAYNE - 000002,25,1.000000
WAYNE - 000003,25,1.000000
WAYNE - 000004,25,1.000000
WAYNE - 000005,25,1.000000
WAYNE - 000006,25,1.000000
WAYNE - 000007,25,1.000000
WAYNE - 000008,25,1.000000
WAYNE - 000009,25,1.000000
WAYNE - 000010,25,1.000000
WAYNE - 000011,25,1.000000
WAYNE - 000012,25,1.000000
WAYNE - 000013,25,1.000000
WAYNE - 000014,25,1.000000
WAYNE - 000015,25,1.000000
WAYNE - 000016,25,1.000000
WAYNE - 000017,25,1.000000
WAYNE - 000018,25,1.000000
WAYNE - 000019,25,1.000000
WAYNE - 000020,25,1.000000
WAYNE - 000021,25,1.000000
WEBSTER - 000002,20,1.000000
WEBSTER - 000003,20,1.000000
WEBSTER - 000004,20,1.000000
WEBSTER - 000005,20,1.000000
WEBSTER - 000006,20,1.000000
WEBSTER - 000007,20,1.000000
WEBSTER - 000008,20,1.000000
WEBSTER - 000009,20,1.000000
WEBSTER - 000010,20,1.000000
WEBSTER - 000011,20,1.000000
WEBSTER - 000012,20,1.000000
WEBSTER - 000013,20,1.000000
WEBSTER - 000014,20,1.000000
WORTH - 000002,12,1.000000
WORTH - 000003,12,1.000000
WORTH - 000004,12,1.000000
WORTH - 000005,12,1.000000
WORTH - 000006,12,1.000000
WORTH - 000007,12,1.000000
WORTH - 000008,12,1.000000
WRIGHT - 000002,16,1.000000
WRIGHT - 000003,16,1.000000
WRIGHT - 000004,16,1.000000
WRIGHT - 000005,16,1.000000
WRIGHT - 000006,16,1.000000
WRIGHT - 000007,16,1.000000
WRIGHT - 000008,16,1.000000
WRIGHT - 000009,16,1.000000
