precinct_key,district_num,area_weight
ADAIR - 000002,3,0.200000
ADAIR - 000002,4,0.800000
ADAIR - 000003,3,1.000000
ADAIR - 000004,3,1.000000
ADAIR - 000005,3,1.000000
ADAIR - 000006,3,1.000000
ADAIR - 000007,3,0.880952
ADAIR - 000007,4,0.119048
ADAIR - 000008,3,1.000000
ADAIR - 000009,3,1.000000
ADAIR - 000010,3,1.000000
ADAIR - 000011,3,1.000000
ANDREW - 000002,10,0.088095
ANDREW - 000002,9,0.911905
ANDREW - 000003,9,1.000000
ANDREW - 000004,9,1.000000
ANDREW - 000005,9,1.000000
ANDREW - 000006,9,1.000000
ANDREW - 000007,9,1.000000
ANDREW - 000008,9,1.000000
ANDREW - 000009,9,1.000000
ANDREW - 000010,9,1.000000
ANDREW - 000011,9,1.000000
ANDREW - 000012,9,1.000000
ANDREW - 000013,9,1.000000
ANDREW - 000014,9,1.000000
ANDREW - 000015,9,1.000000
ANDREW - 000016,9,1.000000
ANDREW - 000017,9,1.000000
ANDREW - 000018,9,1.000000
ANDREW - 000019,9,1.000000
ANDREW - 000020,9,1.000000
ANDREW - 000021,9,1.000000
ATCHISON - 000002,1,1.000000
ATCHISON - 000003,1,1.000000
ATCHISON - 000004,1,1.000000
ATCHISON - 000005,1,1.000000
ATCHISON - 000006,1,1.000000
ATCHISON - 000007,1,1.000000
AUDRAIN - 000502,43,1.000000
AUDRAIN - 000506,43,1.000000
AUDRAIN - 000508,43,1.000000
AUDRAIN - 000510,43,1.000000
AUDRAIN - 000512,43,1.000000
AUDRAIN - 000513,43,1.000000
AUDRAIN - 000545,43,1.000000
AUDRAIN - 000616,43,1.000000
AUDRAIN - 000623,43,1.000000
AUDRAIN - 000632,43,1.000000
AUDRAIN - 000633,43,1.000000
AUDRAIN - 000641,43,1.000000
AUDRAIN - 000642,43,1.000000
AUDRAIN - 000657,43,1.000000
AUDRAIN - 000658,43,1.000000
AUDRAIN - 000667,43,1.000000
BARRY - 000002,158,1.000000
BARRY - 000003,158,1.000000
BARRY - 000004,158,1.000000
BARRY - 000005,158,1.000000
BARRY - 000006,158,1.000000
BARRY - 000007,158,1.000000
BARRY - 000008,158,1.000000
BARRY - 000009,158,1.000000
BARRY - 000010,158,1.000000
BARRY - 000011,158,1.000000
BARRY - 000012,158,1.000000
BARRY - 000013,158,1.000000
BARRY - 000014,158,1.000000
BARRY - 000015,158,1.000000
BARRY - 000016,158,1.000000
BARRY - 000017,158,1.000000
BARRY - 000018,158,1.000000
BARRY - 000019,158,1.000000
BARRY - 000020,158,1.000000
BARRY - 000021,158,1.000000
BARRY - 000022,158,1.000000
BARRY - 000023,158,1.000000
BARTON - 000002,127,1.000000
BARTON - 000003,127,1.000000
BARTON - 000004,127,1.000000
BARTON - 000005,127,1.000000
BARTON - 000006,127,1.000000
BARTON - 000007,127,1.000000
BARTON - 000008,127,1.000000
BARTON - 000009,127,1.000000
BARTON - 000010,127,1.000000
BARTON - 000011,127,1.000000
BARTON - 000012,127,1.000000
BARTON - 000013,127,1.000000
BARTON - 000014,127,1.000000
BARTON - 000015,127,1.000000
BARTON - 000016,127,1.000000
BARTON - 000017,127,1.000000
BATES - 002701,62,1.000000
BATES - 002703,62,1.000000
BATES - 002705,62,1.000000
BATES - 002722,62,1.000000
BATES - 002767,62,1.000000
BATES - 002801,125,1.000000
BATES - 002814,125,1.000000
BATES - 002825,125,1.000000
BATES - 002847,125,1.000000
BATES - 002849,125,1.000000
BATES - 002850,125,1.000000
BATES - 002868,125,1.000000
BATES - 002892,125,1.000000
BATES - 002904,125,1.000000
BATES - 002930,125,1.000000
BENTON - 002612,57,1.000000
BENTON - 002614,57,1.000000
BENTON - 002650,57,1.000000
BENTON - 002723,57,1.000000
BENTON - 002785,57,1.000000
BENTON - 002790,57,1.000000
BENTON - 002793,57,1.000000
BENTON - 002799,57,1.000000
BENTON - 002813,126,0.947619
BENTON - 002813,57,0.052381
BENTON - 002848,57,1.000000
BENTON - 002874,126,1.000000
BENTON - 002895,57,1.000000
BENTON - 002901,57,1.000000
BOLLINGER - 000002,144,1.000000
BOLLINGER - 000003,151,1.000000
BOLLINGER - 000004,151,1.000000
BOLLINGER - 000005,144,1.000000
BOLLINGER - 000006,151,1.000000
BOLLINGER - 000007,151,1.000000
BOLLINGER - 000008,151,1.000000
BOLLINGER - 000009,144,1.000000
BOLLINGER - 000010,144,1.000000
BOLLINGER - 000011,144,1.000000
BOLLINGER - 000012,151,0.845238
BOLLINGER - 000012,144,0.154762
BOLLINGER - 000013,151,1.000000
BOLLINGER - 000014,144,1.000000
BOLLINGER - 000015,151,1.000000
BOONE - 000001,45,1.000000
BOONE - 000001,45,1.000000
BOONE - 000001,45,1.000000
BOONE - 000001,45,0.745238
BOONE - 000001,46,0.254762
BOONE - 000001,45,1.000000
BOONE - 000001,45,1.000000
BOONE - 000001,46,0.142857
BOONE - 000001,45,0.857143
BOONE - 000001,45,0.383333
BOONE - 000001,46,0.616667
BOONE - 000001,45,1.000000
BOONE - 000002,46,1.000000
BOONE - 000002,46,1.000000
BOONE - 000002,46,1.000000
BOONE - 000002,46,1.000000
BOONE - 000002,45,1.000000
BOONE - 000002,46,1.000000
BOONE - 000002,46,1.000000
BOONE - 000002,46,1.000000
BOONE - 000002,46,0.992857
BOONE - 000002,44,0.007143
BOONE - 000002,46,1.000000
BOONE - 000002,47,0.654762
BOONE - 000002,45,0.335714
BOONE - 000002,46,0.009524
BOONE - 000003,46,1.000000
BOONE - 000003,46,1.000000
BOONE - 000003,46,1.000000
BOONE - 000003,45,0.938095
BOONE - 000003,46,0.061905
BOONE - 000003,50,0.047619
BOONE - 000003,46,0.759524
BOONE - 000003,45,0.190476
BOONE - 000003,44,0.002381
BOONE - 000003,46,0.978571
BOONE - 000003,44,0.021429
BOONE - 000004,47,1.000000
BOONE - 000004,47,1.000000
BOONE - 000004,47,1.000000
BOONE - 000004,47,1.000000
BOONE - 000004,47,1.000000
BOONE - 000004,45,1.000000
BOONE - 000004,47,1.000000
BOONE - 000004,47,1.000000
BOONE - 000004,45,1.000000
BOONE - 000004,47,1.000000
BOONE - 000004,47,1.000000
BOONE - 000004,47,1.000000
BOONE - 000005,50,1.000000
BOONE - 000005,50,1.000000
BOONE - 000005,50,1.000000
BOONE - 000005,50,1.000000
BOONE - 000005,50,1.000000
BOONE - 000005,50,1.000000
BOONE - 000005,50,1.000000
BOONE - 000005,50,1.000000
BOONE - 000005,50,1.000000
BOONE - 000005,47,1.000000
BOONE - 000005,50,1.000000
BOONE - 000005,45,1.000000
BOONE - 000005,47,1.000000
BOONE - 000006,45,1.000000
BOONE - 000006,45,1.000000
BOONE - 000006,45,0.819048
BOONE - 000006,50,0.180952
BOONE - 000006,45,0.078571
BOONE - 000006,50,0.919048
BOONE - 000006,44,0.002381
BOONE - 000006,50,0.830952
BOONE - 000006,45,0.169048
BOONE - 000006,45,1.000000
BOONE - 000006,50,0.978571
BOONE - 000006,45,0.021429
BOONE - 000006,50,0.735714
BOONE - 000006,45,0.261905
BOONE - 000006,44,0.002381
BOONE - 000006,45,1.000000
BOONE - 000007,47,1.000000
BOONE - 000008,47,1.000000
BOONE - 000009,44,1.000000
BOONE - 000010,44,1.000000
BOONE - 000011,44,1.000000
BOONE - 000012,44,1.000000
BOONE - 000014,47,1.000000
BOONE - 000015,47,0.557143
BOONE - 000015,44,0.442857
BOONE - 000016,44,1.000000
BOONE - 000017,44,1.000000
BOONE - 000018,47,1.000000
BOONE - 000019,47,1.000000
BOONE - 000020,47,1.000000
BOONE - 000021,47,1.000000
BOONE - 000022,47,0.747619
BOONE - 000022,44,0.202381
BOONE - 000022,46,0.050000
BOONE - 000023,44,0.892857
BOONE - 000023,46,0.107143
BOONE - 000024,44,0.995238
BOONE - 000024,46,0.004762
BOONE - 000025,44,1.000000
BOONE - 000026,44,0.935714
BOONE - 000026,50,0.064286
BOONE - 000027,44,1.000000
BOONE - 000028,44,0.895238
BOONE - 000028,50,0.104762
BOONE - 000029,44,1.000000
BOONE - 000030,44,1.000000
BOONE - 000031,44,1.000000
BOONE - 000032,44,1.000000
BOONE - 000033,44,1.000000
BOONE - 000034,50,0.838095
BOONE - 000034,44,0.159524
BOONE - 000034,46,0.002381
BOONE - 000035,44,1.000000
BOONE - 000036,47,0.583333
BOONE - 000036,50,0.416667
BOONE - 000037,47,1.000000
BOONE - 000038,47,1.000000
BOONE - 000039,44,0.659524
BOONE - 000039,47,0.340476
BOONE - 000040,44,0.914286
BOONE - 000040,46,0.085714
BOONE - 000041,44,0.919048
BOONE - 000041,46,0.080952
BOONE - 000042,44,1.000000
BUCHANAN - 000001,10,1.000000
BUCHANAN - 000002,10,1.000000
BUCHANAN - 000003,10,1.000000
BUCHANAN - 000004,10,1.000000
BUCHANAN - 000005,10,1.000000
BUCHANAN - 000006,10,1.000000
BUCHANAN - 000007,10,1.000000
BUCHANAN - 000008,10,0.761905
BUCHANAN - 000008,11,0.238095
BUCHANAN - 000009,10,1.000000
BUCHANAN - 000010,10,1.000000
BUCHANAN - 000011,10,1.000000
BUCHANAN - 000012,11,0.888095
BUCHANAN - 000012,10,0.111905
BUCHANAN - 000013,11,1.000000
BUCHANAN - 000014,11,1.000000
BUCHANAN - 000015,11,0.980952
BUCHANAN - 000015,10,0.019048
BUCHANAN - 000016,11,1.000000
BUCHANAN - 000017,11,1.000000
BUCHANAN - 000018,11,1.000000
BUCHANAN - 000020,11,0.088095
BUCHANAN - 000020,10,0.911905
BUCHANAN - 000021,10,1.000000
BUCHANAN - 000022,11,0.778571
BUCHANAN - 000022,10,0.221429
BUCHANAN - 000023,11,1.000000
BUCHANAN - 000024,11,1.000000
BUCHANAN - 000025,11,1.000000
BUCHANAN - 000026,11,1.000000
BUCHANAN - 000027,13,1.000000
BUCHANAN - 000028,13,1.000000
BUCHANAN - 000029,11,0.961905
BUCHANAN - 000029,13,0.038095
BUCHANAN - 000030,13,1.000000
BUCHANAN - 000031,13,1.000000
BUCHANAN - 000032,13,1.000000
BUCHANAN - 000033,13,1.000000
BUCHANAN - 000034,13,0.966667
BUCHANAN - 000034,11,0.033333
BUCHANAN - 000035,13,1.000000
BUTLER - 000002,152,1.000000
BUTLER - 000003,152,0.940476
BUTLER - 000003,150,0.059524
BUTLER - 000004,150,1.000000
BUTLER - 000005,150,1.000000
BUTLER - 000006,152,1.000000
BUTLER - 000007,152,1.000000
BUTLER - 000008,150,1.000000
BUTLER - 000009,152,0.997619
BUTLER - 000009,150,0.002381
BUTLER - 000010,152,1.000000
BUTLER - 000011,152,1.000000
BUTLER - 000012,150,1.000000
BUTLER - 000013,152,1.000000
BUTLER - 000014,152,1.000000
BUTLER - 000015,150,1.000000
BUTLER - 000016,152,1.000000
BUTLER - 000017,152,1.000000
BUTLER - 000018,152,1.000000
BUTLER - 000019,152,1.000000
BUTLER - 000020,152,1.000000
BUTLER - 000021,152,1.000000
BUTLER - 000022,152,1.000000
BUTLER - 000023,152,0.676190
BUTLER - 000023,150,0.323810
BUTLER - 000024,152,0.440476
BUTLER - 000024,150,0.559524
BUTLER - 000025,152,1.000000
BUTLER - 000026,152,1.000000
CALDWELL - 000277,2,1.000000
CALDWELL - 000280,2,1.000000
CALDWELL - 000281,2,1.000000
CALDWELL - 000284,2,1.000000
CALDWELL - 000353,2,1.000000
CALDWELL - 000356,2,1.000000
CALDWELL - 000357,2,1.000000
CALDWELL - 000358,2,1.000000
CALDWELL - 000389,2,1.000000
CALDWELL - 000390,2,1.000000
CALLAWAY - 000826,43,0.840476
CALLAWAY - 000826,49,0.159524
CALLAWAY - 000828,43,1.000000
CALLAWAY - 000839,43,1.000000
CALLAWAY - 000842,43,1.000000
CALLAWAY - 000998,43,1.000000
CALLAWAY - 001069,43,0.242857
CALLAWAY - 001069,49,0.757143
CALLAWAY - 001081,49,0.659524
CALLAWAY - 001081,43,0.340476
CALLAWAY - 001083,49,0.659524
CALLAWAY - 001083,43,0.340476
CALLAWAY - 001189,49,0.902381
CALLAWAY - 001189,43,0.097619
CALLAWAY - 001190,49,0.923810
CALLAWAY - 001190,43,0.076190
CALLAWAY - 001271,49,1.000000
CALLAWAY - 001272,49,1.000000
CALLAWAY - 001292,49,1.000000
CALLAWAY - 001297,49,1.000000
CALLAWAY - 001306,49,1.000000
CALLAWAY - 001350,49,1.000000
CALLAWAY - 001351,49,1.000000
CALLAWAY - 001438,49,1.000000
CALLAWAY - 001479,49,1.000000
CALLAWAY - 001543,49,1.000000
CALLAWAY - 001584,49,1.000000
CALLAWAY - 001595,49,1.000000
CALLAWAY - 001763,49,1.000000
CALLAWAY - 001843,49,1.000000
CALLAWAY - 001989,49,1.000000
CALLAWAY - 001991,49,1.000000
CAMDEN - 000002,123,1.000000
CAMDEN - 000003,123,0.964286
CAMDEN - 000003,142,0.035714
CAMDEN - 000004,123,1.000000
CAMDEN - 000005,123,1.000000
CAMDEN - 000006,123,1.000000
CAMDEN - 000007,123,1.000000
CAMDEN - 000008,123,1.000000
CAMDEN - 000009,123,1.000000
CAMDEN - 000010,142,1.000000
CAMDEN - 000011,123,1.000000
CAMDEN - 000012,123,1.000000
CAMDEN - 000013,123,1.000000
CAMDEN - 000014,142,1.000000
CAMDEN - 000015,123,1.000000
CAMDEN - 000016,123,1.000000
CAMDEN - 000017,123,1.000000
CAMDEN - 000018,123,1.000000
CAMDEN - 000019,142,0.354762
CAMDEN - 000019,123,0.645238
CAMDEN - 000020,123,1.000000
CAMDEN - 000021,142,1.000000
CAMDEN - 000022,123,1.000000
CAMDEN - 000023,123,1.000000
CAMDEN - 000024,123,1.000000
CAMDEN - 000025,123,1.000000
CAPE GIRARDEAU - 000002,146,1.000000
CAPE GIRARDEAU - 000003,146,1.000000
CAPE GIRARDEAU - 000004,146,1.000000
CAPE GIRARDEAU - 000005,146,1.000000
CAPE GIRARDEAU - 000006,146,1.000000
CAPE GIRARDEAU - 000007,146,1.000000
CAPE GIRARDEAU - 000008,146,1.000000
CAPE GIRARDEAU - 000009,146,1.000000
CAPE GIRARDEAU - 000010,146,1.000000
CAPE GIRARDEAU - 000011,147,1.000000
CAPE GIRARDEAU - 000012,147,1.000000
CAPE GIRARDEAU - 000013,147,1.000000
CAPE GIRARDEAU - 000014,147,1.000000
CAPE GIRARDEAU - 000015,147,1.000000
CAPE GIRARDEAU - 000016,147,1.000000
CAPE GIRARDEAU - 000017,147,0.740476
CAPE GIRARDEAU - 000017,146,0.259524
CAPE GIRARDEAU - 000018,146,0.366667
CAPE GIRARDEAU - 000018,147,0.633333
CAPE GIRARDEAU - 000019,147,1.000000
CAPE GIRARDEAU - 000020,147,1.000000
CAPE GIRARDEAU - 000021,147,1.000000
CAPE GIRARDEAU - 000022,147,1.000000
CAPE GIRARDEAU - 000023,147,1.000000
CAPE GIRARDEAU - 000024,147,1.000000
CAPE GIRARDEAU - 000025,151,1.000000
CAPE GIRARDEAU - 000026,151,1.000000
CAPE GIRARDEAU - 000027,151,1.000000
CAPE GIRARDEAU - 000028,146,1.000000
CAPE GIRARDEAU - 000029,146,1.000000
CAPE GIRARDEAU - 000030,146,0.257143
CAPE GIRARDEAU - 000030,151,0.742857
CAPE GIRARDEAU - 000031,146,0.840476
CAPE GIRARDEAU - 000031,147,0.159524
CAPE GIRARDEAU - 000032,146,1.000000
CAPE GIRARDEAU - 000033,146,1.000000
CAPE GIRARDEAU - 000034,146,1.000000
CAPE GIRARDEAU - 000035,146,1.000000
CAPE GIRARDEAU - 000036,146,1.000000
CAPE GIRARDEAU - 000037,146,1.000000
CAPE GIRARDEAU - 000038,146,1.000000
CAPE GIRARDEAU - 000039,151,1.000000
CARROLL - 000002,7,1.000000
CARROLL - 000003,7,1.000000
CARROLL - 000004,7,1.000000
CARROLL - 000005,7,1.000000
CARROLL - 000006,7,1.000000
CARROLL - 000007,7,1.000000
CARROLL - 000008,7,1.000000
CARROLL - 000009,7,1.000000
CARROLL - 000010,7,1.000000
CARROLL - 000011,7,1.000000
CARROLL - 000012,7,1.000000
CARROLL - 000013,7,1.000000
CARROLL - 000014,7,1.000000
CARROLL - 000015,7,1.000000
CARTER - 003611,153,1.000000
CARTER - 003628,153,1.000000
CARTER - 003668,153,1.000000
CARTER - 003694,153,1.000000
CARTER - 003731,153,1.000000
CARTER - 003756,153,1.000000
CARTER - 003789,153,1.000000
CASS - 000002,62,1.000000
CASS - 000003,62,0.916667
CASS - 000003,55,0.083333
CASS - 000004,55,1.000000
CASS - 000005,55,1.000000
CASS - 000006,55,0.988095
CASS - 000006,62,0.011905
CASS - 000007,55,1.000000
CASS - 000008,62,1.000000
CASS - 000009,55,0.764286
CASS - 000009,62,0.235714
CASS - 000010,62,0.880952
CASS - 000010,55,0.119048
CASS - 000011,55,0.945238
CASS - 000011,62,0.054762
CASS - 000012,55,1.000000
CASS - 000013,62,1.000000
CASS - 000014,55,1.000000
CASS - 000015,55,1.000000
CASS - 000016,55,1.000000
CASS - 000017,55,1.000000
CASS - 000018,55,1.000000
CASS - 000019,62,0.673810
CASS - 000019,55,0.326190
CASS - 000020,62,1.000000
CASS - 000021,62,1.000000
CASS - 000022,55,1.000000
CASS - 000023,55,1.000000
CASS - 000024,62,1.000000
CASS - 000025,55,1.000000
CASS - 000026,56,1.000000
CASS - 000027,62,0.361905
CASS - 000027,56,0.635714
CASS - 000027,55,0.002381
CASS - 000028,56,0.640476
CASS - 000028,62,0.347619
CASS - 000028,55,0.011905
CASS - 000029,56,0.728571
CASS - 000029,55,0.271429
CASS - 000030,55,1.000000
CASS - 000031,56,1.000000
CASS - 000032,62,0.985714
CASS - 000032,56,0.014286
CASS - 000033,62,1.000000
CASS - 000034,56,1.000000
CASS - 000035,56,1.000000
CASS - 000036,62,1.000000
CASS - 000037,56,1.000000
CASS - 000038,56,1.000000
CASS - 000039,56,0.976190
CASS - 000039,62,0.023810
CASS - 000040,56,1.000000
CASS - 000041,56,1.000000
CASS - 000042,56,1.000000
CASS - 000043,62,1.000000
CASS - 000044,62,0.726190
CASS - 000044,56,0.254762
CASS - 000044,55,0.019048
CASS - 000045,62,1.000000
CASS - 000046,62,1.000000
CASS - 000047,62,1.000000
CASS - 000048,62,1.000000
CASS - 000049,62,1.000000
CEDAR - 003052,125,1.000000
CEDAR - 003054,125,1.000000
CEDAR - 003057,125,1.000000
CEDAR - 003092,125,1.000000
CEDAR - 003129,127,0.033333
CEDAR - 003129,125,0.966667
CEDAR - 003139,125,1.000000
CEDAR - 003178,127,1.000000
CEDAR - 003191,127,0.757143
CEDAR - 003191,125,0.242857
CEDAR - 003192,127,1.000000
CHARITON - 000344,48,1.000000
CHARITON - 000346,48,1.000000
CHARITON - 000352,48,1.000000
CHARITON - 000354,48,1.000000
CHARITON - 000381,48,1.000000
CHARITON - 000386,48,1.000000
CHARITON - 000392,48,1.000000
CHARITON - 000418,48,1.000000
CHARITON - 000424,48,1.000000
CHARITON - 000431,48,1.000000
CHARITON - 000465,48,1.000000
CHARITON - 000503,48,1.000000
CHRISTIAN - 000002,140,0.823810
CHRISTIAN - 000002,138,0.176190
CHRISTIAN - 000003,140,0.959524
CHRISTIAN - 000003,139,0.040476
CHRISTIAN - 000004,140,1.000000
CHRISTIAN - 000005,138,1.000000
CHRISTIAN - 000006,140,1.000000
CHRISTIAN - 000007,140,1.000000
CHRISTIAN - 000008,139,1.000000
CHRISTIAN - 000009,138,1.000000
CHRISTIAN - 000010,138,1.000000
CHRISTIAN - 000011,139,1.000000
CHRISTIAN - 000012,139,1.000000
CHRISTIAN - 000013,140,1.000000
CHRISTIAN - 000014,140,1.000000
CHRISTIAN - 000015,138,1.000000
CHRISTIAN - 000016,138,0.992857
CHRISTIAN - 000016,140,0.007143
CHRISTIAN - 000017,140,0.645238
CHRISTIAN - 000017,139,0.354762
CHRISTIAN - 000018,139,1.000000
CHRISTIAN - 000019,138,1.000000
CHRISTIAN - 000020,139,1.000000
CHRISTIAN - 000021,140,1.000000
CHRISTIAN - 000022,140,1.000000
CHRISTIAN - 000023,139,1.000000
CHRISTIAN - 000024,139,1.000000
CHRISTIAN - 000025,139,1.000000
CHRISTIAN - 000026,138,1.000000
CHRISTIAN - 000027,138,1.000000
CHRISTIAN - 000028,138,1.000000
CHRISTIAN - 000029,138,1.000000
CHRISTIAN - 000030,138,1.000000
CHRISTIAN - 000031,139,0.995238
CHRISTIAN - 000031,140,0.004762
CHRISTIAN - 000032,139,0.611905
CHRISTIAN - 000032,140,0.388095
CHRISTIAN - 000033,140,1.000000
CHRISTIAN - 000034,139,0.509524
CHRISTIAN - 000034,140,0.490476
CLARK - 000002,4,1.000000
CLARK - 000003,4,1.000000
CLARK - 000004,4,1.000000
CLARK - 000005,4,1.000000
CLARK - 000006,4,1.000000
CLARK - 000007,4,1.000000
CLARK - 000008,4,1.000000
CLARK - 000009,4,1.000000
CLARK - 000010,4,1.000000
CLAY - 000002,17,1.000000
CLAY - 000003,39,0.992857
CLAY - 000003,53,0.007143
CLAY - 000004,39,1.000000
CLAY - 000005,39,1.000000
CLAY - 000006,39,1.000000
CLAY - 000007,39,1.000000
CLAY - 000008,18,1.000000
CLAY - 000009,15,1.000000
CLAY - 000010,15,1.000000
CLAY - 000011,15,1.000000
CLAY - 000012,15,1.000000
CLAY - 000013,15,1.000000
CLAY - 000014,15,1.000000
CLAY - 000015,15,1.000000
CLAY - 000016,15,0.971429
CLAY - 000016,18,0.028571
CLAY - 000017,15,1.000000
CLAY - 000018,18,1.000000
CLAY - 000019,18,1.000000
CLAY - 000020,18,1.000000
CLAY - 000021,18,1.000000
CLAY - 000022,15,0.830952
CLAY - 000022,18,0.169048
CLAY - 000023,15,1.000000
CLAY - 000024,15,1.000000
CLAY - 000025,38,0.533333
CLAY - 000025,39,0.464286
CLAY - 000025,17,0.002381
CLAY - 000026,17,1.000000
CLAY - 000027,17,1.000000
CLAY - 000028,8,1.000000
CLAY - 000029,15,0.473810
CLAY - 000029,16,0.523810
CLAY - 000029,14,0.002381
CLAY - 000030,16,1.000000
CLAY - 000031,18,1.000000
CLAY - 000032,15,0.111905
CLAY - 000032,16,0.545238
CLAY - 000032,17,0.342857
CLAY - 000033,16,1.000000
CLAY - 000034,17,1.000000
CLAY - 000035,18,0.633333
CLAY - 000035,15,0.366667
CLAY - 000036,16,1.000000
CLAY - 000037,16,0.990476
CLAY - 000037,8,0.009524
CLAY - 000038,17,1.000000
CLAY - 000039,17,1.000000
CLAY - 000040,18,0.992857
CLAY - 000040,15,0.007143
CLAY - 000041,18,1.000000
CLAY - 000042,17,1.000000
CLAY - 000043,17,1.000000
CLAY - 000044,17,0.897619
CLAY - 000044,18,0.102381
CLAY - 000045,17,1.000000
CLAY - 000046,16,1.000000
CLAY - 000047,16,1.000000
CLAY - 000048,18,1.000000
CLAY - 000049,18,1.000000
CLAY - 000050,18,0.473810
CLAY - 000050,15,0.290476
CLAY - 000050,17,0.235714
CLAY - 000051,18,0.919048
CLAY - 000051,17,0.080952
CLAY - 000052,18,0.980952
CLAY - 000052,17,0.019048
CLAY - 000053,18,1.000000
CLAY - 000054,18,1.000000
CLAY - 000055,8,1.000000
CLAY - 000056,39,1.000000
CLAY - 000057,8,0.604762
CLAY - 000057,39,0.395238
CLAY - 000058,39,1.000000
CLAY - 000059,38,1.000000
CLAY - 000060,38,1.000000
CLAY - 000061,38,1.000000
CLAY - 000062,38,1.000000
CLAY - 000063,38,1.000000
CLAY - 000064,38,0.719048
CLAY - 000064,17,0.280952
CLAY - 000065,38,1.000000
CLAY - 000066,38,1.000000
CLAY - 000067,38,1.000000
CLAY - 000068,17,0.957143
CLAY - 000068,38,0.042857
CLAY - 000069,38,1.000000
CLAY - 000070,38,1.000000
CLAY - 000071,39,0.980952
CLAY - 000071,38,0.019048
CLAY - 000072,39,1.000000
CLAY - 000073,8,1.000000
CLAY - 000074,8,1.000000
CLAY - 000075,8,1.000000
CLAY - 000076,8,1.000000
CLAY - 000077,39,0.995238
CLAY - 000077,8,0.004762
CLAY - 000078,8,1.000000
CLINTON - 000002,9,1.000000
CLINTON - 000003,9,0.361905
CLINTON - 000003,8,0.638095
CLINTON - 000004,8,1.000000
CLINTON - 000005,9,0.492857
CLINTON - 000005,8,0.507143
CLINTON - 000006,8,1.000000
CLINTON - 000007,8,0.916667
CLINTON - 000007,9,0.083333
CLINTON - 000008,9,0.809524
CLINTON - 000008,8,0.190476
CLINTON - 000009,9,1.000000
COLE - 000002,59,1.000000
COLE - 000003,59,1.000000
COLE - 000004,59,1.000000
COLE - 000005,59,1.000000
COLE - 000006,59,1.000000
COLE - 000007,59,1.000000
COLE - 000008,59,1.000000
COLE - 000009,60,1.000000
COLE - 000010,60,1.000000
COLE - 000011,60,1.000000
COLE - 000012,60,1.000000
COLE - 000013,60,1.000000
COLE - 000014,60,1.000000
COLE - 000015,60,1.000000
COLE - 000016,60,1.000000
COLE - 000017,60,1.000000
COLE - 000018,60,1.000000
COLE - 000019,60,1.000000
COLE - 000020,60,0.990476
COLE - 000020,59,0.009524
COLE - 000021,59,0.171429
COLE - 000021,60,0.828571
COLE - 000022,60,1.000000
COLE - 000023,60,0.835714
COLE - 000023,59,0.164286
COLE - 000024,60,0.978571
COLE - 000024,59,0.021429
COLE - 000025,60,0.926190
COLE - 000025,59,0.073810
COLE - 000026,59,1.000000
COLE - 000027,60,1.000000
COLE - 000028,60,1.000000
COLE - 000029,60,1.000000
COLE - 000030,60,1.000000
COLE - 000031,60,1.000000
COLE - 000032,59,1.000000
COLE - 000033,59,0.685714
COLE - 000033,61,0.314286
COLE - 000034,59,1.000000
COLE - 000035,59,1.000000
COLE - 000036,59,1.000000
COLE - 000037,59,1.000000
COLE - 000038,59,1.000000
COLE - 000039,59,1.000000
COLE - 000040,59,1.000000
COLE - 000041,59,1.000000
COLE - 000042,59,1.000000
COLE - 000043,59,1.000000
COLE - 000044,59,1.000000
COLE - 000045,59,1.000000
COLE - 000046,59,1.000000
COLE - 000047,59,1.000000
COLE - 000048,59,1.000000
COLE - 000049,59,1.000000
COLE - 000050,59,1.000000
COOPER - 000002,48,1.000000
COOPER - 000004,48,1.000000
COOPER - 000005,48,0.769048
COOPER - 000005,58,0.230952
COOPER - 000006,48,1.000000
COOPER - 000007,48,1.000000
COOPER - 000008,48,1.000000
COOPER - 000009,48,1.000000
COOPER - 000010,48,1.000000
COOPER - 000011,48,1.000000
COOPER - 000012,48,1.000000
COOPER - 000013,48,1.000000
CRAWFORD - 000002,120,1.000000
CRAWFORD - 000003,120,1.000000
CRAWFORD - 000004,120,1.000000
CRAWFORD - 000005,120,1.000000
CRAWFORD - 000006,120,1.000000
CRAWFORD - 000007,120,1.000000
CRAWFORD - 000008,120,1.000000
CRAWFORD - 000009,120,1.000000
CRAWFORD - 000010,120,1.000000
CRAWFORD - 000011,120,1.000000
CRAWFORD - 000012,120,1.000000
CRAWFORD - 000013,120,1.000000
CRAWFORD - 000014,120,1.000000
CRAWFORD - 000015,120,1.000000
CRAWFORD - 000016,120,1.000000
CRAWFORD - 000017,120,1.000000
CRAWFORD - 000018,120,1.000000
CRAWFORD - 000019,120,1.000000
DADE - 003243,127,1.000000
DADE - 003244,127,1.000000
DADE - 003246,127,1.000000
DADE - 003263,127,1.000000
DADE - 003289,127,1.000000
DADE - 003294,127,1.000000
DADE - 003300,127,1.000000
DADE - 003330,127,1.000000
DALLAS - 000002,142,1.000000
DALLAS - 000003,142,1.000000
DALLAS - 000004,142,1.000000
DALLAS - 000005,142,1.000000
DALLAS - 000006,142,1.000000
DALLAS - 000007,142,1.000000
DALLAS - 000008,142,1.000000
DALLAS - 000009,142,1.000000
DALLAS - 000010,142,1.000000
DALLAS - 000011,142,1.000000
DALLAS - 000012,142,1.000000
DAVIESS - 000002,2,1.000000
DAVIESS - 000003,2,1.000000
DAVIESS - 000004,2,1.000000
DAVIESS - 000005,2,1.000000
DAVIESS - 000006,2,1.000000
DAVIESS - 000007,2,1.000000
DAVIESS - 000008,2,1.000000
DAVIESS - 000009,2,1.000000
DAVIESS - 000010,2,1.000000
DAVIESS - 000011,2,1.000000
DAVIESS - 000012,2,1.000000
DAVIESS - 000013,2,1.000000
DAVIESS - 000014,2,1.000000
DAVIESS - 000015,2,1.000000
DAVIESS - 000016,2,1.000000
DEKALB - 000002,9,1.000000
DEKALB - 000003,9,1.000000
DEKALB - 000004,9,1.000000
DEKALB - 000005,9,1.000000
DEKALB - 000006,9,1.000000
DEKALB - 000007,9,1.000000
DEKALB - 000008,9,1.000000
DEKALB - 000009,9,1.000000
DEKALB - 000010,9,1.000000
DEKALB - 000011,9,1.000000
DEKALB - 000012,9,1.000000
DENT - 000002,120,1.000000
DENT - 000003,120,1.000000
DENT - 000004,120,1.000000
DENT - 000005,120,1.000000
DENT - 000006,120,1.000000
DENT - 000007,120,1.000000
DENT - 000008,120,1.000000
DOUGLAS - 000002,141,1.000000
DOUGLAS - 000003,155,1.000000
DOUGLAS - 000004,141,1.000000
DOUGLAS - 000005,141,1.000000
DOUGLAS - 000006,141,1.000000
DOUGLAS - 000007,155,1.000000
DOUGLAS - 000008,155,1.000000
DOUGLAS - 000009,155,1.000000
DOUGLAS - 000010,155,0.297619
DOUGLAS - 000010,141,0.702381
DOUGLAS - 000011,141,1.000000
DOUGLAS - 000012,155,1.000000
DOUGLAS - 000013,155,1.000000
DOUGLAS - 000014,155,1.000000
DOUGLAS - 000015,155,1.000000
DOUGLAS - 000016,155,1.000000
DOUGLAS - 000017,155,1.000000
DOUGLAS - 000018,141,1.000000
DOUGLAS - 000019,155,1.000000
DOUGLAS - 000020,155,1.000000
DOUGLAS - 000021,155,1.000000
DOUGLAS - 000022,155,1.000000
DOUGLAS - 000023,155,1.000000
DOUGLAS - 000024,155,1.000000
DOUGLAS - 000025,155,1.000000
DUNKLIN - 000002,150,1.000000
DUNKLIN - 000003,150,1.000000
DUNKLIN - 000004,150,1.000000
DUNKLIN - 000005,150,1.000000
DUNKLIN - 000006,150,1.000000
DUNKLIN - 000007,150,1.000000
DUNKLIN - 000008,150,1.000000
DUNKLIN - 000009,150,1.000000
DUNKLIN - 000010,150,1.000000
DUNKLIN - 000011,150,1.000000
DUNKLIN - 000012,150,1.000000
DUNKLIN - 000013,150,1.000000
DUNKLIN - 000014,150,1.000000
DUNKLIN - 000015,150,1.000000
DUNKLIN - 000016,150,1.000000
DUNKLIN - 000017,150,1.000000
DUNKLIN - 000018,150,1.000000
DUNKLIN - 000019,150,1.000000
DUNKLIN - 000020,150,1.000000
DUNKLIN - 000021,150,1.000000
DUNKLIN - 000022,150,1.000000
FRANKLIN - 000002,118,1.000000
FRANKLIN - 000003,118,1.000000
FRANKLIN - 000004,109,1.000000
FRANKLIN - 000005,109,1.000000
FRANKLIN - 000006,109,1.000000
FRANKLIN - 000007,119,0.921429
FRANKLIN - 000007,118,0.078571
FRANKLIN - 000008,109,1.000000
FRANKLIN - 000009,109,1.000000
FRANKLIN - 000010,109,1.000000
FRANKLIN - 000011,118,0.942857
FRANKLIN - 000011,119,0.057143
FRANKLIN - 000012,118,1.000000
FRANKLIN - 000013,118,1.000000
FRANKLIN - 000014,109,1.000000
FRANKLIN - 000015,118,1.000000
FRANKLIN - 000016,118,1.000000
FRANKLIN - 000017,118,1.000000
FRANKLIN - 000018,109,1.000000
FRANKLIN - 000019,109,0.240476
FRANKLIN - 000019,119,0.759524
FRANKLIN - 000020,118,1.000000
FRANKLIN - 000021,118,1.000000
FRANKLIN - 000022,118,1.000000
FRANKLIN - 000023,109,1.000000
FRANKLIN - 000024,109,0.990476
FRANKLIN - 000024,119,0.009524
FRANKLIN - 000025,118,1.000000
FRANKLIN - 000026,118,1.000000
FRANKLIN - 000027,118,1.000000
FRANKLIN - 000028,109,1.000000
FRANKLIN - 000029,118,1.000000
FRANKLIN - 000030,109,1.000000
FRANKLIN - 000031,109,1.000000
FRANKLIN - 000032,118,1.000000
FRANKLIN - 000033,109,0.292857
FRANKLIN - 000033,119,0.707143
FRANKLIN - 000034,119,1.000000
FRANKLIN - 000035,119,1.000000
FRANKLIN - 000036,119,1.000000
FRANKLIN - 000037,119,1.000000
FRANKLIN - 000038,118,1.000000
FRANKLIN - 000039,119,0.873810
FRANKLIN - 000039,109,0.126190
FRANKLIN - 000040,118,1.000000
FRANKLIN - 000041,109,1.000000
FRANKLIN - 000042,118,1.000000
FRANKLIN - 000043,109,1.000000
FRANKLIN - 000044,119,0.838095
FRANKLIN - 000044,118,0.161905
FRANKLIN - 000045,119,1.000000
FRANKLIN - 000046,119,1.000000
FRANKLIN - 000047,118,1.000000
FRANKLIN - 000048,118,1.000000
FRANKLIN - 000049,118,1.000000
FRANKLIN - 000050,118,1.000000
FRANKLIN - 000051,118,1.000000
FRANKLIN - 000052,109,0.361905
FRANKLIN - 000052,119,0.121429
FRANKLIN - 000052,118,0.516667
FRANKLIN - 000053,119,0.985714
FRANKLIN - 000053,109,0.014286
FRANKLIN - 000054,119,1.000000
FRANKLIN - 000055,119,1.000000
FRANKLIN - 000056,119,1.000000
FRANKLIN - 000057,109,0.397619
FRANKLIN - 000057,119,0.602381
FRANKLIN - 000058,109,1.000000
FRANKLIN - 000059,109,1.000000
FRANKLIN - 000060,109,1.000000
FRANKLIN - 000061,109,1.000000
FRANKLIN - 000062,109,1.000000
FRANKLIN - 000063,109,1.000000
GASCONADE - 000002,61,1.000000
GASCONADE - 000003,61,1.000000
GASCONADE - 000004,61,1.000000
GASCONADE - 000005,61,1.000000
GASCONADE - 000006,61,1.000000
GASCONADE - 000007,61,1.000000
GASCONADE - 000008,61,1.000000
GASCONADE - 000009,61,1.000000
GASCONADE - 000010,61,1.000000
GASCONADE - 000011,61,1.000000
GASCONADE - 000012,61,1.000000
GASCONADE - 000013,61,1.000000
GASCONADE - 000014,61,1.000000
GASCONADE - 000015,61,1.000000
GASCONADE - 000016,61,1.000000
GASCONADE - 000017,61,1.000000
GENTRY - 000002,1,1.000000
GENTRY - 000003,1,1.000000
GENTRY - 000004,1,1.000000
GENTRY - 000005,1,1.000000
GENTRY - 000006,1,1.000000
GENTRY - 000007,1,1.000000
GENTRY - 000008,1,1.000000
GENTRY - 000009,1,1.000000
GENTRY - 000010,1,1.000000
GENTRY - 000011,1,1.000000
GENTRY - 000012,1,1.000000
GENTRY - 000013,1,1.000000
GENTRY - 000014,1,1.000000
GREENE - 000002,136,0.633333
GREENE - 000002,135,0.366667
GREENE - 000003,135,1.000000
GREENE - 000004,132,0.280952
GREENE - 000004,135,0.719048
GREENE - 000005,132,1.000000
GREENE - 000006,133,1.000000
GREENE - 000007,132,0.557143
GREENE - 000007,133,0.438095
GREENE - 000007,130,0.004762
GREENE - 000008,135,1.000000
GREENE - 000009,135,1.000000
GREENE - 000010,135,1.000000
GREENE - 000011,131,1.000000
GREENE - 000012,137,0.895238
GREENE - 000012,136,0.014286
GREENE - 000012,135,0.090476
GREENE - 000013,131,0.797619
GREENE - 000013,130,0.202381
GREENE - 000014,131,1.000000
GREENE - 000015,137,1.000000
GREENE - 000016,137,0.678571
GREENE - 000016,131,0.285714
GREENE - 000016,135,0.035714
GREENE - 000017,131,1.000000
GREENE - 000018,131,1.000000
GREENE - 000019,132,1.000000
GREENE - 000020,132,1.000000
GREENE - 000021,135,1.000000
GREENE - 000022,132,0.369048
GREENE - 000022,135,0.630952
GREENE - 000023,132,1.000000
GREENE - 000024,132,1.000000
GREENE - 000025,132,1.000000
GREENE - 000026,132,1.000000
GREENE - 000027,132,1.000000
GREENE - 000028,132,1.000000
GREENE - 000029,132,0.966667
GREENE - 000029,130,0.033333
GREENE - 000030,135,0.942857
GREENE - 000030,132,0.047619
GREENE - 000030,137,0.007143
GREENE - 000030,131,0.002381
GREENE - 000031,135,0.845238
GREENE - 000031,132,0.154762
GREENE - 000032,132,1.000000
GREENE - 000033,135,1.000000
GREENE - 000034,135,1.000000
GREENE - 000035,131,1.000000
GREENE - 000036,130,0.530952
GREENE - 000036,134,0.466667
GREENE - 000036,133,0.002381
GREENE - 000037,130,1.000000
GREENE - 000038,130,0.480952
GREENE - 000038,134,0.519048
GREENE - 000039,130,1.000000
GREENE - 000040,131,1.000000
GREENE - 000041,137,1.000000
GREENE - 000042,131,0.980952
GREENE - 000042,135,0.016667
GREENE - 000042,132,0.002381
GREENE - 000043,131,1.000000
GREENE - 000044,135,1.000000
GREENE - 000045,135,0.942857
GREENE - 000045,132,0.057143
GREENE - 000046,135,1.000000
GREENE - 000047,135,1.000000
GREENE - 000048,135,1.000000
GREENE - 000049,136,1.000000
GREENE - 000050,136,1.000000
GREENE - 000051,136,1.000000
GREENE - 000052,136,1.000000
GREENE - 000053,136,1.000000
GREENE - 000054,133,1.000000
GREENE - 000055,133,0.883333
GREENE - 000055,136,0.116667
GREENE - 000056,133,1.000000
GREENE - 000057,133,1.000000
GREENE - 000058,130,1.000000
GREENE - 000059,130,1.000000
GREENE - 000060,135,1.000000
GREENE - 000061,135,1.000000
GREENE - 000062,135,1.000000
GREENE - 000063,136,1.000000
GREENE - 000064,136,1.000000
GREENE - 000065,137,1.000000
GREENE - 000066,137,0.321429
GREENE - 000066,136,0.678571
GREENE - 000067,137,1.000000
GREENE - 000068,136,0.359524
GREENE - 000068,135,0.640476
GREENE - 000069,135,1.000000
GREENE - 000070,131,1.000000
GREENE - 000071,131,1.000000
GREENE - 000072,130,0.407143
GREENE - 000072,131,0.592857
GREENE - 000073,136,1.000000
GREENE - 000074,136,0.785714
GREENE - 000074,134,0.214286
GREENE - 000075,136,1.000000
GREENE - 000076,136,1.000000
GREENE - 000077,134,1.000000
GREENE - 000078,133,0.819048
GREENE - 000078,134,0.180952
GREENE - 000079,134,0.990476
GREENE - 000079,133,0.009524
GREENE - 000080,136,1.000000
GREENE - 000081,136,1.000000
GREENE - 000082,136,1.000000
GREENE - 000083,136,1.000000
GREENE - 000084,136,1.000000
GREENE - 000085,136,0.435714
GREENE - 000085,135,0.564286
GREENE - 000086,132,1.000000
GREENE - 000087,136,1.000000
GREENE - 000088,133,1.000000
GREENE - 000089,133,1.000000
GREENE - 000090,133,1.000000
GREENE - 000091,133,1.000000
GREENE - 000092,133,1.000000
GREENE - 000093,133,1.000000
GREENE - 000094,132,1.000000
GREENE - 000095,132,1.000000
GREENE - 000096,134,0.688095
GREENE - 000096,130,0.311905
GREENE - 000097,134,0.738095
GREENE - 000097,130,0.261905
GREENE - 000098,130,0.923810
GREENE - 000098,131,0.076190
GREENE - 000099,131,1.000000
GREENE - 000100,134,0.292857
GREENE - 000100,137,0.707143
GREENE - 000101,137,1.000000
GREENE - 000102,137,0.864286
GREENE - 000102,136,0.135714
GREENE - 000103,137,1.000000
GREENE - 000104,130,1.000000
GREENE - 000105,131,1.000000
GREENE - 000106,131,1.000000
GREENE - 000107,131,0.678571
GREENE - 000107,130,0.321429
GREENE - 000108,137,1.000000
GREENE - 000109,131,1.000000
GREENE - 000110,137,1.000000
GREENE - 000111,131,0.809524
GREENE - 000111,130,0.190476
GREENE - 000112,133,0.652381
GREENE - 000112,134,0.347619
GREENE - 000113,134,1.000000
GREENE - 000114,134,1.000000
GRUNDY - 000002,2,1.000000
GRUNDY - 000003,2,1.000000
GRUNDY - 000004,2,1.000000
GRUNDY - 000005,2,1.000000
GRUNDY - 000006,2,1.000000
GRUNDY - 000007,2,1.000000
GRUNDY - 000008,2,1.000000
GRUNDY - 000009,2,1.000000
GRUNDY - 000010,2,1.000000
GRUNDY - 000011,2,1.000000
GRUNDY - 000012,2,1.000000
GRUNDY - 000013,2,1.000000
GRUNDY - 000014,2,1.000000
GRUNDY - 000015,2,1.000000
GRUNDY - 000016,2,1.000000
GRUNDY - 000017,2,1.000000
HARRISON - 000002,2,1.000000
HARRISON - 000003,2,1.000000
HARRISON - 000004,2,1.000000
HARRISON - 000005,2,1.000000
HARRISON - 000006,2,1.000000
HARRISON - 000007,2,1.000000
HARRISON - 000008,2,1.000000
HARRISON - 000009,2,1.000000
HARRISON - 000010,2,1.000000
HARRISON - 000011,2,1.000000
HENRY - 000002,126,1.000000
HENRY - 000003,126,1.000000
HENRY - 000004,126,1.000000
HENRY - 000005,126,1.000000
HENRY - 000006,126,1.000000
HENRY - 000007,126,1.000000
HENRY - 000008,126,1.000000
HENRY - 000009,126,1.000000
HENRY - 000010,126,1.000000
HENRY - 000011,126,1.000000
HENRY - 000012,126,1.000000
HENRY - 000013,126,1.000000
HENRY - 000014,126,1.000000
HENRY - 000015,126,1.000000
HENRY - 000016,126,1.000000
HICKORY - 000002,128,1.000000
HICKORY - 000003,126,1.000000
HICKORY - 000004,128,1.000000
HICKORY - 000005,128,1.000000
HICKORY - 000006,128,1.000000
HICKORY - 000007,128,1.000000
HICKORY - 000008,126,1.000000
HICKORY - 000009,126,1.000000
HICKORY - 000010,128,1.000000
HICKORY - 000011,126,1.000000
HOLT - 000002,1,1.000000
HOLT - 000003,1,1.000000
HOLT - 000004,1,1.000000
HOLT - 000005,1,1.000000
HOLT - 000006,1,1.000000
HOLT - 000007,1,1.000000
HOWARD - 000002,48,1.000000
HOWARD - 000003,48,1.000000
HOWARD - 000004,48,1.000000
HOWARD - 000005,48,1.000000
HOWARD - 000006,48,1.000000
HOWARD - 000007,48,1.000000
HOWARD - 000008,48,1.000000
HOWARD - 000009,48,1.000000
HOWELL - 000002,154,1.000000
HOWELL - 000003,154,1.000000
HOWELL - 000004,154,1.000000
HOWELL - 000005,154,1.000000
HOWELL - 000006,154,1.000000
HOWELL - 000007,154,1.000000
HOWELL - 000008,154,1.000000
HOWELL - 000009,154,1.000000
HOWELL - 000010,154,1.000000
HOWELL - 000011,154,1.000000
HOWELL - 000012,154,1.000000
HOWELL - 000013,154,1.000000
HOWELL - 000014,154,1.000000
HOWELL - 000015,154,1.000000
HOWELL - 000016,154,1.000000
HOWELL - 000017,154,1.000000
HOWELL - 000018,153,0.619048
HOWELL - 000018,154,0.380952
HOWELL - 000019,154,1.000000
HOWELL - 000020,154,1.000000
HOWELL - 000021,154,1.000000
IRON - 000002,144,1.000000
IRON - 000003,144,1.000000
IRON - 000004,144,1.000000
IRON - 000005,144,1.000000
IRON - 000006,144,1.000000
IRON - 000007,144,1.000000
IRON - 000008,144,1.000000
IRON - 000009,144,1.000000
IRON - 000010,144,1.000000
JACKSON - 000002,21,1.000000
JACKSON - 000003,20,1.000000
JACKSON - 000004,20,1.000000
JACKSON - 000005,20,1.000000
JACKSON - 000006,20,1.000000
JACKSON - 000007,20,1.000000
JACKSON - 000008,19,1.000000
JACKSON - 000009,21,1.000000
JACKSON - 000010,21,1.000000
JACKSON - 000011,21,1.000000
JACKSON - 000012,21,1.000000
JACKSON - 000013,21,1.000000
JACKSON - 000014,21,1.000000
JACKSON - 000015,20,1.000000
JACKSON - 000016,20,1.000000
JACKSON - 000017,20,1.000000
JACKSON - 000018,21,1.000000
JACKSON - 000019,20,1.000000
JACKSON - 000020,20,1.000000
JACKSON - 000021,20,1.000000
JACKSON - 000022,20,1.000000
JACKSON - 000023,20,1.000000
JACKSON - 000024,21,0.159524
JACKSON - 000024,20,0.840476
JACKSON - 000025,20,1.000000
JACKSON - 000026,21,1.000000
JACKSON - 000027,21,1.000000
JACKSON - 000028,20,1.000000
JACKSON - 000029,20,1.000000
JACKSON - 000030,32,1.000000
JACKSON - 000031,20,0.457143
JACKSON - 000031,39,0.040476
JACKSON - 000031,32,0.502381
JACKSON - 000032,20,0.952381
JACKSON - 000032,32,0.047619
JACKSON - 000033,20,1.000000
JACKSON - 000034,20,1.000000
JACKSON - 000035,20,1.000000
JACKSON - 000036,20,1.000000
JACKSON - 000037,20,1.000000
JACKSON - 000038,20,1.000000
JACKSON - 000039,20,1.000000
JACKSON - 000040,21,1.000000
JACKSON - 000041,21,1.000000
JACKSON - 000042,21,1.000000
JACKSON - 000043,21,1.000000
JACKSON - 000044,21,1.000000
JACKSON - 000045,21,1.000000
JACKSON - 000046,21,1.000000
JACKSON - 000047,21,1.000000
JACKSON - 000048,21,1.000000
JACKSON - 000049,21,1.000000
JACKSON - 000050,21,1.000000
JACKSON - 000051,21,1.000000
JACKSON - 000052,22,1.000000
JACKSON - 000053,22,0.776190
JACKSON - 000053,21,0.223810
JACKSON - 000054,29,1.000000
JACKSON - 000055,22,1.000000
JACKSON - 000056,22,1.000000
JACKSON - 000057,22,1.000000
JACKSON - 000058,22,1.000000
JACKSON - 000059,22,0.592857
JACKSON - 000059,21,0.407143
JACKSON - 000060,29,1.000000
JACKSON - 000061,21,0.709524
JACKSON - 000061,29,0.290476
JACKSON - 000062,29,1.000000
JACKSON - 000063,22,0.980952
JACKSON - 000063,21,0.019048
JACKSON - 000064,22,1.000000
JACKSON - 000065,21,1.000000
JACKSON - 000066,29,0.847619
JACKSON - 000066,20,0.152381
JACKSON - 000067,20,1.000000
JACKSON - 000068,21,0.528571
JACKSON - 000068,20,0.471429
JACKSON - 000069,21,1.000000
JACKSON - 000070,21,1.000000
JACKSON - 000071,21,1.000000
JACKSON - 000072,20,0.654762
JACKSON - 000072,21,0.345238
JACKSON - 000073,20,1.000000
JACKSON - 000074,20,1.000000
JACKSON - 000075,20,1.000000
JACKSON - 000076,20,1.000000
JACKSON - 000077,29,0.609524
JACKSON - 000077,20,0.390476
JACKSON - 000078,29,1.000000
JACKSON - 000079,29,1.000000
JACKSON - 000080,29,1.000000
JACKSON - 000081,29,1.000000
JACKSON - 000082,29,1.000000
JACKSON - 000083,29,1.000000
JACKSON - 000084,29,1.000000
JACKSON - 000085,29,1.000000
JACKSON - 000086,29,1.000000
JACKSON - 000087,29,1.000000
JACKSON - 000088,22,1.000000
JACKSON - 000089,22,1.000000
JACKSON - 000090,22,0.830952
JACKSON - 000090,29,0.169048
JACKSON - 000091,22,0.804762
JACKSON - 000091,29,0.195238
JACKSON - 000092,29,1.000000
JACKSON - 000093,29,1.000000
JACKSON - 000094,29,1.000000
JACKSON - 000095,29,1.000000
JACKSON - 000096,29,1.000000
JACKSON - 000097,29,1.000000
JACKSON - 000098,29,1.000000
JACKSON - 000099,29,1.000000
JACKSON - 000100,29,0.764286
JACKSON - 000100,20,0.235714
JACKSON - 000101,29,0.964286
JACKSON - 000101,20,0.035714
JACKSON - 000102,29,1.000000
JACKSON - 000103,29,1.000000
JACKSON - 000104,29,0.783333
JACKSON - 000104,20,0.216667
JACKSON - 000105,20,1.000000
JACKSON - 000106,29,1.000000
JACKSON - 000107,29,1.000000
JACKSON - 000108,29,1.000000
JACKSON - 000109,28,1.000000
JACKSON - 000110,28,1.000000
JACKSON - 000111,28,1.000000
JACKSON - 000112,28,1.000000
JACKSON - 000113,28,1.000000
JACKSON - 000114,28,1.000000
JACKSON - 000115,28,1.000000
JACKSON - 000116,28,1.000000
JACKSON - 000117,28,1.000000
JACKSON - 000118,28,1.000000
JACKSON - 000119,28,1.000000
JACKSON - 000120,28,1.000000
JACKSON - 000121,28,1.000000
JACKSON - 000122,28,1.000000
JACKSON - 000123,28,1.000000
JACKSON - 000124,28,1.000000
JACKSON - 000125,28,1.000000
JACKSON - 000126,28,1.000000
JACKSON - 000127,28,1.000000
JACKSON - 000128,28,1.000000
JACKSON - 000129,28,1.000000
JACKSON - 000130,28,1.000000
JACKSON - 000131,28,1.000000
JACKSON - 000132,28,1.000000
JACKSON - 000133,28,1.000000
JACKSON - 000134,28,1.000000
JACKSON - 000135,28,1.000000
JACKSON - 000136,28,1.000000
JACKSON - 000137,28,1.000000
JACKSON - 000138,20,1.000000
JACKSON - 000139,32,1.000000
JACKSON - 000140,32,1.000000
JACKSON - 000141,32,1.000000
JACKSON - 000142,32,1.000000
JACKSON - 000143,32,1.000000
JACKSON - 000144,32,1.000000
JACKSON - 000145,32,1.000000
JACKSON - 000146,32,1.000000
JACKSON - 000147,32,1.000000
JACKSON - 000148,19,0.883333
JACKSON - 000148,24,0.116667
JACKSON - 000149,19,0.969048
JACKSON - 000149,24,0.030952
JACKSON - 000150,24,0.580952
JACKSON - 000150,23,0.419048
JACKSON - 000151,24,0.654762
JACKSON - 000151,23,0.345238
JACKSON - 000152,19,0.883333
JACKSON - 000152,24,0.116667
JACKSON - 000153,24,0.923810
JACKSON - 000153,23,0.057143
JACKSON - 000153,19,0.019048
JACKSON - 000154,24,1.000000
JACKSON - 000155,19,1.000000
JACKSON - 000156,24,1.000000
JACKSON - 000157,23,1.000000
JACKSON - 000158,23,1.000000
JACKSON - 000159,24,1.000000
JACKSON - 000160,25,1.000000
JACKSON - 000161,25,1.000000
JACKSON - 000162,26,1.000000
JACKSON - 000163,26,1.000000
JACKSON - 000164,25,1.000000
JACKSON - 000165,25,1.000000
JACKSON - 000166,37,1.000000
JACKSON - 000167,37,0.926190
JACKSON - 000167,26,0.073810
JACKSON - 000168,26,0.540476
JACKSON - 000168,37,0.459524
JACKSON - 000169,37,0.978571
JACKSON - 000169,26,0.021429
JACKSON - 000170,26,1.000000
JACKSON - 000171,26,1.000000
JACKSON - 000172,37,1.000000
JACKSON - 000173,37,1.000000
JACKSON - 000174,37,1.000000
JACKSON - 000175,19,1.000000
JACKSON - 000176,19,1.000000
JACKSON - 000177,23,0.509524
JACKSON - 000177,19,0.490476
JACKSON - 000178,19,0.485714
JACKSON - 000178,23,0.514286
JACKSON - 000179,19,1.000000
JACKSON - 000180,19,1.000000
JACKSON - 000181,19,1.000000
JACKSON - 000182,23,1.000000
JACKSON - 000183,19,1.000000
JACKSON - 000184,19,1.000000
JACKSON - 000185,23,0.671429
JACKSON - 000185,19,0.328571
JACKSON - 000186,19,1.000000
JACKSON - 000187,19,1.000000
JACKSON - 000188,19,1.000000
JACKSON - 000189,19,1.000000
JACKSON - 000190,19,1.000000
JACKSON - 000191,19,1.000000
JACKSON - 000192,19,1.000000
JACKSON - 000193,19,1.000000
JACKSON - 000194,19,1.000000
JACKSON - 000195,19,1.000000
JACKSON - 000196,19,1.000000
JACKSON - 000197,19,1.000000
JACKSON - 000198,19,1.000000
JACKSON - 000199,19,1.000000
JACKSON - 000200,19,1.000000
JACKSON - 000201,19,0.873810
JACKSON - 000201,23,0.126190
JACKSON - 000202,23,0.073810
JACKSON - 000202,19,0.926190
JACKSON - 000203,19,0.723810
JACKSON - 000203,23,0.276190
JACKSON - 000204,23,0.923810
JACKSON - 000204,19,0.076190
JACKSON - 000205,23,1.000000
JACKSON - 000206,23,0.609524
JACKSON - 000206,19,0.390476
JACKSON - 000207,23,1.000000
JACKSON - 000208,23,1.000000
JACKSON - 000209,23,1.000000
JACKSON - 000210,23,1.000000
JACKSON - 000211,23,1.000000
JACKSON - 000212,23,1.000000
JACKSON - 000213,23,1.000000
JACKSON - 000214,23,1.000000
JACKSON - 000215,23,1.000000
JACKSON - 000216,23,1.000000
JACKSON - 000217,23,1.000000
JACKSON - 000218,23,1.000000
JACKSON - 000219,23,1.000000
JACKSON - 000220,23,0.533333
JACKSON - 000220,22,0.466667
JACKSON - 000221,22,1.000000
JACKSON - 000222,23,0.490476
JACKSON - 000222,22,0.509524
JACKSON - 000223,22,0.383333
JACKSON - 000223,23,0.616667
JACKSON - 000224,22,1.000000
JACKSON - 000225,22,0.288095
JACKSON - 000225,23,0.485714
JACKSON - 000225,19,0.226190
JACKSON - 000226,22,1.000000
JACKSON - 000227,22,1.000000
JACKSON - 000228,22,1.000000
JACKSON - 000229,22,1.000000
JACKSON - 000230,22,0.864286
JACKSON - 000230,23,0.135714
JACKSON - 000231,22,1.000000
JACKSON - 000232,22,1.000000
JACKSON - 000233,22,1.000000
JACKSON - 000234,27,1.000000
JACKSON - 000235,27,1.000000
JACKSON - 000236,27,1.000000
JACKSON - 000237,27,1.000000
JACKSON - 000238,27,1.000000
JACKSON - 000239,27,1.000000
JACKSON - 000240,27,1.000000
JACKSON - 000241,27,1.000000
JACKSON - 000242,27,1.000000
JACKSON - 000243,22,0.785714
JACKSON - 000243,27,0.214286
JACKSON - 000244,27,1.000000
JACKSON - 000245,27,0.490476
JACKSON - 000245,22,0.509524
JACKSON - 000246,27,1.000000
JACKSON - 000247,27,1.000000
JACKSON - 000248,27,1.000000
JACKSON - 000249,27,1.000000
JACKSON - 000250,27,1.000000
JACKSON - 000251,27,1.000000
JACKSON - 000252,27,1.000000
JACKSON - 000253,27,1.000000
JACKSON - 000254,27,1.000000
JACKSON - 000255,27,1.000000
JACKSON - 000256,27,1.000000
JACKSON - 000257,27,1.000000
JACKSON - 000258,27,1.000000
JACKSON - 000259,27,1.000000
JACKSON - 000260,27,1.000000
JACKSON - 000261,27,1.000000
JACKSON - 000262,27,1.000000
JACKSON - 000263,27,1.000000
JACKSON - 000264,27,1.000000
JACKSON - 000265,26,1.000000
JACKSON - 000266,27,1.000000
JACKSON - 000267,27,1.000000
JACKSON - 000268,27,1.000000
JACKSON - 000269,26,1.000000
JACKSON - 000270,26,1.000000
JACKSON - 000271,26,1.000000
JACKSON - 000272,26,1.000000
JACKSON - 000273,26,1.000000
JACKSON - 000274,26,1.000000
JACKSON - 000275,26,1.000000
JACKSON - 000276,26,1.000000
JACKSON - 000277,27,1.000000
JACKSON - 000278,27,1.000000
JACKSON - 000279,26,1.000000
JACKSON - 000280,26,1.000000
JACKSON - 000281,26,1.000000
JACKSON - 000282,26,1.000000
JACKSON - 000283,26,1.000000
JACKSON - 000284,26,1.000000
JACKSON - 000285,26,1.000000
JACKSON - 000286,26,1.000000
JACKSON - 000287,26,1.000000
JACKSON - 000288,26,1.000000
JACKSON - 000289,26,1.000000
JACKSON - 000290,26,0.976190
JACKSON - 000290,37,0.023810
JACKSON - 000291,37,1.000000
JACKSON - 000292,26,1.000000
JACKSON - 000293,26,1.000000
JACKSON - 000294,26,1.000000
JACKSON - 000295,26,1.000000
JACKSON - 000296,25,0.614286
JACKSON - 000296,26,0.385714
JACKSON - 000297,25,0.759524
JACKSON - 000297,26,0.240476
JACKSON - 000298,23,1.000000
JACKSON - 000299,23,1.000000
JACKSON - 000300,23,1.000000
JACKSON - 000301,23,1.000000
JACKSON - 000302,23,0.802381
JACKSON - 000302,24,0.152381
JACKSON - 000302,22,0.045238
JACKSON - 000303,23,1.000000
JACKSON - 000304,23,1.000000
JACKSON - 000305,23,1.000000
JACKSON - 000306,23,1.000000
JACKSON - 000307,23,1.000000
JACKSON - 000308,23,1.000000
JACKSON - 000309,23,0.602381
JACKSON - 000309,19,0.397619
JACKSON - 000310,23,0.350000
JACKSON - 000310,19,0.650000
JACKSON - 000311,23,0.983333
JACKSON - 000311,24,0.016667
JACKSON - 000312,23,1.000000
JACKSON - 000313,19,1.000000
JACKSON - 000314,37,1.000000
JACKSON - 000315,37,1.000000
JACKSON - 000316,37,1.000000
JACKSON - 000317,37,1.000000
JACKSON - 000318,37,1.000000
JACKSON - 000319,37,1.000000
JACKSON - 000320,36,1.000000
JACKSON - 000321,37,0.826190
JACKSON - 000321,36,0.173810
JACKSON - 000322,37,1.000000
JACKSON - 000323,37,0.564286
JACKSON - 000323,36,0.435714
JACKSON - 000324,37,1.000000
JACKSON - 000325,37,1.000000
JACKSON - 000326,37,0.985714
JACKSON - 000326,36,0.014286
JACKSON - 000327,37,1.000000
JACKSON - 000328,36,1.000000
JACKSON - 000329,36,1.000000
JACKSON - 000330,36,1.000000
JACKSON - 000331,36,1.000000
JACKSON - 000332,36,0.990476
JACKSON - 000332,37,0.009524
JACKSON - 000333,36,1.000000
JACKSON - 000334,36,1.000000
JACKSON - 000335,36,1.000000
JACKSON - 000336,37,1.000000
JACKSON - 000337,22,1.000000
JACKSON - 000338,19,1.000000
JACKSON - 000339,22,1.000000
JACKSON - 000340,28,1.000000
JACKSON - 000341,28,1.000000
JACKSON - 000342,28,1.000000
JACKSON - 000343,28,1.000000
JACKSON - 000344,22,0.530952
JACKSON - 000344,28,0.469048
JACKSON - 000345,28,1.000000
JACKSON - 000346,22,0.971429
JACKSON - 000346,28,0.028571
JACKSON - 000347,28,0.919048
JACKSON - 000347,27,0.080952
JACKSON - 000348,22,0.604762
JACKSON - 000348,27,0.395238
JACKSON - 000349,28,0.111905
JACKSON - 000349,27,0.888095
JACKSON - 000350,27,1.000000
JACKSON - 000351,27,1.000000
JACKSON - 000352,28,1.000000
JACKSON - 000353,22,1.000000
JACKSON - 000354,28,1.000000
JACKSON - 000355,35,1.000000
JACKSON - 000356,35,1.000000
JACKSON - 000357,35,1.000000
JACKSON - 000358,35,1.000000
JACKSON - 000359,35,1.000000
JACKSON - 000360,35,0.947619
JACKSON - 000360,30,0.052381
JACKSON - 000361,35,1.000000
JACKSON - 000362,35,1.000000
JACKSON - 000363,35,1.000000
JACKSON - 000364,35,1.000000
JACKSON - 000365,35,1.000000
JACKSON - 000366,35,1.000000
JACKSON - 000367,35,1.000000
JACKSON - 000368,35,1.000000
JACKSON - 000369,35,1.000000
JACKSON - 000370,35,1.000000
JACKSON - 000371,35,1.000000
JACKSON - 000372,35,1.000000
JACKSON - 000373,35,1.000000
JACKSON - 000374,26,0.290476
JACKSON - 000374,35,0.709524
JACKSON - 000375,26,1.000000
JACKSON - 000376,35,1.000000
JACKSON - 000377,35,1.000000
JACKSON - 000378,35,1.000000
JACKSON - 000379,35,1.000000
JACKSON - 000380,35,1.000000
JACKSON - 000381,35,1.000000
JACKSON - 000382,35,1.000000
JACKSON - 000383,35,1.000000
JACKSON - 000384,35,1.000000
JACKSON - 000385,35,1.000000
JACKSON - 000386,26,1.000000
JACKSON - 000387,37,1.000000
JACKSON - 000388,37,1.000000
JACKSON - 000389,35,0.780952
JACKSON - 000389,37,0.219048
JACKSON - 000390,37,1.000000
JACKSON - 000391,37,1.000000
JACKSON - 000392,37,1.000000
JACKSON - 000393,37,1.000000
JACKSON - 000394,37,1.000000
JACKSON - 000395,35,0.428571
JACKSON - 000395,37,0.571429
JACKSON - 000396,36,1.000000
JACKSON - 000397,36,1.000000
JACKSON - 000398,37,1.000000
JACKSON - 000399,26,0.921429
JACKSON - 000399,27,0.078571
JACKSON - 000400,26,1.000000
JACKSON - 000401,37,1.000000
JACKSON - 000402,26,1.000000
JACKSON - 000403,26,1.000000
JACKSON - 000404,26,1.000000
JACKSON - 000405,26,1.000000
JACKSON - 000406,26,0.533333
JACKSON - 000406,35,0.466667
JACKSON - 000407,26,1.000000
JACKSON - 000408,26,0.680952
JACKSON - 000408,37,0.319048
JACKSON - 000409,37,1.000000
JACKSON - 000410,37,1.000000
JACKSON - 000411,26,1.000000
JACKSON - 000412,24,0.654762
JACKSON - 000412,22,0.345238
JACKSON - 000413,22,0.271429
JACKSON - 000413,24,0.728571
JACKSON - 000414,23,0.485714
JACKSON - 000414,22,0.514286
JACKSON - 000415,23,0.888095
JACKSON - 000415,22,0.111905
JACKSON - 000416,22,1.000000
JACKSON - 000417,22,1.000000
JACKSON - 000418,22,1.000000
JACKSON - 000419,22,1.000000
JACKSON - 000420,22,1.000000
JACKSON - 000421,22,1.000000
JACKSON - 000422,22,1.000000
JACKSON - 000423,22,1.000000
JACKSON - 000424,22,1.000000
JACKSON - 000425,24,1.000000
JACKSON - 000426,24,1.000000
JACKSON - 000427,24,1.000000
JACKSON - 000428,24,1.000000
JACKSON - 000429,24,1.000000
JACKSON - 000430,24,1.000000
JACKSON - 000431,24,1.000000
JACKSON - 000432,27,0.602381
JACKSON - 000432,24,0.397619
JACKSON - 000433,24,1.000000
JACKSON - 000434,27,0.923810
JACKSON - 000434,24,0.076190
JACKSON - 000435,24,0.995238
JACKSON - 000435,27,0.004762
JACKSON - 000436,24,1.000000
JACKSON - 000437,24,1.000000
JACKSON - 000438,24,1.000000
JACKSON - 000439,24,1.000000
JACKSON - 000440,24,0.916667
JACKSON - 000440,25,0.083333
JACKSON - 000441,24,1.000000
JACKSON - 000442,24,1.000000
JACKSON - 000443,25,0.580952
JACKSON - 000443,24,0.419048
JACKSON - 000444,25,1.000000
JACKSON - 000445,27,1.000000
JACKSON - 000446,27,0.957143
JACKSON - 000446,25,0.042857
JACKSON - 000447,25,1.000000
JACKSON - 000448,25,1.000000
JACKSON - 000449,25,1.000000
JACKSON - 000450,25,1.000000
JACKSON - 000451,25,1.000000
JACKSON - 000452,25,1.000000
JACKSON - 000453,25,1.000000
JACKSON - 000454,25,1.000000
JACKSON - 000455,25,1.000000
JACKSON - 000456,27,0.685714
JACKSON - 000456,25,0.314286
JACKSON - 000457,25,1.000000
JACKSON - 000458,27,0.485714
JACKSON - 000458,22,0.514286
JACKSON - 000459,22,1.000000
JACKSON - 000460,22,1.000000
JACKSON - 000461,22,1.000000
JACKSON - 000462,22,1.000000
JACKSON - 000463,22,1.000000
JACKSON - 000464,27,0.430952
JACKSON - 000464,22,0.569048
JACKSON - 000465,27,1.000000
JACKSON - 000466,27,1.000000
JACKSON - 000467,27,1.000000
JACKSON - 000468,27,1.000000
JACKSON - 000469,27,0.971429
JACKSON - 000469,22,0.028571
JACKSON - 000470,22,1.000000
JACKSON - 000471,22,1.000000
JACKSON - 000472,27,1.000000
JACKSON - 000473,27,0.923810
JACKSON - 000473,22,0.076190
JACKSON - 000474,27,0.340476
JACKSON - 000474,25,0.659524
JACKSON - 000475,27,0.492857
JACKSON - 000475,25,0.507143
JACKSON - 000476,25,1.000000
JACKSON - 000477,25,1.000000
JACKSON - 000478,25,1.000000
JACKSON - 000479,25,1.000000
JACKSON - 000480,25,1.000000
JACKSON - 000481,25,1.000000
JACKSON - 000482,25,0.471429
JACKSON - 000482,27,0.528571
JACKSON - 000483,26,0.157143
JACKSON - 000483,25,0.842857
JACKSON - 000484,27,0.161905
JACKSON - 000484,26,0.838095
JACKSON - 000485,27,0.495238
JACKSON - 000485,25,0.504762
JACKSON - 000486,26,1.000000
JACKSON - 000487,25,1.000000
JACKSON - 000488,25,1.000000
JACKSON - 000489,25,1.000000
JACKSON - 000490,26,0.780952
JACKSON - 000490,25,0.219048
JACKSON - 000491,26,1.000000
JACKSON - 000492,25,1.000000
JACKSON - 000493,25,1.000000
JACKSON - 000494,25,1.000000
JACKSON - 000495,25,1.000000
JACKSON - 000496,25,1.000000
JACKSON - 000497,26,0.880952
JACKSON - 000497,25,0.119048
JACKSON - 000498,34,1.000000
JACKSON - 000499,35,1.000000
JACKSON - 000500,35,1.000000
JACKSON - 000501,35,1.000000
JACKSON - 000502,35,1.000000
JACKSON - 000503,35,1.000000
JACKSON - 000504,35,1.000000
JACKSON - 000505,35,1.000000
JACKSON - 000506,35,1.000000
JACKSON - 000507,34,1.000000
JACKSON - 000508,35,1.000000
JACKSON - 000509,35,1.000000
JACKSON - 000510,35,1.000000
JACKSON - 000511,35,1.000000
JACKSON - 000512,35,1.000000
JACKSON - 000513,34,1.000000
JACKSON - 000514,34,1.000000
JACKSON - 000515,35,0.414286
JACKSON - 000515,34,0.585714
JACKSON - 000516,34,1.000000
JACKSON - 000517,34,1.000000
JACKSON - 000518,30,1.000000
JACKSON - 000519,30,1.000000
JACKSON - 000520,34,1.000000
JACKSON - 000521,30,1.000000
JACKSON - 000522,30,0.969048
JACKSON - 000522,29,0.030952
JACKSON - 000523,30,1.000000
JACKSON - 000524,30,1.000000
JACKSON - 000525,30,1.000000
JACKSON - 000526,30,1.000000
JACKSON - 000527,30,1.000000
JACKSON - 000528,34,1.000000
JACKSON - 000529,34,1.000000
JACKSON - 000530,34,1.000000
JACKSON - 000531,34,1.000000
JACKSON - 000532,34,1.000000
JACKSON - 000533,34,1.000000
JACKSON - 000534,34,1.000000
JACKSON - 000535,30,0.961905
JACKSON - 000535,34,0.038095
JACKSON - 000536,30,1.000000
JACKSON - 000537,34,0.471429
JACKSON - 000537,30,0.526190
JACKSON - 000537,35,0.002381
JACKSON - 000538,34,1.000000
JACKSON - 000539,34,0.821429
JACKSON - 000539,30,0.178571
JACKSON - 000540,30,1.000000
JACKSON - 000541,30,1.000000
JACKSON - 000542,30,1.000000
JACKSON - 000543,34,1.000000
JACKSON - 000544,30,1.000000
JACKSON - 000545,30,1.000000
JACKSON - 000546,30,1.000000
JACKSON - 000547,33,1.000000
JACKSON - 000548,30,1.000000
JACKSON - 000549,33,1.000000
JACKSON - 000550,33,1.000000
JACKSON - 000551,33,1.000000
JACKSON - 000552,33,1.000000
JACKSON - 000553,33,1.000000
JACKSON - 000554,35,0.754762
JACKSON - 000554,34,0.245238
JACKSON - 000555,31,0.483333
JACKSON - 000555,33,0.516667
JACKSON - 000556,33,1.000000
JACKSON - 000557,33,0.945238
JACKSON - 000557,31,0.054762
JACKSON - 000558,34,1.000000
JACKSON - 000559,33,1.000000
JACKSON - 000560,30,1.000000
JACKSON - 000561,30,1.000000
JACKSON - 000562,30,1.000000
JACKSON - 000563,30,1.000000
JACKSON - 000564,34,1.000000
JACKSON - 000565,30,1.000000
JACKSON - 000566,34,0.997619
JACKSON - 000566,33,0.002381
JACKSON - 000567,34,1.000000
JACKSON - 000568,30,1.000000
JACKSON - 000569,20,0.790476
JACKSON - 000569,29,0.200000
JACKSON - 000569,31,0.007143
JACKSON - 000569,30,0.002381
JACKSON - 000570,31,1.000000
JACKSON - 000571,33,0.809524
JACKSON - 000571,31,0.190476
JACKSON - 000572,31,1.000000
JACKSON - 000573,33,1.000000
JACKSON - 000574,33,1.000000
JACKSON - 000575,33,1.000000
JACKSON - 000576,33,1.000000
JACKSON - 000577,33,0.685714
JACKSON - 000577,32,0.314286
JACKSON - 000578,31,0.969048
JACKSON - 000578,20,0.030952
JACKSON - 000579,31,1.000000
JACKSON - 000580,31,1.000000
JACKSON - 000581,20,0.911905
JACKSON - 000581,33,0.057143
JACKSON - 000581,30,0.007143
JACKSON - 000581,31,0.023810
JACKSON - 000582,20,0.950000
JACKSON - 000582,29,0.040476
JACKSON - 000582,31,0.009524
JACKSON - 000583,31,1.000000
JACKSON - 000584,31,1.000000
JACKSON - 000585,31,1.000000
JACKSON - 000586,31,1.000000
JACKSON - 000587,33,1.000000
JACKSON - 000588,31,1.000000
JACKSON - 000589,31,0.947619
JACKSON - 000589,33,0.052381
JACKSON - 000590,31,1.000000
JACKSON - 000591,31,1.000000
JACKSON - 000592,31,1.000000
JACKSON - 000593,20,1.000000
JACKSON - 000594,31,1.000000
JACKSON - 000595,31,1.000000
JACKSON - 000596,33,1.000000
JACKSON - 000597,33,1.000000
JACKSON - 000598,33,0.926190
JACKSON - 000598,32,0.073810
JACKSON - 000599,33,1.000000
JACKSON - 000600,33,1.000000
JACKSON - 000601,31,0.802381
JACKSON - 000601,33,0.197619
JACKSON - 000602,33,1.000000
JACKSON - 000603,33,1.000000
JACKSON - 000604,33,1.000000
JACKSON - 000605,33,1.000000
JACKSON - 000606,20,1.000000
JACKSON - 000607,32,1.000000
JACKSON - 000608,32,1.000000
JACKSON - 000609,32,1.000000
JACKSON - 000610,32,1.000000
JACKSON - 000611,32,1.000000
JACKSON - 000612,32,0.961905
JACKSON - 000612,20,0.038095
JACKSON - 000613,31,0.947619
JACKSON - 000613,20,0.052381
JACKSON - 000614,32,1.000000
JACKSON - 000615,32,1.000000
JACKSON - 000616,32,1.000000
JACKSON - 000617,32,1.000000
JACKSON - 000618,32,1.000000
JACKSON - 000619,32,1.000000
JACKSON - 000620,31,1.000000
JACKSON - 000621,31,0.969048
JACKSON - 000621,32,0.030952
JACKSON - 000622,32,1.000000
JACKSON - 000623,33,0.947619
JACKSON - 000623,30,0.023810
JACKSON - 000623,31,0.028571
JACKSON - 000624,31,0.961905
JACKSON - 000624,33,0.038095
JACKSON - 000625,31,1.000000
JACKSON - 000626,32,0.850000
JACKSON - 000626,31,0.080952
JACKSON - 000626,33,0.069048
JACKSON - 000627,32,0.761905
JACKSON - 000627,33,0.238095
JACKSON - 000628,33,0.573810
JACKSON - 000628,32,0.426190
JACKSON - 000629,32,0.964286
JACKSON - 000629,33,0.035714
JACKSON - 000630,31,1.000000
JACKSON - 000631,32,1.000000
JACKSON - 000632,32,1.000000
JACKSON - 000633,32,1.000000
JACKSON - 000634,33,0.054762
JACKSON - 000634,32,0.945238
JACKSON - 000635,32,1.000000
JACKSON - 000636,31,1.000000
JACKSON - 000637,32,1.000000
JACKSON - 000638,33,0.607143
JACKSON - 000638,32,0.392857
JACKSON - 000639,32,0.826190
JACKSON - 000639,33,0.173810
JACKSON - 000640,33,1.000000
JACKSON - 000641,33,0.711905
JACKSON - 000641,32,0.288095
JACKSON - 000642,33,1.000000
JACKSON - 000643,33,1.000000
JACKSON - 000644,33,1.000000
JACKSON - 000645,33,1.000000
JACKSON - 000646,33,1.000000
JACKSON - 000647,33,1.000000
JACKSON - 000648,36,1.000000
JACKSON - 000649,36,1.000000
JACKSON - 000650,36,1.000000
JACKSON - 000651,36,1.000000
JACKSON - 000652,36,1.000000
JACKSON - 000653,36,1.000000
JACKSON - 000654,36,1.000000
JACKSON - 000655,36,1.000000
JACKSON - 000656,36,1.000000
JACKSON - 000657,36,1.000000
JACKSON - 000658,36,1.000000
JACKSON - 000659,36,1.000000
JACKSON - 000660,36,1.000000
JACKSON - 000661,36,1.000000
JACKSON - 000662,36,1.000000
JACKSON - 000663,36,1.000000
JACKSON - 000664,36,1.000000
JASPER - 000002,127,1.000000
JASPER - 000003,162,1.000000
JASPER - 000004,162,1.000000
JASPER - 000005,162,1.000000
JASPER - 000006,162,0.528571
JASPER - 000006,163,0.471429
JASPER - 000007,163,1.000000
JASPER - 000008,163,1.000000
JASPER - 000009,163,1.000000
JASPER - 000010,163,1.000000
JASPER - 000011,163,1.000000
JASPER - 000012,127,0.371429
JASPER - 000012,163,0.628571
JASPER - 000013,163,1.000000
JASPER - 000014,163,1.000000
JASPER - 000015,127,1.000000
JASPER - 000016,161,1.000000
JASPER - 000017,161,1.000000
JASPER - 000018,161,1.000000
JASPER - 000019,162,1.000000
JASPER - 000020,161,1.000000
JASPER - 000021,161,0.571429
JASPER - 000021,162,0.428571
JASPER - 000022,161,1.000000
JASPER - 000023,161,1.000000
JASPER - 000024,161,1.000000
JASPER - 000025,161,1.000000
JASPER - 000026,161,0.423810
JASPER - 000026,163,0.576190
JASPER - 000027,163,0.978571
JASPER - 000027,161,0.021429
JASPER - 000028,161,0.490476
JASPER - 000028,163,0.509524
JASPER - 000029,161,1.000000
JASPER - 000030,162,0.661905
JASPER - 000030,163,0.338095
JASPER - 000031,127,1.000000
JASPER - 000032,163,0.764286
JASPER - 000032,127,0.235714
JASPER - 000033,127,1.000000
JASPER - 000034,163,1.000000
JASPER - 000035,163,1.000000
JASPER - 000036,162,0.611905
JASPER - 000036,127,0.309524
JASPER - 000036,163,0.078571
JASPER - 000037,127,0.773810
JASPER - 000037,163,0.226190
JASPER - 000038,127,1.000000
JASPER - 000039,127,1.000000
JASPER - 000040,163,1.000000
JASPER - 000041,127,1.000000
JASPER - 000042,163,1.000000
JASPER - 000043,162,1.000000
JASPER - 000044,162,1.000000
JASPER - 000045,162,1.000000
JASPER - 000046,163,1.000000
JASPER - 000047,162,1.000000
JEFFERSON - 000002,114,0.983333
JEFFERSON - 000002,115,0.016667
JEFFERSON - 000003,114,1.000000
JEFFERSON - 000004,112,1.000000
JEFFERSON - 000005,112,1.000000
JEFFERSON - 000006,113,1.000000
JEFFERSON - 000007,113,1.000000
JEFFERSON - 000008,113,1.000000
JEFFERSON - 000009,113,0.980952
JEFFERSON - 000009,112,0.019048
JEFFERSON - 000010,115,1.000000
JEFFERSON - 000011,113,1.000000
JEFFERSON - 000012,113,1.000000
JEFFERSON - 000013,111,1.000000
JEFFERSON - 000014,111,1.000000
JEFFERSON - 000015,111,1.000000
JEFFERSON - 000016,111,1.000000
JEFFERSON - 000017,111,1.000000
JEFFERSON - 000018,111,1.000000
JEFFERSON - 000019,111,1.000000
JEFFERSON - 000020,114,1.000000
JEFFERSON - 000021,115,1.000000
JEFFERSON - 000022,114,1.000000
JEFFERSON - 000023,114,1.000000
JEFFERSON - 000024,113,1.000000
JEFFERSON - 000025,115,1.000000
JEFFERSON - 000026,111,1.000000
JEFFERSON - 000027,111,1.000000
JEFFERSON - 000028,115,1.000000
JEFFERSON - 000029,115,1.000000
JEFFERSON - 000030,114,1.000000
JEFFERSON - 000031,114,1.000000
JEFFERSON - 000032,97,1.000000
JEFFERSON - 000033,97,0.985714
JEFFERSON - 000033,111,0.014286
JEFFERSON - 000034,97,1.000000
JEFFERSON - 000035,97,1.000000
JEFFERSON - 000036,111,1.000000
JEFFERSON - 000037,115,0.790476
JEFFERSON - 000037,111,0.209524
JEFFERSON - 000038,111,1.000000
JEFFERSON - 000039,111,1.000000
JEFFERSON - 000040,114,1.000000
JEFFERSON - 000041,111,1.000000
JEFFERSON - 000042,111,1.000000
JEFFERSON - 000043,111,1.000000
JEFFERSON - 000044,112,1.000000
JEFFERSON - 000045,112,1.000000
JEFFERSON - 000046,112,1.000000
JEFFERSON - 000047,112,1.000000
JEFFERSON - 000048,115,0.942857
JEFFERSON - 000048,114,0.057143
JEFFERSON - 000049,114,0.204762
JEFFERSON - 000049,115,0.795238
JEFFERSON - 000050,113,1.000000
JEFFERSON - 000051,111,1.000000
JEFFERSON - 000052,114,1.000000
JEFFERSON - 000053,112,1.000000
JEFFERSON - 000054,112,0.938095
JEFFERSON - 000054,113,0.061905
JEFFERSON - 000055,111,1.000000
JEFFERSON - 000056,112,0.983333
JEFFERSON - 000056,113,0.009524
JEFFERSON - 000056,95,0.007143
JEFFERSON - 000057,111,1.000000
JEFFERSON - 000058,113,1.000000
JEFFERSON - 000059,97,0.973810
JEFFERSON - 000059,88,0.021429
JEFFERSON - 000059,96,0.004762
JEFFERSON - 000060,97,1.000000
JEFFERSON - 000061,97,1.000000
JEFFERSON - 000062,115,1.000000
JEFFERSON - 000063,115,1.000000
JEFFERSON - 000064,97,1.000000
JEFFERSON - 000065,114,1.000000
JEFFERSON - 000066,114,1.000000
JEFFERSON - 000067,114,1.000000
JEFFERSON - 000068,115,1.000000
JEFFERSON - 000069,114,1.000000
JEFFERSON - 000070,112,1.000000
JEFFERSON - 000071,111,0.154762
JEFFERSON - 000071,97,0.119048
JEFFERSON - 000071,112,0.726190
JEFFERSON - 000072,112,1.000000
JEFFERSON - 000073,111,1.000000
JEFFERSON - 000074,111,1.000000
JEFFERSON - 000075,97,0.885714
JEFFERSON - 000075,112,0.114286
JEFFERSON - 000076,115,1.000000
JEFFERSON - 000077,97,1.000000
JEFFERSON - 000078,111,1.000000
JEFFERSON - 000079,97,1.000000
JEFFERSON - 000080,115,1.000000
JEFFERSON - 000081,115,1.000000
JEFFERSON - 000082,115,1.000000
JEFFERSON - 000083,115,1.000000
JEFFERSON - 000084,115,1.000000
JEFFERSON - 000085,115,1.000000
JEFFERSON - 000086,115,1.000000
JEFFERSON - 000087,113,1.000000
JOHNSON - 000002,57,1.000000
JOHNSON - 000003,54,1.000000
JOHNSON - 000004,57,1.000000
JOHNSON - 000005,54,1.000000
JOHNSON - 000006,57,1.000000
JOHNSON - 000007,57,1.000000
JOHNSON - 000008,54,1.000000
JOHNSON - 000009,54,1.000000
JOHNSON - 000010,54,1.000000
JOHNSON - 000011,54,1.000000
JOHNSON - 000012,54,1.000000
JOHNSON - 000013,54,1.000000
JOHNSON - 000014,54,1.000000
JOHNSON - 000015,57,1.000000
JOHNSON - 000016,54,1.000000
JOHNSON - 000017,54,1.000000
JOHNSON - 000018,54,1.000000
JOHNSON - 000019,54,1.000000
JOHNSON - 000020,57,1.000000
JOHNSON - 000021,57,1.000000
KNOX - 000002,4,1.000000
KNOX - 000003,4,1.000000
KNOX - 000004,4,1.000000
KNOX - 000005,4,1.000000
KNOX - 000006,4,1.000000
KNOX - 000007,4,1.000000
LACLEDE - 000002,141,1.000000
LACLEDE - 000003,141,1.000000
LACLEDE - 000004,141,1.000000
LACLEDE - 000005,142,0.133333
LACLEDE - 000005,141,0.866667
LACLEDE - 000006,142,1.000000
LACLEDE - 000007,141,0.871429
LACLEDE - 000007,142,0.128571
LACLEDE - 000008,141,1.000000
LACLEDE - 000009,141,1.000000
LACLEDE - 000010,141,1.000000
LACLEDE - 000011,141,1.000000
LACLEDE - 000012,141,1.000000
LACLEDE - 000013,141,1.000000
LACLEDE - 000014,141,1.000000
LACLEDE - 000015,141,0.864286
LACLEDE - 000015,142,0.135714
LACLEDE - 000016,141,1.000000
LACLEDE - 000017,141,1.000000
LACLEDE - 000018,142,1.000000
LACLEDE - 000019,141,1.000000
LACLEDE - 000020,141,1.000000
LACLEDE - 000021,142,1.000000
LACLEDE - 000022,141,0.673810
LACLEDE - 000022,142,0.326190
LACLEDE - 000023,142,0.564286
LACLEDE - 000023,141,0.435714
LAFAYETTE - 000002,51,1.000000
LAFAYETTE - 000003,51,0.992857
LAFAYETTE - 000003,53,0.007143
LAFAYETTE - 000004,51,1.000000
LAFAYETTE - 000005,51,1.000000
LAFAYETTE - 000006,53,1.000000
LAFAYETTE - 000007,51,1.000000
LAFAYETTE - 000008,51,1.000000
LAFAYETTE - 000009,51,0.492857
LAFAYETTE - 000009,53,0.507143
LAFAYETTE - 000010,51,0.921429
LAFAYETTE - 000010,53,0.078571
LAFAYETTE - 000011,53,0.983333
LAFAYETTE - 000011,51,0.016667
LAFAYETTE - 000012,53,1.000000
LAFAYETTE - 000013,53,1.000000
LAFAYETTE - 000014,53,1.000000
LAFAYETTE - 000015,53,1.000000
LAFAYETTE - 000016,51,1.000000
LAFAYETTE - 000017,53,1.000000
LAFAYETTE - 000018,53,1.000000
LAFAYETTE - 000019,53,0.509524
LAFAYETTE - 000019,51,0.490476
LAFAYETTE - 000020,51,1.000000
LAFAYETTE - 000021,53,1.000000
LAWRENCE - 000002,157,1.000000
LAWRENCE - 000003,157,1.000000
LAWRENCE - 000004,157,1.000000
LAWRENCE - 000005,157,1.000000
LAWRENCE - 000006,157,1.000000
LAWRENCE - 000007,157,1.000000
LAWRENCE - 000008,157,1.000000
LAWRENCE - 000009,157,1.000000
LAWRENCE - 000010,157,1.000000
LAWRENCE - 000011,157,1.000000
LAWRENCE - 000012,157,1.000000
LAWRENCE - 000013,157,1.000000
LAWRENCE - 000014,157,1.000000
LAWRENCE - 000015,157,1.000000
LAWRENCE - 000016,157,1.000000
LAWRENCE - 000017,157,1.000000
LAWRENCE - 000018,157,1.000000
LAWRENCE - 000019,157,1.000000
LAWRENCE - 000020,157,1.000000
LEWIS - 000002,4,1.000000
LEWIS - 000003,4,1.000000
LEWIS - 000004,4,1.000000
LEWIS - 000005,4,1.000000
LEWIS - 000006,4,1.000000
LEWIS - 000007,4,1.000000
LEWIS - 000008,4,1.000000
LEWIS - 000009,4,1.000000
LEWIS - 000010,4,1.000000
LEWIS - 000011,4,1.000000
LINCOLN - 000002,41,0.911905
LINCOLN - 000002,40,0.088095
LINCOLN - 000003,41,0.709524
LINCOLN - 000003,40,0.290476
LINCOLN - 000004,41,0.754762
LINCOLN - 000004,40,0.245238
LINCOLN - 000005,40,1.000000
LINCOLN - 000006,40,1.000000
LINCOLN - 000007,41,0.669048
LINCOLN - 000007,40,0.330952
LINCOLN - 000008,40,1.000000
LINCOLN - 000009,40,1.000000
LINCOLN - 000010,40,1.000000
LINCOLN - 000011,40,0.928571
LINCOLN - 000011,41,0.071429
LINCOLN - 000012,41,1.000000
LINCOLN - 000013,41,1.000000
LINCOLN - 000014,40,1.000000
LINCOLN - 000015,40,1.000000
LINCOLN - 000016,40,1.000000
LINCOLN - 000017,40,1.000000
LINCOLN - 000018,41,1.000000
LINCOLN - 000019,41,1.000000
LINCOLN - 000020,41,1.000000
LINCOLN - 000021,41,1.000000
LINCOLN - 000022,40,1.000000
LINCOLN - 000023,40,1.000000
LINCOLN - 000024,40,1.000000
LINCOLN - 000025,41,1.000000
LINN - 000002,7,1.000000
LINN - 000003,7,1.000000
LINN - 000004,7,1.000000
LINN - 000005,7,1.000000
LINN - 000006,7,1.000000
LINN - 000007,7,1.000000
LINN - 000008,7,1.000000
LINN - 000009,7,1.000000
LINN - 000010,7,1.000000
LINN - 000011,7,1.000000
LINN - 000012,7,1.000000
LINN - 000013,7,1.000000
LINN - 000014,7,1.000000
LINN - 000015,7,1.000000
LINN - 000016,7,1.000000
LINN - 000017,7,1.000000
LINN - 000018,7,1.000000
LINN - 000019,7,1.000000
LINN - 000020,7,1.000000
LINN - 000021,7,1.000000
LINN - 000022,7,1.000000
LINN - 000023,7,1.000000
LINN - 000024,7,1.000000
LIVINGSTON - 000002,7,1.000000
LIVINGSTON - 000003,7,1.000000
LIVINGSTON - 000004,7,1.000000
LIVINGSTON - 000005,7,1.000000
LIVINGSTON - 000006,7,1.000000
LIVINGSTON - 000007,7,1.000000
LIVINGSTON - 000008,7,1.000000
LIVINGSTON - 000009,7,1.000000
LIVINGSTON - 000010,7,1.000000
LIVINGSTON - 000011,7,1.000000
LIVINGSTON - 000012,7,1.000000
LIVINGSTON - 000013,7,1.000000
LIVINGSTON - 000014,7,1.000000
LIVINGSTON - 000015,7,1.000000
MACON - 000002,6,1.000000
MACON - 000003,6,1.000000
MACON - 000004,6,1.000000
MACON - 000005,6,1.000000
MACON - 000006,6,1.000000
MACON - 000007,6,1.000000
MACON - 000008,6,1.000000
MACON - 000009,6,1.000000
MACON - 000010,6,1.000000
MACON - 000011,6,1.000000
MACON - 000012,6,1.000000
MACON - 000013,6,1.000000
MADISON - 000002,116,1.000000
MADISON - 000003,144,0.947619
MADISON - 000003,116,0.052381
MADISON - 000004,116,1.000000
MADISON - 000005,116,1.000000
MADISON - 000006,116,1.000000
MADISON - 000007,144,1.000000
MADISON - 000008,116,1.000000
MARIES - 000002,143,1.000000
MARIES - 000003,143,1.000000
MARIES - 000004,143,1.000000
MARIES - 000005,143,1.000000
MARIES - 000006,143,1.000000
MARIES - 000007,143,1.000000
MARIES - 000008,143,1.000000
MARIES - 000009,143,1.000000
MARIES - 000010,143,1.000000
MARION - 000002,5,1.000000
MARION - 000003,5,1.000000
MARION - 000004,5,1.000000
MARION - 000005,5,1.000000
MARION - 000006,5,1.000000
MARION - 000007,5,1.000000
MARION - 000008,5,1.000000
MARION - 000009,5,1.000000
MARION - 000010,5,1.000000
MARION - 000011,5,1.000000
MARION - 000012,5,1.000000
MARION - 000013,5,1.000000
MARION - 000014,5,1.000000
MARION - 000015,5,1.000000
MARION - 000016,5,1.000000
MARION - 000017,5,1.000000
MARION - 000018,5,1.000000
MARION - 000019,5,1.000000
MARION - 000020,5,1.000000
MARION - 000021,5,1.000000
MARION - 000022,5,1.000000
MARION - 000023,5,1.000000
MCDONALD - 000002,159,1.000000
MCDONALD - 000003,159,1.000000
MCDONALD - 000004,159,1.000000
MCDONALD - 000005,159,1.000000
MCDONALD - 000006,158,1.000000
MCDONALD - 000007,159,1.000000
MCDONALD - 000008,159,1.000000
MCDONALD - 000009,159,1.000000
MCDONALD - 000010,159,1.000000
MCDONALD - 000011,159,1.000000
MCDONALD - 000012,159,1.000000
MCDONALD - 000013,159,1.000000
MCDONALD - 000014,158,1.000000
MCDONALD - 000015,159,1.000000
MCDONALD - 000016,159,0.911905
MCDONALD - 000016,158,0.088095
MCDONALD - 000017,159,0.676190
MCDONALD - 000017,158,0.323810
MCDONALD - 000018,159,1.000000
MCDONALD - 000019,159,1.000000
MCDONALD - 000020,158,1.000000
MERCER - 000002,3,1.000000
MERCER - 000003,3,1.000000
MERCER - 000004,3,1.000000
MERCER - 000005,3,1.000000
MERCER - 000006,3,1.000000
MERCER - 000007,3,1.000000
MERCER - 000008,3,1.000000
MERCER - 000009,3,1.000000
MERCER - 000010,3,1.000000
MILLER - 000002,124,1.000000
MILLER - 000003,124,1.000000
MILLER - 000004,124,1.000000
MILLER - 000005,124,1.000000
MILLER - 000006,124,1.000000
MILLER - 000007,124,1.000000
MILLER - 000008,124,1.000000
MILLER - 000009,124,1.000000
MILLER - 000010,124,1.000000
MILLER - 000011,124,1.000000
MILLER - 000012,124,1.000000
MILLER - 000013,124,1.000000
MILLER - 000014,124,1.000000
MILLER - 000015,61,0.671429
MILLER - 000015,124,0.328571
MILLER - 000016,124,1.000000
MILLER - 000017,61,0.304762
MILLER - 000017,124,0.695238
MILLER - 000018,124,1.000000
MILLER - 000019,124,1.000000
MILLER - 000020,61,0.945238
MILLER - 000020,124,0.054762
MILLER - 000021,124,1.000000
MILLER - 000022,124,1.000000
MISSISSIPPI - 000002,149,1.000000
MISSISSIPPI - 000003,149,1.000000
MISSISSIPPI - 000004,149,1.000000
MISSISSIPPI - 000005,149,1.000000
MISSISSIPPI - 000006,149,1.000000
MISSISSIPPI - 000007,149,1.000000
MISSISSIPPI - 000008,149,1.000000
MISSISSIPPI - 000009,149,1.000000
MISSISSIPPI - 000010,149,1.000000
MISSISSIPPI - 000011,149,1.000000
MISSISSIPPI - 000012,149,1.000000
MISSISSIPPI - 000013,149,1.000000
MISSISSIPPI - 000014,149,1.000000
MISSISSIPPI - 000015,149,1.000000
MISSISSIPPI - 000016,149,1.000000
MISSISSIPPI - 000017,149,1.000000
MISSISSIPPI - 000018,149,1.000000
MISSISSIPPI - 000019,149,1.000000
MISSISSIPPI - 000020,149,1.000000
MISSISSIPPI - 000021,149,1.000000
MISSISSIPPI - 000022,149,1.000000
MISSISSIPPI - 000023,149,1.000000
MONITEAU - 000002,58,1.000000
MONITEAU - 000003,58,1.000000
MONITEAU - 000004,58,1.000000
MONITEAU - 000005,58,1.000000
MONITEAU - 000006,58,1.000000
MONITEAU - 000007,58,1.000000
MONITEAU - 000008,58,1.000000
MONITEAU - 000009,58,1.000000
MONITEAU - 000010,58,1.000000
MONITEAU - 000011,58,1.000000
MONITEAU - 000012,58,1.000000
MONITEAU - 000013,58,1.000000
MONROE - 000002,43,0.852381
MONROE - 000002,4,0.147619
MONROE - 000003,43,0.595238
MONROE - 000003,4,0.404762
MONROE - 000004,43,1.000000
MONROE - 000005,43,1.000000
MONROE - 000006,4,0.409524
MONROE - 000006,43,0.590476
MONROE - 000007,43,1.000000
MONROE - 000008,43,1.000000
MONROE - 000009,43,1.000000
MONTGOMERY - 000002,61,1.000000
MONTGOMERY - 000003,61,1.000000
MONTGOMERY - 000004,42,1.000000
MONTGOMERY - 000005,61,1.000000
MONTGOMERY - 000006,42,1.000000
MONTGOMERY - 000007,42,1.000000
MONTGOMERY - 000008,42,1.000000
MONTGOMERY - 000009,61,1.000000
MONTGOMERY - 000010,61,1.000000
MONTGOMERY - 000011,61,1.000000
MORGAN - 000002,58,1.000000
MORGAN - 000003,58,1.000000
MORGAN - 000004,58,1.000000
MORGAN - 000005,58,1.000000
MORGAN - 000006,58,1.000000
MORGAN - 000007,58,1.000000
MORGAN - 000008,58,1.000000
MORGAN - 000009,58,1.000000
MORGAN - 000010,58,1.000000
MORGAN - 000011,58,1.000000
MORGAN - 000012,58,1.000000
MORGAN - 000013,58,1.000000
MORGAN - 000014,58,1.000000
MORGAN - 000015,58,1.000000
MORGAN - 000016,58,1.000000
MORGAN - 000017,58,1.000000
NEW MADRID - 000002,149,1.000000
NEW MADRID - 000003,149,1.000000
NEW MADRID - 000004,149,1.000000
NEW MADRID - 000005,149,1.000000
NEW MADRID - 000006,149,1.000000
NEW MADRID - 000007,149,1.000000
NEW MADRID - 000008,149,1.000000
NEW MADRID - 000009,149,1.000000
NEW MADRID - 000010,149,1.000000
NEW MADRID - 000011,149,1.000000
NEW MADRID - 000012,149,1.000000
NEW MADRID - 000013,149,1.000000
NEW MADRID - 000014,149,1.000000
NEW MADRID - 000015,149,1.000000
NEW MADRID - 000016,149,1.000000
NEW MADRID - 000017,149,1.000000
NEW MADRID - 000018,149,1.000000
NEW MADRID - 000019,149,1.000000
NEW MADRID - 000020,149,1.000000
NEW MADRID - 000021,149,1.000000
NEW MADRID - 000022,149,1.000000
NEW MADRID - 000023,149,1.000000
NEW MADRID - 000024,149,1.000000
NEW MADRID - 000025,149,1.000000
NEW MADRID - 000026,149,1.000000
NEW MADRID - 000027,149,1.000000
NEW MADRID - 000028,149,1.000000
NEW MADRID - 000029,149,1.000000
NEW MADRID - 000030,149,1.000000
NEW MADRID - 000031,149,1.000000
NEWTON - 000002,160,1.000000
NEWTON - 000003,160,1.000000
NEWTON - 000004,159,1.000000
NEWTON - 000005,159,0.895238
NEWTON - 000005,160,0.104762
NEWTON - 000006,159,1.000000
NEWTON - 000007,159,1.000000
NEWTON - 000008,159,1.000000
NEWTON - 000009,160,0.559524
NEWTON - 000009,159,0.440476
NEWTON - 000010,159,1.000000
NEWTON - 000011,160,1.000000
NEWTON - 000012,159,1.000000
NEWTON - 000013,159,1.000000
NEWTON - 000014,160,1.000000
NEWTON - 000015,159,1.000000
NEWTON - 000016,160,1.000000
NEWTON - 000017,159,1.000000
NEWTON - 000018,160,1.000000
NODAWAY - 000002,1,1.000000
NODAWAY - 000003,1,1.000000
NODAWAY - 000004,1,1.000000
NODAWAY - 000005,1,1.000000
NODAWAY - 000006,1,1.000000
NODAWAY - 000007,1,1.000000
NODAWAY - 000008,1,1.000000
NODAWAY - 000009,1,1.000000
NODAWAY - 000010,1,1.000000
NODAWAY - 000011,1,1.000000
NODAWAY - 000012,1,1.000000
NODAWAY - 000013,1,1.000000
NODAWAY - 000014,1,1.000000
NODAWAY - 000015,1,1.000000
NODAWAY - 000016,1,1.000000
NODAWAY - 000017,1,1.000000
NODAWAY - 000018,1,1.000000
NODAWAY - 000019,1,1.000000
NODAWAY - 000020,1,1.000000
OREGON - 000002,153,1.000000
OREGON - 000003,153,1.000000
OREGON - 000004,153,1.000000
OREGON - 000005,153,1.000000
OREGON - 000006,153,1.000000
OREGON - 000007,153,1.000000
OREGON - 000008,153,1.000000
OREGON - 000009,153,1.000000
OREGON - 000010,153,1.000000
OREGON - 000011,153,1.000000
OREGON - 000012,153,1.000000
OREGON - 000013,153,1.000000
OREGON - 000014,153,1.000000
OREGON - 000015,153,1.000000
OREGON - 000016,153,1.000000
OSAGE - 000002,61,1.000000
OSAGE - 000003,61,1.000000
OSAGE - 000004,61,1.000000
OSAGE - 000005,61,1.000000
OSAGE - 000006,61,1.000000
OSAGE - 000007,61,1.000000
OSAGE - 000008,61,1.000000
OSAGE - 000009,61,1.000000
OSAGE - 000010,61,1.000000
OSAGE - 000011,61,1.000000
OSAGE - 000012,61,1.000000
OSAGE - 000013,61,1.000000
OSAGE - 000014,61,1.000000
OSAGE - 000015,61,1.000000
OSAGE - 000016,61,1.000000
OSAGE - 000017,61,1.000000
OSAGE - 000018,61,1.000000
OSAGE - 000019,61,1.000000
OSAGE - 000020,61,1.000000
OZARK - 000002,155,1.000000
OZARK - 000003,155,1.000000
OZARK - 000004,155,1.000000
OZARK - 000005,155,1.000000
OZARK - 000006,155,1.000000
OZARK - 000007,155,1.000000
OZARK - 000008,155,1.000000
OZARK - 000009,155,1.000000
OZARK - 000010,155,1.000000
OZARK - 000011,155,1.000000
PEMISCOT - 000002,150,1.000000
PEMISCOT - 000003,150,1.000000
PEMISCOT - 000004,149,1.000000
PEMISCOT - 000005,149,1.000000
PEMISCOT - 000006,149,1.000000
PEMISCOT - 000007,150,1.000000
PEMISCOT - 000008,150,1.000000
PEMISCOT - 000009,150,1.000000
PEMISCOT - 000010,149,1.000000
PEMISCOT - 000011,149,1.000000
PEMISCOT - 000012,150,0.266667
PEMISCOT - 000012,149,0.733333
PEMISCOT - 000013,149,1.000000
PEMISCOT - 000014,150,1.000000
PEMISCOT - 000015,150,1.000000
PEMISCOT - 000016,150,1.000000
PEMISCOT - 000017,149,0.945238
PEMISCOT - 000017,150,0.054762
PEMISCOT - 000018,150,1.000000
PEMISCOT - 000019,150,1.000000
PEMISCOT - 000020,150,1.000000
PEMISCOT - 000021,150,1.000000
PERRY - 000002,145,1.000000
PERRY - 000003,145,1.000000
PERRY - 000004,145,1.000000
PERRY - 000005,145,1.000000
PERRY - 000006,145,1.000000
PERRY - 000007,145,1.000000
PERRY - 000008,145,1.000000
PERRY - 000009,145,1.000000
PERRY - 000010,145,1.000000
PERRY - 000011,145,1.000000
PERRY - 000012,145,1.000000
PERRY - 000013,145,1.000000
PERRY - 000014,145,1.000000
PERRY - 000015,145,1.000000
PERRY - 000016,145,1.000000
PERRY - 000017,145,1.000000
PETTIS - 000002,52,1.000000
PETTIS - 000003,52,1.000000
PETTIS - 000004,52,1.000000
PETTIS - 000005,52,1.000000
PETTIS - 000006,52,1.000000
PETTIS - 000007,57,1.000000
PETTIS - 000008,52,1.000000
PETTIS - 000009,52,1.000000
PETTIS - 000010,52,1.000000
PETTIS - 000011,52,1.000000
PETTIS - 000012,52,1.000000
PETTIS - 000013,52,1.000000
PETTIS - 000014,52,1.000000
PETTIS - 000015,52,1.000000
PETTIS - 000016,52,1.000000
PETTIS - 000017,52,1.000000
PETTIS - 000018,52,1.000000
PETTIS - 000019,52,1.000000
PETTIS - 000020,52,1.000000
PETTIS - 000021,52,1.000000
PETTIS - 000022,52,1.000000
PETTIS - 000023,52,1.000000
PETTIS - 000024,52,1.000000
PETTIS - 000025,52,1.000000
PETTIS - 000026,57,0.616667
PETTIS - 000026,52,0.383333
PETTIS - 000027,57,1.000000
PHELPS - 000002,143,1.000000
PHELPS - 000003,143,1.000000
PHELPS - 000004,143,1.000000
PHELPS - 000005,143,1.000000
PHELPS - 000006,143,1.000000
PHELPS - 000007,143,1.000000
PHELPS - 000008,143,1.000000
PHELPS - 000009,143,1.000000
PHELPS - 000010,143,1.000000
PHELPS - 000011,122,1.000000
PHELPS - 000012,122,1.000000
PHELPS - 000013,122,0.509524
PHELPS - 000013,143,0.490476
PHELPS - 000014,143,1.000000
PHELPS - 000015,143,1.000000
PHELPS - 000016,143,1.000000
PHELPS - 000017,122,1.000000
PHELPS - 000018,122,1.000000
PHELPS - 000019,122,1.000000
PHELPS - 000020,122,1.000000
PHELPS - 000021,122,1.000000
PHELPS - 000022,122,1.000000
PHELPS - 000023,122,1.000000
PHELPS - 000024,122,1.000000
PHELPS - 000025,122,1.000000
PHELPS - 000026,143,1.000000
PHELPS - 000027,143,1.000000
PHELPS - 000028,122,1.000000
PHELPS - 000029,122,1.000000
PHELPS - 000030,122,1.000000
PHELPS - 000031,122,1.000000
PHELPS - 000032,122,1.000000
PHELPS - 000033,122,1.000000
PHELPS - 000034,122,1.000000
PHELPS - 000035,122,1.000000
PHELPS - 000036,122,1.000000
PHELPS - 000037,122,1.000000
PIKE - 000002,40,1.000000
PIKE - 000003,40,1.000000
PIKE - 000004,40,1.000000
PIKE - 000005,40,1.000000
PIKE - 000006,40,1.000000
PIKE - 000007,40,1.000000
PIKE - 000008,40,1.000000
PIKE - 000009,40,1.000000
PIKE - 000010,40,1.000000
PIKE - 000011,40,1.000000
PIKE - 000012,40,1.000000
PIKE - 000013,40,1.000000
PIKE - 000014,40,1.000000
PIKE - 000015,40,1.000000
PLATTE - 000002,14,1.000000
PLATTE - 000003,14,1.000000
PLATTE - 000004,14,1.000000
PLATTE - 000005,13,1.000000
PLATTE - 000006,13,1.000000
PLATTE - 000007,13,1.000000
PLATTE - 000008,13,1.000000
PLATTE - 000009,13,1.000000
PLATTE - 000010,14,1.000000
PLATTE - 000011,13,1.000000
PLATTE - 000012,14,0.592857
PLATTE - 000012,12,0.407143
PLATTE - 000013,13,0.845238
PLATTE - 000013,14,0.064286
PLATTE - 000013,12,0.090476
PLATTE - 000014,13,1.000000
PLATTE - 000015,12,1.000000
PLATTE - 000016,13,1.000000
PLATTE - 000017,14,1.000000
PLATTE - 000018,13,1.000000
PLATTE - 000019,12,1.000000
PLATTE - 000020,13,0.338095
PLATTE - 000020,14,0.661905
PLATTE - 000021,13,1.000000
PLATTE - 000022,13,1.000000
PLATTE - 000023,12,0.978571
PLATTE - 000023,14,0.021429
PLATTE - 000024,12,1.000000
PLATTE - 000025,12,1.000000
PLATTE - 000026,14,1.000000
PLATTE - 000027,14,1.000000
PLATTE - 000028,12,1.000000
PLATTE - 000029,13,1.000000
PLATTE - 000030,13,1.000000
PLATTE - 000031,14,0.923810
PLATTE - 000031,12,0.076190
PLATTE - 000032,12,1.000000
PLATTE - 000033,13,0.795238
PLATTE - 000033,14,0.204762
PLATTE - 000034,13,1.000000
PLATTE - 000035,12,1.000000
PLATTE - 000036,13,1.000000
PLATTE - 000037,13,1.000000
PLATTE - 000038,13,1.000000
PLATTE - 000039,12,0.847619
PLATTE - 000039,14,0.152381
PLATTE - 000040,13,1.000000
PLATTE - 000041,13,1.000000
PLATTE - 000042,14,1.000000
PLATTE - 000043,13,1.000000
PLATTE - 000044,13,1.000000
POLK - 000002,128,1.000000
POLK - 000003,128,1.000000
POLK - 000004,128,1.000000
POLK - 000005,128,1.000000
POLK - 000006,128,1.000000
POLK - 000007,128,1.000000
POLK - 000008,128,1.000000
POLK - 000009,128,1.000000
POLK - 000010,128,1.000000
POLK - 000011,128,1.000000
POLK - 000012,128,1.000000
POLK - 000013,128,1.000000
POLK - 000014,128,1.000000
POLK - 000015,128,1.000000
POLK - 000016,128,1.000000
POLK - 000017,128,1.000000
POLK - 000018,128,1.000000
POLK - 000019,128,1.000000
POLK - 000020,128,1.000000
POLK - 000021,128,1.000000
POLK - 000022,128,1.000000
POLK - 000023,128,1.000000
PULASKI - 000002,121,1.000000
PULASKI - 000003,124,1.000000
PULASKI - 000004,124,0.816667
PULASKI - 000004,121,0.183333
PULASKI - 000005,121,1.000000
PULASKI - 000006,124,0.659524
PULASKI - 000006,121,0.340476
PULASKI - 000007,124,1.000000
PULASKI - 000008,121,0.971429
PULASKI - 000008,124,0.028571
PULASKI - 000009,124,1.000000
PULASKI - 000010,124,0.492857
PULASKI - 000010,121,0.507143
PUTNAM - 000002,3,1.000000
PUTNAM - 000003,3,1.000000
PUTNAM - 000004,3,1.000000
PUTNAM - 000005,3,1.000000
PUTNAM - 000006,3,1.000000
PUTNAM - 000007,3,1.000000
PUTNAM - 000008,3,1.000000
PUTNAM - 000009,3,1.000000
PUTNAM - 000010,3,1.000000
PUTNAM - 000011,3,1.000000
PUTNAM - 000012,3,1.000000
RALLS - 000002,5,1.000000
RALLS - 000003,5,1.000000
RALLS - 000004,5,1.000000
RALLS - 000005,5,1.000000
RALLS - 000006,5,1.000000
RALLS - 000007,5,1.000000
RALLS - 000008,5,1.000000
RALLS - 000009,5,1.000000
RALLS - 000010,5,1.000000
RANDOLPH - 000002,6,1.000000
RANDOLPH - 000003,6,1.000000
RANDOLPH - 000004,48,1.000000
RANDOLPH - 000005,6,1.000000
RANDOLPH - 000006,48,1.000000
RANDOLPH - 000007,6,1.000000
RANDOLPH - 000008,6,1.000000
RANDOLPH - 000009,6,1.000000
RANDOLPH - 000010,48,1.000000
RANDOLPH - 000011,6,1.000000
RANDOLPH - 000012,6,0.864286
RANDOLPH - 000012,48,0.135714
RANDOLPH - 000013,48,1.000000
RANDOLPH - 000014,6,1.000000
RANDOLPH - 000015,48,1.000000
RANDOLPH - 000016,6,1.000000
RANDOLPH - 000017,48,1.000000
RAY - 000002,53,1.000000
RAY - 000003,7,1.000000
RAY - 000004,53,1.000000
RAY - 000005,53,1.000000
RAY - 000006,7,0.757143
RAY - 000006,53,0.242857
RAY - 000007,53,1.000000
RAY - 000008,53,1.000000
RAY - 000009,7,1.000000
RAY - 000010,53,0.809524
RAY - 000010,7,0.190476
RAY - 000011,7,1.000000
RAY - 000012,53,1.000000
RAY - 000013,53,1.000000
RAY - 000014,7,1.000000
RAY - 000015,53,1.000000
RAY - 000016,53,0.990476
RAY - 000016,7,0.009524
RAY - 000017,53,0.830952
RAY - 000017,7,0.169048
RAY - 000018,53,1.000000
RAY - 000019,53,1.000000
REYNOLDS - 000002,144,1.000000
REYNOLDS - 000003,144,1.000000
REYNOLDS - 000004,144,1.000000
REYNOLDS - 000005,144,1.000000
REYNOLDS - 000006,144,1.000000
REYNOLDS - 000007,144,1.000000
REYNOLDS - 000008,144,1.000000
REYNOLDS - 000009,144,1.000000
REYNOLDS - 000010,144,1.000000
REYNOLDS - 000011,144,1.000000
REYNOLDS - 000012,144,1.000000
REYNOLDS - 000013,144,1.000000
REYNOLDS - 000014,144,1.000000
RIPLEY - 000002,153,1.000000
RIPLEY - 000003,153,1.000000
RIPLEY - 000004,153,1.000000
RIPLEY - 000005,153,1.000000
RIPLEY - 000006,153,1.000000
RIPLEY - 000007,153,1.000000
RIPLEY - 000008,153,1.000000
RIPLEY - 000009,153,1.000000
RIPLEY - 000010,153,1.000000
RIPLEY - 000011,153,1.000000
RIPLEY - 000012,153,1.000000
RIPLEY - 000013,153,1.000000
RIPLEY - 000014,153,1.000000
SALINE - 000002,51,1.000000
SALINE - 000003,51,1.000000
SALINE - 000004,51,1.000000
SALINE - 000005,51,1.000000
SALINE - 000006,51,1.000000
SALINE - 000007,51,1.000000
SALINE - 000008,51,1.000000
SALINE - 000009,51,1.000000
SALINE - 000010,51,1.000000
SALINE - 000011,51,1.000000
SALINE - 000012,51,1.000000
SCHUYLER - 000002,4,1.000000
SCHUYLER - 000003,4,1.000000
SCHUYLER - 000004,4,1.000000
SCHUYLER - 000005,4,1.000000
SCHUYLER - 000006,4,1.000000
SCHUYLER - 000007,4,1.000000
SCHUYLER - 000008,4,1.000000
SCHUYLER - 000009,4,1.000000
SCHUYLER - 000010,4,1.000000
SCOTLAND - 000002,4,1.000000
SCOTLAND - 000003,4,1.000000
SCOTLAND - 000004,4,1.000000
SCOTLAND - 000005,4,1.000000
SCOTLAND - 000006,4,1.000000
SCOTLAND - 000007,4,1.000000
SCOTLAND - 000008,4,1.000000
SCOTT - 000002,148,1.000000
SCOTT - 000003,148,1.000000
SCOTT - 000004,148,1.000000
SCOTT - 000005,148,1.000000
SCOTT - 000006,148,1.000000
SCOTT - 000007,148,1.000000
SCOTT - 000008,148,1.000000
SCOTT - 000009,148,1.000000
SCOTT - 000010,148,1.000000
SCOTT - 000011,148,1.000000
SCOTT - 000012,148,1.000000
SCOTT - 000013,148,1.000000
SCOTT - 000014,148,1.000000
SCOTT - 000015,148,1.000000
SCOTT - 000016,148,1.000000
SCOTT - 000017,148,1.000000
SCOTT - 000018,148,1.000000
SCOTT - 000019,148,1.000000
SCOTT - 000020,148,1.000000
SCOTT - 000021,148,0.997619
SCOTT - 000021,146,0.002381
SCOTT - 000022,148,1.000000
SCOTT - 000023,148,1.000000
SHANNON - 000002,153,1.000000
SHANNON - 000003,144,1.000000
SHANNON - 000004,144,0.514286
SHANNON - 000004,153,0.485714
SHANNON - 000005,153,1.000000
SHANNON - 000006,153,1.000000
SHANNON - 000007,144,1.000000
SHANNON - 000008,144,1.000000
SHANNON - 000009,153,1.000000
SHANNON - 000010,144,1.000000
SHANNON - 000011,144,1.000000
SHELBY - 000002,4,1.000000
SHELBY - 000003,4,1.000000
SHELBY - 000004,4,1.000000
SHELBY - 000005,4,1.000000
SHELBY - 000006,4,1.000000
SHELBY - 000007,4,1.000000
SHELBY - 000008,4,1.000000
SHELBY - 000009,4,1.000000
ST. CHARLES - 000001,65,0.776190
ST. CHARLES - 000001,106,0.223810
ST. CHARLES - 000004,65,1.000000
ST. CHARLES - 000005,65,1.000000
ST. CHARLES - 000014,105,0.976190
ST. CHARLES - 000014,106,0.023810
ST. CHARLES - 000015,105,0.961905
ST. CHARLES - 000015,104,0.033333
ST. CHARLES - 000015,69,0.004762
ST. CHARLES - 000016,105,1.000000
ST. CHARLES - 000021,106,1.000000
ST. CHARLES - 000022,105,1.000000
ST. CHARLES - 000024,105,0.811905
ST. CHARLES - 000024,104,0.188095
ST. CHARLES - 000025,104,0.978571
ST. CHARLES - 000025,105,0.021429
ST. CHARLES - 000028,105,1.000000
ST. CHARLES - 000031,105,0.802381
ST. CHARLES - 000031,106,0.197619
ST. CHARLES - 000033,106,1.000000
ST. CHARLES - 000034,106,1.000000
ST. CHARLES - 000036,106,0.866667
ST. CHARLES - 000036,105,0.133333
ST. CHARLES - 000041,106,0.983333
ST. CHARLES - 000041,65,0.016667
ST. CHARLES - 000043,65,0.959524
ST. CHARLES - 000043,106,0.040476
ST. CHARLES - 000045,65,0.771429
ST. CHARLES - 000045,106,0.228571
ST. CHARLES - 000047,105,0.980952
ST. CHARLES - 000047,106,0.019048
ST. CHARLES - 000051,106,1.000000
ST. CHARLES - 000054,106,1.000000
ST. CHARLES - 000056,106,1.000000
ST. CHARLES - 000057,106,1.000000
ST. CHARLES - 000062,106,1.000000
ST. CHARLES - 000063,106,0.640476
ST. CHARLES - 000063,65,0.345238
ST. CHARLES - 000063,105,0.014286
ST. CHARLES - 000071,105,1.000000
ST. CHARLES - 000080,69,0.976190
ST. CHARLES - 000080,105,0.019048
ST. CHARLES - 000080,104,0.004762
ST. CHARLES - 000083,69,1.000000
ST. CHARLES - 000084,69,1.000000
ST. CHARLES - 000085,69,1.000000
ST. CHARLES - 000086,69,1.000000
ST. CHARLES - 000091,69,0.995238
ST. CHARLES - 000091,104,0.004762
ST. CHARLES - 000100,104,0.983333
ST. CHARLES - 000100,102,0.016667
ST. CHARLES - 000101,104,0.888095
ST. CHARLES - 000101,102,0.111905
ST. CHARLES - 000102,104,1.000000
ST. CHARLES - 000103,104,0.947619
ST. CHARLES - 000103,106,0.045238
ST. CHARLES - 000103,105,0.007143
ST. CHARLES - 000104,104,1.000000
ST. CHARLES - 000106,104,1.000000
ST. CHARLES - 000107,104,0.857143
ST. CHARLES - 000107,65,0.142857
ST. CHARLES - 000111,102,1.000000
ST. CHARLES - 000113,104,1.000000
ST. CHARLES - 000121,65,1.000000
ST. CHARLES - 000122,65,0.578571
ST. CHARLES - 000122,64,0.416667
ST. CHARLES - 000122,104,0.004762
ST. CHARLES - 000124,65,1.000000
ST. CHARLES - 000126,102,0.526190
ST. CHARLES - 000126,65,0.321429
ST. CHARLES - 000126,104,0.152381
ST. CHARLES - 000128,104,0.992857
ST. CHARLES - 000128,102,0.007143
ST. CHARLES - 000129,102,1.000000
ST. CHARLES - 000130,102,0.847619
ST. CHARLES - 000130,104,0.152381
ST. CHARLES - 000131,104,1.000000
ST. CHARLES - 000132,104,1.000000
ST. CHARLES - 000139,103,1.000000
ST. CHARLES - 000140,103,1.000000
ST. CHARLES - 000143,103,0.900000
ST. CHARLES - 000143,65,0.100000
ST. CHARLES - 000144,65,0.959524
ST. CHARLES - 000144,103,0.040476
ST. CHARLES - 000145,65,0.938095
ST. CHARLES - 000145,103,0.061905
ST. CHARLES - 000146,65,1.000000
ST. CHARLES - 000147,65,0.316667
ST. CHARLES - 000147,102,0.683333
ST. CHARLES - 000148,65,1.000000
ST. CHARLES - 000149,65,1.000000
ST. CHARLES - 000150,102,1.000000
ST. CHARLES - 000151,103,1.000000
ST. CHARLES - 000152,102,1.000000
ST. CHARLES - 000153,103,1.000000
ST. CHARLES - 000154,65,0.764286
ST. CHARLES - 000154,107,0.233333
ST. CHARLES - 000154,102,0.002381
ST. CHARLES - 000155,65,1.000000
ST. CHARLES - 000156,65,1.000000
ST. CHARLES - 000157,103,1.000000
ST. CHARLES - 000159,103,1.000000
ST. CHARLES - 000160,103,1.000000
ST. CHARLES - 000161,64,0.978571
ST. CHARLES - 000161,108,0.021429
ST. CHARLES - 000162,103,0.950000
ST. CHARLES - 000162,64,0.050000
ST. CHARLES - 000163,64,1.000000
ST. CHARLES - 000165,64,1.000000
ST. CHARLES - 000166,64,1.000000
ST. CHARLES - 000167,64,1.000000
ST. CHARLES - 000169,64,1.000000
ST. CHARLES - 000170,107,1.000000
ST. CHARLES - 000173,103,1.000000
ST. CHARLES - 000181,63,0.811905
ST. CHARLES - 000181,64,0.116667
ST. CHARLES - 000181,102,0.071429
ST. CHARLES - 000182,63,0.864286
ST. CHARLES - 000182,64,0.135714
ST. CHARLES - 000183,64,0.971429
ST. CHARLES - 000183,102,0.028571
ST. CHARLES - 000184,64,1.000000
ST. CHARLES - 000185,64,1.000000
ST. CHARLES - 000186,63,0.821429
ST. CHARLES - 000186,102,0.178571
ST. CHARLES - 000187,63,1.000000
ST. CHARLES - 000189,63,0.150000
ST. CHARLES - 000189,102,0.850000
ST. CHARLES - 000190,63,0.916667
ST. CHARLES - 000190,64,0.083333
ST. CHARLES - 000193,103,0.947619
ST. CHARLES - 000193,108,0.052381
ST. CHARLES - 000194,103,0.945238
ST. CHARLES - 000194,108,0.054762
ST. CHARLES - 000196,107,0.478571
ST. CHARLES - 000196,108,0.521429
ST. CHARLES - 000197,108,0.890476
ST. CHARLES - 000197,103,0.109524
ST. CHARLES - 000198,108,0.490476
ST. CHARLES - 000198,63,0.509524
ST. CHARLES - 000199,108,1.000000
ST. CHARLES - 000200,108,0.995238
ST. CHARLES - 000200,64,0.002381
ST. CHARLES - 000200,63,0.002381
ST. CHARLES - 000202,108,1.000000
ST. CHARLES - 000203,107,1.000000
ST. CHARLES - 000205,107,1.000000
ST. CHARLES - 000206,107,0.969048
ST. CHARLES - 000206,102,0.030952
ST. CHARLES - 000207,107,1.000000
ST. CHARLES - 000208,107,1.000000
ST. CHARLES - 000210,63,0.154762
ST. CHARLES - 000210,108,0.480952
ST. CHARLES - 000210,102,0.364286
ST. CHARLES - 000211,107,1.000000
ST. CHARLES - 000212,108,0.440476
ST. CHARLES - 000212,107,0.559524
ST. CHARLES - 000213,103,0.492857
ST. CHARLES - 000213,108,0.478571
ST. CHARLES - 000213,64,0.028571
ST. CHARLES - 000214,108,0.747619
ST. CHARLES - 000214,102,0.252381
ST. CHARLES - 000215,107,0.411905
ST. CHARLES - 000215,102,0.580952
ST. CHARLES - 000215,65,0.007143
ST. CHARLES - 000217,107,0.314286
ST. CHARLES - 000217,102,0.261905
ST. CHARLES - 000217,108,0.423810
ST. CHARLES - 000218,107,0.983333
ST. CHARLES - 000218,108,0.016667
ST. CHARLES - 000219,107,1.000000
ST. CHARLES - 000220,69,1.000000
ST. CHARLES - 000221,102,1.000000
ST. CHARLES - 000222,102,1.000000
ST. CHARLES - 000225,102,1.000000
ST. CHARLES - 000226,102,1.000000
ST. CHARLES - 000227,69,0.940476
ST. CHARLES - 000227,87,0.007143
ST. CHARLES - 000227,101,0.009524
ST. CHARLES - 000227,102,0.042857
ST. CHARLES - 000228,69,0.714286
ST. CHARLES - 000228,102,0.285714
ST. CHARLES - 000229,102,1.000000
ST. CHARLES - 000230,69,1.000000
ST. CHARLES - 000231,102,0.738095
ST. CHARLES - 000231,69,0.261905
ST. CHARLES - 000234,69,1.000000
ST. CLAIR - 000002,126,1.000000
ST. CLAIR - 000003,126,1.000000
ST. CLAIR - 000004,126,1.000000
ST. CLAIR - 000005,126,1.000000
ST. CLAIR - 000006,126,1.000000
ST. CLAIR - 000007,126,1.000000
ST. CLAIR - 000008,126,1.000000
ST. CLAIR - 000009,126,1.000000
ST. CLAIR - 000010,126,1.000000
ST. CLAIR - 000011,126,1.000000
ST. CLAIR - 000012,126,1.000000
ST. CLAIR - 000013,126,1.000000
ST. CLAIR - 000014,126,1.000000
ST. CLAIR - 000015,126,1.000000
ST. CLAIR - 000016,126,1.000000
ST. CLAIR - 000017,126,1.000000
ST. CLAIR - 000018,126,1.000000
ST. CLAIR - 000019,126,1.000000
ST. FRANCOIS - 000002,117,0.388095
ST. FRANCOIS - 000002,116,0.611905
ST. FRANCOIS - 000003,117,0.502381
ST. FRANCOIS - 000003,116,0.497619
ST. FRANCOIS - 000004,117,1.000000
ST. FRANCOIS - 000005,117,1.000000
ST. FRANCOIS - 000006,116,1.000000
ST. FRANCOIS - 000007,117,1.000000
ST. FRANCOIS - 000008,117,1.000000
ST. FRANCOIS - 000009,117,1.000000
ST. FRANCOIS - 000010,116,1.000000
ST. FRANCOIS - 000011,117,0.885714
ST. FRANCOIS - 000011,116,0.114286
ST. FRANCOIS - 000012,116,0.778571
ST. FRANCOIS - 000012,117,0.221429
ST. FRANCOIS - 000013,116,0.940476
ST. FRANCOIS - 000013,117,0.059524
ST. FRANCOIS - 000014,116,1.000000
ST. FRANCOIS - 000015,117,1.000000
ST. FRANCOIS - 000016,116,1.000000
ST. FRANCOIS - 000017,116,1.000000
ST. FRANCOIS - 000018,117,1.000000
ST. FRANCOIS - 000019,117,1.000000
ST. FRANCOIS - 000020,116,1.000000
ST. FRANCOIS - 000021,117,1.000000
ST. FRANCOIS - 000022,117,1.000000
ST. FRANCOIS - 000023,117,1.000000
ST. FRANCOIS - 000024,117,1.000000
ST. FRANCOIS - 000025,117,1.000000
ST. FRANCOIS - 000026,117,1.000000
ST. FRANCOIS - 000027,117,1.000000
ST. LOUIS - 000002,84,1.000000
ST. LOUIS - 000002,73,1.000000
ST. LOUIS - 000003,84,1.000000
ST. LOUIS - 000003,73,0.990476
ST. LOUIS - 000003,74,0.004762
ST. LOUIS - 000003,72,0.004762
ST. LOUIS - 000004,76,1.000000
ST. LOUIS - 000004,73,1.000000
ST. LOUIS - 000005,76,1.000000
ST. LOUIS - 000005,72,0.992857
ST. LOUIS - 000005,87,0.007143
ST. LOUIS - 000006,77,1.000000
ST. LOUIS - 000006,73,1.000000
ST. LOUIS - 000007,76,1.000000
ST. LOUIS - 000007,73,0.364286
ST. LOUIS - 000007,74,0.635714
ST. LOUIS - 000008,77,0.635714
ST. LOUIS - 000008,76,0.364286
ST. LOUIS - 000008,73,1.000000
ST. LOUIS - 000009,76,1.000000
ST. LOUIS - 000009,72,0.997619
ST. LOUIS - 000009,73,0.002381
ST. LOUIS - 000010,76,1.000000
ST. LOUIS - 000010,74,0.980952
ST. LOUIS - 000010,73,0.019048
ST. LOUIS - 000011,76,1.000000
ST. LOUIS - 000011,73,1.000000
ST. LOUIS - 000012,76,1.000000
ST. LOUIS - 000012,72,1.000000
ST. LOUIS - 000013,76,1.000000
ST. LOUIS - 000013,70,1.000000
ST. LOUIS - 000014,76,1.000000
ST. LOUIS - 000014,74,1.000000
ST. LOUIS - 000015,76,1.000000
ST. LOUIS - 000015,74,1.000000
ST. LOUIS - 000016,79,1.000000
ST. LOUIS - 000016,74,1.000000
ST. LOUIS - 000017,79,1.000000
ST. LOUIS - 000017,74,1.000000
ST. LOUIS - 000018,79,0.559524
ST. LOUIS - 000018,76,0.440476
ST. LOUIS - 000018,70,1.000000
ST. LOUIS - 000019,79,0.745238
ST. LOUIS - 000019,76,0.254762
ST. LOUIS - 000019,73,1.000000
ST. LOUIS - 000020,76,0.385714
ST. LOUIS - 000020,79,0.538095
ST. LOUIS - 000020,77,0.076190
ST. LOUIS - 000020,70,1.000000
ST. LOUIS - 000021,77,0.554762
ST. LOUIS - 000021,79,0.445238
ST. LOUIS - 000021,72,1.000000
ST. LOUIS - 000022,76,1.000000
ST. LOUIS - 000022,73,1.000000
ST. LOUIS - 000023,76,1.000000
ST. LOUIS - 000023,73,0.961905
ST. LOUIS - 000023,74,0.038095
ST. LOUIS - 000024,79,1.000000
ST. LOUIS - 000024,70,1.000000
ST. LOUIS - 000025,77,0.288095
ST. LOUIS - 000025,79,0.711905
ST. LOUIS - 000025,72,0.971429
ST. LOUIS - 000025,73,0.028571
ST. LOUIS - 000026,77,0.464286
ST. LOUIS - 000026,79,0.535714
ST. LOUIS - 000026,72,1.000000
ST. LOUIS - 000027,77,1.000000
ST. LOUIS - 000027,70,1.000000
ST. LOUIS - 000028,77,0.964286
ST. LOUIS - 000028,79,0.035714
ST. LOUIS - 000028,73,1.000000
ST. LOUIS - 000029,77,1.000000
ST. LOUIS - 000029,72,1.000000
ST. LOUIS - 000030,77,1.000000
ST. LOUIS - 000030,70,1.000000
ST. LOUIS - 000031,77,1.000000
ST. LOUIS - 000031,72,1.000000
ST. LOUIS - 000032,78,0.804762
ST. LOUIS - 000032,76,0.195238
ST. LOUIS - 000032,72,1.000000
ST. LOUIS - 000033,78,0.995238
ST. LOUIS - 000033,76,0.004762
ST. LOUIS - 000033,87,1.000000
ST. LOUIS - 000034,76,0.495238
ST. LOUIS - 000034,79,0.504762
ST. LOUIS - 000034,72,1.000000
ST. LOUIS - 000035,78,0.242857
ST. LOUIS - 000035,76,0.750000
ST. LOUIS - 000035,79,0.007143
ST. LOUIS - 000035,70,1.000000
ST. LOUIS - 000036,78,1.000000
ST. LOUIS - 000036,70,1.000000
ST. LOUIS - 000037,79,0.345238
ST. LOUIS - 000037,78,0.654762
ST. LOUIS - 000037,73,1.000000
ST. LOUIS - 000038,79,1.000000
ST. LOUIS - 000038,87,1.000000
ST. LOUIS - 000039,79,0.871429
ST. LOUIS - 000039,78,0.128571
ST. LOUIS - 000039,73,1.000000
ST. LOUIS - 000040,79,0.238095
ST. LOUIS - 000040,78,0.761905
ST. LOUIS - 000040,73,1.000000
ST. LOUIS - 000041,79,1.000000
ST. LOUIS - 000041,72,1.000000
ST. LOUIS - 000042,78,0.664286
ST. LOUIS - 000042,80,0.042857
ST. LOUIS - 000042,79,0.292857
ST. LOUIS - 000042,87,1.000000
ST. LOUIS - 000043,79,0.938095
ST. LOUIS - 000043,78,0.061905
ST. LOUIS - 000043,70,1.000000
ST. LOUIS - 000044,79,0.733333
ST. LOUIS - 000044,78,0.266667
ST. LOUIS - 000044,74,0.942857
ST. LOUIS - 000044,73,0.057143
ST. LOUIS - 000045,78,1.000000
ST. LOUIS - 000045,72,1.000000
ST. LOUIS - 000046,80,0.607143
ST. LOUIS - 000046,78,0.392857
ST. LOUIS - 000046,70,1.000000
ST. LOUIS - 000047,78,1.000000
ST. LOUIS - 000047,72,1.000000
ST. LOUIS - 000048,79,1.000000
ST. LOUIS - 000048,72,0.135714
ST. LOUIS - 000048,70,0.864286
ST. LOUIS - 000049,78,1.000000
ST. LOUIS - 000049,74,1.000000
ST. LOUIS - 000050,76,0.471429
ST. LOUIS - 000050,78,0.528571
ST. LOUIS - 000050,72,1.000000
ST. LOUIS - 000051,78,0.785714
ST. LOUIS - 000051,76,0.214286
ST. LOUIS - 000051,74,0.978571
ST. LOUIS - 000051,73,0.021429
ST. LOUIS - 000052,76,0.509524
ST. LOUIS - 000052,78,0.490476
ST. LOUIS - 000052,73,1.000000
ST. LOUIS - 000053,78,0.642857
ST. LOUIS - 000053,76,0.357143
ST. LOUIS - 000053,74,0.978571
ST. LOUIS - 000053,73,0.021429
ST. LOUIS - 000054,76,1.000000
ST. LOUIS - 000054,74,1.000000
ST. LOUIS - 000055,76,1.000000
ST. LOUIS - 000055,73,1.000000
ST. LOUIS - 000056,80,0.735714
ST. LOUIS - 000056,79,0.226190
ST. LOUIS - 000056,82,0.035714
ST. LOUIS - 000056,77,0.002381
ST. LOUIS - 000056,73,1.000000
ST. LOUIS - 000057,80,1.000000
ST. LOUIS - 000057,73,1.000000
ST. LOUIS - 000058,79,1.000000
ST. LOUIS - 000058,70,1.000000
ST. LOUIS - 000059,79,1.000000
ST. LOUIS - 000059,70,0.980952
ST. LOUIS - 000059,73,0.019048
ST. LOUIS - 000060,79,1.000000
ST. LOUIS - 000060,73,1.000000
ST. LOUIS - 000061,79,1.000000
ST. LOUIS - 000061,70,1.000000
ST. LOUIS - 000062,79,1.000000
ST. LOUIS - 000062,73,0.930952
ST. LOUIS - 000062,72,0.069048
ST. LOUIS - 000063,79,1.000000
ST. LOUIS - 000063,72,0.933333
ST. LOUIS - 000063,73,0.066667
ST. LOUIS - 000064,80,1.000000
ST. LOUIS - 000064,70,0.969048
ST. LOUIS - 000064,73,0.030952
ST. LOUIS - 000065,81,1.000000
ST. LOUIS - 000065,72,1.000000
ST. LOUIS - 000066,81,0.338095
ST. LOUIS - 000066,76,0.661905
ST. LOUIS - 000066,70,0.916667
ST. LOUIS - 000066,73,0.083333
ST. LOUIS - 000067,76,1.000000
ST. LOUIS - 000067,73,1.000000
ST. LOUIS - 000068,76,1.000000
ST. LOUIS - 000068,70,1.000000
ST. LOUIS - 000069,76,1.000000
ST. LOUIS - 000069,70,1.000000
ST. LOUIS - 000070,78,0.621429
ST. LOUIS - 000070,80,0.378571
ST. LOUIS - 000070,72,1.000000
ST. LOUIS - 000071,76,0.369048
ST. LOUIS - 000071,78,0.630952
ST. LOUIS - 000071,73,1.000000
ST. LOUIS - 000072,76,0.814286
ST. LOUIS - 000072,78,0.185714
ST. LOUIS - 000072,73,1.000000
ST. LOUIS - 000073,82,0.914286
ST. LOUIS - 000073,80,0.085714
ST. LOUIS - 000073,73,1.000000
ST. LOUIS - 000074,82,1.000000
ST. LOUIS - 000074,73,1.000000
ST. LOUIS - 000075,82,0.721429
ST. LOUIS - 000075,77,0.259524
ST. LOUIS - 000075,80,0.019048
ST. LOUIS - 000075,73,1.000000
ST. LOUIS - 000076,80,1.000000
ST. LOUIS - 000076,70,1.000000
ST. LOUIS - 000077,80,1.000000
ST. LOUIS - 000077,73,1.000000
ST. LOUIS - 000078,77,1.000000
ST. LOUIS - 000078,73,1.000000
ST. LOUIS - 000079,80,1.000000
ST. LOUIS - 000079,90,1.000000
ST. LOUIS - 000080,81,1.000000
ST. LOUIS - 000080,90,1.000000
ST. LOUIS - 000081,81,1.000000
ST. LOUIS - 000081,96,1.000000
ST. LOUIS - 000082,81,1.000000
ST. LOUIS - 000082,90,1.000000
ST. LOUIS - 000083,81,1.000000
ST. LOUIS - 000083,90,1.000000
ST. LOUIS - 000084,81,1.000000
ST. LOUIS - 000084,90,1.000000
ST. LOUIS - 000085,81,1.000000
ST. LOUIS - 000085,90,1.000000
ST. LOUIS - 000086,81,1.000000
ST. LOUIS - 000086,90,1.000000
ST. LOUIS - 000087,81,1.000000
ST. LOUIS - 000087,90,1.000000
ST. LOUIS - 000088,81,1.000000
ST. LOUIS - 000088,88,0.997619
ST. LOUIS - 000088,96,0.002381
ST. LOUIS - 000089,81,0.214286
ST. LOUIS - 000089,82,0.785714
ST. LOUIS - 000089,90,1.000000
ST. LOUIS - 000090,82,1.000000
ST. LOUIS - 000090,90,1.000000
ST. LOUIS - 000091,82,1.000000
ST. LOUIS - 000091,90,0.995238
ST. LOUIS - 000091,96,0.004762
ST. LOUIS - 000092,81,0.847619
ST. LOUIS - 000092,82,0.152381
ST. LOUIS - 000092,90,1.000000
ST. LOUIS - 000093,81,1.000000
ST. LOUIS - 000093,96,1.000000
ST. LOUIS - 000094,81,1.000000
ST. LOUIS - 000094,88,0.050000
ST. LOUIS - 000094,96,0.950000
ST. LOUIS - 000095,81,1.000000
ST. LOUIS - 000095,89,1.000000
ST. LOUIS - 000096,80,1.000000
ST. LOUIS - 000096,90,1.000000
ST. LOUIS - 000097,81,1.000000
ST. LOUIS - 000097,90,1.000000
ST. LOUIS - 000098,80,0.511905
ST. LOUIS - 000098,82,0.488095
ST. LOUIS - 000098,90,1.000000
ST. LOUIS - 000099,80,0.745238
ST. LOUIS - 000099,81,0.254762
ST. LOUIS - 000099,90,1.000000
ST. LOUIS - 000100,80,0.707143
ST. LOUIS - 000100,81,0.254762
ST. LOUIS - 000100,82,0.038095
ST. LOUIS - 000100,90,1.000000
ST. LOUIS - 000101,80,0.923810
ST. LOUIS - 000101,82,0.076190
ST. LOUIS - 000101,90,1.000000
ST. LOUIS - 000102,80,1.000000
ST. LOUIS - 000102,90,1.000000
ST. LOUIS - 000103,80,1.000000
ST. LOUIS - 000103,88,1.000000
ST. LOUIS - 000104,80,1.000000
ST. LOUIS - 000104,90,1.000000
ST. LOUIS - 000105,80,1.000000
ST. LOUIS - 000105,90,1.000000
ST. LOUIS - 000106,80,1.000000
ST. LOUIS - 000106,96,1.000000
ST. LOUIS - 000107,80,1.000000
ST. LOUIS - 000107,96,0.978571
ST. LOUIS - 000107,90,0.021429
ST. LOUIS - 000108,80,1.000000
ST. LOUIS - 000108,89,1.000000
ST. LOUIS - 000109,80,1.000000
ST. LOUIS - 000109,90,1.000000
ST. LOUIS - 000110,78,0.247619
ST. LOUIS - 000110,80,0.752381
ST. LOUIS - 000110,90,1.000000
ST. LOUIS - 000111,82,1.000000
ST. LOUIS - 000111,90,0.988095
ST. LOUIS - 000111,89,0.011905
ST. LOUIS - 000112,82,1.000000
ST. LOUIS - 000112,90,1.000000
ST. LOUIS - 000113,82,1.000000
ST. LOUIS - 000113,96,1.000000
ST. LOUIS - 000114,82,1.000000
ST. LOUIS - 000114,90,1.000000
ST. LOUIS - 000115,82,1.000000
ST. LOUIS - 000115,96,1.000000
ST. LOUIS - 000116,82,1.000000
ST. LOUIS - 000116,96,1.000000
ST. LOUIS - 000117,82,1.000000
ST. LOUIS - 000117,96,1.000000
ST. LOUIS - 000118,82,1.000000
ST. LOUIS - 000118,96,1.000000
ST. LOUIS - 000119,79,0.609524
ST. LOUIS - 000119,77,0.390476
ST. LOUIS - 000119,96,1.000000
ST. LOUIS - 000120,77,0.209524
ST. LOUIS - 000120,79,0.790476
ST. LOUIS - 000120,96,1.000000
ST. LOUIS - 000121,79,1.000000
ST. LOUIS - 000121,96,1.000000
ST. LOUIS - 000122,77,0.614286
ST. LOUIS - 000122,79,0.385714
ST. LOUIS - 000122,96,0.990476
ST. LOUIS - 000122,90,0.009524
ST. LOUIS - 000123,79,1.000000
ST. LOUIS - 000123,90,1.000000
ST. LOUIS - 000124,77,1.000000
ST. LOUIS - 000124,96,1.000000
ST. LOUIS - 000125,77,1.000000
ST. LOUIS - 000125,90,1.000000
ST. LOUIS - 000126,82,0.409524
ST. LOUIS - 000126,84,0.261905
ST. LOUIS - 000126,77,0.328571
ST. LOUIS - 000126,90,1.000000
ST. LOUIS - 000127,77,0.864286
ST. LOUIS - 000127,84,0.135714
ST. LOUIS - 000127,96,1.000000
ST. LOUIS - 000128,77,1.000000
ST. LOUIS - 000128,90,1.000000
ST. LOUIS - 000129,77,0.147619
ST. LOUIS - 000129,79,0.852381
ST. LOUIS - 000129,96,1.000000
ST. LOUIS - 000130,77,1.000000
ST. LOUIS - 000130,96,1.000000
ST. LOUIS - 000131,77,0.902381
ST. LOUIS - 000131,79,0.097619
ST. LOUIS - 000132,84,0.740476
ST. LOUIS - 000132,77,0.259524
ST. LOUIS - 000132,90,1.000000
ST. LOUIS - 000133,77,0.476190
ST. LOUIS - 000133,84,0.523810
ST. LOUIS - 000133,90,1.000000
ST. LOUIS - 000134,77,1.000000
ST. LOUIS - 000134,71,1.000000
ST. LOUIS - 000135,84,0.342857
ST. LOUIS - 000135,77,0.657143
ST. LOUIS - 000135,71,1.000000
ST. LOUIS - 000136,79,1.000000
ST. LOUIS - 000136,71,1.000000
ST. LOUIS - 000137,79,1.000000
ST. LOUIS - 000137,71,1.000000
ST. LOUIS - 000138,79,1.000000
ST. LOUIS - 000138,71,1.000000
ST. LOUIS - 000139,79,1.000000
ST. LOUIS - 000139,71,1.000000
ST. LOUIS - 000140,79,1.000000
ST. LOUIS - 000140,71,1.000000
ST. LOUIS - 000141,79,1.000000
ST. LOUIS - 000141,87,1.000000
ST. LOUIS - 000142,79,0.497619
ST. LOUIS - 000142,77,0.502381
ST. LOUIS - 000142,71,1.000000
ST. LOUIS - 000143,79,1.000000
ST. LOUIS - 000143,71,1.000000
ST. LOUIS - 000144,79,1.000000
ST. LOUIS - 000144,71,1.000000
ST. LOUIS - 000145,79,1.000000
ST. LOUIS - 000145,99,1.000000
ST. LOUIS - 000146,81,0.123810
ST. LOUIS - 000146,78,0.776190
ST. LOUIS - 000146,80,0.100000
ST. LOUIS - 000146,99,1.000000
ST. LOUIS - 000147,78,1.000000
ST. LOUIS - 000147,71,1.000000
ST. LOUIS - 000148,78,1.000000
ST. LOUIS - 000148,99,1.000000
ST. LOUIS - 000149,76,0.561905
ST. LOUIS - 000149,78,0.438095
ST. LOUIS - 000149,71,1.000000
ST. LOUIS - 000150,78,1.000000
ST. LOUIS - 000150,72,1.000000
ST. LOUIS - 000151,77,0.864286
ST. LOUIS - 000151,79,0.135714
ST. LOUIS - 000151,87,1.000000
ST. LOUIS - 000152,77,0.252381
ST. LOUIS - 000152,79,0.747619
ST. LOUIS - 000152,99,1.000000
ST. LOUIS - 000153,76,1.000000
ST. LOUIS - 000153,99,1.000000
ST. LOUIS - 000154,77,0.478571
ST. LOUIS - 000154,76,0.521429
ST. LOUIS - 000154,99,1.000000
ST. LOUIS - 000155,76,0.552381
ST. LOUIS - 000155,77,0.447619
ST. LOUIS - 000155,99,1.000000
ST. LOUIS - 000156,76,0.757143
ST. LOUIS - 000156,77,0.242857
ST. LOUIS - 000156,71,1.000000
ST. LOUIS - 000157,77,1.000000
ST. LOUIS - 000157,71,1.000000
ST. LOUIS - 000158,84,1.000000
ST. LOUIS - 000158,99,0.983333
ST. LOUIS - 000158,72,0.016667
ST. LOUIS - 000159,84,1.000000
ST. LOUIS - 000159,72,1.000000
ST. LOUIS - 000160,84,1.000000
ST. LOUIS - 000160,99,1.000000
ST. LOUIS - 000161,84,1.000000
ST. LOUIS - 000161,99,1.000000
ST. LOUIS - 000162,84,1.000000
ST. LOUIS - 000162,99,1.000000
ST. LOUIS - 000163,84,1.000000
ST. LOUIS - 000163,71,1.000000
ST. LOUIS - 000164,84,1.000000
ST. LOUIS - 000164,71,0.940476
ST. LOUIS - 000164,72,0.059524
ST. LOUIS - 000165,82,1.000000
ST. LOUIS - 000165,71,1.000000
ST. LOUIS - 000166,82,1.000000
ST. LOUIS - 000166,71,1.000000
ST. LOUIS - 000167,82,1.000000
ST. LOUIS - 000167,99,0.992857
ST. LOUIS - 000167,72,0.007143
ST. LOUIS - 000168,82,1.000000
ST. LOUIS - 000168,71,1.000000
ST. LOUIS - 000169,82,0.628571
ST. LOUIS - 000169,80,0.371429
ST. LOUIS - 000169,71,1.000000
ST. LOUIS - 000170,82,1.000000
ST. LOUIS - 000170,71,1.000000
ST. LOUIS - 000171,82,1.000000
ST. LOUIS - 000171,99,0.816667
ST. LOUIS - 000171,71,0.183333
ST. LOUIS - 000172,82,1.000000
ST. LOUIS - 000172,99,1.000000
ST. LOUIS - 000173,82,1.000000
ST. LOUIS - 000173,99,1.000000
ST. LOUIS - 000174,84,0.764286
ST. LOUIS - 000174,82,0.235714
ST. LOUIS - 000174,71,1.000000
ST. LOUIS - 000175,82,0.945238
ST. LOUIS - 000175,84,0.052381
ST. LOUIS - 000175,83,0.002381
ST. LOUIS - 000175,72,1.000000
ST. LOUIS - 000176,82,1.000000
ST. LOUIS - 000176,86,0.066667
ST. LOUIS - 000176,99,0.933333
ST. LOUIS - 000177,82,1.000000
ST. LOUIS - 000177,72,1.000000
ST. LOUIS - 000178,84,1.000000
ST. LOUIS - 000178,71,1.000000
ST. LOUIS - 000179,84,1.000000
ST. LOUIS - 000179,99,1.000000
ST. LOUIS - 000180,82,0.528571
ST. LOUIS - 000180,84,0.471429
ST. LOUIS - 000180,72,1.000000
ST. LOUIS - 000181,84,1.000000
ST. LOUIS - 000181,99,0.988095
ST. LOUIS - 000181,86,0.011905
ST. LOUIS - 000182,81,0.726190
ST. LOUIS - 000182,80,0.273810
ST. LOUIS - 000182,71,1.000000
ST. LOUIS - 000183,80,0.900000
ST. LOUIS - 000183,81,0.100000
ST. LOUIS - 000183,71,1.000000
ST. LOUIS - 000184,80,1.000000
ST. LOUIS - 000184,71,1.000000
ST. LOUIS - 000185,81,0.816667
ST. LOUIS - 000185,80,0.183333
ST. LOUIS - 000185,71,1.000000
ST. LOUIS - 000186,84,1.000000
ST. LOUIS - 000186,71,0.978571
ST. LOUIS - 000186,72,0.019048
ST. LOUIS - 000186,87,0.002381
ST. LOUIS - 000187,84,1.000000
ST. LOUIS - 000187,71,1.000000
ST. LOUIS - 000188,84,1.000000
ST. LOUIS - 000188,71,1.000000
ST. LOUIS - 000189,84,1.000000
ST. LOUIS - 000189,71,1.000000
ST. LOUIS - 000190,84,1.000000
ST. LOUIS - 000190,72,1.000000
ST. LOUIS - 000191,84,1.000000
ST. LOUIS - 000191,71,1.000000
ST. LOUIS - 000192,84,0.466667
ST. LOUIS - 000192,76,0.528571
ST. LOUIS - 000192,85,0.004762
ST. LOUIS - 000192,71,1.000000
ST. LOUIS - 000193,76,1.000000
ST. LOUIS - 000193,99,1.000000
ST. LOUIS - 000194,76,1.000000
ST. LOUIS - 000194,99,1.000000
ST. LOUIS - 000195,76,1.000000
ST. LOUIS - 000195,71,0.850000
ST. LOUIS - 000195,99,0.150000
ST. LOUIS - 000196,76,1.000000
ST. LOUIS - 000196,99,1.000000
ST. LOUIS - 000197,76,1.000000
ST. LOUIS - 000197,99,1.000000
ST. LOUIS - 000198,76,1.000000
ST. LOUIS - 000198,99,1.000000
ST. LOUIS - 000199,76,1.000000
ST. LOUIS - 000199,99,1.000000
ST. LOUIS - 000200,77,1.000000
ST. LOUIS - 000200,99,1.000000
ST. LOUIS - 000201,84,0.857143
ST. LOUIS - 000201,77,0.142857
ST. LOUIS - 000201,99,1.000000
ST. LOUIS - 000202,84,1.000000
ST. LOUIS - 000202,72,1.000000
ST. LOUIS - 000203,84,1.000000
ST. LOUIS - 000203,87,1.000000
ST. LOUIS - 000204,84,1.000000
ST. LOUIS - 000204,86,0.176190
ST. LOUIS - 000204,99,0.819048
ST. LOUIS - 000204,72,0.004762
ST. LOUIS - 000205,84,1.000000
ST. LOUIS - 000205,71,0.980952
ST. LOUIS - 000205,72,0.019048
ST. LOUIS - 000206,84,1.000000
ST. LOUIS - 000206,72,1.000000
ST. LOUIS - 000207,77,1.000000
ST. LOUIS - 000207,87,0.992857
ST. LOUIS - 000207,71,0.007143
ST. LOUIS - 000208,84,1.000000
ST. LOUIS - 000208,72,1.000000
ST. LOUIS - 000209,77,1.000000
ST. LOUIS - 000209,71,1.000000
ST. LOUIS - 000210,71,1.000000
ST. LOUIS - 000211,87,1.000000
ST. LOUIS - 000212,87,1.000000
ST. LOUIS - 000213,99,0.978571
ST. LOUIS - 000213,72,0.021429
ST. LOUIS - 000214,99,1.000000
ST. LOUIS - 000215,87,1.000000
ST. LOUIS - 000216,110,0.983333
ST. LOUIS - 000216,101,0.016667
ST. LOUIS - 000217,101,1.000000
ST. LOUIS - 000218,110,1.000000
ST. LOUIS - 000219,110,0.997619
ST. LOUIS - 000219,101,0.002381
ST. LOUIS - 000220,110,1.000000
ST. LOUIS - 000221,110,1.000000
ST. LOUIS - 000222,110,1.000000
ST. LOUIS - 000223,101,1.000000
ST. LOUIS - 000224,110,1.000000
ST. LOUIS - 000225,101,1.000000
ST. LOUIS - 000226,110,1.000000
ST. LOUIS - 000227,101,1.000000
ST. LOUIS - 000228,110,1.000000
ST. LOUIS - 000229,101,1.000000
ST. LOUIS - 000230,101,1.000000
ST. LOUIS - 000231,101,1.000000
ST. LOUIS - 000232,110,1.000000
ST. LOUIS - 000233,101,1.000000
ST. LOUIS - 000234,101,1.000000
ST. LOUIS - 000235,110,1.000000
ST. LOUIS - 000236,110,1.000000
ST. LOUIS - 000237,87,1.000000
ST. LOUIS - 000238,101,1.000000
ST. LOUIS - 000239,110,1.000000
ST. LOUIS - 000240,110,1.000000
ST. LOUIS - 000241,110,1.000000
ST. LOUIS - 000242,110,1.000000
ST. LOUIS - 000243,110,1.000000
ST. LOUIS - 000244,110,1.000000
ST. LOUIS - 000245,101,1.000000
ST. LOUIS - 000246,101,1.000000
ST. LOUIS - 000247,101,1.000000
ST. LOUIS - 000248,101,1.000000
ST. LOUIS - 000249,110,1.000000
ST. LOUIS - 000250,101,1.000000
ST. LOUIS - 000251,101,0.988095
ST. LOUIS - 000251,110,0.011905
ST. LOUIS - 000252,110,1.000000
ST. LOUIS - 000253,110,1.000000
ST. LOUIS - 000254,110,1.000000
ST. LOUIS - 000255,101,1.000000
ST. LOUIS - 000256,101,1.000000
ST. LOUIS - 000257,110,1.000000
ST. LOUIS - 000258,101,1.000000
ST. LOUIS - 000259,101,1.000000
ST. LOUIS - 000260,101,1.000000
ST. LOUIS - 000261,87,1.000000
ST. LOUIS - 000262,87,1.000000
ST. LOUIS - 000263,110,1.000000
ST. LOUIS - 000264,110,1.000000
ST. LOUIS - 000265,110,1.000000
ST. LOUIS - 000266,101,1.000000
ST. LOUIS - 000267,110,1.000000
ST. LOUIS - 000268,110,1.000000
ST. LOUIS - 000269,110,1.000000
ST. LOUIS - 000270,110,1.000000
ST. LOUIS - 000271,110,1.000000
ST. LOUIS - 000272,100,1.000000
ST. LOUIS - 000273,110,1.000000
ST. LOUIS - 000274,110,1.000000
ST. LOUIS - 000275,101,0.940476
ST. LOUIS - 000275,110,0.059524
ST. LOUIS - 000276,110,1.000000
ST. LOUIS - 000277,110,1.000000
ST. LOUIS - 000278,86,1.000000
ST. LOUIS - 000279,99,1.000000
ST. LOUIS - 000280,99,1.000000
ST. LOUIS - 000281,99,1.000000
ST. LOUIS - 000282,86,1.000000
ST. LOUIS - 000283,90,1.000000
ST. LOUIS - 000284,99,1.000000
ST. LOUIS - 000285,99,1.000000
ST. LOUIS - 000286,83,1.000000
ST. LOUIS - 000287,99,1.000000
ST. LOUIS - 000288,86,0.642857
ST. LOUIS - 000288,99,0.357143
ST. LOUIS - 000289,99,1.000000
ST. LOUIS - 000290,99,1.000000
ST. LOUIS - 000291,99,0.976190
ST. LOUIS - 000291,86,0.023810
ST. LOUIS - 000292,99,1.000000
ST. LOUIS - 000293,99,1.000000
ST. LOUIS - 000294,83,1.000000
ST. LOUIS - 000295,90,1.000000
ST. LOUIS - 000296,83,1.000000
ST. LOUIS - 000297,83,1.000000
ST. LOUIS - 000298,91,1.000000
ST. LOUIS - 000299,91,1.000000
ST. LOUIS - 000300,99,1.000000
ST. LOUIS - 000301,99,1.000000
ST. LOUIS - 000302,99,1.000000
ST. LOUIS - 000303,83,1.000000
ST. LOUIS - 000304,99,1.000000
ST. LOUIS - 000305,90,1.000000
ST. LOUIS - 000306,83,1.000000
ST. LOUIS - 000307,83,1.000000
ST. LOUIS - 000308,83,1.000000
ST. LOUIS - 000309,91,1.000000
ST. LOUIS - 000310,89,0.983333
ST. LOUIS - 000310,99,0.016667
ST. LOUIS - 000311,83,1.000000
ST. LOUIS - 000312,89,0.954762
ST. LOUIS - 000312,99,0.045238
ST. LOUIS - 000313,99,1.000000
ST. LOUIS - 000314,83,1.000000
ST. LOUIS - 000315,83,1.000000
ST. LOUIS - 000316,99,1.000000
ST. LOUIS - 000317,83,1.000000
ST. LOUIS - 000318,83,1.000000
ST. LOUIS - 000319,83,1.000000
ST. LOUIS - 000320,99,1.000000
ST. LOUIS - 000321,99,1.000000
ST. LOUIS - 000322,83,1.000000
ST. LOUIS - 000323,99,1.000000
ST. LOUIS - 000324,83,1.000000
ST. LOUIS - 000325,83,1.000000
ST. LOUIS - 000326,91,1.000000
ST. LOUIS - 000327,83,0.959524
ST. LOUIS - 000327,91,0.040476
ST. LOUIS - 000328,91,1.000000
ST. LOUIS - 000329,99,1.000000
ST. LOUIS - 000330,91,1.000000
ST. LOUIS - 000331,89,1.000000
ST. LOUIS - 000332,86,1.000000
ST. LOUIS - 000333,83,1.000000
ST. LOUIS - 000334,83,1.000000
ST. LOUIS - 000335,83,1.000000
ST. LOUIS - 000336,83,1.000000
ST. LOUIS - 000337,83,1.000000
ST. LOUIS - 000338,83,1.000000
ST. LOUIS - 000339,83,1.000000
ST. LOUIS - 000340,83,1.000000
ST. LOUIS - 000341,83,1.000000
ST. LOUIS - 000342,83,1.000000
ST. LOUIS - 000343,83,1.000000
ST. LOUIS - 000344,91,0.988095
ST. LOUIS - 000344,99,0.011905
ST. LOUIS - 000345,93,1.000000
ST. LOUIS - 000346,93,1.000000
ST. LOUIS - 000347,93,1.000000
ST. LOUIS - 000348,92,1.000000
ST. LOUIS - 000349,93,1.000000
ST. LOUIS - 000350,93,0.361905
ST. LOUIS - 000350,92,0.638095
ST. LOUIS - 000351,93,1.000000
ST. LOUIS - 000352,92,1.000000
ST. LOUIS - 000353,92,1.000000
ST. LOUIS - 000354,92,1.000000
ST. LOUIS - 000355,92,1.000000
ST. LOUIS - 000356,92,1.000000
ST. LOUIS - 000357,96,1.000000
ST. LOUIS - 000358,92,1.000000
ST. LOUIS - 000359,92,1.000000
ST. LOUIS - 000360,92,0.933333
ST. LOUIS - 000360,94,0.066667
ST. LOUIS - 000361,93,1.000000
ST. LOUIS - 000362,92,1.000000
ST. LOUIS - 000363,93,0.530952
ST. LOUIS - 000363,92,0.469048
ST. LOUIS - 000364,93,1.000000
ST. LOUIS - 000365,92,1.000000
ST. LOUIS - 000366,92,0.628571
ST. LOUIS - 000366,91,0.371429
ST. LOUIS - 000367,91,0.954762
ST. LOUIS - 000367,92,0.045238
ST. LOUIS - 000368,96,1.000000
ST. LOUIS - 000369,96,1.000000
ST. LOUIS - 000370,92,1.000000
ST. LOUIS - 000371,92,1.000000
ST. LOUIS - 000372,96,1.000000
ST. LOUIS - 000373,92,0.833333
ST. LOUIS - 000373,91,0.166667
ST. LOUIS - 000374,92,1.000000
ST. LOUIS - 000375,92,1.000000
ST. LOUIS - 000376,92,1.000000
ST. LOUIS - 000377,93,1.000000
ST. LOUIS - 000378,92,1.000000
ST. LOUIS - 000379,93,1.000000
ST. LOUIS - 000380,92,1.000000
ST. LOUIS - 000381,92,1.000000
ST. LOUIS - 000382,91,1.000000
ST. LOUIS - 000383,92,1.000000
ST. LOUIS - 000384,93,1.000000
ST. LOUIS - 000385,93,1.000000
ST. LOUIS - 000386,92,1.000000
ST. LOUIS - 000387,92,1.000000
ST. LOUIS - 000388,92,1.000000
ST. LOUIS - 000389,92,1.000000
ST. LOUIS - 000390,96,1.000000
ST. LOUIS - 000391,92,1.000000
ST. LOUIS - 000392,96,1.000000
ST. LOUIS - 000393,92,1.000000
ST. LOUIS - 000394,92,1.000000
ST. LOUIS - 000395,96,1.000000
ST. LOUIS - 000396,92,1.000000
ST. LOUIS - 000397,92,1.000000
ST. LOUIS - 000398,92,1.000000
ST. LOUIS - 000399,92,1.000000
ST. LOUIS - 000400,92,1.000000
ST. LOUIS - 000401,94,0.850000
ST. LOUIS - 000401,92,0.150000
ST. LOUIS - 000402,70,1.000000
ST. LOUIS - 000403,73,1.000000
ST. LOUIS - 000404,68,0.923810
ST. LOUIS - 000404,70,0.076190
ST. LOUIS - 000405,85,1.000000
ST. LOUIS - 000406,73,0.992857
ST. LOUIS - 000406,68,0.007143
ST. LOUIS - 000407,85,0.997619
ST. LOUIS - 000407,73,0.002381
ST. LOUIS - 000408,85,0.983333
ST. LOUIS - 000408,73,0.016667
ST. LOUIS - 000409,85,1.000000
ST. LOUIS - 000410,85,0.990476
ST. LOUIS - 000410,73,0.009524
ST. LOUIS - 000411,85,1.000000
ST. LOUIS - 000412,68,0.921429
ST. LOUIS - 000412,70,0.078571
ST. LOUIS - 000413,73,1.000000
ST. LOUIS - 000414,68,0.976190
ST. LOUIS - 000414,73,0.023810
ST. LOUIS - 000415,85,1.000000
ST. LOUIS - 000416,68,1.000000
ST. LOUIS - 000417,75,1.000000
ST. LOUIS - 000418,75,1.000000
ST. LOUIS - 000419,75,1.000000
ST. LOUIS - 000420,75,1.000000
ST. LOUIS - 000421,73,1.000000
ST. LOUIS - 000422,73,1.000000
ST. LOUIS - 000423,68,1.000000
ST. LOUIS - 000424,68,1.000000
ST. LOUIS - 000425,70,1.000000
ST. LOUIS - 000426,85,1.000000
ST. LOUIS - 000427,70,1.000000
ST. LOUIS - 000428,73,0.369048
ST. LOUIS - 000428,68,0.630952
ST. LOUIS - 000429,85,1.000000
ST. LOUIS - 000430,73,0.954762
ST. LOUIS - 000430,67,0.045238
ST. LOUIS - 000431,85,1.000000
ST. LOUIS - 000432,73,1.000000
ST. LOUIS - 000433,73,1.000000
ST. LOUIS - 000434,73,0.988095
ST. LOUIS - 000434,68,0.011905
ST. LOUIS - 000435,73,1.000000
ST. LOUIS - 000436,73,1.000000
ST. LOUIS - 000437,73,1.000000
ST. LOUIS - 000438,73,0.161905
ST. LOUIS - 000438,68,0.838095
ST. LOUIS - 000439,73,1.000000
ST. LOUIS - 000440,68,1.000000
ST. LOUIS - 000441,73,1.000000
ST. LOUIS - 000442,68,1.000000
ST. LOUIS - 000443,67,0.992857
ST. LOUIS - 000443,66,0.007143
ST. LOUIS - 000444,85,1.000000
ST. LOUIS - 000445,73,0.276190
ST. LOUIS - 000445,68,0.723810
ST. LOUIS - 000446,68,0.961905
ST. LOUIS - 000446,73,0.038095
ST. LOUIS - 000447,68,1.000000
ST. LOUIS - 000448,73,1.000000
ST. LOUIS - 000449,68,1.000000
ST. LOUIS - 000450,85,1.000000
ST. LOUIS - 000451,68,1.000000
ST. LOUIS - 000452,68,1.000000
ST. LOUIS - 000453,68,1.000000
ST. LOUIS - 000454,66,1.000000
ST. LOUIS - 000455,75,1.000000
ST. LOUIS - 000456,75,1.000000
ST. LOUIS - 000457,68,1.000000
ST. LOUIS - 000458,68,1.000000
ST. LOUIS - 000459,68,1.000000
ST. LOUIS - 000460,68,1.000000
ST. LOUIS - 000461,68,1.000000
ST. LOUIS - 000462,68,1.000000
ST. LOUIS - 000463,75,1.000000
ST. LOUIS - 000464,75,1.000000
ST. LOUIS - 000465,75,0.211905
ST. LOUIS - 000465,68,0.788095
ST. LOUIS - 000466,75,1.000000
ST. LOUIS - 000467,68,1.000000
ST. LOUIS - 000468,68,0.950000
ST. LOUIS - 000468,75,0.050000
ST. LOUIS - 000469,68,0.966667
ST. LOUIS - 000469,75,0.033333
ST. LOUIS - 000470,75,1.000000
ST. LOUIS - 000471,68,1.000000
ST. LOUIS - 000472,75,1.000000
ST. LOUIS - 000473,75,1.000000
ST. LOUIS - 000474,68,1.000000
ST. LOUIS - 000475,75,1.000000
ST. LOUIS - 000476,68,0.957143
ST. LOUIS - 000476,75,0.042857
ST. LOUIS - 000477,75,0.583333
ST. LOUIS - 000477,68,0.416667
ST. LOUIS - 000478,75,1.000000
ST. LOUIS - 000479,68,1.000000
ST. LOUIS - 000480,75,1.000000
ST. LOUIS - 000481,75,1.000000
ST. LOUIS - 000482,75,1.000000
ST. LOUIS - 000483,68,1.000000
ST. LOUIS - 000484,70,0.988095
ST. LOUIS - 000484,68,0.011905
ST. LOUIS - 000485,68,0.788095
ST. LOUIS - 000485,75,0.211905
ST. LOUIS - 000486,75,0.202381
ST. LOUIS - 000486,68,0.797619
ST. LOUIS - 000487,75,1.000000
ST. LOUIS - 000488,68,1.000000
ST. LOUIS - 000489,70,1.000000
ST. LOUIS - 000490,70,1.000000
ST. LOUIS - 000491,68,1.000000
ST. LOUIS - 000492,75,1.000000
ST. LOUIS - 000493,68,1.000000
ST. LOUIS - 000494,75,1.000000
ST. LOUIS - 000495,75,1.000000
ST. LOUIS - 000496,75,1.000000
ST. LOUIS - 000497,75,1.000000
ST. LOUIS - 000498,68,0.252381
ST. LOUIS - 000498,75,0.747619
ST. LOUIS - 000499,75,1.000000
ST. LOUIS - 000500,70,1.000000
ST. LOUIS - 000501,75,0.919048
ST. LOUIS - 000501,68,0.080952
ST. LOUIS - 000502,70,0.809524
ST. LOUIS - 000502,68,0.190476
ST. LOUIS - 000503,96,1.000000
ST. LOUIS - 000504,90,1.000000
ST. LOUIS - 000505,96,0.990476
ST. LOUIS - 000505,90,0.009524
ST. LOUIS - 000506,96,1.000000
ST. LOUIS - 000507,96,1.000000
ST. LOUIS - 000508,96,0.997619
ST. LOUIS - 000508,91,0.002381
ST. LOUIS - 000509,92,1.000000
ST. LOUIS - 000510,96,1.000000
ST. LOUIS - 000511,96,1.000000
ST. LOUIS - 000512,96,1.000000
ST. LOUIS - 000513,96,1.000000
ST. LOUIS - 000514,96,1.000000
ST. LOUIS - 000515,96,1.000000
ST. LOUIS - 000516,96,1.000000
ST. LOUIS - 000517,83,0.430952
ST. LOUIS - 000517,91,0.569048
ST. LOUIS - 000518,83,1.000000
ST. LOUIS - 000519,96,0.980952
ST. LOUIS - 000519,91,0.019048
ST. LOUIS - 000520,91,1.000000
ST. LOUIS - 000521,92,0.914286
ST. LOUIS - 000521,83,0.085714
ST. LOUIS - 000522,83,0.776190
ST. LOUIS - 000522,92,0.223810
ST. LOUIS - 000523,92,1.000000
ST. LOUIS - 000524,83,1.000000
ST. LOUIS - 000525,92,0.866667
ST. LOUIS - 000525,83,0.121429
ST. LOUIS - 000525,82,0.011905
ST. LOUIS - 000526,96,1.000000
ST. LOUIS - 000527,92,0.990476
ST. LOUIS - 000527,82,0.009524
ST. LOUIS - 000528,96,1.000000
ST. LOUIS - 000529,96,1.000000
ST. LOUIS - 000530,96,1.000000
ST. LOUIS - 000531,91,1.000000
ST. LOUIS - 000532,83,0.547619
ST. LOUIS - 000532,92,0.452381
ST. LOUIS - 000533,96,1.000000
ST. LOUIS - 000534,91,1.000000
ST. LOUIS - 000535,91,0.742857
ST. LOUIS - 000535,83,0.257143
ST. LOUIS - 000536,91,1.000000
ST. LOUIS - 000537,96,1.000000
ST. LOUIS - 000538,91,1.000000
ST. LOUIS - 000539,83,1.000000
ST. LOUIS - 000540,83,0.954762
ST. LOUIS - 000540,82,0.045238
ST. LOUIS - 000541,83,1.000000
ST. LOUIS - 000542,96,1.000000
ST. LOUIS - 000543,91,1.000000
ST. LOUIS - 000544,91,1.000000
ST. LOUIS - 000545,91,0.995238
ST. LOUIS - 000545,96,0.004762
ST. LOUIS - 000546,96,1.000000
ST. LOUIS - 000547,96,1.000000
ST. LOUIS - 000548,96,1.000000
ST. LOUIS - 000549,96,1.000000
ST. LOUIS - 000550,91,1.000000
ST. LOUIS - 000551,96,1.000000
ST. LOUIS - 000552,91,1.000000
ST. LOUIS - 000553,96,1.000000
ST. LOUIS - 000554,96,1.000000
ST. LOUIS - 000555,92,1.000000
ST. LOUIS - 000556,96,1.000000
ST. LOUIS - 000557,91,1.000000
ST. LOUIS - 000558,91,1.000000
ST. LOUIS - 000559,96,1.000000
ST. LOUIS - 000560,83,0.952381
ST. LOUIS - 000560,91,0.047619
ST. LOUIS - 000561,83,1.000000
ST. LOUIS - 000562,96,1.000000
ST. LOUIS - 000563,96,1.000000
ST. LOUIS - 000564,90,1.000000
ST. LOUIS - 000565,99,1.000000
ST. LOUIS - 000566,99,1.000000
ST. LOUIS - 000567,99,1.000000
ST. LOUIS - 000568,99,1.000000
ST. LOUIS - 000569,99,1.000000
ST. LOUIS - 000570,86,0.966667
ST. LOUIS - 000570,84,0.033333
ST. LOUIS - 000571,86,1.000000
ST. LOUIS - 000572,86,1.000000
ST. LOUIS - 000573,86,1.000000
ST. LOUIS - 000574,86,1.000000
ST. LOUIS - 000575,86,1.000000
ST. LOUIS - 000576,86,1.000000
ST. LOUIS - 000577,86,1.000000
ST. LOUIS - 000578,99,1.000000
ST. LOUIS - 000579,99,1.000000
ST. LOUIS - 000580,99,1.000000
ST. LOUIS - 000581,86,1.000000
ST. LOUIS - 000582,86,1.000000
ST. LOUIS - 000583,83,1.000000
ST. LOUIS - 000584,83,1.000000
ST. LOUIS - 000585,83,1.000000
ST. LOUIS - 000586,83,1.000000
ST. LOUIS - 000587,83,1.000000
ST. LOUIS - 000588,83,1.000000
ST. LOUIS - 000589,83,1.000000
ST. LOUIS - 000590,83,1.000000
ST. LOUIS - 000591,83,1.000000
ST. LOUIS - 000592,83,1.000000
ST. LOUIS - 000593,83,1.000000
ST. LOUIS - 000594,83,1.000000
ST. LOUIS - 000595,83,1.000000
ST. LOUIS - 000596,83,1.000000
ST. LOUIS - 000597,83,1.000000
ST. LOUIS - 000598,83,1.000000
ST. LOUIS - 000599,83,1.000000
ST. LOUIS - 000600,86,1.000000
ST. LOUIS - 000601,99,1.000000
ST. LOUIS - 000602,86,1.000000
ST. LOUIS - 000603,99,1.000000
ST. LOUIS - 000604,90,1.000000
ST. LOUIS - 000605,99,1.000000
ST. LOUIS - 000606,99,1.000000
ST. LOUIS - 000607,99,0.971429
ST. LOUIS - 000607,90,0.028571
ST. LOUIS - 000608,83,0.990476
ST. LOUIS - 000608,82,0.009524
ST. LOUIS - 000609,83,0.959524
ST. LOUIS - 000609,91,0.040476
ST. LOUIS - 000610,82,0.007143
ST. LOUIS - 000610,83,0.992857
ST. LOUIS - 000611,83,1.000000
ST. LOUIS - 000612,83,1.000000
ST. LOUIS - 000613,83,1.000000
ST. LOUIS - 000614,83,1.000000
ST. LOUIS - 000615,91,1.000000
ST. LOUIS - 000616,91,1.000000
ST. LOUIS - 000617,83,1.000000
ST. LOUIS - 000618,91,1.000000
ST. LOUIS - 000619,83,1.000000
ST. LOUIS - 000620,91,1.000000
ST. LOUIS - 000621,91,1.000000
ST. LOUIS - 000622,91,1.000000
ST. LOUIS - 000623,83,1.000000
ST. LOUIS - 000624,91,1.000000
ST. LOUIS - 000625,91,1.000000
ST. LOUIS - 000626,91,1.000000
ST. LOUIS - 000627,91,1.000000
ST. LOUIS - 000628,91,1.000000
ST. LOUIS - 000629,91,1.000000
ST. LOUIS - 000630,91,1.000000
ST. LOUIS - 000631,83,1.000000
ST. LOUIS - 000632,91,1.000000
ST. LOUIS - 000633,91,1.000000
ST. LOUIS - 000634,90,1.000000
ST. LOUIS - 000635,90,1.000000
ST. LOUIS - 000636,90,1.000000
ST. LOUIS - 000637,90,1.000000
ST. LOUIS - 000638,90,1.000000
ST. LOUIS - 000639,90,1.000000
ST. LOUIS - 000640,83,1.000000
ST. LOUIS - 000641,90,1.000000
ST. LOUIS - 000642,90,0.983333
ST. LOUIS - 000642,91,0.016667
ST. LOUIS - 000643,91,1.000000
ST. LOUIS - 000644,91,1.000000
ST. LOUIS - 000645,91,1.000000
ST. LOUIS - 000646,91,1.000000
ST. LOUIS - 000647,91,1.000000
ST. LOUIS - 000648,91,0.988095
ST. LOUIS - 000648,96,0.011905
ST. LOUIS - 000649,91,1.000000
ST. LOUIS - 000650,91,1.000000
ST. LOUIS - 000651,91,1.000000
ST. LOUIS - 000652,91,1.000000
ST. LOUIS - 000653,83,1.000000
ST. LOUIS - 000654,99,1.000000
ST. LOUIS - 000655,98,1.000000
ST. LOUIS - 000656,98,1.000000
ST. LOUIS - 000657,98,1.000000
ST. LOUIS - 000658,100,1.000000
ST. LOUIS - 000659,100,0.990476
ST. LOUIS - 000659,89,0.009524
ST. LOUIS - 000660,89,1.000000
ST. LOUIS - 000661,100,0.659524
ST. LOUIS - 000661,110,0.340476
ST. LOUIS - 000662,101,0.750000
ST. LOUIS - 000662,89,0.250000
ST. LOUIS - 000663,101,1.000000
ST. LOUIS - 000664,101,1.000000
ST. LOUIS - 000665,89,1.000000
ST. LOUIS - 000666,101,1.000000
ST. LOUIS - 000667,100,1.000000
ST. LOUIS - 000668,89,1.000000
ST. LOUIS - 000669,100,1.000000
ST. LOUIS - 000670,100,1.000000
ST. LOUIS - 000671,100,1.000000
ST. LOUIS - 000672,100,1.000000
ST. LOUIS - 000673,100,1.000000
ST. LOUIS - 000674,100,0.995238
ST. LOUIS - 000674,98,0.004762
ST. LOUIS - 000675,100,1.000000
ST. LOUIS - 000676,100,1.000000
ST. LOUIS - 000677,100,1.000000
ST. LOUIS - 000678,100,1.000000
ST. LOUIS - 000679,100,1.000000
ST. LOUIS - 000680,101,1.000000
ST. LOUIS - 000681,100,1.000000
ST. LOUIS - 000682,89,1.000000
ST. LOUIS - 000683,101,1.000000
ST. LOUIS - 000684,101,1.000000
ST. LOUIS - 000685,101,1.000000
ST. LOUIS - 000686,101,1.000000
ST. LOUIS - 000687,101,1.000000
ST. LOUIS - 000688,100,1.000000
ST. LOUIS - 000689,100,1.000000
ST. LOUIS - 000690,100,1.000000
ST. LOUIS - 000691,101,1.000000
ST. LOUIS - 000692,100,1.000000
ST. LOUIS - 000693,100,0.971429
ST. LOUIS - 000693,88,0.028571
ST. LOUIS - 000694,100,1.000000
ST. LOUIS - 000695,101,1.000000
ST. LOUIS - 000696,101,1.000000
ST. LOUIS - 000697,100,1.000000
ST. LOUIS - 000698,100,0.992857
ST. LOUIS - 000698,110,0.007143
ST. LOUIS - 000699,89,1.000000
ST. LOUIS - 000700,100,0.061905
ST. LOUIS - 000700,88,0.938095
ST. LOUIS - 000701,98,0.321429
ST. LOUIS - 000701,100,0.102381
ST. LOUIS - 000701,89,0.576190
ST. LOUIS - 000702,68,1.000000
ST. LOUIS - 000703,68,0.161905
ST. LOUIS - 000703,75,0.838095
ST. LOUIS - 000704,75,1.000000
ST. LOUIS - 000705,75,1.000000
ST. LOUIS - 000706,68,1.000000
ST. LOUIS - 000707,68,1.000000
ST. LOUIS - 000708,75,0.995238
ST. LOUIS - 000708,67,0.004762
ST. LOUIS - 000709,67,0.938095
ST. LOUIS - 000709,75,0.061905
ST. LOUIS - 000710,68,1.000000
ST. LOUIS - 000711,68,1.000000
ST. LOUIS - 000712,70,1.000000
ST. LOUIS - 000713,67,1.000000
ST. LOUIS - 000714,70,1.000000
ST. LOUIS - 000715,67,1.000000
ST. LOUIS - 000716,70,1.000000
ST. LOUIS - 000717,70,1.000000
ST. LOUIS - 000718,67,1.000000
ST. LOUIS - 000719,70,1.000000
ST. LOUIS - 000720,68,0.954762
ST. LOUIS - 000720,70,0.045238
ST. LOUIS - 000721,75,0.900000
ST. LOUIS - 000721,67,0.100000
ST. LOUIS - 000722,75,1.000000
ST. LOUIS - 000723,67,1.000000
ST. LOUIS - 000724,75,1.000000
ST. LOUIS - 000725,67,1.000000
ST. LOUIS - 000726,75,0.476190
ST. LOUIS - 000726,68,0.523810
ST. LOUIS - 000727,67,1.000000
ST. LOUIS - 000728,68,1.000000
ST. LOUIS - 000729,67,1.000000
ST. LOUIS - 000730,70,1.000000
ST. LOUIS - 000731,67,1.000000
ST. LOUIS - 000732,75,1.000000
ST. LOUIS - 000733,67,1.000000
ST. LOUIS - 000734,70,1.000000
ST. LOUIS - 000735,75,1.000000
ST. LOUIS - 000736,75,1.000000
ST. LOUIS - 000737,70,1.000000
ST. LOUIS - 000738,67,1.000000
ST. LOUIS - 000739,70,1.000000
ST. LOUIS - 000740,75,1.000000
ST. LOUIS - 000741,70,1.000000
ST. LOUIS - 000742,75,1.000000
ST. LOUIS - 000743,70,1.000000
ST. LOUIS - 000744,75,1.000000
ST. LOUIS - 000745,93,1.000000
ST. LOUIS - 000746,93,1.000000
ST. LOUIS - 000747,93,1.000000
ST. LOUIS - 000748,94,0.959524
ST. LOUIS - 000748,93,0.040476
ST. LOUIS - 000749,93,1.000000
ST. LOUIS - 000750,93,1.000000
ST. LOUIS - 000751,93,1.000000
ST. LOUIS - 000752,93,1.000000
ST. LOUIS - 000753,93,1.000000
ST. LOUIS - 000754,93,1.000000
ST. LOUIS - 000755,93,1.000000
ST. LOUIS - 000756,93,1.000000
ST. LOUIS - 000757,93,1.000000
ST. LOUIS - 000758,93,1.000000
ST. LOUIS - 000759,94,1.000000
ST. LOUIS - 000760,94,1.000000
ST. LOUIS - 000761,92,1.000000
ST. LOUIS - 000762,93,1.000000
ST. LOUIS - 000763,93,1.000000
ST. LOUIS - 000764,93,1.000000
ST. LOUIS - 000765,93,1.000000
ST. LOUIS - 000766,93,0.840476
ST. LOUIS - 000766,92,0.159524
ST. LOUIS - 000767,93,1.000000
ST. LOUIS - 000768,94,1.000000
ST. LOUIS - 000769,93,1.000000
ST. LOUIS - 000770,93,1.000000
ST. LOUIS - 000771,93,1.000000
ST. LOUIS - 000772,93,1.000000
ST. LOUIS - 000773,92,1.000000
ST. LOUIS - 000774,94,1.000000
ST. LOUIS - 000775,93,0.790476
ST. LOUIS - 000775,94,0.209524
ST. LOUIS - 000776,94,0.909524
ST. LOUIS - 000776,92,0.090476
ST. LOUIS - 000777,93,1.000000
ST. LOUIS - 000778,93,1.000000
ST. LOUIS - 000779,93,1.000000
ST. LOUIS - 000780,93,1.000000
ST. LOUIS - 000781,93,1.000000
ST. LOUIS - 000782,94,0.907143
ST. LOUIS - 000782,93,0.092857
ST. LOUIS - 000783,92,0.928571
ST. LOUIS - 000783,93,0.071429
ST. LOUIS - 000784,93,1.000000
ST. LOUIS - 000785,94,1.000000
ST. LOUIS - 000786,93,1.000000
ST. LOUIS - 000787,93,1.000000
ST. LOUIS - 000788,93,1.000000
ST. LOUIS - 000789,93,1.000000
ST. LOUIS - 000790,94,1.000000
ST. LOUIS - 000791,93,1.000000
ST. LOUIS - 000792,93,1.000000
ST. LOUIS - 000793,93,1.000000
ST. LOUIS - 000794,94,1.000000
ST. LOUIS - 000795,93,1.000000
ST. LOUIS - 000796,93,1.000000
ST. LOUIS - 000797,93,1.000000
ST. LOUIS - 000798,93,1.000000
ST. LOUIS - 000799,88,0.988095
ST. LOUIS - 000799,98,0.011905
ST. LOUIS - 000800,110,1.000000
ST. LOUIS - 000801,110,1.000000
ST. LOUIS - 000802,110,1.000000
ST. LOUIS - 000803,110,1.000000
ST. LOUIS - 000804,88,1.000000
ST. LOUIS - 000805,88,1.000000
ST. LOUIS - 000806,110,1.000000
ST. LOUIS - 000807,88,1.000000
ST. LOUIS - 000808,88,1.000000
ST. LOUIS - 000809,96,1.000000
ST. LOUIS - 000810,100,1.000000
ST. LOUIS - 000811,88,1.000000
ST. LOUIS - 000812,88,1.000000
ST. LOUIS - 000813,88,0.880952
ST. LOUIS - 000813,98,0.119048
ST. LOUIS - 000814,88,0.950000
ST. LOUIS - 000814,119,0.050000
ST. LOUIS - 000815,88,1.000000
ST. LOUIS - 000816,88,1.000000
ST. LOUIS - 000817,88,0.995238
ST. LOUIS - 000817,111,0.004762
ST. LOUIS - 000818,88,1.000000
ST. LOUIS - 000819,88,1.000000
ST. LOUIS - 000820,88,1.000000
ST. LOUIS - 000821,88,1.000000
ST. LOUIS - 000822,98,0.928571
ST. LOUIS - 000822,96,0.071429
ST. LOUIS - 000823,96,1.000000
ST. LOUIS - 000824,110,0.992857
ST. LOUIS - 000824,88,0.007143
ST. LOUIS - 000825,100,1.000000
ST. LOUIS - 000826,110,0.938095
ST. LOUIS - 000826,88,0.061905
ST. LOUIS - 000827,88,0.611905
ST. LOUIS - 000827,100,0.388095
ST. LOUIS - 000828,88,1.000000
ST. LOUIS - 000829,88,1.000000
ST. LOUIS - 000830,88,1.000000
ST. LOUIS - 000831,100,0.983333
ST. LOUIS - 000831,88,0.016667
ST. LOUIS - 000832,100,1.000000
ST. LOUIS - 000833,110,1.000000
ST. LOUIS - 000834,100,0.980952
ST. LOUIS - 000834,88,0.019048
ST. LOUIS - 000835,88,1.000000
ST. LOUIS - 000836,100,0.995238
ST. LOUIS - 000836,88,0.004762
ST. LOUIS - 000837,100,1.000000
ST. LOUIS - 000838,88,1.000000
ST. LOUIS - 000839,88,1.000000
ST. LOUIS - 000840,88,1.000000
ST. LOUIS - 000841,96,0.966667
ST. LOUIS - 000841,98,0.033333
ST. LOUIS - 000842,98,0.659524
ST. LOUIS - 000842,96,0.340476
ST. LOUIS - 000843,88,1.000000
ST. LOUIS - 000844,88,1.000000
ST. LOUIS - 000845,88,1.000000
ST. LOUIS - 000846,88,1.000000
ST. LOUIS - 000847,100,1.000000
ST. LOUIS - 000848,100,1.000000
ST. LOUIS - 000849,88,1.000000
ST. LOUIS - 000850,88,0.976190
ST. LOUIS - 000850,110,0.023810
ST. LOUIS - 000851,110,0.980952
ST. LOUIS - 000851,88,0.019048
ST. LOUIS - 000852,96,0.983333
ST. LOUIS - 000852,98,0.016667
ST. LOUIS - 000853,88,1.000000
ST. LOUIS - 000854,110,1.000000
ST. LOUIS - 000855,88,1.000000
ST. LOUIS - 000856,96,1.000000
ST. LOUIS - 000857,88,1.000000
ST. LOUIS - 000858,88,1.000000
ST. LOUIS - 000859,88,1.000000
ST. LOUIS - 000860,110,0.678571
ST. LOUIS - 000860,88,0.321429
ST. LOUIS - 000862,87,1.000000
ST. LOUIS - 000863,101,0.828571
ST. LOUIS - 000863,87,0.171429
ST. LOUIS - 000864,101,1.000000
ST. LOUIS - 000865,101,1.000000
ST. LOUIS - 000866,87,1.000000
ST. LOUIS - 000867,87,1.000000
ST. LOUIS - 000868,87,0.976190
ST. LOUIS - 000868,89,0.023810
ST. LOUIS - 000869,71,1.000000
ST. LOUIS - 000870,71,0.957143
ST. LOUIS - 000870,89,0.026190
ST. LOUIS - 000870,87,0.016667
ST. LOUIS - 000871,71,1.000000
ST. LOUIS - 000872,71,1.000000
ST. LOUIS - 000873,87,1.000000
ST. LOUIS - 000874,71,0.880952
ST. LOUIS - 000874,87,0.119048
ST. LOUIS - 000875,87,1.000000
ST. LOUIS - 000876,87,1.000000
ST. LOUIS - 000877,87,1.000000
ST. LOUIS - 000878,87,1.000000
ST. LOUIS - 000879,87,1.000000
ST. LOUIS - 000880,87,1.000000
ST. LOUIS - 000881,87,1.000000
ST. LOUIS - 000882,71,1.000000
ST. LOUIS - 000883,87,1.000000
ST. LOUIS - 000884,87,0.859524
ST. LOUIS - 000884,71,0.140476
ST. LOUIS - 000885,101,1.000000
ST. LOUIS - 000886,71,1.000000
ST. LOUIS - 000887,87,1.000000
ST. LOUIS - 000888,87,1.000000
ST. LOUIS - 000889,71,1.000000
ST. LOUIS - 000890,87,1.000000
ST. LOUIS - 000891,87,1.000000
ST. LOUIS - 000892,87,1.000000
ST. LOUIS - 000893,87,1.000000
ST. LOUIS - 000894,71,1.000000
ST. LOUIS - 000895,71,1.000000
ST. LOUIS - 000896,89,1.000000
ST. LOUIS - 000897,87,1.000000
ST. LOUIS - 000898,87,1.000000
ST. LOUIS - 000899,87,1.000000
ST. LOUIS - 000900,89,1.000000
ST. LOUIS - 000901,71,0.883333
ST. LOUIS - 000901,87,0.116667
ST. LOUIS - 000902,87,1.000000
ST. LOUIS - 000903,87,1.000000
ST. LOUIS - 000904,71,1.000000
ST. LOUIS - 000905,87,0.992857
ST. LOUIS - 000905,71,0.007143
ST. LOUIS - 000906,87,1.000000
ST. LOUIS - 000907,87,1.000000
ST. LOUIS - 000908,71,1.000000
ST. LOUIS - 000909,87,1.000000
ST. LOUIS - 000910,87,1.000000
ST. LOUIS - 000911,71,1.000000
ST. LOUIS - 000912,87,1.000000
ST. LOUIS - 000913,87,1.000000
ST. LOUIS - 000914,87,1.000000
ST. LOUIS - 000915,87,1.000000
ST. LOUIS - 000916,87,1.000000
ST. LOUIS - 000917,71,0.828571
ST. LOUIS - 000917,89,0.171429
ST. LOUIS - 000918,87,1.000000
ST. LOUIS - 000919,101,0.926190
ST. LOUIS - 000919,87,0.071429
ST. LOUIS - 000919,89,0.002381
ST. LOUIS - 000920,87,1.000000
ST. LOUIS - 000921,87,1.000000
ST. LOUIS - 000922,89,1.000000
ST. LOUIS - 000923,87,1.000000
ST. LOUIS - 000924,72,1.000000
ST. LOUIS - 000925,72,1.000000
ST. LOUIS - 000926,72,1.000000
ST. LOUIS - 000927,72,1.000000
ST. LOUIS - 000928,72,1.000000
ST. LOUIS - 000929,73,1.000000
ST. LOUIS - 000930,72,1.000000
ST. LOUIS - 000931,72,1.000000
ST. LOUIS - 000932,74,1.000000
ST. LOUIS - 000933,72,1.000000
ST. LOUIS - 000934,72,1.000000
ST. LOUIS - 000935,72,0.971429
ST. LOUIS - 000935,74,0.028571
ST. LOUIS - 000936,72,1.000000
ST. LOUIS - 000937,74,1.000000
ST. LOUIS - 000938,74,1.000000
ST. LOUIS - 000939,74,1.000000
ST. LOUIS - 000940,74,1.000000
ST. LOUIS - 000941,74,1.000000
ST. LOUIS - 000942,74,1.000000
ST. LOUIS - 000943,73,1.000000
ST. LOUIS - 000944,73,1.000000
ST. LOUIS - 000945,72,1.000000
ST. LOUIS - 000946,72,1.000000
ST. LOUIS - 000947,74,1.000000
ST. LOUIS - 000948,74,1.000000
ST. LOUIS - 000949,72,1.000000
ST. LOUIS - 000950,74,1.000000
ST. LOUIS - 000951,74,1.000000
ST. LOUIS - 000952,74,1.000000
ST. LOUIS - 000953,72,1.000000
ST. LOUIS - 000954,74,1.000000
ST. LOUIS - 000955,72,1.000000
ST. LOUIS - 000956,74,1.000000
ST. LOUIS - 000957,72,0.361905
ST. LOUIS - 000957,87,0.638095
ST. LOUIS - 000958,74,1.000000
ST. LOUIS - 000959,74,1.000000
ST. LOUIS - 000960,74,1.000000
ST. LOUIS - 000961,74,1.000000
ST. LOUIS - 000962,74,1.000000
ST. LOUIS - 000963,73,0.966667
ST. LOUIS - 000963,74,0.033333
ST. LOUIS - 000964,72,1.000000
ST. LOUIS - 000965,72,1.000000
ST. LOUIS - 000966,72,1.000000
ST. LOUIS - 000967,72,1.000000
ST. LOUIS - 000968,72,1.000000
ST. LOUIS - 000969,73,1.000000
ST. LOUIS - 000970,72,1.000000
ST. LOUIS - 000971,74,1.000000
ST. LOUIS - 000972,72,0.969048
ST. LOUIS - 000972,87,0.030952
ST. LOUIS - 000973,74,1.000000
ST. LOUIS - 000974,72,1.000000
ST. LOUIS - 000975,72,1.000000
ST. LOUIS - 000976,72,1.000000
ST. LOUIS - 000977,74,1.000000
ST. LOUIS - 000978,72,1.000000
ST. LOUIS - 000979,87,1.000000
ST. LOUIS - 000980,72,1.000000
ST. LOUIS - 000981,72,1.000000
ST. LOUIS - 000982,72,1.000000
ST. LOUIS - 000983,72,1.000000
ST. LOUIS - 000984,87,1.000000
ST. LOUIS - 000985,87,1.000000
ST. LOUIS - 000986,74,1.000000
ST. LOUIS - 000987,87,1.000000
ST. LOUIS - 000988,74,1.000000
ST. LOUIS - 000989,74,1.000000
ST. LOUIS - 000990,74,0.902381
ST. LOUIS - 000990,86,0.097619
ST. LOUIS - 000991,87,1.000000
ST. LOUIS - 000992,89,1.000000
ST. LOUIS - 000993,89,1.000000
ST. LOUIS - 000994,89,1.000000
ST. LOUIS - 000995,89,1.000000
ST. LOUIS - 000996,89,1.000000
ST. LOUIS - 000997,89,1.000000
ST. LOUIS - 000998,89,1.000000
ST. LOUIS - 000999,89,1.000000
ST. LOUIS - 001000,89,1.000000
ST. LOUIS - 001001,71,1.000000
ST. LOUIS - 001002,89,1.000000
ST. LOUIS - 001003,89,1.000000
ST. LOUIS - 001004,89,1.000000
ST. LOUIS - 001005,90,1.000000
ST. LOUIS - 001006,89,1.000000
ST. LOUIS - 001007,71,1.000000
ST. LOUIS - 001008,71,1.000000
ST. LOUIS - 001009,101,1.000000
ST. LOUIS - 001010,89,1.000000
ST. LOUIS - 001011,89,1.000000
ST. LOUIS - 001012,89,1.000000
ST. LOUIS - 001013,89,1.000000
ST. LOUIS - 001014,101,1.000000
ST. LOUIS - 001015,89,1.000000
ST. LOUIS - 001016,89,1.000000
ST. LOUIS - 001017,89,1.000000
ST. LOUIS - 001018,101,1.000000
ST. LOUIS - 001019,89,1.000000
ST. LOUIS - 001020,89,1.000000
ST. LOUIS - 001021,98,1.000000
ST. LOUIS - 001022,89,1.000000
ST. LOUIS - 001023,89,1.000000
ST. LOUIS - 001024,89,1.000000
ST. LOUIS - 001025,89,0.983333
ST. LOUIS - 001025,90,0.016667
ST. LOUIS - 001026,98,1.000000
ST. LOUIS - 001027,89,1.000000
ST. LOUIS - 001028,89,1.000000
ST. LOUIS - 001029,89,1.000000
ST. LOUIS - 001030,89,1.000000
ST. LOUIS - 001031,89,1.000000
ST. LOUIS - 001032,89,1.000000
ST. LOUIS - 001033,89,1.000000
ST. LOUIS - 001034,89,1.000000
ST. LOUIS - 001035,89,1.000000
ST. LOUIS - 001036,89,1.000000
ST. LOUIS - 001037,89,1.000000
ST. LOUIS - 001038,71,1.000000
ST. LOUIS - 001039,89,1.000000
ST. LOUIS - 001040,89,1.000000
ST. LOUIS - 001041,98,1.000000
ST. LOUIS - 001042,89,1.000000
ST. LOUIS - 001043,101,0.971429
ST. LOUIS - 001043,89,0.028571
ST. LOUIS - 001044,101,1.000000
ST. LOUIS - 001045,89,1.000000
ST. LOUIS - 001046,101,1.000000
ST. LOUIS - 001047,89,1.000000
ST. LOUIS - 001048,89,1.000000
ST. LOUIS - 001049,71,1.000000
ST. LOUIS - 001050,89,1.000000
ST. LOUIS - 001051,89,1.000000
ST. LOUIS - 001052,89,1.000000
ST. LOUIS - 001053,89,1.000000
ST. LOUIS - 001054,89,1.000000
ST. LOUIS - 001055,101,1.000000
ST. LOUIS - 001056,71,1.000000
ST. LOUIS - 001057,89,1.000000
ST. LOUIS - 001058,89,1.000000
ST. LOUIS - 001059,89,1.000000
ST. LOUIS - 001060,89,1.000000
ST. LOUIS - 001061,89,1.000000
ST. LOUIS - 001062,89,1.000000
ST. LOUIS - 001063,89,1.000000
ST. LOUIS - 001064,71,1.000000
ST. LOUIS - 001065,89,1.000000
ST. LOUIS - 001066,71,1.000000
ST. LOUIS - 001067,71,1.000000
ST. LOUIS - 001068,71,0.959524
ST. LOUIS - 001068,89,0.040476
ST. LOUIS - 001069,89,1.000000
ST. LOUIS - 001070,101,0.988095
ST. LOUIS - 001070,87,0.011905
ST. LOUIS - 001071,89,0.980952
ST. LOUIS - 001071,100,0.019048
ST. LOUIS - 001072,89,1.000000
ST. LOUIS - 001073,89,1.000000
ST. LOUIS - 001074,89,0.950000
ST. LOUIS - 001074,71,0.050000
ST. LOUIS - 001075,89,1.000000
ST. LOUIS - 001076,89,0.161905
ST. LOUIS - 001076,100,0.838095
ST. LOUIS - 001077,85,1.000000
ST. LOUIS - 001078,85,1.000000
ST. LOUIS - 001079,85,1.000000
ST. LOUIS - 001080,74,1.000000
ST. LOUIS - 001081,85,1.000000
ST. LOUIS - 001082,85,1.000000
ST. LOUIS - 001083,85,1.000000
ST. LOUIS - 001084,85,1.000000
ST. LOUIS - 001085,74,1.000000
ST. LOUIS - 001086,74,1.000000
ST. LOUIS - 001087,74,1.000000
ST. LOUIS - 001088,74,0.973810
ST. LOUIS - 001088,73,0.014286
ST. LOUIS - 001088,85,0.011905
ST. LOUIS - 001089,74,1.000000
ST. LOUIS - 001090,74,1.000000
ST. LOUIS - 001091,74,1.000000
ST. LOUIS - 001092,74,1.000000
ST. LOUIS - 001093,74,1.000000
ST. LOUIS - 001094,74,1.000000
ST. LOUIS - 001095,74,1.000000
ST. LOUIS - 001096,74,1.000000
ST. LOUIS - 001097,74,1.000000
ST. LOUIS - 001098,74,1.000000
ST. LOUIS - 001099,85,1.000000
ST. LOUIS - 001100,74,1.000000
ST. LOUIS - 001101,85,1.000000
ST. LOUIS - 001102,85,1.000000
ST. LOUIS - 001103,85,1.000000
ST. LOUIS - 001104,85,1.000000
ST. LOUIS - 001105,85,1.000000
ST. LOUIS - 001106,74,1.000000
ST. LOUIS - 001107,85,1.000000
ST. LOUIS - 001108,85,1.000000
ST. LOUIS - 001109,74,1.000000
ST. LOUIS - 001110,74,1.000000
ST. LOUIS - 001111,74,1.000000
ST. LOUIS - 001112,74,1.000000
ST. LOUIS - 001113,74,1.000000
ST. LOUIS - 001114,74,1.000000
ST. LOUIS - 001115,74,1.000000
ST. LOUIS - 001116,74,1.000000
ST. LOUIS - 001117,74,1.000000
ST. LOUIS - 001118,74,1.000000
ST. LOUIS - 001119,85,1.000000
ST. LOUIS - 001120,74,1.000000
ST. LOUIS - 001121,85,1.000000
ST. LOUIS - 001122,85,1.000000
ST. LOUIS - 001123,74,1.000000
ST. LOUIS - 001124,85,1.000000
ST. LOUIS - 001125,74,1.000000
ST. LOUIS - 001126,74,1.000000
ST. LOUIS - 001127,85,1.000000
ST. LOUIS - 001128,85,1.000000
ST. LOUIS - 001129,74,1.000000
ST. LOUIS - 001130,74,1.000000
ST. LOUIS - 001131,85,1.000000
ST. LOUIS - 001132,74,0.990476
ST. LOUIS - 001132,85,0.009524
ST. LOUIS - 001133,74,0.964286
ST. LOUIS - 001133,85,0.035714
ST. LOUIS - 001134,74,1.000000
ST. LOUIS - 001135,74,1.000000
ST. LOUIS - 001136,85,1.000000
ST. LOUIS - 001137,85,1.000000
ST. LOUIS - 001138,85,0.964286
ST. LOUIS - 001138,74,0.035714
ST. LOUIS - 001139,74,0.983333
ST. LOUIS - 001139,73,0.016667
ST. LOUIS - 001140,74,1.000000
ST. LOUIS - 001141,85,0.997619
ST. LOUIS - 001141,74,0.002381
ST. LOUIS - 001142,85,1.000000
ST. LOUIS - 001143,85,1.000000
ST. LOUIS - 001144,85,1.000000
ST. LOUIS - 001145,85,1.000000
ST. LOUIS - 001146,73,1.000000
ST. LOUIS - 001147,85,1.000000
ST. LOUIS - 001148,73,1.000000
ST. LOUIS - 001149,73,1.000000
ST. LOUIS - 001150,73,1.000000
ST. LOUIS - 001151,73,1.000000
ST. LOUIS - 001152,73,0.990476
ST. LOUIS - 001152,70,0.002381
ST. LOUIS - 001152,68,0.007143
ST. LOUIS - 001153,73,1.000000
ST. LOUIS - 001154,73,1.000000
ST. LOUIS - 001155,85,1.000000
ST. LOUIS - 001156,85,1.000000
ST. LOUIS - 001157,85,1.000000
ST. LOUIS - 001158,85,1.000000
ST. LOUIS - 001159,85,1.000000
ST. LOUIS - 001160,73,1.000000
ST. LOUIS - 001161,85,1.000000
ST. LOUIS - 001162,73,1.000000
ST. LOUIS - 001163,85,1.000000
ST. LOUIS - 001164,73,1.000000
ST. LOUIS - 001165,73,1.000000
ST. LOUIS - 001166,73,0.990476
ST. LOUIS - 001166,74,0.009524
ST. LOUIS - 001167,85,1.000000
ST. LOUIS - 001168,85,1.000000
ST. LOUIS - 001169,73,1.000000
ST. LOUIS - 001170,73,1.000000
ST. LOUIS - 001171,73,1.000000
ST. LOUIS - 001172,73,1.000000
ST. LOUIS - 001173,73,1.000000
ST. LOUIS - 001174,85,1.000000
ST. LOUIS - 001175,85,1.000000
ST. LOUIS - 001176,73,1.000000
ST. LOUIS - 001177,85,1.000000
ST. LOUIS - 001178,85,1.000000
ST. LOUIS - 001179,85,1.000000
ST. LOUIS - 001180,85,1.000000
ST. LOUIS - 001181,85,1.000000
ST. LOUIS - 001182,85,1.000000
ST. LOUIS - 001183,85,1.000000
ST. LOUIS - 001184,85,1.000000
ST. LOUIS - 001185,85,1.000000
ST. LOUIS - 001186,85,1.000000
ST. LOUIS - 001187,85,1.000000
ST. LOUIS - 001188,85,1.000000
ST. LOUIS - 001189,85,1.000000
ST. LOUIS - 001190,85,1.000000
ST. LOUIS - 001191,85,1.000000
ST. LOUIS - 001192,85,1.000000
ST. LOUIS - 001193,73,1.000000
ST. LOUIS - 001194,85,1.000000
ST. LOUIS - 001195,87,1.000000
ST. LOUIS - 001196,75,1.000000
ST. LOUIS - 001197,70,1.000000
ST. LOUIS - 001198,75,1.000000
ST. LOUIS - 001199,70,1.000000
ST. LOUIS - 001200,70,1.000000
ST. LOUIS - 001201,70,1.000000
ST. LOUIS - 001202,68,0.152381
ST. LOUIS - 001202,75,0.840476
ST. LOUIS - 001202,70,0.007143
ST. LOUIS - 001203,70,1.000000
ST. LOUIS - 001204,75,1.000000
ST. LOUIS - 001205,70,1.000000
ST. LOUIS - 001206,70,1.000000
ST. LOUIS - 001207,87,1.000000
ST. LOUIS - 001208,70,1.000000
ST. LOUIS - 001209,68,1.000000
ST. LOUIS - 001210,75,1.000000
ST. LOUIS - 001211,70,1.000000
ST. LOUIS - 001212,70,1.000000
ST. LOUIS - 001213,87,1.000000
ST. LOUIS - 001214,87,0.995238
ST. LOUIS - 001214,70,0.004762
ST. LOUIS - 001215,87,1.000000
ST. LOUIS - 001216,70,1.000000
ST. LOUIS - 001217,70,1.000000
ST. LOUIS - 001218,70,1.000000
ST. LOUIS - 001219,70,1.000000
ST. LOUIS - 001220,70,0.971429
ST. LOUIS - 001220,87,0.028571
ST. LOUIS - 001221,70,1.000000
ST. LOUIS - 001222,75,1.000000
ST. LOUIS - 001223,70,1.000000
ST. LOUIS - 001224,70,1.000000
ST. LOUIS - 001225,70,1.000000
ST. LOUIS - 001226,70,1.000000
ST. LOUIS - 001227,87,1.000000
ST. LOUIS - 001228,70,1.000000
ST. LOUIS - 001229,87,1.000000
ST. LOUIS - 001230,70,1.000000
ST. LOUIS - 001231,70,1.000000
ST. LOUIS - 001232,87,1.000000
ST. LOUIS - 001233,68,0.902381
ST. LOUIS - 001233,70,0.097619
ST. LOUIS - 001234,70,1.000000
ST. LOUIS - 001235,70,1.000000
ST. LOUIS - 001236,70,1.000000
ST. LOUIS - 001237,70,0.954762
ST. LOUIS - 001237,87,0.045238
ST. LOUIS - 001238,70,1.000000
ST. LOUIS - 001239,70,1.000000
ST. LOUIS - 001240,70,1.000000
ST. LOUIS - 001241,70,1.000000
ST. LOUIS - 001242,70,1.000000
ST. LOUIS - 001243,87,1.000000
ST. LOUIS - 001244,70,1.000000
ST. LOUIS - 001245,70,1.000000
ST. LOUIS - 001246,70,1.000000
ST. LOUIS - 001247,70,1.000000
ST. LOUIS - 001248,70,1.000000
ST. LOUIS - 001249,70,0.961905
ST. LOUIS - 001249,87,0.038095
ST. LOUIS - 001250,70,0.873810
ST. LOUIS - 001250,87,0.126190
ST. LOUIS - 001251,70,1.000000
ST. LOUIS - 001252,87,0.900000
ST. LOUIS - 001252,70,0.100000
ST. LOUIS - 001253,70,1.000000
ST. LOUIS - 001254,70,1.000000
ST. LOUIS - 001255,70,1.000000
ST. LOUIS - 001256,70,0.990476
ST. LOUIS - 001256,87,0.009524
ST. LOUIS - 001257,70,1.000000
ST. LOUIS - 001258,70,1.000000
ST. LOUIS - 001259,70,1.000000
ST. LOUIS - 001260,87,1.000000
ST. LOUIS - 001261,70,1.000000
ST. LOUIS - 001262,70,1.000000
ST. LOUIS - 001263,75,1.000000
ST. LOUIS - 001264,75,1.000000
ST. LOUIS - 001265,75,1.000000
ST. LOUIS - 001266,75,1.000000
ST. LOUIS - 001267,70,1.000000
ST. LOUIS - 001268,70,1.000000
ST. LOUIS - 001269,94,1.000000
ST. LOUIS - 001270,94,1.000000
ST. LOUIS - 001271,94,1.000000
ST. LOUIS - 001272,94,1.000000
ST. LOUIS - 001273,94,1.000000
ST. LOUIS - 001274,94,1.000000
ST. LOUIS - 001275,95,1.000000
ST. LOUIS - 001276,94,0.883333
ST. LOUIS - 001276,95,0.116667
ST. LOUIS - 001277,94,1.000000
ST. LOUIS - 001278,95,1.000000
ST. LOUIS - 001279,94,1.000000
ST. LOUIS - 001280,94,0.990476
ST. LOUIS - 001280,93,0.009524
ST. LOUIS - 001281,95,1.000000
ST. LOUIS - 001282,94,1.000000
ST. LOUIS - 001283,95,1.000000
ST. LOUIS - 001284,94,1.000000
ST. LOUIS - 001285,95,1.000000
ST. LOUIS - 001286,95,1.000000
ST. LOUIS - 001287,95,1.000000
ST. LOUIS - 001288,95,1.000000
ST. LOUIS - 001289,95,1.000000
ST. LOUIS - 001290,95,0.842857
ST. LOUIS - 001290,94,0.157143
ST. LOUIS - 001291,94,1.000000
ST. LOUIS - 001292,94,1.000000
ST. LOUIS - 001293,95,1.000000
ST. LOUIS - 001294,95,1.000000
ST. LOUIS - 001295,95,1.000000
ST. LOUIS - 001296,95,1.000000
ST. LOUIS - 001297,94,1.000000
ST. LOUIS - 001298,94,1.000000
ST. LOUIS - 001299,94,1.000000
ST. LOUIS - 001300,95,1.000000
ST. LOUIS - 001301,94,1.000000
ST. LOUIS - 001302,94,1.000000
ST. LOUIS - 001303,95,1.000000
ST. LOUIS - 001304,94,1.000000
ST. LOUIS - 001305,95,1.000000
ST. LOUIS - 001306,98,1.000000
ST. LOUIS - 001307,98,1.000000
ST. LOUIS - 001308,98,1.000000
ST. LOUIS - 001309,98,1.000000
ST. LOUIS - 001310,98,1.000000
ST. LOUIS - 001311,89,0.959524
ST. LOUIS - 001311,90,0.040476
ST. LOUIS - 001312,98,1.000000
ST. LOUIS - 001313,90,1.000000
ST. LOUIS - 001314,89,0.616667
ST. LOUIS - 001314,90,0.383333
ST. LOUIS - 001315,98,1.000000
ST. LOUIS - 001316,90,1.000000
ST. LOUIS - 001317,100,1.000000
ST. LOUIS - 001318,100,1.000000
ST. LOUIS - 001319,98,1.000000
ST. LOUIS - 001320,89,0.892857
ST. LOUIS - 001320,90,0.107143
ST. LOUIS - 001321,98,1.000000
ST. LOUIS - 001322,98,1.000000
ST. LOUIS - 001323,98,1.000000
ST. LOUIS - 001324,100,1.000000
ST. LOUIS - 001325,98,1.000000
ST. LOUIS - 001326,98,1.000000
ST. LOUIS - 001327,98,1.000000
ST. LOUIS - 001328,98,1.000000
ST. LOUIS - 001329,100,0.969048
ST. LOUIS - 001329,98,0.030952
ST. LOUIS - 001330,98,1.000000
ST. LOUIS - 001331,100,1.000000
ST. LOUIS - 001332,100,1.000000
ST. LOUIS - 001333,98,1.000000
ST. LOUIS - 001334,98,1.000000
ST. LOUIS - 001335,98,1.000000
ST. LOUIS - 001336,98,0.969048
ST. LOUIS - 001336,88,0.030952
ST. LOUIS - 001337,98,1.000000
ST. LOUIS - 001338,98,0.973810
ST. LOUIS - 001338,88,0.026190
ST. LOUIS - 001339,98,1.000000
ST. LOUIS - 001340,98,1.000000
ST. LOUIS - 001341,98,1.000000
ST. LOUIS - 001342,98,1.000000
ST. LOUIS - 001343,98,1.000000
ST. LOUIS - 001344,98,1.000000
ST. LOUIS - 001345,98,1.000000
ST. LOUIS - 001346,98,1.000000
ST. LOUIS - 001347,98,1.000000
ST. LOUIS - 001348,98,1.000000
ST. LOUIS - 001349,98,1.000000
ST. LOUIS - 001350,98,1.000000
ST. LOUIS - 001351,98,1.000000
ST. LOUIS - 001352,98,1.000000
ST. LOUIS - 001353,98,1.000000
ST. LOUIS - 001354,98,0.990476
ST. LOUIS - 001354,90,0.009524
ST. LOUIS - 001355,98,1.000000
ST. LOUIS - 001356,98,1.000000
ST. LOUIS - 001357,98,0.983333
ST. LOUIS - 001357,90,0.016667
ST. LOUIS - 001358,98,1.000000
ST. LOUIS - 001359,98,1.000000
ST. LOUIS - 001360,98,1.000000
ST. LOUIS - 001361,98,0.585714
ST. LOUIS - 001361,100,0.414286
ST. LOUIS - 001362,98,1.000000
ST. LOUIS - 001363,98,1.000000
ST. LOUIS - 001365,98,1.000000
ST. LOUIS - 001366,98,1.000000
ST. LOUIS - 001367,98,1.000000
ST. LOUIS - 001368,66,0.985714
ST. LOUIS - 001368,73,0.014286
ST. LOUIS - 001369,85,0.254762
ST. LOUIS - 001369,66,0.745238
ST. LOUIS - 001370,85,0.873810
ST. LOUIS - 001370,66,0.126190
ST. LOUIS - 001371,66,0.502381
ST. LOUIS - 001371,85,0.497619
ST. LOUIS - 001372,66,0.921429
ST. LOUIS - 001372,85,0.078571
ST. LOUIS - 001373,66,1.000000
ST. LOUIS - 001374,66,1.000000
ST. LOUIS - 001375,66,1.000000
ST. LOUIS - 001376,66,1.000000
ST. LOUIS - 001377,66,1.000000
ST. LOUIS - 001378,66,1.000000
ST. LOUIS - 001379,66,1.000000
ST. LOUIS - 001380,66,1.000000
ST. LOUIS - 001381,66,1.000000
ST. LOUIS - 001382,66,1.000000
ST. LOUIS - 001383,66,1.000000
ST. LOUIS - 001384,66,0.938095
ST. LOUIS - 001384,76,0.061905
ST. LOUIS - 001385,66,1.000000
ST. LOUIS - 001386,66,1.000000
ST. LOUIS - 001387,66,1.000000
ST. LOUIS - 001388,66,0.792857
ST. LOUIS - 001388,76,0.207143
ST. LOUIS - 001389,85,1.000000
ST. LOUIS - 001390,66,1.000000
ST. LOUIS - 001391,85,1.000000
ST. LOUIS - 001392,66,1.000000
ST. LOUIS - 001393,66,1.000000
ST. LOUIS - 001394,66,1.000000
ST. LOUIS - 001395,66,1.000000
ST. LOUIS - 001396,66,1.000000
ST. LOUIS - 001397,66,1.000000
ST. LOUIS - 001398,66,0.976190
ST. LOUIS - 001398,76,0.023810
ST. LOUIS - 001399,66,0.997619
ST. LOUIS - 001399,76,0.002381
ST. LOUIS - 001400,66,1.000000
ST. LOUIS - 001401,66,1.000000
ST. LOUIS - 001402,66,1.000000
ST. LOUIS - 001403,66,1.000000
ST. LOUIS - 001404,66,1.000000
ST. LOUIS - 001405,66,1.000000
ST. LOUIS - 001406,66,1.000000
ST. LOUIS - 001407,66,1.000000
ST. LOUIS - 001408,66,1.000000
ST. LOUIS - 001409,66,1.000000
ST. LOUIS - 001410,66,1.000000
ST. LOUIS - 001411,67,0.980952
ST. LOUIS - 001411,68,0.002381
ST. LOUIS - 001411,75,0.016667
ST. LOUIS - 001412,67,1.000000
ST. LOUIS - 001413,67,0.495238
ST. LOUIS - 001413,66,0.504762
ST. LOUIS - 001414,66,0.538095
ST. LOUIS - 001414,67,0.461905
ST. LOUIS - 001415,66,1.000000
ST. LOUIS - 001416,67,1.000000
ST. LOUIS - 001417,67,1.000000
ST. LOUIS - 001418,67,1.000000
ST. LOUIS - 001419,68,1.000000
ST. LOUIS - 001420,67,1.000000
ST. LOUIS - 001421,67,1.000000
ST. LOUIS - 001422,68,1.000000
ST. LOUIS - 001423,66,1.000000
ST. LOUIS - 001424,67,1.000000
ST. LOUIS - 001425,75,1.000000
ST. LOUIS - 001426,75,0.038095
ST. LOUIS - 001426,67,0.961905
ST. LOUIS - 001427,66,1.000000
ST. LOUIS - 001428,75,1.000000
ST. LOUIS - 001429,66,1.000000
ST. LOUIS - 001430,68,0.609524
ST. LOUIS - 001430,75,0.390476
ST. LOUIS - 001431,75,1.000000
ST. LOUIS - 001432,75,0.988095
ST. LOUIS - 001432,67,0.011905
ST. LOUIS - 001433,66,0.507143
ST. LOUIS - 001433,67,0.492857
ST. LOUIS - 001434,67,1.000000
ST. LOUIS - 001435,67,1.000000
ST. LOUIS - 001436,75,1.000000
ST. LOUIS - 001437,67,1.000000
ST. LOUIS - 001438,67,1.000000
ST. LOUIS - 001439,67,1.000000
ST. LOUIS - 001440,66,0.580952
ST. LOUIS - 001440,67,0.419048
ST. LOUIS - 001441,68,1.000000
ST. LOUIS - 001442,75,0.935714
ST. LOUIS - 001442,68,0.064286
ST. LOUIS - 001443,66,1.000000
ST. LOUIS - 001444,75,1.000000
ST. LOUIS - 001445,95,1.000000
ST. LOUIS - 001446,95,1.000000
ST. LOUIS - 001447,96,1.000000
ST. LOUIS - 001448,96,1.000000
ST. LOUIS - 001449,95,1.000000
ST. LOUIS - 001450,96,1.000000
ST. LOUIS - 001451,94,1.000000
ST. LOUIS - 001452,94,1.000000
ST. LOUIS - 001453,95,1.000000
ST. LOUIS - 001454,95,1.000000
ST. LOUIS - 001455,96,1.000000
ST. LOUIS - 001456,96,1.000000
ST. LOUIS - 001457,96,1.000000
ST. LOUIS - 001458,95,0.230952
ST. LOUIS - 001458,92,0.766667
ST. LOUIS - 001458,96,0.002381
ST. LOUIS - 001459,95,1.000000
ST. LOUIS - 001460,95,1.000000
ST. LOUIS - 001461,95,1.000000
ST. LOUIS - 001462,94,0.528571
ST. LOUIS - 001462,95,0.471429
ST. LOUIS - 001463,92,1.000000
ST. LOUIS - 001464,95,1.000000
ST. LOUIS - 001465,94,1.000000
ST. LOUIS - 001466,94,0.583333
ST. LOUIS - 001466,92,0.416667
ST. LOUIS - 001467,92,0.969048
ST. LOUIS - 001467,94,0.030952
ST. LOUIS - 001468,95,1.000000
ST. LOUIS - 001469,95,1.000000
ST. LOUIS - 001470,94,1.000000
ST. LOUIS - 001471,94,1.000000
ST. LOUIS - 001472,94,1.000000
ST. LOUIS - 001473,94,0.854762
ST. LOUIS - 001473,95,0.145238
ST. LOUIS - 001474,94,1.000000
ST. LOUIS - 001475,94,1.000000
ST. LOUIS - 001476,95,0.759524
ST. LOUIS - 001476,94,0.240476
ST. LOUIS - 001477,96,1.000000
ST. LOUIS - 001478,96,1.000000
ST. LOUIS - 001479,74,1.000000
ST. LOUIS - 001480,74,1.000000
ST. LOUIS - 001481,74,0.997619
ST. LOUIS - 001481,86,0.002381
ST. LOUIS - 001482,74,0.702381
ST. LOUIS - 001482,85,0.297619
ST. LOUIS - 001483,74,1.000000
ST. LOUIS - 001484,74,1.000000
ST. LOUIS - 001485,74,0.992857
ST. LOUIS - 001485,84,0.007143
ST. LOUIS - 001486,74,1.000000
ST. LOUIS - 001487,74,1.000000
ST. LOUIS - 001488,74,1.000000
ST. LOUIS - 001489,74,1.000000
ST. LOUIS - 001490,74,1.000000
ST. LOUIS - 001491,74,1.000000
ST. LOUIS - 001492,86,0.992857
ST. LOUIS - 001492,74,0.007143
ST. LOUIS - 001493,86,1.000000
ST. LOUIS - 001494,86,1.000000
ST. LOUIS - 001495,74,0.997619
ST. LOUIS - 001495,86,0.002381
ST. LOUIS - 001496,86,0.123810
ST. LOUIS - 001496,74,0.876190
ST. LOUIS - 001497,86,1.000000
ST. LOUIS - 001498,86,1.000000
ST. LOUIS - 001499,85,0.966667
ST. LOUIS - 001499,74,0.023810
ST. LOUIS - 001499,84,0.009524
ST. LOUIS - 001500,86,1.000000
ST. LOUIS - 001501,86,1.000000
ST. LOUIS - 001502,86,1.000000
ST. LOUIS - 001503,86,1.000000
ST. LOUIS - 001504,86,1.000000
ST. LOUIS - 001505,86,1.000000
ST. LOUIS - 001506,86,1.000000
ST. LOUIS - 001507,86,1.000000
ST. LOUIS - 001508,86,1.000000
ST. LOUIS - 001509,86,1.000000
ST. LOUIS - 001510,86,1.000000
ST. LOUIS - 001511,86,1.000000
ST. LOUIS - 001512,86,1.000000
ST. LOUIS - 001513,86,1.000000
ST. LOUIS - 001514,86,0.995238
ST. LOUIS - 001514,72,0.004762
ST. LOUIS - 001515,74,1.000000
ST. LOUIS - 001516,86,1.000000
ST. LOUIS - 001517,86,1.000000
ST. LOUIS - 001518,86,1.000000
ST. LOUIS - 001519,86,0.997619
ST. LOUIS - 001519,99,0.002381
ST. LOUIS - 001520,86,1.000000
ST. LOUIS - 001521,86,1.000000
ST. LOUIS - 001522,86,0.830952
ST. LOUIS - 001522,99,0.169048
ST. LOUIS - 001523,86,1.000000
ST. LOUIS - 001524,74,1.000000
ST. LOUIS - 001525,74,1.000000
ST. LOUIS - 001526,74,1.000000
ST. LOUIS - 001527,74,0.988095
ST. LOUIS - 001527,85,0.011905
ST. LOUIS - 001528,74,1.000000
ST. LOUIS - 001529,74,1.000000
ST. LOUIS - 001530,74,0.904762
ST. LOUIS - 001530,84,0.064286
ST. LOUIS - 001530,86,0.030952
ST. LOUIS - 001531,86,0.969048
ST. LOUIS - 001531,84,0.030952
ST. LOUIS - 001532,74,0.954762
ST. LOUIS - 001532,86,0.045238
ST. LOUIS - 001533,100,1.000000
ST. LOUIS - 001534,110,0.957143
ST. LOUIS - 001534,88,0.042857
ST. LOUIS - 001535,110,1.000000
ST. LOUIS - 001536,110,1.000000
ST. LOUIS - 001537,110,1.000000
ST. LOUIS - 001538,100,1.000000
ST. LOUIS - 001539,88,0.461905
ST. LOUIS - 001539,110,0.538095
ST. LOUIS - 001540,110,1.000000
ST. LOUIS - 001541,110,1.000000
ST. LOUIS - 001542,110,1.000000
ST. LOUIS - 001543,100,1.000000
ST. LOUIS - 001544,110,1.000000
ST. LOUIS - 001545,110,1.000000
ST. LOUIS - 001546,110,0.995238
ST. LOUIS - 001546,88,0.004762
ST. LOUIS - 001547,100,1.000000
ST. LOUIS - 001548,88,1.000000
ST. LOUIS - 001549,88,1.000000
ST. LOUIS - 001550,110,1.000000
ST. LOUIS - 001551,110,0.976190
ST. LOUIS - 001551,88,0.023810
ST. LOUIS - 001552,110,1.000000
ST. LOUIS - 001553,110,1.000000
ST. LOUIS - 001554,110,1.000000
ST. LOUIS - 001555,110,1.000000
ST. LOUIS - 001556,100,1.000000
ST. LOUIS - 001557,88,1.000000
ST. LOUIS - 001558,110,0.964286
ST. LOUIS - 001558,88,0.035714
ST. LOUIS - 001559,88,1.000000
ST. LOUIS - 001560,88,1.000000
ST. LOUIS - 001561,100,1.000000
ST. LOUIS - 001562,88,0.971429
ST. LOUIS - 001562,100,0.028571
ST. LOUIS - 001563,88,1.000000
ST. LOUIS - 001564,88,1.000000
ST. LOUIS - 001565,100,1.000000
ST. LOUIS - 001566,100,1.000000
ST. LOUIS - 001567,88,1.000000
ST. LOUIS - 001568,88,1.000000
ST. LOUIS - 001569,88,0.995238
ST. LOUIS - 001569,110,0.004762
ST. LOUIS - 001570,88,1.000000
ST. LOUIS - 001571,88,1.000000
ST. LOUIS - 001572,88,1.000000
ST. LOUIS - 001573,88,0.969048
ST. LOUIS - 001573,100,0.030952
ST. LOUIS - 001574,100,0.992857
ST. LOUIS - 001574,88,0.007143
ST. LOUIS - 001575,100,1.000000
ST. LOUIS - 001576,100,1.000000
ST. LOUIS - 001577,100,1.000000
ST. LOUIS - 001578,100,1.000000
ST. LOUIS - 001579,100,1.000000
ST. LOUIS - 001580,100,1.000000
ST. LOUIS - 001581,100,1.000000
ST. LOUIS - 001582,100,1.000000
ST. LOUIS - 001583,100,1.000000
ST. LOUIS - 001584,110,1.000000
ST. LOUIS - 001585,88,0.635714
ST. LOUIS - 001585,110,0.364286
ST. LOUIS - 001586,98,0.485714
ST. LOUIS - 001586,100,0.514286
ST. LOUIS - 001587,88,0.914286
ST. LOUIS - 001587,100,0.085714
STE. GENEVIEVE - 000002,145,1.000000
STE. GENEVIEVE - 000003,145,1.000000
STE. GENEVIEVE - 000004,145,1.000000
STE. GENEVIEVE - 000005,145,1.000000
STE. GENEVIEVE - 000006,145,1.000000
STE. GENEVIEVE - 000007,145,1.000000
STE. GENEVIEVE - 000008,145,1.000000
STE. GENEVIEVE - 000009,145,1.000000
STE. GENEVIEVE - 000010,145,1.000000
STE. GENEVIEVE - 000011,145,1.000000
STE. GENEVIEVE - 000012,145,1.000000
STE. GENEVIEVE - 000013,145,1.000000
STE. GENEVIEVE - 000014,145,1.000000
STODDARD - 000002,151,1.000000
STODDARD - 000003,151,1.000000
STODDARD - 000004,151,1.000000
STODDARD - 000005,151,1.000000
STODDARD - 000006,151,1.000000
STODDARD - 000007,151,1.000000
STODDARD - 000008,151,1.000000
STODDARD - 000009,151,1.000000
STODDARD - 000010,151,1.000000
STODDARD - 000011,151,1.000000
STODDARD - 000012,151,1.000000
STODDARD - 000013,151,1.000000
STODDARD - 000014,151,1.000000
STODDARD - 000015,151,1.000000
STODDARD - 000016,151,1.000000
STODDARD - 000017,151,1.000000
STODDARD - 000018,151,1.000000
STODDARD - 000019,151,1.000000
STODDARD - 000020,151,1.000000
STODDARD - 000021,151,1.000000
STONE - 003698,138,1.000000
STONE - 003699,138,1.000000
STONE - 003701,138,1.000000
STONE - 003723,138,1.000000
STONE - 003730,138,1.000000
STONE - 003751,138,1.000000
STONE - 003782,138,1.000000
STONE - 003794,138,1.000000
STONE - 003800,138,1.000000
STONE - 003814,138,1.000000
STONE - 003842,138,1.000000
STONE - 003877,138,1.000000
STONE - 003889,138,1.000000
STONE - 003898,138,1.000000
STONE - 003900,138,1.000000
STONE - 003903,138,1.000000
STONE - 003908,138,1.000000
STONE - 003933,138,0.807143
STONE - 003933,155,0.192857
STONE - 003935,155,1.000000
STONE - 003938,155,1.000000
SULLIVAN - 000002,3,1.000000
SULLIVAN - 000003,3,1.000000
SULLIVAN - 000004,3,1.000000
SULLIVAN - 000005,3,1.000000
SULLIVAN - 000006,3,1.000000
SULLIVAN - 000007,3,1.000000
SULLIVAN - 000008,3,1.000000
SULLIVAN - 000009,3,1.000000
SULLIVAN - 000010,3,1.000000
SULLIVAN - 000011,3,1.000000
SULLIVAN - 000012,3,1.000000
SULLIVAN - 000013,3,1.000000
SULLIVAN - 000014,3,1.000000
SULLIVAN - 000015,3,1.000000
SULLIVAN - 000016,3,1.000000
SULLIVAN - 000017,3,1.000000
SULLIVAN - 000018,3,1.000000
SULLIVAN - 000019,3,1.000000
SULLIVAN - 000020,3,1.000000
TANEY - 000002,156,1.000000
TANEY - 000003,155,1.000000
TANEY - 000004,156,1.000000
TANEY - 000005,156,1.000000
TANEY - 000006,156,1.000000
TANEY - 000007,155,1.000000
TANEY - 000008,155,1.000000
TANEY - 000009,155,1.000000
TANEY - 000010,155,1.000000
TANEY - 000011,155,1.000000
TANEY - 000012,156,1.000000
TANEY - 000013,156,0.073810
TANEY - 000013,155,0.926190
TANEY - 000014,155,1.000000
TANEY - 000015,155,1.000000
TANEY - 000016,155,1.000000
TANEY - 000017,156,1.000000
TANEY - 000018,156,1.000000
TANEY - 000019,156,1.000000
TANEY - 000020,155,1.000000
TANEY - 000021,156,1.000000
TANEY - 000022,156,1.000000
TANEY - 000023,155,1.000000
TANEY - 000024,156,1.000000
TEXAS - 000002,143,1.000000
TEXAS - 000003,143,1.000000
TEXAS - 000004,143,1.000000
TEXAS - 000005,143,1.000000
TEXAS - 000006,143,1.000000
TEXAS - 000007,143,1.000000
TEXAS - 000008,143,1.000000
TEXAS - 000009,143,1.000000
TEXAS - 000010,143,1.000000
TEXAS - 000011,143,1.000000
TEXAS - 000012,143,1.000000
TEXAS - 000013,143,1.000000
TEXAS - 000014,143,1.000000
TEXAS - 000015,143,1.000000
TEXAS - 000016,143,1.000000
TEXAS - 000017,143,1.000000
TEXAS - 000018,143,1.000000
TEXAS - 000019,143,1.000000
TEXAS - 000020,143,1.000000
TEXAS - 000021,143,1.000000
TEXAS - 000022,143,1.000000
VERNON - 000002,125,1.000000
VERNON - 000003,125,1.000000
VERNON - 000004,125,1.000000
VERNON - 000005,125,1.000000
VERNON - 000006,125,1.000000
VERNON - 000007,125,1.000000
VERNON - 000008,125,1.000000
VERNON - 000009,125,1.000000
VERNON - 000010,125,1.000000
VERNON - 000011,125,1.000000
VERNON - 000012,125,1.000000
VERNON - 000013,125,1.000000
VERNON - 000014,125,1.000000
VERNON - 000015,125,1.000000
VERNON - 000016,125,1.000000
VERNON - 000017,125,1.000000
WARREN - 000002,42,1.000000
WARREN - 000003,42,1.000000
WARREN - 000004,42,1.000000
WARREN - 000005,42,1.000000
WARREN - 000006,42,1.000000
WARREN - 000007,42,1.000000
WARREN - 000008,42,1.000000
WARREN - 000009,42,1.000000
WARREN - 000010,42,1.000000
WARREN - 000011,42,1.000000
WARREN - 000012,42,1.000000
WARREN - 000013,42,1.000000
WARREN - 000014,42,1.000000
WARREN - 000015,42,1.000000
WARREN - 000016,42,1.000000
WARREN - 000017,42,1.000000
WARREN - 000018,42,1.000000
WARREN - 000019,42,1.000000
WARREN - 000020,42,1.000000
WARREN - 000021,42,1.000000
WARREN - 000022,42,1.000000
WARREN - 000023,42,1.000000
WARREN - 000024,42,1.000000
WASHINGTON - 000002,144,1.000000
WASHINGTON - 000003,144,1.000000
WASHINGTON - 000004,118,0.764286
WASHINGTON - 000004,144,0.235714
WASHINGTON - 000005,144,1.000000
WASHINGTON - 000006,144,0.895238
WASHINGTON - 000006,118,0.104762
WASHINGTON - 000007,118,0.357143
WASHINGTON - 000007,144,0.642857
WASHINGTON - 000008,118,1.000000
WASHINGTON - 000009,144,0.626190
WASHINGTON - 000009,118,0.373810
WASHINGTON - 000010,144,1.000000
WASHINGTON - 000011,144,1.000000
WASHINGTON - 000012,118,0.361905
WASHINGTON - 000012,144,0.638095
WASHINGTON - 000013,118,1.000000
WASHINGTON - 000014,144,1.000000
WASHINGTON - 000015,144,1.000000
WASHINGTON - 000016,118,0.800000
WASHINGTON - 000016,144,0.200000
WASHINGTON - 000017,144,1.000000
WASHINGTON - 000018,118,0.121429
WASHINGTON - 000018,144,0.878571
WASHINGTON - 000019,144,1.000000
WAYNE - 000002,153,1.000000
WAYNE - 000003,153,1.000000
WAYNE - 000004,153,1.000000
WAYNE - 000005,153,1.000000
WAYNE - 000006,153,1.000000
WAYNE - 000007,153,1.000000
WAYNE - 000008,153,1.000000
WAYNE - 000009,153,1.000000
WAYNE - 000010,153,1.000000
WAYNE - 000011,153,1.000000
WAYNE - 000012,144,1.000000
WAYNE - 000013,153,1.000000
WAYNE - 000014,153,1.000000
WAYNE - 000015,144,1.000000
WAYNE - 000016,153,1.000000
WAYNE - 000017,144,1.000000
WAYNE - 000018,144,1.000000
WAYNE - 000019,153,1.000000
WAYNE - 000020,153,1.000000
WAYNE - 000021,153,1.000000
WEBSTER - 000002,129,1.000000
WEBSTER - 000003,129,1.000000
WEBSTER - 000004,129,0.902381
WEBSTER - 000004,141,0.097619
WEBSTER - 000005,129,1.000000
WEBSTER - 000006,129,1.000000
WEBSTER - 000007,129,1.000000
WEBSTER - 000008,129,1.000000
WEBSTER - 000009,129,1.000000
WEBSTER - 000010,129,1.000000
WEBSTER - 000011,129,1.000000
WEBSTER - 000012,129,1.000000
WEBSTER - 000013,129,1.000000
WEBSTER - 000014,129,1.000000
WORTH - 000002,2,1.000000
WORTH - 000003,2,1.000000
WORTH - 000004,2,1.000000
WORTH - 000005,2,1.000000
WORTH - 000006,2,1.000000
WORTH - 000007,2,1.000000
WORTH - 000008,2,1.000000
WRIGHT - 000002,141,1.000000
WRIGHT - 000003,141,1.000000
WRIGHT - 000004,141,1.000000
WRIGHT - 000005,141,1.000000
WRIGHT - 000006,141,1.000000
WRIGHT - 000007,141,1.000000
WRIGHT - 000008,141,1.000000
WRIGHT - 000009,141,1.000000
